Split,Index,Boundary,MaxSimilarity,Novelty,Y,Score,Probability,BrierLoss,ClassificationError,NoveltyCentered
Random,4,100,0.27272728085517883,0.7272727489471436,1,0.2685377002074253,0.7898127532995908,0.04417867867549869,0,0.2561170810086716
Random,16,100,0.5,0.5,1,1.210713120723364,0.9185358025139664,0.0066364154720434864,0,0.028844332061528033
Random,17,100,0.75,0.25,1,1.1879324684227406,0.9165255328538695,0.006967986665330419,0,-0.22115566793847197
Random,20,100,0.760869562625885,0.239130437374115,1,0.06633160056894655,0.7479997414340502,0.06350413031730553,0,-0.23202523056435698
Random,21,100,0.75,0.25,0,0.9795951276219944,0.8959556737315958,0.8027365692918377,1,-0.22115566793847197
Random,24,100,0.125,0.875,1,-0.09462242005210136,0.7110026247616748,0.08351948289464137,1,0.40384433206152803
Random,32,100,0.3181818127632141,0.6818181872367859,1,-0.03690536202043504,0.7246351873070415,0.07582578006942814,1,0.21066251929831392
Random,33,100,0.5789473652839661,0.42105263471603394,1,0.6471361050966136,0.8538772891004539,0.021351846640632326,0,-0.05010303322243803
Random,38,100,0.2666666805744171,0.7333333492279053,0,1.2045014505177072,0.9179920728839848,0.8427094458778353,1,0.2621776812894333
Random,43,100,0.38461539149284363,0.615384578704834,1,0.7750578820381815,0.8715272828285984,0.016505239057402955,0,0.14422891076636202
Random,47,100,0.7435897588729858,0.25641024112701416,0,0.9980058648009544,0.8979402953142116,0.8062967739489736,1,-0.2147454268114578
Random,52,100,0.38461539149284363,0.615384578704834,1,0.6526491379535898,0.8546776946415935,0.021118572434681945,0,0.14422891076636202
Random,58,100,0.5,0.5,1,0.32868713261243615,0.8012215960566864,0.039512853874251144,0,0.028844332061528033
Random,59,100,0.75,0.25,1,1.058088326931204,0.9041852206129266,0.009180471948993544,0,-0.22115566793847197
Random,60,100,0.27272728085517883,0.7272727489471436,0,0.4058286118882535,0.8151630111749705,0.664490734787845,1,0.2561170810086716
Random,64,100,0.75,0.25,0,-0.8990881433427744,0.4905120104485217,0.24060203239425068,0,-0.22115566793847197
Random,72,100,1.0,0.0,1,0.9915206663609458,0.897245067868112,0.010558576077428914,0,-0.47115566793847197
Random,73,100,0.4000000059604645,0.6000000238418579,1,0.6016777331747372,0.8471375427213967,0.023366930845252806,0,0.12884435590338594
Random,78,100,0.1428571492433548,0.8571428656578064,1,0.6145308375432194,0.8490686015878322,0.022780287026652545,0,0.38598719771933443
Random,79,100,0.5277777910232544,0.4722222089767456,1,0.1352940823966479,0.7628557955333682,0.05623737371211165,0,0.0010665410382736384
Random,97,100,0.30434781312942505,0.695652186870575,1,-0.04398311165874347,0.7229850447419215,0.07673728543663524,1,0.22449651893210298
Random,99,100,0.34285715222358704,0.6571428775787354,1,-0.04775191721123517,0.7221038817126731,0.07722625255916396,1,0.18598720964026338
Random,110,100,0.3333333432674408,0.6666666269302368,0,0.9101649877236726,0.8881617676059129,0.7888313254368596,1,0.19551095899176485
Random,111,100,0.37037035822868347,0.6296296119689941,1,0.6845447735371083,0.8592372126332951,0.019814162307244174,0,0.15847394403052217
Random,116,100,0.36206895112991333,0.6379310488700867,1,0.9042923500141883,0.8874796412375255,0.012660831136035963,0,0.1667753809316147
Random,117,100,0.2857142984867096,0.7142857313156128,1,0.12403227148767673,0.7604715349223145,0.05737388558247203,0,0.24313006337714083
Random,119,100,0.7441860437393188,0.25581395626068115,1,0.20291915933219684,0.7768267414099805,0.0498063033496877,0,-0.21534171167779081
Random,126,100,0.6818181872367859,0.3181818127632141,0,0.28692657653448955,0.7933508772574727,0.6294056144452015,1,-0.15297385517525786
Random,127,100,0.4516128897666931,0.5483871102333069,1,-0.6090552391585674,0.5745150803421923,0.18103741685621103,1,0.07723144229483492
Random,136,100,0.6190476417541504,0.3809523582458496,1,0.7756046029989618,0.8715986583969063,0.01648690452547436,0,-0.09020330969262236
Random,141,100,0.25,0.75,0,0.4398529513795555,0.8210672510650668,0.6741514307715455,1,0.27884433206152803
Random,142,100,0.3888888955116272,0.6111111044883728,1,0.4311160512709214,0.8195653541190155,0.03255666143419626,0,0.13995543654990084
Random,143,100,0.6857143044471741,0.3142856955528259,1,1.0787552957630178,0.906253124041262,0.008788476752023006,0,-0.15686997238564604
Random,146,100,0.3870967626571655,0.6129032373428345,1,0.9869485991051554,0.8967524149344012,0.010660063821878068,0,0.1417475694043625
Random,147,100,0.23076923191547394,0.7692307829856873,1,0.7275666552298967,0.8651970913597078,0.01817182417788297,0,0.2980751150472153
Random,153,100,0.5,0.5,1,1.6831791088128059,0.9513687196893059,0.0023650014246573018,0,0.028844332061528033
Random,166,100,0.5625,0.4375,1,-0.07200083053811757,0.7163933486025397,0.08043273271688059,1,-0.03365566793847197
Random,173,100,0.28947368264198303,0.7105263471603394,1,0.31358536098477974,0.7984016325381039,0.04064190176330168,0,0.2393706792218674
Random,177,100,0.3499999940395355,0.6499999761581421,1,0.18907415651038167,0.7740149031872668,0.051069263981460375,0,0.17884430821967012
Random,179,100,0.7964601516723633,0.20353984832763672,1,1.1479159094454676,0.9128848918446709,0.007589042068914683,0,-0.26761581961083525
Random,187,100,0.28070175647735596,0.719298243522644,1,0.5437834906302277,0.8381876768674373,0.026183227917556874,0,0.24814257558417208
Random,189,100,0.6190476417541504,0.3809523582458496,1,0.7794815646468745,0.872103834308691,0.01635742919853877,0,-0.09020330969262236
Random,190,100,0.90625,0.09375,1,0.07066297711145852,0.7489507371536172,0.06302573237571223,0,-0.37740566793847197
Random,192,100,0.46666666865348816,0.5333333015441895,1,1.2093471742194395,0.91841651884901,0.006655864396713942,0,0.062177633605717486
Random,200,100,0.1764705926179886,0.8235294222831726,1,0.20203902378918717,0.7766487356281891,0.049885787296486545,0,0.35237375434470064
Random,201,100,0.7272727489471436,0.27272725105285645,1,0.6829709745941657,0.8590150702856335,0.01987675040656486,0,-0.19842841688561552
Random,205,100,0.48275861144065857,0.517241358757019,1,0.8553351303281108,0.8816506070175245,0.014006578819320417,0,0.046085690818547076
Random,206,100,0.5531914830207825,0.44680851697921753,0,-0.21378775584149978,0.6816317715282559,0.4646218719567485,0,-0.024347150959254438
Random,213,100,0.6800000071525574,0.3199999928474426,1,0.0926880339659934,0.7537495297748291,0.06063929408611777,0,-0.15115567509102934
Random,215,100,0.5957446694374084,0.40425533056259155,1,-0.1794059027650916,0.6902693967871946,0.09593304656656831,1,-0.06690033737588041
Random,219,100,0.8367347121238708,0.16326528787612915,1,1.0534276165124123,0.9037132760504397,0.009271133208938825,0,-0.3078903800623428
Random,220,100,0.8461538553237915,0.1538461446762085,1,-0.669249712246835,0.5572711750619039,0.19600881243106733,1,-0.31730952326226347
Random,228,100,0.7179487347602844,0.2820512652397156,1,0.8891874255444756,0.8857084468414826,0.013062559123386198,0,-0.1891044026987564
Random,245,100,0.7037037014961243,0.29629629850387573,1,1.276637082374476,0.9241068755821076,0.005759766333909699,0,-0.17485936943459623
Random,246,100,0.4893617033958435,0.5106382966041565,1,1.152136082101912,0.9132755096478039,0.007521137226848153,0,0.03948262866568453
Random,247,100,0.1875,0.8125,1,0.6357141679811341,0.8522073776932115,0.021842659208317027,0,0.34134433206152803
Random,250,100,0.8679245114326477,0.1320754885673523,1,1.3283330564996594,0.928228635945854,0.005151128698192756,0,-0.33908017937111967
Random,251,100,0.4333333373069763,0.5666666626930237,1,1.7074931756427645,0.9526640034595215,0.0022406965684801912,0,0.09551099475455171
Random,254,100,0.692307710647583,0.307692289352417,1,1.3027333110674135,0.9262140198470873,0.0054443708671260286,0,-0.16346337858605497
Random,258,100,0.4333333373069763,0.5666666626930237,1,0.45706578642555684,0.8239975447217956,0.030976864263956322,0,0.09551099475455171
Random,261,100,0.7599999904632568,0.24000000953674316,1,1.2480678528955265,0.9217368230040157,0.006125124873504763,0,-0.2311556584017288
Random,262,100,0.6666666865348816,0.3333333134651184,1,1.4019514429726327,0.9337424099698246,0.004390068236606798,0,-0.13782235447335356
Random,267,100,0.5357142686843872,0.4642857313156128,1,0.0640248347633185,0.7474922948044251,0.06376014118313535,0,-0.006869936622859174
Random,269,100,0.7941176295280457,0.20588237047195435,1,0.6737568485928979,0.8577086075868405,0.020246840354875735,0,-0.2652732974665176
Random,272,100,0.32307693362236023,0.6769230365753174,0,0.38468686675099606,0.8114190193882982,0.6584008250250675,1,0.20576736863684542
Random,274,100,0.75,0.25,1,-0.46038625775730524,0.6162551755174173,0.14726009031716822,1,-0.22115566793847197
Random,276,100,0.40909090638160706,0.5909091234207153,1,0.08597237029424692,0.7522928983971228,0.06135880818449815,0,0.11975345548224337
Random,280,100,0.45098039507865906,0.5490195751190186,1,0.7383850857526078,0.866661867200087,0.01777905765856724,0,0.07786390718054659
Random,288,100,0.7575757503509521,0.24242424964904785,1,0.12777909034426096,0.7612666004261649,0.05699363607208041,0,-0.22873141828942412
Random,294,100,0.4333333373069763,0.5666666626930237,1,0.3457355931843281,0.8043693032959857,0.03827136949289805,0,0.09551099475455171
Random,300,100,0.529411792755127,0.47058820724487305,1,1.088008501680858,0.9071659528743825,0.00861816030572137,0,-0.0005674606935989202
Random,304,100,0.21052631735801697,0.7894736528396606,1,0.14063395596168748,0.7639805792739804,0.05570516695984583,0,0.3183179849011887
Random,305,100,0.9444444179534912,0.05555558204650879,1,0.7587258757641645,0.8693794656571339,0.01706172399201587,0,-0.4156000858919632
Random,316,100,0.5641025900840759,0.4358974099159241,1,0.5966255235906511,0.8463729697851465,0.0236012644126355,0,-0.035258258022547895
Random,327,100,0.6129032373428345,0.3870967626571655,1,0.7932268615435497,0.8738812235844269,0.01590594576456132,0,-0.08405890528130644
Random,337,100,0.34285715222358704,0.6571428775787354,1,0.6808516768602084,0.8587154676596404,0.019961319078634132,0,0.18598720964026338
Random,340,100,0.25806450843811035,0.7419354915618896,1,0.370272118035957,0.8088331036359794,0.0365447822654522,0,0.2707798236234177
Random,341,100,0.6875,0.3125,1,0.6980515281898103,0.861131680243498,0.019284410231994096,0,-0.15865566793847197
Random,342,100,0.3265306055545807,0.6734694242477417,1,0.1514133316345869,0.7662398793960491,0.054643793984773675,0,0.20231375630926973
Random,345,100,0.5714285969734192,0.4285714030265808,1,0.9610337680481644,0.893920361706419,0.011252889660496982,0,-0.042584264911891156
Random,365,100,0.5714285969734192,0.4285714030265808,1,0.6228136232593422,0.8503023548663394,0.022409384958563372,0,-0.042584264911891156
Random,369,100,0.5249999761581421,0.4750000238418579,1,0.5003113738419853,0.8311928840060414,0.02849584241019779,0,0.003844355903385943
Random,378,100,0.6829268336296082,0.31707316637039185,1,0.03956637127668816,0.7420703814821465,0.06652768810876541,0,-0.15408250156808012
Random,380,100,0.5227272510528564,0.47727274894714355,1,0.6578923678807627,0.8554355496888953,0.020898880293751847,0,0.006117081008671588
Random,387,100,0.5333333611488342,0.46666663885116577,1,-0.4042421600423032,0.631617420164145,0.13570572512652007,1,-0.0044890290873061955
Random,397,100,0.4878048896789551,0.5121951103210449,1,0.8863937954066872,0.8853782184604299,0.013138152803304944,0,0.041039442382572955
Random,398,100,0.9729729890823364,0.027027010917663574,1,1.025474246683101,0.9008389172408284,0.009832920333971273,0,-0.4441286570208084
Random,403,100,0.65625,0.34375,1,1.0601665487130698,0.9043949943837112,0.009140317098890616,0,-0.12740566793847197
Random,404,100,0.3125,0.6875,1,0.9441432068238489,0.8920378452320581,0.011655826862137042,0,0.21634433206152803
Random,407,100,0.8108108043670654,0.18918919563293457,1,1.176698179596698,0.9155176524698394,0.007137267044206832,0,-0.2819664723055374
Random,414,100,0.6486486196517944,0.35135138034820557,1,-0.6987573308469119,0.5487647469633462,0.203613253583053,1,-0.1198042875902664
Random,418,100,0.4375,0.5625,1,0.9475126335496403,0.8924157101577244,0.011574379420866773,0,0.09134433206152803
Random,420,100,0.25,0.75,1,0.7122223650748656,0.8630962566998044,0.018742634929605855,0,0.27884433206152803
Random,425,100,0.4722222089767456,0.5277777910232544,1,1.197035518494347,0.9173341811924889,0.006833637599116258,0,0.05662212308478243
Random,428,100,0.6551724076271057,0.3448275923728943,0,-0.3701568102674415,0.6408175200977241,0.410647094064197,0,-0.12632807556557768
Random,430,100,0.26829269528388977,0.7317073345184326,0,0.09115273312938765,0.7534170312653948,0.5676372230007609,1,0.26055166657996065
Random,431,100,0.529411792755127,0.47058820724487305,1,1.2058964543557318,0.9181144695742046,0.006705240093113862,0,-0.0005674606935989202
Random,433,100,0.6111111044883728,0.3888888955116272,1,-0.11026426071695256,0.7072398291951524,0.08570851760968355,1,-0.08226677242684477
Random,438,100,0.773809552192688,0.226190447807312,1,1.118181803658752,0.9100873396727475,0.008084286487123893,0,-0.24496522013115996
Random,439,100,0.2978723347187042,0.7021276950836182,1,0.3561020811794496,0.8062647802791498,0.037533335360286094,0,0.2309720271451462
Random,448,100,0.5909090638160706,0.40909093618392944,1,1.064709845459456,0.9048521605937322,0.00905311134368093,0,-0.062064731754542524
Random,451,100,0.761904776096344,0.238095223903656,1,0.9570191336150294,0.8934755536409317,0.011347457672106025,0,-0.23306044403481596
Random,452,100,0.3414634168148041,0.6585365533828735,1,-0.12033831683064722,0.7048012793697441,0.08714228466173986,1,0.18738088544440157
Random,457,100,0.529411792755127,0.47058820724487305,0,-0.179733874611128,0.6901876132770424,0.4763589415210602,0,-0.0005674606935989202
Random,461,100,0.8648648858070374,0.13513511419296265,1,0.7604739870971046,0.8696108093595718,0.017001341035865928,0,-0.3360205537455093
Random,462,100,0.4444444477558136,0.5555555820465088,1,0.7875998519178231,0.8731561701831501,0.01608935716260599,0,0.08439991410803682
Random,467,100,0.2857142984867096,0.7142857313156128,1,0.3938491461048039,0.8130486700778332,0.034950799759666855,0,0.24313006337714083
Random,481,100,0.9615384340286255,0.03846156597137451,1,0.9098516838470453,0.8881254677772416,0.012515910960061018,0,-0.43269410196709746
Random,483,100,0.6279069781303406,0.3720930218696594,1,0.5362555749685483,0.8369933834391489,0.02657115704261635,0,-0.09906264606881254
Random,491,100,0.18918919563293457,0.8108108043670654,1,1.0799145150021814,0.9063679204265035,0.008766966325257582,0,0.33965513642859346
Random,500,100,0.6071428656578064,0.3928571343421936,0,0.11598193109805982,0.7587571459924387,0.575712406594591,1,-0.07829853359627836
Random,503,100,0.48148149251937866,0.5185185074806213,1,0.9757387875225186,0.8955356745473722,0.010912795292272551,0,0.04736283954214937
Random,504,100,0.7837837934494019,0.21621620655059814,1,0.8651522761962016,0.8828400519205931,0.013726453433969317,0,-0.2549394613878738
Random,505,100,0.7368420958518982,0.2631579041481018,0,-0.5501410063100809,0.5912187877176867,0.34953965495037104,0,-0.20799776379037016
Random,507,100,0.41304346919059753,0.5869565010070801,1,1.1284255118430715,0.9110601502945697,0.007910296865624538,0,0.11580083306860811
Random,512,100,0.260869562625885,0.739130437374115,1,0.5319352445585247,0.8363047688930222,0.026796128687166878,0,0.267974769435643
Random,521,100,0.22033898532390594,0.7796609997749329,1,0.6031134387458184,0.8473542445278525,0.02330072666366266,0,0.3085053318364609
Random,532,100,0.7105262875556946,0.2894737124443054,1,0.2217238079435379,0.7806057719920709,0.048133827283195166,0,-0.18168195549416655
Random,558,100,0.2321428507566452,0.7678571343421936,1,0.8206495201188394,0.877364097323308,0.015039564625327071,0,0.29670146640372164
Random,573,100,0.47457626461982727,0.5254237651824951,0,-0.4510779131827187,0.6188191776656317,0.3829371746467686,0,0.05426809724402315
Random,576,100,0.8358209133148193,0.16417908668518066,1,0.9186526803242471,0.8891412526409861,0.012289661866009674,0,-0.3069765812532913
Random,577,100,0.29411765933036804,0.7058823108673096,1,0.826743553136949,0.8781267592910258,0.014853086800907567,0,0.2347266429288376
Random,578,100,0.6666666865348816,0.3333333134651184,1,0.2783873974240103,0.7917133940186013,0.04338331023125043,0,-0.13782235447335356
Random,579,100,0.3589743673801422,0.6410256624221802,1,-0.4728822820183237,0.6128029548941326,0.1499215517387151,1,0.1698699944837082
Random,582,100,0.53125,0.46875,1,1.1377387095298577,0.9119363399994337,0.0077552082126953435,0,-0.002405667938471967
Random,591,100,0.7142857313156128,0.2857142686843872,1,0.8546247043819551,0.8815641274462337,0.014027055907571976,0,-0.18544139925408476
Random,597,100,0.6666666865348816,0.3333333134651184,1,0.9073777617152242,0.8878384738337395,0.012580207951944743,0,-0.13782235447335356
Random,602,100,0.8085106611251831,0.1914893388748169,1,1.114476238594478,0.9097330790426288,0.008148117019124303,0,-0.2796663290636551
Random,603,100,0.7272727489471436,0.27272725105285645,1,-0.11308283699801308,0.7065587479776164,0.08610776838846404,1,-0.19842841688561552
Random,611,100,0.8548387289047241,0.14516127109527588,1,1.1339213896191542,0.9115781519166987,0.00781842321846642,0,-0.3259943968431961
Random,612,100,0.9166666865348816,0.08333331346511841,1,0.8291579204377938,0.8784277834214789,0.014779803843814847,0,-0.38782235447335356
Random,614,100,0.32692307233810425,0.6730769276618958,1,0.5271045419444675,0.835532038084446,0.027049710496656127,0,0.20192125972342378
Random,628,100,0.8541666865348816,0.1458333134651184,1,1.1403556912713464,0.9121811396379971,0.007712152235280969,0,-0.32532235447335356
Random,630,100,0.6666666865348816,0.3333333134651184,0,1.3478989015875043,0.9297340562442995,0.8644054153404782,1,-0.13782235447335356
Random,645,100,0.7454545497894287,0.2545454502105713,1,0.9351719590753199,0.8910260710453468,0.0118753171918138,0,-0.21661021772790068
Random,652,100,0.40816327929496765,0.59183669090271,1,0.7157811606378888,0.863585942845321,0.018608794989400036,0,0.120681022964238
Random,654,100,0.45945945382118225,0.5405405759811401,0,0.3407068971248421,0.8034447809701842,0.6455235160682273,1,0.06938490804266817
Random,668,100,0.529411792755127,0.47058820724487305,1,0.4865529336203933,0.8289294837440189,0.029265121532087903,0,-0.0005674606935989202
Random,670,100,0.25806450843811035,0.7419354915618896,1,0.49826872099476277,0.8308583621059972,0.028608893669465972,0,0.2707798236234177
Random,675,100,0.5438596606254578,0.45614033937454224,1,-0.43857181312389204,0.6222535855537645,0.1426923536269871,1,-0.01501532856392973
Random,677,100,0.3333333432674408,0.6666666269302368,1,0.7185415758441562,0.8639647564065791,0.018505587499521362,0,0.19551095899176485
Random,682,100,0.739130437374115,0.260869562625885,1,0.49441189918822614,0.8302252975258704,0.028823449600179237,0,-0.21028610531258696
Random,685,100,0.5,0.5,1,0.943854276748847,0.8920053888738808,0.011662836032281706,0,0.028844332061528033
Random,687,100,0.8064516186714172,0.19354838132858276,1,0.4330206451122609,0.8198935947915137,0.032438317197123465,0,-0.2776072866098892
Random,688,100,0.692307710647583,0.307692289352417,1,0.9028878671748826,0.8873159684730257,0.012697690961172129,0,-0.16346337858605497
Random,691,100,0.23880596458911896,0.7611940503120422,1,0.2579710795273895,0.7877596547419694,0.04504596415524803,0,0.29003838237357027
Random,693,100,0.3617021143436432,0.6382979154586792,1,-0.1546774419978213,0.6964011988417972,0.09217223206469798,1,0.16714224752020723
Random,705,100,0.34545454382896423,0.6545454263687134,1,-0.33863874527337623,0.6492336623613687,0.1230370236204183,1,0.1833897584302414
Random,723,100,0.7599999904632568,0.24000000953674316,1,1.3047343527666868,0.9263733522919345,0.005420883252727584,0,-0.2311556584017288
Random,725,100,0.31481480598449707,0.6851851940155029,1,0.1881244714701158,0.7738211114117685,0.05115688964300766,0,0.21402952607703096
Random,742,100,0.8461538553237915,0.1538461446762085,1,0.45803540422963596,0.8241614832119993,0.030919183986203993,0,-0.31730952326226347
Random,752,100,0.25925925374031067,0.7407407760620117,1,0.584863710121929,0.8445808786504934,0.02415510328105267,0,0.26958510812353975
Random,755,100,0.6785714030265808,0.3214285969734192,1,0.9320851260174109,0.8906760192354938,0.011951732770198127,0,-0.14972707096505278
Random,759,100,0.5660377144813538,0.43396228551864624,1,0.7967114452515542,0.8743284401952647,0.015793340943755167,0,-0.03719338241982573
Random,783,100,0.6538461446762085,0.3461538553237915,0,0.5849792310294548,0.844598562669204,0.7133467320628852,1,-0.12500181261468046
Random,784,100,0.26760563254356384,0.7323943376541138,1,0.4811857702736702,0.8280400244195133,0.029570233201641583,0,0.2612386697156418
Random,795,100,0.48275861144065857,0.517241358757019,1,0.6637807340675461,0.8562827341350796,0.020654652507688213,0,0.046085690818547076
Random,796,100,0.6909090876579285,0.30909091234207153,0,-0.8587506388060853,0.5022718456466256,0.25227700692926774,0,-0.16206475559640043
Random,800,100,0.5869565010070801,0.4130434989929199,1,1.1231001918528056,0.9105556136061208,0.008000298257377561,0,-0.058112168945552045
Random,803,100,0.6101694703102112,0.3898305296897888,1,1.3056858031941483,0.92644900014707,0.00540974957936571,0,-0.08132513824868315
Random,804,100,0.3125,0.6875,0,0.4509277506606356,0.8229569646810998,0.6772581657171289,1,0.21634433206152803
Random,807,100,0.800000011920929,0.19999998807907104,1,0.5448265518239053,0.838352598949734,0.026129882266305533,0,-0.2711556798594009
Random,808,100,0.2985074520111084,0.7014925479888916,1,0.02743954894063383,0.7393541279154424,0.06793627063471955,0,0.23033688005041963
Random,812,100,0.4146341383457184,0.585365891456604,1,-0.22875100189477637,0.6778327837176282,0.10379171524713252,1,0.11421022351813204
Random,813,100,0.26760563254356384,0.7323943376541138,1,0.07499594157038025,0.7498996913121488,0.06255016440575843,0,0.2612386697156418
Random,816,100,0.560606062412262,0.43939393758773804,0,-0.5338517853972093,0.5958019931309357,0.3549800150187956,0,-0.03176173035073393
Random,819,100,0.41025641560554504,0.5897436141967773,1,0.8845948839274299,0.8851651340183228,0.013187046445029774,0,0.11858794625830538
Random,827,100,0.3962264060974121,0.6037735939025879,1,0.6239660454594804,0.8504733525859358,0.02235821828688987,0,0.13261792596411592
Random,831,100,0.4035087823867798,0.5964912176132202,1,1.4191103449513964,0.9349697907178254,0.00422892811928343,0,0.12533554967474825
Random,838,100,0.3888888955116272,0.6111111044883728,1,0.6349260385272988,0.8520915717006272,0.0218769031619907,0,0.13995543654990084
Random,849,100,0.4038461446762085,0.5961538553237915,1,-0.26915309693139555,0.6674580714568604,0.11058413423919054,1,0.12499818738531954
Random,854,100,0.7735849022865295,0.22641509771347046,1,1.1372902374900689,0.91189432686933,0.007762609637808461,0,-0.2447405702250015
Random,859,100,0.5645161271095276,0.4354838728904724,0,-0.6686809230194071,0.5574348318665938,0.3107335917781377,0,-0.035671795047999555
Random,860,100,0.7692307829856873,0.23076921701431274,1,0.5435119828391948,0.8381447255481073,0.02619712986789752,0,-0.24038645092415922
Random,867,100,0.5416666865348816,0.4583333134651184,1,0.20045080779224306,0.7763272660057604,0.05002949193245786,0,-0.012822354473353559
Random,869,100,0.8703703880310059,0.12962961196899414,1,1.1185772029279557,0.9101250666922517,0.008077503637072207,0,-0.3415260559694778
Random,872,100,0.5789473652839661,0.42105263471603394,0,-0.29584894881641743,0.6605119246163915,0.4362760025604497,0,-0.05010303322243803
Random,873,100,0.35483869910240173,0.6451612710952759,0,0.2915013906010047,0.7942242244508185,0.6307921187045041,1,0.1740056031568039
Random,879,100,0.6727272868156433,0.3272727131843567,1,0.6707327461797741,0.8572776271728613,0.020369675705408787,0,-0.14388295475411528
Random,893,100,0.5135135054588318,0.4864864945411682,1,0.46875191326762555,0.8259653850773705,0.030288047191267937,0,0.015330826602696246
Random,898,100,0.5277777910232544,0.4722222089767456,1,1.109254510222355,0.9092317355229133,0.008238877836182368,0,0.0010665410382736384
Random,907,100,0.4117647111415863,0.5882352590560913,1,-0.0022167771161438754,0.7326339282910643,0.07148461630106773,1,0.11707959111761934
Random,911,100,0.25974026322364807,0.7402597665786743,1,-0.06381245438996436,0.7183295955392867,0.07933821674906184,1,0.26910409864020235
Random,914,100,0.31081080436706543,0.6891891956329346,1,-0.3726870248336053,0.6401380319244022,0.12950063606724255,1,0.2180335276944626
Random,931,100,0.5740740895271301,0.4259259104728699,1,0.35823063513419423,0.8066522479645883,0.03738335321714703,0,-0.045229757465602094
Random,932,100,0.4057970941066742,0.5942028760910034,1,1.2040081728629946,0.9179487531796858,0.006732407104768116,0,0.12304720815253145
Random,935,100,0.2702702581882477,0.7297297716140747,0,-0.06403378977683255,0.7182773637206736,0.5159223712335209,0,0.25857410367560274
Random,950,100,0.5625,0.4375,1,0.4558462167809926,0.8237911748940486,0.031049550045219757,0,-0.03365566793847197
Random,954,100,0.39024388790130615,0.6097561120986938,1,0.002997990469652767,0.7338235469511858,0.0708499041576476,0,0.13860044416022188
Random,963,100,0.4054054021835327,0.5945945978164673,1,0.9326436517677907,0.8907394299603968,0.011937872165379039,0,0.12343892987799532
Random,968,100,0.5833333134651184,0.4166666865348816,1,0.26245517085592457,0.7886327003159513,0.044676135375726435,0,-0.054488981403590375
Random,972,100,0.3499999940395355,0.6499999761581421,0,-0.07293410464128303,0.7161721541286991,0.5129025543493411,0,0.17884430821967012
Random,973,100,0.6290322542190552,0.3709677457809448,1,-0.2148201191526532,0.6813704339386552,0.10152480036844092,1,-0.10018792215752714
Random,974,100,0.8799999952316284,0.12000000476837158,1,0.20537454658207965,0.7773228042820921,0.04958513349279146,0,-0.3511556631701004
Random,980,100,0.644444465637207,0.35555553436279297,1,0.3532429337416587,0.8057433923109683,0.037735629630850386,0,-0.115600133575679
Random,981,100,0.27272728085517883,0.7272727489471436,1,0.6570453774599029,0.8553133487289896,0.020934227056018984,0,0.2561170810086716
Random,985,100,0.25757575035095215,0.7424242496490479,1,0.2214388817815096,0.7805488572700315,0.04815880404548899,0,0.2712685817105759
Random,988,100,0.6315789222717285,0.3684210777282715,1,1.1995597696385922,0.9175571516836274,0.0067968232385164215,0,-0.10273459021020048
Random,992,100,0.29870128631591797,0.701298713684082,0,0.07606844788605843,0.7501342093843973,0.5627013320887548,1,0.23014304574561006
Random,995,100,0.5306122303009033,0.4693877696990967,1,0.6842911540215484,0.8592014339303645,0.019824236207265505,0,-0.0017678982393752873
Random,997,100,0.5714285969734192,0.4285714030265808,1,0.23839626552771073,0.7839176524245549,0.04669158093371546,0,-0.042584264911891156
Random,1002,100,0.8085106611251831,0.1914893388748169,1,0.9962220241019925,0.8977494804443856,0.010455168749393078,0,-0.2796663290636551
Random,1004,100,0.5384615659713745,0.4615384340286255,1,0.6376410168448727,0.852490188990924,0.02175914434393332,0,-0.009617233909846479
Random,1011,100,0.3283582031726837,0.6716418266296387,1,0.7376145695075507,0.8665579891500447,0.017806770259679597,0,0.2004861586911667
Random,1012,100,0.5471698045730591,0.4528301954269409,1,1.1967153844977627,0.9173058641523671,0.006838320103586757,0,-0.01832547251153105
Random,1016,100,0.5400000214576721,0.4599999785423279,1,-0.004479293126653627,0.7321167429049786,0.07176143943183731,1,-0.011155689396144086
Random,1019,100,0.4655172526836395,0.5344827175140381,1,0.7887968474037964,0.8733107035902778,0.01605017782479044,0,0.06332704957556612
Random,4,11,0.27272728085517883,0.7272727489471436,1,-0.9843877463140297,0.055517824417249145,0.8920465799935262,1,0.2561170810086716
Random,16,11,0.5,0.5,1,0.9969587920468587,0.9184759225896717,0.006646175197605201,0,0.028844332061528033
Random,17,11,0.75,0.25,0,-0.9758370263759695,0.05671921703051848,0.0032170695805550575,0,-0.22115566793847197
Random,20,11,0.760869562625885,0.239130437374115,1,1.0497531811195118,0.9283662829779755,0.0051313894143914796,0,-0.23202523056435698
Random,21,11,0.75,0.25,0,-0.9043469715975072,0.06776018530686446,0.004591442712820611,0,-0.22115566793847197
Random,24,11,0.125,0.875,1,-0.5929161842888346,0.1423985989300807,0.7354801631170886,1,0.40384433206152803
Random,32,11,0.3181818127632141,0.6818181872367859,0,-0.4089061154443458,0.21292201618084367,0.04533578497451545,0,0.21066251929831392
Random,33,11,0.5789473652839661,0.42105263471603394,1,0.5739615848390754,0.785796012401239,0.04588334830321017,0,-0.05010303322243803
Random,38,11,0.2666666805744171,0.7333333492279053,0,-1.1645626638519326,0.03516630355588309,0.0012366689057845158,0,0.2621776812894333
Random,43,11,0.38461539149284363,0.615384578704834,0,-0.7330661784095229,0.10272809769949585,0.010553062056957165,0,0.14422891076636202
Random,47,11,0.7435897588729858,0.25641024112701416,0,-0.5982664952856848,0.1406741963074521,0.01978922950674757,0,-0.2147454268114578
Random,52,11,0.38461539149284363,0.615384578704834,0,-0.4326960661710061,0.2025379547907492,0.04102162313081957,0,0.14422891076636202
Random,58,11,0.5,0.5,0,-0.29686289716940006,0.2669419234100853,0.07125799047387586,0,0.028844332061528033
Random,59,11,0.75,0.25,0,-0.9344713784964223,0.06288350182138769,0.003954334801320469,0,-0.22115566793847197
Random,60,11,0.27272728085517883,0.7272727489471436,0,-0.8822474869786678,0.07155838025797,0.005120601785144231,0,0.2561170810086716
Random,64,11,0.75,0.25,0,-1.6023733962196451,0.011281886194164613,0.0001272809560980821,0,-0.22115566793847197
Random,72,11,1.0,0.0,0,-1.2327930055975571,0.02951617679554469,0.0008712046926258509,0,-0.47115566793847197
Random,73,11,0.4000000059604645,0.6000000238418579,1,0.49267047648577467,0.7472755877466095,0.06386962854882167,0,0.12884435590338594
Random,78,11,0.1428571492433548,0.8571428656578064,0,-0.8718907374690626,0.07340521192174368,0.0053883251372761004,0,0.38598719771933443
Random,79,11,0.5277777910232544,0.4722222089767456,0,-0.9760280594700647,0.05669211158641405,0.0032139955161264223,0,0.0010665410382736384
Random,97,11,0.30434781312942505,0.695652186870575,0,-0.8056148922687916,0.08629649895818384,0.007447085732439824,0,0.22449651893210298
Random,99,11,0.34285715222358704,0.6571428775787354,0,-0.9623721152454617,0.05866069804551018,0.0034410774951865223,0,0.18598720964026338
Random,110,11,0.3333333432674408,0.6666666269302368,0,-1.0320654247064178,0.04924712314174547,0.0024252791377382425,0,0.19551095899176485
Random,111,11,0.37037035822868347,0.6296296119689941,1,-0.3920109519460457,0.22052922185662,0.6075746939794464,1,0.15847394403052217
Random,116,11,0.36206895112991333,0.6379310488700867,1,0.9122783736431858,0.8999971327471818,0.01000057345878477,0,0.1667753809316147
Random,117,11,0.2857142984867096,0.7142857313156128,0,-0.2316285701976043,0.30213489339973904,0.09128549380967167,0,0.24313006337714083
Random,119,11,0.7441860437393188,0.25581395626068115,0,-0.909049517260234,0.06697645150341046,0.004485845055988693,0,-0.21534171167779081
Random,126,11,0.6818181872367859,0.3181818127632141,0,-0.7297112142556721,0.10355130790139859,0.010722873368090254,0,-0.15297385517525786
Random,127,11,0.4516128897666931,0.5483871102333069,0,-0.9471129335626595,0.06093614601619929,0.0037132138913075602,0,0.07723144229483492
Random,136,11,0.6190476417541504,0.3809523582458496,0,-0.5806841423492228,0.14640721511057003,0.021435072636432725,0,-0.09020330969262236
Random,141,11,0.25,0.75,0,-0.06864380350450422,0.40015570703695585,0.16012458987424605,0,0.27884433206152803
Random,142,11,0.3888888955116272,0.6111111044883728,0,-0.23378667539933903,0.30092922909490516,0.09055840092365391,0,0.13995543654990084
Random,143,11,0.6857143044471741,0.3142856955528259,1,1.094452951525803,0.935862045524605,0.004113677204287848,0,-0.15686997238564604
Random,146,11,0.3870967626571655,0.6129032373428345,0,-0.5261823990215302,0.16541319394136325,0.02736152472988305,0,0.1417475694043625
Random,147,11,0.23076923191547394,0.7692307829856873,0,-0.8047344383787964,0.08648083020554881,0.007478933993040963,0,0.2980751150472153
Random,153,11,0.5,0.5,1,1.2406696160861563,0.9555655512886128,0.0019744202322849033,0,0.028844332061528033
Random,166,11,0.5625,0.4375,0,-0.5554545463546797,0.1549703439541272,0.02401580750526049,0,-0.03365566793847197
Random,173,11,0.28947368264198303,0.7105263471603394,0,-0.42428292554275954,0.20616642313247566,0.042504594027238995,0,0.2393706792218674
Random,177,11,0.3499999940395355,0.6499999761581421,0,-0.5421507469275546,0.15964818344976162,0.025487542478808738,0,0.17884430821967012
Random,179,11,0.7964601516723633,0.20353984832763672,1,0.8208474311882749,0.8759540539883715,0.015387396721919865,0,-0.26761581961083525
Random,187,11,0.28070175647735596,0.719298243522644,0,-0.06614298830667253,0.4017490510522439,0.16140230002137848,0,0.24814257558417208
Random,189,11,0.6190476417541504,0.3809523582458496,0,-0.8299288538755786,0.08134489520768555,0.006616991976349343,0,-0.09020330969262236
Random,190,11,0.90625,0.09375,0,-1.479045876603231,0.01557991147191657,0.00024273364147275756,0,-0.37740566793847197
Random,192,11,0.46666666865348816,0.5333333015441895,1,0.3797948364296795,0.686696228535187,0.09815925321407579,0,0.062177633605717486
Random,200,11,0.1764705926179886,0.8235294222831726,1,-0.6331852361411768,0.12984526683291678,0.7571692596530778,1,0.35237375434470064
Random,201,11,0.7272727489471436,0.27272725105285645,0,-1.3882175037047877,0.019740641772327212,0.00038969293758335006,0,-0.19842841688561552
Random,205,11,0.48275861144065857,0.517241358757019,1,0.2033338403144357,0.5785041197904796,0.17765877703359842,0,0.046085690818547076
Random,206,11,0.5531914830207825,0.44680851697921753,0,-1.3785837802926029,0.020241263576773333,0.0004097087511844108,0,-0.024347150959254438
Random,213,11,0.6800000071525574,0.3199999928474426,0,0.07485208996197734,0.4939560492040453,0.2439925785452692,1,-0.15115567509102934
Random,215,11,0.5957446694374084,0.40425533056259155,0,-0.3159639936632852,0.25714482290894697,0.0661234599488737,0,-0.06690033737588041
Random,219,11,0.8367347121238708,0.16326528787612915,1,0.9305190365489854,0.9042684348705623,0.009164532562131773,0,-0.3078903800623428
Random,220,11,0.8461538553237915,0.1538461446762085,0,-0.8904799245784552,0.07012105088715678,0.004916961777519231,0,-0.31730952326226347
Random,228,11,0.7179487347602844,0.2820512652397156,1,0.7933860133057088,0.8678196955350238,0.017471632888453804,0,-0.1891044026987564
Random,245,11,0.7037037014961243,0.29629629850387573,1,0.9586849215098264,0.9105436819586499,0.008002432837515184,0,-0.17485936943459623
Random,246,11,0.4893617033958435,0.5106382966041565,1,0.9515462948223489,0.9089892308053072,0.008282960109409635,0,0.03948262866568453
Random,247,11,0.1875,0.8125,1,-0.1535713164940552,0.34748868338470734,0.42577101831102276,1,0.34134433206152803
Random,250,11,0.8679245114326477,0.1320754885673523,1,1.5507365200970669,0.979979531534312,0.00040081915758560544,0,-0.33908017937111967
Random,251,11,0.4333333373069763,0.5666666626930237,0,0.8657988217663851,0.888340430517225,0.7891487204915286,1,0.09551099475455171
Random,254,11,0.692307710647583,0.307692289352417,1,1.0503868062490636,0.9284779772292069,0.005115399741225849,0,-0.16346337858605497
Random,258,11,0.4333333373069763,0.5666666626930237,0,-0.7834385391757217,0.09104913266847521,0.0082899445596816,0,0.09551099475455171
Random,261,11,0.7599999904632568,0.24000000953674316,0,-1.2692124019399875,0.02687115990477485,0.0007220592346279795,0,-0.2311556584017288
Random,262,11,0.6666666865348816,0.3333333134651184,1,1.1458257615119676,0.9435718343681697,0.0031841378765732724,0,-0.13782235447335356
Random,267,11,0.5357142686843872,0.4642857313156128,0,-1.5236820508212792,0.013864352216989121,0.00019222026239673116,0,-0.006869936622859174
Random,269,11,0.7941176295280457,0.20588237047195435,0,-1.144043776723851,0.037060506161252,0.0013734811169281973,0,-0.2652732974665176
Random,272,11,0.32307693362236023,0.6769230365753174,0,-1.416079752336319,0.018360086319270316,0.000337092769651057,0,0.20576736863684542
Random,274,11,0.75,0.25,0,-1.1395798676558828,0.03748540158320534,0.0014051553318541734,0,-0.22115566793847197
Random,276,11,0.40909090638160706,0.5909091234207153,1,0.1824534115102685,0.5649430338232211,0.18927456381894295,0,0.11975345548224337
Random,280,11,0.45098039507865906,0.5490195751190186,1,0.5100292845987707,0.7558722388637584,0.05959836375739382,0,0.07786390718054659
Random,288,11,0.7575757503509521,0.24242424964904785,0,-1.052873865190059,0.04672607191782787,0.0021833257968700225,0,-0.22873141828942412
Random,294,11,0.4333333373069763,0.5666666626930237,0,-0.7892906522698643,0.08977255806429096,0.008059112181406492,0,0.09551099475455171
Random,300,11,0.529411792755127,0.47058820724487305,0,-0.7178695524791288,0.10650369978581622,0.01134303806806727,0,-0.0005674606935989202
Random,304,11,0.21052631735801697,0.7894736528396606,1,-0.36920115935766085,0.23110551194818055,0.5911987337564696,1,0.3183179849011887
Random,305,11,0.9444444179534912,0.05555558204650879,0,-0.8241090477130462,0.08250600390740791,0.006807240680769209,0,-0.4156000858919632
Random,316,11,0.5641025900840759,0.4358974099159241,0,-0.7724046926435827,0.09350054092059758,0.008742351152444343,0,-0.035258258022547895
Random,327,11,0.6129032373428345,0.3870967626571655,1,0.7028056474766092,0.837744672776923,0.026326791212267796,0,-0.08405890528130644
Random,337,11,0.34285715222358704,0.6571428775787354,1,-0.2661384262715354,0.2831898275025345,0.5138168233958462,1,0.18598720964026338
Random,340,11,0.25806450843811035,0.7419354915618896,1,-0.27543250433919375,0.27821216653823,0.5209776765334359,1,0.2707798236234177
Random,341,11,0.6875,0.3125,0,-0.38398029878210416,0.22421278248840215,0.050271371831191534,0,-0.15865566793847197
Random,342,11,0.3265306055545807,0.6734694242477417,0,-1.0143340564079122,0.05149664225386307,0.0026519041634223556,0,0.20231375630926973
Random,345,11,0.5714285969734192,0.4285714030265808,1,0.6711901502843837,0.8260199704111842,0.030269050695725205,0,-0.042584264911891156
Random,365,11,0.5714285969734192,0.4285714030265808,1,0.34830202942932886,0.6684494497330461,0.10992576738231993,0,-0.042584264911891156
Random,369,11,0.5249999761581421,0.4750000238418579,1,0.8158884907205267,0.8745176591670413,0.01574581786091882,0,0.003844355903385943
Random,378,11,0.6829268336296082,0.31707316637039185,0,-1.0290923651350585,0.04961769352524642,0.0024619155107652806,0,-0.15408250156808012
Random,380,11,0.5227272510528564,0.47727274894714355,1,0.5312038011833394,0.7660873623521911,0.05471512205135515,0,0.006117081008671588
Random,387,11,0.5333333611488342,0.46666663885116577,0,-1.1151430769887303,0.039895589349513316,0.0015916580495450004,0,-0.0044890290873061955
Random,397,11,0.4878048896789551,0.5121951103210449,1,0.3608867072209665,0.6758057471523659,0.10510191357943574,0,0.041039442382572955
Random,398,11,0.9729729890823364,0.027027010917663574,1,0.9677769889278173,0.9124888131251088,0.0076582078282521355,0,-0.4441286570208084
Random,403,11,0.65625,0.34375,0,-1.1701247591745814,0.03466912117469226,0.0012019479630254952,0,-0.12740566793847197
Random,404,11,0.3125,0.6875,0,-0.9898552633076565,0.05476222366982275,0.002998901141263695,0,0.21634433206152803
Random,407,11,0.8108108043670654,0.18918919563293457,0,0.5994536239200595,0.7969579843931823,0.6351420288880438,1,-0.2819664723055374
Random,414,11,0.6486486196517944,0.35135138034820557,0,-1.398102323527978,0.019239586179163333,0.0003701616763454527,0,-0.1198042875902664
Random,418,11,0.4375,0.5625,1,0.7186383481923931,0.8433727486122274,0.024532095877288503,0,0.09134433206152803
Random,420,11,0.25,0.75,0,-0.6858296595949185,0.11486598497325355,0.013194194503875711,0,0.27884433206152803
Random,425,11,0.4722222089767456,0.5277777910232544,1,1.4941041851510484,0.9768095856764746,0.000537795316496773,0,0.05662212308478243
Random,428,11,0.6551724076271057,0.3448275923728943,0,-1.0562834248112614,0.046324863695623324,0.0021459929964180798,0,-0.12632807556557768
Random,430,11,0.26829269528388977,0.7317073345184326,0,-0.650741503122469,0.1246736151332798,0.015543510310401175,0,0.26055166657996065
Random,431,11,0.529411792755127,0.47058820724487305,1,0.9585634031883489,0.910517422528653,0.008007131670915622,0,-0.0005674606935989202
Random,433,11,0.6111111044883728,0.3888888955116272,0,-0.9990513486267795,0.05351315402630656,0.00286365765384321,0,-0.08226677242684477
Random,438,11,0.773809552192688,0.226190447807312,1,-0.7205786094397981,0.10582179826081685,0.7995546564655194,1,-0.24496522013115996
Random,439,11,0.2978723347187042,0.7021276950836182,0,0.20100591712494253,0.5769976795924878,0.33292632225511526,1,0.2309720271451462
Random,448,11,0.5909090638160706,0.40909093618392944,1,0.782509938070299,0.864475085742421,0.018367002384524128,0,-0.062064731754542524
Random,451,11,0.761904776096344,0.238095223903656,1,-0.9922405235425225,0.0544356290743884,0.8940919795639477,1,-0.23306044403481596
Random,452,11,0.3414634168148041,0.6585365533828735,0,-0.5195491658234802,0.1678565921128086,0.028175835515725795,0,0.18738088544440157
Random,457,11,0.529411792755127,0.47058820724487305,0,-0.8392493698314927,0.07951636156013532,0.006322851755762166,0,-0.0005674606935989202
Random,461,11,0.8648648858070374,0.13513511419296265,0,-0.5323056327773029,0.16318304712683193,0.02662870686959785,0,-0.3360205537455093
Random,462,11,0.4444444477558136,0.5555555820465088,0,-0.2802398458372968,0.2756586864249321,0.07598771140151903,0,0.08439991410803682
Random,467,11,0.2857142984867096,0.7142857313156128,0,-0.6896933313036218,0.11382807353709704,0.012956830325166771,0,0.24313006337714083
Random,481,11,0.9615384340286255,0.03846156597137451,0,-0.9598935521581168,0.05902480425908888,0.003483927517823757,0,-0.43269410196709746
Random,483,11,0.6279069781303406,0.3720930218696594,0,-0.5471172919384365,0.157888621672579,0.024928816853666783,0,-0.09906264606881254
Random,491,11,0.18918919563293457,0.8108108043670654,0,-0.6607748022307276,0.12179806785215046,0.014834769332517046,0,0.33965513642859346
Random,500,11,0.6071428656578064,0.3928571343421936,0,-0.7279824082278132,0.10397778044756059,0.010811378826801114,0,-0.07829853359627836
Random,503,11,0.48148149251937866,0.5185185074806213,0,-0.3475355985702329,0.2414751503126051,0.05831024821849523,0,0.04736283954214937
Random,504,11,0.7837837934494019,0.21621620655059814,1,-0.47621852629867434,0.18452959387761927,0.6649919832614006,1,-0.2549394613878738
Random,505,11,0.7368420958518982,0.2631579041481018,0,-1.4001016470771872,0.019139768131018225,0.0003663307241091409,0,-0.20799776379037016
Random,507,11,0.41304346919059753,0.5869565010070801,1,1.1382841107781312,0.9424971821035542,0.0033065740660318125,0,0.11580083306860811
Random,512,11,0.260869562625885,0.739130437374115,0,-0.9444375876363962,0.06134350547576697,0.003763025664055452,0,0.267974769435643
Random,521,11,0.22033898532390594,0.7796609997749329,0,-0.6974825535874787,0.11176046217267749,0.012490400905050476,0,0.3085053318364609
Random,532,11,0.7105262875556946,0.2894737124443054,1,-0.8750073169247399,0.07284488974110376,0.8596165984791859,1,-0.18168195549416655
Random,558,11,0.2321428507566452,0.7678571343421936,0,-0.46618058615042074,0.18857005265272198,0.035558664757450335,0,0.29670146640372164
Random,573,11,0.47457626461982727,0.5254237651824951,0,-1.2502807672540235,0.028215994708987852,0.0007961423574176304,0,0.05426809724402315
Random,576,11,0.8358209133148193,0.16417908668518066,0,-0.7771187336179799,0.09244605281261785,0.008546272680633328,0,-0.3069765812532913
Random,577,11,0.29411765933036804,0.7058823108673096,1,0.15094122249285336,0.5442981006680886,0.20766422105471152,0,0.2347266429288376
Random,578,11,0.6666666865348816,0.3333333134651184,1,0.8621210369202873,0.887369068837554,0.01268572665451966,0,-0.13782235447335356
Random,579,11,0.3589743673801422,0.6410256624221802,0,-0.3235096512548654,0.25334001353439556,0.06418116245760773,0,0.1698699944837082
Random,582,11,0.53125,0.46875,0,0.7393106046389587,0.8504806423109147,0.723317322945586,1,-0.002405667938471967
Random,591,11,0.7142857313156128,0.2857142686843872,0,-0.9102796670062046,0.06677282544032595,0.00445861021728424,0,-0.18544139925408476
Random,597,11,0.6666666865348816,0.3333333134651184,0,-1.1177817889267803,0.039628343219767374,0.0015704055863436828,0,-0.13782235447335356
Random,602,11,0.8085106611251831,0.1914893388748169,0,-1.0682416855722687,0.04494347577453736,0.002019916014696427,0,-0.2796663290636551
Random,603,11,0.7272727489471436,0.27272725105285645,0,-1.1395942153478065,0.03748402843268083,0.001405052387542025,0,-0.19842841688561552
Random,611,11,0.8548387289047241,0.14516127109527588,1,1.2352927489195977,0.9549560038320323,0.0020289615907798913,0,-0.3259943968431961
Random,612,11,0.9166666865348816,0.08333331346511841,0,-0.9401820622915372,0.061996717106218846,0.0038435929319485286,0,-0.38782235447335356
Random,614,11,0.32692307233810425,0.6730769276618958,0,-0.31842597980879234,0.25589929917586757,0.06548445131870018,0,0.20192125972342378
Random,628,11,0.8541666865348816,0.1458333134651184,0,-0.35973439156489506,0.23559785102942782,0.055506347409684464,0,-0.32532235447335356
Random,630,11,0.6666666865348816,0.3333333134651184,0,0.48127923978166154,0.7415265258417344,0.5498615885269124,1,-0.13782235447335356
Random,645,11,0.7454545497894287,0.2545454502105713,0,-0.852835508024844,0.07691820842485264,0.005916410787289072,0,-0.21661021772790068
Random,652,11,0.40816327929496765,0.59183669090271,0,-0.9430928489314293,0.061549220997310854,0.003788306605375811,0,0.120681022964238
Random,654,11,0.45945945382118225,0.5405405759811401,0,-0.18711856218774167,0.3275946541820377,0.10731825744864887,0,0.06938490804266817
Random,668,11,0.529411792755127,0.47058820724487305,0,-0.7660081705093733,0.09494862965469725,0.009015242273304854,0,-0.0005674606935989202
Random,670,11,0.25806450843811035,0.7419354915618896,0,-0.7099286899159662,0.10852484679574197,0.011777642372039265,0,0.2707798236234177
Random,675,11,0.5438596606254578,0.45614033937454224,0,-0.43697785459989014,0.20070965910326033,0.04028436725734697,0,-0.01501532856392973
Random,677,11,0.3333333432674408,0.6666666269302368,0,-0.6281996417269664,0.13134681286025085,0.017251985248545758,0,0.19551095899176485
Random,682,11,0.739130437374115,0.260869562625885,1,0.2864448781735651,0.6311369103671824,0.136059978893468,0,-0.21028610531258696
Random,685,11,0.5,0.5,1,-1.0787571077455995,0.043761275478177444,0.914392498275122,1,0.028844332061528033
Random,687,11,0.8064516186714172,0.19354838132858276,1,0.1464470207612788,0.5413396199748967,0.2103693442047722,0,-0.2776072866098892
Random,688,11,0.692307710647583,0.307692289352417,1,0.7581075703056895,0.8567109793746546,0.02053174343177067,0,-0.16346337858605497
Random,691,11,0.23880596458911896,0.7611940503120422,0,-0.8527995618975233,0.0769249788077187,0.005917452364567971,0,0.29003838237357027
Random,693,11,0.3617021143436432,0.6382979154586792,0,-0.8906525480032844,0.0700911995815916,0.004912776258786507,0,0.16714224752020723
Random,705,11,0.34545454382896423,0.6545454263687134,0,-0.5688429702231174,0.15037635571278396,0.022613048357457734,0,0.1833897584302414
Random,723,11,0.7599999904632568,0.24000000953674316,0,-0.9103469026977518,0.0667617125326583,0.004457126260293303,0,-0.2311556584017288
Random,725,11,0.31481480598449707,0.6851851940155029,0,-0.1414119594352305,0.35483749920483826,0.12590965084194358,0,0.21402952607703096
Random,742,11,0.8461538553237915,0.1538461446762085,1,-0.8527038990182481,0.07694299938559775,0.8520342263832565,1,-0.31730952326226347
Random,752,11,0.25925925374031067,0.7407407760620117,0,-0.3585113814957757,0.23618260046981496,0.05578222076468423,0,0.26958510812353975
Random,755,11,0.6785714030265808,0.3214285969734192,0,-0.93178231495268,0.06330515949714276,0.004007543218958684,0,-0.14972707096505278
Random,759,11,0.5660377144813538,0.43396228551864624,0,-0.8701711274914536,0.07371607283835016,0.005434059394708947,0,-0.03719338241982573
Random,783,11,0.6538461446762085,0.3461538553237915,0,-0.911919839639845,0.06650222253875043,0.004422545602593486,0,-0.12500181261468046
Random,784,11,0.26760563254356384,0.7323943376541138,1,-0.6185369220367711,0.13429896547839212,0.749438281171782,1,0.2612386697156418
Random,795,11,0.48275861144065857,0.517241358757019,0,-1.3105963106125318,0.02414495770596059,0.0005829789826226257,0,0.046085690818547076
Random,796,11,0.6909090876579285,0.30909091234207153,0,-1.4349776366042306,0.01747809453622472,0.00030548378861720843,0,-0.16206475559640043
Random,800,11,0.5869565010070801,0.4130434989929199,1,0.12946286913068983,0.5301345344865172,0.22077355568220194,0,-0.058112168945552045
Random,803,11,0.6101694703102112,0.3898305296897888,0,-0.9248466429536415,0.06440490191247962,0.004147991390356121,0,-0.08132513824868315
Random,804,11,0.3125,0.6875,0,0.19395973816306555,0.5724293487856577,0.3276753593511721,1,0.21634433206152803
Random,807,11,0.800000011920929,0.19999998807907104,0,-0.9441297534240817,0.06139054056639462,0.0037687984710341434,0,-0.2711556798594009
Random,808,11,0.2985074520111084,0.7014925479888916,0,-0.6330086189879423,0.12989820940772495,0.016873544807333163,0,0.23033688005041963
Random,812,11,0.4146341383457184,0.585365891456604,0,-0.9464095450878223,0.061043001154625035,0.003726247989963553,0,0.11421022351813204
Random,813,11,0.26760563254356384,0.7323943376541138,0,-0.46870587731397445,0.18754722422930603,0.035173961316117594,0,0.2612386697156418
Random,816,11,0.560606062412262,0.43939393758773804,0,-1.0009484043616999,0.05325884961814064,0.0028365050626477195,0,-0.03176173035073393
Random,819,11,0.41025641560554504,0.5897436141967773,0,-0.7538023477335807,0.09776764885823729,0.009558513163267586,0,0.11858794625830538
Random,827,11,0.3962264060974121,0.6037735939025879,1,-0.229487322812915,0.30333384226204213,0.48534373533736913,1,0.13261792596411592
Random,831,11,0.4035087823867798,0.5964912176132202,0,0.7456796899214616,0.8526163357462426,0.7269546159813496,1,0.12533554967474825
Random,838,11,0.3888888955116272,0.6111111044883728,0,-0.4079924936730217,0.2133284417986847,0.04550902408025481,0,0.13995543654990084
Random,849,11,0.4038461446762085,0.5961538553237915,0,-0.5229493780051211,0.16660051927390293,0.0277557330223341,0,0.12499818738531954
Random,854,11,0.7735849022865295,0.22641509771347046,0,-1.0974666260086692,0.041730873325221476,0.0017414657884856815,0,-0.2447405702250015
Random,859,11,0.5645161271095276,0.4354838728904724,0,-1.0417939124935827,0.0480528004514696,0.0023090716312287565,0,-0.035671795047999555
Random,860,11,0.7692307829856873,0.23076921701431274,0,-1.3053768830047883,0.024473334629413566,0.0005989441078832532,0,-0.24038645092415922
Random,867,11,0.5416666865348816,0.4583333134651184,0,-0.5017924040143028,0.17453912499417917,0.030463906153733702,0,-0.012822354473353559
Random,869,11,0.8703703880310059,0.12962961196899414,1,-0.7879361849844231,0.09006657775162571,0.8279788329246381,1,-0.3415260559694778
Random,872,11,0.5789473652839661,0.42105263471603394,0,-1.1058278243764978,0.04085290619769968,0.0016689599447980486,0,-0.05010303322243803
Random,873,11,0.35483869910240173,0.6451612710952759,0,-0.9731306898623645,0.05710452645815119,0.00326092694200969,0,0.1740056031568039
Random,879,11,0.6727272868156433,0.3272727131843567,0,-0.8154993553184346,0.08425139357842475,0.007098297319906631,0,-0.14388295475411528
Random,893,11,0.5135135054588318,0.4864864945411682,0,-0.8965866334472024,0.06907215316001249,0.004770962342160223,0,0.015330826602696246
Random,898,11,0.5277777910232544,0.4722222089767456,0,1.2010299957798996,0.9508808443365586,0.9041743801262067,1,0.0010665410382736384
Random,907,11,0.4117647111415863,0.5882352590560913,0,-0.056743592644262764,0.4077560157828017,0.16626496840706442,0,0.11707959111761934
Random,911,11,0.25974026322364807,0.7402597665786743,0,-0.8259126510144956,0.08214456355301024,0.006747729321314538,0,0.26910409864020235
Random,914,11,0.31081080436706543,0.6891891956329346,0,-0.9117187394461257,0.06653534606948006,0.0044269522765854755,0,0.2180335276944626
Random,931,11,0.5740740895271301,0.4259259104728699,0,-1.1157289376662634,0.039836105174202566,0.0015869152754501284,0,-0.045229757465602094
Random,932,11,0.4057970941066742,0.5942028760910034,0,-0.6339808919088714,0.12960698948046478,0.01679797172218931,0,0.12304720815253145
Random,935,11,0.2702702581882477,0.7297297716140747,0,-1.0089320748462398,0.05220107215096235,0.0027249519337099767,0,0.25857410367560274
Random,950,11,0.5625,0.4375,0,-1.271830575751466,0.026690149705672975,0.0007123640913112352,0,-0.03365566793847197
Random,954,11,0.39024388790130615,0.6097561120986938,0,0.29197213441376013,0.6345435850106027,0.40264556127810797,1,0.13860044416022188
Random,963,11,0.4054054021835327,0.5945945978164673,0,0.3002509659143796,0.6396209881619395,0.4091150084972559,1,0.12343892987799532
Random,968,11,0.5833333134651184,0.4166666865348816,0,-1.2799455219082798,0.0261366172945031,0.0006831227635993185,0,-0.054488981403590375
Random,972,11,0.3499999940395355,0.6499999761581421,0,-0.35574068732755804,0.2375110382778478,0.05641149330382129,0,0.17884430821967012
Random,973,11,0.6290322542190552,0.3709677457809448,1,-1.3273201277068813,0.02312147800698837,0.9542916467312509,1,-0.10018792215752714
Random,974,11,0.8799999952316284,0.12000000476837158,0,-1.1380138651913234,0.037635567292332854,0.0014164359254157145,0,-0.3511556631701004
Random,980,11,0.644444465637207,0.35555553436279297,1,-0.7441231743082592,0.10005593550601792,0.8098993192179487,1,-0.115600133575679
Random,981,11,0.27272728085517883,0.7272727489471436,0,-0.5070395754244547,0.17254285672285238,0.029771037406082765,0,0.2561170810086716
Random,985,11,0.25757575035095215,0.7424242496490479,0,-0.39490021640543393,0.21921461408391885,0.04805504702796147,0,0.2712685817105759
Random,988,11,0.6315789222717285,0.3684210777282715,0,-0.6291846664754154,0.13104898249457594,0.01717383581286367,0,-0.10273459021020048
Random,992,11,0.29870128631591797,0.701298713684082,0,-1.0557137180154814,0.04639167316737486,0.0021521873392685285,0,0.23014304574561006
Random,995,11,0.5306122303009033,0.4693877696990967,0,-0.7962184057680233,0.08828221456072252,0.007793749407745448,0,-0.0017678982393752873
Random,997,11,0.5714285969734192,0.4285714030265808,0,-0.6233370220715069,0.13282549394301074,0.017642611841204782,0,-0.042584264911891156
Random,1002,11,0.8085106611251831,0.1914893388748169,0,-1.010785658086605,0.05195834075510332,0.0026996691740234307,0,-0.2796663290636551
Random,1004,11,0.5384615659713745,0.4615384340286255,1,-0.4698170329747914,0.18709852240469987,0.6608088122766221,1,-0.009617233909846479
Random,1011,11,0.3283582031726837,0.6716418266296387,0,-0.6009620398185329,0.13981205822366782,0.019547411624738283,0,0.2004861586911667
Random,1012,11,0.5471698045730591,0.4528301954269409,1,0.7373189109162218,0.8498075686979559,0.022557766420419227,0,-0.01832547251153105
Random,1016,11,0.5400000214576721,0.4599999785423279,0,-0.3269499072463152,0.2516177000391672,0.06331146697300033,0,-0.011155689396144086
Random,1019,11,0.4655172526836395,0.5344827175140381,0,-0.6099140858547756,0.1369805650351918,0.01876367519736041,0,0.06332704957556612
Random,4,1,0.27272728085517883,0.7272727489471436,0,-1.1291023273345502,0.027002751888162316,0.0007291486095336536,0,0.2561170810086716
Random,16,1,0.5,0.5,1,1.061818570766003,0.8940481680392245,0.011225790695844411,0,0.028844332061528033
Random,17,1,0.75,0.25,0,-1.080224326446199,0.030563896190725595,0.0009341517503574506,0,-0.22115566793847197
Random,20,1,0.760869562625885,0.239130437374115,1,0.7216011512495494,0.7764290149360463,0.0499839853624666,0,-0.23202523056435698
Random,21,1,0.75,0.25,0,-1.0269187848341153,0.03496576708304517,0.001222604867705765,0,-0.22115566793847197
Random,24,1,0.125,0.875,1,-1.0937733409718247,0.029533509821158845,0.9418052085600387,1,0.40384433206152803
Random,32,1,0.3181818127632141,0.6818181872367859,0,-0.9710555809041068,0.040232389456230505,0.0016186451613578075,0,0.21066251929831392
Random,33,1,0.5789473652839661,0.42105263471603394,1,0.3589042688778762,0.574079986752841,0.1814078576844601,0,-0.05010303322243803
Random,38,1,0.2666666805744171,0.7333333492279053,0,-1.2275597259713749,0.02101319730860089,0.00044155446113019163,0,0.2621776812894333
Random,43,1,0.38461539149284363,0.615384578704834,0,-1.3874928000791367,0.013943316850503257,0.00019441608479352806,0,0.14422891076636202
Random,47,1,0.7435897588729858,0.25641024112701416,0,-0.7678849839681072,0.06649346736279453,0.004421381201927021,0,-0.2147454268114578
Random,52,1,0.38461539149284363,0.615384578704834,0,-0.4341437239797704,0.1454248491343319,0.021148386745743195,0,0.14422891076636202
Random,58,1,0.5,0.5,0,-0.3951306651996652,0.15853883976289515,0.025134563713364946,0,0.028844332061528033
Random,59,1,0.75,0.25,0,-1.0409797475834461,0.03374856396833437,0.0011389655699247572,0,-0.22115566793847197
Random,60,1,0.27272728085517883,0.7272727489471436,0,-0.8730753562217005,0.0513517537426317,0.002637002612443889,0,0.2561170810086716
Random,64,1,0.75,0.25,0,-1.3532578018729593,0.015226457775525974,0.00023184501638987538,0,-0.22115566793847197
Random,72,1,1.0,0.0,0,-1.57607121739241,0.008570602357030558,7.345522476233775e-05,0,-0.47115566793847197
Random,73,1,0.4000000059604645,0.6000000238418579,1,0.26020130308973677,0.5102364080904257,0.23986837596016802,0,0.12884435590338594
Random,78,1,0.1428571492433548,0.8571428656578064,0,-0.8586984229645599,0.053210435898989605,0.002831350488560482,0,0.38598719771933443
Random,79,1,0.5277777910232544,0.4722222089767456,0,-1.2284219356373418,0.0209669621963049,0.0004396135037412789,0,0.0010665410382736384
Random,97,1,0.30434781312942505,0.695652186870575,0,-1.1568045441932988,0.02516702541276558,0.0006333791681267885,0,0.22449651893210298
Random,99,1,0.34285715222358704,0.6571428775787354,0,-0.9201831738878734,0.04568311448725149,0.0020869469492553272,0,0.18598720964026338
Random,110,1,0.3333333432674408,0.6666666269302368,0,-1.49343095285602,0.010611386226161501,0.00011260151764077003,0,0.19551095899176485
Random,111,1,0.37037035822868347,0.6296296119689941,0,-0.42774922775417434,0.14751087784753553,0.021759459083350547,0,0.15847394403052217
Random,116,1,0.36206895112991333,0.6379310488700867,1,0.45809026328750224,0.6358376435612207,0.13261422184704452,0,0.1667753809316147
Random,117,1,0.2857142984867096,0.7142857313156128,0,-1.2142515609075444,0.021739613734052702,0.00047261080530581286,0,0.24313006337714083
Random,119,1,0.7441860437393188,0.25581395626068115,0,-0.9458598297073699,0.04284934754836379,0.0018360665853204697,0,-0.21534171167779081
Random,126,1,0.6818181872367859,0.3181818127632141,0,-0.9628493472244827,0.041067461826875096,0.001686536420901843,0,-0.15297385517525786
Random,127,1,0.4516128897666931,0.5483871102333069,0,-1.025510113282778,0.03509001699442299,0.0012313092926688942,0,0.07723144229483492
Random,136,1,0.6190476417541504,0.3809523582458496,0,-0.5094901671103064,0.122651008012239,0.015043269766418314,0,-0.09020330969262236
Random,141,1,0.25,0.75,0,-0.2244662144564244,0.22727005875769254,0.05165167960772502,0,0.27884433206152803
Random,142,1,0.3888888955116272,0.6111111044883728,0,-0.7933164285579664,0.06249077114206857,0.0039050964779303904,0,0.13995543654990084
Random,143,1,0.6857143044471741,0.3142856955528259,1,1.0100285568720846,0.8805478936278367,0.014268805716746616,0,-0.15686997238564604
Random,146,1,0.3870967626571655,0.6129032373428345,0,-0.7390107028525766,0.07132601013315325,0.00508739972151468,0,0.1417475694043625
Random,147,1,0.23076923191547394,0.7692307829856873,0,-1.020345759329991,0.03554918047120195,0.0012637442321740862,0,0.2980751150472153
Random,153,1,0.5,0.5,1,0.6726225671392364,0.7534627391345196,0.060780620995053956,0,0.028844332061528033
Random,166,1,0.5625,0.4375,0,-1.0102601500159365,0.03646263267327277,0.0013295235814660192,0,-0.03365566793847197
Random,173,1,0.28947368264198303,0.7105263471603394,0,-0.4868899974022069,0.12913972110241537,0.016677067566409624,0,0.2393706792218674
Random,177,1,0.3499999940395355,0.6499999761581421,0,-1.0321653300047677,0.03450672319932245,0.0011907139459546583,0,0.17884430821967012
Random,179,1,0.7964601516723633,0.20353984832763672,1,0.8596143858442534,0.8327330917880427,0.02797821858278736,0,-0.26761581961083525
Random,187,1,0.28070175647735596,0.719298243522644,0,-0.3793931988054445,0.16409447606782954,0.02692699707597548,0,0.24814257558417208
Random,189,1,0.6190476417541504,0.3809523582458496,0,-1.2835154797122135,0.018210398386581724,0.00033161860939801826,0,-0.09020330969262236
Random,190,1,0.90625,0.09375,0,-1.4460636289462712,0.011990775869036126,0.00014377870594145908,0,-0.37740566793847197
Random,192,1,0.46666666865348816,0.5333333015441895,0,0.5105730903596589,0.6669222697161123,0.4447853138432909,1,0.062177633605717486
Random,200,1,0.1764705926179886,0.8235294222831726,0,-0.7549586673228345,0.06861810477922917,0.004708444303493272,0,0.35237375434470064
Random,201,1,0.7272727489471436,0.27272725105285645,0,-1.2402697415196193,0.02034163129241357,0.00041378196363649905,0,-0.19842841688561552
Random,205,1,0.48275861144065857,0.517241358757019,1,0.2973240628660446,0.534401400989319,0.21678205540070894,0,0.046085690818547076
Random,206,1,0.5531914830207825,0.44680851697921753,0,-1.4335772839651084,0.012382990466536624,0.0001533384528943369,0,-0.024347150959254438
Random,213,1,0.6800000071525574,0.3199999928474426,0,-0.7262924905625366,0.07355587178125607,0.0054104662735005825,0,-0.15115567509102934
Random,215,1,0.5957446694374084,0.40425533056259155,0,-0.8538748166829437,0.053848146564987036,0.0028996228884843253,0,-0.06690033737588041
Random,219,1,0.8367347121238708,0.16326528787612915,1,1.0044741095825662,0.8790149007748785,0.014637394234512486,0,-0.3078903800623428
Random,220,1,0.8461538553237915,0.1538461446762085,0,-0.9774290908365879,0.03959506530829067,0.0015677691967678033,0,-0.31730952326226347
Random,228,1,0.7179487347602844,0.2820512652397156,1,0.828286862426571,0.8210346462172898,0.032028597854570615,0,-0.1891044026987564
Random,245,1,0.7037037014961243,0.29629629850387573,0,0.25952254199544056,0.5097937782754682,0.2598896963683773,1,-0.17485936943459623
Random,246,1,0.4893617033958435,0.5106382966041565,1,0.5271820907900734,0.6764793272221715,0.10466562571461877,0,0.03948262866568453
Random,247,1,0.1875,0.8125,0,-0.33037614468715426,0.1824012071811858,0.033270200381153865,0,0.34134433206152803
Random,250,1,0.8679245114326477,0.1320754885673523,1,1.4158037292734758,0.9550623596634419,0.002019391519017855,0,-0.33908017937111967
Random,251,1,0.4333333373069763,0.5666666626930237,0,0.5067310548143754,0.6646914525133416,0.44181472704429586,1,0.09551099475455171
Random,254,1,0.692307710647583,0.307692289352417,0,0.5269901751114884,0.6763697138802413,0.45747598985443944,1,-0.16346337858605497
Random,258,1,0.4333333373069763,0.5666666626930237,0,-0.9902815913953169,0.03833919104480481,0.0014698935699700411,0,0.09551099475455171
Random,261,1,0.7599999904632568,0.24000000953674316,0,-1.4811226193631186,0.010953948122606152,0.00011998897947274685,0,-0.2311556584017288
Random,262,1,0.6666666865348816,0.3333333134651184,1,0.6312970251957771,0.7328884692591913,0.07134856985469801,0,-0.13782235447335356
Random,267,1,0.5357142686843872,0.4642857313156128,0,-1.694567628634771,0.006305380506592139,3.975782333291214e-05,0,-0.006869936622859174
Random,269,1,0.7941176295280457,0.20588237047195435,0,-1.1028075560894697,0.028865267701299265,0.0008332036794676705,0,-0.2652732974665176
Random,272,1,0.32307693362236023,0.6769230365753174,0,-1.1528836932824378,0.02541926409598917,0.000646138987181644,0,0.20576736863684542
Random,274,1,0.75,0.25,0,-1.564916994416607,0.008821499892424563,7.781886035204658e-05,0,-0.22115566793847197
Random,276,1,0.40909090638160706,0.5909091234207153,0,-0.6326980863032684,0.09203194428562632,0.008469878768992627,0,0.11975345548224337
Random,280,1,0.45098039507865906,0.5490195751190186,0,0.2173167322226156,0.4822684092794416,0.232582818588923,1,0.07786390718054659
Random,288,1,0.7575757503509521,0.24242424964904785,0,-0.949622977260891,0.0424484023320439,0.0018018668605430702,0,-0.22873141828942412
Random,294,1,0.4333333373069763,0.5666666626930237,0,-1.0926418477506608,0.029618253823666358,0.0008772409595631268,0,0.09551099475455171
Random,300,1,0.529411792755127,0.47058820724487305,0,-1.0660733751406841,0.031677205376324846,0.0010034453404538638,0,-0.0005674606935989202
Random,304,1,0.21052631735801697,0.7894736528396606,0,-0.560261488560089,0.10909197661820555,0.011901059362467107,0,0.3183179849011887
Random,305,1,0.9444444179534912,0.05555558204650879,0,-0.9529084837425501,0.04210128132374092,0.001772517889100776,0,-0.4156000858919632
Random,316,1,0.5641025900840759,0.4358974099159241,0,-0.6860154054023986,0.08104703805004541,0.006568622376685509,0,-0.035258258022547895
Random,327,1,0.6129032373428345,0.3870967626571655,1,0.7797029170522837,0.8016427020594935,0.039345617646258865,0,-0.08405890528130644
Random,337,1,0.34285715222358704,0.6571428775787354,0,-0.3006277446538771,0.19426456632466538,0.037738721729310316,0,0.18598720964026338
Random,340,1,0.25806450843811035,0.7419354915618896,0,-0.4412387846979257,0.14313899270771047,0.02048877123337799,0,0.2707798236234177
Random,341,1,0.6875,0.3125,0,-0.6199896810113192,0.09484082765531163,0.008994782590344523,0,-0.15865566793847197
Random,342,1,0.3265306055545807,0.6734694242477417,0,-1.2192950103610238,0.02146147547950002,0.00046059492975718063,0,0.20231375630926973
Random,345,1,0.5714285969734192,0.4285714030265808,1,0.7260998301791531,0.7784601939544862,0.049079885662683884,0,-0.042584264911891156
Random,365,1,0.5714285969734192,0.4285714030265808,1,0.553334783588885,0.6912318103237393,0.09533779495595533,0,-0.042584264911891156
Random,369,1,0.5249999761581421,0.4750000238418579,0,0.6981814515818962,0.7656415706614357,0.5862070147249102,1,0.003844355903385943
Random,378,1,0.6829268336296082,0.31707316637039185,0,-0.9597584424972598,0.041386276111105305,0.0017128238503446456,0,-0.15408250156808012
Random,380,1,0.5227272510528564,0.47727274894714355,0,0.6273838665016801,0.7308847067028477,0.5341924544921076,1,0.006117081008671588
Random,387,1,0.5333333611488342,0.46666663885116577,0,-1.1674460427014313,0.024494658502102633,0.0005999882951346288,0,-0.0044890290873061955
Random,397,1,0.4878048896789551,0.5121951103210449,0,0.25877386566431604,0.5093055379514059,0.2593921309879709,1,0.041039442382572955
Random,398,1,0.9729729890823364,0.027027010917663574,1,0.928205971093185,0.8562039242188343,0.02067731141006275,0,-0.4441286570208084
Random,403,1,0.65625,0.34375,0,-0.9920578040218372,0.03816866577579737,0.0014568470471045254,0,-0.12740566793847197
Random,404,1,0.3125,0.6875,0,-1.025421446833713,0.035097851911991385,0.0012318592088360772,0,0.21634433206152803
Random,407,1,0.8108108043670654,0.18918919563293457,0,-0.7577335021154838,0.06815678155666956,0.004645346872163571,0,-0.2819664723055374
Random,414,1,0.6486486196517944,0.35135138034820557,0,-1.248584338856754,0.019913727233103137,0.00039655653231443353,0,-0.1198042875902664
Random,418,1,0.4375,0.5625,1,0.2367989238392766,0.49497085576876076,0.25505443652293786,0,0.09134433206152803
Random,420,1,0.25,0.75,0,-0.7467530393534045,0.06999928335616488,0.004899899670376662,0,0.27884433206152803
Random,425,1,0.4722222089767456,0.5277777910232544,1,1.2327421503400098,0.9294847169040471,0.00497240515010238,0,0.05662212308478243
Random,428,1,0.6551724076271057,0.3448275923728943,0,-1.1586762639217987,0.025047474189973377,0.0006273759632973825,0,-0.12632807556557768
Random,430,1,0.26829269528388977,0.7317073345184326,0,-0.8793088859226568,0.05056509729687605,0.0025568290646425414,0,0.26055166657996065
Random,431,1,0.529411792755127,0.47058820724487305,1,0.8970881467718711,0.8459144578974672,0.0237423542850314,0,-0.0005674606935989202
Random,433,1,0.6111111044883728,0.3888888955116272,0,-0.961582295690507,0.04119786775092655,0.0016972643072228337,0,-0.08226677242684477
Random,438,1,0.773809552192688,0.226190447807312,0,-0.595316949544719,0.10051393181945575,0.0101030504898062,0,-0.24496522013115996
Random,439,1,0.2978723347187042,0.7021276950836182,0,-0.34683812056398877,0.17608208277788243,0.03100489987539704,0,0.2309720271451462
Random,448,1,0.5909090638160706,0.40909093618392944,1,0.6446451698986794,0.7396517454320951,0.06778121365655461,0,-0.062064731754542524
Random,451,1,0.761904776096344,0.238095223903656,1,-1.0619148993802696,0.03201176047506542,0.9370012318585822,1,-0.23306044403481596
Random,452,1,0.3414634168148041,0.6585365533828735,0,-0.7039556646056391,0.07762800056179378,0.006026106471221856,0,0.18738088544440157
Random,457,1,0.529411792755127,0.47058820724487305,0,-0.9067924733979082,0.04723091351441415,0.002230759191406069,0,-0.0005674606935989202
Random,461,1,0.8648648858070374,0.13513511419296265,0,-0.6485841593761112,0.08862598760220125,0.00785456567846553,0,-0.3360205537455093
Random,462,1,0.4444444477558136,0.5555555820465088,0,-0.7577779404029198,0.06814941701864306,0.004644343039980917,0,0.08439991410803682
Random,467,1,0.2857142984867096,0.7142857313156128,0,-0.9095078768017251,0.04691306991363395,0.002200836128721507,0,0.24313006337714083
Random,481,1,0.9615384340286255,0.03846156597137451,0,-1.0150770037967964,0.03602358738781769,0.0012976988482877377,0,-0.43269410196709746
Random,483,1,0.6279069781303406,0.3720930218696594,0,-0.5590431699006141,0.10940135096395472,0.011968655592738395,0,-0.09906264606881254
Random,491,1,0.18918919563293457,0.8108108043670654,0,-0.7464558151101756,0.0700497917981208,0.004906973330960073,0,0.33965513642859346
Random,500,1,0.6071428656578064,0.3928571343421936,0,-0.7609841352962311,0.06762001265879324,0.004572466111975358,0,-0.07829853359627836
Random,503,1,0.48148149251937866,0.5185185074806213,0,-1.2399791084389393,0.02035675023753798,0.0004143972802335026,0,0.04736283954214937
Random,504,1,0.7837837934494019,0.21621620655059814,0,-0.953893815835684,0.04199770886307789,0.001763807549747851,0,-0.2549394613878738
Random,505,1,0.7368420958518982,0.2631579041481018,0,-1.3153078344199445,0.016784928004307087,0.0002817338081097723,0,-0.20799776379037016
Random,507,1,0.41304346919059753,0.5869565010070801,0,0.6482572647079646,0.7414627351592835,0.5497669876298859,1,0.11580083306860811
Random,512,1,0.260869562625885,0.739130437374115,0,-1.1664595038452588,0.024556247760494743,0.0006030093040748032,0,0.267974769435643
Random,521,1,0.22033898532390594,0.7796609997749329,0,-0.9844379378654236,0.03890538738964453,0.0015136291679383118,0,0.3085053318364609
Random,532,1,0.7105262875556946,0.2894737124443054,0,-1.5308329040563011,0.009634151865373338,9.281688216507656e-05,0,-0.18168195549416655
Random,558,1,0.2321428507566452,0.7678571343421936,0,-0.5391535699416428,0.11456176025054227,0.013124396911702725,0,0.29670146640372164
Random,573,1,0.47457626461982727,0.5254237651824951,0,-1.1743806691160954,0.024065962546295557,0.0005791705532797005,0,0.05426809724402315
Random,576,1,0.8358209133148193,0.16417908668518066,0,-0.8957929905270579,0.048539478018089215,0.002356080926268566,0,-0.3069765812532913
Random,577,1,0.29411765933036804,0.7058823108673096,1,0.2022614978634889,0.4724671749073742,0.2782908815502069,0,0.2347266429288376
Random,578,1,0.6666666865348816,0.3333333134651184,1,0.7527447166739342,0.790218921630342,0.044008100841936584,0,-0.13782235447335356
Random,579,1,0.3589743673801422,0.6410256624221802,0,-0.6629629236183507,0.08564173995280135,0.007334507622143251,0,0.1698699944837082
Random,582,1,0.53125,0.46875,0,0.541338439368705,0.6845107899744465,0.4685550215914408,1,-0.002405667938471967
Random,591,1,0.7142857313156128,0.2857142686843872,0,-1.2263591615774398,0.021077742559616707,0.00044427123140947745,0,-0.18544139925408476
Random,597,1,0.6666666865348816,0.3333333134651184,0,-1.4749895648252191,0.011128701351305193,0.00012384799376654202,0,-0.13782235447335356
Random,602,1,0.8085106611251831,0.1914893388748169,0,-1.0738071296773857,0.031063986625426945,0.0009649712650647041,0,-0.2796663290636551
Random,603,1,0.7272727489471436,0.27272725105285645,0,-1.0290745590489325,0.034776440639164,0.0012094008235292973,0,-0.19842841688561552
Random,611,1,0.8548387289047241,0.14516127109527588,1,1.061711046670978,0.8940215864329364,0.011231424142191573,0,-0.3259943968431961
Random,612,1,0.9166666865348816,0.08333331346511841,0,-1.0171940086219777,0.03583224094580052,0.0012839494911979035,0,-0.38782235447335356
Random,614,1,0.32692307233810425,0.6730769276618958,0,-0.7711741578303346,0.06596267386212247,0.004351074343040735,0,0.20192125972342378
Random,628,1,0.8541666865348816,0.1458333134651184,0,-1.4657247289441828,0.011397930587559762,0.00012991282167883043,0,-0.32532235447335356
Random,630,1,0.6666666865348816,0.3333333134651184,0,-0.9011353362113175,0.04789967819655791,0.0022943791713338053,0,-0.13782235447335356
Random,645,1,0.7454545497894287,0.2545454502105713,0,-1.441540744974084,0.012131408249374647,0.00014717106611299524,0,-0.21661021772790068
Random,652,1,0.40816327929496765,0.59183669090271,0,-1.2254590828253713,0.021126260173046307,0.0004463188688992426,0,0.120681022964238
Random,654,1,0.45945945382118225,0.5405405759811401,0,-0.6008749499670738,0.09921022273935831,0.009842668295993088,0,0.06938490804266817
Random,668,1,0.529411792755127,0.47058820724487305,0,-0.6809332678912065,0.08204026425872575,0.006730604959641554,0,-0.0005674606935989202
Random,670,1,0.25806450843811035,0.7419354915618896,0,-0.735043811283069,0.07201473715886852,0.005186122368060919,0,0.2707798236234177
Random,675,1,0.5438596606254578,0.45614033937454224,0,-0.4928978705826948,0.12738680753750634,0.016227398734597682,0,-0.01501532856392973
Random,677,1,0.3333333432674408,0.6666666269302368,0,-0.8650441133590194,0.05238234873022078,0.002743910458494463,0,0.19551095899176485
Random,682,1,0.739130437374115,0.260869562625885,1,0.29200462350044887,0.5309459590737657,0.22001169330922946,0,-0.21028610531258696
Random,685,1,0.5,0.5,0,-1.1182232643472192,0.027758732672912904,0.0007705472396062424,0,0.028844332061528033
Random,687,1,0.8064516186714172,0.19354838132858276,0,0.4055432841199619,0.6035363430143323,0.36425611733911384,1,-0.2776072866098892
Random,688,1,0.692307710647583,0.307692289352417,0,0.4085203315282774,0.6053937164097757,0.3665015518684399,1,-0.16346337858605497
Random,691,1,0.23880596458911896,0.7611940503120422,0,-0.7579044632388243,0.06812845305283566,0.004641486115372432,0,0.29003838237357027
Random,693,1,0.3617021143436432,0.6382979154586792,0,-1.0174026118897097,0.03581343929544595,0.001282602434168592,0,0.16714224752020723
Random,705,1,0.34545454382896423,0.6545454263687134,0,-0.7647936948413055,0.06699594068209758,0.004488456067879137,0,0.1833897584302414
Random,723,1,0.7599999904632568,0.24000000953674316,0,-0.8898756705520309,0.04925760026744512,0.0024263111841074094,0,-0.2311556584017288
Random,725,1,0.31481480598449707,0.6851851940155029,0,-0.45570251693943437,0.13857184175371368,0.019202155327016263,0,0.21402952607703096
Random,742,1,0.8461538553237915,0.1538461446762085,0,-0.9679885608405275,0.04054257049769308,0.0016437000225604135,0,-0.31730952326226347
Random,752,1,0.25925925374031067,0.7407407760620117,0,-0.6966830246616987,0.07899779913649405,0.00624065226840986,0,0.26958510812353975
Random,755,1,0.6785714030265808,0.3214285969734192,0,-1.3665676683798371,0.014714336753745765,0.00021651170610263346,0,-0.14972707096505278
Random,759,1,0.5660377144813538,0.43396228551864624,0,-1.1183191944279423,0.027751977520133843,0.0007701722562780142,0,-0.03719338241982573
Random,783,1,0.6538461446762085,0.3461538553237915,0,-0.9475591520621833,0.042667846937845005,0.0018205451623113694,0,-0.12500181261468046
Random,784,1,0.26760563254356384,0.7323943376541138,1,-0.8197556972332637,0.058568691671035296,0.8862929083019863,1,0.2612386697156418
Random,795,1,0.48275861144065857,0.517241358757019,0,-1.3064064391996002,0.017172601893444953,0.0002948982557907492,0,0.046085690818547076
Random,796,1,0.6909090876579285,0.30909091234207153,0,-1.3025552529547633,0.01734304312612961,0.0003007811448747915,0,-0.16206475559640043
Random,800,1,0.5869565010070801,0.4130434989929199,1,-0.15297554897520793,0.2616837724400149,0.5451108518784076,1,-0.058112168945552045
Random,803,1,0.6101694703102112,0.3898305296897888,0,-1.0620528388595605,0.03200060846674387,0.0010240389422418396,0,-0.08132513824868315
Random,804,1,0.3125,0.6875,0,-0.25961810746818587,0.2115646738831208,0.04475961123527126,0,0.21634433206152803
Random,807,1,0.800000011920929,0.19999998807907104,0,-1.0085194936360076,0.036622552486767074,0.0013412113506460091,0,-0.2711556798594009
Random,808,1,0.2985074520111084,0.7014925479888916,0,-0.7860578168575705,0.06360970375812698,0.004046194412196674,0,0.23033688005041963
Random,812,1,0.4146341383457184,0.585365891456604,0,-1.1066421446166919,0.028586086833536313,0.0008171643604544781,0,0.11421022351813204
Random,813,1,0.26760563254356384,0.7323943376541138,0,-0.776745080964443,0.06507263619116836,0.004234447980868155,0,0.2612386697156418
Random,816,1,0.560606062412262,0.43939393758773804,0,-0.8398228552958549,0.0557472159365913,0.003107752084680939,0,-0.03176173035073393
Random,819,1,0.41025641560554504,0.5897436141967773,0,-0.7906124124637997,0.06290543837285884,0.003957094176881541,0,0.11858794625830538
Random,827,1,0.3962264060974121,0.6037735939025879,1,-0.23291391827530628,0.22342196222743665,0.6030734487506847,1,0.13261792596411592
Random,831,1,0.4035087823867798,0.5964912176132202,0,0.35021611856683166,0.5685273765297763,0.32322337786383,1,0.12533554967474825
Random,838,1,0.3888888955116272,0.6111111044883728,0,-0.4803247726185056,0.13107870133286784,0.017181625943111168,0,0.13995543654990084
Random,849,1,0.4038461446762085,0.5961538553237915,0,-0.8156336642990116,0.059164609632482025,0.0035004510329639848,0,0.12499818738531954
Random,854,1,0.7735849022865295,0.22641509771347046,0,-1.1733020156235394,0.02413216065399164,0.0005823611778300622,0,-0.2447405702250015
Random,859,1,0.5645161271095276,0.4354838728904724,0,-1.0556540154323175,0.03252190932345778,0.0010576745860432103,0,-0.035671795047999555
Random,860,1,0.7692307829856873,0.23076921701431274,0,-1.3476679207399715,0.01544673522028063,0.0002386016289654581,0,-0.24038645092415922
Random,867,1,0.5416666865348816,0.4583333134651184,0,-0.693871336248037,0.07953327821009962,0.0063255423428451064,0,-0.012822354473353559
Random,869,1,0.8703703880310059,0.12962961196899414,0,-1.0334997040320468,0.03439090287681913,0.0011827342006828065,0,-0.3415260559694778
Random,872,1,0.5789473652839661,0.42105263471603394,0,-1.0298917193085813,0.034704933810817,0.0012044324308131888,0,-0.05010303322243803
Random,873,1,0.35483869910240173,0.6451612710952759,0,-0.9960375750691852,0.03778922838127814,0.0014280257816523974,0,0.1740056031568039
Random,879,1,0.6727272868156433,0.3272727131843567,0,-0.9439380816315927,0.043055493518509506,0.001853775522122414,0,-0.14388295475411528
Random,893,1,0.5135135054588318,0.4864864945411682,0,-1.0461176700465358,0.033314075629106314,0.0011098276350218152,0,0.015330826602696246
Random,898,1,0.5277777910232544,0.4722222089767456,0,0.7748302506407444,0.7996130725187082,0.6393810657428088,1,0.0010665410382736384
Random,907,1,0.4117647111415863,0.5882352590560913,0,-0.5125210136127395,0.12180247448664283,0.014835842791069278,0,0.11707959111761934
Random,911,1,0.25974026322364807,0.7402597665786743,0,-0.8801378066478397,0.050461352842519014,0.0025463481306972017,0,0.26910409864020235
Random,914,1,0.31081080436706543,0.6891891956329346,0,-0.849058633524735,0.05449206207502797,0.0029693848291887015,0,0.2180335276944626
Random,931,1,0.5740740895271301,0.4259259104728699,0,-0.8297437694062565,0.05714799511171535,0.0032658933452886416,0,-0.045229757465602094
Random,932,1,0.4057970941066742,0.5942028760910034,0,-0.7630879129376683,0.06727471367468472,0.004525887100010812,0,0.12304720815253145
Random,935,1,0.2702702581882477,0.7297297716140747,0,-1.453774940076395,0.01175470846517371,0.00013817317110122646,0,0.25857410367560274
Random,950,1,0.5625,0.4375,0,-1.0902907838513352,0.029795092914832406,0.0008877475618034962,0,-0.03365566793847197
Random,954,1,0.39024388790130615,0.6097561120986938,0,-0.0349827221136958,0.3253411932336884,0.10584689201472015,0,0.13860044416022188
Random,963,1,0.4054054021835327,0.5945945978164673,0,-0.052066574908030794,0.3156332494651375,0.09962434816792172,0,0.12343892987799532
Random,968,1,0.5833333134651184,0.4166666865348816,0,-0.9529945633545419,0.04209222340213568,0.0017717552709352984,0,-0.054488981403590375
Random,972,1,0.3499999940395355,0.6499999761581421,0,-0.8056038867197914,0.06063841406279626,0.0036770172600511276,0,0.17884430821967012
Random,973,1,0.6290322542190552,0.3709677457809448,0,-1.2322578809121554,0.020762467441259463,0.00043108005424935926,0,-0.10018792215752714
Random,974,1,0.8799999952316284,0.12000000476837158,0,-1.0354921192289712,0.03421866377758043,0.0011709169507230948,0,-0.3511556631701004
Random,980,1,0.644444465637207,0.35555553436279297,0,-1.0002179865833374,0.03739456509652915,0.0013983534987585561,0,-0.115600133575679
Random,981,1,0.27272728085517883,0.7272727489471436,0,-0.5786440234385891,0.10451647126627865,0.01092369276595485,0,0.2561170810086716
Random,985,1,0.25757575035095215,0.7424242496490479,0,-0.6223680526235251,0.094309373335019,0.008894257898843993,0,0.2712685817105759
Random,988,1,0.6315789222717285,0.3684210777282715,0,-1.4752229941953248,0.011121999906329175,0.00012369888191638619,0,-0.10273459021020048
Random,992,1,0.29870128631591797,0.701298713684082,0,-0.792716423212952,0.06258256256168404,0.003916577136787097,0,0.23014304574561006
Random,995,1,0.5306122303009033,0.4693877696990967,0,-0.8223249199332678,0.05820011410411891,0.003387253281732461,0,-0.0017678982393752873
Random,997,1,0.5714285969734192,0.4285714030265808,0,-0.7435739626740884,0.07054126601170797,0.004976070210534546,0,-0.042584264911891156
Random,1002,1,0.8085106611251831,0.1914893388748169,0,-0.826374117636336,0.05762363604976898,0.0033204834315962353,0,-0.2796663290636551
Random,1004,1,0.5384615659713745,0.4615384340286255,1,-0.32037122501733983,0.18632703105422296,0.6620637003930354,1,-0.009617233909846479
Random,1011,1,0.3283582031726837,0.6716418266296387,0,-1.081568253933872,0.030460156028001825,0.0009278211052502159,0,0.2004861586911667
Random,1012,1,0.5471698045730591,0.4528301954269409,1,0.7647031186675556,0.7953451096327737,0.04188362415122141,0,-0.01832547251153105
Random,1016,1,0.5400000214576721,0.4599999785423279,0,-0.664716553735903,0.0852840766130231,0.007273373723735994,0,-0.011155689396144086
Random,1019,1,0.4655172526836395,0.5344827175140381,0,-0.9516841139482,0.04223032032549675,0.0017833999547940639,0,0.06332704957556612
MaxMin,2,100,0.1111111119389534,0.8888888955116272,0,0.9209396623528685,0.9027624482971152,0.8149800380554015,1,0.27794864730558533
MaxMin,9,100,0.125,0.875,1,0.6892079498629966,0.8763130554508225,0.01529846025191131,0,0.26405975179395813
MaxMin,11,100,0.25925925374031067,0.7407407760620117,1,0.6916113162547755,0.876616624972685,0.015223457233131059,0,0.12980052785596985
MaxMin,15,100,0.125,0.875,1,0.6889754964483448,0.8762836602327817,0.0153057327253978,0,0.26405975179395813
MaxMin,18,100,0.125,0.875,1,0.8966658387345422,0.9002481819427183,0.009950425205733037,0,0.26405975179395813
MaxMin,24,100,0.125,0.875,1,0.4167811489640656,0.837557103088597,0.026387694756968706,0,0.26405975179395813
MaxMin,29,100,0.10000000149011612,0.8999999761581421,1,0.9403878447626062,0.9047359199133743,0.009075244954751031,0,0.2890597279521002
MaxMin,30,100,0.30000001192092896,0.699999988079071,1,0.9219103176799499,0.9028618028492863,0.009435829345690924,0,0.08905973987302918
MaxMin,31,100,0.2631579041481018,0.7368420958518982,0,0.32144832554191466,0.8218526139580953,0.675441719069754,1,0.12590184764585632
MaxMin,36,100,0.125,0.875,1,0.9721966915412168,0.9078864895599662,0.008484898805586215,0,0.26405975179395813
MaxMin,41,100,0.7096773982048035,0.29032260179519653,0,0.7102438877270499,0.878948443262627,0.7725503659137954,1,-0.32061764641084534
MaxMin,44,100,0.2142857164144516,0.7857142686843872,1,1.0995398086494392,0.9195799336807771,0.006467387066788215,0,0.17477402047834534
MaxMin,45,100,0.25,0.75,1,0.2684833649892252,0.8126256665488548,0.035109140836260946,0,0.13905975179395813
MaxMin,46,100,0.1807228922843933,0.8192771077156067,1,0.5514774247182795,0.8578195141745907,0.02021529054954942,0,0.20833685950956482
MaxMin,48,100,0.1428571492433548,0.8571428656578064,1,0.809031548299953,0.89068459825477,0.01194985705872104,0,0.24620261745176453
MaxMin,52,100,0.38461539149284363,0.615384578704834,1,0.6111512624209334,0.8661003976567604,0.017929103507677697,0,0.004444330498792115
MaxMin,53,100,1.0,0.0,1,1.0001493804308184,0.9105775003006553,0.0079963834524793,0,-0.6109402482060419
MaxMin,54,100,0.19354838132858276,0.8064516186714172,1,0.41891044212437056,0.8378947786924678,0.026278102775164007,0,0.19551137046537537
MaxMin,57,100,0.2916666567325592,0.7083333730697632,1,0.4759559268750632,0.8467318200933788,0.02349113497188841,0,0.09739312486372131
MaxMin,58,100,0.5,0.5,1,0.5715811192515672,0.8606559702196702,0.019416758635421433,0,-0.11094024820604187
MaxMin,60,100,0.27272728085517883,0.7272727489471436,0,0.5168241730462267,0.8528173126361417,0.7272973687319306,1,0.11633250074110169
MaxMin,61,100,0.13333334028720856,0.8666666746139526,1,0.9841022781933549,0.9090414275967025,0.008273461893645917,0,0.25572642640791077
MaxMin,62,100,0.9444444179534912,0.05555558204650879,1,0.9537041325895531,0.9060664257490859,0.00882351637155199,0,-0.5553846661595331
MaxMin,70,100,0.5454545617103577,0.45454543828964233,1,-0.03345906111194885,0.7530458034054354,0.060986375215666876,1,-0.15639480991639954
MaxMin,78,100,0.10000000149011612,0.8999999761581421,1,0.7628957629748443,0.8853330587983607,0.013148507404540214,0,0.2890597279521002
MaxMin,83,100,0.17142857611179352,0.8285714387893677,1,0.8133414595329759,0.8911731760853775,0.011843277603344252,0,0.2176311905833258
MaxMin,85,100,0.13636364042758942,0.8636363744735718,0,1.0695879755728441,0.9169577692558945,0.8408115505987461,1,0.2526961262675299
MaxMin,86,100,0.260869562625885,0.739130437374115,1,0.373235246491495,0.8305265011739131,0.028721266804355668,0,0.12819018916807312
MaxMin,93,100,0.2083333283662796,0.7916666865348816,1,0.792455886757294,0.8887875901039247,0.012368200114892662,0,0.18072643832883972
MaxMin,109,100,0.8148148059844971,0.18518519401550293,1,0.9794342787005133,0.9085901551825337,0.008355759729553268,0,-0.42575505419053894
MaxMin,112,100,0.24242424964904785,0.7575757503509521,1,0.687536860252884,0.8761016020098401,0.015350813024528056,0,0.14663550214491028
MaxMin,123,100,0.20588235557079315,0.7941176295280457,0,0.81957537423513,0.8918764695787464,0.7954436369882486,1,0.18317738132200378
MaxMin,124,100,0.19230769574642181,0.807692289352417,1,0.13797870807180512,0.788335031464432,0.04480205890516301,0,0.19675204114637512
MaxMin,125,100,0.30000001192092896,0.699999988079071,1,0.6937542472950959,0.8768867587655398,0.015156870167254394,0,0.08905973987302918
MaxMin,134,100,0.625,0.375,1,0.8327884845175059,0.8933539417140125,0.011373381747938243,0,-0.23594024820604187
MaxMin,140,100,0.16326530277729034,0.8367347121238708,0,1.3447352609233865,0.9383524736511656,0.8805053648072614,1,0.22579446391782898
MaxMin,141,100,0.25,0.75,0,0.5660946801502734,0.859886620189522,0.7394049995809593,1,0.13905975179395813
MaxMin,142,100,0.3888888955116272,0.6111111044883728,1,0.44170202575313283,0.8414738030459331,0.025130555120719607,0,0.00017085628233093342
MaxMin,144,100,0.5199999809265137,0.48000001907348633,0,0.7557168201434199,0.8844801159691884,0.7823050755448689,1,-0.13094022913255554
MaxMin,146,100,0.3870967626571655,0.6129032373428345,1,0.8338132121342966,0.8934677793535974,0.011349114035853798,0,0.0019629891367926033
MaxMin,149,100,0.6875,0.3125,1,0.8365767711236655,0.8937742514782888,0.011283909648997826,0,-0.29844024820604187
MaxMin,152,100,0.3191489279270172,0.6808511018753052,0,0.3345444263444177,0.8240784339598156,0.6791052653176621,1,0.0699108536692633
MaxMin,154,100,0.9285714030265808,0.07142859697341919,1,1.1486843031434875,0.9237190031705972,0.005818790477287362,0,-0.5395116512326227
MaxMin,157,100,0.125,0.875,1,0.7572841972972375,0.884666808222992,0.013301745125472096,0,0.26405975179395813
MaxMin,158,100,0.13333334028720856,0.8666666746139526,0,0.8892964596138297,0.8994735033962378,0.8090525833119018,1,0.25572642640791077
MaxMin,162,100,0.05263157933950424,0.9473684430122375,0,0.7618146989290508,0.8852049671922818,0.7835878339418887,1,0.3364281948061957
MaxMin,163,100,0.6363636255264282,0.3636363744735718,1,0.6652856335353081,0.8732563316673706,0.016063957462411564,0,-0.2473038737324701
MaxMin,169,100,0.05000000074505806,0.949999988079071,0,0.6730034680783827,0.8742494861574959,0.7643121640466456,1,0.3390597398730292
MaxMin,170,100,0.1538461595773697,0.8461538553237915,1,0.7444469659246953,0.8831300003225492,0.013658596824607355,0,0.23521360711774963
MaxMin,174,100,0.1666666716337204,0.8333333134651184,0,0.22387681686014094,0.8045730655016319,0.6473378177306932,1,0.22239306525907654
MaxMin,175,100,0.1111111119389534,0.8888888955116272,1,0.23872799369002023,0.8072828055725874,0.03713991702797317,0,0.27794864730558533
MaxMin,182,100,0.03999999910593033,0.9599999785423279,0,0.722240434868941,0.8804295936702997,0.775156269410449,1,0.349059730336286
MaxMin,187,100,0.28070175647735596,0.719298243522644,1,0.3575258488300214,0.8279313985201432,0.02960760361523378,0,0.10835799531660217
MaxMin,188,100,0.232876718044281,0.767123281955719,1,0.8229488068237377,0.8922553834039717,0.011608902405425137,0,0.15618303374967712
MaxMin,192,100,0.46666666865348816,0.5333333015441895,1,1.4072384069649364,0.9424379865247068,0.0033133853953298377,0,-0.07760694666185242
MaxMin,193,100,0.2063492089509964,0.7936508059501648,0,0.9059882458691647,0.9012205571298856,0.8121984925935014,1,0.18271055774412293
MaxMin,196,100,0.25,0.75,1,0.8429678973736323,0.8944800376692633,0.011134462450280089,0,0.13905975179395813
MaxMin,197,100,0.18681319057941437,0.8131868243217468,0,0.7332870811778974,0.881779588704976,0.7775352430567166,1,0.20224657611570496
MaxMin,199,100,0.6666666865348816,0.3333333134651184,1,-0.05415110133359047,0.7485293856831324,0.06323746986490277,1,-0.27760693474092346
MaxMin,200,100,0.14814814925193787,0.8518518209457397,1,1.010301998674215,0.9115372174389073,0.007825663898451175,0,0.24091157273969788
MaxMin,209,100,0.42592594027519226,0.5740740299224854,1,0.9274377053709999,0.903425851201454,0.0093265662161637,0,-0.03686621828355652
MaxMin,222,100,0.4285714328289032,0.5714285373687744,1,0.10716504673299321,0.782274733817369,0.04740429153429752,0,-0.039511710837267455
MaxMin,230,100,0.40909090638160706,0.5909091234207153,0,1.2955195620942555,0.9349464609520591,0.8741248848467802,1,-0.020031124785326537
MaxMin,232,100,0.6595744490623474,0.3404255509376526,1,0.3924557647477893,0.8336591295064258,0.02766928519656001,0,-0.2705146972683893
MaxMin,243,100,0.16129031777381897,0.8387097120285034,0,0.6278569047045985,0.8683443973007416,0.7540219923235882,1,0.22776946382246155
MaxMin,247,100,0.1875,0.8125,1,0.7009476677196353,0.877789832257349,0.014935325099686902,0,0.20155975179395813
MaxMin,248,100,0.4202898442745209,0.5797101259231567,1,0.6429066198396605,0.8703385680851317,0.01681208692621404,0,-0.03123012228288513
MaxMin,252,100,0.25,0.75,0,0.0065212379507881835,0.7616166509681231,0.5800599230318999,1,0.13905975179395813
MaxMin,256,100,0.35483869910240173,0.6451612710952759,1,0.13764411717734792,0.7882698932124902,0.04482963812025031,0,0.03422102288923401
MaxMin,259,100,0.0833333358168602,0.9166666865348816,1,0.7993278477354976,0.8895775251799873,0.01219312294537633,0,0.3057264383288397
MaxMin,270,100,0.4117647111415863,0.5882352590560913,1,1.0364988231030512,0.9139707411501495,0.007401033378254575,0,-0.02270498914995056
MaxMin,285,100,0.7435897588729858,0.25641024112701416,1,0.8758299996005587,0.8980440805554557,0.010395009509782406,0,-0.3545300070790277
MaxMin,295,100,0.9230769276618958,0.07692307233810425,1,1.3551827987143235,0.9390537504664116,0.0037144453322104248,0,-0.5340171758679376
MaxMin,296,100,0.44999998807907104,0.550000011920929,1,0.08102616444311483,0.7770364523617438,0.049712743575436945,0,-0.060940236285112914
MaxMin,298,100,0.2321428507566452,0.7678571343421936,1,0.5971141581788953,0.8641899285295092,0.01844437551281983,0,0.15691688613615173
MaxMin,307,100,0.4000000059604645,0.6000000238418579,1,1.6537494275500562,0.9561936331595339,0.0019189977757614902,0,-0.01094022436418396
MaxMin,310,100,0.2857142984867096,0.7142857313156128,0,0.4046452006181535,0.8356216826075902,0.6982635964439402,1,0.10334548310957092
MaxMin,311,100,0.3799999952316284,0.6200000047683716,1,0.5218182937276736,0.85354709279597,0.021448454028512233,0,0.009059756562329713
MaxMin,312,100,0.31707316637039185,0.6829268336296082,0,0.18529790549257918,0.7973995328567189,0.6358460150001136,1,0.07198658542356628
MaxMin,313,100,0.2291666716337204,0.7708333134651184,0,0.33750072360770184,0.8245778511338046,0.6799286325804428,1,0.15989306525907654
MaxMin,321,100,0.23076923191547394,0.7692307829856873,1,0.36821459144756563,0.8297005216442026,0.029001912328256704,0,0.1582905347796454
MaxMin,323,100,0.6190476417541504,0.3809523582458496,1,0.9149192492227336,0.9021441820551761,0.009575761105650518,0,-0.22998788996019226
MaxMin,335,100,0.8518518805503845,0.14814811944961548,1,1.0721321905331627,0.9171834933898794,0.006858573767104154,0,-0.4627921287564264
MaxMin,336,100,0.8399999737739563,0.1600000262260437,0,0.9070232366773827,0.9013279899711093,0.8123921455053601,1,-0.45094022197999817
MaxMin,340,100,0.4375,0.5625,1,0.8848370408885375,0.8990021322856574,0.010200569282843849,0,-0.04844024820604187
MaxMin,350,100,0.5757575631141663,0.42424243688583374,1,0.750692547734115,0.8838798968317798,0.0134838783597981,0,-0.18669781132020813
MaxMin,366,100,0.5625,0.4375,1,1.2217516919264189,0.929512363340109,0.004968506921896809,0,-0.17344024820604187
MaxMin,373,100,0.21153846383094788,0.7884615659713745,1,0.7938932971072404,0.8889532289336594,0.01233138536426027,0,0.17752131776533264
MaxMin,376,100,0.39393940567970276,0.6060606241226196,1,0.7258161192626605,0.8808680249698528,0.014192427474583607,0,-0.00487962408342224
MaxMin,377,100,0.24561403691768646,0.7543859481811523,1,0.4146320311800016,0.8372157088929649,0.02649872543121994,0,0.14344569997511047
MaxMin,381,100,0.2142857164144516,0.7857142686843872,1,0.6532252182344319,0.8716909397909745,0.016463214931723345,0,0.17477402047834534
MaxMin,413,100,0.2075471729040146,0.7924528121948242,1,0.5680542562116397,0.8601618141413975,0.019554718224225064,0,0.18151256398878235
MaxMin,417,100,0.8125,0.1875,1,-0.05600694127692529,0.7481216455316899,0.06344270544966366,1,-0.42344024820604187
MaxMin,420,100,0.25,0.75,1,0.7660133051974306,0.8857017492376135,0.013064090127341393,0,0.13905975179395813
MaxMin,427,100,0.6000000238418579,0.3999999761581421,1,0.5141770027726191,0.8524292686079988,0.02177712076357016,0,-0.21094027204789978
MaxMin,430,100,0.3235294222831726,0.6764705777168274,0,0.21211253862532797,0.8024061559894718,0.6438556391698006,1,0.06553032951078552
MaxMin,432,100,0.6551724076271057,0.3448275923728943,0,-0.4593960482456225,0.6497715109721567,0.4222030164710395,0,-0.2661126558331476
MaxMin,437,100,0.3636363744735718,0.6363636255264282,1,0.6291983312548566,0.8685231946989943,0.017286150332158558,0,0.025423377320386353
MaxMin,439,100,0.2978723347187042,0.7021276950836182,1,0.4616381605033051,0.8445516078769643,0.02416420261363708,0,0.0911874468775763
MaxMin,442,100,0.3571428656578064,0.6428571343421936,1,1.1447134761527418,0.9233919615824652,0.005868791550182492,0,0.031916886136151734
MaxMin,443,100,0.6538461446762085,0.3461538553237915,1,-0.565984761886068,0.6209755756689154,0.1436595142395101,1,-0.26478639288225037
MaxMin,444,100,0.13725490868091583,0.8627451062202454,1,1.2328866560610656,0.9303587091543518,0.004849909390648162,0,0.2518048580142035
MaxMin,447,100,0.3617021143436432,0.6382979154586792,1,0.38116532870922093,0.8318246284160011,0.028282955607416095,0,0.02735766725263733
MaxMin,475,100,0.20338982343673706,0.7966101765632629,0,0.7353587597301682,0.8820312911495123,0.7779791985668757,1,0.18566992835722107
MaxMin,476,100,0.2954545319080353,0.7045454978942871,1,0.3972407685914024,0.8344317635056887,0.027412840935836194,0,0.09360524968824524
MaxMin,481,100,0.9615384340286255,0.03846156597137451,1,1.0065814765367884,0.9111866045077787,0.007887819218857721,0,-0.5724786822346674
MaxMin,491,100,0.18918919563293457,0.8108108043670654,1,0.8461697517526023,0.8948320680944366,0.01106029390129322,0,0.19987055616102356
MaxMin,492,100,0.7692307829856873,0.23076921701431274,1,-0.07045193886695755,0.7449330225485163,0.06505916298623567,1,-0.3801710311917291
MaxMin,494,100,0.2083333283662796,0.7916666865348816,1,0.9218756711629554,0.9028582580531265,0.009436518028472968,0,0.18072643832883972
MaxMin,499,100,0.7441860437393188,0.25581395626068115,1,1.0402844772426745,0.9143173492806456,0.007341516634294889,0,-0.3551262919453607
MaxMin,511,100,0.27419355511665344,0.725806474685669,1,0.8998112251691052,0.900577209697615,0.00988489123151202,0,0.11486622647962708
MaxMin,514,100,0.5,0.5,1,0.5156429369748575,0.8526442617366705,0.021713713599130866,0,-0.11094024820604187
MaxMin,521,100,0.24074074625968933,0.7592592239379883,1,0.6236387468046133,0.8677808186970211,0.017481911904430016,0,0.1483189757319464
MaxMin,533,100,0.25999999046325684,0.7400000095367432,1,0.6408251798973608,0.8700643054027629,0.016883284730466467,0,0.1290597613307013
MaxMin,544,100,0.9166666865348816,0.08333331346511841,1,1.0791361668731319,0.9178020092559999,0.006756509682350732,0,-0.5276069347409235
MaxMin,547,100,0.8571428656578064,0.1428571343421936,1,0.8753769394376568,0.8979956777385488,0.010404881760017984,0,-0.46808311386384827
MaxMin,553,100,0.25999999046325684,0.7400000095367432,1,0.8577593133668793,0.896097638826826,0.01079570065736069,0,0.1290597613307013
MaxMin,554,100,0.6000000238418579,0.3999999761581421,1,1.1038538277836032,0.9199513254492497,0.006407790297331933,0,-0.21094027204789978
MaxMin,555,100,0.2142857164144516,0.7857142686843872,1,0.4717653092789818,0.846096306094925,0.02368634699762701,0,0.17477402047834534
MaxMin,557,100,0.1807228922843933,0.8192771077156067,1,1.184669074460833,0.9266248224216861,0.0053839166846491,0,0.20833685950956482
MaxMin,558,100,0.2321428507566452,0.7678571343421936,1,0.7163327613788779,0.8797021715003929,0.01447156754172089,0,0.15691688613615173
MaxMin,564,100,0.9473684430122375,0.05263155698776245,1,0.9585162779256106,0.9065431232868713,0.008734187804972945,0,-0.5583086912182794
MaxMin,567,100,0.23076923191547394,0.7692307829856873,1,0.6028703831276081,0.8649761226730989,0.018231447448390045,0,0.1582905347796454
MaxMin,568,100,0.7272727489471436,0.27272725105285645,1,0.45574807800168027,0.8436473864460277,0.024446139765157814,0,-0.3382129971531854
MaxMin,579,100,0.4375,0.5625,1,-0.13204705853830712,0.7310414167127078,0.07233871952390727,1,-0.04844024820604187
MaxMin,586,100,0.6078431606292725,0.39215683937072754,1,0.8573119265719042,0.8960490353893101,0.010805803043492898,0,-0.21878340883531433
MaxMin,592,100,0.43939393758773804,0.560606062412262,0,-0.02052991383603653,0.7558400091677032,0.5712941194586337,0,-0.050334185793779906
MaxMin,593,100,0.2063492089509964,0.7936508059501648,1,0.9086510024883869,0.9014967428053853,0.009702891677948418,0,0.18271055774412293
MaxMin,601,100,0.27184465527534485,0.7281553745269775,1,0.19578350532764188,0.7993685094761442,0.04025299498982402,0,0.11721512632093567
MaxMin,604,100,0.2931034564971924,0.7068965435028076,0,0.6295420454955453,0.8685689748488111,0.7544120640699147,1,0.09595629529676575
MaxMin,609,100,0.5641025900840759,0.4358974099159241,1,0.7111533070471787,0.8790612763954458,0.014626174867098744,0,-0.1750428382901178
MaxMin,619,100,0.6666666865348816,0.3333333134651184,1,0.9518077786042023,0.9058779724600033,0.008858956068239889,0,-0.27760693474092346
MaxMin,623,100,0.3243243098258972,0.6756756901741028,1,0.5518821376347955,0.8578770877108317,0.020198922197554623,0,0.06473544196806091
MaxMin,625,100,0.27586206793785095,0.7241379022598267,1,0.6387293548886839,0.8697876487985273,0.01695525640541566,0,0.11319765405378479
MaxMin,631,100,0.3958333432674408,0.6041666269302368,1,0.4025160112791621,0.8352802195060516,0.02713260608597455,0,-0.006773621275805053
MaxMin,632,100,0.9285714030265808,0.07142859697341919,1,0.5169261829989052,0.8528322491877179,0.02165834687914595,0,-0.5395116512326227
MaxMin,635,100,0.24193547666072845,0.7580645084381104,0,1.0910819428301655,0.9188472337950444,0.844280239052805,1,0.14712426023206848
MaxMin,638,100,0.2698412835597992,0.7301586866378784,1,-0.018196291531043518,0.7563420575777001,0.059369192905468805,1,0.11921843843183655
MaxMin,640,100,0.75,0.25,0,-0.5944793088935723,0.6131209300959054,0.3759172749216681,0,-0.36094024820604187
MaxMin,644,100,0.2786885201931,0.7213114500045776,1,0.5618698918402807,0.8592917678605597,0.019798806591806616,0,0.11037120179853577
MaxMin,658,100,0.46666666865348816,0.5333333015441895,1,0.8892681002801652,0.8994705119308753,0.010106177971440275,0,-0.07760694666185242
MaxMin,663,100,0.3086419701576233,0.6913580298423767,1,0.6802717616820506,0.8751786929289376,0.01558035869892846,0,0.08041778163633484
MaxMin,667,100,0.3478260934352875,0.6521738767623901,1,0.13475101253570498,0.7877060513468137,0.0450687206347617,0,0.04123362855634827
MaxMin,677,100,0.3333333432674408,0.6666666269302368,1,1.1535411385377996,0.9241172757264083,0.005758187843181937,0,0.05572637872419495
MaxMin,691,100,0.23880596458911896,0.7611940503120422,1,0.3188727435643521,0.8214122802577623,0.031893573642732057,0,0.15025380210600037
MaxMin,694,100,0.6415094137191772,0.35849058628082275,0,-0.23120813872247714,0.7076987807012506,0.5008375642060368,0,-0.2524496619252191
MaxMin,701,100,0.4098360538482666,0.5901639461517334,0,0.18334397966947036,0.7970310374287705,0.6352584746247821,1,-0.02077630205430847
MaxMin,709,100,0.22857142984867096,0.7714285850524902,1,0.7476569211724813,0.8835159376763048,0.013568536775430516,0,0.16048833684644837
MaxMin,710,100,0.6190476417541504,0.3809523582458496,1,1.1090493997557522,0.9203965307293707,0.006336712319920028,0,-0.22998788996019226
MaxMin,712,100,0.34328359365463257,0.6567164063453674,1,1.0966348202271798,0.9193289594310009,0.006507816786485098,0,0.04577615813932556
MaxMin,733,100,0.47727271914482117,0.5227272510528564,1,0.8950480306143099,0.9000785719506167,0.009984291783428086,0,-0.08821299715318542
MaxMin,751,100,0.2539682686328888,0.7460317611694336,0,0.3895601029767496,0.8331901671692014,0.6942058546674417,1,0.13509151296339172
MaxMin,766,100,0.3214285671710968,0.6785714626312256,1,0.7595153472559206,0.884932110667053,0.013240619155539333,0,0.06763121442518372
MaxMin,774,100,0.6666666865348816,0.3333333134651184,1,0.8677796221003664,0.897180976908808,0.010571751509427064,0,-0.27760693474092346
MaxMin,784,100,0.26760563254356384,0.7323943376541138,1,0.51916946712085,0.853160399465485,0.021561868285135923,0,0.1214540894480719
MaxMin,787,100,0.1944444477558136,0.8055555820465088,1,0.5120976649619396,0.8521238692300926,0.021867350051478742,0,0.19461533384046692
MaxMin,797,100,0.28985506296157837,0.7101449370384216,1,0.21318233136371012,0.8026039516109539,0.03896519991961064,0,0.09920468883237976
MaxMin,807,100,0.800000011920929,0.19999998807907104,1,0.5559057049505097,0.8584484137523202,0.02003685156923434,0,-0.4109402601269708
MaxMin,819,100,0.41025641560554504,0.5897436141967773,1,1.0969547141981648,0.9193566313953206,0.006503352899910184,0,-0.021196634009264526
MaxMin,827,100,0.3962264060974121,0.6037735939025879,1,0.7433978007458246,0.8830036173723613,0.013688153547952832,0,-0.007166654303453979
MaxMin,831,100,0.46000000834465027,0.5399999618530273,1,1.490960369512163,0.9475130105058442,0.002754884066159617,0,-0.07094028635301453
MaxMin,832,100,0.24137930572032928,0.7586206793785095,0,0.9058652552211514,0.9012077836847465,0.8121754693739729,1,0.14768043117246765
MaxMin,851,100,0.6101694703102112,0.3898305296897888,1,1.0770742970762033,0.9176203651994306,0.0067864042298751885,0,-0.22110971851625305
MaxMin,856,100,0.25757575035095215,0.7424242496490479,0,0.565647876767042,0.8598238097239203,0.7392969837681562,1,0.13148400144300598
MaxMin,857,100,0.4262295067310333,0.5737705230712891,0,0.33745786459204374,0.8245706187972659,0.679916705383706,1,-0.03716972513475281
MaxMin,858,100,0.5600000023841858,0.4399999976158142,1,1.0718748131432094,0.9171606841283972,0.006862352254075177,0,-0.17094025059022766
MaxMin,860,100,0.7692307829856873,0.23076921701431274,1,0.39064951619650073,0.8333667253311965,0.027766648226848913,0,-0.3801710311917291
MaxMin,862,100,0.27272728085517883,0.7272727489471436,1,0.7281990846398314,0.8811594389323714,0.014123078954868772,0,0.11633250074110169
MaxMin,867,100,0.5416666865348816,0.4583333134651184,1,0.5000484113747601,0.8503438611333393,0.022396959900477242,0,-0.15260693474092346
MaxMin,870,100,0.37037035822868347,0.6296296119689941,1,0.22609594430142899,0.8049797924149904,0.03803288136650024,0,0.01868936376295227
MaxMin,879,100,0.719298243522644,0.28070175647735596,1,0.03678153582664889,0.7679664753823747,0.053839556546478116,0,-0.3302384917286859
MaxMin,883,100,0.7894737124443054,0.21052628755569458,1,0.6571731166354345,0.8722051675870136,0.01633151919146328,0,-0.4004139606503473
MaxMin,884,100,0.5277777910232544,0.4722222089767456,0,0.6083017970914275,0.8657144284669713,0.7494614716558948,1,-0.13871803922929626
MaxMin,888,100,0.21621622145175934,0.7837837934494019,1,0.7290113154846158,0.8812586260134967,0.014099513896202644,0,0.17284354524336
MaxMin,891,100,0.13333334028720856,0.8666666746139526,1,0.5017869323560626,0.8506017744259277,0.022319829804681404,0,0.25572642640791077
MaxMin,893,100,0.5135135054588318,0.4864864945411682,1,0.7471508084091671,0.8834551605980161,0.01358269959123422,0,-0.12445375366487366
MaxMin,902,100,0.2586206793785095,0.7413793206214905,0,-0.0008297292649914745,0.7600562260097655,0.5776854666962078,0,0.1304390724154486
MaxMin,911,100,0.43661972880363464,0.563380241394043,1,-0.08159113310220678,0.7424560745078356,0.06632887355791355,1,-0.0475600068119989
MaxMin,914,100,0.31081080436706543,0.6891891956329346,1,-0.004110310618396729,0.7593575895788351,0.057908769693308354,1,0.0782489474268927
MaxMin,920,100,0.5365853905677795,0.46341460943222046,0,1.1461403781864163,0.9235096305143897,0.8528700376528247,1,-0.1475256387738214
MaxMin,925,100,0.10000000149011612,0.8999999761581421,1,0.7187816597357052,0.8800041711009663,0.014398998953166172,0,0.2890597279521002
MaxMin,926,100,0.29411765933036804,0.7058823108673096,1,0.584019365890218,0.8623870457442416,0.018937325178997447,0,0.0949420626612677
MaxMin,933,100,0.6969696879386902,0.3030303120613098,1,1.0088552737201653,0.9114010303575363,0.007849777421706209,0,-0.30790993614473205
MaxMin,935,100,0.2702702581882477,0.7297297716140747,0,-0.20758511110924915,0.7133666768047494,0.5088920155754518,0,0.11878952340803284
MaxMin,937,100,0.34210526943206787,0.6578947305679321,1,1.1767530935174502,0.9259944714818736,0.0054768182512472145,0,0.04695448236189026
MaxMin,948,100,0.3529411852359772,0.6470588445663452,1,0.5280103653436171,0.8544477616700533,0.0211854540828576,0,0.036118596360303346
MaxMin,951,100,0.3243243098258972,0.6756756901741028,1,0.814358141488929,0.891288148850841,0.011818266580276912,0,0.06473544196806091
MaxMin,957,100,0.23333333432674408,0.7666666507720947,1,0.5571814851680099,0.8586291671196824,0.019985712389274688,0,0.15572640256605286
MaxMin,960,100,0.27450981736183167,0.7254902124404907,1,0.8084333032989581,0.8906166284404933,0.011964721973725105,0,0.11454996423444885
MaxMin,964,100,0.9821428656578064,0.017857134342193604,1,1.0012855406696815,0.9106853652305698,0.007977103983996718,0,-0.5930831138638483
MaxMin,978,100,0.1538461595773697,0.8461538553237915,0,0.46047897388200854,0.8443739921514805,0.7129674386218284,1,0.23521360711774963
MaxMin,981,100,0.27272728085517883,0.7272727489471436,1,0.7104361445374932,0.8789723044414997,0.014647703092201045,0,0.11633250074110169
MaxMin,982,100,0.5161290168762207,0.4838709831237793,1,0.7091057970318415,0.8788071106327371,0.014687716433185628,0,-0.12706926508226257
MaxMin,984,100,0.5625,0.4375,1,0.3065148576459742,0.8192876677526589,0.032656947026273385,0,-0.17344024820604187
MaxMin,987,100,0.21052631735801697,0.7894736528396606,0,0.23714903679652038,0.8069960740136657,0.6512426634734698,1,0.17853340463361878
MaxMin,994,100,0.8703703880310059,0.12962961196899414,1,1.001598216532802,0.9107150294946146,0.007971805958147544,0,-0.48131063623704773
MaxMin,998,100,0.6794871687889099,0.3205128312110901,1,0.6387763134779473,0.8697938529866155,0.0169536407200711,0,-0.2904274169949518
MaxMin,999,100,0.32307693362236023,0.6769230365753174,1,0.7096943557641433,0.8788802179499051,0.014670001603862486,0,0.06598278836927551
MaxMin,1001,100,0.3194444477558136,0.6805555820465088,1,0.055002898758579555,0.7717326820103362,0.0521059684621943,0,0.06961533384046692
MaxMin,1003,100,0.36764705181121826,0.6323529481887817,1,0.4497013183068694,0.8427146598565696,0.024738678224034607,0,0.02141269998273987
MaxMin,1006,100,0.302325576543808,0.6976743936538696,1,0.15680914608905694,0.791977317703302,0.04327343634991294,0,0.08673414544782776
MaxMin,1010,100,0.261904776096344,0.738095223903656,1,0.7622503056780734,0.8852565957293901,0.013166048823608622,0,0.12715497569761414
MaxMin,1015,100,0.20454545319080353,0.7954545617103577,1,0.7763086464427165,0.88691198157302,0.012788899911740972,0,0.1845143135043158
MaxMin,1020,100,0.24418604373931885,0.7558139562606812,0,1.0469378300472738,0.9149234533112414,0.8370849254189673,1,0.14487370805463928
MaxMin,1025,100,0.36486485600471497,0.6351351737976074,1,0.6230934561032822,0.8677078145554259,0.017501222329701586,0,0.024194925591565553
MaxMin,1026,100,0.1428571492433548,0.8571428656578064,0,0.883704473723405,0.8988821052353795,0.8079890391123878,1,0.24620261745176453
MaxMin,1032,100,0.949999988079071,0.050000011920928955,1,0.9601891497336947,0.9067083313064549,0.008703335447626184,0,-0.5609402362851129
MaxMin,2,11,0.1111111119389534,0.8888888955116272,0,-0.4334122854742227,0.22042722530306247,0.04858816165480706,0,0.27794864730558533
MaxMin,9,11,0.125,0.875,1,-0.23338707162919664,0.3198289333456463,0.4626326799137212,1,0.26405975179395813
MaxMin,11,11,0.25925925374031067,0.7407407760620117,0,-0.6201825540026938,0.14955514247108903,0.022366740639547737,0,0.12980052785596985
MaxMin,15,11,0.125,0.875,1,-0.539338763545786,0.17762435550023747,0.6763017006663998,1,0.26405975179395813
MaxMin,18,11,0.125,0.875,0,-0.14328204635342787,0.37158090148120343,0.1380723663455838,0,0.26405975179395813
MaxMin,24,11,0.125,0.875,1,-0.4143965028570176,0.22884835328687986,0.5946748622283567,1,0.26405975179395813
MaxMin,29,11,0.10000000149011612,0.8999999761581421,0,-0.34892267000440336,0.2595440264084853,0.0673631016443285,0,0.2890597279521002
MaxMin,30,11,0.30000001192092896,0.699999988079071,1,0.446004723558153,0.7257144138142573,0.0752325827892565,0,0.08905973987302918
MaxMin,31,11,0.2631579041481018,0.7368420958518982,0,-0.5583638790746372,0.17066762896544058,0.02912743957668529,0,0.12590184764585632
MaxMin,36,11,0.125,0.875,0,-0.1870035036760869,0.3460121701643617,0.1197244219018512,0,0.26405975179395813
MaxMin,41,11,0.7096773982048035,0.29032260179519653,0,-0.4205236439664598,0.22611047016235047,0.051125944717039185,0,-0.32061764641084534
MaxMin,44,11,0.2142857164144516,0.7857142686843872,0,-0.6477162761814489,0.14086711129295376,0.01984354304402142,0,0.17477402047834534
MaxMin,45,11,0.25,0.75,0,-0.6111684514436895,0.1524938909381341,0.023254386773451534,0,0.13905975179395813
MaxMin,46,11,0.1807228922843933,0.8192771077156067,0,-0.2405939593503884,0.3158556549029942,0.09976479473419937,0,0.20833685950956482
MaxMin,48,11,0.1428571492433548,0.8571428656578064,1,-0.3835186076396149,0.2429985421955838,0.5730512071180113,1,0.24620261745176453
MaxMin,52,11,0.38461539149284363,0.615384578704834,0,-0.525732490776402,0.18273467730549606,0.033391962289943775,0,0.004444330498792115
MaxMin,53,11,1.0,0.0,0,-0.9999206615179431,0.06275624012183037,0.003938345674228832,0,-0.6109402482060419
MaxMin,54,11,0.19354838132858276,0.8064516186714172,1,-0.21248772674461835,0.3314984455758599,0.44689432826749165,1,0.19551137046537537
MaxMin,57,11,0.2916666567325592,0.7083333730697632,0,-0.8754754572449522,0.08415024962419589,0.00708126451181448,0,0.09739312486372131
MaxMin,58,11,0.5,0.5,0,-0.07427839416220294,0.41338739513990486,0.17088913846055584,0,-0.11094024820604187
MaxMin,60,11,0.27272728085517883,0.7272727489471436,0,-0.5245292802311032,0.1831920351294688,0.03355932173487653,0,0.11633250074110169
MaxMin,61,11,0.13333334028720856,0.8666666746139526,0,-0.31722834794111904,0.2753295812819889,0.07580637832891535,0,0.25572642640791077
MaxMin,62,11,0.9444444179534912,0.05555558204650879,0,-0.930141314177391,0.0740382032429251,0.005481655539440684,0,-0.5553846661595331
MaxMin,70,11,0.5454545617103577,0.45454543828964233,0,-0.9677914190926253,0.06773666292571326,0.004588255504311697,0,-0.15639480991639954
MaxMin,78,11,0.10000000149011612,0.8999999761581421,0,-0.5856993223932683,0.16105339794478804,0.025938196989562255,0,0.2890597279521002
MaxMin,83,11,0.17142857611179352,0.8285714387893677,0,-0.1764649161445085,0.3521008365272644,0.1239749990831994,0,0.2176311905833258
MaxMin,85,11,0.13636364042758942,0.8636363744735718,0,-0.13267986009985927,0.3778975537934498,0.14280656116307328,0,0.2526961262675299
MaxMin,86,11,0.260869562625885,0.739130437374115,0,-0.6988736331402532,0.12584699145034486,0.015837465257103174,0,0.12819018916807312
MaxMin,93,11,0.2083333283662796,0.7916666865348816,0,-1.0578420411781382,0.05463136441738373,0.0029845859781049817,0,0.18072643832883972
MaxMin,109,11,0.8148148059844971,0.18518519401550293,0,-0.8260120344073805,0.09436434590806751,0.008904629778657417,0,-0.42575505419053894
MaxMin,112,11,0.24242424964904785,0.7575757503509521,0,0.4451117648313585,0.7252622127427493,0.5260052772325089,1,0.14663550214491028
MaxMin,123,11,0.20588235557079315,0.7941176295280457,0,-0.12676058567525417,0.38144245515345376,0.1454983465934946,0,0.18317738132200378
MaxMin,124,11,0.19230769574642181,0.807692289352417,1,-0.6342260071964898,0.14506992251632878,0.730905437386236,1,0.19675204114637512
MaxMin,125,11,0.30000001192092896,0.699999988079071,1,-0.5186444572580601,0.18544173490919752,0.6635051672277381,1,0.08905973987302918
MaxMin,134,11,0.625,0.375,1,0.7073322753975353,0.8371925044702893,0.026506280600656785,0,-0.23594024820604187
MaxMin,140,11,0.16326530277729034,0.8367347121238708,0,-0.1861340166353294,0.346512643422778,0.12007101205184129,0,0.22579446391782898
MaxMin,141,11,0.25,0.75,0,-0.21504193949096084,0.33006072842903506,0.10894008445110523,0,0.13905975179395813
MaxMin,142,11,0.3888888955116272,0.6111111044883728,0,-0.32855137507426135,0.2696222262480522,0.07269614488695586,0,0.00017085628233093342
MaxMin,144,11,0.5199999809265137,0.48000001907348633,0,0.6106248521540725,0.8008443153559327,0.6413516174379126,1,-0.13094022913255554
MaxMin,146,11,0.3870967626571655,0.6129032373428345,0,-0.3123940829160534,0.2777889773355028,0.07716671592910448,0,0.0019629891367926033
MaxMin,149,11,0.6875,0.3125,0,-0.5766577280446145,0.16418406244695363,0.02695640636158517,0,-0.29844024820604187
MaxMin,152,11,0.3191489279270172,0.6808511018753052,0,-0.9175979667338127,0.07625473970796118,0.005814785327928911,0,0.0699108536692633
MaxMin,154,11,0.9285714030265808,0.07142859697341919,0,0.5444448913754081,0.7726435105057278,0.5969779943266147,1,-0.5395116512326227
MaxMin,157,11,0.125,0.875,0,-0.08646764947182883,0.405891977662769,0.1647482975309938,0,0.26405975179395813
MaxMin,158,11,0.13333334028720856,0.8666666746139526,0,-0.03836763830354295,0.4356915923514026,0.18982716364570076,0,0.25572642640791077
MaxMin,162,11,0.05263157933950424,0.9473684430122375,0,-0.19539134563850621,0.3412017848768818,0.11641865800316993,0,0.3364281948061957
MaxMin,163,11,0.6363636255264282,0.3636363744735718,1,-0.07141900047404431,0.4151516578633063,0.3420475833000391,1,-0.2473038737324701
MaxMin,169,11,0.05000000074505806,0.949999988079071,0,-0.10573128476685867,0.39413652516106384,0.1553436004660379,0,0.3390597398730292
MaxMin,170,11,0.1538461595773697,0.8461538553237915,0,0.08650294374339379,0.5147088295120194,0.264925179177633,1,0.23521360711774963
MaxMin,174,11,0.1666666716337204,0.8333333134651184,0,-0.40934600518532066,0.23112261128233477,0.05341766144596522,0,0.22239306525907654
MaxMin,175,11,0.1111111119389534,0.8888888955116272,0,-0.06517716444044583,0.4190104157852176,0.1755697285365009,0,0.27794864730558533
MaxMin,182,11,0.03999999910593033,0.9599999785423279,0,-0.2190343638977925,0.32781982734488135,0.10746583920042782,0,0.349059730336286
MaxMin,187,11,0.28070175647735596,0.719298243522644,0,0.014394388295085964,0.4689141476741118,0.21988047788893875,1,0.10835799531660217
MaxMin,188,11,0.232876718044281,0.767123281955719,0,-0.16680530758764703,0.3577242712590409,0.12796665424781187,0,0.15618303374967712
MaxMin,192,11,0.46666666865348816,0.5333333015441895,1,0.6396093032581692,0.8123390359962537,0.03521663741081537,0,-0.07760694666185242
MaxMin,193,11,0.2063492089509964,0.7936508059501648,0,-0.2739351128883272,0.2978278705522193,0.08870144047766951,0,0.18271055774412293
MaxMin,196,11,0.25,0.75,0,-0.32204526697028724,0.27289248388422704,0.07447030776050312,0,0.13905975179395813
MaxMin,197,11,0.18681319057941437,0.8131868243217468,0,-0.5904982651882282,0.15941144436372987,0.025412008594130543,0,0.20224657611570496
MaxMin,199,11,0.6666666865348816,0.3333333134651184,0,-1.1299428929211142,0.0458999949824403,0.002106809539388045,0,-0.27760693474092346
MaxMin,200,11,0.14814814925193787,0.8518518209457397,1,-0.4330130836458467,0.22060170570972343,0.6074617011425927,1,0.24091157273969788
MaxMin,209,11,0.42592594027519226,0.5740740299224854,0,-0.6657260703138876,0.13541545407836755,0.01833734520325047,0,-0.03686621828355652
MaxMin,222,11,0.4285714328289032,0.5714285373687744,0,-0.9027811023624774,0.078951371568412,0.006233319072533455,0,-0.039511710837267455
MaxMin,230,11,0.40909090638160706,0.5909091234207153,0,0.9397994262710627,0.9027884464068241,0.8150269789656471,1,-0.020031124785326537
MaxMin,232,11,0.6595744490623474,0.3404255509376526,0,-0.9612326613141102,0.06879744230792327,0.004733088068112031,0,-0.2705146972683893
MaxMin,243,11,0.16129031777381897,0.8387097120285034,0,-0.5568448131159462,0.1712150452297006,0.029314591713008424,0,0.22776946382246155
MaxMin,247,11,0.1875,0.8125,1,-0.17618145729054982,0.35226528119676936,0.41956026594310025,1,0.20155975179395813
MaxMin,248,11,0.4202898442745209,0.5797101259231567,0,-0.42729682493183246,0.22311098407184224,0.04977851121350584,0,-0.03123012228288513
MaxMin,252,11,0.25,0.75,0,-0.9838383142074518,0.06520497641877131,0.004251688949772522,0,0.13905975179395813
MaxMin,256,11,0.35483869910240173,0.6451612710952759,0,-1.1084747298610091,0.04835075725594903,0.0023377957272237076,0,0.03422102288923401
MaxMin,259,11,0.0833333358168602,0.9166666865348816,0,-0.2915088647354186,0.2885680006468462,0.08327149099731822,0,0.3057264383288397
MaxMin,270,11,0.4117647111415863,0.5882352590560913,1,0.7593976487285735,0.8544422999918905,0.02118704403165081,0,-0.02270498914995056
MaxMin,285,11,0.7435897588729858,0.25641024112701416,0,-0.9012059009170521,0.07924312758257175,0.006279473269067744,0,-0.3545300070790277
MaxMin,295,11,0.9230769276618958,0.07692307233810425,0,-0.8965521074284104,0.08011085913176196,0.006417749750829008,0,-0.5340171758679376
MaxMin,296,11,0.44999998807907104,0.550000011920929,1,-0.593132263830014,0.1585160046554315,0.7080953144210578,1,-0.060940236285112914
MaxMin,298,11,0.2321428507566452,0.7678571343421936,0,-0.2997039245965217,0.2843089007745635,0.0808315510596406,0,0.15691688613615173
MaxMin,307,11,0.4000000059604645,0.6000000238418579,1,0.8258018977747079,0.8742123222749378,0.0158225398674641,0,-0.01094022436418396
MaxMin,310,11,0.2857142984867096,0.7142857313156128,0,-0.62929273526589,0.14663265365161499,0.02150113511691448,0,0.10334548310957092
MaxMin,311,11,0.3799999952316284,0.6200000047683716,0,-0.6460394118343425,0.14138393424246398,0.019989416861877378,0,0.009059756562329713
MaxMin,312,11,0.31707316637039185,0.6829268336296082,0,-0.5207937039515407,0.18461763874025067,0.0340836725340257,0,0.07198658542356628
MaxMin,313,11,0.2291666716337204,0.7708333134651184,0,-0.5461399353037373,0.1751122363907518,0.030664295333770537,0,0.15989306525907654
MaxMin,321,11,0.23076923191547394,0.7692307829856873,0,-1.1090917128570106,0.048278620818523965,0.0023308252281388155,0,0.1582905347796454
MaxMin,323,11,0.6190476417541504,0.3809523582458496,0,-0.3845576499541044,0.24251286513478487,0.05881248975588236,0,-0.22998788996019226
MaxMin,335,11,0.8518518805503845,0.14814811944961548,0,-1.0804077448113873,0.051742507906807934,0.0026772871244860816,0,-0.4627921287564264
MaxMin,336,11,0.8399999737739563,0.1600000262260437,0,-0.620378018280735,0.14949193793038595,0.022347839506182368,0,-0.45094022197999817
MaxMin,340,11,0.4375,0.5625,1,0.4672989166164355,0.7363597287229133,0.06950619263905584,0,-0.04844024820604187
MaxMin,350,11,0.5757575631141663,0.42424243688583374,1,0.6814823674290931,0.8280336363657144,0.029572430221599357,0,-0.18669781132020813
MaxMin,366,11,0.5625,0.4375,1,1.1988222139556366,0.9472118975568518,0.0027865837595483136,0,-0.17344024820604187
MaxMin,373,11,0.21153846383094788,0.7884615659713745,0,-0.24552722715286926,0.3131512458268202,0.09806370276288957,0,0.17752131776533264
MaxMin,376,11,0.39393940567970276,0.6060606241226196,1,-0.15658687825436865,0.36371592938374087,0.4048574185199966,1,-0.00487962408342224
MaxMin,377,11,0.24561403691768646,0.7543859481811523,0,-0.7665393547137025,0.10810477718051621,0.011686642849249059,0,0.14344569997511047
MaxMin,381,11,0.2142857164144516,0.7857142686843872,0,-0.32685077896038295,0.27047463053447124,0.07315652576275872,0,0.17477402047834534
MaxMin,413,11,0.2075471729040146,0.7924528121948242,0,-0.7128487630709582,0.12198942133115147,0.014881418916709193,0,0.18151256398878235
MaxMin,417,11,0.8125,0.1875,0,-1.0965693900689335,0.049762892492138965,0.0024763454691841807,0,-0.42344024820604187
MaxMin,420,11,0.25,0.75,0,-0.6960280372375103,0.12664514782167796,0.016038993466774662,0,0.13905975179395813
MaxMin,427,11,0.6000000238418579,0.3999999761581421,0,-0.40829769344609995,0.23159664596286872,0.053637006421250355,0,-0.21094027204789978
MaxMin,430,11,0.3235294222831726,0.6764705777168274,0,-0.5919769626520593,0.15890825089465546,0.02525183220239877,0,0.06553032951078552
MaxMin,432,11,0.6551724076271057,0.3448275923728943,0,-0.8095594011041265,0.09800077110542607,0.009604151137258113,0,-0.2661126558331476
MaxMin,437,11,0.3636363744735718,0.6363636255264282,1,-0.09156354527634572,0.4027711477244647,0.3566823019903532,1,0.025423377320386353
MaxMin,439,11,0.2978723347187042,0.7021276950836182,0,0.1158104968048978,0.5332944082819179,0.2844029259047609,1,0.0911874468775763
MaxMin,442,11,0.3571428656578064,0.6428571343421936,1,0.4867096690493704,0.7458292678023909,0.06460276110586873,0,0.031916886136151734
MaxMin,443,11,0.6538461446762085,0.3461538553237915,0,-0.8127317791997619,0.09729001397880009,0.009465346819995116,0,-0.26478639288225037
MaxMin,444,11,0.13725490868091583,0.8627451062202454,1,-0.11246361552259351,0.3900561604092636,0.37203148745468995,1,0.2518048580142035
MaxMin,447,11,0.3617021143436432,0.6382979154586792,0,-0.438753428804072,0.21810228068163606,0.04756860483853116,0,0.02735766725263733
MaxMin,475,11,0.20338982343673706,0.7966101765632629,0,-0.517606905450873,0.18584058413951687,0.03453672271331685,0,0.18566992835722107
MaxMin,476,11,0.2954545319080353,0.7045454978942871,0,-0.8608423611333151,0.0870626191231168,0.007579899648576903,0,0.09360524968824524
MaxMin,481,11,0.9615384340286255,0.03846156597137451,0,-0.7214110257311692,0.1196765959811845,0.014322487625643667,0,-0.5724786822346674
MaxMin,491,11,0.18918919563293457,0.8108108043670654,0,-0.30536089214496814,0.281391097830032,0.07918094993799066,0,0.19987055616102356
MaxMin,492,11,0.7692307829856873,0.23076921701431274,0,-0.7931258858906851,0.10175714010695709,0.010354515562746896,0,-0.3801710311917291
MaxMin,494,11,0.2083333283662796,0.7916666865348816,0,-0.3100679394906663,0.27897719102100205,0.07782827310996866,0,0.18072643832883972
MaxMin,499,11,0.7441860437393188,0.25581395626068115,0,0.715602797839389,0.840038649282979,0.7056649322891718,1,-0.3551262919453607
MaxMin,511,11,0.27419355511665344,0.725806474685669,1,0.22644508422909282,0.6022130110894987,0.1582344885464833,0,0.11486622647962708
MaxMin,514,11,0.5,0.5,0,-0.7052948048130361,0.12406174181001502,0.015391315780934828,0,-0.11094024820604187
MaxMin,521,11,0.24074074625968933,0.7592592239379883,0,-0.5709786714836486,0.16617533384842578,0.027614241579635764,0,0.1483189757319464
MaxMin,533,11,0.25999999046325684,0.7400000095367432,0,-0.4139522333928472,0.22904777666473172,0.052462883995056823,0,0.1290597613307013
MaxMin,544,11,0.9166666865348816,0.08333331346511841,0,-0.9159254309837978,0.07655485367231742,0.005860645620789931,0,-0.5276069347409235
MaxMin,547,11,0.8571428656578064,0.1428571343421936,1,0.9397195282255268,0.9027706150418919,0.00945355329933197,0,-0.46808311386384827
MaxMin,553,11,0.25999999046325684,0.7400000095367432,0,0.045674661538079975,0.48876061974339824,0.23888694341195074,1,0.1290597613307013
MaxMin,554,11,0.6000000238418579,0.3999999761581421,1,0.7811605354638504,0.8611906699229755,0.019268030116432324,0,-0.21094027204789978
MaxMin,555,11,0.2142857164144516,0.7857142686843872,0,-0.3283499067300086,0.26972312140548393,0.07275056222071742,0,0.17477402047834534
MaxMin,557,11,0.1807228922843933,0.8192771077156067,1,0.06928490182422836,0.5037675744492309,0.24624662016799956,0,0.20833685950956482
MaxMin,558,11,0.2321428507566452,0.7678571343421936,0,-0.5633240807414615,0.16888983197978935,0.02852377534616148,0,0.15691688613615173
MaxMin,564,11,0.9473684430122375,0.05263155698776245,1,0.5287590021431211,0.7655608712879454,0.05496170507126732,0,-0.5583086912182794
MaxMin,567,11,0.23076923191547394,0.7692307829856873,0,-0.7375734081734078,0.11541404054013463,0.01332040075379984,0,0.1582905347796454
MaxMin,568,11,0.7272727489471436,0.27272725105285645,0,-1.1323821139336396,0.045629135626768416,0.0020820180180460266,0,-0.3382129971531854
MaxMin,579,11,0.4375,0.5625,0,-0.6907236831450281,0.1281445105804714,0.01642101559190855,0,-0.04844024820604187
MaxMin,586,11,0.6078431606292725,0.39215683937072754,1,0.7398701157943224,0.8481574493870017,0.023056160176660963,0,-0.21878340883531433
MaxMin,592,11,0.43939393758773804,0.560606062412262,0,-0.9596064486605351,0.06906282784640994,0.004769674190142855,0,-0.050334185793779906
MaxMin,593,11,0.2063492089509964,0.7936508059501648,0,-0.07945389579445897,0.4101997564882807,0.1682638402230448,0,0.18271055774412293
MaxMin,601,11,0.27184465527534485,0.7281553745269775,0,-0.7137151414896571,0.12175365766638586,0.014823953155143482,0,0.11721512632093567
MaxMin,604,11,0.2931034564971924,0.7068965435028076,0,-0.2506480239081051,0.31035741341513867,0.0963217240617353,0,0.09595629529676575
MaxMin,609,11,0.5641025900840759,0.4358974099159241,0,-0.516261925592393,0.18635859784716774,0.03472952699156239,0,-0.1750428382901178
MaxMin,619,11,0.6666666865348816,0.3333333134651184,0,-0.5594037838400006,0.17029368711762646,0.02899993987211606,0,-0.27760693474092346
MaxMin,623,11,0.3243243098258972,0.6756756901741028,0,-0.15263082943274797,0.36604711127945316,0.13399048767603236,0,0.06473544196806091
MaxMin,625,11,0.27586206793785095,0.7241379022598267,0,-0.20091473967469498,0.33805183164025054,0.1142790408753283,0,0.11319765405378479
MaxMin,631,11,0.3958333432674408,0.6041666269302368,0,-0.10868507396872813,0.3923444230570421,0.1539341463039632,0,-0.006773621275805053
MaxMin,632,11,0.9285714030265808,0.07142859697341919,0,-0.7799766724137355,0.10485418957042528,0.01099440107047068,0,-0.5395116512326227
MaxMin,635,11,0.24193547666072845,0.7580645084381104,0,-0.40209616440321977,0.23441478441646532,0.054950291153017916,0,0.14712426023206848
MaxMin,638,11,0.2698412835597992,0.7301586866378784,0,-0.7956584402123157,0.10117003940474764,0.01023537687315819,0,0.11921843843183655
MaxMin,640,11,0.75,0.25,0,-0.8158464476249425,0.096596664587072,0.00933091560934729,0,-0.36094024820604187
MaxMin,644,11,0.2786885201931,0.7213114500045776,1,-0.46332353299085616,0.20763569148721558,0.6278411974049429,1,0.11037120179853577
MaxMin,658,11,0.46666666865348816,0.5333333015441895,0,-0.8151169902975202,0.09675865066409862,0.009362236478337073,0,-0.07760694666185242
MaxMin,663,11,0.3086419701576233,0.6913580298423767,0,-0.3228763644361369,0.27247335978414805,0.07424173179206178,0,0.08041778163633484
MaxMin,667,11,0.3478260934352875,0.6521738767623901,1,-0.32963162817683944,0.26908164277349206,0.534241644930697,1,0.04123362855634827
MaxMin,677,11,0.3333333432674408,0.6666666269302368,0,-0.548345519387453,0.1743036019041846,0.030381745636772463,0,0.05572637872419495
MaxMin,691,11,0.23880596458911896,0.7611940503120422,0,-0.6487707001258156,0.1405429389268538,0.019752317682197356,0,0.15025380210600037
MaxMin,694,11,0.6415094137191772,0.35849058628082275,0,0.09558562287738293,0.5204754343714075,0.27089467778410536,1,-0.2524496619252191
MaxMin,701,11,0.4098360538482666,0.5901639461517334,0,-0.4205094022530379,0.22611680703838224,0.05112881042523299,0,-0.02077630205430847
MaxMin,709,11,0.22857142984867096,0.7714285850524902,0,-0.1320625774257575,0.3782666267697686,0.1430856409277794,0,0.16048833684644837
MaxMin,710,11,0.6190476417541504,0.3809523582458496,0,-0.7585061054950467,0.1100901146878691,0.012119833351988171,0,-0.22998788996019226
MaxMin,712,11,0.34328359365463257,0.6567164063453674,0,-0.6517146825941159,0.13964114278659934,0.019499648758747424,0,0.04577615813932556
MaxMin,733,11,0.47727271914482117,0.5227272510528564,0,0.6144425068492589,0.8023880639852613,0.6438266052260158,1,-0.08821299715318542
MaxMin,751,11,0.2539682686328888,0.7460317611694336,0,-0.8487709883237595,0.0895334541774666,0.00801623941694851,0,0.13509151296339172
MaxMin,766,11,0.3214285671710968,0.6785714626312256,0,-0.37970758933600574,0.24478556455251174,0.05991997261329189,0,0.06763121442518372
MaxMin,774,11,0.6666666865348816,0.3333333134651184,0,-0.6790639471947408,0.1314935841843118,0.017290562681636697,0,-0.27760693474092346
MaxMin,784,11,0.26760563254356384,0.7323943376541138,1,-0.557660778992664,0.1709208277437845,0.6873722738690515,1,0.1214540894480719
MaxMin,787,11,0.1944444477558136,0.8055555820465088,1,-0.03863872607129559,0.43552212135996854,0.31863527547395015,1,0.19461533384046692
MaxMin,797,11,0.28985506296157837,0.7101449370384216,0,-1.0615461651354252,0.05414695052666487,0.0029318922513370932,0,0.09920468883237976
MaxMin,807,11,0.800000011920929,0.19999998807907104,0,-0.8905423486075746,0.08124425097148474,0.0066006283159176,0,-0.4109402601269708
MaxMin,819,11,0.41025641560554504,0.5897436141967773,0,-0.7193968049569193,0.12021724249219745,0.014452185392427805,0,-0.021196634009264526
MaxMin,827,11,0.3962264060974121,0.6037735939025879,1,-0.25872688207253053,0.3059777437747796,0.4816668921359455,1,-0.007166654303453979
MaxMin,831,11,0.46000000834465027,0.5399999618530273,0,0.9358485245921462,0.9019031954663314,0.8134293739923795,1,-0.07094028635301453
MaxMin,832,11,0.24137930572032928,0.7586206793785095,0,-0.6123953937417709,0.15209112058569121,0.023131708961011264,0,0.14768043117246765
MaxMin,851,11,0.6101694703102112,0.3898305296897888,0,-0.9784977302801099,0.06603762178408464,0.00436096749089781,0,-0.22110971851625305
MaxMin,856,11,0.25757575035095215,0.7424242496490479,0,0.38556427527702064,0.6940877027010968,0.4817577390408861,1,0.13148400144300598
MaxMin,857,11,0.4262295067310333,0.5737705230712891,0,-0.7810621556305444,0.10459540521597548,0.01094019879229411,0,-0.03716972513475281
MaxMin,858,11,0.5600000023841858,0.4399999976158142,0,0.9149228393454756,0.8970938391331557,0.8047773562106642,1,-0.17094025059022766
MaxMin,860,11,0.7692307829856873,0.23076921701431274,0,-1.3305330487046672,0.028076057339291673,0.0007882649957191938,0,-0.3801710311917291
MaxMin,862,11,0.27272728085517883,0.7272727489471436,0,-0.4338989789371733,0.22021463857970044,0.04849448704478809,0,0.11633250074110169
MaxMin,867,11,0.5416666865348816,0.4583333134651184,0,-0.5533087428399092,0.17249471096159671,0.029754425309724795,0,-0.15260693474092346
MaxMin,870,11,0.37037035822868347,0.6296296119689941,0,-0.9352888770479293,0.07314584594316183,0.005350314778740764,0,0.01868936376295227
MaxMin,879,11,0.719298243522644,0.28070175647735596,0,-0.952015619502919,0.0703141723204677,0.004944082829112426,0,-0.3302384917286859
MaxMin,883,11,0.7894737124443054,0.21052628755569458,0,-1.1247973715206883,0.04647639864180491,0.0021600556307119654,0,-0.4004139606503473
MaxMin,884,11,0.5277777910232544,0.4722222089767456,0,-0.6883958750146391,0.12880727074724255,0.016591312997353447,0,-0.13871803922929626
MaxMin,888,11,0.21621622145175934,0.7837837934494019,0,-0.7799806583236347,0.10485323827736984,0.010994201577250895,0,0.17284354524336
MaxMin,891,11,0.13333334028720856,0.8666666746139526,0,-0.4086115222102896,0.23145466495702882,0.05357126193037046,0,0.25572642640791077
MaxMin,893,11,0.5135135054588318,0.4864864945411682,0,-0.8114147026633277,0.09758453904375251,0.009522742260381658,0,-0.12445375366487366
MaxMin,902,11,0.2586206793785095,0.7413793206214905,0,-0.8824503919582964,0.08279341736080911,0.0068547499582811275,0,0.1304390724154486
MaxMin,911,11,0.43661972880363464,0.563380241394043,0,-0.810022820792073,0.09789665607572952,0.00958375527080967,0,-0.0475600068119989
MaxMin,914,11,0.31081080436706543,0.6891891956329346,0,-0.9341736288571911,0.07333833557723386,0.005378511465238966,0,0.0782489474268927
MaxMin,920,11,0.5365853905677795,0.46341460943222046,0,-0.10334209669579171,0.39558816498797345,0.1564899962785521,0,-0.1475256387738214
MaxMin,925,11,0.10000000149011612,0.8999999761581421,0,-0.41196247294784877,0.22994243704781778,0.05287352435548964,0,0.2890597279521002
MaxMin,926,11,0.29411765933036804,0.7058823108673096,0,0.15629084523506964,0.5588035337119144,0.3122613892889226,1,0.0949420626612677
MaxMin,933,11,0.6969696879386902,0.3030303120613098,1,0.6383015811198984,0.8118315937115348,0.03540734912514091,0,-0.30790993614473205
MaxMin,935,11,0.2702702581882477,0.7297297716140747,0,-0.9486123117478296,0.07088198424549957,0.00502425569057925,0,0.11878952340803284
MaxMin,937,11,0.34210526943206787,0.6578947305679321,0,-0.6913331343967825,0.12797147228832656,0.016376697719641932,0,0.04695448236189026
MaxMin,948,11,0.3529411852359772,0.6470588445663452,0,-0.505821538208588,0.19041754733867214,0.03625884233447545,0,0.036118596360303346
MaxMin,951,11,0.3243243098258972,0.6756756901741028,1,-0.278494554296728,0.295409025948353,0.4964484407150486,1,0.06473544196806091
MaxMin,957,11,0.23333333432674408,0.7666666507720947,1,0.09291716688135077,0.5187817252181179,0.23157102798405094,0,0.15572640256605286
MaxMin,960,11,0.27450981736183167,0.7254902124404907,0,-1.1391118743736481,0.04488971119642816,0.0020150861712987275,0,0.11454996423444885
MaxMin,964,11,0.9821428656578064,0.017857134342193604,0,-0.989316804202667,0.0643609860813968,0.004142336529369753,0,-0.5930831138638483
MaxMin,978,11,0.1538461595773697,0.8461538553237915,0,-0.3959247837250819,0.23724275395749775,0.056284124305337815,0,0.23521360711774963
MaxMin,981,11,0.27272728085517883,0.7272727489471436,0,-0.18123569873462564,0.3493384191256941,0.1220373310772391,0,0.11633250074110169
MaxMin,982,11,0.5161290168762207,0.4838709831237793,0,-0.6689871213996001,0.13444755770009692,0.01807614577152089,0,-0.12706926508226257
MaxMin,984,11,0.5625,0.4375,1,-0.9797027706217165,0.0658488861253943,0.8726383035531665,1,-0.17344024820604187
MaxMin,987,11,0.21052631735801697,0.7894736528396606,0,-1.0343116542101611,0.05780515397940312,0.003341435826582504,0,0.17853340463361878
MaxMin,994,11,0.8703703880310059,0.12962961196899414,1,0.9474588479621149,0.9044843516871753,0.009123239072619206,0,-0.48131063623704773
MaxMin,998,11,0.6794871687889099,0.3205128312110901,1,0.22144630122949815,0.599164184232681,0.16066935120185208,0,-0.2904274169949518
MaxMin,999,11,0.32307693362236023,0.6769230365753174,1,-0.330466178608549,0.2686644837748693,0.5348516372922785,1,0.06598278836927551
MaxMin,1001,11,0.3194444477558136,0.6805555820465088,1,-0.7472797577429957,0.11291807315080304,0.786914344942484,1,0.06961533384046692
MaxMin,1003,11,0.36764705181121826,0.6323529481887817,0,-0.707275664390693,0.12351541618079205,0.015256058034314266,0,0.02141269998273987
MaxMin,1006,11,0.302325576543808,0.6976743936538696,0,-1.0349834664872883,0.05771218539955299,0.003330696343592377,0,0.08673414544782776
MaxMin,1010,11,0.261904776096344,0.738095223903656,0,-0.5773369396616357,0.1639471958342626,0.02687868302191805,0,0.12715497569761414
MaxMin,1015,11,0.20454545319080353,0.7954545617103577,0,-0.15547515388991823,0.36437039460336634,0.1327657844634129,0,0.1845143135043158
MaxMin,1020,11,0.24418604373931885,0.7558139562606812,0,-0.04630913811607579,0.4307333369370042,0.1855312075488868,0,0.14487370805463928
MaxMin,1025,11,0.36486485600471497,0.6351351737976074,0,-1.0118648852443077,0.06099339522256415,0.0037201942607759117,0,0.024194925591565553
MaxMin,1026,11,0.1428571492433548,0.8571428656578064,0,-0.7421373343133847,0.11423451471887303,0.013049524353056417,0,0.24620261745176453
MaxMin,1032,11,0.949999988079071,0.050000011920928955,0,-0.9492291162627753,0.07077876254113148,0.005009633226853877,0,-0.5609402362851129
MaxMin,2,1,0.1111111119389534,0.8888888955116272,0,-0.7144959748495655,0.06391885380846403,0.004085619872187796,0,0.27794864730558533
MaxMin,9,1,0.125,0.875,1,-0.46188983170426345,0.11850109739834112,0.7770403152879288,1,0.26405975179395813
MaxMin,11,1,0.25925925374031067,0.7407407760620117,0,-0.8921479868643243,0.04068040444054529,0.001654895305446337,0,0.12980052785596985
MaxMin,15,1,0.125,0.875,1,-0.8091410164428641,0.0503121356774757,0.9019070396414772,1,0.26405975179395813
MaxMin,18,1,0.125,0.875,0,-0.5394944474193681,0.09842882043019195,0.009688232691278973,0,0.26405975179395813
MaxMin,24,1,0.125,0.875,1,-0.840217984773428,0.04647625639148716,0.909207529625193,1,0.26405975179395813
MaxMin,29,1,0.10000000149011612,0.8999999761581421,0,-0.7809334535984862,0.054051751303621214,0.0029215918189885175,0,0.2890597279521002
MaxMin,30,1,0.30000001192092896,0.699999988079071,0,-0.08411501961223872,0.2701889480344191,0.07300206763994603,0,0.08905973987302918
MaxMin,31,1,0.2631579041481018,0.7368420958518982,0,-0.9664703495066898,0.03357636407269814,0.0011273722243423743,0,0.12590184764585632
MaxMin,36,1,0.125,0.875,0,-0.44285127010576486,0.12393881612872976,0.015360830143391083,0,0.26405975179395813
MaxMin,41,1,0.7096773982048035,0.29032260179519653,0,-0.6556074807983283,0.07404360517716373,0.005482455467631707,0,-0.32061764641084534
MaxMin,44,1,0.2142857164144516,0.7857142686843872,0,-0.8821177914900213,0.04174313396130837,0.001742489232911736,0,0.17477402047834534
MaxMin,45,1,0.25,0.75,0,-0.854625280468059,0.044793811476469776,0.0020064855465895155,0,0.13905975179395813
MaxMin,46,1,0.1807228922843933,0.8192771077156067,0,-0.3648785714519741,0.14848198096163856,0.022046898670292397,0,0.20833685950956482
MaxMin,48,1,0.1428571492433548,0.8571428656578064,0,-0.7934869509546794,0.05235615393797965,0.0027411668551774217,0,0.24620261745176453
MaxMin,52,1,0.38461539149284363,0.615384578704834,0,-0.5886478491823024,0.08733523488226475,0.0076274432519403525,0,0.004444330498792115
MaxMin,53,1,1.0,0.0,0,-1.0004636474997501,0.030740957373787882,0.0009450064602570436,0,-0.6109402482060419
MaxMin,54,1,0.19354838132858276,0.8064516186714172,0,-0.4622883581155654,0.11838950961122381,0.014016075985986056,0,0.19551137046537537
MaxMin,57,1,0.2916666567325592,0.7083333730697632,0,-1.0622013297999877,0.02617335967094917,0.0006850447564648685,0,0.09739312486372131
MaxMin,58,1,0.5,0.5,0,-0.19844515568893073,0.21412281655101484,0.04584858056773956,0,-0.11094024820604187
MaxMin,60,1,0.27272728085517883,0.7272727489471436,0,-0.7845688218204002,0.053555466856953074,0.002868188030266199,0,0.11633250074110169
MaxMin,61,1,0.13333334028720856,0.8666666746139526,0,-0.5683271811010829,0.09177744086021786,0.008423098650850787,0,0.25572642640791077
MaxMin,62,1,0.9444444179534912,0.05555558204650879,0,-0.9945793894607287,0.03121461012500223,0.0009743518852558918,0,-0.5553846661595331
MaxMin,70,1,0.5454545617103577,0.45454543828964233,0,-0.8693300831895359,0.043136572333750345,0.0018607638727048757,0,-0.15639480991639954
MaxMin,78,1,0.10000000149011612,0.8999999761581421,0,-0.683649275451037,0.06905032861647434,0.004767947882043095,0,0.2890597279521002
MaxMin,83,1,0.17142857611179352,0.8285714387893677,0,-0.09737738218151587,0.2632337275205935,0.06929199530438605,0,0.2176311905833258
MaxMin,85,1,0.13636364042758942,0.8636363744735718,0,-0.28510442622620064,0.17760841489911847,0.0315447490429774,0,0.2526961262675299
MaxMin,86,1,0.260869562625885,0.739130437374115,0,-1.2334377847674554,0.01669718005261301,0.0002787958217093778,0,0.12819018916807312
MaxMin,93,1,0.2083333283662796,0.7916666865348816,0,-0.951292110359907,0.03492246618288134,0.0012195786442944908,0,0.18072643832883972
MaxMin,109,1,0.8148148059844971,0.18518519401550293,0,-0.9426348601355932,0.03571338946185758,0.00127544618685432,0,-0.42575505419053894
MaxMin,112,1,0.24242424964904785,0.7575757503509521,0,-0.23216008571533875,0.19930234781647518,0.03972142584515925,0,0.14663550214491028
MaxMin,123,1,0.20588235557079315,0.7941176295280457,0,-0.7472437737243598,0.058861450040577724,0.0034646703008794273,0,0.18317738132200378
MaxMin,124,1,0.19230769574642181,0.807692289352417,0,-0.8811913496035129,0.04184262229046263,0.00175080504014232,0,0.19675204114637512
MaxMin,125,1,0.30000001192092896,0.699999988079071,0,-0.931079392810475,0.03679600799651004,0.0013539462044792308,0,0.08905973987302918
MaxMin,134,1,0.625,0.375,1,0.42951276584804265,0.5947592343202643,0.16422007816869844,0,-0.23594024820604187
MaxMin,140,1,0.16326530277729034,0.8367347121238708,0,-0.6913072019899491,0.06774188801011481,0.004588963391174937,0,0.22579446391782898
MaxMin,141,1,0.25,0.75,0,-0.18499465573210544,0.2202548189810588,0.048512185284378985,0,0.13905975179395813
MaxMin,142,1,0.3888888955116272,0.6111111044883728,0,-0.6058252908509628,0.08373277982520147,0.0070111784172556665,0,0.00017085628233093342
MaxMin,144,1,0.5199999809265137,0.48000001907348633,0,-0.5646951104591411,0.09259252366537954,0.00857337543872387,0,-0.13094022913255554
MaxMin,146,1,0.3870967626571655,0.6129032373428345,0,-0.5748213933091063,0.09033612305018077,0.0081606151277374,0,0.0019629891367926033
MaxMin,149,1,0.6875,0.3125,0,-0.7051366707799058,0.0654370744154909,0.004282010708058494,0,-0.29844024820604187
MaxMin,152,1,0.3191489279270172,0.6808511018753052,0,-1.002109247616925,0.03060974495423551,0.0009369564861633463,0,0.0699108536692633
MaxMin,154,1,0.9285714030265808,0.07142859697341919,0,-0.9394981355409497,0.036004195134985796,0.0012963020673181348,0,-0.5395116512326227
MaxMin,157,1,0.125,0.875,0,-0.5629936477140756,0.09297658490490432,0.008644645340578882,0,0.26405975179395813
MaxMin,158,1,0.13333334028720856,0.8666666746139526,0,-0.24125964990681953,0.19543691897415924,0.038195589298112086,0,0.25572642640791077
MaxMin,162,1,0.05263157933950424,0.9473684430122375,0,-0.5571572592409775,0.09430488207091992,0.008893410782410113,0,0.3364281948061957
MaxMin,163,1,0.6363636255264282,0.3636363744735718,0,-1.0289282774359734,0.028546293631149387,0.0008148908800758001,0,-0.2473038737324701
MaxMin,169,1,0.05000000074505806,0.949999988079071,0,-0.4174298957738303,0.13153227221651084,0.01730073863443831,0,0.3390597398730292
MaxMin,170,1,0.1538461595773697,0.8461538553237915,0,-0.43908548348259346,0.125039439343009,0.01563486139121403,0,0.23521360711774963
MaxMin,174,1,0.1666666716337204,0.8333333134651184,0,-0.5434439669441912,0.09749295836016125,0.009504876929816136,0,0.22239306525907654
MaxMin,175,1,0.1111111119389534,0.8888888955116272,0,-0.32912785301289177,0.1610159509811035,0.025926136470349123,0,0.27794864730558533
MaxMin,182,1,0.03999999910593033,0.9599999785423279,0,-0.4910362830630772,0.1105770433746556,0.012227282521480465,0,0.349059730336286
MaxMin,187,1,0.28070175647735596,0.719298243522644,0,-0.43894289082490484,0.12508127893123858,0.015645326339074308,0,0.10835799531660217
MaxMin,188,1,0.232876718044281,0.767123281955719,0,-0.17552667473191863,0.22464618937035077,0.0504659103986195,0,0.15618303374967712
MaxMin,192,1,0.46666666865348816,0.5333333015441895,0,0.3236817130394456,0.5249491984511786,0.2755716609545349,1,-0.07760694666185242
MaxMin,193,1,0.2063492089509964,0.7936508059501648,0,-0.6203806653615309,0.0807864608967127,0.006526452264216089,0,0.18271055774412293
MaxMin,196,1,0.25,0.75,0,-0.6772008290790505,0.07017022311170178,0.004923860211546006,0,0.13905975179395813
MaxMin,197,1,0.18681319057941437,0.8131868243217468,0,-0.7244349195646693,0.062342581193098635,0.0038865974298180955,0,0.20224657611570496
MaxMin,199,1,0.6666666865348816,0.3333333134651184,0,-1.325834551478017,0.013080736481879178,0.00017110566690836486,0,-0.27760693474092346
MaxMin,200,1,0.14814814925193787,0.8518518209457397,0,-0.660013923744958,0.07323753421664636,0.005363736418134446,0,0.24091157273969788
MaxMin,209,1,0.42592594027519226,0.5740740299224854,0,-0.47497995910329216,0.1148831751125428,0.013198143923939172,0,-0.03686621828355652
MaxMin,222,1,0.4285714328289032,0.5714285373687744,0,-1.2294626022157509,0.016873101612837806,0.0002847015580371498,0,-0.039511710837267455
MaxMin,230,1,0.40909090638160706,0.5909091234207153,0,-0.04185815496030587,0.29310555922778436,0.0859108688502322,0,-0.020031124785326537
MaxMin,232,1,0.6595744490623474,0.3404255509376526,0,-1.3980877118638948,0.010801596414737732,0.00011667448510687503,0,-0.2705146972683893
MaxMin,243,1,0.16129031777381897,0.8387097120285034,0,-0.9800844539759315,0.03241169523469796,0.0010505179879869424,0,0.22776946382246155
MaxMin,247,1,0.1875,0.8125,0,-0.3121212937896708,0.16727230615425162,0.027980024406161683,0,0.20155975179395813
MaxMin,248,1,0.4202898442745209,0.5797101259231567,0,-0.6815570761740589,0.06941185304461849,0.004818005343087712,0,-0.03123012228288513
MaxMin,252,1,0.25,0.75,0,-0.9241918185064905,0.037456240298526844,0.0014029699373009864,0,0.13905975179395813
MaxMin,256,1,0.35483869910240173,0.6451612710952759,0,-1.4127094363492327,0.010390582591611196,0.00010796420659309365,0,0.03422102288923401
MaxMin,259,1,0.0833333358168602,0.9166666865348816,0,-0.5926030477876639,0.08649352811847229,0.0074811304063809566,0,0.3057264383288397
MaxMin,270,1,0.4117647111415863,0.5882352590560913,0,0.5825342891160253,0.6886930744445643,0.47429815078790616,1,-0.02270498914995056
MaxMin,285,1,0.7435897588729858,0.25641024112701416,0,-1.0303385188707737,0.0284416088237843,0.000808925112485165,0,-0.3545300070790277
MaxMin,295,1,0.9230769276618958,0.07692307233810425,0,-0.9024252430132089,0.0396183958008949,0.0015696172858363667,0,-0.5340171758679376
MaxMin,296,1,0.44999998807907104,0.550000011920929,0,-0.6910665012402941,0.06778266212661994,0.004594489284971518,0,-0.060940236285112914
MaxMin,298,1,0.2321428507566452,0.7678571343421936,0,-0.8381366352976929,0.046724226717415766,0.0021831533623404694,0,0.15691688613615173
MaxMin,307,1,0.4000000059604645,0.6000000238418579,1,0.5638233550571919,0.6778352747501131,0.10379011019533513,0,-0.01094022436418396
MaxMin,310,1,0.2857142984867096,0.7142857313156128,0,-0.5815596805995114,0.08886221731861685,0.007896493666781088,0,0.10334548310957092
MaxMin,311,1,0.3799999952316284,0.6200000047683716,0,-0.9611325779318399,0.03404394349306019,0.0011589900885586753,0,0.009059756562329713
MaxMin,312,1,0.31707316637039185,0.6829268336296082,0,-0.8738314525037574,0.0426410776105479,0.0018182614997887697,0,0.07198658542356628
MaxMin,313,1,0.2291666716337204,0.7708333134651184,0,-0.6180676114456577,0.0812482700885562,0.0066012813923829764,0,0.15989306525907654
MaxMin,321,1,0.23076923191547394,0.7692307829856873,0,-0.98759746984964,0.03178578435563954,0.0010103360871032195,0,0.1582905347796454
MaxMin,323,1,0.6190476417541504,0.3809523582458496,0,-0.5989847357790365,0.08515091663907909,0.007250678604475396,0,-0.22998788996019226
MaxMin,335,1,0.8518518805503845,0.14814811944961548,0,-1.3578873519593806,0.012016324498109295,0.0001443920544438616,0,-0.4627921287564264
MaxMin,336,1,0.8399999737739563,0.1600000262260437,0,-0.6438134612075788,0.07624139487065518,0.005812750291823166,0,-0.45094022197999817
MaxMin,340,1,0.4375,0.5625,0,-0.5552585897110621,0.09474064985221152,0.008975790734419347,0,-0.04844024820604187
MaxMin,350,1,0.5757575631141663,0.42424243688583374,1,0.5734767235160522,0.6834619866673665,0.10019631388457048,0,-0.18669781132020813
MaxMin,366,1,0.5625,0.4375,1,1.0519510623883934,0.886230236999565,0.012943558973175139,0,-0.17344024820604187
MaxMin,373,1,0.21153846383094788,0.7884615659713745,0,-0.5628157857651743,0.0930168150799428,0.008652127887616275,0,0.17752131776533264
MaxMin,376,1,0.39393940567970276,0.6060606241226196,0,-1.0589928683853167,0.026393551824375486,0.0006966195779059945,0,-0.00487962408342224
MaxMin,377,1,0.24561403691768646,0.7543859481811523,0,-1.0287901442874425,0.02855656759587275,0.0008154775528576495,0,0.14344569997511047
MaxMin,381,1,0.2142857164144516,0.7857142686843872,0,-0.6821934832597787,0.06930169923655354,0.004802725517073725,0,0.17477402047834534
MaxMin,413,1,0.2075471729040146,0.7924528121948242,0,-0.7387255390411249,0.06013967108306819,0.003616780037979628,0,0.18151256398878235
MaxMin,417,1,0.8125,0.1875,0,-1.135645148999905,0.021595515942114972,0.0004663663088061419,0,-0.42344024820604187
MaxMin,420,1,0.25,0.75,0,-0.7040231202995094,0.06561992586647367,0.0043059746707215,0,0.13905975179395813
MaxMin,427,1,0.6000000238418579,0.3999999761581421,0,-0.6358211593015458,0.07776460285421892,0.006047333457074393,0,-0.21094027204789978
MaxMin,430,1,0.3235294222831726,0.6764705777168274,0,-0.8604285244810893,0.04413265523090249,0.001947691257729705,0,0.06553032951078552
MaxMin,432,1,0.6551724076271057,0.3448275923728943,0,-0.7394612417809884,0.060028256415765854,0.0036033915683169344,0,-0.2661126558331476
MaxMin,437,1,0.3636363744735718,0.6363636255264282,0,-0.4885819832470567,0.11122598605125501,0.012371219973073975,0,0.025423377320386353
MaxMin,439,1,0.2978723347187042,0.7021276950836182,0,-0.4157346291086527,0.1320524404610605,0.017437847031721927,0,0.0911874468775763
MaxMin,442,1,0.3571428656578064,0.6428571343421936,1,0.3796269561448965,0.5621523753724055,0.19171054239202692,0,0.031916886136151734
MaxMin,443,1,0.6538461446762085,0.3461538553237915,0,-0.6694850450692906,0.07153227250249074,0.005116866009370592,0,-0.26478639288225037
MaxMin,444,1,0.13725490868091583,0.8627451062202454,1,-0.46879592827674244,0.11658022108840177,0.7804305057722172,1,0.2518048580142035
MaxMin,447,1,0.3617021143436432,0.6382979154586792,0,-0.6738220849668016,0.07076368896564045,0.005007499676025904,0,0.02735766725263733
MaxMin,475,1,0.20338982343673706,0.7966101765632629,0,-0.4523118174802584,0.12121044313750591,0.014691971525590554,0,0.18566992835722107
MaxMin,476,1,0.2954545319080353,0.7045454978942871,0,-0.8040063449940148,0.05097412242276552,0.0025983611567710866,0,0.09360524968824524
MaxMin,481,1,0.9615384340286255,0.03846156597137451,0,-0.8634346190202622,0.04379384428626126,0.0019179007973692984,0,-0.5724786822346674
MaxMin,491,1,0.18918919563293457,0.8108108043670654,0,-0.5700200302890791,0.09139975200707107,0.008353914666954091,0,0.19987055616102356
MaxMin,492,1,0.7692307829856873,0.23076921701431274,0,-0.8391625781275178,0.046601839855390535,0.002171731477907466,0,-0.3801710311917291
MaxMin,494,1,0.2083333283662796,0.7916666865348816,0,-0.662744859469892,0.07274202813228361,0.00529140265679794,0,0.18072643832883972
MaxMin,499,1,0.7441860437393188,0.25581395626068115,0,0.6701787479465343,0.7367303077500573,0.5427715463574941,1,-0.3551262919453607
MaxMin,511,1,0.27419355511665344,0.725806474685669,1,-0.28692937524623746,0.1768947408681871,0.6775022676104488,1,0.11486622647962708
MaxMin,514,1,0.5,0.5,0,-0.8820959046283403,0.04174548172640567,0.00174268524456967,0,-0.11094024820604187
MaxMin,521,1,0.24074074625968933,0.7592592239379883,0,-0.8197132923164323,0.048974665487988005,0.002398517859660323,0,0.1483189757319464
MaxMin,533,1,0.25999999046325684,0.7400000095367432,0,-0.592094692323646,0.08660129864976894,0.007499784927826472,0,0.1290597613307013
MaxMin,544,1,0.9166666865348816,0.08333331346511841,0,-0.9347188344604773,0.03645167081417272,0.0013287243051448114,0,-0.5276069347409235
MaxMin,547,1,0.8571428656578064,0.1428571343421936,1,0.8407827585282915,0.8155573325298239,0.034019097583513964,0,-0.46808311386384827
MaxMin,553,1,0.25999999046325684,0.7400000095367432,0,-0.1427415846403034,0.240329006303619,0.05775803127088494,0,0.1290597613307013
MaxMin,554,1,0.6000000238418579,0.3999999761581421,0,0.17560424449227208,0.4262412758798245,0.1816816252636607,1,-0.21094027204789978
MaxMin,555,1,0.2142857164144516,0.7857142686843872,0,-0.6789443652104963,0.06986577937553025,0.004881227127750268,0,0.17477402047834534
MaxMin,557,1,0.1807228922843933,0.8192771077156067,0,-0.4195927874099213,0.1308711452285333,0.017127256653427854,0,0.20833685950956482
MaxMin,558,1,0.2321428507566452,0.7678571343421936,0,-0.6587403378877068,0.07346967736784643,0.005397793492535446,0,0.15691688613615173
MaxMin,564,1,0.9473684430122375,0.05263155698776245,1,0.9240658206735196,0.8468186605674864,0.02346452275033893,0,-0.5583086912182794
MaxMin,567,1,0.23076923191547394,0.7692307829856873,0,-1.007171912927067,0.030209464216440874,0.0009126117282444216,0,0.1582905347796454
MaxMin,568,1,0.7272727489471436,0.27272725105285645,0,-1.2521805375377473,0.015891720614887868,0.000252546784101652,0,-0.3382129971531854
MaxMin,579,1,0.4375,0.5625,0,-0.7279534840335574,0.06179330085996769,0.0038184120311704835,0,-0.04844024820604187
MaxMin,586,1,0.6078431606292725,0.39215683937072754,1,0.8187353975864201,0.8064976079552253,0.037443175727049686,0,-0.21878340883531433
MaxMin,592,1,0.43939393758773804,0.560606062412262,0,-0.8670649008625572,0.04338799057615934,0.0018825177262368914,0,-0.050334185793779906
MaxMin,593,1,0.2063492089509964,0.7936508059501648,0,-0.5047045658231029,0.10702337609443091,0.011454003030650006,0,0.18271055774412293
MaxMin,601,1,0.27184465527534485,0.7281553745269775,0,-0.711424486651976,0.0644134423317919,0.004149091553031081,0,0.11721512632093567
MaxMin,604,1,0.2931034564971924,0.7068965435028076,0,-0.4520992068997995,0.12127118611343242,0.014706700581358765,0,0.09595629529676575
MaxMin,609,1,0.5641025900840759,0.4358974099159241,0,-0.8492872303193753,0.04541029566787268,0.002062094952643616,0,-0.1750428382901178
MaxMin,619,1,0.6666666865348816,0.3333333134651184,0,-0.6111431615658123,0.0826451773355512,0.006830225336824706,0,-0.27760693474092346
MaxMin,623,1,0.3243243098258972,0.6756756901741028,0,-0.40525924471651964,0.13530545266316799,0.018307565520384792,0,0.06473544196806091
MaxMin,625,1,0.27586206793785095,0.7241379022598267,0,-0.5687562856190348,0.09168157150881022,0.008405510554325082,0,0.11319765405378479
MaxMin,631,1,0.3958333432674408,0.6041666269302368,0,-0.6452659647206247,0.07596752628611449,0.005771065050031495,0,-0.006773621275805053
MaxMin,632,1,0.9285714030265808,0.07142859697341919,0,-0.7098534411469464,0.06466779645281585,0.004181923898062823,0,-0.5395116512326227
MaxMin,635,1,0.24193547666072845,0.7580645084381104,0,-0.5755074624884207,0.09018505401191482,0.008133343967131992,0,0.14712426023206848
MaxMin,638,1,0.2698412835597992,0.7301586866378784,0,-1.178630362101357,0.019289692752213185,0.00037209224647478587,0,0.11921843843183655
MaxMin,640,1,0.75,0.25,0,-0.8373674787351788,0.04681618142483981,0.002191754843203516,0,-0.36094024820604187
MaxMin,644,1,0.2786885201931,0.7213114500045776,0,-0.33291242680937466,0.1596496800377172,0.02548802033614548,0,0.11037120179853577
MaxMin,658,1,0.46666666865348816,0.5333333015441895,0,-0.9919852117639297,0.03142566458560039,0.0009875723946466584,0,-0.07760694666185242
MaxMin,663,1,0.3086419701576233,0.6913580298423767,0,-0.6090288194810534,0.0830760513726096,0.006901630311664468,0,0.08041778163633484
MaxMin,667,1,0.3478260934352875,0.6521738767623901,1,-0.4382823060425823,0.1252752645245714,0.7651433628525586,1,0.04123362855634827
MaxMin,677,1,0.3333333432674408,0.6666666269302368,0,-0.6623381831496293,0.0728156199793148,0.005302114512971988,0,0.05572637872419495
MaxMin,691,1,0.23880596458911896,0.7611940503120422,0,-0.7385348529127232,0.060168580120237916,0.003620258033685489,0,0.15025380210600037
MaxMin,694,1,0.6415094137191772,0.35849058628082275,0,-0.6487283256007701,0.0753183383129106,0.005672852086218057,0,-0.2524496619252191
MaxMin,701,1,0.4098360538482666,0.5901639461517334,0,-0.6595520618847239,0.07332164201819329,0.005376063188244087,0,-0.02077630205430847
MaxMin,709,1,0.22857142984867096,0.7714285850524902,0,-0.4717143488855836,0.11577664143825465,0.013404230702722186,0,0.16048833684644837
MaxMin,710,1,0.6190476417541504,0.3809523582458496,0,-0.5108904945790907,0.10544836228699364,0.011119357109009062,0,-0.22998788996019226
MaxMin,712,1,0.34328359365463257,0.6567164063453674,0,-0.7831758644070842,0.0537451171989653,0.0028885376227305156,0,0.04577615813932556
MaxMin,733,1,0.47727271914482117,0.5227272510528564,0,-0.4814194956035883,0.11313890083972229,0.012800410883220514,0,-0.08821299715318542
MaxMin,751,1,0.2539682686328888,0.7460317611694336,0,-0.8773328072291193,0.04225942573344701,0.0017858590633207231,0,0.13509151296339172
MaxMin,766,1,0.3214285671710968,0.6785714626312256,0,-0.642802173403925,0.07643260710527772,0.005841943428909749,0,0.06763121442518372
MaxMin,774,1,0.6666666865348816,0.3333333134651184,0,-0.8750475245233158,0.04250815247781881,0.0018069430270774938,0,-0.27760693474092346
MaxMin,784,1,0.26760563254356384,0.7323943376541138,1,-0.7367346353051936,0.060442144445163215,0.8827689639348034,1,0.1214540894480719
MaxMin,787,1,0.1944444477558136,0.8055555820465088,0,-0.28312480614542596,0.17838512580138968,0.03182125310717762,0,0.19461533384046692
MaxMin,797,1,0.28985506296157837,0.7101449370384216,0,-0.9946244478128339,0.031210956460403082,0.0009741238031731769,0,0.09920468883237976
MaxMin,807,1,0.800000011920929,0.19999998807907104,0,-0.999658846014472,0.03080532661257937,0.0009489681477076908,0,-0.4109402601269708
MaxMin,819,1,0.41025641560554504,0.5897436141967773,0,-0.9909075586132321,0.03151374453990884,0.0009931160949266345,0,-0.021196634009264526
MaxMin,827,1,0.3962264060974121,0.6037735939025879,1,-0.2577609281163665,0.18857266982156967,0.6584143121604953,1,-0.007166654303453979
MaxMin,831,1,0.46000000834465027,0.5399999618530273,0,0.5887113075218972,0.6922332163942739,0.4791868258795617,1,-0.07094028635301453
MaxMin,832,1,0.24137930572032928,0.7586206793785095,0,-1.139104484755535,0.02140037832106278,0.00045797619228461387,0,0.14768043117246765
MaxMin,851,1,0.6101694703102112,0.3898305296897888,0,-1.1789078030848907,0.01927562340885962,0.0003715496578001769,0,-0.22110971851625305
MaxMin,856,1,0.25757575035095215,0.7424242496490479,0,-0.17254303576596847,0.22604285757632617,0.05109537346127128,0,0.13148400144300598
MaxMin,857,1,0.4262295067310333,0.5737705230712891,0,-1.0009490111524169,0.030702200231629,0.0009426250990630398,0,-0.03716972513475281
MaxMin,858,1,0.5600000023841858,0.4399999976158142,0,-0.5337616301470512,0.09980148254015424,0.009960335917212711,0,-0.17094025059022766
MaxMin,860,1,0.7692307829856873,0.23076921701431274,0,-1.3437635190673658,0.012474377077396076,0.00015561008346906465,0,-0.3801710311917291
MaxMin,862,1,0.27272728085517883,0.7272727489471436,0,-0.948333259079478,0.035190868340452215,0.001238397214555042,0,0.11633250074110169
MaxMin,867,1,0.5416666865348816,0.4583333134651184,0,-0.8293128603151321,0.04778952246895701,0.0022838384578109474,0,-0.15260693474092346
MaxMin,870,1,0.37037035822868347,0.6296296119689941,0,-1.0362408601673834,0.028007497145603865,0.0007844198963610086,0,0.01868936376295227
MaxMin,879,1,0.719298243522644,0.28070175647735596,0,-1.0735362485992086,0.025409684185309218,0.0006456520503971534,0,-0.3302384917286859
MaxMin,883,1,0.7894737124443054,0.21052628755569458,0,-1.2800630677456935,0.014763741322971823,0.0002179680578516258,0,-0.4004139606503473
MaxMin,884,1,0.5277777910232544,0.4722222089767456,0,-0.9628991864194449,0.03388850033472744,0.001148430454936822,0,-0.13871803922929626
MaxMin,888,1,0.21621622145175934,0.7837837934494019,0,-0.8541560591510936,0.044847679881854494,0.002011314390785296,0,0.17284354524336
MaxMin,891,1,0.13333334028720856,0.8666666746139526,0,-0.3839284512729588,0.1421384634725569,0.020203342798339394,0,0.25572642640791077
MaxMin,893,1,0.5135135054588318,0.4864864945411682,0,-1.0842587997412267,0.02470726546383783,0.0006104489667005535,0,-0.12445375366487366
MaxMin,902,1,0.2586206793785095,0.7413793206214905,0,-0.8440950608914228,0.04601767903752733,0.002117626784000882,0,0.1304390724154486
MaxMin,911,1,0.43661972880363464,0.563380241394043,0,-0.8761647390362967,0.042386382228072096,0.001796605398384226,0,-0.0475600068119989
MaxMin,914,1,0.31081080436706543,0.6891891956329346,0,-1.121924663823675,0.02238675285905759,0.0005011667035725231,0,0.0782489474268927
MaxMin,920,1,0.5365853905677795,0.46341460943222046,0,0.04069192449564951,0.3409680998280885,0.11625924510037733,1,-0.1475256387738214
MaxMin,925,1,0.10000000149011612,0.8999999761581421,0,-0.4754689024545442,0.11474991850699609,0.013167543797362244,0,0.2890597279521002
MaxMin,926,1,0.29411765933036804,0.7058823108673096,0,-0.26407817965470815,0.1859942506242198,0.034593861265265084,0,0.0949420626612677
MaxMin,933,1,0.6969696879386902,0.3030303120613098,1,0.4406648554210232,0.6019461377051533,0.15844687728784482,0,-0.30790993614473205
MaxMin,935,1,0.2702702581882477,0.7297297716140747,0,-1.3147279321375134,0.013470858009014604,0.0001814640154990329,0,0.11878952340803284
MaxMin,937,1,0.34210526943206787,0.6578947305679321,0,-0.7885723193620758,0.053013902211768084,0.002810473827718909,0,0.04695448236189026
MaxMin,948,1,0.3529411852359772,0.6470588445663452,0,-0.638342739133057,0.07728104425463826,0.005972359801087358,0,0.036118596360303346
MaxMin,951,1,0.3243243098258972,0.6756756901741028,1,-0.743054184102557,0.059486913069112246,0.8845648666882676,1,0.06473544196806091
MaxMin,957,1,0.23333333432674408,0.7666666507720947,1,-0.3868586020704573,0.14118305396196673,0.7375665468020941,1,0.15572640256605286
MaxMin,960,1,0.27450981736183167,0.7254902124404907,0,-1.1581701915479399,0.020355463964782244,0.0004143449132215485,0,0.11454996423444885
MaxMin,964,1,0.9821428656578064,0.017857134342193604,0,-0.9987107529874524,0.030881323954267306,0.0009536561691684038,0,-0.5930831138638483
MaxMin,978,1,0.1538461595773697,0.8461538553237915,0,-0.7909518749744557,0.0526944666199332,0.002776706812359254,0,0.23521360711774963
MaxMin,981,1,0.27272728085517883,0.7272727489471436,0,-0.4672653643056105,0.1170035903538123,0.01368984015568272,0,0.11633250074110169
MaxMin,982,1,0.5161290168762207,0.4838709831237793,0,-0.6742549926038004,0.07068739187803807,0.004996707370519323,0,-0.12706926508226257
MaxMin,984,1,0.5625,0.4375,0,-0.9062243942661947,0.03923257658982875,0.0015391950658767792,0,-0.17344024820604187
MaxMin,987,1,0.21052631735801697,0.7894736528396606,0,-1.1968527928447288,0.018386673879328543,0.00033806977634478255,0,0.17853340463361878
MaxMin,994,1,0.8703703880310059,0.12962961196899414,1,0.930289906020575,0.8489711824903192,0.02280970371837246,0,-0.48131063623704773
MaxMin,998,1,0.6794871687889099,0.3205128312110901,1,0.12958157923239078,0.3963690325288755,0.3643703448901257,0,-0.2904274169949518
MaxMin,999,1,0.32307693362236023,0.6769230365753174,1,-0.7830060441321872,0.053768281405176914,0.8953544652749126,1,0.06598278836927551
MaxMin,1001,1,0.3194444477558136,0.6805555820465088,1,-1.0392065521555518,0.02779180897908239,0.945188766688165,1,0.06961533384046692
MaxMin,1003,1,0.36764705181121826,0.6323529481887817,0,-0.8887215223285545,0.04104050268364821,0.0016843228605265357,0,0.02141269998273987
MaxMin,1006,1,0.302325576543808,0.6976743936538696,0,-0.9505994413768342,0.0349851218755647,0.0012239587526481155,0,0.08673414544782776
MaxMin,1010,1,0.261904776096344,0.738095223903656,0,-0.53191712818996,0.1002467351944186,0.010049407917139885,0,0.12715497569761414
MaxMin,1015,1,0.20454545319080353,0.7954545617103577,0,-0.5308449422083622,0.10050636551919857,0.010101529509878748,0,0.1845143135043158
MaxMin,1020,1,0.24418604373931885,0.7558139562606812,0,-0.3980792771077698,0.13757395758428537,0.01892659380540275,0,0.14487370805463928
MaxMin,1025,1,0.36486485600471497,0.6351351737976074,0,-1.1087550429080144,0.023172831189623773,0.0005369801053428003,0,0.024194925591565553
MaxMin,1026,1,0.1428571492433548,0.8571428656578064,0,-0.7443786392985938,0.05928851537281613,0.0035151280551126546,0,0.24620261745176453
MaxMin,1032,1,0.949999988079071,0.050000011920928955,0,-1.2174320406708703,0.017416685921612062,0.00030334094849207983,0,-0.5609402362851129
Time,822,100,0.6666666865348816,0.3333333134651184,1,0.59202361572512,0.8542516957526898,0.021242568190966506,0,-0.18152127519321903
Time,823,100,0.6666666865348816,0.3333333134651184,1,0.9265523290347144,0.8953782392574785,0.010945712820865412,0,-0.18152127519321903
Time,824,100,0.40740740299224854,0.5925925970077515,1,0.3064173455548533,0.8092516539982979,0.03638493150238506,0,0.07773800834941402
Time,825,100,0.8199999928474426,0.18000000715255737,1,0.8669052426857182,0.8888846391669897,0.012346623413050085,0,-0.33485458150578007
Time,826,100,0.8103448152542114,0.18965518474578857,1,1.252038372859789,0.9252013845946938,0.005594832866550908,0,-0.32519940391254887
Time,827,100,0.17241379618644714,0.8275861740112305,1,0.501058937239954,0.8409628670668655,0.02529280965159149,0,0.312731585352893
Time,834,100,0.3255814015865326,0.674418568611145,1,0.3945283101952027,0.8241702018914353,0.03091611790289862,0,0.15956397995280758
Time,835,100,0.5671641826629639,0.43283581733703613,1,0.8107296021650283,0.8824491969028776,0.013818191308778443,0,-0.08201877132130131
Time,836,100,0.5438596606254578,0.45614033937454224,1,0.04961111597007001,0.7603419376486062,0.05743598685002454,0,-0.058714249283795206
Time,837,100,0.7441860437393188,0.25581395626068115,1,0.3224319383365148,0.8120333597861312,0.03533145783328999,0,-0.2590406323976563
Time,838,100,0.3888888955116272,0.6111111044883728,1,0.4962744631948469,0.8402374282610623,0.025524079328639218,0,0.09625651583003536
Time,839,100,0.6078431606292725,0.39215683937072754,1,1.1172920111483533,0.9139410981555725,0.007406134586668815,0,-0.1226977492876099
Time,840,100,0.6041666865348816,0.3958333134651184,0,-0.40463763329645497,0.654873454155325,0.42885924095732664,0,-0.11902127519321903
Time,841,100,0.4615384638309479,0.5384615659713745,0,0.3592218326458263,0.8183053565338148,0.6696236565319337,1,0.02360697731303707
Time,842,100,0.26153847575187683,0.7384614944458008,0,-0.11635590695086184,0.7244708589409289,0.5248580254546072,0,0.22360690578746334
Time,843,100,0.46296295523643494,0.5370370149612427,1,0.9597526083902334,0.8988456574625714,0.010232201014179439,0,0.022182426302905234
Time,844,100,0.32786884903907776,0.6721311807632446,1,0.886173573241308,0.8910199909117814,0.011876642380868207,0,0.1572765921049072
Time,845,100,0.37931033968925476,0.6206896305084229,1,0.379389115736203,0.8216738265661886,0.03180022413154578,0,0.10583504185008541
Time,846,100,0.7049180269241333,0.2950819730758667,0,-0.5264879150873734,0.6230809664770435,0.3882298907859666,0,-0.21977261558247074
Time,847,100,0.42222222685813904,0.5777777433395386,1,0.1436396999068209,0.7791908178428033,0.04875669492493007,0,0.06292315468120113
Time,848,100,0.807692289352417,0.192307710647583,1,-0.8433835358221465,0.5359502439746147,0.21534217606721967,1,-0.32254687801075443
Time,849,100,0.4038461446762085,0.5961538553237915,1,-0.1375721522190846,0.719652793999113,0.07859455591250379,1,0.08129926666545406
Time,850,100,0.7058823704719543,0.29411762952804565,1,0.8310230828551247,0.8848104645590078,0.013268629075111598,0,-0.2207369591302918
Time,851,100,0.6101694703102112,0.3898305296897888,1,1.06560219346597,0.9092277819870158,0.00823959556299673,0,-0.12502405896854862
Time,852,100,0.3529411852359772,0.6470588445663452,0,0.10003368716831407,0.7705842010990932,0.5938000109835277,1,0.13220425590800777
Time,853,100,0.359375,0.640625,0,0.8444437216674934,0.8863492829837061,0.7856150514457299,1,0.12577041134166256
Time,854,100,0.7735849022865295,0.22641509771347046,1,1.1171365713804287,0.9139272625680647,0.007408516129026882,0,-0.288439490944867
Time,855,100,0.5614035129547119,0.4385964870452881,0,0.9546256737812081,0.8983169418333625,0.8069733279848448,1,-0.07625810161304936
Time,856,100,0.232876718044281,0.767123281955719,0,0.3878355306428358,0.8230700029782028,0.6774442298025387,1,0.25226869329738155
Time,857,100,0.4262295067310333,0.5737705230712891,0,0.6491116350907497,0.8621121897134693,0.7432374276525529,1,0.05891593441295162
Time,858,100,0.5600000023841858,0.4399999976158142,1,0.5484505946395438,0.8480048582818748,0.023102523105912973,0,-0.07485459104252323
Time,859,100,0.6551724076271057,0.3448275923728943,0,-0.5655891181277063,0.6126344168305469,0.37532092868530426,0,-0.17002699628544315
Time,860,100,0.7692307829856873,0.23076921701431274,1,0.8298397358437939,0.8846739154054037,0.013300105787919972,0,-0.2840853716440247
Time,861,100,0.5799999833106995,0.42000001668930054,1,0.9381070390752319,0.8965967571896607,0.010692230623693986,0,-0.0948545719690369
Time,862,100,0.27272728085517883,0.7272727489471436,1,0.8591283474972214,0.8880124682419487,0.012541207269260552,0,0.2124181602888061
Time,863,100,0.4444444477558136,0.5555555820465088,1,-0.26475260598646455,0.6897227889641355,0.09627194768819437,1,0.04070099338817135
Time,864,100,0.5161290168762207,0.4838709831237793,1,1.129919288557979,0.9150583344476885,0.007215086546800747,0,-0.030983605534558145
Time,865,100,0.3333333432674408,0.6666666269302368,0,0.8427569299441966,0.8861568636824834,0.7852739870515754,1,0.15181203827189937
Time,866,100,0.6290322542190552,0.3709677457809448,1,0.9335593224942911,0.8961186768650433,0.010791329296269286,0,-0.14388684287739262
Time,867,100,0.5416666865348816,0.4583333134651184,1,0.33783974408286865,0.8146801407612985,0.03434345022825215,0,-0.056521275193219034
Time,868,100,0.8108108043670654,0.18918919563293457,1,1.2128287602297392,0.9220723437310681,0.0060727196115688085,0,-0.32566539302540287
Time,869,100,0.8703703880310059,0.12962961196899414,1,1.3282127339630505,0.9309522918823514,0.004767585996299996,0,-0.3852249766893433
Time,870,100,0.32307693362236023,0.6769230365753174,1,-0.04311924820294394,0.7407023353681925,0.0672352788835093,1,0.16206844791697994
Time,871,100,0.43939393758773804,0.560606062412262,0,-0.03023579840807733,0.7434925352997822,0.5527811500464979,0,0.04575147375392452
Time,872,100,0.5789473652839661,0.42105263471603394,0,0.09185228354292563,0.7689434327329048,0.5912740027430633,1,-0.0938019539423035
Time,873,100,0.35483869910240173,0.6451612710952759,0,0.08672266722537586,0.7679105174036247,0.5896865627391026,1,0.13030668243693844
Time,874,100,0.3333333432674408,0.6666666269302368,1,0.37507018642180495,0.8209565892011235,0.03205654295049526,0,0.15181203827189937
Time,875,100,0.7115384340286255,0.2884615659713745,1,0.9045838472360408,0.8930265193955241,0.011443325552636175,0,-0.22639302268696293
Time,876,100,0.30434781312942505,0.695652186870575,1,0.5454719575428159,0.8475699028208868,0.023234934526033882,0,0.1807975982122375
Time,877,100,0.26153847575187683,0.7384614944458008,1,0.5127446529248351,0.842723466286887,0.024735908056811973,0,0.22360690578746334
Time,878,100,0.4821428656578064,0.5178571343421936,0,0.843107796833289,0.8861969118912147,0.7853449666455254,1,0.0030025456838561615
Time,879,100,0.719298243522644,0.28070175647735596,1,0.09297460854339895,0.7691689983043205,0.05328295134383079,0,-0.23415283218098148
Time,880,100,0.4000000059604645,0.6000000238418579,1,0.07552099123205136,0.7656437318141939,0.054922860437977485,0,0.08514543518352047
Time,881,100,0.3214285671710968,0.6785714626312256,1,0.04673298878656229,0.7597479617568073,0.057721041880008546,0,0.16371687397288814
Time,882,100,0.5833333134651184,0.4166666865348816,1,0.458606138932621,0.8344321767521595,0.027412704095028145,0,-0.09818790212345585
Time,883,100,0.7894737124443054,0.21052628755569458,1,0.7563613720828186,0.8759156220644864,0.015396932847643383,0,-0.30432830110264286
Time,884,100,0.5277777910232544,0.4722222089767456,0,0.5256214278445949,0.8446451189087859,0.713425376896437,1,-0.04263237968159184
Time,885,100,0.36000001430511475,0.6399999856948853,0,-0.005759508608697228,0.7487389835785229,0.5606100655301995,0,0.1251453970365478
Time,886,100,0.7419354915618896,0.25806450843811035,1,0.8673424008842439,0.8889334891503015,0.012335769832326204,0,-0.2567900802202271
Time,887,100,0.8367347121238708,0.16326528787612915,1,1.435257775192007,0.9383437441191953,0.0038014938892392642,0,-0.3515893007822083
Time,888,100,0.21621622145175934,0.7837837934494019,1,0.6780607365085454,0.8659603646017613,0.01796662385769277,0,0.2689292047910644
Time,889,100,0.30000001192092896,0.699999988079071,1,0.6534776812214611,0.8626984502470366,0.01885171556456548,0,0.1851453994207336
Time,890,100,0.29629629850387573,0.7037037014961243,0,0.4929117867002213,0.8397259654073606,0.7051396969793237,1,0.18884911283778683
Time,891,100,0.1428571492433548,0.8571428656578064,1,0.4189998373059251,0.8281471652452778,0.02953339681323387,0,0.34228827699946895
Time,892,100,0.6571428775787354,0.34285712242126465,1,0.5425963021379682,0.8471490172644726,0.02336342292321651,0,-0.1719974662370728
Time,893,100,0.5135135054588318,0.4864864945411682,1,0.6291798138796205,0.8594090436750709,0.019765817000358128,0,-0.02836809411716923
Time,894,100,0.96875,0.03125,1,0.9544634298248671,0.8983001704720445,0.010342855326015216,0,-0.48360458865833744
Time,895,100,0.9375,0.0625,0,-0.8042742171293208,0.546937719774107,0.2991408693116996,0,-0.45235458865833744
Time,896,100,0.3799999952316284,0.6200000047683716,1,0.3132397802635142,0.8104405279556947,0.03593279344171578,0,0.10514541611003414
Time,897,100,0.32758620381355286,0.6724138259887695,1,1.389850900530939,0.9353032352248907,0.004185671372365827,0,0.1575592373304321
Time,898,100,0.5277777910232544,0.4722222089767456,1,0.9133672687961549,0.8939723149511152,0.011241869996825514,0,-0.04263237968159184
Time,899,100,0.581818163394928,0.418181836605072,0,0.4438241682161966,0.8321082882765681,0.6924042034185602,1,-0.09667275205326542
Time,900,100,0.6415094137191772,0.35849058628082275,1,-0.6818541783686088,0.5809890520428412,0.1755701745079568,1,-0.1563640023775147
Time,901,100,0.7894737124443054,0.21052628755569458,1,1.4217369021415414,0.9374526006004008,0.003912177171652981,0,-0.30432830110264286
Time,902,100,0.2549019753932953,0.7450979948043823,0,0.23884692580827213,0.7971688730692799,0.6354782121905457,1,0.23024340614604488
Time,903,100,0.4363636374473572,0.5636363625526428,1,-0.17393651743193494,0.7112762179292222,0.08336142233325397,1,0.04878177389430538
Time,904,100,0.800000011920929,0.19999998807907104,1,1.0539828820703847,0.9081367620601762,0.008438854484788675,0,-0.3148546005792664
Time,905,100,0.75,0.25,1,1.3270069354764853,0.9308645318755137,0.004779712952791867,0,-0.26485458865833744
Time,906,100,0.6136363744735718,0.3863636255264282,1,1.2399928136214904,0.9242526073264129,0.005737667496846597,0,-0.12849096313190922
Time,907,100,0.4117647111415863,0.5882352590560913,1,0.2592292016028317,0.8008726243593846,0.03965171172951877,0,0.07338067039775387
Time,908,100,0.39344263076782227,0.6065573692321777,1,-0.0558164174280929,0.7379332512946601,0.06867898077698775,1,0.09170278057384029
Time,909,100,0.8358209133148193,0.16417908668518066,1,0.971417505474363,0.9000395182565666,0.009992097910379286,0,-0.3506755019731568
Time,910,100,0.44897958636283875,0.5510203838348389,1,1.1989578966320211,0.9209369990995231,0.006250958111388812,0,0.036165795176501425
Time,911,100,0.43661972880363464,0.563380241394043,1,0.013212907766822157,0.7527563219105452,0.06112943635520195,0,0.04852565273570553
Time,912,100,0.28260868787765503,0.717391312122345,1,0.6559445360868352,0.8630287651193195,0.018761119184738554,0,0.20253672346400753
Time,913,100,0.4262295067310333,0.5737705230712891,0,0.7125937036529433,0.8704316642245494,0.7576512820847188,1,0.05891593441295162
Time,914,100,0.26153847575187683,0.7384614944458008,1,0.2938270602538495,0.8070427333950542,0.03723250673565214,0,0.22360690578746334
Time,915,100,0.3684210479259491,0.6315789222717285,1,-0.06637813416046306,0.7356154034640856,0.06989921488545824,1,0.11672433361339107
Time,916,100,0.692307710647583,0.307692289352417,1,1.1390971340470069,0.9158620977838063,0.007079186589341766,0,-0.20716229930592045
Time,917,100,0.6756756901741028,0.3243243098258972,1,0.005096243542258128,0.751042943248446,0.061979616106396476,0,-0.19053027883244023
Time,918,100,0.6226415038108826,0.37735849618911743,1,-0.10521799532840648,0.7269795627537984,0.07454015915410711,1,-0.13749609246922
Time,919,100,0.3499999940395355,0.6499999761581421,1,0.4923980242210799,0.839647705605097,0.025712858317709624,0,0.13514538749980465
Time,920,100,0.5365853905677795,0.46341460943222046,0,0.9625158721920294,0.8991296063675235,0.8084340490466178,1,-0.05143997922611698
Time,921,100,0.2777777910232544,0.7222222089767456,1,0.40902898650186775,0.8265354341126213,0.03008995561849674,0,0.20736762031840816
Time,922,100,0.7407407164573669,0.25925928354263306,1,0.7794357205787479,0.8787257896940025,0.01470743408534331,0,-0.2555953051157044
Time,923,100,0.44285714626312256,0.5571428537368774,1,1.2050070867910656,0.9214339792250487,0.006172619620410085,0,0.04228826507854
Time,924,100,0.5806451439857483,0.4193548560142517,0,1.314640402607794,0.929958497775919,0.8648228075856439,1,-0.09549973264408573
Time,925,100,0.1666666716337204,0.8333333134651184,1,0.6555764532075292,0.8629795208422779,0.018774611708611753,0,0.31847872480678097
Time,926,100,0.29411765933036804,0.7058823108673096,1,0.7473135293141713,0.8747985397095324,0.015675405658865545,0,0.19102772220897213
Time,927,100,0.3571428656578064,0.6428571343421936,1,0.175679207241226,0.7853655140608868,0.046067962554347364,0,0.12800254568385616
Time,928,100,0.5365853905677795,0.46341460943222046,1,0.6539039091318752,0.8627555705109212,0.018836033425782717,0,-0.05143997922611698
Time,929,100,0.6610169410705566,0.33898305892944336,1,0.4433075197631259,0.8320265964896579,0.028215064286848196,0,-0.17587152972889408
Time,930,100,0.5416666865348816,0.4583333134651184,1,0.5991705338999009,0.8552557407688832,0.020950900580364733,0,-0.056521275193219034
Time,931,100,0.5740740895271301,0.4259259104728699,1,0.501872176833355,0.8410859073810322,0.025253688832909887,0,-0.08892867818546757
Time,932,100,0.5806451439857483,0.4193548560142517,1,1.1482906626573999,0.9166603039531992,0.006945504937173145,0,-0.09549973264408573
Time,933,100,0.19607843458652496,0.8039215803146362,1,0.7289526367989949,0.8725051360511508,0.016254940333335577,0,0.2890669916562988
Time,934,100,0.800000011920929,0.19999998807907104,1,-0.5072257105432755,0.6281861066740524,0.13824557127019915,1,-0.3148546005792664
Time,935,100,0.2702702581882477,0.7297297716140747,0,0.0277227015876777,0.7557994648862876,0.5712328311223986,1,0.21487518295573727
Time,936,100,0.4117647111415863,0.5882352590560913,0,-0.010341594917118557,0.7477622678780979,0.5591484092621962,0,0.07338067039775387
Time,937,100,0.34210526943206787,0.6578947305679321,1,0.6980617234463857,0.8685657488752005,0.017274962368736844,0,0.1430401419095947
Time,938,100,0.5600000023841858,0.4399999976158142,1,0.3001077666754213,0.8081470853064395,0.03680754087641459,0,-0.07485459104252323
Time,939,100,0.5600000023841858,0.4399999976158142,1,0.39239223703800324,0.8238196473727767,0.031039516651852752,0,-0.07485459104252323
Time,940,100,0.260869562625885,0.739130437374115,1,0.16351092885587915,0.7830353136651578,0.04707367511637647,0,0.22427584871577755
Time,941,100,0.75,0.25,0,-0.5152374034297693,0.6260661348218484,0.3919588051707688,0,-0.26485458865833744
Time,942,100,0.7674418687820435,0.23255813121795654,1,0.32375522832527065,0.8122618126248506,0.03524562699890669,0,-0.2822964574403809
Time,943,100,0.3207547068595886,0.6792452931404114,1,0.2363044596507527,0.796703285774225,0.041329554014996425,0,0.16439070448207393
Time,944,100,0.686274528503418,0.31372547149658203,1,0.547063297299412,0.8478024050673025,0.023164107903297457,0,-0.2011291171617554
Time,945,100,0.4761904776096344,0.523809552192688,0,0.10942247345276984,0.7724570034244511,0.5966898221394825,1,0.008954963534350546
Time,946,100,0.2571428716182709,0.7428570985794067,1,0.8776485323152114,0.8900797080391595,0.012082470584756422,0,0.2280025099210693
Time,947,100,0.29032257199287415,0.7096774578094482,1,-0.31835411069240627,0.6765952508326739,0.1045906317839811,1,0.1948228691511108
Time,948,100,0.3529411852359772,0.6470588445663452,1,0.3188671237357327,0.8114168672196654,0.0355635979692453,0,0.13220425590800777
Time,949,100,0.807692289352417,0.192307710647583,1,-0.6689003373047929,0.5845532242295922,0.1725960234980275,1,-0.32254687801075443
Time,950,100,0.5319148898124695,0.4680851101875305,1,0.9902283714572484,0.9019383644254131,0.00961608437156309,0,-0.046769478470806924
Time,951,100,0.3243243098258972,0.6756756901741028,1,0.5060720452548544,0.841720104177462,0.025052525421593478,0,0.16082110151576534
Time,952,100,0.25925925374031067,0.7407407760620117,1,-0.20229047716130677,0.70464274560395,0.087235907724373,1,0.22588618740367428
Time,953,100,0.8064516186714172,0.19354838132858276,1,0.7039210547093022,0.869320819464624,0.017077048225397386,0,-0.3213062073297547
Time,954,100,0.39024388790130615,0.6097561120986938,1,0.332371685017279,0.8137441378799969,0.03469124617406561,0,0.0949015234403564
Time,955,100,0.773809552192688,0.226190447807312,1,0.802501446725961,0.8814799068600235,0.014047012477908696,0,-0.28866414085102543
Time,956,100,0.9750000238418579,0.02499997615814209,1,0.9035967223307666,0.8929197631994416,0.011466177113263672,0,-0.48985461250019535
Time,957,100,0.23333333432674408,0.7666666507720947,1,0.4184931248389128,0.8280655451008042,0.02956145678148359,0,0.2518120621137573
Time,958,100,0.265625,0.734375,0,0.2144084007580858,0.7926606473290364,0.628310901824087,1,0.21952041134166256
Time,959,100,0.8125,0.1875,1,0.21465637947847643,0.7927067618415071,0.04297048658623365,0,-0.32735458865833744
Time,960,100,0.27450981736183167,0.7254902124404907,1,0.6641190235239247,0.8641185630311784,0.018463764912711837,0,0.21063562378215328
Time,961,100,0.7964601516723633,0.20353984832763672,1,0.8450129763472336,0.8864141562015154,0.012901743911413736,0,-0.3113147403307007
Time,962,100,0.25641027092933655,0.7435897588729858,1,0.8416520772661467,0.8860306747299571,0.012989007102508837,0,0.2287351702146484
Time,963,100,0.4054054021835327,0.5945945978164673,1,1.1666184086553693,0.918231053835508,0.006686160556851598,0,0.07974000915812984
Time,964,100,0.9821428656578064,0.017857134342193604,1,1.0099332424736205,0.903892913703641,0.009236572036375797,0,-0.49699745431614384
Time,965,100,0.38461539149284363,0.615384578704834,1,-0.46258526899345276,0.6399063708426261,0.12966742175972829,1,0.10052999004649654
Time,966,100,0.2982456088066101,0.7017543911933899,1,0.12973146151214188,0.7764710838840487,0.04996517633997198,0,0.18689980253505245
Time,967,100,0.5263158082962036,0.4736841917037964,1,1.2369089696801607,0.924007935699913,0.005774793836588554,0,-0.041170396954541055
Time,968,100,0.2881355881690979,0.7118644118309021,1,-0.0690977864555587,0.7350164337413188,0.07021629038716891,1,0.19700982317256466
Time,969,100,0.4375,0.5625,1,0.9553708799110049,0.8983939432244058,0.010323790773485272,0,0.04764541134166256
Time,970,100,0.6578947305679321,0.34210526943206787,1,0.5768365827678972,0.8520989465054634,0.02187472162479379,0,-0.17274931922626957
Time,971,100,0.2881355881690979,0.7118644118309021,1,-0.005705742912390621,0.7487504293243721,0.06312634676468735,1,0.19700982317256466
Time,972,100,0.3333333432674408,0.6666666269302368,0,-0.3565908450457982,0.6670561182793779,0.44496386493395146,0,0.15181203827189937
Time,973,100,0.2698412835597992,0.7301586866378784,1,0.14275809346230983,0.7790191272528764,0.04883254612008045,0,0.21530409797954098
Time,974,100,0.7241379022598267,0.27586209774017334,1,-0.8100502244172946,0.5453176076819359,0.2067360778840779,1,-0.2389924909181641
Time,975,100,0.9375,0.0625,0,-0.8042742171293208,0.546937719774107,0.2991408693116996,0,-0.45235458865833744
Time,976,100,0.75,0.25,1,0.6517524304382636,0.8624670392366264,0.01891531529633967,0,-0.26485458865833744
Time,977,100,0.25,0.75,1,1.0786045557468888,0.9104348253158172,0.008021920516208179,0,0.23514541134166256
Time,978,100,0.1538461595773697,0.8461538553237915,0,0.002254188937521051,0.7504411298278496,0.5631618893372994,1,0.33129926666545406
Time,979,100,0.5384615659713745,0.4615384340286255,1,0.9577809226716555,0.8986426165073838,0.010273319188469276,0,-0.053316154629711954
Time,980,100,0.644444465637207,0.35555553436279297,1,0.35209019385219686,0.8171023960411212,0.03345153353389887,0,-0.15929905429554447
Time,981,100,0.2661290466785431,0.7338709831237793,1,0.27840194091745313,0.8043099904745322,0.03829457982807767,0,0.21901639446544185
Time,982,100,0.2702702581882477,0.7297297716140747,1,0.7517313152922984,0.8753450496802696,0.015538856639214452,0,0.21487518295573727
Time,983,100,0.3285714387893677,0.6714285612106323,1,0.9891238965740529,0.9018277683182524,0.009637787073374728,0,0.15657397255229488
Time,984,100,0.5625,0.4375,1,0.4155721607029255,0.8275944435994831,0.02972367587777182,0,-0.07735458865833744
Time,985,100,0.25757575035095215,0.7424242496490479,1,0.10378327358486877,0.7713334354059326,0.05228839776325281,0,0.2275696609907104
Time,986,100,0.3333333432674408,0.6666666269302368,1,0.7764896878934344,0.8783700785313707,0.014793837796464924,0,0.15181203827189937
Time,987,100,0.21052631735801697,0.7894736528396606,0,0.5544599244081927,0.8488792695018812,0.7205960141900475,1,0.2746190641813232
Time,988,100,0.7407407164573669,0.25925928354263306,1,1.3960151590471859,0.9357240463591685,0.004131398216438319,0,-0.2555953051157044
Time,989,100,0.17218543589115143,0.8278145790100098,1,0.8802752411001324,0.890370180500141,0.012018697323571654,0,0.3129599903516723
Time,990,100,0.8518518805503845,0.14814811944961548,1,1.0798167476178926,0.9105466157747762,0.00800190794934551,0,-0.36670646920872196
Time,991,100,0.25757575035095215,0.7424242496490479,1,0.3095803273759322,0.8098035407944338,0.03617469309433459,0,0.2275696609907104
Time,992,100,0.2933333218097687,0.7066667079925537,0,0.5848669412213006,0.8532404986546716,0.7280193485444726,1,0.19181211933421627
Time,993,100,0.34285715222358704,0.6571428775787354,0,0.2517428207315755,0.7995181776066063,0.6392293163233888,1,0.1422882889203979
Time,994,100,0.8703703880310059,0.12962961196899414,1,0.9159048651948756,0.8942441868987389,0.011184292004708878,0,-0.3852249766893433
Time,995,100,0.30612245202064514,0.6938775777816772,1,0.6494904322756712,0.8621631367386455,0.01899900087372933,0,0.1790229891233398
Time,996,100,0.24390244483947754,0.7560975551605225,1,0.26205005573024265,0.8013811907079951,0.039449431404573826,0,0.24124296650218502
Time,997,100,0.38983049988746643,0.610169529914856,1,0.1400135741509454,0.7784840270897828,0.04906932625436007,0,0.09531494125651852
Time,998,100,0.5487805008888245,0.45121949911117554,1,0.4265309220804372,0.8293566381975019,0.029119156927258253,0,-0.0636350895471619
Time,999,100,0.32307693362236023,0.6769230365753174,1,0.4326628159142923,0.8303364035377752,0.028785735964496673,0,0.16206844791697994
Time,1000,100,0.3541666567325592,0.6458333730697632,1,0.0392467250990316,0.7581982687741737,0.05846807722380672,0,0.13097878441142574
Time,1001,100,0.3194444477558136,0.6805555820465088,1,-0.10504973592841416,0.7270173519595499,0.07451952613117628,1,0.16570099338817135
Time,1002,100,0.40816327929496765,0.59183669090271,1,0.854775760163754,0.8875217231527668,0.01265136276252284,0,0.07698210224437252
Time,1003,100,0.28070175647735596,0.719298243522644,1,0.47294891960209023,0.8366623046272601,0.026679202729677977,0,0.2044436548643066
Time,1004,100,0.6338028311729431,0.3661971688270569,1,0.662218976888462,0.8638659082436163,0.018532490938335495,0,-0.14865741983128056
Time,1005,100,0.4516128897666931,0.5483871102333069,1,0.15330716594318444,0.781067257967538,0.04793154553385257,0,0.03353252157496944
Time,1006,100,0.302325576543808,0.6976743936538696,1,0.461973281238747,0.8349579091165339,0.027238891763186286,0,0.1828198049955322
Time,1007,100,0.34246575832366943,0.6575342416763306,1,0.5567988090836845,0.84921847863557,0.022735067184972067,0,0.14267965301799312
Time,1008,100,0.3835616409778595,0.6164383888244629,0,-0.06982525750774016,0.7348560702328361,0.5400134439580468,0,0.10158380016612545
Time,1009,100,0.3684210479259491,0.6315789222717285,1,0.09016090245865038,0.768603206738196,0.05354447593184604,0,0.11672433361339107
Time,1010,100,0.261904776096344,0.738095223903656,1,0.8032654656647582,0.8815702000767032,0.014025617509872117,0,0.22324063524531856
Time,1011,100,0.3283582031726837,0.6716418266296387,1,0.7180930266761243,0.871131878969702,0.01660699261787953,0,0.15678723797130123
Time,1012,100,0.5357142686843872,0.4642857313156128,1,1.2371617950220513,0.9240280220811908,0.005771741428896028,0,-0.05056885734272465
Time,1013,100,0.25974026322364807,0.7402597665786743,1,0.4882503988023446,0.8390147784685018,0.02591624155154555,0,0.22540517792033687
Time,1014,100,0.35211268067359924,0.6478873491287231,0,-0.010132362218730706,0.7478069226130959,0.5592151935080688,0,0.1330327604703857
Time,1015,100,0.20454545319080353,0.7954545617103577,1,0.45969549908669705,0.8346024119055298,0.027356362147468047,0,0.2805999730520202
Time,1016,100,0.38461539149284363,0.615384578704834,1,0.5840565177882969,0.8531256250638787,0.02157208201287634,0,0.10052999004649654
Time,1017,100,0.25,0.75,0,-0.3076448020556878,0.6792412693268854,0.4613687019567985,0,0.23514541134166256
Time,1018,100,0.30985915660858154,0.6901408433914185,1,0.24982556500974112,0.7991701967451186,0.04033260987539438,0,0.17528625473308102
Time,1019,100,0.4655172526836395,0.5344827175140381,1,0.8767724008396945,0.8899826718241877,0.012103812498944391,0,0.019628128855700644
Time,1020,100,0.24418604373931885,0.7558139562606812,0,0.8288474697104995,0.8845593070301916,0.7824451676537327,1,0.2409593676023437
Time,1021,100,0.3617021143436432,0.6382979154586792,1,0.45189849866530163,0.833380872727819,0.027761933572943244,0,0.12344332680034176
Time,1022,100,0.3095238208770752,0.6904761791229248,1,-0.09998072033369121,0.7281542641715806,0.0739001040880948,1,0.17562159046458736
Time,1023,100,0.6000000238418579,0.3999999761581421,1,-0.31348865627613065,0.6777988044347986,0.10381361042364519,1,-0.11485461250019535
Time,1024,100,0.2602739632129669,0.7397260665893555,1,0.8296171618742181,0.8846482163561885,0.013306033989808695,0,0.22487147793101803
Time,1025,100,0.20253165066242218,0.797468364238739,1,0.6526575903406231,0.8625884908247476,0.01888192285382046,0,0.28261377558040157
Time,1026,100,0.18918919563293457,0.8108108043670654,0,0.3789040117057969,0.8215933784371426,0.6750156794917579,1,0.295956215708728
Time,1027,100,0.45652174949645996,0.54347825050354,1,0.8612979681103372,0.8882563889290415,0.012486634615177647,0,0.028623661845202597
Time,1028,100,0.7638888955116272,0.2361111044883728,1,1.2812349331541721,0.9274559034369475,0.005262645946149485,0,-0.27874348416996464
Time,1029,100,0.5670102834701538,0.4329897165298462,1,0.9138480155061621,0.8940238682460079,0.011230940501539497,0,-0.08186487212849125
Time,1030,100,0.3333333432674408,0.6666666269302368,1,0.7646809927973955,0.8769352348749458,0.015144936415284745,0,0.15181203827189937
Time,1031,100,0.8636363744735718,0.13636362552642822,1,0.3558714862243725,0.8177409903814475,0.0332183465871356,0,-0.3784909631319092
Time,1032,100,0.949999988079071,0.050000011920928955,1,0.228129180052263,0.7952008012182729,0.04194271182163739,0,-0.4648545767374085
Time,1033,100,0.707317054271698,0.292682945728302,1,0.5198918160457606,0.8437924425475839,0.024400801005249877,0,-0.22217164293003544
Time,1034,100,0.90625,0.09375,1,0.1394080560197246,0.7783658441998714,0.04912169901723567,0,-0.42110458865833744
Time,822,11,0.6666666865348816,0.3333333134651184,0,-0.6748759197451044,0.1201515997604432,0.014436406924993737,0,-0.18152127519321903
Time,823,11,0.6666666865348816,0.3333333134651184,1,-1.1891226230228689,0.03086612941257275,0.9392204591197683,1,-0.18152127519321903
Time,824,11,0.40740740299224854,0.5925925970077515,0,0.0885911036001843,0.5424610876929161,0.29426403166098164,1,0.07773800834941402
Time,825,11,0.8199999928474426,0.18000000715255737,0,-1.171570731029281,0.03238757416629755,0.0010489549603774242,0,-0.33485458150578007
Time,826,11,0.8103448152542114,0.18965518474578857,0,-0.9443971168414851,0.05986307883697752,0.003583588207842186,0,-0.32519940391254887
Time,827,11,0.17241379618644714,0.8275861740112305,1,-0.8583236431751686,0.07513886119190216,0.8553681260774116,1,0.312731585352893
Time,834,11,0.3255814015865326,0.674418568611145,0,-0.332763197700907,0.26453480038516863,0.06997866061482101,0,0.15956397995280758
Time,835,11,0.5671641826629639,0.43283581733703613,0,0.1860713746226304,0.6097365746628806,0.37177869048162254,1,-0.08201877132130131
Time,836,11,0.5438596606254578,0.45614033937454224,0,-1.3097044348045936,0.02213761795332187,0.0004900741286472389,0,-0.058714249283795206
Time,837,11,0.7441860437393188,0.25581395626068115,0,-0.9336279805037946,0.06160199390234453,0.003794805652744493,0,-0.2590406323976563
Time,838,11,0.3888888955116272,0.6111111044883728,0,-0.5097044760616459,0.1789581487429315,0.032026019001497194,0,0.09625651583003536
Time,839,11,0.6078431606292725,0.39215683937072754,1,0.5697636120729588,0.8223535058888076,0.03155827686999791,0,-0.1226977492876099
Time,840,11,0.6041666865348816,0.3958333134651184,0,-0.3747122980931879,0.24208516757283,0.05860522835876518,0,-0.11902127519321903
Time,841,11,0.4615384638309479,0.5384615659713745,0,-0.9081020271377469,0.06591384589476251,0.0043446350806385006,0,0.02360697731303707
Time,842,11,0.26153847575187683,0.7384614944458008,0,-1.0445292441208673,0.04576356618237724,0.0020943039897288215,0,0.22360690578746334
Time,843,11,0.46296295523643494,0.5370370149612427,0,-0.42038230742235494,0.21916042536735544,0.04803129204720018,0,0.022182426302905234
Time,844,11,0.32786884903907776,0.6721311807632446,0,-1.128517116099877,0.03643257855687397,0.0013273327803027932,0,0.1572765921049072
Time,845,11,0.37931033968925476,0.6206896305084229,1,-0.6038599263654296,0.14307753832454725,0.7343161053239178,1,0.10583504185008541
Time,846,11,0.7049180269241333,0.2950819730758667,0,-0.8921562363604827,0.06874813029305568,0.00472630541879096,0,-0.21977261558247074
Time,847,11,0.42222222685813904,0.5777777433395386,1,-0.8677896508144107,0.07329774789501937,0.8587770640564429,1,0.06292315468120113
Time,848,11,0.807692289352417,0.192307710647583,0,-1.0779394361961165,0.04180633758038183,0.0017477698618848462,0,-0.32254687801075443
Time,849,11,0.4038461446762085,0.5961538553237915,0,-0.4902898730765313,0.18717640993591347,0.03503500843649713,0,0.08129926666545406
Time,850,11,0.7058823704719543,0.29411762952804565,0,-0.5778392026418815,0.15234831812642616,0.02321001003595075,0,-0.2207369591302918
Time,851,11,0.6101694703102112,0.3898305296897888,0,-1.0823447997573412,0.041309617490205335,0.0017064844971870785,0,-0.12502405896854862
Time,852,11,0.3529411852359772,0.6470588445663452,0,-1.2551068476192313,0.02574246257496125,0.0006626743794232806,0,0.13220425590800777
Time,853,11,0.359375,0.640625,0,-0.8920565471106283,0.06876619970033981,0.004728790221227016,0,0.12577041134166256
Time,854,11,0.7735849022865295,0.22641509771347046,0,-1.0690102717219148,0.04283070739093604,0.0018344694956079833,0,-0.288439490944867
Time,855,11,0.5614035129547119,0.4385964870452881,0,-1.0606396289343132,0.043812743250217626,0.0019195564711094902,0,-0.07625810161304936
Time,856,11,0.232876718044281,0.767123281955719,0,0.12869026172258696,0.5704698912849272,0.32543589686263663,1,0.25226869329738155
Time,857,11,0.4262295067310333,0.5737705230712891,0,-0.951105787678509,0.05880315826537606,0.003457811421982865,0,0.05891593441295162
Time,858,11,0.5600000023841858,0.4399999976158142,0,0.8408376960883377,0.9088555852719647,0.8260184748800455,1,-0.07485459104252323
Time,859,11,0.6551724076271057,0.3448275923728943,0,-0.9056839074644898,0.06633656001705523,0.004400539194896371,0,-0.17002699628544315
Time,860,11,0.7692307829856873,0.23076921701431274,0,-1.3035770389943877,0.022516237521263974,0.0005069809521139756,0,-0.2840853716440247
Time,861,11,0.5799999833106995,0.42000001668930054,1,0.18178277631877077,0.6068438721599427,0.15457174085818745,0,-0.0948545719690369
Time,862,11,0.27272728085517883,0.7272727489471436,0,-0.2999466203940968,0.28299936559508854,0.08008864092722258,0,0.2124181602888061
Time,863,11,0.4444444477558136,0.5555555820465088,0,-1.054302850736542,0.04457041902836221,0.001986522252363792,0,0.04070099338817135
Time,864,11,0.5161290168762207,0.4838709831237793,0,-0.6687445001533208,0.12199863400424776,0.014883666698902398,0,-0.030983605534558145
Time,865,11,0.3333333432674408,0.6666666269302368,0,-0.3606309572151677,0.24947402462785848,0.06223728896402134,0,0.15181203827189937
Time,866,11,0.6290322542190552,0.3709677457809448,0,-1.002721195193815,0.051218804053580064,0.0026233658886790296,0,-0.14388684287739262
Time,867,11,0.5416666865348816,0.4583333134651184,0,-0.4692857245934034,0.19639131542391275,0.038569548773934786,0,-0.056521275193219034
Time,868,11,0.8108108043670654,0.18918919563293457,0,0.7834407828068048,0.8944722332229997,0.8000805760069404,1,-0.32566539302540287
Time,869,11,0.8703703880310059,0.12962961196899414,1,-1.0610019745805896,0.043769791792179255,0.9143762110891723,1,-0.3852249766893433
Time,870,11,0.32307693362236023,0.6769230365753174,0,-0.9820027423743216,0.054145138621437154,0.0029316960363346455,0,0.16206844791697994
Time,871,11,0.43939393758773804,0.560606062412262,0,-0.3936045525105395,0.2324082853980678,0.05401361112166973,0,0.04575147375392452
Time,872,11,0.5789473652839661,0.42105263471603394,0,-0.9911443552805965,0.05283500586278017,0.002791537844520015,0,-0.0938019539423035
Time,873,11,0.35483869910240173,0.6451612710952759,0,-0.8061985561598337,0.08605780052892537,0.007405945031876307,0,0.13030668243693844
Time,874,11,0.3333333432674408,0.6666666269302368,0,-0.5162468229193647,0.17625308131335998,0.031065148672453885,0,0.15181203827189937
Time,875,11,0.7115384340286255,0.2884615659713745,0,-1.0366432438734157,0.04674838305227751,0.0021854113180024676,0,-0.22639302268696293
Time,876,11,0.30434781312942505,0.695652186870575,0,-0.4878223871798537,0.18824144770005077,0.03543484263221095,0,0.1807975982122375
Time,877,11,0.26153847575187683,0.7384614944458008,0,-0.36456668882613524,0.24739377136501534,0.06120367811020548,0,0.22360690578746334
Time,878,11,0.4821428656578064,0.5178571343421936,0,-0.5290749915092401,0.1710424948918947,0.02925553505884382,0,0.0030025456838561615
Time,879,11,0.719298243522644,0.28070175647735596,0,-1.023897850448679,0.04838277067780925,0.002340892498461479,0,-0.23415283218098148
Time,880,11,0.4000000059604645,0.6000000238418579,1,0.30202944556151196,0.6844856063908824,0.09954933257452918,0,0.08514543518352047
Time,881,11,0.3214285671710968,0.6785714626312256,0,-0.5685398635072383,0.155779071192816,0.024267119021696437,0,0.16371687397288814
Time,882,11,0.5833333134651184,0.4166666865348816,0,-0.7601085346111747,0.09688940227079365,0.009387556272391673,0,-0.09818790212345585
Time,883,11,0.7894737124443054,0.21052628755569458,0,-1.136295005938264,0.035667473929384665,0.0012721686965033348,0,-0.30432830110264286
Time,884,11,0.5277777910232544,0.4722222089767456,0,-0.8242690144254616,0.08211867418104861,0.00674347664925322,0,-0.04263237968159184
Time,885,11,0.36000001430511475,0.6399999856948853,0,-0.9621426393756083,0.057097623855507804,0.0032601386499450536,0,0.1251453970365478
Time,886,11,0.7419354915618896,0.25806450843811035,0,-1.0373464956954945,0.04665974752286819,0.002177132038897804,0,-0.2567900802202271
Time,887,11,0.8367347121238708,0.16326528787612915,1,1.0898651235409698,0.9527858592398033,0.002229175087723667,0,-0.3515893007822083
Time,888,11,0.21621622145175934,0.7837837934494019,0,-0.6821561984738911,0.11798988571514035,0.013921613131071882,0,0.2689292047910644
Time,889,11,0.30000001192092896,0.699999988079071,0,-0.45398747863666067,0.2033160408979325,0.041337412486409764,0,0.1851453994207336
Time,890,11,0.29629629850387573,0.7037037014961243,0,-0.5273083644563111,0.1717527428500099,0.02949900467650163,0,0.18884911283778683
Time,891,11,0.1428571492433548,0.8571428656578064,0,-0.6151048158947072,0.13921884655714772,0.019381887236702644,0,0.34228827699946895
Time,892,11,0.6571428775787354,0.34285712242126465,0,-0.9888370202307972,0.053162830437892085,0.002826286540168065,0,-0.1719974662370728
Time,893,11,0.5135135054588318,0.4864864945411682,0,-0.8546570601929604,0.07586335190656764,0.0057552481624997195,0,-0.02836809411716923
Time,894,11,0.96875,0.03125,0,-1.0510003225567328,0.04497023165546853,0.002022321735146504,0,-0.48360458865833744
Time,895,11,0.9375,0.0625,0,-1.0442779560361464,0.04579464058305251,0.0020971491061309595,0,-0.45235458865833744
Time,896,11,0.3799999952316284,0.6200000047683716,1,-0.9467412540080935,0.05949070455877154,0.8845577348113559,1,0.10514541611003414
Time,897,11,0.32758620381355286,0.6724138259887695,0,-0.39830701660934364,0.23004197679260674,0.05291931108665022,0,0.1575592373304321
Time,898,11,0.5277777910232544,0.4722222089767456,0,1.083466677166265,0.9519643336574736,0.9062360925559176,1,-0.04263237968159184
Time,899,11,0.581818163394928,0.418181836605072,0,-0.8125780871730721,0.0846479724031031,0.007165279231956503,0,-0.09667275205326542
Time,900,11,0.6415094137191772,0.35849058628082275,1,-0.5972733280497695,0.14537885336227344,0.7303773042803826,1,-0.1563640023775147
Time,901,11,0.7894737124443054,0.21052628755569458,1,1.1465892832507714,0.9595063404982346,0.001639736459844917,0,-0.30432830110264286
Time,902,11,0.2549019753932953,0.7450979948043823,0,-0.7107528257349336,0.10982235165148,0.01206094892226133,0,0.23024340614604488
Time,903,11,0.4363636374473572,0.5636363625526428,0,-0.850652446998827,0.0766619568615718,0.005877055629845496,0,0.04878177389430538
Time,904,11,0.800000011920929,0.19999998807907104,0,-0.5084191184522956,0.17949340599720917,0.03221788279647896,0,-0.3148546005792664
Time,905,11,0.75,0.25,0,-1.0301563141576144,0.0475735571316297,0.0022632433381564354,0,-0.26485458865833744
Time,906,11,0.6136363744735718,0.3863636255264282,1,1.3375589314986216,0.97601097107546,0.0005754735087424178,0,-0.12849096313190922
Time,907,11,0.4117647111415863,0.5882352590560913,0,-0.2894944491845206,0.2890415192964249,0.08354499987718557,0,0.07338067039775387
Time,908,11,0.39344263076782227,0.6065573692321777,0,-1.002203960463314,0.05129000458762035,0.0026306645705981165,0,0.09170278057384029
Time,909,11,0.8358209133148193,0.16417908668518066,0,-0.9660553194662032,0.056504228595577424,0.0031927278491812694,0,-0.3506755019731568
Time,910,11,0.44897958636283875,0.5510203838348389,1,0.7255229610954852,0.8779655429845484,0.014892408699056097,0,0.036165795176501425
Time,911,11,0.43661972880363464,0.563380241394043,0,-0.8478284814592565,0.07722974279390576,0.00596443317201284,0,0.04852565273570553
Time,912,11,0.28260868787765503,0.717391312122345,0,-0.7183513324241102,0.10773707336239369,0.0116072769766938,0,0.20253672346400753
Time,913,11,0.4262295067310333,0.5737705230712891,0,-0.162076342154001,0.3683402086054635,0.1356745092755164,0,0.05891593441295162
Time,914,11,0.26153847575187683,0.7384614944458008,0,-0.7584643928745118,0.09729742649357866,0.009466789202273342,0,0.22360690578746334
Time,915,11,0.3684210479259491,0.6315789222717285,1,-0.9361177664156586,0.06119581545604441,0.8813532969172415,1,0.11672433361339107
Time,916,11,0.692307710647583,0.307692289352417,1,0.35748122251026765,0.7173669715605295,0.07988142876486652,0,-0.20716229930592045
Time,917,11,0.6756756901741028,0.3243243098258972,0,-0.7303625487069507,0.10451181712749798,0.01092271991929158,0,-0.19053027883244023
Time,918,11,0.6226415038108826,0.37735849618911743,0,-0.6091454351214701,0.1412528308307279,0.019952362217694235,0,-0.13749609246922
Time,919,11,0.3499999940395355,0.6499999761581421,0,-0.6131468669713794,0.13988438786965482,0.019567641969668034,0,0.13514538749980465
Time,920,11,0.5365853905677795,0.46341460943222046,0,-0.09850226721112226,0.4111105816916632,0.16901191037885768,0,-0.05143997922611698
Time,921,11,0.2777777910232544,0.7222222089767456,0,-1.0364655449964282,0.046770804958167815,0.002187508196434975,0,0.20736762031840816
Time,922,11,0.7407407164573669,0.25925928354263306,0,-0.9445567502449701,0.0598376514209652,0.0035805445275769385,0,-0.2555953051157044
Time,923,11,0.44285714626312256,0.5571428537368774,0,-0.9354114910481011,0.06131078068731038,0.0037590118284874714,0,0.04228826507854
Time,924,11,0.5806451439857483,0.4193548560142517,0,-1.0107793975095583,0.050121552300915674,0.0025121700050534253,0,-0.09549973264408573
Time,925,11,0.1666666716337204,0.8333333134651184,0,-0.43154585800936796,0.213800389134494,0.04571060639406106,0,0.31847872480678097
Time,926,11,0.29411765933036804,0.7058823108673096,0,0.0759197796507477,0.5335455274629982,0.28467082987576897,1,0.19102772220897213
Time,927,11,0.3571428656578064,0.6428571343421936,1,-0.2872324560591465,0.290359156954118,0.5035901261188702,1,0.12800254568385616
Time,928,11,0.5365853905677795,0.46341460943222046,0,-1.1628976528737407,0.03316589854957351,0.0010999768266006023,0,-0.05143997922611698
Time,929,11,0.6610169410705566,0.33898305892944336,0,-0.6007846348698824,0.14414822588189782,0.020778711024898637,0,-0.17587152972889408
Time,930,11,0.5416666865348816,0.4583333134651184,0,-0.5231912987211832,0.17341702083414845,0.030073463114991476,0,-0.056521275193219034
Time,931,11,0.5740740895271301,0.4259259104728699,0,-1.1171813646771387,0.03757600479709748,0.0014119561365114929,0,-0.08892867818546757
Time,932,11,0.5806451439857483,0.4193548560142517,0,-0.6463761853143863,0.1289452120842052,0.01662686771944066,0,-0.09549973264408573
Time,933,11,0.19607843458652496,0.8039215803146362,1,-0.1807624434163912,0.35612077576927376,0.41458045539596194,1,0.2890669916562988
Time,934,11,0.800000011920929,0.19999998807907104,0,-1.0525154877206606,0.044786379285746934,0.002005819769526782,0,-0.3148546005792664
Time,935,11,0.2702702581882477,0.7297297716140747,0,-0.9660206985039079,0.05650945368341474,0.003193318355597996,0,0.21487518295573727
Time,936,11,0.4117647111415863,0.5882352590560913,0,-0.8703875725579366,0.0727997713172318,0.0052998067038412455,0,0.07338067039775387
Time,937,11,0.34210526943206787,0.6578947305679321,0,-0.589775490045482,0.1480358464483401,0.02191461183367653,0,0.1430401419095947
Time,938,11,0.5600000023841858,0.4399999976158142,1,0.711473441615361,0.8736398466235908,0.015966888361309647,0,-0.07485459104252323
Time,939,11,0.5600000023841858,0.4399999976158142,1,0.7459485351175548,0.8840265032202943,0.013449851955312408,0,-0.07485459104252323
Time,940,11,0.260869562625885,0.739130437374115,0,-0.6676641923029194,0.12232658908272236,0.014963794396613208,0,0.22427584871577755
Time,941,11,0.75,0.25,0,-0.8732849409097045,0.07224807453845462,0.005219784274514095,0,-0.26485458865833744
Time,942,11,0.7674418687820435,0.23255813121795654,0,-0.858197816564195,0.0751636179651296,0.005649569465607953,0,-0.2822964574403809
Time,943,11,0.3207547068595886,0.6792452931404114,0,-0.6916483393164095,0.11522207697704435,0.013276127022903934,0,0.16439070448207393
Time,944,11,0.686274528503418,0.31372547149658203,0,-0.847522233026253,0.077291548120387,0.005973983410846098,0,-0.2011291171617554
Time,945,11,0.4761904776096344,0.523809552192688,0,-0.22407679445360884,0.32852649889656926,0.10792966047723752,0,0.008954963534350546
Time,946,11,0.2571428716182709,0.7428570985794067,0,-0.7189849298354205,0.10756477524664593,0.011570180873861453,0,0.2280025099210693
Time,947,11,0.29032257199287415,0.7096774578094482,0,-0.4060754819022483,0.22616997110058482,0.05115285582763937,0,0.1948228691511108
Time,948,11,0.3529411852359772,0.6470588445663452,0,-0.6162509980469638,0.13883047213025948,0.019273899991910756,0,0.13220425590800777
Time,949,11,0.807692289352417,0.192307710647583,0,-0.9267926809246698,0.0627300746050265,0.0039350622599521904,0,-0.32254687801075443
Time,950,11,0.5319148898124695,0.4680851101875305,0,-1.224166049837482,0.028032835722234584,0.0007858398786297913,0,-0.046769478470806924
Time,951,11,0.3243243098258972,0.6756756901741028,1,-0.5665979117676085,0.15650340679472377,0.7114865027489073,1,0.16082110151576534
Time,952,11,0.25925925374031067,0.7407407760620117,0,-1.014920094216028,0.04956642633138925,0.002456830619265038,0,0.22588618740367428
Time,953,11,0.8064516186714172,0.19354838132858276,1,0.7944351744433593,0.8973741527733178,0.010532064518994319,0,-0.3213062073297547
Time,954,11,0.39024388790130615,0.6097561120986938,0,0.2130733161779294,0.6277656083030079,0.3940896589680455,1,0.0949015234403564
Time,955,11,0.773809552192688,0.226190447807312,0,0.590792670818777,0.8308838958124963,0.6903680483205512,1,-0.28866414085102543
Time,956,11,0.9750000238418579,0.02499997615814209,0,-0.9987472028875217,0.05176825731583866,0.0026799524655188828,0,-0.48985461250019535
Time,957,11,0.23333333432674408,0.7666666507720947,1,-0.06844198357466347,0.43185655131992007,0.3227869782780946,1,0.2518120621137573
Time,958,11,0.265625,0.734375,0,-1.2282129218136009,0.027722375335635128,0.0007685300942498308,0,0.21952041134166256
Time,959,11,0.8125,0.1875,0,-0.9320677242686861,0.061857813312289546,0.0038263890677780656,0,-0.32735458865833744
Time,960,11,0.27450981736183167,0.7254902124404907,0,-1.3408412976811817,0.020307788688575253,0.000412406281419825,0,0.21063562378215328
Time,961,11,0.7964601516723633,0.20353984832763672,1,0.8566912896977892,0.9125056378983726,0.007655263399570697,0,-0.3113147403307007
Time,962,11,0.25641027092933655,0.7435897588729858,0,-0.3966472256779858,0.2308752599842425,0.05330338567279156,0,0.2287351702146484
Time,963,11,0.4054054021835327,0.5945945978164673,0,0.33857885207806887,0.7063928092291716,0.4989908009306808,1,0.07974000915812984
Time,964,11,0.9821428656578064,0.017857134342193604,0,-0.9890227584735085,0.05313636997920547,0.0028234738145670084,0,-0.49699745431614384
Time,965,11,0.38461539149284363,0.615384578704834,0,-0.6753428122113332,0.12001194655624209,0.014402867316218307,0,0.10052999004649654
Time,966,11,0.2982456088066101,0.7017543911933899,0,-1.2198963030274006,0.02836405430559452,0.0008045195766507151,0,0.18689980253505245
Time,967,11,0.5263158082962036,0.4736841917037964,1,0.9995118839406112,0.9398524143122708,0.003617732064062721,0,-0.041170396954541055
Time,968,11,0.2881355881690979,0.7118644118309021,0,-1.0725021046225136,0.04242729387557824,0.0018000752656046788,0,0.19700982317256466
Time,969,11,0.4375,0.5625,0,-0.017852070274511966,0.4672796473083224,0.21835026878859015,0,0.04764541134166256
Time,970,11,0.6578947305679321,0.34210526943206787,1,-0.4065105943020446,0.2259544696759797,0.599146483014594,1,-0.17274931922626957
Time,971,11,0.2881355881690979,0.7118644118309021,0,-0.9995325111349225,0.05165923882866322,0.0026686769563568653,0,0.19700982317256466
Time,972,11,0.3333333432674408,0.6666666269302368,0,-0.1977134638487839,0.3451952744434604,0.11915977749809593,0,0.15181203827189937
Time,973,11,0.2698412835597992,0.7301586866378784,1,-1.2050450592560777,0.029545957613189865,0.9417810483849006,1,0.21530409797954098
Time,974,11,0.7241379022598267,0.27586209774017334,0,-1.081047076433901,0.041455350613239475,0.0017185460944666145,0,-0.2389924909181641
Time,975,11,0.9375,0.0625,0,-1.0442779560361464,0.04579464058305251,0.0020971491061309595,0,-0.45235458865833744
Time,976,11,0.75,0.25,0,-1.199950253245004,0.029962313384208714,0.0008977402233335326,0,-0.26485458865833744
Time,977,11,0.25,0.75,1,-0.2720681250584859,0.2992833890121792,0.49100376891425696,1,0.23514541134166256
Time,978,11,0.1538461595773697,0.8461538553237915,0,-0.545399577638748,0.16458945098810318,0.027089687376565218,0,0.33129926666545406
Time,979,11,0.5384615659713745,0.4615384340286255,0,-1.2449801970248107,0.026471280699832907,0.0007007287018893462,0,-0.053316154629711954
Time,980,11,0.644444465637207,0.35555553436279297,1,-0.8855175209899744,0.06996109452892563,0.864972365689834,1,-0.15929905429554447
Time,981,11,0.2661290466785431,0.7338709831237793,0,-0.2445225124904013,0.31588765521518514,0.09978501071734767,0,0.21901639446544185
Time,982,11,0.2702702581882477,0.7297297716140747,0,-0.5117916595514997,0.17809165027309237,0.031716635896993445,0,0.21487518295573727
Time,983,11,0.3285714387893677,0.6714285612106323,0,-1.1084802787897927,0.03847699075468283,0.0014804788175359481,0,0.15657397255229488
Time,984,11,0.5625,0.4375,1,-1.1745624682217741,0.032123212266886136,0.936785476232571,1,-0.07735458865833744
Time,985,11,0.25757575035095215,0.7424242496490479,0,-0.3908340806140842,0.2338103256134397,0.054667268363462695,0,0.2275696609907104
Time,986,11,0.3333333432674408,0.6666666269302368,1,0.06320884446943298,0.5245805222371659,0.2260236798362859,0,0.15181203827189937
Time,987,11,0.21052631735801697,0.7894736528396606,0,-0.8961618717585407,0.06802570832211301,0.004627496992725195,0,0.2746190641813232
Time,988,11,0.7407407164573669,0.25925928354263306,0,-0.7268373681060274,0.10544945489016569,0.011119587536633089,0,-0.2555953051157044
Time,989,11,0.17218543589115143,0.8278145790100098,1,-0.19551832639253208,0.3466012236213924,0.4269299609730616,1,0.3129599903516723
Time,990,11,0.8518518805503845,0.14814811944961548,0,-0.9653729746251909,0.05660729367987347,0.0032043856977594432,0,-0.36670646920872196
Time,991,11,0.25757575035095215,0.7424242496490479,0,-1.0405923462753919,0.04625271869112506,0.0021393139863203495,0,0.2275696609907104
Time,992,11,0.2933333218097687,0.7066667079925537,0,-0.999894906112647,0.05160900346819669,0.002663489238980338,0,0.19181211933421627
Time,993,11,0.34285715222358704,0.6571428775787354,0,-0.7640406776215154,0.09591975817701459,0.009200600008736957,0,0.1422882889203979
Time,994,11,0.8703703880310059,0.12962961196899414,1,0.9253997001926915,0.9268393222561108,0.005352484767945209,0,-0.3852249766893433
Time,995,11,0.30612245202064514,0.6938775777816772,0,-0.5885273289662918,0.1484820299434255,0.022046913216120304,0,0.1790229891233398
Time,996,11,0.24390244483947754,0.7560975551605225,0,-0.5899161092220725,0.14798564842794976,0.021899752140640747,0,0.24124296650218502
Time,997,11,0.38983049988746643,0.610169529914856,0,-0.7181432418795637,0.10779371364299847,0.011619484700948755,0,0.09531494125651852
Time,998,11,0.5487805008888245,0.45121949911117554,1,-0.0059180246475482035,0.4756978138123357,0.2748927824411641,1,-0.0636350895471619
Time,999,11,0.32307693362236023,0.6769230365753174,1,-0.5433966625279004,0.16537054752311614,0.6966063229418629,1,0.16206844791697994
Time,1000,11,0.3541666567325592,0.6458333730697632,0,-0.8220824543363425,0.08258643944289937,0.006820519979855684,0,0.13097878441142574
Time,1001,11,0.3194444477558136,0.6805555820465088,1,-0.8448253110376416,0.07783778530840449,0.8503831502049083,1,0.16570099338817135
Time,1002,11,0.40816327929496765,0.59183669090271,0,-0.94426816532143,0.05988362643577993,0.0035860487151000405,0,0.07698210224437252
Time,1003,11,0.28070175647735596,0.719298243522644,0,-0.8708287344813751,0.07271551847776492,0.0052875466274901715,0,0.2044436548643066
Time,1004,11,0.6338028311729431,0.3661971688270569,1,-0.3611876111884429,0.2491790942250988,0.5637320325486431,1,-0.14865741983128056
Time,1005,11,0.4516128897666931,0.5483871102333069,0,-0.9635525235575815,0.05688312978887113,0.0032356904545775586,0,0.03353252157496944
Time,1006,11,0.302325576543808,0.6976743936538696,0,-1.0617670691051164,0.043679231542205994,0.001907875268117643,0,0.1828198049955322
Time,1007,11,0.34246575832366943,0.6575342416763306,0,-0.9387139041491659,0.0607749542390809,0.0036935950627623774,0,0.14267965301799312
Time,1008,11,0.3835616409778595,0.6164383888244629,0,-0.7662163825694541,0.09538697702993705,0.00909867538690974,0,0.10158380016612545
Time,1009,11,0.3684210479259491,0.6315789222717285,0,0.004875346439833839,0.4833234028649049,0.23360151175691116,1,0.11672433361339107
Time,1010,11,0.261904776096344,0.738095223903656,0,-0.6305382092289198,0.13406529310696294,0.017973502815855885,0,0.22324063524531856
Time,1011,11,0.3283582031726837,0.6716418266296387,0,-0.6644542220639171,0.12330553680547948,0.015204255406887456,0,0.15678723797130123
Time,1012,11,0.5357142686843872,0.4642857313156128,1,0.738318732707758,0.8817936907485047,0.013972731546860151,0,-0.05056885734272465
Time,1013,11,0.25974026322364807,0.7402597665786743,0,-0.10884297291619927,0.40404256212336837,0.16325039200721597,0,0.22540517792033687
Time,1014,11,0.35211268067359924,0.6478873491287231,0,-0.9447960779733655,0.059799548735950454,0.0035759860290233134,0,0.1330327604703857
Time,1015,11,0.20454545319080353,0.7954545617103577,0,-0.3831888214238758,0.23770973674828702,0.05650591894493992,0,0.2805999730520202
Time,1016,11,0.38461539149284363,0.615384578704834,0,-0.21065584322065017,0.33696146299148705,0.11354302754136329,0,0.10052999004649654
Time,1017,11,0.25,0.75,0,-0.6842832237360242,0.11736470359210018,0.013774473649261532,0,0.23514541134166256
Time,1018,11,0.30985915660858154,0.6901408433914185,0,-0.6645465863660162,0.12327727454498769,0.015197286419240268,0,0.17528625473308102
Time,1019,11,0.4655172526836395,0.5344827175140381,0,-0.6560792429727735,0.1258913950891248,0.015848643357486116,0,0.019628128855700644
Time,1020,11,0.24418604373931885,0.7558139562606812,0,-0.1778522646621121,0.35801202465240417,0.12817260979571365,0,0.2409593676023437
Time,1021,11,0.3617021143436432,0.6382979154586792,0,-0.1312407345430705,0.3888726599508735,0.15122194565726768,0,0.12344332680034176
Time,1022,11,0.3095238208770752,0.6904761791229248,1,-0.863020333497465,0.07422011605227033,0.8570683935222718,1,0.17562159046458736
Time,1023,11,0.6000000238418579,0.3999999761581421,0,-1.1083349157775502,0.038492217667144696,0.0014816508209348463,0,-0.11485461250019535
Time,1024,11,0.2602739632129669,0.7397260665893555,0,-1.1927175533074283,0.030563159932632183,0.0009341067450676533,0,0.22487147793101803
Time,1025,11,0.20253165066242218,0.797468364238739,0,-1.064105103772977,0.043403597446712495,0.0018838722713162674,0,0.28261377558040157
Time,1026,11,0.18918919563293457,0.8108108043670654,0,-0.7835739204870815,0.09123055662965841,0.008323014462957311,0,0.295956215708728
Time,1027,11,0.45652174949645996,0.54347825050354,0,-0.9698511444824875,0.05593409991991551,0.0031286235338510928,0,0.028623661845202597
Time,1028,11,0.7638888955116272,0.2361111044883728,1,1.458094449520698,0.9828269790098147,0.0002949126499293432,0,-0.27874348416996464
Time,1029,11,0.5670102834701538,0.4329897165298462,1,1.321292263521461,0.974908854372062,0.0006295655889223931,0,-0.08186487212849125
Time,1030,11,0.3333333432674408,0.6666666269302368,0,-0.9805947186079869,0.05434963260620795,0.002953882564429782,0,0.15181203827189937
Time,1031,11,0.8636363744735718,0.13636362552642822,0,-0.8855547095482286,0.06995424497849607,0.0048935963905114436,0,-0.3784909631319092
Time,1032,11,0.949999988079071,0.050000011920928955,0,-0.873547748597687,0.07219822367579683,0.005212583501940389,0,-0.4648545767374085
Time,1033,11,0.707317054271698,0.292682945728302,0,-0.8133350527868859,0.08448208668267414,0.007137222970258867,0,-0.22217164293003544
Time,1034,11,0.90625,0.09375,0,-1.1035875045879784,0.03899270453074216,0.0015204310066217603,0,-0.42110458865833744
Time,822,1,0.6666666865348816,0.3333333134651184,0,-1.0862134950909075,0.031109005239210494,0.000967770206973226,0,-0.18152127519321903
Time,823,1,0.6666666865348816,0.3333333134651184,0,-1.195016117749058,0.023907417543572198,0.0005715646136027037,0,-0.18152127519321903
Time,824,1,0.40740740299224854,0.5925925970077515,0,-0.19231393405888886,0.22890118656486222,0.05239575321080186,0,0.07773800834941402
Time,825,1,0.8199999928474426,0.18000000715255737,0,-1.512533669361775,0.010993570949882901,0.00012085860223010923,0,-0.33485458150578007
Time,826,1,0.8103448152542114,0.18965518474578857,0,-0.9592638598614307,0.042176959555362444,0.0017788959173346793,0,-0.32519940391254887
Time,827,1,0.17241379618644714,0.8275861740112305,1,-0.9017503253531942,0.04835196358186682,0.9056339852184886,1,0.312731585352893
Time,834,1,0.3255814015865326,0.674418568611145,0,-0.32861492411987,0.17455839020185787,0.03047063158986407,0,0.15956397995280758
Time,835,1,0.5671641826629639,0.43283581733703613,0,0.3255058007934839,0.5184593832609031,0.268800132091276,1,-0.08201877132130131
Time,836,1,0.5438596606254578,0.45614033937454224,0,-1.2590466527137756,0.020458537771519063,0.00041855176774867217,0,-0.058714249283795206
Time,837,1,0.7441860437393188,0.25581395626068115,0,-0.994190617294977,0.03880266172906699,0.0015056465572604,0,-0.2590406323976563
Time,838,1,0.3888888955116272,0.6111111044883728,0,-0.7801204025766335,0.06434072018776528,0.0041397282742803064,0,0.09625651583003536
Time,839,1,0.6078431606292725,0.39215683937072754,1,0.5161585716723982,0.6337266800760425,0.13415614488811772,0,-0.1226977492876099
Time,840,1,0.6041666865348816,0.3958333134651184,0,-0.5621685375593654,0.10576315522861317,0.011185845003911725,0,-0.11902127519321903
Time,841,1,0.4615384638309479,0.5384615659713745,0,-1.2139286473484174,0.022833566949412597,0.0005213717796333073,0,0.02360697731303707
Time,842,1,0.26153847575187683,0.7384614944458008,0,-1.2132259322838312,0.022872611022534215,0.0005231563349881536,0,0.22360690578746334
Time,843,1,0.46296295523643494,0.5370370149612427,0,-0.5447675240570439,0.10992840022995744,0.012084253177117706,0,0.022182426302905234
Time,844,1,0.32786884903907776,0.6721311807632446,0,-0.8543153960976597,0.05408147848575539,0.002924806315205223,0,0.1572765921049072
Time,845,1,0.37931033968925476,0.6206896305084229,1,-0.42287065979639515,0.1432961612694929,0.7339414672955866,1,0.10583504185008541
Time,846,1,0.7049180269241333,0.2950819730758667,0,-1.4269231454678786,0.013567990797191476,0.0001840903742726726,0,-0.21977261558247074
Time,847,1,0.42222222685813904,0.5777777433395386,0,-0.7935019607684121,0.0623651717628094,0.003889414649004719,0,0.06292315468120113
Time,848,1,0.807692289352417,0.192307710647583,0,-1.142255655113325,0.0271700415900123,0.0007382111600029981,0,-0.32254687801075443
Time,849,1,0.4038461446762085,0.5961538553237915,0,-0.6591260317364103,0.08502042191925094,0.007228472143327445,0,0.08129926666545406
Time,850,1,0.7058823704719543,0.29411762952804565,0,-0.9719197707034888,0.04092302917398675,0.0016746943167749704,0,-0.2207369591302918
Time,851,1,0.6101694703102112,0.3898305296897888,0,-1.3123300955768151,0.017963971401897084,0.0003227042685281763,0,-0.12502405896854862
Time,852,1,0.3529411852359772,0.6470588445663452,0,-1.5495562168071246,0.010035833584067136,0.00010071795572708981,0,0.13220425590800777
Time,853,1,0.359375,0.640625,0,-0.9162640170137627,0.04671715469746479,0.0021824925430268564,0,0.12577041134166256
Time,854,1,0.7735849022865295,0.22641509771347046,0,-1.1640060487091062,0.02577563602703882,0.0006643834125983816,0,-0.288439490944867
Time,855,1,0.5614035129547119,0.4385964870452881,0,-1.0257021817414715,0.035981852077921414,0.0012946936789574176,0,-0.07625810161304936
Time,856,1,0.232876718044281,0.767123281955719,0,-0.5000624066292961,0.12129314941315997,0.014712028094563148,0,0.25226869329738155
Time,857,1,0.4262295067310333,0.5737705230712891,0,-1.0537288741167088,0.03363972144995552,0.0011316308592305977,0,0.05891593441295162
Time,858,1,0.5600000023841858,0.4399999976158142,0,-0.4293825465141225,0.14131859480456005,0.019970945237535426,0,-0.07485459104252323
Time,859,1,0.6551724076271057,0.3448275923728943,0,-1.1050373373674414,0.029727894438431393,0.0008837477077425201,0,-0.17002699628544315
Time,860,1,0.7692307829856873,0.23076921701431274,0,-1.2559426929931745,0.020613881564889098,0.0004249321131712746,0,-0.2840853716440247
Time,861,1,0.5799999833106995,0.42000001668930054,1,0.16766302641584208,0.42095347041853304,0.3352948834203407,0,-0.0948545719690369
Time,862,1,0.27272728085517883,0.7272727489471436,0,-0.8213536296755376,0.05843370689029838,0.003414498100941304,0,0.2124181602888061
Time,863,1,0.4444444477558136,0.5555555820465088,0,-0.864466483183465,0.05280386572827623,0.002788248235849825,0,0.04070099338817135
Time,864,1,0.5161290168762207,0.4838709831237793,0,-1.2426164598317027,0.021294040645308474,0.0004534361670040493,0,-0.030983605534558145
Time,865,1,0.3333333432674408,0.6666666269302368,0,-0.5282251906341111,0.11402072137982819,0.01300072490397641,0,0.15181203827189937
Time,866,1,0.6290322542190552,0.3709677457809448,0,-1.1570290413008997,0.026215165307514016,0.0006872348921002864,0,-0.14388684287739262
Time,867,1,0.5416666865348816,0.4583333134651184,0,-0.6272556526468128,0.09139555850549205,0.00835314811453082,0,-0.056521275193219034
Time,868,1,0.8108108043670654,0.18918919563293457,0,-0.6842648018404639,0.08027927899678172,0.006444762636243119,0,-0.32566539302540287
Time,869,1,0.8703703880310059,0.12962961196899414,0,-1.0945949100427705,0.03048655021432058,0.0009294297439702902,0,-0.3852249766893433
Time,870,1,0.32307693362236023,0.6769230365753174,0,-0.8767444967988551,0.05129663870480737,0.0026313451424115415,0,0.16206844791697994
Time,871,1,0.43939393758773804,0.560606062412262,0,-0.8475942507916124,0.0549433792549735,0.0030187749239558525,0,0.04575147375392452
Time,872,1,0.5789473652839661,0.42105263471603394,0,-0.8974872691730942,0.04884237905142656,0.0023855779914032323,0,-0.0938019539423035
Time,873,1,0.35483869910240173,0.6451612710952759,0,-0.9037391469080097,0.04812477471467494,0.0023159939413382163,0,0.13030668243693844
Time,874,1,0.3333333432674408,0.6666666269302368,0,-0.9784018862221022,0.0402946871340322,0.00162366181122954,0,0.15181203827189937
Time,875,1,0.7115384340286255,0.2884615659713745,0,-1.3493920574744596,0.01640747943133846,0.00026920538128979467,0,-0.22639302268696293
Time,876,1,0.30434781312942505,0.695652186870575,0,-0.6559297521859149,0.0856411250500248,0.007334402299833986,0,0.1807975982122375
Time,877,1,0.26153847575187683,0.7384614944458008,0,-0.49717608944630276,0.12206064591308034,0.014898801280718377,0,0.22360690578746334
Time,878,1,0.4821428656578064,0.5178571343421936,0,-0.512177545128667,0.11811687770907106,0.013951596799739648,0,0.0030025456838561615
Time,879,1,0.719298243522644,0.28070175647735596,0,-1.1043544576989008,0.02977694230380112,0.0008866662929639008,0,-0.23415283218098148
Time,880,1,0.4000000059604645,0.6000000238418579,1,-0.3503810147811802,0.16689207413468612,0.6940688161396054,1,0.08514543518352047
Time,881,1,0.3214285671710968,0.6785714626312256,0,-0.5952229051846729,0.09823320371498248,0.009649762312109247,0,0.16371687397288814
Time,882,1,0.5833333134651184,0.4166666865348816,0,-1.4236217750807258,0.013678369286153914,0.00018709778632839874,0,-0.09818790212345585
Time,883,1,0.7894737124443054,0.21052628755569458,0,-1.2748039440401306,0.019687445700289095,0.0003875955182018316,0,-0.30432830110264286
Time,884,1,0.5277777910232544,0.4722222089767456,0,-1.0803414714006112,0.03155240726972974,0.0009955544045148943,0,-0.04263237968159184
Time,885,1,0.36000001430511475,0.6399999856948853,0,-1.1100442634323116,0.02937065651772248,0.0008626354642820341,0,0.1251453970365478
Time,886,1,0.7419354915618896,0.25806450843811035,0,-1.378944870357787,0.015262063174766095,0.00023293057235055135,0,-0.2567900802202271
Time,887,1,0.8367347121238708,0.16326528787612915,1,1.0734051006816956,0.8737724454409762,0.01593339552995133,0,-0.3515893007822083
Time,888,1,0.21621622145175934,0.7837837934494019,0,-0.7651820365362703,0.0666148596882669,0.004437539531287486,0,0.2689292047910644
Time,889,1,0.30000001192092896,0.699999988079071,0,-0.5501479420689468,0.10862537254599268,0.0117994715607557,0,0.1851453994207336
Time,890,1,0.29629629850387573,0.7037037014961243,0,-0.5020463532105516,0.12076801624992452,0.014584913748942033,0,0.18884911283778683
Time,891,1,0.1428571492433548,0.8571428656578064,0,-0.5545656998965129,0.10756564073061878,0.011570367065788553,0,0.34228827699946895
Time,892,1,0.6571428775787354,0.34285712242126465,0,-1.1899128170926945,0.024205525474103845,0.0005859074634774902,0,-0.1719974662370728
Time,893,1,0.5135135054588318,0.4864864945411682,0,-1.0885114845640067,0.030937128814644384,0.0009571059392938999,0,-0.02836809411716923
Time,894,1,0.96875,0.03125,0,-0.996957179339286,0.03854673985482652,0.0014858511534356711,0,-0.48360458865833744
Time,895,1,0.9375,0.0625,0,-0.9673791456092917,0.041368748781639396,0.001711373375758391,0,-0.45235458865833744
Time,896,1,0.3799999952316284,0.6200000047683716,0,-1.1464777768947676,0.02689374639041505,0.0007232735949119625,0,0.10514541611003414
Time,897,1,0.32758620381355286,0.6724138259887695,0,-0.5704247176590631,0.10383598908392667,0.010781912629037339,0,0.1575592373304321
Time,898,1,0.5277777910232544,0.4722222089767456,0,0.6380677534737582,0.700894810379646,0.49125353521711984,1,-0.04263237968159184
Time,899,1,0.581818163394928,0.418181836605072,0,-0.9473239472847412,0.04339355969954252,0.0018830010233977608,0,-0.09667275205326542
Time,900,1,0.6415094137191772,0.35849058628082275,0,-0.6957564920745739,0.07819332669461931,0.006114196339571465,0,-0.1563640023775147
Time,901,1,0.7894737124443054,0.21052628755569458,1,0.9400622830052134,0.8324318036669208,0.02807910042232137,0,-0.30432830110264286
Time,902,1,0.2549019753932953,0.7450979948043823,0,-0.8290739787100702,0.05738575579192606,0.0032931249678105757,0,0.23024340614604488
Time,903,1,0.4363636374473572,0.5636363625526428,0,-0.6518779029284676,0.0864338779110199,0.007470815250737095,0,0.04878177389430538
Time,904,1,0.800000011920929,0.19999998807907104,0,-1.089174143825825,0.030887736705476822,0.0009540522787868602,0,-0.3148546005792664
Time,905,1,0.75,0.25,0,-0.931365337274229,0.04507202712295068,0.0020314876289720014,0,-0.26485458865833744
Time,906,1,0.6136363744735718,0.3863636255264282,1,1.3863368377638563,0.9378095348097779,0.0038676539605762253,0,-0.12849096313190922
Time,907,1,0.4117647111415863,0.5882352590560913,0,-0.7414580405198726,0.07038030464468488,0.004953387281878652,0,0.07338067039775387
Time,908,1,0.39344263076782227,0.6065573692321777,0,-0.8806247673090193,0.05082882616764712,0.0025835695695808885,0,0.09170278057384029
Time,909,1,0.8358209133148193,0.16417908668518066,0,-0.8238466664107196,0.058093357563611815,0.003374838193013654,0,-0.3506755019731568
Time,910,1,0.44897958636283875,0.5510203838348389,0,0.3902724163845497,0.5584855920592763,0.31190615653780035,1,0.036165795176501425
Time,911,1,0.43661972880363464,0.563380241394043,0,-1.0819285402922827,0.03143196681136039,0.0009879685376304609,0,0.04852565273570553
Time,912,1,0.28260868787765503,0.717391312122345,0,-0.8312512823698337,0.05709341654855821,0.00325965821318718,0,0.20253672346400753
Time,913,1,0.4262295067310333,0.5737705230712891,0,-0.669839501888928,0.0829695768983248,0.006883950690687033,0,0.05891593441295162
Time,914,1,0.26153847575187683,0.7384614944458008,0,-0.77665680586621,0.06486147471291648,0.004207010901934304,0,0.22360690578746334
Time,915,1,0.3684210479259491,0.6315789222717285,0,-0.9005076333082334,0.04849443630765909,0.002351710352797604,0,0.11672433361339107
Time,916,1,0.692307710647583,0.307692289352417,1,-0.5170540437881422,0.11685885257123779,0.7799382862817908,1,-0.20716229930592045
Time,917,1,0.6756756901741028,0.3243243098258972,0,-1.0398082986247514,0.034784043029110395,0.0012099296494510034,0,-0.19053027883244023
Time,918,1,0.6226415038108826,0.37735849618911743,0,-0.6170999311129833,0.09351570520823671,0.00874518712059383,0,-0.13749609246922
Time,919,1,0.3499999940395355,0.6499999761581421,0,-0.8874363503135978,0.050017360846672,0.0025017363860661973,0,0.13514538749980465
Time,920,1,0.5365853905677795,0.46341460943222046,0,-0.1670175451661412,0.24019957014529986,0.05769583349798683,0,-0.05143997922611698
Time,921,1,0.2777777910232544,0.7222222089767456,0,-0.8598360424110101,0.053383077890511596,0.002849753005064428,0,0.20736762031840816
Time,922,1,0.7407407164573669,0.25925928354263306,0,-0.8621527320885409,0.05309254245155008,0.0028188180639696476,0,-0.2555953051157044
Time,923,1,0.44285714626312256,0.5571428537368774,0,-0.7684081558709552,0.06611749711846675,0.004371523425210458,0,0.04228826507854
Time,924,1,0.5806451439857483,0.4193548560142517,0,-1.4000267812709213,0.014493440127486885,0.00021005980672904708,0,-0.09549973264408573
Time,925,1,0.1666666716337204,0.8333333134651184,0,-0.6421187096547334,0.08837061585700702,0.007809365746946701,0,0.31847872480678097
Time,926,1,0.29411765933036804,0.7058823108673096,0,-0.7381628735604145,0.07091861788631088,0.005029450362904573,0,0.19102772220897213
Time,927,1,0.3571428656578064,0.6428571343421936,0,-0.7860610859708443,0.06345659107368816,0.0040267389506932795,0,0.12800254568385616
Time,928,1,0.5365853905677795,0.46341460943222046,0,-0.9660333297447922,0.04150174762633121,0.0017223950560396881,0,-0.05143997922611698
Time,929,1,0.6610169410705566,0.33898305892944336,0,-0.8935736778124599,0.049296743803927415,0.002430168949670056,0,-0.17587152972889408
Time,930,1,0.5416666865348816,0.4583333134651184,0,-0.9322691932933841,0.044975332156685754,0.002022780502604212,0,-0.056521275193219034
Time,931,1,0.5740740895271301,0.4259259104728699,0,-1.2704217584678132,0.019898985434266925,0.0003959696213131673,0,-0.08892867818546757
Time,932,1,0.5806451439857483,0.4193548560142517,0,-0.8344078636823582,0.056672076696048235,0.0032117242770427733,0,-0.09549973264408573
Time,933,1,0.19607843458652496,0.8039215803146362,1,-0.5168907538296914,0.11690078886079348,0.7798642167146889,1,0.2890669916562988
Time,934,1,0.800000011920929,0.19999998807907104,0,-1.1677860311332526,0.025540513921628594,0.0006523178513809041,0,-0.3148546005792664
Time,935,1,0.2702702581882477,0.7297297716140747,0,-1.186781034550956,0.02439025936954105,0.000594884752113485,0,0.21487518295573727
Time,936,1,0.4117647111415863,0.5882352590560913,0,-0.9958260174286133,0.03865118202846465,0.001493913872197509,0,0.07338067039775387
Time,937,1,0.34210526943206787,0.6578947305679321,0,-0.8877679172328093,0.04997817604961624,0.0024978180812464342,0,0.1430401419095947
Time,938,1,0.5600000023841858,0.4399999976158142,0,-0.8218482004426176,0.05836603972355945,0.0034065945930121196,0,-0.07485459104252323
Time,939,1,0.5600000023841858,0.4399999976158142,0,-0.8664923076821672,0.05255232988354952,0.002761747376189412,0,-0.07485459104252323
Time,940,1,0.260869562625885,0.739130437374115,0,-0.8472560895233127,0.05498708422982918,0.003023579432098329,0,0.22427584871577755
Time,941,1,0.75,0.25,0,-1.0313957853193672,0.03549367830278841,0.001259801199461833,0,-0.26485458865833744
Time,942,1,0.7674418687820435,0.23255813121795654,0,-0.798368343471223,0.06166087970369352,0.003802064085833364,0,-0.2822964574403809
Time,943,1,0.3207547068595886,0.6792452931404114,0,-0.9930282602212833,0.03891067178161735,0.0015140403784967525,0,0.16439070448207393
Time,944,1,0.686274528503418,0.31372547149658203,0,-0.8270480891998407,0.057659027167402004,0.003324563413891202,0,-0.2011291171617554
Time,945,1,0.4761904776096344,0.523809552192688,0,-0.20155380372362552,0.22486865530796918,0.050565912140014255,0,0.008954963534350546
Time,946,1,0.2571428716182709,0.7428570985794067,0,-0.7229007126973008,0.07346183154258239,0.005396640693590753,0,0.2280025099210693
Time,947,1,0.29032257199287415,0.7096774578094482,0,-1.0650203870296981,0.032738288731164446,0.0010717955490450889,0,0.1948228691511108
Time,948,1,0.3529411852359772,0.6470588445663452,0,-0.7927983343720179,0.06246762411167178,0.003902204062157118,0,0.13220425590800777
Time,949,1,0.807692289352417,0.192307710647583,0,-1.0092124131947382,0.037432427022179575,0.0014011865927707997,0,-0.32254687801075443
Time,950,1,0.5319148898124695,0.4680851101875305,0,-1.0301581779170146,0.03559924610182907,0.001267306323018592,0,-0.046769478470806924
Time,951,1,0.3243243098258972,0.6756756901741028,1,-0.8883779713838142,0.049906155420166805,0.9026783135084882,1,0.16082110151576534
Time,952,1,0.25925925374031067,0.7407407760620117,0,-0.9611707112056563,0.04198570779763287,0.0017627996592682093,0,0.22588618740367428
Time,953,1,0.8064516186714172,0.19354838132858276,1,-0.9486482938681504,0.04325698253723542,0.9153572014637559,1,-0.3213062073297547
Time,954,1,0.39024388790130615,0.6097561120986938,0,-0.11328063641175001,0.26544019538489017,0.07045849732596866,0,0.0949015234403564
Time,955,1,0.773809552192688,0.226190447807312,0,-0.7432623499813789,0.07008714707043179,0.004912208184472335,0,-0.28866414085102543
Time,956,1,0.9750000238418579,0.02499997615814209,0,-0.972282312935165,0.04088763993816157,0.0016717990997127453,0,-0.48985461250019535
Time,957,1,0.23333333432674408,0.7666666507720947,1,-0.4039276261269385,0.14918009547393768,0.7238945099377377,1,0.2518120621137573
Time,958,1,0.265625,0.734375,0,-1.380840191503492,0.015191350791565184,0.00023077713887238816,0,0.21952041134166256
Time,959,1,0.8125,0.1875,0,-0.9608561755787738,0.042017197617010955,0.001765444895586951,0,-0.32735458865833744
Time,960,1,0.27450981736183167,0.7254902124404907,0,-1.0343434248159484,0.035243457917080986,0.0012421013259530584,0,0.21063562378215328
Time,961,1,0.7964601516723633,0.20353984832763672,1,0.731337475174098,0.7471800645018574,0.06391791978528501,0,-0.3113147403307007
Time,962,1,0.25641027092933655,0.7435897588729858,0,-0.6501181706187189,0.0867802382845861,0.007530809756729543,0,0.2287351702146484
Time,963,1,0.4054054021835327,0.5945945978164673,0,-0.05480333287277117,0.29475861850406704,0.08688264318242613,0,0.07974000915812984
Time,964,1,0.9821428656578064,0.017857134342193604,0,-1.0111589435378707,0.03725831094961416,0.0013881817348181385,0,-0.49699745431614384
Time,965,1,0.38461539149284363,0.615384578704834,0,-1.0617722230210223,0.03299518031265487,0.0010886819238646076,0,0.10052999004649654
Time,966,1,0.2982456088066101,0.7017543911933899,0,-1.336192623672877,0.016945993119739856,0.00028716668281427056,0,0.18689980253505245
Time,967,1,0.5263158082962036,0.4736841917037964,1,0.9207402740857629,0.8256182198801018,0.030409005237784538,0,-0.041170396954541055
Time,968,1,0.2881355881690979,0.7118644118309021,0,-1.0849359761564163,0.03120495567955582,0.0009737492589630431,0,0.19700982317256466
Time,969,1,0.4375,0.5625,0,0.027055969635100596,0.33878628040529996,0.11477614379085853,1,0.04764541134166256
Time,970,1,0.6578947305679321,0.34210526943206787,1,-0.8667360812836933,0.0525221382090087,0.8977142985840287,1,-0.17274931922626957
Time,971,1,0.2881355881690979,0.7118644118309021,0,-1.1576289461910345,0.026177088362895937,0.0006852399551588619,0,0.19700982317256466
Time,972,1,0.3333333432674408,0.6666666269302368,0,-0.9400446363569003,0.044151638920282295,0.0019493672193469863,0,0.15181203827189937
Time,973,1,0.2698412835597992,0.7301586866378784,0,-1.3262970051906506,0.017361073849443198,0.0003014068852058204,0,0.21530409797954098
Time,974,1,0.7241379022598267,0.27586209774017334,0,-1.0809323305723317,0.03150751570713277,0.0009927235460352182,0,-0.2389924909181641
Time,975,1,0.9375,0.0625,0,-0.9673791456092917,0.041368748781639396,0.001711373375758391,0,-0.45235458865833744
Time,976,1,0.75,0.25,0,-1.3713581595448758,0.015548374019740435,0.00024175193465773934,0,-0.26485458865833744
Time,977,1,0.25,0.75,0,-0.6113984920050728,0.09472520199333614,0.008972863892678333,0,0.23514541134166256
Time,978,1,0.1538461595773697,0.8461538553237915,0,-0.8635626555278889,0.05291645557717108,0.0028001512708507206,0,0.33129926666545406
Time,979,1,0.5384615659713745,0.4615384340286255,0,-1.0485192892025534,0.0340636502503114,0.0011603322683755397,0,-0.053316154629711954
Time,980,1,0.644444465637207,0.35555553436279297,0,-1.1374463367664496,0.027488124937794716,0.0007555970125958118,0,-0.15929905429554447
Time,981,1,0.2661290466785431,0.7338709831237793,0,-0.4256531800207297,0.14244834477321763,0.02029153092862948,0,0.21901639446544185
Time,982,1,0.2702702581882477,0.7297297716140747,0,-0.404933415679112,0.14886274037305486,0.022160115471375537,0,0.21487518295573727
Time,983,1,0.3285714387893677,0.6714285612106323,0,-1.130368182704375,0.027962857504821262,0.0007819213998349388,0,0.15657397255229488
Time,984,1,0.5625,0.4375,0,-1.1587068875343693,0.026108804855386407,0.0006816696909766488,0,-0.07735458865833744
Time,985,1,0.25757575035095215,0.7424242496490479,0,-0.6241658867225472,0.09203597267011822,0.008470620265334747,0,0.2275696609907104
Time,986,1,0.3333333432674408,0.6666666269302368,0,-0.35802673659117706,0.16426380245843025,0.026982596798102196,0,0.15181203827189937
Time,987,1,0.21052631735801697,0.7894736528396606,0,-1.0840864751666583,0.03126891751721123,0.0009777452026981594,0,0.2746190641813232
Time,988,1,0.7407407164573669,0.25925928354263306,0,-1.4258107291068307,0.013605085003192382,0.00018509833794409024,0,-0.2555953051157044
Time,989,1,0.17218543589115143,0.8278145790100098,1,-0.3535814671886932,0.16578782575074796,0.6959099516656645,1,0.3129599903516723
Time,990,1,0.8518518805503845,0.14814811944961548,0,-1.1825807610542232,0.02464017957370054,0.0006071384494242093,0,-0.36670646920872196
Time,991,1,0.25757575035095215,0.7424242496490479,0,-1.2214771618771436,0.022418242463235264,0.0005025775951404048,0,0.2275696609907104
Time,992,1,0.2933333218097687,0.7066667079925537,0,-0.6953461846844995,0.07826694351882504,0.006125714447778949,0,0.19181211933421627
Time,993,1,0.34285715222358704,0.6571428775787354,0,-0.8412189111124224,0.05577287740904693,0.003110613854484577,0,0.1422882889203979
Time,994,1,0.8703703880310059,0.12962961196899414,1,0.8553219953670019,0.8009299876843947,0.039628869803335236,0,-0.3852249766893433
Time,995,1,0.30612245202064514,0.6938775777816772,0,-0.5582005525836518,0.10670054085679762,0.011385005419133138,0,0.1790229891233398
Time,996,1,0.24390244483947754,0.7560975551605225,0,-0.6966566172384111,0.07803204935007516,0.006089000725772564,0,0.24124296650218502
Time,997,1,0.38983049988746643,0.610169529914856,0,-0.6667579923685869,0.08355480616537003,0.006981405633332558,0,0.09531494125651852
Time,998,1,0.5487805008888245,0.45121949911117554,1,-0.9445747971222914,0.04367838926872732,0.9145510231516557,1,-0.0636350895471619
Time,999,1,0.32307693362236023,0.6769230365753174,1,-0.6454267493405745,0.08770977524048514,0.8322734541917661,1,0.16206844791697994
Time,1000,1,0.3541666567325592,0.6458333730697632,0,-1.3152196790215767,0.017837575841345744,0.00031817911189576135,0,0.13097878441142574
Time,1001,1,0.3194444477558136,0.6805555820465088,1,-1.1646081533219823,0.025738043371736852,0.9491863601331316,1,0.16570099338817135
Time,1002,1,0.40816327929496765,0.59183669090271,0,-0.9159213688763167,0.04675513737335001,0.002186042870800831,0,0.07698210224437252
Time,1003,1,0.28070175647735596,0.719298243522644,0,-1.2604065367585824,0.02039084131045613,0.0004157864093482042,0,0.2044436548643066
Time,1004,1,0.6338028311729431,0.3661971688270569,1,-1.1734362301645245,0.025192950501342296,0.9502487837522785,1,-0.14865741983128056
Time,1005,1,0.4516128897666931,0.5483871102333069,0,-0.6041167303595689,0.09629030279611613,0.009271822412567729,0,0.03353252157496944
Time,1006,1,0.302325576543808,0.6976743936538696,0,-0.9740469888776184,0.04071580067668309,0.001657776424743387,0,0.1828198049955322
Time,1007,1,0.34246575832366943,0.6575342416763306,0,-1.0813490859666839,0.031475889154013635,0.0009907315980357532,0,0.14267965301799312
Time,1008,1,0.3835616409778595,0.6164383888244629,0,-1.1318960845886212,0.027859711622608974,0.0007761635316949335,0,0.10158380016612545
Time,1009,1,0.3684210479259491,0.6315789222717285,0,-0.2170062042825583,0.21823812062752312,0.04762787729503334,0,0.11672433361339107
Time,1010,1,0.261904776096344,0.738095223903656,0,-0.4430511103231761,0.13724180390685445,0.01883531273960749,0,0.22324063524531856
Time,1011,1,0.3283582031726837,0.6716418266296387,0,-1.0007390892826047,0.03819951301161038,0.0014592027943241906,0,0.15678723797130123
Time,1012,1,0.5357142686843872,0.4642857313156128,1,0.6943471240704584,0.7294023138099317,0.07322310777141867,0,-0.05056885734272465
Time,1013,1,0.25974026322364807,0.7402597665786743,0,-0.2737264458934888,0.19511816142923108,0.03807109691952348,0,0.22540517792033687
Time,1014,1,0.35211268067359924,0.6478873491287231,0,-1.2689665944306179,0.019969721354642245,0.0003987897709820545,0,0.1330327604703857
Time,1015,1,0.20454545319080353,0.7954545617103577,0,-0.7638892944613886,0.06681513181633883,0.004464261839634733,0,0.2805999730520202
Time,1016,1,0.38461539149284363,0.615384578704834,0,-0.44399451930371414,0.13696410328430156,0.018759165588472824,0,0.10052999004649654
Time,1017,1,0.25,0.75,0,-0.8453764968296578,0.05523060575518762,0.0030504198120849643,0,0.23514541134166256
Time,1018,1,0.30985915660858154,0.6901408433914185,0,-0.9892045634383052,0.03926802124979104,0.0015419774928740408,0,0.17528625473308102
Time,1019,1,0.4655172526836395,0.5344827175140381,0,-0.8981767035845607,0.04876274893368629,0.002377805683569723,0,0.019628128855700644
Time,1020,1,0.24418604373931885,0.7558139562606812,0,-0.5027063426293894,0.12059375810108132,0.014542854492942117,0,0.2409593676023437
Time,1021,1,0.3617021143436432,0.6382979154586792,0,-0.27510060790103974,0.19458176479900696,0.03786206319229606,0,0.12344332680034176
Time,1022,1,0.3095238208770752,0.6904761791229248,0,-0.8084673031404163,0.060222950686109375,0.003626803789341562,0,0.17562159046458736
Time,1023,1,0.6000000238418579,0.3999999761581421,0,-1.2015763761820701,0.023529458854538207,0.0005536354339874065,0,-0.11485461250019535
Time,1024,1,0.2602739632129669,0.7397260665893555,0,-1.3615802693380616,0.015925184544640578,0.0002536115027808591,0,0.22487147793101803
Time,1025,1,0.20253165066242218,0.797468364238739,0,-1.1522503892507594,0.026520404610333698,0.0007033318606958089,0,0.28261377558040157
Time,1026,1,0.18918919563293457,0.8108108043670654,0,-0.9483815606888997,0.043284457138332746,0.0018735442297601647,0,0.295956215708728
Time,1027,1,0.45652174949645996,0.54347825050354,0,-1.0834279701470078,0.03131858588833426,0.0009808538220449701,0,0.028623661845202597
Time,1028,1,0.7638888955116272,0.2361111044883728,1,1.4740595112987422,0.9493870765952139,0.0025616680155787414,0,-0.27874348416996464
Time,1029,1,0.5670102834701538,0.4329897165298462,0,0.5783178113259686,0.6688298773317203,0.447333404811564,1,-0.08186487212849125
Time,1030,1,0.3333333432674408,0.6666666269302368,0,-0.9023844828665728,0.04827941159303041,0.0023309015837692394,0,0.15181203827189937
Time,1031,1,0.8636363744735718,0.13636362552642822,0,-0.8832662323499018,0.05051267926667258,0.0025515307666977337,0,-0.3784909631319092
Time,1032,1,0.949999988079071,0.050000011920928955,0,-1.1222673872302826,0.02851595308580062,0.000813159580391582,0,-0.4648545767374085
Time,1033,1,0.707317054271698,0.292682945728302,0,-0.7638455021522275,0.06682192591806228,0.004465169783399004,0,-0.22217164293003544
Time,1034,1,0.90625,0.09375,0,-0.9733861608082033,0.04078006914129698,0.0016630140391689625,0,-0.42110458865833744
