CAS,name,exposure_type,observed_response_mean,observed_response_unit,Exclusion reason,source_csv_record,source_block,toxicity_type,label,ppdb_level,SMILES,CID,source,herbicide,fungicide,insecticide,other_agrochemical,value,Name,Levela,Sourceb,Datasetc,Contact,Oral,Unknown,Level,Source,Dataset
50293,"1,1'-(2,2,2-Trichloroethylidene)bis[4-chlorobenzene]","Topical, general",3.9,ug,Invalid units,2,1,,,,,,,,,,,,,,,,,,,,,
50293,"1,1'-(2,2,2-Trichloroethylidene)bis[4-chlorobenzene]",Dermal,114.0,ug/g org,Invalid units,3,1,,,,,,,,,,,,,,,,,,,,,
50293,"1,1'-(2,2,2-Trichloroethylidene)bis[4-chlorobenzene]","Environmental, unspecified",205.4,ug/eu,Invalid units,4,1,,,,,,,,,,,,,,,,,,,,,
50293,"1,1'-(2,2,2-Trichloroethylidene)bis[4-chlorobenzene]","Environmental, unspecified",92.3,ug/eu,Invalid units,5,1,,,,,,,,,,,,,,,,,,,,,
50293,"1,1'-(2,2,2-Trichloroethylidene)bis[4-chlorobenzene]",Food,3.7,ul/org,Invalid units,6,1,,,,,,,,,,,,,,,,,,,,,
52686,"P-(2,2,2-Trichloro-1-hydroxyethyl)phosphonic acid dimethyl ester","Topical, general",36.74,AI ug/g bdwt,Invalid units,7,1,,,,,,,,,,,,,,,,,,,,,
56382,"Phosphorothioic acid, O,O-Diethyl-O-(4-nitrophenyl)ester","Spray, unspecified",0.000354,mg/cm2,Invalid units,8,1,,,,,,,,,,,,,,,,,,,,,
56382,"Phosphorothioic acid, O,O-Diethyl-O-(4-nitrophenyl)ester",Dermal,10.3,ug/g org,Invalid units,9,1,,,,,,,,,,,,,,,,,,,,,
56724,"Phosphorothioic acid O-(3-chloro-4-methyl-2-oxo-2H-1-benzopyran-7-yl) O,O-diethyl ester","Topical, general",241,ug/g org,Invalid units,10,1,,,,,,,,,,,,,,,,,,,,,
56724,"Phosphorothioic acid O-(3-chloro-4-methyl-2-oxo-2H-1-benzopyran-7-yl) O,O-diethyl ester","Topical, general",2700/,ug/g org,Invalid units,11,1,,,,,,,,,,,,,,,,,,,,,
56724,"Phosphorothioic acid O-(3-chloro-4-methyl-2-oxo-2H-1-benzopyran-7-yl) O,O-diethyl ester",Food,26.0,mg/ml diet,Invalid units,12,1,,,,,,,,,,,,,,,,,,,,,
56724,"Phosphorothioic acid O-(3-chloro-4-methyl-2-oxo-2H-1-benzopyran-7-yl) O,O-diethyl ester","Topical, general",222,ug/g org,Invalid units,13,1,,,,,,,,,,,,,,,,,,,,,
56724,"Phosphorothioic acid O-(3-chloro-4-methyl-2-oxo-2H-1-benzopyran-7-yl) O,O-diethyl ester","Topical, general",2700,ug/g org,Invalid units,14,1,,,,,,,,,,,,,,,,,,,,,
56724,"Phosphorothioic acid O-(3-chloro-4-methyl-2-oxo-2H-1-benzopyran-7-yl) O,O-diethyl ester","Topical, general",221,ug/g org,Invalid units,15,1,,,,,,,,,,,,,,,,,,,,,
57749,"1,2,4,5,6,7,8,8-Octachloro-2,3,3a,4,7,7a-hexahydro-4,7-methano-1H-indene","Spray, unspecified",0.005000,mg/cm2,Invalid units,16,1,,,,,,,,,,,,,,,,,,,,,
57749,"1,2,4,5,6,7,8,8-Octachloro-2,3,3a,4,7,7a-hexahydro-4,7-methano-1H-indene",Dermal,6.0,ug/g org,Invalid units,17,1,,,,,,,,,,,,,,,,,,,,,
58899,"(1alpha,2alpha,3beta,4alpha,5alpha,6beta)-1,2,3,4,5,6-Hexachlorocyclohexane",Dermal,32.32,ug/g org,Invalid units,18,1,,,,,,,,,,,,,,,,,,,,,
58899,"(1alpha,2alpha,3beta,4alpha,5alpha,6beta)-1,2,3,4,5,6-Hexachlorocyclohexane","Spray, unspecified",0.000851,mg/cm2,Invalid units,19,1,,,,,,,,,,,,,,,,,,,,,
58899,"(1alpha,2alpha,3beta,4alpha,5alpha,6beta)-1,2,3,4,5,6-Hexachlorocyclohexane",Dermal,0.375,ug/g bdwt,Invalid units,20,1,,,,,,,,,,,,,,,,,,,,,
60515,"O,O-Dimethyl S-[2-(methylamino)-2-oxoethyl]phosphorodithioic acid ester",Food,170,AI ng,Invalid units,21,1,,,,,,,,,,,,,,,,,,,,,
60515,"O,O-Dimethyl S-[2-(methylamino)-2-oxoethyl]phosphorodithioic acid ester",Food,0.00424,mg/mg bdwt,Invalid units,22,1,,,,,,,,,,,,,,,,,,,,,
60515,"O,O-Dimethyl S-[2-(methylamino)-2-oxoethyl]phosphorodithioic acid ester",Food,0.00406,mg/mg bdwt,Invalid units,23,1,,,,,,,,,,,,,,,,,,,,,
60515,"O,O-Dimethyl S-[2-(methylamino)-2-oxoethyl]phosphorodithioic acid ester",Food,0.00543,mg/mg bdwt,Invalid units,24,1,,,,,,,,,,,,,,,,,,,,,
60515,"O,O-Dimethyl S-[2-(methylamino)-2-oxoethyl]phosphorodithioic acid ester","Topical, general",0.098,ug,Invalid units,25,1,,,,,,,,,,,,,,,,,,,,,
60515,"O,O-Dimethyl S-[2-(methylamino)-2-oxoethyl]phosphorodithioic acid ester","Topical, general",0.10,ng/ul,Invalid units,26,1,,,,,,,,,,,,,,,,,,,,,
60515,"O,O-Dimethyl S-[2-(methylamino)-2-oxoethyl]phosphorodithioic acid ester","Spray, unspecified",0.78,AI ug/g bdwt,Invalid units,27,1,,,,,,,,,,,,,,,,,,,,,
60515,"O,O-Dimethyl S-[2-(methylamino)-2-oxoethyl]phosphorodithioic acid ester",Dermal,18.65,ug/g org,Invalid units,28,1,,,,,,,,,,,,,,,,,,,,,
60515,"O,O-Dimethyl S-[2-(methylamino)-2-oxoethyl]phosphorodithioic acid ester",Food,0.13,ul/org,Invalid units,29,1,,,,,,,,,,,,,,,,,,,,,
60515,"O,O-Dimethyl S-[2-(methylamino)-2-oxoethyl]phosphorodithioic acid ester",Food,0.15,ul/org,Invalid units,30,1,,,,,,,,,,,,,,,,,,,,,
60515,"O,O-Dimethyl S-[2-(methylamino)-2-oxoethyl]phosphorodithioic acid ester","Topical, general",0.12,ug,Invalid units,31,1,,,,,,,,,,,,,,,,,,,,,
60515,"O,O-Dimethyl S-[2-(methylamino)-2-oxoethyl]phosphorodithioic acid ester","Topical, general",0.11,ug,Invalid units,32,1,,,,,,,,,,,,,,,,,,,,,
60571,"(1aR,2R,2aS,3S,6R,6aR,7S,7aS)-rel-3,4,5,6,9,9-Hexachloro-1a,2,2a,3,6,6a,7,7a-octahydro-2,7:3,6-dimethanonaphth[2,3-b]oxirene ",Food,0.33,ul/org,Invalid units,33,1,,,,,,,,,,,,,,,,,,,,,
60571,"(1aR,2R,2aS,3S,6R,6aR,7S,7aS)-rel-3,4,5,6,9,9-Hexachloro-1a,2,2a,3,6,6a,7,7a-octahydro-2,7:3,6-dimethanonaphth[2,3-b]oxirene ","Topical, general",0.16,ug,Invalid units,34,1,,,,,,,,,,,,,,,,,,,,,
60571,"(1aR,2R,2aS,3S,6R,6aR,7S,7aS)-rel-3,4,5,6,9,9-Hexachloro-1a,2,2a,3,6,6a,7,7a-octahydro-2,7:3,6-dimethanonaphth[2,3-b]oxirene ","Topical, general",0.16,ug,Invalid units,35,1,,,,,,,,,,,,,,,,,,,,,
60571,"(1aR,2R,2aS,3S,6R,6aR,7S,7aS)-rel-3,4,5,6,9,9-Hexachloro-1a,2,2a,3,6,6a,7,7a-octahydro-2,7:3,6-dimethanonaphth[2,3-b]oxirene ","Spray, unspecified",0.000575,mg/cm2,Invalid units,36,1,,,,,,,,,,,,,,,,,,,,,
60571,"(1aR,2R,2aS,3S,6R,6aR,7S,7aS)-rel-3,4,5,6,9,9-Hexachloro-1a,2,2a,3,6,6a,7,7a-octahydro-2,7:3,6-dimethanonaphth[2,3-b]oxirene ","Environmental, unspecified",7.81,ug/eu,Invalid units,37,1,,,,,,,,,,,,,,,,,,,,,
60571,"(1aR,2R,2aS,3S,6R,6aR,7S,7aS)-rel-3,4,5,6,9,9-Hexachloro-1a,2,2a,3,6,6a,7,7a-octahydro-2,7:3,6-dimethanonaphth[2,3-b]oxirene ",Food,0.32,ul/org,Invalid units,38,1,,,,,,,,,,,,,,,,,,,,,
60571,"(1aR,2R,2aS,3S,6R,6aR,7S,7aS)-rel-3,4,5,6,9,9-Hexachloro-1a,2,2a,3,6,6a,7,7a-octahydro-2,7:3,6-dimethanonaphth[2,3-b]oxirene ","Environmental, unspecified",4.0,ug/eu,Invalid units,39,1,,,,,,,,,,,,,,,,,,,,,
62384,(Acetato-kappaO)phenylmercury,Food,10,ul/org,Invalid units,40,1,,,,,,,,,,,,,,,,,,,,,
62737,"Phosphoric acid 2,2-dichloroethenyl dimethyl ester","Topical, general",0.37,ug/g,Invalid units,41,1,,,,,,,,,,,,,,,,,,,,,
62737,"Phosphoric acid 2,2-dichloroethenyl dimethyl ester",Dermal,27.2,ug/g org,Invalid units,42,1,,,,,,,,,,,,,,,,,,,,,
62737,"Phosphoric acid 2,2-dichloroethenyl dimethyl ester","Topical, general",8.45,ug/g,Invalid units,43,1,,,,,,,,,,,,,,,,,,,,,
63252,1-Naphthalenol methylcarbamate,"Topical, general",0.232,ug/ul,Invalid units,44,1,,,,,,,,,,,,,,,,,,,,,
63252,1-Naphthalenol methylcarbamate,"Environmental, unspecified",0.110410,%,Invalid units,45,1,,,,,,,,,,,,,,,,,,,,,
63252,1-Naphthalenol methylcarbamate,Dermal,71.7,AI mg/L,Invalid units,46,1,,,,,,,,,,,,,,,,,,,,,
63252,1-Naphthalenol methylcarbamate,"Spray, unspecified",4.97,AI ug/g bdwt,Invalid units,47,1,,,,,,,,,,,,,,,,,,,,,
63252,1-Naphthalenol methylcarbamate,Dermal,0.1809,AI %,Invalid units,48,1,,,,,,,,,,,,,,,,,,,,,
63252,1-Naphthalenol methylcarbamate,Dermal,1.291,ug/g bdwt,Invalid units,49,1,,,,,,,,,,,,,,,,,,,,,
63252,1-Naphthalenol methylcarbamate,Dermal,26.0,ug/g org,Invalid units,50,1,,,,,,,,,,,,,,,,,,,,,
63252,1-Naphthalenol methylcarbamate,"Environmental, unspecified",240.0,ug/eu,Invalid units,51,1,,,,,,,,,,,,,,,,,,,,,
63252,1-Naphthalenol methylcarbamate,"Environmental, unspecified",228.5,ug/eu,Invalid units,52,1,,,,,,,,,,,,,,,,,,,,,
63252,1-Naphthalenol methylcarbamate,Food,0.11,ul/org,Invalid units,53,1,,,,,,,,,,,,,,,,,,,,,
63252,1-Naphthalenol methylcarbamate,Food,0.14,ul/org,Invalid units,54,1,,,,,,,,,,,,,,,,,,,,,
63252,1-Naphthalenol methylcarbamate,"Topical, general",1.3,ug,Invalid units,55,1,,,,,,,,,,,,,,,,,,,,,
63252,1-Naphthalenol methylcarbamate,Food,0.11,ul/org,Invalid units,56,1,,,,,,,,,,,,,,,,,,,,,
63252,1-Naphthalenol methylcarbamate,"Topical, general",1.1,ug,Invalid units,57,1,,,,,,,,,,,,,,,,,,,,,
63252,1-Naphthalenol methylcarbamate,Food,0.14,ul/org,Invalid units,58,1,,,,,,,,,,,,,,,,,,,,,
63252,1-Naphthalenol methylcarbamate,"Topical, general",2.721,AI ug/g bdwt,Invalid units,59,1,,,,,,,,,,,,,,,,,,,,,
63252,1-Naphthalenol methylcarbamate,"Topical, general",1.37,ug/g,Invalid units,60,1,,,,,,,,,,,,,,,,,,,,,
63252,1-Naphthalenol methylcarbamate,"Topical, general",2.28,ug/g,Invalid units,61,1,,,,,,,,,,,,,,,,,,,,,
63252,1-Naphthalenol methylcarbamate,"Topical, general",2.3,ug/g bdwt,Invalid units,62,1,,,,,,,,,,,,,,,,,,,,,
64186,Formic acid,"Environmental, unspecified",NR,%,Invalid units,63,1,,,,,,,,,,,,,,,,,,,,,
64186,Formic acid,Multiple routes between application groups,NR,%,Invalid units,64,1,,,,,,,,,,,,,,,,,,,,,
64186,Formic acid,"Environmental, unspecified",NR,%,Invalid units,65,1,,,,,,,,,,,,,,,,,,,,,
64186,Formic acid,"Environmental, unspecified",2,%,Invalid units,66,1,,,,,,,,,,,,,,,,,,,,,
64186,Formic acid,Multiple routes between application groups,1.5,%,Invalid units,67,1,,,,,,,,,,,,,,,,,,,,,
64186,Formic acid,Multiple routes between application groups,2,%,Invalid units,68,1,,,,,,,,,,,,,,,,,,,,,
72208,"3,4,5,6,9,9-Hexachloro-1a,2,2a,3,6,6a,7,7a-octahydro-[2,7:3,6-dimethanonaphth[2,3-b]oxirene,[1a alpha,2 beta,2a beta,3 alpha,6 alpha,6a beta,7 beta,7a alpha]",Food,0.46,ul/org,Invalid units,69,1,,,,,,,,,,,,,,,,,,,,,
72208,"3,4,5,6,9,9-Hexachloro-1a,2,2a,3,6,6a,7,7a-octahydro-[2,7:3,6-dimethanonaphth[2,3-b]oxirene,[1a alpha,2 beta,2a beta,3 alpha,6 alpha,6a beta,7 beta,7a alpha]",Dermal,30.05,ug/g org,Invalid units,70,1,,,,,,,,,,,,,,,,,,,,,
72208,"3,4,5,6,9,9-Hexachloro-1a,2,2a,3,6,6a,7,7a-octahydro-[2,7:3,6-dimethanonaphth[2,3-b]oxirene,[1a alpha,2 beta,2a beta,3 alpha,6 alpha,6a beta,7 beta,7a alpha]","Topical, general",1.2,ug,Invalid units,71,1,,,,,,,,,,,,,,,,,,,,,
72208,"3,4,5,6,9,9-Hexachloro-1a,2,2a,3,6,6a,7,7a-octahydro-[2,7:3,6-dimethanonaphth[2,3-b]oxirene,[1a alpha,2 beta,2a beta,3 alpha,6 alpha,6a beta,7 beta,7a alpha]","Topical, general",0.65,ug,Invalid units,72,1,,,,,,,,,,,,,,,,,,,,,
72208,"3,4,5,6,9,9-Hexachloro-1a,2,2a,3,6,6a,7,7a-octahydro-[2,7:3,6-dimethanonaphth[2,3-b]oxirene,[1a alpha,2 beta,2a beta,3 alpha,6 alpha,6a beta,7 beta,7a alpha]",Food,1.4,ul/org,Invalid units,73,1,,,,,,,,,,,,,,,,,,,,,
72435,"1,1'-(2,2,2-Trichloroethylidene)bis[4-methoxybenzene]",Dermal,165.5,ug/g org,Invalid units,74,1,,,,,,,,,,,,,,,,,,,,,
76448,"1,4,5,6,7,8,8-Heptachloro-3a,4,7,7a-tetrahydro-4,7-methano-1H-indene",Dermal,128.5,ug/g org,Invalid units,75,1,,,,,,,,,,,,,,,,,,,,,
78579,"S-[(4,6-Diamino-1,3,5-triazin-2-yl)methyl]O,O-dimethyl ester phosphorodithioic acid","Topical, general",4.3,ug,Invalid units,76,1,,,,,,,,,,,,,,,,,,,,,
78579,"S-[(4,6-Diamino-1,3,5-triazin-2-yl)methyl]O,O-dimethyl ester phosphorodithioic acid",Food,0.46,ul/org,Invalid units,77,1,,,,,,,,,,,,,,,,,,,,,
86500,"O,O-Dimethyl S-[(4-oxo-1,2,3-benzotriazin-3(4H)-yl)methyl] ester, Phosphorodithioic acid",Food,0.15,ul/org,Invalid units,78,1,,,,,,,,,,,,,,,,,,,,,
86500,"O,O-Dimethyl S-[(4-oxo-1,2,3-benzotriazin-3(4H)-yl)methyl] ester, Phosphorodithioic acid","Topical, general",0.063,ug,Invalid units,79,1,,,,,,,,,,,,,,,,,,,,,
89838,5-Methyl-2-(1-methylethyl)phenol,"Topical, general",3240,ug/g org,Invalid units,80,1,,,,,,,,,,,,,,,,,,,,,
89838,5-Methyl-2-(1-methylethyl)phenol,Food,38.1,mg/ml diet,Invalid units,81,1,,,,,,,,,,,,,,,,,,,,,
89838,5-Methyl-2-(1-methylethyl)phenol,Food,NR,mg,Invalid units,82,1,,,,,,,,,,,,,,,,,,,,,
89838,5-Methyl-2-(1-methylethyl)phenol,Multiple routes between application groups,1.5,mg,Invalid units,83,1,,,,,,,,,,,,,,,,,,,,,
89838,5-Methyl-2-(1-methylethyl)phenol,"Topical, general",524,ug/g org,Invalid units,84,1,,,,,,,,,,,,,,,,,,,,,
89838,5-Methyl-2-(1-methylethyl)phenol,Multiple routes between application groups,NR,mg,Invalid units,85,1,,,,,,,,,,,,,,,,,,,,,
107277,Chloroethylmercury,"Topical, general",22,ug,Invalid units,86,1,,,,,,,,,,,,,,,,,,,,,
107277,Chloroethylmercury,Food,13,ul/org,Invalid units,87,1,,,,,,,,,,,,,,,,,,,,,
107493,Tetraethyl ester diphosphoric acid,"Spray, unspecified",0.000445,mg/cm2,Invalid units,88,1,,,,,,,,,,,,,,,,,,,,,
115264,"N,N,N',N'-Tetramethylphosphorodiamidic fluoride","Spray, unspecified",0.02317,mg/cm2,Invalid units,89,1,,,,,,,,,,,,,,,,,,,,,
115297,"6,7,8,9,10,10-Hexachloro-1,5,5a,6,9,9a-hexahydro-6,9-methano-2,4,3-benzodioxathiepin 3-oxide",Dermal,275.0,ug/g org,Invalid units,90,1,,,,,,,,,,,,,,,,,,,,,
115297,"6,7,8,9,10,10-Hexachloro-1,5,5a,6,9,9a-hexahydro-6,9-methano-2,4,3-benzodioxathiepin 3-oxide",Food,6.9,ul/org,Invalid units,91,1,,,,,,,,,,,,,,,,,,,,,
115297,"6,7,8,9,10,10-Hexachloro-1,5,5a,6,9,9a-hexahydro-6,9-methano-2,4,3-benzodioxathiepin 3-oxide","Topical, general",7.1,ug,Invalid units,92,1,,,,,,,,,,,,,,,,,,,,,
115297,"6,7,8,9,10,10-Hexachloro-1,5,5a,6,9,9a-hexahydro-6,9-methano-2,4,3-benzodioxathiepin 3-oxide",Dermal,0.8875,AI %,Invalid units,93,1,,,,,,,,,,,,,,,,,,,,,
115297,"6,7,8,9,10,10-Hexachloro-1,5,5a,6,9,9a-hexahydro-6,9-methano-2,4,3-benzodioxathiepin 3-oxide",Food,4.4,ug,Invalid units,94,1,,,,,,,,,,,,,,,,,,,,,
115322,4-Chloro-alpha-(4-chlorophenyl)-alpha-(trichloromethyl)benzenemethanol,Dermal,22.5,ug/g org,Invalid units,95,1,,,,,,,,,,,,,,,,,,,,,
116063,2-Methyl-2-(methylthio)propanol O-[(methylamino)carbonyl]oxime,Food,0.65,ug/g diet,Invalid units,96,1,,,,,,,,,,,,,,,,,,,,,
119368,"2-Hydroxybenzoic acid, Methyl ester",Multiple routes between application groups,8,mg,Invalid units,97,1,,,,,,,,,,,,,,,,,,,,,
119368,"2-Hydroxybenzoic acid, Methyl ester",Multiple routes between application groups,NR,mg,Invalid units,98,1,,,,,,,,,,,,,,,,,,,,,
119368,"2-Hydroxybenzoic acid, Methyl ester",Multiple routes between application groups,NR,mg,Invalid units,99,1,,,,,,,,,,,,,,,,,,,,,
121755,"2-[(Dimethoxyphosphinothioyl)thio]butanedioic acid 1,4-diethyl ester","Environmental, unspecified",59.9,ug/eu,Invalid units,100,1,,,,,,,,,,,,,,,,,,,,,
121755,"2-[(Dimethoxyphosphinothioyl)thio]butanedioic acid 1,4-diethyl ester",Dermal,35.0,ug/g org,Invalid units,101,1,,,,,,,,,,,,,,,,,,,,,
121755,"2-[(Dimethoxyphosphinothioyl)thio]butanedioic acid 1,4-diethyl ester","Topical, general",0.64,ug/g,Invalid units,102,1,,,,,,,,,,,,,,,,,,,,,
121755,"2-[(Dimethoxyphosphinothioyl)thio]butanedioic acid 1,4-diethyl ester","Topical, general",1.01,ug/g,Invalid units,103,1,,,,,,,,,,,,,,,,,,,,,
121755,"2-[(Dimethoxyphosphinothioyl)thio]butanedioic acid 1,4-diethyl ester",Food,0.38,ul/org,Invalid units,104,1,,,,,,,,,,,,,,,,,,,,,
121755,"2-[(Dimethoxyphosphinothioyl)thio]butanedioic acid 1,4-diethyl ester","Topical, general",0.27,ug,Invalid units,105,1,,,,,,,,,,,,,,,,,,,,,
121755,"2-[(Dimethoxyphosphinothioyl)thio]butanedioic acid 1,4-diethyl ester","Topical, general",0.22,ug,Invalid units,106,1,,,,,,,,,,,,,,,,,,,,,
121755,"2-[(Dimethoxyphosphinothioyl)thio]butanedioic acid 1,4-diethyl ester","Environmental, unspecified",57.0,ug/eu,Invalid units,107,1,,,,,,,,,,,,,,,,,,,,,
122145,"Phosphorothioic acid O,O-dimethyl O-(3-methyl-4-nitrophenyl)ester","Environmental, unspecified",0.013213,%,Invalid units,108,1,,,,,,,,,,,,,,,,,,,,,
122145,"Phosphorothioic acid O,O-dimethyl O-(3-methyl-4-nitrophenyl)ester","Spray, unspecified",0.011,ul/org,Invalid units,109,1,,,,,,,,,,,,,,,,,,,,,
122145,"Phosphorothioic acid O,O-dimethyl O-(3-methyl-4-nitrophenyl)ester","Spray, unspecified",0.092,ul/org,Invalid units,110,1,,,,,,,,,,,,,,,,,,,,,
122145,"Phosphorothioic acid O,O-dimethyl O-(3-methyl-4-nitrophenyl)ester","Diet, unspecified",0.162,ul/org,Invalid units,111,1,,,,,,,,,,,,,,,,,,,,,
122145,"Phosphorothioic acid O,O-dimethyl O-(3-methyl-4-nitrophenyl)ester","Diet, unspecified",0.116,ul/org,Invalid units,112,1,,,,,,,,,,,,,,,,,,,,,
122145,"Phosphorothioic acid O,O-dimethyl O-(3-methyl-4-nitrophenyl)ester","Topical, general",3.33,ug/g,Invalid units,113,1,,,,,,,,,,,,,,,,,,,,,
122145,"Phosphorothioic acid O,O-dimethyl O-(3-methyl-4-nitrophenyl)ester","Topical, general",0.77,ug/g,Invalid units,114,1,,,,,,,,,,,,,,,,,,,,,
122145,"Phosphorothioic acid O,O-dimethyl O-(3-methyl-4-nitrophenyl)ester","Topical, general",1.213,AI ug/g bdwt,Invalid units,115,1,,,,,,,,,,,,,,,,,,,,,
122145,"Phosphorothioic acid O,O-dimethyl O-(3-methyl-4-nitrophenyl)ester",Dermal,27.77,ug/g org,Invalid units,116,1,,,,,,,,,,,,,,,,,,,,,
122145,"Phosphorothioic acid O,O-dimethyl O-(3-methyl-4-nitrophenyl)ester",Dermal,0.222,ug/g bdwt,Invalid units,117,1,,,,,,,,,,,,,,,,,,,,,
140114,Benzyl acetate,Multiple routes between application groups,5,mg,Invalid units,118,1,,,,,,,,,,,,,,,,,,,,,
140114,Benzyl acetate,Multiple routes between application groups,NR,mg,Invalid units,119,1,,,,,,,,,,,,,,,,,,,,,
140114,Benzyl acetate,Multiple routes between application groups,NR,mg,Invalid units,120,1,,,,,,,,,,,,,,,,,,,,,
141662,"Phosphoric acid, (1E)-3-(Dimethylamino)-1-methyl-3-oxo-1-propen-1-yl dimethyl ester","Topical, general",0.3,ug/g,Invalid units,121,1,,,,,,,,,,,,,,,,,,,,,
141662,"Phosphoric acid, (1E)-3-(Dimethylamino)-1-methyl-3-oxo-1-propen-1-yl dimethyl ester",Food,0.068,ul/org,Invalid units,122,1,,,,,,,,,,,,,,,,,,,,,
141662,"Phosphoric acid, (1E)-3-(Dimethylamino)-1-methyl-3-oxo-1-propen-1-yl dimethyl ester","Topical, general",0.076,ug,Invalid units,123,1,,,,,,,,,,,,,,,,,,,,,
141662,"Phosphoric acid, (1E)-3-(Dimethylamino)-1-methyl-3-oxo-1-propen-1-yl dimethyl ester","Spray, unspecified",0.26,AI ug/g bdwt,Invalid units,124,1,,,,,,,,,,,,,,,,,,,,,
144627,Ethanedioic acid,"Spray, unspecified",7.97,ml/1000 org,Invalid units,125,1,,,,,,,,,,,,,,,,,,,,,
144627,Ethanedioic acid,"Spray, unspecified",6.16,ml/1000 org,Invalid units,126,1,,,,,,,,,,,,,,,,,,,,,
144627,Ethanedioic acid,"Spray, unspecified",7.45,ml/1000 org,Invalid units,127,1,,,,,,,,,,,,,,,,,,,,,
298000,"O,O-Dimethyl O-(4-nitrophenyl) ester phosphorothioic acid","Topical, general",0.041,ug/ul,Invalid units,128,1,,,,,,,,,,,,,,,,,,,,,
298000,"O,O-Dimethyl O-(4-nitrophenyl) ester phosphorothioic acid","Environmental, unspecified",1.28,ug/eu,Invalid units,129,1,,,,,,,,,,,,,,,,,,,,,
298000,"O,O-Dimethyl O-(4-nitrophenyl) ester phosphorothioic acid","Environmental, unspecified",1.47,ug/eu,Invalid units,130,1,,,,,,,,,,,,,,,,,,,,,
298000,"O,O-Dimethyl O-(4-nitrophenyl) ester phosphorothioic acid",Dermal,19.5,ug/g org,Invalid units,131,1,,,,,,,,,,,,,,,,,,,,,
298022,"O,O-Diethyl S-[(ethylthio)methyl])ester, Phosphorodithioic acid",Food,0.43,ul/org,Invalid units,132,1,,,,,,,,,,,,,,,,,,,,,
298022,"O,O-Diethyl S-[(ethylthio)methyl])ester, Phosphorodithioic acid",Dermal,0.33,ug,Invalid units,133,1,,,,,,,,,,,,,,,,,,,,,
298022,"O,O-Diethyl S-[(ethylthio)methyl])ester, Phosphorodithioic acid",Food,0.44,ul/org,Invalid units,134,1,,,,,,,,,,,,,,,,,,,,,
298022,"O,O-Diethyl S-[(ethylthio)methyl])ester, Phosphorodithioic acid",Dermal,0.32,ug,Invalid units,135,1,,,,,,,,,,,,,,,,,,,,,
298044,"Phosphorodithioic acid, O,O-Diethyl-S-[2-(ethylthio)ethyl] ester",Food,39,ul/org,Invalid units,136,1,,,,,,,,,,,,,,,,,,,,,
298044,"Phosphorodithioic acid, O,O-Diethyl-S-[2-(ethylthio)ethyl] ester",Dermal,4.1,ug,Invalid units,137,1,,,,,,,,,,,,,,,,,,,,,
298044,"Phosphorodithioic acid, O,O-Diethyl-S-[2-(ethylthio)ethyl] ester",Dermal,5.0,ug,Invalid units,138,1,,,,,,,,,,,,,,,,,,,,,
298044,"Phosphorodithioic acid, O,O-Diethyl-S-[2-(ethylthio)ethyl] ester",Dermal,4.3,ug,Invalid units,139,1,,,,,,,,,,,,,,,,,,,,,
298044,"Phosphorodithioic acid, O,O-Diethyl-S-[2-(ethylthio)ethyl] ester",Food,16,ul/org,Invalid units,140,1,,,,,,,,,,,,,,,,,,,,,
298044,"Phosphorodithioic acid, O,O-Diethyl-S-[2-(ethylthio)ethyl] ester",Food,23,ul/org,Invalid units,141,1,,,,,,,,,,,,,,,,,,,,,
309002,"(1R,4S,4aS,5S,8R,8aR)-rel-1,2,3,4,10,10-Hexachloro-1,4,4a,5,8,8a-hexahydro-1,4:5,8-dimethanonaphthalene","Spray, unspecified",0.000562,mg/cm2,Invalid units,142,1,,,,,,,,,,,,,,,,,,,,,
309002,"(1R,4S,4aS,5S,8R,8aR)-rel-1,2,3,4,10,10-Hexachloro-1,4,4a,5,8,8a-hexahydro-1,4:5,8-dimethanonaphthalene",Dermal,125.5,ug/g org,Invalid units,143,1,,,,,,,,,,,,,,,,,,,,,
315184,"4-(Dimethylamino)-3,5-dimethylphenol, Methylcarbamate(ester)","Topical, general",0.477,AI ug/g bdwt,Invalid units,144,1,,,,,,,,,,,,,,,,,,,,,
321540,"Phosphoric acid, 3-Chloro-4-methyl-2-oxo-2H-1-benzopyran-7-yl diethyl ester","Topical, general",1000,ug/g org,Invalid units,145,1,,,,,,,,,,,,,,,,,,,,,
321540,"Phosphoric acid, 3-Chloro-4-methyl-2-oxo-2H-1-benzopyran-7-yl diethyl ester","Topical, general",5500,ug/g org,Invalid units,146,1,,,,,,,,,,,,,,,,,,,,,
333415,"O,O-Diethyl O-[6-methyl-2-(1-methylethyl)-4-pyrimidinyl] ester phosphorothioic acid",Dermal,35.5,ug/g org,Invalid units,147,1,,,,,,,,,,,,,,,,,,,,,
333415,"O,O-Diethyl O-[6-methyl-2-(1-methylethyl)-4-pyrimidinyl] ester phosphorothioic acid",Dermal,0.22,ug,Invalid units,148,1,,,,,,,,,,,,,,,,,,,,,
333415,"O,O-Diethyl O-[6-methyl-2-(1-methylethyl)-4-pyrimidinyl] ester phosphorothioic acid",Food,0.24,ug,Invalid units,149,1,,,,,,,,,,,,,,,,,,,,,
333415,"O,O-Diethyl O-[6-methyl-2-(1-methylethyl)-4-pyrimidinyl] ester phosphorothioic acid",Food,0.20,ul/org,Invalid units,150,1,,,,,,,,,,,,,,,,,,,,,
563122,"Phosphorodithioic acid, S,S'-Methylene O,O,O',O'-tetraethyl ester",Food,106.7,mg/L,Invalid units,151,1,,,,,,,,,,,,,,,,,,,,,
584792,"2,2-Dimethyl-3-(2-methyl-1-propenyl)cyclopropanecarboxylic acid 2-methyl-4-oxo-3-(2-propenyl)-2-cyclopenten-1-yl ester",Food,4.6,ul/org,Invalid units,152,1,,,,,,,,,,,,,,,,,,,,,
584792,"2,2-Dimethyl-3-(2-methyl-1-propenyl)cyclopropanecarboxylic acid 2-methyl-4-oxo-3-(2-propenyl)-2-cyclopenten-1-yl ester",Food,9.1,ul/org,Invalid units,153,1,,,,,,,,,,,,,,,,,,,,,
608731,"1,2,3,4,5,6-Hexachlorocyclohexane",Food,0.76,ul/org,Invalid units,154,1,,,,,,,,,,,,,,,,,,,,,
608731,"1,2,3,4,5,6-Hexachlorocyclohexane","Topical, general",0.20,ug,Invalid units,155,1,,,,,,,,,,,,,,,,,,,,,
608731,"1,2,3,4,5,6-Hexachlorocyclohexane","Topical, general",0.46,ug,Invalid units,156,1,,,,,,,,,,,,,,,,,,,,,
608731,"1,2,3,4,5,6-Hexachlorocyclohexane",Food,0.45,ul/org,Invalid units,157,1,,,,,,,,,,,,,,,,,,,,,
786196,Carbofenthion,Food,5.2,ul/org,Invalid units,158,1,,,,,,,,,,,,,,,,,,,,,
786196,Carbofenthion,"Topical, general",1.4,ug,Invalid units,159,1,,,,,,,,,,,,,,,,,,,,,
919868,"S-[2-(Ethylthio)ethyl]O,O-dimethyl ester phosphorothioic acid",Dermal,26.7,ug/g org,Invalid units,160,1,,,,,,,,,,,,,,,,,,,,,
1071836,N-(Phosphonomethyl)glycine,Food,0.24,mg/L,Invalid units,161,1,,,,,,,,,,,,,,,,,,,,,
1071836,N-(Phosphonomethyl)glycine,Dermal,103,ae ug/org,Invalid units,162,1,,,,,,,,,,,,,,,,,,,,,
1332407,Copper chloride oxide hydrate,Food,137.3,ug/g bdwt,Invalid units,163,1,,,,,,,,,,,,,,,,,,,,,
1332407,Copper chloride oxide hydrate,Food,112.3,ug/g bdwt,Invalid units,164,1,,,,,,,,,,,,,,,,,,,,,
1332407,Copper chloride oxide hydrate,Food,48.9,ug/g bdwt,Invalid units,165,1,,,,,,,,,,,,,,,,,,,,,
1332407,Copper chloride oxide hydrate,Food,78.7,ug/g bdwt,Invalid units,166,1,,,,,,,,,,,,,,,,,,,,,
1332407,Copper chloride oxide hydrate,Food,57.5,ug/g bdwt,Invalid units,167,1,,,,,,,,,,,,,,,,,,,,,
1332407,Copper chloride oxide hydrate,Food,129.0,ug/g bdwt,Invalid units,168,1,,,,,,,,,,,,,,,,,,,,,
1332407,Copper chloride oxide hydrate,Food,154.8,ug/g bdwt,Invalid units,169,1,,,,,,,,,,,,,,,,,,,,,
1332407,Copper chloride oxide hydrate,Food,151.8,ug/g bdwt,Invalid units,170,1,,,,,,,,,,,,,,,,,,,,,
1332407,Copper chloride oxide hydrate,Food,59.2,ug/g bdwt,Invalid units,171,1,,,,,,,,,,,,,,,,,,,,,
1332407,Copper chloride oxide hydrate,Food,54.5,ug/g bdwt,Invalid units,172,1,,,,,,,,,,,,,,,,,,,,,
1646873,2-Methyl-2-(methylsulfinyl)propanal O-[(methylamino)carbonyl]oxime,Food,1.6,ug/g diet,Invalid units,173,1,,,,,,,,,,,,,,,,,,,,,
1646884,2-Methyl-2-(methylsulfonyl)propanal O-[(methylamino)carbonyl]oxime,Food,4.5,ug/g diet,Invalid units,174,1,,,,,,,,,,,,,,,,,,,,,
2032599,"4-(Dimethylamino)-3-methylphenol, Methylcarbamate (ester)","Topical, general",0.849,AI ug/g bdwt,Invalid units,175,1,,,,,,,,,,,,,,,,,,,,,
2032599,"4-(Dimethylamino)-3-methylphenol, Methylcarbamate (ester)",Dermal,1.216,ug/g bdwt,Invalid units,176,1,,,,,,,,,,,,,,,,,,,,,
2032657,"3,5-Dimethyl-4-(methylthio)phenol, Methylcarbamate",Dermal,65.9,AI mg/L,Invalid units,177,1,,,,,,,,,,,,,,,,,,,,,
2104963,"Phosphorothioic acid O-(4-bromo-2,5-dichlorophenyl) O,O-dimethyl ester",Dermal,19.2,ug/g org,Invalid units,178,1,,,,,,,,,,,,,,,,,,,,,
2310170,"S-[(6-Chloro-2-oxo-3(2H)-benzoxazolyl)methyl]O,O-diethyl ester phosphorodithioic acid","Environmental, unspecified",0.052966,%,Invalid units,179,1,,,,,,,,,,,,,,,,,,,,,
2312358,"2-[4-(1,1-Dimethylethyl)phenoxy]cyclohexyl 2-propynyl ester sulfurous acid","Spray, unspecified",706395.38,AI ug/g bdwt,Invalid units,180,1,,,,,,,,,,,,,,,,,,,,,
2702729,"2-(2,4-Dichlorophenoxy)acetic acid sodium salt (1:1)",Food,1054.1,ug/g bdwt,Invalid units,181,1,,,,,,,,,,,,,,,,,,,,,
2702729,"2-(2,4-Dichlorophenoxy)acetic acid sodium salt (1:1)",Food,1006.2,ug/g bdwt,Invalid units,182,1,,,,,,,,,,,,,,,,,,,,,
2702729,"2-(2,4-Dichlorophenoxy)acetic acid sodium salt (1:1)",Food,1059.3,ug/g bdwt,Invalid units,183,1,,,,,,,,,,,,,,,,,,,,,
2702729,"2-(2,4-Dichlorophenoxy)acetic acid sodium salt (1:1)",Food,1139.9,ug/g bdwt,Invalid units,184,1,,,,,,,,,,,,,,,,,,,,,
2702729,"2-(2,4-Dichlorophenoxy)acetic acid sodium salt (1:1)",Food,1218.5,ug/g bdwt,Invalid units,185,1,,,,,,,,,,,,,,,,,,,,,
2702729,"2-(2,4-Dichlorophenoxy)acetic acid sodium salt (1:1)",Food,780.2,ug/g bdwt,Invalid units,186,1,,,,,,,,,,,,,,,,,,,,,
2702729,"2-(2,4-Dichlorophenoxy)acetic acid sodium salt (1:1)",Food,928.3,ug/g bdwt,Invalid units,187,1,,,,,,,,,,,,,,,,,,,,,
2702729,"2-(2,4-Dichlorophenoxy)acetic acid sodium salt (1:1)",Food,660.6,ug/g bdwt,Invalid units,188,1,,,,,,,,,,,,,,,,,,,,,
2702729,"2-(2,4-Dichlorophenoxy)acetic acid sodium salt (1:1)",Food,660.0,ug/g bdwt,Invalid units,189,1,,,,,,,,,,,,,,,,,,,,,
2702729,"2-(2,4-Dichlorophenoxy)acetic acid sodium salt (1:1)",Food,615.0,ug/g bdwt,Invalid units,190,1,,,,,,,,,,,,,,,,,,,,,
2921882,"Phosphorothioic acid, O,O-Diethyl O-(3,5,6-trichloro-2-pyridinyl) ester","Topical, general",0.13,ug/g,Invalid units,191,1,,,,,,,,,,,,,,,,,,,,,
2921882,"Phosphorothioic acid, O,O-Diethyl O-(3,5,6-trichloro-2-pyridinyl) ester","Spray, unspecified",0.85,AI ug/g bdwt,Invalid units,192,1,,,,,,,,,,,,,,,,,,,,,
2921882,"Phosphorothioic acid, O,O-Diethyl O-(3,5,6-trichloro-2-pyridinyl) ester","Topical, general",1.06,ug/g org,Invalid units,193,1,,,,,,,,,,,,,,,,,,,,,
2921882,"Phosphorothioic acid, O,O-Diethyl O-(3,5,6-trichloro-2-pyridinyl) ester","Topical, general",0.40,ug/g org,Invalid units,194,1,,,,,,,,,,,,,,,,,,,,,
2921882,"Phosphorothioic acid, O,O-Diethyl O-(3,5,6-trichloro-2-pyridinyl) ester","Topical, general",4.45,ug/g,Invalid units,195,1,,,,,,,,,,,,,,,,,,,,,
5598152,"Phosphoric acid, diethyl 3,5,6-trichloro-2-pyridinyl ester","Topical, general",0.47,ug/g org,Invalid units,196,1,,,,,,,,,,,,,,,,,,,,,
5598152,"Phosphoric acid, diethyl 3,5,6-trichloro-2-pyridinyl ester","Topical, general",0.17,ug/g org,Invalid units,197,1,,,,,,,,,,,,,,,,,,,,,
6923224,Phosphoric acid dimethyl (1E)-1-methyl-3-(methylamino)-3-oxo-1-propen-1-yl ester,Dermal,10.6,ug/g org,Invalid units,198,1,,,,,,,,,,,,,,,,,,,,,
6923224,Phosphoric acid dimethyl (1E)-1-methyl-3-(methylamino)-3-oxo-1-propen-1-yl ester,"Environmental, unspecified",383.4,ug/eu,Invalid units,199,1,,,,,,,,,,,,,,,,,,,,,
6923224,Phosphoric acid dimethyl (1E)-1-methyl-3-(methylamino)-3-oxo-1-propen-1-yl ester,"Topical, general",1.2,ug/g,Invalid units,200,1,,,,,,,,,,,,,,,,,,,,,
7440382,Arsenic,Food,0.044975,mg/mg bdwt,Invalid units,201,1,,,,,,,,,,,,,,,,,,,,,
7440382,Arsenic,Food,0.0476,mg/mg bdwt,Invalid units,202,1,,,,,,,,,,,,,,,,,,,,,
7440382,Arsenic,Food,0.0353,mg/mg bdwt,Invalid units,203,1,,,,,,,,,,,,,,,,,,,,,
7440439,Cadmium,Food,0.0129,mg/mg bdwt,Invalid units,204,1,,,,,,,,,,,,,,,,,,,,,
7440439,Cadmium,Food,0.0322,mg/mg bdwt,Invalid units,205,1,,,,,,,,,,,,,,,,,,,,,
7786347,"3-[(Dimethoxyphosphinyl)oxy]-2-butenoic acid, Methyl ester",Food,0.027,ul/org,Invalid units,206,1,,,,,,,,,,,,,,,,,,,,,
7786347,"3-[(Dimethoxyphosphinyl)oxy]-2-butenoic acid, Methyl ester","Topical, general",0.070,ug,Invalid units,207,1,,,,,,,,,,,,,,,,,,,,,
8001352,Toxaphene,"Spray, unspecified",0.04467,mg/cm2,Invalid units,208,1,,,,,,,,,,,,,,,,,,,,,
8003347,Pyrethrins and Pyrethroids,Food,0.15,ul/org,Invalid units,209,1,,,,,,,,,,,,,,,,,,,,,
8003347,Pyrethrins and Pyrethroids,Food,0.15,ul/org,Invalid units,210,1,,,,,,,,,,,,,,,,,,,,,
8003347,Pyrethrins and Pyrethroids,"Topical, general",0.29,ug,Invalid units,211,1,,,,,,,,,,,,,,,,,,,,,
8003347,Pyrethrins and Pyrethroids,Dermal,5.25,ug/g org,Invalid units,212,1,,,,,,,,,,,,,,,,,,,,,
8003347,Pyrethrins and Pyrethroids,"Topical, general",0.13,ug,Invalid units,213,1,,,,,,,,,,,,,,,,,,,,,
8022002,"Phosphorothioic acid, O-[2-(Ethylthio)ethyl]-O,O-dimethyl ester, Mixt. with S-[2-(ethylthio)ethyl] O,O-dimethyl phosphorothioate","Topical, general",0.41,ug,Invalid units,214,1,,,,,,,,,,,,,,,,,,,,,
8022002,"Phosphorothioic acid, O-[2-(Ethylthio)ethyl]-O,O-dimethyl ester, Mixt. with S-[2-(ethylthio)ethyl] O,O-dimethyl phosphorothioate","Topical, general",0.74,ug,Invalid units,215,1,,,,,,,,,,,,,,,,,,,,,
8022002,"Phosphorothioic acid, O-[2-(Ethylthio)ethyl]-O,O-dimethyl ester, Mixt. with S-[2-(ethylthio)ethyl] O,O-dimethyl phosphorothioate",Food,0.61,ul/org,Invalid units,216,1,,,,,,,,,,,,,,,,,,,,,
8022002,"Phosphorothioic acid, O-[2-(Ethylthio)ethyl]-O,O-dimethyl ester, Mixt. with S-[2-(ethylthio)ethyl] O,O-dimethyl phosphorothioate",Food,0.83,ul/org,Invalid units,217,1,,,,,,,,,,,,,,,,,,,,,
8022002,"Phosphorothioic acid, O-[2-(Ethylthio)ethyl]-O,O-dimethyl ester, Mixt. with S-[2-(ethylthio)ethyl] O,O-dimethyl phosphorothioate",Food,0.58,ul/org,Invalid units,218,1,,,,,,,,,,,,,,,,,,,,,
8022002,"Phosphorothioic acid, O-[2-(Ethylthio)ethyl]-O,O-dimethyl ester, Mixt. with S-[2-(ethylthio)ethyl] O,O-dimethyl phosphorothioate","Topical, general",0.54,ug,Invalid units,219,1,,,,,,,,,,,,,,,,,,,,,
8065483,"Phosphorothioic acid, O,O-Diethyl O-[2-(ethylthio)ethyl] ester mixt. with O,O-diethyl S-[2-(ethylthio)ethyl] phosphorothioate","Spray, unspecified",0.005123,mg/cm2,Invalid units,220,1,,,,,,,,,,,,,,,,,,,,,
10101538,"Sulfuric acid, Chromium(3+)salt(3:2)",Food,3458,mg/L diet,Invalid units,221,1,,,,,,,,,,,,,,,,,,,,,
10265926,"Phosphoramidothioic acid, O,S-Dimethyl ester","Environmental, unspecified",442.6,AI ug/ml,Invalid units,222,1,,,,,,,,,,,,,,,,,,,,,
11141176,"2aR,3S,4S,4aR,5S,7aS,8S,10R,10aS,10bR)-10-(Acetyloxy)octahydro-3,5-dihydroxy-4-methyl-8-[[(2E)-2-methyl-1-oxo-2-buten-1-yl]oxy]-4-[(1aR,2S,3aS,6aS,7S,7aS)-3a,6a,7,7a-tetrahydro-6a-hydroxy-7a-methyl-2,7-methanofuro[2,3-b]oxireno[e]oxepin-1a(2H)-yl]-1H,7H-naptho[1,8-bc:4,4a-c']difuran-5,10a(8H)-dicarboxylic acid 5-10a-dimethyl ester","Topical, general",61,AI ug/g bdwt,Invalid units,223,1,,,,,,,,,,,,,,,,,,,,,
11141176,"2aR,3S,4S,4aR,5S,7aS,8S,10R,10aS,10bR)-10-(Acetyloxy)octahydro-3,5-dihydroxy-4-methyl-8-[[(2E)-2-methyl-1-oxo-2-buten-1-yl]oxy]-4-[(1aR,2S,3aS,6aS,7S,7aS)-3a,6a,7,7a-tetrahydro-6a-hydroxy-7a-methyl-2,7-methanofuro[2,3-b]oxireno[e]oxepin-1a(2H)-yl]-1H,7H-naptho[1,8-bc:4,4a-c']difuran-5,10a(8H)-dicarboxylic acid 5-10a-dimethyl ester","Environmental, unspecified",37,AI ug/g bdwt,Invalid units,224,1,,,,,,,,,,,,,,,,,,,,,
12789036,Chlordane (Technical Grade),"Topical, general",1.4,ug,Invalid units,225,1,,,,,,,,,,,,,,,,,,,,,
13171216,"Phosphoric acid, 2-Chloro-3-(diethylamino)-1-methyl-3-oxo-1-propen-1-yl dimethyl ester",Dermal,0.159,ug/g bdwt,Invalid units,226,1,,,,,,,,,,,,,,,,,,,,,
13548384,"Nitric acid, Chromium(3+) salt",Food,2049/,mg/L diet,Invalid units,227,1,,,,,,,,,,,,,,,,,,,,,
13593038,"Phosphorothioic acid O,O-diethyl O-2-quinoxalinyl ester  ",Dermal,11.6,ug/g org,Invalid units,228,1,,,,,,,,,,,,,,,,,,,,,
15165670,"(2R)-2-(2,4-Dichlorophenoxy)propanoic acid",Food,23.3,ae ug/org,Invalid units,229,1,,,,,,,,,,,,,,,,,,,,,
15165670,"(2R)-2-(2,4-Dichlorophenoxy)propanoic acid",Food,23.3,ae ug/org,Invalid units,230,1,,,,,,,,,,,,,,,,,,,,,
16484778,(2R)-2-(4-Chloro-2-methylphenoxy)propanoic acid,Food,87.2,ae ug/org,Invalid units,231,1,,,,,,,,,,,,,,,,,,,,,
16752775,N-[[(Methylamino)carbonyl]oxy]ethanimidothioic acid methyl ester,"Spray, unspecified",0.66,AI ug/g bdwt,Invalid units,232,1,,,,,,,,,,,,,,,,,,,,,
16752775,N-[[(Methylamino)carbonyl]oxy]ethanimidothioic acid methyl ester,Food,80,AI ng,Invalid units,233,1,,,,,,,,,,,,,,,,,,,,,
22248799,"Phosphoric acid (1Z)-2-chloro-1-(2,4,5-trichlorophenyl)ethenyl dimethyl ester",Dermal,15.0,ug/g org,Invalid units,234,1,,,,,,,,,,,,,,,,,,,,,
23135220,2-(Dimethylamino)-N-[[(methylamino)carbonyl]oxy]-2-oxo-ethanimidothioic acid methyl ester,"Spray, unspecified",1.13,AI ug/g bdwt,Invalid units,235,1,,,,,,,,,,,,,,,,,,,,,
26002802,"2,2-Dimethyl-3-(2-methyl-1-propenyl)cyclopropanecarboxylic acid (3-phenoxyphenyl)methyl ester","Topical, general",0.43,ng/mg bdwt,Invalid units,236,1,,,,,,,,,,,,,,,,,,,,,
26002802,"2,2-Dimethyl-3-(2-methyl-1-propenyl)cyclopropanecarboxylic acid (3-phenoxyphenyl)methyl ester","Topical, general",0.47,ng/mg bdwt,Invalid units,237,1,,,,,,,,,,,,,,,,,,,,,
26002802,"2,2-Dimethyl-3-(2-methyl-1-propenyl)cyclopropanecarboxylic acid (3-phenoxyphenyl)methyl ester","Topical, general",0.41,ng/mg bdwt,Invalid units,238,1,,,,,,,,,,,,,,,,,,,,,
26002802,"2,2-Dimethyl-3-(2-methyl-1-propenyl)cyclopropanecarboxylic acid (3-phenoxyphenyl)methyl ester","Topical, general",0.47,ng/mg bdwt,Invalid units,239,1,,,,,,,,,,,,,,,,,,,,,
26002802,"2,2-Dimethyl-3-(2-methyl-1-propenyl)cyclopropanecarboxylic acid (3-phenoxyphenyl)methyl ester","Topical, general",0.35,ng/mg bdwt,Invalid units,240,1,,,,,,,,,,,,,,,,,,,,,
26002802,"2,2-Dimethyl-3-(2-methyl-1-propenyl)cyclopropanecarboxylic acid (3-phenoxyphenyl)methyl ester","Topical, general",0.48,ng/mg bdwt,Invalid units,241,1,,,,,,,,,,,,,,,,,,,,,
26002802,"2,2-Dimethyl-3-(2-methyl-1-propenyl)cyclopropanecarboxylic acid (3-phenoxyphenyl)methyl ester","Topical, general",0.45,ng/mg bdwt,Invalid units,242,1,,,,,,,,,,,,,,,,,,,,,
26002802,"2,2-Dimethyl-3-(2-methyl-1-propenyl)cyclopropanecarboxylic acid (3-phenoxyphenyl)methyl ester","Topical, general",0.45,ng/mg bdwt,Invalid units,243,1,,,,,,,,,,,,,,,,,,,,,
26002802,"2,2-Dimethyl-3-(2-methyl-1-propenyl)cyclopropanecarboxylic acid (3-phenoxyphenyl)methyl ester","Topical, general",0.45,ng/mg bdwt,Invalid units,244,1,,,,,,,,,,,,,,,,,,,,,
26002802,"2,2-Dimethyl-3-(2-methyl-1-propenyl)cyclopropanecarboxylic acid (3-phenoxyphenyl)methyl ester","Topical, general",0.33,ng/mg bdwt,Invalid units,245,1,,,,,,,,,,,,,,,,,,,,,
26002802,"2,2-Dimethyl-3-(2-methyl-1-propenyl)cyclopropanecarboxylic acid (3-phenoxyphenyl)methyl ester","Topical, general",0.41,ng/mg bdwt,Invalid units,246,1,,,,,,,,,,,,,,,,,,,,,
26002802,"2,2-Dimethyl-3-(2-methyl-1-propenyl)cyclopropanecarboxylic acid (3-phenoxyphenyl)methyl ester","Topical, general",0.32,ng/mg bdwt,Invalid units,247,1,,,,,,,,,,,,,,,,,,,,,
28434017,"2,2-Dimethyl-3-(2-methyl-1-propen-1-yl)cyclopropanecarboxylic acid, (1R,3R)-[5-(Phenylmethyl)-3-furanyl]methyl ester",Dermal,0.565,ug/g org,Invalid units,248,1,,,,,,,,,,,,,,,,,,,,,
29232937,"O-[2-(Diethylamino)-6-methyl-4-pyrimidinyl]O,O-dimethyl ester, Phosphorothioic acid",Dermal,11.6,ug/g org,Invalid units,249,1,,,,,,,,,,,,,,,,,,,,,
29450451,"2-(4-Chloro-2-methylphenoxy)acetic acid, 2-Ethylhexyl ester",Food,119.24,ae ug/org,Invalid units,250,1,,,,,,,,,,,,,,,,,,,,,
30560191,"N-Acetylphosphoramidothioic acid O,S-dimethyl ester","Spray, unspecified",1.55,AI ug/g bdwt,Invalid units,251,1,,,,,,,,,,,,,,,,,,,,,
30560191,"N-Acetylphosphoramidothioic acid O,S-dimethyl ester",Food,180,AI ng,Invalid units,252,1,,,,,,,,,,,,,,,,,,,,,
33089611,"N'-(2,4-Dimethylphenyl)-N-[[(2,4-dimethylphenyl)imino]methyl]-N-methylmethanimidanide","Topical, general",27.1,ng/mg bdwt,Invalid units,253,1,,,,,,,,,,,,,,,,,,,,,
33089611,"N'-(2,4-Dimethylphenyl)-N-[[(2,4-dimethylphenyl)imino]methyl]-N-methylmethanimidanide","Topical, general",30.6,ng/mg bdwt,Invalid units,254,1,,,,,,,,,,,,,,,,,,,,,
33089611,"N'-(2,4-Dimethylphenyl)-N-[[(2,4-dimethylphenyl)imino]methyl]-N-methylmethanimidanide","Topical, general",36.4,ng/mg bdwt,Invalid units,255,1,,,,,,,,,,,,,,,,,,,,,
33089611,"N'-(2,4-Dimethylphenyl)-N-[[(2,4-dimethylphenyl)imino]methyl]-N-methylmethanimidanide","Topical, general",18.5,ng/mg bdwt,Invalid units,256,1,,,,,,,,,,,,,,,,,,,,,
33089611,"N'-(2,4-Dimethylphenyl)-N-[[(2,4-dimethylphenyl)imino]methyl]-N-methylmethanimidanide","Topical, general",26.7,ug/g org,Invalid units,257,1,,,,,,,,,,,,,,,,,,,,,
33089611,"N'-(2,4-Dimethylphenyl)-N-[[(2,4-dimethylphenyl)imino]methyl]-N-methylmethanimidanide","Topical, general",21.8,ug/g org,Invalid units,258,1,,,,,,,,,,,,,,,,,,,,,
33089611,"N'-(2,4-Dimethylphenyl)-N-[[(2,4-dimethylphenyl)imino]methyl]-N-methylmethanimidanide","Diet, unspecified",3.273,ul/org,Invalid units,259,1,,,,,,,,,,,,,,,,,,,,,
33089611,"N'-(2,4-Dimethylphenyl)-N-[[(2,4-dimethylphenyl)imino]methyl]-N-methylmethanimidanide","Diet, unspecified",7.082,ul/org,Invalid units,260,1,,,,,,,,,,,,,,,,,,,,,
33089611,"N'-(2,4-Dimethylphenyl)-N-[[(2,4-dimethylphenyl)imino]methyl]-N-methylmethanimidanide",Food,5.47,mg/ml diet,Invalid units,261,1,,,,,,,,,,,,,,,,,,,,,
33089611,"N'-(2,4-Dimethylphenyl)-N-[[(2,4-dimethylphenyl)imino]methyl]-N-methylmethanimidanide","Topical, general",59.4,ng/mg bdwt,Invalid units,262,1,,,,,,,,,,,,,,,,,,,,,
33089611,"N'-(2,4-Dimethylphenyl)-N-[[(2,4-dimethylphenyl)imino]methyl]-N-methylmethanimidanide","Topical, general",42.4,ng/mg bdwt,Invalid units,263,1,,,,,,,,,,,,,,,,,,,,,
33089611,"N'-(2,4-Dimethylphenyl)-N-[[(2,4-dimethylphenyl)imino]methyl]-N-methylmethanimidanide","Topical, general",46.8,ng/mg bdwt,Invalid units,264,1,,,,,,,,,,,,,,,,,,,,,
33089611,"N'-(2,4-Dimethylphenyl)-N-[[(2,4-dimethylphenyl)imino]methyl]-N-methylmethanimidanide","Topical, general",18.4,ng/mg bdwt,Invalid units,265,1,,,,,,,,,,,,,,,,,,,,,
33089611,"N'-(2,4-Dimethylphenyl)-N-[[(2,4-dimethylphenyl)imino]methyl]-N-methylmethanimidanide","Topical, general",33.7,ng/mg bdwt,Invalid units,266,1,,,,,,,,,,,,,,,,,,,,,
33089611,"N'-(2,4-Dimethylphenyl)-N-[[(2,4-dimethylphenyl)imino]methyl]-N-methylmethanimidanide","Topical, general",41.0,ng/mg bdwt,Invalid units,267,1,,,,,,,,,,,,,,,,,,,,,
33089611,"N'-(2,4-Dimethylphenyl)-N-[[(2,4-dimethylphenyl)imino]methyl]-N-methylmethanimidanide","Topical, general",60.6/,ng/mg bdwt,Invalid units,268,1,,,,,,,,,,,,,,,,,,,,,
33089611,"N'-(2,4-Dimethylphenyl)-N-[[(2,4-dimethylphenyl)imino]methyl]-N-methylmethanimidanide","Topical, general",25.3,ng/mg bdwt,Invalid units,269,1,,,,,,,,,,,,,,,,,,,,,
33089611,"N'-(2,4-Dimethylphenyl)-N-[[(2,4-dimethylphenyl)imino]methyl]-N-methylmethanimidanide","Topical, general",20.1,ng/mg bdwt,Invalid units,270,1,,,,,,,,,,,,,,,,,,,,,
33089611,"N'-(2,4-Dimethylphenyl)-N-[[(2,4-dimethylphenyl)imino]methyl]-N-methylmethanimidanide","Topical, general",20.0,ng/mg bdwt,Invalid units,271,1,,,,,,,,,,,,,,,,,,,,,
33089611,"N'-(2,4-Dimethylphenyl)-N-[[(2,4-dimethylphenyl)imino]methyl]-N-methylmethanimidanide","Topical, general",23.8,ng/mg bdwt,Invalid units,272,1,,,,,,,,,,,,,,,,,,,,,
33089611,"N'-(2,4-Dimethylphenyl)-N-[[(2,4-dimethylphenyl)imino]methyl]-N-methylmethanimidanide","Topical, general",19.5,ng/mg bdwt,Invalid units,273,1,,,,,,,,,,,,,,,,,,,,,
33089611,"N'-(2,4-Dimethylphenyl)-N-[[(2,4-dimethylphenyl)imino]methyl]-N-methylmethanimidanide","Topical, general",17.6,ng/mg bdwt,Invalid units,274,1,,,,,,,,,,,,,,,,,,,,,
35367385,"N-[[(4-Chlorophenyl)amino]carbonyl]-2,6-difluorobenzamide","Topical, general",1000,ng/ul,Invalid units,275,1,,,,,,,,,,,,,,,,,,,,,
39515418,"2,2,3,3-Tetramethylcyclopropanecarboxylic acid cyano(3-phenoxyphenyl)methyl ester","Topical, general",0.29,ng/ul,Invalid units,276,1,,,,,,,,,,,,,,,,,,,,,
40465665,N-(Phosphonomethyl)glycine ammonium salt (1:1),"Spray, unspecified",2.8380E32,AI ug/g bdwt,Invalid units,277,1,,,,,,,,,,,,,,,,,,,,,
51630581,4-Chloro-alpha-(1-methylethyl)benzeneacetic acid cyano(3-phenoxyphenyl)methyl ester,Dermal,6.273,ug/g org,Invalid units,278,1,,,,,,,,,,,,,,,,,,,,,
52315078,"3-(2,2-Dichloroethenyl)-2,2-dimethylcyclopropanecarboxylic acid cyano(3-phenoxyphenyl)methyl ester","Spray, unspecified",1.28,AI ug/g bdwt,Invalid units,279,1,,,,,,,,,,,,,,,,,,,,,
52315078,"3-(2,2-Dichloroethenyl)-2,2-dimethylcyclopropanecarboxylic acid cyano(3-phenoxyphenyl)methyl ester",Dermal,0.333,ug/g org,Invalid units,280,1,,,,,,,,,,,,,,,,,,,,,
52645531,"3-(2,2-Dichloroethenyl)-2,2-dimethylcyclopropanecarboxylic acid, (3-Phenoxyphenyl)methyl ester","Topical, general",0.173,AI ug/g bdwt,Invalid units,281,1,,,,,,,,,,,,,,,,,,,,,
52645531,"3-(2,2-Dichloroethenyl)-2,2-dimethylcyclopropanecarboxylic acid, (3-Phenoxyphenyl)methyl ester",Dermal,2.133,ug/g org,Invalid units,282,1,,,,,,,,,,,,,,,,,,,,,
52645531,"3-(2,2-Dichloroethenyl)-2,2-dimethylcyclopropanecarboxylic acid, (3-Phenoxyphenyl)methyl ester",Dermal,2.666,ug/g org,Invalid units,283,1,,,,,,,,,,,,,,,,,,,,,
52645531,"3-(2,2-Dichloroethenyl)-2,2-dimethylcyclopropanecarboxylic acid, (3-Phenoxyphenyl)methyl ester","Spray, unspecified",0.92,AI ug/g bdwt,Invalid units,284,1,,,,,,,,,,,,,,,,,,,,,
52918635,"(1R,3R)-3-(2,2-Dibromoethenyl)-2,2-dimethylcyclopropanecarboxylic acid (S)cyano(3-phenoxyphenyl)methyl ester","Environmental, unspecified",6.6,AI ug/ml,Invalid units,285,1,,,,,,,,,,,,,,,,,,,,,
52918635,"(1R,3R)-3-(2,2-Dibromoethenyl)-2,2-dimethylcyclopropanecarboxylic acid (S)cyano(3-phenoxyphenyl)methyl ester",Dermal,0.186,ug/g org,Invalid units,286,1,,,,,,,,,,,,,,,,,,,,,
55285148,"N-[(Dibutylamino)thio]-N-methylcarbamic acid 2,3-dihydro-2,2-dimethyl-7-benzofuranyl ester",Dermal,1.3,AI mg/L,Invalid units,287,1,,,,,,,,,,,,,,,,,,,,,
59669260,"N,N'-[Thiobis[(methylimino)carbonyloxy]]bisethanimidothioic acid dimethyl ester","Spray, unspecified",7.60,AI ug/g bdwt,Invalid units,288,1,,,,,,,,,,,,,,,,,,,,,
60207901,"1-[[2-(2,4-Dichlorophenyl)-4-propyl-1,3-dioxolan-2-yl]methyl]-1H-1,2,4-triazole",Food,13.5,ae ug/org/d,Invalid units,289,1,,,,,,,,,,,,,,,,,,,,,
66230044,(alphaS)-4-Chloro-alpha-(1-methylethyl)benzeneacetic acid (S)-cyano-(3-phenoxyphenyl)methyl ester,"Spray, unspecified",1.59,AI ug/g bdwt,Invalid units,290,1,,,,,,,,,,,,,,,,,,,,,
68359375,"3-(2,2-Dichloroethenyl)-2,2-dimethyl cyclopropanecarboxylic acid cyano(4-fluoro-3-phenoxyphenyl)methyl ester","Spray, unspecified",0.50,AI ug/g bdwt,Invalid units,291,1,,,,,,,,,,,,,,,,,,,,,
68359375,"3-(2,2-Dichloroethenyl)-2,2-dimethyl cyclopropanecarboxylic acid cyano(4-fluoro-3-phenoxyphenyl)methyl ester","Spray, unspecified",0.57,AI ug/g bdwt,Invalid units,292,1,,,,,,,,,,,,,,,,,,,,,
71751412,Avermectin B1,"Spray, unspecified",0.02,AI ug/g bdwt,Invalid units,293,1,,,,,,,,,,,,,,,,,,,,,
71751412,Avermectin B1,"Environmental, unspecified",15.4,AI ug/ml,Invalid units,294,1,,,,,,,,,,,,,,,,,,,,,
74115245,"3,6-Bis(2-chlorophenyl)-1,2,4,5-tetrazine","Topical, general",2.5,AI ug,Invalid units,295,1,,,,,,,,,,,,,,,,,,,,,
76703623,"(1R,3R)-3-(2-Chloro-3,3,3-trifluoro-1-propenyl)-2,2-dimethylcyclopropanecarboxylic acid (S)-cyano(3-phenoxyphenyl)methyl ester","Spray, unspecified",1.04,AI ug/g bdwt,Invalid units,296,1,,,,,,,,,,,,,,,,,,,,,
81406373,"2-[(4-Amino-3,5-dichloro-6-fluoro-2-pyridinyl)oxy]acetic acid 1-methylheptyl ester",Food,51.2,ae ug/org,Invalid units,297,1,,,,,,,,,,,,,,,,,,,,,
82657043,"(1R,3R)-rel-3-[(1Z)-2-Chloro-3,3,3-trifluoro-1-propen-1-yl]-2,2-dimethylcyclopropanecarboxylic acid (2-methyl[1,1'-biphenyl]-3-yl)methyl ester","Topical, general",0.034,ug/ul,Invalid units,298,1,,,,,,,,,,,,,,,,,,,,,
82657043,"(1R,3R)-rel-3-[(1Z)-2-Chloro-3,3,3-trifluoro-1-propen-1-yl]-2,2-dimethylcyclopropanecarboxylic acid (2-methyl[1,1'-biphenyl]-3-yl)methyl ester","Spray, unspecified",0.82,AI ug/g bdwt,Invalid units,299,1,,,,,,,,,,,,,,,,,,,,,
91465086,"3-[(1Z)-2-Chloro-3,3,3-trifluoro-1-propen-1-yl]-2,2-dimethylcyclopropanecarboxylic acid (1S,3S)-rel-(R)-cyano(3-phenoxyphenyl)methyl ester","Spray, unspecified",1.65,AI ug/g bdwt,Invalid units,300,1,,,,,,,,,,,,,,,,,,,,,
102851069,N-[2-Chloro-4-(trifluoromethyl)phenyl]-D-valine cyano(3-phenoxyphenyl)methyl ester,"Topical, general",586,ug/g org,Invalid units,301,1,,,,,,,,,,,,,,,,,,,,,
102851069,N-[2-Chloro-4-(trifluoromethyl)phenyl]-D-valine cyano(3-phenoxyphenyl)methyl ester,"Topical, general",188,ug/g org,Invalid units,302,1,,,,,,,,,,,,,,,,,,,,,
102851069,N-[2-Chloro-4-(trifluoromethyl)phenyl]-D-valine cyano(3-phenoxyphenyl)methyl ester,Multiple routes between application groups,1000,mg,Invalid units,303,1,,,,,,,,,,,,,,,,,,,,,
102851069,N-[2-Chloro-4-(trifluoromethyl)phenyl]-D-valine cyano(3-phenoxyphenyl)methyl ester,Food,9.20,mg/ml diet,Invalid units,304,1,,,,,,,,,,,,,,,,,,,,,
102851069,N-[2-Chloro-4-(trifluoromethyl)phenyl]-D-valine cyano(3-phenoxyphenyl)methyl ester,Multiple routes between application groups,NR,mg,Invalid units,305,1,,,,,,,,,,,,,,,,,,,,,
102851069,N-[2-Chloro-4-(trifluoromethyl)phenyl]-D-valine cyano(3-phenoxyphenyl)methyl ester,Multiple routes between application groups,NR,mg,Invalid units,306,1,,,,,,,,,,,,,,,,,,,,,
111988499,[N(Z)]-N-[3-[(6-Chloro-3-pyridinyl)methyl]-2-thiazolidinylidene]cyanamide,"Spray, unspecified",33.105,ul/org,Invalid units,307,1,,,,,,,,,,,,,,,,,,,,,
111988499,[N(Z)]-N-[3-[(6-Chloro-3-pyridinyl)methyl]-2-thiazolidinylidene]cyanamide,"Spray, unspecified",6.109,ul/org,Invalid units,308,1,,,,,,,,,,,,,,,,,,,,,
112281773,"1-[2-(2,4-Dichlorophenyl)-3-(1,1,2,2-tetrafluoroethoxy)propyl]-1H-1,2,4-triazole","Spray, unspecified",20.94,AI ug/g bdwt,Invalid units,309,1,,,,,,,,,,,,,,,,,,,,,
116475128,"Cyclopropanecarboxylic acid, 3-(2,2-Dichloroethenyl)-2,2-dimethylcyano(4-fluoro-3-phenoxyphenyl)methyl ester mixt. with 1-[(6-chloro-3-pyridinyl)methyl]-N-nitro-2-imidizolidinimide","Spray, unspecified",0.56,AI ug/g bdwt,Invalid units,310,1,,,,,,,,,,,,,,,,,,,,,
116714466,"N-[[[3-Chloro-4-[1,1,2-trifluoro-2-(trifluoromethoxy)ethoxy]phenyl]amino]carbonyl]-2,6-difluorobenzamide","Spray, unspecified",47262.11,AI ug/g bdwt,Invalid units,311,1,,,,,,,,,,,,,,,,,,,,,
120068373,"5-Amino-1-[2,6-dichloro-4-(trifluoromethyl)phenyl]-4-[(trifluoromethyl)sulfinyl]-1H-pyrazole-3-carbonitrile",Dermal,0.103/,ug/g bdwt,Invalid units,312,1,,,,,,,,,,,,,,,,,,,,,
134098616,"4-[[[(E)-[(1,3-Dimethyl-5-phenoxy-1H-pyrazol-4-yl)methylene]amino]oxy]methyl]benzoic acid, 1,1-Dimethylethyl ester","Spray, unspecified",9.23,AI ug/g bdwt,Invalid units,313,1,,,,,,,,,,,,,,,,,,,,,
134098616,"4-[[[(E)-[(1,3-Dimethyl-5-phenoxy-1H-pyrazol-4-yl)methylene]amino]oxy]methyl]benzoic acid, 1,1-Dimethylethyl ester","Topical, general",1620,ug/g org,Invalid units,314,1,,,,,,,,,,,,,,,,,,,,,
134098616,"4-[[[(E)-[(1,3-Dimethyl-5-phenoxy-1H-pyrazol-4-yl)methylene]amino]oxy]methyl]benzoic acid, 1,1-Dimethylethyl ester","Topical, general",30.0,ug/g org,Invalid units,315,1,,,,,,,,,,,,,,,,,,,,,
134098616,"4-[[[(E)-[(1,3-Dimethyl-5-phenoxy-1H-pyrazol-4-yl)methylene]amino]oxy]methyl]benzoic acid, 1,1-Dimethylethyl ester","Topical, general",39.9,ug/g org,Invalid units,316,1,,,,,,,,,,,,,,,,,,,,,
135410207,(1E)-N-[(6-Chloro-3-pyridinyl)methyl]-N'-cyano-N-methylethanimidamide,"Spray, unspecified",2214.80,AI ug/g bdwt,Invalid units,317,1,,,,,,,,,,,,,,,,,,,,,
135410207,(1E)-N-[(6-Chloro-3-pyridinyl)methyl]-N'-cyano-N-methylethanimidamide,"Spray, unspecified",531.55,ul/org,Invalid units,318,1,,,,,,,,,,,,,,,,,,,,,
135410207,(1E)-N-[(6-Chloro-3-pyridinyl)methyl]-N'-cyano-N-methylethanimidamide,"Spray, unspecified",2367.07,ul/org,Invalid units,319,1,,,,,,,,,,,,,,,,,,,,,
138261413,(2E)-1-[(6-Chloro-3-pyridinyl)methyl]-N-nitro-2-imidazolidinimine,"Topical, general",0.53,ng/ul,Invalid units,320,1,,,,,,,,,,,,,,,,,,,,,
138261413,(2E)-1-[(6-Chloro-3-pyridinyl)methyl]-N-nitro-2-imidazolidinimine,"Spray, unspecified",1.49,AI ug/g bdwt,Invalid units,321,1,,,,,,,,,,,,,,,,,,,,,
138261413,(2E)-1-[(6-Chloro-3-pyridinyl)methyl]-N-nitro-2-imidazolidinimine,"Spray, unspecified",1.79,ul/org,Invalid units,322,1,,,,,,,,,,,,,,,,,,,,,
138261413,(2E)-1-[(6-Chloro-3-pyridinyl)methyl]-N-nitro-2-imidazolidinimine,"Spray, unspecified",0.82,ul/org,Invalid units,323,1,,,,,,,,,,,,,,,,,,,,,
138261413,(2E)-1-[(6-Chloro-3-pyridinyl)methyl]-N-nitro-2-imidazolidinimine,"Diet, unspecified",0.109,ul/org,Invalid units,324,1,,,,,,,,,,,,,,,,,,,,,
138261413,(2E)-1-[(6-Chloro-3-pyridinyl)methyl]-N-nitro-2-imidazolidinimine,"Diet, unspecified",0,ul/org,Invalid units,325,1,,,,,,,,,,,,,,,,,,,,,
138261413,(2E)-1-[(6-Chloro-3-pyridinyl)methyl]-N-nitro-2-imidazolidinimine,Food,0.4,mg/L,Invalid units,326,1,,,,,,,,,,,,,,,,,,,,,
153233911,"2-(2,6-Difluorophenyl)-4-[4-(1,1-dimethylethyl)-2-ethoxyphenyl]-4,5-dihydrooxazole","Spray, unspecified",11761.69,AI ug/g bdwt,Invalid units,327,1,,,,,,,,,,,,,,,,,,,,,
153719234,"3-[(2-Chloro-5-thiazolyl)methyl]tetrahydro-5-methyl-N-nitro-4H-1,3,5-oxadiazin-4-imine","Diet, unspecified",0.01,ul/org,Invalid units,328,1,,,,,,,,,,,,,,,,,,,,,
153719234,"3-[(2-Chloro-5-thiazolyl)methyl]tetrahydro-5-methyl-N-nitro-4H-1,3,5-oxadiazin-4-imine","Diet, unspecified",0.005,ul/org,Invalid units,329,1,,,,,,,,,,,,,,,,,,,,,
153719234,"3-[(2-Chloro-5-thiazolyl)methyl]tetrahydro-5-methyl-N-nitro-4H-1,3,5-oxadiazin-4-imine","Spray, unspecified",0.32,AI ug/g bdwt,Invalid units,330,1,,,,,,,,,,,,,,,,,,,,,
153719234,"3-[(2-Chloro-5-thiazolyl)methyl]tetrahydro-5-methyl-N-nitro-4H-1,3,5-oxadiazin-4-imine","Spray, unspecified",0.019,ul/org,Invalid units,331,1,,,,,,,,,,,,,,,,,,,,,
153719234,"3-[(2-Chloro-5-thiazolyl)methyl]tetrahydro-5-methyl-N-nitro-4H-1,3,5-oxadiazin-4-imine","Spray, unspecified",0.034,ul/org,Invalid units,332,1,,,,,,,,,,,,,,,,,,,,,
153719234,"3-[(2-Chloro-5-thiazolyl)methyl]tetrahydro-5-methyl-N-nitro-4H-1,3,5-oxadiazin-4-imine","Environmental, unspecified",6.03,AI ppm,Invalid units,333,1,,,,,,,,,,,,,,,,,,,,,
153719234,"3-[(2-Chloro-5-thiazolyl)methyl]tetrahydro-5-methyl-N-nitro-4H-1,3,5-oxadiazin-4-imine","Environmental, unspecified",4.17,AI ppm,Invalid units,334,1,,,,,,,,,,,,,,,,,,,,,
153719234,"3-[(2-Chloro-5-thiazolyl)methyl]tetrahydro-5-methyl-N-nitro-4H-1,3,5-oxadiazin-4-imine","Environmental, unspecified",4.61,AI ppm,Invalid units,335,1,,,,,,,,,,,,,,,,,,,,,
153719234,"3-[(2-Chloro-5-thiazolyl)methyl]tetrahydro-5-methyl-N-nitro-4H-1,3,5-oxadiazin-4-imine","Environmental, unspecified",3.53,AI ppm,Invalid units,336,1,,,,,,,,,,,,,,,,,,,,,
153719234,"3-[(2-Chloro-5-thiazolyl)methyl]tetrahydro-5-methyl-N-nitro-4H-1,3,5-oxadiazin-4-imine","Environmental, unspecified",5.36,AI ppm,Invalid units,337,1,,,,,,,,,,,,,,,,,,,,,
153719234,"3-[(2-Chloro-5-thiazolyl)methyl]tetrahydro-5-methyl-N-nitro-4H-1,3,5-oxadiazin-4-imine","Environmental, unspecified",2.75,AI ppm,Invalid units,338,1,,,,,,,,,,,,,,,,,,,,,
153719234,"3-[(2-Chloro-5-thiazolyl)methyl]tetrahydro-5-methyl-N-nitro-4H-1,3,5-oxadiazin-4-imine","Environmental, unspecified",5.30,AI ppm,Invalid units,339,1,,,,,,,,,,,,,,,,,,,,,
153719234,"3-[(2-Chloro-5-thiazolyl)methyl]tetrahydro-5-methyl-N-nitro-4H-1,3,5-oxadiazin-4-imine","Environmental, unspecified",5.27,AI ppm,Invalid units,340,1,,,,,,,,,,,,,,,,,,,,,
153719234,"3-[(2-Chloro-5-thiazolyl)methyl]tetrahydro-5-methyl-N-nitro-4H-1,3,5-oxadiazin-4-imine","Environmental, unspecified",5.27,AI ppm,Invalid units,341,1,,,,,,,,,,,,,,,,,,,,,
153719234,"3-[(2-Chloro-5-thiazolyl)methyl]tetrahydro-5-methyl-N-nitro-4H-1,3,5-oxadiazin-4-imine","Environmental, unspecified",3.75,AI ppm,Invalid units,342,1,,,,,,,,,,,,,,,,,,,,,
153719234,"3-[(2-Chloro-5-thiazolyl)methyl]tetrahydro-5-methyl-N-nitro-4H-1,3,5-oxadiazin-4-imine","Environmental, unspecified",4.44,AI ppm,Invalid units,343,1,,,,,,,,,,,,,,,,,,,,,
153719234,"3-[(2-Chloro-5-thiazolyl)methyl]tetrahydro-5-methyl-N-nitro-4H-1,3,5-oxadiazin-4-imine","Environmental, unspecified",3.11,AI ppm,Invalid units,344,1,,,,,,,,,,,,,,,,,,,,,
153719234,"3-[(2-Chloro-5-thiazolyl)methyl]tetrahydro-5-methyl-N-nitro-4H-1,3,5-oxadiazin-4-imine","Environmental, unspecified",3.38,AI ppm,Invalid units,345,1,,,,,,,,,,,,,,,,,,,,,
153719234,"3-[(2-Chloro-5-thiazolyl)methyl]tetrahydro-5-methyl-N-nitro-4H-1,3,5-oxadiazin-4-imine","Environmental, unspecified",3.09,AI ppm,Invalid units,346,1,,,,,,,,,,,,,,,,,,,,,
153719234,"3-[(2-Chloro-5-thiazolyl)methyl]tetrahydro-5-methyl-N-nitro-4H-1,3,5-oxadiazin-4-imine","Environmental, unspecified",3.31,AI ppm,Invalid units,347,1,,,,,,,,,,,,,,,,,,,,,
155569918,(4''R)-4''-Deoxy-4''-(methylamino)avermectin B1 benzoate (1:1),"Spray, unspecified",0.02,AI ug/g bdwt,Invalid units,348,1,,,,,,,,,,,,,,,,,,,,,
158062670,N-(Cyanomethyl)-4-(trifluoromethyl)-3-pyridinecarboxamide,Food,60.5,ae ug/org,Invalid units,349,1,,,,,,,,,,,,,,,,,,,,,
158062670,N-(Cyanomethyl)-4-(trifluoromethyl)-3-pyridinecarboxamide,"Spray, unspecified",6149.35,AI ug/g bdwt,Invalid units,350,1,,,,,,,,,,,,,,,,,,,,,
165252700,N''-Methyl-N-nitro-N'-[(tetrahydro-3-furanyl)methyl]guanidine,"Spray, unspecified",0.14,ul/org,Invalid units,351,1,,,,,,,,,,,,,,,,,,,,,
165252700,N''-Methyl-N-nitro-N'-[(tetrahydro-3-furanyl)methyl]guanidine,"Spray, unspecified",0.138,ul/org,Invalid units,352,1,,,,,,,,,,,,,,,,,,,,,
165252700,N''-Methyl-N-nitro-N'-[(tetrahydro-3-furanyl)methyl]guanidine,"Diet, unspecified",0,ul/org,Invalid units,353,1,,,,,,,,,,,,,,,,,,,,,
165252700,N''-Methyl-N-nitro-N'-[(tetrahydro-3-furanyl)methyl]guanidine,"Diet, unspecified",0,ul/org,Invalid units,354,1,,,,,,,,,,,,,,,,,,,,,
165252700,N''-Methyl-N-nitro-N'-[(tetrahydro-3-furanyl)methyl]guanidine,"Environmental, unspecified",1.29,AI mg/L,Invalid units,355,1,,,,,,,,,,,,,,,,,,,,,
168316958,Spinosad,"Spray, unspecified",1.68,AI ug/g bdwt,Invalid units,356,1,,,,,,,,,,,,,,,,,,,,,
173584446,"(4aS)-7-Chloro-2,5-dihydro-2-[[(methoxycarbonyl)[4-(trifluoromethoxy)phenyl]amino]carbonyl]indeno[1,2-e][1,3,4]oxadiazine-4a(3H)-carboxylic acid methyl ester","Spray, unspecified",2.15,AI ug/g bdwt,Invalid units,357,1,,,,,,,,,,,,,,,,,,,,,
210880925,[C(E)]-N-[(2-Chloro-5-thiazolyl)methyl]-N'-methyl-N''-nitroguanidine,Food,3.25,ng/mg bdwt,Invalid units,358,1,,,,,,,,,,,,,,,,,,,,,
210880925,[C(E)]-N-[(2-Chloro-5-thiazolyl)methyl]-N'-methyl-N''-nitroguanidine,Food,2.608,AI ppm diet,Invalid units,359,1,,,,,,,,,,,,,,,,,,,,,
210880925,[C(E)]-N-[(2-Chloro-5-thiazolyl)methyl]-N'-methyl-N''-nitroguanidine,Food,2.844,AI ppm diet,Invalid units,360,1,,,,,,,,,,,,,,,,,,,,,
210880925,[C(E)]-N-[(2-Chloro-5-thiazolyl)methyl]-N'-methyl-N''-nitroguanidine,Food,2.689,AI ppm diet,Invalid units,361,1,,,,,,,,,,,,,,,,,,,,,
210880925,[C(E)]-N-[(2-Chloro-5-thiazolyl)methyl]-N'-methyl-N''-nitroguanidine,"Diet, unspecified",0,ul/org,Invalid units,362,1,,,,,,,,,,,,,,,,,,,,,
210880925,[C(E)]-N-[(2-Chloro-5-thiazolyl)methyl]-N'-methyl-N''-nitroguanidine,"Diet, unspecified",0.003,ul/org,Invalid units,363,1,,,,,,,,,,,,,,,,,,,,,
210880925,[C(E)]-N-[(2-Chloro-5-thiazolyl)methyl]-N'-methyl-N''-nitroguanidine,"Spray, unspecified",0.05,ul/org,Invalid units,364,1,,,,,,,,,,,,,,,,,,,,,
210880925,[C(E)]-N-[(2-Chloro-5-thiazolyl)methyl]-N'-methyl-N''-nitroguanidine,"Spray, unspecified",0.022,ul/org,Invalid units,365,1,,,,,,,,,,,,,,,,,,,,,
210880925,[C(E)]-N-[(2-Chloro-5-thiazolyl)methyl]-N'-methyl-N''-nitroguanidine,"Spray, unspecified",0.20,AI ug/g bdwt,Invalid units,366,1,,,,,,,,,,,,,,,,,,,,,
210880925,[C(E)]-N-[(2-Chloro-5-thiazolyl)methyl]-N'-methyl-N''-nitroguanidine,Food,0.000182,mg/mg bdwt,Invalid units,367,1,,,,,,,,,,,,,,,,,,,,,
210880925,[C(E)]-N-[(2-Chloro-5-thiazolyl)methyl]-N'-methyl-N''-nitroguanidine,Food,0.000193,mg/mg bdwt,Invalid units,368,1,,,,,,,,,,,,,,,,,,,,,
210880925,[C(E)]-N-[(2-Chloro-5-thiazolyl)methyl]-N'-methyl-N''-nitroguanidine,Food,0.000146,mg/mg bdwt,Invalid units,369,1,,,,,,,,,,,,,,,,,,,,,
210880925,[C(E)]-N-[(2-Chloro-5-thiazolyl)methyl]-N'-methyl-N''-nitroguanidine,Food,1.20,ng/mg bdwt,Invalid units,370,1,,,,,,,,,,,,,,,,,,,,,
210880925,[C(E)]-N-[(2-Chloro-5-thiazolyl)methyl]-N'-methyl-N''-nitroguanidine,Food,2.78,ng/mg bdwt,Invalid units,371,1,,,,,,,,,,,,,,,,,,,,,
210880925,[C(E)]-N-[(2-Chloro-5-thiazolyl)methyl]-N'-methyl-N''-nitroguanidine,Food,2.59,ng/mg bdwt,Invalid units,372,1,,,,,,,,,,,,,,,,,,,,,
210880925,[C(E)]-N-[(2-Chloro-5-thiazolyl)methyl]-N'-methyl-N''-nitroguanidine,Food,2.62,ng/mg bdwt,Invalid units,373,1,,,,,,,,,,,,,,,,,,,,,
210880925,[C(E)]-N-[(2-Chloro-5-thiazolyl)methyl]-N'-methyl-N''-nitroguanidine,Food,0.07,ng/mg bdwt,Invalid units,374,1,,,,,,,,,,,,,,,,,,,,,
210880925,[C(E)]-N-[(2-Chloro-5-thiazolyl)methyl]-N'-methyl-N''-nitroguanidine,Food,0.81,ng/mg bdwt,Invalid units,375,1,,,,,,,,,,,,,,,,,,,,,
210880925,[C(E)]-N-[(2-Chloro-5-thiazolyl)methyl]-N'-methyl-N''-nitroguanidine,Food,1.60,ng/mg bdwt,Invalid units,376,1,,,,,,,,,,,,,,,,,,,,,
210880925,[C(E)]-N-[(2-Chloro-5-thiazolyl)methyl]-N'-methyl-N''-nitroguanidine,Food,1.12,ng/mg bdwt,Invalid units,377,1,,,,,,,,,,,,,,,,,,,,,
210880925,[C(E)]-N-[(2-Chloro-5-thiazolyl)methyl]-N'-methyl-N''-nitroguanidine,Food,1.39,ng/mg bdwt,Invalid units,378,1,,,,,,,,,,,,,,,,,,,,,
210880925,[C(E)]-N-[(2-Chloro-5-thiazolyl)methyl]-N'-methyl-N''-nitroguanidine,Food,2.19,ng/mg bdwt,Invalid units,379,1,,,,,,,,,,,,,,,,,,,,,
210880925,[C(E)]-N-[(2-Chloro-5-thiazolyl)methyl]-N'-methyl-N''-nitroguanidine,Food,1.97,ng/mg bdwt,Invalid units,380,1,,,,,,,,,,,,,,,,,,,,,
210880925,[C(E)]-N-[(2-Chloro-5-thiazolyl)methyl]-N'-methyl-N''-nitroguanidine,"Environmental, unspecified",4.53,AI ppm,Invalid units,381,1,,,,,,,,,,,,,,,,,,,,,
210880925,[C(E)]-N-[(2-Chloro-5-thiazolyl)methyl]-N'-methyl-N''-nitroguanidine,"Environmental, unspecified",3.12,AI ppm,Invalid units,382,1,,,,,,,,,,,,,,,,,,,,,
210880925,[C(E)]-N-[(2-Chloro-5-thiazolyl)methyl]-N'-methyl-N''-nitroguanidine,"Environmental, unspecified",2.96,AI ppm,Invalid units,383,1,,,,,,,,,,,,,,,,,,,,,
210880925,[C(E)]-N-[(2-Chloro-5-thiazolyl)methyl]-N'-methyl-N''-nitroguanidine,"Environmental, unspecified",4.71,AI ppm,Invalid units,384,1,,,,,,,,,,,,,,,,,,,,,
210880925,[C(E)]-N-[(2-Chloro-5-thiazolyl)methyl]-N'-methyl-N''-nitroguanidine,"Environmental, unspecified",4.29,AI ppm,Invalid units,385,1,,,,,,,,,,,,,,,,,,,,,
210880925,[C(E)]-N-[(2-Chloro-5-thiazolyl)methyl]-N'-methyl-N''-nitroguanidine,"Environmental, unspecified",4.64,AI ppm,Invalid units,386,1,,,,,,,,,,,,,,,,,,,,,
210880925,[C(E)]-N-[(2-Chloro-5-thiazolyl)methyl]-N'-methyl-N''-nitroguanidine,Food,21.49,AI ng/g bdwt,Invalid units,387,1,,,,,,,,,,,,,,,,,,,,,
210880925,[C(E)]-N-[(2-Chloro-5-thiazolyl)methyl]-N'-methyl-N''-nitroguanidine,Food,19.08,AI ng/g bdwt,Invalid units,388,1,,,,,,,,,,,,,,,,,,,,,
210880925,[C(E)]-N-[(2-Chloro-5-thiazolyl)methyl]-N'-methyl-N''-nitroguanidine,"Environmental, unspecified",4.08,AI ppm,Invalid units,389,1,,,,,,,,,,,,,,,,,,,,,
210880925,[C(E)]-N-[(2-Chloro-5-thiazolyl)methyl]-N'-methyl-N''-nitroguanidine,"Environmental, unspecified",3.03,AI ppm,Invalid units,390,1,,,,,,,,,,,,,,,,,,,,,
210880925,[C(E)]-N-[(2-Chloro-5-thiazolyl)methyl]-N'-methyl-N''-nitroguanidine,"Environmental, unspecified",3.28,AI ppm,Invalid units,391,1,,,,,,,,,,,,,,,,,,,,,
272451657,"N2-[1,1-Dimethyl-2-(methylsulfonyl)ethyl]-3-iodo-N1-[2-methyl-4-[1,2,2,2-tetrafluoro-1-(trifluoromethyl)ethyl]phenyl]-1,2-benzenedicarboxamide","Spray, unspecified",2928194.66,AI ug/g bdwt,Invalid units,392,1,,,,,,,,,,,,,,,,,,,,,
283594901,"3,3-Dimethylbutanoic acid 2-oxo-3-(2,4,6-trimethylphenyl)-1-oaxspiro[4.4]non-3-en-4-yl ester","Spray, unspecified",80076000000000000,AI ug/g bdwt,Invalid units,393,1,,,,,,,,,,,,,,,,,,,,,
396653002,"Avermectin B1 mixt. with rel-(2-methyl[1,1'-biphenyl]-3-yl)methyl (1R,3R)-3-[(1Z)-2-chloro-3,3,3-trifluoro-1-propen-1-yl]-2,2-dimethylcyclopropanecarboxylate","Spray, unspecified",0.22,AI ug/g bdwt,Invalid units,394,1,,,,,,,,,,,,,,,,,,,,,
500008457,3-Bromo-N-[4-chloro-2-methyl-6-[(methylamino)carbonyl]phenyl]-1-(3-chloro-2-pyridinyl)-1H-pyrazole-5-carboxamide,"Spray, unspecified",184370000000000,AI ug/g bdwt,Invalid units,395,1,,,,,,,,,,,,,,,,,,,,,
873330199,"(1S,3S)-rel-3-[(1Z)-2-Chloro-3,3,3-trifluoro-1-propen-1-yl]-2,2-dimethyl-(R)-cyano(3-phenoxyphenyl)methyl ester cyclopropanecarboxylic acid mixt. with 3-bromo-N-[4-chloro-2-methyl-6-[(methylamino)carbonyl]phenyl]-1-(3-chloro-2-pyridinyl)-1H-pyrazole-5-carboxamide","Spray, unspecified",2.40,AI ug/g bdwt,Invalid units,396,1,,,,,,,,,,,,,,,,,,,,,
921202144,"(1S,3S)-rel-3-[(1Z)-2-Chloro-3,3,3-trifluoro-1-propen-1-yl]-2,2-dimethylcyclopropanecarboxylic acid (R)-cyano(3-phenoxyphenyl)methyl ester mixt. with 3-[(2-chloro-5-thiazolyl)methyl]tetrahydro-5-methyl-N-nitro-4H-1,3,5-oxadiazin-4-imine","Spray, unspecified",0.17,AI ug/g bdwt,Invalid units,397,1,,,,,,,,,,,,,,,,,,,,,
935545747,Spinetoram,"Topical, general",0.11,ng/ul,Invalid units,398,1,,,,,,,,,,,,,,,,,,,,,
943012360,"(1R,3R)-rel-3-[(1Z)-2-Chloro-3,3,3-trifluoro-1-propen-1-yl]-2,2-dimethylcyclopropanecarboxylic acid (2-methyl[1,1'-biphenyl]-3-yl)methyl ester mixt. with cyano(3-phenoxyphenyl)methyl 3-(2,2-dichloroethenyl)-2,2-dimethylcyclopropanecarboxylate","Spray, unspecified",0.71,AI ug/g bdwt,Invalid units,399,1,,,,,,,,,,,,,,,,,,,,,
946578003,N-[Methyloxido[1-[6-(trifluoromethyl)-3-pyridinyl]ethyl]-lambda4-sulfanylidene]cyanamide,"Spray, unspecified",1.45,AI ug/g bdwt,Invalid units,400,1,,,,,,,,,,,,,,,,,,,,,
1048373723,"2-Hydroxy-N,N,N-trimethylethan-1-aminium (2,4-dichlorophenoxy)acetate",Dermal,89.4,ae ug/org,Invalid units,401,1,,,,,,,,,,,,,,,,,,,,,
1048373723,"2-Hydroxy-N,N,N-trimethylethan-1-aminium (2,4-dichlorophenoxy)acetate",Food,62.6,ae ug/org,Invalid units,402,1,,,,,,,,,,,,,,,,,,,,,
1315501188,"3-(2,2-Dichloroethenyl)-2,2-dimethylcyclopropanecarboxylic acid (S)-cyano(3-phenoxyphenyl)methyl ester","Spray, unspecified",0.17,AI ug/g bdwt,Invalid units,403,1,,,,,,,,,,,,,,,,,,,,,
1402570380,"3-Methoxy-2-methyl-2-(3,5-dimethylbenzoyl)-2-(1,1-dimethylethyl)hydrazide benzoic acid mixt. with spinetoram","Spray, unspecified",2.54,AI ug/g bdwt,Invalid units,404,1,,,,,,,,,,,,,,,,,,,,,
63252,1-Naphthalenol methylcarbamate,"Topical, general",NR,ug/org,Unknown observed response mean,407,2,,,,,,,,,,,,,,,,,,,,,
63252,1-Naphthalenol methylcarbamate,"Topical, general",NR,ug/org,Unknown observed response mean,408,2,,,,,,,,,,,,,,,,,,,,,
63252,1-Naphthalenol methylcarbamate,"Topical, general",NR,ug/org,Unknown observed response mean,409,2,,,,,,,,,,,,,,,,,,,,,
63252,1-Naphthalenol methylcarbamate,"Topical, general",NR,ug/org,Unknown observed response mean,410,2,,,,,,,,,,,,,,,,,,,,,
63252,1-Naphthalenol methylcarbamate,"Topical, general",NR,ug/org,Unknown observed response mean,411,2,,,,,,,,,,,,,,,,,,,,,
93652,2-(4-Chloro-2-methylphenoxy)propanoic acid,Food,NR,ug/bee,Unknown observed response mean,412,2,,,,,,,,,,,,,,,,,,,,,
93652,2-(4-Chloro-2-methylphenoxy)propanoic acid,Food,NR,ug/bee,Unknown observed response mean,413,2,,,,,,,,,,,,,,,,,,,,,
94757,"2-(2,4-Dichlorophenoxy)acetic acid",Food,NR,ug/bee,Unknown observed response mean,414,2,,,,,,,,,,,,,,,,,,,,,
94757,"2-(2,4-Dichlorophenoxy)acetic acid",Food,NR,ug/bee,Unknown observed response mean,415,2,,,,,,,,,,,,,,,,,,,,,
114261,"2-(1-Methylethoxy)phenol, 1-(N-Methylcarbamate)","Topical, general",NR,ug/org,Unknown observed response mean,416,2,,,,,,,,,,,,,,,,,,,,,
114261,"2-(1-Methylethoxy)phenol, 1-(N-Methylcarbamate)","Topical, general",NR,ug/org,Unknown observed response mean,417,2,,,,,,,,,,,,,,,,,,,,,
114261,"2-(1-Methylethoxy)phenol, 1-(N-Methylcarbamate)","Topical, general",NR,ug/org,Unknown observed response mean,418,2,,,,,,,,,,,,,,,,,,,,,
114261,"2-(1-Methylethoxy)phenol, 1-(N-Methylcarbamate)","Topical, general",NR,ug/org,Unknown observed response mean,419,2,,,,,,,,,,,,,,,,,,,,,
114261,"2-(1-Methylethoxy)phenol, 1-(N-Methylcarbamate)","Topical, general",NR,ug/org,Unknown observed response mean,420,2,,,,,,,,,,,,,,,,,,,,,
114261,"2-(1-Methylethoxy)phenol, 1-(N-Methylcarbamate)","Topical, general",NR,ug/org,Unknown observed response mean,421,2,,,,,,,,,,,,,,,,,,,,,
309002,"(1R,4S,4aS,5S,8R,8aR)-rel-1,2,3,4,10,10-Hexachloro-1,4,4a,5,8,8a-hexahydro-1,4:5,8-dimethanonaphthalene","Topical, general",NR,ug/org,Unknown observed response mean,422,2,,,,,,,,,,,,,,,,,,,,,
309002,"(1R,4S,4aS,5S,8R,8aR)-rel-1,2,3,4,10,10-Hexachloro-1,4,4a,5,8,8a-hexahydro-1,4:5,8-dimethanonaphthalene","Topical, general",NR,ug/org,Unknown observed response mean,423,2,,,,,,,,,,,,,,,,,,,,,
309002,"(1R,4S,4aS,5S,8R,8aR)-rel-1,2,3,4,10,10-Hexachloro-1,4,4a,5,8,8a-hexahydro-1,4:5,8-dimethanonaphthalene","Topical, general",NR,ug/org,Unknown observed response mean,424,2,,,,,,,,,,,,,,,,,,,,,
333415,"O,O-Diethyl O-[6-methyl-2-(1-methylethyl)-4-pyrimidinyl] ester phosphorothioic acid","Topical, general",NR,ug/org,Unknown observed response mean,425,2,,,,,,,,,,,,,,,,,,,,,
333415,"O,O-Diethyl O-[6-methyl-2-(1-methylethyl)-4-pyrimidinyl] ester phosphorothioic acid","Topical, general",NR,ug/org,Unknown observed response mean,426,2,,,,,,,,,,,,,,,,,,,,,
333415,"O,O-Diethyl O-[6-methyl-2-(1-methylethyl)-4-pyrimidinyl] ester phosphorothioic acid","Topical, general",NR,ug/org,Unknown observed response mean,427,2,,,,,,,,,,,,,,,,,,,,,
333415,"O,O-Diethyl O-[6-methyl-2-(1-methylethyl)-4-pyrimidinyl] ester phosphorothioic acid","Topical, general",NR,ug/org,Unknown observed response mean,428,2,,,,,,,,,,,,,,,,,,,,,
333415,"O,O-Diethyl O-[6-methyl-2-(1-methylethyl)-4-pyrimidinyl] ester phosphorothioic acid","Topical, general",NR,ug/org,Unknown observed response mean,429,2,,,,,,,,,,,,,,,,,,,,,
1332407,Copper chloride oxide hydrate,Food,NR,ug/bee,Unknown observed response mean,430,2,,,,,,,,,,,,,,,,,,,,,
1332407,Copper chloride oxide hydrate,Food,NR,ug/bee,Unknown observed response mean,431,2,,,,,,,,,,,,,,,,,,,,,
30560191,"N-Acetylphosphoramidothioic acid O,S-dimethyl ester",Food,NR,ng/org,Unknown observed response mean,432,2,,,,,,,,,,,,,,,,,,,,,
50-29-3,"1,1'-(2,2,2-Trichloroethylidene)bis[4-chlorobenzene]",Dermal,5.36,ug/bee,Unspecifed toxicity level,435,3,Contact,,,,,,,,,,,,,,,,,,,,
50-29-3,"1,1'-(2,2,2-Trichloroethylidene)bis[4-chlorobenzene]",Dermal,7.12,ug/bee,Unspecifed toxicity level,436,3,Contact,,,,,,,,,,,,,,,,,,,,
50-29-3,"1,1'-(2,2,2-Trichloroethylidene)bis[4-chlorobenzene]","Topical, general",17.2,ug/org,Unspecifed toxicity level,437,3,Contact,,,,,,,,,,,,,,,,,,,,
50-29-3,"1,1'-(2,2,2-Trichloroethylidene)bis[4-chlorobenzene]","Topical, general",3.01,ug/org,Unspecifed toxicity level,438,3,Contact,,,,,,,,,,,,,,,,,,,,
50-29-3,"1,1'-(2,2,2-Trichloroethylidene)bis[4-chlorobenzene]","Topical, general",2.75,ug/org,Unspecifed toxicity level,439,3,Contact,,,,,,,,,,,,,,,,,,,,
50-29-3,"1,1'-(2,2,2-Trichloroethylidene)bis[4-chlorobenzene]","Topical, general",2.4,ug/org,Unspecifed toxicity level,440,3,Contact,,,,,,,,,,,,,,,,,,,,
50-29-3,"1,1'-(2,2,2-Trichloroethylidene)bis[4-chlorobenzene]","Topical, general",2.31,ug/org,Unspecifed toxicity level,441,3,Contact,,,,,,,,,,,,,,,,,,,,
50-29-3,"1,1'-(2,2,2-Trichloroethylidene)bis[4-chlorobenzene]","Topical, general",6.5,ug/org,Unspecifed toxicity level,442,3,Contact,,,,,,,,,,,,,,,,,,,,
50-29-3,"1,1'-(2,2,2-Trichloroethylidene)bis[4-chlorobenzene]","Topical, general",0.5,ug/org,Unspecifed toxicity level,443,3,Contact,,,,,,,,,,,,,,,,,,,,
50-29-3,"1,1'-(2,2,2-Trichloroethylidene)bis[4-chlorobenzene]","Topical, general",2.14,ug/org,Unspecifed toxicity level,444,3,Contact,,,,,,,,,,,,,,,,,,,,
50-29-3,"1,1'-(2,2,2-Trichloroethylidene)bis[4-chlorobenzene]","Topical, general",1.55,ug/org,Unspecifed toxicity level,445,3,Contact,,,,,,,,,,,,,,,,,,,,
50-29-3,"1,1'-(2,2,2-Trichloroethylidene)bis[4-chlorobenzene]","Topical, general",10.04,ug/org,Unspecifed toxicity level,446,3,Contact,,,,,,,,,,,,,,,,,,,,
50-29-3,"1,1'-(2,2,2-Trichloroethylidene)bis[4-chlorobenzene]","Topical, general",5.1,ug/org,Unspecifed toxicity level,447,3,Contact,,,,,,,,,,,,,,,,,,,,
50-29-3,"1,1'-(2,2,2-Trichloroethylidene)bis[4-chlorobenzene]","Topical, general",1.54,ug/org,Unspecifed toxicity level,448,3,Contact,,,,,,,,,,,,,,,,,,,,
50-29-3,"1,1'-(2,2,2-Trichloroethylidene)bis[4-chlorobenzene]","Topical, general",2.37,ug/org,Unspecifed toxicity level,449,3,Contact,,,,,,,,,,,,,,,,,,,,
50-29-3,"1,1'-(2,2,2-Trichloroethylidene)bis[4-chlorobenzene]","Topical, general",9.6,ug/org,Unspecifed toxicity level,450,3,Contact,,,,,,,,,,,,,,,,,,,,
50-29-3,"1,1'-(2,2,2-Trichloroethylidene)bis[4-chlorobenzene]","Topical, general",76.33,ug/org,Unspecifed toxicity level,451,3,Contact,,,,,,,,,,,,,,,,,,,,
50-29-3,"1,1'-(2,2,2-Trichloroethylidene)bis[4-chlorobenzene]","Topical, general",2.5,ug/org,Unspecifed toxicity level,452,3,Contact,,,,,,,,,,,,,,,,,,,,
50-29-3,"1,1'-(2,2,2-Trichloroethylidene)bis[4-chlorobenzene]","Topical, general",1.82,ug/org,Unspecifed toxicity level,453,3,Contact,,,,,,,,,,,,,,,,,,,,
50-29-3,"1,1'-(2,2,2-Trichloroethylidene)bis[4-chlorobenzene]","Topical, general",10.2,ug/org,Unspecifed toxicity level,454,3,Contact,,,,,,,,,,,,,,,,,,,,
50-29-3,"1,1'-(2,2,2-Trichloroethylidene)bis[4-chlorobenzene]","Topical, general",6.7,ug/org,Unspecifed toxicity level,455,3,Contact,,,,,,,,,,,,,,,,,,,,
50-29-3,"1,1'-(2,2,2-Trichloroethylidene)bis[4-chlorobenzene]","Topical, general",2.97,ug/org,Unspecifed toxicity level,456,3,Contact,,,,,,,,,,,,,,,,,,,,
50-29-3,"1,1'-(2,2,2-Trichloroethylidene)bis[4-chlorobenzene]","Topical, general",1.3,ug/org,Unspecifed toxicity level,457,3,Contact,,,,,,,,,,,,,,,,,,,,
50-29-3,"1,1'-(2,2,2-Trichloroethylidene)bis[4-chlorobenzene]","Topical, general",67.0,ug/org,Unspecifed toxicity level,458,3,Contact,,,,,,,,,,,,,,,,,,,,
50-29-3,"1,1'-(2,2,2-Trichloroethylidene)bis[4-chlorobenzene]","Topical, general",1.22,ug/org,Unspecifed toxicity level,459,3,Contact,,,,,,,,,,,,,,,,,,,,
50-29-3,"1,1'-(2,2,2-Trichloroethylidene)bis[4-chlorobenzene]","Topical, general",7.3,ug/org,Unspecifed toxicity level,460,3,Contact,,,,,,,,,,,,,,,,,,,,
50-29-3,"1,1'-(2,2,2-Trichloroethylidene)bis[4-chlorobenzene]","Topical, general",70.5,ug/org,Unspecifed toxicity level,461,3,Contact,,,,,,,,,,,,,,,,,,,,
50-29-3,"1,1'-(2,2,2-Trichloroethylidene)bis[4-chlorobenzene]","Topical, general",1.6,ug/org,Unspecifed toxicity level,462,3,Contact,,,,,,,,,,,,,,,,,,,,
50-29-3,"1,1'-(2,2,2-Trichloroethylidene)bis[4-chlorobenzene]","Topical, general",2.6,ug/org,Unspecifed toxicity level,463,3,Contact,,,,,,,,,,,,,,,,,,,,
50-29-3,"1,1'-(2,2,2-Trichloroethylidene)bis[4-chlorobenzene]","Topical, general",20.1,ug/org,Unspecifed toxicity level,464,3,Contact,,,,,,,,,,,,,,,,,,,,
50-29-3,"1,1'-(2,2,2-Trichloroethylidene)bis[4-chlorobenzene]","Topical, general",3.2,ug/org,Unspecifed toxicity level,465,3,Contact,,,,,,,,,,,,,,,,,,,,
50-29-3,"1,1'-(2,2,2-Trichloroethylidene)bis[4-chlorobenzene]","Topical, general",4.0,ug/org,Unspecifed toxicity level,466,3,Contact,,,,,,,,,,,,,,,,,,,,
50-29-3,"1,1'-(2,2,2-Trichloroethylidene)bis[4-chlorobenzene]","Topical, general",2.23,ug/org,Unspecifed toxicity level,467,3,Contact,,,,,,,,,,,,,,,,,,,,
50-29-3,"1,1'-(2,2,2-Trichloroethylidene)bis[4-chlorobenzene]","Topical, general",2.0,ug/org,Unspecifed toxicity level,468,3,Contact,,,,,,,,,,,,,,,,,,,,
50-29-3,"1,1'-(2,2,2-Trichloroethylidene)bis[4-chlorobenzene]","Topical, general",1.2,ug/org,Unspecifed toxicity level,469,3,Contact,,,,,,,,,,,,,,,,,,,,
50-29-3,"1,1'-(2,2,2-Trichloroethylidene)bis[4-chlorobenzene]","Topical, general",1.25,ug/org,Unspecifed toxicity level,470,3,Contact,,,,,,,,,,,,,,,,,,,,
50-29-3,"1,1'-(2,2,2-Trichloroethylidene)bis[4-chlorobenzene]","Topical, general",1.7,ug/org,Unspecifed toxicity level,471,3,Contact,,,,,,,,,,,,,,,,,,,,
50-29-3,"1,1'-(2,2,2-Trichloroethylidene)bis[4-chlorobenzene]","Topical, general",3.6,ug/org,Unspecifed toxicity level,472,3,Contact,,,,,,,,,,,,,,,,,,,,
50-29-3,"1,1'-(2,2,2-Trichloroethylidene)bis[4-chlorobenzene]","Topical, general",15.7,ug/org,Unspecifed toxicity level,473,3,Contact,,,,,,,,,,,,,,,,,,,,
50-29-3,"1,1'-(2,2,2-Trichloroethylidene)bis[4-chlorobenzene]","Topical, general",1.5,ug/org,Unspecifed toxicity level,474,3,Contact,,,,,,,,,,,,,,,,,,,,
50-29-3,"1,1'-(2,2,2-Trichloroethylidene)bis[4-chlorobenzene]","Topical, general",1.87,ug/org,Unspecifed toxicity level,475,3,Contact,,,,,,,,,,,,,,,,,,,,
50-29-3,"1,1'-(2,2,2-Trichloroethylidene)bis[4-chlorobenzene]","Topical, general",2.05,ug/org,Unspecifed toxicity level,476,3,Contact,,,,,,,,,,,,,,,,,,,,
50-29-3,"1,1'-(2,2,2-Trichloroethylidene)bis[4-chlorobenzene]","Topical, general",1.52,ug/org,Unspecifed toxicity level,477,3,Contact,,,,,,,,,,,,,,,,,,,,
50-29-3,"1,1'-(2,2,2-Trichloroethylidene)bis[4-chlorobenzene]","Topical, general",7.5,ug/org,Unspecifed toxicity level,478,3,Contact,,,,,,,,,,,,,,,,,,,,
50-29-3,"1,1'-(2,2,2-Trichloroethylidene)bis[4-chlorobenzene]","Topical, general",6.9,ug/org,Unspecifed toxicity level,479,3,Contact,,,,,,,,,,,,,,,,,,,,
50-29-3,"1,1'-(2,2,2-Trichloroethylidene)bis[4-chlorobenzene]","Topical, general",1.31,ug/org,Unspecifed toxicity level,480,3,Contact,,,,,,,,,,,,,,,,,,,,
50-29-3,"1,1'-(2,2,2-Trichloroethylidene)bis[4-chlorobenzene]","Topical, general",9.6,ug/org,Unspecifed toxicity level,481,3,Contact,,,,,,,,,,,,,,,,,,,,
50-29-3,"1,1'-(2,2,2-Trichloroethylidene)bis[4-chlorobenzene]","Topical, general",1.27,ug/org,Unspecifed toxicity level,482,3,Contact,,,,,,,,,,,,,,,,,,,,
50-29-3,"1,1'-(2,2,2-Trichloroethylidene)bis[4-chlorobenzene]","Topical, general",1.44,ug/org,Unspecifed toxicity level,483,3,Contact,,,,,,,,,,,,,,,,,,,,
50-29-3,"1,1'-(2,2,2-Trichloroethylidene)bis[4-chlorobenzene]","Topical, general",0.54,ug/org,Unspecifed toxicity level,484,3,Contact,,,,,,,,,,,,,,,,,,,,
50-29-3,"1,1'-(2,2,2-Trichloroethylidene)bis[4-chlorobenzene]","Topical, general",1.55,ug/org,Unspecifed toxicity level,485,3,Contact,,,,,,,,,,,,,,,,,,,,
50-29-3,"1,1'-(2,2,2-Trichloroethylidene)bis[4-chlorobenzene]","Topical, general",3.1,ug/org,Unspecifed toxicity level,486,3,Contact,,,,,,,,,,,,,,,,,,,,
50-29-3,"1,1'-(2,2,2-Trichloroethylidene)bis[4-chlorobenzene]","Topical, general",7.91,ug/org,Unspecifed toxicity level,487,3,Contact,,,,,,,,,,,,,,,,,,,,
50-29-3,"1,1'-(2,2,2-Trichloroethylidene)bis[4-chlorobenzene]","Topical, general",2.41,ug/org,Unspecifed toxicity level,488,3,Contact,,,,,,,,,,,,,,,,,,,,
50-29-3,"1,1'-(2,2,2-Trichloroethylidene)bis[4-chlorobenzene]","Topical, general",36.6,ug/org,Unspecifed toxicity level,489,3,Contact,,,,,,,,,,,,,,,,,,,,
50-29-3,"1,1'-(2,2,2-Trichloroethylidene)bis[4-chlorobenzene]","Topical, general",9.67,ug/org,Unspecifed toxicity level,490,3,Contact,,,,,,,,,,,,,,,,,,,,
50-29-3,"1,1'-(2,2,2-Trichloroethylidene)bis[4-chlorobenzene]","Topical, general",3.81,ug/org,Unspecifed toxicity level,491,3,Contact,,,,,,,,,,,,,,,,,,,,
50-29-3,"1,1'-(2,2,2-Trichloroethylidene)bis[4-chlorobenzene]","Topical, general",1.1,ug/org,Unspecifed toxicity level,492,3,Contact,,,,,,,,,,,,,,,,,,,,
50-29-3,"1,1'-(2,2,2-Trichloroethylidene)bis[4-chlorobenzene]","Topical, general",63.76,ug/org,Unspecifed toxicity level,493,3,Contact,,,,,,,,,,,,,,,,,,,,
50-29-3,"1,1'-(2,2,2-Trichloroethylidene)bis[4-chlorobenzene]","Topical, general",0.92,ug/org,Unspecifed toxicity level,494,3,Contact,,,,,,,,,,,,,,,,,,,,
50-29-3,"1,1'-(2,2,2-Trichloroethylidene)bis[4-chlorobenzene]","Topical, general",2.42,ug/org,Unspecifed toxicity level,495,3,Contact,,,,,,,,,,,,,,,,,,,,
50-29-3,"1,1'-(2,2,2-Trichloroethylidene)bis[4-chlorobenzene]","Topical, general",1.49,ug/org,Unspecifed toxicity level,496,3,Contact,,,,,,,,,,,,,,,,,,,,
50-29-3,"1,1'-(2,2,2-Trichloroethylidene)bis[4-chlorobenzene]","Topical, general",1.58,ug/org,Unspecifed toxicity level,497,3,Contact,,,,,,,,,,,,,,,,,,,,
50-29-3,"1,1'-(2,2,2-Trichloroethylidene)bis[4-chlorobenzene]","Topical, general",2.904,ug/org,Unspecifed toxicity level,498,3,Contact,,,,,,,,,,,,,,,,,,,,
50-29-3,"1,1'-(2,2,2-Trichloroethylidene)bis[4-chlorobenzene]","Topical, general",4.69,ug/org,Unspecifed toxicity level,499,3,Contact,,,,,,,,,,,,,,,,,,,,
50-29-3,"1,1'-(2,2,2-Trichloroethylidene)bis[4-chlorobenzene]","Topical, general",18.0,ug/org,Unspecifed toxicity level,500,3,Contact,,,,,,,,,,,,,,,,,,,,
50-29-3,"1,1'-(2,2,2-Trichloroethylidene)bis[4-chlorobenzene]","Topical, general",3.47,ug/org,Unspecifed toxicity level,501,3,Contact,,,,,,,,,,,,,,,,,,,,
50-29-3,"1,1'-(2,2,2-Trichloroethylidene)bis[4-chlorobenzene]",Dermal,3.9,ug/bee,Unspecifed toxicity level,502,3,Contact,,,,,,,,,,,,,,,,,,,,
50-29-3,"1,1'-(2,2,2-Trichloroethylidene)bis[4-chlorobenzene]","Diet, unspecified",3.7,ug/bee,Unspecifed toxicity level,503,3,Oral,,,,,,,,,,,,,,,,,,,,
50-29-3,"1,1'-(2,2,2-Trichloroethylidene)bis[4-chlorobenzene]",Dermal,5.95,ug/bee,Unspecifed toxicity level,504,3,Contact,,,,,,,,,,,,,,,,,,,,
50-29-3,"1,1'-(2,2,2-Trichloroethylidene)bis[4-chlorobenzene]","Topical, general",2.4,ug/org,Unspecifed toxicity level,505,3,Contact,,,,,,,,,,,,,,,,,,,,
50-29-3,"1,1'-(2,2,2-Trichloroethylidene)bis[4-chlorobenzene]","Topical, general",25.09,ug/org,Unspecifed toxicity level,506,3,Contact,,,,,,,,,,,,,,,,,,,,
50-29-3,"1,1'-(2,2,2-Trichloroethylidene)bis[4-chlorobenzene]","Topical, general",6.3,ug/org,Unspecifed toxicity level,507,3,Contact,,,,,,,,,,,,,,,,,,,,
50-29-3,"1,1'-(2,2,2-Trichloroethylidene)bis[4-chlorobenzene]",Dermal,0.052,ug/org,Unspecifed toxicity level,508,3,Contact,,,,,,,,,,,,,,,,,,,,
52-68-6,"P-(2,2,2-Trichloro-1-hydroxyethyl)phosphonic acid dimethyl ester","Topical, general",5.137,AI ug/org,Unspecifed toxicity level,509,3,Contact,,,,,,,,,,,,,,,,,,,,
52-68-6,"P-(2,2,2-Trichloro-1-hydroxyethyl)phosphonic acid dimethyl ester",Dermal,59.83,ug/bee,Unspecifed toxicity level,510,3,Contact,,,,,,,,,,,,,,,,,,,,
52-68-6,"P-(2,2,2-Trichloro-1-hydroxyethyl)phosphonic acid dimethyl ester","Topical, general",9.0,AI ug/org,Unspecifed toxicity level,511,3,Contact,,,,,,,,,,,,,,,,,,,,
52-68-6,"P-(2,2,2-Trichloro-1-hydroxyethyl)phosphonic acid dimethyl ester",Dermal,0.024,ug/org,Unspecifed toxicity level,512,3,Contact,,,,,,,,,,,,,,,,,,,,
60-51-5,"O,O-Dimethyl S-[2-(methylamino)-2-oxoethyl]phosphorodithioic acid ester",Food,1.67,ug/org,Unspecifed toxicity level,513,3,Oral,,,,,,,,,,,,,,,,,,,,
60-51-5,"O,O-Dimethyl S-[2-(methylamino)-2-oxoethyl]phosphorodithioic acid ester",Food,1.69,ug/org,Unspecifed toxicity level,514,3,Oral,,,,,,,,,,,,,,,,,,,,
60-51-5,"O,O-Dimethyl S-[2-(methylamino)-2-oxoethyl]phosphorodithioic acid ester",Food,0.1,AI ug/org,Unspecifed toxicity level,515,3,Oral,,,,,,,,,,,,,,,,,,,,
60-51-5,"O,O-Dimethyl S-[2-(methylamino)-2-oxoethyl]phosphorodithioic acid ester",Food,0.26,AI ug/org,Unspecifed toxicity level,516,3,Oral,,,,,,,,,,,,,,,,,,,,
60-51-5,"O,O-Dimethyl S-[2-(methylamino)-2-oxoethyl]phosphorodithioic acid ester",Food,0.22,AI ug/org,Unspecifed toxicity level,517,3,Oral,,,,,,,,,,,,,,,,,,,,
60-51-5,"O,O-Dimethyl S-[2-(methylamino)-2-oxoethyl]phosphorodithioic acid ester","Diet, unspecified",0.12,AI ug/org,Unspecifed toxicity level,518,3,Oral,,,,,,,,,,,,,,,,,,,,
60-51-5,"O,O-Dimethyl S-[2-(methylamino)-2-oxoethyl]phosphorodithioic acid ester","Diet, unspecified",0.11,AI ug/org,Unspecifed toxicity level,519,3,Oral,,,,,,,,,,,,,,,,,,,,
60-51-5,"O,O-Dimethyl S-[2-(methylamino)-2-oxoethyl]phosphorodithioic acid ester","Diet, unspecified",0.11,AI ug/org,Unspecifed toxicity level,520,3,Oral,,,,,,,,,,,,,,,,,,,,
60-51-5,"O,O-Dimethyl S-[2-(methylamino)-2-oxoethyl]phosphorodithioic acid ester",Food,0.3,AI ug/org,Unspecifed toxicity level,521,3,Oral,,,,,,,,,,,,,,,,,,,,
60-51-5,"O,O-Dimethyl S-[2-(methylamino)-2-oxoethyl]phosphorodithioic acid ester",Food,1.14,AI ug/org,Unspecifed toxicity level,522,3,Oral,,,,,,,,,,,,,,,,,,,,
60-51-5,"O,O-Dimethyl S-[2-(methylamino)-2-oxoethyl]phosphorodithioic acid ester",Food,0.14,AI ug/org,Unspecifed toxicity level,523,3,Oral,,,,,,,,,,,,,,,,,,,,
60-51-5,"O,O-Dimethyl S-[2-(methylamino)-2-oxoethyl]phosphorodithioic acid ester",Food,0.2,AI ug/org,Unspecifed toxicity level,524,3,Oral,,,,,,,,,,,,,,,,,,,,
60-51-5,"O,O-Dimethyl S-[2-(methylamino)-2-oxoethyl]phosphorodithioic acid ester",Food,0.6,AI ug/org,Unspecifed toxicity level,525,3,Oral,,,,,,,,,,,,,,,,,,,,
60-51-5,"O,O-Dimethyl S-[2-(methylamino)-2-oxoethyl]phosphorodithioic acid ester","Topical, general",0.31,ug/org,Unspecifed toxicity level,526,3,Contact,,,,,,,,,,,,,,,,,,,,
60-51-5,"O,O-Dimethyl S-[2-(methylamino)-2-oxoethyl]phosphorodithioic acid ester","Topical, general",0.0224,ug/org,Unspecifed toxicity level,527,3,Contact,,,,,,,,,,,,,,,,,,,,
60-51-5,"O,O-Dimethyl S-[2-(methylamino)-2-oxoethyl]phosphorodithioic acid ester",Food,0.4305,mg/bee,Unspecifed toxicity level,528,3,Oral,,,,,,,,,,,,,,,,,,,,
60-51-5,"O,O-Dimethyl S-[2-(methylamino)-2-oxoethyl]phosphorodithioic acid ester",Food,0.3251,mg/bee,Unspecifed toxicity level,529,3,Oral,,,,,,,,,,,,,,,,,,,,
60-51-5,"O,O-Dimethyl S-[2-(methylamino)-2-oxoethyl]phosphorodithioic acid ester",Food,0.3391,mg/bee,Unspecifed toxicity level,530,3,Oral,,,,,,,,,,,,,,,,,,,,
60-51-5,"O,O-Dimethyl S-[2-(methylamino)-2-oxoethyl]phosphorodithioic acid ester",Food,0.13,AI ug/org,Unspecifed toxicity level,531,3,Oral,,,,,,,,,,,,,,,,,,,,
60-51-5,"O,O-Dimethyl S-[2-(methylamino)-2-oxoethyl]phosphorodithioic acid ester",Dermal,0.188,ug/bee,Unspecifed toxicity level,532,3,Contact,,,,,,,,,,,,,,,,,,,,
60-51-5,"O,O-Dimethyl S-[2-(methylamino)-2-oxoethyl]phosphorodithioic acid ester",Dermal,0.16,AI ug/org,Unspecifed toxicity level,533,3,Contact,,,,,,,,,,,,,,,,,,,,
60-51-5,"O,O-Dimethyl S-[2-(methylamino)-2-oxoethyl]phosphorodithioic acid ester",Dermal,0.16,AI ug/org,Unspecifed toxicity level,534,3,Contact,,,,,,,,,,,,,,,,,,,,
60-51-5,"O,O-Dimethyl S-[2-(methylamino)-2-oxoethyl]phosphorodithioic acid ester",Dermal,0.19,AI ug/org,Unspecifed toxicity level,535,3,Contact,,,,,,,,,,,,,,,,,,,,
60-51-5,"O,O-Dimethyl S-[2-(methylamino)-2-oxoethyl]phosphorodithioic acid ester",Food,320.0,mg/org,Unspecifed toxicity level,536,3,Oral,,,,,,,,,,,,,,,,,,,,
60-51-5,"O,O-Dimethyl S-[2-(methylamino)-2-oxoethyl]phosphorodithioic acid ester",Food,430.0,mg/org,Unspecifed toxicity level,537,3,Oral,,,,,,,,,,,,,,,,,,,,
60-51-5,"O,O-Dimethyl S-[2-(methylamino)-2-oxoethyl]phosphorodithioic acid ester",Food,339.0,mg/org,Unspecifed toxicity level,538,3,Oral,,,,,,,,,,,,,,,,,,,,
60-51-5,"O,O-Dimethyl S-[2-(methylamino)-2-oxoethyl]phosphorodithioic acid ester",Food,0.13,AI ug/org,Unspecifed toxicity level,539,3,Oral,,,,,,,,,,,,,,,,,,,,
60-51-5,"O,O-Dimethyl S-[2-(methylamino)-2-oxoethyl]phosphorodithioic acid ester",Food,0.15,AI ug/org,Unspecifed toxicity level,540,3,Oral,,,,,,,,,,,,,,,,,,,,
60-51-5,"O,O-Dimethyl S-[2-(methylamino)-2-oxoethyl]phosphorodithioic acid ester",Food,0.11,AI ug/org,Unspecifed toxicity level,541,3,Oral,,,,,,,,,,,,,,,,,,,,
60-51-5,"O,O-Dimethyl S-[2-(methylamino)-2-oxoethyl]phosphorodithioic acid ester",Oral via capsule,0.152,ng/org,Unspecifed toxicity level,542,3,Other,,,,,,,,,,,,,,,,,,,,
60-51-5,"O,O-Dimethyl S-[2-(methylamino)-2-oxoethyl]phosphorodithioic acid ester",Dermal,0.12,ug/bee,Unspecifed toxicity level,543,3,Contact,,,,,,,,,,,,,,,,,,,,
60-51-5,"O,O-Dimethyl S-[2-(methylamino)-2-oxoethyl]phosphorodithioic acid ester","Diet, unspecified",0.15,ug/bee,Unspecifed toxicity level,544,3,Oral,,,,,,,,,,,,,,,,,,,,
60-51-5,"O,O-Dimethyl S-[2-(methylamino)-2-oxoethyl]phosphorodithioic acid ester","Topical, general",0.19,AI ug/org,Unspecifed toxicity level,545,3,Contact,,,,,,,,,,,,,,,,,,,,
60-51-5,"O,O-Dimethyl S-[2-(methylamino)-2-oxoethyl]phosphorodithioic acid ester","Topical, general",0.19,AI ug/org,Unspecifed toxicity level,546,3,Contact,,,,,,,,,,,,,,,,,,,,
60-51-5,"O,O-Dimethyl S-[2-(methylamino)-2-oxoethyl]phosphorodithioic acid ester","Topical, general",0.19,AI ug/org,Unspecifed toxicity level,547,3,Contact,,,,,,,,,,,,,,,,,,,,
60-51-5,"O,O-Dimethyl S-[2-(methylamino)-2-oxoethyl]phosphorodithioic acid ester","Topical, general",0.2,AI ug/org,Unspecifed toxicity level,548,3,Contact,,,,,,,,,,,,,,,,,,,,
60-51-5,"O,O-Dimethyl S-[2-(methylamino)-2-oxoethyl]phosphorodithioic acid ester","Spray, unspecified",0.22,ug/bee,Unspecifed toxicity level,549,3,Other,,,,,,,,,,,,,,,,,,,,
60-51-5,"O,O-Dimethyl S-[2-(methylamino)-2-oxoethyl]phosphorodithioic acid ester","Spray, unspecified",0.1,AI ug/org,Unspecifed toxicity level,550,3,Other,,,,,,,,,,,,,,,,,,,,
60-51-5,"O,O-Dimethyl S-[2-(methylamino)-2-oxoethyl]phosphorodithioic acid ester",Food,1.93,ug/org,Unspecifed toxicity level,551,3,Oral,,,,,,,,,,,,,,,,,,,,
60-51-5,"O,O-Dimethyl S-[2-(methylamino)-2-oxoethyl]phosphorodithioic acid ester",Food,0.13,ug/org,Unspecifed toxicity level,552,3,Oral,,,,,,,,,,,,,,,,,,,,
60-51-5,"O,O-Dimethyl S-[2-(methylamino)-2-oxoethyl]phosphorodithioic acid ester",Dermal,0.16,ug/org,Unspecifed toxicity level,553,3,Contact,,,,,,,,,,,,,,,,,,,,
60-51-5,"O,O-Dimethyl S-[2-(methylamino)-2-oxoethyl]phosphorodithioic acid ester",Drinking water,0.13,AI ug/org,Unspecifed toxicity level,554,3,Oral,,,,,,,,,,,,,,,,,,,,
60-51-5,"O,O-Dimethyl S-[2-(methylamino)-2-oxoethyl]phosphorodithioic acid ester",Drinking water,0.11,AI ug/org,Unspecifed toxicity level,555,3,Oral,,,,,,,,,,,,,,,,,,,,
60-51-5,"O,O-Dimethyl S-[2-(methylamino)-2-oxoethyl]phosphorodithioic acid ester",Drinking water,0.15,AI ug/org,Unspecifed toxicity level,556,3,Oral,,,,,,,,,,,,,,,,,,,,
60-51-5,"O,O-Dimethyl S-[2-(methylamino)-2-oxoethyl]phosphorodithioic acid ester",Drinking water,0.17,ng/org,Unspecifed toxicity level,557,3,Oral,,,,,,,,,,,,,,,,,,,,
60-51-5,"O,O-Dimethyl S-[2-(methylamino)-2-oxoethyl]phosphorodithioic acid ester","Topical, general",0.16,AI ug/org,Unspecifed toxicity level,558,3,Contact,,,,,,,,,,,,,,,,,,,,
60-51-5,"O,O-Dimethyl S-[2-(methylamino)-2-oxoethyl]phosphorodithioic acid ester","Topical, general",0.16,AI ug/org,Unspecifed toxicity level,559,3,Contact,,,,,,,,,,,,,,,,,,,,
60-51-5,"O,O-Dimethyl S-[2-(methylamino)-2-oxoethyl]phosphorodithioic acid ester","Topical, general",0.19,AI ug/org,Unspecifed toxicity level,560,3,Contact,,,,,,,,,,,,,,,,,,,,
60-51-5,"O,O-Dimethyl S-[2-(methylamino)-2-oxoethyl]phosphorodithioic acid ester",Multiple routes between application groups,0.248,ug/org,Unspecifed toxicity level,561,3,Other,,,,,,,,,,,,,,,,,,,,
60-51-5,"O,O-Dimethyl S-[2-(methylamino)-2-oxoethyl]phosphorodithioic acid ester",Multiple routes between application groups,0.661,ug/org,Unspecifed toxicity level,562,3,Other,,,,,,,,,,,,,,,,,,,,
60-51-5,"O,O-Dimethyl S-[2-(methylamino)-2-oxoethyl]phosphorodithioic acid ester",Multiple routes between application groups,0.315,ug/org,Unspecifed toxicity level,563,3,Other,,,,,,,,,,,,,,,,,,,,
60-51-5,"O,O-Dimethyl S-[2-(methylamino)-2-oxoethyl]phosphorodithioic acid ester",Multiple routes between application groups,0.191,ug/org,Unspecifed toxicity level,564,3,Other,,,,,,,,,,,,,,,,,,,,
60-51-5,"O,O-Dimethyl S-[2-(methylamino)-2-oxoethyl]phosphorodithioic acid ester",Food,0.108,AI ng/org,Unspecifed toxicity level,565,3,Oral,,,,,,,,,,,,,,,,,,,,
60-51-5,"O,O-Dimethyl S-[2-(methylamino)-2-oxoethyl]phosphorodithioic acid ester",Food,0.089,AI ng/org,Unspecifed toxicity level,566,3,Oral,,,,,,,,,,,,,,,,,,,,
60-51-5,"O,O-Dimethyl S-[2-(methylamino)-2-oxoethyl]phosphorodithioic acid ester",Food,0.133,AI ng/org,Unspecifed toxicity level,567,3,Oral,,,,,,,,,,,,,,,,,,,,
60-51-5,"O,O-Dimethyl S-[2-(methylamino)-2-oxoethyl]phosphorodithioic acid ester",Food,0.038,AI ng/org,Unspecifed toxicity level,568,3,Oral,,,,,,,,,,,,,,,,,,,,
60-51-5,"O,O-Dimethyl S-[2-(methylamino)-2-oxoethyl]phosphorodithioic acid ester",Dermal,0.0014,ug/org,Unspecifed toxicity level,569,3,Contact,,,,,,,,,,,,,,,,,,,,
63-25-2,1-Naphthalenol methylcarbamate,Dermal,1.34,ug/bee,Unspecifed toxicity level,570,3,Contact,,,,,,,,,,,,,,,,,,,,
63-25-2,1-Naphthalenol methylcarbamate,Food,46.0,AI ug/org,Unspecifed toxicity level,571,3,Oral,,,,,,,,,,,,,,,,,,,,
63-25-2,1-Naphthalenol methylcarbamate,Dermal,1.02,ug/bee,Unspecifed toxicity level,572,3,Contact,,,,,,,,,,,,,,,,,,,,
63-25-2,1-Naphthalenol methylcarbamate,Dermal,1.88,ug/bee,Unspecifed toxicity level,573,3,Contact,,,,,,,,,,,,,,,,,,,,
63-25-2,1-Naphthalenol methylcarbamate,"Topical, general",0.212,ug/org,Unspecifed toxicity level,574,3,Contact,,,,,,,,,,,,,,,,,,,,
63-25-2,1-Naphthalenol methylcarbamate,"Topical, general",0.75,ug/org,Unspecifed toxicity level,575,3,Contact,,,,,,,,,,,,,,,,,,,,
63-25-2,1-Naphthalenol methylcarbamate,"Diet, unspecified",0.14,ug/bee,Unspecifed toxicity level,576,3,Oral,,,,,,,,,,,,,,,,,,,,
63-25-2,1-Naphthalenol methylcarbamate,"Topical, general",0.18,ug/org,Unspecifed toxicity level,577,3,Contact,,,,,,,,,,,,,,,,,,,,
63-25-2,1-Naphthalenol methylcarbamate,"Topical, general",0.14,ug/org,Unspecifed toxicity level,578,3,Contact,,,,,,,,,,,,,,,,,,,,
63-25-2,1-Naphthalenol methylcarbamate,"Spray, unspecified",1.41,ug/bee,Unspecifed toxicity level,579,3,Other,,,,,,,,,,,,,,,,,,,,
63-25-2,1-Naphthalenol methylcarbamate,"Spray, unspecified",0.62,AI ug/org,Unspecifed toxicity level,580,3,Other,,,,,,,,,,,,,,,,,,,,
63-25-2,1-Naphthalenol methylcarbamate,Dermal,1.809,AI ug/org,Unspecifed toxicity level,581,3,Contact,,,,,,,,,,,,,,,,,,,,
63-25-2,1-Naphthalenol methylcarbamate,Dermal,0.123,ug/org,Unspecifed toxicity level,582,3,Contact,,,,,,,,,,,,,,,,,,,,
63-25-2,1-Naphthalenol methylcarbamate,Multiple routes between application groups,2.115,ug/org,Unspecifed toxicity level,583,3,Other,,,,,,,,,,,,,,,,,,,,
63-25-2,1-Naphthalenol methylcarbamate,Multiple routes between application groups,0.488,ug/org,Unspecifed toxicity level,584,3,Other,,,,,,,,,,,,,,,,,,,,
63-25-2,1-Naphthalenol methylcarbamate,Multiple routes between application groups,1.72,ug/org,Unspecifed toxicity level,585,3,Other,,,,,,,,,,,,,,,,,,,,
63-25-2,1-Naphthalenol methylcarbamate,Multiple routes between application groups,1.34,ug/org,Unspecifed toxicity level,586,3,Other,,,,,,,,,,,,,,,,,,,,
63-25-2,1-Naphthalenol methylcarbamate,Multiple routes between application groups,1.212,ug/org,Unspecifed toxicity level,587,3,Other,,,,,,,,,,,,,,,,,,,,
63-25-2,1-Naphthalenol methylcarbamate,"Topical, general",1.1,ug/org,Unspecifed toxicity level,588,3,Contact,,,,,,,,,,,,,,,,,,,,
63-25-2,1-Naphthalenol methylcarbamate,"Topical, general",1.3,ug/org,Unspecifed toxicity level,589,3,Contact,,,,,,,,,,,,,,,,,,,,
63-25-2,1-Naphthalenol methylcarbamate,"Topical, general",0.385,AI ug/org,Unspecifed toxicity level,590,3,Contact,,,,,,,,,,,,,,,,,,,,
63-25-2,1-Naphthalenol methylcarbamate,Dermal,1.3,ug/bee,Unspecifed toxicity level,591,3,Contact,,,,,,,,,,,,,,,,,,,,
63-25-2,1-Naphthalenol methylcarbamate,"Topical, general",0.142,ug/org,Unspecifed toxicity level,592,3,Contact,,,,,,,,,,,,,,,,,,,,
63-25-2,1-Naphthalenol methylcarbamate,"Topical, general",0.055,ug/org,Unspecifed toxicity level,593,3,Contact,,,,,,,,,,,,,,,,,,,,
63-25-2,1-Naphthalenol methylcarbamate,"Topical, general",0.96,ug/org,Unspecifed toxicity level,594,3,Contact,,,,,,,,,,,,,,,,,,,,
63-25-2,1-Naphthalenol methylcarbamate,"Topical, general",0.78,ug/org,Unspecifed toxicity level,595,3,Contact,,,,,,,,,,,,,,,,,,,,
63-25-2,1-Naphthalenol methylcarbamate,"Topical, general",0.0428,ug/org,Unspecifed toxicity level,596,3,Contact,,,,,,,,,,,,,,,,,,,,
63-25-2,1-Naphthalenol methylcarbamate,Food,1.33,ug/org,Unspecifed toxicity level,597,3,Oral,,,,,,,,,,,,,,,,,,,,
63-25-2,1-Naphthalenol methylcarbamate,Dermal,1.34,ug/bee,Unspecifed toxicity level,598,3,Contact,,,,,,,,,,,,,,,,,,,,
78-57-9,"S-[(4,6-Diamino-1,3,5-triazin-2-yl)methyl]O,O-dimethyl ester phosphorodithioic acid",Dermal,4.3,ug/bee,Unspecifed toxicity level,599,3,Contact,,,,,,,,,,,,,,,,,,,,
78-57-9,"S-[(4,6-Diamino-1,3,5-triazin-2-yl)methyl]O,O-dimethyl ester phosphorodithioic acid","Diet, unspecified",0.46,ug/bee,Unspecifed toxicity level,600,3,Oral,,,,,,,,,,,,,,,,,,,,
78-57-9,"S-[(4,6-Diamino-1,3,5-triazin-2-yl)methyl]O,O-dimethyl ester phosphorodithioic acid",Dermal,11.06,ug/bee,Unspecifed toxicity level,601,3,Contact,,,,,,,,,,,,,,,,,,,,
83-79-4,"[2R-(2-alpha, 6a-alpha, 12a-alpha)]-1,2,12,12a-Tetrahydro-8,9-dimethoxy-2-(1-methylethenyl)-[1]-benzopyrano[3,4-b]furo[2,3-h][1]benzopyran-6(6aH)-one",Dermal,60.0,ug/bee,Unspecifed toxicity level,602,3,Contact,,,,,,,,,,,,,,,,,,,,
83-79-4,"[2R-(2-alpha, 6a-alpha, 12a-alpha)]-1,2,12,12a-Tetrahydro-8,9-dimethoxy-2-(1-methylethenyl)-[1]-benzopyrano[3,4-b]furo[2,3-h][1]benzopyran-6(6aH)-one","Diet, unspecified",30.0,ug/bee,Unspecifed toxicity level,603,3,Oral,,,,,,,,,,,,,,,,,,,,
83-79-4,"[2R-(2-alpha, 6a-alpha, 12a-alpha)]-1,2,12,12a-Tetrahydro-8,9-dimethoxy-2-(1-methylethenyl)-[1]-benzopyrano[3,4-b]furo[2,3-h][1]benzopyran-6(6aH)-one",Dermal,2.42,ug/bee,Unspecifed toxicity level,604,3,Contact,,,,,,,,,,,,,,,,,,,,
93-65-2,2-(4-Chloro-2-methylphenoxy)propanoic acid,Dermal,100.0,ug/bee,Unspecifed toxicity level,605,3,Contact,,,,,,,,,,,,,,,,,,,,
93-65-2,2-(4-Chloro-2-methylphenoxy)propanoic acid,"Diet, unspecified",10.0,ug/bee,Unspecifed toxicity level,606,3,Oral,,,,,,,,,,,,,,,,,,,,
93-65-2,2-(4-Chloro-2-methylphenoxy)propanoic acid,Dermal,18.13,ug/bee,Unspecifed toxicity level,607,3,Contact,,,,,,,,,,,,,,,,,,,,
93-65-2,2-(4-Chloro-2-methylphenoxy)propanoic acid,Food,115.5,ug/bee,Unspecifed toxicity level,608,3,Oral,,,,,,,,,,,,,,,,,,,,
93-65-2,2-(4-Chloro-2-methylphenoxy)propanoic acid,Food,138.6,ug/bee,Unspecifed toxicity level,609,3,Oral,,,,,,,,,,,,,,,,,,,,
93-65-2,2-(4-Chloro-2-methylphenoxy)propanoic acid,Food,111.2,ug/bee,Unspecifed toxicity level,610,3,Oral,,,,,,,,,,,,,,,,,,,,
93-65-2,2-(4-Chloro-2-methylphenoxy)propanoic acid,Food,99.2,ug/bee,Unspecifed toxicity level,611,3,Oral,,,,,,,,,,,,,,,,,,,,
93-65-2,2-(4-Chloro-2-methylphenoxy)propanoic acid,Food,73.0,ug/bee,Unspecifed toxicity level,612,3,Oral,,,,,,,,,,,,,,,,,,,,
93-65-2,2-(4-Chloro-2-methylphenoxy)propanoic acid,Food,96.8,ug/bee,Unspecifed toxicity level,613,3,Oral,,,,,,,,,,,,,,,,,,,,
93-65-2,2-(4-Chloro-2-methylphenoxy)propanoic acid,Food,89.2,ug/bee,Unspecifed toxicity level,614,3,Oral,,,,,,,,,,,,,,,,,,,,
93-65-2,2-(4-Chloro-2-methylphenoxy)propanoic acid,Food,90.0,ug/bee,Unspecifed toxicity level,615,3,Oral,,,,,,,,,,,,,,,,,,,,
93-65-2,2-(4-Chloro-2-methylphenoxy)propanoic acid,Food,115.1,ug/bee,Unspecifed toxicity level,616,3,Oral,,,,,,,,,,,,,,,,,,,,
93-65-2,2-(4-Chloro-2-methylphenoxy)propanoic acid,Food,129.1,ug/bee,Unspecifed toxicity level,617,3,Oral,,,,,,,,,,,,,,,,,,,,
93-65-2,2-(4-Chloro-2-methylphenoxy)propanoic acid,Food,110.2,ug/bee,Unspecifed toxicity level,618,3,Oral,,,,,,,,,,,,,,,,,,,,
93-65-2,2-(4-Chloro-2-methylphenoxy)propanoic acid,Food,51.3,ug/bee,Unspecifed toxicity level,619,3,Oral,,,,,,,,,,,,,,,,,,,,
94-74-6,2-(4-Chloro-2-methylphenoxy)acetic acid,Food,194.0,AI ug/org,Unspecifed toxicity level,620,3,Oral,,,,,,,,,,,,,,,,,,,,
94-74-6,2-(4-Chloro-2-methylphenoxy)acetic acid,Dermal,194.0,AI ug/org,Unspecifed toxicity level,621,3,Contact,,,,,,,,,,,,,,,,,,,,
94-74-6,2-(4-Chloro-2-methylphenoxy)acetic acid,Food,34.6,AI ug/org,Unspecifed toxicity level,622,3,Oral,,,,,,,,,,,,,,,,,,,,
94-74-6,2-(4-Chloro-2-methylphenoxy)acetic acid,Dermal,24.17,ug/bee,Unspecifed toxicity level,623,3,Contact,,,,,,,,,,,,,,,,,,,,
94-74-6,2-(4-Chloro-2-methylphenoxy)acetic acid,"Diet, unspecified",10.0,ug/bee,Unspecifed toxicity level,624,3,Oral,,,,,,,,,,,,,,,,,,,,
94-74-6,2-(4-Chloro-2-methylphenoxy)acetic acid,Food,93.9,AI ug/org/d,Unspecifed toxicity level,625,3,Oral,,,,,,,,,,,,,,,,,,,,
94-74-6,2-(4-Chloro-2-methylphenoxy)acetic acid,Dermal,100.0,ug/bee,Unspecifed toxicity level,626,3,Contact,,,,,,,,,,,,,,,,,,,,
115-29-7,"6,7,8,9,10,10-Hexachloro-1,5,5a,6,9,9a-hexahydro-6,9-methano-2,4,3-benzodioxathiepin 3-oxide","Topical, general",0.0461,ug/org,Unspecifed toxicity level,627,3,Contact,,,,,,,,,,,,,,,,,,,,
115-29-7,"6,7,8,9,10,10-Hexachloro-1,5,5a,6,9,9a-hexahydro-6,9-methano-2,4,3-benzodioxathiepin 3-oxide",Dermal,16.14,AI ug/org,Unspecifed toxicity level,628,3,Contact,,,,,,,,,,,,,,,,,,,,
115-29-7,"6,7,8,9,10,10-Hexachloro-1,5,5a,6,9,9a-hexahydro-6,9-methano-2,4,3-benzodioxathiepin 3-oxide",Dermal,7.81,ug/bee,Unspecifed toxicity level,629,3,Contact,,,,,,,,,,,,,,,,,,,,
115-29-7,"6,7,8,9,10,10-Hexachloro-1,5,5a,6,9,9a-hexahydro-6,9-methano-2,4,3-benzodioxathiepin 3-oxide",Multiple routes between application groups,109.5,ug/org,Unspecifed toxicity level,630,3,Other,,,,,,,,,,,,,,,,,,,,
115-29-7,"6,7,8,9,10,10-Hexachloro-1,5,5a,6,9,9a-hexahydro-6,9-methano-2,4,3-benzodioxathiepin 3-oxide",Multiple routes between application groups,21.79,ug/org,Unspecifed toxicity level,631,3,Other,,,,,,,,,,,,,,,,,,,,
115-29-7,"6,7,8,9,10,10-Hexachloro-1,5,5a,6,9,9a-hexahydro-6,9-methano-2,4,3-benzodioxathiepin 3-oxide",Multiple routes between application groups,14.42,ug/org,Unspecifed toxicity level,632,3,Other,,,,,,,,,,,,,,,,,,,,
115-29-7,"6,7,8,9,10,10-Hexachloro-1,5,5a,6,9,9a-hexahydro-6,9-methano-2,4,3-benzodioxathiepin 3-oxide",Multiple routes between application groups,28.14,ug/org,Unspecifed toxicity level,633,3,Other,,,,,,,,,,,,,,,,,,,,
115-29-7,"6,7,8,9,10,10-Hexachloro-1,5,5a,6,9,9a-hexahydro-6,9-methano-2,4,3-benzodioxathiepin 3-oxide",Multiple routes between application groups,13.88,ug/org,Unspecifed toxicity level,634,3,Other,,,,,,,,,,,,,,,,,,,,
115-29-7,"6,7,8,9,10,10-Hexachloro-1,5,5a,6,9,9a-hexahydro-6,9-methano-2,4,3-benzodioxathiepin 3-oxide",Dermal,7.1,ug/bee,Unspecifed toxicity level,635,3,Contact,,,,,,,,,,,,,,,,,,,,
115-29-7,"6,7,8,9,10,10-Hexachloro-1,5,5a,6,9,9a-hexahydro-6,9-methano-2,4,3-benzodioxathiepin 3-oxide","Diet, unspecified",6.9,ug/bee,Unspecifed toxicity level,636,3,Oral,,,,,,,,,,,,,,,,,,,,
115-29-7,"6,7,8,9,10,10-Hexachloro-1,5,5a,6,9,9a-hexahydro-6,9-methano-2,4,3-benzodioxathiepin 3-oxide",Direct application,6.83,ug/bee,Unspecifed toxicity level,637,3,Contact,,,,,,,,,,,,,,,,,,,,
115-29-7,"6,7,8,9,10,10-Hexachloro-1,5,5a,6,9,9a-hexahydro-6,9-methano-2,4,3-benzodioxathiepin 3-oxide",Direct application,9.5,ug/bee,Unspecifed toxicity level,638,3,Contact,,,,,,,,,,,,,,,,,,,,
115-29-7,"6,7,8,9,10,10-Hexachloro-1,5,5a,6,9,9a-hexahydro-6,9-methano-2,4,3-benzodioxathiepin 3-oxide",Direct application,6.3,ug/bee,Unspecifed toxicity level,639,3,Contact,,,,,,,,,,,,,,,,,,,,
115-29-7,"6,7,8,9,10,10-Hexachloro-1,5,5a,6,9,9a-hexahydro-6,9-methano-2,4,3-benzodioxathiepin 3-oxide",Direct application,6.15,ug/bee,Unspecifed toxicity level,640,3,Contact,,,,,,,,,,,,,,,,,,,,
115-29-7,"6,7,8,9,10,10-Hexachloro-1,5,5a,6,9,9a-hexahydro-6,9-methano-2,4,3-benzodioxathiepin 3-oxide",Direct application,4.45,ug/bee,Unspecifed toxicity level,641,3,Contact,,,,,,,,,,,,,,,,,,,,
115-29-7,"6,7,8,9,10,10-Hexachloro-1,5,5a,6,9,9a-hexahydro-6,9-methano-2,4,3-benzodioxathiepin 3-oxide",Direct application,5.85,ug/bee,Unspecifed toxicity level,642,3,Contact,,,,,,,,,,,,,,,,,,,,
115-29-7,"6,7,8,9,10,10-Hexachloro-1,5,5a,6,9,9a-hexahydro-6,9-methano-2,4,3-benzodioxathiepin 3-oxide",Direct application,5.51,ug/bee,Unspecifed toxicity level,643,3,Contact,,,,,,,,,,,,,,,,,,,,
115-29-7,"6,7,8,9,10,10-Hexachloro-1,5,5a,6,9,9a-hexahydro-6,9-methano-2,4,3-benzodioxathiepin 3-oxide",Direct application,5.08,ug/bee,Unspecifed toxicity level,644,3,Contact,,,,,,,,,,,,,,,,,,,,
115-29-7,"6,7,8,9,10,10-Hexachloro-1,5,5a,6,9,9a-hexahydro-6,9-methano-2,4,3-benzodioxathiepin 3-oxide",Direct application,4.86,ug/bee,Unspecifed toxicity level,645,3,Contact,,,,,,,,,,,,,,,,,,,,
115-29-7,"6,7,8,9,10,10-Hexachloro-1,5,5a,6,9,9a-hexahydro-6,9-methano-2,4,3-benzodioxathiepin 3-oxide",Direct application,4.43,ug/bee,Unspecifed toxicity level,646,3,Contact,,,,,,,,,,,,,,,,,,,,
115-29-7,"6,7,8,9,10,10-Hexachloro-1,5,5a,6,9,9a-hexahydro-6,9-methano-2,4,3-benzodioxathiepin 3-oxide",Direct application,6.11,ug/bee,Unspecifed toxicity level,647,3,Contact,,,,,,,,,,,,,,,,,,,,
115-29-7,"6,7,8,9,10,10-Hexachloro-1,5,5a,6,9,9a-hexahydro-6,9-methano-2,4,3-benzodioxathiepin 3-oxide",Direct application,4.82,ug/bee,Unspecifed toxicity level,648,3,Contact,,,,,,,,,,,,,,,,,,,,
115-29-7,"6,7,8,9,10,10-Hexachloro-1,5,5a,6,9,9a-hexahydro-6,9-methano-2,4,3-benzodioxathiepin 3-oxide",Direct application,7.62,ug/bee,Unspecifed toxicity level,649,3,Contact,,,,,,,,,,,,,,,,,,,,
115-29-7,"6,7,8,9,10,10-Hexachloro-1,5,5a,6,9,9a-hexahydro-6,9-methano-2,4,3-benzodioxathiepin 3-oxide",Direct application,5.87,ug/bee,Unspecifed toxicity level,650,3,Contact,,,,,,,,,,,,,,,,,,,,
115-29-7,"6,7,8,9,10,10-Hexachloro-1,5,5a,6,9,9a-hexahydro-6,9-methano-2,4,3-benzodioxathiepin 3-oxide",Dermal,8.875,AI ug/org,Unspecifed toxicity level,651,3,Contact,,,,,,,,,,,,,,,,,,,,
115-29-7,"6,7,8,9,10,10-Hexachloro-1,5,5a,6,9,9a-hexahydro-6,9-methano-2,4,3-benzodioxathiepin 3-oxide",Food,15.6,ug/bee,Unspecifed toxicity level,652,3,Oral,,,,,,,,,,,,,,,,,,,,
115-29-7,"6,7,8,9,10,10-Hexachloro-1,5,5a,6,9,9a-hexahydro-6,9-methano-2,4,3-benzodioxathiepin 3-oxide",Food,22.6,ug/bee,Unspecifed toxicity level,653,3,Oral,,,,,,,,,,,,,,,,,,,,
115-29-7,"6,7,8,9,10,10-Hexachloro-1,5,5a,6,9,9a-hexahydro-6,9-methano-2,4,3-benzodioxathiepin 3-oxide",Food,40.3,ug/bee,Unspecifed toxicity level,654,3,Oral,,,,,,,,,,,,,,,,,,,,
115-29-7,"6,7,8,9,10,10-Hexachloro-1,5,5a,6,9,9a-hexahydro-6,9-methano-2,4,3-benzodioxathiepin 3-oxide",Food,79.1,ug/bee,Unspecifed toxicity level,655,3,Oral,,,,,,,,,,,,,,,,,,,,
115-29-7,"6,7,8,9,10,10-Hexachloro-1,5,5a,6,9,9a-hexahydro-6,9-methano-2,4,3-benzodioxathiepin 3-oxide",Food,61.1,ug/bee,Unspecifed toxicity level,656,3,Oral,,,,,,,,,,,,,,,,,,,,
115-29-7,"6,7,8,9,10,10-Hexachloro-1,5,5a,6,9,9a-hexahydro-6,9-methano-2,4,3-benzodioxathiepin 3-oxide",Food,38.9,ug/bee,Unspecifed toxicity level,657,3,Oral,,,,,,,,,,,,,,,,,,,,
115-29-7,"6,7,8,9,10,10-Hexachloro-1,5,5a,6,9,9a-hexahydro-6,9-methano-2,4,3-benzodioxathiepin 3-oxide",Food,42.1,ug/bee,Unspecifed toxicity level,658,3,Oral,,,,,,,,,,,,,,,,,,,,
115-29-7,"6,7,8,9,10,10-Hexachloro-1,5,5a,6,9,9a-hexahydro-6,9-methano-2,4,3-benzodioxathiepin 3-oxide",Food,44.3,ug/bee,Unspecifed toxicity level,659,3,Oral,,,,,,,,,,,,,,,,,,,,
121-75-5,"2-[(Dimethoxyphosphinothioyl)thio]butanedioic acid 1,4-diethyl ester",Multiple routes between application groups,1.316,ug/org,Unspecifed toxicity level,660,3,Other,,,,,,,,,,,,,,,,,,,,
121-75-5,"2-[(Dimethoxyphosphinothioyl)thio]butanedioic acid 1,4-diethyl ester",Food,1.66,AI ug/org,Unspecifed toxicity level,661,3,Oral,,,,,,,,,,,,,,,,,,,,
121-75-5,"2-[(Dimethoxyphosphinothioyl)thio]butanedioic acid 1,4-diethyl ester",Food,0.4,AI ug/org,Unspecifed toxicity level,662,3,Oral,,,,,,,,,,,,,,,,,,,,
121-75-5,"2-[(Dimethoxyphosphinothioyl)thio]butanedioic acid 1,4-diethyl ester",Dermal,0.709,ug/bee,Unspecifed toxicity level,663,3,Contact,,,,,,,,,,,,,,,,,,,,
121-75-5,"2-[(Dimethoxyphosphinothioyl)thio]butanedioic acid 1,4-diethyl ester",Dermal,0.156,AI ug/org,Unspecifed toxicity level,664,3,Contact,,,,,,,,,,,,,,,,,,,,
121-75-5,"2-[(Dimethoxyphosphinothioyl)thio]butanedioic acid 1,4-diethyl ester",Dermal,0.19,AI ug/org,Unspecifed toxicity level,665,3,Contact,,,,,,,,,,,,,,,,,,,,
121-75-5,"2-[(Dimethoxyphosphinothioyl)thio]butanedioic acid 1,4-diethyl ester",Food,1.66,AI ug/org,Unspecifed toxicity level,666,3,Oral,,,,,,,,,,,,,,,,,,,,
121-75-5,"2-[(Dimethoxyphosphinothioyl)thio]butanedioic acid 1,4-diethyl ester","Topical, general",0.0273,ug/org,Unspecifed toxicity level,667,3,Contact,,,,,,,,,,,,,,,,,,,,
121-75-5,"2-[(Dimethoxyphosphinothioyl)thio]butanedioic acid 1,4-diethyl ester",Food,870.0,mg/bee,Unspecifed toxicity level,668,3,Oral,,,,,,,,,,,,,,,,,,,,
121-75-5,"2-[(Dimethoxyphosphinothioyl)thio]butanedioic acid 1,4-diethyl ester",Food,820.0,mg/bee,Unspecifed toxicity level,669,3,Oral,,,,,,,,,,,,,,,,,,,,
121-75-5,"2-[(Dimethoxyphosphinothioyl)thio]butanedioic acid 1,4-diethyl ester",Food,410.0,mg/bee,Unspecifed toxicity level,670,3,Oral,,,,,,,,,,,,,,,,,,,,
121-75-5,"2-[(Dimethoxyphosphinothioyl)thio]butanedioic acid 1,4-diethyl ester","Topical, general",0.231,AI ug/org,Unspecifed toxicity level,671,3,Contact,,,,,,,,,,,,,,,,,,,,
121-75-5,"2-[(Dimethoxyphosphinothioyl)thio]butanedioic acid 1,4-diethyl ester",Dermal,0.27,ug/bee,Unspecifed toxicity level,672,3,Contact,,,,,,,,,,,,,,,,,,,,
121-75-5,"2-[(Dimethoxyphosphinothioyl)thio]butanedioic acid 1,4-diethyl ester","Diet, unspecified",0.38,ug/bee,Unspecifed toxicity level,673,3,Oral,,,,,,,,,,,,,,,,,,,,
121-75-5,"2-[(Dimethoxyphosphinothioyl)thio]butanedioic acid 1,4-diethyl ester",Multiple routes between application groups,0.726,ug/org,Unspecifed toxicity level,674,3,Other,,,,,,,,,,,,,,,,,,,,
121-75-5,"2-[(Dimethoxyphosphinothioyl)thio]butanedioic acid 1,4-diethyl ester",Multiple routes between application groups,0.35,ug/org,Unspecifed toxicity level,675,3,Other,,,,,,,,,,,,,,,,,,,,
121-75-5,"2-[(Dimethoxyphosphinothioyl)thio]butanedioic acid 1,4-diethyl ester",Multiple routes between application groups,0.764,ug/org,Unspecifed toxicity level,676,3,Other,,,,,,,,,,,,,,,,,,,,
121-75-5,"2-[(Dimethoxyphosphinothioyl)thio]butanedioic acid 1,4-diethyl ester",Dermal,0.002,ug/org,Unspecifed toxicity level,677,3,Contact,,,,,,,,,,,,,,,,,,,,
133-06-2,"3a,4,7,7a-Tetrahydro-2-[(trichloromethyl)thio]-1H-isoindole-1,3-(2H)-dione",Dermal,3.09,ug/org,Unspecifed toxicity level,678,3,Contact,,,,,,,,,,,,,,,,,,,,
133-06-2,"3a,4,7,7a-Tetrahydro-2-[(trichloromethyl)thio]-1H-isoindole-1,3-(2H)-dione",Dermal,215.1,ug/org,Unspecifed toxicity level,679,3,Contact,,,,,,,,,,,,,,,,,,,,
133-06-2,"3a,4,7,7a-Tetrahydro-2-[(trichloromethyl)thio]-1H-isoindole-1,3-(2H)-dione",Food,6.0,AI ug/org/d,Unspecifed toxicity level,680,3,Oral,,,,,,,,,,,,,,,,,,,,
133-06-2,"3a,4,7,7a-Tetrahydro-2-[(trichloromethyl)thio]-1H-isoindole-1,3-(2H)-dione",Dermal,215.0,ug/bee,Unspecifed toxicity level,681,3,Contact,,,,,,,,,,,,,,,,,,,,
133-06-2,"3a,4,7,7a-Tetrahydro-2-[(trichloromethyl)thio]-1H-isoindole-1,3-(2H)-dione",Food,107.0,AI ug/org,Unspecifed toxicity level,682,3,Oral,,,,,,,,,,,,,,,,,,,,
133-06-2,"3a,4,7,7a-Tetrahydro-2-[(trichloromethyl)thio]-1H-isoindole-1,3-(2H)-dione",Dermal,5.392,ug/org,Unspecifed toxicity level,683,3,Contact,,,,,,,,,,,,,,,,,,,,
133-06-2,"3a,4,7,7a-Tetrahydro-2-[(trichloromethyl)thio]-1H-isoindole-1,3-(2H)-dione",Dermal,10.0,ug/bee,Unspecifed toxicity level,684,3,Contact,,,,,,,,,,,,,,,,,,,,
133-06-2,"3a,4,7,7a-Tetrahydro-2-[(trichloromethyl)thio]-1H-isoindole-1,3-(2H)-dione",Food,2000.0,ug/bee,Unspecifed toxicity level,685,3,Oral,,,,,,,,,,,,,,,,,,,,
298-04-4,"Phosphorodithioic acid, O,O-Diethyl-S-[2-(ethylthio)ethyl] ester",Dermal,1.11,AI ug/org,Unspecifed toxicity level,686,3,Contact,,,,,,,,,,,,,,,,,,,,
298-04-4,"Phosphorodithioic acid, O,O-Diethyl-S-[2-(ethylthio)ethyl] ester",Food,6.12,ug/org,Unspecifed toxicity level,687,3,Oral,,,,,,,,,,,,,,,,,,,,
298-04-4,"Phosphorodithioic acid, O,O-Diethyl-S-[2-(ethylthio)ethyl] ester",Food,35.3,ug/org,Unspecifed toxicity level,688,3,Oral,,,,,,,,,,,,,,,,,,,,
298-04-4,"Phosphorodithioic acid, O,O-Diethyl-S-[2-(ethylthio)ethyl] ester",Food,230.5,ug/org,Unspecifed toxicity level,689,3,Oral,,,,,,,,,,,,,,,,,,,,
298-04-4,"Phosphorodithioic acid, O,O-Diethyl-S-[2-(ethylthio)ethyl] ester",Food,27.83,ug/org,Unspecifed toxicity level,690,3,Oral,,,,,,,,,,,,,,,,,,,,
298-04-4,"Phosphorodithioic acid, O,O-Diethyl-S-[2-(ethylthio)ethyl] ester",Food,8.169,ug/org,Unspecifed toxicity level,691,3,Oral,,,,,,,,,,,,,,,,,,,,
298-04-4,"Phosphorodithioic acid, O,O-Diethyl-S-[2-(ethylthio)ethyl] ester",Dermal,4.3,ug/bee,Unspecifed toxicity level,692,3,Contact,,,,,,,,,,,,,,,,,,,,
298-04-4,"Phosphorodithioic acid, O,O-Diethyl-S-[2-(ethylthio)ethyl] ester","Diet, unspecified",16.0,ug/bee,Unspecifed toxicity level,693,3,Oral,,,,,,,,,,,,,,,,,,,,
298-04-4,"Phosphorodithioic acid, O,O-Diethyl-S-[2-(ethylthio)ethyl] ester","Diet, unspecified",39.0,ug/bee,Unspecifed toxicity level,694,3,Oral,,,,,,,,,,,,,,,,,,,,
298-04-4,"Phosphorodithioic acid, O,O-Diethyl-S-[2-(ethylthio)ethyl] ester",Dermal,5.14,ug/bee,Unspecifed toxicity level,695,3,Contact,,,,,,,,,,,,,,,,,,,,
298-04-4,"Phosphorodithioic acid, O,O-Diethyl-S-[2-(ethylthio)ethyl] ester",Dermal,0.96,AI ug/org,Unspecifed toxicity level,696,3,Contact,,,,,,,,,,,,,,,,,,,,
301-12-2,"Phosphorothioic acid, S-[2-(Ethylsulfinyl)ethyl] O,O-dimethyl ester",Multiple routes between application groups,24.4,ug/org,Unspecifed toxicity level,697,3,Other,,,,,,,,,,,,,,,,,,,,
301-12-2,"Phosphorothioic acid, S-[2-(Ethylsulfinyl)ethyl] O,O-dimethyl ester",Multiple routes between application groups,2.153,ug/org,Unspecifed toxicity level,698,3,Other,,,,,,,,,,,,,,,,,,,,
301-12-2,"Phosphorothioic acid, S-[2-(Ethylsulfinyl)ethyl] O,O-dimethyl ester",Multiple routes between application groups,3.274,ug/org,Unspecifed toxicity level,699,3,Other,,,,,,,,,,,,,,,,,,,,
301-12-2,"Phosphorothioic acid, S-[2-(Ethylsulfinyl)ethyl] O,O-dimethyl ester",Multiple routes between application groups,4.44,ug/org,Unspecifed toxicity level,700,3,Other,,,,,,,,,,,,,,,,,,,,
301-12-2,"Phosphorothioic acid, S-[2-(Ethylsulfinyl)ethyl] O,O-dimethyl ester",Multiple routes between application groups,2.99,ug/org,Unspecifed toxicity level,701,3,Other,,,,,,,,,,,,,,,,,,,,
301-12-2,"Phosphorothioic acid, S-[2-(Ethylsulfinyl)ethyl] O,O-dimethyl ester",Dermal,3.0,ug/bee,Unspecifed toxicity level,702,3,Contact,,,,,,,,,,,,,,,,,,,,
301-12-2,"Phosphorothioic acid, S-[2-(Ethylsulfinyl)ethyl] O,O-dimethyl ester",Dermal,0.54,ug/bee,Unspecifed toxicity level,703,3,Contact,,,,,,,,,,,,,,,,,,,,
301-12-2,"Phosphorothioic acid, S-[2-(Ethylsulfinyl)ethyl] O,O-dimethyl ester","Diet, unspecified",0.31,ug/bee,Unspecifed toxicity level,704,3,Oral,,,,,,,,,,,,,,,,,,,,
301-12-2,"Phosphorothioic acid, S-[2-(Ethylsulfinyl)ethyl] O,O-dimethyl ester",Dermal,0.003,ug/org,Unspecifed toxicity level,705,3,Contact,,,,,,,,,,,,,,,,,,,,
510-15-6,4-Chloro-alpha-(4-chlorophenyl)-alpha-hydroxybenzeneacetic acid ethyl ester,Dermal,1849.0,ug/bee,Unspecifed toxicity level,706,3,Contact,,,,,,,,,,,,,,,,,,,,
510-15-6,4-Chloro-alpha-(4-chlorophenyl)-alpha-hydroxybenzeneacetic acid ethyl ester,Dermal,9.67,ug/bee,Unspecifed toxicity level,707,3,Contact,,,,,,,,,,,,,,,,,,,,
709-98-8,"N-(3,4-Dichlorophenyl)propanamide",Food,99.1,AI ug/org,Unspecifed toxicity level,708,3,Oral,,,,,,,,,,,,,,,,,,,,
709-98-8,"N-(3,4-Dichlorophenyl)propanamide",Dermal,24.17,ug/bee,Unspecifed toxicity level,709,3,Contact,,,,,,,,,,,,,,,,,,,,
709-98-8,"N-(3,4-Dichlorophenyl)propanamide",Dermal,99.8,AI ug/org,Unspecifed toxicity level,710,3,Contact,,,,,,,,,,,,,,,,,,,,
709-98-8,"N-(3,4-Dichlorophenyl)propanamide",Food,22.0,AI ug/org/d,Unspecifed toxicity level,711,3,Oral,,,,,,,,,,,,,,,,,,,,
709-98-8,"N-(3,4-Dichlorophenyl)propanamide",Food,99.8,AI ug/org,Unspecifed toxicity level,712,3,Oral,,,,,,,,,,,,,,,,,,,,
709-98-8,"N-(3,4-Dichlorophenyl)propanamide",Food,6.13,AI ug/org,Unspecifed toxicity level,713,3,Oral,,,,,,,,,,,,,,,,,,,,
1332-40-7,Copper chloride oxide hydrate,Food,12.7,ug/bee,Unspecifed toxicity level,714,3,Oral,,,,,,,,,,,,,,,,,,,,
1332-40-7,Copper chloride oxide hydrate,Food,33.3,ug/bee,Unspecifed toxicity level,715,3,Oral,,,,,,,,,,,,,,,,,,,,
1332-40-7,Copper chloride oxide hydrate,Food,13.2,ug/bee,Unspecifed toxicity level,716,3,Oral,,,,,,,,,,,,,,,,,,,,
1332-40-7,Copper chloride oxide hydrate,Food,11.9,ug/bee,Unspecifed toxicity level,717,3,Oral,,,,,,,,,,,,,,,,,,,,
1332-40-7,Copper chloride oxide hydrate,Food,47.9,ug/bee,Unspecifed toxicity level,718,3,Oral,,,,,,,,,,,,,,,,,,,,
1332-40-7,Copper chloride oxide hydrate,Food,16.7,ug/bee,Unspecifed toxicity level,719,3,Oral,,,,,,,,,,,,,,,,,,,,
1332-40-7,Copper chloride oxide hydrate,Food,6.1,ug/bee,Unspecifed toxicity level,720,3,Oral,,,,,,,,,,,,,,,,,,,,
1332-40-7,Copper chloride oxide hydrate,Food,5.3,ug/bee,Unspecifed toxicity level,721,3,Oral,,,,,,,,,,,,,,,,,,,,
1332-40-7,Copper chloride oxide hydrate,Food,23.8,ug/bee,Unspecifed toxicity level,722,3,Oral,,,,,,,,,,,,,,,,,,,,
1332-40-7,Copper chloride oxide hydrate,Food,13.3,ug/bee,Unspecifed toxicity level,723,3,Oral,,,,,,,,,,,,,,,,,,,,
1332-40-7,Copper chloride oxide hydrate,Food,4.6,ug/bee,Unspecifed toxicity level,724,3,Oral,,,,,,,,,,,,,,,,,,,,
1332-40-7,Copper chloride oxide hydrate,Food,5.1,ug/bee,Unspecifed toxicity level,725,3,Oral,,,,,,,,,,,,,,,,,,,,
1332-40-7,Copper chloride oxide hydrate,Food,12.3,ug/bee,Unspecifed toxicity level,726,3,Oral,,,,,,,,,,,,,,,,,,,,
1332-40-7,Copper chloride oxide hydrate,Food,10.2,ug/bee,Unspecifed toxicity level,727,3,Oral,,,,,,,,,,,,,,,,,,,,
1332-40-7,Copper chloride oxide hydrate,Food,15.6,ug/bee,Unspecifed toxicity level,728,3,Oral,,,,,,,,,,,,,,,,,,,,
1332-40-7,Copper chloride oxide hydrate,Food,32.0,ug/bee,Unspecifed toxicity level,729,3,Oral,,,,,,,,,,,,,,,,,,,,
1332-40-7,Copper chloride oxide hydrate,Food,12.5,ug/bee,Unspecifed toxicity level,730,3,Oral,,,,,,,,,,,,,,,,,,,,
1332-40-7,Copper chloride oxide hydrate,Food,18.4,ug/bee,Unspecifed toxicity level,731,3,Oral,,,,,,,,,,,,,,,,,,,,
1332-40-7,Copper chloride oxide hydrate,Food,15.8,ug/bee,Unspecifed toxicity level,732,3,Oral,,,,,,,,,,,,,,,,,,,,
1332-40-7,Copper chloride oxide hydrate,Food,10.3,ug/bee,Unspecifed toxicity level,733,3,Oral,,,,,,,,,,,,,,,,,,,,
1332-40-7,Copper chloride oxide hydrate,Food,24.7,ug/bee,Unspecifed toxicity level,734,3,Oral,,,,,,,,,,,,,,,,,,,,
1332-40-7,Copper chloride oxide hydrate,Food,21.7,ug/bee,Unspecifed toxicity level,735,3,Oral,,,,,,,,,,,,,,,,,,,,
1332-40-7,Copper chloride oxide hydrate,Food,23.4,ug/bee,Unspecifed toxicity level,736,3,Oral,,,,,,,,,,,,,,,,,,,,
1332-40-7,Copper chloride oxide hydrate,Food,15.1,ug/bee,Unspecifed toxicity level,737,3,Oral,,,,,,,,,,,,,,,,,,,,
1332-40-7,Copper chloride oxide hydrate,Food,15.0,ug/bee,Unspecifed toxicity level,738,3,Oral,,,,,,,,,,,,,,,,,,,,
1332-40-7,Copper chloride oxide hydrate,Food,7.7,ug/bee,Unspecifed toxicity level,739,3,Oral,,,,,,,,,,,,,,,,,,,,
1332-40-7,Copper chloride oxide hydrate,Food,22.1,ug/bee,Unspecifed toxicity level,740,3,Oral,,,,,,,,,,,,,,,,,,,,
1332-40-7,Copper chloride oxide hydrate,Food,21.2,ug/bee,Unspecifed toxicity level,741,3,Oral,,,,,,,,,,,,,,,,,,,,
1332-40-7,Copper chloride oxide hydrate,Food,19.4,ug/bee,Unspecifed toxicity level,742,3,Oral,,,,,,,,,,,,,,,,,,,,
1332-40-7,Copper chloride oxide hydrate,Food,11.6,ug/bee,Unspecifed toxicity level,743,3,Oral,,,,,,,,,,,,,,,,,,,,
1332-40-7,Copper chloride oxide hydrate,Food,11.5,ug/bee,Unspecifed toxicity level,744,3,Oral,,,,,,,,,,,,,,,,,,,,
1332-40-7,Copper chloride oxide hydrate,Food,19.2,ug/bee,Unspecifed toxicity level,745,3,Oral,,,,,,,,,,,,,,,,,,,,
1332-40-7,Copper chloride oxide hydrate,Food,12.4,ug/bee,Unspecifed toxicity level,746,3,Oral,,,,,,,,,,,,,,,,,,,,
1332-40-7,Copper chloride oxide hydrate,Food,7.4,ug/bee,Unspecifed toxicity level,747,3,Oral,,,,,,,,,,,,,,,,,,,,
1332-40-7,Copper chloride oxide hydrate,Food,37.7,ug/bee,Unspecifed toxicity level,748,3,Oral,,,,,,,,,,,,,,,,,,,,
1332-40-7,Copper chloride oxide hydrate,Food,19.8,ug/bee,Unspecifed toxicity level,749,3,Oral,,,,,,,,,,,,,,,,,,,,
1332-40-7,Copper chloride oxide hydrate,Food,20.3,ug/bee,Unspecifed toxicity level,750,3,Oral,,,,,,,,,,,,,,,,,,,,
1332-40-7,Copper chloride oxide hydrate,Food,27.1,ug/bee,Unspecifed toxicity level,751,3,Oral,,,,,,,,,,,,,,,,,,,,
1332-40-7,Copper chloride oxide hydrate,Food,14.2,ug/bee,Unspecifed toxicity level,752,3,Oral,,,,,,,,,,,,,,,,,,,,
1332-40-7,Copper chloride oxide hydrate,Food,22.6,ug/bee,Unspecifed toxicity level,753,3,Oral,,,,,,,,,,,,,,,,,,,,
1332-40-7,Copper chloride oxide hydrate,Food,26.7,ug/bee,Unspecifed toxicity level,754,3,Oral,,,,,,,,,,,,,,,,,,,,
1332-40-7,Copper chloride oxide hydrate,Food,14.8,ug/bee,Unspecifed toxicity level,755,3,Oral,,,,,,,,,,,,,,,,,,,,
1332-40-7,Copper chloride oxide hydrate,Food,11.0,ug/bee,Unspecifed toxicity level,756,3,Oral,,,,,,,,,,,,,,,,,,,,
1332-40-7,Copper chloride oxide hydrate,Food,10.2,ug/bee,Unspecifed toxicity level,757,3,Oral,,,,,,,,,,,,,,,,,,,,
1332-40-7,Copper chloride oxide hydrate,Food,13.6,ug/bee,Unspecifed toxicity level,758,3,Oral,,,,,,,,,,,,,,,,,,,,
1332-40-7,Copper chloride oxide hydrate,Food,21.7,ug/bee,Unspecifed toxicity level,759,3,Oral,,,,,,,,,,,,,,,,,,,,
1332-40-7,Copper chloride oxide hydrate,Food,30.3,ug/bee,Unspecifed toxicity level,760,3,Oral,,,,,,,,,,,,,,,,,,,,
1332-40-7,Copper chloride oxide hydrate,Food,9.8,ug/bee,Unspecifed toxicity level,761,3,Oral,,,,,,,,,,,,,,,,,,,,
1332-40-7,Copper chloride oxide hydrate,Food,11.0,ug/bee,Unspecifed toxicity level,762,3,Oral,,,,,,,,,,,,,,,,,,,,
1332-40-7,Copper chloride oxide hydrate,Food,13.6,ug/bee,Unspecifed toxicity level,763,3,Oral,,,,,,,,,,,,,,,,,,,,
1332-40-7,Copper chloride oxide hydrate,Food,12.5,ug/bee,Unspecifed toxicity level,764,3,Oral,,,,,,,,,,,,,,,,,,,,
1332-40-7,Copper chloride oxide hydrate,Food,3.0,ug/bee,Unspecifed toxicity level,765,3,Oral,,,,,,,,,,,,,,,,,,,,
1332-40-7,Copper chloride oxide hydrate,Food,35.8,ug/bee,Unspecifed toxicity level,766,3,Oral,,,,,,,,,,,,,,,,,,,,
1332-40-7,Copper chloride oxide hydrate,Food,14.2,ug/bee,Unspecifed toxicity level,767,3,Oral,,,,,,,,,,,,,,,,,,,,
1332-40-7,Copper chloride oxide hydrate,Food,13.0,ug/bee,Unspecifed toxicity level,768,3,Oral,,,,,,,,,,,,,,,,,,,,
1332-40-7,Copper chloride oxide hydrate,Food,32.2,ug/bee,Unspecifed toxicity level,769,3,Oral,,,,,,,,,,,,,,,,,,,,
1332-40-7,Copper chloride oxide hydrate,Food,7.2,ug/bee,Unspecifed toxicity level,770,3,Oral,,,,,,,,,,,,,,,,,,,,
1332-40-7,Copper chloride oxide hydrate,Food,12.7,ug/bee,Unspecifed toxicity level,771,3,Oral,,,,,,,,,,,,,,,,,,,,
1332-40-7,Copper chloride oxide hydrate,Food,8.9,ug/bee,Unspecifed toxicity level,772,3,Oral,,,,,,,,,,,,,,,,,,,,
1332-40-7,Copper chloride oxide hydrate,Food,5.5,ug/bee,Unspecifed toxicity level,773,3,Oral,,,,,,,,,,,,,,,,,,,,
1332-40-7,Copper chloride oxide hydrate,Food,32.4,ug/bee,Unspecifed toxicity level,774,3,Oral,,,,,,,,,,,,,,,,,,,,
1646-88-4,2-Methyl-2-(methylsulfonyl)propanal O-[(methylamino)carbonyl]oxime,Multiple routes between application groups,0.659,ug/org,Unspecifed toxicity level,775,3,Other,,,,,,,,,,,,,,,,,,,,
1646-88-4,2-Methyl-2-(methylsulfonyl)propanal O-[(methylamino)carbonyl]oxime,Multiple routes between application groups,52.55,ug/org,Unspecifed toxicity level,776,3,Other,,,,,,,,,,,,,,,,,,,,
1646-88-4,2-Methyl-2-(methylsulfonyl)propanal O-[(methylamino)carbonyl]oxime,Multiple routes between application groups,42.93,ug/org,Unspecifed toxicity level,777,3,Other,,,,,,,,,,,,,,,,,,,,
1646-88-4,2-Methyl-2-(methylsulfonyl)propanal O-[(methylamino)carbonyl]oxime,Multiple routes between application groups,1.067,ug/org,Unspecifed toxicity level,778,3,Other,,,,,,,,,,,,,,,,,,,,
1646-88-4,2-Methyl-2-(methylsulfonyl)propanal O-[(methylamino)carbonyl]oxime,Multiple routes between application groups,399.3,ug/org,Unspecifed toxicity level,779,3,Other,,,,,,,,,,,,,,,,,,,,
1918-00-9,"3,6-Dichloro-2-methyoxybenzoic acid",Dermal,90.65,ug/bee,Unspecifed toxicity level,780,3,Contact,,,,,,,,,,,,,,,,,,,,
1918-00-9,"3,6-Dichloro-2-methyoxybenzoic acid",Food,21.0,AI ug/org/d,Unspecifed toxicity level,781,3,Oral,,,,,,,,,,,,,,,,,,,,
1918-00-9,"3,6-Dichloro-2-methyoxybenzoic acid",Dermal,100.0,ug/bee,Unspecifed toxicity level,782,3,Contact,,,,,,,,,,,,,,,,,,,,
1918-00-9,"3,6-Dichloro-2-methyoxybenzoic acid","Diet, unspecified",10.0,ug/bee,Unspecifed toxicity level,783,3,Oral,,,,,,,,,,,,,,,,,,,,
2164-17-2,"N,N-Dimethyl-N'-[3-(trifluoromethyl)phenyl]urea",Dermal,100.0,AI ug/org,Unspecifed toxicity level,784,3,Contact,,,,,,,,,,,,,,,,,,,,
2164-17-2,"N,N-Dimethyl-N'-[3-(trifluoromethyl)phenyl]urea",Food,5.87,AI ug/org/d,Unspecifed toxicity level,785,3,Oral,,,,,,,,,,,,,,,,,,,,
2164-17-2,"N,N-Dimethyl-N'-[3-(trifluoromethyl)phenyl]urea",Food,100.0,AI ug/org,Unspecifed toxicity level,786,3,Oral,,,,,,,,,,,,,,,,,,,,
2164-17-2,"N,N-Dimethyl-N'-[3-(trifluoromethyl)phenyl]urea",Food,96.0,AI ug/org,Unspecifed toxicity level,787,3,Oral,,,,,,,,,,,,,,,,,,,,
2164-17-2,"N,N-Dimethyl-N'-[3-(trifluoromethyl)phenyl]urea",Food,5.05,AI ug/org/d,Unspecifed toxicity level,788,3,Oral,,,,,,,,,,,,,,,,,,,,
2164-17-2,"N,N-Dimethyl-N'-[3-(trifluoromethyl)phenyl]urea",Food,34.02,AI ug/org,Unspecifed toxicity level,789,3,Oral,,,,,,,,,,,,,,,,,,,,
2164-17-2,"N,N-Dimethyl-N'-[3-(trifluoromethyl)phenyl]urea",Dermal,100.0,AI ug/org,Unspecifed toxicity level,790,3,Contact,,,,,,,,,,,,,,,,,,,,
2164-17-2,"N,N-Dimethyl-N'-[3-(trifluoromethyl)phenyl]urea",Food,22.0,AI ug/org,Unspecifed toxicity level,791,3,Oral,,,,,,,,,,,,,,,,,,,,
2164-17-2,"N,N-Dimethyl-N'-[3-(trifluoromethyl)phenyl]urea",Dermal,193.38,ug/bee,Unspecifed toxicity level,792,3,Contact,,,,,,,,,,,,,,,,,,,,
2310-17-0,"S-[(6-Chloro-2-oxo-3(2H)-benzoxazolyl)methyl]O,O-diethyl ester phosphorodithioic acid",Dermal,8.94,ug/bee,Unspecifed toxicity level,793,3,Contact,,,,,,,,,,,,,,,,,,,,
2310-17-0,"S-[(6-Chloro-2-oxo-3(2H)-benzoxazolyl)methyl]O,O-diethyl ester phosphorodithioic acid",Food,13.3,ug/bee,Unspecifed toxicity level,794,3,Oral,,,,,,,,,,,,,,,,,,,,
2310-17-0,"S-[(6-Chloro-2-oxo-3(2H)-benzoxazolyl)methyl]O,O-diethyl ester phosphorodithioic acid",Food,11.1,ug/bee,Unspecifed toxicity level,795,3,Oral,,,,,,,,,,,,,,,,,,,,
2310-17-0,"S-[(6-Chloro-2-oxo-3(2H)-benzoxazolyl)methyl]O,O-diethyl ester phosphorodithioic acid",Food,16.3,ug/bee,Unspecifed toxicity level,796,3,Oral,,,,,,,,,,,,,,,,,,,,
2310-17-0,"S-[(6-Chloro-2-oxo-3(2H)-benzoxazolyl)methyl]O,O-diethyl ester phosphorodithioic acid",Food,9.9,ug/bee,Unspecifed toxicity level,797,3,Oral,,,,,,,,,,,,,,,,,,,,
2310-17-0,"S-[(6-Chloro-2-oxo-3(2H)-benzoxazolyl)methyl]O,O-diethyl ester phosphorodithioic acid",Food,17.4,ug/bee,Unspecifed toxicity level,798,3,Oral,,,,,,,,,,,,,,,,,,,,
2310-17-0,"S-[(6-Chloro-2-oxo-3(2H)-benzoxazolyl)methyl]O,O-diethyl ester phosphorodithioic acid",Food,11.8,ug/bee,Unspecifed toxicity level,799,3,Oral,,,,,,,,,,,,,,,,,,,,
2312-35-8,"2-[4-(1,1-Dimethylethyl)phenoxy]cyclohexyl 2-propynyl ester sulfurous acid",Dermal,15.0,ug/bee,Unspecifed toxicity level,800,3,Contact,,,,,,,,,,,,,,,,,,,,
2312-35-8,"2-[4-(1,1-Dimethylethyl)phenoxy]cyclohexyl 2-propynyl ester sulfurous acid",Food,100.0,AI ug/org,Unspecifed toxicity level,801,3,Oral,,,,,,,,,,,,,,,,,,,,
2312-35-8,"2-[4-(1,1-Dimethylethyl)phenoxy]cyclohexyl 2-propynyl ester sulfurous acid",Dermal,62.19,AI ug/org,Unspecifed toxicity level,802,3,Contact,,,,,,,,,,,,,,,,,,,,
2312-35-8,"2-[4-(1,1-Dimethylethyl)phenoxy]cyclohexyl 2-propynyl ester sulfurous acid",Food,4.8,AI ug/org/d,Unspecifed toxicity level,803,3,Oral,,,,,,,,,,,,,,,,,,,,
2312-35-8,"2-[4-(1,1-Dimethylethyl)phenoxy]cyclohexyl 2-propynyl ester sulfurous acid",Food,25.31,AI ug/org/d,Unspecifed toxicity level,804,3,Oral,,,,,,,,,,,,,,,,,,,,
2312-35-8,"2-[4-(1,1-Dimethylethyl)phenoxy]cyclohexyl 2-propynyl ester sulfurous acid",Multiple routes between application groups,107.8,ug/org,Unspecifed toxicity level,805,3,Other,,,,,,,,,,,,,,,,,,,,
2312-35-8,"2-[4-(1,1-Dimethylethyl)phenoxy]cyclohexyl 2-propynyl ester sulfurous acid",Multiple routes between application groups,67.47,ug/org,Unspecifed toxicity level,806,3,Other,,,,,,,,,,,,,,,,,,,,
2312-35-8,"2-[4-(1,1-Dimethylethyl)phenoxy]cyclohexyl 2-propynyl ester sulfurous acid",Food,100.0,AI ug/org,Unspecifed toxicity level,807,3,Oral,,,,,,,,,,,,,,,,,,,,
2312-35-8,"2-[4-(1,1-Dimethylethyl)phenoxy]cyclohexyl 2-propynyl ester sulfurous acid",Multiple routes between application groups,111.8,ug/org,Unspecifed toxicity level,808,3,Other,,,,,,,,,,,,,,,,,,,,
2312-35-8,"2-[4-(1,1-Dimethylethyl)phenoxy]cyclohexyl 2-propynyl ester sulfurous acid","Spray, unspecified",126866.99,ug/bee,Unspecifed toxicity level,809,3,Other,,,,,,,,,,,,,,,,,,,,
2312-35-8,"2-[4-(1,1-Dimethylethyl)phenoxy]cyclohexyl 2-propynyl ester sulfurous acid","Spray, unspecified",88299.42,AI ug/org,Unspecifed toxicity level,810,3,Other,,,,,,,,,,,,,,,,,,,,
2312-35-8,"2-[4-(1,1-Dimethylethyl)phenoxy]cyclohexyl 2-propynyl ester sulfurous acid",Dermal,51.33,AI ug/org,Unspecifed toxicity level,811,3,Contact,,,,,,,,,,,,,,,,,,,,
2795-39-3,"1,1,2,2,3,3,4,4,5,5,6,6,7,7,8,8,8-Heptadecafluoro-1-octanesulfonic acid potassium salt","Diet, unspecified",0.72,AI ug/org,Unspecifed toxicity level,812,3,Oral,,,,,,,,,,,,,,,,,,,,
2795-39-3,"1,1,2,2,3,3,4,4,5,5,6,6,7,7,8,8,8-Heptadecafluoro-1-octanesulfonic acid potassium salt","Topical, general",38.9,AI ug/org,Unspecifed toxicity level,813,3,Contact,,,,,,,,,,,,,,,,,,,,
2795-39-3,"1,1,2,2,3,3,4,4,5,5,6,6,7,7,8,8,8-Heptadecafluoro-1-octanesulfonic acid potassium salt","Diet, unspecified",0.4,AI ug/org,Unspecifed toxicity level,814,3,Oral,,,,,,,,,,,,,,,,,,,,
2795-39-3,"1,1,2,2,3,3,4,4,5,5,6,6,7,7,8,8,8-Heptadecafluoro-1-octanesulfonic acid potassium salt","Diet, unspecified",0.46,AI ug/org,Unspecifed toxicity level,815,3,Oral,,,,,,,,,,,,,,,,,,,,
2795-39-3,"1,1,2,2,3,3,4,4,5,5,6,6,7,7,8,8,8-Heptadecafluoro-1-octanesulfonic acid potassium salt",Food,0.4,AI ug/org,Unspecifed toxicity level,816,3,Oral,,,,,,,,,,,,,,,,,,,,
2795-39-3,"1,1,2,2,3,3,4,4,5,5,6,6,7,7,8,8,8-Heptadecafluoro-1-octanesulfonic acid potassium salt","Topical, general",10.4,AI ug/org,Unspecifed toxicity level,817,3,Contact,,,,,,,,,,,,,,,,,,,,
2795-39-3,"1,1,2,2,3,3,4,4,5,5,6,6,7,7,8,8,8-Heptadecafluoro-1-octanesulfonic acid potassium salt","Topical, general",4.78,AI ug/org,Unspecifed toxicity level,818,3,Contact,,,,,,,,,,,,,,,,,,,,
2795-39-3,"1,1,2,2,3,3,4,4,5,5,6,6,7,7,8,8,8-Heptadecafluoro-1-octanesulfonic acid potassium salt","Topical, general",6.0,AI ug/org,Unspecifed toxicity level,819,3,Contact,,,,,,,,,,,,,,,,,,,,
5326-23-8,6-Chloro-3-pyridinecarboxylic acid,"Topical, general",50.0,AI ug/org,Unspecifed toxicity level,820,3,Contact,,,,,,,,,,,,,,,,,,,,
5326-23-8,6-Chloro-3-pyridinecarboxylic acid,Food,1.0,ng/org,Unspecifed toxicity level,821,3,Oral,,,,,,,,,,,,,,,,,,,,
5326-23-8,6-Chloro-3-pyridinecarboxylic acid,Food,1.0,ng/org,Unspecifed toxicity level,822,3,Oral,,,,,,,,,,,,,,,,,,,,
5326-23-8,6-Chloro-3-pyridinecarboxylic acid,Food,1.0,ng/org,Unspecifed toxicity level,823,3,Oral,,,,,,,,,,,,,,,,,,,,
5326-23-8,6-Chloro-3-pyridinecarboxylic acid,Food,121.5,AI ng/org,Unspecifed toxicity level,824,3,Oral,,,,,,,,,,,,,,,,,,,,
8001-35-2,Toxaphene,Food,39.809999999999995,mg/org,Unspecifed toxicity level,825,3,Oral,,,,,,,,,,,,,,,,,,,,
8001-35-2,Toxaphene,"Topical, general",35.68,ug/org,Unspecifed toxicity level,826,3,Contact,,,,,,,,,,,,,,,,,,,,
8001-35-2,Toxaphene,"Topical, general",21.3,ug/org,Unspecifed toxicity level,827,3,Contact,,,,,,,,,,,,,,,,,,,,
8001-35-2,Toxaphene,Dermal,50.4,ug/bee,Unspecifed toxicity level,828,3,Contact,,,,,,,,,,,,,,,,,,,,
8001-35-2,Toxaphene,"Topical, general",73.81,ug/org,Unspecifed toxicity level,829,3,Contact,,,,,,,,,,,,,,,,,,,,
8001-35-2,Toxaphene,"Topical, general",19.08,ug/org,Unspecifed toxicity level,830,3,Contact,,,,,,,,,,,,,,,,,,,,
8001-35-2,Toxaphene,"Topical, general",33.6,ug/org,Unspecifed toxicity level,831,3,Contact,,,,,,,,,,,,,,,,,,,,
8001-35-2,Toxaphene,Dermal,0.144,ug/org,Unspecifed toxicity level,832,3,Contact,,,,,,,,,,,,,,,,,,,,
10124-65-9,Potassium dodecanoate,Dermal,25.0,ug/bee,Unspecifed toxicity level,833,3,Contact,,,,,,,,,,,,,,,,,,,,
10124-65-9,Potassium dodecanoate,Dermal,0.4975,AI ug/org,Unspecifed toxicity level,834,3,Contact,,,,,,,,,,,,,,,,,,,,
10265-92-6,"Phosphoramidothioic acid, O,S-Dimethyl ester",Dermal,1.37,ug/bee,Unspecifed toxicity level,835,3,Contact,,,,,,,,,,,,,,,,,,,,
10265-92-6,"Phosphoramidothioic acid, O,S-Dimethyl ester",Food,3.7,AI ug/org,Unspecifed toxicity level,836,3,Oral,,,,,,,,,,,,,,,,,,,,
10265-92-6,"Phosphoramidothioic acid, O,S-Dimethyl ester",Multiple routes between application groups,0.766,ug/org,Unspecifed toxicity level,837,3,Other,,,,,,,,,,,,,,,,,,,,
10265-92-6,"Phosphoramidothioic acid, O,S-Dimethyl ester",Multiple routes between application groups,0.698,ug/org,Unspecifed toxicity level,838,3,Other,,,,,,,,,,,,,,,,,,,,
10265-92-6,"Phosphoramidothioic acid, O,S-Dimethyl ester",Multiple routes between application groups,1.37,ug/org,Unspecifed toxicity level,839,3,Other,,,,,,,,,,,,,,,,,,,,
10265-92-6,"Phosphoramidothioic acid, O,S-Dimethyl ester",Multiple routes between application groups,0.871,ug/org,Unspecifed toxicity level,840,3,Other,,,,,,,,,,,,,,,,,,,,
10265-92-6,"Phosphoramidothioic acid, O,S-Dimethyl ester",Multiple routes between application groups,0.73,ug/org,Unspecifed toxicity level,841,3,Other,,,,,,,,,,,,,,,,,,,,
10265-92-6,"Phosphoramidothioic acid, O,S-Dimethyl ester",Food,0.2,ng/org,Unspecifed toxicity level,842,3,Oral,,,,,,,,,,,,,,,,,,,,
10265-92-6,"Phosphoramidothioic acid, O,S-Dimethyl ester","Topical, general",408.5,AI ug/org,Unspecifed toxicity level,843,3,Contact,,,,,,,,,,,,,,,,,,,,
10311-84-9,"S-[2-Chloro-1-(1,3-dihydro-1,3-dioxo-2H-isoindol-2-yl)ethyl], O,O-diethyl ester phosphorodithioic acid",Dermal,34.45,ug/bee,Unspecifed toxicity level,844,3,Contact,,,,,,,,,,,,,,,,,,,,
10311-84-9,"S-[2-Chloro-1-(1,3-dihydro-1,3-dioxo-2H-isoindol-2-yl)ethyl], O,O-diethyl ester phosphorodithioic acid","Diet, unspecified",29.2,ug/bee,Unspecifed toxicity level,845,3,Oral,,,,,,,,,,,,,,,,,,,,
10311-84-9,"S-[2-Chloro-1-(1,3-dihydro-1,3-dioxo-2H-isoindol-2-yl)ethyl], O,O-diethyl ester phosphorodithioic acid",Dermal,9.5,ug/bee,Unspecifed toxicity level,846,3,Contact,,,,,,,,,,,,,,,,,,,,
10311-84-9,"S-[2-Chloro-1-(1,3-dihydro-1,3-dioxo-2H-isoindol-2-yl)ethyl], O,O-diethyl ester phosphorodithioic acid",Dermal,28.6,ug/bee,Unspecifed toxicity level,847,3,Contact,,,,,,,,,,,,,,,,,,,,
17804-35-2,"N-[1-[(Butylamino)carbonyl]-1H-benzimidazol-2-yl]carbamic acid, Methyl ester",Dermal,10.0,ug/bee,Unspecifed toxicity level,848,3,Contact,,,,,,,,,,,,,,,,,,,,
17804-35-2,"N-[1-[(Butylamino)carbonyl]-1H-benzimidazol-2-yl]carbamic acid, Methyl ester","Diet, unspecified",10.0,ug/bee,Unspecifed toxicity level,849,3,Oral,,,,,,,,,,,,,,,,,,,,
17804-35-2,"N-[1-[(Butylamino)carbonyl]-1H-benzimidazol-2-yl]carbamic acid, Methyl ester",Multiple routes between application groups,3757.0,ug/org,Unspecifed toxicity level,850,3,Other,,,,,,,,,,,,,,,,,,,,
17804-35-2,"N-[1-[(Butylamino)carbonyl]-1H-benzimidazol-2-yl]carbamic acid, Methyl ester",Multiple routes between application groups,853000.0,ug/org,Unspecifed toxicity level,851,3,Other,,,,,,,,,,,,,,,,,,,,
17804-35-2,"N-[1-[(Butylamino)carbonyl]-1H-benzimidazol-2-yl]carbamic acid, Methyl ester",Multiple routes between application groups,1020000000.0,ug/org,Unspecifed toxicity level,852,3,Other,,,,,,,,,,,,,,,,,,,,
17804-35-2,"N-[1-[(Butylamino)carbonyl]-1H-benzimidazol-2-yl]carbamic acid, Methyl ester",Dermal,120.86,ug/bee,Unspecifed toxicity level,853,3,Contact,,,,,,,,,,,,,,,,,,,,
17804-35-2,"N-[1-[(Butylamino)carbonyl]-1H-benzimidazol-2-yl]carbamic acid, Methyl ester",Multiple routes between application groups,1050000.0,ug/org,Unspecifed toxicity level,854,3,Other,,,,,,,,,,,,,,,,,,,,
23103-98-2,"Dimethylcarbamic acid, 2-(Dimethylamino)-5,6-dimethyl-4-pyrimidinyl ester","Diet, unspecified",3.2,ug/bee,Unspecifed toxicity level,855,3,Oral,,,,,,,,,,,,,,,,,,,,
23103-98-2,"Dimethylcarbamic acid, 2-(Dimethylamino)-5,6-dimethyl-4-pyrimidinyl ester",Food,19.5,AI ug/org,Unspecifed toxicity level,856,3,Oral,,,,,,,,,,,,,,,,,,,,
23103-98-2,"Dimethylcarbamic acid, 2-(Dimethylamino)-5,6-dimethyl-4-pyrimidinyl ester",Dermal,54.0,ug/bee,Unspecifed toxicity level,857,3,Contact,,,,,,,,,,,,,,,,,,,,
23103-98-2,"Dimethylcarbamic acid, 2-(Dimethylamino)-5,6-dimethyl-4-pyrimidinyl ester",Dermal,12.56,AI ug/org,Unspecifed toxicity level,858,3,Contact,,,,,,,,,,,,,,,,,,,,
23103-98-2,"Dimethylcarbamic acid, 2-(Dimethylamino)-5,6-dimethyl-4-pyrimidinyl ester",Food,3.01,AI ug/org,Unspecifed toxicity level,859,3,Oral,,,,,,,,,,,,,,,,,,,,
23103-98-2,"Dimethylcarbamic acid, 2-(Dimethylamino)-5,6-dimethyl-4-pyrimidinyl ester","Topical, general",2.791,AI ug/org,Unspecifed toxicity level,860,3,Contact,,,,,,,,,,,,,,,,,,,,
23103-98-2,"Dimethylcarbamic acid, 2-(Dimethylamino)-5,6-dimethyl-4-pyrimidinyl ester",Dermal,18.72,AI ug/org,Unspecifed toxicity level,861,3,Contact,,,,,,,,,,,,,,,,,,,,
23103-98-2,"Dimethylcarbamic acid, 2-(Dimethylamino)-5,6-dimethyl-4-pyrimidinyl ester",Food,11.31,AI ug/org,Unspecifed toxicity level,862,3,Oral,,,,,,,,,,,,,,,,,,,,
23422-53-9,"N,N-Dimethyl-N'-[3[[(methylamino)carbonyl]oxy]phenyl]methanimidamide hydrochloride (1:1)","Topical, general",4.971,AI ug/org,Unspecifed toxicity level,863,3,Contact,,,,,,,,,,,,,,,,,,,,
23422-53-9,"N,N-Dimethyl-N'-[3[[(methylamino)carbonyl]oxy]phenyl]methanimidamide hydrochloride (1:1)",Multiple routes between application groups,67.202,ug/org,Unspecifed toxicity level,864,3,Other,,,,,,,,,,,,,,,,,,,,
23422-53-9,"N,N-Dimethyl-N'-[3[[(methylamino)carbonyl]oxy]phenyl]methanimidamide hydrochloride (1:1)",Multiple routes between application groups,18.252,ug/org,Unspecifed toxicity level,865,3,Other,,,,,,,,,,,,,,,,,,,,
23422-53-9,"N,N-Dimethyl-N'-[3[[(methylamino)carbonyl]oxy]phenyl]methanimidamide hydrochloride (1:1)",Multiple routes between application groups,426.3,ug/org,Unspecifed toxicity level,866,3,Other,,,,,,,,,,,,,,,,,,,,
23422-53-9,"N,N-Dimethyl-N'-[3[[(methylamino)carbonyl]oxy]phenyl]methanimidamide hydrochloride (1:1)",Multiple routes between application groups,9.21,ug/org,Unspecifed toxicity level,867,3,Other,,,,,,,,,,,,,,,,,,,,
23422-53-9,"N,N-Dimethyl-N'-[3[[(methylamino)carbonyl]oxy]phenyl]methanimidamide hydrochloride (1:1)",Food,0.16,AI ug/org,Unspecifed toxicity level,868,3,Oral,,,,,,,,,,,,,,,,,,,,
23422-53-9,"N,N-Dimethyl-N'-[3[[(methylamino)carbonyl]oxy]phenyl]methanimidamide hydrochloride (1:1)",Food,0.11,AI ug/org/d,Unspecifed toxicity level,869,3,Oral,,,,,,,,,,,,,,,,,,,,
23422-53-9,"N,N-Dimethyl-N'-[3[[(methylamino)carbonyl]oxy]phenyl]methanimidamide hydrochloride (1:1)",Dermal,1.0,AI ug/org,Unspecifed toxicity level,870,3,Contact,,,,,,,,,,,,,,,,,,,,
23564-05-8,"N,N'-[1,2-Phenylenebis(iminocarbonothioyl)]bis-C,C'- dimethyl ester carbamic acid",Dermal,100.0,AI ug/org,Unspecifed toxicity level,871,3,Contact,,,,,,,,,,,,,,,,,,,,
23564-05-8,"N,N'-[1,2-Phenylenebis(iminocarbonothioyl)]bis-C,C'- dimethyl ester carbamic acid",Food,52.0,AI ug/org/d,Unspecifed toxicity level,872,3,Oral,,,,,,,,,,,,,,,,,,,,
23564-05-8,"N,N'-[1,2-Phenylenebis(iminocarbonothioyl)]bis-C,C'- dimethyl ester carbamic acid",Food,4.16,AI ug/org/d,Unspecifed toxicity level,873,3,Oral,,,,,,,,,,,,,,,,,,,,
23564-05-8,"N,N'-[1,2-Phenylenebis(iminocarbonothioyl)]bis-C,C'- dimethyl ester carbamic acid",Food,114.68,AI ug/org,Unspecifed toxicity level,874,3,Oral,,,,,,,,,,,,,,,,,,,,
23564-05-8,"N,N'-[1,2-Phenylenebis(iminocarbonothioyl)]bis-C,C'- dimethyl ester carbamic acid",Food,88.0,AI ug/org,Unspecifed toxicity level,875,3,Oral,,,,,,,,,,,,,,,,,,,,
35367-38-5,"N-[[(4-Chlorophenyl)amino]carbonyl]-2,6-difluorobenzamide","Topical, general",3.01,ug/org,Unspecifed toxicity level,876,3,Contact,,,,,,,,,,,,,,,,,,,,
35367-38-5,"N-[[(4-Chlorophenyl)amino]carbonyl]-2,6-difluorobenzamide",Food,0.0624,AI ug/org,Unspecifed toxicity level,877,3,Oral,,,,,,,,,,,,,,,,,,,,
35367-38-5,"N-[[(4-Chlorophenyl)amino]carbonyl]-2,6-difluorobenzamide",Food,85.6,AI ug/org,Unspecifed toxicity level,878,3,Oral,,,,,,,,,,,,,,,,,,,,
35367-38-5,"N-[[(4-Chlorophenyl)amino]carbonyl]-2,6-difluorobenzamide",Dermal,74.2,AI ug/org,Unspecifed toxicity level,879,3,Contact,,,,,,,,,,,,,,,,,,,,
35367-38-5,"N-[[(4-Chlorophenyl)amino]carbonyl]-2,6-difluorobenzamide",Food,9.1,AI ug/org,Unspecifed toxicity level,880,3,Oral,,,,,,,,,,,,,,,,,,,,
35367-38-5,"N-[[(4-Chlorophenyl)amino]carbonyl]-2,6-difluorobenzamide",Food,0.044,AI ug/org/d,Unspecifed toxicity level,881,3,Oral,,,,,,,,,,,,,,,,,,,,
35367-38-5,"N-[[(4-Chlorophenyl)amino]carbonyl]-2,6-difluorobenzamide",Dermal,100.0,AI ug/org,Unspecifed toxicity level,882,3,Contact,,,,,,,,,,,,,,,,,,,,
35367-38-5,"N-[[(4-Chlorophenyl)amino]carbonyl]-2,6-difluorobenzamide","Topical, general",2.42,ug/org,Unspecifed toxicity level,883,3,Contact,,,,,,,,,,,,,,,,,,,,
35367-38-5,"N-[[(4-Chlorophenyl)amino]carbonyl]-2,6-difluorobenzamide","Topical, general",6.01,ug/org,Unspecifed toxicity level,884,3,Contact,,,,,,,,,,,,,,,,,,,,
35367-38-5,"N-[[(4-Chlorophenyl)amino]carbonyl]-2,6-difluorobenzamide","Diet, unspecified",30.0,ug/bee,Unspecifed toxicity level,885,3,Oral,,,,,,,,,,,,,,,,,,,,
35367-38-5,"N-[[(4-Chlorophenyl)amino]carbonyl]-2,6-difluorobenzamide",Dermal,30.0,ug/bee,Unspecifed toxicity level,886,3,Contact,,,,,,,,,,,,,,,,,,,,
52508-35-7,"2,3:4,6-bis-O-(1-Methylethylidene)-alpha-L-xylo-2-hexulofuranosonic acid, Sodium salt",Food,91.0,AI ug/org,Unspecifed toxicity level,887,3,Oral,,,,,,,,,,,,,,,,,,,,
52508-35-7,"2,3:4,6-bis-O-(1-Methylethylidene)-alpha-L-xylo-2-hexulofuranosonic acid, Sodium salt",Food,66.0,AI ug/org,Unspecifed toxicity level,888,3,Oral,,,,,,,,,,,,,,,,,,,,
52508-35-7,"2,3:4,6-bis-O-(1-Methylethylidene)-alpha-L-xylo-2-hexulofuranosonic acid, Sodium salt",Food,7.3,AI ug/org/d,Unspecifed toxicity level,889,3,Oral,,,,,,,,,,,,,,,,,,,,
52508-35-7,"2,3:4,6-bis-O-(1-Methylethylidene)-alpha-L-xylo-2-hexulofuranosonic acid, Sodium salt",Dermal,81.0,AI ug/org,Unspecifed toxicity level,890,3,Contact,,,,,,,,,,,,,,,,,,,,
52918-63-5,"(1R,3R)-3-(2,2-Dibromoethenyl)-2,2-dimethylcyclopropanecarboxylic acid (S)cyano(3-phenoxyphenyl)methyl ester","Topical, general",0.05065,ng/org,Unspecifed toxicity level,891,3,Contact,,,,,,,,,,,,,,,,,,,,
52918-63-5,"(1R,3R)-3-(2,2-Dibromoethenyl)-2,2-dimethylcyclopropanecarboxylic acid (S)cyano(3-phenoxyphenyl)methyl ester","Diet, unspecified",0.079,ug/bee,Unspecifed toxicity level,892,3,Oral,,,,,,,,,,,,,,,,,,,,
52918-63-5,"(1R,3R)-3-(2,2-Dibromoethenyl)-2,2-dimethylcyclopropanecarboxylic acid (S)cyano(3-phenoxyphenyl)methyl ester",Food,0.85,AI ug/org,Unspecifed toxicity level,893,3,Oral,,,,,,,,,,,,,,,,,,,,
52918-63-5,"(1R,3R)-3-(2,2-Dibromoethenyl)-2,2-dimethylcyclopropanecarboxylic acid (S)cyano(3-phenoxyphenyl)methyl ester","Diet, unspecified",0.0184,AI ng/org,Unspecifed toxicity level,894,3,Oral,,,,,,,,,,,,,,,,,,,,
52918-63-5,"(1R,3R)-3-(2,2-Dibromoethenyl)-2,2-dimethylcyclopropanecarboxylic acid (S)cyano(3-phenoxyphenyl)methyl ester",Dermal,0.019399999999999997,AI ng/org,Unspecifed toxicity level,895,3,Contact,,,,,,,,,,,,,,,,,,,,
52918-63-5,"(1R,3R)-3-(2,2-Dibromoethenyl)-2,2-dimethylcyclopropanecarboxylic acid (S)cyano(3-phenoxyphenyl)methyl ester",Food,0.71,AI ng/org,Unspecifed toxicity level,896,3,Oral,,,,,,,,,,,,,,,,,,,,
52918-63-5,"(1R,3R)-3-(2,2-Dibromoethenyl)-2,2-dimethylcyclopropanecarboxylic acid (S)cyano(3-phenoxyphenyl)methyl ester","Spray, unspecified",0.019,AI ng/org,Unspecifed toxicity level,897,3,Other,,,,,,,,,,,,,,,,,,,,
52918-63-5,"(1R,3R)-3-(2,2-Dibromoethenyl)-2,2-dimethylcyclopropanecarboxylic acid (S)cyano(3-phenoxyphenyl)methyl ester","Topical, general",0.677,AI ug/org,Unspecifed toxicity level,898,3,Contact,,,,,,,,,,,,,,,,,,,,
52918-63-5,"(1R,3R)-3-(2,2-Dibromoethenyl)-2,2-dimethylcyclopropanecarboxylic acid (S)cyano(3-phenoxyphenyl)methyl ester",Food,0.05,ug/org,Unspecifed toxicity level,899,3,Oral,,,,,,,,,,,,,,,,,,,,
52918-63-5,"(1R,3R)-3-(2,2-Dibromoethenyl)-2,2-dimethylcyclopropanecarboxylic acid (S)cyano(3-phenoxyphenyl)methyl ester",Dermal,0.112,AI ug/org,Unspecifed toxicity level,900,3,Contact,,,,,,,,,,,,,,,,,,,,
52918-63-5,"(1R,3R)-3-(2,2-Dibromoethenyl)-2,2-dimethylcyclopropanecarboxylic acid (S)cyano(3-phenoxyphenyl)methyl ester",Food,0.21,AI ug/org,Unspecifed toxicity level,901,3,Oral,,,,,,,,,,,,,,,,,,,,
52918-63-5,"(1R,3R)-3-(2,2-Dibromoethenyl)-2,2-dimethylcyclopropanecarboxylic acid (S)cyano(3-phenoxyphenyl)methyl ester",Food,0.191,AI ug/org,Unspecifed toxicity level,902,3,Oral,,,,,,,,,,,,,,,,,,,,
52918-63-5,"(1R,3R)-3-(2,2-Dibromoethenyl)-2,2-dimethylcyclopropanecarboxylic acid (S)cyano(3-phenoxyphenyl)methyl ester",Dermal,0.0015,AI ug/org,Unspecifed toxicity level,903,3,Contact,,,,,,,,,,,,,,,,,,,,
52918-63-5,"(1R,3R)-3-(2,2-Dibromoethenyl)-2,2-dimethylcyclopropanecarboxylic acid (S)cyano(3-phenoxyphenyl)methyl ester",Dermal,0.051,ug/bee,Unspecifed toxicity level,904,3,Contact,,,,,,,,,,,,,,,,,,,,
52918-63-5,"(1R,3R)-3-(2,2-Dibromoethenyl)-2,2-dimethylcyclopropanecarboxylic acid (S)cyano(3-phenoxyphenyl)methyl ester","Topical, general",112.2,AI ug/org,Unspecifed toxicity level,905,3,Contact,,,,,,,,,,,,,,,,,,,,
57960-19-7,"2-(Acetyloxy)-3-dodecyl-1,4-naphthalenedione",Food,1.2,AI ug/org,Unspecifed toxicity level,906,3,Oral,,,,,,,,,,,,,,,,,,,,
57960-19-7,"2-(Acetyloxy)-3-dodecyl-1,4-naphthalenedione",Dermal,100.0,AI ug/org,Unspecifed toxicity level,907,3,Contact,,,,,,,,,,,,,,,,,,,,
57960-19-7,"2-(Acetyloxy)-3-dodecyl-1,4-naphthalenedione",Food,0.43,AI ug/org/d,Unspecifed toxicity level,908,3,Oral,,,,,,,,,,,,,,,,,,,,
57960-19-7,"2-(Acetyloxy)-3-dodecyl-1,4-naphthalenedione",Dermal,350.0,AI ug/org,Unspecifed toxicity level,909,3,Contact,,,,,,,,,,,,,,,,,,,,
57960-19-7,"2-(Acetyloxy)-3-dodecyl-1,4-naphthalenedione",Food,315.0,AI ug/org,Unspecifed toxicity level,910,3,Oral,,,,,,,,,,,,,,,,,,,,
59669-26-0,"N,N'-[Thiobis[(methylimino)carbonyloxy]]bisethanimidothioic acid dimethyl ester","Spray, unspecified",2.79,ug/bee,Unspecifed toxicity level,911,3,Other,,,,,,,,,,,,,,,,,,,,
59669-26-0,"N,N'-[Thiobis[(methylimino)carbonyloxy]]bisethanimidothioic acid dimethyl ester","Spray, unspecified",0.95,AI ug/org,Unspecifed toxicity level,912,3,Other,,,,,,,,,,,,,,,,,,,,
59669-26-0,"N,N'-[Thiobis[(methylimino)carbonyloxy]]bisethanimidothioic acid dimethyl ester","Topical, general",0.13,AI ug/org,Unspecifed toxicity level,913,3,Contact,,,,,,,,,,,,,,,,,,,,
59669-26-0,"N,N'-[Thiobis[(methylimino)carbonyloxy]]bisethanimidothioic acid dimethyl ester",Food,0.13,AI ug/org,Unspecifed toxicity level,914,3,Oral,,,,,,,,,,,,,,,,,,,,
59669-26-0,"N,N'-[Thiobis[(methylimino)carbonyloxy]]bisethanimidothioic acid dimethyl ester",Dermal,25.0,AI ug/org,Unspecifed toxicity level,915,3,Contact,,,,,,,,,,,,,,,,,,,,
59669-26-0,"N,N'-[Thiobis[(methylimino)carbonyloxy]]bisethanimidothioic acid dimethyl ester",Dermal,2.11,AI ug/org,Unspecifed toxicity level,916,3,Contact,,,,,,,,,,,,,,,,,,,,
68157-60-8,N-(2-Chloro-4-pyridinyl)-N'-phenylurea  ,Food,15.0,AI ug/org,Unspecifed toxicity level,917,3,Oral,,,,,,,,,,,,,,,,,,,,
68157-60-8,N-(2-Chloro-4-pyridinyl)-N'-phenylurea  ,Food,15.0,AI ug/org/d,Unspecifed toxicity level,918,3,Oral,,,,,,,,,,,,,,,,,,,,
68157-60-8,N-(2-Chloro-4-pyridinyl)-N'-phenylurea  ,Dermal,25.0,AI ug/org,Unspecifed toxicity level,919,3,Contact,,,,,,,,,,,,,,,,,,,,
68157-60-8,N-(2-Chloro-4-pyridinyl)-N'-phenylurea  ,Food,4.23,AI ug/org/d,Unspecifed toxicity level,920,3,Oral,,,,,,,,,,,,,,,,,,,,
71422-67-8,"N-[[[3,5-Dichloro-4-[[3-chloro-5-(trifluoromethyl)-2-pyridinyl]oxy]phenyl]amino]carbonyl]-2,6-difluorobenzamide",Dermal,0.000195,ug/org,Unspecifed toxicity level,921,3,Contact,,,,,,,,,,,,,,,,,,,,
71422-67-8,"N-[[[3,5-Dichloro-4-[[3-chloro-5-(trifluoromethyl)-2-pyridinyl]oxy]phenyl]amino]carbonyl]-2,6-difluorobenzamide",Dermal,7.34e-05,ug/org,Unspecifed toxicity level,922,3,Contact,,,,,,,,,,,,,,,,,,,,
71422-67-8,"N-[[[3,5-Dichloro-4-[[3-chloro-5-(trifluoromethyl)-2-pyridinyl]oxy]phenyl]amino]carbonyl]-2,6-difluorobenzamide",Dermal,0.000478,ug/org,Unspecifed toxicity level,923,3,Contact,,,,,,,,,,,,,,,,,,,,
71422-67-8,"N-[[[3,5-Dichloro-4-[[3-chloro-5-(trifluoromethyl)-2-pyridinyl]oxy]phenyl]amino]carbonyl]-2,6-difluorobenzamide",Dermal,186.6,ug/org,Unspecifed toxicity level,924,3,Contact,,,,,,,,,,,,,,,,,,,,
74051-80-2,2-[1-(Ethoxyimino)butyl]-5-[2-(ethylthio)propyl]-3-hydroxy-2-cyclohexen-1-one,Dermal,200.2,AI ug/org,Unspecifed toxicity level,925,3,Contact,,,,,,,,,,,,,,,,,,,,
74051-80-2,2-[1-(Ethoxyimino)butyl]-5-[2-(ethylthio)propyl]-3-hydroxy-2-cyclohexen-1-one,Food,21.0,AI ug/org/d,Unspecifed toxicity level,926,3,Oral,,,,,,,,,,,,,,,,,,,,
74051-80-2,2-[1-(Ethoxyimino)butyl]-5-[2-(ethylthio)propyl]-3-hydroxy-2-cyclohexen-1-one,Dermal,10.0,AI ug/org,Unspecifed toxicity level,927,3,Contact,,,,,,,,,,,,,,,,,,,,
74051-80-2,2-[1-(Ethoxyimino)butyl]-5-[2-(ethylthio)propyl]-3-hydroxy-2-cyclohexen-1-one,Food,200.2,AI ug/org,Unspecifed toxicity level,928,3,Oral,,,,,,,,,,,,,,,,,,,,
76674-21-0,"alpha-(2-Fluorophenyl)-alpha-(4-fluorophenyl)-1H-1,2,4-triazole-1-ethanol",Dermal,50.0,AI ug/org,Unspecifed toxicity level,929,3,Contact,,,,,,,,,,,,,,,,,,,,
76674-21-0,"alpha-(2-Fluorophenyl)-alpha-(4-fluorophenyl)-1H-1,2,4-triazole-1-ethanol",Food,198.0,ug/bee,Unspecifed toxicity level,930,3,Oral,,,,,,,,,,,,,,,,,,,,
76674-21-0,"alpha-(2-Fluorophenyl)-alpha-(4-fluorophenyl)-1H-1,2,4-triazole-1-ethanol",Dermal,198.0,ug/bee,Unspecifed toxicity level,931,3,Contact,,,,,,,,,,,,,,,,,,,,
76674-21-0,"alpha-(2-Fluorophenyl)-alpha-(4-fluorophenyl)-1H-1,2,4-triazole-1-ethanol",Dermal,10.5,AI ug/org,Unspecifed toxicity level,932,3,Contact,,,,,,,,,,,,,,,,,,,,
76674-21-0,"alpha-(2-Fluorophenyl)-alpha-(4-fluorophenyl)-1H-1,2,4-triazole-1-ethanol",Food,47.0,ug/org,Unspecifed toxicity level,933,3,Oral,,,,,,,,,,,,,,,,,,,,
76674-21-0,"alpha-(2-Fluorophenyl)-alpha-(4-fluorophenyl)-1H-1,2,4-triazole-1-ethanol",Food,50.0,ug/org,Unspecifed toxicity level,934,3,Oral,,,,,,,,,,,,,,,,,,,,
76674-21-0,"alpha-(2-Fluorophenyl)-alpha-(4-fluorophenyl)-1H-1,2,4-triazole-1-ethanol",Food,2.0,AI ug/org,Unspecifed toxicity level,935,3,Oral,,,,,,,,,,,,,,,,,,,,
76674-21-0,"alpha-(2-Fluorophenyl)-alpha-(4-fluorophenyl)-1H-1,2,4-triazole-1-ethanol",Dermal,52.5,AI ug/org,Unspecifed toxicity level,936,3,Contact,,,,,,,,,,,,,,,,,,,,
86479-06-3,"N-[[[3,5-Dichloro-4-(1,1,2,2-tetrafluoroethoxy)phenyl]amino]carbonyl]-2,6-difluorobenzamide",Food,100.0,AI ug/org,Unspecifed toxicity level,937,3,Oral,,,,,,,,,,,,,,,,,,,,
86479-06-3,"N-[[[3,5-Dichloro-4-(1,1,2,2-tetrafluoroethoxy)phenyl]amino]carbonyl]-2,6-difluorobenzamide",Dermal,5.83,AI ug/org,Unspecifed toxicity level,938,3,Contact,,,,,,,,,,,,,,,,,,,,
86479-06-3,"N-[[[3,5-Dichloro-4-(1,1,2,2-tetrafluoroethoxy)phenyl]amino]carbonyl]-2,6-difluorobenzamide",Dermal,99.6,AI ug/org,Unspecifed toxicity level,939,3,Contact,,,,,,,,,,,,,,,,,,,,
86479-06-3,"N-[[[3,5-Dichloro-4-(1,1,2,2-tetrafluoroethoxy)phenyl]amino]carbonyl]-2,6-difluorobenzamide",Food,5.68,AI ug/org,Unspecifed toxicity level,940,3,Oral,,,,,,,,,,,,,,,,,,,,
95737-68-1,2-[1-Methyl-2-(4-phenoxyphenoxy)ethoxy]pyridine,Food,72.8,AI ug/org,Unspecifed toxicity level,941,3,Oral,,,,,,,,,,,,,,,,,,,,
95737-68-1,2-[1-Methyl-2-(4-phenoxyphenoxy)ethoxy]pyridine,Food,2.0,AI ug/org/d,Unspecifed toxicity level,942,3,Oral,,,,,,,,,,,,,,,,,,,,
95737-68-1,2-[1-Methyl-2-(4-phenoxyphenoxy)ethoxy]pyridine,Dermal,100.0,AI ug/org,Unspecifed toxicity level,943,3,Contact,,,,,,,,,,,,,,,,,,,,
102851-06-9,N-[2-Chloro-4-(trifluoromethyl)phenyl]-D-valine cyano(3-phenoxyphenyl)methyl ester,"Topical, general",9.45,ng/org,Unspecifed toxicity level,944,3,Contact,,,,,,,,,,,,,,,,,,,,
102851-06-9,N-[2-Chloro-4-(trifluoromethyl)phenyl]-D-valine cyano(3-phenoxyphenyl)methyl ester,"Topical, general",8.05,ng/org,Unspecifed toxicity level,945,3,Contact,,,,,,,,,,,,,,,,,,,,
102851-06-9,N-[2-Chloro-4-(trifluoromethyl)phenyl]-D-valine cyano(3-phenoxyphenyl)methyl ester,"Topical, general",19.8,ug/org,Unspecifed toxicity level,946,3,Contact,,,,,,,,,,,,,,,,,,,,
104206-82-8,"2-[4-(Methylsulfonyl)-2-nitrobenzoyl]-1,3-cyclohexanedione",Food,10.6,AI ug/org/d,Unspecifed toxicity level,947,3,Oral,,,,,,,,,,,,,,,,,,,,
104206-82-8,"2-[4-(Methylsulfonyl)-2-nitrobenzoyl]-1,3-cyclohexanedione",Food,11.0,AI ug/org,Unspecifed toxicity level,948,3,Oral,,,,,,,,,,,,,,,,,,,,
104206-82-8,"2-[4-(Methylsulfonyl)-2-nitrobenzoyl]-1,3-cyclohexanedione",Food,24.9,AI ug/org/d,Unspecifed toxicity level,949,3,Oral,,,,,,,,,,,,,,,,,,,,
104206-82-8,"2-[4-(Methylsulfonyl)-2-nitrobenzoyl]-1,3-cyclohexanedione",Dermal,100.0,AI ug/org,Unspecifed toxicity level,950,3,Contact,,,,,,,,,,,,,,,,,,,,
112281-77-3,"1-[2-(2,4-Dichlorophenyl)-3-(1,1,2,2-tetrafluoroethoxy)propyl]-1H-1,2,4-triazole","Spray, unspecified",12.77,ug/bee,Unspecifed toxicity level,951,3,Other,,,,,,,,,,,,,,,,,,,,
112281-77-3,"1-[2-(2,4-Dichlorophenyl)-3-(1,1,2,2-tetrafluoroethoxy)propyl]-1H-1,2,4-triazole","Spray, unspecified",2.62,AI ug/org,Unspecifed toxicity level,952,3,Other,,,,,,,,,,,,,,,,,,,,
112281-77-3,"1-[2-(2,4-Dichlorophenyl)-3-(1,1,2,2-tetrafluoroethoxy)propyl]-1H-1,2,4-triazole",Food,76.0,AI ug/org/d,Unspecifed toxicity level,953,3,Oral,,,,,,,,,,,,,,,,,,,,
112281-77-3,"1-[2-(2,4-Dichlorophenyl)-3-(1,1,2,2-tetrafluoroethoxy)propyl]-1H-1,2,4-triazole",Food,28.3,AI ug/org/d,Unspecifed toxicity level,954,3,Oral,,,,,,,,,,,,,,,,,,,,
116714-46-6,"N-[[[3-Chloro-4-[1,1,2-trifluoro-2-(trifluoromethoxy)ethoxy]phenyl]amino]carbonyl]-2,6-difluorobenzamide",Food,0.0048,AI ug/org/d,Unspecifed toxicity level,955,3,Oral,,,,,,,,,,,,,,,,,,,,
116714-46-6,"N-[[[3-Chloro-4-[1,1,2-trifluoro-2-(trifluoromethoxy)ethoxy]phenyl]amino]carbonyl]-2,6-difluorobenzamide",Food,200.0,ug/bee,Unspecifed toxicity level,956,3,Oral,,,,,,,,,,,,,,,,,,,,
116714-46-6,"N-[[[3-Chloro-4-[1,1,2-trifluoro-2-(trifluoromethoxy)ethoxy]phenyl]amino]carbonyl]-2,6-difluorobenzamide",Food,100.0,AI ug/org,Unspecifed toxicity level,957,3,Oral,,,,,,,,,,,,,,,,,,,,
116714-46-6,"N-[[[3-Chloro-4-[1,1,2-trifluoro-2-(trifluoromethoxy)ethoxy]phenyl]amino]carbonyl]-2,6-difluorobenzamide",Dermal,200.0,ug/bee,Unspecifed toxicity level,958,3,Contact,,,,,,,,,,,,,,,,,,,,
116714-46-6,"N-[[[3-Chloro-4-[1,1,2-trifluoro-2-(trifluoromethoxy)ethoxy]phenyl]amino]carbonyl]-2,6-difluorobenzamide",Dermal,100.0,AI ug/org,Unspecifed toxicity level,959,3,Contact,,,,,,,,,,,,,,,,,,,,
116714-46-6,"N-[[[3-Chloro-4-[1,1,2-trifluoro-2-(trifluoromethoxy)ethoxy]phenyl]amino]carbonyl]-2,6-difluorobenzamide","Spray, unspecified",5907.76,AI ug/org,Unspecifed toxicity level,960,3,Other,,,,,,,,,,,,,,,,,,,,
116714-46-6,"N-[[[3-Chloro-4-[1,1,2-trifluoro-2-(trifluoromethoxy)ethoxy]phenyl]amino]carbonyl]-2,6-difluorobenzamide","Spray, unspecified",63524.34,ug/bee,Unspecifed toxicity level,961,3,Other,,,,,,,,,,,,,,,,,,,,
117428-22-5,(alphaE)-alpha-(Methoxymethylene)-2-[[[6-(trifluoromethyl)-2-pyridinyl]oxy]methyl]benzeneacetic acid methyl ester,Food,200.0,AI ug/org,Unspecifed toxicity level,962,3,Oral,,,,,,,,,,,,,,,,,,,,
117428-22-5,(alphaE)-alpha-(Methoxymethylene)-2-[[[6-(trifluoromethyl)-2-pyridinyl]oxy]methyl]benzeneacetic acid methyl ester,Food,7.83,AI ug/org,Unspecifed toxicity level,963,3,Oral,,,,,,,,,,,,,,,,,,,,
117428-22-5,(alphaE)-alpha-(Methoxymethylene)-2-[[[6-(trifluoromethyl)-2-pyridinyl]oxy]methyl]benzeneacetic acid methyl ester,Dermal,200.0,AI ug/org,Unspecifed toxicity level,964,3,Contact,,,,,,,,,,,,,,,,,,,,
117428-22-5,(alphaE)-alpha-(Methoxymethylene)-2-[[[6-(trifluoromethyl)-2-pyridinyl]oxy]methyl]benzeneacetic acid methyl ester,Dermal,200.0,AI ug/org,Unspecifed toxicity level,965,3,Contact,,,,,,,,,,,,,,,,,,,,
119446-68-3,"1-[[2-[2-Chloro-4-(4-chlorophenoxyl)phenyl]-4-methyl-1,3-dioxolan-2-yl]methyl]-1H-1,2,4-triazole",Dermal,100.0,AI ug/org,Unspecifed toxicity level,966,3,Contact,,,,,,,,,,,,,,,,,,,,
119446-68-3,"1-[[2-[2-Chloro-4-(4-chlorophenoxyl)phenyl]-4-methyl-1,3-dioxolan-2-yl]methyl]-1H-1,2,4-triazole",Food,1.79,AI ug/org/d,Unspecifed toxicity level,967,3,Oral,,,,,,,,,,,,,,,,,,,,
119446-68-3,"1-[[2-[2-Chloro-4-(4-chlorophenoxyl)phenyl]-4-methyl-1,3-dioxolan-2-yl]methyl]-1H-1,2,4-triazole",Food,20.9,AI ug/org/d,Unspecifed toxicity level,968,3,Oral,,,,,,,,,,,,,,,,,,,,
120868-66-8,1-[(6-Chloro-3-pyridinyl)methyl]-2-imidazolidinone,Food,1.0,ng/org,Unspecifed toxicity level,969,3,Oral,,,,,,,,,,,,,,,,,,,,
120868-66-8,1-[(6-Chloro-3-pyridinyl)methyl]-2-imidazolidinone,Food,1.0,ng/org,Unspecifed toxicity level,970,3,Oral,,,,,,,,,,,,,,,,,,,,
120868-66-8,1-[(6-Chloro-3-pyridinyl)methyl]-2-imidazolidinone,Food,1.0,ng/org,Unspecifed toxicity level,971,3,Oral,,,,,,,,,,,,,,,,,,,,
120868-66-8,1-[(6-Chloro-3-pyridinyl)methyl]-2-imidazolidinone,Food,99.5,AI ng/org,Unspecifed toxicity level,972,3,Oral,,,,,,,,,,,,,,,,,,,,
123312-89-0,"4,5-Dihydro-6-methyl-4-[(E)-(3-pyridinylmethylene)amino]-1,2,4-triazin-3(2H)-one",Food,117.0,AI ug/org,Unspecifed toxicity level,973,3,Oral,,,,,,,,,,,,,,,,,,,,
123312-89-0,"4,5-Dihydro-6-methyl-4-[(E)-(3-pyridinylmethylene)amino]-1,2,4-triazin-3(2H)-one",Dermal,100.0,AI ug/org,Unspecifed toxicity level,974,3,Contact,,,,,,,,,,,,,,,,,,,,
123312-89-0,"4,5-Dihydro-6-methyl-4-[(E)-(3-pyridinylmethylene)amino]-1,2,4-triazin-3(2H)-one",Dermal,0.16,ug/org,Unspecifed toxicity level,975,3,Contact,,,,,,,,,,,,,,,,,,,,
123312-89-0,"4,5-Dihydro-6-methyl-4-[(E)-(3-pyridinylmethylene)amino]-1,2,4-triazin-3(2H)-one",Food,62.71,AI ug/org,Unspecifed toxicity level,976,3,Oral,,,,,,,,,,,,,,,,,,,,
123312-89-0,"4,5-Dihydro-6-methyl-4-[(E)-(3-pyridinylmethylene)amino]-1,2,4-triazin-3(2H)-one",Dermal,200.0,AI ug/org,Unspecifed toxicity level,977,3,Contact,,,,,,,,,,,,,,,,,,,,
129909-90-6,"4-Amino-N-(1,1-dimethylethyl)-4,5-dihydro-3-(1-methylethyl)-5-oxo-1H-1,2,4-triazole-1-carboxamide",Food,24.4,AI ug/org,Unspecifed toxicity level,978,3,Oral,,,,,,,,,,,,,,,,,,,,
129909-90-6,"4-Amino-N-(1,1-dimethylethyl)-4,5-dihydro-3-(1-methylethyl)-5-oxo-1H-1,2,4-triazole-1-carboxamide",Food,5.2,AI ug/org/d,Unspecifed toxicity level,979,3,Oral,,,,,,,,,,,,,,,,,,,,
129909-90-6,"4-Amino-N-(1,1-dimethylethyl)-4,5-dihydro-3-(1-methylethyl)-5-oxo-1H-1,2,4-triazole-1-carboxamide",Dermal,200.0,AI ug/org,Unspecifed toxicity level,980,3,Contact,,,,,,,,,,,,,,,,,,,,
129909-90-6,"4-Amino-N-(1,1-dimethylethyl)-4,5-dihydro-3-(1-methylethyl)-5-oxo-1H-1,2,4-triazole-1-carboxamide",Food,45.0,AI ug/org,Unspecifed toxicity level,981,3,Oral,,,,,,,,,,,,,,,,,,,,
134098-61-6,"4-[[[(E)-[(1,3-Dimethyl-5-phenoxy-1H-pyrazol-4-yl)methylene]amino]oxy]methyl]benzoic acid, 1,1-Dimethylethyl ester","Spray, unspecified",1.15,AI ug/org,Unspecifed toxicity level,982,3,Other,,,,,,,,,,,,,,,,,,,,
134098-61-6,"4-[[[(E)-[(1,3-Dimethyl-5-phenoxy-1H-pyrazol-4-yl)methylene]amino]oxy]methyl]benzoic acid, 1,1-Dimethylethyl ester","Spray, unspecified",23.07,ug/bee,Unspecifed toxicity level,983,3,Other,,,,,,,,,,,,,,,,,,,,
134098-61-6,"4-[[[(E)-[(1,3-Dimethyl-5-phenoxy-1H-pyrazol-4-yl)methylene]amino]oxy]methyl]benzoic acid, 1,1-Dimethylethyl ester",Food,0.029,AI ug/org/d,Unspecifed toxicity level,984,3,Oral,,,,,,,,,,,,,,,,,,,,
134098-61-6,"4-[[[(E)-[(1,3-Dimethyl-5-phenoxy-1H-pyrazol-4-yl)methylene]amino]oxy]methyl]benzoic acid, 1,1-Dimethylethyl ester",Food,0.2,AI ug/org,Unspecifed toxicity level,985,3,Oral,,,,,,,,,,,,,,,,,,,,
134098-61-6,"4-[[[(E)-[(1,3-Dimethyl-5-phenoxy-1H-pyrazol-4-yl)methylene]amino]oxy]methyl]benzoic acid, 1,1-Dimethylethyl ester",Dermal,15.8,AI ug/org,Unspecifed toxicity level,986,3,Contact,,,,,,,,,,,,,,,,,,,,
134098-61-6,"4-[[[(E)-[(1,3-Dimethyl-5-phenoxy-1H-pyrazol-4-yl)methylene]amino]oxy]methyl]benzoic acid, 1,1-Dimethylethyl ester",Dermal,479.8,AI ug/org,Unspecifed toxicity level,987,3,Contact,,,,,,,,,,,,,,,,,,,,
134098-61-6,"4-[[[(E)-[(1,3-Dimethyl-5-phenoxy-1H-pyrazol-4-yl)methylene]amino]oxy]methyl]benzoic acid, 1,1-Dimethylethyl ester",Food,0.031,AI ug/org/d,Unspecifed toxicity level,988,3,Oral,,,,,,,,,,,,,,,,,,,,
135410-20-7,(1E)-N-[(6-Chloro-3-pyridinyl)methyl]-N'-cyano-N-methylethanimidamide,"Spray, unspecified",276.85,AI ug/org,Unspecifed toxicity level,989,3,Other,,,,,,,,,,,,,,,,,,,,
135410-20-7,(1E)-N-[(6-Chloro-3-pyridinyl)methyl]-N'-cyano-N-methylethanimidamide,"Spray, unspecified",395.5,ug/bee,Unspecifed toxicity level,990,3,Other,,,,,,,,,,,,,,,,,,,,
135410-20-7,(1E)-N-[(6-Chloro-3-pyridinyl)methyl]-N'-cyano-N-methylethanimidamide,Food,0.0215,ng/org,Unspecifed toxicity level,991,3,Oral,,,,,,,,,,,,,,,,,,,,
135410-20-7,(1E)-N-[(6-Chloro-3-pyridinyl)methyl]-N'-cyano-N-methylethanimidamide,Food,9.1,ug/org,Unspecifed toxicity level,992,3,Oral,,,,,,,,,,,,,,,,,,,,
135410-20-7,(1E)-N-[(6-Chloro-3-pyridinyl)methyl]-N'-cyano-N-methylethanimidamide,Food,72.6,ug/org,Unspecifed toxicity level,993,3,Oral,,,,,,,,,,,,,,,,,,,,
135410-20-7,(1E)-N-[(6-Chloro-3-pyridinyl)methyl]-N'-cyano-N-methylethanimidamide,Food,8.96,AI ug/org,Unspecifed toxicity level,994,3,Oral,,,,,,,,,,,,,,,,,,,,
135410-20-7,(1E)-N-[(6-Chloro-3-pyridinyl)methyl]-N'-cyano-N-methylethanimidamide,Food,5.65,ug/org,Unspecifed toxicity level,995,3,Oral,,,,,,,,,,,,,,,,,,,,
135410-20-7,(1E)-N-[(6-Chloro-3-pyridinyl)methyl]-N'-cyano-N-methylethanimidamide,Dermal,1.69,ug/org,Unspecifed toxicity level,996,3,Contact,,,,,,,,,,,,,,,,,,,,
135410-20-7,(1E)-N-[(6-Chloro-3-pyridinyl)methyl]-N'-cyano-N-methylethanimidamide,"Topical, general",64.6,ug/org,Unspecifed toxicity level,997,3,Contact,,,,,,,,,,,,,,,,,,,,
135410-20-7,(1E)-N-[(6-Chloro-3-pyridinyl)methyl]-N'-cyano-N-methylethanimidamide,Dermal,12.5,AI ug/org,Unspecifed toxicity level,998,3,Contact,,,,,,,,,,,,,,,,,,,,
135410-20-7,(1E)-N-[(6-Chloro-3-pyridinyl)methyl]-N'-cyano-N-methylethanimidamide,Food,0.96,AI ug/org/d,Unspecifed toxicity level,999,3,Oral,,,,,,,,,,,,,,,,,,,,
135410-20-7,(1E)-N-[(6-Chloro-3-pyridinyl)methyl]-N'-cyano-N-methylethanimidamide,Food,5.43,AI ug/org/d,Unspecifed toxicity level,1000,3,Oral,,,,,,,,,,,,,,,,,,,,
135410-20-7,(1E)-N-[(6-Chloro-3-pyridinyl)methyl]-N'-cyano-N-methylethanimidamide,Food,10.21,AI ug/org,Unspecifed toxicity level,1001,3,Oral,,,,,,,,,,,,,,,,,,,,
135410-20-7,(1E)-N-[(6-Chloro-3-pyridinyl)methyl]-N'-cyano-N-methylethanimidamide,Dermal,8.81,ug/org,Unspecifed toxicity level,1002,3,Contact,,,,,,,,,,,,,,,,,,,,
135410-20-7,(1E)-N-[(6-Chloro-3-pyridinyl)methyl]-N'-cyano-N-methylethanimidamide,Dermal,10.53,AI ug/org,Unspecifed toxicity level,1003,3,Contact,,,,,,,,,,,,,,,,,,,,
135410-20-7,(1E)-N-[(6-Chloro-3-pyridinyl)methyl]-N'-cyano-N-methylethanimidamide,"Topical, general",7.07,AI ug/org,Unspecifed toxicity level,1004,3,Contact,,,,,,,,,,,,,,,,,,,,
135410-20-7,(1E)-N-[(6-Chloro-3-pyridinyl)methyl]-N'-cyano-N-methylethanimidamide,Food,1.16,AI ug/org,Unspecifed toxicity level,1005,3,Oral,,,,,,,,,,,,,,,,,,,,
135410-20-7,(1E)-N-[(6-Chloro-3-pyridinyl)methyl]-N'-cyano-N-methylethanimidamide,Dermal,3.26,AI ug/org,Unspecifed toxicity level,1006,3,Contact,,,,,,,,,,,,,,,,,,,,
135410-20-7,(1E)-N-[(6-Chloro-3-pyridinyl)methyl]-N'-cyano-N-methylethanimidamide,Dermal,4.79,AI ug/org,Unspecifed toxicity level,1007,3,Contact,,,,,,,,,,,,,,,,,,,,
135410-20-7,(1E)-N-[(6-Chloro-3-pyridinyl)methyl]-N'-cyano-N-methylethanimidamide,Dermal,0.96,AI ug/org,Unspecifed toxicity level,1008,3,Contact,,,,,,,,,,,,,,,,,,,,
135410-20-7,(1E)-N-[(6-Chloro-3-pyridinyl)methyl]-N'-cyano-N-methylethanimidamide,Dermal,6.44,AI ug/org,Unspecifed toxicity level,1009,3,Contact,,,,,,,,,,,,,,,,,,,,
135410-20-7,(1E)-N-[(6-Chloro-3-pyridinyl)methyl]-N'-cyano-N-methylethanimidamide,Dermal,0.86,AI ug/org,Unspecifed toxicity level,1010,3,Contact,,,,,,,,,,,,,,,,,,,,
135410-20-7,(1E)-N-[(6-Chloro-3-pyridinyl)methyl]-N'-cyano-N-methylethanimidamide,Dermal,4.43,AI ug/org,Unspecifed toxicity level,1011,3,Contact,,,,,,,,,,,,,,,,,,,,
135410-20-7,(1E)-N-[(6-Chloro-3-pyridinyl)methyl]-N'-cyano-N-methylethanimidamide,Dermal,10.73,AI ug/org,Unspecifed toxicity level,1012,3,Contact,,,,,,,,,,,,,,,,,,,,
135410-20-7,(1E)-N-[(6-Chloro-3-pyridinyl)methyl]-N'-cyano-N-methylethanimidamide,Dermal,15.91,AI ug/org,Unspecifed toxicity level,1013,3,Contact,,,,,,,,,,,,,,,,,,,,
135410-20-7,(1E)-N-[(6-Chloro-3-pyridinyl)methyl]-N'-cyano-N-methylethanimidamide,Dermal,3.62,AI ug/org,Unspecifed toxicity level,1014,3,Contact,,,,,,,,,,,,,,,,,,,,
135410-20-7,(1E)-N-[(6-Chloro-3-pyridinyl)methyl]-N'-cyano-N-methylethanimidamide,Dermal,1.21,AI ug/org,Unspecifed toxicity level,1015,3,Contact,,,,,,,,,,,,,,,,,,,,
135410-20-7,(1E)-N-[(6-Chloro-3-pyridinyl)methyl]-N'-cyano-N-methylethanimidamide,Dermal,1.52,AI ug/org,Unspecifed toxicity level,1016,3,Contact,,,,,,,,,,,,,,,,,,,,
135410-20-7,(1E)-N-[(6-Chloro-3-pyridinyl)methyl]-N'-cyano-N-methylethanimidamide,Dermal,26.0,AI ug/org,Unspecifed toxicity level,1017,3,Contact,,,,,,,,,,,,,,,,,,,,
135410-20-7,(1E)-N-[(6-Chloro-3-pyridinyl)methyl]-N'-cyano-N-methylethanimidamide,Dermal,7.28,AI ug/org,Unspecifed toxicity level,1018,3,Contact,,,,,,,,,,,,,,,,,,,,
139968-49-3,2-[2-(4-Cyanophenyl)-1-[3-(trifluoromethyl)phenyl]ethylidene]-N-[4-(trifluoromethoxy)phenyl]hydrazinecarboxamide,Food,2.43,AI ug/org,Unspecifed toxicity level,1019,3,Oral,,,,,,,,,,,,,,,,,,,,
139968-49-3,2-[2-(4-Cyanophenyl)-1-[3-(trifluoromethyl)phenyl]ethylidene]-N-[4-(trifluoromethoxy)phenyl]hydrazinecarboxamide,Dermal,1.65,AI ug/org,Unspecifed toxicity level,1020,3,Contact,,,,,,,,,,,,,,,,,,,,
139968-49-3,2-[2-(4-Cyanophenyl)-1-[3-(trifluoromethyl)phenyl]ethylidene]-N-[4-(trifluoromethoxy)phenyl]hydrazinecarboxamide,Dermal,106.0,AI ug/org,Unspecifed toxicity level,1021,3,Contact,,,,,,,,,,,,,,,,,,,,
145701-21-9,"N-(2,6-Dichlorophenyl)-5-ethoxy-7-fluoro-[1,2,4-triazolo[1,5-c]pyrimidine-2-sulfonamide",Food,202.0,AI ug/org,Unspecifed toxicity level,1022,3,Oral,,,,,,,,,,,,,,,,,,,,
145701-21-9,"N-(2,6-Dichlorophenyl)-5-ethoxy-7-fluoro-[1,2,4-triazolo[1,5-c]pyrimidine-2-sulfonamide",Dermal,25.0,AI ug/org,Unspecifed toxicity level,1023,3,Contact,,,,,,,,,,,,,,,,,,,,
145701-21-9,"N-(2,6-Dichlorophenyl)-5-ethoxy-7-fluoro-[1,2,4-triazolo[1,5-c]pyrimidine-2-sulfonamide",Food,16.7,AI ug/org,Unspecifed toxicity level,1024,3,Oral,,,,,,,,,,,,,,,,,,,,
145701-21-9,"N-(2,6-Dichlorophenyl)-5-ethoxy-7-fluoro-[1,2,4-triazolo[1,5-c]pyrimidine-2-sulfonamide",Food,1.1,AI ug/org/d,Unspecifed toxicity level,1025,3,Oral,,,,,,,,,,,,,,,,,,,,
153233-91-1,"2-(2,6-Difluorophenyl)-4-[4-(1,1-dimethylethyl)-2-ethoxyphenyl]-4,5-dihydrooxazole",Food,1.0,AI ug/org/d,Unspecifed toxicity level,1026,3,Oral,,,,,,,,,,,,,,,,,,,,
153233-91-1,"2-(2,6-Difluorophenyl)-4-[4-(1,1-dimethylethyl)-2-ethoxyphenyl]-4,5-dihydrooxazole",Dermal,200.0,AI ug/org,Unspecifed toxicity level,1027,3,Contact,,,,,,,,,,,,,,,,,,,,
153233-91-1,"2-(2,6-Difluorophenyl)-4-[4-(1,1-dimethylethyl)-2-ethoxyphenyl]-4,5-dihydrooxazole","Spray, unspecified",1470.21,AI ug/org,Unspecifed toxicity level,1028,3,Other,,,,,,,,,,,,,,,,,,,,
153233-91-1,"2-(2,6-Difluorophenyl)-4-[4-(1,1-dimethylethyl)-2-ethoxyphenyl]-4,5-dihydrooxazole","Spray, unspecified",2041.96,ug/bee,Unspecifed toxicity level,1029,3,Other,,,,,,,,,,,,,,,,,,,,
153233-91-1,"2-(2,6-Difluorophenyl)-4-[4-(1,1-dimethylethyl)-2-ethoxyphenyl]-4,5-dihydrooxazole",Food,200.0,AI ug/org,Unspecifed toxicity level,1030,3,Oral,,,,,,,,,,,,,,,,,,,,
161326-34-7,"(5S)-3,5-Dihydro-5-methyl-2-(methylthio)-5-phenyl-3-(phenylamino)-4H-imidazol-4-one",Dermal,47.1,AI ug/org,Unspecifed toxicity level,1031,3,Contact,,,,,,,,,,,,,,,,,,,,
161326-34-7,"(5S)-3,5-Dihydro-5-methyl-2-(methylthio)-5-phenyl-3-(phenylamino)-4H-imidazol-4-one",Food,7.56,AI ug/org,Unspecifed toxicity level,1032,3,Oral,,,,,,,,,,,,,,,,,,,,
161326-34-7,"(5S)-3,5-Dihydro-5-methyl-2-(methylthio)-5-phenyl-3-(phenylamino)-4H-imidazol-4-one",Food,159.8,AI ug/org,Unspecifed toxicity level,1033,3,Oral,,,,,,,,,,,,,,,,,,,,
161326-34-7,"(5S)-3,5-Dihydro-5-methyl-2-(methylthio)-5-phenyl-3-(phenylamino)-4H-imidazol-4-one",Dermal,82.3,AI ug/org,Unspecifed toxicity level,1034,3,Contact,,,,,,,,,,,,,,,,,,,,
161326-34-7,"(5S)-3,5-Dihydro-5-methyl-2-(methylthio)-5-phenyl-3-(phenylamino)-4H-imidazol-4-one",Food,0.84,AI ug/org/d,Unspecifed toxicity level,1035,3,Oral,,,,,,,,,,,,,,,,,,,,
165252-70-0,N''-Methyl-N-nitro-N'-[(tetrahydro-3-furanyl)methyl]guanidine,"Topical, general",0.075,AI ug/org,Unspecifed toxicity level,1036,3,Contact,,,,,,,,,,,,,,,,,,,,
165252-70-0,N''-Methyl-N-nitro-N'-[(tetrahydro-3-furanyl)methyl]guanidine,Food,0.51,ug/bee,Unspecifed toxicity level,1037,3,Oral,,,,,,,,,,,,,,,,,,,,
165252-70-0,N''-Methyl-N-nitro-N'-[(tetrahydro-3-furanyl)methyl]guanidine,Food,0.59,ug/bee,Unspecifed toxicity level,1038,3,Oral,,,,,,,,,,,,,,,,,,,,
165252-70-0,N''-Methyl-N-nitro-N'-[(tetrahydro-3-furanyl)methyl]guanidine,Dermal,0.047,AI ug/org,Unspecifed toxicity level,1039,3,Contact,,,,,,,,,,,,,,,,,,,,
165252-70-0,N''-Methyl-N-nitro-N'-[(tetrahydro-3-furanyl)methyl]guanidine,Food,0.023,AI ug/org,Unspecifed toxicity level,1040,3,Oral,,,,,,,,,,,,,,,,,,,,
165252-70-0,N''-Methyl-N-nitro-N'-[(tetrahydro-3-furanyl)methyl]guanidine,Dermal,0.024,AI ug/org,Unspecifed toxicity level,1041,3,Contact,,,,,,,,,,,,,,,,,,,,
165252-70-0,N''-Methyl-N-nitro-N'-[(tetrahydro-3-furanyl)methyl]guanidine,Dermal,0.041,ug/bee,Unspecifed toxicity level,1042,3,Contact,,,,,,,,,,,,,,,,,,,,
165252-70-0,N''-Methyl-N-nitro-N'-[(tetrahydro-3-furanyl)methyl]guanidine,Dermal,0.0006,ug/org,Unspecifed toxicity level,1043,3,Contact,,,,,,,,,,,,,,,,,,,,
165252-70-0,N''-Methyl-N-nitro-N'-[(tetrahydro-3-furanyl)methyl]guanidine,Food,15.0,AI ug/org,Unspecifed toxicity level,1044,3,Oral,,,,,,,,,,,,,,,,,,,,
165252-70-0,N''-Methyl-N-nitro-N'-[(tetrahydro-3-furanyl)methyl]guanidine,Dermal,0.061,AI ug/org,Unspecifed toxicity level,1045,3,Contact,,,,,,,,,,,,,,,,,,,,
165252-70-0,N''-Methyl-N-nitro-N'-[(tetrahydro-3-furanyl)methyl]guanidine,Food,0.032,AI ug/org,Unspecifed toxicity level,1046,3,Oral,,,,,,,,,,,,,,,,,,,,
165252-70-0,N''-Methyl-N-nitro-N'-[(tetrahydro-3-furanyl)methyl]guanidine,Food,3.3,AI ug/org,Unspecifed toxicity level,1047,3,Oral,,,,,,,,,,,,,,,,,,,,
165252-70-0,N''-Methyl-N-nitro-N'-[(tetrahydro-3-furanyl)methyl]guanidine,Food,0.0076,AI ug/org,Unspecifed toxicity level,1048,3,Oral,,,,,,,,,,,,,,,,,,,,
165252-70-0,N''-Methyl-N-nitro-N'-[(tetrahydro-3-furanyl)methyl]guanidine,Food,0.011,AI ug/org,Unspecifed toxicity level,1049,3,Oral,,,,,,,,,,,,,,,,,,,,
173584-44-6,"(4aS)-7-Chloro-2,5-dihydro-2-[[(methoxycarbonyl)[4-(trifluoromethoxy)phenyl]amino]carbonyl]indeno[1,2-e][1,3,4]oxadiazine-4a(3H)-carboxylic acid methyl ester",Dermal,0.0682,AI ug/org,Unspecifed toxicity level,1050,3,Contact,,,,,,,,,,,,,,,,,,,,
173584-44-6,"(4aS)-7-Chloro-2,5-dihydro-2-[[(methoxycarbonyl)[4-(trifluoromethoxy)phenyl]amino]carbonyl]indeno[1,2-e][1,3,4]oxadiazine-4a(3H)-carboxylic acid methyl ester","Spray, unspecified",0.27,AI ug/org,Unspecifed toxicity level,1051,3,Other,,,,,,,,,,,,,,,,,,,,
173584-44-6,"(4aS)-7-Chloro-2,5-dihydro-2-[[(methoxycarbonyl)[4-(trifluoromethoxy)phenyl]amino]carbonyl]indeno[1,2-e][1,3,4]oxadiazine-4a(3H)-carboxylic acid methyl ester","Spray, unspecified",1.8,ug/bee,Unspecifed toxicity level,1052,3,Other,,,,,,,,,,,,,,,,,,,,
173584-44-6,"(4aS)-7-Chloro-2,5-dihydro-2-[[(methoxycarbonyl)[4-(trifluoromethoxy)phenyl]amino]carbonyl]indeno[1,2-e][1,3,4]oxadiazine-4a(3H)-carboxylic acid methyl ester",Food,0.528,AI ug/org,Unspecifed toxicity level,1053,3,Oral,,,,,,,,,,,,,,,,,,,,
173584-44-6,"(4aS)-7-Chloro-2,5-dihydro-2-[[(methoxycarbonyl)[4-(trifluoromethoxy)phenyl]amino]carbonyl]indeno[1,2-e][1,3,4]oxadiazine-4a(3H)-carboxylic acid methyl ester",Food,0.204,AI ug/org,Unspecifed toxicity level,1054,3,Oral,,,,,,,,,,,,,,,,,,,,
173584-44-6,"(4aS)-7-Chloro-2,5-dihydro-2-[[(methoxycarbonyl)[4-(trifluoromethoxy)phenyl]amino]carbonyl]indeno[1,2-e][1,3,4]oxadiazine-4a(3H)-carboxylic acid methyl ester",Dermal,0.566,AI ug/org,Unspecifed toxicity level,1055,3,Contact,,,,,,,,,,,,,,,,,,,,
173584-44-6,"(4aS)-7-Chloro-2,5-dihydro-2-[[(methoxycarbonyl)[4-(trifluoromethoxy)phenyl]amino]carbonyl]indeno[1,2-e][1,3,4]oxadiazine-4a(3H)-carboxylic acid methyl ester",Food,18.1,AI ug/org,Unspecifed toxicity level,1056,3,Oral,,,,,,,,,,,,,,,,,,,,
173584-44-6,"(4aS)-7-Chloro-2,5-dihydro-2-[[(methoxycarbonyl)[4-(trifluoromethoxy)phenyl]amino]carbonyl]indeno[1,2-e][1,3,4]oxadiazine-4a(3H)-carboxylic acid methyl ester",Food,0.478,AI ug/org,Unspecifed toxicity level,1057,3,Oral,,,,,,,,,,,,,,,,,,,,
173584-44-6,"(4aS)-7-Chloro-2,5-dihydro-2-[[(methoxycarbonyl)[4-(trifluoromethoxy)phenyl]amino]carbonyl]indeno[1,2-e][1,3,4]oxadiazine-4a(3H)-carboxylic acid methyl ester",Food,14.0,AI ug/org,Unspecifed toxicity level,1058,3,Oral,,,,,,,,,,,,,,,,,,,,
173584-44-6,"(4aS)-7-Chloro-2,5-dihydro-2-[[(methoxycarbonyl)[4-(trifluoromethoxy)phenyl]amino]carbonyl]indeno[1,2-e][1,3,4]oxadiazine-4a(3H)-carboxylic acid methyl ester",Dermal,1.5,AI ug/org,Unspecifed toxicity level,1059,3,Contact,,,,,,,,,,,,,,,,,,,,
173584-44-6,"(4aS)-7-Chloro-2,5-dihydro-2-[[(methoxycarbonyl)[4-(trifluoromethoxy)phenyl]amino]carbonyl]indeno[1,2-e][1,3,4]oxadiazine-4a(3H)-carboxylic acid methyl ester",Dermal,0.18,AI ug/org,Unspecifed toxicity level,1060,3,Contact,,,,,,,,,,,,,,,,,,,,
173584-44-6,"(4aS)-7-Chloro-2,5-dihydro-2-[[(methoxycarbonyl)[4-(trifluoromethoxy)phenyl]amino]carbonyl]indeno[1,2-e][1,3,4]oxadiazine-4a(3H)-carboxylic acid methyl ester",Food,10.0,AI ug/org,Unspecifed toxicity level,1061,3,Oral,,,,,,,,,,,,,,,,,,,,
173584-44-6,"(4aS)-7-Chloro-2,5-dihydro-2-[[(methoxycarbonyl)[4-(trifluoromethoxy)phenyl]amino]carbonyl]indeno[1,2-e][1,3,4]oxadiazine-4a(3H)-carboxylic acid methyl ester",Food,0.0403,AI ug/org/d,Unspecifed toxicity level,1062,3,Oral,,,,,,,,,,,,,,,,,,,,
175013-18-0,[2-[[[1-(4-Chlorophenyl)-1H-pyrazol-3-yl]oxy]methyl]phenyl]methoxycarbamic acid methyl ester,Dermal,100.0,AI ug/org,Unspecifed toxicity level,1063,3,Contact,,,,,,,,,,,,,,,,,,,,
175013-18-0,[2-[[[1-(4-Chlorophenyl)-1H-pyrazol-3-yl]oxy]methyl]phenyl]methoxycarbamic acid methyl ester,Dermal,100.0,AI ug/org,Unspecifed toxicity level,1064,3,Contact,,,,,,,,,,,,,,,,,,,,
175013-18-0,[2-[[[1-(4-Chlorophenyl)-1H-pyrazol-3-yl]oxy]methyl]phenyl]methoxycarbamic acid methyl ester,Food,110.0,AI ug/org,Unspecifed toxicity level,1065,3,Oral,,,,,,,,,,,,,,,,,,,,
175013-18-0,[2-[[[1-(4-Chlorophenyl)-1H-pyrazol-3-yl]oxy]methyl]phenyl]methoxycarbamic acid methyl ester,Food,4.8,AI ug/org/d,Unspecifed toxicity level,1066,3,Oral,,,,,,,,,,,,,,,,,,,,
178928-70-6,"2-[2-(1-Chlorocyclopropyl)-3-(2-chlorophenyl)-2-hydroxypropyl]-1,2-dihydro-3H-1,2,4-triazole-3-thione",Food,71.0,AI ug/org,Unspecifed toxicity level,1067,3,Oral,,,,,,,,,,,,,,,,,,,,
178928-70-6,"2-[2-(1-Chlorocyclopropyl)-3-(2-chlorophenyl)-2-hydroxypropyl]-1,2-dihydro-3H-1,2,4-triazole-3-thione",Food,5.2,AI ug/org/d,Unspecifed toxicity level,1068,3,Oral,,,,,,,,,,,,,,,,,,,,
178928-70-6,"2-[2-(1-Chlorocyclopropyl)-3-(2-chlorophenyl)-2-hydroxypropyl]-1,2-dihydro-3H-1,2,4-triazole-3-thione",Dermal,200.0,AI ug/org,Unspecifed toxicity level,1069,3,Contact,,,,,,,,,,,,,,,,,,,,
178928-70-6,"2-[2-(1-Chlorocyclopropyl)-3-(2-chlorophenyl)-2-hydroxypropyl]-1,2-dihydro-3H-1,2,4-triazole-3-thione",Food,58.0,AI ug/org/d,Unspecifed toxicity level,1070,3,Oral,,,,,,,,,,,,,,,,,,,,
178928-70-6,"2-[2-(1-Chlorocyclopropyl)-3-(2-chlorophenyl)-2-hydroxypropyl]-1,2-dihydro-3H-1,2,4-triazole-3-thione",Food,232.0,ug/bee,Unspecifed toxicity level,1071,3,Oral,,,,,,,,,,,,,,,,,,,,
178928-70-6,"2-[2-(1-Chlorocyclopropyl)-3-(2-chlorophenyl)-2-hydroxypropyl]-1,2-dihydro-3H-1,2,4-triazole-3-thione",Dermal,200.0,ug/bee,Unspecifed toxicity level,1072,3,Contact,,,,,,,,,,,,,,,,,,,,
179101-81-6,"2-(3-{2,6-Dichloro-4-[(3,3-dichloroprop-2-en-1-yl)oxy]phenoxy}propoxy)-5-(trifluoromethyl)pyridine",Dermal,6.16,ug/org,Unspecifed toxicity level,1073,3,Contact,,,,,,,,,,,,,,,,,,,,
179101-81-6,"2-(3-{2,6-Dichloro-4-[(3,3-dichloroprop-2-en-1-yl)oxy]phenoxy}propoxy)-5-(trifluoromethyl)pyridine",Dermal,25.0,AI ug/org,Unspecifed toxicity level,1074,3,Contact,,,,,,,,,,,,,,,,,,,,
210880-92-5,[C(E)]-N-[(2-Chloro-5-thiazolyl)methyl]-N'-methyl-N''-nitroguanidine,Food,0.0095,AI ng/org/d,Unspecifed toxicity level,1075,3,Oral,,,,,,,,,,,,,,,,,,,,
210880-92-5,[C(E)]-N-[(2-Chloro-5-thiazolyl)methyl]-N'-methyl-N''-nitroguanidine,Food,0.018,AI ng/org/d,Unspecifed toxicity level,1076,3,Oral,,,,,,,,,,,,,,,,,,,,
210880-92-5,[C(E)]-N-[(2-Chloro-5-thiazolyl)methyl]-N'-methyl-N''-nitroguanidine,Food,0.0269,AI ng/org/d,Unspecifed toxicity level,1077,3,Oral,,,,,,,,,,,,,,,,,,,,
210880-92-5,[C(E)]-N-[(2-Chloro-5-thiazolyl)methyl]-N'-methyl-N''-nitroguanidine,Food,0.002,ng/org,Unspecifed toxicity level,1078,3,Oral,,,,,,,,,,,,,,,,,,,,
210880-92-5,[C(E)]-N-[(2-Chloro-5-thiazolyl)methyl]-N'-methyl-N''-nitroguanidine,Food,0.02212,mg/bee,Unspecifed toxicity level,1079,3,Oral,,,,,,,,,,,,,,,,,,,,
210880-92-5,[C(E)]-N-[(2-Chloro-5-thiazolyl)methyl]-N'-methyl-N''-nitroguanidine,Food,0.02212,mg/bee,Unspecifed toxicity level,1080,3,Oral,,,,,,,,,,,,,,,,,,,,
210880-92-5,[C(E)]-N-[(2-Chloro-5-thiazolyl)methyl]-N'-methyl-N''-nitroguanidine,Food,0.0196,mg/bee,Unspecifed toxicity level,1081,3,Oral,,,,,,,,,,,,,,,,,,,,
210880-92-5,[C(E)]-N-[(2-Chloro-5-thiazolyl)methyl]-N'-methyl-N''-nitroguanidine,Dermal,0.0275,AI ug/org,Unspecifed toxicity level,1082,3,Contact,,,,,,,,,,,,,,,,,,,,
210880-92-5,[C(E)]-N-[(2-Chloro-5-thiazolyl)methyl]-N'-methyl-N''-nitroguanidine,"Topical, general",0.0218,AI ug/org,Unspecifed toxicity level,1083,3,Contact,,,,,,,,,,,,,,,,,,,,
210880-92-5,[C(E)]-N-[(2-Chloro-5-thiazolyl)methyl]-N'-methyl-N''-nitroguanidine,Dermal,0.035,ug/org,Unspecifed toxicity level,1084,3,Contact,,,,,,,,,,,,,,,,,,,,
210880-92-5,[C(E)]-N-[(2-Chloro-5-thiazolyl)methyl]-N'-methyl-N''-nitroguanidine,Food,0.00739,ug/org,Unspecifed toxicity level,1085,3,Oral,,,,,,,,,,,,,,,,,,,,
210880-92-5,[C(E)]-N-[(2-Chloro-5-thiazolyl)methyl]-N'-methyl-N''-nitroguanidine,Food,0.015099999999999999,AI ng/org/d,Unspecifed toxicity level,1086,3,Oral,,,,,,,,,,,,,,,,,,,,
210880-92-5,[C(E)]-N-[(2-Chloro-5-thiazolyl)methyl]-N'-methyl-N''-nitroguanidine,Food,0.00528,AI ug/org,Unspecifed toxicity level,1087,3,Oral,,,,,,,,,,,,,,,,,,,,
210880-92-5,[C(E)]-N-[(2-Chloro-5-thiazolyl)methyl]-N'-methyl-N''-nitroguanidine,Dermal,0.0439,AI ug/org,Unspecifed toxicity level,1088,3,Contact,,,,,,,,,,,,,,,,,,,,
210880-92-5,[C(E)]-N-[(2-Chloro-5-thiazolyl)methyl]-N'-methyl-N''-nitroguanidine,Food,2.6e-06,pg/org,Unspecifed toxicity level,1089,3,Oral,,,,,,,,,,,,,,,,,,,,
210880-92-5,[C(E)]-N-[(2-Chloro-5-thiazolyl)methyl]-N'-methyl-N''-nitroguanidine,Food,3.6700000000000004e-05,pg/org,Unspecifed toxicity level,1090,3,Oral,,,,,,,,,,,,,,,,,,,,
210880-92-5,[C(E)]-N-[(2-Chloro-5-thiazolyl)methyl]-N'-methyl-N''-nitroguanidine,Food,1.2999999999999999e-08,pg/org,Unspecifed toxicity level,1091,3,Oral,,,,,,,,,,,,,,,,,,,,
210880-92-5,[C(E)]-N-[(2-Chloro-5-thiazolyl)methyl]-N'-methyl-N''-nitroguanidine,Food,6.36e-06,pg/org,Unspecifed toxicity level,1092,3,Oral,,,,,,,,,,,,,,,,,,,,
210880-92-5,[C(E)]-N-[(2-Chloro-5-thiazolyl)methyl]-N'-methyl-N''-nitroguanidine,"Spray, unspecified",0.03,AI ug/org,Unspecifed toxicity level,1093,3,Other,,,,,,,,,,,,,,,,,,,,
210880-92-5,[C(E)]-N-[(2-Chloro-5-thiazolyl)methyl]-N'-methyl-N''-nitroguanidine,"Spray, unspecified",0.11,ug/bee,Unspecifed toxicity level,1094,3,Other,,,,,,,,,,,,,,,,,,,,
210880-92-5,[C(E)]-N-[(2-Chloro-5-thiazolyl)methyl]-N'-methyl-N''-nitroguanidine,Food,15.4,mg/org,Unspecifed toxicity level,1095,3,Oral,,,,,,,,,,,,,,,,,,,,
210880-92-5,[C(E)]-N-[(2-Chloro-5-thiazolyl)methyl]-N'-methyl-N''-nitroguanidine,Food,14.6,mg/org,Unspecifed toxicity level,1096,3,Oral,,,,,,,,,,,,,,,,,,,,
210880-92-5,[C(E)]-N-[(2-Chloro-5-thiazolyl)methyl]-N'-methyl-N''-nitroguanidine,Food,11.700000000000001,mg/org,Unspecifed toxicity level,1097,3,Oral,,,,,,,,,,,,,,,,,,,,
210880-92-5,[C(E)]-N-[(2-Chloro-5-thiazolyl)methyl]-N'-methyl-N''-nitroguanidine,Food,0.0157,AI ug/org,Unspecifed toxicity level,1098,3,Oral,,,,,,,,,,,,,,,,,,,,
210880-92-5,[C(E)]-N-[(2-Chloro-5-thiazolyl)methyl]-N'-methyl-N''-nitroguanidine,Food,0.00368,AI ug/org,Unspecifed toxicity level,1099,3,Oral,,,,,,,,,,,,,,,,,,,,
210880-92-5,[C(E)]-N-[(2-Chloro-5-thiazolyl)methyl]-N'-methyl-N''-nitroguanidine,Food,0.00408,AI ug/org,Unspecifed toxicity level,1100,3,Oral,,,,,,,,,,,,,,,,,,,,
210880-92-5,[C(E)]-N-[(2-Chloro-5-thiazolyl)methyl]-N'-methyl-N''-nitroguanidine,"Environmental, unspecified",0.0037,AI ug/org,Unspecifed toxicity level,1101,3,Other,,,,,,,,,,,,,,,,,,,,
210880-92-5,[C(E)]-N-[(2-Chloro-5-thiazolyl)methyl]-N'-methyl-N''-nitroguanidine,Food,0.00111,AI ng/org,Unspecifed toxicity level,1102,3,Oral,,,,,,,,,,,,,,,,,,,,
210880-92-5,[C(E)]-N-[(2-Chloro-5-thiazolyl)methyl]-N'-methyl-N''-nitroguanidine,Food,0.00124,AI ng/org,Unspecifed toxicity level,1103,3,Oral,,,,,,,,,,,,,,,,,,,,
210880-92-5,[C(E)]-N-[(2-Chloro-5-thiazolyl)methyl]-N'-methyl-N''-nitroguanidine,Food,0.00125,AI ng/org,Unspecifed toxicity level,1104,3,Oral,,,,,,,,,,,,,,,,,,,,
210880-92-5,[C(E)]-N-[(2-Chloro-5-thiazolyl)methyl]-N'-methyl-N''-nitroguanidine,Food,0.00483,AI ng/org,Unspecifed toxicity level,1105,3,Oral,,,,,,,,,,,,,,,,,,,,
210880-92-5,[C(E)]-N-[(2-Chloro-5-thiazolyl)methyl]-N'-methyl-N''-nitroguanidine,Food,0.00537,AI ng/org,Unspecifed toxicity level,1106,3,Oral,,,,,,,,,,,,,,,,,,,,
210880-92-5,[C(E)]-N-[(2-Chloro-5-thiazolyl)methyl]-N'-methyl-N''-nitroguanidine,Food,0.00507,AI ng/org,Unspecifed toxicity level,1107,3,Oral,,,,,,,,,,,,,,,,,,,,
210880-92-5,[C(E)]-N-[(2-Chloro-5-thiazolyl)methyl]-N'-methyl-N''-nitroguanidine,Food,0.00279,AI ng/org,Unspecifed toxicity level,1108,3,Oral,,,,,,,,,,,,,,,,,,,,
210880-92-5,[C(E)]-N-[(2-Chloro-5-thiazolyl)methyl]-N'-methyl-N''-nitroguanidine,Food,0.00282,AI ng/org,Unspecifed toxicity level,1109,3,Oral,,,,,,,,,,,,,,,,,,,,
210880-92-5,[C(E)]-N-[(2-Chloro-5-thiazolyl)methyl]-N'-methyl-N''-nitroguanidine,Food,0.00275,AI ng/org,Unspecifed toxicity level,1110,3,Oral,,,,,,,,,,,,,,,,,,,,
210880-92-5,[C(E)]-N-[(2-Chloro-5-thiazolyl)methyl]-N'-methyl-N''-nitroguanidine,Food,0.00219,AI ng/org,Unspecifed toxicity level,1111,3,Oral,,,,,,,,,,,,,,,,,,,,
210880-92-5,[C(E)]-N-[(2-Chloro-5-thiazolyl)methyl]-N'-methyl-N''-nitroguanidine,Food,0.00216,AI ng/org,Unspecifed toxicity level,1112,3,Oral,,,,,,,,,,,,,,,,,,,,
210880-92-5,[C(E)]-N-[(2-Chloro-5-thiazolyl)methyl]-N'-methyl-N''-nitroguanidine,Food,0.0022,AI ng/org,Unspecifed toxicity level,1113,3,Oral,,,,,,,,,,,,,,,,,,,,
210880-92-5,[C(E)]-N-[(2-Chloro-5-thiazolyl)methyl]-N'-methyl-N''-nitroguanidine,Food,0.00285,AI ng/org,Unspecifed toxicity level,1114,3,Oral,,,,,,,,,,,,,,,,,,,,
210880-92-5,[C(E)]-N-[(2-Chloro-5-thiazolyl)methyl]-N'-methyl-N''-nitroguanidine,Food,0.0025,AI ng/org,Unspecifed toxicity level,1115,3,Oral,,,,,,,,,,,,,,,,,,,,
210880-92-5,[C(E)]-N-[(2-Chloro-5-thiazolyl)methyl]-N'-methyl-N''-nitroguanidine,Food,0.00261,AI ng/org,Unspecifed toxicity level,1116,3,Oral,,,,,,,,,,,,,,,,,,,,
210880-92-5,[C(E)]-N-[(2-Chloro-5-thiazolyl)methyl]-N'-methyl-N''-nitroguanidine,Food,0.004671000000000001,AI ng/org,Unspecifed toxicity level,1117,3,Oral,,,,,,,,,,,,,,,,,,,,
210880-92-5,[C(E)]-N-[(2-Chloro-5-thiazolyl)methyl]-N'-methyl-N''-nitroguanidine,Food,0.0049299999999999995,AI ng/org,Unspecifed toxicity level,1118,3,Oral,,,,,,,,,,,,,,,,,,,,
210880-92-5,[C(E)]-N-[(2-Chloro-5-thiazolyl)methyl]-N'-methyl-N''-nitroguanidine,Food,0.004514000000000001,AI ng/org,Unspecifed toxicity level,1119,3,Oral,,,,,,,,,,,,,,,,,,,,
210880-92-5,[C(E)]-N-[(2-Chloro-5-thiazolyl)methyl]-N'-methyl-N''-nitroguanidine,Food,0.003747,AI ng/org,Unspecifed toxicity level,1120,3,Oral,,,,,,,,,,,,,,,,,,,,
210880-92-5,[C(E)]-N-[(2-Chloro-5-thiazolyl)methyl]-N'-methyl-N''-nitroguanidine,Food,0.003885,AI ng/org,Unspecifed toxicity level,1121,3,Oral,,,,,,,,,,,,,,,,,,,,
210880-92-5,[C(E)]-N-[(2-Chloro-5-thiazolyl)methyl]-N'-methyl-N''-nitroguanidine,Food,0.0037890000000000003,AI ng/org,Unspecifed toxicity level,1122,3,Oral,,,,,,,,,,,,,,,,,,,,
210880-92-5,[C(E)]-N-[(2-Chloro-5-thiazolyl)methyl]-N'-methyl-N''-nitroguanidine,Food,0.004369,AI ng/org,Unspecifed toxicity level,1123,3,Oral,,,,,,,,,,,,,,,,,,,,
210880-92-5,[C(E)]-N-[(2-Chloro-5-thiazolyl)methyl]-N'-methyl-N''-nitroguanidine,Food,0.004507,AI ng/org,Unspecifed toxicity level,1124,3,Oral,,,,,,,,,,,,,,,,,,,,
210880-92-5,[C(E)]-N-[(2-Chloro-5-thiazolyl)methyl]-N'-methyl-N''-nitroguanidine,Food,0.004627,AI ng/org,Unspecifed toxicity level,1125,3,Oral,,,,,,,,,,,,,,,,,,,,
210880-92-5,[C(E)]-N-[(2-Chloro-5-thiazolyl)methyl]-N'-methyl-N''-nitroguanidine,"Topical, general",0.021418,ng/org,Unspecifed toxicity level,1126,3,Contact,,,,,,,,,,,,,,,,,,,,
210880-92-5,[C(E)]-N-[(2-Chloro-5-thiazolyl)methyl]-N'-methyl-N''-nitroguanidine,Food,0.0016799999999999999,AI ng/org,Unspecifed toxicity level,1127,3,Oral,,,,,,,,,,,,,,,,,,,,
210880-92-5,[C(E)]-N-[(2-Chloro-5-thiazolyl)methyl]-N'-methyl-N''-nitroguanidine,Food,0.0019,AI ng/org,Unspecifed toxicity level,1128,3,Oral,,,,,,,,,,,,,,,,,,,,
210880-92-5,[C(E)]-N-[(2-Chloro-5-thiazolyl)methyl]-N'-methyl-N''-nitroguanidine,Food,0.0067599999999999995,AI ng/org,Unspecifed toxicity level,1129,3,Oral,,,,,,,,,,,,,,,,,,,,
210880-92-5,[C(E)]-N-[(2-Chloro-5-thiazolyl)methyl]-N'-methyl-N''-nitroguanidine,Food,0.0062699999999999995,AI ng/org,Unspecifed toxicity level,1130,3,Oral,,,,,,,,,,,,,,,,,,,,
210880-92-5,[C(E)]-N-[(2-Chloro-5-thiazolyl)methyl]-N'-methyl-N''-nitroguanidine,Food,0.00613,AI ng/org,Unspecifed toxicity level,1131,3,Oral,,,,,,,,,,,,,,,,,,,,
219714-96-2,"2-(2,2-Difluoroethoxy)-N-(5,8-dimethoxy[1,2,4]triazolo[1,5-c]pyrimidin-2-yl)-6-(trifluoromethyl)benzenesulfonamide",Food,21.2,AI ug/org,Unspecifed toxicity level,1132,3,Oral,,,,,,,,,,,,,,,,,,,,
219714-96-2,"2-(2,2-Difluoroethoxy)-N-(5,8-dimethoxy[1,2,4]triazolo[1,5-c]pyrimidin-2-yl)-6-(trifluoromethyl)benzenesulfonamide",Food,8.48,AI ug/org,Unspecifed toxicity level,1133,3,Oral,,,,,,,,,,,,,,,,,,,,
219714-96-2,"2-(2,2-Difluoroethoxy)-N-(5,8-dimethoxy[1,2,4]triazolo[1,5-c]pyrimidin-2-yl)-6-(trifluoromethyl)benzenesulfonamide",Dermal,21.9,AI ug/org,Unspecifed toxicity level,1134,3,Contact,,,,,,,,,,,,,,,,,,,,
219714-96-2,"2-(2,2-Difluoroethoxy)-N-(5,8-dimethoxy[1,2,4]triazolo[1,5-c]pyrimidin-2-yl)-6-(trifluoromethyl)benzenesulfonamide",Dermal,100.0,AI ug/org,Unspecifed toxicity level,1135,3,Contact,,,,,,,,,,,,,,,,,,,,
219714-96-2,"2-(2,2-Difluoroethoxy)-N-(5,8-dimethoxy[1,2,4]triazolo[1,5-c]pyrimidin-2-yl)-6-(trifluoromethyl)benzenesulfonamide",Food,3.4,AI ug/org/d,Unspecifed toxicity level,1136,3,Oral,,,,,,,,,,,,,,,,,,,,
219714-96-2,"2-(2,2-Difluoroethoxy)-N-(5,8-dimethoxy[1,2,4]triazolo[1,5-c]pyrimidin-2-yl)-6-(trifluoromethyl)benzenesulfonamide",Food,85.3,AI ug/org,Unspecifed toxicity level,1137,3,Oral,,,,,,,,,,,,,,,,,,,,
243973-20-8,"2,2-Dimethylpropanoic acid  8-(2,6-diethyl-4-methylphenyl)-1,2,4,5- tetrahydro-7-oxo-7H-pyrazolo[1,2-d][1,4,5]oxadiazepin-9-yl ester",Food,93.0,AI ug/org,Unspecifed toxicity level,1138,3,Oral,,,,,,,,,,,,,,,,,,,,
243973-20-8,"2,2-Dimethylpropanoic acid  8-(2,6-diethyl-4-methylphenyl)-1,2,4,5- tetrahydro-7-oxo-7H-pyrazolo[1,2-d][1,4,5]oxadiazepin-9-yl ester",Food,1.4,AI ug/org/d,Unspecifed toxicity level,1139,3,Oral,,,,,,,,,,,,,,,,,,,,
243973-20-8,"2,2-Dimethylpropanoic acid  8-(2,6-diethyl-4-methylphenyl)-1,2,4,5- tetrahydro-7-oxo-7H-pyrazolo[1,2-d][1,4,5]oxadiazepin-9-yl ester",Food,88.0,AI ug/org,Unspecifed toxicity level,1140,3,Oral,,,,,,,,,,,,,,,,,,,,
243973-20-8,"2,2-Dimethylpropanoic acid  8-(2,6-diethyl-4-methylphenyl)-1,2,4,5- tetrahydro-7-oxo-7H-pyrazolo[1,2-d][1,4,5]oxadiazepin-9-yl ester",Dermal,200.0,AI ug/org,Unspecifed toxicity level,1141,3,Contact,,,,,,,,,,,,,,,,,,,,
243973-20-8,"2,2-Dimethylpropanoic acid  8-(2,6-diethyl-4-methylphenyl)-1,2,4,5- tetrahydro-7-oxo-7H-pyrazolo[1,2-d][1,4,5]oxadiazepin-9-yl ester",Food,5.2,AI ug/org,Unspecifed toxicity level,1142,3,Oral,,,,,,,,,,,,,,,,,,,,
243973-20-8,"2,2-Dimethylpropanoic acid  8-(2,6-diethyl-4-methylphenyl)-1,2,4,5- tetrahydro-7-oxo-7H-pyrazolo[1,2-d][1,4,5]oxadiazepin-9-yl ester",Dermal,84.0,AI ug/org,Unspecifed toxicity level,1143,3,Contact,,,,,,,,,,,,,,,,,,,,
243973-20-8,"2,2-Dimethylpropanoic acid  8-(2,6-diethyl-4-methylphenyl)-1,2,4,5- tetrahydro-7-oxo-7H-pyrazolo[1,2-d][1,4,5]oxadiazepin-9-yl ester",Dermal,100.0,AI ug/org,Unspecifed toxicity level,1144,3,Contact,,,,,,,,,,,,,,,,,,,,
243973-20-8,"2,2-Dimethylpropanoic acid  8-(2,6-diethyl-4-methylphenyl)-1,2,4,5- tetrahydro-7-oxo-7H-pyrazolo[1,2-d][1,4,5]oxadiazepin-9-yl ester",Food,220.0,AI ug/org,Unspecifed toxicity level,1145,3,Oral,,,,,,,,,,,,,,,,,,,,
283594-90-1,"3,3-Dimethylbutanoic acid 2-oxo-3-(2,4,6-trimethylphenyl)-1-oaxspiro[4.4]non-3-en-4-yl ester","Spray, unspecified",4.3331e+16,ug/bee,Unspecifed toxicity level,1146,3,Other,,,,,,,,,,,,,,,,,,,,
283594-90-1,"3,3-Dimethylbutanoic acid 2-oxo-3-(2,4,6-trimethylphenyl)-1-oaxspiro[4.4]non-3-en-4-yl ester",Food,0.06,AI ug/org/d,Unspecifed toxicity level,1147,3,Oral,,,,,,,,,,,,,,,,,,,,
283594-90-1,"3,3-Dimethylbutanoic acid 2-oxo-3-(2,4,6-trimethylphenyl)-1-oaxspiro[4.4]non-3-en-4-yl ester","Spray, unspecified",1.0009e+16,AI ug/org,Unspecifed toxicity level,1148,3,Other,,,,,,,,,,,,,,,,,,,,
283594-90-1,"3,3-Dimethylbutanoic acid 2-oxo-3-(2,4,6-trimethylphenyl)-1-oaxspiro[4.4]non-3-en-4-yl ester",Food,0.07,AI ug/org/d,Unspecifed toxicity level,1149,3,Oral,,,,,,,,,,,,,,,,,,,,
283594-90-1,"3,3-Dimethylbutanoic acid 2-oxo-3-(2,4,6-trimethylphenyl)-1-oaxspiro[4.4]non-3-en-4-yl ester",Food,64.1,AI ug/org,Unspecifed toxicity level,1150,3,Oral,,,,,,,,,,,,,,,,,,,,
283594-90-1,"3,3-Dimethylbutanoic acid 2-oxo-3-(2,4,6-trimethylphenyl)-1-oaxspiro[4.4]non-3-en-4-yl ester",Dermal,200.0,AI ug/org,Unspecifed toxicity level,1151,3,Contact,,,,,,,,,,,,,,,,,,,,
283594-90-1,"3,3-Dimethylbutanoic acid 2-oxo-3-(2,4,6-trimethylphenyl)-1-oaxspiro[4.4]non-3-en-4-yl ester",Food,0.3,AI ug/org/d,Unspecifed toxicity level,1152,3,Oral,,,,,,,,,,,,,,,,,,,,
283594-90-1,"3,3-Dimethylbutanoic acid 2-oxo-3-(2,4,6-trimethylphenyl)-1-oaxspiro[4.4]non-3-en-4-yl ester",Food,792.4,AI ug/org,Unspecifed toxicity level,1153,3,Oral,,,,,,,,,,,,,,,,,,,,
283594-90-1,"3,3-Dimethylbutanoic acid 2-oxo-3-(2,4,6-trimethylphenyl)-1-oaxspiro[4.4]non-3-en-4-yl ester",Dermal,200.0,AI ug/org,Unspecifed toxicity level,1154,3,Contact,,,,,,,,,,,,,,,,,,,,
500008-45-7,3-Bromo-N-[4-chloro-2-methyl-6-[(methylamino)carbonyl]phenyl]-1-(3-chloro-2-pyridinyl)-1H-pyrazole-5-carboxamide,Food,0.119,AI ug/org/d,Unspecifed toxicity level,1155,3,Oral,,,,,,,,,,,,,,,,,,,,
500008-45-7,3-Bromo-N-[4-chloro-2-methyl-6-[(methylamino)carbonyl]phenyl]-1-(3-chloro-2-pyridinyl)-1H-pyrazole-5-carboxamide,"Topical, general",0.706,ug/org,Unspecifed toxicity level,1156,3,Contact,,,,,,,,,,,,,,,,,,,,
500008-45-7,3-Bromo-N-[4-chloro-2-methyl-6-[(methylamino)carbonyl]phenyl]-1-(3-chloro-2-pyridinyl)-1H-pyrazole-5-carboxamide,"Spray, unspecified",23046000000000.0,AI ug/org,Unspecifed toxicity level,1157,3,Other,,,,,,,,,,,,,,,,,,,,
500008-45-7,3-Bromo-N-[4-chloro-2-methyl-6-[(methylamino)carbonyl]phenyl]-1-(3-chloro-2-pyridinyl)-1H-pyrazole-5-carboxamide,"Spray, unspecified",4.6092,ug/bee,Unspecifed toxicity level,1158,3,Other,,,,,,,,,,,,,,,,,,,,
500008-45-7,3-Bromo-N-[4-chloro-2-methyl-6-[(methylamino)carbonyl]phenyl]-1-(3-chloro-2-pyridinyl)-1H-pyrazole-5-carboxamide,Food,1.6,AI ug/org/d,Unspecifed toxicity level,1159,3,Oral,,,,,,,,,,,,,,,,,,,,
500008-45-7,3-Bromo-N-[4-chloro-2-methyl-6-[(methylamino)carbonyl]phenyl]-1-(3-chloro-2-pyridinyl)-1H-pyrazole-5-carboxamide,Food,0.193,AI ug/org/d,Unspecifed toxicity level,1160,3,Oral,,,,,,,,,,,,,,,,,,,,
943831-98-9,4-Amino-3-chloro-6-(4-chloro-2-fluoro-3-methoxyphenyl)-2-pyridinecarboxylic acid methyl ester,Food,5.34,AI ug/org/d,Unspecifed toxicity level,1161,3,Oral,,,,,,,,,,,,,,,,,,,,
943831-98-9,4-Amino-3-chloro-6-(4-chloro-2-fluoro-3-methoxyphenyl)-2-pyridinecarboxylic acid methyl ester,Dermal,98.1,AI ug/org,Unspecifed toxicity level,1162,3,Contact,,,,,,,,,,,,,,,,,,,,
943831-98-9,4-Amino-3-chloro-6-(4-chloro-2-fluoro-3-methoxyphenyl)-2-pyridinecarboxylic acid methyl ester,Food,108.0,AI ug/org,Unspecifed toxicity level,1163,3,Oral,,,,,,,,,,,,,,,,,,,,
958647-10-4,(2Z)-2-[[2-Fluoro-5-(trifluoromethyl)phenyl]thio]-2-[3-(2-methoxyphenyl)-2-thiazolidinylidene]acetonitrile,Food,10.4,AI ug/org,Unspecifed toxicity level,1164,3,Oral,,,,,,,,,,,,,,,,,,,,
958647-10-4,(2Z)-2-[[2-Fluoro-5-(trifluoromethyl)phenyl]thio]-2-[3-(2-methoxyphenyl)-2-thiazolidinylidene]acetonitrile,Food,21.7,AI ug/org,Unspecifed toxicity level,1165,3,Oral,,,,,,,,,,,,,,,,,,,,
958647-10-4,(2Z)-2-[[2-Fluoro-5-(trifluoromethyl)phenyl]thio]-2-[3-(2-methoxyphenyl)-2-thiazolidinylidene]acetonitrile,Food,8.19,AI ug/org,Unspecifed toxicity level,1166,3,Oral,,,,,,,,,,,,,,,,,,,,
958647-10-4,(2Z)-2-[[2-Fluoro-5-(trifluoromethyl)phenyl]thio]-2-[3-(2-methoxyphenyl)-2-thiazolidinylidene]acetonitrile,Food,100.0,AI ug/org,Unspecifed toxicity level,1167,3,Oral,,,,,,,,,,,,,,,,,,,,
958647-10-4,(2Z)-2-[[2-Fluoro-5-(trifluoromethyl)phenyl]thio]-2-[3-(2-methoxyphenyl)-2-thiazolidinylidene]acetonitrile,Dermal,100.0,AI ug/org,Unspecifed toxicity level,1168,3,Contact,,,,,,,,,,,,,,,,,,,,
958647-10-4,(2Z)-2-[[2-Fluoro-5-(trifluoromethyl)phenyl]thio]-2-[3-(2-methoxyphenyl)-2-thiazolidinylidene]acetonitrile,Dermal,50.0,AI ug/org,Unspecifed toxicity level,1169,3,Contact,,,,,,,,,,,,,,,,,,,,
1072957-71-1,"N-[9-(Dichloromethylene)-1,2,3,4-tetrahydro-1,4-1H-pyrazole-4-carboxamide",Food,5.38,AI ug/org/d,Unspecifed toxicity level,1170,3,Oral,,,,,,,,,,,,,,,,,,,,
1072957-71-1,"N-[9-(Dichloromethylene)-1,2,3,4-tetrahydro-1,4-1H-pyrazole-4-carboxamide",Dermal,100.0,AI ug/org,Unspecifed toxicity level,1171,3,Contact,,,,,,,,,,,,,,,,,,,,
1072957-71-1,"N-[9-(Dichloromethylene)-1,2,3,4-tetrahydro-1,4-1H-pyrazole-4-carboxamide",Food,109.0,AI ug/org,Unspecifed toxicity level,1172,3,Oral,,,,,,,,,,,,,,,,,,,,
1228284-64-7,"3-(Difluoromethyl)-N-methoxy-1-methyl-N-[1-(2,4,6-trichlorophenyl)propan-2-yl]-1H-pyrazole-4-carboxamide",Food,116.0,AI ug/org,Unspecifed toxicity level,1173,3,Oral,,,,,,,,,,,,,,,,,,,,
1228284-64-7,"3-(Difluoromethyl)-N-methoxy-1-methyl-N-[1-(2,4,6-trichlorophenyl)propan-2-yl]-1H-pyrazole-4-carboxamide",Dermal,100.0,AI ug/org,Unspecifed toxicity level,1174,3,Contact,,,,,,,,,,,,,,,,,,,,
1228284-64-7,"3-(Difluoromethyl)-N-methoxy-1-methyl-N-[1-(2,4,6-trichlorophenyl)propan-2-yl]-1H-pyrazole-4-carboxamide",Food,7.6,AI ug/org/d,Unspecifed toxicity level,1175,3,Oral,,,,,,,,,,,,,,,,,,,,
1228284-64-7,"3-(Difluoromethyl)-N-methoxy-1-methyl-N-[1-(2,4,6-trichlorophenyl)propan-2-yl]-1H-pyrazole-4-carboxamide",Food,0.0035,AI ug/org/d,Unspecifed toxicity level,1176,3,Oral,,,,,,,,,,,,,,,,,,,,
1390661-72-9,Benzyl 4-amino-3-chloro-6-(4-chloro-2-fluoro-3-methoxyphenyl)-5-fluoropyridine-2-carboxylate,Food,3.7,AI ug/org/d,Unspecifed toxicity level,1177,3,Oral,,,,,,,,,,,,,,,,,,,,
1390661-72-9,Benzyl 4-amino-3-chloro-6-(4-chloro-2-fluoro-3-methoxyphenyl)-5-fluoropyridine-2-carboxylate,Dermal,100.0,AI ug/org,Unspecifed toxicity level,1178,3,Contact,,,,,,,,,,,,,,,,,,,,
1390661-72-9,Benzyl 4-amino-3-chloro-6-(4-chloro-2-fluoro-3-methoxyphenyl)-5-fluoropyridine-2-carboxylate,Food,105.4,AI ug/org,Unspecifed toxicity level,1179,3,Oral,,,,,,,,,,,,,,,,,,,,
12071-83-9,,,,,Ambiguous SMILES,1182,4,Oral,0,0,AMBIGUOUS,,,,,,,,,,,,,,,,,
12122-67-7,,,,,Ambiguous SMILES,1183,4,Oral,0,0,AMBIGUOUS,,,,,,,,,,,,,,,,,
127277-53-6,,,,,Ambiguous SMILES,1184,4,Contact,0,1,AMBIGUOUS,,,,,,,,,,,,,,,,,
137-30-4,,,,,Ambiguous SMILES,1185,4,Contact,0,0,AMBIGUOUS,,,,,,,,,,,,,,,,,
155569-91-8,,,,,Ambiguous SMILES,1186,4,Contact,1,2,AMBIGUOUS,,,,,,,,,,,,,,,,,
2702-72-9,,,,,Ambiguous SMILES,1187,4,Contact,0,1,AMBIGUOUS,,,,,,,,,,,,,,,,,
274671-61-3,,,,,Ambiguous SMILES,1188,4,Contact,0,1,AMBIGUOUS,,,,,,,,,,,,,,,,,
40465-66-5,,,,,Ambiguous SMILES,1189,4,Other,0,0,AMBIGUOUS,,,,,,,,,,,,,,,,,
6980-18-3,,,,,Ambiguous SMILES,1190,4,Contact,0,1,AMBIGUOUS,,,,,,,,,,,,,,,,,
77182-82-2,,,,,Ambiguous SMILES,1191,4,Contact,0,1,AMBIGUOUS,,,,,,,,,,,,,,,,,
8018-01-7,,,,,Ambiguous SMILES,1192,4,Oral,0,0,AMBIGUOUS,,,,,,,,,,,,,,,,,
1317-39-1,,,,,No SMILES found,1195,5,Contact,0,1,NOT FOUND,,,,,,,,,,,,,,,,,
1402570-38-0,,,,,No SMILES found,1196,5,Other,1,2,NOT FOUND,,,,,,,,,,,,,,,,,
155802-61-2,,,,,No SMILES found,1197,5,Oral,1,2,NOT FOUND,,,,,,,,,,,,,,,,,
165252-70-0,,,,,No SMILES found,1198,5,Contact,1,2,NOT FOUND,,,,,,,,,,,,,,,,,
168316-95-8,,,,,No SMILES found,1199,5,Contact,1,2,NOT FOUND,,,,,,,,,,,,,,,,,
39148-24-8,,,,,No SMILES found,1200,5,Contact,0,0,NOT FOUND,,,,,,,,,,,,,,,,,
39342-50-2,,,,,No SMILES found,1201,5,Oral,0,0,NOT FOUND,,,,,,,,,,,,,,,,,
396653-00-2,,,,,No SMILES found,1202,5,Other,1,2,NOT FOUND,,,,,,,,,,,,,,,,,
71751-41-2,,,,,No SMILES found,1203,5,Oral,1,2,NOT FOUND,,,,,,,,,,,,,,,,,
8002-65-1,,,,,No SMILES found,1204,5,Contact,1,2,NOT FOUND,,,,,,,,,,,,,,,,,
8012-69-9,,,,,No SMILES found,1205,5,Contact,0,1,NOT FOUND,,,,,,,,,,,,,,,,,
8029-29-6,,,,,No SMILES found,1206,5,Contact,0,1,NOT FOUND,,,,,,,,,,,,,,,,,
8046-74-0,,,,,No SMILES found,1207,5,Oral,0,1,NOT FOUND,,,,,,,,,,,,,,,,,
84776-33-0,,,,,No SMILES found,1208,5,Oral,0,0,NOT FOUND,,,,,,,,,,,,,,,,,
921202-14-4,,,,,No SMILES found,1209,5,Other,1,2,NOT FOUND,,,,,,,,,,,,,,,,,
113614-09-8,Beflubutamid-M (Ref: F4050),,,,No SMILES found,1212,6,Oral,0,0,,69991731,PPDB,1,0,0,0,,,,,,,,,,,
1449021-97-9,Benzpyrimoxan (Ref: NNI-1501),,,,No SMILES found,1213,6,Contact,0,1,,,PPDB,0,0,1,0,,,,,,,,,,,
8001-85-2,Bone oil,,,,No SMILES found,1214,6,Other,0,1,,,PPDB,0,0,0,1,,,,,,,,,,,
8011-63-0,Bordeaux mixture,,,,No SMILES found,1215,6,Oral,0,1,,,PPDB,0,1,0,0,,,,,,,,,,,
56634-95-8,Bromoxynil-heptanoate,,,,No SMILES found,1216,6,Contact,0,0,,128920,PPDB,1,0,0,0,,,,,,,,,,,
1096483-37-2,Clopyralid-dimethylammonium,,,,No SMILES found,1217,6,Contact,0,1,,,PPDB,1,0,0,0,,,,,,,,,,,
1532-24-7,Clopyralid-methyl,,,,No SMILES found,1218,6,Contact,0,1,,,PPDB,1,0,0,0,,,,,,,,,,,
58509-83-4,Clopyralid-potassium,,,,No SMILES found,1219,6,Contact,0,1,,,PPDB,1,0,0,0,,,,,,,,,,,
73455-09-1,Clopyralid-tripromine,,,,No SMILES found,1220,6,Contact,0,1,,,PPDB,1,0,0,0,,,,,,,,,,,
11096-18-7,Cufraneb,,,,No SMILES found,1221,6,Contact,0,1,,,PPDB,0,1,0,0,,,,,,,,,,,
875690-85-0,Dinocap 4,,,,No SMILES found,1222,6,Oral,1,1,,,PPDB,0,1,0,0,,,,,,,,,,,
875695-92-4,Dinocap 6,,,,No SMILES found,1223,6,Oral,1,1,,,PPDB,0,1,0,0,,,,,,,,,,,
2980-64-5,DNOC ammonium,,,,No SMILES found,1224,6,Oral,0,0,,,PPDB,0,0,0,1,,,,,,,,,,,
5787-96-2,DNOC potassium,,,,No SMILES found,1225,6,Oral,0,0,,,PPDB,0,0,0,1,,,,,,,,,,,
2312-76-7,DNOC sodium,,,,No SMILES found,1226,6,Oral,0,0,,,PPDB,0,0,0,1,,,,,,,,,,,
1065124-65-3,Epsilon-momfluorothrin (Ref: S-1563),,,,No SMILES found,1227,6,Contact,1,2,,,PPDB,0,0,1,0,,,,,,,,,,,
1309859-39-9,Fluopimomide,,,,No SMILES found,1228,6,Oral,0,1,,,PPDB,0,0,0,1,,,,,,,,,,,
870721-81-6,Heptamaloxyloglucan (Ref: EL101GV),,,,No SMILES found,1229,6,Contact,0,1,,,PPDB,0,0,0,1,,,,,,,,,,,
72623-86-0,Paraffin oil (CAS No. 72623-86-0),,,,No SMILES found,1230,6,Contact,0,1,,,PPDB,0,0,0,1,,,,,,,,,,,
64742-46-7,Paraffin oil (CAS No: 64742-46-7),,,,No SMILES found,1231,6,Contact,0,1,,,PPDB,0,0,0,1,,,,,,,,,,,
8042-47-5,Paraffin oil (CAS No: 8042-47-5) (Ref: NEU 11301),,,,No SMILES found,1232,6,Contact,0,1,,,PPDB,0,0,0,1,,,,,,,,,,,
97862-82-3,Paraffin oil (CAS No: 97862-82-3),,,,No SMILES found,1233,6,Contact,0,0,,,PPDB,0,0,0,1,,,,,,,,,,,
36374-99-9,Picloram-etexyl,,,,No SMILES found,1234,6,Oral,0,1,,,PPDB,1,0,0,0,,,,,,,,,,,
55871-00-6,Picloram-olamine,,,,No SMILES found,1235,6,Oral,0,1,,,PPDB,1,0,0,0,,,,,,,,,,,
-,Potassium phosphonates,,,,No SMILES found,1236,6,Oral,0,0,,,PPDB,0,0,0,1,,,,,,,,,,,
156065-03-1,Prochloraz copper complex,,,,No SMILES found,1237,6,Oral,0,0,,381392645,PPDB,0,0,0,1,,,,,,,,,,,
137001-93-5,Prochloraz zinc complex,,,,No SMILES found,1238,6,Oral,0,0,,,PPDB,0,0,0,1,,,,,,,,,,,
99-86-5,QRD-460 Terpenoid blend,,,,No SMILES found,1239,6,Contact,0,1,,7462,PPDB,0,0,1,0,,,,,,,,,,,
6988-21-2,Dioxacarb (Ref: C8353),,,,Only descriptive toxicity available,1242,7,,,,CNC(=O)OC1=CC=CC=C1C2OCCO2,23421,PPDB,0,0,1,0,Toxic,,,,,,,,,,
73886-28-9,Heptopargil (Ref: GL-1016),,,,Only descriptive toxicity available,1243,7,,,,CC1(C2CCC1(C(=NOCC#C)C2)C)C,9570826,PPDB,0,0,0,1,Toxic,,,,,,,,,,
42509-80-8,Isazofos (Ref: CGA 12223),,,,Only descriptive toxicity available,1244,7,,,,CCOP(=S)(OCC)OC1=NN(C(=N1)Cl)C(C)C,39223,PPDB,0,0,1,0,Toxic,,,,,,,,,,
26399-36-0,Profluralin (Ref: CGA 10832),,,,Only descriptive toxicity available,1245,7,,,,CCCN(CC1CC1)C2=C(C=C(C=C2[N+](=O)[O-])C(F)(F)F)[N+](=O)[O-],33500,PPDB,1,0,0,0,Toxic,,,,,,,,,,
7292-16-2,Propaphos (Ref: NK-1158),,,,Only descriptive toxicity available,1246,7,,,,CCCOP(=O)(OCCC)OC1=CC=C(C=C1)SC,23717,PPDB,0,0,1,0,Toxic,,,,,,,,,,
78617-58-0,(Z)-hexadec-13-en-11-ynyl acetate,,,,No SMILES found,1249,8,Contact,0,1,,,BPDB,0,0,0,1,,,,,,,,,,,
152045-16-4,4-methylnonan-5-ol,,,,No SMILES found,1250,8,Other,0,1,,,BPDB,0,0,0,1,,,,,,,,,,,
152783-91-0,4-methylnonan-5-one,,,,No SMILES found,1251,8,Other,0,1,,,BPDB,0,0,0,1,,,,,,,,,,,
-,ABE IT56,,,,No SMILES found,1252,8,Contact,0,1,,,BPDB,0,1,0,0,,,,,,,,,,,
-,Alternaria destruens,,,,No SMILES found,1253,8,Other,0,0,,,BPDB,0,0,0,1,,,,,,,,,,,
-,Ampelomyces quisqualis strain AQ10,,,,No SMILES found,1254,8,Other,0,0,,,BPDB,0,1,0,0,,,,,,,,,,,
-,Aschersonia aleyrodis,,,,No SMILES found,1255,8,Other,0,0,,,BPDB,0,0,0,1,,,,,,,,,,,
-,Aspergillus flavus AF36,,,,No SMILES found,1256,8,Other,0,0,,,BPDB,0,0,0,1,,,,,,,,,,,
-,Aspergillus flavus MUCL54911,,,,No SMILES found,1257,8,Other,0,0,,,BPDB,0,0,0,1,,,,,,,,,,,
-,Aureobasidium pullulans,,,,No SMILES found,1258,8,Other,0,0,,,BPDB,0,0,0,1,,,,,,,,,,,
-,Bacillus amyloliquefaciens AH2,,,,No SMILES found,1259,8,Contact,0,0,,,BPDB,0,0,0,1,,,,,,,,,,,
-,Bacillus amyloliquefaciens FZB24 (Ref: 7514913-951),,,,No SMILES found,1260,8,Oral,0,0,,,BPDB,0,0,0,1,,,,,,,,,,,
-,Bacillus amyloliquefaciens IT-45,,,,No SMILES found,1261,8,Contact,0,0,,,BPDB,0,0,0,1,,,,,,,,,,,
-,Bacillus amyloliquefaciens MBI600,,,,No SMILES found,1262,8,Contact,0,1,,,BPDB,0,0,0,1,,,,,,,,,,,
-,Bacillus amyloliquefaciens QST 713,,,,No SMILES found,1263,8,Oral,0,0,,,BPDB,0,0,0,1,,,,,,,,,,,
-,Bacillus amyloliquefaciens subsp. plantarum D747,,,,No SMILES found,1264,8,Contact,0,0,,,BPDB,0,0,0,1,,,,,,,,,,,
-,Bacillus firmus I-1582,,,,No SMILES found,1265,8,Oral,0,0,,,BPDB,0,0,0,1,,,,,,,,,,,
-,Bacillus pumilus strain QST 2808,,,,No SMILES found,1266,8,Other,0,0,,,BPDB,0,0,0,1,,,,,,,,,,,
-,Bacillus subtilis strain FMCH002,,,,No SMILES found,1267,8,Contact,0,0,,,BPDB,0,0,0,1,,,,,,,,,,,
-,Bacillus subtilis strain GB03,,,,No SMILES found,1268,8,Other,0,1,,,BPDB,0,0,0,1,,,,,,,,,,,
-,Bacillus subtilis strain GB34,,,,No SMILES found,1269,8,Other,0,1,,,BPDB,0,0,0,1,,,,,,,,,,,
-,Bacillus subtilis strain RTI477,,,,No SMILES found,1270,8,Contact,0,0,,,BPDB,0,0,0,1,,,,,,,,,,,
-,Bacillus subtilis var amyloliquefaciens,,,,No SMILES found,1271,8,Other,0,0,,,BPDB,0,0,0,1,,,,,,,,,,,
68038-71-1,Bacillus thuringiensis Berliner subsp. japonensis,,,,No SMILES found,1272,8,Contact,1,2,,,BPDB,0,0,1,0,,,,,,,,,,,
68038-71-1,Bacillus thuringiensis Berliner subsp. morrisoni (Ref: SAN418),,,,No SMILES found,1273,8,Contact,1,2,,,BPDB,0,0,1,0,,,,,,,,,,,
68038-71-1,Bacillus thuringiensis subsp. aizawai strain GC-91 (Ref: SAN401),,,,No SMILES found,1274,8,Contact,0,1,,,BPDB,0,0,1,0,,,,,,,,,,,
68038-71-1,Bacillus thuringiensis subsp. israelensis strain AM65-52 (Ref: SAN402),,,,No SMILES found,1275,8,Contact,0,1,,,BPDB,0,0,1,0,,,,,,,,,,,
68038-71-1,Bacillus thuringiensis subsp. kurstaki strain ABTS 351,,,,No SMILES found,1276,8,Oral,0,1,,,BPDB,0,0,1,0,,,,,,,,,,,
68038-71-1,Bacillus thuringiensis subsp. kurstaki strain EG2348,,,,No SMILES found,1277,8,Oral,0,1,,,BPDB,0,0,1,0,,,,,,,,,,,
68038-71-1,Bacillus thuringiensis subsp. kurstaki strain SA11,,,,No SMILES found,1278,8,Oral,0,1,,,BPDB,0,0,1,0,,,,,,,,,,,
68038-71-1,Bacillus thuringiensis subsp. kurstaki strain SA12,,,,No SMILES found,1279,8,Oral,0,1,,,BPDB,0,0,1,0,,,,,,,,,,,
-,Bacillus thuringiensis subsp. tenebrionis NB 176 (Ref: TM14-1),,,,No SMILES found,1280,8,Contact,1,2,,,BPDB,0,0,1,0,,,,,,,,,,,
-,Bacillus velezensis strain RTI301,,,,No SMILES found,1281,8,Contact,0,0,,,BPDB,0,0,1,0,,,,,,,,,,,
-,Beauveria bassiana strain 147,,,,No SMILES found,1282,8,Oral,0,0,,,BPDB,0,0,0,1,,,,,,,,,,,
-,Beauveria bassiana strain 203,,,,No SMILES found,1283,8,Contact,0,0,,,BPDB,0,0,0,1,,,,,,,,,,,
-,Beauveria bassiana strain ATCC 74040 (Ref: F-7744),,,,No SMILES found,1284,8,Contact,0,0,,,BPDB,0,0,1,0,,,,,,,,,,,
-,Beauveria bassiana strain GHA,,,,No SMILES found,1285,8,Contact,0,0,,,BPDB,0,0,1,0,,,,,,,,,,,
-,Beauveria bassiana strain IMI389521,,,,No SMILES found,1286,8,Oral,0,0,,,BPDB,0,0,0,1,,,,,,,,,,,
-,Beauveria bassiana strain NPP111B005 (Ref: ARY-0711b-01),,,,No SMILES found,1287,8,Oral,0,0,,,BPDB,0,0,0,1,,,,,,,,,,,
90989-74-5,Blood meal,,,,No SMILES found,1288,8,Oral,0,0,,,BPDB,0,0,0,1,,,,,,,,,,,
8011-63-0,Bordeaux mixture,,,,No SMILES found,1289,8,Oral,0,1,,,BPDB,0,1,0,0,,,,,,,,,,,
-,Brassica juncea,,,,No SMILES found,1290,8,Other,0,0,,,BPDB,0,0,0,1,,,,,,,,,,,
-,Brevibacillus brevis,,,,No SMILES found,1291,8,Other,0,0,,,BPDB,0,0,0,1,,,,,,,,,,,
-,Canola oil,,,,No SMILES found,1292,8,Other,0,1,,,BPDB,0,0,0,1,,,,,,,,,,,
-,Cerevisane,,,,No SMILES found,1293,8,Other,0,1,,,BPDB,0,0,0,1,,,,,,,,,,,
38401-84-2,Chalcogran,,,,No SMILES found,1294,8,Other,0,1,,,BPDB,0,0,0,1,,,,,,,,,,,
8000-29-1,Citronella oil,,,,No SMILES found,1295,8,Other,0,1,,,BPDB,0,0,0,1,,,,,,,,,,,
-,Clonostachys rosea f. catenulate,,,,No SMILES found,1296,8,Other,0,0,,,BPDB,0,0,0,1,,,,,,,,,,,
-,Clonostachys rosea strain J1446,,,,No SMILES found,1297,8,Other,0,0,,,BPDB,0,0,0,1,,,,,,,,,,,
-,Colletotrichum gloeosporioides f. Sp. Cuscutae,,,,No SMILES found,1298,8,Other,0,0,,,BPDB,0,0,0,1,,,,,,,,,,,
-,Colletotrichum gloeosporioides f. sp. malvae,,,,No SMILES found,1299,8,Other,0,0,,,BPDB,0,0,0,1,,,,,,,,,,,
-,Colletotrichum gloeosporioidides f. sp. aeschynomene,,,,No SMILES found,1300,8,Other,0,0,,,BPDB,1,0,0,0,,,,,,,,,,,
-,COS-OGA,,,,No SMILES found,1301,8,Oral,1,1,,,BPDB,0,1,0,0,,,,,,,,,,,
-,Cryphonectria parasitica,,,,No SMILES found,1302,8,Other,0,0,,,BPDB,0,0,0,1,,,,,,,,,,,
-,Cryptococcus albidus,,,,No SMILES found,1303,8,Other,0,0,,,BPDB,0,0,0,1,,,,,,,,,,,
-,Cydia pomonella granulosis virus,,,,No SMILES found,1304,8,Contact,0,1,,,BPDB,0,0,0,1,,,,,,,,,,,
-,Cylindrobasidium laeve,,,,No SMILES found,1305,8,Other,0,0,,,BPDB,0,0,0,1,,,,,,,,,,,
-,Entyloma ageratinae,,,,No SMILES found,1306,8,Other,0,0,,,BPDB,1,0,0,0,,,,,,,,,,,
-,Erwinia amylovora HrpN harpin protein,,,,No SMILES found,1307,8,Other,0,0,,,BPDB,0,0,0,1,,,,,,,,,,,
-,Erwinia carotovora,,,,No SMILES found,1308,8,Other,0,0,,,BPDB,0,0,0,1,,,,,,,,,,,
-,Fenugreek seed powder,,,,No SMILES found,1309,8,Oral,0,1,,,BPDB,0,0,0,1,,,,,,,,,,,
-,Fusarium oxysporum,,,,No SMILES found,1310,8,Other,0,0,,,BPDB,0,0,0,1,,,,,,,,,,,
-,Gliocladium catenulatum strain J1446,,,,No SMILES found,1311,8,Contact,0,0,,,BPDB,0,0,0,1,,,,,,,,,,,
-,Gliocladium virens,,,,No SMILES found,1312,8,Other,0,0,,,BPDB,0,0,0,1,,,,,,,,,,,
-,Helicoverpa armigera nucleopolyhedrovirus,,,,No SMILES found,1313,8,Oral,0,0,,,BPDB,0,0,0,1,,,,,,,,,,,
-,Helicoverpa zea nucleopolyhedrovirus,,,,No SMILES found,1314,8,Other,0,0,,,BPDB,0,0,0,1,,,,,,,,,,,
-,Heterorhabditis bacteriophora,,,,No SMILES found,1315,8,Other,0,0,,,BPDB,0,0,0,1,,,,,,,,,,,
-,Heterorhabditis megidis,,,,No SMILES found,1316,8,Other,0,0,,,BPDB,0,0,0,1,,,,,,,,,,,
-,Hirsutella thompsonii,,,,No SMILES found,1317,8,Other,0,0,,,BPDB,0,0,0,1,,,,,,,,,,,
-,Isaria fumerosa Apopka strain 97,,,,No SMILES found,1318,8,Contact,0,1,,,BPDB,0,0,0,1,,,,,,,,,,,
61789-91-1,Jojoba oil,,,,No SMILES found,1319,8,Other,0,1,,,BPDB,0,0,0,1,,,,,,,,,,,
-,Lagenidium giganteum,,,,No SMILES found,1320,8,Other,0,0,,,BPDB,0,0,0,1,,,,,,,,,,,
67892-35-7,Lecanicillium muscarium strain Ve6,,,,No SMILES found,1321,8,Other,0,0,,,BPDB,0,0,1,0,,,,,,,,,,,
-,Lymantria dispar nucleopolyhedrovirus,,,,No SMILES found,1322,8,Other,0,0,,,BPDB,0,0,0,1,,,,,,,,,,,
112025-60-2,Macleaya extract,,,,No SMILES found,1323,8,Other,0,1,,,BPDB,0,1,0,0,,,,,,,,,,,
81181-36-4,Mamestra brassicae nucleopolyhedrovirus,,,,No SMILES found,1324,8,Other,0,0,,,BPDB,0,0,0,1,,,,,,,,,,,
-,Mamestra configurata nucleopolyhedrovirus,,,,No SMILES found,1325,8,Other,0,0,,,BPDB,0,0,0,1,,,,,,,,,,,
-,Metarhizium anisopliae strain F52,,,,No SMILES found,1326,8,Other,0,0,,,BPDB,0,0,0,1,,,,,,,,,,,
-,Metschnikowia fructicola strain NRRL Y-27328,,,,No SMILES found,1327,8,Contact,0,0,,,BPDB,0,0,0,1,,,,,,,,,,,
67892-16-4,Myrothecium verrucaria,,,,No SMILES found,1328,8,Other,0,0,,,BPDB,0,0,0,1,,,,,,,,,,,
-,Orgyia pseudotsugata nucleopolyhedrovirus,,,,No SMILES found,1329,8,Other,0,0,,,BPDB,0,0,0,1,,,,,,,,,,,
-,Pantoea agglomerans,,,,No SMILES found,1330,8,Contact,0,0,,,BPDB,0,1,0,0,,,,,,,,,,,
8042-47-5,Paraffin oil (CAS No: 8042-47-5) (Ref: NEU 11301),,,,No SMILES found,1331,8,Contact,0,1,,,BPDB,0,0,0,1,,,,,,,,,,,
-,Pasteuria nishizawae Pn1,,,,No SMILES found,1332,8,Contact,0,1,,,BPDB,0,0,0,1,,,,,,,,,,,
-,Phlebiopsis gigantea strain 410.3,,,,No SMILES found,1333,8,Contact,0,1,,,BPDB,0,1,0,0,,,,,,,,,,,
-,Phlebiopsis gigantea strain VRA 1835,,,,No SMILES found,1334,8,Contact,0,1,,,BPDB,0,1,0,0,,,,,,,,,,,
-,Phlebiopsis gigantea strain VRA 1984,,,,No SMILES found,1335,8,Contact,0,1,,,BPDB,0,1,0,0,,,,,,,,,,,
-,Phthorimaea operculella granulovirus,,,,No SMILES found,1336,8,Contact,0,0,,,BPDB,0,0,0,1,,,,,,,,,,,
39285-04-6,Polynactins,,,,No SMILES found,1337,8,Other,0,1,,,BPDB,0,0,0,1,,,,,,,,,,,
-,Potassium phosphonates,,,,No SMILES found,1338,8,Oral,0,0,,,BPDB,0,0,0,1,,,,,,,,,,,
-,Purpureocillium lilacinum strain PL 11,,,,No SMILES found,1339,8,Contact,0,0,,,BPDB,0,0,0,1,,,,,,,,,,,
8003-34-7,Pyrethrins (mix),,,,No SMILES found,1340,8,Contact,1,2,,,BPDB,0,0,1,0,,,,,,,,,,,
-,Pythium oligandrum Strain B301,,,,No SMILES found,1341,8,Oral,0,0,,,BPDB,0,0,0,1,,,,,,,,,,,
-,Pythium oligandrum Strain DV74,,,,No SMILES found,1342,8,Other,0,0,,,BPDB,0,0,0,1,,,,,,,,,,,
-,Pythium oligandrum Strain M1,,,,No SMILES found,1343,8,Oral,0,0,,,BPDB,0,0,0,1,,,,,,,,,,,
99-86-5,QRD-460 Terpenoid blend,,,,No SMILES found,1344,8,Contact,0,1,,7462,BPDB,0,0,1,0,,,,,,,,,,,
8002-13-9,Rapeseed oil,,,,No SMILES found,1345,8,Contact,0,0,,,BPDB,0,0,0,1,,,,,,,,,,,
-,Reynoutria sachalinensis extract,,,,No SMILES found,1346,8,Contact,0,1,,,BPDB,0,0,0,1,,,,,,,,,,,
8000-25-7,Rosemary oil,,,,No SMILES found,1347,8,Other,0,1,,,BPDB,0,0,0,1,,,,,,,,,,,
-,Saccharopolyspora spinosa,,,,No SMILES found,1348,8,Other,0,0,,,BPDB,0,0,0,1,,,,,,,,,,,
-,Sea algae extract,,,,No SMILES found,1349,8,Other,0,1,,,BPDB,0,0,0,1,,,,,,,,,,,
8008-79-5,Spearmint oil,,,,No SMILES found,1350,8,Contact,0,0,,,BPDB,0,1,0,0,,,,,,,,,,,
2307677-15-0,Spider venom peptide,,,,No SMILES found,1351,8,Oral,0,1,,,BPDB,0,0,0,1,,,,,,,,,,,
-,"Spodoptera exigua multicapsid nucleopolyhedrovirus, isolate BV-0004",,,,No SMILES found,1352,8,Other,0,0,,,BPDB,0,0,0,1,,,,,,,,,,,
-,Spodoptera littoralis nucleopolyhedrovirus,,,,No SMILES found,1353,8,Oral,0,0,,,BPDB,0,0,0,1,,,,,,,,,,,
-,Spodoptera litura nucleopolyhedrovirus,,,,No SMILES found,1354,8,Other,0,0,,,BPDB,0,0,0,1,,,,,,,,,,,
-,Streptomyces K61,,,,No SMILES found,1355,8,Oral,0,1,,,BPDB,0,0,0,1,,,,,,,,,,,
-,Streptomyces lydicus,,,,No SMILES found,1356,8,Contact,0,1,,,BPDB,0,0,0,1,,,,,,,,,,,
-,Sweet lupin seed extract,,,,No SMILES found,1357,8,Contact,0,1,,,BPDB,0,0,0,1,,,,,,,,,,,
68647-73-4,Tea tree oil,,,,No SMILES found,1358,8,Oral,0,1,,,BPDB,0,0,0,1,,,,,,,,,,,
-,Trichoderma afroharzianum strain T-22,,,,No SMILES found,1359,8,Contact,0,0,,,BPDB,0,1,0,0,,,,,,,,,,,
-,Trichoderma afroharzianum strain Th2RI99,,,,No SMILES found,1360,8,Other,0,1,,,BPDB,0,1,0,0,,,,,,,,,,,
-,Trichoderma asperellum strain ICC012,,,,No SMILES found,1361,8,Other,0,0,,,BPDB,0,1,0,0,,,,,,,,,,,
-,Trichoderma asperellum strain T11,,,,No SMILES found,1362,8,Other,0,0,,,BPDB,0,1,0,0,,,,,,,,,,,
-,Trichoderma asperellum strain T25,,,,No SMILES found,1363,8,Contact,0,1,,,BPDB,0,1,0,0,,,,,,,,,,,
-,Trichoderma asperellum strain T34,,,,No SMILES found,1364,8,Other,0,0,,,BPDB,0,1,0,0,,,,,,,,,,,
-,Trichoderma atroviride strain I-1237,,,,No SMILES found,1365,8,Other,0,0,,,BPDB,0,1,0,0,,,,,,,,,,,
-,Trichoderma atroviride strain IMI 206040,,,,No SMILES found,1366,8,Other,0,0,,,BPDB,0,1,0,0,,,,,,,,,,,
-,Trichoderma atroviride strain SC1,,,,No SMILES found,1367,8,Contact,0,0,,,BPDB,0,1,0,0,,,,,,,,,,,
-,Trichoderma atroviride strain T11,,,,No SMILES found,1368,8,Contact,0,1,,,BPDB,0,1,0,0,,,,,,,,,,,
-,Trichoderma atroviride strain TV1,,,,No SMILES found,1369,8,Other,0,0,,,BPDB,0,1,0,0,,,,,,,,,,,
-,Trichoderma harzianum strain T39,,,,No SMILES found,1370,8,Other,0,0,,,BPDB,0,1,0,0,,,,,,,,,,,
-,Trichoderma polysporum strain IMI 206039,,,,No SMILES found,1371,8,Other,0,0,,,BPDB,0,1,0,0,,,,,,,,,,,
-,Trichoderma stromaticum,,,,No SMILES found,1372,8,Other,0,0,,,BPDB,0,1,0,0,,,,,,,,,,,
-,Trichoderma virens strain GL-21,,,,No SMILES found,1373,8,Other,0,0,,,BPDB,0,1,0,0,,,,,,,,,,,
None allocated,Willaertia magna C2c Maky lysate,,,,No SMILES found,1374,8,Contact,0,1,,,BPDB,0,0,0,1,,,,,,,,,,,
-,Zucchini Yellow Mosaic Virus Weak Strain,,,,No SMILES found,1375,8,Other,0,0,,,BPDB,0,0,0,1,,,,,,,,,,,
50933-33-0,Gossyplure (Ref: PP761),,,,CID not found,1378,9,Other,0,1,CCCCC=CCCC=CCCCCCCOC(=O)C.CCCCC=CCCC=CCCCCCCOC(=O)C,NOT FOUND,BPDB,0,0,0,1,,,,,,,,,,,
13701-59-2,,,,,Invalid SMILES,1381,10,,,,[Ba+2].[O-][BH]=O.[O-][BH]=O,,,,,,,,Barium metaborate,Low,"ECOTOX| O, 14 D, > 362.58, UGB| ",Negative,,14 D,,,,
13701-59-2,,,,,Invalid SMILES,1384,11,,,,[Ba+2].[O-][BH]=O.[O-][BH]=O,,,,,,,,Barium metaborate,,,,,,,Low,"ECOTOX, O, 14 D, > 362.58, UGB;",Negative
99-30-9,,,,,Invalid SMILES,1385,11,,,,Nc1c(Cl)cc(cc1Cl)[N](=O)O,,,,,,,,Dicloran,,,,,,,Low,"PPDB,C, > 100, Low; O, > 113, Low; ",Negative
165252-70-0,,,,,Invalid SMILES,1386,11,,,,O=[N](O)/N=C(/NC)\NCC1COCC1,,,,,,,,Dinotefuran,,,,,,,High,"PPDB,C, > 0.023, High; ",Positive
13701-59-2,,,,,Invalid SMILES,1389,12,,,,[Ba+2].[O-][BH]=O.[O-][BH]=O,,,,,,,,Barium metaborate,Low,"ECOTOX| O, 14 D, > 362.58, UGB| ",Negative,,14 D,,,,
13701-59-2,,,,,Invalid SMILES,1392,13,,,,[Ba+2].[O-][BH]=O.[O-][BH]=O,,,,,,,,Barium metaborate,,,,,,,Low,"ECOTOX, O, 14 D, > 362.58, UGB;",Negative
99-30-9,,,,,Invalid SMILES,1393,13,,,,Nc1c(Cl)cc(cc1Cl)[N](=O)O,,,,,,,,Dicloran,,,,,,,Low,"PPDB,C, > 100, Low; O, > 113, Low; ",Negative
165252-70-0,,,,,Invalid SMILES,1394,13,,,,O=[N](O)/N=C(/NC)\NCC1COCC1,,,,,,,,Dinotefuran,,,,,,,High,"PPDB,C, > 0.023, High; ",Positive
13701-59-2,,,,,Invalid SMILES,1397,14,,,,[Ba+2].[O-][BH]=O.[O-][BH]=O,,,,,,,,Barium metaborate,Low,"ECOTOX| O, 14 D, > 362.58, UGB| ",Negative,,14 D,,,,
13701-59-2,,,,,Invalid SMILES,1400,15,,,,[Ba+2].[O-][BH]=O.[O-][BH]=O,,,,,,,,Barium metaborate,,,,,,,Low,"ECOTOX, O, 14 D, > 362.58, UGB;",Negative
99-30-9,,,,,Invalid SMILES,1401,15,,,,Nc1c(Cl)cc(cc1Cl)[N](=O)O,,,,,,,,Dicloran,,,,,,,Low,"PPDB,C, > 100, Low; O, > 113, Low; ",Negative
165252-70-0,,,,,Invalid SMILES,1402,15,,,,O=[N](O)/N=C(/NC)\NCC1COCC1,,,,,,,,Dinotefuran,,,,,,,High,"PPDB,C, > 0.023, High; ",Positive
13701-59-2,,,,,Invalid SMILES,1405,16,,,,[Ba+2].[O-][BH]=O.[O-][BH]=O,,,,,,,,Barium metaborate,Low,"ECOTOX| O, 14 D, > 362.58, UGB| ",Negative,,14 D,,,,
13701-59-2,,,,,Invalid SMILES,1408,17,,,,[Ba+2].[O-][BH]=O.[O-][BH]=O,,,,,,,,Barium metaborate,,,,,,,Low,"ECOTOX, O, 14 D, > 362.58, UGB;",Negative
99-30-9,,,,,Invalid SMILES,1409,17,,,,Nc1c(Cl)cc(cc1Cl)[N](=O)O,,,,,,,,Dicloran,,,,,,,Low,"PPDB,C, > 100, Low; O, > 113, Low; ",Negative
165252-70-0,,,,,Invalid SMILES,1410,17,,,,O=[N](O)/N=C(/NC)\NCC1COCC1,,,,,,,,Dinotefuran,,,,,,,High,"PPDB,C, > 0.023, High; ",Positive
13701-59-2,,,,,Invalid SMILES,1413,18,,,,[Ba+2].[O-][BH]=O.[O-][BH]=O,,,,,,,,Barium metaborate,Low,"ECOTOX| O, 14 D, > 362.58, UGB| ",Negative,,14 D,,,,
13701-59-2,,,,,Invalid SMILES,1416,19,,,,[Ba+2].[O-][BH]=O.[O-][BH]=O,,,,,,,,Barium metaborate,,,,,,,Low,"ECOTOX, O, 14 D, > 362.58, UGB;",Negative
99-30-9,,,,,Invalid SMILES,1417,19,,,,Nc1c(Cl)cc(cc1Cl)[N](=O)O,,,,,,,,Dicloran,,,,,,,Low,"PPDB,C, > 100, Low; O, > 113, Low; ",Negative
165252-70-0,,,,,Invalid SMILES,1418,19,,,,O=[N](O)/N=C(/NC)\NCC1COCC1,,,,,,,,Dinotefuran,,,,,,,High,"PPDB,C, > 0.023, High; ",Positive
13701-59-2,,,,,Invalid SMILES,1421,20,,,,[Ba+2].[O-][BH]=O.[O-][BH]=O,,,,,,,,Barium metaborate,Low,"ECOTOX| O, 14 D, > 362.58, UGB| ",Negative,,14 D,,,,
13701-59-2,,,,,Invalid SMILES,1424,21,,,,[Ba+2].[O-][BH]=O.[O-][BH]=O,,,,,,,,Barium metaborate,,,,,,,Low,"ECOTOX, O, 14 D, > 362.58, UGB;",Negative
99-30-9,,,,,Invalid SMILES,1425,21,,,,Nc1c(Cl)cc(cc1Cl)[N](=O)O,,,,,,,,Dicloran,,,,,,,Low,"PPDB,C, > 100, Low; O, > 113, Low; ",Negative
165252-70-0,,,,,Invalid SMILES,1426,21,,,,O=[N](O)/N=C(/NC)\NCC1COCC1,,,,,,,,Dinotefuran,,,,,,,High,"PPDB,C, > 0.023, High; ",Positive
13701-59-2,,,,,Invalid SMILES,1429,22,,,,[Ba+2].[O-][BH]=O.[O-][BH]=O,,,,,,,,Barium metaborate,Low,"ECOTOX| O, 14 D, > 362.58, UGB| ",Negative,,14 D,,,,
13701-59-2,,,,,Invalid SMILES,1432,23,,,,[Ba+2].[O-][BH]=O.[O-][BH]=O,,,,,,,,Barium metaborate,,,,,,,Low,"ECOTOX, O, 14 D, > 362.58, UGB;",Negative
99-30-9,,,,,Invalid SMILES,1433,23,,,,Nc1c(Cl)cc(cc1Cl)[N](=O)O,,,,,,,,Dicloran,,,,,,,Low,"PPDB,C, > 100, Low; O, > 113, Low; ",Negative
165252-70-0,,,,,Invalid SMILES,1434,23,,,,O=[N](O)/N=C(/NC)\NCC1COCC1,,,,,,,,Dinotefuran,,,,,,,High,"PPDB,C, > 0.023, High; ",Positive
