excel_row,Unnamed: 0,Document UUID,Definition,Parent UUID,AdministrativeData.Endpoint,AdministrativeData.Endpoint.Remarks,AdministrativeData.StudyResultType,DataSource.Reference,MaterialsAndMethods.AnyOtherInformationOnMaterialsAndMethodsInclTables.OtherInformation,MaterialsAndMethods.GLPComplianceStatement,MaterialsAndMethods.Guideline.Deviation,MaterialsAndMethods.Guideline.Guideline,MaterialsAndMethods.Guideline.Guideline.Other,MaterialsAndMethods.Guideline.Qualifier,MaterialsAndMethods.Guideline.UUID,MaterialsAndMethods.StudyDesign.ControlAnimals,MaterialsAndMethods.StudyDesign.ExposureDuration.TotalExposureDuration.Unit,MaterialsAndMethods.StudyDesign.ExposureDuration.TotalExposureDuration.Value,MaterialsAndMethods.StudyDesign.ExposureDuration.UUID,MaterialsAndMethods.StudyDesign.LimitTest,MaterialsAndMethods.StudyDesign.NoOfAnimalsPerSexPerDose,MaterialsAndMethods.StudyDesign.Remarks,MaterialsAndMethods.StudyDesign.StudyType,MaterialsAndMethods.StudyDesign.StudyType.Remarks,MaterialsAndMethods.StudyDesign.TestType,MaterialsAndMethods.StudyDesign.TestType.Other,MaterialsAndMethods.StudyDesign.TotalExposureDuration.Unit,MaterialsAndMethods.StudyDesign.TotalExposureDuration.Value,MaterialsAndMethods.StudyDesign.WaterMediaType,MaterialsAndMethods.StudyDesign.WaterMediaType.Other,MaterialsAndMethods.TestMaterials.DoseMethod,MaterialsAndMethods.TestMaterials.DoseMethod.Other,MaterialsAndMethods.TestMaterials.DoseMethod.Remarks,MaterialsAndMethods.TestMaterials.SpecificDetailsOnTestMaterialUsedForTheStudy,MaterialsAndMethods.TestOrganisms.DetailsOnTestOrganisms,MaterialsAndMethods.TestOrganisms.TestOrganisms.PlantGroup,MaterialsAndMethods.TestOrganisms.TestOrganisms.Species,MaterialsAndMethods.TestOrganisms.TestOrganisms.Species.Other,MaterialsAndMethods.TestOrganisms.TestOrganisms.UUID,MaterialsAndMethods.TestOrganisms.TestOrganismsSpecies,MaterialsAndMethods.TestOrganisms.TestOrganismsSpecies.Other,MaterialsAndMethods.TestSubstrate.ApplicationMethod,MaterialsAndMethods.TestSubstrate.ApplicationMethod.Other,MaterialsAndMethods.TestSubstrate.DetailsOnPreparationAndApplicationOfTestSubstrate,ResultsAndDiscussion.AnyOtherInformationOnResultsInclTables.OtherInformation,ResultsAndDiscussion.EffectConcentrations.BasisForEffect,ResultsAndDiscussion.EffectConcentrations.BasisForEffect.Other,ResultsAndDiscussion.EffectConcentrations.BasisForEffect.Remarks,ResultsAndDiscussion.EffectConcentrations.ConcBasedOn,ResultsAndDiscussion.EffectConcentrations.ConcBasedOn.Other,ResultsAndDiscussion.EffectConcentrations.ConcBasedOn.Remarks,ResultsAndDiscussion.EffectConcentrations.Duration.Unit,ResultsAndDiscussion.EffectConcentrations.Duration.Value,ResultsAndDiscussion.EffectConcentrations.EffectConc.lowerQualifier,ResultsAndDiscussion.EffectConcentrations.EffectConc.lowerValue,ResultsAndDiscussion.EffectConcentrations.EffectConc.Unit,ResultsAndDiscussion.EffectConcentrations.EffectConc.Unit.Other,ResultsAndDiscussion.EffectConcentrations.EffectConc.upperQualifier,ResultsAndDiscussion.EffectConcentrations.EffectConc.upperValue,ResultsAndDiscussion.EffectConcentrations.Endpoint,ResultsAndDiscussion.EffectConcentrations.Endpoint.Other,ResultsAndDiscussion.EffectConcentrations.Endpoint.Remarks,ResultsAndDiscussion.EffectConcentrations.KeyResult,ResultsAndDiscussion.EffectConcentrations.LifeStage,ResultsAndDiscussion.EffectConcentrations.LifeStage.Remarks,ResultsAndDiscussion.EffectConcentrations.NominalMeasured,ResultsAndDiscussion.EffectConcentrations.RemarksOnResults,ResultsAndDiscussion.EffectConcentrations.RemarksOnResults.Other,ResultsAndDiscussion.EffectConcentrations.RemarksOnResults.Remarks,ResultsAndDiscussion.EffectConcentrations.Species,ResultsAndDiscussion.EffectConcentrations.Species.Other,ResultsAndDiscussion.EffectConcentrations.UUID,ResultsAndDiscussion.EffectLevels.BasisForEffect,ResultsAndDiscussion.EffectLevels.BasisForEffect.Other,ResultsAndDiscussion.EffectLevels.ConcDoseBasedOn,ResultsAndDiscussion.EffectLevels.ConcDoseBasedOn.Other,ResultsAndDiscussion.EffectLevels.ConcDoseBasedOn.Remarks,ResultsAndDiscussion.EffectLevels.Duration.Unit,ResultsAndDiscussion.EffectLevels.Duration.Value,ResultsAndDiscussion.EffectLevels.EffectLevel.lowerQualifier,ResultsAndDiscussion.EffectLevels.EffectLevel.lowerValue,ResultsAndDiscussion.EffectLevels.EffectLevel.Unit,ResultsAndDiscussion.EffectLevels.EffectLevel.Unit.Other,ResultsAndDiscussion.EffectLevels.EffectLevel.upperQualifier,ResultsAndDiscussion.EffectLevels.EffectLevel.upperValue,ResultsAndDiscussion.EffectLevels.Endpoint,ResultsAndDiscussion.EffectLevels.Endpoint.Other,ResultsAndDiscussion.EffectLevels.Endpoint.Remarks,ResultsAndDiscussion.EffectLevels.RemarksOnResults,ResultsAndDiscussion.EffectLevels.RemarksOnResults.Other,ResultsAndDiscussion.EffectLevels.RemarksOnResults.Remarks,ResultsAndDiscussion.EffectLevels.UUID
3505,3503,03a709a0-562c-4409-beda-8fed6e1164f3,ENDPOINT_STUDY_RECORD.ToxicityToBees,48adc8af-0eb2-4040-a4fd-4d3a09f205b6,toxicity to bees: acute oral,,,ac6e295e-e383-439e-9660-e35252fa536b,,not specified,not specified,,,,6b94058a-1757-40dc-8eff-e81d1af3e67d,,,,,,,,,,,,,,,,,,,Metribuzin SC 600,,,,,,Apis mellifera,,other:,oral: unspecified,,,mortality,,,act. ingr.,,,,,,34.2,µg/bee,,,,LD50,,,,,,,,,,,,106d0efa-4603-4d21-ac63-70a83e4b6e80,,,,,,,,,,,,,,,,,,,,
3506,3504,c54eccde-b516-45bb-89fc-a4ec821c00d4,ENDPOINT_STUDY_RECORD.ToxicityToBees,405f9075-8fcb-4195-9d00-481bc9fdf3a7,toxicity to bees: acute oral,,,c8f65176-bc76-4a55-ae74-95ba93c9569f,,not specified,not specified,,,,da6d4e77-14cf-494e-a9c8-c619e3c6b40c,,,,,,,,,,,,h,48.0,,,,,,Sulfur 80% WG,,,,,,Apis mellifera,,oral,,,,mortality,,,act. ingr.,,,h,48.0,>,100.0,µg/bee,,,,LD50,,,,,,,,,,,,eaf451a3-8122-44a2-bcf6-ec9f9ee0f139,,,,,,,,,,,,,,,,,,,,
3507,3505,b27b39cd-c67e-417d-96f9-be46a7c98627,ENDPOINT_STUDY_RECORD.ToxicityToBees,ed0e0cc9-41d5-4231-a7f5-9ac6b4dd205c,toxicity to bees: acute oral,,,550b701c-9ee8-435d-99b3-202b35988fa6,Species: Apis mellifera; Route: oral: unspecified,not specified,not specified,,,,6d1799e0-bed2-4204-af25-38e6b8a0dd3b,,,,,,,,,,,,,,,,,,,,,,,,,Apis mellifera,,other:,oral: unspecified,,,mortality,,,,,,,,,57.12,other:,µg/piece,,,LD50,,,,,,,other:,,Remarks: Acute oral toxicity,,,fe825279-6005-466e-97ec-1e7c309c0325,,,,,,,,,,,,,,,,,,,,
3508,3506,2c0a257e-b551-4eda-bc96-1f68477db260,ENDPOINT_STUDY_RECORD.ToxicityToBees,39ed1be3-bad4-4417-9d93-30536e579a88,toxicity to bees: acute oral,,,896f42d8-73ca-4dd7-8b63-485e9741d07e,Species: Apis mellifera; Route: oral: unspecified,not specified,not specified,,,,cbff7846-7f90-40b1-835c-b20a4c167a30,,,,,,,,,,,,,,,,,,,,,,,,,Apis mellifera,,other:,oral: unspecified,,,mortality,,,,,,,,>,8.1,other:,µg/piece,,,LD50,,,,,,,,,,,,faba8229-930e-403b-9d22-24d6c892acbf,,,,,,,,,,,,,,,,,,,,
3509,3507,fee4882a-d8c7-4374-9e8a-347945e5c020,ENDPOINT_STUDY_RECORD.ToxicityToBees,48dcd99a-854b-4708-a675-b7c923d914df,toxicity to bees: acute contact,,,23dfbea3-6e21-4bb2-8a35-955eaa0b9020,Species: Apis mellifera; Route: dermal,not specified,not specified,,,,7cf313c0-ee14-426b-bc22-bad513c5e198,,,,,,,,,,,,,,,,,,,8-Hydroxyquinoline sulphate formulation: Beltanol-L,,,,,,Apis mellifera,,other:,dermal,,,mortality,,,,,,,,>,100.0,other:,µg/piece,,,LD50,,,,,,,other:,,"Remarks: Contact toxicity, the effect level is based on 8-Hydroxyquinoline sulphate",,,e51da2b0-7e68-4d6d-b707-7a30398b6574,,,,,,,,,,,,,,,,,,,,
3510,3508,90ea300c-aff7-44ff-a888-676327f69755,ENDPOINT_STUDY_RECORD.ToxicityToBees,16f48b4b-6e04-4ca1-a477-d7b66f9db6c2,bee larval toxicity - chronic,,,e3843e72-41fe-4ee7-b847-1020d2418407,Species: Apis mellifera; Route: oral; Exp. duration: 4.0 d,,,,,,,,,,,,,,,,,,d,4.0,,,,,,,,,,,,Apis mellifera,,oral,,,,other:,survival,,act. ingr.,,,,,,1.0,µg per larva,,,,LOED,,,,,,,,,,,,254b4564-041c-45a5-bdc2-92040976d1a0,,,,,,,,,,,,,,,,,,,,
3511,3509,0742c214-d911-4f1f-9230-4c7d9160e0af,ENDPOINT_STUDY_RECORD.ToxicityToBees,ac90fafa-e01a-4d10-a117-b6f40bc2ceff,toxicity to bees: acute oral,,,ce2cf68f-28ee-4a5c-996a-1a1e65f938d8,Species: Apis mellifera; Route: oral: unspecified,not specified,not specified,,,,29ef5dbd-e31e-46ba-84f8-4317b24d57c4,,,,,,,,,,,,,,,,,,,,,,,,,Apis mellifera,,other:,oral: unspecified,,,mortality,,,,,,,,,12.1,other:,µg/piece,,,LD50,,,,,,,other:,,Remarks: Acute oral toxicity,,,db842f8e-3524-43c4-8901-5b73f4b327fd,,,,,,,,,,,,,,,,,,,,
3512,3510,8c4dc0e8-8d38-4b66-a585-a88a64f5d0a5,ENDPOINT_STUDY_RECORD.ToxicityToBees,5d911ed2-7aad-4a3c-8780-e2ca116d03eb,bee larval toxicity - chronic,,,e81510f6-0ef7-4c10-91d5-72011ec01edf,Species: Apis mellifera; Route: oral; Exp. duration: 120.0 h,,,,,,,,,,,,,,,,,,h,120.0,,,,,,,,,,,,Apis mellifera,,oral,,,,not specified,,,test mat.,,Tribenuron-methyl 75WG,,,,208.0,µg per larva per day,,,,other:,NOEL,,,,,,,,,,,08a523b1-22cb-4051-ad3e-c04f2b08363b,,,,,,,,,,,,,,,,,,,,
3513,3511,40b75d9c-f2c4-43ea-8c21-c08eee28b6ea,ENDPOINT_STUDY_RECORD.ToxicityToBees,f1bf026d-e797-45f0-9ad3-15df2c4af853,toxicity to bees: acute contact,,,63a51125-625a-4278-8897-c7b0dcc66db8,Species: Apis mellifera; Route: dermal; Exp. duration: 72.0 h,not specified,not specified,,,,5f54a8df-5eb8-4f97-a5a6-e61da8b297ae,,,,,,,,,,,,h,72.0,,,,,,,,,,,,Apis mellifera,,other:,dermal,,,mortality,,,,,,,,>,0.14,other:,µg/piece,,,LD50,,,,,,,other:,,Remarks: contact,,,e744861e-d638-4012-9509-925e89571a3b,,,,,,,,,,,,,,,,,,,,
3514,3512,3862c36f-ffd4-4b3d-b887-02fa731185a7,ENDPOINT_STUDY_RECORD.ToxicityToBees,ec4fd598-ee5c-430e-b1a0-12eba212590e,toxicity to bees: chronic oral,,,c0d56cd0-1d67-4061-a8e9-1154c68e94b1,Species: Apis mellifera; Route: oral; Exp. duration: 10.0 d,,,,,,,,,,,,,,,,,,d,10.0,,,,,,,,,,,,Apis mellifera,,oral,,,,mortality,,,test mat.,,Flurtamone SC 350 G,,,,4.7,µg/bee per day,,,,10-d LDD50,,,,,,,,,,,,e9679168-83bc-4e96-af47-44b0f9ccfb23,,,,,,,,,,,,,,,,,,,,
3515,3513,f94885d5-4cb7-4a74-9a8f-d5b2d44cc03c,ENDPOINT_STUDY_RECORD.ToxicityToBees,6466c4e7-7266-4cfb-a0e4-49334015b293,bee larval toxicity - acute,,,839e7251-5fd6-4b8e-bea4-ca09c56be1a4,Species: Apis mellifera; Route: oral; Exp. duration: 1.0 d,,,,,,,,,,,,,,,,,,d,1.0,,,,,,,,,,,,Apis mellifera,,oral,,,,mortality,,,act. ingr.,,,,,,0.405,µg per larva,,,,LD10,,,,,,,,,,,,dacf5f36-2c1a-4c5a-8e64-9d26ddc43fee,,,,,,,,,,,,,,,,,,,,
3516,3514,44fd5218-3b5a-4dcf-8d20-2f2546e83fea,ENDPOINT_STUDY_RECORD.ToxicityToBees,5eddc115-41d3-428c-a074-f7147712ec1d,toxicity to bees: chronic oral,,,5021c463-9720-4e13-a79d-cfdda8b35c8d,,not specified,not specified,,,,347faf41-7577-4233-b199-cbe82cd15518,,,,,,,,,,,,d,10.0,,,,,,Bensulfuron-methyl 60 WG,,,,,,Apis mellifera,,oral,,,,mortality,,,act. ingr.,,,,,>,239.0,µg/bee per day,,,,10-d LDD50,,,,,,meas. (not specified),,,,,,8a3f4cfc-b2c7-4764-8805-2ad11754b180,,,,,,,,,,,,,,,,,,,,
3517,3515,5f75477f-a8ad-4a0b-9d5b-e8daee2ef23a,ENDPOINT_STUDY_RECORD.ToxicityToBees,6948494e-522b-456f-b8f5-d46305724771,toxicity to bees: acute contact,,,a107df44-11e1-4e28-b40a-4e238e910dd8,Species: Apis mellifera; Route: dermal; Exp. duration: 48.0 h,not specified,not specified,,,,cdd1f341-fda4-4fe4-acff-0a59208933f8,,,,,,,,,,,,h,48.0,,,,,,,,,,,,Apis mellifera,,other:,dermal,,,mortality,,,,,,,,>,10.0,other:,µg/piece,,,LD50,,,,,,,,,,,,c8c5062a-c9a1-495f-b8a8-adddc2d1668c,,,,,,,,,,,,,,,,,,,,
3518,3516,44d449fa-5d5a-4ae2-9c58-bf51d6c54c54,ENDPOINT_STUDY_RECORD.ToxicityToBees,67d0d158-626f-4785-b24b-3cd89bebfe28,toxicity to bees: chronic oral,,,b416a7b4-b84b-4559-b6a9-c875ca1ae1d9,Species: Apis mellifera; Route: oral; Exp. duration: 10.0 d,,,,,,,,,,,,,,,,,,d,10.0,,,,,,,,,,,,Apis mellifera,,oral,,,,not specified,,,test mat.,,Laguna 75 WG,,,,5.136,other:,g/kg food,,,other:,NOEC,,,,,,,,,,,02ce2eb6-b9c0-4605-9d00-250dcee26dd0,,,,,,,,,,,,,,,,,,,,
3519,3517,a8d5f20c-cbb4-4b4f-9f41-fd91abaf6d3a,ENDPOINT_STUDY_RECORD.ToxicityToBees,a4cf0041-987a-4e2c-a3f7-4b4a515f6c8d,toxicity to bees: acute oral,,,43f524f9-5f96-40f7-a9ba-5dc296851596,Species: Apis mellifera; Route: oral: unspecified; Exp. duration: 48.0 h,not specified,not specified,,,,27aeb00d-63bd-4e64-9474-bc56096648b2,,,,,,,,,,,,h,48.0,,,,,,,,,,,,Apis mellifera,,other:,oral: unspecified,,,mortality,,,,,,,,>,100.0,other:,µg/piece,,,LD50,,,,,,,other:,,Remarks: Acute oral and contact toxicity test,,,08a6200f-6a8f-4758-867a-852a4b921c6a,,,,,,,,,,,,,,,,,,,,
3520,3518,3cd4459d-43f3-499d-8fb8-e16e056737d1,ENDPOINT_STUDY_RECORD.ToxicityToBees,2c5327e6-d664-4de5-9e73-97ff3775d21f,toxicity to bees: chronic oral,,,6344b6d2-703a-4159-92d5-1233bd28ecea,Species: Apis mellifera; Route: oral; Exp. duration: 10.0 d,,,,,,,,,,,,,,,,,,d,10.0,,,,,,,,,,,,Apis mellifera,,oral,,,,mortality,,,test mat.,,A6097AF,,,,70.4,µg/bee per day,,,,other:,LC50,,,,,,,,,,,0c63682a-f286-442e-818e-b3ad858c6da0,,,,,,,,,,,,,,,,,,,,
3521,3519,7982cd8f-b6d5-4715-89a9-21e8043d138c,ENDPOINT_STUDY_RECORD.ToxicityToBees,fefca5e1-4893-4a5a-a98d-71e9f22976ac,toxicity to bees: acute oral,,,22662941-d804-4db2-9a5e-01e32613d3a6,Species: Apis mellifera; Route: oral: unspecified,not specified,not specified,,,,1b054e68-05f2-4807-9200-0dcc10d74361,,,,,,,,,,,,,,,,,,,Apollo 50 SC (500 g clofentezine/L),,,,,,Apis mellifera,,other:,oral: unspecified,,,mortality,,,,,,,,>,252.6,other:,µg/piece,,,LD50,,,,,,,other:,,Remarks: LD50> 252.6 µg a.i./bee,,,e153c942-3074-4d95-bc19-f2b6f4ac20b2,,,,,,,,,,,,,,,,,,,,
3522,3520,0e4e1293-1c44-4dd9-910f-c2813c8d9a65,ENDPOINT_STUDY_RECORD.ToxicityToBees,01200537-11cd-4953-965c-2789c191cd79,toxicity to bees: acute oral,,,ea117d56-cdb1-4643-80e0-c6a853c5c1fb,,not specified,not specified,,,,1b23939b-4aa9-4386-84e7-b70054444f29,,,,,,,,,,,,,,,,,,,,,,,,,Apis mellifera,,other:,oral: unspecified,,,mortality,,,,,,,,>,109.2,µg/bee,,,,LD50,,,,,,,,,,,,9ca46833-d43c-4bd4-afd6-a9dc7dbd88a4,,,,,,,,,,,,,,,,,,,,
3523,3521,fa24233b-37cf-4bd1-a5fa-c90121b1bbb6,ENDPOINT_STUDY_RECORD.ToxicityToBees,310cd491-f711-4cc9-8a23-10cf92130c9c,bee larval toxicity - chronic,,,d9042862-199f-4d74-9559-4c23b5c398c2,,not specified,not specified,,,,f659d8d3-632b-44fa-8033-4baf1e448abb,,,,,,,,,,,,,,,,,,,,,,,,,Apis mellifera,,oral,,,,mortality,,,,,,,,,59.0,µg per larva,,,,other:,,8-d LD50,,,,,,,,,,5fbf3536-37f8-477d-b828-afa92fc1d313,,,,,,,,,,,,,,,,,,,,
3524,3522,c5dcc4e4-34cc-4f69-804f-cee0a5e85a83,ENDPOINT_STUDY_RECORD.ToxicityToBees,f242b639-a39c-461e-b20c-575fd6114d96,toxicity to bees: acute oral,,,d889de4c-712d-4f3d-a5aa-d9287b7c8f4c,Species: Apis mellifera; Route: oral: unspecified; Exp. duration: 24.0 h,not specified,not specified,,,,a8149f80-2539-43d4-a596-4860f75c2494,,,,,,,,,,,,h,24.0,,,,,,,,,,,,Apis mellifera,,other:,oral: unspecified,,,mortality,,,,,,,,,0.004,other:,µg/piece,,,LD50,,,,,,,,,,,,65dc0f31-cfd7-49db-ba94-bdbc796fdde8,,,,,,,,,,,,,,,,,,,,
3525,3523,760b380a-c524-4499-9426-d4f2c76d1021,ENDPOINT_STUDY_RECORD.ToxicityToBees,0048d075-d1f9-4b12-b806-c0e845a6f424,toxicity to bees: acute oral,,,b82127ab-c237-4e40-9a37-839e212f61f7,Species: Apis mellifera; Route: oral: unspecified,not specified,not specified,,,,b43b7a62-5f03-4088-a32a-a1e3f74ec85e,,,,,,,,,,,,,,,,,,,,,,,,,Apis mellifera,,other:,oral: unspecified,,,mortality,,,,,,,,,0.005,other:,µg/piece,,,LD50,,,,,,,,,,,,3a7d69d8-f75e-4667-88c3-2ef65a4df6aa,,,,,,,,,,,,,,,,,,,,
3526,3524,46545f51-3b36-4278-9b1c-02c6238d2d04,ENDPOINT_STUDY_RECORD.ToxicityToBees,291a847d-3aa4-4f5a-a61d-d0c6fff729d1,toxicity to bees: acute oral,,,149b9862-29e9-421a-bce5-a6ec67ae010a,Species: Apis mellifera; Route: oral: unspecified,not specified,not specified,,,,6998fb63-7b0d-42c6-8d39-25c505f690a3,,,,,,,,,,,,,,,,,,,,,,,,,Apis mellifera,,other:,oral: unspecified,,,mortality,,,,,,,,>,0.1055,other:,µg/piece,,,LD50,,,,,,,other:,,Remarks: Acute oral toxicity,,,3bc82970-7081-4b10-b05c-5a26f626903f,,,,,,,,,,,,,,,,,,,,
3527,3525,11ae3e1c-e397-4df0-a31c-ba1a25641578,ENDPOINT_STUDY_RECORD.ToxicityToBees,6b98c40e-2a1c-4a36-9c28-4ca15b16c345,toxicity to bees: acute contact,,,b8c8758f-0524-4e3a-ba65-e4217749213b,Limit test: no; Species: Apis mellifera; Route: dermal; Exp. duration: 96.0 h,yes,no,"OECD Guideline 214 (Honeybees, Acute Contact Toxicity Test)",,according to guideline,453df37c-1fda-49ca-9ca8-d16d2861048c,,,,,no,,,,,,,h,96.0,,,,,,,,,,,,Apis mellifera,,other:,dermal,,,mortality,,,,,,,,,1.65,other:,µg/piece,,,LD50,,,,,,,other:,,Remarks: contact toxicity,,,dd491abd-a5bd-4d4f-bf12-e9ee3b2bdd47,,,,,,,,,,,,,,,,,,,,
3528,3526,856832c0-130c-4014-8176-8e17b4becf56,ENDPOINT_STUDY_RECORD.ToxicityToBees,12098710-da1c-4e54-8d37-f501ab3b7f59,toxicity to bees: acute oral,,,3c328625-3692-43f3-939a-9f1f7bdb0b3a,Species: Apis mellifera; Route: oral: unspecified; Exp. duration: 48.0 h,not specified,not specified,,,,6e68dd25-e955-4fb4-b5a0-c7dd952eb571,,,,,,,,,,,,h,48.0,,,,,,,,,,,,Apis mellifera,,other:,oral: unspecified,,,mortality,,,,,,,,,0.09,other:,µg/piece,,,LD50,,,,,,,other:,,Remarks: oral,,,5934fd41-8eaf-47b7-a612-18c65e43cccf,,,,,,,,,,,,,,,,,,,,
3529,3527,80d84fd8-5efa-4f4e-a552-f7c0fc6cf2b1,ENDPOINT_STUDY_RECORD.ToxicityToBees,d3e39ac8-342a-47a6-b4a4-7678bfabd9ff,toxicity to bees: acute oral,,,9117050b-ff52-4ed8-a2c9-fb449b4c6484,Limit test: no; Species: Apis mellifera; Route: oral: unspecified; Exp. duration: 48.0 h,yes,no,"OECD Guideline 213 (Honeybees, Acute Oral Toxicity Test)",,according to guideline,2452712c-7dee-451b-9e89-a21336ab0a74,,,,,no,,,,,,,h,48.0,,,,,,,,,,,,Apis mellifera,,other:,oral: unspecified,,,mortality,,,,,,,,>,100.0,other:,µg/piece,,,LD50,,,,,,,other:,,Remarks: oral and contact toxicity. Guidelines: 1) OECD Guideline 213; 2) OECD Guideline 214; 3) EPPO Guideline no. 170 (2000).,,,e207c249-dafd-4dd2-a8fa-1782851ba720,,,,,,,,,,,,,,,,,,,,
3530,3528,025924ed-c475-4c6b-94f9-984157343d79,ENDPOINT_STUDY_RECORD.ToxicityToBees,55ca8fff-c9a0-4965-8f91-3257b0e99df8,toxicity to bees: acute oral,,,6da83495-ac36-4f97-bd88-cdeb2da75a5a,,not specified,not specified,,,,2e88684d-8c29-48b5-9486-90aa52706e7f,,,,,,,,,,,,h,24.0,,,,,,Preparation Morsuvin,,,,,,Apis mellifera,,oral,,,,mortality,,,,,,h,24.0,>,20.0,other:,mg/bee,,,LD50,,,,,,,,,,,,17f8c6c7-cfc3-453e-8da5-bc38eaa019c3,,,,,,,,,,,,,,,,,,,,
3531,3529,f23c7b87-543f-4422-9b04-c0c0f4d417a2,ENDPOINT_STUDY_RECORD.ToxicityToBees,9cae35df-6df6-42da-b294-dfed40c4858b,toxicity to bees: chronic oral,,,5ae37bf5-a18c-4d9c-8903-1ba4a211eebd,Species: Apis mellifera; Route: oral; Exp. duration: 10.0 d,,,,,,,,,,,,,,,,,,d,10.0,,,,,,,,,,,,Apis mellifera,,oral,,,,mortality,,,act. ingr.,,,,,>,4.9,µg/bee per day,,,,other:,10-d LD50,,,,,,other:,,Remarks: Limit test.,,,2858826b-d8cc-494d-ad8b-a8771908553c,,,,,,,,,,,,,,,,,,,,
3532,3530,56abd8f4-4622-4db5-a4dd-567ca50a6d2e,ENDPOINT_STUDY_RECORD.ToxicityToBees,a9c3e2f4-e9fd-4210-9f66-4d0a19ef6011,toxicity to bees: acute oral,,,6dbc6475-2897-48ec-952f-98ffe9c441e0,Limit test: no; Species: Apis mellifera; Route: oral: unspecified; Exp. duration: 48.0 h,yes,no,other:,OTHER GUIDELINE,according to guideline,69f751f2-61d4-41bc-9659-10f9c6f6cef2,,,,,no,,,,,,,h,48.0,,,,,,,,,,,,Apis mellifera,,other:,oral: unspecified,,,mortality,,,,,,,,>,100.0,other:,µg/piece,,,LD50,,,,,,,other:,,"Remarks: Oral and contact toxicity. Guidelines: EPPO 170, Bulletin OEPP/EPPO Bulletin 22, 203-215, 1992 (oral); EPA, Subdiv. L, 540/9-82-019, 1982 (contact).",,,77a48b8f-3b1b-4bed-be70-7486348853bd,,,,,,,,,,,,,,,,,,,,
3533,3531,6521fbac-c10c-4d4a-8883-cc5771a4c4c8,ENDPOINT_STUDY_RECORD.ToxicityToBees,787941e1-7ebd-4a3c-a3d5-748af40a1934,toxicity to bees: acute contact,,,3969a60b-66a6-43f0-8ea9-56850b5b3d27,Species: Apis mellifera; Route: dermal,not specified,not specified,,,,7034832d-a3ff-484b-888c-38619b9d0dca,,,,,,,,,,,,,,,,,,,,,,,,,Apis mellifera,,other:,dermal,,,mortality,,,,,,,,>,100.0,other:,µg/piece,,,LD50,,,,,,,other:,,Remarks: Contact toxicity,,,af735ba2-326f-4cbb-9d64-ca192b8362d0,,,,,,,,,,,,,,,,,,,,
3534,3532,83f3d925-51de-4416-9352-ae2574ae6406,ENDPOINT_STUDY_RECORD.ToxicityToBees,6466c4e7-7266-4cfb-a0e4-49334015b293,toxicity to bees: acute oral,,,1202bb4f-384d-4bf3-abf8-c1ab58e73d11,Species: Apis mellifera; Route: oral: unspecified; Exp. duration: 48.0 h,not specified,not specified,,,,a37149fb-49c8-49cd-a543-4f3a4dadb3d1,,,,,,,,,,,,h,48.0,,,,,,,,,,,,Apis mellifera,,other:,oral: unspecified,,,mortality,,,,,,,,>,100.0,other:,µg/piece,,,LD50,,,,,,,,,,,,8c8b275b-e562-43c2-ac52-beec22f765e3,,,,,,,,,,,,,,,,,,,,
3535,3533,0e34dbf7-30b9-442f-a132-00b175b174b6,ENDPOINT_STUDY_RECORD.ToxicityToBees,59a33c15-65db-4d3d-b226-8d921bcd5974,toxicity to bees: acute oral,,,a5856020-c14c-464a-957b-19eb40ace95a,,not specified,not specified,,,,eac4e240-a539-4e68-ab68-93d3038e5b66,,,,,,,,,,,,,,,,,,,Folpet 80 WG,,,,,,Apis mellifera,,other:,oral: unspecified,,,mortality,,,act. ingr.,,,,,>,104.8,µg/bee,,,,LD50,,,,,,,,,,,,71d22aa0-bd80-4241-bc77-64007643cedc,,,,,,,,,,,,,,,,,,,,
3536,3534,2ea95eac-234e-49b6-85eb-df498b5e3dc4,ENDPOINT_STUDY_RECORD.ToxicityToBees,4104338f-ade3-4caa-9a0b-aa7f59b2f674,bee larval toxicity - acute,,,9176d8c7-c354-4973-9f66-6d42a4332198,Species: Apis mellifera; Route: oral; Exp. duration: 1.0 d,,,,,,,,,,,,,,,,,,d,1.0,,,,,,,,,,,,Apis mellifera,,oral,,,,other:,Sub-lethal effects were seen and not all food was consumed (i.e. the toxicity may be underestimated),,test mat.,,Dimethenamid-P (BAS 656 H),,,,1.464,other:,g/kg food,,,other:,NOEC,,,,,,other:,,Remarks: Endpoints from a single dose in-vitro laboratory study.,,,3e73abea-3696-463a-a792-44cdccd946b7,,,,,,,,,,,,,,,,,,,,
3537,3535,3ec54f47-42d5-412c-9fde-d0938d65bc5e,ENDPOINT_STUDY_RECORD.ToxicityToBees,c5a05f6c-b34b-4ab6-91f9-da4f8bdcd99e,bee larval toxicity - acute,Study is a short-term study with single exposure.,,cdfc9417-f387-4558-9923-8540c15354c6,,not specified,not specified,,,,f676bcd9-64ff-401f-96d0-8c01fb31ca6f,,,,,,,with dietary exposure on day 4,,,,,,,,,,,,BAS 540 01 F,,,,,,Apis mellifera,,oral,,,,not specified,,,act. ingr.,,,,,,6.0,µg per larva,,,,other:,8-d NOED,,,,,,,,,,,55918bb8-1555-4cba-9019-388353550c9c,,,,,,,,,,,,,,,,,,,,
3538,3536,4114b3b5-dfda-4865-aae6-fca7b8706d75,ENDPOINT_STUDY_RECORD.ToxicityToBees,c3ea0f17-3bd8-461e-8ae6-f8dca9ac3fc3,bee larval toxicity - chronic,,,9eae3a5b-eceb-4fb8-bedb-a37fc3592c22,Species: Apis mellifera; Route: oral,not specified,not specified,,,,8531be44-b63f-4de1-908c-7ecc1bbf9290,,,,,,,,,,,,,,,,,,,,,,,,,Apis mellifera,,oral,,,,not specified,,,act. ingr.,,,,,,155.0,µg per larva per developmental period,,,,other:,NOEL,,,,,,,,,,,9710f71c-5c1e-4918-b9e5-ce8d8865e1c4,,,,,,,,,,,,,,,,,,,,
3539,3537,4114b3b5-dfda-4865-aae6-fca7b8706d75,ENDPOINT_STUDY_RECORD.ToxicityToBees,c3ea0f17-3bd8-461e-8ae6-f8dca9ac3fc3,bee larval toxicity - chronic,,,fbfefd03-773e-475e-b61f-0b97477c699a,Species: Apis mellifera; Route: oral,not specified,not specified,,,,8531be44-b63f-4de1-908c-7ecc1bbf9290,,,,,,,,,,,,,,,,,,,,,,,,,Apis mellifera,,oral,,,,not specified,,,act. ingr.,,,,,,155.0,µg per larva per developmental period,,,,other:,NOEL,,,,,,,,,,,9710f71c-5c1e-4918-b9e5-ce8d8865e1c4,,,,,,,,,,,,,,,,,,,,
3540,3538,0a15e453-998f-4c89-bdd6-97148d5d3650,ENDPOINT_STUDY_RECORD.ToxicityToBees,5d911ed2-7aad-4a3c-8780-e2ca116d03eb,toxicity to bees: chronic oral,,,e81510f6-0ef7-4c10-91d5-72011ec01edf,Species: Apis mellifera; Route: oral; Exp. duration: 10.0 d,,,,,,,,,,,,,,,,,,d,10.0,,,,,,,,,,,,Apis mellifera,,oral,,,,mortality,,,test mat.,,Flurtamone SC 350 G,,,>,120.0,mg/kg diet,,,,other:,10-d LC50,,,,,,,,,,,d81a7f0b-ce8d-4470-8c99-7fb79e91d141,,,,,,,,,,,,,,,,,,,,
3541,3539,41d3a088-a6f8-41ac-8461-963ff3e2166f,ENDPOINT_STUDY_RECORD.ToxicityToBees,3f0a27bd-484f-43df-8934-fb312d1f261e,toxicity to bees: chronic oral,,,8b11331d-2cac-471b-83a4-0fabb00b5f86,Species: Apis mellifera; Route: oral; Exp. duration: 10.0 d,,,,,,,,,,,,,,,,,,d,10.0,,,,,,,,,,,,Apis mellifera,,oral,,,,not specified,,,test mat.,,Carfentrazone-ethyl 40 WG,,,,2000.0,other:,µg/L,,,other:,NOEC,,,,,,other:,,Remarks: 0.7541 μg a.s./bee,,,6341f548-4d6d-407a-98ab-1d41f7f6be35,,,,,,,,,,,,,,,,,,,,
3542,3540,3f7f092a-2553-431d-9257-19e3462f889d,ENDPOINT_STUDY_RECORD.ToxicityToBees,7e050a9a-6834-4ef8-a7a9-e8b230f20082,bee larval toxicity - chronic,,,7220e86c-692f-4e90-bf38-72de40d4a72e,,not specified,not specified,,,,5e95c2b7-2e53-47fe-b93d-04f38cada358,,,,,,,,,,,,,,,,,,,,,,,,,Apis mellifera,,oral,,,,not specified,,,,,,,,,13.2,µg per larva per developmental period,,,,NOED,,,,larva,,,,,,,,769d9ebf-4e3e-4404-b154-6e5312f2d2e3,,,,,,,,,,,,,,,,,,,,
3543,3541,f5cd3e19-80b8-4cce-b611-b67f0799ccf7,ENDPOINT_STUDY_RECORD.ToxicityToBees,87889576-4fa8-4117-a5cf-861c249d60f2,bee larval toxicity - chronic,,,4a08111c-c4dc-424e-8e9d-f0f217606fca,,not specified,not specified,,,,7c398f7a-8083-47db-92ab-1140d0b6ecf0,,,,,,,,,,,,,,,,,,,Lenacil 500 g/L SC),,,,,,Apis mellifera,,oral,,,,not specified,,,act. ingr.,,,,,,198.4,µg per larva,,,,NOED,,,,,,,other:,,"Study was terminated after 8 days instead of the recommended 22 days. Nevertheless, based on the available evidence, it is not expected that lenacil might lead to adverse effects on pupae.",,,ed3e71dd-5192-41b9-a6a8-211e72bf49a9,,,,,,,,,,,,,,,,,,,,
3544,3542,3913e0f5-9455-4202-8137-04b710ad04e0,ENDPOINT_STUDY_RECORD.ToxicityToBees,291a847d-3aa4-4f5a-a61d-d0c6fff729d1,toxicity to bees: acute contact,,,149b9862-29e9-421a-bce5-a6ec67ae010a,Species: Apis mellifera; Route: dermal,not specified,not specified,,,,12a34815-1358-4c88-9dc5-f349843dd98a,,,,,,,,,,,,,,,,,,,,,,,,,Apis mellifera,,other:,dermal,,,mortality,,,,,,,,>,0.0934,other:,µg/piece,,,LD50,,,,,,,other:,,Remarks: Acute contact toxicity,,,2dcf0d42-3378-466d-8217-607d0ff16fbe,,,,,,,,,,,,,,,,,,,,
3545,3543,72c33567-2a85-4a1d-baee-792558fadf98,ENDPOINT_STUDY_RECORD.ToxicityToBees,099360ff-5a25-479c-ad51-4809c86e18f9,toxicity to bees: acute oral,,,cef55dc4-34fd-4da9-b241-ee7e49954600,Limit test: no; Species: Apis mellifera; Route: oral: unspecified; Exp. duration: 48.0 h,yes,no,"OECD Guideline 213 (Honeybees, Acute Oral Toxicity Test)",,according to guideline,a019cae1-ec20-4508-860d-5be0178fb463,,,,,no,,,,,,,h,48.0,,,,,,,,,,,,Apis mellifera,,other:,oral: unspecified,,,mortality,,,,,,,,>,32.4,other:,µg/piece,,,LD50,,,,,,,other:,,Remarks: Acute oral toxicity,,,845cc7d6-c4d0-4de9-b464-09c697c48f5e,,,,,,,,,,,,,,,,,,,,
3546,3544,72c33567-2a85-4a1d-baee-792558fadf98,ENDPOINT_STUDY_RECORD.ToxicityToBees,099360ff-5a25-479c-ad51-4809c86e18f9,toxicity to bees: acute oral,,,a03475ed-5d3d-427c-8a9b-bad1372a9d39,Limit test: no; Species: Apis mellifera; Route: oral: unspecified; Exp. duration: 48.0 h,yes,no,"OECD Guideline 213 (Honeybees, Acute Oral Toxicity Test)",,according to guideline,a019cae1-ec20-4508-860d-5be0178fb463,,,,,no,,,,,,,h,48.0,,,,,,,,,,,,Apis mellifera,,other:,oral: unspecified,,,mortality,,,,,,,,>,32.4,other:,µg/piece,,,LD50,,,,,,,other:,,Remarks: Acute oral toxicity,,,845cc7d6-c4d0-4de9-b464-09c697c48f5e,,,,,,,,,,,,,,,,,,,,
3547,3545,3242b496-fb51-4dbd-ba0a-0c19023980f1,ENDPOINT_STUDY_RECORD.ToxicityToBees,d9c10f72-1e93-44d3-9c5c-30fde26cf2e1,toxicity to bees: chronic oral,,,5a1c325f-22a6-41bf-a3df-64caf9fbae13,Species: Apis mellifera; Route: oral; Exp. duration: 10.0 d,,,,,,,,,,,,,,,,,,d,10.0,,,,,,,,,,,,Apis mellifera,,oral,,,,mortality,,,act. ingr.,,,,,>,3.46,µg/bee per day,,,,10-d LDD50,,,,,,,,,,,,7f9c8f19-685e-4fe6-879e-142082f2a4f0,,,,,,,,,,,,,,,,,,,,
3548,3546,955022ac-1a85-45ee-b46c-2654820bcd39,ENDPOINT_STUDY_RECORD.ToxicityToBees,866a8d5d-091f-4623-b653-77033a28f3c4,toxicity to bees: acute oral,,,360f9c2e-10bd-4388-916e-bcb4bd678af3,Species: Apis mellifera; Route: oral: unspecified; Exp. duration: 24.0 h,no,no,other:,OTHER GUIDELINE,according to guideline,4017f969-6018-4593-9974-0130d14f37f2,,,,,,,,,,,,h,24.0,,,,,,,,,,,,Apis mellifera,,other:,oral: unspecified,,,mortality,,,,,,,,,4.0,other:,µg/piece,,,LD50,,,,,,,other:,,"Remarks: Acute oral toxicity. Other guideline: Ministry of Agriculture, Fisheries & Food (Pesticide Safety Precautions Scheme, Working Document 13. Laboratory testing of pesticide products for toxicity to honeybees).",,,876491fb-ed51-4903-90d7-bf7eab6d1e1b,,,,,,,,,,,,,,,,,,,,
3549,3547,2ac0b2b6-934b-421c-ba3c-70f0b5da0b06,ENDPOINT_STUDY_RECORD.ToxicityToBees,4bfab2fa-379b-4887-9301-c84700b91445,bee larval toxicity - chronic,,,d376f596-d6fc-496b-a197-e94a5aac80ad,,not specified,not specified,,,,74425a4e-3ff5-4543-aded-24a55b928125,,,,,,,,,,,,,,,,,,,BAS 560 02 F,,,,,,Apis mellifera,,oral,,,,not specified,,,act. ingr.,,,,,,48.98,µg per larva,,,,other:,5-d NOEC,,,larva,,,,,,,,38fdcc4f-36eb-4fe2-bf49-6be7ef174937,,,,,,,,,,,,,,,,,,,,
3550,3548,db54d40f-901b-40b6-bc42-b0279b0c2339,ENDPOINT_STUDY_RECORD.ToxicityToBees,f8e9fdf5-7cc5-4ab5-a7f9-772d1c00b497,toxicity to bees: acute oral,,,22a1f39f-a3ed-4fb9-92bf-a30ce53acb02,Limit test: yes; Species: Apis mellifera; Route: oral: unspecified; Exp. duration: 48.0 h,not specified,not specified,,,,d7881976-c693-45a7-ad7e-2740ff13ea82,,,,,yes,,,,,,,h,48.0,,,,,,,,,,,,Apis mellifera,,other:,oral: unspecified,,,mortality,,,,,,,,,0.1,other:,µg/piece,,,LD50,,,,,,,other:,,Remarks: Acute oral toxicity,,,21d33a8f-bde6-4099-aaa3-f2278a866375,,,,,,,,,,,,,,,,,,,,
3551,3549,342c9c18-72ea-48a7-a2a4-f95c78ac483f,ENDPOINT_STUDY_RECORD.ToxicityToBees,ed76b10b-d559-4c09-8321-ce6a07eb73c3,toxicity to bees: chronic oral,,,229b14b5-e1d1-43a1-b864-5ac17db099b5,Species: Apis mellifera; Route: oral; Exp. duration: 10.0 d,,,,,,,,,,,,,,,,,,d,10.0,,,,,,,,,,,,Apis mellifera,,oral,,,,mortality,,,test mat.,,Captan 80 WG,,,,1.51,µg/bee per day,,,,10-d LDD50,,,,,,,,,,,,b244434e-ae44-47cb-84c3-47b4ccc0ab7b,,,,,,,,,,,,,,,,,,,,
3552,3550,454e46d9-f362-4a14-8c1c-d30165176959,ENDPOINT_STUDY_RECORD.ToxicityToBees,70bf91f9-c0b1-497e-b045-e1b71b7b76c7,toxicity to bees: chronic oral,,,2589b4d3-f597-41e7-ad6f-3cce0f50d485,Species: Apis mellifera; Route: oral; Exp. duration: 10.0 d,,,,,,,,,,,,,,,,,,d,10.0,,,,,,,,,,,,Apis mellifera,,oral,,,,mortality,,,test mat.,,Fenamidone SC 500 G,,,,2.62,µg/bee per day,,,,other:,10-d LC50,,,,,,other:,,Remarks: The study was submitted to fulfil the data requirements under Commission Regulation (EU) No 283/2013; but it was not used in this risk assessment as it is not considered under the currently notified risk assessment guidance.,,,c86b68bc-497d-4ea4-add1-d59ddae85e58,,,,,,,,,,,,,,,,,,,,
3553,3551,208384ce-f5dd-4159-88f7-ab51fc03ffc4,ENDPOINT_STUDY_RECORD.ToxicityToBees,8cbb3be0-d92f-420a-bfb8-0d370b9f0aef,toxicity to bees: acute oral,,,2d0929cb-aacf-47ac-879a-4d695ebf8c3d,Species: Apis mellifera; Route: oral: unspecified; Exp. duration: 48.0 h,not specified,not specified,,,,66176964-de45-4e94-abe3-9d26e6325e53,,,,,,,,,,,,h,48.0,,,,,,ANL-F001 (product containing 85.76% a.s.),,,,,,Apis mellifera,,other:,oral: unspecified,,,mortality,,,,,,,,,626.0,other:,µg/piece,,,LD50,,,,,,,other:,,Remarks: 730 µg/bee (626 µg a.s./bee),,,802bf5df-fc09-42fa-b339-7c6593467ec7,,,,,,,,,,,,,,,,,,,,
3554,3552,81eba41f-30a0-4284-af82-c55385e546e0,ENDPOINT_STUDY_RECORD.ToxicityToBees,05489ccd-ed38-421e-81d5-955bf06c56a1,toxicity to bees: acute contact,,,e2c6603a-0321-4747-b380-a70f23ceb468,Limit test: yes; Species: Apis mellifera; Route: dermal; Exp. duration: 48.0 h,yes,no,EPA OPP 141-1 (Honey Bee Acute Contact Toxicity),,according to guideline,02e2e380-267d-46db-aecf-f11bf79f7f34,,,,,yes,,,,,,,h,48.0,,,,,,,,,,,,Apis mellifera,,other:,dermal,,,mortality,,,,,,,,>,100.0,other:,µg/piece,,,LD50,,,,,,,,,,,,aabad237-a6a4-4788-b8c3-26219bced7fd,,,,,,,,,,,,,,,,,,,,
3555,3553,778fff10-62fb-4331-948c-cb2eb38ca29b,ENDPOINT_STUDY_RECORD.ToxicityToBees,0d6b26d1-5085-4562-94f5-21a7dfe23226,toxicity to bees: acute oral,,,9c8ea17d-cb56-432f-91e0-a588b1e5ebfe,Species: Apis mellifera; Route: oral: unspecified,not specified,not specified,,,,a24a47be-f863-478f-91db-72a4a52bba19,,,,,,,,,,,,,,,,,,,,,,,,,Apis mellifera,,other:,oral: unspecified,,,mortality,,,,,,,,>,10.0,other:,mg/kg,,,LD50,,,,,,,other:,,Remarks: Acute oral toxicity; LD50>10 ppm (v/v),,,85329cdd-e184-4036-88bb-9c0e67af5f86,,,,,,,,,,,,,,,,,,,,
3556,3554,16011fd3-9409-4439-8fee-832a89a140c9,ENDPOINT_STUDY_RECORD.ToxicityToBees,546393ff-7f34-4ba6-afde-cc9ea3ffcfde,toxicity to bees: acute contact,,,30badc6f-6374-4afc-af0a-91ae5b7cd254,Species: Apis mellifera; Route: dermal,not specified,not specified,,,,fea1b765-1688-4a7e-bc99-0b47d3b0d091,,,,,,,,,,,,,,,,,,,,,,,,,Apis mellifera,,other:,dermal,,,mortality,,,,,,,,>,202.4,other:,µg/piece,,,LD50,,,,,,,,,,,,24b01262-63d7-49a8-b0e9-2d2c6c633e2d,,,,,,,,,,,,,,,,,,,,
3557,3555,f998eb35-c049-418f-916a-2807202c76f4,ENDPOINT_STUDY_RECORD.ToxicityToBees,30e931a5-b31f-4dab-a919-dbf211924075,toxicity to bees: acute oral,,,7afd1882-9405-475f-bc9d-45287fb5b96b,Species: Apis mellifera; Route: oral: unspecified; Exp. duration: 48.0 h,not specified,not specified,,,,06c5577c-9bcb-417c-a677-1aaa61744880,,,,,,,,,,,,h,48.0,,,,,,,,,,,,Apis mellifera,,other:,oral: unspecified,,,mortality,,,,,,,,,4.29,other:,µg/piece,,,LD50,,,,,,,other:,,Remarks: Acute Oral toxicity,,,42da3a23-7ba1-4396-839b-93410ddd403c,,,,,,,,,,,,,,,,,,,,
3558,3556,6c511f13-7def-4405-a675-584a3a67f2f0,ENDPOINT_STUDY_RECORD.ToxicityToBees,44b92abe-8a3c-43b3-9dd2-1d0dbd473dce,bee larval toxicity - chronic,,,34336a6d-4851-4221-b0e6-e2663561d4a5,Species: Apis mellifera; Route: oral,not specified,not specified,,,,d0a892f7-2511-46fc-9883-5b69e0626836,,,,,,,,,,,,,,,,,,,,,,,,,Apis mellifera,,oral,,,,mortality,,,test mat.,,A19649B,,,,0.218,µg per larva per day,,,,other:,8-d ED20,,,,,,other:,,Remarks: The toxicity value is reported as active substance.,,,0970c825-a4c7-411e-a89a-d71d61454f0f,,,,,,,,,,,,,,,,,,,,
3559,3557,6c511f13-7def-4405-a675-584a3a67f2f0,ENDPOINT_STUDY_RECORD.ToxicityToBees,44b92abe-8a3c-43b3-9dd2-1d0dbd473dce,bee larval toxicity - chronic,,,a0ce5093-8a7f-4b19-9d75-539ed9f0c57f,Species: Apis mellifera; Route: oral,not specified,not specified,,,,d0a892f7-2511-46fc-9883-5b69e0626836,,,,,,,,,,,,,,,,,,,,,,,,,Apis mellifera,,oral,,,,mortality,,,test mat.,,A19649B,,,,0.218,µg per larva per day,,,,other:,8-d ED20,,,,,,other:,,Remarks: The toxicity value is reported as active substance.,,,0970c825-a4c7-411e-a89a-d71d61454f0f,,,,,,,,,,,,,,,,,,,,
3560,3558,2134e54d-013d-40bf-a4b9-e890998c8305,ENDPOINT_STUDY_RECORD.ToxicityToBees,5de3fd35-a5c7-415c-926e-d863856a8bad,toxicity to bees: acute contact,,,cc228e54-c2b3-4391-8c55-dcbf5fc8a504,Limit test: no; Species: Apis mellifera; Route: dermal; Exp. duration: 48.0 h,yes,no,EPA OPP 141-1 (Honey Bee Acute Contact Toxicity),,according to guideline,36ac360b-853e-4f9f-951a-842aa64b9d10,,,,,no,,,,,,,h,48.0,,,,,,,,,,,,Apis mellifera,,other:,dermal,,,mortality,,,,,,,,>,25.0,other:,µg/piece,,,LD50,,,,,,,other:,,Remarks: Acute contact toxicity,,,c6edc222-e809-4b66-beac-4757ebb9a372,,,,,,,,,,,,,,,,,,,,
3561,3559,69ae5e41-d4e1-40ba-b8ec-fc3b7c4e2f93,ENDPOINT_STUDY_RECORD.ToxicityToBees,c17e113e-6370-4a50-985f-d98c4c3d0583,toxicity to bees: acute contact,,,91b1fabd-c891-4d35-9379-c0f6e9e5bcf2,Species: Apis mellifera; Route: dermal,not specified,not specified,,,,9a83afec-6fca-451a-a19f-64a2b5d24e7e,,,,,,,,,,,,,,,,,,,,,,,,,Apis mellifera,,other:,dermal,,,mortality,,,,,,,,>,100.0,other:,µg/piece,,,LD50,,,,,,,other:,,Remarks: Acute contact toxicity,,,e1515b5c-779a-4bcb-bdff-d6e9c5c7ccba,,,,,,,,,,,,,,,,,,,,
3562,3560,0fd1727e-b89c-4704-9d7d-3584147c916b,ENDPOINT_STUDY_RECORD.ToxicityToBees,e8c33f31-a3ca-461c-8fe0-5f5327dd7024,toxicity to bees: chronic oral,,,e3f83667-8cdc-43b1-a4fd-1317e99bf162,Species: Apis mellifera; Route: oral; Exp. duration: 10.0 d,,,,,,,,,,,,,,,,,,d,10.0,,,,,,,,,,,,Apis mellifera,,oral,,,,mortality,,,act. ingr.,,,,,,100.0,µg/bee per day,,,,10-d LDD50,,,,,,,other:,,"Remarks: Test concentrations in feeding solutions were not analytically verified. The lack of analytical verification of the feeding solutions is not considered to affect the validity of the study, as pyriproxyfen is stable in water and the report did not indicate that undissolved material was observed",,,41a22f02-1541-4bb0-8554-bb7d06cdcf7d,,,,,,,,,,,,,,,,,,,,
3563,3561,0efa7d29-aba2-4531-96cb-bb4aeb2c8a31,ENDPOINT_STUDY_RECORD.ToxicityToBees,effff3e8-beb0-463f-859c-26e6956f8f90,toxicity to bees: chronic oral,,,e605927c-9032-4b62-999e-3aa19e768014,Species: Apis mellifera; Route: oral; Exp. duration: 10.0 d,,,,,,,,,,,,,,,,,,d,10.0,,,,,,,,,,,,Apis mellifera,,oral,,,,not specified,,,test mat.,,Rapeseed oil formulation (NEU 1161 I),,,,1010.3,µg/bee per day,,,,other:,10-d NOED,,,,,,,,,,,10a5fe0f-b95c-49bc-b656-487654b5ec8e,,,,,,,,,,,,,,,,,,,,
3564,3562,ecfd503a-8992-48ae-90f5-bf3e2b8330b2,ENDPOINT_STUDY_RECORD.ToxicityToBees,8b29bc03-cc0a-4ba2-ac9e-c3aa6a409757,toxicity to bees: acute oral,,,df421e86-d1fa-48f8-8445-344ef78b1b3e,Species: Apis mellifera; Route: oral: unspecified; Exp. duration: 48.0 h,not specified,not specified,,,,9a228bf7-4272-4745-a45b-0d0f6c8e57f2,,,,,,,,,,,,h,48.0,,,,,,,,,,,,Apis mellifera,,other:,oral: unspecified,,,mortality,,,,,,h,48.0,>,83.0,other:,µg/piece,,,LD50,,,,,,,,,,,,1532a008-2fe9-414f-b810-903fb804e58b,,,,,,,,,,,,,,,,,,,,
3565,3563,ecfd503a-8992-48ae-90f5-bf3e2b8330b2,ENDPOINT_STUDY_RECORD.ToxicityToBees,8b29bc03-cc0a-4ba2-ac9e-c3aa6a409757,toxicity to bees: acute oral,,,e85276bc-9de7-4a61-b311-971e7137d8fb,Species: Apis mellifera; Route: oral: unspecified; Exp. duration: 48.0 h,not specified,not specified,,,,9a228bf7-4272-4745-a45b-0d0f6c8e57f2,,,,,,,,,,,,h,48.0,,,,,,,,,,,,Apis mellifera,,other:,oral: unspecified,,,mortality,,,,,,h,48.0,>,83.0,other:,µg/piece,,,LD50,,,,,,,,,,,,1532a008-2fe9-414f-b810-903fb804e58b,,,,,,,,,,,,,,,,,,,,
3566,3564,3a0e41be-2505-42b5-b80e-0d9de0fc200c,ENDPOINT_STUDY_RECORD.ToxicityToBees,32858068-f02d-4598-a25d-b270a94a5278,toxicity to bees: acute oral,,,4dd5f924-8295-44d0-8128-2b422a099fe1,,not specified,not specified,,,,d904804a-dccf-469f-9906-b175dd96b99c,,,,,,,,,,,,d,48.0,,,,,,Flutolanil Technical,,,,,,Apis mellifera,,oral,,,,mortality,,,,,,,,>,208.7,µg/bee,,,,LD50,,,,,,,,,,,,02f86de5-5850-425a-accd-59705bfea04f,,,,,,,,,,,,,,,,,,,,
3567,3565,b0ae3a2f-67f0-489e-869c-3605b0f77796,ENDPOINT_STUDY_RECORD.ToxicityToBees,1fd4da2a-00e6-45c5-a73a-b32ace3ed91d,toxicity to bees: acute oral,,,ea217f4a-8d36-4ba3-919a-5af3e4654b30,Species: Apis mellifera; Route: oral: unspecified,not specified,not specified,,,,cc6de25c-d582-4f53-ba04-64625112f7a5,,,,,,,,,,,,,,,,,,,PROBLAD PLUS,,,,,,Apis mellifera,,other:,oral: unspecified,,,mortality,,,,,,,,>,196.8,other:,µg/piece,,,LD50,,,,,,,,,,,,d98080cf-3663-4fff-b5f2-76345abe3630,,,,,,,,,,,,,,,,,,,,
3568,3566,633f4d34-9621-4fcd-9866-5e053f4fce4b,ENDPOINT_STUDY_RECORD.ToxicityToBees,482c0108-ff32-4e64-948e-9ec7d7a6a4ca,bee larval toxicity - acute,,,dbe7b197-9a8b-4353-8be1-ec6a707c0e16,,not specified,not specified,,,,20167bee-0a4f-4cbf-9df7-1a77a6fd88da,,,,,,,,,,,,,,,,,,,,,,,,,Apis mellifera,,oral,,,,brood development,,,,,,,,>=,73.6,µg per larva per developmental period,,,,NOED,,,,larva,,,,,,,,b9e20a10-4637-481e-a949-9e435b4fe4e3,,,,,,,,,,,,,,,,,,,,
3569,3567,9175ac48-aeb6-4ec0-b8cd-4b8bb8db8987,ENDPOINT_STUDY_RECORD.ToxicityToBees,5d1907a1-6bea-40e1-8512-bd798a9b4fca,toxicity to bees: acute oral,,,72e6d370-7cb4-4f1e-af7a-8bd7050b29d8,Species: Apis mellifera; Route: oral: unspecified; Exp. duration: 48.0 h,not specified,not specified,,,,ed096066-6567-4c32-abd3-2dc2630232bf,,,,,,,,,,,,h,48.0,,,,,,,,,,,,Apis mellifera,,other:,oral: unspecified,,,mortality,,,,,,,,,0.0037,other:,µg/piece,,,LD50,,,,,,,,,,,,3959c8e9-bb66-41b2-9b99-264793d4d5ac,,,,,,,,,,,,,,,,,,,,
3570,3568,f3b51da3-43ec-4afa-9701-ae515e54617a,ENDPOINT_STUDY_RECORD.ToxicityToBees,1d4b107f-5abe-4373-852f-a7b56316506d,toxicity to bees: acute oral,,,5f799b33-7491-4195-8159-cc2d7115d0fd,Species: Apis mellifera; Route: oral: unspecified; Exp. duration: 48.0 h,not specified,not specified,,,,bcc88d27-2058-4b4a-ac5c-518ac35be5b5,,,,,,,,,,,,h,48.0,,,,,,COM 508 16 H EW (Pelargonic acid 23.157%),,,,,,Apis mellifera,,other:,oral: unspecified,,,mortality,,,,,,,,,122.1,other:,µg/piece,,,LD50,,,,,,,other:,,Remarks: LD50 =122.1 µg a.s./bee,,,989fc35f-529d-4e93-af48-360b01bf53f4,,,,,,,,,,,,,,,,,,,,
3571,3569,24933b91-c1b2-4162-8742-9b4b5207474c,ENDPOINT_STUDY_RECORD.ToxicityToBees,a4135876-f27e-444c-aeff-3a6316f6b4a4,bee larval toxicity - chronic,,,8a144198-5691-4244-b18c-66bc0f0a6484,Species: Apis mellifera; Route: oral; Exp. duration: 4.0 d,,,,,,,,,,,,,,,,,,d,4.0,,,,,,,,,,,,Apis mellifera,,oral,,,,emergence rate,,,act. ingr.,,,,,,2.13,µg per larva,,,,ED10,,,,,,,,,,,,e9893427-503d-4df1-bfc6-041173446008,,,,,,,,,,,,,,,,,,,,
3572,3570,134439ba-1023-417d-aa59-a0fa3380b188,ENDPOINT_STUDY_RECORD.ToxicityToBees,e5109e34-8c32-409e-a7f4-87a52026cbbc,toxicity to bees: acute contact,,,0ce0bdb2-ca90-4e65-9ef4-c24b6b69f393,Species: Apis mellifera; Route: dermal,not specified,not specified,,,,545ed41d-4524-452a-a5d1-428ff26c5b00,,,,,,,,,,,,,,,,,,,,,,,,,Apis mellifera,,other:,dermal,,,mortality,,,,,,,,>,100.0,other:,µg/piece,,,LD50,,,,,,,other:,,"Remarks: The endpoint derived from a study not providing a toxicity standard, the study was considered valid as the endpoint was in the toxicity range of similar studies.",,,3a2bac12-3df9-455d-bd54-f464eef67800,,,,,,,,,,,,,,,,,,,,
3573,3571,8022f6a1-a37a-4a87-a6ee-e38339baf07d,ENDPOINT_STUDY_RECORD.ToxicityToBees,7e0d703d-fb9f-4319-bf7a-825ef6043c25,toxicity to bees: acute contact,,,b1cf7e76-8ebe-41e3-ae32-74a8abc42859,Species: Apis mellifera; Route: dermal,not specified,not specified,,,,c03b01c5-6abc-4341-ac74-d9223baab436,,,,,,,,,,,,,,,,,,,,,,,,,Apis mellifera,,other:,dermal,,,mortality,,,,,,,,,0.0357,other:,µg/piece,,,LD50,,,,,,,other:,,Remarks: Acute contact toxicity test,,,4085a9fe-b0af-4918-aeb3-df2b25ba3dda,,,,,,,,,,,,,,,,,,,,
3574,3572,76ab3813-9b21-44af-a4c8-aa67c670e90c,ENDPOINT_STUDY_RECORD.ToxicityToBees,351bba11-8c12-4a7f-b934-72149ba59d79,toxicity to bees: acute oral,,,a12e15e9-e554-404e-9550-efd6101c5097,Species: Apis mellifera; Route: oral: unspecified,not specified,not specified,,,,bf8417ba-4754-48f8-a779-a80bef1fe621,,,,,,,,,,,,,,,,,,,,,,,,,Apis mellifera,,other:,oral: unspecified,,,mortality,,,,,,,,>,110.9,other:,µg/piece,,,LD50,,,,,,,other:,,Remarks: Acute oral toxicity,,,baa0559c-14a6-4c17-8e40-421ba13e4530,,,,,,,,,,,,,,,,,,,,
3575,3573,be2f2bdd-e61e-4e80-abbe-347e6a4ce2e9,ENDPOINT_STUDY_RECORD.ToxicityToBees,40bef233-ff76-42ba-913e-abf75638a716,bee larval toxicity - chronic,,,025d935c-ff4e-49e7-bb02-8721e28f51fb,Species: Apis mellifera; Route: oral; Exp. duration: 4.0 d,,,,,,,,,,,,,,,,,,d,4.0,,,,,,,,,,,,Apis mellifera,,oral,,,,emergence rate,,,act. ingr.,,,,,,24.6,µg per larva per developmental period,,,,other:,22-d ED10,,,,,,,,,,,a0d4b8ab-ade7-4bd4-a880-52f37402ce5a,,,,,,,,,,,,,,,,,,,,
3576,3574,a8e64da4-63ae-4142-96a0-2c94a6c93807,ENDPOINT_STUDY_RECORD.ToxicityToBees,0b946696-7252-4ee0-b75f-2b3367534f88,toxicity to bees: acute oral,,,59a8521c-03f6-4298-b59e-228f05cd592c,Species: Apis mellifera; Route: oral: unspecified,not specified,not specified,,,,e4a70266-1aa9-402e-a212-c2335b044927,,,,,,,,,,,,,,,,,,,,,,,,,Apis mellifera,,other:,oral: unspecified,,,mortality,,,,,,,,,140.6,other:,µg/piece,,,LD50,,,,,,,,,,,,198f0d9f-8e69-4ec2-b83e-4d3dd30e2cad,,,,,,,,,,,,,,,,,,,,
3577,3575,b06149ec-25d6-4dac-a3d8-ca11ad14ccb9,ENDPOINT_STUDY_RECORD.ToxicityToBees,5d911ed2-7aad-4a3c-8780-e2ca116d03eb,toxicity to bees: chronic oral,,,e81510f6-0ef7-4c10-91d5-72011ec01edf,Species: Apis mellifera; Route: oral; Exp. duration: 10.0 d,,,,,,,,,,,,,,,,,,d,10.0,,,,,,,,,,,,Apis mellifera,,oral,,,,mortality,,,act. ingr.,,,,,>,74.3,µg/bee per day,,,,LD50,,,,,,,,,,,,c71a997e-5543-4026-ad57-3cf785838a72,,,,,,,,,,,,,,,,,,,,
3578,3576,92bfebb7-c5df-46ed-84bb-c272c2662ec7,ENDPOINT_STUDY_RECORD.ToxicityToBees,0ea3181a-97ba-4452-a328-7c835aacdba1,toxicity to bees: acute contact,,,e3d40140-6955-44a9-9491-5f62b312a81c,Species: Apis mellifera; Route: dermal; Exp. duration: 48.0 h,not specified,not specified,,,,74b91344-8bf9-4ae4-a503-79a51a4239a4,,,,,,,,,,,,h,48.0,,,,,,ATTRIBUT SG70,,,,,,Apis mellifera,,other:,dermal,,,mortality,,,,,,,,>,100.0,other:,µg/piece,,,LD50,,,,,,,other:,,Remarks: Contact toxicity,,,290ce3b2-87dd-4bb9-ad39-1bc73ca1eb3d,,,,,,,,,,,,,,,,,,,,
3579,3577,851b0897-455a-43a6-aaa5-76d63c019765,ENDPOINT_STUDY_RECORD.ToxicityToBees,70bf91f9-c0b1-497e-b045-e1b71b7b76c7,toxicity to bees: acute contact,,,2589b4d3-f597-41e7-ad6f-3cce0f50d485,Species: Apis mellifera; Route: dermal,not specified,not specified,,,,2eb44f65-bdcb-44b7-b3d1-dc86f91b7c5f,,,,,,,,,,,,,,,,,,,,,,,,,Apis mellifera,,other:,dermal,,,mortality,,,,,,,,>,100.0,other:,µg/piece,,,LD50,,,,,,,other:,,Remarks: Contact toxicity,,,d5f97b27-4093-4f30-a093-b5454a75f41e,,,,,,,,,,,,,,,,,,,,
3580,3578,738cf2b5-6870-4230-a2dc-f8283d3e3153,ENDPOINT_STUDY_RECORD.ToxicityToBees,d1ab25b9-e065-4d45-98d6-b96c55dd1402,bee larval toxicity - chronic,,,5fb9a3f1-c8e5-4e61-aaa3-a449e65db1c7,Species: Apis mellifera; Route: oral,,,,,,,,,,,,,,,,,,,,,,,,,,,,,,,Apis mellifera,,oral,,,,not specified,,,act. ingr.,,TRICO,,,,26.79,µg per larva,,,,NOED,,,,,,,,,,,,4dbdddbe-471b-47ad-b48b-42cbe62bea98,,,,,,,,,,,,,,,,,,,,
3581,3579,d984c985-8931-4723-a068-d7daa57c722c,ENDPOINT_STUDY_RECORD.ToxicityToBees,478188d6-6562-4f91-835b-fd20f14714f4,toxicity to bees: acute contact,,,33fd193a-79f3-4890-93de-d0982594ddce,Species: Apis mellifera; Route: dermal,not specified,not specified,,,,d31fdb6e-3af1-4528-8c64-417ad21bc01b,,,,,,,,,,,,,,,,,,,Certosan (99.8% Blood meal),,,,,,Apis mellifera,,other:,dermal,,,mortality,,,,,,,,>,200.0,other:,µg/piece,,,LD50,,,,,,,other:,,Remarks: Acute contact toxicity,,,b5c067ee-bdfb-4033-93b7-921d1c617c5c,,,,,,,,,,,,,,,,,,,,
3582,3580,94655b3f-3f96-4e56-961e-54c213c346aa,ENDPOINT_STUDY_RECORD.ToxicityToBees,5bd73b6b-675d-47e7-b6cd-f5a4b41d6b60,toxicity to bees: acute oral,,,33e9d88d-cb27-48ef-bfb1-043dbeb2a1fa,Species: Apis mellifera; Route: oral: unspecified,not specified,not specified,,,,3aa56aaa-2e61-4115-b355-df3e09eb2b5c,,,,,,,,,,,,,,,,,,,Penflufen FS 050,,,,,,Apis mellifera,,other:,oral: unspecified,,,mortality,,,,,,,,>,105.3,other:,µg/piece,,,LD50,,,,,,,,,,,,0d2ea170-cbd3-435e-9d65-e1134eb5e01c,,,,,,,,,,,,,,,,,,,,
3583,3581,7893feaa-153e-430d-a6d7-650a16886a3e,ENDPOINT_STUDY_RECORD.ToxicityToBees,3cfae1ca-e7dc-472a-bddc-cbc63c0be1eb,toxicity to bees: acute oral,,,3cc97cb4-ccf4-473d-bf1d-6fe248c8f5b0,Species: Apis mellifera; Route: oral: unspecified; Exp. duration: 48.0 h,not specified,not specified,,,,776cfef8-922e-4a0d-9454-db1797f26763,,,,,,,,,,,,h,48.0,,,,,,Formulation: Metasystox R 250 EC,,,,,,Apis mellifera,,other:,oral: unspecified,,,mortality,,,,,,,,,0.2,other:,µg/piece,,,LD50,,,,,,,other:,,Remarks: Acute oral toxicity,,,67e10a2b-a34e-46bc-8407-cb2976432366,,,,,,,,,,,,,,,,,,,,
3584,3582,d99d2dfa-4f93-4a2c-b61e-e3a1b40064de,ENDPOINT_STUDY_RECORD.ToxicityToBees,deab14ef-384e-44a8-8890-a460f185379d,toxicity to bees: acute oral,,,657a02e5-8c02-42b1-be51-73f20b1c8294,Limit test: no; Species: Apis mellifera; Route: oral: unspecified; Exp. duration: 48.0 h,yes,no,other:,OTHER GUIDELINE,according to guideline,d7551f73-5d21-4fac-8c9d-bdbf41b4b0aa,,,,,no,,,,,,,h,48.0,,,,,,,,,,,,Apis mellifera,,other:,oral: unspecified,,,mortality,,,,,,,,>,100.0,other:,µg/piece,,,LD50,,,,,,,other:,,Remarks: Acute contact and oral toxicity test. EPA Standard Evaluation Procedure- Honeybee acute contact LD50 test. EPA-540/9-85-002-June 1985,,,f1f8b006-66ca-4f4d-b9ad-3dc8b28009c2,,,,,,,,,,,,,,,,,,,,
3585,3583,1952483c-a6a1-4d46-bbd2-f93b6b652ae8,ENDPOINT_STUDY_RECORD.ToxicityToBees,62d434ab-569b-48b5-807f-9251b3dfbcc8,toxicity to bees: acute contact,,,785b6f2d-433d-4d10-9c99-d2f1a98dd6a1,Species: Apis mellifera; Route: dermal,not specified,not specified,,,,935092a0-e67b-407f-b4c7-5f34268196e4,,,,,,,,,,,,,,,,,,,,,,,,,Apis mellifera,,other:,dermal,,,mortality,,,,,,,,>,100.0,other:,µg/piece,,,LD50,,,,,,,,,,,,5394d7fa-8431-40e8-b9df-8923f3507110,,,,,,,,,,,,,,,,,,,,
3586,3584,2cae517c-6a2d-4c08-9acf-f13efd39fe0a,ENDPOINT_STUDY_RECORD.ToxicityToBees,5eddc115-41d3-428c-a074-f7147712ec1d,bee larval toxicity - chronic,,,5021c463-9720-4e13-a79d-cfdda8b35c8d,,not specified,not specified,,,,a687cbf8-c934-4614-b6d9-1e08e98933e1,,,,,,,,,,,,d,4.0,,,,,,Bensulfuron-methyl 60 WG,,,,,,Apis mellifera,,oral,,,,not specified,,,act. ingr.,,,,,,200.0,µg per larva per developmental period,,,,other:,,22-d NOED,,,,nominal,,,,,,32ee37d2-b92f-4bd7-b3d3-0c5eb842b932,,,,,,,,,,,,,,,,,,,,
3587,3585,2cae517c-6a2d-4c08-9acf-f13efd39fe0a,ENDPOINT_STUDY_RECORD.ToxicityToBees,5eddc115-41d3-428c-a074-f7147712ec1d,bee larval toxicity - chronic,,,5021c463-9720-4e13-a79d-cfdda8b35c8d,,not specified,not specified,,,,a687cbf8-c934-4614-b6d9-1e08e98933e1,,,,,,,,,,,,d,4.0,,,,,,Bensulfuron-methyl 60 WG,,,,,,Apis mellifera,,oral,,,,not specified,,,act. ingr.,,,,,>,400.0,µg per larva per developmental period,,,,other:,,22-d ED50,,,,nominal,,,,,,64f75720-ce51-481e-b1c6-f5f98a11ff93,,,,,,,,,,,,,,,,,,,,
3588,3586,637352a1-2a86-4aa5-87ac-1760bd635d84,ENDPOINT_STUDY_RECORD.ToxicityToBees,d8dee37f-ac8e-4afb-97bc-b3566a8a3e03,toxicity to bees: acute oral,,,e86b9ca3-1f2c-4859-9033-8296856b4f1c,Species: Apis mellifera; Route: oral: unspecified,not specified,not specified,,,,e47b10b7-a275-4fbf-8ba6-ea44f2295c46,,,,,,,,,,,,,,,,,,,Sakalia,,,,,,Apis mellifera,,other:,oral: unspecified,,,mortality,,,,,,,,>,100.0,other:,µg/piece,,,LD50,,,,,,,other:,,Remarks: Acute oral toxicity,,,be4d5e91-e4fb-4f83-8a3f-f13566ca55a7,,,,,,,,,,,,,,,,,,,,
3589,3587,34d714dc-93a0-4edb-9317-32a6d8b16fc1,ENDPOINT_STUDY_RECORD.ToxicityToBees,25cab7b6-759b-4df2-8750-2536c3fb6a65,toxicity to bees: chronic oral,,,78d7f5cb-5e45-4c3e-aa7d-acad607bac48,Species: Apis mellifera; Route: oral; Exp. duration: 10.0 d,,,,,,,,,,,,,,,,,,d,10.0,,,,,,,,,,,,Apis mellifera,,oral,,,,mortality,,,act. ingr.,,,,,,0.0415,µg/bee per day,,,,other:,10-d NOED,,,,,,,,,,,75178253-74f2-405d-bc04-55e991f26b93,,,,,,,,,,,,,,,,,,,,
3590,3588,25e85441-0151-4619-9c4b-9fc52140aec5,ENDPOINT_STUDY_RECORD.ToxicityToBees,c76d3f6b-60d6-4da9-8513-1a858c3f897f,toxicity to bees: acute oral,,,c62ffef0-95fc-434c-b7f5-3d2633fb8049,Limit test: no; Species: Apis mellifera; Route: oral: unspecified; Exp. duration: 48.0 h,yes,no,other:,OTHER GUIDELINE,according to guideline,0aa63a14-19f8-4974-8067-fb5b825b16d2,,,,,no,,,,,,,h,48.0,,,,,,Propanil 60 (formulation),,,,,,Apis mellifera,,other:,oral: unspecified,,,mortality,,,,,,,,>,94.26,other:,µg/piece,,,LD50,,,,,,,other:,,Remarks: Acute oral toxicity. Guideline: EPPO Guideline N. 170 (EPPO 1992).,,,e4bae18d-061f-4fbc-9886-21dd5aa97ba6,,,,,,,,,,,,,,,,,,,,
3591,3589,ae08990e-b69e-4156-8db7-3bd88db5bcb2,ENDPOINT_STUDY_RECORD.ToxicityToBees,ebaf4d01-665e-4d51-85e6-d7ab83e21d59,toxicity to bees: acute contact,,,855d4abc-8b94-44d9-83a3-9f280554cde8,Species: Apis mellifera; Route: dermal,not specified,not specified,,,,e2acfa3e-2e9d-4029-a2da-eec9ba2fe910,,,,,,,,,,,,,,,,,,,,,,,,,Apis mellifera,,other:,dermal,,,mortality,,,,,,,,>,100.0,other:,µg/piece,,,LD50,,,,,,,other:,,Remarks: Acute contact toxicity,,,bb135441-0e77-49e2-bec0-0c14cd1bb87a,,,,,,,,,,,,,,,,,,,,
3592,3590,395680b2-0a50-4615-8920-afb580738de0,ENDPOINT_STUDY_RECORD.ToxicityToBees,8a622d31-fd8c-4d31-943f-e9c9bd3a695f,toxicity to bees: acute oral,,,21e7e8a8-fabe-4a07-9819-a7516c72c58c,Species: Apis mellifera; Route: oral: unspecified,not specified,not specified,,,,33f7aaa6-8b76-47b5-8557-5a08576f6727,,,,,,,,,,,,,,,,,,,,,,,,,Apis mellifera,,other:,oral: unspecified,,,mortality,,,,,,,,>,120.0,other:,µg/piece,,,LD50,,,,,,,other:,,Remarks: Acute oral and contact toxicity test,,,a1deb3c5-b169-4840-a10b-3f906349e991,,,,,,,,,,,,,,,,,,,,
3593,3591,c37bbdd8-13c1-4447-a491-21680105d1b2,ENDPOINT_STUDY_RECORD.ToxicityToBees,f585e0c3-f077-44ac-b247-6a153c5bc090,bee larval toxicity - chronic,,,d889de4c-712d-4f3d-a5aa-d9287b7c8f4c,Species: Apis mellifera; Route: oral,,,,,,,,,,,,,,,,,,,,,,,,,,,,,,,Apis mellifera,,oral,,,,not specified,,,test mat.,,Abamectin 1.8% EC,,,,1.57e-05,µg per larva,,,,other:,8-d NOED,,,,,,other:,,"Remarks: The toxicity value is reported as active substance (eqivalent to 0,000882 micrograms prod./larva).",,,94862f18-1c3e-4c1c-8300-d209fcd07070,,,,,,,,,,,,,,,,,,,,
3594,3592,d41eb878-9fa2-4147-9593-d06b57e5a423,ENDPOINT_STUDY_RECORD.ToxicityToBees,78977381-ec20-41b6-b97c-36bafddaa8d5,toxicity to bees: acute oral,,,c804893b-69b5-4cae-beb2-eb38b0351428,Species: Apis mellifera; Route: oral: unspecified,not specified,not specified,,,,e90f352b-a218-4953-ae92-35380201dcf4,,,,,,,,,,,,,,,,,,,,,,,,,Apis mellifera,,other:,oral: unspecified,,,mortality,,,,,,,,,1.2,other:,µg/piece,,,LD50,,,,,,,other:,,Remarks: Acute oral toxicity,,,070b4ed6-6abe-4187-b180-3651a6385198,,,,,,,,,,,,,,,,,,,,
3595,3593,e12cebfb-aa70-4b1c-8e66-ce995e769f2c,ENDPOINT_STUDY_RECORD.ToxicityToBees,4e867e71-ea6e-4a52-a92f-fe0de0f9090f,toxicity to bees: acute oral,,,5ebbfc12-ea1f-4327-b564-ccdbea3a7328,Limit test: no; Species: Apis mellifera; Route: oral: unspecified; Exp. duration: 48.0 h,yes,no,other:,OTHER GUIDELINE,according to guideline,22a5849f-c631-41b8-913e-f005098370fd,,,,,no,,,,,,,h,48.0,,,,,,,,,,,,Apis mellifera,,other:,oral: unspecified,,,mortality,,,,,,,,>,125.0,other:,µg/piece,,,LD50,,,,,,,other:,,"Remarks: Acute oral toxicity. Guideline: EPPO Guideline n. 170, 1992.",,,c6de7cde-d5ef-4711-b6ab-074ab71a0a77,,,,,,,,,,,,,,,,,,,,
3596,3594,3ab61675-c2bc-478e-a94c-c57bf15ae9b9,ENDPOINT_STUDY_RECORD.ToxicityToBees,0048d075-d1f9-4b12-b806-c0e845a6f424,toxicity to bees: acute contact,,,78055bca-b9cd-4a74-a772-8557097a83b3,Species: Apis mellifera; Route: dermal,not specified,not specified,,,,d96d93df-6a47-4d91-9994-df3e67c27a5d,,,,,,,,,,,,,,,,,,,,,,,,,Apis mellifera,,other:,dermal,,,mortality,,,,,,,,,0.024,other:,µg/piece,,,LD50,,,,,,,other:,,Remarks: Acute contact toxicity; European Commission 2006,,,c3801815-b4e0-4a56-8ebd-28b35c556131,,,,,,,,,,,,,,,,,,,,
3597,3595,3f551866-56f9-4f24-acda-ebd9efdce392,ENDPOINT_STUDY_RECORD.ToxicityToBees,4676618c-ff4f-416c-a0f2-ed41c7fa0a0f,toxicity to bees: acute oral,,,e605927c-9032-4b62-999e-3aa19e768014,Species: Apis mellifera; Route: oral: unspecified,not specified,not specified,,,,0bf849f8-8df9-41bc-90f0-cb3cb9086689,,,,,,,,,,,,,,,,,,,NEU 1160 I EC Rape seed oil 96%,,,,,,Apis mellifera,,other:,oral: unspecified,,,mortality,,,,,,,,>,2572.0,other:,µg/piece,,,LD50,,,,,,,,,,,,ed9a592c-d67c-47b9-85bc-d834284798b5,,,,,,,,,,,,,,,,,,,,
3598,3596,c7a541e7-ac22-4939-8456-92bbbc25f406,ENDPOINT_STUDY_RECORD.ToxicityToBees,d1ab25b9-e065-4d45-98d6-b96c55dd1402,toxicity to bees: acute oral,,,5fb9a3f1-c8e5-4e61-aaa3-a449e65db1c7,Species: Apis mellifera; Route: oral: unspecified,not specified,not specified,,,,baa3d4e4-7ba5-47d5-8ab9-1d0c25223ac9,,,,,,,,,,,,,,,,,,,,,,,,,Apis mellifera,,other:,oral: unspecified,,,mortality,,,,,,,,>,100.0,other:,µg/piece,,,LD50,,,,,,,,,,,,6f95107d-512f-4445-8d39-f1a4a69582e8,,,,,,,,,,,,,,,,,,,,
3599,3597,4ae66514-ce66-48d2-b734-2043ede92d1f,ENDPOINT_STUDY_RECORD.ToxicityToBees,44b92abe-8a3c-43b3-9dd2-1d0dbd473dce,bee larval toxicity - chronic,,,34336a6d-4851-4221-b0e6-e2663561d4a5,Species: Apis mellifera; Route: oral; Exp. duration: 4.0 d,not specified,not specified,,,,6fe3fc07-8aaa-4779-9eb5-33be4e9b0d6e,,,,,,,,,,,,d,4.0,,,,,,,,,,,,Apis mellifera,,oral,,,,emergence rate,,,test mat.,,A19649B,,,,0.024,µg per larva per day,,,,other:,22-d ED10,,,,,,other:,,Remarks: The toxicity value is reported as active substance.,,,b347b2a5-5c10-48b4-844b-05942c6934fb,,,,,,,,,,,,,,,,,,,,
3600,3598,4ae66514-ce66-48d2-b734-2043ede92d1f,ENDPOINT_STUDY_RECORD.ToxicityToBees,44b92abe-8a3c-43b3-9dd2-1d0dbd473dce,bee larval toxicity - chronic,,,a0ce5093-8a7f-4b19-9d75-539ed9f0c57f,Species: Apis mellifera; Route: oral; Exp. duration: 4.0 d,not specified,not specified,,,,6fe3fc07-8aaa-4779-9eb5-33be4e9b0d6e,,,,,,,,,,,,d,4.0,,,,,,,,,,,,Apis mellifera,,oral,,,,emergence rate,,,test mat.,,A19649B,,,,0.024,µg per larva per day,,,,other:,22-d ED10,,,,,,other:,,Remarks: The toxicity value is reported as active substance.,,,b347b2a5-5c10-48b4-844b-05942c6934fb,,,,,,,,,,,,,,,,,,,,
3601,3599,2992d013-ad27-459d-b677-fc76c2cd9272,ENDPOINT_STUDY_RECORD.ToxicityToBees,96a5ebaf-a86d-4b13-8396-1e0d85a59fd4,toxicity to bees: acute oral,,,c726555e-031e-4828-9cfa-40f93dd00af1,Limit test: no; Species: Apis mellifera; Route: oral: unspecified; Exp. duration: 48.0 h,yes,no,other:,OTHER GUIDELINE,according to guideline,986d8cfd-8aac-4541-9ac1-75161dce9c5b,,,,,no,,,,,,,h,48.0,,,,,,,,,,,,Apis mellifera,,other:,oral: unspecified,,,mortality,,,,,,,,>,197.0,other:,µg/piece,,,LD50,,,,,,,other:,,Remarks: Acute oral toxicity. Guideline: EPPO Guideline No. 170 (1992),,,d898bcc7-58be-451d-b4b7-6e51dfe93e78,,,,,,,,,,,,,,,,,,,,
3602,3600,6b21703a-f345-4fad-85e3-394bbfc46789,ENDPOINT_STUDY_RECORD.ToxicityToBees,44b92abe-8a3c-43b3-9dd2-1d0dbd473dce,bee larval toxicity - chronic,,,34336a6d-4851-4221-b0e6-e2663561d4a5,Species: Apis mellifera; Route: oral; Exp. duration: 4.0 d,not specified,not specified,,,,2e5ba9c0-22e1-4184-b45b-ed59a06666b8,,,,,,,,,,,,d,4.0,,,,,,,,,,,,Apis mellifera,,oral,,,,emergence rate,,,act. ingr.,,,,,,,µg per larva per day,,<,0.0035,other:,22-d NOED,,,,,,,,,,,98269750-5f7a-46ca-97f3-eeab84560b35,,,,,,,,,,,,,,,,,,,,
3603,3601,6b21703a-f345-4fad-85e3-394bbfc46789,ENDPOINT_STUDY_RECORD.ToxicityToBees,44b92abe-8a3c-43b3-9dd2-1d0dbd473dce,bee larval toxicity - chronic,,,a0ce5093-8a7f-4b19-9d75-539ed9f0c57f,Species: Apis mellifera; Route: oral; Exp. duration: 4.0 d,not specified,not specified,,,,2e5ba9c0-22e1-4184-b45b-ed59a06666b8,,,,,,,,,,,,d,4.0,,,,,,,,,,,,Apis mellifera,,oral,,,,emergence rate,,,act. ingr.,,,,,,,µg per larva per day,,<,0.0035,other:,22-d NOED,,,,,,,,,,,98269750-5f7a-46ca-97f3-eeab84560b35,,,,,,,,,,,,,,,,,,,,
3604,3602,ac2c1ce0-e182-4595-8ef2-06e47d0beabe,ENDPOINT_STUDY_RECORD.ToxicityToBees,55b6b273-5946-478b-af69-f5424f2913ea,toxicity to bees: acute contact,,,317a7bf0-b2ac-4c6b-8dc3-8b1806c0ad62,Species: Apis mellifera; Route: dermal,not specified,not specified,,,,84b91e15-0324-4848-b9bf-60d0fe90bce8,,,,,,,,,,,,,,,,,,,,,,,,,Apis mellifera,,other:,dermal,,,mortality,,,,,,,,>,25.2,other:,µg/piece,,,LD50,,,,,,,,,,,,80e249be-bd6e-403f-a8b7-94c76c705dd2,,,,,,,,,,,,,,,,,,,,
3605,3603,3ff5a5e1-8590-4904-bfeb-81cdd71f4e7d,ENDPOINT_STUDY_RECORD.ToxicityToBees,96fcb65a-4ac0-4237-b54f-91284f938477,toxicity to bees: acute contact,,,2c188888-c063-4ed5-b26f-d8513bbaa287,Species: Apis mellifera; Route: dermal,not specified,not specified,,,,dbee0576-af02-4d9e-9334-f67cfd0f92d1,,,,,,,,,,,,,,,,,,,,,,,,,Apis mellifera,,other:,dermal,,,mortality,,,,,,,,,0.0206,other:,µg/piece,,,NOAEL,,,,,,,,,,,,ba615e46-f577-4379-95fb-da56c01b47c0,,,,,,,,,,,,,,,,,,,,
3606,3604,03647760-8975-417e-ac35-a8df39306a8f,ENDPOINT_STUDY_RECORD.ToxicityToBees,c3ea0f17-3bd8-461e-8ae6-f8dca9ac3fc3,toxicity to bees: acute contact,,,9eae3a5b-eceb-4fb8-bedb-a37fc3592c22,Species: Apis mellifera; Route: dermal,not specified,not specified,,,,6a55281c-18fb-482b-bebf-70f550d8f7ea,,,,,,,,,,,,,,,,,,,Frupica 50 WP,,,,,,Apis mellifera,,other:,dermal,,,mortality,,,act. ingr.,,,,,>,80.0,other:,µg/piece,,,LD50,,,,,,,other:,,Remarks: Contact toxicity.,,,799d75f5-834b-4b9c-b0f1-917d1b983be5,,,,,,,,,,,,,,,,,,,,
3607,3605,03647760-8975-417e-ac35-a8df39306a8f,ENDPOINT_STUDY_RECORD.ToxicityToBees,c3ea0f17-3bd8-461e-8ae6-f8dca9ac3fc3,toxicity to bees: acute contact,,,fbfefd03-773e-475e-b61f-0b97477c699a,Species: Apis mellifera; Route: dermal,not specified,not specified,,,,6a55281c-18fb-482b-bebf-70f550d8f7ea,,,,,,,,,,,,,,,,,,,Frupica 50 WP,,,,,,Apis mellifera,,other:,dermal,,,mortality,,,act. ingr.,,,,,>,80.0,other:,µg/piece,,,LD50,,,,,,,other:,,Remarks: Contact toxicity.,,,799d75f5-834b-4b9c-b0f1-917d1b983be5,,,,,,,,,,,,,,,,,,,,
3608,3606,76290334-19e8-43dc-9db3-5b38b8144825,ENDPOINT_STUDY_RECORD.ToxicityToBees,d650b8b9-dcd0-4525-93a5-5d9a7e7bb41d,toxicity to bees: acute contact,,,8e1af3bc-fec6-44a3-9cd5-d7a366e349e4,Limit test: no; Species: Apis mellifera; Route: dermal; Exp. duration: 48.0 h,yes,no,"OECD Guideline 214 (Honeybees, Acute Contact Toxicity Test)",,according to guideline,f90f3598-8102-4621-85a1-323af70a8b2f,,,,,no,,,,,,,h,48.0,,,,,,,,,,,,Apis mellifera,,other:,dermal,,,mortality,,,,,,,,,0.22,other:,µg/piece,,,LD50,,,,,,,other:,,Remarks: Acute contact toxicity test,,,149edcc8-98aa-43fa-9162-dc792bd02a0c,,,,,,,,,,,,,,,,,,,,
3609,3607,0cda4c3f-337d-420f-b652-ad81450f1137,ENDPOINT_STUDY_RECORD.ToxicityToBees,478188d6-6562-4f91-835b-fd20f14714f4,toxicity to bees: acute oral,,,33fd193a-79f3-4890-93de-d0982594ddce,Species: Apis mellifera; Route: oral: unspecified,not specified,not specified,,,,f1f7ceb6-4036-4f40-87e8-b70731184401,,,,,,,,,,,,,,,,,,,Certosan (99.8% Blood meal),,,,,,Apis mellifera,,other:,oral: unspecified,,,mortality,,,,,,,,>,198.0,other:,µg/piece,,,LD50,,,,,,,other:,,Remarks: Acute oral toxicity,,,5c3241be-ca4c-4018-81b9-c72b6e9a0a47,,,,,,,,,,,,,,,,,,,,
3610,3608,7b72d701-624f-4acc-81b3-c9421ec4fa2e,ENDPOINT_STUDY_RECORD.ToxicityToBees,fefca5e1-4893-4a5a-a98d-71e9f22976ac,bee larval toxicity - chronic,,,22662941-d804-4db2-9a5e-01e32613d3a6,Species: Apis mellifera; Route: oral,,,,,,,,,,,,,,,,,,,,,,,,,,,,,,,Apis mellifera,,oral,,,,brood development,,,test mat.,,MCW-8927 (500 G clofentezine/L),,,,7.0,µg per larva,,,,ED10,,,,,,,,,,,,b9b275cf-2317-4ada-985a-aee66886c8fc,,,,,,,,,,,,,,,,,,,,
3611,3609,1a28b30b-edba-4dd2-9bad-c645139e0fe3,ENDPOINT_STUDY_RECORD.ToxicityToBees,0d79f0b8-1028-4485-97f0-86a6c9fa4d3a,toxicity to bees: acute oral,,,61ae3ccd-75ed-4f02-8875-c222a3476cee,Species: Apis mellifera; Route: oral: unspecified; Exp. duration: 48.0 h,not specified,not specified,,,,859c542d-5a47-46e9-a012-c07183fafc13,,,,,,,,,,,,h,48.0,,,,,,,,,,,,Apis mellifera,,other:,oral: unspecified,,,mortality,,,,,,,,>,97.2,other:,µg/piece,,,LD50,,,,,,,other:,,Remarks: Acute oral toxicity,,,5307d954-68ce-44cf-affd-868ba54d1c76,,,,,,,,,,,,,,,,,,,,
3612,3610,cd795257-d3cd-4d6e-885b-c998498cacf0,ENDPOINT_STUDY_RECORD.ToxicityToBees,ef78e964-29c6-4aa7-bb1e-05187e9b87dd,toxicity to bees: acute contact,,,c7629c1c-8502-4e40-9ed3-1dc4aef16957,Species: Apis mellifera; Route: dermal,not specified,not specified,,,,f7e046b8-6c1e-4c4b-8d80-786a88a0c73f,,,,,,,,,,,,,,,,,,,,,,,,,Apis mellifera,,other:,dermal,,,mortality,,,,,,,,>,200.0,other:,µg/piece,,,LD50,,,,,,,other:,,Remarks: Acute contact toxicity,,,6ea6d833-a082-463e-aa47-38b8f2b73392,,,,,,,,,,,,,,,,,,,,
3613,3611,56bcc92a-9bc0-4e8c-9a53-690e27ee4d42,ENDPOINT_STUDY_RECORD.ToxicityToBees,77509bc4-d66b-4660-8b86-e485d90475ab,toxicity to bees: acute contact,,,cc5ebae1-62dc-4feb-84a8-b3682839e429,Limit test: yes; Species: Apis mellifera; Route: dermal; Exp. duration: 48.0 h,yes,no,"OECD Guideline 214 (Honeybees, Acute Contact Toxicity Test)",,according to guideline,21afe2d8-e923-4f49-a3f0-1d15f86a59b6,,,,,yes,,,,,,,h,48.0,,,,,,,,,,,,Apis mellifera,,other:,dermal,,,mortality,,,,,,,,>,200.0,other:,µg/piece,,,LD50,,,,,,,other:,,Remarks: Acute contact toxicity test,,,8bfc4889-2f25-4a99-a10b-e9762940411c,,,,,,,,,,,,,,,,,,,,
3614,3612,77d9383a-a34d-4e08-ae08-f91adb77c2d1,ENDPOINT_STUDY_RECORD.ToxicityToBees,7e050a9a-6834-4ef8-a7a9-e8b230f20082,toxicity to bees: acute oral,,,7220e86c-692f-4e90-bf38-72de40d4a72e,,not specified,not specified,,,,4d4e382f-323e-489e-acfd-ba1bd07cdd48,,,,,,,,,,,,,,,,,,,Preparation (GF-1075),,,,,,Apis mellifera,,other:,oral: unspecified,,,mortality,,,act. ingr.,,,,,>,7.36,µg/bee,,,,LD50,,,,,,,,,,,,63fda000-a9a7-4870-82c9-cdcff887d6bc,,,,,,,,,,,,,,,,,,,,
3615,3613,15bdddcb-ea4d-44d7-9af5-dbbad48cb9cd,ENDPOINT_STUDY_RECORD.ToxicityToBees,279c3d11-8310-4707-af3e-c137a72cf6d8,toxicity to bees: chronic oral,,,abb5712d-4c49-4f46-aa45-5908af78aeb2,,not specified,not specified,,,,92c5081a-a2e9-4dfa-ae07-dd53c03cae2c,,,,,,,,,,,,d,10.0,,,,,,BAS 635 00 H,,,,,,Apis mellifera,,oral,,,,not specified,,,act. ingr.,,,,,,31.4,µg/bee per day,,,,ED10,,,,,,,,,,,,a2360e9b-b7ef-4216-bffa-a45b31c3a87c,,,,,,,,,,,,,,,,,,,,
3616,3614,15bdddcb-ea4d-44d7-9af5-dbbad48cb9cd,ENDPOINT_STUDY_RECORD.ToxicityToBees,279c3d11-8310-4707-af3e-c137a72cf6d8,toxicity to bees: chronic oral,,,abb5712d-4c49-4f46-aa45-5908af78aeb2,,not specified,not specified,,,,92c5081a-a2e9-4dfa-ae07-dd53c03cae2c,,,,,,,,,,,,d,10.0,,,,,,BAS 635 00 H,,,,,,Apis mellifera,,oral,,,,mortality,,,act. ingr.,,,,,,36.5,µg/bee per day,,,,LD50,,,,,,,,,,,,755221d8-1fec-4a74-beab-c1b8a0067837,,,,,,,,,,,,,,,,,,,,
3617,3615,15bdddcb-ea4d-44d7-9af5-dbbad48cb9cd,ENDPOINT_STUDY_RECORD.ToxicityToBees,279c3d11-8310-4707-af3e-c137a72cf6d8,toxicity to bees: chronic oral,,,abb5712d-4c49-4f46-aa45-5908af78aeb2,,not specified,not specified,,,,92c5081a-a2e9-4dfa-ae07-dd53c03cae2c,,,,,,,,,,,,d,10.0,,,,,,BAS 635 00 H,,,,,,Apis mellifera,,oral,,,,not specified,,,act. ingr.,,,,,,56.2,µg/bee per day,,,,other:,NOEC,,,,,,,,,,,ad69b45d-cdec-4952-97f8-68f862ec0b6c,,,,,,,,,,,,,,,,,,,,
3618,3616,76fea406-6344-4fe1-a170-e8f0367702e7,ENDPOINT_STUDY_RECORD.ToxicityToBees,c5ca90ae-6289-4101-aebb-19bad073d91c,toxicity to bees: acute contact,,,5a5177d0-6130-41ad-bcf6-613e7d23fb60,Species: Apis mellifera; Route: dermal,not specified,not specified,,,,468c4539-fe52-4f6e-9048-927523e074eb,,,,,,,,,,,,,,,,,,,,,,,,,Apis mellifera,,other:,dermal,,,mortality,,,,,,,,>,100.0,other:,µg/piece,,,LD50,,,,,,,,,,,,da27f4d4-ef70-443b-a1ce-573144008bf1,,,,,,,,,,,,,,,,,,,,
3619,3617,9d091959-9148-40c0-8aed-29999a73a012,ENDPOINT_STUDY_RECORD.ToxicityToBees,5bd50aa0-13b4-4994-907c-119bf1348482,toxicity to bees: acute oral,,,e469552f-3c2c-4327-8373-b831aa8e55a5,Species: Apis mellifera; Route: oral: unspecified,not specified,not specified,,,,355f9f71-7c60-4451-bda6-bf70f4c19277,,,,,,,,,,,,,,,,,,,,,,,,,Apis mellifera,,other:,oral: unspecified,,,mortality,,,,,,,,>,178.1,other:,µg/piece,,,LD50,,,,,,,,,,,,163db8e6-504c-4951-b608-39cb9773d5bf,,,,,,,,,,,,,,,,,,,,
3620,3618,9d091959-9148-40c0-8aed-29999a73a012,ENDPOINT_STUDY_RECORD.ToxicityToBees,5bd50aa0-13b4-4994-907c-119bf1348482,toxicity to bees: acute oral,,,8756ea66-3793-4903-9527-af1cda33ace4,Species: Apis mellifera; Route: oral: unspecified,not specified,not specified,,,,355f9f71-7c60-4451-bda6-bf70f4c19277,,,,,,,,,,,,,,,,,,,,,,,,,Apis mellifera,,other:,oral: unspecified,,,mortality,,,,,,,,>,178.1,other:,µg/piece,,,LD50,,,,,,,,,,,,163db8e6-504c-4951-b608-39cb9773d5bf,,,,,,,,,,,,,,,,,,,,
3621,3619,b7451df5-a7a0-42dd-92ca-32d99abdec28,ENDPOINT_STUDY_RECORD.ToxicityToBees,30e931a5-b31f-4dab-a919-dbf211924075,toxicity to bees: acute contact,,,d1dec5b0-a8fb-482d-b719-682b10119226,Limit test: no; Species: Apis mellifera; Route: dermal; Exp. duration: 48.0 h,yes,no,EPA OPP 141-1 (Honey Bee Acute Contact Toxicity),,according to guideline,3c1bf1fc-146f-4aa9-a79b-af633565352d,,,,,no,,,,,,,h,48.0,,,,,,,,,,,,Apis mellifera,,other:,dermal,,,mortality,,,,,,,,,1.21,other:,µg/piece,,,LD50,,,,,,,other:,,Remarks: Acute contact toxicity test,,,d5447ae2-f684-411a-b9c4-054e89b086dc,,,,,,,,,,,,,,,,,,,,
3622,3620,e81ec868-8fb0-4b50-a49a-c3837a8d765f,ENDPOINT_STUDY_RECORD.ToxicityToBees,3fed1e8b-f189-4e60-8936-afa79a604189,toxicity to bees: acute contact,,,5fc2529b-8c4c-4f94-bcd5-3251458e5eae,Limit test: yes; Species: Apis mellifera; Route: dermal; Exp. duration: 48.0 h,yes,no,"OECD Guideline 214 (Honeybees, Acute Contact Toxicity Test)",,according to guideline,8fbc1e62-8db1-4046-bffa-36972c06c545,,,,,yes,,,,,,,h,48.0,,,,,,,,,,,,Apis mellifera,,other:,dermal,,,mortality,,,,,,,,>,100.0,other:,µg/piece,,,LD50,,,,,,,other:,,Remarks: Acute contact toxicity,,,686bb376-a097-43a1-9ad2-8025b4defb9a,,,,,,,,,,,,,,,,,,,,
3623,3621,ca762758-f9e4-4a99-9778-93e6be4cf7a8,ENDPOINT_STUDY_RECORD.ToxicityToBees,482c0108-ff32-4e64-948e-9ec7d7a6a4ca,toxicity to bees: acute contact,,,34d107db-5d41-4db3-a48f-81c7cbb7efec,Species: Apis mellifera; Route: dermal; Exp. duration: 48.0 h,not specified,not specified,,,,29754b93-7e43-4069-bba4-9e3587ec1d2d,,,,,,,,,,,,h,48.0,,,,,,,,,,,,Apis mellifera,,other:,dermal,,,mortality,,,,,,,,>,100.0,other:,µg/piece,,,LD50,,,,,,,other:,,Remarks: Acute contact toxicity,,,7e23d5e0-610e-40d5-bc59-e50ffee37656,,,,,,,,,,,,,,,,,,,,
3624,3622,fd7f6536-915f-4f13-aaa9-93725103fe27,ENDPOINT_STUDY_RECORD.ToxicityToBees,b100ac12-743d-4259-adc9-ab309cf52ad4,toxicity to bees: acute contact,,,e3661b8e-d2ad-47a8-ba91-a40e0e92a509,Limit test: yes; Species: Apis mellifera; Route: dermal; Exp. duration: 48.0 h,yes,no,"OECD Guideline 214 (Honeybees, Acute Contact Toxicity Test)",,according to guideline,c4f46712-4826-4e6e-a74e-f09bde9411c4,,,,,yes,,,,,,,h,48.0,,,,,,,,,,,,Apis mellifera,,other:,dermal,,,mortality,,,,,,,,>,100.0,other:,µg/piece,,,LD50,,,,,,,other:,,Remarks: Acute contact toxicity,,,cd9192cd-8819-41d9-8e64-2dba887f2bff,,,,,,,,,,,,,,,,,,,,
3625,3623,6f557786-b124-4e15-b21a-3a9c63aef1ac,ENDPOINT_STUDY_RECORD.ToxicityToBees,6466c4e7-7266-4cfb-a0e4-49334015b293,toxicity to bees: chronic oral,,,1202bb4f-384d-4bf3-abf8-c1ab58e73d11,Species: Apis mellifera; Route: oral; Exp. duration: 10.0 d,,,,,,,,,,,,,,,,,,d,10.0,,,,,,,,,,,,Apis mellifera,,oral,,,,not specified,,,act. ingr.,,,,,,0.092,µg/bee per day,,,,NOED,,,,,,,,,,,,4de27b74-47be-4d7e-8c6b-bc18ac00a53d,,,,,,,,,,,,,,,,,,,,
3626,3624,80a3c52e-992b-479b-ad80-987f51a78146,ENDPOINT_STUDY_RECORD.ToxicityToBees,fefca5e1-4893-4a5a-a98d-71e9f22976ac,toxicity to bees: acute contact,,,cb4c03f5-cd4f-4d67-a9b5-64a52de21628,Species: Apis mellifera; Route: dermal; Exp. duration: 48.0 h,not specified,not specified,,,,e78b616e-5823-4423-94fa-d9afed3ab4d1,,,,,,,,,,,,h,48.0,,,,,,,,,,,,Apis mellifera,,other:,dermal,,,mortality,,,,,,,,>,84.5,other:,µg/piece,,,LD50,,,,,,,other:,,Remarks: Acute contact toxicity,,,a02061fa-62a3-4aae-bc7e-0986f0b87460,,,,,,,,,,,,,,,,,,,,
3627,3625,18885d8c-576a-4249-aceb-4377e5328fbc,ENDPOINT_STUDY_RECORD.ToxicityToBees,a8399645-cdd4-43cd-8d23-dd9dd781a96a,toxicity to bees: acute contact,,,97a7eddf-cc23-4ea2-b19d-6538771dde90,,not specified,not specified,,,,26ee7f57-15bb-4458-8b2c-80f2f240e883,,,,,,,,,,,,h,48.0,,,,,,A8207M,,,,,,Apis mellifera,,other:,dermal,,,mortality,,,act. ingr.,,,h,48.0,>,24.0,µg/bee,,,,LD50,,,,,,,,,,,,798fa6f0-5ce1-4884-9096-003813911d93,,,,,,,,,,,,,,,,,,,,
3628,3626,31cf56ae-c2f0-4b55-ad47-905e1cc696cf,ENDPOINT_STUDY_RECORD.ToxicityToBees,44b92abe-8a3c-43b3-9dd2-1d0dbd473dce,bee larval toxicity - chronic,,,34336a6d-4851-4221-b0e6-e2663561d4a5,Species: Apis mellifera; Route: oral,not specified,not specified,,,,9eb91b54-1594-46a3-bc4f-97baef8d76f3,,,,,,,,,,,,,,,,,,,,,,,,,Apis mellifera,,oral,,,,mortality,,,act. ingr.,,,,,,,µg per larva per day,,<,0.0035,other:,8-d NOED,,,,,,,,,,,7efcc876-5fcc-481e-bce8-d12b9cd18605,,,,,,,,,,,,,,,,,,,,
3629,3627,31cf56ae-c2f0-4b55-ad47-905e1cc696cf,ENDPOINT_STUDY_RECORD.ToxicityToBees,44b92abe-8a3c-43b3-9dd2-1d0dbd473dce,bee larval toxicity - chronic,,,a0ce5093-8a7f-4b19-9d75-539ed9f0c57f,Species: Apis mellifera; Route: oral,not specified,not specified,,,,9eb91b54-1594-46a3-bc4f-97baef8d76f3,,,,,,,,,,,,,,,,,,,,,,,,,Apis mellifera,,oral,,,,mortality,,,act. ingr.,,,,,,,µg per larva per day,,<,0.0035,other:,8-d NOED,,,,,,,,,,,7efcc876-5fcc-481e-bce8-d12b9cd18605,,,,,,,,,,,,,,,,,,,,
3630,3628,9612fc52-5695-433e-8e02-d4af4a8e3f06,ENDPOINT_STUDY_RECORD.ToxicityToBees,74793209-5072-4fb4-80fe-fe3911753d75,bee larval toxicity - acute,,,29b15275-4ac6-4f91-aacc-70c97f38f012,,not specified,not specified,,,,a2d42c15-15c3-4b45-ac23-ee012dff173a,,,,,,,,,,,,d,1.0,,,,,,,,,,,,Apis mellifera,,oral,,,,not specified,,,,,,,,,24.8,µg per larva,,,,NOED,,,,larva,,,,,,,,537efabd-3e63-4cf5-9060-f8f46e201ade,,,,,,,,,,,,,,,,,,,,
3631,3629,cc2fe60f-48ab-41b5-98c2-8fba6835ea59,ENDPOINT_STUDY_RECORD.ToxicityToBees,d9c10f72-1e93-44d3-9c5c-30fde26cf2e1,toxicity to bees: acute contact,,,5a1c325f-22a6-41bf-a3df-64caf9fbae13,Species: Apis mellifera; Route: dermal,not specified,not specified,,,,872c1a87-df99-48d0-9ea6-56a9b2ce91a3,,,,,,,,,,,,,,,,,,,,,,,,,Apis mellifera,,other:,dermal,,,mortality,,,,,,,,>,100.0,other:,µg/piece,,,LD50,,,,,,,,,,,,0b84fd7a-def1-4f63-81f9-697c584ec5b8,,,,,,,,,,,,,,,,,,,,
3632,3630,bab3fd43-4446-474e-a018-7ac46d41e6a3,ENDPOINT_STUDY_RECORD.ToxicityToBees,8b29bc03-cc0a-4ba2-ac9e-c3aa6a409757,bee larval toxicity - acute,,,df421e86-d1fa-48f8-8445-344ef78b1b3e,Species: Apis mellifera; Route: oral; Exp. duration: 1.0 d,not specified,not specified,,,,5202949e-dbd7-43e5-835d-a3e7a883c4cf,,,,,,,,,,,,d,1.0,,,,,,,,,,,,Apis mellifera,,oral,,,,not specified,,,act. ingr.,,,,,,49.6,µg/bee,,,,other:,7-d NOED,,,,,,,,,,,a221c49e-f6ad-495d-8d35-ae6b20883d6d,,,,,,,,,,,,,,,,,,,,
3633,3631,bab3fd43-4446-474e-a018-7ac46d41e6a3,ENDPOINT_STUDY_RECORD.ToxicityToBees,8b29bc03-cc0a-4ba2-ac9e-c3aa6a409757,bee larval toxicity - acute,,,e85276bc-9de7-4a61-b311-971e7137d8fb,Species: Apis mellifera; Route: oral; Exp. duration: 1.0 d,not specified,not specified,,,,5202949e-dbd7-43e5-835d-a3e7a883c4cf,,,,,,,,,,,,d,1.0,,,,,,,,,,,,Apis mellifera,,oral,,,,not specified,,,act. ingr.,,,,,,49.6,µg/bee,,,,other:,7-d NOED,,,,,,,,,,,a221c49e-f6ad-495d-8d35-ae6b20883d6d,,,,,,,,,,,,,,,,,,,,
3634,3632,92d32177-3079-4692-85fd-1a274b1a3c0d,ENDPOINT_STUDY_RECORD.ToxicityToBees,0048d075-d1f9-4b12-b806-c0e845a6f424,toxicity to bees: acute oral,,,9b2995b9-c35c-4ab9-84b0-7654eb4b596d,Species: Apis mellifera; Route: oral: unspecified; Exp. duration: 48.0 h,not specified,not specified,,,,5bb00e07-03aa-4a1a-8dd4-eceddc7412e7,,,,,,,,,,,,h,48.0,,,,,,Formulation: Actara (25.2 % thiamethoxam),,,,,,Apis mellifera,,other:,oral: unspecified,,,mortality,,,,,,,,,0.00631,other:,µg/piece,,,LD50,,,,,,,other:,,Remarks: Acute oral toxicity,,,ff826193-8160-427b-a9bd-df204e17dcba,,,,,,,,,,,,,,,,,,,,
3635,3633,8940c4a0-d72b-4bbb-bf14-93371cddfebd,ENDPOINT_STUDY_RECORD.ToxicityToBees,ef3431e8-8925-4d86-8f91-f4cea6192659,toxicity to bees: chronic oral,,,cd6b1bdf-e02a-4e7f-a1d7-ee1ffdb77fbf,,not specified,not specified,,,,465f6e6f-0a5e-433c-ad3a-3d4229109ac6,,,,,,,,,,,,d,10.0,,,,,,A9396G (960 g s-metolachlor/L; density: 1.11 g/cm³),,,,,,Apis mellifera,,oral,,,,not specified,,,test mat.,,,,,,7200.0,mg/kg bw,,,,other:,,LOEC,,,,,,,,,,fa28a286-c848-4f0d-853c-5bc82e7452b6,,,,,,,,,,,,,,,,,,,,
3636,3634,8940c4a0-d72b-4bbb-bf14-93371cddfebd,ENDPOINT_STUDY_RECORD.ToxicityToBees,ef3431e8-8925-4d86-8f91-f4cea6192659,toxicity to bees: chronic oral,,,cd6b1bdf-e02a-4e7f-a1d7-ee1ffdb77fbf,,not specified,not specified,,,,465f6e6f-0a5e-433c-ad3a-3d4229109ac6,,,,,,,,,,,,d,10.0,,,,,,A9396G (960 g s-metolachlor/L; density: 1.11 g/cm³),,,,,,Apis mellifera,,oral,,,,not specified,,,test mat.,,,,,,3600.0,other:,mg/kg,,,other:,,NOEC,,,,,,,,,,73c68526-b088-4a33-becd-4bf4e102a998,,,,,,,,,,,,,,,,,,,,
3637,3635,8940c4a0-d72b-4bbb-bf14-93371cddfebd,ENDPOINT_STUDY_RECORD.ToxicityToBees,ef3431e8-8925-4d86-8f91-f4cea6192659,toxicity to bees: chronic oral,,,cd6b1bdf-e02a-4e7f-a1d7-ee1ffdb77fbf,,not specified,not specified,,,,465f6e6f-0a5e-433c-ad3a-3d4229109ac6,,,,,,,,,,,,d,10.0,,,,,,A9396G (960 g s-metolachlor/L; density: 1.11 g/cm³),,,,,,Apis mellifera,,oral,,,,mortality,,,test mat.,,,,,,7247.0,other:,mg/kg,,,other:,,10-d LC50,,,,,,,,,,be956022-4af0-4b50-92b4-acbbabc612d3,,,,,,,,,,,,,,,,,,,,
3638,3636,8940c4a0-d72b-4bbb-bf14-93371cddfebd,ENDPOINT_STUDY_RECORD.ToxicityToBees,ef3431e8-8925-4d86-8f91-f4cea6192659,toxicity to bees: chronic oral,,,cd6b1bdf-e02a-4e7f-a1d7-ee1ffdb77fbf,,not specified,not specified,,,,465f6e6f-0a5e-433c-ad3a-3d4229109ac6,,,,,,,,,,,,d,10.0,,,,,,A9396G (960 g s-metolachlor/L; density: 1.11 g/cm³),,,,,,Apis mellifera,,oral,,,,mortality,,,test mat.,,,,,,150.0,µg per larva per day,,,,10-d LDD50,,,,,,,,,,,,77bc9c82-c9bb-4d60-b802-74e334c15770,,,,,,,,,,,,,,,,,,,,
3639,3637,13283054-7a20-4a54-9e80-1d01f2a356e7,ENDPOINT_STUDY_RECORD.ToxicityToBees,1d4b107f-5abe-4373-852f-a7b56316506d,bee larval toxicity - chronic,,,5f799b33-7491-4195-8159-cc2d7115d0fd,Species: Apis mellifera; Route: oral; Exp. duration: 4.0 d,,,,,,,,,,,,,,,,,,d,4.0,,,,,,,,,,,,Apis mellifera,,oral,,,,not specified,,,test mat.,,Pelargonic acid (tested as MON 74134),,,,9.0,µg per larva,,,,NOED,,,,,,,,,,,,42f53e19-6c21-4f35-9be1-42bddaa3230c,,,,,,,,,,,,,,,,,,,,
3640,3638,ce05c924-8006-438f-9009-1736e1fcad2a,ENDPOINT_STUDY_RECORD.ToxicityToBees,482c0108-ff32-4e64-948e-9ec7d7a6a4ca,"toxicity to bees: sublethal effects (reproduction, homing flight activity)",,,dbe7b197-9a8b-4353-8be1-ec6a707c0e16,,not specified,not specified,,,,465edb80-1511-4177-9a71-cf40a80a3216,,,,,,,,,,,,,,,,,,,,,,,,,Apis mellifera,,oral,,,,other:,,hypopharyngeal glands,,,,,,>=,84.79,µg/bee per day,,,,other:,,NOEDD,,,,,other:,,"Standardised and validated test guidelines covering the HPG development topic were neither available at the time of study performance, nor are they available at present. The endpoint should therefore be considered only as a preliminary result.",,,9e4d97b3-3111-4108-a6d7-6d8970be5059,,,,,,,,,,,,,,,,,,,,
3641,3639,f42367c0-83c3-4430-a5dc-a100b185f662,ENDPOINT_STUDY_RECORD.ToxicityToBees,d7a2bbf7-7f38-48de-a2eb-ed2e68ed53fd,toxicity to bees: acute contact,,,ee07d882-0565-4e91-914a-9f3b74e9749d,,not specified,not specified,,,,db3ba244-eeb3-4280-b5e8-ab8c5b1bad5a,,,,,,,,,,,,h,48.0,,,,,,SOKALCIARBO WP,,,,,,Apis mellifera,,,,,,mortality,,,act. ingr.,,,h,48.0,>,500.0,µg/bee,,,,LD50,,,,,,,,,,,,07d2889a-d36c-41cf-8874-59998bfdc8b2,,,,,,,,,,,,,,,,,,,,
3642,3640,c6988d7f-efd2-4b11-92f4-6013d9cbcd05,ENDPOINT_STUDY_RECORD.ToxicityToBees,08f48a80-5a93-4d58-8542-d426ad2c7678,toxicity to bees: acute contact,,,ae321303-c312-4d39-a423-261ce62f54a0,Species: Apis mellifera; Route: dermal; Exp. duration: 48.0 h,not specified,not specified,,,,1ab41771-a988-457e-b6e2-47ba0e6d526f,,,,,,,,,,,,h,48.0,,,,,,FYF 440 EW,,,,,,Apis mellifera,,other:,dermal,,,mortality,,,,,,,,,0.16,other:,µg/piece,,,LD50,,,,,,,other:,,Remarks: Acute contact toxicity,,,1644d4b3-1225-40e1-9975-b474081f4fc6,,,,,,,,,,,,,,,,,,,,
3643,3641,34eab289-fc31-44d4-b4d7-4aa28ddacb79,ENDPOINT_STUDY_RECORD.ToxicityToBees,d937f903-9e5f-4fea-bb4b-93b44ff2e118,toxicity to bees: acute contact,,,0cd6f53f-874a-4d3d-afee-709ff595a562,,not specified,not specified,,,,c4158e58-060e-4c10-a9e8-6a954985fc2a,,,,,,,,,,,,,,,,,,,,,,,,,Apis mellifera,,other:,dermal,,,mortality,,,,,,,,>,100.0,µg/bee,,,,LD50,,,,,,,,,,,,46555476-5026-45d4-9749-166034298006,,,,,,,,,,,,,,,,,,,,
3644,3642,31ca24e0-9e6e-4394-8df5-ffd143b06c7d,ENDPOINT_STUDY_RECORD.ToxicityToBees,b3ce8b60-2c19-45c6-b6ab-3612b5c56381,toxicity to bees: acute oral,,,bf653c29-13d8-43d5-b2ed-fb409206684e,Species: Apis mellifera; Route: oral: unspecified; Exp. duration: 48.0 h,not specified,not specified,,,,94406e71-f537-4fe0-9c94-39db574e6340,,,,,,,,,,,,h,48.0,,,,,,,,,,,,Apis mellifera,,other:,oral: unspecified,,,mortality,,,,,,,,>,72.19,other:,µg/piece,,,LD50,,,,,,,other:,,Remarks: Acute oral toxicity,,,26e9a201-e81d-4fbc-bcf1-1264ac56abf1,,,,,,,,,,,,,,,,,,,,
3645,3643,aca034f6-c4ac-4a7e-953e-b14218ad18e6,ENDPOINT_STUDY_RECORD.ToxicityToBees,ef78e964-29c6-4aa7-bb1e-05187e9b87dd,toxicity to bees: acute oral,,,c7629c1c-8502-4e40-9ed3-1dc4aef16957,Species: Apis mellifera; Route: oral: unspecified,not specified,not specified,,,,6a0115f4-d492-48dc-9c78-511118c18687,,,,,,,,,,,,,,,,,,,,,,,,,Apis mellifera,,other:,oral: unspecified,,,mortality,,,,,,,,>,224.6,other:,µg/piece,,,other:,LC50,,,,,,other:,,Remarks: Acute oral toxicity,,,a0878f4d-aae8-4ee9-83d5-5c90b2908556,,,,,,,,,,,,,,,,,,,,
3646,3644,a580dcd2-117b-44c2-b0bd-c5a16ffa2e1e,ENDPOINT_STUDY_RECORD.ToxicityToBees,ecf91ea7-3787-4eda-bd2a-e3a06ab450f1,toxicity to bees: acute oral,,,9455a829-d440-489a-bc7c-867cae929069,Species: Apis mellifera; Route: oral: unspecified; Exp. duration: 48.0 h,not specified,not specified,,,,2854abd3-dd87-4f4b-b6ce-920a268a7b1d,,,,,,,,,,,,h,48.0,,,,,,Terbuthylazine-syngenta,,,,,,Apis mellifera,,other:,oral: unspecified,,,mortality,,,,,,,,>,22.6,other:,µg/piece,,,LD50,,,,,,,other:,,Remarks: Acute oral toxicity,,,0d229471-a81a-4a95-9dcd-fe6b141c27fa,,,,,,,,,,,,,,,,,,,,
3647,3645,3b6f891d-d87a-4362-b69f-ea83369dfd58,ENDPOINT_STUDY_RECORD.ToxicityToBees,0b946696-7252-4ee0-b75f-2b3367534f88,"toxicity to bees: sublethal effects (reproduction, homing flight activity)",,,59a8521c-03f6-4298-b59e-228f05cd592c,Species: Apis mellifera; Route: oral,,,,,,,,,,,,,,,,,,,,,,,,,,,,,,,Apis mellifera,,oral,,,,other:,Hypopharyngeal glands,,act. ingr.,,,,,,11.356,µg/bee per day,,,,other:,NOEC,,,,,,other:,,Remarks: The toxicity value is reported as active substance.,,,2578a05c-8f24-4778-a31c-081e609f6bba,,,,,,,,,,,,,,,,,,,,
3648,3646,e178911c-e4cc-46be-be3b-eea647251c0c,ENDPOINT_STUDY_RECORD.ToxicityToBees,8addae44-b7c1-4926-926a-9dcb77eeb92d,toxicity to bees: acute contact,,,dfd687d3-0fdd-4af1-82b2-810e93d86aa1,Species: Apis mellifera; Route: dermal,not specified,not specified,,,,88f45349-800c-41a1-b38d-038dfce4470e,,,,,,,,,,,,,,,,,,,,,,,,,Apis mellifera,,other:,dermal,,,mortality,,,,,,,,>,100.0,other:,µg/piece,,,LD50,,,,,,,other:,,Remarks: Acute contact toxicity,,,12a961d7-4a64-4796-9f75-d8e62a6aafa3,,,,,,,,,,,,,,,,,,,,
3649,3647,a491ceb6-79f3-4a69-a734-5f5a4ee8a61b,ENDPOINT_STUDY_RECORD.ToxicityToBees,038204e8-9bd2-45e3-9906-c15a95c8f8e8,bee larval toxicity - acute,,,538469c1-e659-4908-b004-1ca9ad2ceda5,Species: Apis mellifera; Route: oral; Exp. duration: 1.0 d,,,,,,,,,,,,,,,,,,d,1.0,,,,,,,,,,,,Apis mellifera,,oral,,,,not specified,,,act. ingr.,,,,,,25.0,µg per larva per developmental period,,,,other:,72-h NOEL,,,,,,other:,,Remarks: Single oral exposure,,,08300fcd-5133-4d36-b165-90307ead5647,,,,,,,,,,,,,,,,,,,,
3650,3648,d73044bc-1e00-4363-95e8-6afcc1525570,ENDPOINT_STUDY_RECORD.ToxicityToBees,4c33f8e7-c9f4-4f77-8591-0baf4febfddd,toxicity to bees: chronic oral,,,e469552f-3c2c-4327-8373-b831aa8e55a5,Species: Apis mellifera; Route: oral; Exp. duration: 10.0 d,not specified,not specified,,,,1c5123c2-6f42-4508-9244-461332511b6d,,,,,,,,,,,,d,10.0,,,,,,,,,,,,Apis mellifera,,oral,,,,mortality,,,act. ingr.,,,,,,33.7,µg/bee per day,,,,other:,10-d LDD10,,,,,,,,,,,39411833-8963-4e50-85d6-5aa76760c119,,,,,,,,,,,,,,,,,,,,
3651,3649,d73044bc-1e00-4363-95e8-6afcc1525570,ENDPOINT_STUDY_RECORD.ToxicityToBees,4c33f8e7-c9f4-4f77-8591-0baf4febfddd,toxicity to bees: chronic oral,,,8756ea66-3793-4903-9527-af1cda33ace4,Species: Apis mellifera; Route: oral; Exp. duration: 10.0 d,not specified,not specified,,,,1c5123c2-6f42-4508-9244-461332511b6d,,,,,,,,,,,,d,10.0,,,,,,,,,,,,Apis mellifera,,oral,,,,mortality,,,act. ingr.,,,,,,33.7,µg/bee per day,,,,other:,10-d LDD10,,,,,,,,,,,39411833-8963-4e50-85d6-5aa76760c119,,,,,,,,,,,,,,,,,,,,
3652,3650,3cce625a-a869-4d23-a16d-33f226858f81,ENDPOINT_STUDY_RECORD.ToxicityToBees,c90eaed4-2c33-4368-8ac2-de5debab91a9,toxicity to bees: acute oral,,,684f385a-9a4d-43a4-8064-54d1c4f505b8,Species: Apis mellifera; Route: oral: unspecified,not specified,not specified,,,,7907846e-db3c-4af1-94b0-cafb61e81a2a,,,,,,,,,,,,,,,,,,,Preparation: ATOIAB03,,,,,,Apis mellifera,,other:,oral: unspecified,,,mortality,,,,,,,,,0.05,other:,µg/piece,,,LD50,,,,,,,other:,,Remarks: Acute oral toxicity,,,b9171ec6-cdce-4813-8649-3f1dffbaa21c,,,,,,,,,,,,,,,,,,,,
3653,3651,4b373501-2333-4bd2-aede-94fb3a2aa15e,ENDPOINT_STUDY_RECORD.ToxicityToBees,f43d2a5a-eb01-4b55-8cfa-38594f48878f,toxicity to bees: acute oral,,,05dbd7d1-259d-493d-990e-87306d388d94,Limit test: no; Species: Apis mellifera; Route: oral: unspecified; Exp. duration: 48.0 h,no,no,other:,OTHER GUIDELINE,according to guideline,261abebb-70c8-460b-9e92-8c75ce5e039e,,,,,no,,,,,,,h,48.0,,,,,,,,,,,,Apis mellifera,,other:,oral: unspecified,,,mortality,,,,,,,,>,35.1,other:,µg/piece,,,LD50,,,,,,,other:,,"Remarks: Acute oral toxicity. Guideline: Bee-oral toxicity test, working document D3 of the U.K. official pesticides safety precautions scheme.",,,c4e59b76-212a-4c69-89bd-b5ab30607582,,,,,,,,,,,,,,,,,,,,
3654,3652,164a5be4-574e-4d38-ad88-d96a85b7d4a1,ENDPOINT_STUDY_RECORD.ToxicityToBees,482c0108-ff32-4e64-948e-9ec7d7a6a4ca,toxicity to bees: chronic oral,,,dbe7b197-9a8b-4353-8be1-ec6a707c0e16,,not specified,not specified,,,,3fdb0801-0cd8-43d1-8e84-b27756110d24,,,,,,,,,,,,d,10.0,,,,,,,,,,,,Apis mellifera,,oral,,,,mortality,,,,,,,,>,40.46,µg/bee per day,,,,10-d LDD50,,,,,,,,,,,,f0fcbc56-6840-4a7a-b47a-6a2adcd0a36d,,,,,,,,,,,,,,,,,,,,
3655,3653,b7de5302-99d8-4768-9039-ddf2dc16d8e8,ENDPOINT_STUDY_RECORD.ToxicityToBees,26246f78-5f73-4531-a704-6dc8d4a54226,toxicity to bees: acute contact,,,6ab89900-a684-4414-8539-d2f79c9f5a49,Species: Apis mellifera; Route: dermal,not specified,not specified,,,,79c49c76-7be7-4e78-8019-ac103a9b2570,,,,,,,,,,,,,,,,,,,Propyzamide formulation: GF-1197,,,,,,Apis mellifera,,other:,dermal,,,mortality,,,,,,,,>,100.0,other:,µg/piece,,,LD50,,,,,,,other:,,Remarks: The effect level is based on the active substance,,,0a2cc7ed-5765-4760-98fb-c4acf55e0036,,,,,,,,,,,,,,,,,,,,
3656,3654,2ebab764-39f8-484e-a711-1a5312cadada,ENDPOINT_STUDY_RECORD.ToxicityToBees,3f0a27bd-484f-43df-8934-fb312d1f261e,toxicity to bees: chronic oral,,,8b11331d-2cac-471b-83a4-0fabb00b5f86,Species: Apis mellifera; Route: oral; Exp. duration: 10.0 d,,,,,,,,,,,,,,,,,,d,10.0,,,,,,,,,,,,Apis mellifera,,oral,,,,not specified,,,test mat.,,Carfentrazone-ethyl 60 ME/EO,,,,2000.0,other:,µg/L,,,other:,NOEC,,,,,,other:,,Remarks: 0.7575 μg a.s./bee,,,8aea63d4-0671-4158-8b63-fab2addb9bb0,,,,,,,,,,,,,,,,,,,,
3657,3655,617dc740-9b22-43b3-9bc7-01806cc43e6e,ENDPOINT_STUDY_RECORD.ToxicityToBees,9360cc08-4989-46f8-9444-84d5a28eaec0,toxicity to bees: chronic oral,,,671fa278-7ead-4b87-893f-589ee5358bca,,not specified,not specified,,,,7fced41f-2d0b-4901-8c48-150b09ee812e,,,,,,,,,,,,,,,,,,,BAS 098 00 W,,,,,,Apis mellifera,,oral,,,,mortality,,,,,,,,,165.0,µg/bee per day,,,,10-d LDD50,,,,,,,other:,,Endpoint expressed in terms of total active mepiquat chloride and ethephon (i.e. based on the sum of mepiquat chloride and ethephon). 10 d LDD50 = 390 Î¼g f.p./bee/day,,,2299417b-c9f1-49dc-af9a-b4fc1422bd67,,,,,,,,,,,,,,,,,,,,
3658,3656,d198dcb2-99a1-4420-8de4-6a9285e762b6,ENDPOINT_STUDY_RECORD.ToxicityToBees,8addae44-b7c1-4926-926a-9dcb77eeb92d,toxicity to bees: acute oral,,,dfd687d3-0fdd-4af1-82b2-810e93d86aa1,Species: Apis mellifera; Route: oral: unspecified,not specified,not specified,,,,180dfee2-5425-4cd2-b02e-bc9a3b67fe3e,,,,,,,,,,,,,,,,,,,,,,,,,Apis mellifera,,other:,oral: unspecified,,,mortality,,,,,,,,>,109.8,other:,µg/piece,,,LD50,,,,,,,other:,,Remarks: Acute oral toxicity,,,93c29844-e47c-4af2-bde1-d7ba99b6bc05,,,,,,,,,,,,,,,,,,,,
3659,3657,8b7e6ab3-449e-42d8-a4da-0f982ba48ee9,ENDPOINT_STUDY_RECORD.ToxicityToBees,1019525d-b354-4e83-aea7-07c556ecf4b2,toxicity to bees: acute oral,,,4ff94fc5-e09e-4bf4-b28b-59e25bbd4f9f,Species: Apis mellifera; Route: oral: unspecified,not specified,not specified,,,,ec681bfc-c4cd-42ff-a2ca-02fd118a0aea,,,,,,,,,,,,,,,,,,,,,,,,,Apis mellifera,,other:,oral: unspecified,,,mortality,,,,,,,,,30.9,other:,µg/piece,,,LD50,,,,,,,other:,,Remarks: Acute oral toxicity,,,1238bb3d-6f30-4fab-a536-e10b51f1ec54,,,,,,,,,,,,,,,,,,,,
3660,3658,288e8250-8f94-4796-b7e6-5dd2d2c09f1a,ENDPOINT_STUDY_RECORD.ToxicityToBees,952c623f-e486-4356-b16d-fb050a570bd1,toxicity to bees: acute contact,,,b782d9de-dda8-4afe-9afe-f2e747c36f9d,Limit test: no; Species: Apis mellifera; Route: dermal; Exp. duration: 48.0 h,yes,no,"OECD Guideline 214 (Honeybees, Acute Contact Toxicity Test)",,according to guideline,deb6a8a0-448b-4887-a536-31461064ce62,,,,,no,,,,,,,h,48.0,,,,,,,,,,,,Apis mellifera,,other:,dermal,,,mortality,,,,,,,,,12.0,other:,µg/piece,,,LD50,,,,,,,other:,,Remarks: Acute contact toxicity test,,,70806912-3a20-4f4c-8d13-fadbdc7a06eb,,,,,,,,,,,,,,,,,,,,
3661,3659,d92a1998-6752-4c6f-99ba-871a0a2568df,ENDPOINT_STUDY_RECORD.ToxicityToBees,4d80d3a2-6a28-477d-9930-f94dd787e2a3,toxicity to bees: acute contact,,,0700e8c9-94a8-4416-bc73-7edda496b8e8,Species: Apis mellifera; Route: dermal; Exp. duration: 48.0 h,not specified,not specified,,,,a40bdb13-71e9-4664-98a0-dff0bbe015f9,,,,,,,,,,,,h,48.0,,,,,,,,,,,,Apis mellifera,,other:,dermal,,,mortality,,,,,,,,>,200.0,other:,µg/piece,,,LD50,,,,,,,other:,,Remarks: Acute contact toxicity,,,f81111cc-36f5-43f5-9faa-e66df0c1c4d6,,,,,,,,,,,,,,,,,,,,
3662,3660,e4dc14e6-5b33-495d-80d5-c38569a556dc,ENDPOINT_STUDY_RECORD.ToxicityToBees,9cae35df-6df6-42da-b294-dfed40c4858b,toxicity to bees: acute oral,,,5ae37bf5-a18c-4d9c-8903-1ba4a211eebd,Species: Apis mellifera; Route: oral: unspecified,not specified,not specified,,,,321c106d-60b7-4007-8110-eb19a610dd66,,,,,,,,,,,,,,,,,,,,,,,,,Apis mellifera,,other:,oral: unspecified,,,mortality,,,,,,,,>,200.0,other:,µg/piece,,,LD50,,,,,,,other:,,"Remarks: Endpoint included in the Review Report for etoxazole, 2004 (SANCO/4054/2001 - rev.3).",,,8bd21d41-8373-44e2-b24e-f566d6a46410,,,,,,,,,,,,,,,,,,,,
3663,3661,621efe93-b9cf-4b81-8195-fb44a9b553b8,ENDPOINT_STUDY_RECORD.ToxicityToBees,ada83603-7ac0-4605-b40e-2be02acf0dd2,toxicity to bees: acute oral,,,b5acb832-a21d-4f48-91a8-a586136a0671,Species: Apis mellifera; Route: oral: unspecified; Exp. duration: 48.0 h,not specified,not specified,,,,c450ea1d-607f-4a96-a1a8-a94c66ab12e6,,,,,,,,,,,,h,48.0,,,,,,Silthiofam's formulation: MON 65557,,,,,,Apis mellifera,,other:,oral: unspecified,,,mortality,,,,,,,,>,105.7,other:,µg/piece,,,LD50,,,,,,,other:,,"Remarks: Oral toxicity, the effect level is based on the active substance",,,49ff012d-00b0-429b-95a3-ecccc1c36db9,,,,,,,,,,,,,,,,,,,,
3664,3662,4dba15bf-0b4e-4bd0-a7d6-ca6f33275281,ENDPOINT_STUDY_RECORD.ToxicityToBees,ef3431e8-8925-4d86-8f91-f4cea6192659,bee larval toxicity - chronic,,,cd6b1bdf-e02a-4e7f-a1d7-ee1ffdb77fbf,,not specified,not specified,,,,003d8d48-2179-422c-9051-590247ba4266,,,,,,,,,,,,,,,,,,,A9396G (960 g s-metolachlor/L; density: 1.11 g/cm³),,,,,,Apis mellifera,,oral,,,,not specified,,,act. ingr.,,,,,,44.8,µg per larva,,,,other:,,NOEC,,larva,,,other:,,290.9 mg a.s./kg diet (equivalent to a cumulative dose of 44.8 μg a.s./larva),,,cf08dcc5-0f0e-4ebb-ab92-817a3a9d572f,,,,,,,,,,,,,,,,,,,,
3665,3663,4dba15bf-0b4e-4bd0-a7d6-ca6f33275281,ENDPOINT_STUDY_RECORD.ToxicityToBees,ef3431e8-8925-4d86-8f91-f4cea6192659,bee larval toxicity - chronic,,,cd6b1bdf-e02a-4e7f-a1d7-ee1ffdb77fbf,,not specified,not specified,,,,003d8d48-2179-422c-9051-590247ba4266,,,,,,,,,,,,,,,,,,,A9396G (960 g s-metolachlor/L; density: 1.11 g/cm³),,,,,,Apis mellifera,,oral,,,,mortality,,,act. ingr.,,,,,,191.9,µg per larva,,,,other:,,8-d LD50,,larva,,,,,,,,6bda335c-fdb4-4289-b30e-8fa6e8cd2435,,,,,,,,,,,,,,,,,,,,
3666,3664,596f405b-cdae-49f0-b0d4-b572883e2575,ENDPOINT_STUDY_RECORD.ToxicityToBees,fe5d3bbc-b71a-4c8c-9582-5a8f4430c64e,toxicity to bees: acute oral,,,d039f12a-4f09-4b3a-b6b5-f98fc4a85cfe,Species: Apis mellifera; Route: oral: unspecified,not specified,not specified,,,,4b4e797b-88fe-49f7-88ad-7757c7515e3f,,,,,,,,,,,,,,,,,,,Codling moth pheromone,,,,,,Apis mellifera,,other:,oral: unspecified,,,mortality,,,,,,,,>,85.0,other:,µg/piece,,,LD50,,,,,,,,,,,,bc07b81b-42bc-4981-b565-6a962751302f,,,,,,,,,,,,,,,,,,,,
3667,3665,d490af4b-3122-440e-9273-b1fdc47ce2d0,ENDPOINT_STUDY_RECORD.ToxicityToBees,6466c4e7-7266-4cfb-a0e4-49334015b293,toxicity to bees: chronic oral,,,839e7251-5fd6-4b8e-bea4-ca09c56be1a4,Species: Apis mellifera; Route: oral; Exp. duration: 10.0 d,,,,,,,,,,,,,,,,,,d,10.0,,,,,,,,,,,,Apis mellifera,,oral,,,,not specified,,,act. ingr.,,,,,,0.092,µg/bee per day,,,,NOED,,,,,,,,,,,,ac28d19e-514f-47a4-bd13-c2a46984c7b7,,,,,,,,,,,,,,,,,,,,
3668,3666,74247cbd-b906-4d09-8fbe-c0a9c36fdcbb,ENDPOINT_STUDY_RECORD.ToxicityToBees,bb690a66-8a05-434f-9492-b64714abdd5a,toxicity to bees: acute contact,,,317a7bf0-b2ac-4c6b-8dc3-8b1806c0ad62,Species: Apis mellifera; Route: dermal,not specified,not specified,,,,653dd5ef-58b7-4cd8-b0a8-6014a633005e,,,,,,,,,,,,,,,,,,,,,,,,,Apis mellifera,,other:,dermal,,,mortality,,,,,,,,>,82.5,other:,µg/piece,,,LD50,,,,,,,,,,,,5a71a155-9e36-4791-b5e2-8d408a04e026,,,,,,,,,,,,,,,,,,,,
3669,3667,f3d79241-6313-4d20-b5f7-47ad4d4063ba,ENDPOINT_STUDY_RECORD.ToxicityToBees,787941e1-7ebd-4a3c-a3d5-748af40a1934,toxicity to bees: acute oral,,,3969a60b-66a6-43f0-8ea9-56850b5b3d27,Species: Apis mellifera; Route: oral: unspecified,not specified,not specified,,,,d1d56606-0bb7-4df1-bd02-0cca4e65118d,,,,,,,,,,,,,,,,,,,Propineb WG 70,,,,,,Apis mellifera,,other:,oral: unspecified,,,mortality,,,,,,,,>,100.0,other:,µg/piece,,,LD50,,,,,,,,,,,,c271037c-a6c5-4b2f-8d07-7cfa000bb9eb,,,,,,,,,,,,,,,,,,,,
3670,3668,23e6a7e3-72ab-4c93-9da2-34f7b424c028,ENDPOINT_STUDY_RECORD.ToxicityToBees,756eaf96-3d1b-4450-bb36-9ae1c0711766,toxicity to bees: acute contact,,,66a7a3b3-eca2-4839-bb1b-9b24e965fb0d,Species: Apis mellifera; Route: dermal,not specified,not specified,,,,87b7a744-33b5-46e5-b19b-b9583c02fd0f,,,,,,,,,,,,,,,,,,,,,,,,,Apis mellifera,,other:,dermal,,,mortality,,,,,,,,>,201.0,other:,µg/piece,,,LD50,,,,,,,,,,,,d9487a9a-2dba-47ef-a319-c5e42e403cac,,,,,,,,,,,,,,,,,,,,
3671,3669,f073e6e7-14f3-43b1-a502-ce7239a884ca,ENDPOINT_STUDY_RECORD.ToxicityToBees,78d324b8-380d-4e33-9ced-7dd253dbc830,toxicity to bees: acute oral,,,38cf1654-054d-4bb8-8866-d6a1aa83bc60,Species: Apis mellifera; Route: oral: unspecified,not specified,not specified,,,,846ff4ab-8dd0-4ea2-9dde-412db9149bef,,,,,,,,,,,,,,,,,,,Topsin M 500 SC,,,,,,Apis mellifera,,other:,oral: unspecified,,,mortality,,,,,,,,,114.7,other:,µg/piece,,,LD50,,,,,,,other:,,Remarks: LD50=114.7 microg a.s./bee,,,b111f07f-946f-4de0-95d2-9cde2c754c7b,,,,,,,,,,,,,,,,,,,,
3672,3670,a4fdb339-8e12-4062-9cc1-05efd16c8b21,ENDPOINT_STUDY_RECORD.ToxicityToBees,4c33f8e7-c9f4-4f77-8591-0baf4febfddd,bee larval toxicity - acute,,,e469552f-3c2c-4327-8373-b831aa8e55a5,Species: Apis mellifera; Route: oral; Exp. duration: 1.0 d,not specified,not specified,,,,67a23b36-db5f-4dc0-b579-897c8badd476,,,,,,,,,,,,d,1.0,,,,,,,,,,,,Apis mellifera,,oral,,,,not specified,,,act. ingr.,,,,,,6.7,µg per larva per developmental period,,,,other:,NOEL,,,,,,,,,,,26d3183d-89cf-4f84-898c-cdc38c506572,,,,,,,,,,,,,,,,,,,,
3673,3671,a4fdb339-8e12-4062-9cc1-05efd16c8b21,ENDPOINT_STUDY_RECORD.ToxicityToBees,4c33f8e7-c9f4-4f77-8591-0baf4febfddd,bee larval toxicity - acute,,,8756ea66-3793-4903-9527-af1cda33ace4,Species: Apis mellifera; Route: oral; Exp. duration: 1.0 d,not specified,not specified,,,,67a23b36-db5f-4dc0-b579-897c8badd476,,,,,,,,,,,,d,1.0,,,,,,,,,,,,Apis mellifera,,oral,,,,not specified,,,act. ingr.,,,,,,6.7,µg per larva per developmental period,,,,other:,NOEL,,,,,,,,,,,26d3183d-89cf-4f84-898c-cdc38c506572,,,,,,,,,,,,,,,,,,,,
3674,3672,81daf6dc-ce8e-4c7f-acb0-42b0ef89a7ec,ENDPOINT_STUDY_RECORD.ToxicityToBees,46e2ff80-2881-4eeb-879d-4587034a2a29,toxicity to bees: acute oral,,,ff9b83f6-f737-4211-bf54-2e1a6451f222,Species: Apis mellifera; Route: oral: unspecified; Exp. duration: 48.0 h,not specified,not specified,,,,a4602fc1-bba3-43b8-aea9-27d6e3e08f7f,,,,,,,,,,,,h,48.0,,,,,,,,,,,,Apis mellifera,,other:,oral: unspecified,,,mortality,,,,,,,,>,100.0,other:,µg/piece,,,LD50,,,,,,,other:,,Remarks: oral and contact,,,e2a9a60e-4c88-4c6b-ab66-c95db448442c,,,,,,,,,,,,,,,,,,,,
3675,3673,43d424fb-147b-4e6e-8a59-0f96a9deff3d,ENDPOINT_STUDY_RECORD.ToxicityToBees,4c33f8e7-c9f4-4f77-8591-0baf4febfddd,toxicity to bees: chronic oral,,,e469552f-3c2c-4327-8373-b831aa8e55a5,Species: Apis mellifera; Route: oral; Exp. duration: 10.0 d,not specified,not specified,,,,7e101003-f2c0-4445-a0c4-552a697bd102,,,,,,,,,,,,d,10.0,,,,,,,,,,,,Apis mellifera,,oral,,,,mortality,,,test mat.,,Dichlorprop-P K 600 SL,,,,41.3,µg/bee per day,,,,other:,10-d LDD20,,,,,,,,,,,c61af8c4-8092-4db9-8998-b373620c3c49,,,,,,,,,,,,,,,,,,,,
3676,3674,43d424fb-147b-4e6e-8a59-0f96a9deff3d,ENDPOINT_STUDY_RECORD.ToxicityToBees,4c33f8e7-c9f4-4f77-8591-0baf4febfddd,toxicity to bees: chronic oral,,,8756ea66-3793-4903-9527-af1cda33ace4,Species: Apis mellifera; Route: oral; Exp. duration: 10.0 d,not specified,not specified,,,,7e101003-f2c0-4445-a0c4-552a697bd102,,,,,,,,,,,,d,10.0,,,,,,,,,,,,Apis mellifera,,oral,,,,mortality,,,test mat.,,Dichlorprop-P K 600 SL,,,,41.3,µg/bee per day,,,,other:,10-d LDD20,,,,,,,,,,,c61af8c4-8092-4db9-8998-b373620c3c49,,,,,,,,,,,,,,,,,,,,
3677,3675,1050cd57-30b6-4598-9bf0-a379149b5584,ENDPOINT_STUDY_RECORD.ToxicityToBees,ec4fd598-ee5c-430e-b1a0-12eba212590e,toxicity to bees: acute contact,,,c0d56cd0-1d67-4061-a8e9-1154c68e94b1,Species: Apis mellifera; Route: dermal,not specified,not specified,,,,c24ee13f-c584-47b0-bf65-e2eb10804727,,,,,,,,,,,,,,,,,,,,,,,,,Apis mellifera,,other:,dermal,,,mortality,,,,,,,,>,100.0,other:,µg/piece,,,LD50,,,,,,,other:,,Remarks: Contact toxicity,,,6b964be2-bb57-4ba4-818b-697997181a7e,,,,,,,,,,,,,,,,,,,,
3678,3676,638e1c9d-9038-4ada-b1b5-22854d37df94,ENDPOINT_STUDY_RECORD.ToxicityToBees,74334cf4-659a-4dba-ba70-3baa87306383,toxicity to bees: acute contact,,,8067d5c9-daed-4299-8f77-48b984aff1e7,Species: Apis mellifera; Route: dermal; Exp. duration: 48.0 h,not specified,not specified,,,,a16dc4c0-32ee-487a-81f7-c59ca9019979,,,,,,,,,,,,h,48.0,,,,,,,,,,,,Apis mellifera,,other:,dermal,,,mortality,,,,,,,,>,200.0,other:,µg/piece,,,LD50,,,,,,,,,,,,e3a34edf-19c6-4640-a7ba-436ce6e98461,,,,,,,,,,,,,,,,,,,,
3679,3677,2bddab5c-efd1-4f50-9cd4-2f10c06d0997,ENDPOINT_STUDY_RECORD.ToxicityToBees,acee2690-568d-4050-9aae-cf3467956a0c,bee larval toxicity - acute,,,66a7a3b3-eca2-4839-bb1b-9b24e965fb0d,Species: Apis mellifera; Route: oral; Exp. duration: 1.0 d,,,,,,,,,,,,,,,,,,d,1.0,,,,,,,,,,,,Apis mellifera,,oral,,,,mortality,,,act. ingr.,,,,,,59.48,µg per larva,,,,LD50,,,,,,,,,,,,5b903c0d-91d6-481c-9f3f-0ba83c698cde,,,,,,,,,,,,,,,,,,,,
3680,3678,638d8703-949c-446d-8328-9aedf64ee5ae,ENDPOINT_STUDY_RECORD.ToxicityToBees,f5db0362-7c8b-4259-97cf-9339a9a92a02,toxicity to bees: chronic oral,,,94f377c7-7004-4e70-9522-e505cd25d7e3,Species: Apis mellifera; Route: oral; Exp. duration: 10.0 d,,,,,,,,,,,,,,,,,,d,10.0,,,,,,,,,,,,Apis mellifera,,oral,,,,other:,Endpoint based on sublethal effects (reduced coordination),,act. ingr.,,,,,,0.5,µg/bee per day,,,,NOED,,,,,,,other:,,"Remarks: There are uncertainties linked to this study, please see RAR Part B9 for additional information. 0.5 Î¼g a.s./bee/day (equivalent to 17 mg a.s./kg diet).",,,0558cb9c-86ae-4960-a83c-be06beb8c841,,,,,,,,,,,,,,,,,,,,
3681,3679,b1429837-aa13-45b6-b1c5-5947e40fc377,ENDPOINT_STUDY_RECORD.ToxicityToBees,ce4bbdca-6245-4364-ab4e-2ed58ece4357,toxicity to bees: acute oral,,,131a6853-8eec-4a1a-82e3-64d57124b87a,Species: Apis mellifera; Route: oral: unspecified,not specified,not specified,,,,e398924a-e912-4eec-9adf-370666207460,,,,,,,,,,,,,,,,,,,Cyazofamid formulation: IKF-916 160SC-N,,,,,,Apis mellifera,,other:,oral: unspecified,,,mortality,,,,,,,,>,31.8,other:,µg/piece,,,LD50,,,,,,,,,,,,e72c38d6-265e-42a2-bd5f-d8bc9de2e8d9,,,,,,,,,,,,,,,,,,,,
3682,3680,e47d2e48-7609-4d38-abe9-dcedb6dbc1d8,ENDPOINT_STUDY_RECORD.ToxicityToBees,44b92abe-8a3c-43b3-9dd2-1d0dbd473dce,bee larval toxicity - chronic,,,34336a6d-4851-4221-b0e6-e2663561d4a5,Species: Apis mellifera; Route: oral; Exp. duration: 4.0 d,not specified,not specified,,,,05d07f89-fb8d-4724-9a25-b6e52e47f64e,,,,,,,,,,,,d,4.0,,,,,,,,,,,,Apis mellifera,,oral,,,,emergence rate,,,test mat.,,A19649B,,,,0.041,µg per larva per day,,,,other:,22-d ED20,,,,,,other:,,Remarks: The toxicity value is reported as active substance.,,,5cf97dfe-117f-4641-b4c2-624a3e1a5cd4,,,,,,,,,,,,,,,,,,,,
3683,3681,e47d2e48-7609-4d38-abe9-dcedb6dbc1d8,ENDPOINT_STUDY_RECORD.ToxicityToBees,44b92abe-8a3c-43b3-9dd2-1d0dbd473dce,bee larval toxicity - chronic,,,a0ce5093-8a7f-4b19-9d75-539ed9f0c57f,Species: Apis mellifera; Route: oral; Exp. duration: 4.0 d,not specified,not specified,,,,05d07f89-fb8d-4724-9a25-b6e52e47f64e,,,,,,,,,,,,d,4.0,,,,,,,,,,,,Apis mellifera,,oral,,,,emergence rate,,,test mat.,,A19649B,,,,0.041,µg per larva per day,,,,other:,22-d ED20,,,,,,other:,,Remarks: The toxicity value is reported as active substance.,,,5cf97dfe-117f-4641-b4c2-624a3e1a5cd4,,,,,,,,,,,,,,,,,,,,
3684,3682,3b8b5b31-1f38-47e3-8aeb-6325a2e9a85a,ENDPOINT_STUDY_RECORD.ToxicityToBees,39d5d864-f473-4504-ad8b-eb871e5e4998,toxicity to bees: acute oral,,,9b408ad2-4213-485d-9468-f86e003de461,Limit test: no; Species: Apis mellifera; Route: oral: unspecified; Exp. duration: 48.0 h,yes,no,"OECD Guideline 213 (Honeybees, Acute Oral Toxicity Test)",,according to guideline,74665968-3578-4ff1-8d02-73a6359a58a1,,,,,no,,,,,,,h,48.0,,,,,,,,,,,,Apis mellifera,,other:,oral: unspecified,,,mortality,,,,,,,,>,100.0,other:,µg/piece,,,LD50,,,,,,,other:,,Remarks: Acute oral and contact toxicity. Guidelines: OECD Guideline 213; OECD Guideline 214.,,,184e7a4c-e047-4bc8-a1b5-dd80098e3108,,,,,,,,,,,,,,,,,,,,
3685,3683,3fa5f0bf-c548-4f8e-b88f-8330892dad4a,ENDPOINT_STUDY_RECORD.ToxicityToBees,11a0994a-1371-4254-9312-cdfa17114394,toxicity to bees: chronic oral,,,a0d59f6f-ccff-4716-8de0-538c1799996f,,not specified,not specified,,,,231cccf7-89c6-4813-a15c-9b2b4f131624,,,,,,,,,,,,d,10.0,,,,,,BAS 605 04 F,,,,,,Apis mellifera,,oral,,,,mortality,,,act. ingr.,,,,,,55.6,µg/bee per day,,,,10-d LDD50,,,,,,,,,,,,8793b1fe-29aa-4c39-af25-cfb6302bf1d1,,,,,,,,,,,,,,,,,,,,
3686,3684,3fa5f0bf-c548-4f8e-b88f-8330892dad4a,ENDPOINT_STUDY_RECORD.ToxicityToBees,11a0994a-1371-4254-9312-cdfa17114394,toxicity to bees: chronic oral,,,a0d59f6f-ccff-4716-8de0-538c1799996f,,not specified,not specified,,,,231cccf7-89c6-4813-a15c-9b2b4f131624,,,,,,,,,,,,d,10.0,,,,,,BAS 605 04 F,,,,,,Apis mellifera,,oral,,,,not specified,,,act. ingr.,,,,,,18.9,µg/bee per day,,,,other:,,10-d NOED,,,,,,,,,,d5725a06-d3f1-42b6-a41f-7d4e976c34e6,,,,,,,,,,,,,,,,,,,,
3687,3685,8968ceb0-343a-4b95-8bb1-4cf34e23dd8e,ENDPOINT_STUDY_RECORD.ToxicityToBees,88a44add-8d32-48d7-9736-0064e4c79f2d,toxicity to bees: acute contact,,,c1d15fd8-e7e9-4ddd-b649-2a78cd293ff1,,not specified,not specified,,,,3c7151d6-3aa2-41a1-aa11-8b6e6e8c7bfd,,,,,,,,,,,,,,,,,,,Beltanol-L,,,,,,Apis mellifera,,contact,,,,mortality,,,act. ingr.,,,,,>,100.0,µg/bee,,,,LD50,,,,,,,,,,,,4a78331e-ef4a-4f8f-a2ba-d1ae98842f8f,,,,,,,,,,,,,,,,,,,,
3688,3686,423a5854-e2bf-46d2-92f1-07538f07f7c4,ENDPOINT_STUDY_RECORD.ToxicityToBees,9cae35df-6df6-42da-b294-dfed40c4858b,toxicity to bees: chronic oral,,,5ae37bf5-a18c-4d9c-8903-1ba4a211eebd,Species: Apis mellifera; Route: oral; Exp. duration: 10.0 d,,,,,,,,,,,,,,,,,,d,10.0,,,,,,,,,,,,Apis mellifera,,oral,,,,not specified,,,test mat.,,ETOXAZOLE 11 SC,,,,752.0,other:,mg/kg food,,,other:,NOEC,,,,,,,,,,,5c6bebb0-8551-4c91-8854-fc46f9a6b72a,,,,,,,,,,,,,,,,,,,,
3689,3687,9d61088e-e791-4293-a14f-d57dfa1b0ea1,ENDPOINT_STUDY_RECORD.ToxicityToBees,034f2e7a-ef97-4283-9c5a-6184fec10b96,toxicity to bees: chronic oral,,,3d5c5abc-2095-4a9e-b1db-0732b13a9173,Species: Apis mellifera; Route: oral; Exp. duration: 10.0 d,,,,,,,,,,,,,,,,,,d,10.0,,,,,,,,,,,,Apis mellifera,,oral,,,,not specified,,,act. ingr.,,,,,,4.21,µg/bee per day,,,,other:,10-d NOED,,,,,,,,,,,8576881d-0e5b-4bdf-9f39-f801eed88ddb,,,,,,,,,,,,,,,,,,,,
3690,3688,44177e80-c427-4143-a263-85e63a916ee5,ENDPOINT_STUDY_RECORD.ToxicityToBees,2dada3c0-6f0d-425d-aff7-b6ad57e3cd20,toxicity to bees: acute contact,,,66ba7ece-362c-496e-b105-cf0a06be213c,Species: Apis mellifera; Route: dermal; Exp. duration: 48.0 h,not specified,not specified,,,,c05eeae4-9844-45fa-9fb4-c11db037fb5f,,,,,,,,,,,,h,48.0,,,,,,,,,,,,Apis mellifera,,other:,dermal,,,mortality,,,,,,,,>,13.8,other:,µg/piece,,,LD50,,,,,,,other:,,Remarks: Acute contact toxicity,,,ae6e4cdd-61e8-4ed5-bce9-14228983d9d1,,,,,,,,,,,,,,,,,,,,
3691,3689,6fd889dd-3d47-4f31-a9e6-c3793af44dc6,ENDPOINT_STUDY_RECORD.ToxicityToBees,f90b53a5-973b-4540-9eae-1856df585f03,toxicity to bees: acute oral,,,1b66eea4-2b36-4e17-939f-86f2887cfa1d,Species: Apis mellifera; Route: oral: unspecified,not specified,not specified,,,,04b9e0a0-6d13-40e6-8433-79072687d3cc,,,,,,,,,,,,,,,,,,,,,,,,,Apis mellifera,,other:,oral: unspecified,,,mortality,,,,,,,,>,100.6,other:,µg/piece,,,LD50,,,,,,,,,,,,d9b4c8e1-a980-4d14-a501-f0c54837da15,,,,,,,,,,,,,,,,,,,,
3692,3690,480fa845-55ea-4d11-b81c-b740f3342b33,ENDPOINT_STUDY_RECORD.ToxicityToBees,034f2e7a-ef97-4283-9c5a-6184fec10b96,toxicity to bees: acute oral,,,3d5c5abc-2095-4a9e-b1db-0732b13a9173,Species: Apis mellifera; Route: oral: unspecified,not specified,not specified,,,,884087f0-7945-45a8-8495-4e8729cfbede,,,,,,,,,,,,,,,,,,,Sitofex,,,,,,Apis mellifera,,other:,oral: unspecified,,,mortality,,,,,,,,>,34.1,other:,µg/piece,,,LD50,,,,,,,,,,,,229565f2-b12e-4bd5-8301-4a70f4dff875,,,,,,,,,,,,,,,,,,,,
3693,3691,4795f750-5fe3-4257-bbe5-afacfa003744,ENDPOINT_STUDY_RECORD.ToxicityToBees,f13d4ba4-2fc1-41a6-b010-09768fe44fef,toxicity to bees: acute oral,,,a607c585-f5df-4037-a954-1b98a1bcfb9c,Species: Apis mellifera; Route: oral: unspecified,not specified,not specified,,,,14a85c4a-2f18-4945-8c8f-6867bd7c4cb1,,,,,,,,,,,,,,,,,,,,,,,,,Apis mellifera,,other:,oral: unspecified,,,,,,,,,,,>,100.0,other:,µg/piece,,,other:,dose level:,,,,,,,,,,,adedde5f-c9ae-4d08-8d0b-4fb11c4db048,,,,,,,,,,,,,,,,,,,,
3694,3692,d15e0bad-ec58-45d7-8c20-2e736ecd9f1b,ENDPOINT_STUDY_RECORD.ToxicityToBees,4c33f8e7-c9f4-4f77-8591-0baf4febfddd,bee larval toxicity - acute,,,e469552f-3c2c-4327-8373-b831aa8e55a5,Species: Apis mellifera; Route: oral; Exp. duration: 1.0 d,not specified,not specified,,,,32868806-ce1c-49e0-b40c-6437913dbbd7,,,,,,,,,,,,d,1.0,,,,,,,,,,,,Apis mellifera,,oral,,,,mortality,,,test mat.,,Dichlorprop-P K 600 SL,,,,11.5,µg per larva per developmental period,,,,LD10,,,,,,,,,,,,c564bd7b-f9a0-4030-b63f-0a3e6d81ea81,,,,,,,,,,,,,,,,,,,,
3695,3693,d15e0bad-ec58-45d7-8c20-2e736ecd9f1b,ENDPOINT_STUDY_RECORD.ToxicityToBees,4c33f8e7-c9f4-4f77-8591-0baf4febfddd,bee larval toxicity - acute,,,8756ea66-3793-4903-9527-af1cda33ace4,Species: Apis mellifera; Route: oral; Exp. duration: 1.0 d,not specified,not specified,,,,32868806-ce1c-49e0-b40c-6437913dbbd7,,,,,,,,,,,,d,1.0,,,,,,,,,,,,Apis mellifera,,oral,,,,mortality,,,test mat.,,Dichlorprop-P K 600 SL,,,,11.5,µg per larva per developmental period,,,,LD10,,,,,,,,,,,,c564bd7b-f9a0-4030-b63f-0a3e6d81ea81,,,,,,,,,,,,,,,,,,,,
3696,3694,e537045f-ab2e-4d89-b3c0-5d890261555c,ENDPOINT_STUDY_RECORD.ToxicityToBees,5c12d693-bfae-469c-b54e-de72d0056b7e,toxicity to bees: acute contact,,,f8d8c2c6-ebe2-4e2f-8e9d-aa542a0d67f4,Limit test: no; Species: Apis mellifera; Route: dermal; Exp. duration: 48.0 h,yes,no,other:,OTHER GUIDELINE,according to guideline,284ddc29-36c6-460f-ab9f-229893a1d799,,,,,no,,,,,,,h,48.0,,,,,,,,,,,,Apis mellifera,,other:,dermal,,,mortality,,,,,,,,>,100.0,other:,µg/piece,,,LD50,,,,,,,other:,,Remarks: Acute Contact Toxicity Test. EPPO guideline 170 (1992),,,5149428f-64d4-43f5-aa9e-3bb2a86e049d,,,,,,,,,,,,,,,,,,,,
3697,3695,03366d29-47f8-4631-a063-81f3c0dc3596,ENDPOINT_STUDY_RECORD.ToxicityToBees,67823d88-94f4-43fa-acb4-ce28754d10a6,toxicity to bees: acute contact,,,1efef106-bae3-46a7-901d-c9e2a8e145b3,Species: Apis mellifera; Route: dermal; Exp. duration: 48.0 h,not specified,not specified,,,,343971aa-9ef5-4420-b8c8-94fd03ab2eaf,,,,,,,,,,,,h,48.0,,,,,,,,,,,,Apis mellifera,,other:,dermal,,,mortality,,,,,,,,>,100.0,other:,µg/piece,,,LD50,,,,,,,other:,,Remarks: Acute contact toxicity,,,532eb6df-5c34-4f0b-b98c-b650da02a62a,,,,,,,,,,,,,,,,,,,,
3698,3696,1cc09287-ad5d-4685-8b81-66986b67cff6,ENDPOINT_STUDY_RECORD.ToxicityToBees,5de3fd35-a5c7-415c-926e-d863856a8bad,toxicity to bees: acute oral,,,cc228e54-c2b3-4391-8c55-dcbf5fc8a504,Species: Apis mellifera; Route: oral: unspecified; Exp. duration: 48.0 h,not specified,not specified,,,,12cfdd89-bff8-4a40-a624-53f289974f2a,,,,,,,,,,,,h,48.0,,,,,,Famoxadone 10 EC,,,,,,Apis mellifera,,other:,oral: unspecified,,,mortality,,,,,,,,>,63.0,other:,µg/piece,,,LD50,,,,,,,,,,,,8951af48-bdd1-4687-b50f-e71beab5ecb4,,,,,,,,,,,,,,,,,,,,
3699,3697,f5eaaff0-d66a-4b24-b3bd-8593cb359e01,ENDPOINT_STUDY_RECORD.ToxicityToBees,9fe24aa7-c52c-4999-af62-36273e9da4c2,bee larval toxicity - acute,,,43c7bccb-b9c5-4bab-8f92-fe0332dda00a,Species: Apis mellifera; Route: oral; Exp. duration: 1.0 d,,,,,,,,,,,,,,,,,,d,1.0,,,,,,,,,,,,Apis mellifera,,oral,,,,not specified,,,act. ingr.,,,,,,0.007,µg per larva,,,,NOED,,,,,,,other:,,Remarks: Single oral exposure,,,fc2b0fef-2a29-48ed-b0eb-7eec647e8dc5,,,,,,,,,,,,,,,,,,,,
3700,3698,c62b51ec-6484-47b0-b90e-c08d3ccde4ed,ENDPOINT_STUDY_RECORD.ToxicityToBees,1fd4da2a-00e6-45c5-a73a-b32ace3ed91d,toxicity to bees: chronic oral,,,ea217f4a-8d36-4ba3-919a-5af3e4654b30,Species: Apis mellifera; Route: oral; Exp. duration: 10.0 d,,,,,,,,,,,,,,,,,,d,10.0,,,,,,,,,,,,Apis mellifera,,oral,,,,not specified,,,test mat.,,Problad Plus,,,>,166.8,µg/bee per day,,,,other:,10-d NOED,,,,,,,,,,,79f96044-ad82-4ee4-8f0b-8dced6c0dc41,,,,,,,,,,,,,,,,,,,,
3701,3699,2edcdfb6-8f97-4f1c-8f48-0553c2a5df85,ENDPOINT_STUDY_RECORD.ToxicityToBees,63ba3b5b-9aa8-4179-bc9b-c198ebcab617,toxicity to bees: acute contact,,,c4619839-7ea2-4a87-8589-786a10667fa1,Species: Apis mellifera; Route: dermal; Exp. duration: 48.0 h,not specified,not specified,,,,760138b4-09e9-4c5a-8330-20909693f1f9,,,,,,,,,,,,h,48.0,,,,,,,,,,,,Apis mellifera,,other:,dermal,,,mortality,,,,,,,,,0.19,other:,µg/piece,,,LD50,,,,,,,other:,,Remarks: Acute contact toxicity test,,,4d0c7cde-09c5-4598-8b7a-5ebac3210f7b,,,,,,,,,,,,,,,,,,,,
3702,3700,f78a5cfa-5b6d-49ae-b5d5-933993ca2b25,ENDPOINT_STUDY_RECORD.ToxicityToBees,0ea3181a-97ba-4452-a328-7c835aacdba1,toxicity to bees: chronic oral,,,e3d40140-6955-44a9-9491-5f62b312a81c,Species: Apis mellifera; Route: oral; Exp. duration: 10.0 d,,,,,,,,,,,,,,,,,,d,10.0,,,,,,,,,,,,Apis mellifera,,oral,,,,mortality,,,test mat.,,ATTRIBUT SG70,,,>,1600.0,other:,mg/kg feed,,,other:,LC50,,,,,,,,,,,a443c99a-b5c7-40b4-aedc-ddf34e6fe7cb,,,,,,,,,,,,,,,,,,,,
3703,3701,5b8270a3-4b97-4ba2-b2f7-32486f78df47,ENDPOINT_STUDY_RECORD.ToxicityToBees,5d911ed2-7aad-4a3c-8780-e2ca116d03eb,toxicity to bees: chronic oral,,,e81510f6-0ef7-4c10-91d5-72011ec01edf,Species: Apis mellifera; Route: oral; Exp. duration: 10.0 d,,,,,,,,,,,,,,,,,,d,10.0,,,,,,,,,,,,Apis mellifera,,oral,,,,other:,Hypopharyngeal glands,,test mat.,,Tribenuron-methyl 75WG,,,,147.5,µg/bee per day,,,,other:,NOEL,,,,,,,,,,,377ea39a-5bd5-4c84-9674-ccf190291229,,,,,,,,,,,,,,,,,,,,
3704,3702,8bfc8a45-0fa0-47f0-93bb-a1a2a13a4118,ENDPOINT_STUDY_RECORD.ToxicityToBees,d9ebe307-e49b-4b64-b1a3-796fa5d6d85b,toxicity to bees: acute contact,,,3a0884d3-f0c5-4712-ac88-da8a4bdce891,Species: Apis mellifera; Route: dermal,not specified,not specified,,,,25028bc4-3d13-4f53-bba3-b691f952e9a8,,,,,,,,,,,,,,,,,,,,,,,,,Apis mellifera,,other:,dermal,,,mortality,,,,,,,,>,34.0,other:,µg/piece,,,LD50,,,,,,,other:,,Remarks: Acute contact toxicity; Limit test:only a dose was tested.,,,8f01d3ab-cad1-439d-a090-125a50f89c21,,,,,,,,,,,,,,,,,,,,
3705,3703,8442ebf8-c626-4353-9948-0c713aec1844,ENDPOINT_STUDY_RECORD.ToxicityToBees,72499c32-c419-4232-8db3-b7ec3a2d88cb,toxicity to bees: acute contact,,,a14abba6-bcf8-47f7-bb97-eaee9cfe3629,Species: Apis mellifera; Route: dermal; Exp. duration: 48.0 h,not specified,not specified,,,,3159f0aa-e991-49ce-8547-4ebfa25422eb,,,,,,,,,,,,h,48.0,,,,,,,,,,,,Apis mellifera,,other:,dermal,,,mortality,,,,,,,,>,100.0,other:,µg/piece,,,LD50,,,,,,,other:,,Remarks: Acute contact toxicity test,,,9353b216-3a28-441f-9603-bd47f96c17cd,,,,,,,,,,,,,,,,,,,,
3706,3704,5f28815f-c2b1-4041-92e5-f080f3803ed1,ENDPOINT_STUDY_RECORD.ToxicityToBees,482c0108-ff32-4e64-948e-9ec7d7a6a4ca,toxicity to bees: acute oral,,,dbe7b197-9a8b-4353-8be1-ec6a707c0e16,,not specified,not specified,,,,d121ab2f-718a-41e3-9a20-7501091c37bf,,,,,,,,,,,,,,,,,,,,,,,,,Apis mellifera,,other:,oral: unspecified,,,mortality,,,,,,,,>,111.0,µg/bee,,,,LD50,,,0.0,,,,,,,,,0ac1a73e-44d8-45a7-9d25-41d9dd6cd397,,,,,,,,,,,,,,,,,,,,
3707,3705,907a2c60-8b9b-485a-81aa-07da102f89f0,ENDPOINT_STUDY_RECORD.ToxicityToBees,44b92abe-8a3c-43b3-9dd2-1d0dbd473dce,toxicity to bees: chronic oral,,,34336a6d-4851-4221-b0e6-e2663561d4a5,Species: Apis mellifera; Route: oral; Exp. duration: 10.0 d,not specified,not specified,,,,960d7220-dce1-43f6-aaae-cafd50188cbb,,,,,,,,,,,,d,10.0,,,,,,A19649B,,,,,,Apis mellifera,,oral,,,,mortality,,,test mat.,,A19649B,,,>,138.0,µg/bee per day,,,,10-d LDD50,,,,,,,,,,,,8d3c1dd3-9844-4eb6-8853-f3a1e9ac249f,,,,,,,,,,,,,,,,,,,,
3708,3706,907a2c60-8b9b-485a-81aa-07da102f89f0,ENDPOINT_STUDY_RECORD.ToxicityToBees,44b92abe-8a3c-43b3-9dd2-1d0dbd473dce,toxicity to bees: chronic oral,,,a0ce5093-8a7f-4b19-9d75-539ed9f0c57f,Species: Apis mellifera; Route: oral; Exp. duration: 10.0 d,not specified,not specified,,,,960d7220-dce1-43f6-aaae-cafd50188cbb,,,,,,,,,,,,d,10.0,,,,,,A19649B,,,,,,Apis mellifera,,oral,,,,mortality,,,test mat.,,A19649B,,,>,138.0,µg/bee per day,,,,10-d LDD50,,,,,,,,,,,,8d3c1dd3-9844-4eb6-8853-f3a1e9ac249f,,,,,,,,,,,,,,,,,,,,
3709,3707,1218e285-7660-4d7e-b4ad-6137c4c2602f,ENDPOINT_STUDY_RECORD.ToxicityToBees,2d5fcf81-3e72-46a7-9416-869cdce89c42,toxicity to bees: acute contact,,,f3020576-ec4d-438b-a526-7dd18688704b,Limit test: no; Species: Apis mellifera; Route: dermal; Exp. duration: 24.0 h,yes,no,other:,OTHER GUIDELINE,according to guideline,52ae084a-6296-4c76-b3b0-89cce80d8875,,,,,no,,,,,,,h,24.0,,,,,,,,,,,,Apis mellifera,,other:,dermal,,,mortality,,,,,,,,,0.28,other:,µg/piece,,,LD50,,,,,,,other:,,"Remarks: Acute contact toxicity. Guideline: Ministry of Agricolture, Fisheries and Food (Revised 1979) Pesticides Safety Precautions Scheme, Working Document D3. Laboratory testing for toxicity to honey bees.",,,a66e29e2-c673-4947-b99f-75956c41dc86,,,,,,,,,,,,,,,,,,,,
3710,3708,2c41f319-fd02-4035-a045-13dfd911732c,ENDPOINT_STUDY_RECORD.ToxicityToBees,23c51a5e-7a64-48ef-964c-641475fbf5ed,toxicity to bees: acute oral,,,a99c30da-2737-4e1a-b625-aea46fce736f,Species: Apis mellifera; Route: oral: unspecified; Exp. duration: 48.0 h,not specified,not specified,,,,49526691-8050-4002-9e05-f2b7a385753d,,,,,,,,,,,,h,48.0,,,,,,Clethodim (formulation) - Select 240 EC,,,,,,Apis mellifera,,other:,oral: unspecified,,,mortality,,,,,,,,>,43.0,other:,µg/piece,,,LD50,,,,,,,other:,,Remarks: Acute oral toxicity,,,01c6bd3a-b891-4a83-85f3-d3fca660d2d0,,,,,,,,,,,,,,,,,,,,
3711,3709,1eefcec7-c4d6-4235-8377-3dce9fe80cdc,ENDPOINT_STUDY_RECORD.ToxicityToBees,1531809e-4450-4a9a-a2bf-7328d97c1402,toxicity to bees: acute oral,,,0b4e5cd0-35ce-4925-b0f2-c54baef3197f,Species: Apis mellifera; Route: oral: unspecified; Exp. duration: 48.0 h,not specified,not specified,,,,8c19a46f-4f6a-4d18-aaff-90328b2e540d,,,,,,,,,,,,h,48.0,,,,,,,,,,,,Apis mellifera,,other:,oral: unspecified,,,mortality,,,,,,,,>,84.0,other:,µg/piece,,,LD50,,,,,,,other:,,Remarks: Acute oral toxicity,,,b6134fea-f4bc-471d-98d6-d079049ba11c,,,,,,,,,,,,,,,,,,,,
3712,3710,ac5673d1-a9cf-4bd9-9dda-9e4b8dc5d40d,ENDPOINT_STUDY_RECORD.ToxicityToBees,effff3e8-beb0-463f-859c-26e6956f8f90,bee larval toxicity - chronic,,,e605927c-9032-4b62-999e-3aa19e768014,Species: Apis mellifera; Route: oral; Exp. duration: 5.0 d,,,,,,,,,,,,,,,,,,d,5.0,,,,,,,,,,,,Apis mellifera,,oral,,,,not specified,,,test mat.,,Rapeseed oil formulation (NEU 1161 I),,,,844.0,mg/kg diet,,,,other:,8-d NOEC,,,,,,other:,,"Remarks: Effects on pupation and pupa emergence not covered in this study, therefore the risk assessment for effects on bee brood is only indicative.",,,b254bb3e-a00a-4f83-b70c-34813073e516,,,,,,,,,,,,,,,,,,,,
3713,3711,0ac8a792-1753-4c1f-b6ce-96928c6c12e4,ENDPOINT_STUDY_RECORD.ToxicityToBees,fe5d3bbc-b71a-4c8c-9582-5a8f4430c64e,toxicity to bees: acute contact,,,d039f12a-4f09-4b3a-b6b5-f98fc4a85cfe,Species: Apis mellifera; Route: dermal,not specified,not specified,,,,c0e670dd-010b-471d-ad65-51c85c37ef05,,,,,,,,,,,,,,,,,,,Codling moth pheromone,,,,,,Apis mellifera,,other:,dermal,,,mortality,,,,,,,,,203.3,other:,µg/piece,,,LD50,,,,,,,,,,,,28a5e59f-fff1-4421-85bd-1b2ee102848c,,,,,,,,,,,,,,,,,,,,
3714,3712,3d94cf4d-bf90-48e1-bd7d-2299b964aa00,ENDPOINT_STUDY_RECORD.ToxicityToBees,92bdd8c6-9a65-466a-8a18-f0d0402366d1,bee larval toxicity - chronic,,,45903607-8622-41bd-8659-737512b5ba4d,Species: Apis mellifera; Route: oral; Exp. duration: 4.0 d,,,,,,,,,,,,,,,,,,d,4.0,,,,,,,,,,,,Apis mellifera,,oral,,,,not specified,,,test mat.,,"2,4-DB Sodium 400 g/L",,,,0.198,other:,g/colony,,,other:,NOEL,,,,,,,,,,,668299e4-c3c7-4b1d-8282-46157e704897,,,,,,,,,,,,,,,,,,,,
3715,3713,5f32f07e-b90a-4beb-adc5-12ba90afd441,ENDPOINT_STUDY_RECORD.ToxicityToBees,f5db0362-7c8b-4259-97cf-9339a9a92a02,bee larval toxicity - acute,,,94f377c7-7004-4e70-9522-e505cd25d7e3,Species: Apis mellifera; Route: oral; Exp. duration: 1.0 d,,,,,,,,,,,,,,,,,,d,1.0,,,,,,,,,,,,Apis mellifera,,oral,,,,not specified,,,act. ingr.,,,,,,0.59,µg per larva,,,,other:,NOEC,,,,,,other:,,Remarks: 0.59 Î¼g a.s./larva (equivalent to 18 mg a.s./kg diet),,,d235f989-d389-4a74-88d3-81038cf2cead,,,,,,,,,,,,,,,,,,,,
3716,3714,623672c1-7264-4f48-b184-9c08f3ddf903,ENDPOINT_STUDY_RECORD.ToxicityToBees,b1dbde32-66dc-4976-8992-cb708ff5abc0,toxicity to bees: acute contact,,,121a6368-ccc8-4ba2-a6de-9b7895898f20,Species: Apis mellifera; Route: dermal,not specified,not specified,,,,25edd401-6288-40b9-8b44-183186cd52c9,,,,,,,,,,,,,,,,,,,Neudosan Neu (515 g/L potassium salts of natural fatty acids),,,,,,Apis mellifera,,other:,dermal,,,mortality,,,,,,,,>,100.0,other:,µg/piece,,,LD50,,,,,,,other:,,Remarks: Acute contact toxicity,,,c574a33e-c7ef-40fe-a3e7-c0bc579e09cc,,,,,,,,,,,,,,,,,,,,
3717,3715,2d918963-a3a3-48bc-aaba-b5325e82d0c5,ENDPOINT_STUDY_RECORD.ToxicityToBees,b529ec00-87b6-4816-a9bd-ed8e2b36fa70,toxicity to bees: acute contact,,,89305f4d-9bed-4ce8-b8c0-b032c96f73c7,Species: Apis mellifera; Route: dermal,not specified,not specified,,,,c5c2eb94-5691-4777-8dbe-259673697be5,,,,,,,,,,,,,,,,,,,,,,,,,Apis mellifera,,other:,dermal,,,mortality,,,,,,,,,0.0682,other:,µg/piece,,,LD50,,,,,,,,,,,,f29637da-fe8e-4763-9488-99f6896cf0f5,,,,,,,,,,,,,,,,,,,,
3718,3716,3ff01d1f-63b2-430d-b1ec-ed172cceac4a,ENDPOINT_STUDY_RECORD.ToxicityToBees,430479fd-cfe4-4980-8df8-0f5219bde074,toxicity to bees: acute oral,,,9cac05b5-578b-427b-bead-2e39aeb34832,Limit test: no; Species: Apis mellifera; Route: oral: unspecified; Exp. duration: 24.0 h,yes,no,other:,OTHER GUIDELINE,according to guideline,6801d810-807a-4170-b793-84fa0714f48d,,,,,no,,,,,,,h,24.0,,,,,,,,,,,,Apis mellifera,,other:,oral: unspecified,,,mortality,,,,,,,,>,200.0,other:,µg/piece,,,LD50,,,,,,,other:,,Remarks: Acute contact and oral toxicity test. Standard method of the UK Pesticide Safety Precautions Scheme Working Document D3,,,8e88ee41-73fc-4638-9490-b1af87440b0c,,,,,,,,,,,,,,,,,,,,
3719,3717,4d414b22-0b93-4ae2-851b-8114163bd9ac,ENDPOINT_STUDY_RECORD.ToxicityToBees,fefc9b31-6e0d-483f-aae2-3783c93df67e,toxicity to bees: acute contact,,,325e634a-d610-482b-8de8-add0245492b2,Limit test: no; Species: Apis mellifera; Route: dermal; Exp. duration: 48.0 h,yes,no,"OECD Guideline 214 (Honeybees, Acute Contact Toxicity Test)",,according to guideline,7fd73040-af4c-446c-a8af-da65279efcf6,,,,,no,,,,,,,h,48.0,,,,,,,,,,,,Apis mellifera,,other:,dermal,,,mortality,,,,,,,,>,100.0,other:,µg/piece,,,LD50,,,,,,,other:,,Remarks: Acute contact toxicity test,,,38bf39e5-be13-4965-be59-ead487aea0c7,,,,,,,,,,,,,,,,,,,,
3720,3718,a332f187-bef0-4d9a-8167-142b7efaa7fb,ENDPOINT_STUDY_RECORD.ToxicityToBees,dcf6cefc-0999-47ea-a3a2-326d4c8370a7,toxicity to bees: acute contact,,,51a94c22-175c-4440-8c49-79d4107d8f74,Species: Apis mellifera; Route: dermal,not specified,not specified,,,,ccdc4078-793b-47c5-ab9f-4c9a556912ea,,,,,,,,,,,,,,,,,,,"Formulation: Moddus 250 EC (""A-7725 M"")",,,,,,Apis mellifera,,other:,dermal,,,mortality,,,act. ingr.,,,,,,69.6,other:,µg/piece,,,LD50,,,,,,,other:,,"Supportive data, test perfoemd with a formulation different from the representative one, the comparability of this formulation with the representative formulation could not be fully demonstrated.",,,91779019-f90e-4d8b-976c-e16172068895,,,,,,,,,,,,,,,,,,,,
3721,3719,a332f187-bef0-4d9a-8167-142b7efaa7fb,ENDPOINT_STUDY_RECORD.ToxicityToBees,dcf6cefc-0999-47ea-a3a2-326d4c8370a7,toxicity to bees: acute contact,,,6557269e-ff18-4ffc-9378-f18db9662ace,Species: Apis mellifera; Route: dermal,not specified,not specified,,,,ccdc4078-793b-47c5-ab9f-4c9a556912ea,,,,,,,,,,,,,,,,,,,"Formulation: Moddus 250 EC (""A-7725 M"")",,,,,,Apis mellifera,,other:,dermal,,,mortality,,,act. ingr.,,,,,,69.6,other:,µg/piece,,,LD50,,,,,,,other:,,"Supportive data, test perfoemd with a formulation different from the representative one, the comparability of this formulation with the representative formulation could not be fully demonstrated.",,,91779019-f90e-4d8b-976c-e16172068895,,,,,,,,,,,,,,,,,,,,
3722,3720,0c693727-1783-4baf-a12c-420826930851,ENDPOINT_STUDY_RECORD.ToxicityToBees,387c5200-ff8d-4c2f-8d09-e811bcfe1ea1,toxicity to bees: acute oral,,,5ade5306-35f6-498e-bc10-aeb407448e21,Species: Apis mellifera; Route: oral: unspecified,not specified,not specified,,,,0f3cfdf8-06c1-41ea-826b-4448cfe35008,,,,,,,,,,,,,,,,,,,,,,,,,Apis mellifera,,other:,oral: unspecified,,,mortality,,,,,,,,,0.00417,other:,µg/piece,,,LD50,,,,,,,other:,,Remarks: Acute oral toxicity; EFSA 2006,,,9f386f03-1f2d-4485-add2-4fb2de26d999,,,,,,,,,,,,,,,,,,,,
3723,3721,417f86ef-088e-40c9-a870-6d39168a6867,ENDPOINT_STUDY_RECORD.ToxicityToBees,cfd9fc52-68f4-439d-9c56-cc77bfcdcddf,toxicity to bees: chronic oral,,read-across from supporting substance (structural analogue or surrogate),31d240a9-add4-49af-883b-0c6ebaee4e80,,not specified,not specified,,,,434e05e8-c14c-43e4-96dc-d99fcf470dee,,,,,,,,,,,,d,10.0,,,,,,gibberellins (GA4&GA7),,,,,,Apis mellifera,,oral,,,,mortality,,,other:,,"a.s. â€“ gibberellins (GA4&GA7), read across",,,>,150.0,other:,mg/kg,,,other:,,10-d LD50,,,,,,,,,,3e5f0e27-e493-4766-a005-56ee3196e1d2,,,,,,,,,,,,,,,,,,,,
3724,3722,417f86ef-088e-40c9-a870-6d39168a6867,ENDPOINT_STUDY_RECORD.ToxicityToBees,cfd9fc52-68f4-439d-9c56-cc77bfcdcddf,toxicity to bees: chronic oral,,read-across from supporting substance (structural analogue or surrogate),31d240a9-add4-49af-883b-0c6ebaee4e80,,not specified,not specified,,,,434e05e8-c14c-43e4-96dc-d99fcf470dee,,,,,,,,,,,,d,10.0,,,,,,gibberellins (GA4&GA7),,,,,,Apis mellifera,,oral,,,,mortality,,,other:,,"gibberellins (GA4&GA7), read across",,,>,5.644,µg/bee per day,,,,10-d LDD50,,,,,,,,,,,,7b646143-2a0d-47d9-9db4-212489b20f10,,,,,,,,,,,,,,,,,,,,
3725,3723,40676be6-43fa-48e1-ab38-5221de403745,ENDPOINT_STUDY_RECORD.ToxicityToBees,1af9c525-f55f-4ea5-8042-dbdae73245a5,toxicity to bees: acute contact,,,92192112-e4f6-488d-b580-245ef256f724,Species: Apis mellifera; Route: dermal,not specified,not specified,,,,143f7dda-47c0-4e4f-8d32-ca2e861a29af,,,,,,,,,,,,,,,,,,,,,,,,,Apis mellifera,,other:,dermal,,,mortality,,,,,,,,,76.0,other:,µg/piece,,,LD50,,,,,,,other:,,Remarks: Acute contact toxicity,,,1e676402-35ff-4d51-a30b-1adef708274d,,,,,,,,,,,,,,,,,,,,
3726,3724,300a7687-2557-4872-b5a3-41fd07bba415,ENDPOINT_STUDY_RECORD.ToxicityToBees,279c3d11-8310-4707-af3e-c137a72cf6d8,toxicity to bees: acute contact,,,abb5712d-4c49-4f46-aa45-5908af78aeb2,,not specified,not specified,,,,a77ebe6b-3a7d-4c47-840b-3c42f4dccca6,,,,,,,,,,,,,,,,,,,"BAS 635 00 H + BAS 152 00 S * * Mixture with adjuvant BAS 152 00 S or BAS 9047 0 S, respectively. Endpoints expressed in terms of tritosulfuron, BAS 9047 0 S: An adjuvant differenting to the one specified in the GAP BAS 152 00 S: An adjuvant differenting to the one specified in the GAP",,,,,,Apis mellifera,,other:,dermal,,,mortality,,,act. ingr.,,,h,48.0,,71.4,µg/bee,,,,LD50,,,,,,,,,,,,3d641c36-6601-40c2-90a0-4fb45af3a2f6,,,,,,,,,,,,,,,,,,,,
3727,3725,ff2a4f8b-6ec8-4e39-9888-81418e1c1359,ENDPOINT_STUDY_RECORD.ToxicityToBees,b194c4a8-b59d-4e08-b86f-b8785af98ae7,toxicity to bees: acute oral,,,ad72a43a-2e72-4499-9510-d2c6faa2e24e,Limit test: no; Species: Apis mellifera; Route: oral: unspecified; Exp. duration: 48.0 h,yes,yes,other:,OTHER GUIDELINE,according to guideline,2ba5f74c-fa12-4d26-af45-4695cb86cf13,,,,,no,,,,,,,h,48.0,,,,,,,,,,,,Apis mellifera,,other:,oral: unspecified,,,mortality,,,,,,,,>,111.99,other:,µg/piece,,,LD50,,,,,,,other:,,Remarks: Acute oral toxicity; Guideline: EPPO Guideline No. 170 (1992).,,,654de404-1887-4305-a9b7-ddc251bdd2ec,,,,,,,,,,,,,,,,,,,,
3728,3726,83fb02a8-a9b2-4218-8760-eeaf90ff6de6,ENDPOINT_STUDY_RECORD.ToxicityToBees,50248eb2-af33-4f9d-a453-354245f3551a,toxicity to bees: acute contact,,,ab8eb42c-5c87-4ef6-9488-fb331b883418,Species: Apis mellifera; Route: dermal,not specified,not specified,,,,59312028-fe4c-43fb-a5f4-00a31ae2a386,,,,,,,,,,,,,,,,,,,,,,,,,Apis mellifera,,other:,dermal,,,mortality,,,,,,,,>,100.0,other:,µg/piece,,,LD50,,,,,,,other:,,Remarks: Acute contact toxicity,,,c856a754-b7fd-4b40-8087-c274b4cfd6e2,,,,,,,,,,,,,,,,,,,,
3729,3727,77f53e55-d394-4c3a-8fa3-355a29ab5f4e,ENDPOINT_STUDY_RECORD.ToxicityToBees,eff45ff0-51af-4a9d-84ac-39159fe60270,toxicity to bees: acute oral,,,7ddd12bf-a734-4551-bf44-14ea62d0de32,Species: Apis mellifera; Route: oral: unspecified,not specified,not specified,,,,179f81ff-a8af-45f4-bb19-cdae2e0e3fee,,,,,,,,,,,,,,,,,,,,,,,,,Apis mellifera,,other:,oral: unspecified,,,mortality,,,,,,,,>,200.0,other:,µg/piece,,,LD50,,,,,,,other:,,Remarks: Acute oral and contact toxicity,,,b590787d-9048-4e29-a1aa-5f8409d3f039,,,,,,,,,,,,,,,,,,,,
3730,3728,729a549e-7faa-461d-a3b8-875b35048a9c,ENDPOINT_STUDY_RECORD.ToxicityToBees,1d4b107f-5abe-4373-852f-a7b56316506d,bee larval toxicity - chronic,,,5f799b33-7491-4195-8159-cc2d7115d0fd,Species: Apis mellifera; Route: oral; Exp. duration: 4.0 d,,,,,,,,,,,,,,,,,,d,4.0,,,,,,,,,,,,Apis mellifera,,oral,,,,not specified,,,test mat.,,Pelargonic acid (tested as MON 74134),,,,41.0,µg per larva,,,,ED50,,,,,,,,,,,,52517ec0-192e-4700-87c5-d82af95cf4a5,,,,,,,,,,,,,,,,,,,,
3731,3729,6f0d63ef-2470-45fc-bbda-7d49e5a1694b,ENDPOINT_STUDY_RECORD.ToxicityToBees,c76d3f6b-60d6-4da9-8513-1a858c3f897f,toxicity to bees: acute contact,,,7c73a586-fb9e-4d1a-8fcc-369f433c461b,Species: Apis mellifera; Route: dermal; Exp. duration: 7.0 d,not specified,not specified,,,,3450f2a9-4e75-4c80-b110-b086e2a57b7a,,,,,,,,,,,,d,7.0,,,,,,,,,,,,Apis mellifera,,other:,dermal,,,mortality,,,,,,,,>,100.0,other:,µg/piece,,,LD50,,,,,,,,,,,,ede55fea-660b-4532-95c2-bfe69df40583,,,,,,,,,,,,,,,,,,,,
3732,3730,094a7e93-10ef-44d7-8cf8-1257de4c6da4,ENDPOINT_STUDY_RECORD.ToxicityToBees,866a8d5d-091f-4623-b653-77033a28f3c4,toxicity to bees: acute contact,,,1f6459a6-7bbc-4680-957c-e6decf9f5bba,,not specified,not specified,,,,1738eda5-c725-4b9a-904b-4231fd4a58aa,,,,,,,,,,,,h,48.0,,,,,,YF7321A#,,,,,,Apis mellifera,,other:,dermal,,,mortality,,,act. ingr.,,,h,48.0,,36.1,µg/bee,,,,LD50,,,,,,,,,,,,d52746ed-1d86-4dd4-bd99-54bfb28e75d3,,,,,,,,,,,,,,,,,,,,
3733,3731,280f35af-a3b5-4deb-a8e9-969116b1eced,ENDPOINT_STUDY_RECORD.ToxicityToBees,8b29bc03-cc0a-4ba2-ac9e-c3aa6a409757,toxicity to bees: chronic oral,,,df421e86-d1fa-48f8-8445-344ef78b1b3e,Species: Apis mellifera; Route: oral; Exp. duration: 10.0 d,not specified,not specified,,,,0b86479a-718d-44d4-9e5d-267d304a0b1c,,,,,,,,,,,,d,10.0,,,,,,,,,,,,Apis mellifera,,oral,,,,mortality,,,test mat.,,Mecoprop-P K 601,,,,2.751,other:,g/kg food,,,other:,LC50,,,,,,,,,,,4c1502f5-5ac4-4abd-85cb-561892ee5850,,,,,,,,,,,,,,,,,,,,
3734,3732,280f35af-a3b5-4deb-a8e9-969116b1eced,ENDPOINT_STUDY_RECORD.ToxicityToBees,8b29bc03-cc0a-4ba2-ac9e-c3aa6a409757,toxicity to bees: chronic oral,,,e85276bc-9de7-4a61-b311-971e7137d8fb,Species: Apis mellifera; Route: oral; Exp. duration: 10.0 d,not specified,not specified,,,,0b86479a-718d-44d4-9e5d-267d304a0b1c,,,,,,,,,,,,d,10.0,,,,,,,,,,,,Apis mellifera,,oral,,,,mortality,,,test mat.,,Mecoprop-P K 601,,,,2.751,other:,g/kg food,,,other:,LC50,,,,,,,,,,,4c1502f5-5ac4-4abd-85cb-561892ee5850,,,,,,,,,,,,,,,,,,,,
3735,3733,f63e7224-98cf-4f43-b81b-df902ed167d9,ENDPOINT_STUDY_RECORD.ToxicityToBees,d00258a4-fd54-47f7-b60d-c959ee323c20,toxicity to bees: acute oral,,,f9514df4-62c8-4fe9-b09f-3327227c1d69,Species: Apis mellifera; Route: oral: unspecified; Exp. duration: 48.0 h,not specified,not specified,,,,0323e16b-cead-43b0-8362-c0506c817bec,,,,,,,,,,,,h,48.0,,,,,,,,,,,,Apis mellifera,,other:,oral: unspecified,,,mortality,,,,,,,,,186.0,other:,µg/piece,,,LD50,,,,,,,other:,,Remarks: Acute oral toxicity,,,2c767a48-1aea-4932-8965-2b17e4ac6d25,,,,,,,,,,,,,,,,,,,,
3736,3734,2bc4c3b6-221f-48c5-8b1c-1dad30c165db,ENDPOINT_STUDY_RECORD.ToxicityToBees,96b749dc-d76e-4199-982b-3c9606297f03,toxicity to bees: acute oral,,,caaad8ce-8e0c-47c6-919d-1a2c2455a7ef,Species: Apis mellifera; Route: oral: unspecified,not specified,not specified,,,,9dce913b-7af0-42e8-a176-34d7614a9346,,,,,,,,,,,,,,,,,,,Isoproturon 500 SC,,,,,,Apis mellifera,,other:,oral: unspecified,,,mortality,,,,,,,,>,99.2,other:,µg/piece,,,LD50,,,,,,,other:,,Remarks: Acute oral toxicity,,,7ed6de2f-1196-4160-be8b-58e074fac728,,,,,,,,,,,,,,,,,,,,
3737,3735,f74aaf68-2efb-466d-80e8-e057c71be219,ENDPOINT_STUDY_RECORD.ToxicityToBees,c4cf1153-630b-41d3-bcef-31774b0657db,toxicity to bees: chronic oral,,,f847ef03-4132-4f82-9069-a1f57e2afccb,Species: Apis mellifera; Route: oral; Exp. duration: 10.0 d,,,,,,,,,,,,,,,,,,d,10.0,,,,,,,,,,,,Apis mellifera,,oral,,,,mortality,,,test mat.,,CHA 2745-02,,,>,174.8,µg/bee per day,,,,other:,10-d LC50,,,,,,,,,,,c2fa0cc8-4853-4f06-b2e9-c92b623d442f,,,,,,,,,,,,,,,,,,,,
3738,3736,1c40f1b3-f90e-4a9f-bec9-ad731e132744,ENDPOINT_STUDY_RECORD.ToxicityToBees,df9b063e-12ea-4212-8d2a-b2069e63be21,toxicity to bees: acute oral,,,105ffa92-e807-438a-883b-65705a139a8a,Limit test: no; Species: Apis mellifera; Route: oral: unspecified; Exp. duration: 48.0 h,yes,no,other:,OTHER GUIDELINE,according to guideline,5aa9653d-86d4-492c-bda4-b5d2b82526a3,,,,,no,,,,,,,h,48.0,,,,,,,,,,,,Apis mellifera,,other:,oral: unspecified,,,mortality,,,,,,,,>,104.0,other:,µg/piece,,,LD50,,,,,,,other:,,"Remarks: oral toxicity. Guidelines: 1) EPPO 1992, Bulletin OEPP/EPPO Bulletin 22, 203-215 1992, n°170; 2) ICPBR recommendations, Versailles, France (1999).",,,802b5226-0bd4-4916-b9cf-a5da52731008,,,,,,,,,,,,,,,,,,,,
3739,3737,9360adf7-7914-4366-b841-77f3e7e4f72a,ENDPOINT_STUDY_RECORD.ToxicityToBees,0b946696-7252-4ee0-b75f-2b3367534f88,bee larval toxicity - chronic,,,59a8521c-03f6-4298-b59e-228f05cd592c,Species: Apis mellifera; Route: oral,,,,,,,,,,,,,,,,,,,,,,,,,,,,,,,Apis mellifera,,oral,,,,mortality,,,test mat.,,Mancozeb 80 WP,,,,6.9,µg per larva,,,,LD10,,,,,,,other:,,Remarks: The toxicity value is reported as active substance.,,,28daa129-0087-403d-b941-b1d6fab4820c,,,,,,,,,,,,,,,,,,,,
3740,3738,aaa31522-0e68-47e8-a8ef-19c8f0579825,ENDPOINT_STUDY_RECORD.ToxicityToBees,2f0b6cdf-113b-4f27-b1f7-c28927ac46ff,toxicity to bees: acute contact,,,679a730d-6ac5-4273-a821-4fb979dcb2e6,,not specified,not specified,,,,f88e45f0-b0cd-44f9-b9ae-ba729635ce05,,,,,,,,,,,,,,,,,,,UNIX 75 WG,,,,,,Apis mellifera,,,,,,mortality,,,act. ingr.,,,,,>,75.0,µg/bee,,,,LD50,,,,,,,,,,,,1b2157e9-62fa-479b-b85f-6f091cd54d4c,,,,,,,,,,,,,,,,,,,,
3741,3739,f2077a6e-ba51-4fde-a706-ebc44409ed0f,ENDPOINT_STUDY_RECORD.ToxicityToBees,5ae36538-4613-4574-9de1-c8f309195efe,toxicity to bees: acute contact,,,fd53a465-497a-4c23-9b7b-9d8053bb1e4e,Limit test: no; Species: Apis mellifera; Route: dermal; Exp. duration: 48.0 h,yes,no,other:,OTHER GUIDELINE,according to guideline,994a3406-8498-4c5d-b1a3-10e8f0ee0a61,,,,,no,,,,,,,h,48.0,,,,,,,,,,,,Apis mellifera,,other:,dermal,,,mortality,,,,,,,,>,200.0,other:,µg/piece,,,LD50,,,,,,,other:,,"Remarks: Acute contact toxicity test. EPPO 170, Bulletin OEPP/EPPO Bulletin 22 , 203-215, 1992",,,d02cf013-30fb-4f70-b22a-f6d01f3f84c8,,,,,,,,,,,,,,,,,,,,
3742,3740,53bcba3c-5be1-433f-bb39-9e7eaa946c9c,ENDPOINT_STUDY_RECORD.ToxicityToBees,62d434ab-569b-48b5-807f-9251b3dfbcc8,toxicity to bees: acute oral,,,785b6f2d-433d-4d10-9c99-d2f1a98dd6a1,Species: Apis mellifera; Route: oral: unspecified,not specified,not specified,,,,8277ac49-abc7-4d27-b64a-222a71a31bfa,,,,,,,,,,,,,,,,,,,,,,,,,Apis mellifera,,other:,oral: unspecified,,,mortality,,,,,,,,>,92.8,other:,µg/piece,,,LD50,,,,,,,,,,,,d2b1e5c7-8216-48b7-aed4-8f84ecc4d6b6,,,,,,,,,,,,,,,,,,,,
3743,3741,04eeaaab-df0d-4d3a-bf21-0b5ba81eb5e4,ENDPOINT_STUDY_RECORD.ToxicityToBees,47f3a7cc-9377-4cf5-997b-00576f306d21,toxicity to bees: acute oral,,,c00349a1-69ee-4f32-b7f4-c3c7e33b44f4,Limit test: no; Species: Apis mellifera; Route: oral: unspecified; Exp. duration: 72.0 h,yes,no,"OECD Guideline 213 (Honeybees, Acute Oral Toxicity Test)",,according to guideline,e0de788c-8b00-4aa3-aa0a-3bb9525ed964,,,,,no,,,,,,,h,72.0,,,,,,,,,,,,Apis mellifera,,other:,oral: unspecified,,,mortality,,,,,,,,,0.11,other:,µg/piece,,,LD50,,,,,,,other:,,Remarks: oral,,,3c6f9469-0c2f-4c22-9058-56e1f7e7ad0b,,,,,,,,,,,,,,,,,,,,
3744,3742,ec083c64-e690-4019-aec8-d46c681e551f,ENDPOINT_STUDY_RECORD.ToxicityToBees,32858068-f02d-4598-a25d-b270a94a5278,toxicity to bees: acute contact,,,4dd5f924-8295-44d0-8128-2b422a099fe1,Species: Apis mellifera; Route: dermal; Exp. duration: 48.0 h,not specified,not specified,,,,96a4399f-f8fb-4af9-9393-ee520eab3e70,,,,,,,,,,,,h,48.0,,,,,,,,,,,,Apis mellifera,,other:,dermal,,,mortality,,,,,,,,>,200.0,other:,µg/piece,,,LD50,,,,,,,other:,,Remarks: Acute contact toxicity test,,,aa395592-025c-4188-9c54-1817a1f782ba,,,,,,,,,,,,,,,,,,,,
3745,3743,ec083c64-e690-4019-aec8-d46c681e551f,ENDPOINT_STUDY_RECORD.ToxicityToBees,32858068-f02d-4598-a25d-b270a94a5278,toxicity to bees: acute contact,,,71f0042d-ca65-40eb-b7c5-f40ca4a36de9,Species: Apis mellifera; Route: dermal; Exp. duration: 48.0 h,not specified,not specified,,,,96a4399f-f8fb-4af9-9393-ee520eab3e70,,,,,,,,,,,,h,48.0,,,,,,,,,,,,Apis mellifera,,other:,dermal,,,mortality,,,,,,,,>,200.0,other:,µg/piece,,,LD50,,,,,,,other:,,Remarks: Acute contact toxicity test,,,aa395592-025c-4188-9c54-1817a1f782ba,,,,,,,,,,,,,,,,,,,,
3746,3744,474c3607-e912-4c35-a4f8-9445ae6a989e,ENDPOINT_STUDY_RECORD.ToxicityToBees,038204e8-9bd2-45e3-9906-c15a95c8f8e8,toxicity to bees: acute contact,,,538469c1-e659-4908-b004-1ca9ad2ceda5,Species: Apis mellifera; Route: dermal,not specified,not specified,,,,f2f53b2b-3130-43b5-8590-7b1ec1d1ae0f,,,,,,,,,,,,,,,,,,,,,,,,,Apis mellifera,,other:,dermal,,,mortality,,,,,,,,>,100.0,other:,µg/piece,,,LD50,,,,,,,other:,,Remarks: Acute contact toxicity,,,9c5403ad-efc7-4b3e-9030-409a00ffaa5b,,,,,,,,,,,,,,,,,,,,
3747,3745,d996ef3d-3967-45fc-9248-e78f27c9ec8e,ENDPOINT_STUDY_RECORD.ToxicityToBees,6b98c40e-2a1c-4a36-9c28-4ca15b16c345,toxicity to bees: acute oral,,,b8c8758f-0524-4e3a-ba65-e4217749213b,Limit test: no; Species: Apis mellifera; Route: oral: unspecified; Exp. duration: 96.0 h,yes,no,"OECD Guideline 213 (Honeybees, Acute Oral Toxicity Test)",,according to guideline,fb37afe7-798f-4d41-9d3c-e2b1c0f85774,,,,,no,,,,,,,h,96.0,,,,,,,,,,,,Apis mellifera,,other:,oral: unspecified,,,mortality,,,,,,,,,2.43,other:,µg/piece,,,LD50,,,,,,,other:,,Remarks: oral toxicity,,,40373308-9c02-4c57-91ef-9300ddedb422,,,,,,,,,,,,,,,,,,,,
3748,3746,efcbdb2c-bc16-462f-bd6b-a9979ace95b3,ENDPOINT_STUDY_RECORD.ToxicityToBees,582536dd-ad5d-4ba2-8168-fe0687fc489a,toxicity to bees: acute contact,,,961a07be-fe81-470a-8d59-47997ffcf088,Species: Apis mellifera; Route: dermal,not specified,not specified,,,,14aec1fa-c75a-4bee-9cf7-c35eaa4aea77,,,,,,,,,,,,,,,,,,,Topik 100 EC,,,,,,Apis mellifera,,other:,dermal,,,mortality,,,,,,,,,40.9,other:,µg/piece,,,LD50,,,,,,,,,,,,27fd1276-a942-40dc-9b64-5b2d11dcc0cd,,,,,,,,,,,,,,,,,,,,
3749,3747,a925302d-cc85-4b43-89b6-539f772c6f73,ENDPOINT_STUDY_RECORD.ToxicityToBees,8741026c-46b6-4bb0-b968-3b19aa9bcf3b,toxicity to bees: acute oral,,,71243273-0507-40a0-bd86-dc7612348306,Limit test: yes; Species: Apis mellifera; Route: oral: unspecified; Exp. duration: 48.0 h,yes,no,"OECD Guideline 213 (Honeybees, Acute Oral Toxicity Test)",,according to guideline,7ae1dbc7-3e22-4ee3-a6b2-6c67e15172d7,,,,,yes,,,,,,,h,48.0,,,,,,,,,,,,Apis mellifera,,other:,oral: unspecified,,,mortality,,,,,,,,>,102.3,other:,µg/piece,,,LD50,,,,,,,other:,,Remarks: oral toxicity,,,730fb005-dbf2-44de-b342-0e8f59c99870,,,,,,,,,,,,,,,,,,,,
3750,3748,4df1f68c-4d07-4487-9675-7d8be8a83e98,ENDPOINT_STUDY_RECORD.ToxicityToBees,39ed1be3-bad4-4417-9d93-30536e579a88,toxicity to bees: acute oral,,,586e2dab-3b65-4e37-a7b0-06ba1cca88fd,Species: Apis mellifera; Route: oral: unspecified; Exp. duration: 48.0 h,not specified,not specified,,,,6dbfd571-1832-4301-a93e-34979afaf73b,,,,,,,,,,,,h,48.0,,,,,,,,,,,,Apis mellifera,,other:,oral: unspecified,,,mortality,,,,,,,,>,8.1,other:,µg/piece,,,LD50,,,,,,,other:,,Remarks: oral toxicity,,,30306619-50b3-4043-be1d-17fb77b93eb6,,,,,,,,,,,,,,,,,,,,
3751,3749,096dd230-ca7d-4891-8ffb-de3ef18d5edd,ENDPOINT_STUDY_RECORD.ToxicityToBees,fefca5e1-4893-4a5a-a98d-71e9f22976ac,toxicity to bees: acute contact,,,22662941-d804-4db2-9a5e-01e32613d3a6,Species: Apis mellifera; Route: dermal,not specified,not specified,,,,e4640622-7c45-4c32-9302-a16365d3c5cd,,,,,,,,,,,,,,,,,,,,,,,,,Apis mellifera,,other:,dermal,,,mortality,,,,,,,,>,84.5,other:,µg/piece,,,LD50,,,,,,,other:,,Remarks: LD50> 84.5 µg a.i./bee,,,13b7ba3b-de15-4239-9eb2-acd60f0a95cf,,,,,,,,,,,,,,,,,,,,
3752,3750,fedfa9f4-e24c-476c-9028-dfa3ba68ab9a,ENDPOINT_STUDY_RECORD.ToxicityToBees,4ece981b-2de2-4e27-8688-a687efcb4780,toxicity to bees: acute contact,,,a393242a-53ef-448e-8c1f-fc4e9270ee47,Limit test: no; Species: Apis mellifera; Route: dermal; Exp. duration: 48.0 h,yes,no,other:,OTHER GUIDELINE,according to guideline,793a59a2-aa2d-4d02-a3ef-451b335e30ad,,,,,no,,,,,,,h,48.0,,,,,,,,,,,,Apis mellifera,,other:,dermal,,,mortality,,,,,,,,>,100.0,other:,µg/piece,,,LD50,,,,,,,other:,,"Remarks: Acute contact toxicity; Guideline: U.S.A. EPA , FIFRA 1985 - EPA-540/9-85-002",,,07634710-c063-475a-9f04-e6fde671823e,,,,,,,,,,,,,,,,,,,,
3753,3751,fc9f5e0c-92e8-4cb9-bbe3-df3b15fb96e2,ENDPOINT_STUDY_RECORD.ToxicityToBees,ce91c86d-78f8-4301-8505-b6e024998880,toxicity to bees: acute contact,,,3ffa2fb1-7949-4bd5-bed0-fb2c103778cc,Limit test: no; Species: Apis mellifera; Route: dermal; Exp. duration: 48.0 h,yes,no,other:,OTHER GUIDELINE,according to guideline,acd157dc-d0b5-4c62-89c5-507362594ea2,,,,,no,,,,,,,h,48.0,,,,,,,,,,,,Apis mellifera,,other:,dermal,,,mortality,,,,,,,,>,100.0,other:,µg/piece,,,LD50,,,,,,,other:,,Remarks: Acute contact toxicity. Guideline: EPPO Guideline 170.,,,3d9d7e77-ecf1-496b-ae0f-af609602adb5,,,,,,,,,,,,,,,,,,,,
3754,3752,f25ddae1-823b-41a5-857a-77381c201542,ENDPOINT_STUDY_RECORD.ToxicityToBees,f90b53a5-973b-4540-9eae-1856df585f03,toxicity to bees: chronic oral,,,1b66eea4-2b36-4e17-939f-86f2887cfa1d,Species: Apis mellifera; Route: oral; Exp. duration: 10.0 d,,,,,,,,,,,,,,,,,,d,10.0,,,,,,,,,,,,Apis mellifera,,oral,,,,mortality,,,test mat.,,Desmedipham SE 160,,,>,4.8,µg/bee,,,,10-d LDD50,,,,,,,,,,,,03b69bc5-471f-4e25-a178-114b215aae71,,,,,,,,,,,,,,,,,,,,
3755,3753,94d94995-25eb-4996-9efd-cba77dfb2d6f,ENDPOINT_STUDY_RECORD.ToxicityToBees,ce91c86d-78f8-4301-8505-b6e024998880,toxicity to bees: acute contact,,,eee02687-eb6a-49b4-a9c5-fba1d4756995,Species: Apis mellifera; Route: dermal,not specified,not specified,,,,a3997ba1-004a-4950-b611-7bfb370dad78,,,,,,,,,,,,,,,,,,,Asulam,,,,,,Apis mellifera,,other:,dermal,,,mortality,,,,,,,,>,100.0,other:,µg/piece,,,LD50,,,,,,,,,,,,390dec97-8b2e-46e6-a5f1-7f0ddb7cb3ed,,,,,,,,,,,,,,,,,,,,
3756,3754,065bb5ec-eb04-45c8-a8ab-c7a0e2bd2f3b,ENDPOINT_STUDY_RECORD.ToxicityToBees,d427476d-9ddb-46f6-b802-4d303909a6c4,toxicity to bees: acute oral,,,510f89d3-3710-433e-9e1b-4e9c75cec0a1,Limit test: yes; Species: Apis mellifera; Route: oral: unspecified; Exp. duration: 48.0 h,yes,no,other:,OTHER GUIDELINE,according to guideline,8b65d61c-c705-4ec0-983e-394cfeacc46f,,,,,yes,,,,,,,h,48.0,,,,,,,,,,,,Apis mellifera,,other:,oral: unspecified,,,mortality,,,,,,,,>,104.4,other:,µg/piece,,,LD50,,,,,,,other:,,"Remarks: Acute oral toxicity. Guideline: EPPO 170, Bulletin OEPP/EPPO Bulletin 33, 99-101, 2003.",,,8193f483-89c2-4baf-b075-c1d2568e47f9,,,,,,,,,,,,,,,,,,,,
3757,3755,83962961-0f4f-46f3-82ed-bbc9cdf4bbc1,ENDPOINT_STUDY_RECORD.ToxicityToBees,25cab7b6-759b-4df2-8750-2536c3fb6a65,toxicity to bees: acute contact,,,dd243285-c13f-41c5-a3dc-a211d6371492,Species: Apis mellifera; Route: dermal; Exp. duration: 48.0 h,not specified,not specified,,,,309fa0a1-73ae-4770-a9c8-b789d9830ccb,,,,,,,,,,,,h,48.0,,,,,,,,,,,,Apis mellifera,,other:,dermal,,,mortality,,,,,,,,,0.23,other:,µg/piece,,,LD50,,,,,,,other:,,Remarks: Acute contact toxicity,,,8cdf4130-ebc0-4296-b097-168a80770d4e,,,,,,,,,,,,,,,,,,,,
3758,3756,adb73d85-d3e7-4f68-ba5f-37daf2ce0891,ENDPOINT_STUDY_RECORD.ToxicityToBees,1c96cde9-8e8d-4712-a754-7f7492cacf32,toxicity to bees: acute contact,,,8afa5afa-f1bf-4382-9b79-5b995923cf2e,Species: Apis mellifera; Route: dermal,not specified,not specified,,,,942c9583-2718-4dbc-b32d-d7d39fd5884b,,,,,,,,,,,,,,,,,,,,,,,,,Apis mellifera,,other:,dermal,,,mortality,,,,,,,,>,100.0,other:,µg/piece,,,LD50,,,,,,,other:,,Remarks: Acute contact toxicity,,,d236be91-92b7-46b9-afb0-158e7f519df3,,,,,,,,,,,,,,,,,,,,
3759,3757,d7b9a5f8-2cd5-4aaf-a8ac-81880aa464bd,ENDPOINT_STUDY_RECORD.ToxicityToBees,48adc8af-0eb2-4040-a4fd-4d3a09f205b6,toxicity to bees: acute contact,,,ac6e295e-e383-439e-9660-e35252fa536b,,not specified,not specified,,,,fcb7ca2d-46a8-4073-8a68-d313f979734b,,,,,,,,,,,,,,,,,,,,,,,,,Apis mellifera,,other:,dermal,,,mortality,,,,,,,,>,100.0,µg/bee,,,,LD50,,,,,,,,,,,,7f148004-62c4-4473-bb5a-6f01a8150732,,,,,,,,,,,,,,,,,,,,
3760,3758,1c17c980-4f90-45de-b8aa-367398cc2cb4,ENDPOINT_STUDY_RECORD.ToxicityToBees,8039d5d9-2f66-4a3f-8ff1-4cba7dcfcab8,toxicity to bees: acute oral,,,6b885fff-fa52-4d04-b83b-27f3bcc205d3,Species: Apis mellifera; Route: oral: unspecified; Exp. duration: 48.0 h,not specified,not specified,,,,a6aee683-37b9-4882-8c61-d67196d43d71,,,,,,,,,,,,h,48.0,,,,,,,,,,,,Apis mellifera,,other:,oral: unspecified,,,mortality,,,,,,,,,0.024,other:,µg/piece,,,LD50,,,,,,,other:,,Remarks: Acute oral toxicity,,,fc8d182a-aa7d-4560-af28-156b43a3d2d6,,,,,,,,,,,,,,,,,,,,
3761,3759,fb69fe8c-f657-46d4-9a69-90cb1b669b65,ENDPOINT_STUDY_RECORD.ToxicityToBees,c4cf1153-630b-41d3-bcef-31774b0657db,toxicity to bees: acute oral,,,31bdc495-c4ba-45d1-9a5f-d08b83743c15,Species: Apis mellifera; Route: oral: unspecified,not specified,not specified,,,,93643460-3f06-4331-abf9-bbac7f5d1588,,,,,,,,,,,,,,,,,,,,,,,,,Apis mellifera,,other:,oral: unspecified,,,mortality,,,,,,,,>,105.1,other:,µg/piece,,,LD50,,,,,,,other:,,Remarks: Oral toxicity,,,5cb9587a-1a15-4ff6-b9dd-c24363697d37,,,,,,,,,,,,,,,,,,,,
3762,3760,0c05cefe-5199-4a8a-98d2-19021058c3c7,ENDPOINT_STUDY_RECORD.ToxicityToBees,c89da3cc-0fef-4d59-88d5-1a219c9da5e7,toxicity to bees: acute oral,,,80c80f71-4171-47a7-8b5a-ad127d170e74,Species: Apis mellifera; Route: oral: unspecified,not specified,not specified,,,,5faa9176-7d36-49aa-b699-77561191d35a,,,,,,,,,,,,,,,,,,,,,,,,,Apis mellifera,,other:,oral: unspecified,,,mortality,,,,,,,,>,212.0,other:,µg/piece,,,LD50,,,,,,,,,,,,6f16c8c8-3599-41b9-bf40-f6687da1cb9e,,,,,,,,,,,,,,,,,,,,
3763,3761,043ee03c-7267-4bd9-bcc8-17006a572ede,ENDPOINT_STUDY_RECORD.ToxicityToBees,06e8b19e-3e1e-45c5-a8f6-5f601e7e8409,toxicity to bees: acute contact,,,ab9aa532-5c1c-42af-8a1c-d8060924ea1e,Species: Apis mellifera; Route: dermal,not specified,not specified,,,,b38e754c-4870-4242-8ce2-5d7f52f866dd,,,,,,,,,,,,,,,,,,,D-Devrinol 450 SC,,,,,,Apis mellifera,,other:,dermal,,,mortality,,,,,,,,>,110.0,other:,µg/piece,,,LD50,,,,,,,,,,,,d77b398e-5039-4fdc-8407-63548934a382,,,,,,,,,,,,,,,,,,,,
3764,3762,ee661755-3cce-4597-b743-dda9e5da0c89,ENDPOINT_STUDY_RECORD.ToxicityToBees,a4135876-f27e-444c-aeff-3a6316f6b4a4,toxicity to bees: chronic oral,,,8a144198-5691-4244-b18c-66bc0f0a6484,Species: Apis mellifera; Route: oral; Exp. duration: 10.0 d,,,,,,,,,,,,,,,,,,d,10.0,,,,,,,,,,,,Apis mellifera,,oral,,,,not specified,,,test mat.,,KIF-230 15% WG,,,>=,124.6,µg/bee per day,,,,other:,NOEDD,,,,,,,,,,,481d6e86-e843-4e0b-bd15-ffbdfcad8ed6,,,,,,,,,,,,,,,,,,,,
3765,3763,3fc7fdcc-796d-4df8-ab2d-c6f1eea6e7f2,ENDPOINT_STUDY_RECORD.ToxicityToBees,74334cf4-659a-4dba-ba70-3baa87306383,toxicity to bees: chronic oral,,,8067d5c9-daed-4299-8f77-48b984aff1e7,Species: Apis mellifera; Route: oral; Exp. duration: 10.0 d,,,,,,,,,,,,,,,,,,d,10.0,,,,,,,,,,,,Apis mellifera,,oral,,,,mortality,,,test mat.,,ETOXAZOLE 11 SC,,,>,32.9,µg/bee per day,,,,10-d LDD50,,,,,,,,,,,,ec11b951-dbf4-4802-a10a-2651ac6d63db,,,,,,,,,,,,,,,,,,,,
3766,3764,d8ee973d-926a-4c34-a1ae-6c47fa94ec37,ENDPOINT_STUDY_RECORD.ToxicityToBees,a8399645-cdd4-43cd-8d23-dd9dd781a96a,toxicity to bees: chronic oral,,,97a7eddf-cc23-4ea2-b19d-6538771dde90,,not specified,not specified,,,,2b02eae2-aaa3-46d8-bd55-3641608d98ce,,,,,,,,,,,,d,10.0,,,,,,A8207M,,,,,,Apis mellifera,,oral,,,,mortality,,,act. ingr.,,,,,,7.08,µg/bee per day,,,,10-d LDD50,,,,,,,,,,,,a68b0b95-461e-437b-bf86-b74316d6f554,,,,,,,,,,,,,,,,,,,,
3767,3765,d1a8ffa4-2bc6-458a-9593-a0ff1e70e84c,ENDPOINT_STUDY_RECORD.ToxicityToBees,f5db0362-7c8b-4259-97cf-9339a9a92a02,bee larval toxicity - acute,,,94f377c7-7004-4e70-9522-e505cd25d7e3,Species: Apis mellifera; Route: oral; Exp. duration: 1.0 d,,,,,,,,,,,,,,,,,,d,1.0,,,,,,,,,,,,Apis mellifera,,oral,,,,mortality,,,act. ingr.,,,,,>,5.34,µg per larva,,,,LD50,,,,,,,,,,,,0d18bd14-3657-4786-a701-d59147b6856e,,,,,,,,,,,,,,,,,,,,
3768,3766,4a7aded7-e96b-465e-9a99-825acab5769e,ENDPOINT_STUDY_RECORD.ToxicityToBees,92bdd8c6-9a65-466a-8a18-f0d0402366d1,bee larval toxicity - acute,,,45903607-8622-41bd-8659-737512b5ba4d,Species: Apis mellifera; Route: oral; Exp. duration: 1.0 d,,,,,,,,,,,,,,,,,,d,1.0,,,,,,,,,,,,Apis mellifera,,oral,,,,mortality,,,test mat.,,Picoxystrobin 250 g/L SC,,,,42.4,µg per larva,,,,LD50,,,,,,,,,,,,5c6c988a-a4c3-4a28-83c6-e02df029437a,,,,,,,,,,,,,,,,,,,,
3769,3767,8346bee3-17f0-435d-a419-e93fc9466ce9,ENDPOINT_STUDY_RECORD.ToxicityToBees,01200537-11cd-4953-965c-2789c191cd79,toxicity to bees: acute contact,,,ea117d56-cdb1-4643-80e0-c6a853c5c1fb,,not specified,not specified,,,,b0d17c6b-ef19-4384-9abb-13454f0e12de,,,,,,,,,,,,,,,,,,,,,,,,,Apis mellifera,,other:,dermal,,,mortality,,,,,,,,>,100.0,µg/bee,,,,LD50,,,,,,,,,,,,37d04790-211a-4811-aab3-da6bd459276a,,,,,,,,,,,,,,,,,,,,
3770,3768,18726d6d-967d-4080-ba3c-085380aa426e,ENDPOINT_STUDY_RECORD.ToxicityToBees,29bebfd8-2a36-4f78-aaf2-10d7645fe850,toxicity to bees: acute oral,,,f1d79619-0a90-4238-8ca6-9999619e503a,Species: Apis mellifera; Route: oral: unspecified,not specified,not specified,,,,595f04ad-b93e-48e3-bc3a-df049ff60dcc,,,,,,,,,,,,,,,,,,,,,,,,,Apis mellifera,,other:,oral: unspecified,,,mortality,,,,,,,,>,3813.655,other:,µg/piece,,,LD50,,,,,,,other:,,Remarks: Acute oral toxicity; remarks for EFSA: there is a mistake in the opinion: the endpoints of oral and contact toxicity are exchanged.,,,bc72b679-232b-4e75-9e00-f5424f5fa2fc,,,,,,,,,,,,,,,,,,,,
3771,3769,4b8feb57-a941-4b20-bb31-7ff0f5677d52,ENDPOINT_STUDY_RECORD.ToxicityToBees,62d34108-e968-4ce2-a9c1-280718f51d6b,toxicity to bees: acute contact,,,25b1b096-291b-4b36-8279-741b19c90642,Species: Apis mellifera; Route: dermal,not specified,not specified,,,,80c75022-c4cd-4314-b3e7-832dcea99185,,,,,,,,,,,,,,,,,,,,,,,,,Apis mellifera,,other:,dermal,,,mortality,,,,,,,,,0.0275,other:,µg/piece,,,LD50,,,,,,,other:,,"Remarks: Acute contact toxicity; An acute contact LD50 value for clothianidin as a metabolite of thiamethoxam as presented in the Review Report (European Commission, 2006).",,,24352db2-ea56-47d7-94ce-f71fab619ea0,,,,,,,,,,,,,,,,,,,,
3772,3770,eb73a5b0-dcf8-456f-b494-f95b87b8ee2c,ENDPOINT_STUDY_RECORD.ToxicityToBees,8b29bc03-cc0a-4ba2-ac9e-c3aa6a409757,toxicity to bees: chronic oral,,,df421e86-d1fa-48f8-8445-344ef78b1b3e,Species: Apis mellifera; Route: oral; Exp. duration: 10.0 d,not specified,not specified,,,,a70d8f3c-5a96-44fc-b602-1e882853b00d,,,,,,,,,,,,d,10.0,,,,,,,,,,,,Apis mellifera,,oral,,,,other:,Hypopharyngeal glands,,test mat.,,Mecoprop-P K 603,,,,,other:,g/kg food,<,0.321,other:,NOEC,,,,,,other:,,"Remarks: statistically significant reduction in the acini diameter between all the test item groups and the control group, therefore, a NOED could not be derived",,,ddec2ba8-569d-4342-8066-4fb712b6173d,,,,,,,,,,,,,,,,,,,,
3773,3771,eb73a5b0-dcf8-456f-b494-f95b87b8ee2c,ENDPOINT_STUDY_RECORD.ToxicityToBees,8b29bc03-cc0a-4ba2-ac9e-c3aa6a409757,toxicity to bees: chronic oral,,,e85276bc-9de7-4a61-b311-971e7137d8fb,Species: Apis mellifera; Route: oral; Exp. duration: 10.0 d,not specified,not specified,,,,a70d8f3c-5a96-44fc-b602-1e882853b00d,,,,,,,,,,,,d,10.0,,,,,,,,,,,,Apis mellifera,,oral,,,,other:,Hypopharyngeal glands,,test mat.,,Mecoprop-P K 603,,,,,other:,g/kg food,<,0.321,other:,NOEC,,,,,,other:,,"Remarks: statistically significant reduction in the acini diameter between all the test item groups and the control group, therefore, a NOED could not be derived",,,ddec2ba8-569d-4342-8066-4fb712b6173d,,,,,,,,,,,,,,,,,,,,
3774,3772,d961f0ad-ad5d-4616-b622-0c7766ecb365,ENDPOINT_STUDY_RECORD.ToxicityToBees,8a324526-c0d0-469d-ba10-0b5497f0576d,toxicity to bees: acute oral,,,2f2bf606-cc6d-4c4f-b76b-0910a37c68e7,Species: Apis mellifera; Route: oral: unspecified,not specified,not specified,,,,8965711a-8f20-40fc-b099-68b420db9be9,,,,,,,,,,,,,,,,,,,,,,,,,Apis mellifera,,other:,oral: unspecified,,,mortality,,,,,,,,>,100.0,other:,µg/piece,,,LD50,,,,,,,,,,,,f2597ef8-47d7-46ba-86b9-32974512b092,,,,,,,,,,,,,,,,,,,,
3775,3773,810375f3-28bd-498f-9df2-240b3b41f5f3,ENDPOINT_STUDY_RECORD.ToxicityToBees,6df6c0f1-e93b-40a9-899d-1aa787006658,bee larval toxicity - chronic,,,ce166716-b1ec-484e-a17b-d89872dc1d5c,Species: Apis mellifera; Route: oral; Exp. duration: 4.0 d,,,,,,,,,,,,,,,,,,d,4.0,,,,,,,,,,,,Apis mellifera,,oral,,,,mortality,,,test mat.,,Iodosulfuron-methyl-sodium WG 10,,,,,other:,mg/L,<,25.0,other:,NOEC,,,,,,other:,,Remarks: NOEC mortality relating to adult,,,25a71f77-c35b-4ed9-b2c8-8a45a01f3981,,,,,,,,,,,,,,,,,,,,
3776,3774,d3c9d9fd-97fe-4423-a3b9-f5261854eb22,ENDPOINT_STUDY_RECORD.ToxicityToBees,cc2d6dbe-2852-4c14-972e-233dd411728f,bee larval toxicity - chronic,,,3cc8bf75-8a53-4b0e-8386-4dbbc1d17cc6,,not specified,not specified,,,,e8d7ed62-dc91-4f40-87dc-28d8abe137b8,,,,,,,,,,,,d,4.0,,,,,,,,,,,,Apis mellifera,,,,,,emergence rate,,,,,,,,,60.5,µg per larva,,,,other:,22-d NOEDD,,,,,,,,,,,aa88e703-0722-4fe1-b5d1-986baedc6e46,,,,,,,,,,,,,,,,,,,,
3777,3775,d3c9d9fd-97fe-4423-a3b9-f5261854eb22,ENDPOINT_STUDY_RECORD.ToxicityToBees,cc2d6dbe-2852-4c14-972e-233dd411728f,bee larval toxicity - chronic,,,3cc8bf75-8a53-4b0e-8386-4dbbc1d17cc6,,not specified,not specified,,,,e8d7ed62-dc91-4f40-87dc-28d8abe137b8,,,,,,,,,,,,d,4.0,,,,,,,,,,,,Apis mellifera,,,,,,mortality,,,,,,,,>,234.3,µg per larva,,,,other:,LDD50,,,,,,,,,,,ae53ce19-581f-4442-9680-f710e04771af,,,,,,,,,,,,,,,,,,,,
3778,3776,2603902c-fb31-4090-94be-dbc043ad2e57,ENDPOINT_STUDY_RECORD.ToxicityToBees,2c768256-dd97-47a0-b1c0-5af9ff342323,toxicity to bees: acute contact,,,7fc23f66-c25a-473b-b0b4-6b784d0de953,Species: Apis mellifera; Route: dermal; Exp. duration: 48.0 h,not specified,not specified,,,,188851fd-79d7-4454-be8c-872bc3e502e4,,,,,,,,,,,,h,48.0,,,,,,,,,,,,Apis mellifera,,other:,dermal,,,mortality,,,,,,,,>,100.0,other:,µg/piece,,,LD50,,,,,,,other:,,Remarks: Acute contact toxicity,,,48303d33-8fac-4a7e-b6d2-388ab5132d7e,,,,,,,,,,,,,,,,,,,,
3779,3777,2603902c-fb31-4090-94be-dbc043ad2e57,ENDPOINT_STUDY_RECORD.ToxicityToBees,2c768256-dd97-47a0-b1c0-5af9ff342323,toxicity to bees: acute contact,,,01002c5d-2525-48bd-a4ff-ab9a650ab754,Species: Apis mellifera; Route: dermal; Exp. duration: 48.0 h,not specified,not specified,,,,188851fd-79d7-4454-be8c-872bc3e502e4,,,,,,,,,,,,h,48.0,,,,,,,,,,,,Apis mellifera,,other:,dermal,,,mortality,,,,,,,,>,100.0,other:,µg/piece,,,LD50,,,,,,,other:,,Remarks: Acute contact toxicity,,,48303d33-8fac-4a7e-b6d2-388ab5132d7e,,,,,,,,,,,,,,,,,,,,
3780,3778,8e906054-d3d4-4a80-9384-7515de73eda9,ENDPOINT_STUDY_RECORD.ToxicityToBees,1af92583-e2ed-461f-b5b0-f4fedd974648,toxicity to bees: acute contact,,,462222fa-5965-4efe-a805-a1bc5120bbfc,Species: Apis mellifera; Route: dermal; Exp. duration: 72.0 h,yes,no,other:,OTHER GUIDELINE,according to guideline,0cc540cc-a8c5-4497-a2e3-602ad45b75dc,,,,,,,,,,,,h,72.0,,,,,,Systhane 20 EW,,,,,,Apis mellifera,,other:,dermal,,,mortality,,,,,,,,>,39.6,other:,µg/piece,,,LD50,,,,,,,other:,,Remarks: Acute contact toxicity. Other guideline: EPPO Guideline 170 (1992),,,6e5c2953-8f26-4038-bb8d-a1d68002a922,,,,,,,,,,,,,,,,,,,,
3781,3779,4fc315ea-4123-4f28-981f-3cbb155f8365,ENDPOINT_STUDY_RECORD.ToxicityToBees,f9ab6573-a65c-462b-b889-f45b10d2e584,toxicity to bees: acute oral,,,ac5da8f5-73b7-4273-9087-31fa85935a39,Species: Apis mellifera; Route: oral: unspecified,not specified,not specified,,,,46cf5f24-8786-4fa6-8a4b-26d05b5be544,,,,,,,,,,,,,,,,,,,Preparation,,,,,,Apis mellifera,,other:,oral: unspecified,,,mortality,,,,,,,,>,63.22,other:,µg/piece,,,LD50,,,,,,,other:,,Remarks: Acute oral toxicity,,,a4ca99c6-a1a2-413c-85a5-3aefbeb48d60,,,,,,,,,,,,,,,,,,,,
3782,3780,7eb72a45-4582-40c5-8bc6-75c2c7f2197e,ENDPOINT_STUDY_RECORD.ToxicityToBees,4bfab2fa-379b-4887-9301-c84700b91445,toxicity to bees: acute contact,,,faebe646-e45a-4a5b-a62c-cc47e33f7ad8,Species: Apis mellifera; Route: dermal,not specified,not specified,,,,85fc61bf-9b33-4d42-80ce-8f1ae1ff26d2,,,,,,,,,,,,,,,,,,,,,,,,,Apis mellifera,,other:,dermal,,,mortality,,,,,,,,>,100.0,other:,µg/piece,,,LD50,,,,,,,other:,,Remarks: Acute contact toxicity,,,3b883d16-ec26-47f9-acf3-5fd20cac2767,,,,,,,,,,,,,,,,,,,,
3783,3781,251a11ba-f4da-4137-814a-0c68fbde49be,ENDPOINT_STUDY_RECORD.ToxicityToBees,e8c33f31-a3ca-461c-8fe0-5f5327dd7024,bee larval toxicity - chronic,,,e3f83667-8cdc-43b1-a4fd-1317e99bf162,Species: Apis mellifera; Route: oral; Exp. duration: 4.0 d,,,,,,,,,,,,,,,,,,d,4.0,,,,,,,,,,,,Apis mellifera,,oral,,,,not specified,,,act. ingr.,,,,,,0.046,µg per larva per developmental period,,,,other:,NOEC,,,,,,,,,,,3987eb9f-c5c0-4ab9-87f7-f066eb567078,,,,,,,,,,,,,,,,,,,,
3784,3782,23e783d2-33a9-4278-bed9-c02957099cbb,ENDPOINT_STUDY_RECORD.ToxicityToBees,366a3f2b-8c1f-48c5-a8f2-d50477575d41,toxicity to bees: acute contact,,,5838d590-d711-4363-80b8-c131979f2d81,Species: Apis mellifera; Route: dermal; Exp. duration: 48.0 h,not specified,not specified,,,,88311762-19a1-4cf2-8387-f53d1ed8881f,,,,,,,,,,,,h,48.0,,,,,,,,,,,,Apis mellifera,,other:,dermal,,,mortality,,,,,,,,>,100.0,other:,µg/piece,,,LD50,,,,,,,,,,,,ef6ed69b-73a1-4d47-a0c6-516baadb4295,,,,,,,,,,,,,,,,,,,,
3785,3783,8d0ce8b0-e5ca-407c-b63c-ab95d4607b0c,ENDPOINT_STUDY_RECORD.ToxicityToBees,a8399645-cdd4-43cd-8d23-dd9dd781a96a,toxicity to bees: acute oral,,,88c24ac9-65c0-4813-aa7f-f6688718587a,Species: Apis mellifera; Route: oral: unspecified; Exp. duration: 48.0 h,not specified,not specified,,,,29676c3e-6167-4149-99f0-8d90269f5f22,,,,,,,,,,,,h,48.0,,,,,,,,,,,,Apis mellifera,,other:,oral: unspecified,,,mortality,,,,,,,,>,100.0,other:,µg/piece,,,LD50,,,,,,,other:,,Remarks: Acute oral and contact toxicity,,,3e1ad451-b18c-4dd8-8783-91ffd697a145,,,,,,,,,,,,,,,,,,,,
3786,3784,a33ae22a-8662-4836-afdf-2eee1fc84852,ENDPOINT_STUDY_RECORD.ToxicityToBees,c2d65981-1609-4d35-bec2-ee43eebef3ff,toxicity to bees: acute contact,,,a724d5fc-8acb-48b3-adc0-4f8e273226e3,Species: Apis mellifera; Route: dermal; Exp. duration: 48.0 h,yes,no,other:,OTHER GUIDELINE,according to guideline,0fa70348-a7dd-4613-b03c-ff8ed24f95a0,,,,,,,,,,,,h,48.0,,,,,,,,,,,,Apis mellifera,,other:,dermal,,,mortality,,,,,,,,>,100.0,other:,µg/piece,,,LD50,,,,,,,other:,,Remarks: Acute contact toxicity,,,d702b516-30b0-417b-9ff3-73ea4fe17f56,,,,,,,,,,,,,,,,,,,,
3787,3785,3e121c34-4eaa-4e31-b931-2bf252232192,ENDPOINT_STUDY_RECORD.ToxicityToBees,9d6df010-e739-43be-8a24-14221038eb19,toxicity to bees: acute oral,,,f4536139-d447-4533-b8b5-92835c95b2d4,Limit test: no; Species: Apis mellifera; Route: oral: unspecified; Exp. duration: 48.0 h,yes,no,"OECD Guideline 213 (Honeybees, Acute Oral Toxicity Test)",,according to guideline,3e847e2a-52bc-4baa-9b65-ce3737480ca4,,,,,no,,,,,,,h,48.0,,,,,,chlorantraniliprole technical in acetone,,,,,,Apis mellifera,,other:,oral: unspecified,,,mortality,,,,,,,,>,104.1,other:,µg/piece,,,LD50,,,,,,,other:,Signs of intoxication observed,Remarks: oral toxicity,,,024c9453-14d2-499d-a78f-57bc58b20320,,,,,,,,,,,,,,,,,,,,
3788,3786,384bd6f1-a38a-4990-bb6b-80ad37653b66,ENDPOINT_STUDY_RECORD.ToxicityToBees,6466c4e7-7266-4cfb-a0e4-49334015b293,toxicity to bees: acute oral,,,839e7251-5fd6-4b8e-bea4-ca09c56be1a4,Species: Apis mellifera; Route: oral: unspecified; Exp. duration: 48.0 h,not specified,not specified,,,,7ece9d6d-4317-499d-b3de-b6c0c78e7dd2,,,,,,,,,,,,h,48.0,,,,,,,,,,,,Apis mellifera,,other:,oral: unspecified,,,mortality,,,,,,,,>,100.0,other:,µg/piece,,,LD50,,,,,,,,,,,,b8bed8f6-96ca-4d22-83c0-936e1d3cccbb,,,,,,,,,,,,,,,,,,,,
3789,3787,723a9a3d-a281-4280-917d-e248a0108c1e,ENDPOINT_STUDY_RECORD.ToxicityToBees,d7f063ce-9c18-4e80-8f1c-f268054eca48,toxicity to bees: acute contact,,,3f3e31a3-5308-44d7-8810-e7d93e259383,Species: Apis mellifera; Route: dermal,not specified,not specified,,,,49df830a-e7e9-4035-9880-5caaa1b864e6,,,,,,,,,,,,,,,,,,,IKI-3106 50SL,,,,,,Apis mellifera,,other:,dermal,,,mortality,,,,,,,,,0.486,other:,µg/piece,,,LD50,,,,,,,,,,,,1fbd6871-5a99-4bfc-a328-e3601b27862e,,,,,,,,,,,,,,,,,,,,
3790,3788,1743d50b-70a3-4c29-9d1d-faaac6e955f1,ENDPOINT_STUDY_RECORD.ToxicityToBees,1195b0de-88f0-4272-b6dc-f5b55d25e375,bee larval toxicity - chronic,,,03ac36b8-9d0f-4214-b365-09a2b11d5a0f,,not specified,not specified,,,,f74124a3-3a45-4d55-92d2-af6f87b02e96,,,,,,,,,,,,d,4.0,,,,,,Glyphosateisopropylammonium (in MON 0139),,,,,,Apis mellifera,,oral,,,,emergence rate,,,other:,,Glyphosate acid equivalents,,,,80.0,µg per larva per developmental period,,,,other:,22-d NOED,,,larva,,,,,,,,b1c65968-10b4-4dc9-a09c-945d696e5e88,,,,,,,,,,,,,,,,,,,,
3791,3789,1743d50b-70a3-4c29-9d1d-faaac6e955f1,ENDPOINT_STUDY_RECORD.ToxicityToBees,1195b0de-88f0-4272-b6dc-f5b55d25e375,bee larval toxicity - chronic,,,03ac36b8-9d0f-4214-b365-09a2b11d5a0f,,not specified,not specified,,,,f74124a3-3a45-4d55-92d2-af6f87b02e96,,,,,,,,,,,,d,4.0,,,,,,Glyphosateisopropylammonium (in MON 0139),,,,,,Apis mellifera,,oral,,,,emergence rate,,,other:,,Glyphosate acid equivalents,,,,75.6,µg per larva per developmental period,,,,other:,22-d ED10,,,larva,,,,,,,,27478a44-b1a7-48bf-8e1a-ee5e2bc60d08,,,,,,,,,,,,,,,,,,,,
3792,3790,942d754f-c61c-4253-8890-16812cdbb02a,ENDPOINT_STUDY_RECORD.ToxicityToBees,0ec3af70-0660-4a8d-813f-f057946f3c4c,bee larval toxicity - chronic,,,5fb9a3f1-c8e5-4e61-aaa3-a449e65db1c7,Species: Apis mellifera; Route: oral,,,,,,,,,,,,,,,,,,,,,,,,,,,,,,,Apis mellifera,,oral,,,,mortality,,,act. ingr.,,,,,>,100.0,µg per larva,,,,LD50,,,,,,,,,,,,22d65642-21e7-487c-a7b4-1636fbd23f1f,,,,,,,,,,,,,,,,,,,,
3793,3791,dd3e91da-c1c6-47f0-8c78-6ced866746a3,ENDPOINT_STUDY_RECORD.ToxicityToBees,22843063-60cf-44bf-8815-a276ee0a1875,toxicity to bees: acute contact,,,da765d33-b97c-4806-856a-0472c1103a77,Species: Apis mellifera; Route: dermal,not specified,not specified,,,,d8d1df5e-2d39-4345-aaa2-e5de6a910624,,,,,,,,,,,,,,,,,,,,,,,,,Apis mellifera,,other:,dermal,,,mortality,,,,,,,,,63.0,other:,µg/piece,,,LD50,,,,,,,other:,,Remarks: Acute contact toxicity,,,ea502a27-412e-469d-af10-7bed3b24044c,,,,,,,,,,,,,,,,,,,,
3794,3792,d6313348-84bc-46ec-8ff4-d20cdffcc9b1,ENDPOINT_STUDY_RECORD.ToxicityToBees,0048d075-d1f9-4b12-b806-c0e845a6f424,toxicity to bees: acute oral,,,7bfe09b7-88f5-4ab5-b8d1-39f26f556d5a,Species: Apis mellifera; Route: oral: unspecified,not specified,not specified,,,,380e4f8d-b0bf-4995-91b2-d13636f7536e,,,,,,,,,,,,,,,,,,,,,,,,,Apis mellifera,,other:,oral: unspecified,,,mortality,,,,,,,,,0.005,other:,µg/piece,,,LD50,,,,,,,other:,,Remarks: Acute oral toxicity; Reference: European Commission (2006),,,763dd023-6a51-4331-b7b5-4d53b6976952,,,,,,,,,,,,,,,,,,,,
3795,3793,7791953d-1ee9-4dff-89bc-c02795a44387,ENDPOINT_STUDY_RECORD.ToxicityToBees,582536dd-ad5d-4ba2-8168-fe0687fc489a,toxicity to bees: acute oral,,,2c11c2fe-3485-4206-af66-14c43994db7f,Species: Apis mellifera; Route: oral: unspecified,not specified,not specified,,,,3ea7e3ee-357b-4c28-a341-0a3d379ae3ce,,,,,,,,,,,,,,,,,,,,,,,,,Apis mellifera,,other:,oral: unspecified,,,mortality,,,,,,,,>,104.0,other:,µg/piece,,,LD50,,,,,,,,,,,,827cef49-c110-4a7d-bfb5-710d83d7e646,,,,,,,,,,,,,,,,,,,,
3796,3794,2eb3430c-c25d-4e4a-9cf0-c28d66b13d94,ENDPOINT_STUDY_RECORD.ToxicityToBees,ce4bbdca-6245-4364-ab4e-2ed58ece4357,toxicity to bees: acute oral,,,3714ce9a-6bf2-4d1c-8823-616fb1a72587,Species: Apis mellifera; Route: oral: unspecified,not specified,not specified,,,,53dcad3d-00c8-48e6-89d6-ffc92c41d71d,,,,,,,,,,,,,,,,,,,Cyazofamid formulation: IKF-916 160SC-N,,,,,,Apis mellifera,,other:,oral: unspecified,,,mortality,,,,,,,,>,31.8,other:,µg/piece,,,LD50,,,,,,,other:,,Remarks: Oral toxicity. The effect level is based on cyazofamid,,,6fe21626-677d-47f7-9f95-60e4e8fa2019,,,,,,,,,,,,,,,,,,,,
3797,3795,329763ed-c90f-4011-9f40-cf74ae89cf69,ENDPOINT_STUDY_RECORD.ToxicityToBees,ce91c86d-78f8-4301-8505-b6e024998880,toxicity to bees: acute contact,,,c776af5e-597a-4e5d-a762-90a9c48dbb86,Species: Apis mellifera; Route: dermal,not specified,not specified,,,,e7d2cd6e-82a4-45ce-8259-c61dc3ab5a65,,,,,,,,,,,,,,,,,,,,,,,,,Apis mellifera,,other:,dermal,,,mortality,,,,,,,,>,100.0,other:,µg/piece,,,LD50,,,,,,,,,,,,a5ed7032-55f2-4511-a5c0-fa6bf240119f,,,,,,,,,,,,,,,,,,,,
3798,3796,76f78403-69f7-41e3-b465-7eeb5b292cf1,ENDPOINT_STUDY_RECORD.ToxicityToBees,c622a51b-e6e4-46b2-90f2-fbeb93a2af0d,toxicity to bees: acute oral,,,c9e4f9c5-d5ee-4133-995c-191036317b20,Species: Apis mellifera; Route: oral: unspecified,not specified,not specified,,,,035d2b46-3dc7-41f9-8f2e-1cfbe2c627f7,,,,,,,,,,,,,,,,,,,,,,,,,Apis mellifera,,other:,oral: unspecified,,,mortality,,,,,,,,,1000.0,other:,µg/piece,,,LD50,,,,,,,,,,,,01171ac6-9019-4960-b15a-5636ace9b8e5,,,,,,,,,,,,,,,,,,,,
3799,3797,4cf263e0-d6d3-4796-8d2d-2cc08753c7e6,ENDPOINT_STUDY_RECORD.ToxicityToBees,7716ef96-3b82-4943-a98c-b55249abc195,toxicity to bees: chronic oral,,,e76901cb-c767-4155-9e19-271cd8be8f9c,Species: Apis mellifera; Route: oral; Exp. duration: 10.0 d,,,,,,,,,,,,,,,,,,d,10.0,,,,,,,,,,,,Apis mellifera,,oral,,,,mortality,,,test mat.,,Callisto 100 SC (A12739A),,,,19.2,µg/bee per day,,,,other:,10-d LD50,,,,,,other:,,Remarks: The following deviation from the EFSA (2013) should be taken into account: i) the reference item test did not result in â‰¥ 50% effects at any concentration; ii) bees did not belong to a single colony.,,,5bbd416b-c5cd-4929-ab25-25d87edc9506,,,,,,,,,,,,,,,,,,,,
3800,3798,07412609-937b-4d1f-946d-54fe0600051a,ENDPOINT_STUDY_RECORD.ToxicityToBees,cfd9fc52-68f4-439d-9c56-cc77bfcdcddf,toxicity to bees: acute contact,,,31d240a9-add4-49af-883b-0c6ebaee4e80,Species: Apis mellifera; Route: dermal,not specified,not specified,,,,3d834796-22e2-4182-982f-54af563ec9a5,,,,,,,,,,,,,,,,,,,,,,,,,Apis mellifera,,other:,dermal,,,mortality,,,,,,,,>,25.0,other:,µg/piece,,,LD50,,,,,,,other:,,Remarks: Acute contact toxicity,,,b1bfa96f-17f0-43ab-a072-4e6c33a45c7e,,,,,,,,,,,,,,,,,,,,
3801,3799,07412609-937b-4d1f-946d-54fe0600051a,ENDPOINT_STUDY_RECORD.ToxicityToBees,cfd9fc52-68f4-439d-9c56-cc77bfcdcddf,toxicity to bees: acute contact,,,6f3381db-c6a5-49b9-955e-1429ecbc45c6,Species: Apis mellifera; Route: dermal,not specified,not specified,,,,3d834796-22e2-4182-982f-54af563ec9a5,,,,,,,,,,,,,,,,,,,,,,,,,Apis mellifera,,other:,dermal,,,mortality,,,,,,,,>,25.0,other:,µg/piece,,,LD50,,,,,,,other:,,Remarks: Acute contact toxicity,,,b1bfa96f-17f0-43ab-a072-4e6c33a45c7e,,,,,,,,,,,,,,,,,,,,
3802,3800,b944d145-dc5b-4fea-80e1-2147f842e47f,ENDPOINT_STUDY_RECORD.ToxicityToBees,582536dd-ad5d-4ba2-8168-fe0687fc489a,bee larval toxicity - chronic,,,49143d9b-6f67-4a90-a62c-f3f89eedd7ea,Species: Apis mellifera; Route: oral,,,,,,,,,,,,,,,,,,,,,,,,,,,,,,,Apis mellifera,,oral,,,,not specified,,,test mat.,,Problad Plus,,,,10.19,µg per larva,,,,other:,8-d NOED,,,,,,,,,,,44e179b3-671e-4fa4-9ceb-6df8de34e518,,,,,,,,,,,,,,,,,,,,
3803,3801,83da4fc8-1b65-466f-9238-c5fb900b440b,ENDPOINT_STUDY_RECORD.ToxicityToBees,ac90fafa-e01a-4d10-a117-b6f40bc2ceff,toxicity to bees: acute oral,,,317a7bf0-b2ac-4c6b-8dc3-8b1806c0ad62,Species: Apis mellifera; Route: oral: unspecified,not specified,not specified,,,,2368385a-15cc-4ddc-998b-6a814b24a167,,,,,,,,,,,,,,,,,,,,,,,,,Apis mellifera,,other:,oral: unspecified,,,mortality,,,,,,,,,12.1,other:,µg/piece,,,LD50,,,,,,,,,,,,26146679-0b4b-4620-907e-eb4ec541dc9e,,,,,,,,,,,,,,,,,,,,
3804,3802,41b8e8ef-d2c2-4c2b-9453-8b8a26def896,ENDPOINT_STUDY_RECORD.ToxicityToBees,2c5327e6-d664-4de5-9e73-97ff3775d21f,toxicity to bees: acute oral,,,6344b6d2-703a-4159-92d5-1233bd28ecea,Species: Apis mellifera; Route: oral: unspecified,not specified,not specified,,,,e067ca3b-a841-4f69-a5b9-80c87384f7bf,,,,,,,,,,,,,,,,,,,Preparation A6097AF,,,,,,Apis mellifera,,other:,oral: unspecified,,,mortality,,,,,,,,,203.4,other:,µg/piece,,,LD50,,,,,,,,,,,,7ce4f0e0-15fa-4a50-a4bc-79fe65b5135a,,,,,,,,,,,,,,,,,,,,
3805,3803,d2afe9be-fa4b-47b5-8373-e5b956dc4141,ENDPOINT_STUDY_RECORD.ToxicityToBees,effff3e8-beb0-463f-859c-26e6956f8f90,bee larval toxicity - chronic,,,e605927c-9032-4b62-999e-3aa19e768014,Species: Apis mellifera; Route: oral; Exp. duration: 5.0 d,,,,,,,,,,,,,,,,,,d,5.0,,,,,,,,,,,,Apis mellifera,,oral,,,,mortality,,,test mat.,,Rapeseed oil formulation (NEU 1161 I),,,>,403.0,µg per larva,,,,LD10,,,,,,,,,,,,21be36ca-9bfe-4029-9418-df9ae105cc4d,,,,,,,,,,,,,,,,,,,,
3806,3804,bc15ea13-94a0-452b-9b44-88a9d0ed7a18,ENDPOINT_STUDY_RECORD.ToxicityToBees,6cb0a6cb-99b5-405c-b63f-a1f29cd27e4b,toxicity to bees: acute contact,,,d30da451-d914-4589-855e-a2e3d2db4827,Limit test: no; Species: Apis mellifera; Route: dermal; Exp. duration: 48.0 h,yes,no,"OECD Guideline 214 (Honeybees, Acute Contact Toxicity Test)",,according to guideline,1ac921c5-46fc-48a1-b454-e91adb4a6332,,,,,no,,,,,,,h,48.0,,,,,,,,,,,,Apis mellifera,,other:,dermal,,,mortality,,,,,,,,>,100.0,other:,µg/piece,,,LD50,,,,,,,other:,,Remarks: contact toxicity,,,b6a7759b-89b4-4c06-b3d3-60723a327826,,,,,,,,,,,,,,,,,,,,
3807,3805,64656d93-a1eb-4252-a679-b74c1fd7556c,ENDPOINT_STUDY_RECORD.ToxicityToBees,153e3ea3-2e72-404e-a564-55a32e7e101f,toxicity to bees: acute oral,,,bb58c4dc-3d2c-433b-bc90-a676e426bef5,Species: Apis mellifera; Route: oral: unspecified; Exp. duration: 48.0 h,yes,not specified,,,,6ab878ef-102c-49b6-a2fa-260808b20131,,,,,,,,,,,,h,48.0,,,,,,Sintofen (formulation) - Croisor 100 SL,,,,,,Apis mellifera,,other:,oral: unspecified,,,mortality,,,,,,,,>,100.0,other:,µg/piece,,,LD50,,,,,,,other:,,Remarks: Acute oral and contact toxicity,,,cf1a3f1c-0d6b-4f48-a090-1acf48520d87,,,,,,,,,,,,,,,,,,,,
3808,3806,8b4d6e70-bdb2-4630-b7c9-e2064860807e,ENDPOINT_STUDY_RECORD.ToxicityToBees,a30b4eb7-d115-4e63-8313-11f79be848f7,bee larval toxicity - chronic,,,cd3e62d7-0067-438d-8ffb-9dff2838d2ce,Species: Apis mellifera; Route: oral; Exp. duration: 4.0 d,,,,,,,,,,,,,,,,,,d,4.0,,,,,,,,,,,,Apis mellifera,,oral,,,,mortality,,,test mat.,,Callisto 100 SC (A12739A),,,,118.5,µg per larva,,,,LD50,,,,,,,,,,,,f7ebe7bd-ef6a-4b77-bea4-aed0516bb203,,,,,,,,,,,,,,,,,,,,
3809,3807,e416423d-4b6b-47d7-9c51-356379ceb1fb,ENDPOINT_STUDY_RECORD.ToxicityToBees,c3ea0f17-3bd8-461e-8ae6-f8dca9ac3fc3,toxicity to bees: chronic oral,,,9eae3a5b-eceb-4fb8-bedb-a37fc3592c22,Species: Apis mellifera; Route: oral; Exp. duration: 10.0 d,not specified,not specified,,,,77b33fcd-c626-47d9-a50a-c85dc1b07279,,,,,,,,,,,,d,10.0,,,,,,,,,,,,Apis mellifera,,oral,,,,mortality,,,act. ingr.,,,,,>,60.2,µg/bee per day,,,,10-d LDD50,,,,,,,,,,,,0ac787ce-fab5-4831-a56b-12e7b0526e8a,,,,,,,,,,,,,,,,,,,,
3810,3808,e416423d-4b6b-47d7-9c51-356379ceb1fb,ENDPOINT_STUDY_RECORD.ToxicityToBees,c3ea0f17-3bd8-461e-8ae6-f8dca9ac3fc3,toxicity to bees: chronic oral,,,fbfefd03-773e-475e-b61f-0b97477c699a,Species: Apis mellifera; Route: oral; Exp. duration: 10.0 d,not specified,not specified,,,,77b33fcd-c626-47d9-a50a-c85dc1b07279,,,,,,,,,,,,d,10.0,,,,,,,,,,,,Apis mellifera,,oral,,,,mortality,,,act. ingr.,,,,,>,60.2,µg/bee per day,,,,10-d LDD50,,,,,,,,,,,,0ac787ce-fab5-4831-a56b-12e7b0526e8a,,,,,,,,,,,,,,,,,,,,
3811,3809,65e78b0b-986f-4e87-a819-e94a84ff611c,ENDPOINT_STUDY_RECORD.ToxicityToBees,c5a05f6c-b34b-4ab6-91f9-da4f8bdcd99e,toxicity to bees: acute oral,,,83792fe3-ab3d-4c0c-94f9-f40c0aa293ab,,not specified,not specified,,,,5bc2671b-6e52-4129-95ce-a719b7677c32,,,,,,,,,,,,h,48.0,,,,,,BAS 540 01 F,,,,,,Apis mellifera,,other:,oral: unspecified,,,mortality,,,act. ingr.,,,h,48.0,>,59.75,µg/bee,,,,LD50,,,,,,,,,,,,914ce218-dc1e-454e-bbdb-55453bba43e6,,,,,,,,,,,,,,,,,,,,
3812,3810,65e78b0b-986f-4e87-a819-e94a84ff611c,ENDPOINT_STUDY_RECORD.ToxicityToBees,c5a05f6c-b34b-4ab6-91f9-da4f8bdcd99e,toxicity to bees: acute oral,,,cdfc9417-f387-4558-9923-8540c15354c6,,not specified,not specified,,,,5bc2671b-6e52-4129-95ce-a719b7677c32,,,,,,,,,,,,h,48.0,,,,,,BAS 540 01 F,,,,,,Apis mellifera,,other:,oral: unspecified,,,mortality,,,act. ingr.,,,h,48.0,>,59.75,µg/bee,,,,LD50,,,,,,,,,,,,914ce218-dc1e-454e-bbdb-55453bba43e6,,,,,,,,,,,,,,,,,,,,
3813,3811,6a00252f-6d52-4a4f-a55b-4ae6800c1936,ENDPOINT_STUDY_RECORD.ToxicityToBees,787941e1-7ebd-4a3c-a3d5-748af40a1934,toxicity to bees: chronic oral,,,3969a60b-66a6-43f0-8ea9-56850b5b3d27,Species: Apis mellifera; Route: oral; Exp. duration: 10.0 d,,,,,,,,,,,,,,,,,,d,10.0,,,,,,,,,,,,Apis mellifera,,oral,,,,mortality,,,act. ingr.,,,,,>,120.0,mg/kg diet,,,,other:,10-d LC50,,,,,,other:,,"Remarks: > 120 mg a.s./kg food, equivalent to > 4.85 Î¼g a.s./bee/d.There was no mortality at the LDD50",,,46e509ba-6728-4825-9951-2744f5757127,,,,,,,,,,,,,,,,,,,,
3814,3812,5a65bb59-c861-414a-8c0e-9dceeef169e8,ENDPOINT_STUDY_RECORD.ToxicityToBees,74334cf4-659a-4dba-ba70-3baa87306383,bee larval toxicity - chronic,,,8067d5c9-daed-4299-8f77-48b984aff1e7,Species: Apis mellifera; Route: oral,,,,,,,,,,,,,,,,,,,,,,,,,,,,,,,Apis mellifera,,oral,,,,mortality,,,test mat.,,CHA 2745-09,,,,0.785,other:,g/kg diet,,,other:,LC50,,,,,,,,,,,f2f45dd8-16e4-479c-96b9-040247324196,,,,,,,,,,,,,,,,,,,,
3815,3813,47b9bb95-bb03-420e-9911-3994a8a4ce61,ENDPOINT_STUDY_RECORD.ToxicityToBees,01200537-11cd-4953-965c-2789c191cd79,toxicity to bees: chronic oral,,,ea117d56-cdb1-4643-80e0-c6a853c5c1fb,,not specified,not specified,,,,c6c0c64e-5c10-49cf-b2d4-0039aa0afd81,,,,,,,,,,,,d,10.0,,,,,,,,,,,,Apis mellifera,,oral,,,,mortality,,,,,,,,>,4.42,µg/bee per day,,,,other:,,10-d LC50,,,,,,,,,,16bd33a1-218a-4bad-ac6c-64e429b1035f,,,,,,,,,,,,,,,,,,,,
3816,3814,8480184d-06bf-48b8-9744-ed43d376cae6,ENDPOINT_STUDY_RECORD.ToxicityToBees,4104338f-ade3-4caa-9a0b-aa7f59b2f674,toxicity to bees: acute contact,,,9176d8c7-c354-4973-9f66-6d42a4332198,Species: Apis mellifera; Route: dermal; Exp. duration: 48.0 h,not specified,not specified,,,,648c6e91-cb15-45c0-a77a-03d3a41705f7,,,,,,,,,,,,h,48.0,,,,,,BAS 656 H,,,,,,Apis mellifera,,other:,dermal,,,mortality,,,,,,,,,93.8,other:,µg/piece,,,LD50,,,,,,,other:,,Remarks: Endpoints from studies conducted in autumn using old bees (3-5 weeks).,,,e490b3bd-2cf1-4eb3-8419-ec0e1ff1f1d3,,,,,,,,,,,,,,,,,,,,
3817,3815,db6a9bbc-3fc5-482a-b85f-b6b7a73275a2,ENDPOINT_STUDY_RECORD.ToxicityToBees,5d1907a1-6bea-40e1-8512-bd798a9b4fca,toxicity to bees: acute contact,,,d9208219-9dd1-4ead-bfb0-78397aec1a9b,Species: Apis mellifera; Route: dermal,not specified,not specified,,,,27044846-ed48-4336-bcaa-85a07ba0a17c,,,,,,,,,,,,,,,,,,,,,,,,,Apis mellifera,,other:,dermal,,,mortality,,,,,,,,,0.081,other:,µg/piece,,,LD50,,,,,,,other:,,Remarks: Acute contact toxicity,,,377e0f45-587f-4913-b8e1-ed7bf0d49b40,,,,,,,,,,,,,,,,,,,,
3818,3816,9b884d7b-6453-4bbb-ab0e-ca6e55d1e298,ENDPOINT_STUDY_RECORD.ToxicityToBees,ec4fd598-ee5c-430e-b1a0-12eba212590e,toxicity to bees: chronic oral,,,c0d56cd0-1d67-4061-a8e9-1154c68e94b1,Species: Apis mellifera; Route: oral; Exp. duration: 10.0 d,,,,,,,,,,,,,,,,,,d,10.0,,,,,,,,,,,,Apis mellifera,,oral,,,,mortality,,,test mat.,,Flurtamone SC 350 G,,,>,120.0,mg/kg diet,,,,other:,10-d LC50,,,,,,,,,,,4c6282ff-ad3a-4608-b0b6-6f65e23d3813,,,,,,,,,,,,,,,,,,,,
3819,3817,fea6f256-d9b0-48af-a174-85a3b06f7c8b,ENDPOINT_STUDY_RECORD.ToxicityToBees,9a2ddf54-9f55-4437-8dd8-28f3c7136969,toxicity to bees: acute oral,,,7020d33f-7c57-4b95-9e19-57a01dbcbcb4,Species: Apis mellifera; Route: oral: unspecified,not specified,not specified,,,,ac4f8b3e-511d-4b75-ae26-4360b64dc22a,,,,,,,,,,,,,,,,,,,,,,,,,Apis mellifera,,other:,oral: unspecified,,,mortality,,,,,,,,>,200.0,other:,µg/piece,,,LD50,,,,,,,other:,,Remarks: Acute oral and contact toxicity,,,415b270b-9a54-40c3-b23a-4c6c13981271,,,,,,,,,,,,,,,,,,,,
3820,3818,ce4f6d7d-d5ef-4a48-a2a1-1a09c1800865,ENDPOINT_STUDY_RECORD.ToxicityToBees,598485a5-4243-4a5b-9624-4bf6b680f892,toxicity to bees: acute contact,,,149f15df-257b-494d-887c-5f332a9453da,Species: Apis mellifera; Route: dermal,not specified,not specified,,,,83017360-9a60-461c-9881-54ba783f08f4,,,,,,,,,,,,,,,,,,,,,,,,,Apis mellifera,,other:,dermal,,,mortality,,,,,,,,>,98.1,other:,µg/piece,,,LD50,,,,,,,,,,,,f5b811ed-6c50-48c1-8218-1eb4f7e2613a,,,,,,,,,,,,,,,,,,,,
3821,3819,275e6d8c-d99f-41e1-bacd-00541ab71e1d,ENDPOINT_STUDY_RECORD.ToxicityToBees,f3e4579e-2e70-4758-85fd-ce59f3a0da32,toxicity to bees: acute oral,,,fa7d3a40-d81c-4b9c-bdd1-277fa7bc8bd6,Limit test: no; Species: Apis mellifera; Route: oral: unspecified; Exp. duration: 48.0 h,yes,no,"OECD Guideline 213 (Honeybees, Acute Oral Toxicity Test)",,according to guideline,cee350f4-a1cb-49c2-8b5b-08a852b749ec,,,,,no,,,,,,,h,48.0,,,,,,,,,,,,Apis mellifera,,other:,oral: unspecified,,,mortality,,,,,,,,>,112.2,other:,µg/piece,,,LD50,,,,,,,other:,,Remarks: Acute oral toxicity,,,bebff2de-ca67-424e-bc3d-07aa07ab24a6,,,,,,,,,,,,,,,,,,,,
3822,3820,93878d2d-fc76-4acf-8cb1-29d99440a1da,ENDPOINT_STUDY_RECORD.ToxicityToBees,0048d075-d1f9-4b12-b806-c0e845a6f424,toxicity to bees: acute contact,,,9b2995b9-c35c-4ab9-84b0-7654eb4b596d,Species: Apis mellifera; Route: dermal; Exp. duration: 72.0 h,not specified,not specified,,,,51fafa8e-4cff-4343-b119-45a0c75afd2b,,,,,,,,,,,,h,72.0,,,,,,Formulation: Actara (25.2 % thiamethoxam),,,,,,Apis mellifera,,other:,dermal,,,mortality,,,,,,,,,5.55,other:,g/ha,,,LD50,,,,,,,other:,,Remarks: Acute contact toxicity,,,5038878c-528b-4929-898e-b7c09b05eb97,,,,,,,,,,,,,,,,,,,,
3823,3821,1667362d-2d19-45ee-b3f7-feee46f93628,ENDPOINT_STUDY_RECORD.ToxicityToBees,8b29bc03-cc0a-4ba2-ac9e-c3aa6a409757,toxicity to bees: acute contact,,,df421e86-d1fa-48f8-8445-344ef78b1b3e,Species: Apis mellifera; Route: dermal; Exp. duration: 48.0 h,not specified,not specified,,,,20e0da6e-238e-436e-abf8-d9aa09a83f73,,,,,,,,,,,,h,48.0,,,,,,MCPP-P DMA formulated as water soluble concentrate liquid (SL),,,,,,Apis mellifera,,other:,dermal,,,mortality,,,act. ingr.,,,h,48.0,>,83.0,other:,µg/piece,,,LD50,,,,,,,,,,,,aed457b8-9ac9-4f32-a175-a13db6c9d6b9,,,,,,,,,,,,,,,,,,,,
3824,3822,1667362d-2d19-45ee-b3f7-feee46f93628,ENDPOINT_STUDY_RECORD.ToxicityToBees,8b29bc03-cc0a-4ba2-ac9e-c3aa6a409757,toxicity to bees: acute contact,,,e85276bc-9de7-4a61-b311-971e7137d8fb,Species: Apis mellifera; Route: dermal; Exp. duration: 48.0 h,not specified,not specified,,,,20e0da6e-238e-436e-abf8-d9aa09a83f73,,,,,,,,,,,,h,48.0,,,,,,MCPP-P DMA formulated as water soluble concentrate liquid (SL),,,,,,Apis mellifera,,other:,dermal,,,mortality,,,act. ingr.,,,h,48.0,>,83.0,other:,µg/piece,,,LD50,,,,,,,,,,,,aed457b8-9ac9-4f32-a175-a13db6c9d6b9,,,,,,,,,,,,,,,,,,,,
3825,3823,80da4ba0-dda3-4c58-9f46-9b910cfa73ea,ENDPOINT_STUDY_RECORD.ToxicityToBees,938af284-946b-44ea-82f3-3512ccf1527e,toxicity to bees: acute oral,,,d331a949-2db5-4bb8-bf4f-be343da48d6e,Species: Apis mellifera; Route: oral: unspecified; Exp. duration: 48.0 h,not specified,not specified,,,,effbf0c6-4234-4513-82a0-62ec1d5fa57d,,,,,,,,,,,,h,48.0,,,,,,Foramsulfuron + Isoxadifen-ethyl OD 45 (22.5 + 22.5 g/L),,,,,,Apis mellifera,,other:,oral: unspecified,,,mortality,,,,,,,,>,5.0,other:,µg/piece,,,LD50,,,,,,,,,,,,ebb0da48-8107-435f-8699-39265e327a35,,,,,,,,,,,,,,,,,,,,
3826,3824,071c60df-6b12-46ed-900f-7580c3059a5c,ENDPOINT_STUDY_RECORD.ToxicityToBees,6df6c0f1-e93b-40a9-899d-1aa787006658,bee larval toxicity - acute,,,ce166716-b1ec-484e-a17b-d89872dc1d5c,Species: Apis mellifera; Route: oral; Exp. duration: 1.0 d,,,,,,,,,,,,,,,,,,d,1.0,,,,,,,,,,,,Apis mellifera,,oral,,,,mortality,,,act. ingr.,,,,,>,99.4,µg per larva,,,,other:,LC 50,,,,,,,,,,,28725d55-3a2a-4936-9980-0b6ae019a507,,,,,,,,,,,,,,,,,,,,
3827,3825,d2530c5b-b0e5-4261-9a3f-467e707044a6,ENDPOINT_STUDY_RECORD.ToxicityToBees,6df6c0f1-e93b-40a9-899d-1aa787006658,bee larval toxicity - chronic,,,ce166716-b1ec-484e-a17b-d89872dc1d5c,Species: Apis mellifera; Route: oral; Exp. duration: 4.0 d,,,,,,,,,,,,,,,,,,d,4.0,,,,,,,,,,,,Apis mellifera,,oral,,,,mortality,,,test mat.,,IMS+MPR OD 400,,,,10.0,other:,g/ha,,,other:,NOEC,,,,,,other:,,Remarks: NOEC mortality relating to adult,,,bfdcef5d-5c1c-4fd5-a948-7fb2b59fba48,,,,,,,,,,,,,,,,,,,,
3828,3826,c52e05d4-c597-480a-8153-76811e149ff8,ENDPOINT_STUDY_RECORD.ToxicityToBees,df3cee97-bc01-4f67-9505-c907af05a2e1,toxicity to bees: acute contact,,,7f2d3d9d-b143-423b-bd98-7c9d326af77e,Species: Apis mellifera; Route: dermal,not specified,not specified,,,,829c24ca-8ff6-4d3a-a35e-9b2b1da3c7ef,,,,,,,,,,,,,,,,,,,Preparation: Eradicoat,,,,,,Apis mellifera,,other:,dermal,,,mortality,,,,,,,,>,200.0,other:,µg/piece,,,LD50,,,,,,,other:,,Remarks: Acute contact toxicity,,,c4d053b9-8b67-439f-b73e-f81f3d614604,,,,,,,,,,,,,,,,,,,,
3829,3827,05476182-8063-4d04-b8b2-2e84b1b84241,ENDPOINT_STUDY_RECORD.ToxicityToBees,387c5200-ff8d-4c2f-8d09-e811bcfe1ea1,toxicity to bees: acute oral,,,7fbbda31-e332-44f8-975a-e9ad6751ff8c,Species: Apis mellifera; Route: oral: unspecified,not specified,not specified,,,,7acfca6e-2a53-4352-a976-ce5ee2038936,,,,,,,,,,,,,,,,,,,,,,,,,Apis mellifera,,other:,oral: unspecified,,,mortality,,,,,,,,,0.00417,other:,µg/piece,,,LD50,,,,,,,other:,,Remarks: No HQ is calculated since this approach is inappropriate for soil and seed treatments.,,,206fa3fd-3ebc-42fc-a1c3-b828542101ac,,,,,,,,,,,,,,,,,,,,
3830,3828,ca24199c-affb-43e3-89a8-7af304891422,ENDPOINT_STUDY_RECORD.ToxicityToBees,1d4b107f-5abe-4373-852f-a7b56316506d,bee larval toxicity - chronic,,,5f799b33-7491-4195-8159-cc2d7115d0fd,Species: Apis mellifera; Route: oral; Exp. duration: 4.0 d,,,,,,,,,,,,,,,,,,d,4.0,,,,,,,,,,,,Apis mellifera,,oral,,,,not specified,,,test mat.,,Pelargonic acid (tested as MON 74134),,,,15.0,µg per larva,,,,ED10,,,,,,,,,,,,b0f814f2-dfe6-47b4-9517-0354bbafd459,,,,,,,,,,,,,,,,,,,,
3831,3829,fb599c63-8c27-4288-902a-cde109bb738d,ENDPOINT_STUDY_RECORD.ToxicityToBees,a9c3e2f4-e9fd-4210-9f66-4d0a19ef6011,toxicity to bees: acute oral,,,2dfa73d5-ad74-40b2-8fa8-71eaf6288071,Limit test: no; Species: Apis mellifera; Route: oral: unspecified; Exp. duration: 48.0 h,yes,no,other:,OTHER GUIDELINE,according to guideline,73c55955-7e65-430c-bba0-40e32da49e1e,,,,,no,,,,,,,h,48.0,,,,,,,,,,,,Apis mellifera,,other:,oral: unspecified,,,mortality,,,,,,,,>,100.0,other:,µg/piece,,,LD50,,,,,,,other:,,"Remarks: Oral and contact toxicity. Guidelines: EPPO 170, Bulletin OEPP/EPPO Bulletin 22, 203-215, 1992 (oral); EPA, Subdiv. L, 540/9-82-019, 1982 (contact).",,,4484d6a4-7018-419d-b7b3-f22bc56e0240,,,,,,,,,,,,,,,,,,,,
3832,3830,7f00861f-29a8-495a-80cb-5c7234ccfa4c,ENDPOINT_STUDY_RECORD.ToxicityToBees,74334cf4-659a-4dba-ba70-3baa87306383,toxicity to bees: chronic oral,,,8067d5c9-daed-4299-8f77-48b984aff1e7,Species: Apis mellifera; Route: oral; Exp. duration: 10.0 d,,,,,,,,,,,,,,,,,,d,10.0,,,,,,,,,,,,Apis mellifera,,oral,,,,mortality,,,test mat.,,CHA 2745-05,,,,1.949,other:,g/kg food,,,other:,10-d LC50,,,,,,,,,,,8f7e2579-9cb1-4cda-a053-76f8fd4d0277,,,,,,,,,,,,,,,,,,,,
3833,3831,0dba342e-7635-48bc-a292-6082bacc0196,ENDPOINT_STUDY_RECORD.ToxicityToBees,d03cb3f4-04de-4257-8ee0-48aed714c18d,toxicity to bees: acute oral,,,0386629b-1da9-496f-be57-472128b199df,Species: Apis mellifera; Route: oral: unspecified,not specified,not specified,,,,74d93cac-add7-425a-bd59-655e4ed9c7b6,,,,,,,,,,,,,,,,,,,,,,,,,Apis mellifera,,other:,oral: unspecified,,,mortality,,,,,,,,>,10.0,other:,µg/piece,,,LD50,,,,,,,other:,,Remarks: Acute oral toxicity,,,d7a6ec60-d3de-492c-9b02-a474eda769c9,,,,,,,,,,,,,,,,,,,,
3834,3832,600f6de5-0af5-48e5-bf16-8ef0b8234e52,ENDPOINT_STUDY_RECORD.ToxicityToBees,45ede61d-943e-4290-a6cf-21f60677c6ff,toxicity to bees: acute contact,,,c44bf21b-3fde-45a1-930b-2ef1a917e0f5,Limit test: no; Species: Apis mellifera; Route: dermal; Exp. duration: 48.0 h,yes,no,other:,OTHER GUIDELINE,according to guideline,d1f011b8-b618-46e1-94ea-dcd0efdd6484,,,,,no,,,,,,,h,48.0,,,,,,,,,,,,Apis mellifera,,other:,dermal,,,mortality,,,,,,,,,0.16,other:,µg/piece,,,LD50,,,,,,,other:,,Remarks: contact. guideline: EPPO Guideline No. 170 (1992),,,21ed0ae4-3ccb-42b7-a14b-e95e95fe251a,,,,,,,,,,,,,,,,,,,,
3835,3833,ac07f51a-4817-441b-b5ca-b519e3b7b8c4,ENDPOINT_STUDY_RECORD.ToxicityToBees,1195b0de-88f0-4272-b6dc-f5b55d25e375,toxicity to bees: acute contact,,,6c48ef8e-0596-4fc8-8c79-d7ff04158b43,Species: Apis mellifera; Route: dermal,not specified,not specified,,,,c9aee2f4-fec3-4f26-b89b-3623e022a524,,,,,,,,,,,,,,,,,,,,,,,,,Apis mellifera,,other:,dermal,,,mortality,,,,,,,,>,100.0,other:,µg/piece,,,LD50,,,,,,,other:,,Remarks: Acute contact toxicity,,,be7b32bd-cf9a-4f53-87b2-251778ea9202,,,,,,,,,,,,,,,,,,,,
3836,3834,1af3281a-5a3d-4fb5-9337-4c9879085c9d,ENDPOINT_STUDY_RECORD.ToxicityToBees,87889576-4fa8-4117-a5cf-861c249d60f2,toxicity to bees: acute contact,,,4a08111c-c4dc-424e-8e9d-f0f217606fca,,not specified,not specified,,,,aee1abea-8cb0-4cb1-8fbb-420262d11206,,,,,,,,,,,,,,,,,,,Lenacil 500 g/L SC,,,,,,Apis mellifera,,other:,dermal,,,mortality,,,act. ingr.,,,,,>,100.0,µg/bee,,,,LD50,,,,,,,,,,,,eb3fc929-9bc0-47fa-852c-444d0fd9ec72,,,,,,,,,,,,,,,,,,,,
3837,3835,6da7d829-19f0-4e06-ac3c-ce80c52220a1,ENDPOINT_STUDY_RECORD.ToxicityToBees,0ef03897-f7a9-4220-a3e1-fe23227851d7,toxicity to bees: acute oral,,,dcf3e84d-81ad-442d-a7cf-a89c192e4be9,Species: Apis mellifera; Route: oral: unspecified,not specified,not specified,,,,2713b1de-ae4a-49f2-a14a-c61edec0aaa5,,,,,,,,,,,,,,,,,,,,,,,,,Apis mellifera,,other:,oral: unspecified,,,mortality,,,,,,,,>,110.7,other:,µg/piece,,,LD50,,,,,,,other:,,Remarks: Acute oral toxicity,,,2b88f67a-7fca-4730-98d6-2c0c18d288aa,,,,,,,,,,,,,,,,,,,,
3838,3836,6da7d829-19f0-4e06-ac3c-ce80c52220a1,ENDPOINT_STUDY_RECORD.ToxicityToBees,0ef03897-f7a9-4220-a3e1-fe23227851d7,toxicity to bees: acute oral,,,5205bff2-67e0-46ad-ab55-fc5ab6e27fd3,Species: Apis mellifera; Route: oral: unspecified,not specified,not specified,,,,2713b1de-ae4a-49f2-a14a-c61edec0aaa5,,,,,,,,,,,,,,,,,,,,,,,,,Apis mellifera,,other:,oral: unspecified,,,mortality,,,,,,,,>,110.7,other:,µg/piece,,,LD50,,,,,,,other:,,Remarks: Acute oral toxicity,,,2b88f67a-7fca-4730-98d6-2c0c18d288aa,,,,,,,,,,,,,,,,,,,,
3839,3837,fc1a66ff-d926-47f8-97da-d22054308db3,ENDPOINT_STUDY_RECORD.ToxicityToBees,4104338f-ade3-4caa-9a0b-aa7f59b2f674,toxicity to bees: acute oral,,,9176d8c7-c354-4973-9f66-6d42a4332198,Species: Apis mellifera; Route: oral: unspecified; Exp. duration: 48.0 h,not specified,not specified,,,,f0810e22-78a1-444a-a017-8242872d49c1,,,,,,,,,,,,h,48.0,,,,,,BAS 656 H,,,,,,Apis mellifera,,other:,oral: unspecified,,,mortality,,,,,,,,,118.8,other:,µg/piece,,,LD50,,,,,,,other:,,Remarks: Endpoints from studies conducted in autumn using old bees (3-5 weeks).,,,2e536aa3-f805-4261-8644-e4d01b43614d,,,,,,,,,,,,,,,,,,,,
3840,3838,fc1dd46d-2840-4088-b1e4-da9fd4437787,ENDPOINT_STUDY_RECORD.ToxicityToBees,effff3e8-beb0-463f-859c-26e6956f8f90,bee larval toxicity - chronic,,,e605927c-9032-4b62-999e-3aa19e768014,Species: Apis mellifera; Route: oral; Exp. duration: 5.0 d,,,,,,,,,,,,,,,,,,d,5.0,,,,,,,,,,,,Apis mellifera,,oral,,,,mortality,,,test mat.,,Rapeseed oil formulation (NEU 1161 I),,,>,6750.0,mg/kg diet,,,,other:,8-d LC50,,,,,,,,,,,16f14302-fbd8-4506-a3f4-82a6b490daa6,,,,,,,,,,,,,,,,,,,,
3841,3839,178e4ea0-1f30-456b-beb5-73dc17f31b7c,ENDPOINT_STUDY_RECORD.ToxicityToBees,f3e4579e-2e70-4758-85fd-ce59f3a0da32,toxicity to bees: acute contact,,,fa7d3a40-d81c-4b9c-bdd1-277fa7bc8bd6,Species: Apis mellifera; Route: dermal,not specified,not specified,,,,5fe02b6d-c799-4025-adc9-4bd477732bff,,,,,,,,,,,,,,,,,,,,,,,,,Apis mellifera,,other:,dermal,,,mortality,,,,,,,,>,200.0,other:,µg/piece,,,LD50,,,,,,,,,,,,7e8ea113-5c6f-47fc-b603-0a3bdb72ff34,,,,,,,,,,,,,,,,,,,,
3842,3840,a0cb4f7e-051f-4c7b-8889-ac2ac4b19bab,ENDPOINT_STUDY_RECORD.ToxicityToBees,2f0b6cdf-113b-4f27-b1f7-c28927ac46ff,bee larval toxicity - chronic,,,679a730d-6ac5-4273-a821-4fb979dcb2e6,,not specified,not specified,,,,d53ef9fb-5217-4b2b-b855-4b81ce8c7c79,,,,,,,,,,,,,,,,,,,CHORUS 50 WG (A8637C),,,,,,Apis mellifera,,oral,,,,mortality,,,act. ingr.,,,,,,25.45,µg per larva per developmental period,,,,other:,8-d LD10,,,,,,other:,,Large amount of uneaten food and smaller body size were observed; endpoints are derived from data of day 7 (being worst case),,,f507b678-0cca-4efe-8858-f15166f9d40a,,,,,,,,,,,,,,,,,,,,
3843,3841,a0cb4f7e-051f-4c7b-8889-ac2ac4b19bab,ENDPOINT_STUDY_RECORD.ToxicityToBees,2f0b6cdf-113b-4f27-b1f7-c28927ac46ff,bee larval toxicity - chronic,,,679a730d-6ac5-4273-a821-4fb979dcb2e6,,not specified,not specified,,,,d53ef9fb-5217-4b2b-b855-4b81ce8c7c79,,,,,,,,,,,,,,,,,,,CHORUS 50 WG (A8637C),,,,,,Apis mellifera,,oral,,,,mortality,,,act. ingr.,,,,,,32.18,µg per larva per developmental period,,,,other:,8-d LD20,,,,,,other:,,Large amount of uneaten food and smaller body size were observed; endpoints are derived from data of day 7 (being worst case),,,4f78c2d6-ff8f-4b52-81e9-b75f3d5efe83,,,,,,,,,,,,,,,,,,,,
3844,3842,a0cb4f7e-051f-4c7b-8889-ac2ac4b19bab,ENDPOINT_STUDY_RECORD.ToxicityToBees,2f0b6cdf-113b-4f27-b1f7-c28927ac46ff,bee larval toxicity - chronic,,,679a730d-6ac5-4273-a821-4fb979dcb2e6,,not specified,not specified,,,,d53ef9fb-5217-4b2b-b855-4b81ce8c7c79,,,,,,,,,,,,,,,,,,,CHORUS 50 WG (A8637C),,,,,,Apis mellifera,,oral,,,,mortality,,,act. ingr.,,,,,,43.9,µg per larva per developmental period,,,,other:,8-d LD50,,,,,,other:,,Large amount of uneaten food and smaller body size were observed; endpoints are derived from data of day 7 (being worst case),,,6d9b4b0f-41f9-47d4-a54b-2af541e594dd,,,,,,,,,,,,,,,,,,,,
3845,3843,b6abc8c8-4176-4e15-b9cb-5477250f4112,ENDPOINT_STUDY_RECORD.ToxicityToBees,1a12a5f4-7fc6-494d-b9ff-4bab4072af13,toxicity to bees: acute oral,,,f547b6c2-71cb-4264-9ba2-5a100facd114,Species: Apis mellifera; Route: oral: unspecified,not specified,not specified,,,,92dd9d1c-7a1a-48d9-9046-4d6fe3b8cfbb,,,,,,,,,,,,,,,,,,,,,,,,,Apis mellifera,,other:,oral: unspecified,,,mortality,,,,,,,,>,97.3,other:,µg/piece,,,LD50,,,,,,,other:,,Remarks: Acute oral toxicity,,,7ab201e7-9b0c-44a0-a5ca-ef674c6d1353,,,,,,,,,,,,,,,,,,,,
3846,3844,12e35de1-49f4-4c58-9014-c2ed99d8b69e,ENDPOINT_STUDY_RECORD.ToxicityToBees,a17fa1e2-becd-4126-a75d-b58034c8d375,toxicity to bees: acute oral,,,aa40722f-8b89-4611-bd70-38a34b4705f0,Limit test: no; Species: Apis mellifera; Route: oral: unspecified; Exp. duration: 48.0 h,no,no,other:,OTHER GUIDELINE,according to guideline,3a21e020-2f6e-47f4-89fc-e6338330ca05,,,,,no,,,,,,,h,48.0,,,,,,,,,,,,Apis mellifera,,other:,oral: unspecified,,,mortality,,,,,,,,>,2.0,other:,µg/piece,,,LD50,,,,,,,other:,,"Remarks: Acute oral toxicity. Guideline: Ministry of Agriculture, Fisheries and Food (Revised 1979). Pesticides Safety Precautions Scheme, Working Document D3. Laboratory testing for toxicity to honey bees.",,,090ce0a6-f421-4a01-959f-e4a9c559ca3b,,,,,,,,,,,,,,,,,,,,
3847,3845,5179a703-ce39-4f72-88c6-81086eee2b7a,ENDPOINT_STUDY_RECORD.ToxicityToBees,43313115-7fa9-4ac0-a83d-e051fb07d10d,toxicity to bees: acute contact,,,a867499d-7c44-409e-8369-f724295a06c3,Species: Apis mellifera; Route: dermal; Exp. duration: 48.0 h,not specified,not specified,,,,e7e8461c-1d92-4771-aad2-5b663fb5c670,,,,,,,,,,,,h,48.0,,,,,,,,,,,,Apis mellifera,,other:,dermal,,,mortality,,,,,,,,>,100.0,other:,µg/piece,,,LD50,,,,,,,other:,,Remarks: Acute contact toxicity,,,af825da3-5267-4797-b93f-38e922f60d28,,,,,,,,,,,,,,,,,,,,
3848,3846,d315cac4-780e-4910-8f61-ca3e0a4c1096,ENDPOINT_STUDY_RECORD.ToxicityToBees,e58b9bea-f3b4-4783-91cb-009efdd0824a,toxicity to bees: acute contact,,,a6b17eec-9563-4624-83ac-0b3c18d89004,Species: Apis mellifera; Route: dermal; Exp. duration: 48.0 h,not specified,not specified,,,,0a07e56c-99e5-49c2-b295-b60f1cb3cbdd,,,,,,,,,,,,h,48.0,,,,,,,,,,,,Apis mellifera,,other:,dermal,,,mortality,,,,,,,,>,50.0,other:,µg/piece,,,LD50,,,,,,,other:,,Remarks: Acute contact toxicity test,,,f597e0de-6c7b-4bf4-8f27-c4bf3aaeb9df,,,,,,,,,,,,,,,,,,,,
3849,3847,da6393b7-c090-4ca8-b740-69496a715195,ENDPOINT_STUDY_RECORD.ToxicityToBees,9625ead3-dbfb-4dcb-8f30-46d46c586d23,toxicity to bees: acute contact,,,b486afa7-83c2-4653-a42a-aa3280026740,Limit test: no; Species: Apis mellifera; Route: dermal; Exp. duration: 48.0 h,yes,no,other:,OTHER GUIDELINE,according to guideline,c575a569-cd14-436a-806e-842a239f6cac,,,,,no,,,,,,,h,48.0,,,,,,,,,,,,Apis mellifera,,other:,dermal,,,mortality,,,,,,,,>,80.0,other:,µg/piece,,,LD50,,,,,,,other:,,"Remarks: Acute contact toxicity. Guideline: FIFRA Subdivision L, Hazard Evaluation: Insecticide and Rodenticide Act, Non-Target Insects. EPA. October, 1982.",,,9d4d6e08-4449-48f1-9546-77b5c6d68404,,,,,,,,,,,,,,,,,,,,
3850,3848,99cd875e-4a38-4cf0-a94f-a1c6dc4c22a3,ENDPOINT_STUDY_RECORD.ToxicityToBees,4cbfe12f-336f-4365-9781-aa4c4740d3a9,toxicity to bees: acute contact,,,71c1537f-f399-44c1-be8c-dd02cb6e6267,Species: Apis mellifera; Route: dermal,not specified,not specified,,,,58d7306c-51d5-417b-9624-2ab189407fdb,,,,,,,,,,,,,,,,,,,,,,,,,Apis mellifera,,other:,dermal,,,mortality,,,,,,,,>,180.0,other:,µg/piece,,,LD50,,,,,,,other:,,Remarks: Acute contact toxicity,,,4c2aae96-6168-4228-b9cb-b4da19d0b2df,,,,,,,,,,,,,,,,,,,,
3851,3849,7033807f-d661-4152-a110-1af84fcba2e0,ENDPOINT_STUDY_RECORD.ToxicityToBees,1dcf8338-822a-4e25-858f-f4b0df4f6377,toxicity to bees: acute oral,,,de7be29d-806e-464d-8ae8-a4717242df05,Species: Apis mellifera; Route: oral: unspecified,not specified,not specified,,,,3d0b1ff8-b9ce-44dd-9ceb-8c4397c01018,,,,,,,,,,,,,,,,,,,,,,,,,Apis mellifera,,other:,oral: unspecified,,,mortality,,,,,,,,>,93.3,other:,µg/piece,,,LD50,,,,,,,other:,,Remarks: Oral toxicity,,,98c7810c-bd8c-44db-a4af-d70d21bfe59a,,,,,,,,,,,,,,,,,,,,
3852,3850,aa292055-b1ea-4491-a103-b9a064624da5,ENDPOINT_STUDY_RECORD.ToxicityToBees,0ea3181a-97ba-4452-a328-7c835aacdba1,bee larval toxicity - chronic,,,e3d40140-6955-44a9-9491-5f62b312a81c,Species: Apis mellifera; Route: oral; Exp. duration: 4.0 d,,,,,,,,,,,,,,,,,,d,4.0,,,,,,,,,,,,Apis mellifera,,oral,,,,not specified,,,act. ingr.,,,,,,0.175,other:,g/L feed,,,other:,NOEC,,,,,,,,,,,0d630824-9e99-4649-8dfd-d69d3d6f46ea,,,,,,,,,,,,,,,,,,,,
3853,3851,39ba1c0b-3a99-487c-8a40-e43dedf1f929,ENDPOINT_STUDY_RECORD.ToxicityToBees,39d5d864-f473-4504-ad8b-eb871e5e4998,toxicity to bees: acute oral,,,cd653dec-aba3-4cf7-b73f-dbe8d45e1633,Limit test: no; Species: Apis mellifera; Route: oral: unspecified; Exp. duration: 48.0 h,yes,no,"OECD Guideline 213 (Honeybees, Acute Oral Toxicity Test)",,according to guideline,1963ce65-b0a8-40b1-bfb2-2ab378389207,,,,,no,,,,,,,h,48.0,,,,,,,,,,,,Apis mellifera,,other:,oral: unspecified,,,mortality,,,,,,,,>,100.0,other:,µg/piece,,,LD50,,,,,,,other:,,Remarks: oral and contact,,,1f765be3-38f4-44c2-88fa-71311e16d44e,,,,,,,,,,,,,,,,,,,,
3854,3852,f0b51991-faba-4553-b40e-03228c4792fe,ENDPOINT_STUDY_RECORD.ToxicityToBees,bd462d3b-8808-4d7d-b261-52a61bf1f15f,toxicity to bees: acute contact,,,95d9c99c-915c-41f3-b555-3bfb31ab9e37,Limit test: yes; Species: Apis mellifera; Route: dermal; Exp. duration: 48.0 h,yes,no,"OECD Guideline 214 (Honeybees, Acute Contact Toxicity Test)",,according to guideline,c1ead2c2-1900-45b2-af51-65b8fe1126f2,,,,,yes,,,,,,,h,48.0,,,,,,,,,,,,Apis mellifera,,other:,dermal,,,mortality,,,,,,,,>,100.0,other:,µg/piece,,,LD50,,,,,,,other:,,Remarks: contact toxicity,,,24d05740-5e12-4afa-8cf5-3ac9a27b5869,,,,,,,,,,,,,,,,,,,,
3855,3853,4c1b81f1-512d-4b8c-a323-84775b8809b1,ENDPOINT_STUDY_RECORD.ToxicityToBees,5d1907a1-6bea-40e1-8512-bd798a9b4fca,bee larval toxicity - chronic,,,72e6d370-7cb4-4f1e-af7a-8bd7050b29d8,Species: Apis mellifera; Route: oral; Exp. duration: 3.0 d,,,,,,,,,,,,,,,,,,d,3.0,,,,,,,,,,,,Apis mellifera,,oral,,,,mortality,,,test mat.,,Propineb WG 70A V,,,,0.00528,µg per larva per developmental period,,,,other:,7-d NOEL,,,,,,other:,,Remarks: Provisional endpoint because of 3 days exposure and nominal food consumption,,,2c7ea838-0e28-4b38-968e-75ac5231404a,,,,,,,,,,,,,,,,,,,,
3856,3854,c012effb-b1d6-4219-9891-b5df49ce7334,ENDPOINT_STUDY_RECORD.ToxicityToBees,582536dd-ad5d-4ba2-8168-fe0687fc489a,toxicity to bees: acute contact,,,2c11c2fe-3485-4206-af66-14c43994db7f,Species: Apis mellifera; Route: dermal,not specified,not specified,,,,3a3b9192-ab07-47fd-9381-857224856d39,,,,,,,,,,,,,,,,,,,,,,,,,Apis mellifera,,other:,dermal,,,mortality,,,,,,,,>,271.4,other:,µg/piece,,,LD50,,,,,,,,,,,,68abfea9-f05b-490f-ac9d-098b56230a7f,,,,,,,,,,,,,,,,,,,,
3857,3855,90b1da5d-0cfc-45fe-a4ad-cbd07ac98da6,ENDPOINT_STUDY_RECORD.ToxicityToBees,31cdba5b-cbc1-4b64-8215-d20db7094d83,toxicity to bees: acute oral,,,7ba3c03b-4307-4e16-8844-d3c54c3ab7c9,Limit test: yes; Species: Apis mellifera; Route: oral: unspecified; Exp. duration: 48.0 h,yes,no,other:,OTHER GUIDELINE,according to guideline,e8a6f075-bc7a-4319-8034-7374fc978fbf,,,,,yes,,,,,,,h,48.0,,,,,,,,,,,,Apis mellifera,,other:,oral: unspecified,,,mortality,,,,,,,,>,133.2,other:,µg/piece,,,LD50,,,,,,,other:,,"Remarks: Acute oral toxicity. Guideline: EPPO 170, Bulletin OEPP/EPPO Bulletin 22, 203-215, 1992.",,,c04ce8b5-67ac-4a52-b97f-03fdb3b604fc,,,,,,,,,,,,,,,,,,,,
3858,3856,fa415be6-a1b6-4700-909b-db9315b14c73,ENDPOINT_STUDY_RECORD.ToxicityToBees,ec4fd598-ee5c-430e-b1a0-12eba212590e,toxicity to bees: chronic oral,,,c0d56cd0-1d67-4061-a8e9-1154c68e94b1,Species: Apis mellifera; Route: oral; Exp. duration: 10.0 d,,,,,,,,,,,,,,,,,,d,10.0,,,,,,,,,,,,Apis mellifera,,oral,,,,not specified,,,test mat.,,Fazor,,,,8.0,µg/bee per day,,,,other:,NOEC,,,,,,,,,,,4206b565-e906-4b7c-9f47-38510526f9c9,,,,,,,,,,,,,,,,,,,,
3859,3857,54d214d2-e2be-43cb-854a-ec1fa987423f,ENDPOINT_STUDY_RECORD.ToxicityToBees,866a8d5d-091f-4623-b653-77033a28f3c4,toxicity to bees: acute contact,,,360f9c2e-10bd-4388-916e-bcb4bd678af3,Species: Apis mellifera; Route: dermal; Exp. duration: 24.0 h,no,no,other:,OTHER GUIDELINE,according to guideline,4fa744fc-b949-4f07-b71a-5af112a035ba,,,,,,,,,,,,h,24.0,,,,,,,,,,,,Apis mellifera,,other:,dermal,,,mortality,,,,,,,,,53.1,other:,µg/piece,,,LD50,,,,,,,other:,,"Remarks: Acute contact toxicity. Other guideline: Ministry of Agriculture, Fisheries & Food (Pesticide Safety Precautions Scheme, Working Document 13. Laboratory testing of pesticide products for toxicity to honeybees).",,,fcf1c1c3-3a0d-4d95-bb3b-99e21bed9d78,,,,,,,,,,,,,,,,,,,,
3860,3858,d2b9bedb-fa14-4a71-9e8e-f8b0e373a0a2,ENDPOINT_STUDY_RECORD.ToxicityToBees,2123200b-1c2b-4899-991b-37500dd941e5,toxicity to bees: acute contact,,,200bf532-8ed2-4bb0-8a96-b49a0d10ebcb,Species: Apis mellifera; Route: dermal,not specified,not specified,,,,2cd0cba8-64bb-45fc-a7db-55e927048b02,,,,,,,,,,,,,,,,,,,,,,,,,Apis mellifera,,other:,dermal,,,mortality,,,,,,,,>,100.0,other:,µg/piece,,,LD50,,,,,,,other:,,Remarks: Contact toxicity,,,8c07450a-9db3-47bf-879b-a5bb2639db8b,,,,,,,,,,,,,,,,,,,,
3861,3859,b7ede596-fde1-463f-98f5-71e2bf0d250d,ENDPOINT_STUDY_RECORD.ToxicityToBees,74334cf4-659a-4dba-ba70-3baa87306383,toxicity to bees: chronic oral,,,8067d5c9-daed-4299-8f77-48b984aff1e7,Species: Apis mellifera; Route: oral; Exp. duration: 10.0 d,,,,,,,,,,,,,,,,,,d,10.0,,,,,,,,,,,,Apis mellifera,,oral,,,,not specified,,,test mat.,,CHA 2745-06,,,,1.284,other:,g/kg food,,,other:,10-d NOEC,,,,,,,,,,,d7d7d0ef-620c-410e-b2db-df55336492db,,,,,,,,,,,,,,,,,,,,
3862,3860,8820f3a5-fb11-44c5-b717-d41aa8fa030c,ENDPOINT_STUDY_RECORD.ToxicityToBees,74334cf4-659a-4dba-ba70-3baa87306383,bee larval toxicity - chronic,,,8067d5c9-daed-4299-8f77-48b984aff1e7,Species: Apis mellifera; Route: oral,,,,,,,,,,,,,,,,,,,,,,,,,,,,,,,Apis mellifera,,oral,,,,not specified,,,test mat.,,CHA 2745-08,,,,60.0,µg per larva per developmental period,,,,NOED,,,,,,,,,,,,0425096d-a2e2-44e9-a452-52bc99322140,,,,,,,,,,,,,,,,,,,,
3863,3861,3cf59c0e-f7ca-4465-b40c-3d981e1689ef,ENDPOINT_STUDY_RECORD.ToxicityToBees,f5db0362-7c8b-4259-97cf-9339a9a92a02,toxicity to bees: acute contact,,,94f377c7-7004-4e70-9522-e505cd25d7e3,Species: Apis mellifera; Route: dermal; Exp. duration: 48.0 h,not specified,not specified,,,,3e66202d-2433-4222-8c54-dd5b950e5f63,,,,,,,,,,,,h,48.0,,,,,,,,,,,,Apis mellifera,,other:,dermal,,,mortality,,,,,,,,,38.82,other:,µg/piece,,,LD50,,,,,,,,,,,,32e8ed54-e1bf-470d-8ef8-150f8cb1e167,,,,,,,,,,,,,,,,,,,,
3864,3862,ae917a8a-d23a-4842-8a62-c50cdfce272b,ENDPOINT_STUDY_RECORD.ToxicityToBees,62d34108-e968-4ce2-a9c1-280718f51d6b,toxicity to bees: chronic oral,,,2476311a-e658-485c-893a-8ea34c8c6017,Species: Apis mellifera; Route: oral; Exp. duration: 10.0 d,,,,,,,,,,,,,,,,,,d,10.0,,,,,,,,,,,,Apis mellifera,,oral,,,,mortality,,,act. ingr.,,,,,,0.00095,µg/bee per day,,,,10-d LDD50,,,,,,,,,,,,9ad1b25b-f52f-4936-a788-f838a9a76aad,,,,,,,,,,,,,,,,,,,,
3865,3863,9f09473f-46c1-4ef0-9f68-774dd7a07fd8,ENDPOINT_STUDY_RECORD.ToxicityToBees,f242b639-a39c-461e-b20c-575fd6114d96,toxicity to bees: chronic oral,,,d889de4c-712d-4f3d-a5aa-d9287b7c8f4c,Species: Apis mellifera; Route: oral; Exp. duration: 10.0 d,,,,,,,,,,,,,,,,,,d,10.0,,,,,,,,,,,,Apis mellifera,,oral,,,,not specified,,,act. ingr.,,,,,,,µg/bee per day,,<,9.64e-05,other:,10-d NOEDD,,,,,,,,,,,501a7509-fc11-40c0-92c4-6114f9b900a2,,,,,,,,,,,,,,,,,,,,
3866,3864,1121f3e4-70e1-423b-afdb-6043895f7645,ENDPOINT_STUDY_RECORD.ToxicityToBees,e1ec5dfd-5a94-46ef-b332-3e55d4e5a2b1,toxicity to bees: acute contact,,,a93f3776-dc9f-4b8a-a697-4caf0fe4e0c5,Species: Apis mellifera; Route: dermal,not specified,not specified,,,,83522859-9b1d-418f-b466-cad68bb621ae,,,,,,,,,,,,,,,,,,,,,,,,,Apis mellifera,,other:,dermal,,,mortality,,,,,,,,,1.8,other:,µg/piece,,,LD50,,,,,,,other:,,Remarks: Acute contact toxicity,,,4e024608-9550-48cb-88da-8f66138d98cf,,,,,,,,,,,,,,,,,,,,
3867,3865,5b4f07c4-9722-4441-a01d-2e93cdbf2864,ENDPOINT_STUDY_RECORD.ToxicityToBees,87524289-0b2a-4e29-af9b-3baefbae4c92,toxicity to bees: acute oral,,,5721503e-a06f-4ceb-b4f8-af6b992c7645,Species: Apis mellifera; Route: oral: unspecified,not specified,not specified,,,,406944e1-cf94-45a0-8a97-511b19248d45,,,,,,,,,,,,,,,,,,,Triflusulfuron methyl 50WG,,,,,,Apis mellifera,,other:,oral: unspecified,,,mortality,,,,,,,,>,100.0,other:,µg/piece,,,LD50,,,,,,,,,,,,8af3c8de-6c57-4cb8-ac13-65d4a07b212f,,,,,,,,,,,,,,,,,,,,
3868,3866,0bdd1deb-79f9-435e-8c7e-cd556703360a,ENDPOINT_STUDY_RECORD.ToxicityToBees,d03cb3f4-04de-4257-8ee0-48aed714c18d,toxicity to bees: acute contact,,,0386629b-1da9-496f-be57-472128b199df,Species: Apis mellifera; Route: dermal,not specified,not specified,,,,4934619e-6d63-4ad2-a7d9-146b956c0f79,,,,,,,,,,,,,,,,,,,,,,,,,Apis mellifera,,other:,dermal,,,mortality,,,,,,,,,46.0,other:,µg/piece,,,LD50,,,,,,,other:,,Remarks: Acute contact toxicity,,,df03a0b9-fae7-4402-8029-1fa3e8f93c4d,,,,,,,,,,,,,,,,,,,,
3869,3867,273bbafa-dfa2-4e23-b75a-48df2ec8b0dc,ENDPOINT_STUDY_RECORD.ToxicityToBees,6df6c0f1-e93b-40a9-899d-1aa787006658,toxicity to bees: acute contact,,,ce166716-b1ec-484e-a17b-d89872dc1d5c,Species: Apis mellifera; Route: dermal; Exp. duration: 48.0 h,not specified,not specified,,,,a9af3f75-39b6-47ad-997e-5e375da2c973,,,,,,,,,,,,h,48.0,,,,,,,,,,,,Apis mellifera,,other:,dermal,,,mortality,,,,,,,,>,100.0,other:,µg/piece,,,LD50,,,,,,,,,,,,c9034024-7707-48e4-9d47-52c5c834a523,,,,,,,,,,,,,,,,,,,,
3870,3868,6382589f-0433-464c-9495-ddfd92191b9c,ENDPOINT_STUDY_RECORD.ToxicityToBees,2f0b6cdf-113b-4f27-b1f7-c28927ac46ff,toxicity to bees: acute contact,,,b7d3c12f-dc93-42fb-800e-53ed090f0bab,Limit test: no; Species: Apis mellifera; Route: dermal; Exp. duration: 48.0 h,yes,no,EPA OPP 141-1 (Honey Bee Acute Contact Toxicity),,according to guideline,9ad6bade-1447-4680-b59e-5c3125a3cffd,,,,,no,,,,,,,h,48.0,,,,,,,,,,,,Apis mellifera,,other:,dermal,,,mortality,,,,,,,,>,784.0,other:,µg/piece,,,LD50,,,,,,,other:,,Remarks: Acute contact toxicity,,,c7c54f8c-7162-4941-bfa0-472d59d994c0,,,,,,,,,,,,,,,,,,,,
3871,3869,8148ad31-ecaa-4ce3-a7f7-d2b104ded25a,ENDPOINT_STUDY_RECORD.ToxicityToBees,eb38c119-4413-4f04-89c8-c1c60028891f,toxicity to bees: chronic oral,,,f38a908a-a363-4433-897f-2a13768bb046,Species: Apis mellifera; Route: oral; Exp. duration: 10.0 d,,,,,,,,,,,,,,,,,,d,10.0,,,,,,,,,,,,Apis mellifera,,oral,,,,mortality,,,test mat.,,Foramsulfuron WG 51,,,>,5.2,µg/bee per day,,,,other:,LDD50,,,,,,,,,,,ade1c061-5740-41a7-be95-5a31ffa485c3,,,,,,,,,,,,,,,,,,,,
3872,3870,f3a30211-0c2f-46dc-89da-3e9fbac1d2f6,ENDPOINT_STUDY_RECORD.ToxicityToBees,303340a3-d8c9-41a7-a496-19fb76698cf6,toxicity to bees: acute contact,,,b954ab02-e9eb-416b-8ea9-b4324174011b,Species: Apis mellifera; Route: dermal,not specified,not specified,,,,aa09f7ed-5c10-4ab1-8c25-7946990b3bdf,,,,,,,,,,,,,,,,,,,,,,,,,Apis mellifera,,other:,dermal,,,mortality,,,,,,,,>,97.8,other:,µg/piece,,,LD50,,,,,,,other:,,Remarks: Contact toxicity,,,fda4554f-ec77-4199-95ff-c00203b317dd,,,,,,,,,,,,,,,,,,,,
3873,3871,58c76632-d3a1-48a8-a908-1afd33d7b3eb,ENDPOINT_STUDY_RECORD.ToxicityToBees,48adc8af-0eb2-4040-a4fd-4d3a09f205b6,bee larval toxicity - chronic,,,ac6e295e-e383-439e-9660-e35252fa536b,,not specified,not specified,,,,fb34d22a-f332-44c2-a0cb-4200687f0c4d,,,,,,,,,,,,d,4.0,,,,,,Metribuzin SC 600,,,,,,Apis mellifera,,oral,,,,mortality,,,,,,,,,0.9,other:,g/L,,,other:,NOEC,,,,,,other:,,"The test item fed at a concentration of 0.9 g a.s./L (lower than representative use 2.7 g a.s./l) adversely affected honeybee colonies, as brood termination rates of eggs and young larvae significantly increased by the end of the 22-day experiment.",,,82250da2-6ef3-45a0-b6e4-0ee0774254bd,,,,,,,,,,,,,,,,,,,,
3874,3872,1585925e-8123-41c0-83fb-7dfcb2aa3297,ENDPOINT_STUDY_RECORD.ToxicityToBees,16f48b4b-6e04-4ca1-a477-d7b66f9db6c2,toxicity to bees: chronic oral,,,e3843e72-41fe-4ee7-b847-1020d2418407,Species: Apis mellifera; Route: oral; Exp. duration: 10.0 d,,,,,,,,,,,,,,,,,,d,10.0,,,,,,,,,,,,Apis mellifera,,oral,,,,mortality,,,act. ingr.,,,,,,9.5,µg/bee per day,,,,10-d LDD50,,,,,,,other:,,"Remarks: LDD50=9.5 (3.0 â€“ 17,0) microg/bee/day",,,383bd3a3-eb67-4405-957b-5b7ff86332ab,,,,,,,,,,,,,,,,,,,,
3875,3873,7402e66d-3585-4a49-9c72-e10a39ea5341,ENDPOINT_STUDY_RECORD.ToxicityToBees,cfd9fc52-68f4-439d-9c56-cc77bfcdcddf,toxicity to bees: acute oral,,,31d240a9-add4-49af-883b-0c6ebaee4e80,,not specified,not specified,,,,a35fa438-48ba-4d35-9ff1-cf6339377d6c,,,,,,,,,,,,,,,,,,,ProGibb 40 SG,,,,,,Apis mellifera,,other:,oral: unspecified,,,mortality,,,act. ingr.,,,,,>,114.0,µg/bee,,,,LD50,,,,,,,,,,,,6b71b23d-de37-4a0d-b59b-ae4eb894fd19,,,,,,,,,,,,,,,,,,,,
3876,3874,762ff7bb-97c1-4781-9d64-ada5fd893342,ENDPOINT_STUDY_RECORD.ToxicityToBees,87889576-4fa8-4117-a5cf-861c249d60f2,toxicity to bees: acute contact,,,f46ab34f-a597-4bbc-aa21-0035fd20170c,Species: Apis mellifera; Route: dermal; Exp. duration: 48.0 h,not specified,not specified,,,,7a438761-f8b4-48eb-b7d0-6af1ff0c9ba4,,,,,,,,,,,,h,48.0,,,,,,,,,,,,Apis mellifera,,other:,dermal,,,mortality,,,,,,,,>,25.0,other:,µg/piece,,,LD50,,,,,,,other:,,Remarks: Acute contact toxicity test,,,3952ea80-306e-435c-9db0-98cfdcd03af9,,,,,,,,,,,,,,,,,,,,
3877,3875,c2096d6b-9568-4ffc-9047-9dfe117d3af7,ENDPOINT_STUDY_RECORD.ToxicityToBees,7716ef96-3b82-4943-a98c-b55249abc195,toxicity to bees: acute oral,,,e76901cb-c767-4155-9e19-271cd8be8f9c,Species: Apis mellifera; Route: oral: unspecified,not specified,not specified,,,,14fd9463-32f0-4103-9be2-4f5881c7d3a2,,,,,,,,,,,,,,,,,,,,,,,,,Apis mellifera,,other:,oral: unspecified,,,mortality,,,,,,,,>,101.2,other:,µg/piece,,,LD50,,,,,,,,,,,,a9585f07-aaed-4ab3-8b3a-45a822ecb763,,,,,,,,,,,,,,,,,,,,
3878,3876,67298b25-adf8-4e33-aa0f-66a0bacaf1c7,ENDPOINT_STUDY_RECORD.ToxicityToBees,8cbb3be0-d92f-420a-bfb8-0d370b9f0aef,toxicity to bees: acute contact,,,a96807c4-b481-41ed-a863-c8fe00ff9457,Species: Apis mellifera; Route: dermal,not specified,not specified,,,,4de7eca8-ad70-42b9-9a6b-dfe40e5628df,,,,,,,,,,,,,,,,,,,,,,,,,Apis mellifera,,other:,dermal,,,mortality,,,,,,,,>,24.0,other:,µg/piece,,,LD50,,,,,,,other:,,Remarks: Acute contact toxicity,,,8d5b666a-302c-4bf0-b7b1-a78ac5546f7e,,,,,,,,,,,,,,,,,,,,
3879,3877,93988962-2fc3-44ac-9c85-36198568ec21,ENDPOINT_STUDY_RECORD.ToxicityToBees,48adc8af-0eb2-4040-a4fd-4d3a09f205b6,toxicity to bees: acute oral,,,e0483e08-e6c5-4040-a1db-108cf30ac9b3,Species: Apis mellifera; Route: oral: unspecified; Exp. duration: 48.0 h,not specified,not specified,,,,8adb1a04-b2bb-44e8-af8b-39b305bda7e9,,,,,,,,,,,,h,48.0,,,,,,,,,,,,Apis mellifera,,other:,oral: unspecified,,,mortality,,,,,,,,,166.0,other:,µg/piece,,,LD50,,,,,,,other:,,Remarks: Acute oral toxicity,,,b55047de-8740-40ad-a5c1-84ea7170ebc2,,,,,,,,,,,,,,,,,,,,
3880,3878,941d768f-c6a9-4b2a-80e8-e827b108a26b,ENDPOINT_STUDY_RECORD.ToxicityToBees,d937f903-9e5f-4fea-bb4b-93b44ff2e118,toxicity to bees: acute oral,,,956b9a59-353e-43c8-81e5-17c51feff204,Species: Apis mellifera; Route: oral: unspecified; Exp. duration: 48.0 h,not specified,not specified,,,,bb50f606-eb92-4dff-bf25-ddd32aece997,,,,,,,,,,,,h,48.0,,,,,,,,,,,,Apis mellifera,,other:,oral: unspecified,,,mortality,,,,,,,,>,199.0,other:,µg/piece,,,LD50,,,,,,,other:,,Remarks: Acute oral toxicity,,,965db0f9-ff00-41ca-91f7-29b11f38e7f6,,,,,,,,,,,,,,,,,,,,
3881,3879,102414da-eaad-4555-95de-95aa85448f1c,ENDPOINT_STUDY_RECORD.ToxicityToBees,9c9ddd0c-c173-46b9-87be-ab827de806a1,toxicity to bees: acute contact,,,e57f3dbd-a584-45c3-8fb6-84db9c2a69e9,Species: Apis mellifera; Route: dermal,not specified,not specified,,,,e1169710-4b8c-4c93-8a86-6f84439ed368,,,,,,,,,,,,,,,,,,,,,,,,,Apis mellifera,,other:,dermal,,,mortality,,,,,,,,>,50.0,other:,µg/piece,,,LD50,,,,,,,other:,,Remarks: Acute contact toxicity; Reference: Nengel (1998),,,1ce09495-5fff-4428-9053-6b7ffea30a9f,,,,,,,,,,,,,,,,,,,,
3882,3880,23083eab-bd69-46bb-81d7-dbced6ec309e,ENDPOINT_STUDY_RECORD.ToxicityToBees,d4c4f15c-b73d-4cae-a3f1-c9f9cfa56bc7,toxicity to bees: acute oral,,,44216c52-d1ac-4f38-bd79-39f576c2652b,Species: Apis mellifera; Route: oral: unspecified,not specified,not specified,,,,cb3e28ff-387c-4a9b-a4de-cf8d84a80ddf,,,,,,,,,,,,,,,,,,,,,,,,,Apis mellifera,,other:,oral: unspecified,,,mortality,,,,,,,,>,100.0,other:,µg/piece,,,LD50,,,,,,,other:,,Remarks: Oral toxicity,,,fd6256f6-0269-44dd-abe7-2d8cadd307c1,,,,,,,,,,,,,,,,,,,,
3883,3881,ef23ad7d-df0e-4f19-92e0-cb21f8aea8b1,ENDPOINT_STUDY_RECORD.ToxicityToBees,3f0a27bd-484f-43df-8934-fb312d1f261e,bee larval toxicity - chronic,,,8b11331d-2cac-471b-83a4-0fabb00b5f86,Species: Apis mellifera; Route: oral,,,,,,,,,,,,,,,,,,,,,,,,,,,,,,,Apis mellifera,,oral,,,,mortality,,,test mat.,,Carfentrazone-ethyl 60 ME/EO,,,,100.0,µg per larva,,,,NOED,,,,,,,,,,,,d306cc08-93ef-4831-94c6-3c590d6ffcf1,,,,,,,,,,,,,,,,,,,,
3884,3882,916c04fd-77ce-4dee-8e03-460e3c74a627,ENDPOINT_STUDY_RECORD.ToxicityToBees,eb38c119-4413-4f04-89c8-c1c60028891f,toxicity to bees: acute contact,,,f38a908a-a363-4433-897f-2a13768bb046,Species: Apis mellifera; Route: dermal,yes,no,other:,OTHER GUIDELINE,according to guideline,7efa6d8e-6e53-4a7e-83a8-b6977a237872,,,,,,,,,,,,,,,,,,,,,,,,,Apis mellifera,,other:,dermal,,,mortality,,,,,,,,>,58.0,other:,µg/piece,,,LD50,,,,,,,other:,,"Remarks: Other guideline: EPPO Bullettin 22, pp.203-315, 1992.",,,ec2cffdc-5f8b-4704-a643-36aa18b5d697,,,,,,,,,,,,,,,,,,,,
3885,3883,a1f61444-a6f2-49ae-aea9-303382a6fef3,ENDPOINT_STUDY_RECORD.ToxicityToBees,6466c4e7-7266-4cfb-a0e4-49334015b293,toxicity to bees: acute contact,,,1202bb4f-384d-4bf3-abf8-c1ab58e73d11,Species: Apis mellifera; Route: dermal,not specified,not specified,,,,3ffe4480-1036-45a9-ab89-6782237b7932,,,,,,,,,,,,,,,,,,,,,,,,,Apis mellifera,,other:,dermal,,,mortality,,,,,,,,,8.5,other:,µg/piece,,,LD50,,,,,,,,,,,,0872f3b6-87ec-4563-a14e-9fad6b281a8d,,,,,,,,,,,,,,,,,,,,
3886,3884,36732c65-30a9-4c53-bb3e-376079350008,ENDPOINT_STUDY_RECORD.ToxicityToBees,48adc8af-0eb2-4040-a4fd-4d3a09f205b6,bee larval toxicity - chronic,,,ac6e295e-e383-439e-9660-e35252fa536b,,not specified,not specified,,,,16dd9143-a08c-4ad9-9d04-393e4b1b24c8,,,,,,,,,,,,d,4.0,,,,,,,,,,,,Apis mellifera,,oral,,,,not specified,,,,,,,,,22.16,µg per larva,,,,ED10,,,,,,,other:,,Chronic 22-day repeated exposure,,,167f81b1-eec3-441b-a854-75cfa5d2d1f3,,,,,,,,,,,,,,,,,,,,
3887,3885,36732c65-30a9-4c53-bb3e-376079350008,ENDPOINT_STUDY_RECORD.ToxicityToBees,48adc8af-0eb2-4040-a4fd-4d3a09f205b6,bee larval toxicity - chronic,,,ac6e295e-e383-439e-9660-e35252fa536b,,not specified,not specified,,,,16dd9143-a08c-4ad9-9d04-393e4b1b24c8,,,,,,,,,,,,d,4.0,,,,,,,,,,,,Apis mellifera,,oral,,,,not specified,,,,,,,,,33.0,µg per larva,,,,ED50,,,,,,,other:,,Chronic 22-day repeated exposure,,,3f6a248b-d6bb-4ac8-a207-57ce1de8738c,,,,,,,,,,,,,,,,,,,,
3888,3886,36732c65-30a9-4c53-bb3e-376079350008,ENDPOINT_STUDY_RECORD.ToxicityToBees,48adc8af-0eb2-4040-a4fd-4d3a09f205b6,bee larval toxicity - chronic,,,ac6e295e-e383-439e-9660-e35252fa536b,,not specified,not specified,,,,16dd9143-a08c-4ad9-9d04-393e4b1b24c8,,,,,,,,,,,,d,4.0,,,,,,,,,,,,Apis mellifera,,oral,,,,not specified,,,,,,,,,21.0,µg per larva,,,,NOED,,,,,,,other:,,Chronic 22-day repeated exposure,,,144a45c8-d68e-4ec0-bafe-457140490956,,,,,,,,,,,,,,,,,,,,
3889,3887,732e77c1-8410-4dbe-9bf1-6e5438b00d88,ENDPOINT_STUDY_RECORD.ToxicityToBees,67d0d158-626f-4785-b24b-3cd89bebfe28,toxicity to bees: chronic oral,,,b416a7b4-b84b-4559-b6a9-c875ca1ae1d9,Species: Apis mellifera; Route: oral; Exp. duration: 10.0 d,,,,,,,,,,,,,,,,,,d,10.0,,,,,,,,,,,,Apis mellifera,,oral,,,,not specified,,,act. ingr.,,,,,>,143.5,µg/bee per day,,,,NOED,,,,,,,,,,,,20dfd31d-defa-42b2-9af6-3ab6bf7bcd05,,,,,,,,,,,,,,,,,,,,
3890,3888,6dd4eab1-4821-4bf9-94e5-51a793fdb1b8,ENDPOINT_STUDY_RECORD.ToxicityToBees,3f0a27bd-484f-43df-8934-fb312d1f261e,toxicity to bees: chronic oral,,,8b11331d-2cac-471b-83a4-0fabb00b5f86,Species: Apis mellifera; Route: oral; Exp. duration: 10.0 d,,,,,,,,,,,,,,,,,,d,10.0,,,,,,,,,,,,Apis mellifera,,oral,,,,mortality,,,test mat.,,Carfentrazone-ethyl 60 ME/EO,,,,12.5,µg/bee per day,,,,NOED,,,,,,,,,,,,6ee5f94c-b767-468e-9360-dccd1983ab53,,,,,,,,,,,,,,,,,,,,
3891,3889,baedfd99-5c53-4eb1-86fd-4c1ec4f4771f,ENDPOINT_STUDY_RECORD.ToxicityToBees,f5d92059-bec2-48a7-9cc4-90e03d8b16a7,toxicity to bees: acute oral,,,36654755-c09a-4a9f-9d7b-6e67029a6231,Species: Apis mellifera; Route: oral: unspecified,not specified,not specified,,,,ea7cd26c-5f6f-4530-9474-a3536fcdd20d,,,,,,,,,,,,,,,,,,,,,,,,,Apis mellifera,,other:,oral: unspecified,,,mortality,,,,,,,,>,140.0,other:,µg/piece,,,LD50,,,,,,,,,,,,e12a6d83-228a-49a3-bf03-79453cf3a597,,,,,,,,,,,,,,,,,,,,
3892,3890,e022a7cd-5224-4e3d-8e7f-2d92112ce99e,ENDPOINT_STUDY_RECORD.ToxicityToBees,9c9ddd0c-c173-46b9-87be-ab827de806a1,toxicity to bees: acute oral,,,e57f3dbd-a584-45c3-8fb6-84db9c2a69e9,Species: Apis mellifera; Route: oral: unspecified,not specified,not specified,,,,29de4a3e-2c03-43e5-890d-7464e0e83a1d,,,,,,,,,,,,,,,,,,,,,,,,,Apis mellifera,,other:,oral: unspecified,,,mortality,,,,,,,,>,44.3,other:,µg/piece,,,LD50,,,,,,,other:,,Remarks: Acute oral toxicity; Reference: Nengel (1998),,,d637eca4-96c6-4f9c-8404-91c71f3b75a4,,,,,,,,,,,,,,,,,,,,
3893,3891,607196a4-59b1-4a0d-8fbc-4a9f999ea045,ENDPOINT_STUDY_RECORD.ToxicityToBees,9cae35df-6df6-42da-b294-dfed40c4858b,toxicity to bees: chronic oral,,,5ae37bf5-a18c-4d9c-8903-1ba4a211eebd,Species: Apis mellifera; Route: oral; Exp. duration: 10.0 d,,,,,,,,,,,,,,,,,,d,10.0,,,,,,,,,,,,Apis mellifera,,oral,,,,not specified,,,test mat.,,ETOXAZOLE 11 SC,,,,18.8,µg/bee per day,,,,other:,NOEDD,,,,,,,,,,,695ebec2-f571-40cd-b5c5-c92cc2367847,,,,,,,,,,,,,,,,,,,,
3894,3892,98954569-bf27-47df-8b6a-876d8663e471,ENDPOINT_STUDY_RECORD.ToxicityToBees,5d911ed2-7aad-4a3c-8780-e2ca116d03eb,toxicity to bees: acute contact,,,e81510f6-0ef7-4c10-91d5-72011ec01edf,Species: Apis mellifera; Route: dermal; Exp. duration: 48.0 h,not specified,not specified,,,,a5150904-872c-4162-8baf-8c0e58422b9d,,,,,,,,,,,,h,48.0,,,,,,,,,,,,Apis mellifera,,other:,dermal,,,mortality,,,,,,,,>,98.4,other:,µg/piece,,,LD50,,,,,,,,,,,,7075d374-12ea-479f-9934-75fbf08e0beb,,,,,,,,,,,,,,,,,,,,
3895,3893,f96bd11e-167f-4d4d-99f9-cc37f8d1c2a9,ENDPOINT_STUDY_RECORD.ToxicityToBees,5282d866-ee20-4a34-ae5f-920610551aaa,toxicity to bees: acute oral,,,20a23bb7-d6dc-4700-9c8b-d1b1f41b4983,Species: Apis mellifera; Route: oral: unspecified,not specified,not specified,,,,124d976b-adcc-44cd-9fd9-876a2ad72331,,,,,,,,,,,,,,,,,,,,,,,,,Apis mellifera,,other:,oral: unspecified,,,mortality,,,,,,,,>,100.0,other:,µg/piece,,,LD50,,,,,,,,,,,,d17f04ae-77e9-40cb-be24-b931db4db812,,,,,,,,,,,,,,,,,,,,
3896,3894,f96bd11e-167f-4d4d-99f9-cc37f8d1c2a9,ENDPOINT_STUDY_RECORD.ToxicityToBees,5282d866-ee20-4a34-ae5f-920610551aaa,toxicity to bees: acute oral,,,9f4445d9-404e-412a-a662-c984ef94fe77,Species: Apis mellifera; Route: oral: unspecified,not specified,not specified,,,,124d976b-adcc-44cd-9fd9-876a2ad72331,,,,,,,,,,,,,,,,,,,,,,,,,Apis mellifera,,other:,oral: unspecified,,,mortality,,,,,,,,>,100.0,other:,µg/piece,,,LD50,,,,,,,,,,,,d17f04ae-77e9-40cb-be24-b931db4db812,,,,,,,,,,,,,,,,,,,,
3897,3895,bf4fb6d5-729b-45d6-9bfc-defe602fb8c3,ENDPOINT_STUDY_RECORD.ToxicityToBees,76f3967f-21b6-4c44-a8af-968051484b0e,toxicity to bees: acute contact,,,beb0f8ae-c638-468a-8840-cfeb99419d49,Species: Apis mellifera; Route: dermal,not specified,not specified,,,,d2baf576-c160-4d7d-8fcc-11657835856a,,,,,,,,,,,,,,,,,,,,,,,,,Apis mellifera,,other:,dermal,,,mortality,,,,,,,,>,100.0,other:,µg/piece,,,LD50,,,,,,,other:,,Remarks: Acute contact toxicity,,,ebcedb76-819e-4443-a81e-807593aca971,,,,,,,,,,,,,,,,,,,,
3898,3896,8e4ae0c3-4538-4459-af07-41636895da8f,ENDPOINT_STUDY_RECORD.ToxicityToBees,1d4b107f-5abe-4373-852f-a7b56316506d,toxicity to bees: chronic oral,,,5f799b33-7491-4195-8159-cc2d7115d0fd,Species: Apis mellifera; Route: oral; Exp. duration: 10.0 d,,,,,,,,,,,,,,,,,,d,10.0,,,,,,,,,,,,Apis mellifera,,oral,,,,not specified,,,test mat.,,COM 508 16 H EW (Pelargonic acid 23.157%),,,,49.7,µg/bee per day,,,,other:,NOEDD,,,,,,,,,,,af02b07b-786d-4728-ad07-791b471d9d2e,,,,,,,,,,,,,,,,,,,,
3899,3897,4395afe5-6712-4f9c-be2e-c982a338c3a2,ENDPOINT_STUDY_RECORD.ToxicityToBees,0a1abb2e-278a-477d-a116-5e23b17fcf8c,toxicity to bees: acute oral,,,97251fa5-8dd4-4ed9-a5b6-90444783496c,Species: Apis mellifera; Route: oral: unspecified; Exp. duration: 48.0 h,not specified,not specified,,,,e8ee20d0-fac7-4943-bde2-17cb85d1d6e7,,,,,,,,,,,,h,48.0,,,,,,,,,,,,Apis mellifera,,other:,oral: unspecified,,,mortality,,,,,,,,>,100.0,other:,µg/piece,,,LD50,,,,,,,other:,,Remarks: Acute oral and contact toxicity,,,a76f66c9-761d-4e95-b622-3a2d35654558,,,,,,,,,,,,,,,,,,,,
3900,3898,e92b03c2-eb45-4162-95d5-04eb13052f61,ENDPOINT_STUDY_RECORD.ToxicityToBees,8811f912-f7b0-43e4-bdd6-001997ca6bef,toxicity to bees: acute oral,,,4879bb00-3a8d-4824-bdb3-2a619f90def9,Limit test: yes; Species: Apis mellifera; Route: oral: unspecified; Exp. duration: 48.0 h,yes,no,"OECD Guideline 213 (Honeybees, Acute Oral Toxicity Test)",,according to guideline,44144e0e-4bd8-41cc-b706-cb8322d12bc6,,,,,yes,,,,,,,h,48.0,,,,,,,,,,,,Apis mellifera,,other:,oral: unspecified,,,mortality,,,,,,,,>,83.05,other:,µg/piece,,,LD50,,,,,,,other:,,Remarks: oral toxicity,,,aeaba63f-605e-436c-9c2d-0ccfb289ac61,,,,,,,,,,,,,,,,,,,,
3901,3899,26dadf81-2b12-458c-a5fa-81b0b27cbfde,ENDPOINT_STUDY_RECORD.ToxicityToBees,8b29bc03-cc0a-4ba2-ac9e-c3aa6a409757,toxicity to bees: chronic oral,,,df421e86-d1fa-48f8-8445-344ef78b1b3e,Species: Apis mellifera; Route: oral; Exp. duration: 10.0 d,not specified,not specified,,,,a0444274-e836-4f96-9c3e-adaea0e21824,,,,,,,,,,,,d,10.0,,,,,,,,,,,,Apis mellifera,,oral,,,,mortality,,,test mat.,,Mecoprop-P K 602,,,,89.3,µg/bee per day,,,,10-d LDD50,,,,,,,,,,,,17d40d8c-0da8-4e52-bcf1-ee787f7faefd,,,,,,,,,,,,,,,,,,,,
3902,3900,26dadf81-2b12-458c-a5fa-81b0b27cbfde,ENDPOINT_STUDY_RECORD.ToxicityToBees,8b29bc03-cc0a-4ba2-ac9e-c3aa6a409757,toxicity to bees: chronic oral,,,e85276bc-9de7-4a61-b311-971e7137d8fb,Species: Apis mellifera; Route: oral; Exp. duration: 10.0 d,not specified,not specified,,,,a0444274-e836-4f96-9c3e-adaea0e21824,,,,,,,,,,,,d,10.0,,,,,,,,,,,,Apis mellifera,,oral,,,,mortality,,,test mat.,,Mecoprop-P K 602,,,,89.3,µg/bee per day,,,,10-d LDD50,,,,,,,,,,,,17d40d8c-0da8-4e52-bcf1-ee787f7faefd,,,,,,,,,,,,,,,,,,,,
3903,3901,3f68ae13-dad9-422d-bae1-3f558cdc4481,ENDPOINT_STUDY_RECORD.ToxicityToBees,1af92583-e2ed-461f-b5b0-f4fedd974648,toxicity to bees: acute contact,,,bc7efd25-a5f6-4982-b682-37f8f9064ff6,Species: Apis mellifera; Route: dermal; Exp. duration: 72.0 h,yes,not specified,other:,OTHER GUIDELINE,according to guideline,1f932a59-1650-4f56-bd66-5756533c5136,,,,,,,,,,,,h,72.0,,,,,,Systhane 20 EW,,,,,,Apis mellifera,,other:,dermal,,,mortality,,,,,,,,>,39.6,other:,µg/piece,,,LD50,,,,,,,other:,,Remarks: Acute contact toxicity,,,9e562bee-8d36-4bef-ae09-0cf32db27a98,,,,,,,,,,,,,,,,,,,,
3904,3902,01bf3325-17a0-43e1-a7e4-d51ba310d9be,ENDPOINT_STUDY_RECORD.ToxicityToBees,77509bc4-d66b-4660-8b86-e485d90475ab,toxicity to bees: acute contact,,,6964100e-eda8-4f1d-8589-358a37520d37,Limit test: yes; Species: Apis mellifera; Route: dermal; Exp. duration: 48.0 h,yes,no,"OECD Guideline 214 (Honeybees, Acute Contact Toxicity Test)",,according to guideline,e4f7f664-8e01-4a13-89cd-c7dbcfa43cbd,,,,,yes,,,,,,,h,48.0,,,,,,,,,,,,Apis mellifera,,other:,dermal,,,mortality,,,,,,,,>,200.0,other:,µg/piece,,,LD50,,,,,,,other:,,Remarks: Acute contact toxicity test,,,6661a347-8bb5-4bd9-ad92-9a62067e6bba,,,,,,,,,,,,,,,,,,,,
3905,3903,a3e0eddb-8106-4db7-9bdb-68db3773665f,ENDPOINT_STUDY_RECORD.ToxicityToBees,9fe24aa7-c52c-4999-af62-36273e9da4c2,toxicity to bees: acute contact,,,813e79e4-a30b-4770-87d5-3ed9d76a6495,Species: Apis mellifera; Route: dermal,not specified,not specified,,,,191d58f0-ace6-4eae-b7c8-8ff0087c8972,,,,,,,,,,,,,,,,,,,,,,,,,Apis mellifera,,other:,dermal,,,mortality,,,,,,,,,0.012,other:,µg/piece,,,other:,EC50,,,,,,,,,,,effa1304-af15-4d2c-b850-6a7c6214e0f7,,,,,,,,,,,,,,,,,,,,
3906,3904,4ed4bf81-f3af-430f-b84a-da4a65ca36c0,ENDPOINT_STUDY_RECORD.ToxicityToBees,35ac6484-177e-4e27-ac06-06c53e972536,toxicity to bees: acute contact,,,f4e32aff-eb4d-4976-a036-0b6c5f8e64da,Species: Apis mellifera; Route: dermal; Exp. duration: 48.0 h,not specified,not specified,,,,0b275d26-01f8-44d5-9dd2-eceeaffe6ca0,,,,,,,,,,,,h,48.0,,,,,,,,,,,,Apis mellifera,,other:,dermal,,,mortality,,,,,,,,>,200.0,other:,µg/piece,,,LD50,,,,,,,other:,,Remarks: Acute contact test,,,39461925-8f80-4aa2-85fa-c72fb277b365,,,,,,,,,,,,,,,,,,,,
3907,3905,96926153-21c0-42b8-9585-ab8fa418600a,ENDPOINT_STUDY_RECORD.ToxicityToBees,a6a28341-9b01-4f83-a4f5-68bfc496b9c3,toxicity to bees: acute contact,,,c7386d72-bae3-4f1a-9a32-fe2bcc81977f,Species: Apis mellifera; Route: dermal; Exp. duration: 48.0 h,not specified,not specified,,,,0cbc740a-caca-401a-93b8-08a7f21bdacd,,,,,,,,,,,,h,48.0,,,,,,,,,,,,Apis mellifera,,other:,dermal,,,mortality,,,,,,,,>,100.0,other:,µg/piece,,,LD50,,,,,,,,,,,,3873f28d-4027-4027-af01-6c313eb64b43,,,,,,,,,,,,,,,,,,,,
3908,3906,3d36c8a9-9044-4074-a796-cce2f1b1789e,ENDPOINT_STUDY_RECORD.ToxicityToBees,96fcb65a-4ac0-4237-b54f-91284f938477,toxicity to bees: acute oral,,,2c188888-c063-4ed5-b26f-d8513bbaa287,Species: Apis mellifera; Route: oral: unspecified,not specified,not specified,,,,73a2dc6e-a7b8-48c4-9e25-983cd43e5f4c,,,,,,,,,,,,,,,,,,,,,,,,,Apis mellifera,,other:,oral: unspecified,,,mortality,,,,,,,,,0.4592,other:,µg/piece,,,LD50,,,,,,,,,,,,335b0fd0-9450-4723-ab5f-1103dc522d6d,,,,,,,,,,,,,,,,,,,,
3909,3907,a33b792d-c78f-4d21-b489-092acdac7f89,ENDPOINT_STUDY_RECORD.ToxicityToBees,279c3d11-8310-4707-af3e-c137a72cf6d8,toxicity to bees: acute oral,,,abb5712d-4c49-4f46-aa45-5908af78aeb2,,not specified,not specified,,,,b45edb4a-97c3-4344-94e4-59b37b8e6006,,,,,,,,,,,,h,48.0,,,,,,"BAS 635 00 H + BAS 9047 0 S * * Mixture with adjuvant BAS 152 00 S or BAS 9047 0 S, respectively. Endpoints expressed in terms of tritosulfuron, BAS 9047 0 S: An adjuvant differenting to the one specified in the GAP BAS 152 00 S: An adjuvant differenting to the one specified in the GAP",,,,,,Apis mellifera,,other:,oral: unspecified,,,mortality,,,act. ingr.,,,h,48.0,,53.4,µg/bee,,,,LD50,,,,,,,,,,,,19e965ae-db4c-4c04-bce0-30e94a6afd83,,,,,,,,,,,,,,,,,,,,
3910,3908,037dbc3f-dd2f-4300-bed3-fe4e9a790ce9,ENDPOINT_STUDY_RECORD.ToxicityToBees,48387c84-5b5f-4888-959d-3eba448bbfdc,toxicity to bees: acute oral,,,99a4abe3-97e4-4e9a-9f33-9139b5bda41b,Species: Apis mellifera; Route: oral: unspecified,not specified,not specified,,,,c29953c8-3b03-4c23-807d-8d40d834e193,,,,,,,,,,,,,,,,,,,Preparation: Panarex (or Pantera),,,,,,Apis mellifera,,other:,oral: unspecified,,,mortality,,,,,,,,,16.8,other:,µg/piece,,,LD50,,,,,,,other:,,Remarks: Acute oral toxicity,,,ed23550d-ed83-44ab-8e60-48fabfb1ac74,,,,,,,,,,,,,,,,,,,,
3911,3909,340c85f8-9c13-4af2-a945-0c84faf8ae3b,ENDPOINT_STUDY_RECORD.ToxicityToBees,cc2d6dbe-2852-4c14-972e-233dd411728f,toxicity to bees: acute oral,,,3cc8bf75-8a53-4b0e-8386-4dbbc1d17cc6,,not specified,not specified,,,,5b884bcf-a4e3-4d03-8927-579792e1dc09,,,,,,,,,,,,h,48.0,,,,,,,,,,,,Apis mellifera,,oral,,,,mortality,,,,,,,,>,91.0,µg/bee,,,,LD50,,,,,,nominal,other:,,Used in the risk assessment despite not being the lowest value as all available endpoints are unbounded value (and practically no mortality was seen in any of the tests) .,,,05469629-88ee-4746-a0e2-4184ed0dc18e,,,,,,,,,,,,,,,,,,,,
3912,3910,545854e0-3dd3-4e0d-b43f-3e254136372a,ENDPOINT_STUDY_RECORD.ToxicityToBees,b194c4a8-b59d-4e08-b86f-b8785af98ae7,toxicity to bees: acute contact,,,ad72a43a-2e72-4499-9510-d2c6faa2e24e,Limit test: no; Species: Apis mellifera; Route: dermal; Exp. duration: 48.0 h,yes,yes,other:,OTHER GUIDELINE,according to guideline,8bebdd2b-5bb0-4b1c-b5a9-5a9b1d46f9f8,,,,,no,,,,,,,h,48.0,,,,,,,,,,,,Apis mellifera,,other:,dermal,,,mortality,,,,,,,,>,100.0,other:,µg/piece,,,LD50,,,,,,,other:,,Remarks: Acute contact toxicity; Guideline: EPPO Guideline No. 170 (1992).,,,18143903-1293-486c-98f5-e3d88410b83e,,,,,,,,,,,,,,,,,,,,
3913,3911,78d61aea-10e6-4bad-8c43-f34cd04294d3,ENDPOINT_STUDY_RECORD.ToxicityToBees,866a8d5d-091f-4623-b653-77033a28f3c4,toxicity to bees: chronic oral,,,1f6459a6-7bbc-4680-957c-e6decf9f5bba,,not specified,not specified,,,,6ebe8963-53bc-470d-b7a7-7161ff4b85e0,,,,,,,,,,,,,,,,,,,Pirimor/A10788A,,,,,,Apis mellifera,,oral,,,,mortality,,,act. ingr.,,,,,,212.0,mg/kg diet,,,,other:,,8-d LC50,,,,,,,,,,7637c3f6-4593-4827-a8d9-088472229345,,,,,,,,,,,,,,,,,,,,
3914,3912,78d61aea-10e6-4bad-8c43-f34cd04294d3,ENDPOINT_STUDY_RECORD.ToxicityToBees,866a8d5d-091f-4623-b653-77033a28f3c4,toxicity to bees: chronic oral,,,1f6459a6-7bbc-4680-957c-e6decf9f5bba,,not specified,not specified,,,,6ebe8963-53bc-470d-b7a7-7161ff4b85e0,,,,,,,,,,,,,,,,,,,Pirimor/A10788A,,,,,,Apis mellifera,,oral,,,,mortality,,,act. ingr.,,,,,,32.65,µg per larva per developmental period,,,,other:,,8-d LD50,,,,,,,,,,35e6a707-b8d4-42a3-9097-0936673904b3,,,,,,,,,,,,,,,,,,,,
3915,3913,78d61aea-10e6-4bad-8c43-f34cd04294d3,ENDPOINT_STUDY_RECORD.ToxicityToBees,866a8d5d-091f-4623-b653-77033a28f3c4,toxicity to bees: chronic oral,,,1f6459a6-7bbc-4680-957c-e6decf9f5bba,,not specified,not specified,,,,6ebe8963-53bc-470d-b7a7-7161ff4b85e0,,,,,,,,,,,,,,,,,,,Pirimor/A10788A,,,,,,Apis mellifera,,oral,,,,not specified,,,act. ingr.,,,,,,90.0,mg/kg diet,,,,other:,,8-d NOEC,,,,,,,,,,30514530-be00-4109-b465-0aea7d9f0d8d,,,,,,,,,,,,,,,,,,,,
3916,3914,78d61aea-10e6-4bad-8c43-f34cd04294d3,ENDPOINT_STUDY_RECORD.ToxicityToBees,866a8d5d-091f-4623-b653-77033a28f3c4,toxicity to bees: chronic oral,,,1f6459a6-7bbc-4680-957c-e6decf9f5bba,,not specified,not specified,,,,6ebe8963-53bc-470d-b7a7-7161ff4b85e0,,,,,,,,,,,,,,,,,,,Pirimor/A10788A,,,,,,Apis mellifera,,oral,,,,not specified,,,act. ingr.,,,,,,13.86,µg per larva per developmental period,,,,other:,,8- d NOEL,,,,,,,,,,3ab6e797-0bf1-4724-8068-6ede900f4e55,,,,,,,,,,,,,,,,,,,,
3917,3915,7a617e79-48b7-429c-8896-3a0e85fa75d7,ENDPOINT_STUDY_RECORD.ToxicityToBees,5d1907a1-6bea-40e1-8512-bd798a9b4fca,toxicity to bees: acute contact,,,72e6d370-7cb4-4f1e-af7a-8bd7050b29d8,Species: Apis mellifera; Route: dermal; Exp. duration: 48.0 h,not specified,not specified,,,,9583ad52-6036-4f7b-957a-8b5727cfc1b8,,,,,,,,,,,,h,48.0,,,,,,,,,,,,Apis mellifera,,other:,dermal,,,mortality,,,,,,,,,0.081,other:,µg/piece,,,LD50,,,,,,,other:,,Remarks: Acute contact,,,bdc198b5-ca66-4b64-9420-fb74425373a7,,,,,,,,,,,,,,,,,,,,
3918,3916,8cd2f9d3-4560-4c02-b27d-95bb92ef8e88,ENDPOINT_STUDY_RECORD.ToxicityToBees,5282d866-ee20-4a34-ae5f-920610551aaa,toxicity to bees: chronic oral,,,20a23bb7-d6dc-4700-9c8b-d1b1f41b4983,,not specified,not specified,,,,820448b0-32cd-4cd5-81e7-fef5b506a1ca,,,,,,,,,,,,d,10.0,,,,,,,,,,,,Apis mellifera,,oral,,,,mortality,,,,,,,,>,33.6,µg/bee per day,,,,10-d LDD50,,,,,,,,,,,,f003e6a2-dace-4edd-87b5-6adaedc9afb4,,,,,,,,,,,,,,,,,,,,
3919,3917,ac868708-90c5-4f48-afc2-519ea8cf620f,ENDPOINT_STUDY_RECORD.ToxicityToBees,4c33f8e7-c9f4-4f77-8591-0baf4febfddd,toxicity to bees: chronic oral,,,e469552f-3c2c-4327-8373-b831aa8e55a5,Species: Apis mellifera; Route: oral; Exp. duration: 10.0 d,not specified,not specified,,,,efcdf9b8-0540-4218-ae56-50fcb2bdf8de,,,,,,,,,,,,d,10.0,,,,,,,,,,,,Apis mellifera,,oral,,,,mortality,,,test mat.,,Dichlorprop-P K 600 SL,,,,60.9,µg/bee per day,,,,10-d LDD50,,,,,,,,,,,,bbfa2d5b-6c45-45df-b88f-890aff33b9a3,,,,,,,,,,,,,,,,,,,,
3920,3918,ac868708-90c5-4f48-afc2-519ea8cf620f,ENDPOINT_STUDY_RECORD.ToxicityToBees,4c33f8e7-c9f4-4f77-8591-0baf4febfddd,toxicity to bees: chronic oral,,,8756ea66-3793-4903-9527-af1cda33ace4,Species: Apis mellifera; Route: oral; Exp. duration: 10.0 d,not specified,not specified,,,,efcdf9b8-0540-4218-ae56-50fcb2bdf8de,,,,,,,,,,,,d,10.0,,,,,,,,,,,,Apis mellifera,,oral,,,,mortality,,,test mat.,,Dichlorprop-P K 600 SL,,,,60.9,µg/bee per day,,,,10-d LDD50,,,,,,,,,,,,bbfa2d5b-6c45-45df-b88f-890aff33b9a3,,,,,,,,,,,,,,,,,,,,
3921,3919,72119dd1-b04e-481f-bda0-3b6359118a71,ENDPOINT_STUDY_RECORD.ToxicityToBees,45a7c3eb-afb8-4846-8dd5-c3431ec45bea,toxicity to bees: acute contact,,,07cc7ff0-09f5-449e-a5a8-cd481219e31b,Limit test: no; Species: Apis mellifera; Route: dermal; Exp. duration: 48.0 h,yes,no,EPA OPP 141-1 (Honey Bee Acute Contact Toxicity),,according to guideline,128bd81a-2f11-43af-94ff-70844ddc7f77,,,,,no,,,,,,,h,48.0,,,,,,,,,,,,Apis mellifera,,other:,dermal,,,mortality,,,,,,,,>,25.0,other:,µg/piece,,,LD50,,,,,,,other:,,Remarks: Acute contact toxicity,,,c2658163-3f1e-465b-93b1-ba2f8f3fcf67,,,,,,,,,,,,,,,,,,,,
3922,3920,e94a310a-b89b-42a4-a67a-44708b383810,ENDPOINT_STUDY_RECORD.ToxicityToBees,8741026c-46b6-4bb0-b968-3b19aa9bcf3b,toxicity to bees: acute contact,,,71243273-0507-40a0-bd86-dc7612348306,Limit test: yes; Species: Apis mellifera; Route: dermal; Exp. duration: 48.0 h,yes,no,"OECD Guideline 214 (Honeybees, Acute Contact Toxicity Test)",,according to guideline,c7bd3aea-84b1-4b73-be87-f16497867041,,,,,yes,,,,,,,h,48.0,,,,,,,,,,,,Apis mellifera,,other:,dermal,,,mortality,,,,,,,,>,100.0,other:,µg/piece,,,LD50,,,,,,,other:,,Remarks: contact toxicity,,,608a4618-90c2-444a-b810-d87c881b8b37,,,,,,,,,,,,,,,,,,,,
3923,3921,ea33831f-4d10-4418-8936-f2133eb4ebe1,ENDPOINT_STUDY_RECORD.ToxicityToBees,36ebb297-7e7a-40d6-8641-5136c49e3768,toxicity to bees: acute oral,,,2aa5019b-1460-4c1e-90e6-634ce097e750,Species: Apis mellifera; Route: oral: unspecified,not specified,not specified,,,,0a1f319b-096c-469c-87dd-08e1bba6e47c,,,,,,,,,,,,,,,,,,,FLU17516,,,,,,Apis mellifera,,other:,oral: unspecified,,,mortality,,,,,,,,,337.0,other:,µg/piece,,,LD50,,,,,,,,,,,,0bfab7b0-27e7-49d9-9969-5bece79a8364,,,,,,,,,,,,,,,,,,,,
3924,3922,b4072e06-537f-4e15-9c3d-4348afba3337,ENDPOINT_STUDY_RECORD.ToxicityToBees,818203ca-7db9-492d-9218-b7bc36775db7,toxicity to bees: chronic oral,,,6e3cae81-7d99-40bd-8658-98b186c08f15,,not specified,not specified,,,,450c5eac-0cbf-4227-81e2-45eab08d6e8c,,,,,,,,,,,,d,10.0,,,,,,Milbemectin (purity 95.76 %),,,,,,Apis mellifera,,oral,,,,not specified,,,act. ingr.,,,,,,0.019,µg/bee,,,,NOED,,,,,,,,,,,,d701750d-065d-4b12-a19d-ce94330dae0f,,,,,,,,,,,,,,,,,,,,
3925,3923,b4072e06-537f-4e15-9c3d-4348afba3337,ENDPOINT_STUDY_RECORD.ToxicityToBees,818203ca-7db9-492d-9218-b7bc36775db7,toxicity to bees: chronic oral,,,6e3cae81-7d99-40bd-8658-98b186c08f15,,not specified,not specified,,,,450c5eac-0cbf-4227-81e2-45eab08d6e8c,,,,,,,,,,,,d,10.0,,,,,,Milbemectin (purity 95.76 %),,,,,,Apis mellifera,,oral,,,,mortality,,,act. ingr.,,,,,,0.07,µg/bee,,,,LD50,,,,,,,,,,,,3bcb245c-e0e6-44cb-ae7a-539e56054703,,,,,,,,,,,,,,,,,,,,
3926,3924,d5b584db-f3cb-46a7-ac61-85fd6903c34d,ENDPOINT_STUDY_RECORD.ToxicityToBees,62a36090-8e15-4d85-9ed2-b1e23af400c3,toxicity to bees: acute oral,,,550b701c-9ee8-435d-99b3-202b35988fa6,Species: Apis mellifera; Route: oral: unspecified,not specified,not specified,,,,d77c86ad-8589-4ed3-9dce-ae0c8c00b9f3,,,,,,,,,,,,,,,,,,,,,,,,,Apis mellifera,,other:,oral: unspecified,,,mortality,,,,,,,,>,61.2,other:,µg/piece,,,LD50,,,,,,,other:,,Remarks: Acute oral toxicity,,,81fd21d1-7b32-49b1-99c3-2bcd51d8ff10,,,,,,,,,,,,,,,,,,,,
3927,3925,7a84dab8-345e-455f-a3fb-d89380ddcd47,ENDPOINT_STUDY_RECORD.ToxicityToBees,4c33f8e7-c9f4-4f77-8591-0baf4febfddd,toxicity to bees: acute contact,,,8756ea66-3793-4903-9527-af1cda33ace4,Species: Apis mellifera; Route: dermal,not specified,not specified,,,,2ae85144-db23-4038-bc00-42abf67d7922,,,,,,,,,,,,,,,,,,,,,,,,,Apis mellifera,,other:,dermal,,,mortality,,,,,,,,>,200.0,other:,µg/piece,,,LD50,,,,,,,,,,,,fe2e1b6c-6da0-4796-ace7-16a484054e3c,,,,,,,,,,,,,,,,,,,,
3928,3926,307b58cb-58d7-4625-8153-30221ad2cce5,ENDPOINT_STUDY_RECORD.ToxicityToBees,abb35cee-1a99-494f-94c2-ca7606cc5684,toxicity to bees: acute oral,,,46f4649e-2289-4971-a004-86f392622f1a,Species: Apis mellifera; Route: oral: unspecified; Exp. duration: 48.0 h,not specified,not specified,,,,3e4b687e-b7d7-498d-9447-63aaeea221dc,,,,,,,,,,,,h,48.0,,,,,,,,,,,,Apis mellifera,,other:,oral: unspecified,,,mortality,,,,,,,,,0.146,other:,µg/piece,,,LD50,,,,,,,,,,,,d8b2df0d-c1cb-479c-902c-e56989f564c1,,,,,,,,,,,,,,,,,,,,
3929,3927,4b5d9fd5-7ec2-4bc5-ba7d-3a0e5389e8d0,ENDPOINT_STUDY_RECORD.ToxicityToBees,d6170c83-7076-4913-9016-129b1f8dcb6a,toxicity to bees: acute contact,,,760882c7-2a1d-4cf1-8c41-c9c176a71369,Species: Apis mellifera; Route: dermal,not specified,not specified,,,,f60b8bac-08d8-45f2-ac4b-b0cf9243471c,,,,,,,,,,,,,,,,,,,,,,,,,Apis mellifera,,other:,dermal,,,mortality,,,,,,,,>,66.7,other:,µg/piece,,,LD50,,,,,,,other:,,Remarks: Acute contact toxicity,,,ec049155-3825-4c69-b101-8ff2d03148d3,,,,,,,,,,,,,,,,,,,,
3930,3928,2b8d6f9a-61c4-4178-ab0c-0884b79cd75d,ENDPOINT_STUDY_RECORD.ToxicityToBees,c5a05f6c-b34b-4ab6-91f9-da4f8bdcd99e,toxicity to bees: acute contact,,,21ca70c7-60fa-435c-b8e4-79b3ca9e8e32,Species: Apis mellifera; Route: dermal,not specified,not specified,,,,eae09934-9074-4037-be58-3cc238c0cdef,,,,,,,,,,,,,,,,,,,,,,,,,Apis mellifera,,other:,dermal,,,mortality,,,,,,,,>,100.0,other:,µg/piece,,,LD50,,,,,,,,,,,,8e3b583d-6db9-414d-98b3-92ea1807f8cb,,,,,,,,,,,,,,,,,,,,
3931,3929,07e97a19-40d3-43ae-bd59-e36e5fb91e23,ENDPOINT_STUDY_RECORD.ToxicityToBees,48dcd99a-854b-4708-a675-b7c923d914df,toxicity to bees: acute oral,,,23dfbea3-6e21-4bb2-8a35-955eaa0b9020,Species: Apis mellifera; Route: oral: unspecified,not specified,not specified,,,,8f1d1e29-5907-47b4-b67a-a2130bde2d4f,,,,,,,,,,,,,,,,,,,8-Hydroxyquinoline sulphate formulation: Beltanol-L,,,,,,Apis mellifera,,other:,oral: unspecified,,,mortality,,,,,,,,>,68.64,other:,µg/piece,,,LD50,,,,,,,other:,,"Remarks: Oral toxicity, the effect level is based on 8-Hydroxyquinoline sulphate",,,aeb65af6-2998-4099-b952-946ec26873ab,,,,,,,,,,,,,,,,,,,,
3932,3930,dcae8ab7-8a40-4287-b5a0-36e804843100,ENDPOINT_STUDY_RECORD.ToxicityToBees,dcf6cefc-0999-47ea-a3a2-326d4c8370a7,toxicity to bees: chronic oral,,,51a94c22-175c-4440-8c49-79d4107d8f74,Species: Apis mellifera; Route: oral; Exp. duration: 10.0 d,not specified,not specified,,,,ffeb27fe-e745-448e-b0ad-7fc97ab05230,,,,,,,,,,,,d,10.0,,,,,,,,,,,,Apis mellifera,,oral,,,,not specified,,,test mat.,,A8587F (250 ME),,,,26.9,µg/bee per day,,,,other:,10-d NOED,,,,,,,,,,,0b1ad3b2-fa54-4b94-91fe-0221d260db2d,,,,,,,,,,,,,,,,,,,,
3933,3931,dcae8ab7-8a40-4287-b5a0-36e804843100,ENDPOINT_STUDY_RECORD.ToxicityToBees,dcf6cefc-0999-47ea-a3a2-326d4c8370a7,toxicity to bees: chronic oral,,,baf69ebe-1a1c-4820-bd7e-e6f617f6dc7d,Species: Apis mellifera; Route: oral; Exp. duration: 10.0 d,not specified,not specified,,,,ffeb27fe-e745-448e-b0ad-7fc97ab05230,,,,,,,,,,,,d,10.0,,,,,,,,,,,,Apis mellifera,,oral,,,,not specified,,,test mat.,,A8587F (250 ME),,,,26.9,µg/bee per day,,,,other:,10-d NOED,,,,,,,,,,,0b1ad3b2-fa54-4b94-91fe-0221d260db2d,,,,,,,,,,,,,,,,,,,,
3934,3932,cb22bcf6-7dd2-4fee-ac79-b6c630e3a4d2,ENDPOINT_STUDY_RECORD.ToxicityToBees,9660613d-7fa7-4f7f-8a7f-930c21fc9542,toxicity to bees: acute oral,,,278299cb-020e-4648-988d-dc0a775dcc80,Species: Apis mellifera; Route: oral: unspecified; Exp. duration: 48.0 h,not specified,not specified,,,,574352eb-832d-426f-b9ff-bcb035722799,,,,,,,,,,,,h,48.0,,,,,,,,,,,,Apis mellifera,,other:,oral: unspecified,,,mortality,,,,,,,,>,163.5,other:,µg/piece,,,LD50,,,,,,,other:,,Remarks: Acute oral toxicity,,,a4c5d781-011b-4c78-a0d2-346542b27f29,,,,,,,,,,,,,,,,,,,,
3935,3933,69849270-55cf-4f5c-9ae7-4c6182ec8d91,ENDPOINT_STUDY_RECORD.ToxicityToBees,08eb088f-b536-4391-a5e7-ed8bd9acb006,toxicity to bees: chronic oral,,,8d4ce816-de35-44ce-a88a-4c015df0d39d,Species: Apis mellifera; Route: oral; Exp. duration: 10.0 d,,,,,,,,,,,,,,,,,,d,10.0,,,,,,,,,,,,Apis mellifera,,oral,,,,mortality,,,act. ingr.,,,,,,12.0,µg/bee per day,,,,other:,10-d LC50,,,,,,,,,,,147f830b-e800-45e4-9be2-63cc34db4a20,,,,,,,,,,,,,,,,,,,,
3936,3934,b10860ec-3e76-4251-83f0-c0ee9f72c4a7,ENDPOINT_STUDY_RECORD.ToxicityToBees,f9e9e1c8-d535-425a-88da-a7469737b600,toxicity to bees: acute contact,,,c8e3de78-431a-48c9-84c0-3db87f9b0e85,Species: Apis mellifera; Route: dermal,not specified,not specified,,,,3c1908b3-3d82-4fdc-b94e-4964fd7c621b,,,,,,,,,,,,,,,,,,,,,,,,,Apis mellifera,,other:,dermal,,,mortality,,,,,,,,>,100.0,other:,µg/piece,,,LD50,,,,,,,,,,,,99fff73e-d359-4976-93b2-802fcbd6f1b2,,,,,,,,,,,,,,,,,,,,
3937,3935,07bc83cb-a2c4-4e08-b148-63a6f6a18940,ENDPOINT_STUDY_RECORD.ToxicityToBees,46e2ff80-2881-4eeb-879d-4587034a2a29,toxicity to bees: acute oral,,,1e82f728-a652-4a0e-9fce-6519c15aae51,Species: Apis mellifera; Route: oral: unspecified; Exp. duration: 48.0 h,not specified,not specified,,,,ee731a83-77dd-485a-b4b2-ef30c8388a93,,,,,,,,,,,,h,48.0,,,,,,,,,,,,Apis mellifera,,other:,oral: unspecified,,,mortality,,,,,,,,>,100.0,other:,µg/piece,,,LD50,,,,,,,other:,,Remarks: oral and contact,,,43330daa-9cb7-4b8d-9cae-26e9236efd53,,,,,,,,,,,,,,,,,,,,
3938,3936,023957d3-d2b1-498b-bbf2-63b97a710f72,ENDPOINT_STUDY_RECORD.ToxicityToBees,696a7857-f9d4-4efc-8ecc-b860b72ff435,toxicity to bees: acute contact,,,585c5854-bb60-4e86-9276-fd99cd604407,,not specified,not specified,,,,797331c1-633d-4d26-95b6-3e91778e8c50,,,,,,,,,,,,h,48.0,,,,,,"Studies was conducted with the solo-formulation BAS 222 28 F (containing 70% metiram, nominally).",,,,,,Apis mellifera,,contact,,,,mortality,,,act. ingr.,,,h,48.0,>,100.0,µg/bee,,,,LD50,,,,,,,,,,,,b4240847-f647-47ee-b000-60b56901f84f,,,,,,,,,,,,,,,,,,,,
3939,3937,008c7f98-5b84-4b05-ad3b-98b41b043fc3,ENDPOINT_STUDY_RECORD.ToxicityToBees,ed76b10b-d559-4c09-8321-ce6a07eb73c3,toxicity to bees: acute oral,,,229b14b5-e1d1-43a1-b864-5ac17db099b5,Species: Apis mellifera; Route: oral: unspecified; Exp. duration: 48.0 h,not specified,not specified,,,,98313c6e-9d0c-4f79-917c-24649863ed27,,,,,,,,,,,,h,48.0,,,,,,,,,,,,Apis mellifera,,other:,oral: unspecified,,,mortality,,,,,,,,>,100.0,other:,µg/piece,,,LD50,,,,,,,,,,,,e5a5317e-f925-45cc-8e24-cc2b0f0435fc,,,,,,,,,,,,,,,,,,,,
3940,3938,888d0da7-8872-434b-b32e-7907104f9e74,ENDPOINT_STUDY_RECORD.ToxicityToBees,482c0108-ff32-4e64-948e-9ec7d7a6a4ca,toxicity to bees: acute contact,,,dbe7b197-9a8b-4353-8be1-ec6a707c0e16,,not specified,not specified,,,,6d40fd68-a182-412f-983e-a0c71bba72da,,,,,,,,,,,,,,,,,,,,,,,,,Apis mellifera,,other:,dermal,,,mortality,,,,,,,,>,100.0,µg/bee,,,,LD50,,,,,,,,,,,,dcc06c2b-b1c0-41cd-ac9c-c69467ea47bd,,,,,,,,,,,,,,,,,,,,
3941,3939,4d01b03f-4dbe-4ec9-97bb-a4688fd8f3fb,ENDPOINT_STUDY_RECORD.ToxicityToBees,f8cb4e06-76b1-4684-a509-84c76c8c194e,toxicity to bees: acute oral,,,0feedabd-127c-48a5-8925-06013cbca7f7,Species: Apis mellifera; Route: oral: unspecified,not specified,not specified,,,,20d93344-e8ed-4fbb-a278-c968bc7191f4,,,,,,,,,,,,,,,,,,,,,,,,,Apis mellifera,,other:,oral: unspecified,,,mortality,,,,,,,,,0.057,other:,µg/piece,,,LD50,,,,,,,,,,,,f6ece9da-0121-4a11-8ef0-e566be7aa1ef,,,,,,,,,,,,,,,,,,,,
3942,3940,4d01b03f-4dbe-4ec9-97bb-a4688fd8f3fb,ENDPOINT_STUDY_RECORD.ToxicityToBees,f8cb4e06-76b1-4684-a509-84c76c8c194e,toxicity to bees: acute oral,,,f8eb2b42-0c57-4cf5-9123-92935bf6602f,Species: Apis mellifera; Route: oral: unspecified,not specified,not specified,,,,20d93344-e8ed-4fbb-a278-c968bc7191f4,,,,,,,,,,,,,,,,,,,,,,,,,Apis mellifera,,other:,oral: unspecified,,,mortality,,,,,,,,,0.057,other:,µg/piece,,,LD50,,,,,,,,,,,,f6ece9da-0121-4a11-8ef0-e566be7aa1ef,,,,,,,,,,,,,,,,,,,,
3943,3941,cdeff2fd-af0b-422b-a90b-78cde01f936d,ENDPOINT_STUDY_RECORD.ToxicityToBees,0ec3af70-0660-4a8d-813f-f057946f3c4c,toxicity to bees: acute oral,,,98240b07-292c-4c1a-b229-6a86581a2e36,Species: Apis mellifera; Route: oral: unspecified,not specified,not specified,,,,9d856139-0ecd-4992-951c-b23d093cff25,,,,,,,,,,,,,,,,,,,Fomulation: K 715-4,,,,,,Apis mellifera,,other:,oral: unspecified,,,,,,,,,,,>,63.0,other:,µg/piece,,,LD50,,,,,,,other:,,"Remarks: Acute oral and contact toxicity; endpoint not specified, it should be LD50.",,,c525d8f3-98ce-4bdf-92e8-0afc76113a3c,,,,,,,,,,,,,,,,,,,,
3944,3942,019cdc1b-7152-49c9-880e-a412e7064427,ENDPOINT_STUDY_RECORD.ToxicityToBees,38ab354f-3247-4535-b540-ffac0e712c80,toxicity to bees: acute oral,,,871dea60-7965-4be5-9609-e36cf529fa79,Species: Apis mellifera; Route: oral: unspecified,not specified,not specified,,,,331ddadd-4982-4759-b389-3176fb32c640,,,,,,,,,,,,,,,,,,,,,,,,,Apis mellifera,,other:,oral: unspecified,,,mortality,,,,,,,,>,71.0,other:,µg/piece,,,LD50,,,,,,,other:,,Remarks: Acute oral toxicity,,,382fa013-3aa6-4c61-bed7-685fc6f8d0ef,,,,,,,,,,,,,,,,,,,,
3945,3943,b1b570da-0072-45bd-8364-ca441e3a70bc,ENDPOINT_STUDY_RECORD.ToxicityToBees,d9c10f72-1e93-44d3-9c5c-30fde26cf2e1,toxicity to bees: chronic oral,,,5a1c325f-22a6-41bf-a3df-64caf9fbae13,Species: Apis mellifera; Route: oral; Exp. duration: 10.0 d,,,,,,,,,,,,,,,,,,d,10.0,,,,,,,,,,,,Apis mellifera,,oral,,,,mortality,,,test mat.,,Galben M,,,>,3.61,µg/bee per day,,,,10-d LDD50,,,,,,,,,,,,895a579c-6144-4d12-9224-9320996d9918,,,,,,,,,,,,,,,,,,,,
3946,3944,3ba8505b-6955-4ade-a062-63b8db11c466,ENDPOINT_STUDY_RECORD.ToxicityToBees,6df6c0f1-e93b-40a9-899d-1aa787006658,toxicity to bees: chronic oral,,,ce166716-b1ec-484e-a17b-d89872dc1d5c,Species: Apis mellifera; Route: oral; Exp. duration: 10.0 d,,,,,,,,,,,,,,,,,,d,10.0,,,,,,,,,,,,Apis mellifera,,oral,,,,not specified,,,act. ingr.,,,,,,4.4,µg/bee per day,,,,other:,NOEL,,,,,,,,,,,f3586ac2-e429-4874-8330-0aff3357bdcb,,,,,,,,,,,,,,,,,,,,
3947,3945,21f4a596-ea3d-4dc8-82c4-81c4e80e8d42,ENDPOINT_STUDY_RECORD.ToxicityToBees,4b1a625d-cef3-4aa5-bc5b-aa46a1000349,toxicity to bees: acute contact,,,ec4e56ac-9366-47d0-b333-9bfda0f1ad3b,Species: Apis mellifera; Route: dermal; Exp. duration: 48.0 h,not specified,not specified,,,,6382fb64-9de8-45a4-b658-08777c2c154b,,,,,,,,,,,,h,48.0,,,,,,,,,,,,Apis mellifera,,other:,dermal,,,mortality,,,,,,,,>,100.0,other:,µg/piece,,,LD50,,,,,,,,,,,,027937f7-4d83-4793-83ba-0da53d070a75,,,,,,,,,,,,,,,,,,,,
3948,3946,293beb1c-69ab-4a95-8040-bf415c3b406b,ENDPOINT_STUDY_RECORD.ToxicityToBees,25f29b3b-d1dc-46cc-8a0f-599ec64a044a,toxicity to bees: acute oral,,,7136487b-2e9e-4537-a86c-37837821d888,Limit test: no; Species: Apis mellifera; Route: oral: unspecified; Exp. duration: 48.0 h,yes,no,"OECD Guideline 213 (Honeybees, Acute Oral Toxicity Test)",,according to guideline,aedcde04-216e-4ee6-a4c8-e4780ea0fce9,,,,,no,,,,,,,h,48.0,,,,,,,,,,,,Apis mellifera,,other:,oral: unspecified,,,mortality,,,,,,,,,4.2,other:,µg/piece,,,LD50,,,,,,,other:,,Remarks: oral toxicity,,,c8a96c9e-140e-4423-8725-51f8a24d0932,,,,,,,,,,,,,,,,,,,,
3949,3947,ea2c1669-666f-457f-9d4a-e98b582b624f,ENDPOINT_STUDY_RECORD.ToxicityToBees,62d34108-e968-4ce2-a9c1-280718f51d6b,toxicity to bees: acute oral,,,25b1b096-291b-4b36-8279-741b19c90642,Species: Apis mellifera; Route: oral: unspecified,not specified,not specified,,,,75f90192-87e9-485f-bda6-bf434238fcb5,,,,,,,,,,,,,,,,,,,,,,,,,Apis mellifera,,other:,oral: unspecified,,,mortality,,,,,,,,,0.00379,other:,µg/piece,,,LD50,,,,,,,other:,,"Remarks: Acute oral toxicity; Reference: European Commission, 2005",,,403f5a45-f11f-416a-a505-758e2f3240bb,,,,,,,,,,,,,,,,,,,,
3950,3948,31b412e8-79fb-4549-8930-1d864171d8fc,ENDPOINT_STUDY_RECORD.ToxicityToBees,8811f912-f7b0-43e4-bdd6-001997ca6bef,toxicity to bees: acute contact,,,4879bb00-3a8d-4824-bdb3-2a619f90def9,Species: Apis mellifera; Route: dermal; Exp. duration: 48.0 h,yes,no,"OECD Guideline 214 (Honeybees, Acute Contact Toxicity Test)",,according to guideline,596de904-08d0-448b-9874-8e923c88528c,,,,,,,,,,,,h,48.0,,,,,,,,,,,,Apis mellifera,,other:,dermal,,,mortality,,,,,,,,>,200.0,other:,µg/piece,,,LD50,,,,,,,other:,,Remarks: Acute contact toxicity,,,4715a0d4-6a44-4033-9dcf-0afa3306c85a,,,,,,,,,,,,,,,,,,,,
3951,3949,a5eb092d-8eae-4b7f-b7fc-966953d5b193,ENDPOINT_STUDY_RECORD.ToxicityToBees,40bef233-ff76-42ba-913e-abf75638a716,toxicity to bees: acute contact,,,025d935c-ff4e-49e7-bb02-8721e28f51fb,Species: Apis mellifera; Route: dermal,not specified,not specified,,,,7ad01fe3-20a6-458b-bbb9-c7fbc7a07443,,,,,,,,,,,,,,,,,,,,,,,,,Apis mellifera,,other:,dermal,,,mortality,,,,,,,,>,100.0,other:,µg/piece,,,LD50,,,,,,,,,,,,d596b920-5e48-4605-bcb7-21750f1a3817,,,,,,,,,,,,,,,,,,,,
3952,3950,ddacfdba-e70a-4dbf-a8ad-0c98e2931479,ENDPOINT_STUDY_RECORD.ToxicityToBees,f59ef534-85ce-4110-be59-429b96408d30,toxicity to bees: chronic oral,,,45903607-8622-41bd-8659-737512b5ba4d,Species: Apis mellifera; Route: oral; Exp. duration: 10.0 d,,,,,,,,,,,,,,,,,,d,10.0,,,,,,,,,,,,Apis mellifera,,oral,,,,mortality,,,test mat.,,IKF-916 160SC-N,,,,42.12,µg/bee per day,,,,other:,10-d LC50,,,,,,,,,,,3c7e7a5c-b632-45d2-a605-d7d8d3f09e93,,,,,,,,,,,,,,,,,,,,
3953,3951,be3d75d5-75e8-4f6c-a7a0-47c6940cce55,ENDPOINT_STUDY_RECORD.ToxicityToBees,1a12a5f4-7fc6-494d-b9ff-4bab4072af13,toxicity to bees: acute contact,,,f547b6c2-71cb-4264-9ba2-5a100facd114,Species: Apis mellifera; Route: dermal,not specified,not specified,,,,2cc45402-9174-4ae2-855e-91bab6779172,,,,,,,,,,,,,,,,,,,,,,,,,Apis mellifera,,other:,dermal,,,mortality,,,,,,,,>,100.0,other:,µg/piece,,,LD50,,,,,,,other:,,Remarks: Acute contact toxicity,,,8b54f433-7c21-4808-a2e7-64e3e8cf6b18,,,,,,,,,,,,,,,,,,,,
3954,3952,c30fa778-fc19-432b-8992-9a58c446a053,ENDPOINT_STUDY_RECORD.ToxicityToBees,effff3e8-beb0-463f-859c-26e6956f8f90,toxicity to bees: chronic oral,,,e605927c-9032-4b62-999e-3aa19e768014,Species: Apis mellifera; Route: oral; Exp. duration: 10.0 d,,,,,,,,,,,,,,,,,,d,10.0,,,,,,,,,,,,Apis mellifera,,oral,,,,not specified,,,test mat.,,Rapeseed oil formulation (NEU 1161 I),,,,37500.0,mg/kg diet,,,,other:,10-d NOEC,,,,,,,,,,,6f44e7aa-a9a5-4792-adf4-6e8c7f5b001a,,,,,,,,,,,,,,,,,,,,
3955,3953,06d33d84-0fad-49d3-96a0-7f6077d1756b,ENDPOINT_STUDY_RECORD.ToxicityToBees,acee2690-568d-4050-9aae-cf3467956a0c,bee larval toxicity - acute,,,66a7a3b3-eca2-4839-bb1b-9b24e965fb0d,Species: Apis mellifera; Route: oral; Exp. duration: 1.0 d,,,,,,,,,,,,,,,,,,d,1.0,,,,,,,,,,,,Apis mellifera,,oral,,,,not specified,,,act. ingr.,,,,,,25.0,µg per larva,,,,other:,96-h NOED,,,,,,,,,,,091c4796-8d90-4659-8265-f7d8cedc2479,,,,,,,,,,,,,,,,,,,,
3956,3954,62fad8b2-37c4-4f8a-9ac6-9a0e87cc6d4e,ENDPOINT_STUDY_RECORD.ToxicityToBees,4bfab2fa-379b-4887-9301-c84700b91445,toxicity to bees: chronic oral,,,d376f596-d6fc-496b-a197-e94a5aac80ad,,not specified,not specified,,,,5e540edf-df55-460b-8129-b55916da2e30,,,,,,,,,,,,d,10.0,,,,,,BAS 560 02 F,,,,,,Apis mellifera,,oral,,,,mortality,,,act. ingr.,,,,,>,291.0,µg per larva per day,,,,10-d LDD50,,,,,,,,,,,,c16d9174-2d57-4602-acb7-cde1efdb5bea,,,,,,,,,,,,,,,,,,,,
3957,3955,d4021dfa-30b3-4866-aaf3-b718c6c95d66,ENDPOINT_STUDY_RECORD.ToxicityToBees,ce6eabec-ae04-4b5f-b205-7639062e9c0a,toxicity to bees: acute oral,,,33a038ad-4474-4b59-b50b-29531ade6ff6,Species: Apis mellifera; Route: oral: unspecified; Exp. duration: 48.0 h,not specified,not specified,,,,a2b644a1-28f7-48dd-b3b6-076f8112c67d,,,,,,,,,,,,h,48.0,,,,,,,,,,,,Apis mellifera,,other:,oral: unspecified,,,mortality,,,,,,,,>,100.0,µg/bee,,,,LD50,,,,,,,other:,,Remarks: Acute oral toxicity,,,b8e6d7b0-89f4-4810-aba1-e73e8fa09f6b,,,,,,,,,,,,,,,,,,,,
3958,3956,d4021dfa-30b3-4866-aaf3-b718c6c95d66,ENDPOINT_STUDY_RECORD.ToxicityToBees,ce6eabec-ae04-4b5f-b205-7639062e9c0a,toxicity to bees: acute oral,,,b1b28112-6504-443c-a329-abc8a99c8a37,Species: Apis mellifera; Route: oral: unspecified; Exp. duration: 48.0 h,not specified,not specified,,,,a2b644a1-28f7-48dd-b3b6-076f8112c67d,,,,,,,,,,,,h,48.0,,,,,,,,,,,,Apis mellifera,,other:,oral: unspecified,,,mortality,,,,,,,,>,100.0,µg/bee,,,,LD50,,,,,,,other:,,Remarks: Acute oral toxicity,,,b8e6d7b0-89f4-4810-aba1-e73e8fa09f6b,,,,,,,,,,,,,,,,,,,,
3959,3957,ba3a91fd-1e5c-4aee-93da-4ef7634299df,ENDPOINT_STUDY_RECORD.ToxicityToBees,5c12d693-bfae-469c-b54e-de72d0056b7e,toxicity to bees: acute contact,,,f8d8c2c6-ebe2-4e2f-8e9d-aa542a0d67f4,Species: Apis mellifera; Route: dermal,not specified,not specified,,,,a7f103b6-3995-45cd-8799-159a1865f222,,,,,,,,,,,,,,,,,,,,,,,,,Apis mellifera,,other:,dermal,,,mortality,,,,,,,,>,155.5,other:,µg/piece,,,LD50,,,,,,,,,,,,bf2ceecb-7353-4673-b016-9afc1105694b,,,,,,,,,,,,,,,,,,,,
3960,3958,7ffe16b0-2553-4b72-85b3-13621e529571,ENDPOINT_STUDY_RECORD.ToxicityToBees,c5a05f6c-b34b-4ab6-91f9-da4f8bdcd99e,toxicity to bees: acute oral,,,21ca70c7-60fa-435c-b8e4-79b3ca9e8e32,Limit test: yes; Species: Apis mellifera; Route: oral: unspecified; Exp. duration: 48.0 h,yes,no,other:,OTHER GUIDELINE,according to guideline,ddefc359-26b7-4a0e-9836-32776ec43320,,,,,yes,,,,,,,h,48.0,,,,,,,,,,,,Apis mellifera,,other:,oral: unspecified,,,mortality,,,,,,,,>,79.4,other:,µg/piece,,,LD50,,,,,,,other:,,Remarks: Acute oral toxicity. Guidelines: EPPO No. 170; OECD proposal for a new guideline (October 1996).,,,612d7c40-eda7-4098-82fa-34da544d16ba,,,,,,,,,,,,,,,,,,,,
3961,3959,e324405a-2989-4170-807b-bb309e030368,ENDPOINT_STUDY_RECORD.ToxicityToBees,44b92abe-8a3c-43b3-9dd2-1d0dbd473dce,bee larval toxicity - chronic,,,34336a6d-4851-4221-b0e6-e2663561d4a5,Species: Apis mellifera; Route: oral,not specified,not specified,,,,a6dc1029-18ee-4275-ae70-4eb1dba9dbd3,,,,,,,,,,,,,,,,,,,,,,,,,Apis mellifera,,oral,,,,mortality,,,test mat.,,A19649B,,,,0.02,µg per larva per day,,,,other:,8-d NOED,,,,,,other:,,Remarks: The toxicity value is reported as active substance.,,,94a074fd-f3d7-4d50-911c-2733e2a69dcf,,,,,,,,,,,,,,,,,,,,
3962,3960,e324405a-2989-4170-807b-bb309e030368,ENDPOINT_STUDY_RECORD.ToxicityToBees,44b92abe-8a3c-43b3-9dd2-1d0dbd473dce,bee larval toxicity - chronic,,,a0ce5093-8a7f-4b19-9d75-539ed9f0c57f,Species: Apis mellifera; Route: oral,not specified,not specified,,,,a6dc1029-18ee-4275-ae70-4eb1dba9dbd3,,,,,,,,,,,,,,,,,,,,,,,,,Apis mellifera,,oral,,,,mortality,,,test mat.,,A19649B,,,,0.02,µg per larva per day,,,,other:,8-d NOED,,,,,,other:,,Remarks: The toxicity value is reported as active substance.,,,94a074fd-f3d7-4d50-911c-2733e2a69dcf,,,,,,,,,,,,,,,,,,,,
3963,3961,9af46537-80e5-42bf-893c-e81e93e80c41,ENDPOINT_STUDY_RECORD.ToxicityToBees,8b29bc03-cc0a-4ba2-ac9e-c3aa6a409757,toxicity to bees: chronic oral,,,df421e86-d1fa-48f8-8445-344ef78b1b3e,Species: Apis mellifera; Route: oral; Exp. duration: 10.0 d,not specified,not specified,,,,85d6d7f1-5478-4d0a-9234-b80f2c904764,,,,,,,,,,,,d,10.0,,,,,,,,,,,,Apis mellifera,,oral,,,,other:,Hypopharyngeal glands,,act. ingr.,,,,,,,µg/bee per day,,<,10.9,NOED,,,,,,,other:,,"Remarks: statistically significant reduction in the acini diameter between all the test item groups and the control group, therefore, a NOED could not be derived",,,18a75f34-18a6-4dbc-8cd7-d7aa14226a76,,,,,,,,,,,,,,,,,,,,
3964,3962,9af46537-80e5-42bf-893c-e81e93e80c41,ENDPOINT_STUDY_RECORD.ToxicityToBees,8b29bc03-cc0a-4ba2-ac9e-c3aa6a409757,toxicity to bees: chronic oral,,,e85276bc-9de7-4a61-b311-971e7137d8fb,Species: Apis mellifera; Route: oral; Exp. duration: 10.0 d,not specified,not specified,,,,85d6d7f1-5478-4d0a-9234-b80f2c904764,,,,,,,,,,,,d,10.0,,,,,,,,,,,,Apis mellifera,,oral,,,,other:,Hypopharyngeal glands,,act. ingr.,,,,,,,µg/bee per day,,<,10.9,NOED,,,,,,,other:,,"Remarks: statistically significant reduction in the acini diameter between all the test item groups and the control group, therefore, a NOED could not be derived",,,18a75f34-18a6-4dbc-8cd7-d7aa14226a76,,,,,,,,,,,,,,,,,,,,
3965,3963,06e46e27-2db9-40ad-9c9d-26d8f2127dc3,ENDPOINT_STUDY_RECORD.ToxicityToBees,4104338f-ade3-4caa-9a0b-aa7f59b2f674,toxicity to bees: chronic oral,,,9176d8c7-c354-4973-9f66-6d42a4332198,Species: Apis mellifera; Route: oral; Exp. duration: 10.0 d,,,,,,,,,,,,,,,,,,d,10.0,,,,,,,,,,,,Apis mellifera,,oral,,,,mortality,,,test mat.,,Dimethenamid-P (BAS 656 H),,,,0.693,other:,g/kg diet,,,other:,10-d LD50,,,,,,,,,,,029ee216-0e8a-440b-b28e-43193c21e7f3,,,,,,,,,,,,,,,,,,,,
3966,3964,ace52c4d-84cb-4bf0-af80-fe4ef3eb0b31,ENDPOINT_STUDY_RECORD.ToxicityToBees,3483f81c-c9b4-4e40-bf8c-058d29950471,toxicity to bees: acute oral,,,0d2879e5-b241-46f2-98e5-2e8c8d469842,Limit test: yes; Species: Apis mellifera; Route: oral: unspecified; Exp. duration: 48.0 h,yes,no,"OECD Guideline 213 (Honeybees, Acute Oral Toxicity Test)",,according to guideline,7c9ab796-eb69-4310-8cf4-07a4e5c43cf4,,,,,yes,,,,,,,h,48.0,,,,,,,,,,,,Apis mellifera,,other:,oral: unspecified,,,mortality,,,,,,,,>,100.0,other:,µg/piece,,,LD50,,,,,,,other:,,Remarks: oral and contact toxicity,,,b5e7e59c-ec89-4d81-b68a-4f1a850d25a2,,,,,,,,,,,,,,,,,,,,
3967,3965,d5a70514-42e5-4866-86ad-88616b53087e,ENDPOINT_STUDY_RECORD.ToxicityToBees,8475acca-b439-48ec-b9fc-a4db72bf6f82,toxicity to bees: acute oral,,,f9e00f8d-b0b2-4cf7-aaf0-2c543e1cb893,Species: Apis mellifera; Route: oral: unspecified,not specified,not specified,,,,ea09690b-43aa-482e-afe7-3ec35ce29309,,,,,,,,,,,,,,,,,,,preparation EXP 60707A,,,,,,Apis mellifera,,other:,oral: unspecified,,,mortality,,,,,,,,,8.85,other:,µg/piece,,,LD50,,,,,,,,,,,,7caa1c54-958d-4033-9162-96a3f8532bf0,,,,,,,,,,,,,,,,,,,,
3968,3966,76b8a6eb-d6d1-42fe-a2be-0be636f2defd,ENDPOINT_STUDY_RECORD.ToxicityToBees,738447a4-ad63-4a7b-a79b-f5cc5f7d24c2,toxicity to bees: acute oral,,,05d7a0af-d659-43e0-ab5a-17353a14198e,Limit test: yes; Species: Apis mellifera; Route: oral: unspecified; Exp. duration: 48.0 h,yes,no,"OECD Guideline 213 (Honeybees, Acute Oral Toxicity Test)",,according to guideline,8a918051-353c-44c6-827d-33a646da79cb,,,,,yes,,,,,,,h,48.0,,,,,,,,,,,,Apis mellifera,,other:,oral: unspecified,,,mortality,,,,,,,,>,187.2,other:,µg/piece,,,LD50,,,,,,,other:,,Remarks: Acute oral toxicity,,,e4e7bff9-426f-4ff5-bae0-62ca4682e81b,,,,,,,,,,,,,,,,,,,,
3969,3967,15a1562e-f35e-4d11-a186-11089bad2baf,ENDPOINT_STUDY_RECORD.ToxicityToBees,df9b063e-12ea-4212-8d2a-b2069e63be21,toxicity to bees: acute contact,,,105ffa92-e807-438a-883b-65705a139a8a,Limit test: no; Species: Apis mellifera; Route: dermal; Exp. duration: 48.0 h,yes,not specified,other:,OTHER GUIDELINE,according to guideline,ee24cc2c-9cbf-41ea-bf4b-5e8669b849c4,,,,,no,,,,,,,h,48.0,,,,,,,,,,,,Apis mellifera,,other:,dermal,,,mortality,,,,,,,,>,100.0,other:,µg/piece,,,LD50,,,,,,,other:,,"Remarks: contact toxicity. Guidelines: 1) EPPO 1992, Bulletin OEPP/EPPO Bulletin 22, 203-215 1992, n°170; 2) ICPBR recommendations, Versailles, France (1999).",,,dcc95936-debd-4f17-b4bd-4e809ec46314,,,,,,,,,,,,,,,,,,,,
3970,3968,abb59491-ac62-4789-b161-fb9f31283045,ENDPOINT_STUDY_RECORD.ToxicityToBees,d7a2bbf7-7f38-48de-a2eb-ed2e68ed53fd,bee larval toxicity - chronic,,,ee07d882-0565-4e91-914a-9f3b74e9749d,,not specified,not specified,,,,e2cb93ce-aa7b-479f-b593-2ce282d19936,,,,,,,,,,,,d,4.0,,,,,,SURROUND® WP CROP PROTECTANT,,,,,,Apis mellifera,,oral,,,,not specified,,,act. ingr.,,,,,,405.0,µg per larva,,,,NOED,,,,,,,other:,,"Reference: Ansaloni, 2019 Report no.: TRC17-184BA KCP 10.3.1.3/01",,,01c2fadf-13bf-4dae-ace1-b4def5e4614f,,,,,,,,,,,,,,,,,,,,
3971,3969,d9637b4f-f865-4825-a50e-9e76e916952d,ENDPOINT_STUDY_RECORD.ToxicityToBees,08eb088f-b536-4391-a5e7-ed8bd9acb006,toxicity to bees: acute contact,,,8d4ce816-de35-44ce-a88a-4c015df0d39d,Species: Apis mellifera; Route: dermal,not specified,not specified,,,,a0bbfe1e-451b-4e81-896b-62d8a75ca4e4,,,,,,,,,,,,,,,,,,,,,,,,,Apis mellifera,,other:,dermal,,,mortality,,,,,,,,,96.1,other:,µg/piece,,,LD50,,,,,,,,,,,,36454d94-f197-4cbf-b133-90aaffc96994,,,,,,,,,,,,,,,,,,,,
3972,3970,734df06d-89ba-4b9c-97da-0d29d2399273,ENDPOINT_STUDY_RECORD.ToxicityToBees,ed0e0cc9-41d5-4231-a7f5-9ac6b4dd205c,toxicity to bees: acute contact,,,550b701c-9ee8-435d-99b3-202b35988fa6,Species: Apis mellifera; Route: dermal,not specified,not specified,,,,e673cdd6-831e-4d39-8cc8-176e1a44411d,,,,,,,,,,,,,,,,,,,,,,,,,Apis mellifera,,other:,dermal,,,mortality,,,,,,,,>,100.0,other:,µg/piece,,,LD50,,,,,,,other:,,Remarks: Acute contact toxicity,,,47d59397-9743-47d3-9c91-a09b04a30cd4,,,,,,,,,,,,,,,,,,,,
3973,3971,f0d12562-926c-489b-a4f4-5981b7f20374,ENDPOINT_STUDY_RECORD.ToxicityToBees,44b92abe-8a3c-43b3-9dd2-1d0dbd473dce,toxicity to bees: acute oral,,,34336a6d-4851-4221-b0e6-e2663561d4a5,Species: Apis mellifera; Route: oral: unspecified,not specified,not specified,,,,ce37b916-beed-4f61-a53a-ba6ab404f00b,,,,,,,,,,,,,,,,,,,,,,,,,Apis mellifera,,other:,oral: unspecified,,,mortality,,,,,,,,>,116.0,other:,µg/piece,,,LD50,,,,,,,,,,,,d318660c-a9ec-4b02-a171-87494b7e88ae,,,,,,,,,,,,,,,,,,,,
3974,3972,f0d12562-926c-489b-a4f4-5981b7f20374,ENDPOINT_STUDY_RECORD.ToxicityToBees,44b92abe-8a3c-43b3-9dd2-1d0dbd473dce,toxicity to bees: acute oral,,,a0ce5093-8a7f-4b19-9d75-539ed9f0c57f,Species: Apis mellifera; Route: oral: unspecified,not specified,not specified,,,,ce37b916-beed-4f61-a53a-ba6ab404f00b,,,,,,,,,,,,,,,,,,,,,,,,,Apis mellifera,,other:,oral: unspecified,,,mortality,,,,,,,,>,116.0,other:,µg/piece,,,LD50,,,,,,,,,,,,d318660c-a9ec-4b02-a171-87494b7e88ae,,,,,,,,,,,,,,,,,,,,
3975,3973,7520b85c-0de4-43e7-b75d-d0361aedac3c,ENDPOINT_STUDY_RECORD.ToxicityToBees,48387c84-5b5f-4888-959d-3eba448bbfdc,toxicity to bees: acute contact,,,99a4abe3-97e4-4e9a-9f33-9139b5bda41b,Species: Apis mellifera; Route: dermal,not specified,not specified,,,,a4295766-6854-40d2-987d-ec5ec3eea150,,,,,,,,,,,,,,,,,,,,,,,,,Apis mellifera,,other:,dermal,,,mortality,,,,,,,,>,100.0,other:,µg/piece,,,LD50,,,,,,,other:,,Remarks: Acute contact toxicity,,,174a85c1-eafa-4e31-a5f3-bd8004b9603f,,,,,,,,,,,,,,,,,,,,
3976,3974,f28c373a-b0ef-425b-8f0e-c6d81f15deee,ENDPOINT_STUDY_RECORD.ToxicityToBees,b8ae35c2-0a1a-452f-8e25-79a1db637552,toxicity to bees: acute contact,,,b084ae02-5b0f-4ba0-be3a-74a8319eb6f0,Limit test: no; Species: Apis mellifera; Route: dermal; Exp. duration: 72.0 h,yes,no,"OECD Guideline 214 (Honeybees, Acute Contact Toxicity Test)",,according to guideline,979cee31-b337-40f9-86d6-3c0028addbeb,,,,,no,,,,,,,h,72.0,,,,,,,,,,,,Apis mellifera,,other:,dermal,,,mortality,,,,,,,,,4.62,other:,µg/piece,,,LD50,,,,,,,other:,,Remarks: contact toxicity,,,e26dcf2d-26cd-47bd-8fcb-ee0e9360f956,,,,,,,,,,,,,,,,,,,,
3977,3975,07eaf7c0-90a1-4a7e-aedc-ef795deb5b28,ENDPOINT_STUDY_RECORD.ToxicityToBees,dcf6cefc-0999-47ea-a3a2-326d4c8370a7,toxicity to bees: acute contact,,,51a94c22-175c-4440-8c49-79d4107d8f74,Species: Apis mellifera; Route: dermal,not specified,not specified,,,,8c276f0d-0a03-47ef-aac4-20cdc64a7792,,,,,,,,,,,,,,,,,,,,,,,,,Apis mellifera,,other:,dermal,,,mortality,,,,,,,,>,100.0,µg/bee,,,,LD50,,,,,,,,,,,,69c65be0-6c53-4778-ad17-607c6d16a2b4,,,,,,,,,,,,,,,,,,,,
3978,3976,07eaf7c0-90a1-4a7e-aedc-ef795deb5b28,ENDPOINT_STUDY_RECORD.ToxicityToBees,dcf6cefc-0999-47ea-a3a2-326d4c8370a7,toxicity to bees: acute contact,,,baf69ebe-1a1c-4820-bd7e-e6f617f6dc7d,Species: Apis mellifera; Route: dermal,not specified,not specified,,,,8c276f0d-0a03-47ef-aac4-20cdc64a7792,,,,,,,,,,,,,,,,,,,,,,,,,Apis mellifera,,other:,dermal,,,mortality,,,,,,,,>,100.0,µg/bee,,,,LD50,,,,,,,,,,,,69c65be0-6c53-4778-ad17-607c6d16a2b4,,,,,,,,,,,,,,,,,,,,
3979,3977,b224a978-0c26-4a73-afd0-710c233f187d,ENDPOINT_STUDY_RECORD.ToxicityToBees,127efc81-044d-4c99-9879-11ccdab6a82e,toxicity to bees: acute oral,,,91dc1983-0f27-4bc3-b4f9-3f665709aae9,Species: Apis mellifera; Route: oral: unspecified,not specified,not specified,,,,fe1a9122-f599-4763-b7af-31adabd75d71,,,,,,,,,,,,,,,,,,,,,,,,,Apis mellifera,,other:,oral: unspecified,,,mortality,,,,,,,,,0.91,other:,µg/piece,,,LD50,,,,,,,other:,,Remarks: Oral toxicity,,,a14320d7-9b95-4c89-91d3-2cbf0457b1d1,,,,,,,,,,,,,,,,,,,,
3980,3978,6d4cacf1-f26d-4361-938a-6dc866d17719,ENDPOINT_STUDY_RECORD.ToxicityToBees,d9c10f72-1e93-44d3-9c5c-30fde26cf2e1,toxicity to bees: acute oral,,,5a1c325f-22a6-41bf-a3df-64caf9fbae13,Species: Apis mellifera; Route: oral: unspecified,not specified,not specified,,,,9a8f9d0e-661c-4d45-b972-db82dee0224a,,,,,,,,,,,,,,,,,,,,,,,,,Apis mellifera,,other:,oral: unspecified,,,mortality,,,,,,,,>,22.6,other:,µg/piece,,,LD50,,,,,,,,,,,,0446cc26-c4a8-4266-9434-bd72019803a3,,,,,,,,,,,,,,,,,,,,
3981,3979,d736cdb1-3087-4f9b-93b3-ed9c388f8322,ENDPOINT_STUDY_RECORD.ToxicityToBees,50248eb2-af33-4f9d-a453-354245f3551a,toxicity to bees: acute oral,,,ab8eb42c-5c87-4ef6-9488-fb331b883418,Species: Apis mellifera; Route: oral: unspecified,not specified,not specified,,,,5808f91f-7477-4825-b1ce-bf22f406a6a5,,,,,,,,,,,,,,,,,,,,,,,,,Apis mellifera,,other:,oral: unspecified,,,mortality,,,,,,,,>,109.9,other:,µg/piece,,,LD50,,,,,,,other:,,Remarks: Acute oral toxicity,,,e6407eb5-6352-4d0d-85e8-a64f52246c26,,,,,,,,,,,,,,,,,,,,
3982,3980,ebbfa908-dbe0-40a4-8f39-077ba5447841,ENDPOINT_STUDY_RECORD.ToxicityToBees,c4cf1153-630b-41d3-bcef-31774b0657db,toxicity to bees: acute oral,,,f847ef03-4132-4f82-9069-a1f57e2afccb,Species: Apis mellifera; Route: oral: unspecified,not specified,not specified,,,,d7e5216d-75be-47a7-9010-fa20ce9adeeb,,,,,,,,,,,,,,,,,,,,,,,,,Apis mellifera,,other:,oral: unspecified,,,mortality,,,,,,,,>,105.1,other:,µg/piece,,,LD50,,,,,,,,,,,,b9f3d3d8-2ebe-406f-93de-87be273ecfdf,,,,,,,,,,,,,,,,,,,,
3983,3981,a090d70c-6ee4-4b48-b371-2bbe67f4ccc4,ENDPOINT_STUDY_RECORD.ToxicityToBees,387c5200-ff8d-4c2f-8d09-e811bcfe1ea1,toxicity to bees: acute contact,,,7fbbda31-e332-44f8-975a-e9ad6751ff8c,Species: Apis mellifera; Route: dermal,not specified,not specified,,,,2ff2b795-7436-43b3-995a-06f31c3e6a20,,,,,,,,,,,,,,,,,,,,,,,,,Apis mellifera,,other:,dermal,,,mortality,,,,,,,,,0.00593,other:,µg/piece,,,LD50,,,,,,,other:,,Remarks: No HQ is calculated since this approach is inappropriate for soil and seed treatments.,,,f2b72dfd-6ed0-4018-b3fb-d13bd32a5153,,,,,,,,,,,,,,,,,,,,
3984,3982,b4930e6c-02a5-419f-ba7e-86215aaff1ee,ENDPOINT_STUDY_RECORD.ToxicityToBees,2f0b6cdf-113b-4f27-b1f7-c28927ac46ff,toxicity to bees: acute oral,,,b7d3c12f-dc93-42fb-800e-53ed090f0bab,Species: Apis mellifera; Route: oral: unspecified,not specified,not specified,,,,bb2793c7-52ca-459e-8d41-bce3fbe80d4d,,,,,,,,,,,,,,,,,,,UNIX 75 WG,,,,,,Apis mellifera,,other:,oral: unspecified,,,mortality,,,,,,,,>,112.5,other:,µg/piece,,,LD50,,,,,,,,,,,,e02dd2df-1adf-48d8-a132-faf0633c6812,,,,,,,,,,,,,,,,,,,,
3985,3983,b9f6f7b9-6239-4c4d-adc2-5ce2c683c02b,ENDPOINT_STUDY_RECORD.ToxicityToBees,696a7857-f9d4-4efc-8ecc-b860b72ff435,toxicity to bees: chronic oral,,,585c5854-bb60-4e86-9276-fd99cd604407,,not specified,not specified,,,,3ad9c525-29cf-4dfd-b36f-5c506eb159a7,,,,,,,,,,,,,,,,,,,"Studies was conducted with the solo-formulation BAS 222 28 F (containing 70% metiram, nominally).",,,,,,Apis mellifera,,oral,,,,mortality,,,act. ingr.,,,,,>,2563.0,mg/kg diet,,,,other:,,10-d LC50,,,,,,,,,,ac37d0d1-1911-4203-90a0-ce899ecb877e,,,,,,,,,,,,,,,,,,,,
3986,3984,b9f6f7b9-6239-4c4d-adc2-5ce2c683c02b,ENDPOINT_STUDY_RECORD.ToxicityToBees,696a7857-f9d4-4efc-8ecc-b860b72ff435,toxicity to bees: chronic oral,,,585c5854-bb60-4e86-9276-fd99cd604407,,not specified,not specified,,,,3ad9c525-29cf-4dfd-b36f-5c506eb159a7,,,,,,,,,,,,,,,,,,,"Studies was conducted with the solo-formulation BAS 222 28 F (containing 70% metiram, nominally).",,,,,,Apis mellifera,,oral,,,,mortality,,,act. ingr.,,,,,>,49.248,µg/bee per day,,,,other:,10-d LD50,,,,,,,,,,,4b6601c7-0475-4033-bb20-3765871b4da1,,,,,,,,,,,,,,,,,,,,
3987,3985,c441c117-29d3-46fa-8f00-fc57831aa1c4,ENDPOINT_STUDY_RECORD.ToxicityToBees,53cd9afb-8023-4d31-98fc-b34ff732f242,toxicity to bees: acute oral,,,cdd2ad0c-4047-408c-8ba2-2cabc2c3345a,Species: Apis mellifera; Route: oral: unspecified,not specified,not specified,,,,bb31a970-5cf6-49e2-a59e-e3a1c8bef213,,,,,,,,,,,,,,,,,,,,,,,,,Apis mellifera,,other:,oral: unspecified,,,mortality,,,,,,,,>,40.0,other:,µg/piece,,,LD50,,,,,,,,,,,,0c72e35d-48a8-43c1-936f-dd353cb6d7e2,,,,,,,,,,,,,,,,,,,,
3988,3986,3f57c9a5-3ced-48d8-a69c-72490479f913,ENDPOINT_STUDY_RECORD.ToxicityToBees,31cdba5b-cbc1-4b64-8215-d20db7094d83,toxicity to bees: acute contact,,,7ba3c03b-4307-4e16-8844-d3c54c3ab7c9,Limit test: yes; Species: Apis mellifera; Route: dermal; Exp. duration: 48.0 h,yes,no,other:,OTHER GUIDELINE,according to guideline,c9f2f12a-7198-490d-9834-d57fd058ffe1,,,,,yes,,,,,,,h,48.0,,,,,,,,,,,,Apis mellifera,,other:,dermal,,,mortality,,,,,,,,>,100.0,other:,µg/piece,,,LD50,,,,,,,other:,,"Remarks: Acute contact toxicity. Guideline: EPPO 170, Bulletin OEPP/EPPO Bulletin 22, 203-215, 1992.",,,fb4985fa-29ad-4ac1-81b9-b554548fa645,,,,,,,,,,,,,,,,,,,,
3989,3987,b958f0e2-0385-4c77-9192-48859f2cf2c4,ENDPOINT_STUDY_RECORD.ToxicityToBees,20c90579-fee7-4174-931d-905786d91abc,toxicity to bees: acute oral,,,397ed114-4203-46f8-85eb-1de1225f9da2,Species: Apis mellifera; Route: oral: unspecified; Exp. duration: 48.0 h,not specified,not specified,,,,7d5b2c6f-68f8-465e-9c05-8c9bd8674fbc,,,,,,,,,,,,h,48.0,,,,,,,,,,,,Apis mellifera,,other:,oral: unspecified,,,mortality,,,,,,,,,100.0,other:,µg/piece,,,LD50,,,,,,,other:,,Remarks: oral and contact,,,9613bc91-8bdd-4675-af2e-fb8645e48ffd,,,,,,,,,,,,,,,,,,,,
3990,3988,5547a2ba-02f9-4c51-9771-a334ac2e5c64,ENDPOINT_STUDY_RECORD.ToxicityToBees,4a0d0fe3-c7d6-42bd-9398-52f94d86e2eb,toxicity to bees: acute oral,,,6caa4d13-0038-4b8a-b24d-96c05eb46a1c,,not specified,not specified,,,,92a1124f-ccb7-47c3-94f0-4e3945817924,,,,,,,,,,,,,,,,,,,Alar 85 SG,,,,,,Apis mellifera,,oral,,,,mortality,,,act. ingr.,,,,,>,1003.3,µg/bee,,,,LD50,,,,,,,,,,,,91eaa806-f70e-4999-8f63-75545af0fed0,,,,,,,,,,,,,,,,,,,,
3991,3989,bd98d135-37ce-40fd-b51f-d12281bdc017,ENDPOINT_STUDY_RECORD.ToxicityToBees,58c573a0-df2d-49fd-94ec-a4c32271fc96,toxicity to bees: acute oral,,,fcc2ee54-ba91-4129-a5ea-4cb65f196db4,Species: Apis mellifera; Route: oral: unspecified,not specified,not specified,,,,21b00648-7635-4ca8-a040-e72fffeff931,,,,,,,,,,,,,,,,,,,,,,,,,Apis mellifera,,other:,oral: unspecified,,,mortality,,,,,,,,>,111.5,other:,µg/piece,,,LD50,,,,,,,other:,,Remarks: Acute oral toxicity,,,d9bc5b50-c567-410c-8bdb-4bdf5cc086bc,,,,,,,,,,,,,,,,,,,,
3992,3990,a76de6f2-ca90-4229-b4ad-6737895463c7,ENDPOINT_STUDY_RECORD.ToxicityToBees,62d34108-e968-4ce2-a9c1-280718f51d6b,bee larval toxicity - chronic,,,2476311a-e658-485c-893a-8ea34c8c6017,Species: Apis mellifera; Route: oral; Exp. duration: 3.0 d,,,,,,,,,,,,,,,,,,d,3.0,,,,,,,,,,,,Apis mellifera,,oral,,,,not specified,,,act. ingr.,,,,,,0.00528,µg per larva per developmental period,,,,other:,NOEL,,,,,,other:,,Remarks: Endpoint determined at 7 days but only 3-day exposure during the study. Endpoint is the highest dose tested. Endpoint is based on nominal amount of food offered to the larvae.,,,6f012602-972a-477e-8dc1-1073608fce02,,,,,,,,,,,,,,,,,,,,
3993,3991,1aecd4cc-a59e-4ad6-ac5e-7dc3c7fdb85f,ENDPOINT_STUDY_RECORD.ToxicityToBees,40bef233-ff76-42ba-913e-abf75638a716,toxicity to bees: acute oral,,,025d935c-ff4e-49e7-bb02-8721e28f51fb,Species: Apis mellifera; Route: oral: unspecified,not specified,not specified,,,,4fcac678-0711-4f8f-bd09-e7943c0f0394,,,,,,,,,,,,,,,,,,,,,,,,,Apis mellifera,,other:,oral: unspecified,,,mortality,,,,,,,,,106.3,other:,µg/piece,,,LD50,,,,,,,,,,,,0a829fa7-4829-44cf-bbea-9c0ed109411f,,,,,,,,,,,,,,,,,,,,
3994,3992,47b2f52f-eaa6-496f-933d-060c7ede738a,ENDPOINT_STUDY_RECORD.ToxicityToBees,4c33f8e7-c9f4-4f77-8591-0baf4febfddd,toxicity to bees: acute oral,,,e469552f-3c2c-4327-8373-b831aa8e55a5,Species: Apis mellifera; Route: oral: unspecified; Exp. duration: 48.0 h,not specified,not specified,,,,549ee93f-e111-4d3f-8c48-da5370e1b423,,,,,,,,,,,,h,48.0,,,,,,,,,,,,Apis mellifera,,other:,oral: unspecified,,,mortality,,,,,,,,>,200.0,other:,µg/piece,,,LD50,,,,,,,,,,,,e9435632-fe01-43a2-bf3c-d8c4ea5adc41,,,,,,,,,,,,,,,,,,,,
3995,3993,47b2f52f-eaa6-496f-933d-060c7ede738a,ENDPOINT_STUDY_RECORD.ToxicityToBees,4c33f8e7-c9f4-4f77-8591-0baf4febfddd,toxicity to bees: acute oral,,,c7d1681e-b117-4c9c-a919-39971178fd28,Species: Apis mellifera; Route: oral: unspecified; Exp. duration: 48.0 h,not specified,not specified,,,,549ee93f-e111-4d3f-8c48-da5370e1b423,,,,,,,,,,,,h,48.0,,,,,,,,,,,,Apis mellifera,,other:,oral: unspecified,,,mortality,,,,,,,,>,200.0,other:,µg/piece,,,LD50,,,,,,,,,,,,e9435632-fe01-43a2-bf3c-d8c4ea5adc41,,,,,,,,,,,,,,,,,,,,
3996,3994,2d1ce9ac-d27a-472f-9727-db03aea7d5ee,ENDPOINT_STUDY_RECORD.ToxicityToBees,a4135876-f27e-444c-aeff-3a6316f6b4a4,toxicity to bees: acute contact,,,8a144198-5691-4244-b18c-66bc0f0a6484,Species: Apis mellifera; Route: dermal,not specified,not specified,,,,eaa15b8c-5263-499a-a1ea-a03d6ba9fff0,,,,,,,,,,,,,,,,,,,,,,,,,Apis mellifera,,other:,dermal,,,mortality,,,,,,,,>,100.0,other:,µg/piece,,,LD50,,,,,,,,,,,,297488c8-74a4-4ffc-8bf6-b7cda98fc851,,,,,,,,,,,,,,,,,,,,
3997,3995,a3293602-6c94-4d60-83eb-bc710742f130,ENDPOINT_STUDY_RECORD.ToxicityToBees,4b1a625d-cef3-4aa5-bc5b-aa46a1000349,toxicity to bees: acute oral,,,ec4e56ac-9366-47d0-b333-9bfda0f1ad3b,Species: Apis mellifera; Route: oral: unspecified; Exp. duration: 72.0 h,not specified,not specified,,,,ac0e9934-505d-42bb-b5a4-da4e08ece628,,,,,,,,,,,,h,72.0,,,,,,,,,,,,Apis mellifera,,other:,oral: unspecified,,,mortality,,,,,,,,>,2000.0,other:,µg/piece,,,LD50,,,,,,,,,,,,0e97b8cb-aa15-4991-9ce2-3628af87f082,,,,,,,,,,,,,,,,,,,,
3998,3996,b8f195e1-d398-4243-86d7-66ff3dae957b,ENDPOINT_STUDY_RECORD.ToxicityToBees,6df6c0f1-e93b-40a9-899d-1aa787006658,bee larval toxicity - chronic,,,ce166716-b1ec-484e-a17b-d89872dc1d5c,Species: Apis mellifera; Route: oral; Exp. duration: 4.0 d,,,,,,,,,,,,,,,,,,d,4.0,,,,,,,,,,,,Apis mellifera,,oral,,,,brood development,,,test mat.,,Iodosulfuron-methyl-sodium WG 10,,,,25.0,other:,mg/L,,,other:,NOEC,,,,,,,,,,,ac415394-adbd-4d42-aad9-881a00711225,,,,,,,,,,,,,,,,,,,,
3999,3997,dc481e76-bd98-4159-8edb-8f3d41d5a1a5,ENDPOINT_STUDY_RECORD.ToxicityToBees,06a86cfe-1119-4a64-a21a-37afc378a8e5,toxicity to bees: acute oral,,,9999b9bb-3e86-4026-85e5-f925ee08cf2e,Species: Apis mellifera; Route: oral: unspecified,not specified,not specified,,,,dd9adccb-4582-4d4f-8a5f-31bae885af13,,,,,,,,,,,,,,,,,,,,,,,,,Apis mellifera,,other:,oral: unspecified,,,mortality,,,,,,,,,0.45,other:,µg/piece,,,LD50,,,,,,,other:,,Remarks: To be noted: Hazard quotients for honey bees not applicable since direct exposure not expected.,,,943eb05c-3c92-419c-bd24-003fd97c12b1,,,,,,,,,,,,,,,,,,,,
4000,3998,0f6c33d4-a5ea-4ede-9301-2f5aa9525cea,ENDPOINT_STUDY_RECORD.ToxicityToBees,1195b0de-88f0-4272-b6dc-f5b55d25e375,toxicity to bees: chronic oral,,,03ac36b8-9d0f-4214-b365-09a2b11d5a0f,,not specified,not specified,,,,1024a012-5d1a-40ab-bdd8-3d80bb611fac,,,,,,,"Chronic oral, 7 days (from day 3 to day 10 after emergence)",,,,,d,7.0,,,,,,,,,,,,Apis mellifera,,oral,,,,other:,survival,no effect on survival of bees,,,,,,,0.1,other:,μg/L,,,other:,Not reported,,,,,,other:,,Literature data eligible for risk assessment,,,03cecf61-74e0-4eae-ade1-24a75b146f74,,,,,,,,,,,,,,,,,,,,
4001,3999,0f6c33d4-a5ea-4ede-9301-2f5aa9525cea,ENDPOINT_STUDY_RECORD.ToxicityToBees,1195b0de-88f0-4272-b6dc-f5b55d25e375,toxicity to bees: chronic oral,,,03ac36b8-9d0f-4214-b365-09a2b11d5a0f,,not specified,not specified,,,,1024a012-5d1a-40ab-bdd8-3d80bb611fac,,,,,,,"Chronic oral, 7 days (from day 3 to day 10 after emergence)",,,,,d,7.0,,,,,,,,,,,,Apis mellifera,,oral,,,,other:,Survival,no effect on survival of bees,,,,,,,0.01,other:,μg/L,,,other:,Not reported,,,,,,other:,,Literature data eligible for risk assessment,,,4ee8178a-3897-4e20-a054-e273ef8eebb2,,,,,,,,,,,,,,,,,,,,
4002,4000,f1d049e8-91d1-41f7-80e6-fe96a3dfe88b,ENDPOINT_STUDY_RECORD.ToxicityToBees,62a36090-8e15-4d85-9ed2-b1e23af400c3,toxicity to bees: acute contact,,,550b701c-9ee8-435d-99b3-202b35988fa6,Species: Apis mellifera; Route: dermal,not specified,not specified,,,,e42bbf43-8009-4bac-bf70-30a524eabe01,,,,,,,,,,,,,,,,,,,,,,,,,Apis mellifera,,other:,dermal,,,mortality,,,,,,,,,111.0,other:,µg/piece,,,LD50,,,,,,,other:,,Remarks: Acute contact toxicity,,,cccd4cd9-c43a-4204-8119-dc7c8d1c551e,,,,,,,,,,,,,,,,,,,,
4003,4001,ef427ca7-23f1-4f75-9c0c-f2d8e9a12af8,ENDPOINT_STUDY_RECORD.ToxicityToBees,2c768256-dd97-47a0-b1c0-5af9ff342323,toxicity to bees: chronic oral,,,7fc23f66-c25a-473b-b0b4-6b784d0de953,,not specified,not specified,,,,be47091a-00a6-4cbe-b793-7d1000e3bec0,,,,,,,,,,,,d,10.0,,,,,,Amidosulfuron WG 75,,,,,,Apis mellifera,,oral,,,,mortality,,,,,,,,>,3333.0,other:,mg/kg,,,other:,,10-d LC50,,,,,,,,,,d78ff0ae-1031-4f91-8187-6b24acd1f19e,,,,,,,,,,,,,,,,,,,,
4004,4002,ef427ca7-23f1-4f75-9c0c-f2d8e9a12af8,ENDPOINT_STUDY_RECORD.ToxicityToBees,2c768256-dd97-47a0-b1c0-5af9ff342323,toxicity to bees: chronic oral,,,7fc23f66-c25a-473b-b0b4-6b784d0de953,,not specified,not specified,,,,be47091a-00a6-4cbe-b793-7d1000e3bec0,,,,,,,,,,,,d,10.0,,,,,,Amidosulfuron WG 75,,,,,,Apis mellifera,,oral,,,,mortality,,,act. ingr.,,,,,>,78.4,µg/bee per day,,,,10-d LDD50,,,,,,,,,,,,c1828edd-7b5a-44ff-8f8d-36c255db8a03,,,,,,,,,,,,,,,,,,,,
4005,4003,5922af7b-4950-4f39-a245-83a51a5fd288,ENDPOINT_STUDY_RECORD.ToxicityToBees,5d911ed2-7aad-4a3c-8780-e2ca116d03eb,toxicity to bees: chronic oral,,,e81510f6-0ef7-4c10-91d5-72011ec01edf,Species: Apis mellifera; Route: oral; Exp. duration: 10.0 d,,,,,,,,,,,,,,,,,,d,10.0,,,,,,,,,,,,Apis mellifera,,oral,,,,mortality,,,test mat.,,Zoxium 240 SC,,,,4.7,µg/bee per day,,,,10-d LDD50,,,,,,,,,,,,ed6d1d65-ef72-459b-8da1-c51b4e2ba3de,,,,,,,,,,,,,,,,,,,,
4006,4004,e9693dd2-de03-408d-8dad-676df325856d,ENDPOINT_STUDY_RECORD.ToxicityToBees,9360cc08-4989-46f8-9444-84d5a28eaec0,toxicity to bees: acute oral,,,671fa278-7ead-4b87-893f-589ee5358bca,Species: Apis mellifera; Route: oral: unspecified,not specified,not specified,,,,edb73ea6-0450-4778-91b1-4c5f52a44385,,,,,,,,,,,,,,,,,,,,,,,,,Apis mellifera,,other:,oral: unspecified,,,mortality,,,,,,,,>,107.4,other:,µg/piece,,,LD50,,,,,,,other:,,Remarks: Acute oral toxicity,,,b300d590-7eb2-481b-896e-ce3b0a4ce80b,,,,,,,,,,,,,,,,,,,,
4007,4005,e9693dd2-de03-408d-8dad-676df325856d,ENDPOINT_STUDY_RECORD.ToxicityToBees,9360cc08-4989-46f8-9444-84d5a28eaec0,toxicity to bees: acute oral,,,6d243b81-9d8f-4e37-9abe-e5e43d95cd37,Species: Apis mellifera; Route: oral: unspecified,not specified,not specified,,,,edb73ea6-0450-4778-91b1-4c5f52a44385,,,,,,,,,,,,,,,,,,,,,,,,,Apis mellifera,,other:,oral: unspecified,,,mortality,,,,,,,,>,107.4,other:,µg/piece,,,LD50,,,,,,,other:,,Remarks: Acute oral toxicity,,,b300d590-7eb2-481b-896e-ce3b0a4ce80b,,,,,,,,,,,,,,,,,,,,
4008,4006,b46dc494-6cb4-4eb8-8de7-1c2af8dae218,ENDPOINT_STUDY_RECORD.ToxicityToBees,78d324b8-380d-4e33-9ced-7dd253dbc830,toxicity to bees: chronic oral,,,38cf1654-054d-4bb8-8866-d6a1aa83bc60,Species: Apis mellifera; Route: oral; Exp. duration: 10.0 d,,,,,,,,,,,,,,,,,,d,10.0,,,,,,,,,,,,Apis mellifera,,oral,,,,mortality,,,act. ingr.,,,,,>,48.3,µg/bee per day,,,,other:,10-d LC50,,,,,,,,,,,03f8647f-e824-46c3-b21d-4ba6a266a773,,,,,,,,,,,,,,,,,,,,
4009,4007,fda47dd7-3a99-4df7-81aa-dac5b634bbd3,ENDPOINT_STUDY_RECORD.ToxicityToBees,23c51a5e-7a64-48ef-964c-641475fbf5ed,toxicity to bees: acute oral,,,22033f51-7743-4f43-8016-5e16f4738a06,Species: Apis mellifera; Route: oral: unspecified; Exp. duration: 48.0 h,not specified,not specified,,,,b95f4f1c-80d7-4244-8b37-12859c70cb89,,,,,,,,,,,,h,48.0,,,,,,Clethodim (formulation) - Select 240 EC,,,,,,Apis mellifera,,other:,oral: unspecified,,,mortality,,,,,,,,>,43.0,other:,µg/piece,,,LD50,,,,,,,other:,,Remarks: Acute oral toxicity,,,ac4b5129-a91a-484e-b8b5-f1c4735b44a4,,,,,,,,,,,,,,,,,,,,
4010,4008,9ec211d0-ded7-4a78-8473-b00adf5b9eeb,ENDPOINT_STUDY_RECORD.ToxicityToBees,62d34108-e968-4ce2-a9c1-280718f51d6b,toxicity to bees: chronic oral,,,4b445d3b-de17-445c-9b93-c1c3ee6b364c,Species: Apis mellifera; Route: oral; Exp. duration: 10.0 d,,,,,,,,,,,,,,,,,,d,10.0,,,,,,,,,,,,Apis mellifera,,oral,,,,mortality,,,test mat.,,Propineb WG 70A V,,,>,120.0,other:,mg/bee/kg sucrose,,,other:,10-d LC50,,,,,,,,,,,86e8638b-f9c7-4f99-a229-d21665b6e521,,,,,,,,,,,,,,,,,,,,
4011,4009,8cf7c74c-b3c9-4844-8169-ce9c1fbcc982,ENDPOINT_STUDY_RECORD.ToxicityToBees,62d34108-e968-4ce2-a9c1-280718f51d6b,toxicity to bees: acute contact,,,cdd573cf-9191-465c-884d-87fe2e427d5c,Species: Apis mellifera; Route: dermal; Exp. duration: 48.0 h,not specified,not specified,,,,ebadd3bc-1f92-41a5-bc05-b8b3586a30e4,,,,,,,,,,,,h,48.0,,,,,,,,,,,,Apis mellifera,,other:,dermal,,,mortality,,,,,,,,,0.0275,other:,µg/piece,,,LD50,,,,,,,other:,,Remarks: Acute contact toxicity toxicity; European Commission 2005 and 2006,,,87ee2c13-a352-40ca-83cd-1624b6e69297,,,,,,,,,,,,,,,,,,,,
4012,4010,6899a1c6-72d1-4973-8b6e-dd839202af69,ENDPOINT_STUDY_RECORD.ToxicityToBees,f59ef534-85ce-4110-be59-429b96408d30,toxicity to bees: acute contact,,,45903607-8622-41bd-8659-737512b5ba4d,Species: Apis mellifera; Route: dermal,not specified,not specified,,,,b1f8d55e-e408-4a91-a3b7-5eb73067c278,,,,,,,,,,,,,,,,,,,Picoxystrobin formulation: Picoxystrobin 250 g/L SC,,,,,,Apis mellifera,,other:,dermal,,,mortality,,,,,,,,>,200.0,other:,µg/piece,,,LD50,,,,,,,other:,,Remarks: Acute contact toxicity. The effect level is based on picoxystrobin.,,,d42a24e3-7968-44d5-9b6d-231cab34cbf9,,,,,,,,,,,,,,,,,,,,
4013,4011,c22994a7-f28f-47b0-bf1c-e6541c88c6e9,ENDPOINT_STUDY_RECORD.ToxicityToBees,f59ef534-85ce-4110-be59-429b96408d30,bee larval toxicity - acute,,,45903607-8622-41bd-8659-737512b5ba4d,Species: Apis mellifera; Route: oral; Exp. duration: 1.0 d,,,,,,,,,,,,,,,,,,d,1.0,,,,,,,,,,,,Apis mellifera,,oral,,,,mortality,,,test mat.,,Picoxystrobin 250 g/L SC,,,,9.8,µg per larva,,,,LD50,,,,,,,,,,,,91694339-3ed3-4f13-8a59-4aafec47930f,,,,,,,,,,,,,,,,,,,,
4014,4012,bd6ba726-ef78-48c0-a7fa-1db811a31c7e,ENDPOINT_STUDY_RECORD.ToxicityToBees,a8399645-cdd4-43cd-8d23-dd9dd781a96a,toxicity to bees: chronic oral,,,97a7eddf-cc23-4ea2-b19d-6538771dde90,,not specified,not specified,,,,c7f9617e-835e-4dda-ae38-5b32099ba594,,,,,,,,,,,,d,10.0,,,,,,A8240D,,,,,,Apis mellifera,,oral,,,,mortality,,,act. ingr.,,,,,>,166.0,µg/bee per day,,,,10-d LDD50,,,,,,,,,,,,03b478bb-902c-41f6-92d5-a469bbf23c96,,,,,,,,,,,,,,,,,,,,
4015,4013,2688b298-66a7-4589-8571-2666b0524fc6,ENDPOINT_STUDY_RECORD.ToxicityToBees,582536dd-ad5d-4ba2-8168-fe0687fc489a,bee larval toxicity - chronic,,,2c11c2fe-3485-4206-af66-14c43994db7f,Species: Apis mellifera; Route: oral,,,,,,,,,,,,,,,,,,,,,,,,,,,,,,,Apis mellifera,,oral,,,,mortality,,,test mat.,,A7957E,,,,17.5,µg per larva,,,,LD50,,,,,,,,,,,,8d63caa6-562a-42ec-bf76-0f25ac7661c7,,,,,,,,,,,,,,,,,,,,
4016,4014,7d43df0e-3732-46ff-8575-72e43ecdd441,ENDPOINT_STUDY_RECORD.ToxicityToBees,5fd43849-a5c9-4bc2-9ac8-d216b0770b1a,toxicity to bees: acute contact,,,6080109c-a9d4-4a52-ad49-dd7b5e9cedfe,Species: Apis mellifera; Route: dermal,not specified,not specified,,,,47efb137-723e-4bd2-834b-a6ddb8c6708f,,,,,,,,,,,,,,,,,,,,,,,,,Apis mellifera,,other:,dermal,,,mortality,,,,,,,,>,0.78,other:,µg/piece,,,LD50,,,,,,,other:,,Remarks: contact toxicity,,,19193d84-dc65-4113-aac2-fb622f91f6ff,,,,,,,,,,,,,,,,,,,,
4017,4015,223910fb-ff94-4cb9-8fb9-d390018a2d7d,ENDPOINT_STUDY_RECORD.ToxicityToBees,c76d3f6b-60d6-4da9-8513-1a858c3f897f,toxicity to bees: acute oral,,,7c73a586-fb9e-4d1a-8fcc-369f433c461b,Species: Apis mellifera; Route: oral: unspecified; Exp. duration: 48.0 h,not specified,not specified,,,,b60968dc-6d09-4e26-adb3-c805b9b0d8ac,,,,,,,,,,,,h,48.0,,,,,,,,,,,,Apis mellifera,,other:,oral: unspecified,,,mortality,,,,,,,,>,100.0,other:,µg/piece,,,LD50,,,,,,,,,,,,a72f08ed-a4de-4d48-8948-22058e5c4aaa,,,,,,,,,,,,,,,,,,,,
4018,4016,0ce37d57-1768-434c-9b49-ad51d8c17d5d,ENDPOINT_STUDY_RECORD.ToxicityToBees,1fd4da2a-00e6-45c5-a73a-b32ace3ed91d,toxicity to bees: acute contact,,,ea217f4a-8d36-4ba3-919a-5af3e4654b30,Species: Apis mellifera; Route: dermal,not specified,not specified,,,,509709bf-45ff-4fb1-90ed-dccf84aeaf94,,,,,,,,,,,,,,,,,,,,,,,,,Apis mellifera,,other:,dermal,,,mortality,,,,,,,,>,100.0,other:,µg/piece,,,LD50,,,,,,,,,,,,5a05b87f-76f3-49e7-a8e0-11b1733a4c4b,,,,,,,,,,,,,,,,,,,,
4019,4017,f9d39475-2f00-4600-b9ac-bd5941313862,ENDPOINT_STUDY_RECORD.ToxicityToBees,189d6bc4-f24b-42f6-94bb-bf02aef51d70,toxicity to bees: acute contact,,,a2d7652d-b5c8-423a-935b-936d1212b8d4,,not specified,not specified,,,,4e6827f1-f9e9-440e-bd3b-77a81505abfc,,,,,,,,,,,,,,,,,,,AF-701,,,,,,Apis mellifera,,other:,dermal,,,mortality,,,act. ingr.,,,,,>,2.0,µg/bee,,,,LD50,,,,,,,,,,,,b30c1490-480a-4c08-affe-1c6f58209616,,,,,,,,,,,,,,,,,,,,
4020,4018,93a134ec-fae0-4b99-9e63-52029d42e683,ENDPOINT_STUDY_RECORD.ToxicityToBees,5d911ed2-7aad-4a3c-8780-e2ca116d03eb,toxicity to bees: chronic oral,,,e81510f6-0ef7-4c10-91d5-72011ec01edf,Species: Apis mellifera; Route: oral; Exp. duration: 10.0 d,,,,,,,,,,,,,,,,,,d,10.0,,,,,,,,,,,,Apis mellifera,,oral,,,,mortality,,,act. ingr.,,,,,,124.7,µg/bee per day,,,,other:,NOEL,,,,,,,,,,,d2e9f2b4-46f1-47cc-845d-50fc2220a5a3,,,,,,,,,,,,,,,,,,,,
4021,4019,d7a78aa0-d005-4e61-841d-999effc5a114,ENDPOINT_STUDY_RECORD.ToxicityToBees,30e931a5-b31f-4dab-a919-dbf211924075,toxicity to bees: acute contact,,,7afd1882-9405-475f-bc9d-45287fb5b96b,Species: Apis mellifera; Route: dermal; Exp. duration: 48.0 h,not specified,not specified,,,,1417a906-4440-4061-89a9-03820d3b034d,,,,,,,,,,,,h,48.0,,,,,,,,,,,,Apis mellifera,,other:,dermal,,,mortality,,,,,,,,,1.21,other:,µg/piece,,,LD50,,,,,,,other:,,Remarks: Acute contact toxicity,,,8180e083-6148-4f8a-8a9a-233edba635f9,,,,,,,,,,,,,,,,,,,,
4022,4020,9e766df4-c847-47b3-a79f-15ffb0afd74a,ENDPOINT_STUDY_RECORD.ToxicityToBees,09aed732-36db-460d-ace4-dd69dc70a7c2,toxicity to bees: acute oral,,,e19f544e-208f-43cc-9c0e-b0a0e92ff68d,Limit test: yes; Species: Apis mellifera; Route: oral: unspecified; Exp. duration: 48.0 h,yes,no,other:,OTHER GUIDELINE,according to guideline,b838e799-2e56-4177-b829-7af146c785d5,,,,,yes,,,,,,,h,48.0,,,,,,,,,,,,Apis mellifera,,other:,oral: unspecified,,,mortality,,,,,,,,>,100.0,other:,µg/piece,,,LD50,,,,,,,other:,,Remarks: Acute oral toxicity; Guideline: EPPO Guideline 170.,,,f3e520c7-e17d-4f15-8631-caf74eeba650,,,,,,,,,,,,,,,,,,,,
4023,4021,cf9eb83e-1f35-4b3e-a9bc-70afdf970e71,ENDPOINT_STUDY_RECORD.ToxicityToBees,1d4b107f-5abe-4373-852f-a7b56316506d,bee larval toxicity - chronic,,,5f799b33-7491-4195-8159-cc2d7115d0fd,Species: Apis mellifera; Route: oral; Exp. duration: 4.0 d,,,,,,,,,,,,,,,,,,d,4.0,,,,,,,,,,,,Apis mellifera,,oral,,,,not specified,,,test mat.,,Emery 1202 Pelargonic acid 92%,,,,33.1,µg per larva,,,,NOED,,,,,,,,,,,,a74e3cea-3632-4ed8-a5db-983a109ff469,,,,,,,,,,,,,,,,,,,,
4024,4022,b60f4e4f-16ba-4619-b72b-75e084c50e79,ENDPOINT_STUDY_RECORD.ToxicityToBees,55ca8fff-c9a0-4965-8f91-3257b0e99df8,toxicity to bees: acute contact,,,6da83495-ac36-4f97-bd88-cdeb2da75a5a,,not specified,not specified,,,,cfff24b5-e55e-4a3b-867d-a5ce88036c00,,,,,,,,,,,,h,24.0,,,,,,Preparation Morsuvin,,,,,,Apis mellifera,,contact,,,,mortality,,,test mat.,,,h,24.0,>,2000.0,µg/bee,,,,LD50,,,,,,,,,,,,7fbecff3-926a-4460-babc-ae983a24f577,,,,,,,,,,,,,,,,,,,,
4025,4023,091e2e7f-c768-48c3-add7-60c005035fc3,ENDPOINT_STUDY_RECORD.ToxicityToBees,582536dd-ad5d-4ba2-8168-fe0687fc489a,toxicity to bees: chronic oral,,,2c11c2fe-3485-4206-af66-14c43994db7f,Species: Apis mellifera; Route: oral; Exp. duration: 10.0 d,,,,,,,,,,,,,,,,,,d,10.0,,,,,,,,,,,,Apis mellifera,,oral,,,,mortality,,,test mat.,,A7957E,,,,12.17,µg/bee per day,,,,10-d LDD50,,,,,,,,,,,,691fe1ab-11fa-443e-8422-39426ceb6ba1,,,,,,,,,,,,,,,,,,,,
4026,4024,d23fc922-9dfd-47cb-8ff0-08ec32965106,ENDPOINT_STUDY_RECORD.ToxicityToBees,ce6eabec-ae04-4b5f-b205-7639062e9c0a,toxicity to bees: chronic oral,,,33a038ad-4474-4b59-b50b-29531ade6ff6,,not specified,not specified,,,,6c51ea54-b2b9-4656-9d21-818363fb8edb,,,,,,,,,,,,d,10.0,,,,,,,,,,,,Apis mellifera,,oral,,,,mortality,,,act. ingr.,,,,,>,18.15,µg/bee per day,,,,10-d LDD50,,,,,,,,,,,,b5d5f2d3-d13c-4296-9551-24a41dd1f2a1,,,,,,,,,,,,,,,,,,,,
4027,4025,7b03736e-77e5-4c96-a20a-bacbc66676ae,ENDPOINT_STUDY_RECORD.ToxicityToBees,ce6eabec-ae04-4b5f-b205-7639062e9c0a,toxicity to bees: chronic oral,,,33a038ad-4474-4b59-b50b-29531ade6ff6,,not specified,not specified,,,,9de89265-0667-4e7f-8d16-fb9ab5ed58fd,,,,,,,,,,,,d,10.0,,,,,,,,,,,,Apis mellifera,,oral,,,,mortality,,,,,,,,,18.5,µg/bee per day,,,,other:,,10 d-NOED,,,,,other:,,"Basis effect: Mortality, sub-lethal effects",,,02d22ef2-c071-4362-b513-1099f4a7f96d,,,,,,,,,,,,,,,,,,,,
4028,4026,45a6d312-f4c9-4424-9390-fdf1ea951ed5,ENDPOINT_STUDY_RECORD.ToxicityToBees,b201b253-e073-4c3c-a600-d2d7d7262ee3,toxicity to bees: acute contact,,,b5cfc5dc-bed8-4e98-a2c6-92bb17d8ae6c,Species: Apis mellifera; Route: dermal,not specified,not specified,,,,8f875cf7-a2ec-4e14-9619-fdc44596c4cf,,,,,,,,,,,,,,,,,,,,,,,,,Apis mellifera,,other:,dermal,,,mortality,,,,,,,,>,100.0,other:,µg/piece,,,LD50,,,,,,,other:,,Remarks: Acute contact toxicity,,,83c2d372-8316-46ce-be53-c7898571302a,,,,,,,,,,,,,,,,,,,,
4029,4027,80f097fe-6590-4a49-bfff-e10def937664,ENDPOINT_STUDY_RECORD.ToxicityToBees,14d3260c-6269-4995-84d8-b89cdfe80e80,toxicity to bees: acute oral,,,b8eb41a3-793f-4d81-bff2-31883f8b97a9,Species: Apis mellifera; Route: oral: unspecified,not specified,not specified,,,,486d808b-3078-48ab-9dd7-7bb3e4325634,,,,,,,,,,,,,,,,,,,,,,,,,Apis mellifera,,other:,oral: unspecified,,,mortality,,,,,,,,>,111.0,other:,µg/piece,,,LD50,,,,,,,other:,,Remarks: Acute oral toxicity,,,b68e7bb9-1227-427f-a4ae-1155187cb837,,,,,,,,,,,,,,,,,,,,
4030,4028,f718e8cc-8524-47b7-9454-ca1390507122,ENDPOINT_STUDY_RECORD.ToxicityToBees,a7ab1239-1eaf-4a4a-b99d-c6d5b4305cb0,toxicity to bees: acute oral,,,4d1a2cf7-9cbd-462b-830a-d000bf083958,Species: Apis mellifera; Route: oral: unspecified; Exp. duration: 48.0 h,not specified,not specified,,,,f1e47571-df0e-473c-9e42-1dbf4e5717c8,,,,,,,,,,,,h,48.0,,,,,,,,,,,,Apis mellifera,,other:,oral: unspecified,,,mortality,,,,,,,,>,69.8,other:,µg/piece,,,LD50,,,,,,,other:,,Remarks: Acute oral toxicity,,,f224eeb0-158d-4f18-b28c-34c2b4c26a80,,,,,,,,,,,,,,,,,,,,
4031,4029,b9f90b2b-1058-4292-b4e3-1de322b31b11,ENDPOINT_STUDY_RECORD.ToxicityToBees,20ed31da-402c-4d92-8717-25c6837c3dbc,toxicity to bees: acute oral,,,87e29090-c1b3-4319-b645-4e196436e2fc,Limit test: yes; Species: Apis mellifera; Route: oral: unspecified; Exp. duration: 48.0 h,yes,not specified,other:,OTHER GUIDELINE,according to guideline,da1f1be2-4f65-4d04-80a2-7a5e50332447,,,,,yes,,,,,,,h,48.0,,,,,,,,,,,,Apis mellifera,,other:,oral: unspecified,,,mortality,,,,,,,,>,109.4,other:,µg/piece,,,other:,LC50,,,,,,other:,,"Remarks: In addition to the EPA OPPTS 850.3020 (Honey Bee Acute Contact Toxicity), no guideline clearly reported for the ""other"" guideline.",,,9720fbdc-c508-4e20-9c09-f5e1b95431a5,,,,,,,,,,,,,,,,,,,,
4032,4030,ba31b9dd-c542-4f67-a13f-548daedbcc73,ENDPOINT_STUDY_RECORD.ToxicityToBees,1195b0de-88f0-4272-b6dc-f5b55d25e375,toxicity to bees: acute oral,,,6c48ef8e-0596-4fc8-8c79-d7ff04158b43,Species: Apis mellifera; Route: oral: unspecified,not specified,not specified,,,,86dc19ab-c716-4132-b8e7-befb63e17c85,,,,,,,,,,,,,,,,,,,,,,,,,Apis mellifera,,other:,oral: unspecified,,,mortality,,,,,,,,,100.0,other:,µg/piece,,,LD50,,,,,,,other:,,Remarks: Acute oral toxicity,,,290b0b3d-aed2-44ec-9179-eaf445b067ed,,,,,,,,,,,,,,,,,,,,
4033,4031,a3da3b3c-ad3d-4f30-998c-d93ceee51a03,ENDPOINT_STUDY_RECORD.ToxicityToBees,d650b8b9-dcd0-4525-93a5-5d9a7e7bb41d,toxicity to bees: acute oral,,,c10081fc-b0af-4047-b966-7de29f38bbae,Species: Apis mellifera; Route: oral: unspecified,not specified,not specified,,,,8e5e3899-7559-47d8-8550-019f81f15d1f,,,,,,,,,,,,,,,,,,,,,,,,,Apis mellifera,,other:,oral: unspecified,,,mortality,,,,,,,,,0.37,other:,µg/piece,,,LD50,,,,,,,,,,,,4e0cb400-7b1a-45e2-ad0b-842714754951,,,,,,,,,,,,,,,,,,,,
4034,4032,65a63c44-2c72-4640-bae8-48e59fdc3f86,ENDPOINT_STUDY_RECORD.ToxicityToBees,6466c4e7-7266-4cfb-a0e4-49334015b293,toxicity to bees: chronic oral,,,839e7251-5fd6-4b8e-bea4-ca09c56be1a4,Species: Apis mellifera; Route: oral; Exp. duration: 10.0 d,,,,,,,,,,,,,,,,,,d,10.0,,,,,,,,,,,,Apis mellifera,,oral,,,,mortality,,,act. ingr.,,,,,,0.35,µg/bee per day,,,,LD50,,,,,,,,,,,,6d2b91a0-0c7f-4987-9216-858ece3ebbce,,,,,,,,,,,,,,,,,,,,
4035,4033,a43ad866-0cc0-4f4e-ac42-80e38a15e943,ENDPOINT_STUDY_RECORD.ToxicityToBees,1d4b107f-5abe-4373-852f-a7b56316506d,bee larval toxicity - chronic,,,5f799b33-7491-4195-8159-cc2d7115d0fd,Species: Apis mellifera; Route: oral; Exp. duration: 4.0 d,,,,,,,,,,,,,,,,,,d,4.0,,,,,,,,,,,,Apis mellifera,,oral,,,,not specified,,,test mat.,,Emery 1202 Pelargonic acid 92%,,,,36.1,µg per larva,,,,ED10,,,,,,,,,,,,aa9e7601-5c90-427b-9a6a-e3271353d2b1,,,,,,,,,,,,,,,,,,,,
4036,4034,83cc7782-b0ed-4be7-b92d-dea1c7748a91,ENDPOINT_STUDY_RECORD.ToxicityToBees,d650b8b9-dcd0-4525-93a5-5d9a7e7bb41d,toxicity to bees: acute contact,,,c10081fc-b0af-4047-b966-7de29f38bbae,Limit test: no; Species: Apis mellifera; Route: dermal; Exp. duration: 48.0 h,yes,no,"OECD Guideline 214 (Honeybees, Acute Contact Toxicity Test)",,according to guideline,1b8889a5-8b3f-4246-8dae-90e790ed3077,,,,,no,,,,,,,h,48.0,,,,,,,,,,,,Apis mellifera,,other:,dermal,,,mortality,,,,,,,,,0.22,other:,µg/piece,,,LD50,,,,,,,other:,,Remarks: Acute contact toxicity test,,,c4fb01d6-b217-4317-b1a4-377d16355b05,,,,,,,,,,,,,,,,,,,,
4037,4035,5620e1ef-7e2e-4d36-945f-df97d66b5904,ENDPOINT_STUDY_RECORD.ToxicityToBees,2123200b-1c2b-4899-991b-37500dd941e5,toxicity to bees: acute oral,,,200bf532-8ed2-4bb0-8a96-b49a0d10ebcb,Species: Apis mellifera; Route: oral: unspecified,not specified,not specified,,,,e055dcdf-2c2d-4429-8d15-25a888418fff,,,,,,,,,,,,,,,,,,,,,,,,,Apis mellifera,,other:,oral: unspecified,,,mortality,,,,,,,,>,40.26,other:,µg/piece,,,LD50,,,,,,,other:,,Remarks: Oral toxicity,,,8a30cf6f-5a4b-4a6f-9b1b-905d5d69cf7f,,,,,,,,,,,,,,,,,,,,
4038,4036,b204bb43-7e83-4f5d-8319-6178390f10eb,ENDPOINT_STUDY_RECORD.ToxicityToBees,67d0d158-626f-4785-b24b-3cd89bebfe28,toxicity to bees: chronic oral,,,b416a7b4-b84b-4559-b6a9-c875ca1ae1d9,Species: Apis mellifera; Route: oral; Exp. duration: 10.0 d,,,,,,,,,,,,,,,,,,d,10.0,,,,,,,,,,,,Apis mellifera,,oral,,,,mortality,,,test mat.,,Laguna 75 WG,,,,5.136,other:,g/kg food,,,other:,LC50,,,,,,,,,,,73d35025-3e57-417a-8e7d-11a1e3f4cba4,,,,,,,,,,,,,,,,,,,,
4039,4037,46903bdc-a6dd-4f12-a08c-4b444bec6447,ENDPOINT_STUDY_RECORD.ToxicityToBees,feccb3cb-2e28-4509-affa-1000601f0f9c,toxicity to bees: chronic oral,,,580be492-4818-4a05-bfec-b5ac87dcea17,Species: Apis mellifera; Route: oral; Exp. duration: 10.0 d,,,,,,,,,,,,,,,,,,d,10.0,,,,,,,,,,,,Apis mellifera,,oral,,,,not specified,,,test mat.,,PMP SE 160,,,,4.6,µg/bee,,,,other:,NOEDD,,,,,,,,,,,ab19e7e6-ac64-482f-990a-0021b4cc1fc0,,,,,,,,,,,,,,,,,,,,
4040,4038,bc9579fd-1452-49e3-b3f0-2e3124db2c15,ENDPOINT_STUDY_RECORD.ToxicityToBees,f13dfe44-2799-4fe6-bd72-c976d38ba606,toxicity to bees: acute contact,,,d11b7c5f-5d52-4a86-be73-8a122e2ab082,Species: Apis mellifera; Route: dermal,not specified,not specified,,,,8e091e9a-2b45-45fe-bc7b-0c6a555306dc,,,,,,,,,,,,,,,,,,,Pyrethrum extract (57.574% pyrethrins),,,,,,Apis mellifera,,other:,dermal,,,mortality,,,,,,,,,0.013,other:,µg/piece,,,LD50,,,,,,,other:,,Remarks: Acute contact toxicity,,,3319381b-b71f-4a54-867f-57572d0daea8,,,,,,,,,,,,,,,,,,,,
4041,4039,459e7a24-3920-45eb-b790-42d66b637c27,ENDPOINT_STUDY_RECORD.ToxicityToBees,39606eeb-dc29-4fde-8801-7e48ca446553,toxicity to bees: chronic oral,,,0385b1cf-b075-4264-bf84-9f4c574ff75c,Species: Apis mellifera; Route: oral; Exp. duration: 10.0 d,,,,,,,,,,,,,,,,,,d,10.0,,,,,,,,,,,,Apis mellifera,,oral,,,,mortality,,,act. ingr.,,,,,>,0.00282,µg/bee per day,,,,10-d LDD50,,,,,,,other:,,Remarks: Endpoint set at the highest concentration tested.,,,9d0181aa-4172-465e-aa98-2ebd017e7f22,,,,,,,,,,,,,,,,,,,,
4042,4040,d8668f20-7ca2-4e05-bbd5-840c01419bb9,ENDPOINT_STUDY_RECORD.ToxicityToBees,0f43c448-0673-4bb2-879c-04e901c2c6c0,toxicity to bees: acute contact,,,dfec7943-e41b-4be3-9d43-c22402467f20,Limit test: no; Species: Apis mellifera; Route: dermal; Exp. duration: 48.0 h,yes,no,"OECD Guideline 214 (Honeybees, Acute Contact Toxicity Test)",,according to guideline,02e562a5-3ed2-4988-ba57-652149f5c84a,,,,,no,,,,,,,h,48.0,,,,,,GF-1478 (34.7% DE-126),,,,,,Apis mellifera,,other:,dermal,,,mortality,,,,,,,,,84.8,other:,µg/piece,,,LD50,,,,,,,other:,,Remarks: contact toxicity,,,e2e053c7-4158-430a-a1e6-25803822d33e,,,,,,,,,,,,,,,,,,,,
4043,4041,d5af0eb0-f0a6-45e8-a4d9-20475c410101,ENDPOINT_STUDY_RECORD.ToxicityToBees,a30b4eb7-d115-4e63-8313-11f79be848f7,toxicity to bees: acute oral,,,cd3e62d7-0067-438d-8ffb-9dff2838d2ce,Species: Apis mellifera; Route: oral: unspecified,not specified,not specified,,,,fa72476f-ec8e-41de-9990-bd1126f6c8c2,,,,,,,,,,,,,,,,,,,,,,,,,Apis mellifera,,other:,oral: unspecified,,,mortality,,,,,,,,>,11.0,other:,µg/piece,,,LD50,,,,,,,,,,,,d1aaf5ad-1416-4a28-8ffe-7724c50796e2,,,,,,,,,,,,,,,,,,,,
4044,4042,93f57456-c798-4a1d-8797-43bc16feb7cf,ENDPOINT_STUDY_RECORD.ToxicityToBees,39606eeb-dc29-4fde-8801-7e48ca446553,toxicity to bees: acute oral,,,0385b1cf-b075-4264-bf84-9f4c574ff75c,Species: Apis mellifera; Route: oral: unspecified; Exp. duration: 48.0 h,not specified,not specified,,,,1b9047d2-b7d1-477f-a124-e6d10daf0eab,,,,,,,,,,,,h,48.0,,,,,,,,,,,,Apis mellifera,,other:,oral: unspecified,,,mortality,,,,,,,,>,100.0,other:,µg/piece,,,LD50,,,,,,,other:,,Remarks: Oral toxicity.,,,63f826f9-62f3-4403-a572-e96ce449ebb6,,,,,,,,,,,,,,,,,,,,
4045,4043,f4d3b962-e571-4a00-9f44-78c45ccb4f0d,ENDPOINT_STUDY_RECORD.ToxicityToBees,ce6eabec-ae04-4b5f-b205-7639062e9c0a,bee larval toxicity - acute,,,33a038ad-4474-4b59-b50b-29531ade6ff6,,not specified,not specified,,,,a6438221-3bfc-412f-abc3-237b72862126,,,,,,,,,,,,d,1.0,,,,,,,,,,,,Apis mellifera,,,,,,mortality,,,,,,,,>,4.44,µg per larva,,,,other:,LC50,,,,,,,,,,,ab6d4785-ae20-45f4-8564-fca0eea7e5b4,,,,,,,,,,,,,,,,,,,,
4046,4044,2655a8e9-256b-4f2a-92b3-c9bccc3a25bf,ENDPOINT_STUDY_RECORD.ToxicityToBees,ada83603-7ac0-4605-b40e-2be02acf0dd2,toxicity to bees: acute contact,,,b5acb832-a21d-4f48-91a8-a586136a0671,Species: Apis mellifera; Route: dermal; Exp. duration: 48.0 h,not specified,not specified,,,,cd372b0c-0a8c-47d5-acd4-b37d3ce94601,,,,,,,,,,,,h,48.0,,,,,,Silthiofam's formulation: MON 65557,,,,,,Apis mellifera,,other:,dermal,,,mortality,,,,,,,,>,100.0,other:,µg/piece,,,LD50,,,,,,,other:,,"Remarks: Contact toxicity, the effect level is based on the active substance",,,b3cfae71-31e6-4382-afea-c469c83a9004,,,,,,,,,,,,,,,,,,,,
4047,4045,6cb0b6f4-92f5-4274-818a-00fd1b3b838b,ENDPOINT_STUDY_RECORD.ToxicityToBees,d650b8b9-dcd0-4525-93a5-5d9a7e7bb41d,toxicity to bees: acute oral,,,20ec67b7-10c6-4fc6-bc1c-0767a4f9e778,Species: Apis mellifera; Route: oral: unspecified,not specified,not specified,,,,c0caf3aa-4794-407e-8107-95886fc97a05,,,,,,,,,,,,,,,,,,,,,,,,,Apis mellifera,,other:,oral: unspecified,,,mortality,,,,,,,,,0.302,other:,µg/piece,,,LD50,,,,,,,,,,,,876e1251-2d03-41e3-9f0e-0ef8e5668e92,,,,,,,,,,,,,,,,,,,,
4048,4046,bb8ed659-167c-46dc-9e21-af0bb70e3a1f,ENDPOINT_STUDY_RECORD.ToxicityToBees,279c3d11-8310-4707-af3e-c137a72cf6d8,bee larval toxicity - chronic,,,abb5712d-4c49-4f46-aa45-5908af78aeb2,,not specified,not specified,,,,dc95f7b3-80f0-4f09-a5e7-7601d740ce34,,,,,,,,,,,,d,4.0,,,,,,,,,,,,Apis mellifera,,oral,,,,not specified,,,,,,,,,35.5,µg per larva,,,,NOED,,,,,,,other:,,22 d Repeated exposure with larave,,,baf0a94a-b936-41a1-9e4d-3058f088f95c,,,,,,,,,,,,,,,,,,,,
4049,4047,02f0a2e0-5227-4872-b374-e89e9dac3314,ENDPOINT_STUDY_RECORD.ToxicityToBees,b2167415-4240-4bdb-ad31-dbec64e454f5,toxicity to bees: acute oral,,,91576eb7-08fe-4619-8f1d-81ed50827e26,Species: Apis mellifera; Route: oral: unspecified; Exp. duration: 48.0 h,not specified,not specified,,,,461ad1f8-b2a3-4001-93fa-58e5562a76f7,,,,,,,,,,,,h,48.0,,,,,,,,,,,,Apis mellifera,,other:,oral: unspecified,,,mortality,,,,,,,,,0.1,other:,µg/piece,,,LD50,,,,,,,other:,,Remarks: Acute contact and oral toxicity,,,c8475014-9fde-4613-a27b-f51439460773,,,,,,,,,,,,,,,,,,,,
4050,4048,b3d13192-2325-4dd0-b6fc-805e8e313610,ENDPOINT_STUDY_RECORD.ToxicityToBees,05489ccd-ed38-421e-81d5-955bf06c56a1,toxicity to bees: acute oral,,,e2c6603a-0321-4747-b380-a70f23ceb468,Species: Apis mellifera; Route: oral: unspecified,not specified,not specified,,,,68b83eb8-de51-4a4d-8c9f-0baee380c4b0,,,,,,,,,,,,,,,,,,,Preparation,,,,,,Apis mellifera,,other:,oral: unspecified,,,mortality,,,,,,,,>,80.0,other:,µg/piece,,,LD50,,,,,,,,,,,,2d32fb37-b4bc-47d8-9a84-7bf97e9906f8,,,,,,,,,,,,,,,,,,,,
4051,4049,388d04ea-f98e-4703-a266-2521d801f2fd,ENDPOINT_STUDY_RECORD.ToxicityToBees,644f53a2-7be8-42c5-aebe-206bee4f8aec,toxicity to bees: acute contact,,,495115d0-bd70-41db-a1ca-ffedd926808e,Species: Apis mellifera; Route: dermal; Exp. duration: 48.0 h,not specified,not specified,,,,b53e274c-d4bf-4e48-8d9b-7c32626905ea,,,,,,,,,,,,h,48.0,,,,,,,,,,,,Apis mellifera,,other:,dermal,,,mortality,,,,,,,,>,20.0,other:,µg/piece,,,LD50,,,,,,,other:,,Remarks: Acute contact toxicity,,,c97e95f8-97b1-4310-a208-e7fe6959874f,,,,,,,,,,,,,,,,,,,,
4052,4050,11e3bd30-ec44-4fbe-a44f-bd7bf46cb065,ENDPOINT_STUDY_RECORD.ToxicityToBees,62d34108-e968-4ce2-a9c1-280718f51d6b,toxicity to bees: acute oral,,,cdd573cf-9191-465c-884d-87fe2e427d5c,Species: Apis mellifera; Route: oral: unspecified; Exp. duration: 48.0 h,not specified,not specified,,,,5a963d02-b687-4751-80a9-981e6efb0107,,,,,,,,,,,,h,48.0,,,,,,,,,,,,Apis mellifera,,other:,oral: unspecified,,,mortality,,,,,,,,,0.00379,other:,µg/piece,,,LD50,,,,,,,other:,,Remarks: Acute oral toxicity; European Commission 2005,,,4e355964-f511-438f-83fd-1d560d40638e,,,,,,,,,,,,,,,,,,,,
4053,4051,02f20695-e254-4a6b-99e6-65c7778342fb,ENDPOINT_STUDY_RECORD.ToxicityToBees,351bba11-8c12-4a7f-b934-72149ba59d79,toxicity to bees: acute contact,,,a12e15e9-e554-404e-9550-efd6101c5097,Species: Apis mellifera; Route: dermal,not specified,not specified,,,,ab2f192b-2d28-4eae-aa9b-832d38c940d7,,,,,,,,,,,,,,,,,,,,,,,,,Apis mellifera,,other:,dermal,,,mortality,,,,,,,,>,100.0,other:,µg/piece,,,LD50,,,,,,,other:,,Remarks: Acute contact toxicity,,,decfe3de-0ab8-4a63-9bfe-841786a69ad0,,,,,,,,,,,,,,,,,,,,
4054,4052,8a84d755-18ce-4172-b1fd-255af128baea,ENDPOINT_STUDY_RECORD.ToxicityToBees,c90eaed4-2c33-4368-8ac2-de5debab91a9,toxicity to bees: acute contact,,,684f385a-9a4d-43a4-8064-54d1c4f505b8,Species: Apis mellifera; Route: dermal,not specified,not specified,,,,90661d94-5cd0-482a-8c47-2bb4e01e6ce7,,,,,,,,,,,,,,,,,,,Preparation: ATOIAB03,,,,,,Apis mellifera,,other:,dermal,,,mortality,,,,,,,,,0.014,other:,µg/piece,,,LD50,,,,,,,other:,,Remarks: Acute contact toxicity,,,094d5295-27bf-4a01-a37c-1e9994422f25,,,,,,,,,,,,,,,,,,,,
4055,4053,c4c7605d-40d9-472e-8edf-32c16c650d79,ENDPOINT_STUDY_RECORD.ToxicityToBees,6466c4e7-7266-4cfb-a0e4-49334015b293,bee larval toxicity - acute,,,1202bb4f-384d-4bf3-abf8-c1ab58e73d11,Species: Apis mellifera; Route: oral; Exp. duration: 1.0 d,,,,,,,,,,,,,,,,,,d,1.0,,,,,,,,,,,,Apis mellifera,,oral,,,,mortality,,,act. ingr.,,,,,,0.405,µg per larva,,,,LD10,,,,,,,,,,,,8c290ea7-c649-439c-a37f-d9284fb811ed,,,,,,,,,,,,,,,,,,,,
4056,4054,9fc1a325-ea18-468e-9906-0f0b3dc1349b,ENDPOINT_STUDY_RECORD.ToxicityToBees,5d911ed2-7aad-4a3c-8780-e2ca116d03eb,bee larval toxicity - acute,,,e81510f6-0ef7-4c10-91d5-72011ec01edf,Species: Apis mellifera; Route: oral; Exp. duration: 1.0 d,,,,,,,,,,,,,,,,,,d,1.0,,,,,,,,,,,,Apis mellifera,,oral,,,,mortality,,,test mat.,,Tribenuron-methyl 50SG,,,>,40.6,µg per larva,,,,LD50,,,,,,,other:,,Remarks: 72h single dose,,,ae74585a-33e4-4237-8129-13d6da9f9dcc,,,,,,,,,,,,,,,,,,,,
4057,4055,40205918-a9fa-446b-89eb-3b6269d6a1ba,ENDPOINT_STUDY_RECORD.ToxicityToBees,303340a3-d8c9-41a7-a496-19fb76698cf6,toxicity to bees: acute oral,,,b954ab02-e9eb-416b-8ea9-b4324174011b,Species: Apis mellifera; Route: oral: unspecified,not specified,not specified,,,,96d587f7-ff0e-433b-b34e-69383eef3d26,,,,,,,,,,,,,,,,,,,,,,,,,Apis mellifera,,other:,oral: unspecified,,,mortality,,,,,,,,>,112.1,other:,µg/piece,,,LD50,,,,,,,other:,,Remarks: Oral toxicity,,,665cc2df-3ac8-4c1d-a57e-d5adc2420441,,,,,,,,,,,,,,,,,,,,
4058,4056,769956b8-b984-4382-a9b0-aef1cd6eff85,ENDPOINT_STUDY_RECORD.ToxicityToBees,ed76b10b-d559-4c09-8321-ce6a07eb73c3,toxicity to bees: acute oral,,,30189c1d-2407-477c-9f86-4e5fccce79e7,Species: Apis mellifera; Route: oral: unspecified; Exp. duration: 48.0 h,not specified,not specified,,,,72595e30-56f7-4ee2-a1ea-3926a8cba80f,,,,,,,,,,,,h,48.0,,,,,,,,,,,,Apis mellifera,,other:,oral: unspecified,,,mortality,,,,,,,,>,100.0,other:,µg/piece,,,LD50,,,,,,,other:,,Remarks: acute oral toxicity,,,8b069493-990a-414d-a90c-1dc4422b5c82,,,,,,,,,,,,,,,,,,,,
4059,4057,4fe9ff3d-728d-4bb8-96a9-f5a1edd287a6,ENDPOINT_STUDY_RECORD.ToxicityToBees,6df6c0f1-e93b-40a9-899d-1aa787006658,bee larval toxicity - chronic,,,ce166716-b1ec-484e-a17b-d89872dc1d5c,Species: Apis mellifera; Route: oral; Exp. duration: 4.0 d,,,,,,,,,,,,,,,,,,d,4.0,,,,,,,,,,,,Apis mellifera,,oral,,,,mortality,,,test mat.,,Iodosulfuron-methyl-sodium WG 10,,,,,other:,mg/L,<,25.0,other:,NOEC,,,,,,other:,,Remarks: NOEC mortality relating to pupae,,,a3a1eb09-4723-401a-9d6e-03983e00809f,,,,,,,,,,,,,,,,,,,,
4060,4058,651a619b-0e9b-43b3-9abd-8ef835977463,ENDPOINT_STUDY_RECORD.ToxicityToBees,effff3e8-beb0-463f-859c-26e6956f8f90,toxicity to bees: chronic oral,,,e605927c-9032-4b62-999e-3aa19e768014,Species: Apis mellifera; Route: oral; Exp. duration: 10.0 d,,,,,,,,,,,,,,,,,,d,10.0,,,,,,,,,,,,Apis mellifera,,oral,,,,mortality,,,test mat.,,Rapeseed oil formulation (NEU 1161 I),,,,53250.02,mg/kg diet,,,,other:,10-d LC50,,,,,,,,,,,a7f7c57e-2f03-402b-ae8d-1a608a471f45,,,,,,,,,,,,,,,,,,,,
4061,4059,c9a83402-fed0-40d8-9fab-ac47cdad5037,ENDPOINT_STUDY_RECORD.ToxicityToBees,e61b0486-a3fd-4334-ba37-9e357b5cb4cd,toxicity to bees: acute oral,,,24ac8bf5-3311-4e54-85f6-a106da80eae5,Species: Apis mellifera; Route: oral: unspecified,not specified,not specified,,,,f8810df3-fe1b-4ebf-ba1c-dd44ffc69855,,,,,,,,,,,,,,,,,,,Flazasulfuron formulation: SL-160 25% WG,,,,,,Apis mellifera,,other:,oral: unspecified,,,mortality,,,,,,,,>,46.3,other:,µg/piece,,,LD50,,,,,,,other:,,"Remarks: Oral toxicity, the effect level is based on the active substance",,,2178613f-0b72-4e82-a52b-20c6d53fb363,,,,,,,,,,,,,,,,,,,,
4062,4060,2a705490-04cb-4db4-9bae-fb493cf7da61,ENDPOINT_STUDY_RECORD.ToxicityToBees,e8c33f31-a3ca-461c-8fe0-5f5327dd7024,toxicity to bees: acute contact,,,e3f83667-8cdc-43b1-a4fd-1317e99bf162,Species: Apis mellifera; Route: dermal,not specified,not specified,,,,be2eaf87-8313-454b-a07f-7d366a64afcf,,,,,,,,,,,,,,,,,,,Preparation,,,,,,Apis mellifera,,other:,dermal,,,mortality,,,,,,,,>,100.0,other:,µg/piece,,,LD50,,,,,,,,,,,,531b4f38-4d0e-4fea-86ce-174e9787266c,,,,,,,,,,,,,,,,,,,,
4063,4061,6e549d57-b6c7-4115-962a-f4b11d595503,ENDPOINT_STUDY_RECORD.ToxicityToBees,ed76b10b-d559-4c09-8321-ce6a07eb73c3,toxicity to bees: acute contact,,,30189c1d-2407-477c-9f86-4e5fccce79e7,Limit test: no; Species: Apis mellifera; Route: dermal; Exp. duration: 48.0 h,yes,no,EPA OPP 141-1 (Honey Bee Acute Contact Toxicity),,according to guideline,f8489e19-8c79-4c96-aaeb-8de185b08dc7,,,,,no,,,,,,,h,48.0,,,,,,,,,,,,Apis mellifera,,other:,dermal,,,mortality,,,,,,,,>,200.0,other:,µg/piece,,,other:,LC50,,,,,,,,,,,e56c67f6-3687-4d4d-a2d4-5e5ab0020f09,,,,,,,,,,,,,,,,,,,,
4064,4062,8abbc9b6-caba-44ef-a372-db87784627a9,ENDPOINT_STUDY_RECORD.ToxicityToBees,ef3431e8-8925-4d86-8f91-f4cea6192659,toxicity to bees: chronic oral,,,cd6b1bdf-e02a-4e7f-a1d7-ee1ffdb77fbf,,not specified,not specified,,,,ab1e7e7c-fb66-42ea-9ef4-b2bf6c8e6219,,,,,,,,,,,,d,4.0,,,,,,,,,,,,Apis mellifera,,oral,,,,emergence rate,,,,,,,,,60.1,µg per larva,,,,other:,,NOEC,,larva,,,other:,,390 μg a.s./kg diet (equivalent to a cumulative dose of 60.1 μg a.s./larva),,,9e9ddb54-a54f-409b-86c5-63e878653457,,,,,,,,,,,,,,,,,,,,
4065,4063,9da013ea-0448-44db-9c7d-712e80824bad,ENDPOINT_STUDY_RECORD.ToxicityToBees,8cbab949-c9d5-4124-9f5f-31a2798c1d97,toxicity to bees: acute contact,,,8fdd7cfe-8ea8-47bc-9fec-5ac24e3028d5,Species: Apis mellifera; Route: dermal,not specified,not specified,,,,28a4b17b-7a59-4365-a0ac-24362bba7744,,,,,,,,,,,,,,,,,,,,,,,,,Apis mellifera,,other:,dermal,,,mortality,,,,,,,,>,100.0,other:,µg/piece,,,LD50,,,,,,,other:,,Remarks: Acute contact toxicity,,,6a86ea2a-43fc-4a52-86b0-7c4f13bced65,,,,,,,,,,,,,,,,,,,,
4066,4064,859bf2e4-6b58-419f-91df-3466cfd378c9,ENDPOINT_STUDY_RECORD.ToxicityToBees,44b92abe-8a3c-43b3-9dd2-1d0dbd473dce,bee larval toxicity - chronic,,,34336a6d-4851-4221-b0e6-e2663561d4a5,Species: Apis mellifera; Route: oral,not specified,not specified,,,,30797e5b-2395-4f7a-bdb9-733ef3836f98,,,,,,,,,,,,,,,,,,,,,,,,,Apis mellifera,,oral,,,,not specified,,,test mat.,,A19649B,,,,13.75,µg per larva per day,,,,other:,8-d NOED,,,,,,other:,,Remarks: Chronic larvae 8-days. The toxicity value is reported as active substance.,,,16f81668-7175-48ab-b849-12ffdfc56d61,,,,,,,,,,,,,,,,,,,,
4067,4065,859bf2e4-6b58-419f-91df-3466cfd378c9,ENDPOINT_STUDY_RECORD.ToxicityToBees,44b92abe-8a3c-43b3-9dd2-1d0dbd473dce,bee larval toxicity - chronic,,,a0ce5093-8a7f-4b19-9d75-539ed9f0c57f,Species: Apis mellifera; Route: oral,not specified,not specified,,,,30797e5b-2395-4f7a-bdb9-733ef3836f98,,,,,,,,,,,,,,,,,,,,,,,,,Apis mellifera,,oral,,,,not specified,,,test mat.,,A19649B,,,,13.75,µg per larva per day,,,,other:,8-d NOED,,,,,,other:,,Remarks: Chronic larvae 8-days. The toxicity value is reported as active substance.,,,16f81668-7175-48ab-b849-12ffdfc56d61,,,,,,,,,,,,,,,,,,,,
4068,4066,4d867d42-8277-4956-8c32-9219808f5270,ENDPOINT_STUDY_RECORD.ToxicityToBees,a4135876-f27e-444c-aeff-3a6316f6b4a4,bee larval toxicity - chronic,,,8a144198-5691-4244-b18c-66bc0f0a6484,Species: Apis mellifera; Route: oral,,,,,,,,,,,,,,,,,,,,,,,,,,,,,,,Apis mellifera,,oral,,,,mortality,,,act. ingr.,,,,,,13.312,µg per larva,,,,other:,LD20,,,,,,,,,,,2bc71f73-ad31-4521-9de6-acc3d2a30c65,,,,,,,,,,,,,,,,,,,,
4069,4067,7b8b7358-f853-4380-aebc-2fbfd467610f,ENDPOINT_STUDY_RECORD.ToxicityToBees,a744174e-0afc-40e1-bbf0-24fd688a4f2b,toxicity to bees: acute oral,,,347d0465-d1a9-4a3e-bf15-adae9f41ea44,Species: Apis mellifera; Route: oral: unspecified,not specified,not specified,,,,f3350799-c5f8-4734-acb9-82f98b1f0095,,,,,,,,,,,,,,,,,,,,,,,,,Apis mellifera,,other:,oral: unspecified,,,mortality,,,,,,,,>,199.0,other:,µg/piece,,,LD50,,,,,,,other:,,Remarks: Acute oral toxicity,,,404e0ff6-9df7-4067-9e45-38a8f3ac713d,,,,,,,,,,,,,,,,,,,,
4070,4068,d4155ed6-d73d-49c6-8cf3-6de1a0ff0974,ENDPOINT_STUDY_RECORD.ToxicityToBees,87524289-0b2a-4e29-af9b-3baefbae4c92,toxicity to bees: acute oral,,,bacf48ae-36e9-43f5-9680-bfc3679a7370,Species: Apis mellifera; Route: oral: unspecified; Exp. duration: 48.0 h,not specified,not specified,,,,515d0a42-074f-4b87-811f-35c375e558bc,,,,,,,,,,,,h,48.0,,,,,,,,,,,,Apis mellifera,,other:,oral: unspecified,,,mortality,,,,,,,,>,100.0,other:,µg/piece,,,LD50,,,,,,,other:,,Remarks: Acute contact and oral toxicity test,,,aaa4bb14-adf7-413a-97a9-ccaadf9180ed,,,,,,,,,,,,,,,,,,,,
4071,4069,aa3afd69-9aa0-4138-ab8e-62a8494832df,ENDPOINT_STUDY_RECORD.ToxicityToBees,877b1caa-5951-4480-b0be-57ead1a55bfc,toxicity to bees: acute contact,,,d1c3cecb-25fe-49ae-80b4-92a678ca010a,Limit test: no; Species: Apis mellifera; Route: dermal; Exp. duration: 48.0 h,yes,no,other:,OTHER GUIDELINE,according to guideline,6599ce87-3f82-4bfb-993e-b42a74d61468,,,,,no,,,,,,,h,48.0,,,,,,,,,,,,Apis mellifera,,other:,dermal,,,mortality,,,,,,,,>,100.0,other:,µg/piece,,,LD50,,,,,,,other:,,Remarks: Acute contact toxicity; Guidelines: EPPO 170 (1992) and MAFF UK (1986),,,9768ac71-42a0-4976-a056-ff0758882c7c,,,,,,,,,,,,,,,,,,,,
4072,4070,81de18d6-8e8b-4547-9075-2ddf5dfb0a81,ENDPOINT_STUDY_RECORD.ToxicityToBees,21e11ed0-21ab-448f-8703-481cc8f6d98d,toxicity to bees: acute contact,,,9438f779-8a8d-400d-b62f-ca94c124a7c7,Species: Apis mellifera; Route: dermal; Exp. duration: 48.0 h,not specified,not specified,,,,98a3a7f4-cb72-4701-8863-4262767e8aaf,,,,,,,,,,,,h,48.0,,,,,,Fury 10 EW,,,,,,Apis mellifera,,other:,dermal,,,mortality,,,,,,,,>,0.002,other:,µg/piece,,,LD50,,,,,,,other:,,Remarks: Acute contact toxicity,,,9534c6a8-950c-49a6-9dce-8c0b356fb0c5,,,,,,,,,,,,,,,,,,,,
4073,4071,a185368b-b64c-4e2c-96ba-fece701e6647,ENDPOINT_STUDY_RECORD.ToxicityToBees,c622a51b-e6e4-46b2-90f2-fbeb93a2af0d,toxicity to bees: acute contact,,,c9e4f9c5-d5ee-4133-995c-191036317b20,Species: Apis mellifera; Route: dermal; Exp. duration: 48.0 h,not specified,not specified,,,,6ff139a6-8ac6-4e89-87d2-6659f5513a23,,,,,,,,,,,,h,48.0,,,,,,active substance SAN 582 H,,,,,,Apis mellifera,,other:,dermal,,,mortality,,,,,,,,,94.0,other:,µg/piece,,,LD50,,,,,,,other:,,Remarks: Acute Contact Toxicity test,,,e2677f85-41cb-4765-85d1-b6bf11289804,,,,,,,,,,,,,,,,,,,,
4074,4072,b9666bef-8410-4c9f-a78e-17fa21e1d68e,ENDPOINT_STUDY_RECORD.ToxicityToBees,327be68c-3a3c-4332-99c5-415c093f968f,toxicity to bees: acute contact,,,b9cbf3bb-b373-4171-b564-14e8176f8909,Species: Apis mellifera; Route: dermal,not specified,not specified,,,,2662d957-32e4-42e8-b652-0b29c8e7acef,,,,,,,,,,,,,,,,,,,Flügol (FLU17516),,,,,,Apis mellifera,,other:,dermal,,,mortality,,,,,,,,>,343.0,other:,µg/piece,,,LD50,,,,,,,,,,,,6ca62856-9fb1-4c3b-a33b-3f4a5c870f04,,,,,,,,,,,,,,,,,,,,
4075,4073,792caa2f-955e-436d-a8bc-4ae84618a1ae,ENDPOINT_STUDY_RECORD.ToxicityToBees,68473485-006d-439f-9995-b7b90fca0a43,toxicity to bees: acute contact,,,686a1aa3-e041-41a8-bdb0-f6b388b7137f,Species: Apis mellifera; Route: dermal,not specified,not specified,,,,bdcb8243-0b9f-4d3b-9050-90391b57049e,,,,,,,,,,,,,,,,,,,,,,,,,Apis mellifera,,other:,dermal,,,mortality,,,,,,,,>,100.0,other:,µg/piece,,,LD50,,,,,,,other:,,Remarks: Acute contact toxicity,,,2d745677-e328-4cc8-b3d5-54e443010e9a,,,,,,,,,,,,,,,,,,,,
4076,4074,969dd9ae-ff39-439d-af74-8f33ad621e08,ENDPOINT_STUDY_RECORD.ToxicityToBees,1d4b107f-5abe-4373-852f-a7b56316506d,bee larval toxicity - chronic,,,5f799b33-7491-4195-8159-cc2d7115d0fd,Species: Apis mellifera; Route: oral; Exp. duration: 4.0 d,,,,,,,,,,,,,,,,,,d,4.0,,,,,,,,,,,,Apis mellifera,,oral,,,,not specified,,,test mat.,,Emery 1202 Pelargonic acid 92%,,,>,100.2,µg per larva,,,,ED50,,,,,,,,,,,,3f5be695-9a71-4a4d-8847-edd09ce70132,,,,,,,,,,,,,,,,,,,,
4077,4075,d764409f-5b54-4e9a-8553-c4ddf7f46385,ENDPOINT_STUDY_RECORD.ToxicityToBees,0ea3181a-97ba-4452-a328-7c835aacdba1,bee larval toxicity - chronic,,,e3d40140-6955-44a9-9491-5f62b312a81c,Species: Apis mellifera; Route: oral; Exp. duration: 6.0 d,,,,,,,,,,,,,,,,,,d,6.0,,,,,,,,,,,,Apis mellifera,,oral,,,,not specified,,,test mat.,,BAS 610 06 F,,,,1.3,µg per larva per developmental period,,,,other:,EC10,,,,,,other:,,Remarks: Total dose over 6 days feeding.,,,a9539f50-b30a-457f-adab-09868fd8a23a,,,,,,,,,,,,,,,,,,,,
4078,4076,a19f4f2d-49ad-423d-8340-7c516a5aee56,ENDPOINT_STUDY_RECORD.ToxicityToBees,4c67eed1-8552-40c5-a5c4-0032e8e55eb1,toxicity to bees: acute oral,,,2188c755-1e58-48ef-8529-bf94aaf4d51f,Limit test: no; Species: Apis mellifera; Route: oral: unspecified; Exp. duration: 48.0 h,yes,no,other:,OTHER GUIDELINE,according to guideline,b4d32c2e-43f1-41fd-aa8c-eead3f46b371,,,,,no,,,,,,,h,48.0,,,,,,,,,,,,Apis mellifera,,other:,oral: unspecified,,,mortality,,,,,,,,>,102.07,other:,µg/piece,,,LD50,,,,,,,other:,,Remarks: Acute oral toxicity; guideline: EPPO guideline 170,,,8ce0381c-8257-46c2-a331-f3a9eaea6448,,,,,,,,,,,,,,,,,,,,
4079,4077,58587475-208e-4bea-9109-21c1bfad4987,ENDPOINT_STUDY_RECORD.ToxicityToBees,c0c89a59-0a5f-4933-b5d0-98f256fec113,toxicity to bees: acute oral,,,fa235593-0625-4740-9efd-2d24d77db8b0,Species: Apis mellifera; Route: oral: unspecified,not specified,not specified,,,,859bbe60-b6d9-4435-83d2-10e9c065491a,,,,,,,,,,,,,,,,,,,,,,,,,Apis mellifera,,other:,oral: unspecified,,,mortality,,,,,,,,>,74.0,other:,µg/piece,,,LD50,,,,,,,other:,,Remarks: Acute oral toxicity,,,f4fdd3ee-2f89-416b-94dd-a6d7787c1f0d,,,,,,,,,,,,,,,,,,,,
4080,4078,323004f7-dcfd-4af1-af63-99dae617aaca,ENDPOINT_STUDY_RECORD.ToxicityToBees,7c5f93d7-6477-47fa-9ff7-14a5984bf9d3,toxicity to bees: acute oral,,,3d9ad9fb-a910-46c9-b9c7-7e49a0b486a0,Species: Apis mellifera; Route: oral: unspecified; Exp. duration: 48.0 h,not specified,not specified,,,,b4b5f1c7-e590-4427-a016-47bb513a7e1e,,,,,,,,,,,,h,48.0,,,,,,,,,,,,Apis mellifera,,other:,oral: unspecified,,,mortality,,,,,,,,>,87.5,other:,µg/piece,,,LD50,,,,,,,other:,,Remarks: Acute oral toxicity,,,5d2018f2-1066-41aa-a4a3-da1ee0adc555,,,,,,,,,,,,,,,,,,,,
4081,4079,a8fb66dd-cd4a-4eec-a072-957c45640c7e,ENDPOINT_STUDY_RECORD.ToxicityToBees,f9e9e1c8-d535-425a-88da-a7469737b600,bee larval toxicity - chronic,,,c8e3de78-431a-48c9-84c0-3db87f9b0e85,Species: Apis mellifera; Route: oral,,,,,,,,,,,,,,,,,,,,,,,,,,,,,,,Apis mellifera,,oral,,,,not specified,,,act. ingr.,,,,,,15.6,µg per larva,,,,other:,8-d NOED,,,,,,,,,,,782d4fb1-0c47-4523-a17a-1084ea548e0a,,,,,,,,,,,,,,,,,,,,
4082,4080,b1f9ed49-b947-4f98-a36e-d7310f4802a8,ENDPOINT_STUDY_RECORD.ToxicityToBees,6df6c0f1-e93b-40a9-899d-1aa787006658,bee larval toxicity - chronic,,,ce166716-b1ec-484e-a17b-d89872dc1d5c,Species: Apis mellifera; Route: oral; Exp. duration: 4.0 d,,,,,,,,,,,,,,,,,,d,4.0,,,,,,,,,,,,Apis mellifera,,oral,,,,mortality,,,test mat.,,IMS+MPR OD 400,,,,10.0,other:,g/ha,,,other:,NOEC,,,,,,other:,,Remarks: NOEC mortality relating to pupae,,,43f6e900-9057-4ea9-8987-e1345299b7bb,,,,,,,,,,,,,,,,,,,,
4083,4081,2c81c624-092e-42ef-ba1f-9b2909290126,ENDPOINT_STUDY_RECORD.ToxicityToBees,cc2d6dbe-2852-4c14-972e-233dd411728f,toxicity to bees: acute contact,,,3cc8bf75-8a53-4b0e-8386-4dbbc1d17cc6,,not specified,not specified,,,,c0049808-efd7-4db9-a9dc-0649a4e32239,,,,,,,,,,,,h,48.0,,,,,,,,,,,,Apis mellifera,,contact,,,,mortality,,,,,,,,>,100.0,µg/bee,,,,LD50,,,,,,nominal,other:,,Used in the risk assessment despite not being the lowest value as all available endpoints are unbounded value (and practically no mortality was seen in any of the tests) .,,,3f35b565-125f-49cc-9513-c29b02b66281,,,,,,,,,,,,,,,,,,,,
4084,4082,9e0efaa1-ef86-4b4e-a3a3-4e0e3e26bcad,ENDPOINT_STUDY_RECORD.ToxicityToBees,22843063-60cf-44bf-8815-a276ee0a1875,toxicity to bees: acute oral,,,da765d33-b97c-4806-856a-0472c1103a77,Species: Apis mellifera; Route: oral: unspecified,not specified,not specified,,,,21dd780a-fee0-4aef-a87e-71fbaa1eb803,,,,,,,,,,,,,,,,,,,,,,,,,Apis mellifera,,other:,oral: unspecified,,,mortality,,,,,,,,>,130.0,other:,µg/piece,,,LD50,,,,,,,other:,,Remarks: Acute oral toxicity,,,e3118ee2-49f5-4fdb-b062-f63c42ddca76,,,,,,,,,,,,,,,,,,,,
4085,4083,f0e468c4-2544-47e2-8a64-2c006d2907e9,ENDPOINT_STUDY_RECORD.ToxicityToBees,cc7dee1c-78dd-4caa-bb66-abb4b43a0344,toxicity to bees: acute contact,,,2c79d2c5-d359-4365-914e-60ba1638c42f,Limit test: yes; Species: Apis mellifera; Route: dermal; Exp. duration: 48.0 h,yes,yes,"OECD Guideline 214 (Honeybees, Acute Contact Toxicity Test)",,according to guideline,2602a971-c9f9-491f-b604-bfeeba50f863,,,,,yes,,,,,,,h,48.0,,,,,,,,,,,,Apis mellifera,,other:,dermal,,,mortality,,,,,,,,>,100.0,other:,µg/piece,,,LD50,,,,,,,other:,,Remarks: contact toxicity,,,6c14368e-c390-4bdc-88f8-bc735458ae11,,,,,,,,,,,,,,,,,,,,
4086,4084,09c2b2f7-8bc8-444e-b4c1-b4ec0186652a,ENDPOINT_STUDY_RECORD.ToxicityToBees,1195b0de-88f0-4272-b6dc-f5b55d25e375,toxicity to bees: acute contact,,,03ac36b8-9d0f-4214-b365-09a2b11d5a0f,,not specified,not specified,,,,34a59850-c3d4-4abd-8f52-280bb17028e6,,,,,,,,,,,,,,,,,,,,,,,,,Apis mellifera,,contact,,,,mortality,,,other:,,Glyphosate acid equivalents,,,>,100.0,µg/bee,,,,LD50,,,,,,,,,,,,53abe880-4cba-42af-8ce6-4c81a6092b18,,,,,,,,,,,,,,,,,,,,
4087,4085,dfdad9ed-1511-42d0-a4d0-5fc43463f3a5,ENDPOINT_STUDY_RECORD.ToxicityToBees,0b946696-7252-4ee0-b75f-2b3367534f88,bee larval toxicity - chronic,,,59a8521c-03f6-4298-b59e-228f05cd592c,Species: Apis mellifera; Route: oral,,,,,,,,,,,,,,,,,,,,,,,,,,,,,,,Apis mellifera,,oral,,,,other:,Hatching success,,test mat.,,Mancozeb 80 WP,,,,12.5,µg per larva per developmental period,,,,NOED,,,,,,,other:,,Remarks: The toxicity value is reported as active substance.,,,274976de-ebba-4997-bd6c-b70776f3585b,,,,,,,,,,,,,,,,,,,,
4088,4086,a58265ed-8de0-4a37-b0e0-92d587958462,ENDPOINT_STUDY_RECORD.ToxicityToBees,9fe24aa7-c52c-4999-af62-36273e9da4c2,toxicity to bees: acute oral,,,813e79e4-a30b-4770-87d5-3ed9d76a6495,Species: Apis mellifera; Route: oral: unspecified,not specified,not specified,,,,730790ec-28cc-4b6d-bbbe-2c53accac235,,,,,,,,,,,,,,,,,,,,,,,,,Apis mellifera,,other:,oral: unspecified,,,mortality,,,,,,,,,0.05,other:,µg/piece,,,LD50,,,,,,,,,,,,cd57c85e-8d57-4bd9-88c5-771779f1925e,,,,,,,,,,,,,,,,,,,,
4089,4087,c6efdbda-feb6-48d0-8656-46dcb360f60e,ENDPOINT_STUDY_RECORD.ToxicityToBees,f13d4ba4-2fc1-41a6-b010-09768fe44fef,toxicity to bees: acute contact,,,a607c585-f5df-4037-a954-1b98a1bcfb9c,Species: Apis mellifera; Route: dermal,not specified,not specified,,,,f1f505cb-d58c-4659-b70d-d7a6cddf1706,,,,,,,,,,,,,,,,,,,,,,,,,Apis mellifera,,other:,dermal,,,,,,,,,,,>,100.0,other:,µg/piece,,,other:,dose level:,,,,,,,,,,,b98a3aa3-c7a1-4f7c-a35d-1f6a61a11f06,,,,,,,,,,,,,,,,,,,,
4090,4088,288dab50-2ba2-4ac9-ae09-462205ecd6fe,ENDPOINT_STUDY_RECORD.ToxicityToBees,1d4b107f-5abe-4373-852f-a7b56316506d,bee larval toxicity - chronic,,,5f799b33-7491-4195-8159-cc2d7115d0fd,Species: Apis mellifera; Route: oral; Exp. duration: 4.0 d,,,,,,,,,,,,,,,,,,d,4.0,,,,,,,,,,,,Apis mellifera,,oral,,,,not specified,,,test mat.,,Emery 1202 Pelargonic acid 92%,,,>,160.0,µg per larva,,,,ED50,,,,,,,,,,,,eb36c210-bbbc-46da-9596-315a025fe83b,,,,,,,,,,,,,,,,,,,,
4091,4089,3730fb0a-2058-4645-8df3-73bc203ef2c8,ENDPOINT_STUDY_RECORD.ToxicityToBees,310cd491-f711-4cc9-8a23-10cf92130c9c,toxicity to bees: chronic oral,,,d9042862-199f-4d74-9559-4c23b5c398c2,,not specified,not specified,,,,def652de-e9f0-4eb3-b7d5-13fcf78c2cf3,,,,,,,,,,,,d,10.0,,,,,,,,,,,,Apis mellifera,,oral,,,,not specified,,,,,,,,>,9.475,µg/bee per day,,,,other:,,10-d NOED,,,,,,,,,,3d1818dc-39e6-4688-80ae-04f8edac4cca,,,,,,,,,,,,,,,,,,,,
4092,4090,512b463e-b8fa-438a-9e13-fa435b44f15d,ENDPOINT_STUDY_RECORD.ToxicityToBees,3f0a27bd-484f-43df-8934-fb312d1f261e,toxicity to bees: acute oral,,,8b11331d-2cac-471b-83a4-0fabb00b5f86,Species: Apis mellifera; Route: oral: unspecified,not specified,not specified,,,,5a98473f-802f-4cdf-86f4-23f2f3950d61,,,,,,,,,,,,,,,,,,,Carfentrazone-ethyl formulation: Carfentrazone-ethyl 40 WG,,,,,,Apis mellifera,,other:,oral: unspecified,,,mortality,,,,,,,,>,81.0,other:,µg/piece,,,LD50,,,,,,,other:,,"Remarks: Oral toxicity, the effect level is based on the active substance",,,a3aed97a-1360-4486-b653-c824b23d916f,,,,,,,,,,,,,,,,,,,,
4093,4091,04a769a0-1681-4871-baa4-1e254cbd94ee,ENDPOINT_STUDY_RECORD.ToxicityToBees,546393ff-7f34-4ba6-afde-cc9ea3ffcfde,toxicity to bees: chronic oral,,,30badc6f-6374-4afc-af0a-91ae5b7cd254,Species: Apis mellifera; Route: oral; Exp. duration: 10.0 d,,,,,,,,,,,,,,,,,,d,10.0,,,,,,,,,,,,Apis mellifera,,oral,,,,mortality,,,act. ingr.,,,,,,0.71,µg/bee per day,,,,other:,LDD50,,,,,,,,,,,07921c5b-6289-4776-8b17-903e0a756764,,,,,,,,,,,,,,,,,,,,
4094,4092,ade327f7-9c1d-4394-996a-925f6e6a96c3,ENDPOINT_STUDY_RECORD.ToxicityToBees,f242b639-a39c-461e-b20c-575fd6114d96,toxicity to bees: chronic oral,,,32eff318-2e6a-4106-a237-f008999ad5dc,Species: Apis mellifera; Route: oral; Exp. duration: 10.0 d,,,,,,,,,,,,,,,,,,d,10.0,,,,,,,,,,,,Apis mellifera,,oral,,,,not specified,,,test mat.,,Abamectin 1.8% EC,,,,,µg/bee per day,,<,9.64e-05,other:,10-d NOEDD,,,,,,,,,,,025b137c-1503-44fc-b286-61a7958a8ca7,,,,,,,,,,,,,,,,,,,,
4095,4093,9d4bfe6f-a2d8-44ab-9945-c1434542506e,ENDPOINT_STUDY_RECORD.ToxicityToBees,0048d075-d1f9-4b12-b806-c0e845a6f424,toxicity to bees: acute oral,,,7bfe09b7-88f5-4ab5-b8d1-39f26f556d5a,Species: Apis mellifera; Route: oral: unspecified,not specified,not specified,,,,b75f355a-08db-4cb1-a272-279baa72a89e,,,,,,,,,,,,,,,,,,,Dust from formulation A9700B (dust contained 7.24% thiamethoxam),,,,,,Apis mellifera,,other:,oral: unspecified,,,mortality,,,,,,,,,0.00936,other:,µg/piece,,,LD50,,,,,,,other:,,Remarks: Acute oral toxicity,,,aa0d35dd-dc36-4c6d-a56e-b1c966bd32ae,,,,,,,,,,,,,,,,,,,,
4096,4094,bc6194fe-0120-43c8-87ee-4b5f0b02c7f7,ENDPOINT_STUDY_RECORD.ToxicityToBees,9fe24aa7-c52c-4999-af62-36273e9da4c2,bee larval toxicity - acute,,,813e79e4-a30b-4770-87d5-3ed9d76a6495,Species: Apis mellifera; Route: oral; Exp. duration: 1.0 d,,,,,,,,,,,,,,,,,,d,1.0,,,,,,,,,,,,Apis mellifera,,oral,,,,not specified,,,test mat.,,A7957E,,,,0.007,µg per larva,,,,NOED,,,,,,,other:,,Remarks: Single oral exposure,,,1b22998d-bc9f-433f-ae08-8c85a797fec8,,,,,,,,,,,,,,,,,,,,
4097,4095,141628f9-5c45-4844-8e5e-4e4e66b4e37a,ENDPOINT_STUDY_RECORD.ToxicityToBees,f758718a-efff-4eac-8d1a-fd8364854a86,toxicity to bees: acute contact,,,beb0f8ae-c638-468a-8840-cfeb99419d49,Species: Apis mellifera; Route: dermal,not specified,not specified,,,,8b4ca606-821c-44d2-a482-53f115877b71,,,,,,,,,,,,,,,,,,,,,,,,,Apis mellifera,,other:,dermal,,,mortality,,,,,,,,>,252.0,other:,µg/piece,,,LD50,,,,,,,other:,,Remarks: Acute contact toxicity,,,71924017-ae65-4618-b44c-dc9c4dcef00a,,,,,,,,,,,,,,,,,,,,
4098,4096,1d392857-23ae-4bc9-b26b-0d3da035d7de,ENDPOINT_STUDY_RECORD.ToxicityToBees,dcf6cefc-0999-47ea-a3a2-326d4c8370a7,toxicity to bees: chronic oral,,,51a94c22-175c-4440-8c49-79d4107d8f74,Species: Apis mellifera; Route: oral; Exp. duration: 10.0 d,not specified,not specified,,,,dfe16d07-91ee-4590-994b-bb52043a41da,,,,,,,,,,,,d,10.0,,,,,,,,,,,,Apis mellifera,,oral,,,,mortality,,,act. ingr.,,,,,,46.6,µg/bee per day,,,,other:,10-d LC50,,,,,,,,,,,ba2d8d23-c94a-45cd-b059-70295d32e43e,,,,,,,,,,,,,,,,,,,,
4099,4097,1d392857-23ae-4bc9-b26b-0d3da035d7de,ENDPOINT_STUDY_RECORD.ToxicityToBees,dcf6cefc-0999-47ea-a3a2-326d4c8370a7,toxicity to bees: chronic oral,,,baf69ebe-1a1c-4820-bd7e-e6f617f6dc7d,Species: Apis mellifera; Route: oral; Exp. duration: 10.0 d,not specified,not specified,,,,dfe16d07-91ee-4590-994b-bb52043a41da,,,,,,,,,,,,d,10.0,,,,,,,,,,,,Apis mellifera,,oral,,,,mortality,,,act. ingr.,,,,,,46.6,µg/bee per day,,,,other:,10-d LC50,,,,,,,,,,,ba2d8d23-c94a-45cd-b059-70295d32e43e,,,,,,,,,,,,,,,,,,,,
4100,4098,59d6981f-6003-4eb4-83c9-4fcf4da507c8,ENDPOINT_STUDY_RECORD.ToxicityToBees,4bfab2fa-379b-4887-9301-c84700b91445,toxicity to bees: acute oral,,,faebe646-e45a-4a5b-a62c-cc47e33f7ad8,Species: Apis mellifera; Route: oral: unspecified,not specified,not specified,,,,39444166-36b2-4e13-b9c8-e92699356779,,,,,,,,,,,,,,,,,,,,,,,,,Apis mellifera,,other:,oral: unspecified,,,mortality,,,,,,,,>,114.0,other:,µg/piece,,,LD50,,,,,,,other:,,Remarks: Acute oral toxicity,,,08e5f7ed-96fb-4300-b2a5-fba3bdf8a679,,,,,,,,,,,,,,,,,,,,
4101,4099,da5932a8-4060-4919-af30-a3c1e0ca187c,ENDPOINT_STUDY_RECORD.ToxicityToBees,0048d075-d1f9-4b12-b806-c0e845a6f424,bee larval toxicity - chronic,,,b82127ab-c237-4e40-9a37-839e212f61f7,Species: Apis mellifera; Route: oral; Exp. duration: 4.0 d,yes,yes,OECD Guidance Document No 239 (Guidance Document on Honey Bee Larval Toxicity Test following Repeated Exposure),,equivalent or similar to guideline,cb8f4d66-66c8-43c8-a6fe-4742968e0a0f,,,,,,,,,,,,d,4.0,,,,,,,,,,,,Apis mellifera,,oral,,,,mortality,,,act. ingr.,,,,,,0.0217,µg per larva per developmental period,,,,other:,NOEL,,,,,,other:,,Remarks: data collected from appendix F of opinion 1378 https://doi.org/10.2903/sp.efsa.2018.EN-1378,,,16e99e7c-f1b9-4878-b44a-d7c4583bb576,,,,,,,,,,,,,,,,,,,,
4102,4100,1ade8e0d-4973-428f-b24f-17ed12824e8b,ENDPOINT_STUDY_RECORD.ToxicityToBees,b3f75b33-0dcf-468b-9a4a-958ca6370b8b,toxicity to bees: acute contact,,,c11867b7-39ed-4654-a744-f490b4fcf2eb,Species: Apis mellifera; Route: dermal,not specified,not specified,,,,f649489d-1578-4baa-bf12-9c169a35efa9,,,,,,,,,,,,,,,,,,,,,,,,,Apis mellifera,,other:,dermal,,,mortality,,,,,,,,>,76.6,other:,µg/piece,,,LD50,,,,,,,other:,,Remarks: Acute contact toxicity test,,,d1b29c55-3946-4093-85d8-ea2a1a48fca2,,,,,,,,,,,,,,,,,,,,
4103,4101,715a39ac-533d-4711-b298-55af5c463d11,ENDPOINT_STUDY_RECORD.ToxicityToBees,279bbcec-cb84-4f4b-b4fa-86abd64c6240,toxicity to bees: acute oral,,,317a7bf0-b2ac-4c6b-8dc3-8b1806c0ad62,Species: Apis mellifera; Route: oral: unspecified,not specified,not specified,,,,4db1de52-71cc-4a32-a339-5ba80d9dea6d,,,,,,,,,,,,,,,,,,,,,,,,,Apis mellifera,,other:,oral: unspecified,,,mortality,,,,,,,,,40.0,other:,µg/piece,,,LD50,,,,,,,,,,,,9a795b0b-e265-46b5-a283-9b333fc88a25,,,,,,,,,,,,,,,,,,,,
4104,4102,b531efcf-7a0d-4e19-b1ae-688f553b7916,ENDPOINT_STUDY_RECORD.ToxicityToBees,05489ccd-ed38-421e-81d5-955bf06c56a1,toxicity to bees: acute oral,,,6bf2dfdb-8f20-4dd9-963f-0454a5b8a4f0,Species: Apis mellifera; Route: oral: unspecified,not specified,not specified,,,,66d83230-d846-4fb6-be17-09ae9b62fb3b,,,,,,,,,,,,,,,,,,,,,,,,,Apis mellifera,,other:,oral: unspecified,,,mortality,,,,,,,,>,100.0,other:,µg/piece,,,LD50,,,,,,,,,,,,0a0d1665-e471-4aeb-89ad-dfc1ba0caa87,,,,,,,,,,,,,,,,,,,,
4105,4103,d3c22a74-bcaa-4f14-af0b-d5e52b34ddf6,ENDPOINT_STUDY_RECORD.ToxicityToBees,9cae35df-6df6-42da-b294-dfed40c4858b,toxicity to bees: chronic oral,,,5ae37bf5-a18c-4d9c-8903-1ba4a211eebd,Species: Apis mellifera; Route: oral; Exp. duration: 10.0 d,,,,,,,,,,,,,,,,,,d,10.0,,,,,,,,,,,,Apis mellifera,,oral,,,,not specified,,,act. ingr.,,,,,,47.6,µg/bee per day,,,,NOED,,,,,,,,,,,,a6e91072-a3db-45d4-8139-0fdcb8bb316c,,,,,,,,,,,,,,,,,,,,
4106,4104,b24f1c80-57e0-4411-ab7f-dc0365f561a1,ENDPOINT_STUDY_RECORD.ToxicityToBees,bb690a66-8a05-434f-9492-b64714abdd5a,toxicity to bees: acute oral,,,317a7bf0-b2ac-4c6b-8dc3-8b1806c0ad62,Species: Apis mellifera; Route: oral: unspecified,not specified,not specified,,,,0e65d90f-52a5-494d-9356-24ca7db596c5,,,,,,,,,,,,,,,,,,,,,,,,,Apis mellifera,,other:,oral: unspecified,,,mortality,,,,,,,,>,116.0,other:,µg/piece,,,LD50,,,,,,,,,,,,51efd07b-fcf9-429b-b43e-921927eff34c,,,,,,,,,,,,,,,,,,,,
4107,4105,be7e8a7c-2df6-45f1-8053-7702db395a17,ENDPOINT_STUDY_RECORD.ToxicityToBees,c9b73210-215f-4d69-937a-be618f4f2f58,"toxicity to bees, other",,,c7b3cc39-1d26-4753-840a-0a4fbeef3467,Species: Apis mellifera; Route: inhalation; Exp. duration: 1.0 h,not specified,not specified,,,,c5838c04-261d-4360-9615-9b50caf3f34f,,,,,,,,,,,,h,1.0,,,,,,,,,,,,Apis mellifera,,other:,inhalation,,,mortality,,,,,,,,>,12.2,other:,,,,other:,LC50,,,,,,other:,,Remarks: Oral and contact exposure has been considered negligible according to the representative GAP.,,,74837876-08a2-4571-be86-fc901d5c401b,,,,,,,,,,,,,,,,,,,,
4108,4106,40c5fbc5-ac1d-480c-a911-1c584e63764c,ENDPOINT_STUDY_RECORD.ToxicityToBees,2f0b6cdf-113b-4f27-b1f7-c28927ac46ff,toxicity to bees: acute oral,,,679a730d-6ac5-4273-a821-4fb979dcb2e6,,not specified,not specified,,,,990186d8-77af-46a7-932c-f8cec4c9bcb0,,,,,,,,,,,,,,,,,,,UNIX 75 WG,,,,,,Apis mellifera,,oral,,,,mortality,,,act. ingr.,,,,,>,108.2,µg/bee,,,,LD50,,,,,,,,,,,,001d120d-983f-4f0d-be85-9088154e30b6,,,,,,,,,,,,,,,,,,,,
4109,4107,22010173-89c3-47f2-94b4-d7e9d6c80714,ENDPOINT_STUDY_RECORD.ToxicityToBees,71d5518c-a9b0-4a80-9d2f-07c90e859671,toxicity to bees: acute oral,,,fd5fca87-f785-49ea-9c9d-da1db973dcf7,Limit test: yes; Species: Apis mellifera; Route: oral: unspecified; Exp. duration: 48.0 h,yes,no,"OECD Guideline 213 (Honeybees, Acute Oral Toxicity Test)",,according to guideline,8045010e-21f4-4562-988c-5b958d4f2cd6,,,,,yes,,,,,,,h,48.0,,,,,,,,,,,,Apis mellifera,,other:,oral: unspecified,,,mortality,,,,,,,,>,120.0,other:,µg/piece,,,LD50,,,,,,,other:,,Remarks: oral toxicity,,,45292ce6-32a4-4590-ae62-63def46f8666,,,,,,,,,,,,,,,,,,,,
4110,4108,952eb1e0-c7ec-498d-add5-cebd5e13a7df,ENDPOINT_STUDY_RECORD.ToxicityToBees,627542aa-9f35-4e7d-bfa9-2e600ae57c64,toxicity to bees: acute oral,,,359b9288-fb5a-450d-9a8b-1d988327074f,Limit test: yes; Species: Apis mellifera; Route: oral: unspecified; Exp. duration: 48.0 h,yes,no,"OECD Guideline 213 (Honeybees, Acute Oral Toxicity Test)",,according to guideline,3ce08964-9e2b-4df5-80f9-a9499df9fd6f,,,,,yes,,,,,,,h,48.0,,,,,,,,,,,,Apis mellifera,,other:,oral: unspecified,,,mortality,,,,,,,,>,100.0,other:,µg/piece,,,LD50,,,,,,,other:,,Remarks: Acute oral and contact toxicity. Guidelines: 1) OECD Guideline 213; 2) OECD Guideline 214.,,,dbb008c7-2476-4aa9-92d3-155eb6e4e487,,,,,,,,,,,,,,,,,,,,
4111,4109,78e17257-ffad-44a9-818f-4c8df9b10111,ENDPOINT_STUDY_RECORD.ToxicityToBees,5c1f3944-e27a-42de-814b-a1b5c1c8b5b0,toxicity to bees: acute oral,,,823981c9-f045-4bf5-ab7f-ee2ea788b609,Species: Apis mellifera; Route: oral: unspecified,not specified,not specified,,,,8970c01e-5d40-4fc9-ae8b-2cd1f1441d89,,,,,,,,,,,,,,,,,,,,,,,,,Apis mellifera,,other:,oral: unspecified,,,mortality,,,,,,,,>,100.0,other:,µg/piece,,,LD50,,,,,,,other:,,Remarks: Acute oral and contact toxicity,,,bcccc0e8-2fbd-4584-82f8-77dd1c637f23,,,,,,,,,,,,,,,,,,,,
4112,4110,fa6452ac-e603-40fe-9488-21947c541194,ENDPOINT_STUDY_RECORD.ToxicityToBees,72256cbc-952e-49ec-9a0f-1cbc25f58ef3,toxicity to bees: acute contact,,,550b701c-9ee8-435d-99b3-202b35988fa6,Species: Apis mellifera; Route: dermal,not specified,not specified,,,,441d0afc-a6bb-4a8a-b4df-1a2395bca8a1,,,,,,,,,,,,,,,,,,,,,,,,,Apis mellifera,,other:,dermal,,,mortality,,,,,,,,>,100.0,other:,µg/piece,,,LD50,,,,,,,other:,,Remarks: Acute contact toxicity,,,021a839f-b7c2-4e31-8d42-9392f8d232f8,,,,,,,,,,,,,,,,,,,,
4113,4111,3ec74f07-589b-4a4d-b228-2ba76029ed31,ENDPOINT_STUDY_RECORD.ToxicityToBees,67d0d158-626f-4785-b24b-3cd89bebfe28,toxicity to bees: chronic oral,,,b416a7b4-b84b-4559-b6a9-c875ca1ae1d9,Species: Apis mellifera; Route: oral; Exp. duration: 10.0 d,,,,,,,,,,,,,,,,,,d,10.0,,,,,,,,,,,,Apis mellifera,,oral,,,,mortality,,,test mat.,,Laguna 75 WG,,,>,143.5,µg/bee per day,,,,other:,LDD50,,,,,,,,,,,83c367ae-233a-4f16-b582-9597c52a8b91,,,,,,,,,,,,,,,,,,,,
4114,4112,525e5da9-7dd7-470a-a2c6-9a08ea487c8e,ENDPOINT_STUDY_RECORD.ToxicityToBees,acee2690-568d-4050-9aae-cf3467956a0c,toxicity to bees: acute oral,,,66a7a3b3-eca2-4839-bb1b-9b24e965fb0d,Species: Apis mellifera; Route: oral: unspecified,not specified,not specified,,,,39e7452d-cdde-4eba-b589-0ccca25e6695,,,,,,,,,,,,,,,,,,,Bromoxynil- octanoate EC 327.5 G,,,,,,Apis mellifera,,other:,oral: unspecified,,,mortality,,,,,,,,>,65.5,other:,µg/piece,,,LD50,,,,,,,,,,,,a50ac365-75ca-4e54-9be9-616d76ff7778,,,,,,,,,,,,,,,,,,,,
4115,4113,858c0f46-3208-4f5b-8aa4-5e66b68a6194,ENDPOINT_STUDY_RECORD.ToxicityToBees,0048d075-d1f9-4b12-b806-c0e845a6f424,toxicity to bees: acute contact,,,b82127ab-c237-4e40-9a37-839e212f61f7,Species: Apis mellifera; Route: dermal,not specified,not specified,,,,49dc9bdc-2592-4c38-8029-e6b6a04a94f1,,,,,,,,,,,,,,,,,,,,,,,,,Apis mellifera,,other:,dermal,,,mortality,,,,,,,,,0.0121,other:,µg/piece,,,LD50,,,,,,,,,,,,c0946d34-d22c-4936-85d3-00f2505f7029,,,,,,,,,,,,,,,,,,,,
4116,4114,89ce6b24-d9a1-40cf-876e-7ec8074cef75,ENDPOINT_STUDY_RECORD.ToxicityToBees,ef3431e8-8925-4d86-8f91-f4cea6192659,toxicity to bees: acute oral,,,cd6b1bdf-e02a-4e7f-a1d7-ee1ffdb77fbf,,not specified,not specified,,,,07432ff9-4498-4c1c-9be7-69273565dfd3,,,,,,,,,,,,h,72.0,,,,,,,,,,,,Apis mellifera,,oral,,,,mortality,,,,,,h,72.0,>,85.0,µg/bee,,,,LD50,,,,,,,,,,,,eda93168-fa59-4c23-8329-0bb5b5b198d2,,,,,,,,,,,,,,,,,,,,
4117,4115,9ef70c69-40e0-4aea-a53e-04a6725c4d98,ENDPOINT_STUDY_RECORD.ToxicityToBees,0ea3181a-97ba-4452-a328-7c835aacdba1,toxicity to bees: acute oral,,,e3d40140-6955-44a9-9491-5f62b312a81c,Species: Apis mellifera; Route: oral: unspecified; Exp. duration: 48.0 h,not specified,not specified,,,,09da936d-fcce-48ca-8986-874fb60a5712,,,,,,,,,,,,h,48.0,,,,,,ATTRIBUT SG70,,,,,,Apis mellifera,,other:,oral: unspecified,,,mortality,,,,,,,,>,109.5,other:,µg/piece,,,LD50,,,,,,,,,,,,defbc8b0-dc7a-4284-97a8-991dcb0d2956,,,,,,,,,,,,,,,,,,,,
4118,4116,967d5782-6f85-4228-8bb3-bea700334496,ENDPOINT_STUDY_RECORD.ToxicityToBees,787941e1-7ebd-4a3c-a3d5-748af40a1934,bee larval toxicity - chronic,,,3969a60b-66a6-43f0-8ea9-56850b5b3d27,Species: Apis mellifera; Route: oral,,,,,,,,,,,,,,,,,,,,,,,,,,,,,,,Apis mellifera,,oral,,,,not specified,,,test mat.,,SL-160 25% WG,,,>,37.5,other:,mg/L,,,other:,NOEC,,,,,,other:,,Remarks: corresponding to concentration of mesosulfuron-methyl present in the spray tank with a standard water volume of 400 l/ha.,,,4716a3e2-ed6b-4640-8b09-4a703032474e,,,,,,,,,,,,,,,,,,,,
4119,4117,790b7735-be96-436c-b0f9-6e9e449bc55e,ENDPOINT_STUDY_RECORD.ToxicityToBees,4104338f-ade3-4caa-9a0b-aa7f59b2f674,toxicity to bees: chronic oral,,,9176d8c7-c354-4973-9f66-6d42a4332198,Species: Apis mellifera; Route: oral; Exp. duration: 10.0 d,,,,,,,,,,,,,,,,,,d,10.0,,,,,,,,,,,,Apis mellifera,,oral,,,,mortality,,,test mat.,,Dimethenamid-P (BAS 656 H),,,,0.693,other:,g/kg diet,,,other:,10-d LC50,,,,,,,,,,,e9d5b5bd-c566-4b55-9f65-e4d1e76920d9,,,,,,,,,,,,,,,,,,,,
4120,4118,63f2dcf4-4ead-434e-9156-ec6b506725e9,ENDPOINT_STUDY_RECORD.ToxicityToBees,25cab7b6-759b-4df2-8750-2536c3fb6a65,bee larval toxicity - acute,,,78d7f5cb-5e45-4c3e-aa7d-acad607bac48,Species: Apis mellifera; Route: oral; Exp. duration: 1.0 d,,,,,,,,,,,,,,,,,,d,1.0,,,,,,,,,,,,Apis mellifera,,oral,,,,mortality,,,act. ingr.,,,,,,0.547,µg per larva,,,,other:,72-h LD50,,,,,,,,,,,bb50bed5-ac95-4f0b-907b-1646247d89c6,,,,,,,,,,,,,,,,,,,,
4121,4119,16db148c-e167-4f5c-b643-4bdd0319b3a9,ENDPOINT_STUDY_RECORD.ToxicityToBees,63fcf6f0-63b8-4e9d-9adf-0d5b4cf1fb23,toxicity to bees: acute oral,,,02058005-44cc-4998-be22-f11fb5a625b7,Species: Apis mellifera; Route: oral: unspecified; Exp. duration: 48.0 h,not specified,not specified,,,,4c141760-0ea4-4bd7-8df7-1b6c75aa7afa,,,,,,,,,,,,h,48.0,,,,,,,,,,,,Apis mellifera,,other:,oral: unspecified,,,mortality,,,,,,,,,0.24,other:,µg/piece,,,LD50,,,,,,,other:,,Remarks: Acute oral toxicity,,,82222fa5-6405-409b-ba3c-42afb3c8dc39,,,,,,,,,,,,,,,,,,,,
4122,4120,06e97437-fae4-410d-a5fe-79ae8e97197e,ENDPOINT_STUDY_RECORD.ToxicityToBees,39606eeb-dc29-4fde-8801-7e48ca446553,bee larval toxicity - chronic,,,0385b1cf-b075-4264-bf84-9f4c574ff75c,Species: Apis mellifera; Route: oral; Exp. duration: 3.0 d,,,,,,,,,,,,,,,,,,d,3.0,,,,,,,,,,,,Apis mellifera,,oral,,,,not specified,,,act. ingr.,,,,,,0.00528,µg per larva per developmental period,,,,other:,NOEL,,,,,,other:,,Remarks: Endpoint defined as provisional. Endpoint determined at 7 days but only 3 day exposure during the study. Endpoint is the highest dose tested. Endpoint is based on nominal amount of food offered to the larvae.,,,573c4730-6922-405b-8bf6-a54aa8384b9a,,,,,,,,,,,,,,,,,,,,
4123,4121,9394b08a-9240-4f69-8dc4-d4b8fd71438b,ENDPOINT_STUDY_RECORD.ToxicityToBees,8b55cf2f-e5f9-4e7d-91b7-c919f3e7842b,toxicity to bees: acute oral,,,e550a071-7e63-4c7e-99a7-fa90bfa96abf,Species: Apis mellifera; Route: oral: unspecified,not specified,not specified,,,,585fb487-2e89-42be-843b-32432b2b5cac,,,,,,,,,,,,,,,,,,,,,,,,,Apis mellifera,,other:,oral: unspecified,,,mortality,,,,,,,,>,106.8,other:,µg/piece,,,LD50,,,,,,,,,,,,65964247-1b3b-44c4-940b-8438dd27b5a8,,,,,,,,,,,,,,,,,,,,
4124,4122,c0d72ebf-d91d-4cf2-a43c-c76b0b1b2486,ENDPOINT_STUDY_RECORD.ToxicityToBees,0b946696-7252-4ee0-b75f-2b3367534f88,toxicity to bees: acute contact,,,59a8521c-03f6-4298-b59e-228f05cd592c,Species: Apis mellifera; Route: dermal,not specified,not specified,,,,b4fe5920-bf9c-4445-b193-60585b17c412,,,,,,,,,,,,,,,,,,,,,,,,,Apis mellifera,,other:,dermal,,,mortality,,,,,,,,,161.7,other:,µg/piece,,,LD50,,,,,,,,,,,,d3a59901-d82d-4635-8592-6ebaba0d6466,,,,,,,,,,,,,,,,,,,,
4125,4123,c24d706d-0efd-4056-b62a-1b4ede5dd030,ENDPOINT_STUDY_RECORD.ToxicityToBees,ce91c86d-78f8-4301-8505-b6e024998880,toxicity to bees: acute oral,,,c776af5e-597a-4e5d-a762-90a9c48dbb86,Species: Apis mellifera; Route: oral: unspecified,not specified,not specified,,,,c6698a8e-ff4b-4e27-a474-fd6bc56c4ffa,,,,,,,,,,,,,,,,,,,,,,,,,Apis mellifera,,other:,oral: unspecified,,,mortality,,,,,,,,>,123.7,other:,µg/piece,,,LD50,,,,,,,,,,,,adfa3412-8c0f-4953-bbba-1d1ef84a5d5c,,,,,,,,,,,,,,,,,,,,
4126,4124,1061f7fe-717d-43d2-81fa-7d2dc9faf31f,ENDPOINT_STUDY_RECORD.ToxicityToBees,16f48b4b-6e04-4ca1-a477-d7b66f9db6c2,toxicity to bees: acute contact,,,c1a4569d-c094-4a89-9a05-a7cc068ad844,Species: Apis mellifera; Route: dermal; Exp. duration: 48.0 h,not specified,not specified,,,,65035944-d7c5-4af7-904c-394a5d67f557,,,,,,,,,,,,h,48.0,,,,,,,,,,,,Apis mellifera,,other:,dermal,,,mortality,,,,,,,,>,100.0,other:,µg/piece,,,LD50,,,,,,,other:,,Remarks: Acute contact toxicity,,,bf488a46-7b00-4d26-bb86-1ae0e5c72c46,,,,,,,,,,,,,,,,,,,,
4127,4125,8d8c8533-791b-42da-80fa-b2203fea508f,ENDPOINT_STUDY_RECORD.ToxicityToBees,9d1f1740-8671-48b8-aaa8-bff11a23d00f,toxicity to bees: acute contact,,,ebfe2cbc-0dbb-468c-8549-acf9fc903009,Species: Apis mellifera; Route: dermal,not specified,not specified,,,,a7281237-05ea-46e7-a67d-08ea6a4d7e52,,,,,,,,,,,,,,,,,,,DIMILIN WG 80,,,,,,Apis mellifera,,other:,dermal,,,mortality,,,,,,,,,0.05,other:,µg/piece,,,LD50,,,,,,,other:,Larvae mortality,Remarks: Acute contact toxicity test. Literature data 0.05 micrograms/larvae,,,f586ee20-041a-49e5-b79d-e13b80179f66,,,,,,,,,,,,,,,,,,,,
4128,4126,deab41d6-822f-4bfd-9ffb-c73745a7f7c2,ENDPOINT_STUDY_RECORD.ToxicityToBees,099c95a8-b2aa-40e5-88c7-e4edd312c2ac,toxicity to bees: acute oral,,,9854f98a-6db5-4c7c-ac35-48ceed09c5d1,Limit test: no; Species: Apis mellifera; Route: oral: unspecified; Exp. duration: 48.0 h,yes,no,"OECD Guideline 213 (Honeybees, Acute Oral Toxicity Test)",,according to guideline,e1b86c96-a44e-4d1f-88e5-6132b3698c8e,,,,,no,,,,,,,h,48.0,,,,,,,,,,,,Apis mellifera,,other:,oral: unspecified,,,mortality,,,,,,,,>,200.0,other:,µg/piece,,,LD50,,,,,,,other:,,"Remarks: oral and contact toxicity. Guidelines: OECD Guideline 2014 (Honeybees, Acute Oral Toxicity Test) and OECD Guideline 214 (Honeybees, Acute Contact Toxicity Test).",,,2d71d1ba-1ee9-4ed4-bb35-8abe325be086,,,,,,,,,,,,,,,,,,,,
4129,4127,0ae596a7-7d4c-45e8-a6c9-88b09b57ec07,ENDPOINT_STUDY_RECORD.ToxicityToBees,dcf6cefc-0999-47ea-a3a2-326d4c8370a7,bee larval toxicity - chronic,,,baf69ebe-1a1c-4820-bd7e-e6f617f6dc7d,Species: Apis mellifera; Route: oral,not specified,not specified,,,,27c6c1a7-f7cd-46c7-8f58-e91fc789cf40,,,,,,,,,,,,,,,,,,,,,,,,,Apis mellifera,,oral,,,,not specified,,,test mat.,,Dichlorprop-P K 600 SL,,,,83.4,µg per larva,,,,other:,8-d NOED,,,,,,,,,,,89f579ca-1029-40f9-9d79-b8235ba27c58,,,,,,,,,,,,,,,,,,,,
4130,4128,6a7d4a09-3101-41db-b9ba-9e56e5b840f0,ENDPOINT_STUDY_RECORD.ToxicityToBees,14d3260c-6269-4995-84d8-b89cdfe80e80,toxicity to bees: acute contact,,,b8eb41a3-793f-4d81-bff2-31883f8b97a9,Species: Apis mellifera; Route: dermal,not specified,not specified,,,,32819f8f-a563-465c-b9e1-a1483d62e54e,,,,,,,,,,,,,,,,,,,,,,,,,Apis mellifera,,other:,dermal,,,mortality,,,,,,,,>,100.0,other:,µg/piece,,,LD50,,,,,,,other:,,Remarks: Acute contact toxicity,,,6e9bd495-d908-4df2-88cf-19a757a56aa9,,,,,,,,,,,,,,,,,,,,
4131,4129,361f9925-cb7c-4fcf-89a6-6fec05fd3828,ENDPOINT_STUDY_RECORD.ToxicityToBees,e5109e34-8c32-409e-a7f4-87a52026cbbc,toxicity to bees: acute oral,,,0ce0bdb2-ca90-4e65-9ef4-c24b6b69f393,Species: Apis mellifera; Route: oral: unspecified,not specified,not specified,,,,23d4e5f5-91f4-4a39-95f5-b38318acdecd,,,,,,,,,,,,,,,,,,,"RH-117,281 2F a very similar formulation to Zoxium 240 SC.",,,,,,Apis mellifera,,other:,oral: unspecified,,,mortality,,,,,,,,>,33.0,other:,µg/piece,,,LD50,,,,,,,,,,,,e638b880-143a-4290-9b48-062faf86a5a9,,,,,,,,,,,,,,,,,,,,
4132,4130,fef74925-61c2-4469-a720-bb8b6dccaa35,ENDPOINT_STUDY_RECORD.ToxicityToBees,6df6c0f1-e93b-40a9-899d-1aa787006658,toxicity to bees: acute oral,,,ce166716-b1ec-484e-a17b-d89872dc1d5c,Species: Apis mellifera; Route: oral: unspecified; Exp. duration: 72.0 h,not specified,not specified,,,,8e367e86-891e-4263-8714-17ba9925d8b8,,,,,,,,,,,,h,72.0,,,,,,,,,,,,Apis mellifera,,other:,oral: unspecified,,,mortality,,,,,,,,>,70.0,other:,µg/piece,,,LD50,,,,,,,,,,,,0d3297d3-55ad-4a5e-a079-8547bf747472,,,,,,,,,,,,,,,,,,,,
4133,4131,2aa1acb7-029c-4037-b369-843b59e43aad,ENDPOINT_STUDY_RECORD.ToxicityToBees,f5d92059-bec2-48a7-9cc4-90e03d8b16a7,toxicity to bees: acute contact,,,80c80f71-4171-47a7-8b5a-ad127d170e74,Species: Apis mellifera; Route: dermal,not specified,not specified,,,,df3f9770-212b-4141-a22c-2b2218b15faf,,,,,,,,,,,,,,,,,,,,,,,,,Apis mellifera,,other:,dermal,,,mortality,,,,,,,,>,1000.0,other:,µg/piece,,,LD50,,,,,,,,,,,,3d553d14-a8ca-45ff-86e3-2b59eb9073e5,,,,,,,,,,,,,,,,,,,,
4134,4132,336b6044-07da-44cd-875b-0a3a97c18483,ENDPOINT_STUDY_RECORD.ToxicityToBees,d7f063ce-9c18-4e80-8f1c-f268054eca48,toxicity to bees: acute oral,,,3f3e31a3-5308-44d7-8810-e7d93e259383,Species: Apis mellifera; Route: oral: unspecified,not specified,not specified,,,,05ae45d7-b5bd-40a9-89c6-d6f83a17d56d,,,,,,,,,,,,,,,,,,,IKI-3106 50SL,,,,,,Apis mellifera,,other:,oral: unspecified,,,mortality,,,,,,,,,0.194,other:,µg/piece,,,LD50,,,,,,,,,,,,866a4cd8-6f0b-4ef0-bd39-052dc0a97736,,,,,,,,,,,,,,,,,,,,
4135,4133,a6480c32-9a04-4a98-a93e-3f2d9cc54dd3,ENDPOINT_STUDY_RECORD.ToxicityToBees,582536dd-ad5d-4ba2-8168-fe0687fc489a,toxicity to bees: chronic oral,,,2c11c2fe-3485-4206-af66-14c43994db7f,Species: Apis mellifera; Route: oral; Exp. duration: 10.0 d,,,,,,,,,,,,,,,,,,d,10.0,,,,,,,,,,,,Apis mellifera,,oral,,,,not specified,,,test mat.,,A7957E,,,,9.3,µg/bee per day,,,,other:,10-d NOED,,,,,,,,,,,8a766172-5a20-4152-ba07-0395e475a405,,,,,,,,,,,,,,,,,,,,
4136,4134,7042f438-fa50-45c5-851e-becbf0c2b95b,ENDPOINT_STUDY_RECORD.ToxicityToBees,303340a3-d8c9-41a7-a496-19fb76698cf6,toxicity to bees: chronic oral,,,b954ab02-e9eb-416b-8ea9-b4324174011b,Species: Apis mellifera; Route: oral; Exp. duration: 10.0 d,,,,,,,,,,,,,,,,,,d,10.0,,,,,,,,,,,,Apis mellifera,,oral,,,,mortality,,,test mat.,,Picoxystrobin 250 g/L SC,,,,52.0,µg/bee per day,,,,10-d LDD50,,,,,,,,,,,,3f39824a-426c-43d6-80c2-fe0e58c2dc22,,,,,,,,,,,,,,,,,,,,
4137,4135,2aad48a6-be0f-410f-b1ec-a348fe2c3176,ENDPOINT_STUDY_RECORD.ToxicityToBees,d1ab25b9-e065-4d45-98d6-b96c55dd1402,bee larval toxicity - chronic,,,5fb9a3f1-c8e5-4e61-aaa3-a449e65db1c7,Species: Apis mellifera; Route: oral,,,,,,,,,,,,,,,,,,,,,,,,,,,,,,,Apis mellifera,,oral,,,,mortality,,,act. ingr.,,TRICO,,,>,1724.0,µg per larva,,,,LD50,,,,,,,,,,,,66fb4f70-c0cb-4fa7-b212-900b3438fa2a,,,,,,,,,,,,,,,,,,,,
4138,4136,885b2cf6-42cd-4cba-a5ba-5566d1e76e89,ENDPOINT_STUDY_RECORD.ToxicityToBees,f242b639-a39c-461e-b20c-575fd6114d96,bee larval toxicity - chronic,,,32eff318-2e6a-4106-a237-f008999ad5dc,Species: Apis mellifera; Route: oral,,,,,,,,,,,,,,,,,,,,,,,,,,,,,,,Apis mellifera,,oral,,,,not specified,,,test mat.,,Captan 80 WG,,,,1.57e-05,µg per larva,,,,other:,8-d NOED,,,,,,,,,,,d5e11d44-0f7f-443f-907c-feddc38b0603,,,,,,,,,,,,,,,,,,,,
4139,4137,711ab9cc-79c5-4e55-92b9-0903674a1c14,ENDPOINT_STUDY_RECORD.ToxicityToBees,c9001681-a44f-4e80-b4bc-d7e1849e6dca,toxicity to bees: acute oral,,,6d475436-6bf1-4fc4-88b9-9808df67b9d6,Limit test: yes; Species: Apis mellifera; Route: oral: unspecified; Exp. duration: 48.0 h,yes,no,"OECD Guideline 213 (Honeybees, Acute Oral Toxicity Test)",,according to guideline,9e78f3b4-fab7-4df4-a4c2-49192f5e4faf,,,,,yes,,,,,,,h,48.0,,,,,,,,,,,,Apis mellifera,,other:,oral: unspecified,,,mortality,,,,,,,,>,25.4,other:,µg/piece,,,LD50,,,,,,,other:,,Remarks: Acute oral toxicity,,,31d7cc7a-5d3d-4cd7-b2e6-9a5ef4bb97c4,,,,,,,,,,,,,,,,,,,,
4140,4138,915288b8-085c-46fe-935a-8cf1e595f207,ENDPOINT_STUDY_RECORD.ToxicityToBees,7d44523d-cb1c-4707-aa2e-b186c5d466d0,toxicity to bees: acute contact,,,496f9933-0a21-4cd6-92b9-871f10adb43b,Species: Apis mellifera; Route: dermal,not specified,not specified,,,,63930936-a61e-4f75-9760-0153e2cfdc98,,,,,,,,,,,,,,,,,,,,,,,,,Apis mellifera,,other:,dermal,,,mortality,,,,,,,,,15.8,other:,µg/piece,,,LD50,,,,,,,other:,,Remarks: Acute contact toxicity,,,33139c3c-3dd3-4e60-9e50-5c8f9935daaa,,,,,,,,,,,,,,,,,,,,
4141,4139,9b0e9506-a210-401f-a7ac-0b446c52bc93,ENDPOINT_STUDY_RECORD.ToxicityToBees,c848e311-d40e-46c3-b367-712e8e8025b9,toxicity to bees: acute contact,,,f07121a6-f7f7-42ad-b647-45f83fe169ba,Species: Apis mellifera; Route: dermal; Exp. duration: 48.0 h,not specified,not specified,,,,7e971343-ecd7-4f13-86a6-223f9b912b04,,,,,,,,,,,,h,48.0,,,,,,,,,,,,Apis mellifera,,other:,dermal,,,mortality,,,,,,,,>,100.0,other:,µg/piece,,,LD50,,,,,,,other:,,Remarks: Acute contact toxicity test,,,7f75d9c5-f5e9-4ea0-8714-ebed33379ee5,,,,,,,,,,,,,,,,,,,,
4142,4140,8a0d3952-2fcc-49be-b05b-6e967cc0e369,ENDPOINT_STUDY_RECORD.ToxicityToBees,c5526177-ee58-4b70-acb6-c08e52258691,toxicity to bees: acute oral,,,66a7a3b3-eca2-4839-bb1b-9b24e965fb0d,Species: Apis mellifera; Route: oral: unspecified,not specified,not specified,,,,89d71ba9-341d-4cf2-a871-92afb89978dd,,,,,,,,,,,,,,,,,,,,,,,,,Apis mellifera,,other:,oral: unspecified,,,mortality,,,,,,,,,10.9,other:,µg/piece,,,LD50,,,,,,,,,,,,f1b458c2-c9e0-4720-a711-e664911e2888,,,,,,,,,,,,,,,,,,,,
4143,4141,4e615411-a585-410d-b2e1-27caac640d6d,ENDPOINT_STUDY_RECORD.ToxicityToBees,68473485-006d-439f-9995-b7b90fca0a43,toxicity to bees: acute oral,,,686a1aa3-e041-41a8-bdb0-f6b388b7137f,Species: Apis mellifera; Route: oral: unspecified,not specified,not specified,,,,31840913-df28-441a-bc91-22b0ff3d8554,,,,,,,,,,,,,,,,,,,"Preparation: ""A-12706 A"" 242 g/L tralkoxydim SC",,,,,,Apis mellifera,,other:,oral: unspecified,,,mortality,,,,,,,,>,117.0,other:,µg/piece,,,LD50,,,,,,,other:,,Remarks: Acute oral toxicity,,,d0b48828-12a6-4ade-9983-17110dd54aa2,,,,,,,,,,,,,,,,,,,,
4144,4142,42c5586a-59c6-4e01-ace4-9614c8956ac4,ENDPOINT_STUDY_RECORD.ToxicityToBees,e61b0486-a3fd-4334-ba37-9e357b5cb4cd,toxicity to bees: chronic oral,,,24ac8bf5-3311-4e54-85f6-a106da80eae5,Species: Apis mellifera; Route: oral; Exp. duration: 10.0 d,,,,,,,,,,,,,,,,,,d,10.0,,,,,,,,,,,,Apis mellifera,,oral,,,,mortality,,,act. ingr.,,,,,ca.,200.0,µg/bee per day,,,,LD50,,,,,,,,,,,,42bdd22e-44e1-42b4-b3fa-6aa5ac84c867,,,,,,,,,,,,,,,,,,,,
4145,4143,cabc1001-0d71-464e-93da-55cf02c291f6,ENDPOINT_STUDY_RECORD.ToxicityToBees,908ec381-fba6-4dba-9acf-ebf2942a265b,toxicity to bees: acute oral,,,5b8492c1-aec8-4feb-bb63-069277db34c9,Species: Apis mellifera; Route: oral: unspecified; Exp. duration: 48.0 h,not specified,not specified,,,,a2cfa1c9-1761-4282-b5f7-8f226afba5a5,,,,,,,,,,,,h,48.0,,,,,,,,,,,,Apis mellifera,,other:,oral: unspecified,,,mortality,,,,,,,,>,100.0,other:,µg/piece,,,LD50,,,,,,,other:,,Remarks: Acute oral and contact toxicity,,,591a3771-0313-4c06-bea9-2839b3e11410,,,,,,,,,,,,,,,,,,,,
4146,4144,7ac11a1f-18b9-4f5f-9044-de4b67b46b2a,ENDPOINT_STUDY_RECORD.ToxicityToBees,310cd491-f711-4cc9-8a23-10cf92130c9c,toxicity to bees: acute contact,,,d9042862-199f-4d74-9559-4c23b5c398c2,,not specified,not specified,,,,e55f707e-87ce-47ae-9e74-2f63168f5f42,,,,,,,,,,,,,,,,,,,,,,,,,Apis mellifera,,other:,dermal,,,mortality,,,,,,,,>,100.0,µg/bee,,,,LD50,,,,,,,,,,,,f7600ed8-a033-4046-930f-610a53afc12b,,,,,,,,,,,,,,,,,,,,
4147,4145,7184216d-278a-49b9-a58e-5b5717212ad2,ENDPOINT_STUDY_RECORD.ToxicityToBees,546393ff-7f34-4ba6-afde-cc9ea3ffcfde,toxicity to bees: acute oral,,,30badc6f-6374-4afc-af0a-91ae5b7cd254,Species: Apis mellifera; Route: oral: unspecified,not specified,not specified,,,,a9ea7531-99b9-4ff5-aba1-ceb4515f1112,,,,,,,,,,,,,,,,,,,,,,,,,Apis mellifera,,other:,oral: unspecified,,,mortality,,,,,,,,>,303.0,other:,µg/piece,,,LD50,,,,,,,,,,,,6771c091-8fb4-4488-93a5-de72df3104b4,,,,,,,,,,,,,,,,,,,,
4148,4146,e98afc87-649b-4777-8f4b-4c619c9506c9,ENDPOINT_STUDY_RECORD.ToxicityToBees,0ef03897-f7a9-4220-a3e1-fe23227851d7,toxicity to bees: acute contact,,,b2916965-57b2-4b99-9c4a-0a2b0ae35bd2,Species: Apis mellifera; Route: dermal,not specified,not specified,,,,75a38504-508b-4bb3-8527-0abf17464964,,,,,,,,,,,,,,,,,,,,,,,,,Apis mellifera,,other:,dermal,,,mortality,,,,,,,,>,100.0,other:,µg/piece,,,LD50,,,,,,,,,,,,c308e24a-9e9a-478a-9732-d6bfe833d2dd,,,,,,,,,,,,,,,,,,,,
4149,4147,53ed7a90-fa24-463d-a375-87e50b7f31f2,ENDPOINT_STUDY_RECORD.ToxicityToBees,effff3e8-beb0-463f-859c-26e6956f8f90,bee larval toxicity - chronic,,,e605927c-9032-4b62-999e-3aa19e768014,Species: Apis mellifera; Route: oral; Exp. duration: 5.0 d,,,,,,,,,,,,,,,,,,d,5.0,,,,,,,,,,,,Apis mellifera,,oral,,,,mortality,,,test mat.,,Rapeseed oil formulation (NEU 1161 I),,,>,2614.0,mg/kg diet,,,,other:,8-d LC10,,,,,,,,,,,55c8ac57-203b-4452-beca-e87c2c1671e6,,,,,,,,,,,,,,,,,,,,
4150,4148,ddd2234d-1e93-4730-b889-8a842f6d18a0,ENDPOINT_STUDY_RECORD.ToxicityToBees,9b0a515e-2fc8-4a91-b2cd-b90014194b17,toxicity to bees: acute contact,,,1b9f7791-e3a1-49e7-810a-4f759f33fad9,Species: Apis mellifera; Route: dermal,not specified,not specified,,,,6a551aa4-4dc9-4f94-ab35-4a5fa197a26f,,,,,,,,,,,,,,,,,,,,,,,,,Apis mellifera,,other:,dermal,,,mortality,,,,,,,,,0.06,other:,µg/piece,,,LD50,,,,,,,other:,,Remarks: Acute contact toxicity,,,34ddc1e4-225b-42be-93c9-74bc4a123222,,,,,,,,,,,,,,,,,,,,
4151,4149,17a8c676-f68b-478d-9e72-f84ddb46d2fa,ENDPOINT_STUDY_RECORD.ToxicityToBees,ebaf4d01-665e-4d51-85e6-d7ab83e21d59,toxicity to bees: acute oral,,,855d4abc-8b94-44d9-83a3-9f280554cde8,Species: Apis mellifera; Route: oral: unspecified,not specified,not specified,,,,908a5e72-7043-4b9b-8e6a-bfa523d51946,,,,,,,,,,,,,,,,,,,,,,,,,Apis mellifera,,other:,oral: unspecified,,,mortality,,,,,,,,>,110.71,other:,µg/piece,,,LD50,,,,,,,other:,,Remarks: Acute oral toxicity,,,5c8522cb-66c0-4e39-98d6-814bd2f6c1c4,,,,,,,,,,,,,,,,,,,,
4152,4150,852a3452-41fc-4ae3-aeaa-f87ddf455e28,ENDPOINT_STUDY_RECORD.ToxicityToBees,5d1907a1-6bea-40e1-8512-bd798a9b4fca,toxicity to bees: acute oral,,,d9208219-9dd1-4ead-bfb0-78397aec1a9b,Species: Apis mellifera; Route: oral: unspecified,not specified,not specified,,,,2209c924-274d-41d3-9cd1-ddcd3a324e69,,,,,,,,,,,,,,,,,,,,,,,,,Apis mellifera,,other:,oral: unspecified,,,mortality,,,,,,,,,0.0037,other:,µg/piece,,,LD50,,,,,,,other:,,Remarks: Acute oral toxicity,,,95530fd5-6530-4e72-8381-443474cd6c78,,,,,,,,,,,,,,,,,,,,
4153,4151,20d75b71-b277-4e35-9a7b-ca38ee317ad9,ENDPOINT_STUDY_RECORD.ToxicityToBees,099360ff-5a25-479c-ad51-4809c86e18f9,toxicity to bees: chronic oral,,,cef55dc4-34fd-4da9-b241-ee7e49954600,,not specified,not specified,,,,d2191c24-35d3-47e7-8073-58e27364566a,,,,,,,,,,,,,,,,,,,BAS-550-01f,,,,,,Apis mellifera,,oral,,,,not specified,,,act. ingr.,,,d,10.0,>=,273.3,µg/bee per day,,,,other:,10-d NOEC,,,,,,,,,,,8e370f5f-a538-42e0-807e-af3286c35c10,,,,,,,,,,,,,,,,,,,,
4154,4152,a9499d89-83df-4d5e-ba9c-e22a21c3f94c,ENDPOINT_STUDY_RECORD.ToxicityToBees,a6a28341-9b01-4f83-a4f5-68bfc496b9c3,toxicity to bees: chronic oral,,,c7386d72-bae3-4f1a-9a32-fe2bcc81977f,Species: Apis mellifera; Route: oral; Exp. duration: 10.0 d,,,,,,,,,,,,,,,,,,d,10.0,,,,,,,,,,,,Apis mellifera,,oral,,,,not specified,,,act. ingr.,,,,,,1600.0,other:,mg/kg feed,,,other:,NOEC,,,,,,,,,,,dbb15c36-56a6-4aa8-a458-69738f9422e1,,,,,,,,,,,,,,,,,,,,
4155,4153,3c11314c-7908-4f65-ac53-b7aaf24fe3d3,ENDPOINT_STUDY_RECORD.ToxicityToBees,cc090eb5-1e43-4b88-bee8-c2cec4c2ab72,toxicity to bees: acute contact,,,b44312a3-716f-43ad-826a-f51b3b18bae9,Species: Apis mellifera; Route: dermal,not specified,not specified,,,,8ac731ca-a3a1-4167-866e-32070b96d5f6,,,,,,,,,,,,,,,,,,,,,,,,,Apis mellifera,,other:,dermal,,,mortality,,,,,,,,>,20.1,other:,µg/piece,,,LD50,,,,,,,other:,,Remarks: Acute contact toxicity; Source: SHA,,,1ef24116-1c26-42d5-9b3a-b706f5ecd6d5,,,,,,,,,,,,,,,,,,,,
4156,4154,3073081b-49d0-47bf-8e04-93c7cf232352,ENDPOINT_STUDY_RECORD.ToxicityToBees,1bad7e6b-867e-46ca-824c-f6839141b71d,toxicity to bees: acute oral,,,ac84074d-5eda-4176-9a36-40e5d3339825,Species: Apis mellifera; Route: oral: unspecified,not specified,not specified,,,,3856e63c-d345-456f-9111-83bec042b450,,,,,,,,,,,,,,,,,,,,,,,,,Apis mellifera,,other:,oral: unspecified,,,mortality,,,,,,,,,0.2,other:,µg/piece,,,LD50,,,,,,,,,,,,993e1db2-0fec-4b0c-8d0d-caa64850ed92,,,,,,,,,,,,,,,,,,,,
4157,4155,96756baa-209e-434a-a3c9-f51a9e460b50,ENDPOINT_STUDY_RECORD.ToxicityToBees,74793209-5072-4fb4-80fe-fe3911753d75,toxicity to bees: chronic oral,,,29b15275-4ac6-4f91-aacc-70c97f38f012,,not specified,not specified,,,,7faa6a1b-8831-400a-8635-7b8b2f50a583,,,,,,,,,,,,,,,,,,,,,,,,,Apis mellifera,,oral,,,,mortality,,,,,,,,,50.0,µg/bee per day,,,,10-d LDD50,,,,,,,,,,,,0494262d-0138-428c-a017-eb5083225e92,,,,,,,,,,,,,,,,,,,,
4158,4156,acbf1ad2-5898-4e95-b4fd-865eb9ec517b,ENDPOINT_STUDY_RECORD.ToxicityToBees,c4cf1153-630b-41d3-bcef-31774b0657db,toxicity to bees: chronic oral,,,31bdc495-c4ba-45d1-9a5f-d08b83743c15,Species: Apis mellifera; Route: oral; Exp. duration: 10.0 d,,,,,,,,,,,,,,,,,,d,10.0,,,,,,,,,,,,Apis mellifera,,oral,,,,mortality,,,act. ingr.,,,,,,4.4,µg/bee per day,,,,LD50,,,,,,,,,,,,c15f3cba-cb6d-4434-a701-04777f632ef5,,,,,,,,,,,,,,,,,,,,
4159,4157,4fce0c76-2ea2-4b4c-9ce9-8ed7a375dbab,ENDPOINT_STUDY_RECORD.ToxicityToBees,3f0a27bd-484f-43df-8934-fb312d1f261e,bee larval toxicity - chronic,,,8b11331d-2cac-471b-83a4-0fabb00b5f86,Species: Apis mellifera; Route: oral,,,,,,,,,,,,,,,,,,,,,,,,,,,,,,,Apis mellifera,,oral,,,,mortality,,,act. ingr.,,,,,,5.0,µg per larva,,,,LOED,,,,,,,other:,,Remarks: the mortality of larvae was significantly higher than in the control in all concentration tested (5 to 280 Î¼g a.s./larva),,,86ea55eb-b50e-4e07-9bcd-f21e6c0dc125,,,,,,,,,,,,,,,,,,,,
4160,4158,97ae8a5a-f3b4-4df9-8f19-2c9f3eca068e,ENDPOINT_STUDY_RECORD.ToxicityToBees,b6dd2ebb-bf7c-4554-8671-267246f3ff00,toxicity to bees: acute contact,,,b36abe2c-1048-496a-b8bb-20e11b802a9d,Species: Apis mellifera; Route: dermal; Exp. duration: 48.0 h,not specified,not specified,,,,f62ce577-bc47-45ad-96fa-72f52e99ae82,,,,,,,,,,,,h,48.0,,,,,,,,,,,,Apis mellifera,,other:,dermal,,,mortality,,,,,,,,>,200.0,other:,µg/piece,,,LD50,,,,,,,other:,,Remarks: Acute contact toxicity test,,,2577aa43-18dc-4790-abe7-118c2494022d,,,,,,,,,,,,,,,,,,,,
4161,4159,333f40b2-7c62-45a4-a2f8-8295bbb5e9f3,ENDPOINT_STUDY_RECORD.ToxicityToBees,189d6bc4-f24b-42f6-94bb-bf02aef51d70,toxicity to bees: acute oral,,,a2d7652d-b5c8-423a-935b-936d1212b8d4,,not specified,not specified,,,,a53587dd-047b-41e4-900c-7e7f83972cec,,,,,,,,,,,,,,,,,,,AF-701,,,,,,Apis mellifera,,other:,oral: unspecified,,,mortality,,,act. ingr.,,,,,>,1.5,µg/bee,,,,LD50,,,,,,,,,,,,6fdc9f28-b75d-42b2-bfd0-c494b71f1615,,,,,,,,,,,,,,,,,,,,
4162,4160,d7d99a7a-7094-49a0-b1ac-6e782d8c916a,ENDPOINT_STUDY_RECORD.ToxicityToBees,a30b4eb7-d115-4e63-8313-11f79be848f7,toxicity to bees: chronic oral,,,cd3e62d7-0067-438d-8ffb-9dff2838d2ce,Species: Apis mellifera; Route: oral; Exp. duration: 10.0 d,,,,,,,,,,,,,,,,,,d,10.0,,,,,,,,,,,,Apis mellifera,,oral,,,,mortality,,,test mat.,,Callisto 100 SC (A12739A),,,,9.2,µg/bee per day,,,,LD10,,,,,,,,,,,,c6c3f4eb-cd2e-4b0f-a656-c67dcbd1de64,,,,,,,,,,,,,,,,,,,,
4163,4161,1f5098d7-3a12-4eb1-a680-8eb9fd6e6c79,ENDPOINT_STUDY_RECORD.ToxicityToBees,d623907c-1a06-4e18-8023-8402679a6c3a,toxicity to bees: acute oral,,,15bd7085-b1de-4362-919c-d1af5b418f85,Limit test: no; Species: Apis mellifera; Route: oral: unspecified; Exp. duration: 48.0 h,yes,not specified,,,,61b336e9-91c8-4eaa-bcf8-89e1df94c9d1,,,,,no,,,,,,,h,48.0,,,,,,,,,,,,Apis mellifera,,other:,oral: unspecified,,,mortality,,,,,,,,>,95.6,other:,µg/piece,,,LD50,,,,,,,other:,,Remarks: Acute oral toxicity,,,92f6237a-0ef4-4142-90f6-1b9685194912,,,,,,,,,,,,,,,,,,,,
4164,4162,55d74f18-cbaf-4451-a7bb-d15de93efaa1,ENDPOINT_STUDY_RECORD.ToxicityToBees,f758718a-efff-4eac-8d1a-fd8364854a86,toxicity to bees: acute oral,,,beb0f8ae-c638-468a-8840-cfeb99419d49,Species: Apis mellifera; Route: oral: unspecified,not specified,not specified,,,,7bd2df48-8537-4732-ba68-9b02b5503d76,,,,,,,,,,,,,,,,,,,,,,,,,Apis mellifera,,other:,oral: unspecified,,,mortality,,,,,,,,>,290.0,other:,µg/piece,,,LD50,,,,,,,other:,,Remarks: Acute oral toxicity,,,c3333dcd-368f-40b0-aaad-298ab2414576,,,,,,,,,,,,,,,,,,,,
4165,4163,6381a89c-d871-478c-b692-f2189335cbc7,ENDPOINT_STUDY_RECORD.ToxicityToBees,cc2d6dbe-2852-4c14-972e-233dd411728f,toxicity to bees: chronic oral,,,3cc8bf75-8a53-4b0e-8386-4dbbc1d17cc6,,not specified,not specified,,,,601caef8-e864-443d-a205-53437543f7d3,,,,,,,,,,,,d,10.0,,,,,,,,,,,,Apis mellifera,,oral,,,,mortality,,,,,,,,,28.4,µg/bee per day,,,,10-d LDD50,,,,,,,,,,,,ea81498f-e5fe-4440-80a1-15c518d021c3,,,,,,,,,,,,,,,,,,,,
4166,4164,6381a89c-d871-478c-b692-f2189335cbc7,ENDPOINT_STUDY_RECORD.ToxicityToBees,cc2d6dbe-2852-4c14-972e-233dd411728f,toxicity to bees: chronic oral,,,3cc8bf75-8a53-4b0e-8386-4dbbc1d17cc6,,not specified,not specified,,,,601caef8-e864-443d-a205-53437543f7d3,,,,,,,,,,,,d,10.0,,,,,,,,,,,,Apis mellifera,,oral,,,,mortality,,,,,,,,,1749.0,mg/kg diet,,,,other:,LC50,,,,,,,,,,,6186cd64-f4e1-4aa4-9cb3-c581d9e7f06a,,,,,,,,,,,,,,,,,,,,
4167,4165,9cc63a78-2585-4aed-a116-6a5964ba74bf,ENDPOINT_STUDY_RECORD.ToxicityToBees,310cd491-f711-4cc9-8a23-10cf92130c9c,toxicity to bees: acute oral,,,d9042862-199f-4d74-9559-4c23b5c398c2,,not specified,not specified,,,,2df10f05-5162-4a3f-9d5c-ecc4853f8c6a,,,,,,,,,,,,,,,,,,,,,,,,,Apis mellifera,,other:,oral: unspecified,,,mortality,,,,,,,,>,100.0,µg/bee,,,,LD50,,,,,,,,,,,,fec5cd74-c67a-410b-9d43-d4acb832cdf8,,,,,,,,,,,,,,,,,,,,
4168,4166,f902131f-f59b-4390-915e-7b01eb10e46a,ENDPOINT_STUDY_RECORD.ToxicityToBees,cbee2c77-8e6b-455f-ac78-5ddcbc625483,toxicity to bees: acute oral,,,66a7a3b3-eca2-4839-bb1b-9b24e965fb0d,Species: Apis mellifera; Route: oral: unspecified,not specified,not specified,,,,0b0c2aff-b33c-487d-904f-767a032d62d5,,,,,,,,,,,,,,,,,,,CA2239,,,,,,Apis mellifera,,other:,oral: unspecified,,,mortality,,,,,,,,,76.4,other:,µg/piece,,,LD50,,,,,,,,,,,,3f73d3f0-5f1a-441c-adcf-81f6d8d4f370,,,,,,,,,,,,,,,,,,,,
4169,4167,6c7f1fbe-ea7c-480e-b28d-fd64ab2135ac,ENDPOINT_STUDY_RECORD.ToxicityToBees,6df6c0f1-e93b-40a9-899d-1aa787006658,bee larval toxicity - chronic,,,ce166716-b1ec-484e-a17b-d89872dc1d5c,Species: Apis mellifera; Route: oral; Exp. duration: 4.0 d,,,,,,,,,,,,,,,,,,d,4.0,,,,,,,,,,,,Apis mellifera,,oral,,,,behavioural abnormalities,,,test mat.,,IMS+MPR OD 400,,,,10.0,other:,g/ha,,,other:,NOEC,,,,,,,,,,,2feee1d8-3388-4b44-96a4-a381f8f69fed,,,,,,,,,,,,,,,,,,,,
4170,4168,297ebb59-f1bf-48ed-a1b3-0b74c4bc9933,ENDPOINT_STUDY_RECORD.ToxicityToBees,87889576-4fa8-4117-a5cf-861c249d60f2,toxicity to bees: acute oral,,,4a08111c-c4dc-424e-8e9d-f0f217606fca,,not specified,not specified,,,,9d7e22b4-2875-4439-92db-fa1826a178a6,,,,,,,,,,,,,,,,,,,Lenacil 500 g/L SC,,,,,,Apis mellifera,,other:,oral: unspecified,,,mortality,,,act. ingr.,,,,,>,110.0,µg/bee,,,,LD50,,,,,,,,,,,,5edc364d-9d19-4d25-aedb-ba6489f5b88c,,,,,,,,,,,,,,,,,,,,
4171,4169,fe418d9b-b180-491c-aaa9-08ba13b55ea0,ENDPOINT_STUDY_RECORD.ToxicityToBees,482c0108-ff32-4e64-948e-9ec7d7a6a4ca,"toxicity to bees: sublethal effects (reproduction, homing flight activity)",,,dbe7b197-9a8b-4353-8be1-ec6a707c0e16,,not specified,not specified,,,,7a67e1e1-8731-4f55-8b2c-f88736a7dd59,,,,,,,,,,,,,,,,,,,,,,,,,Apis mellifera,,oral,,,,other:,,hypopharyngeal glands,,,,,,>=,2500.0,mg/kg diet,,,,other:,,NOEC,,,,nominal,other:,,"Standardised and validated test guidelines covering the HPG development topic were neither available at the time of study performance, nor are they available at present. The endpoint should therefore be considered only as a preliminary result.",,,6d7d83dc-7751-46f9-af6f-544c9c3be133,,,,,,,,,,,,,,,,,,,,
4172,4170,70786139-9458-41da-905a-89fb2c08c3a8,ENDPOINT_STUDY_RECORD.ToxicityToBees,961ee044-9060-407a-bffe-f77b14bc6d0a,toxicity to bees: acute oral,,,270f7df8-e6a0-4719-b86f-b6c50ac37bd6,Limit test: no; Species: Apis mellifera; Route: oral: unspecified; Exp. duration: 48.0 h,yes,no,"OECD Guideline 213 (Honeybees, Acute Oral Toxicity Test)",,according to guideline,7959a34f-5b12-4db8-ad30-ec38470ea666,,,,,no,,,,,,,h,48.0,,,,,,,,,,,,Apis mellifera,,other:,oral: unspecified,,,mortality,,,,,,,,>,101.06,other:,µg/piece,,,LD50,,,,,,,other:,,Remarks: Acute oral toxicity,,,3603ac6e-f880-40d0-9436-10af3f4dfe8a,,,,,,,,,,,,,,,,,,,,
4173,4171,2d8396eb-7f25-48fe-933a-a9467a3bcf70,ENDPOINT_STUDY_RECORD.ToxicityToBees,0a010242-e5d5-42bb-9a5d-8608f221e51c,toxicity to bees: acute contact,,,54434595-c62f-46b5-b75c-4d5512bb65bd,Species: Apis mellifera; Route: dermal,not specified,not specified,,,,3d27b2d5-5984-476b-b949-51a9b8b49987,,,,,,,,,,,,,,,,,,,,,,,,,Apis mellifera,,other:,dermal,,,mortality,,,,,,,,>,100.0,other:,µg/piece,,,LD50,,,,,,,,,,,,21b77da0-90c7-4970-8c88-e1117817117c,,,,,,,,,,,,,,,,,,,,
4174,4172,deb1c767-760a-49a5-a16a-32abf396be2d,ENDPOINT_STUDY_RECORD.ToxicityToBees,8a324526-c0d0-469d-ba10-0b5497f0576d,bee larval toxicity - chronic,,,6cf05df4-0708-4f15-86a1-90ceece89270,Species: Apis mellifera; Route: oral,,,,,,,,,,,,,,,,,,,,,,,,,,,,,,,Apis mellifera,,oral,,,,mortality,,,test mat.,,Cypermethrin 500 EC,,,,12.5,µg per larva,,,,LD10,,,,,,,,,,,,b6e3ba92-e224-4f5f-9a4d-6c46cb8c5963,,,,,,,,,,,,,,,,,,,,
4175,4173,f656e348-dd75-4ad0-9f01-4a26b35d11f7,ENDPOINT_STUDY_RECORD.ToxicityToBees,482c0108-ff32-4e64-948e-9ec7d7a6a4ca,bee larval toxicity - chronic,,,dbe7b197-9a8b-4353-8be1-ec6a707c0e16,,not specified,not specified,,,,16dc59b5-36f0-4f17-ba30-079bcceaa922,,,,,,,,,,,,d,4.0,,,,,,,,,,,,Apis mellifera,,oral,,,,brood development,,,,,,,,,122.5,µg per larva per developmental period,,,,NOED,,,,larva,,,,,,,,841f5aec-c15e-4286-9ed0-36b34782cd74,,,,,,,,,,,,,,,,,,,,
4176,4174,371f173c-0887-40bb-b4a7-2ae7fa5f3a9b,ENDPOINT_STUDY_RECORD.ToxicityToBees,952c623f-e486-4356-b16d-fb050a570bd1,toxicity to bees: acute oral,,,b782d9de-dda8-4afe-9afe-f2e747c36f9d,Species: Apis mellifera; Route: oral: unspecified; Exp. duration: 48.0 h,yes,no,"OECD Guideline 213 (Honeybees, Acute Oral Toxicity Test)",,according to guideline,a242e29d-d99e-4f99-a77b-ff7b287f3431,,,,,,,,,,,,h,48.0,,,,,,,,,,,,Apis mellifera,,other:,oral: unspecified,,,mortality,,,,,,,,,12.6,other:,µg/piece,,,LD50,,,,,,,other:,,Remarks: Acute oral toxicity test,,,193147c3-7d5a-474a-afff-5fb0bcf76b0b,,,,,,,,,,,,,,,,,,,,
4177,4175,5c8d2d0f-4283-44fa-9742-54c24ad8fbc9,ENDPOINT_STUDY_RECORD.ToxicityToBees,2c768256-dd97-47a0-b1c0-5af9ff342323,toxicity to bees: acute oral,,,7fc23f66-c25a-473b-b0b4-6b784d0de953,,not specified,not specified,,,,2c8104fd-6d8a-42f3-83e0-9ab376f081ae,,,,,,,,,,,,,,,,,,,Amidosulfuron WG 75,,,,,,Apis mellifera,,other:,oral: unspecified,,,mortality,,,act. ingr.,,,,,>,106.6,µg/bee,,,,LD50,,,,,,,,,,,,2ee44b4e-3b57-43f6-89a8-bacb76636696,,,,,,,,,,,,,,,,,,,,
4178,4176,95126091-79e5-4271-aadb-3580bb261f8b,ENDPOINT_STUDY_RECORD.ToxicityToBees,ce4bbdca-6245-4364-ab4e-2ed58ece4357,toxicity to bees: acute contact,,,3714ce9a-6bf2-4d1c-8823-616fb1a72587,Species: Apis mellifera; Route: dermal,not specified,not specified,,,,bcb3d99a-acfc-41f5-8157-ab5c7154221a,,,,,,,,,,,,,,,,,,,Cyazofamid formulation: IKF-916 160SC-N,,,,,,Apis mellifera,,other:,dermal,,,mortality,,,,,,,,,9.52,other:,µg/piece,,,LD50,,,,,,,other:,,Remarks: Contact toxicity. The effect level is based on cyazofamid,,,e9b46747-9803-4e4a-8156-4eabf167a0bc,,,,,,,,,,,,,,,,,,,,
4179,4177,18499a65-b557-4ba2-9f69-dc7c5d6ee06d,ENDPOINT_STUDY_RECORD.ToxicityToBees,92bdd8c6-9a65-466a-8a18-f0d0402366d1,bee larval toxicity - acute,,,45903607-8622-41bd-8659-737512b5ba4d,Species: Apis mellifera; Route: oral; Exp. duration: 1.0 d,,,,,,,,,,,,,,,,,,d,1.0,,,,,,,,,,,,Apis mellifera,,oral,,,,not specified,,,test mat.,,Picoxystrobin 250 g/L SC,,,,12.8,µg per larva,,,,NOED,,,,,,,,,,,,367e6045-cf73-4720-a62c-0cfbb929203a,,,,,,,,,,,,,,,,,,,,
4180,4178,4de1837f-2bc0-4b5d-8750-33a4ed07bedc,ENDPOINT_STUDY_RECORD.ToxicityToBees,e61b0486-a3fd-4334-ba37-9e357b5cb4cd,toxicity to bees: acute contact,,,24ac8bf5-3311-4e54-85f6-a106da80eae5,Species: Apis mellifera; Route: dermal,not specified,not specified,,,,70dcb4e2-7a1b-4ef1-8eca-0e55b10bc50d,,,,,,,,,,,,,,,,,,,Flazasulfuron formulation: SL-160 25% WG,,,,,,Apis mellifera,,other:,dermal,,,mortality,,,,,,,,>,25.9,other:,µg/piece,,,LD50,,,,,,,other:,,"Remarks: Contact toxicity, the effect level is based on the active substance",,,8e6217f7-c6be-4b3a-9755-f615e38e783c,,,,,,,,,,,,,,,,,,,,
4181,4179,81add7cc-44a6-47e2-98eb-c9c9e51e679a,ENDPOINT_STUDY_RECORD.ToxicityToBees,582536dd-ad5d-4ba2-8168-fe0687fc489a,toxicity to bees: acute contact,,,49143d9b-6f67-4a90-a62c-f3f89eedd7ea,Species: Apis mellifera; Route: dermal,not specified,not specified,,,,e7c55315-1bdd-46f4-aef2-9776cfaba144,,,,,,,,,,,,,,,,,,,,,,,,,Apis mellifera,,other:,dermal,,,mortality,,,,,,,,>,100.0,other:,µg/piece,,,LD50,,,,,,,,,,,,f33a35d1-f0a8-4175-913f-d3ddbdb28025,,,,,,,,,,,,,,,,,,,,
4182,4180,5b275258-3fe4-46ce-9412-c8163814bc20,ENDPOINT_STUDY_RECORD.ToxicityToBees,0048d075-d1f9-4b12-b806-c0e845a6f424,toxicity to bees: acute contact,,,7bfe09b7-88f5-4ab5-b8d1-39f26f556d5a,Species: Apis mellifera; Route: dermal,not specified,not specified,,,,630eb4f7-c349-490b-92e4-406c5b7c1d9c,,,,,,,,,,,,,,,,,,,,,,,,,Apis mellifera,,other:,dermal,,,mortality,,,,,,,,,0.024,other:,µg/piece,,,LD50,,,,,,,other:,,Remarks: Acute contact toxicity; Reference: European Commission (2006),,,68bd533a-f405-4437-8438-ae18836a73ad,,,,,,,,,,,,,,,,,,,,
4183,4181,3ca82f2d-b99a-473a-93c8-8324816657f5,ENDPOINT_STUDY_RECORD.ToxicityToBees,e8c33f31-a3ca-461c-8fe0-5f5327dd7024,toxicity to bees: acute oral,,,d583c198-bd43-4e72-aa18-0cfdd616d060,Species: Apis mellifera; Route: oral: unspecified; Exp. duration: 48.0 h,not specified,not specified,,,,a96af623-bf79-4a11-94e8-6bda25b2e5f5,,,,,,,,,,,,h,48.0,,,,,,Formulation: Pyriproxyfen 10EC,,,,,,Apis mellifera,,other:,oral: unspecified,,,mortality,,,,,,,,,74.0,other:,µg/piece,,,LD50,,,,,,,other:,,Remarks: Acute oral toxicity,,,a65a5dcc-9f6d-4627-b3ca-e75b2827ddf9,,,,,,,,,,,,,,,,,,,,
4184,4182,de33540e-5a55-47a0-af30-4ed2408a6927,ENDPOINT_STUDY_RECORD.ToxicityToBees,5d911ed2-7aad-4a3c-8780-e2ca116d03eb,bee larval toxicity - acute,,,e81510f6-0ef7-4c10-91d5-72011ec01edf,Species: Apis mellifera; Route: oral; Exp. duration: 1.0 d,,,,,,,,,,,,,,,,,,d,1.0,,,,,,,,,,,,Apis mellifera,,oral,,,,not specified,,,act. ingr.,,,,,,40.6,µg per larva,,,,other:,NOEL,,,,,,other:,,Remarks: 72h single dose,,,2ef07449-d0d1-421d-9385-fd1165e44609,,,,,,,,,,,,,,,,,,,,
4185,4183,f73428e8-5bfd-4e29-b8de-13a39ff5b4eb,ENDPOINT_STUDY_RECORD.ToxicityToBees,2c5327e6-d664-4de5-9e73-97ff3775d21f,toxicity to bees: acute contact,,,6344b6d2-703a-4159-92d5-1233bd28ecea,Species: Apis mellifera; Route: dermal,not specified,not specified,,,,82e03ba3-e530-4692-afe3-759e4521aa3a,,,,,,,,,,,,,,,,,,,Preparation A6097AF,,,,,,Apis mellifera,,other:,dermal,,,mortality,,,,,,,,,46.3,other:,µg/piece,,,LD50,,,,,,,,,,,,64a0a097-b227-48bc-b903-5c6b1ed0ddb8,,,,,,,,,,,,,,,,,,,,
4186,4184,88fea6b8-39cd-4408-94e1-c8558d9104d9,ENDPOINT_STUDY_RECORD.ToxicityToBees,bd325073-cd0b-484e-aa01-0c34f906bcce,toxicity to bees: acute contact,,,14b64ff3-e8fb-44f3-b3e0-2c8345507a1b,Limit test: no; Species: Apis mellifera; Route: dermal; Exp. duration: 48.0 h,yes,no,EPA OPP 141-1 (Honey Bee Acute Contact Toxicity),,according to guideline,47ab8d53-aab2-4161-a983-ee0fc603edfb,,,,,no,,,,,,,h,48.0,,,,,,,,,,,,Apis mellifera,,other:,dermal,,,mortality,,,,,,,,>,0.024,other:,µg/piece,,,LD50,,,,,,,other:,,Remarks: Acute contact toxicity,,,723a9b03-f758-45f5-a810-5870cd5253ed,,,,,,,,,,,,,,,,,,,,
4187,4185,8fa58bb6-24d1-4729-be0d-1ff37841b1fb,ENDPOINT_STUDY_RECORD.ToxicityToBees,5d911ed2-7aad-4a3c-8780-e2ca116d03eb,bee larval toxicity - chronic,,,e81510f6-0ef7-4c10-91d5-72011ec01edf,Species: Apis mellifera; Route: oral; Exp. duration: 5.0 d,,,,,,,,,,,,,,,,,,d,5.0,,,,,,,,,,,,Apis mellifera,,oral,,,,mortality,,,test mat.,,Tribenuron-methyl 75WG,,,,213.07,µg per larva per day,,,,LD10,,,,,,,,,,,,d31e4116-19bf-4e2d-ad7d-fce646bcb01d,,,,,,,,,,,,,,,,,,,,
4188,4186,13521f24-092c-49fb-9e47-2e7d3bcae014,ENDPOINT_STUDY_RECORD.ToxicityToBees,3f0a27bd-484f-43df-8934-fb312d1f261e,toxicity to bees: chronic oral,,,8b11331d-2cac-471b-83a4-0fabb00b5f86,Species: Apis mellifera; Route: oral; Exp. duration: 10.0 d,,,,,,,,,,,,,,,,,,d,10.0,,,,,,,,,,,,Apis mellifera,,oral,,,,mortality,,,test mat.,,Carfentrazone-ethyl 40 WG,,,,200.0,µg/bee per day,,,,NOED,,,,,,,,,,,,01f423d7-d0ac-4548-9207-55c0d69ded50,,,,,,,,,,,,,,,,,,,,
4189,4187,f1db9c62-07b8-485f-94a5-162ba8283086,ENDPOINT_STUDY_RECORD.ToxicityToBees,b19968fa-ec3e-4621-94b2-82f19ea68e50,toxicity to bees: acute oral,,,54d28161-efa0-4165-96ff-9d9eeb0cdc09,Limit test: no; Species: Apis mellifera; Route: oral: unspecified; Exp. duration: 48.0 h,yes,no,other:,OTHER GUIDELINE,according to guideline,af83b881-9acc-4470-83e7-2830247553f3,,,,,no,,,,,,,h,48.0,,,,,,,,,,,,Apis mellifera,,other:,oral: unspecified,,,mortality,,,,,,,,>,85.29,other:,µg/piece,,,LD50,,,,,,,other:,,"Remarks: Acute oral toxicity. Guideline: EPPO Guideline N.170, 1992",,,c4a59d53-94bc-4e4a-b656-6b3f96046b3e,,,,,,,,,,,,,,,,,,,,
4190,4188,5525ffd1-f62e-4388-a0f2-38b266a905c0,ENDPOINT_STUDY_RECORD.ToxicityToBees,099360ff-5a25-479c-ad51-4809c86e18f9,toxicity to bees: acute contact,,,cef55dc4-34fd-4da9-b241-ee7e49954600,,not specified,not specified,,,,bd1728b3-95e5-4b95-8f66-88d7d36270c2,,,,,,,,,,,,,,,,,,,BAS-550-02f,,,,,,Apis mellifera,,contact,,,,mortality,,,act. ingr.,,,,,,55.62,µg/bee,,,,LD50,,,,,,,,,,,,e0eb9366-7489-4836-a1b1-ef0ff80b13f5,,,,,,,,,,,,,,,,,,,,
4191,4189,6fc0578b-1f10-4af0-ad0e-b09f157f8f73,ENDPOINT_STUDY_RECORD.ToxicityToBees,abb35cee-1a99-494f-94c2-ca7606cc5684,toxicity to bees: acute contact,,,9d58722c-153d-4a6b-9830-a577bfb7e251,Species: Apis mellifera; Route: dermal; Exp. duration: 72.0 h,not specified,not specified,,,,cde038b4-4f47-4105-9f7a-f26379d16000,,,,,,,,,,,,h,72.0,,,,,,,,,,,,Apis mellifera,,other:,dermal,,,mortality,,,,,,,,,0.397,other:,µg/piece,,,LD50,,,,,,,,,,,,81db7686-aa55-403a-a2f2-0b34bfb3af99,,,,,,,,,,,,,,,,,,,,
4192,4190,da44d576-d359-4de3-ac30-86c5f78e8772,ENDPOINT_STUDY_RECORD.ToxicityToBees,ec4fd598-ee5c-430e-b1a0-12eba212590e,bee larval toxicity - chronic,,,c0d56cd0-1d67-4061-a8e9-1154c68e94b1,Species: Apis mellifera; Route: oral,,,,,,,,,,,,,,,,,,,,,,,,,,,,,,,Apis mellifera,,oral,,,,not specified,,,test mat.,,Fazor,,,,38.7,µg per larva,,,,other:,NOEC,,,,,,,,,,,0910c1b1-5683-4503-b28d-3e883b835606,,,,,,,,,,,,,,,,,,,,
4193,4191,52b13bd7-bc88-4750-ad8f-445433448032,ENDPOINT_STUDY_RECORD.ToxicityToBees,ed76b10b-d559-4c09-8321-ce6a07eb73c3,bee larval toxicity - acute,,,229b14b5-e1d1-43a1-b864-5ac17db099b5,Species: Apis mellifera; Route: oral; Exp. duration: 1.0 d,,,,,,,,,,,,,,,,,,d,1.0,,,,,,,,,,,,Apis mellifera,,oral,,,,not specified,,,test mat.,,IKF-916 160SC-N,,,,2.2,µg per larva per developmental period,,,,NOED,,,,,,,other:,,Remarks: Single oral exposure,,,518b3e3b-5f96-4d88-b46c-04f774fd5267,,,,,,,,,,,,,,,,,,,,
4194,4192,ac45536d-ab63-4bfc-96a4-accb24a6e300,ENDPOINT_STUDY_RECORD.ToxicityToBees,35ac6484-177e-4e27-ac06-06c53e972536,toxicity to bees: acute oral,,,f4e32aff-eb4d-4976-a036-0b6c5f8e64da,Species: Apis mellifera; Route: oral: unspecified; Exp. duration: 48.0 h,not specified,not specified,,,,824b6adc-7a40-4ffd-8ca9-6c2ab26f12ab,,,,,,,,,,,,h,48.0,,,,,,,,,,,,Apis mellifera,,other:,oral: unspecified,,,mortality,,,,,,,,>,199.0,other:,µg/piece,,,LD50,,,,,,,other:,,Remarks: Acute oral test,,,e59ab0e5-57fc-4397-b9c7-37c106594a2a,,,,,,,,,,,,,,,,,,,,
4195,4193,7f88c02a-bc91-4a88-b361-8deaf8e95a6a,ENDPOINT_STUDY_RECORD.ToxicityToBees,5d1907a1-6bea-40e1-8512-bd798a9b4fca,toxicity to bees: acute contact,,,d9208219-9dd1-4ead-bfb0-78397aec1a9b,Species: Apis mellifera; Route: dermal,not specified,not specified,,,,47d50900-8d32-4c56-b3e7-6878e4af4fab,,,,,,,,,,,,,,,,,,,,,,,,,Apis mellifera,,other:,dermal,,,mortality,,,,,,,,,,other:,µg/piece,<,2.5,other:,NOEC,,,,,,other:,,"Remarks: Acute contact toxicity. Note that the unit is nanograms/bee, not micrograms/bee.",,,90338600-e81a-4857-81a4-92ea26f3a876,,,,,,,,,,,,,,,,,,,,
4197,4195,e3987f39-70a1-4aff-b025-496156d9992e,ENDPOINT_STUDY_RECORD.ToxicityToBees,eb38c119-4413-4f04-89c8-c1c60028891f,toxicity to bees: acute oral,,,f38a908a-a363-4433-897f-2a13768bb046,Species: Apis mellifera; Route: oral: unspecified,not specified,not specified,,,,c6bbcbf9-4fb6-4752-bb3d-7a16f869ee6f,,,,,,,,,,,,,,,,,,,,,,,,,Apis mellifera,,other:,oral: unspecified,,,mortality,,,,,,,,>,40.0,other:,µg/piece,,,LD50,,,,,,,,,,,,f3dd0ddd-35ab-4608-9e04-14ef725db26f,,,,,,,,,,,,,,,,,,,,
4198,4196,cad6f22f-0e47-4e65-a036-712e22b485d0,ENDPOINT_STUDY_RECORD.ToxicityToBees,c5526177-ee58-4b70-acb6-c08e52258691,toxicity to bees: chronic oral,,,66a7a3b3-eca2-4839-bb1b-9b24e965fb0d,Species: Apis mellifera; Route: oral; Exp. duration: 10.0 d,,,,,,,,,,,,,,,,,,d,10.0,,,,,,,,,,,,Apis mellifera,,oral,,,,mortality,,,test mat.,,Mecoprop-P K 600,,,,14.5,µg/bee per day,,,,other:,LC50,,,,,,,,,,,dd97efd5-34aa-40ac-9f9f-0b3fb177aff4,,,,,,,,,,,,,,,,,,,,
4199,4197,2787f3bd-3ded-48dc-b693-bb75537c1577,ENDPOINT_STUDY_RECORD.ToxicityToBees,f26fd4d3-2a09-4acc-9144-8cc75e200882,toxicity to bees: acute oral,,,d95e6b5d-a516-4165-8e40-6d5fc470b9bd,Species: Apis mellifera; Route: oral: unspecified,not specified,not specified,,,,03e82218-b43f-4dae-9730-af150835a61a,,,,,,,,,,,,,,,,,,,,,,,,,Apis mellifera,,other:,oral: unspecified,,,mortality,,,,,,,,>,87.0,other:,µg/piece,,,LD50,,,,,,,other:,,Remarks: Acute oral toxicity,,,ae76797e-db4d-4759-a2e7-2b3d06942398,,,,,,,,,,,,,,,,,,,,
4200,4198,2787f3bd-3ded-48dc-b693-bb75537c1577,ENDPOINT_STUDY_RECORD.ToxicityToBees,f26fd4d3-2a09-4acc-9144-8cc75e200882,toxicity to bees: acute oral,,,219541b1-6379-47b8-9e9b-0dbee98618db,Species: Apis mellifera; Route: oral: unspecified,not specified,not specified,,,,03e82218-b43f-4dae-9730-af150835a61a,,,,,,,,,,,,,,,,,,,,,,,,,Apis mellifera,,other:,oral: unspecified,,,mortality,,,,,,,,>,87.0,other:,µg/piece,,,LD50,,,,,,,other:,,Remarks: Acute oral toxicity,,,ae76797e-db4d-4759-a2e7-2b3d06942398,,,,,,,,,,,,,,,,,,,,
4201,4199,05f33466-8801-4165-84df-7c13388af57f,ENDPOINT_STUDY_RECORD.ToxicityToBees,6466c4e7-7266-4cfb-a0e4-49334015b293,bee larval toxicity - acute,,,1202bb4f-384d-4bf3-abf8-c1ab58e73d11,Species: Apis mellifera; Route: oral; Exp. duration: 1.0 d,,,,,,,,,,,,,,,,,,d,1.0,,,,,,,,,,,,Apis mellifera,,oral,,,,not specified,,,act. ingr.,,,,,,1.0,µg per larva,,,,NOED,,,,,,,,,,,,e6bf2a7f-90f1-443c-a9ea-0344b736940f,,,,,,,,,,,,,,,,,,,,
4202,4200,7ebc6140-099d-4d5f-8e29-11ce45872e32,ENDPOINT_STUDY_RECORD.ToxicityToBees,5406d1aa-d5fa-4fa5-aace-93ba6898ed53,toxicity to bees: acute contact,,,cfb989d5-c466-4c26-ae37-28034346c8e4,Limit test: no; Species: Apis mellifera; Route: dermal; Exp. duration: 48.0 h,yes,no,other:,OTHER GUIDELINE,according to guideline,e80cb4de-8600-42dc-b4c2-54dc4811afc1,,,,,no,,,,,,,h,48.0,,,,,,,,,,,,Apis mellifera,,other:,dermal,,,mortality,,,,,,,,,0.18,other:,µg/piece,,,LD50,,,,,,,other:,,Remarks: Acute contact toxicity. Guideline: EPPO 170 (1992).,,,0a152cf2-6c24-40ab-adce-57834afe6acf,,,,,,,,,,,,,,,,,,,,
4203,4201,63a7218f-0fb1-4b08-ae3d-98af8a3b8392,ENDPOINT_STUDY_RECORD.ToxicityToBees,7716ef96-3b82-4943-a98c-b55249abc195,toxicity to bees: chronic oral,,,e76901cb-c767-4155-9e19-271cd8be8f9c,Species: Apis mellifera; Route: oral; Exp. duration: 10.0 d,,,,,,,,,,,,,,,,,,d,10.0,,,,,,,,,,,,Apis mellifera,,oral,,,,mortality,,,test mat.,,Callisto 100 SC (A12739A),,,,11.8,µg/bee per day,,,,other:,LD 20,,,,,,,,,,,c40905ef-a890-431b-8842-ec84fedf856f,,,,,,,,,,,,,,,,,,,,
4204,4202,6d8c813a-e656-4dad-a455-0376d64673a7,ENDPOINT_STUDY_RECORD.ToxicityToBees,c90ba9b5-38f7-4834-bd31-00c888d12a7a,toxicity to bees: acute oral,,,9f6173de-861d-45d3-a736-94cd746f905a,Limit test: no; Species: Apis mellifera; Route: oral: unspecified; Exp. duration: 48.0 h,yes,no,"OECD Guideline 213 (Honeybees, Acute Oral Toxicity Test)",,according to guideline,97545287-ab00-47b4-b354-47518d74f760,,,,,no,,,,,,,h,48.0,,,,,,,,,,,,Apis mellifera,,other:,oral: unspecified,,,mortality,,,,,,,,,0.16,other:,µg/piece,,,LD50,,,,,,,other:,,Remarks: Acute oral toxicity,,,d87f241d-f4a1-4114-a0ce-cbabce02c4f3,,,,,,,,,,,,,,,,,,,,
4205,4203,ba7f2d4d-a0f1-4c18-94c4-bf41f6cd8459,ENDPOINT_STUDY_RECORD.ToxicityToBees,387c5200-ff8d-4c2f-8d09-e811bcfe1ea1,toxicity to bees: acute contact,,,5ade5306-35f6-498e-bc10-aeb407448e21,Species: Apis mellifera; Route: dermal,not specified,not specified,,,,7ceeec60-3d89-41e2-8677-744fe8c20cc5,,,,,,,,,,,,,,,,,,,,,,,,,Apis mellifera,,other:,dermal,,,mortality,,,,,,,,,0.00593,other:,µg/piece,,,LD50,,,,,,,other:,,Remarks: Acute contact toxicity; EFSA 2006,,,bb85178d-fa37-4601-930d-39e5fa742919,,,,,,,,,,,,,,,,,,,,
4206,4204,49cdcbc2-bc45-4710-a1cd-82df8329d922,ENDPOINT_STUDY_RECORD.ToxicityToBees,648b19d6-c1b9-4285-b0cf-f764ccc56744,toxicity to bees: acute contact,,,3ff9fa7d-1766-42d5-b16d-c33b3dead3e4,Species: Apis mellifera; Route: dermal,not specified,not specified,,,,a610eefb-b848-44bd-97cc-a90d2f4fd809,,,,,,,,,,,,,,,,,,,,,,,,,Apis mellifera,,other:,dermal,,,mortality,,,,,,,,>,100.0,other:,µg/piece,,,LD50,,,,,,,other:,,Remarks: Acute contact toxicity,,,0fc25fab-5a28-4ee4-9ebf-8e8fa17b5ca7,,,,,,,,,,,,,,,,,,,,
4207,4205,dfacf2eb-8fe2-4beb-a2f7-c11dc57b3707,ENDPOINT_STUDY_RECORD.ToxicityToBees,25cab7b6-759b-4df2-8750-2536c3fb6a65,toxicity to bees: chronic oral,,,78d7f5cb-5e45-4c3e-aa7d-acad607bac48,Species: Apis mellifera; Route: oral; Exp. duration: 10.0 d,,,,,,,,,,,,,,,,,,d,10.0,,,,,,,,,,,,Apis mellifera,,oral,,,,mortality,,,act. ingr.,,,,,,0.0149,µg/bee per day,,,,LD50,,,,,,,,,,,,8c4013f9-4577-400b-b74a-7b0a3ecd5078,,,,,,,,,,,,,,,,,,,,
4208,4206,190b5887-b4b5-4e33-9dcd-0f67f2323292,ENDPOINT_STUDY_RECORD.ToxicityToBees,57bfc065-bcf9-45ca-b050-502871823b9c,toxicity to bees: acute oral,,,915207bb-35b8-42e2-812d-29d968d719b5,Limit test: no; Species: Apis mellifera; Route: oral: unspecified; Exp. duration: 48.0 h,yes,not specified,,,,4a71acf0-30d6-43e7-b38f-24d941a0a2cb,,,,,no,,,,,,,h,48.0,,,,,,,,,,,,Apis mellifera,,other:,oral: unspecified,,,mortality,,,,,,,,>,200.0,other:,µg/piece,,,LD50,,,,,,,other:,,Remarks: Acute contact and oral toxicity test,,,8e6b250b-acc1-41d9-b9ad-cf6ce821efc8,,,,,,,,,,,,,,,,,,,,
4209,4207,b63a5b8f-bea3-4367-8996-e2e64d040102,ENDPOINT_STUDY_RECORD.ToxicityToBees,279bbcec-cb84-4f4b-b4fa-86abd64c6240,toxicity to bees: acute contact,,,317a7bf0-b2ac-4c6b-8dc3-8b1806c0ad62,Species: Apis mellifera; Route: dermal,not specified,not specified,,,,f5eea3d1-3cc4-41ca-b95a-e80884955f4f,,,,,,,,,,,,,,,,,,,,,,,,,Apis mellifera,,other:,dermal,,,mortality,,,,,,,,>,23.5,other:,µg/piece,,,LD50,,,,,,,,,,,,5e999fca-9355-411e-a467-cfd8e20c7276,,,,,,,,,,,,,,,,,,,,
4210,4208,d301862f-5f45-4f2f-8c99-7fc536ba30c3,ENDPOINT_STUDY_RECORD.ToxicityToBees,405f9075-8fcb-4195-9d00-481bc9fdf3a7,toxicity to bees: acute contact,,,c8f65176-bc76-4a55-ae74-95ba93c9569f,,not specified,not specified,,,,c05c74d2-2771-40d6-a22d-0f95b18aaf56,,,,,,,,,,,,h,48.0,,,,,,,,,,,,Apis mellifera,,contact,,,,mortality,,,,,,h,48.0,>,98.5,µg/bee,,,,LD50,,,,,,,,,,,,b8e95b68-f135-40fa-a031-a7d6a959f3e3,,,,,,,,,,,,,,,,,,,,
4211,4209,ae9f9035-bd7b-4113-b02e-fa64601725b6,ENDPOINT_STUDY_RECORD.ToxicityToBees,08eb088f-b536-4391-a5e7-ed8bd9acb006,bee larval toxicity - chronic,,,8d4ce816-de35-44ce-a88a-4c015df0d39d,Species: Apis mellifera; Route: oral; Exp. duration: 96.0 h,,,,,,,,,,,,,,,,,,h,96.0,,,,,,,,,,,,Apis mellifera,,oral,,,,mortality,,,act. ingr.,,,,,,18.89,µg per larva per day,,,,other:,96-h LD50,,,,,,,,,,,823b07b0-2c2b-47e8-9bc4-8050a3bc174a,,,,,,,,,,,,,,,,,,,,
4212,4210,aceeb326-ad21-4f43-b7b2-b9a5a033a8f6,ENDPOINT_STUDY_RECORD.ToxicityToBees,5743bdfe-a08a-4f78-9090-bd4fe2cd2c87,toxicity to bees: acute contact,,,6c2f67b2-0fd0-4772-a100-3d2cbbb09c8e,Species: Apis mellifera; Route: dermal; Exp. duration: 48.0 h,yes,no,"OECD Guideline 214 (Honeybees, Acute Contact Toxicity Test)",,according to guideline,5605dde1-5381-4126-93d5-da84163b3d6e,,,,,,,,,,,,h,48.0,,,,,,Fenbuconazole (formulation) - Indar 5EC,,,,,,Apis mellifera,,other:,dermal,,,mortality,,,,,,,,>,5.5,other:,µg/piece,,,LD50,,,,,,,other:,,Remarks: Acute contact toxicity,,,99da8734-ceb3-4bb7-8e8c-423a4022c3d3,,,,,,,,,,,,,,,,,,,,
4213,4211,998692b0-addd-459f-bb40-055972056515,ENDPOINT_STUDY_RECORD.ToxicityToBees,89412511-353f-4846-9b32-f09057f28440,toxicity to bees: acute oral,,,317a7bf0-b2ac-4c6b-8dc3-8b1806c0ad62,Species: Apis mellifera; Route: oral: unspecified,not specified,not specified,,,,ce1f0322-d2a3-4322-9b5a-6a4827e5a128,,,,,,,,,,,,,,,,,,,,,,,,,Apis mellifera,,other:,oral: unspecified,,,mortality,,,,,,,,,49.0,other:,µg/piece,,,LD50,,,,,,,,,,,,594e8f78-7e61-4ff3-8fc1-b58d27bd7095,,,,,,,,,,,,,,,,,,,,
4214,4212,6c197906-2768-4f59-97aa-967c2f450b9c,ENDPOINT_STUDY_RECORD.ToxicityToBees,9d638cf3-d49e-45d6-8001-3f857347ccab,toxicity to bees: acute contact,,,ad4d3629-f841-4ac5-87b5-1075d7a5d435,Limit test: no; Species: Apis mellifera; Route: dermal; Exp. duration: 48.0 h,yes,yes,other:,OTHER GUIDELINE,according to guideline,fb553f85-ead8-4bb4-b27e-64d8b6027229,,,,,no,,,,,,,h,48.0,,,,,,,,,,,,Apis mellifera,,other:,dermal,,,mortality,,,,,,,,>,100.0,other:,µg/piece,,,LD50,,,,,,,other:,,"Remarks: Acute contact toxicity. Guideline: OEPP/EPPO n.170 - Bullettin 22,203-215 (1992)",,,55965e3f-b943-4025-bb93-60bcd1a26597,,,,,,,,,,,,,,,,,,,,
4215,4213,22b382e3-5221-4660-80be-04a08c59c6f8,ENDPOINT_STUDY_RECORD.ToxicityToBees,74793209-5072-4fb4-80fe-fe3911753d75,toxicity to bees: acute contact,,,13c2dba5-7f84-4217-b093-948e1466c3b1,Species: Apis mellifera; Route: dermal; Exp. duration: 96.0 h,yes,not specified,,,no guideline followed,8eee6e76-d2b0-41b0-845b-f874122f46fb,,,,,,,,,,,,h,96.0,,,,,,,,,,,,Apis mellifera,,other:,dermal,,,mortality,,,,,,,,>,100.0,other:,µg/piece,,,LD50,,,,,,,other:,,Remarks: Acute contact toxicity,,,d5551574-596d-4576-87c2-dece65daedcb,,,,,,,,,,,,,,,,,,,,
4216,4214,734aaf60-7668-4d09-938c-b50fd314267b,ENDPOINT_STUDY_RECORD.ToxicityToBees,6df6c0f1-e93b-40a9-899d-1aa787006658,toxicity to bees: chronic oral,,,ce166716-b1ec-484e-a17b-d89872dc1d5c,Species: Apis mellifera; Route: oral; Exp. duration: 10.0 d,,,,,,,,,,,,,,,,,,d,10.0,,,,,,,,,,,,Apis mellifera,,oral,,,,not specified,,,act. ingr.,,,,,,111.6,mg/kg diet,,,,other:,NOEC,,,,,,,,,,,eda9ccb4-0caf-41c2-a6d4-f02f05902bda,,,,,,,,,,,,,,,,,,,,
4217,4215,98e574bb-6f3c-4f3f-880d-b9c96d11a463,ENDPOINT_STUDY_RECORD.ToxicityToBees,c4ed61dd-89ad-4b75-8548-27ccda21197b,toxicity to bees: acute contact,,,8468af3d-c90f-4a40-bb1b-500dd511f6c3,Species: Apis mellifera; Route: dermal; Exp. duration: 48.0 h,not specified,not specified,,,,f8afc825-7370-45e7-9e61-da7b76dbb834,,,,,,,,,,,,h,48.0,,,,,,Flonicamid (formulation) - TEPPEKI,,,,,,Apis mellifera,,other:,dermal,,,mortality,,,,,,,,>,51.1,other:,µg/piece,,,LD50,,,,,,,other:,,Remarks: Acute contact toxicity,,,bd616cb4-4a48-46ad-a830-a1b0cadf1120,,,,,,,,,,,,,,,,,,,,
4218,4216,22c1532c-0344-4583-a5fc-590e6d52a672,ENDPOINT_STUDY_RECORD.ToxicityToBees,cc7dee1c-78dd-4caa-bb66-abb4b43a0344,toxicity to bees: acute oral,,,2c79d2c5-d359-4365-914e-60ba1638c42f,Limit test: yes; Species: Apis mellifera; Route: oral: unspecified; Exp. duration: 48.0 h,yes,yes,"OECD Guideline 213 (Honeybees, Acute Oral Toxicity Test)",,according to guideline,279b9e40-d935-4275-99b7-ef8be5176295,,,,,yes,,,,,,,h,48.0,,,,,,,,,,,,Apis mellifera,,other:,oral: unspecified,,,mortality,,,,,,,,>,107.4,other:,µg/piece,,,LD50,,,,,,,other:,,Remarks: oral toxicity,,,c44cd60d-c77b-4be3-a4bf-86fdcb3d661b,,,,,,,,,,,,,,,,,,,,
4219,4217,c97e84b5-86c0-4f67-87d9-89ff80f6ec1e,ENDPOINT_STUDY_RECORD.ToxicityToBees,08eb088f-b536-4391-a5e7-ed8bd9acb006,bee larval toxicity - chronic,,,8d4ce816-de35-44ce-a88a-4c015df0d39d,Species: Apis mellifera; Route: oral; Exp. duration: 96.0 h,,,,,,,,,,,,,,,,,,h,96.0,,,,,,,,,,,,Apis mellifera,,oral,,,,not specified,,,act. ingr.,,,,,,1.57,µg per larva per day,,,,other:,96-h NOED,,,,,,,,,,,508a02fc-54f3-436f-a44f-d9e1ffa6aa07,,,,,,,,,,,,,,,,,,,,
4220,4218,e957aeaa-808d-43dd-85cb-8591756929b4,ENDPOINT_STUDY_RECORD.ToxicityToBees,87889576-4fa8-4117-a5cf-861c249d60f2,toxicity to bees: chronic oral,,,4a08111c-c4dc-424e-8e9d-f0f217606fca,,not specified,not specified,,,,5f52fcd5-a0a3-46ca-bd4b-808e751b17ed,,,,,,,,,,,,d,10.0,,,,,,Lenacil 500 g/L SC),,,,,,Apis mellifera,,oral,,,,mortality,,,act. ingr.,,,,,>,142.3,µg/bee per day,,,,other:,,LDD50,,,,,other:,,LDD50 > 312.1 μg prep./bee/day (> 142.3 μg a.s./bee/day),,,319d0b64-1c80-42b7-adca-b9b9d6d911ff,,,,,,,,,,,,,,,,,,,,
4221,4219,b0d5a23e-3747-4462-9a0e-bb2ec10025b0,ENDPOINT_STUDY_RECORD.ToxicityToBees,137f8488-0bff-496f-bf12-50ebc8130320,toxicity to bees: acute contact,,,0113f3bb-cb42-4991-a45e-01d1d4b7fefc,Species: Apis mellifera; Route: dermal,not specified,not specified,,,,918982b2-a524-4015-962e-ea30f7e2c245,,,,,,,,,,,,,,,,,,,,,,,,,Apis mellifera,,other:,dermal,,,mortality,,,,,,,,>,400.0,other:,µg/piece,,,LD50,,,,,,,other:,,Remarks: Acute contact toxicity,,,76f81add-53f4-42e3-89d0-a6b8741ac6b0,,,,,,,,,,,,,,,,,,,,
4222,4220,2d318c96-2763-40a7-a51f-851202c86437,ENDPOINT_STUDY_RECORD.ToxicityToBees,756eaf96-3d1b-4450-bb36-9ae1c0711766,toxicity to bees: acute oral,,,66a7a3b3-eca2-4839-bb1b-9b24e965fb0d,Species: Apis mellifera; Route: oral: unspecified,not specified,not specified,,,,1678d57e-5634-43f0-9f75-5d98113591c9,,,,,,,,,,,,,,,,,,,,,,,,,Apis mellifera,,other:,oral: unspecified,,,mortality,,,,,,,,>,201.0,other:,µg/piece,,,LD50,,,,,,,,,,,,846d0a60-4943-4eca-b746-a1e14d890253,,,,,,,,,,,,,,,,,,,,
4223,4221,19170f69-f54c-4197-844b-629c6cd65ba9,ENDPOINT_STUDY_RECORD.ToxicityToBees,f5d92059-bec2-48a7-9cc4-90e03d8b16a7,toxicity to bees: chronic oral,,,36654755-c09a-4a9f-9d7b-6e67029a6231,Species: Apis mellifera; Route: oral; Exp. duration: 10.0 d,,,,,,,,,,,,,,,,,,d,10.0,,,,,,,,,,,,Apis mellifera,,oral,,,,mortality,,,test mat.,,Fosetyl-Al 80% WP,,,>,750.0,mg/kg diet,,,,other:,10-d LC50,,,,,,,,,,,d43e5d0b-e5ad-43ff-94b0-91bfba64a6db,,,,,,,,,,,,,,,,,,,,
4224,4222,1283ef1a-cd70-4d7d-9411-fa9da55df7b8,ENDPOINT_STUDY_RECORD.ToxicityToBees,72873b71-98ea-4da6-8939-70d67040229e,toxicity to bees: acute oral,,,c15f7ffc-d27d-47af-8a30-f5ad84de02f8,Limit test: no; Species: Apis mellifera; Route: oral: unspecified; Exp. duration: 48.0 h,yes,no,"OECD Guideline 213 (Honeybees, Acute Oral Toxicity Test)",,according to guideline,ac425f62-4916-4ff1-a957-97bde03f0a68,,,,,no,,,,,,,h,48.0,,,,,,,,,,,,Apis mellifera,,other:,oral: unspecified,,,mortality,,,,,,,,>,100.0,other:,µg/piece,,,LD50,,,,,,,other:,,Remarks: Acute oral and contact toxicity test,,,98e3f350-ab29-4c3a-b670-3f380c9dd325,,,,,,,,,,,,,,,,,,,,
4225,4223,5303b724-6067-4cc4-a614-46766a908caa,ENDPOINT_STUDY_RECORD.ToxicityToBees,feccb3cb-2e28-4509-affa-1000601f0f9c,toxicity to bees: acute contact,,,580be492-4818-4a05-bfec-b5ac87dcea17,Species: Apis mellifera; Route: dermal,not specified,not specified,,,,6dbbb96e-00d3-4c87-b970-f0da5a32a169,,,,,,,,,,,,,,,,,,,PMP SE 160 (formulation).,,,,,,Apis mellifera,,other:,dermal,,,mortality,,,,,,,,>,100.0,other:,µg/piece,,,LD50,,,,,,,,,,,,736f97f3-e454-4956-a4f3-7ff3be1e6437,,,,,,,,,,,,,,,,,,,,
4226,4224,c24cbbed-a04c-41d2-bbe3-80d177b409bf,ENDPOINT_STUDY_RECORD.ToxicityToBees,67d0d158-626f-4785-b24b-3cd89bebfe28,toxicity to bees: acute oral,,,b416a7b4-b84b-4559-b6a9-c875ca1ae1d9,Species: Apis mellifera; Route: oral: unspecified,not specified,not specified,,,,857bb2ca-2b65-413e-9813-81a5567ea2d7,,,,,,,,,,,,,,,,,,,,,,,,,Apis mellifera,,other:,oral: unspecified,,,mortality,,,,,,,,>,100.0,other:,µg/piece,,,LD50,,,,,,,,,,,,a5fb4873-6edc-4405-b228-5db31f1a3756,,,,,,,,,,,,,,,,,,,,
4227,4225,3c54dd38-e8b9-4ee5-a708-2bec58aa4317,ENDPOINT_STUDY_RECORD.ToxicityToBees,0ec3af70-0660-4a8d-813f-f057946f3c4c,bee larval toxicity - chronic,,,5fb9a3f1-c8e5-4e61-aaa3-a449e65db1c7,Species: Apis mellifera; Route: oral,,,,,,,,,,,,,,,,,,,,,,,,,,,,,,,Apis mellifera,,oral,,,,not specified,,,act. ingr.,,,,,,1.55,µg per larva,,,,NOED,,,,,,,,,,,,3902e68e-7894-4e5f-9ca8-50dd18dff185,,,,,,,,,,,,,,,,,,,,
4228,4226,5cdb4f2a-ddd3-4d87-a695-3f7983b3bd75,ENDPOINT_STUDY_RECORD.ToxicityToBees,d650b8b9-dcd0-4525-93a5-5d9a7e7bb41d,bee larval toxicity - chronic,,,20ec67b7-10c6-4fc6-bc1c-0767a4f9e778,Species: Apis mellifera; Route: oral,,,,,,,,,,,,,,,,,,,,,,,,,,,,,,,Apis mellifera,,oral,,,,brood development,,,act. ingr.,,,,,,0.222,µg per larva,,,,NOED,,,,,,,,,,,,d734811d-122d-4671-89d0-64f39b5b5472,,,,,,,,,,,,,,,,,,,,
4229,4227,bf5c2b57-b653-49b8-8786-0115ac3a8b40,ENDPOINT_STUDY_RECORD.ToxicityToBees,16f48b4b-6e04-4ca1-a477-d7b66f9db6c2,toxicity to bees: chronic oral,,,e3843e72-41fe-4ee7-b847-1020d2418407,Species: Apis mellifera; Route: oral; Exp. duration: 10.0 d,,,,,,,,,,,,,,,,,,d,10.0,,,,,,,,,,,,Apis mellifera,,oral,,,,mortality,,,act. ingr.,,,,,,2.2,µg/bee per day,,,,other:,10-d LDD10,,,,,,other:,,Remarks: LDD10=2.2 (0.03 â€“ 5.1) microg/bee/day,,,332e6c88-8212-48a4-a14d-13ca1ae7586a,,,,,,,,,,,,,,,,,,,,
4230,4228,f5e476ce-9a15-4d32-aa2b-cc0865113c66,ENDPOINT_STUDY_RECORD.ToxicityToBees,2f0b6cdf-113b-4f27-b1f7-c28927ac46ff,toxicity to bees: chronic oral,,,679a730d-6ac5-4273-a821-4fb979dcb2e6,,not specified,not specified,,,,d4ca889f-0189-4dfd-851e-300544b31902,,,,,,,,,,,,d,10.0,,,,,,KAYAK 300 EC (A14325E),,,,,,Apis mellifera,,oral,,,,mortality,,,,,,,,,69.7,µg/bee per day,,,,10-d LDD50,,,,,,,other:,,Evaporation of the test solution was not measured.,,,1310fcd0-b5c6-4e86-bbe6-f2b1da5927d0,,,,,,,,,,,,,,,,,,,,
4231,4229,65aed34b-bd89-4687-a27c-07f092b4887e,ENDPOINT_STUDY_RECORD.ToxicityToBees,97f34e33-9a0a-484b-a587-aefa9aa22e58,toxicity to bees: acute oral,,,8e6107e8-d774-41a2-8439-68799f764c26,Limit test: yes; Species: Apis mellifera; Route: oral: unspecified; Exp. duration: 48.0 h,yes,no,other:,OTHER GUIDELINE,according to guideline,d028a05d-5d36-47a9-95b2-249d03d78b29,,,,,yes,,,,,,,h,48.0,,,,,,Haloxyfop-R,,,,,,Apis mellifera,,other:,oral: unspecified,,,mortality,,,,,,,,>,100.0,other:,µg/piece,,,LD50,,,,,,,other:,,Remarks: oral and contact. Guideline: UK PSPS Working Document D3.,,,aa98ef19-18e8-40e8-a4cf-2e4f5f9fac0e,,,,,,,,,,,,,,,,,,,,
4232,4230,88dc8165-c865-4c1e-96f6-3c299ad2204d,ENDPOINT_STUDY_RECORD.ToxicityToBees,7ca0371d-da94-4057-b808-b7b5ebbc56cb,toxicity to bees: acute contact,,,d6b0e254-918f-4d94-bded-293488856853,Limit test: no; Species: Apis mellifera; Route: dermal; Exp. duration: 96.0 h,yes,no,other:,OTHER GUIDELINE,according to guideline,78072d65-23d0-4438-bf0c-bb1bfb3a565e,,,,,no,,,,,,,h,96.0,,,,,,,,,,,,Apis mellifera,,other:,dermal,,,mortality,,,,,,,,,47.92,other:,µg/piece,,,LD50,,,,,,,other:,,Remarks: Guideline: EPPO Standard PP1/170(2). Acute contact toxicity test,,,2a7ae15d-4351-49cb-a164-988dc2f61e02,,,,,,,,,,,,,,,,,,,,
4233,4231,36661453-bab1-4f19-9997-d6b97f225a99,ENDPOINT_STUDY_RECORD.ToxicityToBees,5d1907a1-6bea-40e1-8512-bd798a9b4fca,toxicity to bees: acute contact,,,93551520-a60c-45c9-867f-332e56b38581,Species: Apis mellifera; Route: dermal; Exp. duration: 120.0 h,not specified,not specified,,,,ecb642dc-811a-4be9-bba7-d2832d160672,,,,,,,,,,,,h,120.0,,,,,,,,,,,,Apis mellifera,,other:,dermal,,,mortality,,,,,,,,,0.0251,other:,µg/piece,,,LD50,,,,,,,,,,,,8b557de1-809b-42f9-a63f-09261ca64287,,,,,,,,,,,,,,,,,,,,
4234,4232,5e12d7d5-fa5a-4420-9607-4e0438383bca,ENDPOINT_STUDY_RECORD.ToxicityToBees,e5109e34-8c32-409e-a7f4-87a52026cbbc,toxicity to bees: chronic oral,,,0ce0bdb2-ca90-4e65-9ef4-c24b6b69f393,Species: Apis mellifera; Route: oral; Exp. duration: 10.0 d,,,,,,,,,,,,,,,,,,d,10.0,,,,,,,,,,,,Apis mellifera,,oral,,,,not specified,,,test mat.,,CHA 2745-04,,,,20.6,µg/bee per day,,,,other:,10-d NOED,,,,,,,,,,,081777f3-c2ae-43f5-803a-a2dab391cc7e,,,,,,,,,,,,,,,,,,,,
4235,4233,72c4f54b-3df8-4fa1-952e-a77dfd167adb,ENDPOINT_STUDY_RECORD.ToxicityToBees,cf059667-3d2c-4a42-b56b-5aa8087ae614,toxicity to bees: acute contact,,,eed1190c-af86-44db-87a5-79180113c04c,Limit test: yes; Species: Apis mellifera; Route: dermal; Exp. duration: 48.0 h,yes,yes,"OECD Guideline 214 (Honeybees, Acute Contact Toxicity Test)",,according to guideline,a206bfae-2ff0-4818-ae0a-73988f731acf,,,,,yes,,,,,,,h,48.0,,,,,,,,,,,,Apis mellifera,,other:,dermal,,,mortality,,,,,,,,>,100.0,other:,µg/piece,,,LD50,,,,,,,other:,,Remarks: contact toxicity,,,295df651-2c5d-4fa5-b498-111f7ce32763,,,,,,,,,,,,,,,,,,,,
4236,4234,21c1c3b1-72bd-488f-a060-f26bd70d6b97,ENDPOINT_STUDY_RECORD.ToxicityToBees,a30b4eb7-d115-4e63-8313-11f79be848f7,toxicity to bees: chronic oral,,,cd3e62d7-0067-438d-8ffb-9dff2838d2ce,Species: Apis mellifera; Route: oral; Exp. duration: 10.0 d,,,,,,,,,,,,,,,,,,d,10.0,,,,,,,,,,,,Apis mellifera,,oral,,,,not specified,,,test mat.,,Callisto 100 SC (A12739A),,,,8.1,µg/bee per day,,,,NOED,,,,,,,,,,,,1512307e-2519-4291-88da-51e93843eb5e,,,,,,,,,,,,,,,,,,,,
4237,4235,215f53d9-7ed1-47bb-8a78-7e0da4dd75ca,ENDPOINT_STUDY_RECORD.ToxicityToBees,3f0a27bd-484f-43df-8934-fb312d1f261e,toxicity to bees: chronic oral,,,8b11331d-2cac-471b-83a4-0fabb00b5f86,Species: Apis mellifera; Route: oral; Exp. duration: 10.0 d,,,,,,,,,,,,,,,,,,d,10.0,,,,,,,,,,,,Apis mellifera,,oral,,,,other:,Hypopharyngeal glands,,test mat.,,Carfentrazone-ethyl 40 WG,,,,200.0,µg/bee per day,,,,NOED,,,,,,,,,,,,42ac4341-7eb2-4eb9-8774-415f406ea5a4,,,,,,,,,,,,,,,,,,,,
4238,4236,2bc6d26b-0a77-41d5-b41b-2ea8801a5ce0,ENDPOINT_STUDY_RECORD.ToxicityToBees,8b55cf2f-e5f9-4e7d-91b7-c919f3e7842b,toxicity to bees: acute contact,,,e550a071-7e63-4c7e-99a7-fa90bfa96abf,Species: Apis mellifera; Route: dermal,not specified,not specified,,,,34cb2b7b-b742-4a9e-bec9-0e6ef3fedd51,,,,,,,,,,,,,,,,,,,,,,,,,Apis mellifera,,other:,dermal,,,mortality,,,,,,,,>,100.0,other:,µg/piece,,,LD50,,,,,,,,,,,,94330254-4cb0-4850-88ba-a6f3d1b9f781,,,,,,,,,,,,,,,,,,,,
4239,4237,1c34e3ba-ec6e-4df6-a9a8-2ed285c8d985,ENDPOINT_STUDY_RECORD.ToxicityToBees,f242b639-a39c-461e-b20c-575fd6114d96,toxicity to bees: acute contact,,,6b4eaf81-89f5-469e-b572-aca5b746f339,Species: Apis mellifera; Route: dermal; Exp. duration: 48.0 h,not specified,not specified,,,,2c12b1a6-473d-4bcb-8895-f4ad71802c71,,,,,,,,,,,,h,48.0,,,,,,,,,,,,Apis mellifera,,other:,dermal,,,mortality,,,,,,,,,0.0022,other:,µg/piece,,,LD50,,,,,,,other:,,Remarks: Acute contact toxicity,,,df820796-0e42-49fb-b238-56e3d76529f5,,,,,,,,,,,,,,,,,,,,
4240,4238,25f51e2e-74c1-4fb0-979a-057d7720156c,ENDPOINT_STUDY_RECORD.ToxicityToBees,0ea3181a-97ba-4452-a328-7c835aacdba1,toxicity to bees: chronic oral,,,e3d40140-6955-44a9-9491-5f62b312a81c,Species: Apis mellifera; Route: oral; Exp. duration: 10.0 d,,,,,,,,,,,,,,,,,,d,10.0,,,,,,,,,,,,Apis mellifera,,oral,,,,mortality,,,act. ingr.,,,,,,11.7,µg/bee per day,,,,other:,10-d LC50,,,,,,,,,,,726319b5-232b-4f93-b157-3d9c3e2e8e4d,,,,,,,,,,,,,,,,,,,,
4241,4239,9e1f827e-85d2-4fd3-82da-51ea64e5c5ef,ENDPOINT_STUDY_RECORD.ToxicityToBees,40bef233-ff76-42ba-913e-abf75638a716,bee larval toxicity - chronic,,,025d935c-ff4e-49e7-bb02-8721e28f51fb,Species: Apis mellifera; Route: oral; Exp. duration: 4.0 d,,,,,,,,,,,,,,,,,,d,4.0,,,,,,,,,,,,Apis mellifera,,oral,,,,emergence rate,,,act. ingr.,,,,,,62.5,µg per larva per developmental period,,,,other:,22-d NOED,,,,,,,,,,,1a53ec96-2526-4b0a-ae24-c0e7bc1859e2,,,,,,,,,,,,,,,,,,,,
4242,4240,dda9a8ab-1b35-4429-bc45-d114da8a455f,ENDPOINT_STUDY_RECORD.ToxicityToBees,9fe24aa7-c52c-4999-af62-36273e9da4c2,toxicity to bees: chronic oral,,,813e79e4-a30b-4770-87d5-3ed9d76a6495,Species: Apis mellifera; Route: oral; Exp. duration: 10.0 d,,,,,,,,,,,,,,,,,,d,10.0,,,,,,,,,,,,Apis mellifera,,oral,,,,mortality,,,test mat.,,Bulldock 25 EC (MCW-5976),,,,0.019,µg/bee per day,,,,LD50,,,,,,,,,,,,8a51f8f7-54ad-4e12-b38b-c94e9eb2f714,,,,,,,,,,,,,,,,,,,,
4243,4241,213ea8ad-c4c4-410b-bc5d-d8fd7ebf1d62,ENDPOINT_STUDY_RECORD.ToxicityToBees,5d911ed2-7aad-4a3c-8780-e2ca116d03eb,toxicity to bees: chronic oral,,,e81510f6-0ef7-4c10-91d5-72011ec01edf,Species: Apis mellifera; Route: oral; Exp. duration: 10.0 d,,,,,,,,,,,,,,,,,,d,10.0,,,,,,,,,,,,Apis mellifera,,oral,,,,mortality,,,test mat.,,Tribenuron-methyl 75WG,,,>,147.5,µg/bee per day,,,,LD50,,,,,,,,,,,,c3aa336b-6fc9-4bb3-a430-2bd61a68d5e5,,,,,,,,,,,,,,,,,,,,
4244,4242,4a3cb322-b379-4059-bce0-7c2d5c275017,ENDPOINT_STUDY_RECORD.ToxicityToBees,0ef03897-f7a9-4220-a3e1-fe23227851d7,toxicity to bees: acute contact,,,dcf3e84d-81ad-442d-a7cf-a89c192e4be9,Species: Apis mellifera; Route: dermal,not specified,not specified,,,,a9f558d3-5dbe-487e-a74f-6414554d72a6,,,,,,,,,,,,,,,,,,,,,,,,,Apis mellifera,,other:,dermal,,,mortality,,,,,,,,>,100.0,other:,µg/piece,,,LD50,,,,,,,other:,,Remarks: Acute contact toxicity,,,89056e0a-5f80-4ee5-976c-547f3a274668,,,,,,,,,,,,,,,,,,,,
4245,4243,4a3cb322-b379-4059-bce0-7c2d5c275017,ENDPOINT_STUDY_RECORD.ToxicityToBees,0ef03897-f7a9-4220-a3e1-fe23227851d7,toxicity to bees: acute contact,,,5205bff2-67e0-46ad-ab55-fc5ab6e27fd3,Species: Apis mellifera; Route: dermal,not specified,not specified,,,,a9f558d3-5dbe-487e-a74f-6414554d72a6,,,,,,,,,,,,,,,,,,,,,,,,,Apis mellifera,,other:,dermal,,,mortality,,,,,,,,>,100.0,other:,µg/piece,,,LD50,,,,,,,other:,,Remarks: Acute contact toxicity,,,89056e0a-5f80-4ee5-976c-547f3a274668,,,,,,,,,,,,,,,,,,,,
4246,4244,7d1419a2-c580-4fbd-adab-a7cda988af14,ENDPOINT_STUDY_RECORD.ToxicityToBees,b9714c33-e49c-40e4-986c-8b2530edb71a,toxicity to bees: acute contact,,,3acf5647-9044-43ff-8ccf-c23c9255b396,Limit test: no; Species: Apis mellifera; Route: dermal; Exp. duration: 48.0 h,yes,no,other:,OTHER GUIDELINE,according to guideline,e439b907-8697-410d-81a4-67e7551ebda3,,,,,no,,,,,,,h,48.0,,,,,,,,,,,,Apis mellifera,,other:,dermal,,,mortality,,,,,,,,>,200.0,other:,µg/piece,,,LD50,,,,,,,other:,,Remarks: Acute contact toxicity. Guideline: EPPO Guideline 170.,,,ed6f3735-6acc-4742-8a98-a3f8c77ce75f,,,,,,,,,,,,,,,,,,,,
4247,4245,71675da2-9063-4b9e-bd33-14afc3738858,ENDPOINT_STUDY_RECORD.ToxicityToBees,5d1907a1-6bea-40e1-8512-bd798a9b4fca,toxicity to bees: acute contact,,,5fb8900f-c8c4-4d62-8389-8cb19bbb4ae7,Species: Apis mellifera; Route: dermal; Exp. duration: 48.0 h,not specified,not specified,,,,7912d5c9-9d5b-4457-be43-a33c5d7afac0,,,,,,,,,,,,h,48.0,,,,,,,,,,,,Apis mellifera,,other:,dermal,,,mortality,,,,,,,,,0.081,other:,µg/piece,,,LD50,,,,,,,other:,,Remarks: Acute contact toxicity,,,a602361c-7459-4ce8-96d2-7e46041f0af4,,,,,,,,,,,,,,,,,,,,
4248,4246,9f281850-ad97-4f68-8c83-fcc9ebbf4235,ENDPOINT_STUDY_RECORD.ToxicityToBees,b201b253-e073-4c3c-a600-d2d7d7262ee3,toxicity to bees: acute oral,,,b5cfc5dc-bed8-4e98-a2c6-92bb17d8ae6c,Species: Apis mellifera; Route: oral: unspecified,not specified,not specified,,,,f2a57fe3-8fc6-4c3e-bbd8-f15f5d0bc436,,,,,,,,,,,,,,,,,,,,,,,,,Apis mellifera,,other:,oral: unspecified,,,mortality,,,,,,,,>,62.7,other:,µg/piece,,,LD50,,,,,,,other:,,Remarks: Acute oral toxicity,,,181cc2ff-421f-40b3-9d35-e8a6bdf96ff6,,,,,,,,,,,,,,,,,,,,
4249,4247,2a8d9590-f333-40b9-b496-4cc8c607c827,ENDPOINT_STUDY_RECORD.ToxicityToBees,b8ae35c2-0a1a-452f-8e25-79a1db637552,toxicity to bees: acute oral,,,b084ae02-5b0f-4ba0-be3a-74a8319eb6f0,Limit test: no; Species: Apis mellifera; Route: oral: unspecified; Exp. duration: 48.0 h,yes,no,"OECD Guideline 213 (Honeybees, Acute Oral Toxicity Test)",,according to guideline,38282e52-d17c-4f51-9f55-7c872c93f1a7,,,,,no,,,,,,,h,48.0,,,,,,Ethametsulfuron-methyl 75WG + DPX-KG691,,,,,,Apis mellifera,,other:,oral: unspecified,,,mortality,,,,,,,,,40.83,other:,µg/piece,,,LD50,,,,,,,other:,,Remarks: oral toxicity,,,ccb60bd1-1f30-4882-8dda-50b5d7ca10ab,,,,,,,,,,,,,,,,,,,,
4250,4248,399aaa9c-a170-4c16-9bad-3b6e02df3d34,ENDPOINT_STUDY_RECORD.ToxicityToBees,c17e113e-6370-4a50-985f-d98c4c3d0583,toxicity to bees: acute oral,,,91b1fabd-c891-4d35-9379-c0f6e9e5bcf2,Species: Apis mellifera; Route: oral: unspecified,not specified,not specified,,,,47885029-94f5-43e0-81c0-2e014af60ed4,,,,,,,,,,,,,,,,,,,,,,,,,Apis mellifera,,other:,oral: unspecified,,,mortality,,,,,,,,>,152.0,other:,µg/piece,,,LD50,,,,,,,other:,,Remarks: Acute oral toxicity,,,fb1d91b5-cfdc-4241-a26d-119d8643d1a9,,,,,,,,,,,,,,,,,,,,
4251,4249,d9dd5cf9-4b6d-4894-a333-37267c0bd330,ENDPOINT_STUDY_RECORD.ToxicityToBees,3f0a27bd-484f-43df-8934-fb312d1f261e,toxicity to bees: chronic oral,,,8b11331d-2cac-471b-83a4-0fabb00b5f86,Species: Apis mellifera; Route: oral; Exp. duration: 10.0 d,,,,,,,,,,,,,,,,,,d,10.0,,,,,,,,,,,,Apis mellifera,,oral,,,,mortality,,,test mat.,,Afalon 450 SC,,,,41.5,µg/bee per day,,,,10-d LDD50,,,,,,,other:,,"Remarks: the density of the solution was taken into account for the calculation, but it is not stated if potential evaporation of food (water) was considered. NOED for sublethal/behavioural effect < 30 Î¼g product/bee/day (NOEC< 1000mg product/kg food).",,,81d441b5-c4dc-420b-9a73-012b43e21b3c,,,,,,,,,,,,,,,,,,,,
4252,4250,e5a1dd0f-e934-42de-87a7-e696fe543344,ENDPOINT_STUDY_RECORD.ToxicityToBees,26246f78-5f73-4531-a704-6dc8d4a54226,toxicity to bees: acute oral,,,6ab89900-a684-4414-8539-d2f79c9f5a49,Species: Apis mellifera; Route: oral: unspecified,not specified,not specified,,,,5d7d0b62-38e1-4910-b69c-f32b7647beeb,,,,,,,,,,,,,,,,,,,Propyzamide formulation: GF-1197,,,,,,Apis mellifera,,other:,oral: unspecified,,,mortality,,,,,,,,>,100.0,other:,µg/piece,,,LD50,,,,,,,other:,,Remarks: The effect level is based on the active substance,,,9df8afa5-d770-464e-82ff-b251e086cbff,,,,,,,,,,,,,,,,,,,,
4253,4251,cfa2c006-01cb-4c3d-b123-d52db1387769,ENDPOINT_STUDY_RECORD.ToxicityToBees,7e050a9a-6834-4ef8-a7a9-e8b230f20082,toxicity to bees: chronic oral,,,7220e86c-692f-4e90-bf38-72de40d4a72e,,not specified,not specified,,,,eb551ae9-c163-4a5d-8cb6-f17520b003b2,,,,,,,,,,,,d,10.0,,,,,,,,,,,,Apis mellifera,,oral,,,,not specified,,,,,,,,,3.084,µg/bee per day,,,,other:,,10-d NOEDD,,,,,,,,,,53a97112-1729-4311-9c91-bc21c70752c0,,,,,,,,,,,,,,,,,,,,
4254,4252,cfa2c006-01cb-4c3d-b123-d52db1387769,ENDPOINT_STUDY_RECORD.ToxicityToBees,7e050a9a-6834-4ef8-a7a9-e8b230f20082,toxicity to bees: chronic oral,,,7220e86c-692f-4e90-bf38-72de40d4a72e,,not specified,not specified,,,,eb551ae9-c163-4a5d-8cb6-f17520b003b2,,,,,,,,,,,,d,10.0,,,,,,,,,,,,Apis mellifera,,oral,,,,mortality,,,,,,,,>,5.62,µg/bee per day,,,,10-d LDD50,,,,,,,,,,,,de875495-a0f7-4aa2-a613-dcfe179665b0,,,,,,,,,,,,,,,,,,,,
4255,4253,226f37e6-cbac-46b3-913c-ecc6b9b49149,ENDPOINT_STUDY_RECORD.ToxicityToBees,62d34108-e968-4ce2-a9c1-280718f51d6b,toxicity to bees: acute oral,,,7bfe09b7-88f5-4ab5-b8d1-39f26f556d5a,Species: Apis mellifera; Route: oral: unspecified,not specified,not specified,,,,97e24738-ac6f-42b9-816d-1f1d97c2d3a2,,,,,,,,,,,,,,,,,,,,,,,,,Apis mellifera,,other:,oral: unspecified,,,mortality,,,,,,,,,0.00379,other:,µg/piece,,,LD50,,,,,,,other:,,Remarks: Acute oral toxicity; reference: European Commission (2005),,,86cfe18e-e15d-4035-a0e9-6ed97a9ec328,,,,,,,,,,,,,,,,,,,,
4256,4254,083b13c3-3d55-4c91-b49e-e1576cef615a,ENDPOINT_STUDY_RECORD.ToxicityToBees,5d911ed2-7aad-4a3c-8780-e2ca116d03eb,toxicity to bees: chronic oral,,,e81510f6-0ef7-4c10-91d5-72011ec01edf,Species: Apis mellifera; Route: oral; Exp. duration: 10.0 d,,,,,,,,,,,,,,,,,,d,10.0,,,,,,,,,,,,Apis mellifera,,oral,,,,mortality,,,test mat.,,Tribenuron-methyl 75WG,,,,74.3,µg/bee per day,,,,other:,NOEL,,,,,,,,,,,6171bb4e-8e6e-4c0a-b0c4-e0be1b21645b,,,,,,,,,,,,,,,,,,,,
4257,4255,e1d90155-172f-4f90-8f78-fed1a18736cc,ENDPOINT_STUDY_RECORD.ToxicityToBees,0ef03897-f7a9-4220-a3e1-fe23227851d7,toxicity to bees: acute oral,,,b2916965-57b2-4b99-9c4a-0a2b0ae35bd2,Species: Apis mellifera; Route: oral: unspecified,not specified,not specified,,,,01822dce-2a22-4d5f-bb6d-bda75df4e09e,,,,,,,,,,,,,,,,,,,,,,,,,Apis mellifera,,other:,oral: unspecified,,,mortality,,,,,,,,>,110.7,other:,µg/piece,,,LD50,,,,,,,,,,,,94ed70de-03e3-4fd1-afda-178f6443c863,,,,,,,,,,,,,,,,,,,,
4258,4256,e3128a67-85ba-47a9-add6-88a1ed8547bd,ENDPOINT_STUDY_RECORD.ToxicityToBees,cfd9fc52-68f4-439d-9c56-cc77bfcdcddf,bee larval toxicity - acute,,,31d240a9-add4-49af-883b-0c6ebaee4e80,,not specified,not specified,,,,04c6864a-6589-4fc6-96b8-7724e39b425e,,,,,,,,,,,,,,,,,,,GA4/GA7,,,,,,Apis mellifera,,oral,,,,not specified,,,other:,,a.s. â€“ GA4/GA7,,,>,100.0,µg per larva,,,,other:,,NOEClarvae,,larva,,,other:,,"The study is only a single exposure study and thus it is not in line with EFSA (2013). However, it is used for risk assessment purpose considering the fact that gibberellins, including GA3 are naturally occurring substance and the high margin of safety in the risk assessment.",,,3cac29bd-d72d-4542-8bb6-71a75d9247a9,,,,,,,,,,,,,,,,,,,,
4259,4257,71acb97d-e523-43a4-9463-8fcf60d7fabd,ENDPOINT_STUDY_RECORD.ToxicityToBees,5406d1aa-d5fa-4fa5-aace-93ba6898ed53,toxicity to bees: acute contact,,,8ac6daf7-3cd8-4bfb-9aa8-18f4d4fe7960,Limit test: no; Species: Apis mellifera; Route: dermal; Exp. duration: 48.0 h,yes,no,other:,OTHER GUIDELINE,according to guideline,17bc67c5-b731-4ded-a4d3-db4148c6361e,,,,,no,,,,,,,h,48.0,,,,,,,,,,,,Apis mellifera,,other:,dermal,,,mortality,,,,,,,,,0.18,other:,µg/piece,,,LD50,,,,,,,other:,,Remarks: Acute contact toxicity. Guideline: EPPO 170 (1992).,,,549103c5-aa01-461c-b20d-9d8bcabd5727,,,,,,,,,,,,,,,,,,,,
4260,4258,65ccd569-7715-43cd-81d6-693484edb404,ENDPOINT_STUDY_RECORD.ToxicityToBees,53cd9afb-8023-4d31-98fc-b34ff732f242,toxicity to bees: chronic oral,,,cdd2ad0c-4047-408c-8ba2-2cabc2c3345a,Species: Apis mellifera; Route: oral; Exp. duration: 10.0 d,,,,,,,,,,,,,,,,,,d,10.0,,,,,,,,,,,,Apis mellifera,,oral,,,,mortality,,,act. ingr.,,,,,,53.9,µg/bee per day,,,,10-d LDD50,,,,,,,,,,,,f54e5a8b-9359-455f-811b-6eec2b226947,,,,,,,,,,,,,,,,,,,,
4261,4259,16a25b55-e81e-43ec-a3ba-05946e74a374,ENDPOINT_STUDY_RECORD.ToxicityToBees,62d34108-e968-4ce2-a9c1-280718f51d6b,toxicity to bees: acute contact,,,4b445d3b-de17-445c-9b93-c1c3ee6b364c,Species: Apis mellifera; Route: dermal; Exp. duration: 48.0 h,not specified,not specified,,,,3b3da4e9-13a0-4a09-a781-cda11282703a,,,,,,,,,,,,h,48.0,,,,,,Technical,,,,,,Apis mellifera,,other:,dermal,,,mortality,,,,,,,,,0.0275,other:,µg/piece,,,LD50,,,,,,,other:,,Remarks: Acute contact.,,,0a788906-11b4-429b-afd9-544e64e00134,,,,,,,,,,,,,,,,,,,,
4262,4260,d25cb052-b168-41c2-b693-bd5ba4ee34b7,ENDPOINT_STUDY_RECORD.ToxicityToBees,405f9075-8fcb-4195-9d00-481bc9fdf3a7,toxicity to bees: acute contact,,,c8f65176-bc76-4a55-ae74-95ba93c9569f,,not specified,not specified,,,,64ae0f70-69ca-4005-8286-573e6c918fc9,,,,,,,,,,,,h,48.0,,,,,,Sulfur 80% WG,,,,,,Apis mellifera,,contact,,,,mortality,,,act. ingr.,,,,,>,700.1,µg/bee,,,,LD50,,,,,,,,,,,,a9bb9125-b56e-4890-aed0-35491eb1643b,,,,,,,,,,,,,,,,,,,,
4263,4261,5777bb2a-2ff3-4570-ac6f-77b3cfe70eee,ENDPOINT_STUDY_RECORD.ToxicityToBees,bea9a792-cf88-46b3-9e2e-8359c2c7a238,toxicity to bees: acute oral,,,beb97c5a-573e-441c-82fa-355baee27029,Species: Apis mellifera; Route: oral: unspecified,not specified,not specified,,,,f1183968-eebf-4008-ba9b-f14660337fe6,,,,,,,,,,,,,,,,,,,Formulation: Flupyrsulfuron-methyl 50WG,,,,,,Apis mellifera,,other:,oral: unspecified,,,mortality,,,,,,,,,119.0,other:,µg/piece,,,LD50,,,,,,,other:,,Remarks: Acute oral toxicity,,,ba70fbed-c6cb-4f0a-816a-153ab7fd4433,,,,,,,,,,,,,,,,,,,,
4264,4262,390575a2-fadc-42d4-9e5b-079bee08d75f,ENDPOINT_STUDY_RECORD.ToxicityToBees,5eddc115-41d3-428c-a074-f7147712ec1d,toxicity to bees: acute contact,,,5021c463-9720-4e13-a79d-cfdda8b35c8d,Species: Apis mellifera; Route: dermal,not specified,not specified,,,,2e447e73-ed00-4d35-9265-2f4fd90923a7,,,,,,,,,,,,,,,,,,,,,,,,,Apis mellifera,,other:,dermal,,,mortality,,,,,,,,>,100.0,other:,µg/piece,,,LD50,,,,,,,other:,,Remarks: Acute contact toxicity,,,5ebda8ef-0bb3-4224-9d99-b1952286365e,,,,,,,,,,,,,,,,,,,,
4265,4263,390575a2-fadc-42d4-9e5b-079bee08d75f,ENDPOINT_STUDY_RECORD.ToxicityToBees,5eddc115-41d3-428c-a074-f7147712ec1d,toxicity to bees: acute contact,,,8f041049-8103-4a02-85dc-b410c0398a4a,Species: Apis mellifera; Route: dermal,not specified,not specified,,,,2e447e73-ed00-4d35-9265-2f4fd90923a7,,,,,,,,,,,,,,,,,,,,,,,,,Apis mellifera,,other:,dermal,,,mortality,,,,,,,,>,100.0,other:,µg/piece,,,LD50,,,,,,,other:,,Remarks: Acute contact toxicity,,,5ebda8ef-0bb3-4224-9d99-b1952286365e,,,,,,,,,,,,,,,,,,,,
4266,4264,f733d189-b127-4703-8e19-5f0530867439,ENDPOINT_STUDY_RECORD.ToxicityToBees,0ec3af70-0660-4a8d-813f-f057946f3c4c,toxicity to bees: chronic oral,,,5fb9a3f1-c8e5-4e61-aaa3-a449e65db1c7,Species: Apis mellifera; Route: oral; Exp. duration: 10.0 d,,,,,,,,,,,,,,,,,,d,10.0,,,,,,,,,,,,Apis mellifera,,oral,,,,mortality,,,act. ingr.,,,,,>,111.1,µg/bee per day,,,,10-d LDD50,,,,,,,,,,,,80f616be-eaf6-4bcb-adb4-9bc96009e902,,,,,,,,,,,,,,,,,,,,
4267,4265,fb2e20f1-2c20-4c6f-a0a4-a638ce69aabe,ENDPOINT_STUDY_RECORD.ToxicityToBees,d1ab25b9-e065-4d45-98d6-b96c55dd1402,toxicity to bees: chronic oral,,,5fb9a3f1-c8e5-4e61-aaa3-a449e65db1c7,Species: Apis mellifera; Route: oral; Exp. duration: 10.0 d,,,,,,,,,,,,,,,,,,d,10.0,,,,,,,,,,,,Apis mellifera,,oral,,,,mortality,,,act. ingr.,,TRICO,,,>,1916.0,µg/bee per day,,,,10-d LDD50,,,,,,,,,,,,6fe326e0-97c8-4128-a5df-c410969e7755,,,,,,,,,,,,,,,,,,,,
4268,4266,f0138655-8317-41df-89b1-5bcb48ededd6,ENDPOINT_STUDY_RECORD.ToxicityToBees,8a324526-c0d0-469d-ba10-0b5497f0576d,toxicity to bees: acute contact,,,2f2bf606-cc6d-4c4f-b76b-0910a37c68e7,Species: Apis mellifera; Route: dermal; Exp. duration: 48.0 h,not specified,not specified,,,,16f38fdf-05ca-4971-a7a0-675d9d5a1c2a,,,,,,,,,,,,h,48.0,,,,,,,,,,,,Apis mellifera,,other:,dermal,,,mortality,,,,,,,,>,98.1,other:,µg/piece,,,LD50,,,,,,,other:,,Remarks: Acute Contact Toxicity Test,,,fe2299d8-e68c-4267-916d-921ed85546ce,,,,,,,,,,,,,,,,,,,,
4269,4267,c4548351-214e-4f3a-bac7-58cc04ec06c0,ENDPOINT_STUDY_RECORD.ToxicityToBees,a67e7aec-dbf3-4e2d-9f87-154e2117b5a9,toxicity to bees: acute contact,,,7f90bb9b-3c1f-4f41-9d9c-00b99fcb3a81,Species: Apis mellifera; Route: dermal; Exp. duration: 48.0 h,not specified,not specified,,,,2f0b6a69-ce92-4438-aae0-9f86a3523aec,,,,,,,,,,,,h,48.0,,,,,,,,,,,,Apis mellifera,,other:,dermal,,,mortality,,,,,,,,>,100.0,other:,µg/piece,,,LD50,,,,,,,other:,,Remarks: Acute contact toxicity test,,,7bc3d71e-6826-4e65-ba5c-192fd380ff27,,,,,,,,,,,,,,,,,,,,
4270,4268,0d190303-6301-4db3-972b-5ceb7e4d16c5,ENDPOINT_STUDY_RECORD.ToxicityToBees,8a324526-c0d0-469d-ba10-0b5497f0576d,toxicity to bees: chronic oral,,,6cf05df4-0708-4f15-86a1-90ceece89270,Species: Apis mellifera; Route: oral; Exp. duration: 10.0 d,,,,,,,,,,,,,,,,,,d,10.0,,,,,,,,,,,,Apis mellifera,,oral,,,,mortality,,,act. ingr.,,,,,>,71.2,µg/bee per day,,,,10-d LDD50,,,,,,,,,,,,06c41175-7a7b-4cfe-840b-cd006ec1e7ce,,,,,,,,,,,,,,,,,,,,
4271,4269,5cd33d77-4ed3-485a-b24a-18b79907f34b,ENDPOINT_STUDY_RECORD.ToxicityToBees,c3ea0f17-3bd8-461e-8ae6-f8dca9ac3fc3,toxicity to bees: acute oral,,,9eae3a5b-eceb-4fb8-bedb-a37fc3592c22,Species: Apis mellifera; Route: oral: unspecified,not specified,not specified,,,,84d5ed35-f1ff-4788-90fc-c15091ca88fa,,,,,,,,,,,,,,,,,,,,,,,,,Apis mellifera,,other:,oral: unspecified,,,mortality,,,,,,,,>,50.0,other:,µg/piece,,,LD50,,,,,,,other:,,Remarks: Oral toxicity.,,,c842e1c2-4145-4ae0-837a-3c36e3215c49,,,,,,,,,,,,,,,,,,,,
4272,4270,5cd33d77-4ed3-485a-b24a-18b79907f34b,ENDPOINT_STUDY_RECORD.ToxicityToBees,c3ea0f17-3bd8-461e-8ae6-f8dca9ac3fc3,toxicity to bees: acute oral,,,fbfefd03-773e-475e-b61f-0b97477c699a,Species: Apis mellifera; Route: oral: unspecified,not specified,not specified,,,,84d5ed35-f1ff-4788-90fc-c15091ca88fa,,,,,,,,,,,,,,,,,,,,,,,,,Apis mellifera,,other:,oral: unspecified,,,mortality,,,,,,,,>,50.0,other:,µg/piece,,,LD50,,,,,,,other:,,Remarks: Oral toxicity.,,,c842e1c2-4145-4ae0-837a-3c36e3215c49,,,,,,,,,,,,,,,,,,,,
4273,4271,b6e018ab-a0b9-42cd-b611-94e629fe0a98,ENDPOINT_STUDY_RECORD.ToxicityToBees,0b946696-7252-4ee0-b75f-2b3367534f88,toxicity to bees: chronic oral,,,59a8521c-03f6-4298-b59e-228f05cd592c,Species: Apis mellifera; Route: oral; Exp. duration: 10.0 d,,,,,,,,,,,,,,,,,,d,10.0,,,,,,,,,,,,Apis mellifera,,oral,,,,mortality,,,test mat.,,Mancozeb 80 WP,,,>,125.4,µg/bee per day,,,,LD50,,,,,,,other:,,Remarks: The toxicity value is reported as active substance.,,,3fe16355-56f3-472d-ba5a-856926c8960e,,,,,,,,,,,,,,,,,,,,
4274,4272,593cda3e-4879-483c-83b6-c3dd0155486e,ENDPOINT_STUDY_RECORD.ToxicityToBees,4c33f8e7-c9f4-4f77-8591-0baf4febfddd,bee larval toxicity - acute,,,e469552f-3c2c-4327-8373-b831aa8e55a5,Species: Apis mellifera; Route: oral; Exp. duration: 1.0 d,not specified,not specified,,,,cafb3280-4abf-4f95-82f4-9dd81e9818f3,,,,,,,,,,,,d,1.0,,,,,,,,,,,,Apis mellifera,,oral,,,,mortality,,,act. ingr.,,,,,,27.0,µg per larva per developmental period,,,,LD50,,,,,,,,,,,,b50bbab3-2bbd-4eab-bf19-5a1898ef9965,,,,,,,,,,,,,,,,,,,,
4275,4273,593cda3e-4879-483c-83b6-c3dd0155486e,ENDPOINT_STUDY_RECORD.ToxicityToBees,4c33f8e7-c9f4-4f77-8591-0baf4febfddd,bee larval toxicity - acute,,,8756ea66-3793-4903-9527-af1cda33ace4,Species: Apis mellifera; Route: oral; Exp. duration: 1.0 d,not specified,not specified,,,,cafb3280-4abf-4f95-82f4-9dd81e9818f3,,,,,,,,,,,,d,1.0,,,,,,,,,,,,Apis mellifera,,oral,,,,mortality,,,act. ingr.,,,,,,27.0,µg per larva per developmental period,,,,LD50,,,,,,,,,,,,b50bbab3-2bbd-4eab-bf19-5a1898ef9965,,,,,,,,,,,,,,,,,,,,
4276,4274,8ea9d8d2-58dd-4c09-9e49-00e93b281eee,ENDPOINT_STUDY_RECORD.ToxicityToBees,e1ec5dfd-5a94-46ef-b332-3e55d4e5a2b1,toxicity to bees: acute contact,,,f878f1bc-9291-41ae-ad1a-a7d8f14569c9,Species: Apis mellifera; Route: dermal,not specified,not specified,,,,cb884684-2548-44fd-938a-808928752c03,,,,,,,,,,,,,,,,,,,,,,,,,Apis mellifera,,other:,dermal,,,mortality,,,,,,,,,1.8,other:,µg/piece,,,LD50,,,,,,,other:,,Remarks: Acute contact toxicity,,,60166b16-c3d5-4073-b341-5925fdc15837,,,,,,,,,,,,,,,,,,,,
4277,4275,29948f95-c2d5-41c8-8314-0adb8f08a16b,ENDPOINT_STUDY_RECORD.ToxicityToBees,e8c33f31-a3ca-461c-8fe0-5f5327dd7024,toxicity to bees: acute oral,,,42d43210-02af-4c73-b7f9-1e1d14235ca7,Species: Apis mellifera; Route: oral: unspecified; Exp. duration: 48.0 h,not specified,not specified,,,,344a00cc-55be-47e6-a49a-125fd9f82a0f,,,,,,,,,,,,h,48.0,,,,,,Pyriproxyfen 10EC (formulation),,,,,,Apis mellifera,,other:,oral: unspecified,,,mortality,,,,,,,,>,74.0,other:,µg/piece,,,LD50,,,,,,,other:,,Remarks: Acute oral toxicity,,,32a41904-5f82-4b9a-aadf-8f64e0a6b4e2,,,,,,,,,,,,,,,,,,,,
4278,4276,573ceb67-b976-4dcc-9fab-daf6acf3bf5c,ENDPOINT_STUDY_RECORD.ToxicityToBees,f5d92059-bec2-48a7-9cc4-90e03d8b16a7,toxicity to bees: chronic oral,,,36654755-c09a-4a9f-9d7b-6e67029a6231,Species: Apis mellifera; Route: oral; Exp. duration: 10.0 d,,,,,,,,,,,,,,,,,,d,10.0,,,,,,,,,,,,Apis mellifera,,oral,,,,mortality,,,act. ingr.,,,,,,71.98,µg/bee per day,,,,other:,10-d LC50,,,,,,,,,,,9faf7ac8-c7b7-4f4b-bb19-a4a56417e20c,,,,,,,,,,,,,,,,,,,,
4279,4277,d6ccd4fb-ec40-45c9-b114-7c7a272ccefa,ENDPOINT_STUDY_RECORD.ToxicityToBees,8b29bc03-cc0a-4ba2-ac9e-c3aa6a409757,bee larval toxicity - acute,,,df421e86-d1fa-48f8-8445-344ef78b1b3e,Species: Apis mellifera; Route: oral; Exp. duration: 1.0 d,not specified,not specified,,,,0e6aca12-1cfd-48cd-a2fa-46934c7e5a90,,,,,,,,,,,,d,1.0,,,,,,,,,,,,Apis mellifera,,oral,,,,mortality,,,act. ingr.,,,,,,43.7,µg/bee,,,,LD10,,,,,,,,,,,,89ba3527-376d-4b1d-bfef-c60ad4132811,,,,,,,,,,,,,,,,,,,,
4280,4278,d6ccd4fb-ec40-45c9-b114-7c7a272ccefa,ENDPOINT_STUDY_RECORD.ToxicityToBees,8b29bc03-cc0a-4ba2-ac9e-c3aa6a409757,bee larval toxicity - acute,,,e85276bc-9de7-4a61-b311-971e7137d8fb,Species: Apis mellifera; Route: oral; Exp. duration: 1.0 d,not specified,not specified,,,,0e6aca12-1cfd-48cd-a2fa-46934c7e5a90,,,,,,,,,,,,d,1.0,,,,,,,,,,,,Apis mellifera,,oral,,,,mortality,,,act. ingr.,,,,,,43.7,µg/bee,,,,LD10,,,,,,,,,,,,89ba3527-376d-4b1d-bfef-c60ad4132811,,,,,,,,,,,,,,,,,,,,
4281,4279,d8278d12-60b7-48d2-8e11-2e3d38fcf6ed,ENDPOINT_STUDY_RECORD.ToxicityToBees,9cae35df-6df6-42da-b294-dfed40c4858b,toxicity to bees: acute contact,,,5ae37bf5-a18c-4d9c-8903-1ba4a211eebd,Species: Apis mellifera; Route: dermal,not specified,not specified,,,,a07c4733-18c1-4b54-925b-a0511a2ff6de,,,,,,,,,,,,,,,,,,,,,,,,,Apis mellifera,,other:,dermal,,,mortality,,,,,,,,>,200.0,other:,µg/piece,,,LD50,,,,,,,other:,,"Remarks: Endpoint included in the Review Report for etoxazole, 2004 (SANCO/4054/2001 - rev.3).",,,da434369-f691-469d-aeab-593ebc5f43a1,,,,,,,,,,,,,,,,,,,,
4282,4280,6082d3ed-ec20-4112-9d11-db3dd4b0a95c,ENDPOINT_STUDY_RECORD.ToxicityToBees,8039d5d9-2f66-4a3f-8ff1-4cba7dcfcab8,toxicity to bees: acute contact,,,6b885fff-fa52-4d04-b83b-27f3bcc205d3,Species: Apis mellifera; Route: dermal; Exp. duration: 48.0 h,not specified,not specified,,,,a40b2f66-064c-4680-97cf-95f8b4fd97f1,,,,,,,,,,,,h,48.0,,,,,,,,,,,,Apis mellifera,,other:,dermal,,,mortality,,,,,,,,,0.015,other:,µg/piece,,,LD50,,,,,,,other:,,Remarks: Acute contact toxicity,,,6d4481fa-1045-45e4-b349-ef54753225bf,,,,,,,,,,,,,,,,,,,,
4283,4281,0836304e-cbe1-4a8a-89f2-3a7f78335522,ENDPOINT_STUDY_RECORD.ToxicityToBees,cf059667-3d2c-4a42-b56b-5aa8087ae614,toxicity to bees: acute oral,,,eed1190c-af86-44db-87a5-79180113c04c,Limit test: yes; Species: Apis mellifera; Route: oral: unspecified; Exp. duration: 48.0 h,yes,no,"OECD Guideline 213 (Honeybees, Acute Oral Toxicity Test)",,according to guideline,6c897ad4-f602-4734-8cac-21630398895d,,,,,yes,,,,,,,h,48.0,,,,,,,,,,,,Apis mellifera,,other:,oral: unspecified,,,mortality,,,,,,,,>,106.6,other:,µg/piece,,,LD50,,,,,,,other:,,Remarks: oral toxicity,,,83d99778-1ce6-4377-ae3c-39222dc9d624,,,,,,,,,,,,,,,,,,,,
4284,4282,2aece015-4f7a-449e-9864-9b8d6570da0f,ENDPOINT_STUDY_RECORD.ToxicityToBees,8a324526-c0d0-469d-ba10-0b5497f0576d,toxicity to bees: acute contact,,,6cf05df4-0708-4f15-86a1-90ceece89270,Species: Apis mellifera; Route: dermal,not specified,not specified,,,,de4d993e-8383-4722-b322-70a9b0bee09d,,,,,,,,,,,,,,,,,,,,,,,,,Apis mellifera,,other:,dermal,,,mortality,,,,,,,,>,98.1,other:,µg/piece,,,LD50,,,,,,,,,,,,8b28fb85-36c3-4d09-8bd3-ac3580a84a32,,,,,,,,,,,,,,,,,,,,
4285,4283,ad24ec33-05c6-4725-93e3-590714b77ea8,ENDPOINT_STUDY_RECORD.ToxicityToBees,038204e8-9bd2-45e3-9906-c15a95c8f8e8,toxicity to bees: chronic oral,,,538469c1-e659-4908-b004-1ca9ad2ceda5,Species: Apis mellifera; Route: oral; Exp. duration: 10.0 d,,,,,,,,,,,,,,,,,,d,10.0,,,,,,,,,,,,Apis mellifera,,oral,,,,mortality,,,test mat.,,SL-160 25% WG,,,>,591.8,µg/bee,,,,other:,10-d LD50,,,,,,,,,,,81cc40c7-60c3-452a-9edc-d04a082d48e7,,,,,,,,,,,,,,,,,,,,
4286,4284,09b548ff-4c8c-4e03-b807-7646bd423b9d,ENDPOINT_STUDY_RECORD.ToxicityToBees,1fd4da2a-00e6-45c5-a73a-b32ace3ed91d,toxicity to bees: chronic oral,,,ea217f4a-8d36-4ba3-919a-5af3e4654b30,Species: Apis mellifera; Route: oral; Exp. duration: 10.0 d,,,,,,,,,,,,,,,,,,d,10.0,,,,,,,,,,,,Apis mellifera,,oral,,,,mortality,,,test mat.,,Problad Plus,,,>,361.9,µg/bee per day,,,,10-d LDD50,,,,,,,,,,,,814b43fd-85fd-4cbc-b39c-18aba941be91,,,,,,,,,,,,,,,,,,,,
4287,4285,62d28a99-c470-4268-9682-cd3196bea141,ENDPOINT_STUDY_RECORD.ToxicityToBees,f242b639-a39c-461e-b20c-575fd6114d96,toxicity to bees: acute contact,,,32eff318-2e6a-4106-a237-f008999ad5dc,Species: Apis mellifera; Route: dermal; Exp. duration: 24.0 h,not specified,not specified,,,,5c4a4411-a6dc-45cd-95de-f6fe3aa6cabe,,,,,,,,,,,,h,24.0,,,,,,,,,,,,Apis mellifera,,other:,dermal,,,mortality,,,,,,,,,0.001,other:,µg/piece,,,LD50,,,,,,,,,,,,8bd69982-9f92-4b0a-9e09-2e59a7316d44,,,,,,,,,,,,,,,,,,,,
4288,4286,56f6c7d2-a6f0-417b-ba01-d85e8640c64c,ENDPOINT_STUDY_RECORD.ToxicityToBees,3f0a27bd-484f-43df-8934-fb312d1f261e,toxicity to bees: chronic oral,,,8b11331d-2cac-471b-83a4-0fabb00b5f86,Species: Apis mellifera; Route: oral; Exp. duration: 10.0 d,,,,,,,,,,,,,,,,,,d,10.0,,,,,,,,,,,,Apis mellifera,,oral,,,,other:,Hypopharyngeal glands,,test mat.,,Carfentrazone-ethyl 40 WG,,,,50.0,µg/bee per day,,,,NOED,,,,,,,,,,,,7327bef0-fc51-4a9f-b4a9-40b653c809cb,,,,,,,,,,,,,,,,,,,,
4289,4287,9ea7d65e-f2cd-4704-90a2-d47b2d19d642,ENDPOINT_STUDY_RECORD.ToxicityToBees,16f48b4b-6e04-4ca1-a477-d7b66f9db6c2,toxicity to bees: acute contact,,,e3843e72-41fe-4ee7-b847-1020d2418407,Species: Apis mellifera; Route: dermal; Exp. duration: 72.0 h,not specified,not specified,,,,911935b1-9314-4d38-bae4-276954c26da5,,,,,,,,,,,,h,72.0,,,,,,Tolclofos-methyl 50 WP,,,,,,Apis mellifera,,other:,dermal,,,mortality,,,,,,,,,455.9,other:,µg/piece,,,LD50,,,,,,,other:,,Remarks: LD50 72 h = 455.9 µg a.s/bee; LD50 48 h = 552.0 µg a.s/bee.,,,4ed2d625-0a8a-4859-89d0-9c7adb251a3e,,,,,,,,,,,,,,,,,,,,
4290,4288,fd1ee4de-8ec6-4524-9370-3fdbd212e754,ENDPOINT_STUDY_RECORD.ToxicityToBees,ce6eabec-ae04-4b5f-b205-7639062e9c0a,toxicity to bees: chronic oral,,,33a038ad-4474-4b59-b50b-29531ade6ff6,,not specified,not specified,,,,e44e6b2b-7b8d-4957-ab74-28412c59b366,,,,,,,,,,,,,,,,,,,,,,,,,Apis mellifera,,oral,,,,mortality,,,,,,,,>=,2.179,µg/bee per day,,,,other:,,LDD50,,,,,,,,,,7ce6fa86-c6ec-42af-a333-40e1dbdb6893,,,,,,,,,,,,,,,,,,,,
4291,4289,714cf0c3-10fc-4251-ae92-1db6fa9c0ee4,ENDPOINT_STUDY_RECORD.ToxicityToBees,f585e0c3-f077-44ac-b247-6a153c5bc090,toxicity to bees: chronic oral,,,32eff318-2e6a-4106-a237-f008999ad5dc,Species: Apis mellifera; Route: oral; Exp. duration: 10.0 d,,,,,,,,,,,,,,,,,,d,10.0,,,,,,,,,,,,Apis mellifera,,oral,,,,mortality,,,act. ingr.,,,,,,0.000208,µg/bee per day,,,,10-d LDD50,,,,,,,,,,,,345d707e-2517-4d98-a20c-924ac4ddb72e,,,,,,,,,,,,,,,,,,,,
4292,4290,13236dec-e1ac-4bd8-8c08-f4c6cbd85bc2,ENDPOINT_STUDY_RECORD.ToxicityToBees,ab42b3c8-86de-4b65-af62-927b86b3ee7e,toxicity to bees: acute contact,,,603df01a-1e8b-4370-9487-a1dd55833381,Species: Apis mellifera; Route: dermal,not specified,not specified,,,,277105c9-f477-4ec0-90dc-2f7427199be2,,,,,,,,,,,,,,,,,,,,,,,,,Apis mellifera,,other:,dermal,,,mortality,,,,,,,,>,200.0,other:,µg/piece,,,LD50,,,,,,,other:,,Remarks: Acute contact toxicity,,,3a7d643f-7963-475e-96e9-21cae5e6eef0,,,,,,,,,,,,,,,,,,,,
4293,4291,55ce187c-7437-419c-afb1-e709f6fd3158,ENDPOINT_STUDY_RECORD.ToxicityToBees,d9c10f72-1e93-44d3-9c5c-30fde26cf2e1,bee larval toxicity - chronic,,,5a1c325f-22a6-41bf-a3df-64caf9fbae13,Species: Apis mellifera; Route: oral,,,,,,,,,,,,,,,,,,,,,,,,,,,,,,,Apis mellifera,,oral,,,,not specified,,,test mat.,,Bulldock 25 EC (MCW-5976),,,,86.1,µg per larva,,,,NOED,,,,,,,,,,,,ad99f85f-eef2-4e53-b8ef-bc5f319ee842,,,,,,,,,,,,,,,,,,,,
4294,4292,91028562-6637-464c-86f1-92b3da4c7000,ENDPOINT_STUDY_RECORD.ToxicityToBees,1d4b107f-5abe-4373-852f-a7b56316506d,toxicity to bees: acute contact,,,5f799b33-7491-4195-8159-cc2d7115d0fd,Species: Apis mellifera; Route: dermal; Exp. duration: 48.0 h,not specified,not specified,,,,74c0c105-b73a-48aa-9251-00be7413a1a6,,,,,,,,,,,,h,48.0,,,,,,,,,,,,Apis mellifera,,other:,dermal,,,mortality,,,,,,,,>,37.5,other:,µg/piece,,,LD50,,,,,,,other:,,Remarks: LD50 > 37.5 µg a.s./bee,,,c8f0e53d-39f8-4736-a115-f47371201ed6,,,,,,,,,,,,,,,,,,,,
4295,4293,d1297c92-9e68-4ccd-9dd8-d8433a55df15,ENDPOINT_STUDY_RECORD.ToxicityToBees,06e8b19e-3e1e-45c5-a8f6-5f601e7e8409,toxicity to bees: acute oral,,,ab9aa532-5c1c-42af-8a1c-d8060924ea1e,Species: Apis mellifera; Route: oral: unspecified,not specified,not specified,,,,13810e7a-42d6-4ea3-9970-570e0a33645e,,,,,,,,,,,,,,,,,,,D-Devrinol 450 SC,,,,,,Apis mellifera,,other:,oral: unspecified,,,mortality,,,,,,,,>,110.0,other:,µg/piece,,,LD50,,,,,,,,,,,,f93c02b0-6c82-4181-bc9a-b4fa4baaeb40,,,,,,,,,,,,,,,,,,,,
4296,4294,fbf9f41b-b2fe-42fc-a2f7-14723abf0f4d,ENDPOINT_STUDY_RECORD.ToxicityToBees,62d34108-e968-4ce2-a9c1-280718f51d6b,toxicity to bees: acute contact,,,2476311a-e658-485c-893a-8ea34c8c6017,Species: Apis mellifera; Route: dermal,not specified,not specified,,,,96ca7da8-ee79-4fad-ae9a-026633c285b2,,,,,,,,,,,,,,,,,,,,,,,,,Apis mellifera,,other:,dermal,,,mortality,,,,,,,,,0.0258,other:,µg/piece,,,LD50,,,,,,,,,,,,7369d660-95f3-4f32-bf3f-47e0eb7a1c0e,,,,,,,,,,,,,,,,,,,,
4297,4295,71151605-0455-45ee-8e17-f0787a07125a,ENDPOINT_STUDY_RECORD.ToxicityToBees,11a0994a-1371-4254-9312-cdfa17114394,toxicity to bees: acute contact,,,a0d59f6f-ccff-4716-8de0-538c1799996f,Species: Apis mellifera; Route: dermal,not specified,not specified,,,,4dce3b8a-0fc6-4cd7-86c3-01c84edf7e37,,,,,,,,,,,,,,,,,,,,,,,,,Apis mellifera,,other:,dermal,,,mortality,,,,,,,,>,100.0,other:,µg/piece,,,LD50,,,,,,,,,,,,79b46ad3-2202-4e40-85f7-205f1f760430,,,,,,,,,,,,,,,,,,,,
4298,4296,71151605-0455-45ee-8e17-f0787a07125a,ENDPOINT_STUDY_RECORD.ToxicityToBees,11a0994a-1371-4254-9312-cdfa17114394,toxicity to bees: acute contact,,,18adf153-9e6b-4ae8-9983-09612f613099,Species: Apis mellifera; Route: dermal,not specified,not specified,,,,4dce3b8a-0fc6-4cd7-86c3-01c84edf7e37,,,,,,,,,,,,,,,,,,,,,,,,,Apis mellifera,,other:,dermal,,,mortality,,,,,,,,>,100.0,other:,µg/piece,,,LD50,,,,,,,,,,,,79b46ad3-2202-4e40-85f7-205f1f760430,,,,,,,,,,,,,,,,,,,,
4299,4297,9a800b90-d4be-4721-924b-042c553f3378,ENDPOINT_STUDY_RECORD.ToxicityToBees,2cadfdf7-d5b1-46b4-9537-15e80e6976a8,toxicity to bees: acute contact,,,b9cbf3bb-b373-4171-b564-14e8176f8909,Species: Apis mellifera; Route: dermal,not specified,not specified,,,,1f6ce1ca-4f55-4d3f-823f-a6ff775b2be3,,,,,,,,,,,,,,,,,,,,,,,,,Apis mellifera,,other:,dermal,,,mortality,,,,,,,,>,1200.0,other:,µg/piece,,,LD50,,,,,,,,,,,,72215c91-259d-4171-a8ac-d931440d3a9f,,,,,,,,,,,,,,,,,,,,
4300,4298,b903e8a1-5694-463b-84b6-f756eccc46cb,ENDPOINT_STUDY_RECORD.ToxicityToBees,6015c51c-3003-4d6b-9577-57d8392b5808,toxicity to bees: acute contact,,,efaae6ef-a733-4580-ae58-84a99796f573,Species: Apis mellifera; Route: dermal,not specified,not specified,,,,e64387c9-c29a-4fb4-b180-54c9f6a43035,,,,,,,,,,,,,,,,,,,,,,,,,Apis mellifera,,other:,dermal,,,mortality,,,,,,,,,0.246,other:,µg/piece,,,LD50,,,,,,,,,,,,81065aea-12ff-4a40-bacc-9f80286fffee,,,,,,,,,,,,,,,,,,,,
4301,4299,aaae5d5d-3472-4bf5-ab9e-a9bd0351a612,ENDPOINT_STUDY_RECORD.ToxicityToBees,7e050a9a-6834-4ef8-a7a9-e8b230f20082,toxicity to bees: acute oral,,,ce58c8ad-d3c4-4ae0-a868-aadbf49219c6,Limit test: no; Species: Apis mellifera; Route: oral: unspecified; Exp. duration: 48.0 h,yes,no,"OECD Guideline 213 (Honeybees, Acute Oral Toxicity Test)",,according to guideline,2a69c773-2554-4ddb-9fc9-613dee357592,,,,,no,,,,,,,h,48.0,,,,,,,,,,,,Apis mellifera,,other:,oral: unspecified,,,mortality,,,,,,,,>,100.0,other:,µg/piece,,,LD50,,,,,,,other:,,Remarks: Acute oral and contact toxicity,,,551ff8c4-2402-4780-95a6-c6a217814443,,,,,,,,,,,,,,,,,,,,
4302,4300,e324ce6a-b6da-4730-9734-5ce860fed995,ENDPOINT_STUDY_RECORD.ToxicityToBees,1dcf8338-822a-4e25-858f-f4b0df4f6377,toxicity to bees: acute contact,,,de7be29d-806e-464d-8ae8-a4717242df05,Species: Apis mellifera; Route: dermal,not specified,not specified,,,,42bdf34d-6d7a-48d1-aae6-46e11b33979d,,,,,,,,,,,,,,,,,,,,,,,,,Apis mellifera,,other:,dermal,,,mortality,,,,,,,,,25.7,other:,µg/piece,,,LD50,,,,,,,other:,,Remarks: Contact toxicity,,,32052e74-fad6-455b-8824-d79ce4b0ffc7,,,,,,,,,,,,,,,,,,,,
4303,4301,81540e04-2522-489f-85e3-a7a83a3d92df,ENDPOINT_STUDY_RECORD.ToxicityToBees,1d4b107f-5abe-4373-852f-a7b56316506d,toxicity to bees: chronic oral,,,5f799b33-7491-4195-8159-cc2d7115d0fd,Species: Apis mellifera; Route: oral; Exp. duration: 10.0 d,,,,,,,,,,,,,,,,,,d,10.0,,,,,,,,,,,,Apis mellifera,,oral,,,,mortality,,,test mat.,,COM 508 16 H EW (Pelargonic acid 23.157%),,,,68.5,µg/bee per day,,,,10-d LDD50,,,,,,,,,,,,1fafe18b-0a81-4303-ab98-99b2f34410b2,,,,,,,,,,,,,,,,,,,,
4304,4302,0d7d1e1a-f4a7-4492-8555-a98059ef16b9,ENDPOINT_STUDY_RECORD.ToxicityToBees,3f0a27bd-484f-43df-8934-fb312d1f261e,toxicity to bees: chronic oral,,,8b11331d-2cac-471b-83a4-0fabb00b5f86,Species: Apis mellifera; Route: oral; Exp. duration: 10.0 d,,,,,,,,,,,,,,,,,,d,10.0,,,,,,,,,,,,Apis mellifera,,oral,,,,mortality,,,test mat.,,Carfentrazone-ethyl 60 ME/EO,,,,35.8,µg/bee per day,,,,LD50,,,,,,,,,,,,998de634-680b-4f2d-8dfa-556fce429fc1,,,,,,,,,,,,,,,,,,,,
4305,4303,a113c6ba-de8f-4810-9ef6-68c9bdfb58da,ENDPOINT_STUDY_RECORD.ToxicityToBees,77fa1f2d-60f5-45ee-b764-bd90bfe2995b,toxicity to bees: acute oral,,,cdb062e5-f2ea-4fe7-a42c-02e370ab0126,Species: Apis mellifera; Route: oral: unspecified,not specified,not specified,,,,8aaccc29-e0a5-42b0-a1f5-5f09498de140,,,,,,,,,,,,,,,,,,,,,,,,,Apis mellifera,,other:,oral: unspecified,,,mortality,,,,,,,,,103.0,other:,µg/piece,,,LD50,,,,,,,,,,,,52a78427-8ad4-4951-94a9-f91c054cad81,,,,,,,,,,,,,,,,,,,,
4306,4304,c8d2cfd4-8530-4453-a474-93f854de715e,ENDPOINT_STUDY_RECORD.ToxicityToBees,ce4bbdca-6245-4364-ab4e-2ed58ece4357,toxicity to bees: acute contact,,,131a6853-8eec-4a1a-82e3-64d57124b87a,Species: Apis mellifera; Route: dermal,not specified,not specified,,,,3f461ac5-3286-41a6-ae1e-35561646d5d1,,,,,,,,,,,,,,,,,,,Cyazofamid formulation: IKF-916 160SC-N,,,,,,Apis mellifera,,other:,dermal,,,mortality,,,,,,,,,9.52,other:,µg/piece,,,LD50,,,,,,,,,,,,b7f555a1-59a4-42e8-8132-df58ccea1c12,,,,,,,,,,,,,,,,,,,,
4307,4305,570a3c85-70cc-40a0-91c9-bd920f50a576,ENDPOINT_STUDY_RECORD.ToxicityToBees,c4cf1153-630b-41d3-bcef-31774b0657db,toxicity to bees: acute contact,,,f847ef03-4132-4f82-9069-a1f57e2afccb,Species: Apis mellifera; Route: dermal,not specified,not specified,,,,cf20321b-6f51-4927-8fd6-4013f9106b3d,,,,,,,,,,,,,,,,,,,,,,,,,Apis mellifera,,other:,dermal,,,mortality,,,,,,,,>,100.0,other:,µg/piece,,,LD50,,,,,,,,,,,,71c18044-9ecc-4ab7-9511-37197e915138,,,,,,,,,,,,,,,,,,,,
4308,4306,6d77d3f4-b5fd-4260-abbb-aa943902cf40,ENDPOINT_STUDY_RECORD.ToxicityToBees,582536dd-ad5d-4ba2-8168-fe0687fc489a,bee larval toxicity - chronic,,,49143d9b-6f67-4a90-a62c-f3f89eedd7ea,Species: Apis mellifera; Route: oral,,,,,,,,,,,,,,,,,,,,,,,,,,,,,,,Apis mellifera,,oral,,,,mortality,,,test mat.,,A7957E,,,,17.5,µg per larva,,,,LD50,,,,,,,,,,,,b973ef3b-424e-4514-8a62-01a249a581ae,,,,,,,,,,,,,,,,,,,,
4309,4307,3ea1e16a-e8d0-4b74-ae90-037ab0c9048c,ENDPOINT_STUDY_RECORD.ToxicityToBees,fefca5e1-4893-4a5a-a98d-71e9f22976ac,bee larval toxicity - acute,,,22662941-d804-4db2-9a5e-01e32613d3a6,Species: Apis mellifera; Route: oral; Exp. duration: 1.0 d,,,,,,,,,,,,,,,,,,d,1.0,,,,,,,,,,,,Apis mellifera,,oral,,,,not specified,,,test mat.,,MCW-8927 (500 G clofentezine/L),,,>,200.3,µg per larva,,,,NOED,,,,,,,other:,,"Remarks: Only acute effects on larvae were investigated (study Kleebaum, K.2016)",,,125f6bd4-672e-49fc-82a9-d73fcf454d19,,,,,,,,,,,,,,,,,,,,
4310,4308,248fa9e9-2067-47c4-acda-1ecc2140b985,ENDPOINT_STUDY_RECORD.ToxicityToBees,310cd491-f711-4cc9-8a23-10cf92130c9c,bee larval toxicity - chronic,,,d9042862-199f-4d74-9559-4c23b5c398c2,,not specified,not specified,,,,0b8d54e2-bd4c-4fbc-8a33-399dc3b4cdb2,,,,,,,,,,,,d,4.0,,,,,,,,,,,,Apis mellifera,,oral,,,,emergence rate,,,,,,,,,13.0,µg per larva per developmental period,,,,other:,,22-d NOED,,,,,,,,,,5459f83a-2cce-42c4-a15e-5b59ee82d879,,,,,,,,,,,,,,,,,,,,
4311,4309,248fa9e9-2067-47c4-acda-1ecc2140b985,ENDPOINT_STUDY_RECORD.ToxicityToBees,310cd491-f711-4cc9-8a23-10cf92130c9c,bee larval toxicity - chronic,,,d9042862-199f-4d74-9559-4c23b5c398c2,,not specified,not specified,,,,0b8d54e2-bd4c-4fbc-8a33-399dc3b4cdb2,,,,,,,,,,,,d,4.0,,,,,,,,,,,,Apis mellifera,,oral,,,,mortality,,,,,,,,,6.3,µg per larva per developmental period,,,,other:,,15-d NOED,,,,,,,,,,fff407b9-eb18-4d7c-bf9d-c82d20ae742b,,,,,,,,,,,,,,,,,,,,
4312,4310,db648e60-76f8-4921-9738-e287d23178e4,ENDPOINT_STUDY_RECORD.ToxicityToBees,a8399645-cdd4-43cd-8d23-dd9dd781a96a,toxicity to bees: acute oral,,,97a7eddf-cc23-4ea2-b19d-6538771dde90,,not specified,not specified,,,,fa8d0746-32c5-4cdb-afac-87aeb0f0ee1e,,,,,,,,,,,,h,48.0,,,,,,A8207M,,,,,,Apis mellifera,,other:,oral: unspecified,,,mortality,,,act. ingr.,,,h,48.0,,13.78,µg/bee,,,,LD50,,,,,,,,,,,,a8535370-665a-4136-a2c2-ca869dcbed86,,,,,,,,,,,,,,,,,,,,
4313,4311,0909d74d-9918-4e92-b98c-b6bade651388,ENDPOINT_STUDY_RECORD.ToxicityToBees,effff3e8-beb0-463f-859c-26e6956f8f90,bee larval toxicity - chronic,,,e605927c-9032-4b62-999e-3aa19e768014,Species: Apis mellifera; Route: oral; Exp. duration: 5.0 d,,,,,,,,,,,,,,,,,,d,5.0,,,,,,,,,,,,Apis mellifera,,oral,,,,not specified,,,test mat.,,Rapeseed oil formulation (NEU 1161 I),,,,130.0,µg per larva,,,,other:,8-d NOED,,,,,,other:,,"Remarks: Effects on pupation and pupa emergence not covered in this study, therefore the risk assessment for effects on bee brood is only indicative.",,,62ee2271-9737-443a-9858-200f777a3134,,,,,,,,,,,,,,,,,,,,
4314,4312,84fff8d4-022e-49dd-b9bb-2cbb01238927,ENDPOINT_STUDY_RECORD.ToxicityToBees,53bd0c43-b302-4b55-bff4-1d86955e3b3e,toxicity to bees: acute oral,,,e0365084-abb3-4690-b32f-a9ebd4478952,Species: Apis mellifera; Route: oral: unspecified; Exp. duration: 48.0 h,not specified,not specified,,,,4cb608ce-586c-46e7-a0b7-e81461a2598b,,,,,,,,,,,,h,48.0,,,,,,,,,,,,Apis mellifera,,other:,oral: unspecified,,,mortality,,,,,,,,,50.0,other:,µg/piece,,,LD50,,,,,,,other:,,Remarks: Acute oral toxicity,,,23c3d663-12f5-43f1-98c4-d6052f511511,,,,,,,,,,,,,,,,,,,,
4315,4313,d4c0801e-2963-478d-b31c-8ef72283e9c4,ENDPOINT_STUDY_RECORD.ToxicityToBees,5ae36538-4613-4574-9de1-c8f309195efe,toxicity to bees: acute contact,,,96b55374-264c-40af-a868-5fcae865c55e,Limit test: no; Species: Apis mellifera; Route: dermal; Exp. duration: 48.0 h,yes,no,other:,OTHER GUIDELINE,according to guideline,72ee52d7-5087-47be-b3d1-c35001a51f3d,,,,,no,,,,,,,h,48.0,,,,,,,,,,,,Apis mellifera,,other:,dermal,,,mortality,,,,,,,,>,200.0,other:,µg/piece,,,LD50,,,,,,,other:,,"Remarks: Acute contact toxicity. Guideline: Eppo 170, Bulletin OEPP/EPPO Bulletin 22, 203-215, 1992.",,,910abc22-26c2-4d05-8619-c43509ee8c74,,,,,,,,,,,,,,,,,,,,
4316,4314,eafe51fe-138a-4bca-98c0-9464e4610be0,ENDPOINT_STUDY_RECORD.ToxicityToBees,1d4b107f-5abe-4373-852f-a7b56316506d,bee larval toxicity - chronic,,,5f799b33-7491-4195-8159-cc2d7115d0fd,Species: Apis mellifera; Route: oral; Exp. duration: 4.0 d,,,,,,,,,,,,,,,,,,d,4.0,,,,,,,,,,,,Apis mellifera,,oral,,,,not specified,,,test mat.,,Emery 1202 Pelargonic acid 92%,,,,76.2,µg per larva,,,,ED10,,,,,,,,,,,,cf932c38-75fa-4a54-b6d9-bce9fbc10ddc,,,,,,,,,,,,,,,,,,,,
4317,4315,dda80f93-93a9-46a1-8fac-5a3ae2ca7d81,ENDPOINT_STUDY_RECORD.ToxicityToBees,eb7d70a4-eaf1-417a-a910-7e1f915a19bf,bee larval toxicity - chronic,,,32eff318-2e6a-4106-a237-f008999ad5dc,Species: Apis mellifera; Route: oral,,,,,,,,,,,,,,,,,,,,,,,,,,,,,,,Apis mellifera,,oral,,,,not specified,,,test mat.,,Captan 80 WG,,,,1.57e-05,µg per larva,,,,other:,8-d NOED,,,,,,,,,,,2741cc82-4f46-45e6-ba66-76b2bc7aea7e,,,,,,,,,,,,,,,,,,,,
4318,4316,4d152a59-e0e9-4c8b-aa23-1b2e30a87bae,ENDPOINT_STUDY_RECORD.ToxicityToBees,8cbb3be0-d92f-420a-bfb8-0d370b9f0aef,toxicity to bees: chronic oral,,,2d0929cb-aacf-47ac-879a-4d695ebf8c3d,Species: Apis mellifera; Route: oral; Exp. duration: 10.0 d,,,,,,,,,,,,,,,,,,d,10.0,,,,,,,,,,,,Apis mellifera,,oral,,,,mortality,,,act. ingr.,,,,,,272.64,µg/bee per day,,,,10-d LDD50,,,,,,,other:,,Remarks: Toxicological properties between sodium and potassium hydrogen carbonate are similar.,,,1a674d7c-cdf7-4e7b-be9f-18fab0f71a49,,,,,,,,,,,,,,,,,,,,
4319,4317,16c707cc-2120-4891-b144-1982304bdb4b,ENDPOINT_STUDY_RECORD.ToxicityToBees,5eddc115-41d3-428c-a074-f7147712ec1d,toxicity to bees: acute oral,,,5021c463-9720-4e13-a79d-cfdda8b35c8d,Species: Apis mellifera; Route: oral: unspecified,not specified,not specified,,,,43d67c13-c302-478a-b716-867762c5947a,,,,,,,,,,,,,,,,,,,,,,,,,Apis mellifera,,other:,oral: unspecified,,,mortality,,,,,,,,>,51.41,other:,µg/piece,,,LD50,,,,,,,other:,,Remarks: Acute oral toxicity,,,a466b379-f7be-4c08-a653-b10764e1434d,,,,,,,,,,,,,,,,,,,,
4320,4318,16c707cc-2120-4891-b144-1982304bdb4b,ENDPOINT_STUDY_RECORD.ToxicityToBees,5eddc115-41d3-428c-a074-f7147712ec1d,toxicity to bees: acute oral,,,8f041049-8103-4a02-85dc-b410c0398a4a,Species: Apis mellifera; Route: oral: unspecified,not specified,not specified,,,,43d67c13-c302-478a-b716-867762c5947a,,,,,,,,,,,,,,,,,,,,,,,,,Apis mellifera,,other:,oral: unspecified,,,mortality,,,,,,,,>,51.41,other:,µg/piece,,,LD50,,,,,,,other:,,Remarks: Acute oral toxicity,,,a466b379-f7be-4c08-a653-b10764e1434d,,,,,,,,,,,,,,,,,,,,
4321,4319,71bddd51-dd14-42ec-9f0e-cb0637cb43b6,ENDPOINT_STUDY_RECORD.ToxicityToBees,42ef9583-45a6-4192-bec0-58dfe9941217,toxicity to bees: acute oral,,,3da4c878-1de3-45d0-a588-6a1b96fe0a7c,Limit test: yes; Species: Apis mellifera; Route: oral: unspecified; Exp. duration: 96.0 h,yes,no,"OECD Guideline 213 (Honeybees, Acute Oral Toxicity Test)",,according to guideline,5a5d90a2-4c5f-407f-bd55-3f90dbae07ae,,,,,yes,,,,,,,h,96.0,,,,,,Torque 50WP,,,,,,Apis mellifera,,other:,oral: unspecified,,,mortality,,,,,,,,>,200.0,other:,µg/piece,,,LD50,,,,,,,other:,,Remarks: Acute contact and oral toxicity test,,,9da32cec-cd04-42cc-b7fe-9e9759ea8c6b,,,,,,,,,,,,,,,,,,,,
4322,4320,b160e286-055a-4e43-bf05-9a5e447dd643,ENDPOINT_STUDY_RECORD.ToxicityToBees,d650b8b9-dcd0-4525-93a5-5d9a7e7bb41d,toxicity to bees: chronic oral,,,20ec67b7-10c6-4fc6-bc1c-0767a4f9e778,Species: Apis mellifera; Route: oral; Exp. duration: 10.0 d,,,,,,,,,,,,,,,,,,d,10.0,,,,,,,,,,,,Apis mellifera,,oral,,,,mortality,,,act. ingr.,,,,,,0.092,µg/bee per day,,,,10-d LDD50,,,,,,,,,,,,426ff5ef-08ee-4888-afe9-dec359e7f236,,,,,,,,,,,,,,,,,,,,
4323,4321,cf143582-47d9-4935-ace0-e35d9f9ba26e,ENDPOINT_STUDY_RECORD.ToxicityToBees,abb35cee-1a99-494f-94c2-ca7606cc5684,toxicity to bees: acute contact,,,46f4649e-2289-4971-a004-86f392622f1a,Species: Apis mellifera; Route: dermal; Exp. duration: 72.0 h,not specified,not specified,,,,b18fc264-c4ca-4736-89de-0080e37cc372,,,,,,,,,,,,h,72.0,,,,,,,,,,,,Apis mellifera,,other:,dermal,,,mortality,,,,,,,,,0.379,other:,µg/piece,,,LD50,,,,,,,other:,,Remarks: Acute contact toxicity,,,e33dce6a-234d-43d9-bf59-ebd6fbbfbf64,,,,,,,,,,,,,,,,,,,,
4324,4322,d548db80-f823-46e6-a2e2-c9331baf386f,ENDPOINT_STUDY_RECORD.ToxicityToBees,dcf6cefc-0999-47ea-a3a2-326d4c8370a7,bee larval toxicity - chronic,,,51a94c22-175c-4440-8c49-79d4107d8f74,Species: Apis mellifera; Route: oral,not specified,not specified,,,,c861e70b-77f8-4ab4-8ba1-5fc1814ea4ba,,,,,,,,,,,,,,,,,,,,,,,,,Apis mellifera,,oral,,,,not specified,,,test mat.,,A8587F (250 ME),,,,12.6,µg per larva per developmental period,,,,other:,8-d NOED,,,,,,,,,,,0f6425f7-8a65-48f7-90fc-b48dd1140feb,,,,,,,,,,,,,,,,,,,,
4325,4323,d548db80-f823-46e6-a2e2-c9331baf386f,ENDPOINT_STUDY_RECORD.ToxicityToBees,dcf6cefc-0999-47ea-a3a2-326d4c8370a7,bee larval toxicity - chronic,,,baf69ebe-1a1c-4820-bd7e-e6f617f6dc7d,Species: Apis mellifera; Route: oral,not specified,not specified,,,,c861e70b-77f8-4ab4-8ba1-5fc1814ea4ba,,,,,,,,,,,,,,,,,,,,,,,,,Apis mellifera,,oral,,,,not specified,,,test mat.,,A8587F (250 ME),,,,12.6,µg per larva per developmental period,,,,other:,8-d NOED,,,,,,,,,,,0f6425f7-8a65-48f7-90fc-b48dd1140feb,,,,,,,,,,,,,,,,,,,,
4326,4324,05d6a2c6-fc54-4d00-8b5c-da5a13dc7175,ENDPOINT_STUDY_RECORD.ToxicityToBees,582536dd-ad5d-4ba2-8168-fe0687fc489a,bee larval toxicity - chronic,,,2c11c2fe-3485-4206-af66-14c43994db7f,Species: Apis mellifera; Route: oral,,,,,,,,,,,,,,,,,,,,,,,,,,,,,,,Apis mellifera,,oral,,,,brood development,,,act. ingr.,,,,,,10.19,µg per larva,,,,other:,8-d NOED,,,,,,,,,,,63d8f4b1-284e-42dd-b9ea-e1cb69524323,,,,,,,,,,,,,,,,,,,,
4327,4325,5bf1b9e9-42c4-49f8-92af-e5ec6603f7ff,ENDPOINT_STUDY_RECORD.ToxicityToBees,a30b4eb7-d115-4e63-8313-11f79be848f7,bee larval toxicity - chronic,,,cd3e62d7-0067-438d-8ffb-9dff2838d2ce,Species: Apis mellifera; Route: oral; Exp. duration: 4.0 d,,,,,,,,,,,,,,,,,,d,4.0,,,,,,,,,,,,Apis mellifera,,oral,,,,mortality,,,test mat.,,Callisto 100 SC (A12739A),,,,39.185,µg per larva,,,,other:,LD 20,,,,,,,,,,,dbc54ac6-6607-4644-b9f9-dd10b13c3803,,,,,,,,,,,,,,,,,,,,
4328,4326,b9e10a78-3993-45b2-b285-4f826734ffda,ENDPOINT_STUDY_RECORD.ToxicityToBees,8cbab949-c9d5-4124-9f5f-31a2798c1d97,toxicity to bees: acute oral,,,44216c52-d1ac-4f38-bd79-39f576c2652b,Species: Apis mellifera; Route: oral: unspecified,not specified,not specified,,,,a2b50ffa-4181-41f4-b7cd-c99b7a2c04fe,,,,,,,,,,,,,,,,,,,,,,,,,Apis mellifera,,other:,oral: unspecified,,,mortality,,,,,,,,,94.0,other:,µg/piece,,,LD50,,,,,,,other:,,"Remarks: Oral toxicity, adult",,,45ee634e-ca87-4cf2-a15d-006257469734,,,,,,,,,,,,,,,,,,,,
4329,4327,a518775b-ae35-4b4f-8182-772bf227be8a,ENDPOINT_STUDY_RECORD.ToxicityToBees,a4135876-f27e-444c-aeff-3a6316f6b4a4,toxicity to bees: acute oral,,,8a144198-5691-4244-b18c-66bc0f0a6484,Species: Apis mellifera; Route: oral: unspecified,not specified,not specified,,,,4a25b1f9-ea00-4da6-bca7-6d20f8e22577,,,,,,,,,,,,,,,,,,,,,,,,,Apis mellifera,,other:,oral: unspecified,,,mortality,,,,,,,,>,100.0,other:,µg/piece,,,LD50,,,,,,,,,,,,112180a5-0ac6-473f-99ca-c44ff9d544a0,,,,,,,,,,,,,,,,,,,,
4330,4328,863c63bb-6727-4857-89d5-f0414030c93d,ENDPOINT_STUDY_RECORD.ToxicityToBees,034f2e7a-ef97-4283-9c5a-6184fec10b96,toxicity to bees: acute contact,,,3d5c5abc-2095-4a9e-b1db-0732b13a9173,Species: Apis mellifera; Route: dermal,not specified,not specified,,,,1211527c-cc56-4041-a15d-f7efc70a04b6,,,,,,,,,,,,,,,,,,,Sitofex,,,,,,Apis mellifera,,other:,dermal,,,mortality,,,,,,,,>,30.0,other:,µg/piece,,,LD50,,,,,,,,,,,,88530483-ef6a-4a99-a4eb-38c6cafcc58a,,,,,,,,,,,,,,,,,,,,
4331,4329,a69247fd-0364-437b-9da5-eb7a9b3826a1,ENDPOINT_STUDY_RECORD.ToxicityToBees,78d324b8-380d-4e33-9ced-7dd253dbc830,toxicity to bees: acute contact,,,38cf1654-054d-4bb8-8866-d6a1aa83bc60,Species: Apis mellifera; Route: dermal,not specified,not specified,,,,b1219d22-2a59-4387-ac40-6fdce8035ede,,,,,,,,,,,,,,,,,,,,,,,,,Apis mellifera,,other:,dermal,,,mortality,,,,,,,,>,100.0,other:,µg/piece,,,LD50,,,,,,,,,,,,67e5eb2b-2a72-4b26-b47b-1fb2d7bf019d,,,,,,,,,,,,,,,,,,,,
4332,4330,736f31a3-cf9a-46ee-b698-d35615d034a6,ENDPOINT_STUDY_RECORD.ToxicityToBees,137f8488-0bff-496f-bf12-50ebc8130320,toxicity to bees: acute oral,,,0113f3bb-cb42-4991-a45e-01d1d4b7fefc,Species: Apis mellifera; Route: oral: unspecified,not specified,not specified,,,,11b912f8-2107-400d-8557-e32f4a0f46ff,,,,,,,,,,,,,,,,,,,,,,,,,Apis mellifera,,other:,oral: unspecified,,,mortality,,,,,,,,>,362.5,other:,µg/piece,,,LD50,,,,,,,other:,,Remarks: Acute oral toxicity,,,e1208325-23c5-4bf2-9f93-13f2a00b0bf9,,,,,,,,,,,,,,,,,,,,
4333,4331,93b605ce-d762-486a-b684-e20d1abcf320,ENDPOINT_STUDY_RECORD.ToxicityToBees,a4135876-f27e-444c-aeff-3a6316f6b4a4,toxicity to bees: chronic oral,,,8a144198-5691-4244-b18c-66bc0f0a6484,Species: Apis mellifera; Route: oral; Exp. duration: 10.0 d,,,,,,,,,,,,,,,,,,d,10.0,,,,,,,,,,,,Apis mellifera,,oral,,,,mortality,,,test mat.,,KIF-230 15% WG,,,>,124.6,µg/bee per day,,,,10-d LDD50,,,,,,,,,,,,7b0d34cb-2cfa-4843-a201-df843caa9dc0,,,,,,,,,,,,,,,,,,,,
4334,4332,f96deb57-603f-4bdf-b9fd-639f3ddd2437,ENDPOINT_STUDY_RECORD.ToxicityToBees,938af284-946b-44ea-82f3-3512ccf1527e,bee larval toxicity - acute,,,d331a949-2db5-4bb8-bf4f-be343da48d6e,Species: Apis mellifera; Route: oral; Exp. duration: 1.0 d,,,,,,,,,,,,,,,,,,d,1.0,,,,,,,,,,,,Apis mellifera,,oral,,,,mortality,,,test mat.,,Foramsulfuron WG 52,,,,100.0,µg per larva,,,,NOED,,,,,,,,,,,,71b4e780-827b-49f5-b4a7-b8d09e0d5c15,,,,,,,,,,,,,,,,,,,,
4335,4333,94f394f9-2f17-467e-9538-7f1d4c6a062c,ENDPOINT_STUDY_RECORD.ToxicityToBees,1195b0de-88f0-4272-b6dc-f5b55d25e375,toxicity to bees: acute oral,,,03ac36b8-9d0f-4214-b365-09a2b11d5a0f,,not specified,not specified,,,,8819fd80-0960-4018-8a86-80104cb6cbb6,,,,,,,,,,,,,,,,,,,,,,,,,Apis mellifera,,oral,,,,mortality,,,other:,,Glyphosate acid equivalents,,,>,40.0,µg/bee,,,,LD50,,,,,,,,,,,,a8194758-bffc-4423-9b61-15f2a6cb4e63,,,,,,,,,,,,,,,,,,,,
4336,4334,ef95fa4e-d33f-4f0e-bc89-e12cfab86224,ENDPOINT_STUDY_RECORD.ToxicityToBees,fbaf3532-52eb-4cfc-9ca1-72e93f5dc161,toxicity to bees: acute oral,,,3cfda772-8603-4773-bc2b-f787c019046e,Limit test: yes; Species: Apis mellifera; Route: oral: unspecified; Exp. duration: 48.0 h,yes,no,other:,OTHER GUIDELINE,according to guideline,ca9375ab-b559-4e05-9c00-31c5d9478e2a,,,,,yes,,,,,,,h,48.0,,,,,,,,,,,,Apis mellifera,,other:,oral: unspecified,,,mortality,,,,,,,,>,100.0,other:,µg/piece,,,LD50,,,,,,,other:,,Remarks: Acute oral and contact toxicity. Guideline: Working Document D3 of the United Kingdom Pesticides Safety Precautions Scheme: 'Laboratory testing for toxicity to honeybees'.,,,d9893802-4115-4a1e-9c50-c2de728402d4,,,,,,,,,,,,,,,,,,,,
4337,4335,8d12b2e3-03a4-41d7-a153-5371bababa04,ENDPOINT_STUDY_RECORD.ToxicityToBees,818203ca-7db9-492d-9218-b7bc36775db7,toxicity to bees: acute oral,,,6e3cae81-7d99-40bd-8658-98b186c08f15,,not specified,not specified,,,,3cedc70c-7df7-499e-9866-44d25d5bc61c,,,,,,,,,,,,,,,,,,,Milbemectin (purity 96.93 %),,,,,,Apis mellifera,,oral,,,,mortality,,,act. ingr.,,,,,,0.4,µg/bee,,,,LD50,,,,,,,,,,,,4c1edc99-41ea-4245-a8dd-30fbcf660439,,,,,,,,,,,,,,,,,,,,
4338,4336,3f9b960a-4065-4b0d-848c-c1728b77615c,ENDPOINT_STUDY_RECORD.ToxicityToBees,abb35cee-1a99-494f-94c2-ca7606cc5684,toxicity to bees: acute oral,,,9d58722c-153d-4a6b-9830-a577bfb7e251,Species: Apis mellifera; Route: oral: unspecified; Exp. duration: 48.0 h,not specified,not specified,,,,a75d2848-78d1-472b-833c-394de7dcfc5d,,,,,,,,,,,,h,48.0,,,,,,,,,,,,Apis mellifera,,other:,oral: unspecified,,,mortality,,,,,,,,,0.146,other:,µg/piece,,,LD50,,,,,,,,,,,,54530972-b5a8-4f44-babc-6cd83b7a72cc,,,,,,,,,,,,,,,,,,,,
4339,4337,f8e8793f-387a-462b-a19d-ad5fbd0fd827,ENDPOINT_STUDY_RECORD.ToxicityToBees,4c13ebc8-e0b5-4322-ae4b-9d23cd92449b,toxicity to bees: acute oral,,,45f9fd7c-aaef-4e49-aa18-60ddaf48a0ff,Species: Apis mellifera; Route: oral: unspecified; Exp. duration: 48.0 h,not specified,not specified,,,,29f242a1-b0fe-4089-a875-634c3ea7ec23,,,,,,,,,,,,h,48.0,,,,,,,,,,,,Apis mellifera,,other:,oral: unspecified,,,mortality,,,,,,,,>,50.0,other:,µg/piece,,,LD50,,,,,,,other:,,Remarks: Acute oral toxicity,,,5ea2ec38-2a6c-4b5e-9bcf-0857ecac22e7,,,,,,,,,,,,,,,,,,,,
4340,4338,61b14aef-74c4-4b2d-886e-b7fb9c5852b4,ENDPOINT_STUDY_RECORD.ToxicityToBees,08899d97-8bfc-42ea-9c2c-cd8da5809857,toxicity to bees: acute contact,,,35fb09cf-7f68-48c6-8cf7-a64c7982fc27,Limit test: yes; Species: Apis mellifera; Route: dermal; Exp. duration: 48.0 h,yes,no,"OECD Guideline 214 (Honeybees, Acute Contact Toxicity Test)",,according to guideline,13747745-33df-4c03-8c92-6d0d800acc1b,,,,,yes,,,,,,,h,48.0,,,,,,,,,,,,Apis mellifera,,other:,dermal,,,mortality,,,,,,,,>,200.0,other:,µg/piece,,,LD50,,,,,,,other:,,Remarks: Acute contact toxicity,,,a1dec5ff-76bc-4b97-8662-b410758c6c9f,,,,,,,,,,,,,,,,,,,,
4341,4339,7bf214b1-e24a-48b4-8fb0-ed0667604927,ENDPOINT_STUDY_RECORD.ToxicityToBees,327be68c-3a3c-4332-99c5-415c093f968f,toxicity to bees: acute oral,,,b9cbf3bb-b373-4171-b564-14e8176f8909,Species: Apis mellifera; Route: oral: unspecified,not specified,not specified,,,,1b5f7de1-afb2-46b1-b410-6e4f82dd0f84,,,,,,,,,,,,,,,,,,,Flügol (FLU17516),,,,,,Apis mellifera,,other:,oral: unspecified,,,mortality,,,,,,,,>,337.0,other:,µg/piece,,,LD50,,,,,,,,,,,,ab6b2412-7d18-4e1d-8972-30a960b5924b,,,,,,,,,,,,,,,,,,,,
4342,4340,11b06d30-a8f6-4634-9675-65bcc7192524,ENDPOINT_STUDY_RECORD.ToxicityToBees,303340a3-d8c9-41a7-a496-19fb76698cf6,toxicity to bees: chronic oral,,,b954ab02-e9eb-416b-8ea9-b4324174011b,Species: Apis mellifera; Route: oral; Exp. duration: 10.0 d,,,,,,,,,,,,,,,,,,d,10.0,,,,,,,,,,,,Apis mellifera,,oral,,,,mortality,,,test mat.,,Picoxystrobin 250 g/L SC,,,,12.1,µg/bee per day,,,,10-d LDD50,,,,,,,,,,,,6985f314-be18-4541-9e31-0bbf8e78583d,,,,,,,,,,,,,,,,,,,,
4343,4341,c4149096-b1c3-43a1-a1c8-e524d186786d,ENDPOINT_STUDY_RECORD.ToxicityToBees,b529ec00-87b6-4816-a9bd-ed8e2b36fa70,toxicity to bees: acute oral,,,89305f4d-9bed-4ce8-b8c0-b032c96f73c7,Species: Apis mellifera; Route: oral: unspecified,not specified,not specified,,,,b83340d9-313c-4c9a-950b-423d4bdb28ee,,,,,,,,,,,,,,,,,,,,,,,,,Apis mellifera,,other:,oral: unspecified,,,mortality,,,,,,,,,0.232,other:,µg/piece,,,LD50,,,,,,,,,,,,d6bf12b8-d898-44fd-a00c-fe3df6af6328,,,,,,,,,,,,,,,,,,,,
4344,4342,6e087c70-bfaf-44fc-beba-fbf5de168190,ENDPOINT_STUDY_RECORD.ToxicityToBees,818203ca-7db9-492d-9218-b7bc36775db7,toxicity to bees: acute contact,,,6e3cae81-7d99-40bd-8658-98b186c08f15,,not specified,not specified,,,,ee65ab54-2699-4592-bf26-a873fb551e0f,,,,,,,,,,,,,,,,,,,Milbemectin (purity 96.93 %),,,,,,Apis mellifera,,contact,,,,mortality,,,act. ingr.,,,,,,0.026,µg/bee,,,,LD50,,,,,,,,,,,,12275210-54f2-49c6-a143-215215940900,,,,,,,,,,,,,,,,,,,,
4345,4343,dbff83f4-9983-40d8-9b99-c06b49d832c0,ENDPOINT_STUDY_RECORD.ToxicityToBees,96fcb65a-4ac0-4237-b54f-91284f938477,bee larval toxicity - chronic,,,2c188888-c063-4ed5-b26f-d8513bbaa287,Species: Apis mellifera; Route: oral,,,,,,,,,,,,,,,,,,,,,,,,,,,,,,,Apis mellifera,,oral,,,,not specified,,,act. ingr.,,,,,,0.06,µg per larva,,,,NOED,,,,,,,,,,,,b3dd4d0e-0213-49c2-b34c-fea01e88f2d8,,,,,,,,,,,,,,,,,,,,
4346,4344,94907009-dc96-4221-bea0-7254d68367c7,ENDPOINT_STUDY_RECORD.ToxicityToBees,ae7eb956-7f12-4bbf-8d40-8913d9128129,toxicity to bees: acute oral,,,46d816cd-6c08-4b5b-9723-2cfb7c516980,Species: Apis mellifera; Route: oral: unspecified,not specified,not specified,,,,c3625753-fae7-4278-b816-585cc200798e,,,,,,,,,,,,,,,,,,,,,,,,,Apis mellifera,,other:,oral: unspecified,,,mortality,,,,,,,,>,1.0,other:,µg/piece,,,LD50,,,,,,,other:,,Remarks: oral toxicity,,,60497a6b-acaa-4f51-b777-76c5d773d965,,,,,,,,,,,,,,,,,,,,
4347,4345,77c604ec-dcec-4310-94dd-319477d8d0a7,ENDPOINT_STUDY_RECORD.ToxicityToBees,4104338f-ade3-4caa-9a0b-aa7f59b2f674,toxicity to bees: chronic oral,,,9176d8c7-c354-4973-9f66-6d42a4332198,Species: Apis mellifera; Route: oral; Exp. duration: 10.0 d,,,,,,,,,,,,,,,,,,d,10.0,,,,,,,,,,,,Apis mellifera,,oral,,,,not specified,,,test mat.,,A8587F (250 ME),,,,0.321,other:,g/kg diet,,,other:,10-d NOEC,,,,,,,,,,,9ca05b43-8d93-4d5c-8c11-7e0fef63ca6e,,,,,,,,,,,,,,,,,,,,
4348,4346,4fedbb40-84b9-4f47-8543-5b7527c60072,ENDPOINT_STUDY_RECORD.ToxicityToBees,9f20d42b-9ff2-4da6-a9f3-87ad8f7dd20e,toxicity to bees: acute oral,,,3303986d-df15-4689-a75c-ba91ba79c5d3,Limit test: yes; Species: Apis mellifera; Route: oral: unspecified; Exp. duration: 48.0 h,yes,no,other:,OTHER GUIDELINE,according to guideline,52e53fe3-5261-4a15-8b60-fe1df38a721f,,,,,yes,,,,,,,h,48.0,,,,,,,,,,,,Apis mellifera,,other:,oral: unspecified,,,mortality,,,,,,,,>,100.0,other:,µg/piece,,,LD50,,,,,,,other:,,"Remarks: Oral and contact toxicity. Guidelines: EPPO Guideline on test methods for evaluating the side-effects of plant protection products on honeybees. n.170 Bulletin OEPP/EPPO Bulletin 22, 203-215; ICPBR reccommendations, Avignon, France (1999).",,,b100a888-b4a5-480f-bf3a-552b3f59285b,,,,,,,,,,,,,,,,,,,,
4349,4347,d6a7ead9-d77a-4732-a2ed-8d02a14aebf4,ENDPOINT_STUDY_RECORD.ToxicityToBees,4bfab2fa-379b-4887-9301-c84700b91445,toxicity to bees: acute oral,,,d376f596-d6fc-496b-a197-e94a5aac80ad,,not specified,not specified,,,,20f8aa63-a995-4ae2-9402-aeb9a51311a0,,,,,,,,,,,,,,,,,,,BAS 560 00 F,,,,,,Apis mellifera,,oral,,,,mortality,,,act. ingr.,,,,,>,32.7,µg/bee,,,,LD50,,,,,,,,,,,,06a8587e-004d-43ec-94d1-34fb9cc2cc11,,,,,,,,,,,,,,,,,,,,
4350,4348,6a149a99-0996-4abb-9dff-f26d565c90e5,ENDPOINT_STUDY_RECORD.ToxicityToBees,7d44523d-cb1c-4707-aa2e-b186c5d466d0,toxicity to bees: acute contact,,,cbd69899-2992-4a0a-8532-74ecec7187df,Species: Apis mellifera; Route: dermal,not specified,not specified,,,,e46b5a23-8c4c-4823-9523-f9ca653c2ae4,,,,,,,,,,,,,,,,,,,,,,,,,Apis mellifera,,other:,dermal,,,mortality,,,,,,,,,15.8,other:,µg/piece,,,LD50,,,,,,,other:,,Remarks: Acute contact toxicity,,,6ca09629-2670-4de0-a2f7-ad3405d52330,,,,,,,,,,,,,,,,,,,,
4351,4349,c9f891e1-a3e8-4c09-88e9-64eff9a35030,ENDPOINT_STUDY_RECORD.ToxicityToBees,feccb3cb-2e28-4509-affa-1000601f0f9c,bee larval toxicity - chronic,,,580be492-4818-4a05-bfec-b5ac87dcea17,Species: Apis mellifera; Route: oral,,,,,,,,,,,,,,,,,,,,,,,,,,,,,,,Apis mellifera,,oral,,,,other:,"the survival of adult bees, eggs, larvae and pupae, brood development, behaviour, colony strength and colony conditions",,test mat.,,Dimethenamid-P (BAS 656 H),,,,171.04,µg per larva per developmental period,,,,NOED,,,,,,,other:,,"Remarks: No adverse effects on any endpoints assessed were observed (i.e. on the survival of adult bees, eggs, larvae and pupae, brood development, behaviour, colony strength and colony conditions) by feeding honey bee colonies sugar syrup at a concentration typically present in the spray tank (0.8 g a.s./L). The results of the Oomen were not be used for Tier 1 risk assessment. It is only provided as supporting information.",,,465176c8-6061-4e57-bb91-616c17addba0,,,,,,,,,,,,,,,,,,,,
4352,4350,a5b337a7-8866-4abe-bce7-8b21e9c19644,ENDPOINT_STUDY_RECORD.ToxicityToBees,32858068-f02d-4598-a25d-b270a94a5278,bee larval toxicity - chronic,,,4dd5f924-8295-44d0-8128-2b422a099fe1,,not specified,not specified,,,,10ba51d8-6d38-410c-bbed-2351e1cec030,,,,,,,,,,,,d,4.0,,,,,,Flutolanil 40 SC,,,,,,Apis mellifera,,,,,,not specified,,,act. ingr.,,,,,,10.0,µg per larva,,,,NOED,,,,larva,,,,,,,,5ebfd10b-b715-4fc5-aa37-f3ee8629b168,,,,,,,,,,,,,,,,,,,,
4353,4351,4106fae7-2f75-4c9c-8f24-69b585116cf8,ENDPOINT_STUDY_RECORD.ToxicityToBees,fb815bf9-798d-4cf3-a03d-aab0ded57ea4,toxicity to bees: acute oral,,,cbdb27dd-7d12-4245-b26d-8a6f3368273e,Limit test: no; Species: Apis mellifera; Route: oral: unspecified; Exp. duration: 48.0 h,yes,no,"OECD Guideline 213 (Honeybees, Acute Oral Toxicity Test)",,according to guideline,7c8b0318-81ed-47e3-b9cb-2012c38912c3,,,,,no,,,,,,,h,48.0,,,,,,,,,,,,Apis mellifera,,other:,oral: unspecified,,,mortality,,,,,,,,>,100.0,other:,µg/piece,,,LD50,,,,,,,other:,,Remarks: Acute contact and oral toxicity test,,,7c30d4f5-c59c-4b46-b238-c43615c4ba60,,,,,,,,,,,,,,,,,,,,
4354,4352,e110e07e-cd45-4fa6-a3a2-dbaddadaedf6,ENDPOINT_STUDY_RECORD.ToxicityToBees,08899d97-8bfc-42ea-9c2c-cd8da5809857,toxicity to bees: acute contact,,,f453f409-d7c4-48c3-8b71-210976a2e990,Limit test: yes; Species: Apis mellifera; Route: dermal; Exp. duration: 48.0 h,yes,no,"OECD Guideline 214 (Honeybees, Acute Contact Toxicity Test)",,according to guideline,d37cd444-29d2-45e0-87c2-2a8846c1585f,,,,,yes,,,,,,,h,48.0,,,,,,,,,,,,Apis mellifera,,other:,dermal,,,mortality,,,,,,,,>,200.0,other:,µg/piece,,,LD50,,,,,,,other:,,Remarks: Acute contact toxicity,,,e67435c3-72a8-4171-b13d-b2fb440dad62,,,,,,,,,,,,,,,,,,,,
4355,4353,a6892fe4-1b81-458a-998c-c21580c618f5,ENDPOINT_STUDY_RECORD.ToxicityToBees,1a966c46-8ab6-4c70-b530-660085255a73,toxicity to bees: acute contact,,,4126058e-c306-4a47-b822-aebcd0649b25,Species: Apis mellifera; Route: dermal; Exp. duration: 48.0 h,not specified,not specified,,,,02c52cb5-6916-44ce-be41-df828caafc3e,,,,,,,,,,,,h,48.0,,,,,,,,,,,,Apis mellifera,,other:,dermal,,,mortality,,,,,,,,>,200.0,other:,µg/piece,,,LD50,,,,,,,other:,,Remarks: Acute contact toxicity test,,,09a33b7e-5d67-405b-8e79-ee3764d6f0f3,,,,,,,,,,,,,,,,,,,,
4356,4354,31f8fa24-73d3-4f06-9be9-621f569f1034,ENDPOINT_STUDY_RECORD.ToxicityToBees,e61b0486-a3fd-4334-ba37-9e357b5cb4cd,toxicity to bees: chronic oral,,,24ac8bf5-3311-4e54-85f6-a106da80eae5,Species: Apis mellifera; Route: oral; Exp. duration: 10.0 d,,,,,,,,,,,,,,,,,,d,10.0,,,,,,,,,,,,Apis mellifera,,oral,,,,not specified,,,act. ingr.,,,,,,2000.0,other:,µg/L,,,other:,NOEC,,,,,,other:,,Remarks: 0.6497 µg a.s./bee,,,0cb5a4c1-9679-40e9-8a3b-fe425960243f,,,,,,,,,,,,,,,,,,,,
4357,4355,f11d00f1-7f4e-42dd-8c35-605172f2ee8c,ENDPOINT_STUDY_RECORD.ToxicityToBees,0524527f-6ca8-431d-a080-a0fa95eb89ef,toxicity to bees: acute oral,,,3dca94e8-55d8-4714-81eb-5783d0af3713,Limit test: yes; Species: Apis mellifera; Route: oral: unspecified; Exp. duration: 48.0 h,yes,no,"OECD Guideline 213 (Honeybees, Acute Oral Toxicity Test)",,according to guideline,7285d79c-a7a1-4815-84a5-34892f8fce1f,,,,,yes,,,,,,,h,48.0,,,,,,,,,,,,Apis mellifera,,other:,oral: unspecified,,,mortality,,,,,,,,>,98.5,other:,µg/piece,,,LD50,,,,,,,other:,,Remarks: Acute oral toxicity,,,462b6b96-3eed-4d78-b2b3-65e288b05d16,,,,,,,,,,,,,,,,,,,,
4358,4356,db5f24c8-6a0d-4114-88c3-46b041658cc6,ENDPOINT_STUDY_RECORD.ToxicityToBees,f5d92059-bec2-48a7-9cc4-90e03d8b16a7,toxicity to bees: acute contact,,,36654755-c09a-4a9f-9d7b-6e67029a6231,Species: Apis mellifera; Route: dermal,not specified,not specified,,,,ec9775cb-a620-4507-8260-9b427447cbb8,,,,,,,,,,,,,,,,,,,,,,,,,Apis mellifera,,other:,dermal,,,mortality,,,,,,,,>,100.0,other:,µg/piece,,,LD50,,,,,,,,,,,,7573a6b9-4341-4033-a968-d870f1844a29,,,,,,,,,,,,,,,,,,,,
4359,4357,d1ca644a-cc01-4bc6-befa-d28204f56792,ENDPOINT_STUDY_RECORD.ToxicityToBees,7d44523d-cb1c-4707-aa2e-b186c5d466d0,toxicity to bees: acute oral,,,496f9933-0a21-4cd6-92b9-871f10adb43b,Species: Apis mellifera; Route: oral: unspecified,not specified,not specified,,,,d7ca8dac-c803-4617-9d3b-f975e394a1b8,,,,,,,,,,,,,,,,,,,,,,,,,Apis mellifera,,other:,oral: unspecified,,,mortality,,,,,,,,>,118.5,other:,µg/piece,,,LD50,,,,,,,other:,,Remarks: Acute oral toxicity,,,57bb1ee1-8df3-480f-8fcf-8153ca11d00d,,,,,,,,,,,,,,,,,,,,
4360,4358,5972a4fa-4a4a-4c0b-84e5-920f05bfebb1,ENDPOINT_STUDY_RECORD.ToxicityToBees,74793209-5072-4fb4-80fe-fe3911753d75,toxicity to bees: acute oral,,,13c2dba5-7f84-4217-b093-948e1466c3b1,Species: Apis mellifera; Route: oral: unspecified; Exp. duration: 72.0 h,not specified,not specified,,,,c264410b-d484-4dcd-a396-b71492cebd89,,,,,,,,,,,,h,72.0,,,,,,,,,,,,Apis mellifera,,other:,oral: unspecified,,,mortality,,,,,,,,>,85.0,other:,µg/piece,,,LD50,,,,,,,other:,,Remarks: Acute oral toxicity,,,27249ff2-2c1d-4c9b-898d-9aff9deccc59,,,,,,,,,,,,,,,,,,,,
4361,4359,e6936440-2d6c-4ba5-8d98-da31ff9f9264,ENDPOINT_STUDY_RECORD.ToxicityToBees,53cd9afb-8023-4d31-98fc-b34ff732f242,toxicity to bees: acute contact,,,cdd2ad0c-4047-408c-8ba2-2cabc2c3345a,Species: Apis mellifera; Route: dermal,not specified,not specified,,,,207618d1-8b0d-4a61-b26b-d080d4ca1cbc,,,,,,,,,,,,,,,,,,,,,,,,,Apis mellifera,,other:,dermal,,,mortality,,,,,,,,>,40.0,other:,µg/piece,,,LD50,,,,,,,,,,,,4a409671-db07-494f-b980-36d3633dcf8e,,,,,,,,,,,,,,,,,,,,
4362,4360,ede109b3-53f0-4e7d-afe0-28a07693ca51,ENDPOINT_STUDY_RECORD.ToxicityToBees,ee3baf05-85ed-4a6b-aad9-2bdb818806fa,toxicity to bees: acute contact,,,e65f4829-a620-4877-8591-0fd4eb99bc56,Species: Apis mellifera; Route: dermal; Exp. duration: 48.0 h,not specified,not specified,,,,26bf7eba-8f8d-41fa-98df-3eae1257afea,,,,,,,,,,,,h,48.0,,,,,,,,,,,,Apis mellifera,,other:,dermal,,,mortality,,,,,,,,>,100.0,other:,µg/piece,,,LD50,,,,,,,other:,,Remarks: Acute contact toxicity test,,,be95a27f-3bc0-4ac4-a30c-92fd51ee711f,,,,,,,,,,,,,,,,,,,,
4363,4361,e9614306-8c89-4330-ba5f-ab0d3930c4a8,ENDPOINT_STUDY_RECORD.ToxicityToBees,f90b53a5-973b-4540-9eae-1856df585f03,toxicity to bees: chronic oral,,,1b66eea4-2b36-4e17-939f-86f2887cfa1d,Species: Apis mellifera; Route: oral; Exp. duration: 10.0 d,,,,,,,,,,,,,,,,,,d,10.0,,,,,,,,,,,,Apis mellifera,,oral,,,,not specified,,,test mat.,,PMP SE 160,,,,4.8,µg/bee,,,,other:,10-d NOEDD,,,,,,,,,,,b92c5306-6f38-425e-9ee8-034f0600d55f,,,,,,,,,,,,,,,,,,,,
4364,4362,f5e264a5-260f-4c26-817f-8a3c2ca7a2f8,ENDPOINT_STUDY_RECORD.ToxicityToBees,a6a28341-9b01-4f83-a4f5-68bfc496b9c3,toxicity to bees: acute oral,,,c7386d72-bae3-4f1a-9a32-fe2bcc81977f,Species: Apis mellifera; Route: oral: unspecified; Exp. duration: 48.0 h,not specified,not specified,,,,cf437b25-9e6d-49e5-a278-1129b07d59e2,,,,,,,,,,,,h,48.0,,,,,,,,,,,,Apis mellifera,,other:,oral: unspecified,,,mortality,,,,,,,,>,110.0,other:,µg/piece,,,LD50,,,,,,,,,,,,e14d16cb-e08d-4eef-bbb3-f4d000054e3a,,,,,,,,,,,,,,,,,,,,
4365,4363,09eb8ded-2116-4edb-84a5-7f4bbae5527a,ENDPOINT_STUDY_RECORD.ToxicityToBees,1d4b107f-5abe-4373-852f-a7b56316506d,toxicity to bees: chronic oral,,,5f799b33-7491-4195-8159-cc2d7115d0fd,Species: Apis mellifera; Route: oral; Exp. duration: 10.0 d,,,,,,,,,,,,,,,,,,d,10.0,,,,,,,,,,,,Apis mellifera,,oral,,,,mortality,,,test mat.,,MON 74134,,,,48.0,µg/bee per day,,,,10-d LDD50,,,,,,,,,,,,3f6456bc-24e3-4d7c-84a4-becd334b67d0,,,,,,,,,,,,,,,,,,,,
4366,4364,b70f7ebc-9d7b-4359-8a1a-d81179f62804,ENDPOINT_STUDY_RECORD.ToxicityToBees,c5a05f6c-b34b-4ab6-91f9-da4f8bdcd99e,toxicity to bees: acute contact,,,83792fe3-ab3d-4c0c-94f9-f40c0aa293ab,,not specified,not specified,,,,cf901f07-b3ba-47fc-a0b7-eb85e000e8f6,,,,,,,,,,,,h,48.0,,,,,,BAS 540 01 F,,,,,,Apis mellifera,,other:,dermal,,,mortality,,,act. ingr.,,,h,48.0,>,50.0,µg/bee,,,,LD50,,,,,,,,,,,,b0735ec9-15b7-4dbc-b845-79826db0292c,,,,,,,,,,,,,,,,,,,,
4367,4365,b70f7ebc-9d7b-4359-8a1a-d81179f62804,ENDPOINT_STUDY_RECORD.ToxicityToBees,c5a05f6c-b34b-4ab6-91f9-da4f8bdcd99e,toxicity to bees: acute contact,,,cdfc9417-f387-4558-9923-8540c15354c6,,not specified,not specified,,,,cf901f07-b3ba-47fc-a0b7-eb85e000e8f6,,,,,,,,,,,,h,48.0,,,,,,BAS 540 01 F,,,,,,Apis mellifera,,other:,dermal,,,mortality,,,act. ingr.,,,h,48.0,>,50.0,µg/bee,,,,LD50,,,,,,,,,,,,b0735ec9-15b7-4dbc-b845-79826db0292c,,,,,,,,,,,,,,,,,,,,
4368,4366,5a6ad503-d8e7-4803-87a9-d33cbcd85867,ENDPOINT_STUDY_RECORD.ToxicityToBees,7e0d703d-fb9f-4319-bf7a-825ef6043c25,toxicity to bees: acute contact,,,98e67670-2aa6-4f98-9ede-5a8679718f44,Species: Apis mellifera; Route: dermal,not specified,not specified,,,,d88d95f9-72ab-43bb-82f9-3618501a4370,,,,,,,,,,,,,,,,,,,,,,,,,Apis mellifera,,other:,dermal,,,mortality,,,,,,,,,0.0357,other:,µg/piece,,,LD50,,,,,,,other:,,Remarks: Acute contact toxicity test,,,2592ef37-18e4-4b80-9c15-eea40672a0fc,,,,,,,,,,,,,,,,,,,,
4369,4367,313e8643-b749-449c-bbdc-551895708be7,ENDPOINT_STUDY_RECORD.ToxicityToBees,25cab7b6-759b-4df2-8750-2536c3fb6a65,toxicity to bees: acute contact,,,78d7f5cb-5e45-4c3e-aa7d-acad607bac48,Species: Apis mellifera; Route: dermal; Exp. duration: 48.0 h,not specified,not specified,,,,7dac74d8-814b-4664-baed-9180e0d02a0d,,,,,,,,,,,,h,48.0,,,,,,,,,,,,Apis mellifera,,other:,dermal,,,mortality,,,,,,,,,0.23,other:,µg/piece,,,LD50,,,,,,,,,,,,43eb7516-bcb4-40ce-a144-19975b2bce54,,,,,,,,,,,,,,,,,,,,
4370,4368,676e8c89-77de-4ceb-8f24-46b29aabe08d,ENDPOINT_STUDY_RECORD.ToxicityToBees,a30b4eb7-d115-4e63-8313-11f79be848f7,toxicity to bees: chronic oral,,,cd3e62d7-0067-438d-8ffb-9dff2838d2ce,Species: Apis mellifera; Route: oral; Exp. duration: 10.0 d,,,,,,,,,,,,,,,,,,d,10.0,,,,,,,,,,,,Apis mellifera,,oral,,,,mortality,,,act. ingr.,,,,,>,120.0,mg/kg diet,,,,other:,10-d LC50,,,,,,,,,,,871793da-e8c0-4ffe-b896-0eec7d166971,,,,,,,,,,,,,,,,,,,,
4371,4369,94f9df01-d563-441b-8fcb-5e7f9a8962f5,ENDPOINT_STUDY_RECORD.ToxicityToBees,76f3967f-21b6-4c44-a8af-968051484b0e,toxicity to bees: acute oral,,,beb0f8ae-c638-468a-8840-cfeb99419d49,Species: Apis mellifera; Route: oral: unspecified,not specified,not specified,,,,bdbee729-8b5d-49a0-a140-efdcf081832b,,,,,,,,,,,,,,,,,,,,,,,,,Apis mellifera,,other:,oral: unspecified,,,mortality,,,,,,,,>,6.5,other:,µg/piece,,,LD50,,,,,,,other:,,Remarks: Acute oral toxicity,,,64c120ac-cb22-479b-9ffd-a10431d493b5,,,,,,,,,,,,,,,,,,,,
4372,4370,bec65dbb-bdd4-4a44-9763-6be142607bb8,ENDPOINT_STUDY_RECORD.ToxicityToBees,a8399645-cdd4-43cd-8d23-dd9dd781a96a,toxicity to bees: chronic oral,,,97a7eddf-cc23-4ea2-b19d-6538771dde90,,not specified,not specified,,,,271440bc-5c40-4d62-89a7-3d442709ba71,,,,,,,,,,,,d,10.0,,,,,,A8240D,,,,,,Apis mellifera,,oral,,,,not specified,,,act. ingr.,,,,,,44.06,µg/bee per day,,,,other:,,10-d NOED,,,,,,,,,,28699c5e-ad25-440b-87c2-d86f014d04d3,,,,,,,,,,,,,,,,,,,,
4373,4371,ebef5851-46c5-4030-8c38-6d4f292eae23,ENDPOINT_STUDY_RECORD.ToxicityToBees,4104338f-ade3-4caa-9a0b-aa7f59b2f674,bee larval toxicity - acute,,,9176d8c7-c354-4973-9f66-6d42a4332198,Species: Apis mellifera; Route: oral; Exp. duration: 1.0 d,,,,,,,,,,,,,,,,,,d,1.0,,,,,,,,,,,,Apis mellifera,,oral,,,,other:,Sub-lethal effects were seen and not all food was consumed (i.e. the toxicity may be underestimated),,test mat.,,Dimethenamid-P (BAS 656 H),,,,49.6,µg per larva,,,,NOED,,,,,,,other:,,Remarks: Endpoints from a single dose in-vitro laboratory study.,,,f1b043ac-0464-46e6-990f-f8c5009547df,,,,,,,,,,,,,,,,,,,,
4374,4372,7ff0d051-b287-4c6c-b183-e7da7b6b802c,ENDPOINT_STUDY_RECORD.ToxicityToBees,33fd2993-4ecc-4b82-8ef2-cd9f9e9331ef,toxicity to bees: acute oral,,,9b3e72f0-3792-48eb-b75c-7197573a55d2,Limit test: no; Species: Apis mellifera; Route: oral: unspecified; Exp. duration: 48.0 h,yes,not specified,,,,28a7d792-5e66-4808-aa35-0e2eaa81f2cb,,,,,no,,,,,,,h,48.0,,,,,,,,,,,,Apis mellifera,,other:,oral: unspecified,,,mortality,,,,,,,,>,25.0,other:,µg/piece,,,LD50,,,,,,,other:,,Remarks: Acute oral toxicity,,,8f3d94a2-7498-4086-98f2-c245cbbf7639,,,,,,,,,,,,,,,,,,,,
4375,4373,f9a5c1f2-686f-4333-8fbd-a4618e214751,ENDPOINT_STUDY_RECORD.ToxicityToBees,f9e9e1c8-d535-425a-88da-a7469737b600,toxicity to bees: acute oral,,,c8e3de78-431a-48c9-84c0-3db87f9b0e85,Species: Apis mellifera; Route: oral: unspecified,not specified,not specified,,,,6d712518-5805-44ea-a8ca-1a86e53b6719,,,,,,,,,,,,,,,,,,,,,,,,,Apis mellifera,,other:,oral: unspecified,,,mortality,,,,,,,,>,41.6,other:,µg/piece,,,LD50,,,,,,,,,,,,93dfd527-4e26-4013-a6ce-bec71c20681a,,,,,,,,,,,,,,,,,,,,
4376,4374,fa2a1b40-5cbe-4e3f-a007-fb9b05faee33,ENDPOINT_STUDY_RECORD.ToxicityToBees,3f0a27bd-484f-43df-8934-fb312d1f261e,toxicity to bees: chronic oral,,,8b11331d-2cac-471b-83a4-0fabb00b5f86,Species: Apis mellifera; Route: oral; Exp. duration: 10.0 d,,,,,,,,,,,,,,,,,,d,10.0,,,,,,,,,,,,Apis mellifera,,oral,,,,other:,Hypopharyngeal glands,,test mat.,,Carfentrazone-ethyl 60 ME/EO,,,,200.0,µg/bee per day,,,,NOED,,,,,,,,,,,,76830ebb-7efa-42c9-a03f-c0756dff41df,,,,,,,,,,,,,,,,,,,,
4377,4375,6d001a66-8bdc-4240-93d0-26d91ec7e4b0,ENDPOINT_STUDY_RECORD.ToxicityToBees,b8ae35c2-0a1a-452f-8e25-79a1db637552,toxicity to bees: acute contact,,,0ea68f58-8b1a-4c39-965b-fee8343734c7,Limit test: no; Species: Apis mellifera; Route: dermal; Exp. duration: 72.0 h,yes,no,"OECD Guideline 214 (Honeybees, Acute Contact Toxicity Test)",,according to guideline,e155aca7-27bf-487d-b0c6-f99d0f0c7977,,,,,no,,,,,,,h,72.0,,,,,,Formulation: Ethametsulfuron-methyl 75WG + DPX-KG691,,,,,,Apis mellifera,,other:,dermal,,,mortality,,,,,,,,,4.62,other:,µg/piece,,,LD50,,,,,,,other:,,Remarks: Acute contact toxicity,,,c52dcb48-11e2-4352-b475-2d8c3ba78d21,,,,,,,,,,,,,,,,,,,,
4378,4376,3ea95332-42f9-4e1d-a477-b9364321417c,ENDPOINT_STUDY_RECORD.ToxicityToBees,4a0d0fe3-c7d6-42bd-9398-52f94d86e2eb,toxicity to bees: chronic oral,,,6caa4d13-0038-4b8a-b24d-96c05eb46a1c,,not specified,not specified,,,,ac432fa0-8473-4760-858e-cf5d19daaaf4,,,,,,,,,,,,,,,,,,,,,,,,,Apis mellifera,,oral,,,,mortality,,,,,,,,>,106.2,µg/bee per day,,,,10-d LDD50,,,,,,,,,,,,a925b52f-1e57-4808-9acf-7cba131bbe05,,,,,,,,,,,,,,,,,,,,
4379,4377,9cb1c3c9-a46d-4b9b-b280-c0fa3b67e610,ENDPOINT_STUDY_RECORD.ToxicityToBees,74334cf4-659a-4dba-ba70-3baa87306383,bee larval toxicity - chronic,,,8067d5c9-daed-4299-8f77-48b984aff1e7,Species: Apis mellifera; Route: oral,,,,,,,,,,,,,,,,,,,,,,,,,,,,,,,Apis mellifera,,oral,,,,not specified,,,test mat.,,ETOXAZOLE 11 SC,,,,0.379,other:,g/kg diet,,,other:,NOEC,,,,,,,,,,,e6d8e3ca-5896-4742-bf9d-51d21e1c0a99,,,,,,,,,,,,,,,,,,,,
4380,4378,3c539a28-2a56-4c66-a9f9-0a7effff227b,ENDPOINT_STUDY_RECORD.ToxicityToBees,c76d3f6b-60d6-4da9-8513-1a858c3f897f,toxicity to bees: chronic oral,,,7c73a586-fb9e-4d1a-8fcc-369f433c461b,Species: Apis mellifera; Route: oral; Exp. duration: 10.0 d,,,,,,,,,,,,,,,,,,d,10.0,,,,,,,,,,,,Apis mellifera,,oral,,,,mortality,,,act. ingr.,,,,,>,246.12,µg/bee per day,,,,10-d LDD50,,,,,,,,,,,,ca25e733-29e6-4a75-b229-ea160fb97f8e,,,,,,,,,,,,,,,,,,,,
4381,4379,26063789-4995-4a96-bd98-64b1ce4d93ed,ENDPOINT_STUDY_RECORD.ToxicityToBees,5d1907a1-6bea-40e1-8512-bd798a9b4fca,toxicity to bees: chronic oral,,,93551520-a60c-45c9-867f-332e56b38581,Species: Apis mellifera; Route: oral; Exp. duration: 10.0 d,,,,,,,,,,,,,,,,,,d,10.0,,,,,,,,,,,,Apis mellifera,,oral,,,,mortality,,,act. ingr.,,,,,>,0.00282,µg/bee per day,,,,10-d LDD50,,,,,,,,,,,,44d3ab18-0528-430c-902f-22ac35a757e9,,,,,,,,,,,,,,,,,,,,
4382,4380,87545ef9-e8a7-42fb-9132-c46c5ba806cd,ENDPOINT_STUDY_RECORD.ToxicityToBees,1fd4da2a-00e6-45c5-a73a-b32ace3ed91d,bee larval toxicity - chronic,,,ea217f4a-8d36-4ba3-919a-5af3e4654b30,Species: Apis mellifera; Route: oral; Exp. duration: 4.0 d,,,,,,,,,,,,,,,,,,d,4.0,,,,,,,,,,,,Apis mellifera,,oral,,,,emergence rate,,,act. ingr.,,,,,>,154.0,µg per larva,,,,other:,22-d NOED,,,,,,,,,,,5597b5a2-a148-44d0-890c-e3683d037edd,,,,,,,,,,,,,,,,,,,,
4383,4381,d418bdae-20ae-4b7b-ae38-b96b84d25ba4,ENDPOINT_STUDY_RECORD.ToxicityToBees,5fb5b9dc-638f-43cb-b86b-947bf8902a8c,toxicity to bees: acute oral,,,f8231c82-faa8-419b-8bde-38bdf6846b64,Species: Apis mellifera; Route: oral: unspecified; Exp. duration: 48.0 h,not specified,not specified,,,,146f1a62-5b28-4ebd-b3ff-158fcae57813,,,,,,,,,,,,h,48.0,,,,,,,,,,,,Apis mellifera,,other:,oral: unspecified,,,mortality,,,,,,,,>,100.0,other:,µg/piece,,,LD50,,,,,,,other:,,Remarks: Acute oral and contact toxicity,,,9c90837f-3285-4105-9978-88776b9130f0,,,,,,,,,,,,,,,,,,,,
4384,4382,8a206047-7c76-4ee7-8677-79a4a9938c87,ENDPOINT_STUDY_RECORD.ToxicityToBees,c2c7a8f8-e239-4c19-97a5-264dd2613b10,toxicity to bees: acute oral,,,cbaaee7a-d3ab-45a0-9de0-796f4fa11721,Species: Apis mellifera; Route: oral: unspecified; Exp. duration: 48.0 h,not specified,not specified,,,,68af5ec9-a59c-4b6d-9780-84ab77f1f282,,,,,,,,,,,,h,48.0,,,,,,,,,,,,Apis mellifera,,other:,oral: unspecified,,,mortality,,,,,,,,>,72.0,other:,µg/piece,,,LD50,,,,,,,other:,,Remarks: Acute oral toxicity,,,ddddb146-c5f6-43cc-a9ee-92d387f537ed,,,,,,,,,,,,,,,,,,,,
4385,4383,717b3f0a-7fe9-4bea-82c5-375ab8e1ba2a,ENDPOINT_STUDY_RECORD.ToxicityToBees,39606eeb-dc29-4fde-8801-7e48ca446553,toxicity to bees: acute contact,,,0385b1cf-b075-4264-bf84-9f4c574ff75c,Species: Apis mellifera; Route: dermal; Exp. duration: 48.0 h,not specified,not specified,,,,454ed4ea-3e15-4a3a-8fa4-2dbe3a0d1140,,,,,,,,,,,,h,48.0,,,,,,,,,,,,Apis mellifera,,other:,dermal,,,mortality,,,,,,,,>,100.0,other:,µg/piece,,,LD50,,,,,,,other:,,Remarks: Contact toxicity.,,,b03744c8-344b-417e-90ad-f44dcdab1288,,,,,,,,,,,,,,,,,,,,
4386,4384,484c4e9c-a0eb-41c1-b863-36eaa48d2cca,ENDPOINT_STUDY_RECORD.ToxicityToBees,4676618c-ff4f-416c-a0f2-ed41c7fa0a0f,toxicity to bees: acute contact,,,e605927c-9032-4b62-999e-3aa19e768014,Species: Apis mellifera; Route: dermal,not specified,not specified,,,,3b5d5ec9-e602-4c09-a6b5-12a5e30325c3,,,,,,,,,,,,,,,,,,,NEU 1160 I EC Rape seed oil 96%,,,,,,Apis mellifera,,other:,dermal,,,mortality,,,,,,,,>,650.0,other:,µg/piece,,,LD50,,,,,,,,,,,,93276347-a487-48d0-8480-e79435eeeb5b,,,,,,,,,,,,,,,,,,,,
4387,4385,65d4697a-2f1a-459d-be61-0ff66ff28d81,ENDPOINT_STUDY_RECORD.ToxicityToBees,7a7af7e7-c629-463f-9ac4-25e1ea4e43c8,toxicity to bees: acute oral,,,d4eddc46-e4b4-456a-be4e-2ff6ce90dd61,Species: Apis mellifera; Route: oral: unspecified; Exp. duration: 48.0 h,not specified,not specified,,,,b3d96b64-58e5-4e63-9385-c7c8c4654ef5,,,,,,,,,,,,h,48.0,,,,,,,,,,,,Apis mellifera,,other:,oral: unspecified,,,mortality,,,,,,,,>,198.0,other:,µg/piece,,,LD50,,,,,,,,,,,,1d45ab18-7ba6-4654-a9d9-f974ba8ad4b4,,,,,,,,,,,,,,,,,,,,
4388,4386,4fadcc26-e69f-4a37-948e-dc8b4f83a39c,ENDPOINT_STUDY_RECORD.ToxicityToBees,f8e3e166-705b-4eba-8686-b2baf7d8f118,toxicity to bees: acute oral,,,eb41218e-a064-4b35-b77c-d3f8af9ed2ae,Species: Apis mellifera; Route: oral: unspecified,not specified,not specified,,,,7a7d31a7-5c99-4c65-bc6c-559619d836f1,,,,,,,,,,,,,,,,,,,,,,,,,Apis mellifera,,other:,oral: unspecified,,,mortality,,,,,,,,>,109.0,other:,µg/piece,,,LD50,,,,,,,other:,,Remarks: Acute oral toxicity,,,61165ff6-97ec-4ba6-bdc2-100012397dfc,,,,,,,,,,,,,,,,,,,,
4389,4387,b633dce6-55e7-459c-859b-50c9b42ff002,ENDPOINT_STUDY_RECORD.ToxicityToBees,d9ebe307-e49b-4b64-b1a3-796fa5d6d85b,toxicity to bees: acute oral,,,3a0884d3-f0c5-4712-ac88-da8a4bdce891,Species: Apis mellifera; Route: oral: unspecified,not specified,not specified,,,,3bf3499c-98cd-47dd-946d-b25bb46c7f74,,,,,,,,,,,,,,,,,,,,,,,,,Apis mellifera,,other:,oral: unspecified,,,mortality,,,,,,,,>,4.0,other:,µg/piece,,,LD50,,,,,,,other:,,Remarks: Acute oral toxicity; Limit test:only a dose was tested.,,,7f8a31d1-0bba-4b1d-940d-16abd8cea962,,,,,,,,,,,,,,,,,,,,
4390,4388,70a57cc9-9bff-4c71-b105-56e380d3a713,ENDPOINT_STUDY_RECORD.ToxicityToBees,48adc8af-0eb2-4040-a4fd-4d3a09f205b6,toxicity to bees: chronic oral,,,ac6e295e-e383-439e-9660-e35252fa536b,,not specified,not specified,,,,a85aba88-d1dd-4985-bd30-c9b5d6482623,,,,,,,,,,,,d,10.0,,,,,,Metribuzin SC 600,,,,,,Apis mellifera,,oral,,,,mortality,,,,,,,,,6.17,µg/bee per day,,,,other:,LDD10,,,,,,,,,,,374984af-2de9-4444-a135-6e0418e78283,,,,,,,,,,,,,,,,,,,,
4391,4389,70a57cc9-9bff-4c71-b105-56e380d3a713,ENDPOINT_STUDY_RECORD.ToxicityToBees,48adc8af-0eb2-4040-a4fd-4d3a09f205b6,toxicity to bees: chronic oral,,,ac6e295e-e383-439e-9660-e35252fa536b,,not specified,not specified,,,,a85aba88-d1dd-4985-bd30-c9b5d6482623,,,,,,,,,,,,d,10.0,,,,,,Metribuzin SC 600,,,,,,Apis mellifera,,oral,,,,mortality,,,,,,,,,8.72,µg/bee per day,,,,other:,LDD50,,,,,,,,,,,368ce8ce-b481-4fd4-afc8-18ad2a9fdb98,,,,,,,,,,,,,,,,,,,,
4392,4390,70a57cc9-9bff-4c71-b105-56e380d3a713,ENDPOINT_STUDY_RECORD.ToxicityToBees,48adc8af-0eb2-4040-a4fd-4d3a09f205b6,toxicity to bees: chronic oral,,,ac6e295e-e383-439e-9660-e35252fa536b,,not specified,not specified,,,,a85aba88-d1dd-4985-bd30-c9b5d6482623,,,,,,,,,,,,d,10.0,,,,,,Metribuzin SC 600,,,,,,Apis mellifera,,oral,,,,not specified,,,,,,,,,6.48,µg/bee per day,,,,other:,NOEDD,,,,,,,,,,,d1290d33-7400-4b8b-90aa-2eec724207af,,,,,,,,,,,,,,,,,,,,
4393,4391,70a57cc9-9bff-4c71-b105-56e380d3a713,ENDPOINT_STUDY_RECORD.ToxicityToBees,48adc8af-0eb2-4040-a4fd-4d3a09f205b6,toxicity to bees: chronic oral,,,ac6e295e-e383-439e-9660-e35252fa536b,,not specified,not specified,,,,a85aba88-d1dd-4985-bd30-c9b5d6482623,,,,,,,,,,,,d,10.0,,,,,,Metribuzin SC 600,,,,,,Apis mellifera,,oral,,,,mortality,,,,,,,,,619.52,other:,mg/kg,,,other:,LC50,,,,,,,,,,,76aa5b47-01b8-4080-9361-2f3bcd728df0,,,,,,,,,,,,,,,,,,,,
4394,4392,70a57cc9-9bff-4c71-b105-56e380d3a713,ENDPOINT_STUDY_RECORD.ToxicityToBees,48adc8af-0eb2-4040-a4fd-4d3a09f205b6,toxicity to bees: chronic oral,,,ac6e295e-e383-439e-9660-e35252fa536b,,not specified,not specified,,,,a85aba88-d1dd-4985-bd30-c9b5d6482623,,,,,,,,,,,,d,10.0,,,,,,Metribuzin SC 600,,,,,,Apis mellifera,,oral,,,,not specified,,,,,,,,,400.0,other:,mg/kg,,,other:,NOEC,,,,,,,,,,,8a9046cf-2b53-403f-9b06-1e8997f002b8,,,,,,,,,,,,,,,,,,,,
4395,4393,eab40e88-b159-48f2-be68-1a8147952c00,ENDPOINT_STUDY_RECORD.ToxicityToBees,fb431733-ef75-4f68-8fa8-c00dd8cfc3e5,"toxicity to bees, other",,,eb7fa9b1-ca87-48f7-a53b-90765cd42ba0,Species: Apis mellifera; Route: inhalation; Exp. duration: 48.0 h,not specified,not specified,,,,566d14ae-977c-448d-946e-407836ba0d24,,,,,,,,,,,,h,48.0,,,,,,,,,,,,Apis mellifera,,other:,inhalation,,,mortality,,,,,,,,,115.0,other:,mg/m³,,,other:,NOEC,,,,,,other:,,Remarks: inhalation toxicity,,,abc97726-b076-4ab3-a8f7-e00e82959223,,,,,,,,,,,,,,,,,,,,
4396,4394,696aef6e-f359-427d-b876-141973070834,ENDPOINT_STUDY_RECORD.ToxicityToBees,58c573a0-df2d-49fd-94ec-a4c32271fc96,toxicity to bees: acute contact,,,fcc2ee54-ba91-4129-a5ea-4cb65f196db4,Species: Apis mellifera; Route: dermal,not specified,not specified,,,,74c395f1-5c0f-45a0-b1df-78083df752ba,,,,,,,,,,,,,,,,,,,,,,,,,Apis mellifera,,other:,dermal,,,mortality,,,,,,,,>,100.0,other:,µg/piece,,,LD50,,,,,,,other:,,Remarks: Acute contact toxicity,,,e125b09e-b561-48c0-8ad0-939b78ff4690,,,,,,,,,,,,,,,,,,,,
4397,4395,3382e1cf-c3d1-4dfd-a378-3d39c42e6545,ENDPOINT_STUDY_RECORD.ToxicityToBees,3f0a27bd-484f-43df-8934-fb312d1f261e,toxicity to bees: chronic oral,,,8b11331d-2cac-471b-83a4-0fabb00b5f86,Species: Apis mellifera; Route: oral; Exp. duration: 10.0 d,,,,,,,,,,,,,,,,,,d,10.0,,,,,,,,,,,,Apis mellifera,,oral,,,,mortality,,,test mat.,,Carfentrazone-ethyl 40 WG,,,>,200.0,µg/bee per day,,,,LD50,,,,,,,,,,,,71b75fe5-314f-4a0e-9c9d-83ecaaaf394d,,,,,,,,,,,,,,,,,,,,
4398,4396,1b7a932b-d00f-41c4-b6f3-9f606ec0e747,ENDPOINT_STUDY_RECORD.ToxicityToBees,62d34108-e968-4ce2-a9c1-280718f51d6b,toxicity to bees: acute oral,,,2476311a-e658-485c-893a-8ea34c8c6017,Species: Apis mellifera; Route: oral: unspecified,not specified,not specified,,,,83432a0c-ea5d-45d3-ac74-2f80e3962109,,,,,,,,,,,,,,,,,,,,,,,,,Apis mellifera,,other:,oral: unspecified,,,mortality,,,,,,,,,0.00379,other:,µg/piece,,,LD50,,,,,,,,,,,,5dd7131b-7809-43ef-9287-31705bf82c23,,,,,,,,,,,,,,,,,,,,
4399,4397,685dac33-a4b8-4783-a846-4a917b116187,ENDPOINT_STUDY_RECORD.ToxicityToBees,d650b8b9-dcd0-4525-93a5-5d9a7e7bb41d,toxicity to bees: acute contact,,,20ec67b7-10c6-4fc6-bc1c-0767a4f9e778,Species: Apis mellifera; Route: dermal,not specified,not specified,,,,ed801301-a1a7-47de-9e9b-d8b690ebb271,,,,,,,,,,,,,,,,,,,,,,,,,Apis mellifera,,other:,dermal,,,mortality,,,,,,,,,0.22,other:,µg/piece,,,LD50,,,,,,,,,,,,61a38538-071d-44ab-8057-40e332facd4b,,,,,,,,,,,,,,,,,,,,
4400,4398,742d47c3-aab5-4deb-bf8d-9e99268f7ea5,ENDPOINT_STUDY_RECORD.ToxicityToBees,c4cf1153-630b-41d3-bcef-31774b0657db,toxicity to bees: chronic oral,,,f847ef03-4132-4f82-9069-a1f57e2afccb,Species: Apis mellifera; Route: oral; Exp. duration: 10.0 d,,,,,,,,,,,,,,,,,,d,10.0,,,,,,,,,,,,Apis mellifera,,oral,,,,mortality,,,test mat.,,CHA 2745-03,,,,31.6,µg/bee per day,,,,10-d LDD50,,,,,,,,,,,,c593d4b5-45f3-4f65-9fce-dc5b9ccc4d29,,,,,,,,,,,,,,,,,,,,
4401,4399,089e2f2e-fade-4b30-b4ad-b5d8dca6271b,ENDPOINT_STUDY_RECORD.ToxicityToBees,5743bdfe-a08a-4f78-9090-bd4fe2cd2c87,toxicity to bees: acute oral,,,6c2f67b2-0fd0-4772-a100-3d2cbbb09c8e,Limit test: no; Species: Apis mellifera; Route: oral: unspecified; Exp. duration: 48.0 h,yes,no,"OECD Guideline 213 (Honeybees, Acute Oral Toxicity Test)",,according to guideline,c4574f0c-dcd3-4705-9719-88b058bf0594,,,,,no,,,,,,,h,48.0,,,,,,Fenbuconazole (formulation) - Indar 5EC,,,,,,Apis mellifera,,other:,oral: unspecified,,,mortality,,,,,,,,>,5.2,other:,µg/piece,,,LD50,,,,,,,other:,,Remarks: Acute oral toxicity,,,b5c53eee-2182-41db-a154-cfa32f38c7f4,,,,,,,,,,,,,,,,,,,,
4402,4400,cafdf375-ba24-4dd5-a308-08097a523db7,ENDPOINT_STUDY_RECORD.ToxicityToBees,feccb3cb-2e28-4509-affa-1000601f0f9c,toxicity to bees: chronic oral,,,580be492-4818-4a05-bfec-b5ac87dcea17,Species: Apis mellifera; Route: oral; Exp. duration: 10.0 d,,,,,,,,,,,,,,,,,,d,10.0,,,,,,,,,,,,Apis mellifera,,oral,,,,mortality,,,test mat.,,PMP SE 160,,,>,120.0,mg/kg diet,,,,other:,10-d LC50,,,,,,,,,,,1420d238-b215-44d4-82dd-c59772205abc,,,,,,,,,,,,,,,,,,,,
4403,4401,aca9c6a4-c23b-49b7-91a2-502f88944bdf,ENDPOINT_STUDY_RECORD.ToxicityToBees,6466c4e7-7266-4cfb-a0e4-49334015b293,bee larval toxicity - acute,,,839e7251-5fd6-4b8e-bea4-ca09c56be1a4,Species: Apis mellifera; Route: oral; Exp. duration: 1.0 d,,,,,,,,,,,,,,,,,,d,1.0,,,,,,,,,,,,Apis mellifera,,oral,,,,mortality,,,act. ingr.,,,,,,1.246,µg per larva,,,,LD50,,,,,,,,,,,,6dc24f6c-e0e6-4edd-be81-6697aff66af7,,,,,,,,,,,,,,,,,,,,
4404,4402,9d8d4e0a-e026-4f46-98f2-f6fe3e2ce8cd,ENDPOINT_STUDY_RECORD.ToxicityToBees,f5db0362-7c8b-4259-97cf-9339a9a92a02,toxicity to bees: chronic oral,,,94f377c7-7004-4e70-9522-e505cd25d7e3,Species: Apis mellifera; Route: oral; Exp. duration: 10.0 d,,,,,,,,,,,,,,,,,,d,10.0,,,,,,,,,,,,Apis mellifera,,oral,,,,mortality,,,act. ingr.,,,,,,3.1,µg/bee per day,,,,10-d LDD50,,,,,,,,,,,,30b1e4c2-6c19-45cb-9b50-b015eda3b2bb,,,,,,,,,,,,,,,,,,,,
4405,4403,d44e2a08-ebf4-4ed7-97ca-a2219f647616,ENDPOINT_STUDY_RECORD.ToxicityToBees,f8e9fdf5-7cc5-4ab5-a7f9-772d1c00b497,toxicity to bees: acute oral,,,5cd9f96e-5ea1-4c6f-952f-b69312f21e8a,Limit test: yes; Species: Apis mellifera; Route: oral: unspecified; Exp. duration: 48.0 h,not specified,not specified,,,,286f1f4b-9922-4ffe-b4bc-36d7b3b8ff3e,,,,,yes,,,,,,,h,48.0,,,,,,,,,,,,Apis mellifera,,other:,oral: unspecified,,,mortality,,,,,,,,,0.1,other:,µg/piece,,,LD50,,,,,,,other:,,Remarks: Acute oral toxicity,,,4a36d307-a723-4e92-9264-7cbacee8f7cf,,,,,,,,,,,,,,,,,,,,
4406,4404,6c0df7fe-c076-4342-be6b-fa7af55509f0,ENDPOINT_STUDY_RECORD.ToxicityToBees,034f2e7a-ef97-4283-9c5a-6184fec10b96,bee larval toxicity - chronic,,,3d5c5abc-2095-4a9e-b1db-0732b13a9173,Species: Apis mellifera; Route: oral; Exp. duration: 4.0 d,,yes,OECD Guidance Document No 239 (Guidance Document on Honey Bee Larval Toxicity Test following Repeated Exposure),,equivalent or similar to guideline,686da261-5593-4f7c-9967-c2b6eb4c9cdd,,,,,,,,,,,,d,4.0,,,,,,,,,,,,Apis mellifera,,oral,,,,not specified,,,test mat.,,A6097AF,,,,10.0,µg per larva per developmental period,,,,NOED,,,,,,,other:,,Remarks: In the chronic bee larvae study there was no clear dose-response relationship (higher mortality in lower test item concentrations) and the study was based on a draft OECD guidance.,,,b85821a8-eebb-47c2-80a8-d3e21997f26d,,,,,,,,,,,,,,,,,,,,
4407,4405,2586ab1e-aedd-406c-92bc-a0dfd62b421e,ENDPOINT_STUDY_RECORD.ToxicityToBees,38ab354f-3247-4535-b540-ffac0e712c80,toxicity to bees: acute contact,,,871dea60-7965-4be5-9609-e36cf529fa79,Species: Apis mellifera; Route: dermal,not specified,not specified,,,,62db6359-4901-445c-b49a-1ef6096430a3,,,,,,,,,,,,,,,,,,,,,,,,,Apis mellifera,,other:,dermal,,,mortality,,,,,,,,>,200.0,other:,µg/piece,,,LD50,,,,,,,other:,,Remarks: Acute contact toxicity,,,e4c56318-f38b-482e-b41e-77204054541c,,,,,,,,,,,,,,,,,,,,
4408,4406,6ab2f920-1ead-4481-bc2a-7d5f28f59620,ENDPOINT_STUDY_RECORD.ToxicityToBees,9f20d42b-9ff2-4da6-a9f3-87ad8f7dd20e,toxicity to bees: acute oral,,,403e61e9-09b6-46d5-9b8c-f4143b7934ad,Limit test: yes; Species: Apis mellifera; Route: oral: unspecified; Exp. duration: 48.0 h,yes,no,other:,OTHER GUIDELINE,according to guideline,74a2b467-990a-47f7-b393-5f84afeeedbf,,,,,yes,,,,,,,h,48.0,,,,,,,,,,,,Apis mellifera,,other:,oral: unspecified,,,mortality,,,,,,,,>,100.0,other:,µg/piece,,,LD50,,,,,,,other:,,"Remarks: Oral and contact toxicity. Guidelines: EPPO Guideline on test methods for evaluating the side-effects of plant protection products on honeybees. n.170 Bulletin OEPP/EPPO Bulletin 22, 203-215; ICPBR reccommendations, Avignon, France (1999).",,,a7beefca-e3d6-45a9-a9da-5367fb418c34,,,,,,,,,,,,,,,,,,,,
4409,4407,f03ce99c-5e23-4043-8ab5-b37d1ed5d948,ENDPOINT_STUDY_RECORD.ToxicityToBees,06a86cfe-1119-4a64-a21a-37afc378a8e5,toxicity to bees: acute contact,,,9999b9bb-3e86-4026-85e5-f925ee08cf2e,Limit test: no; Species: Apis mellifera; Route: dermal; Exp. duration: 48.0 h,yes,no,other:,OTHER GUIDELINE,according to guideline,f3789152-2367-4784-be8f-a8fc9f07998f,,,,,no,,,,,,,h,48.0,,,,,,,,,,,,Apis mellifera,,other:,dermal,,,mortality,,,,,,,,,0.28,other:,µg/piece,,,LD50,,,,,,,other:,,Remarks: Acute contact toxicity. Guideline: EPPO Guideline No. 170. To be noted: Hazard quotients for honey bees not applicable since direct exposure not expected.,,,6c30fc7a-6da1-445b-845d-888457369840,,,,,,,,,,,,,,,,,,,,
4410,4408,54cad219-fdc7-4aeb-9f77-082b31e6bc61,ENDPOINT_STUDY_RECORD.ToxicityToBees,8cbb3be0-d92f-420a-bfb8-0d370b9f0aef,toxicity to bees: acute contact,,,2d0929cb-aacf-47ac-879a-4d695ebf8c3d,Species: Apis mellifera; Route: dermal; Exp. duration: 48.0 h,not specified,not specified,,,,0b04e811-5fab-41e1-b279-4a6838fec184,,,,,,,,,,,,h,48.0,,,,,,ANL-F001 (product containing 85.76% a.s.),,,,,,Apis mellifera,,other:,dermal,,,mortality,,,,,,,,>,368.0,other:,µg/piece,,,LD50,,,,,,,other:,,Remarks: 430 µg/bee (368 µg a.s./bee),,,8f3e52b4-68d3-431f-bfd9-520631e8926c,,,,,,,,,,,,,,,,,,,,
4411,4409,5b85fc7a-2dc5-460b-9f53-002f9bbc2190,ENDPOINT_STUDY_RECORD.ToxicityToBees,ac90fafa-e01a-4d10-a117-b6f40bc2ceff,toxicity to bees: acute contact,,,ce2cf68f-28ee-4a5c-996a-1a1e65f938d8,Species: Apis mellifera; Route: dermal,not specified,not specified,,,,730dfbf2-31e7-4609-a93e-f1bd381f0791,,,,,,,,,,,,,,,,,,,,,,,,,Apis mellifera,,other:,dermal,,,mortality,,,,,,,,,44.3,other:,µg/piece,,,LD50,,,,,,,other:,,Remarks: Acute contact toxicity,,,1776da39-bc46-47d1-a9ef-151ba1d05a96,,,,,,,,,,,,,,,,,,,,
4412,4410,ac48caa6-1e1d-4c20-8b59-072af868fb45,ENDPOINT_STUDY_RECORD.ToxicityToBees,a8399645-cdd4-43cd-8d23-dd9dd781a96a,bee larval toxicity - chronic,,,97a7eddf-cc23-4ea2-b19d-6538771dde90,,not specified,not specified,,,,75a96dfb-d0eb-4560-bfb4-8af9b0c0741d,,,,,,,,,,,,,,,,,,,A8240D,,,,,,Apis mellifera,,oral,,,,not specified,,,,,,,,,28.9,µg per larva,,,,other:,,8-d NOED,,larva,,,,,,,,bd5733eb-e2c2-43d9-be79-5cfa228d0f47,,,,,,,,,,,,,,,,,,,,
4413,4411,48b0cef1-9b55-4126-b5c1-9f6a2fd63a00,ENDPOINT_STUDY_RECORD.ToxicityToBees,45ede61d-943e-4290-a6cf-21f60677c6ff,toxicity to bees: acute contact,,,362e4109-ebec-49fa-855d-23021e98f745,Limit test: no; Species: Apis mellifera; Route: dermal; Exp. duration: 48.0 h,yes,no,other:,OTHER GUIDELINE,according to guideline,881cf53f-db13-43fb-a74b-f8deeb5e858e,,,,,no,,,,,,,h,48.0,,,,,,,,,,,,Apis mellifera,,other:,dermal,,,mortality,,,,,,,,,0.16,other:,µg/piece,,,LD50,,,,,,,other:,,Remarks: contact. guideline: EPPO Guideline No. 170 (1992),,,dfcda5d6-b75f-4171-a0ab-a8400ac9a1e6,,,,,,,,,,,,,,,,,,,,
4414,4412,2bcb8e38-e907-43eb-bc56-662d24c9e0aa,ENDPOINT_STUDY_RECORD.ToxicityToBees,f8e3e166-705b-4eba-8686-b2baf7d8f118,toxicity to bees: acute contact,,,eb41218e-a064-4b35-b77c-d3f8af9ed2ae,Species: Apis mellifera; Route: dermal,not specified,not specified,,,,7d2a35a1-8153-4304-b26e-1ab68bfcbfba,,,,,,,,,,,,,,,,,,,,,,,,,Apis mellifera,,other:,dermal,,,mortality,,,,,,,,>,100.0,other:,µg/piece,,,LD50,,,,,,,other:,,Remarks: Acute contact toxicity,,,c3e6dd03-e686-409d-9262-c312771c7939,,,,,,,,,,,,,,,,,,,,
4415,4413,a3b15b73-da3c-4781-a0c2-836ad4a3e252,ENDPOINT_STUDY_RECORD.ToxicityToBees,05489ccd-ed38-421e-81d5-955bf06c56a1,toxicity to bees: acute contact,,,6bf2dfdb-8f20-4dd9-963f-0454a5b8a4f0,Limit test: yes; Species: Apis mellifera; Route: dermal; Exp. duration: 48.0 h,yes,no,EPA OPP 141-1 (Honey Bee Acute Contact Toxicity),,according to guideline,f8b61234-c9cd-4a62-9334-6e8d8939d275,,,,,yes,,,,,,,h,48.0,,,,,,,,,,,,Apis mellifera,,other:,dermal,,,mortality,,,,,,,,>,100.0,other:,µg/piece,,,LD50,,,,,,,,,,,,927882c1-306c-41f0-9ab7-6a5a109e3885,,,,,,,,,,,,,,,,,,,,
4416,4414,457d4db4-f37d-4206-a279-1ee20a473deb,ENDPOINT_STUDY_RECORD.ToxicityToBees,f242b639-a39c-461e-b20c-575fd6114d96,toxicity to bees: chronic oral,,,d889de4c-712d-4f3d-a5aa-d9287b7c8f4c,Species: Apis mellifera; Route: oral; Exp. duration: 10.0 d,,,,,,,,,,,,,,,,,,d,10.0,,,,,,,,,,,,Apis mellifera,,oral,,,,mortality,,,act. ingr.,,,,,,0.000208,µg/bee per day,,,,10-d LDD50,,,,,,,,,,,,5ea6ddee-14db-4a30-aae5-38ba5cc16a05,,,,,,,,,,,,,,,,,,,,
4417,4415,80004cc2-999a-4027-a268-cadc28891f2f,ENDPOINT_STUDY_RECORD.ToxicityToBees,7716ef96-3b82-4943-a98c-b55249abc195,bee larval toxicity - acute,,,e76901cb-c767-4155-9e19-271cd8be8f9c,Species: Apis mellifera; Route: oral; Exp. duration: 1.0 d,,,,,,,,,,,,,,,,,,d,1.0,,,,,,,,,,,,Apis mellifera,,oral,,,,mortality,,,test mat.,,BAS 455 48 H,,,>,105.6,µg per larva,,,,NOED,,,,,,,,,,,,9fabaf98-03d1-40c2-a35f-a71c503a4662,,,,,,,,,,,,,,,,,,,,
4418,4416,8ec55823-2ca6-4fb0-8545-5f285b94e74a,ENDPOINT_STUDY_RECORD.ToxicityToBees,3f0a27bd-484f-43df-8934-fb312d1f261e,toxicity to bees: acute contact,,,8b11331d-2cac-471b-83a4-0fabb00b5f86,Species: Apis mellifera; Route: dermal,not specified,not specified,,,,c71e544a-52a7-4313-866f-5531ea9af96d,,,,,,,,,,,,,,,,,,,Carfentrazone-ethyl formulation: Carfentrazone-ethyl 40 WG,,,,,,Apis mellifera,,other:,dermal,,,mortality,,,,,,,,>,81.0,other:,µg/piece,,,LD50,,,,,,,other:,,"Remarks: Contact toxicity, the effect level is based on the active substance",,,e5d6979f-8be7-40db-91b8-d620ab393380,,,,,,,,,,,,,,,,,,,,
4419,4417,8d4aaaca-41ff-49a6-a2b5-fba8bd4ad1c2,ENDPOINT_STUDY_RECORD.ToxicityToBees,87524289-0b2a-4e29-af9b-3baefbae4c92,toxicity to bees: chronic oral,,,5721503e-a06f-4ceb-b4f8-af6b992c7645,Species: Apis mellifera; Route: oral; Exp. duration: 10.0 d,,,,,,,,,,,,,,,,,,d,10.0,,,,,,,,,,,,Apis mellifera,,oral,,,,mortality,,,test mat.,,Triflusulfuron-methyl formulation (50WG),,,>,96.6,µg/bee per day,,,,other:,10-d LC50,,,,,,,,,,,b1c316a0-56ed-46d3-ba51-61da7e14c8f2,,,,,,,,,,,,,,,,,,,,
4420,4418,36ca029f-d1c9-4877-81f7-422ef88afee1,ENDPOINT_STUDY_RECORD.ToxicityToBees,a4135876-f27e-444c-aeff-3a6316f6b4a4,bee larval toxicity - chronic,,,8a144198-5691-4244-b18c-66bc0f0a6484,Species: Apis mellifera; Route: oral,,,,,,,,,,,,,,,,,,,,,,,,,,,,,,,Apis mellifera,,oral,,,,not specified,,,act. ingr.,,,,,,3.69,µg per larva per developmental period,,,,NOED,,,,,,,,,,,,7c8f7c94-a11c-4dc5-bea5-3402b4730436,,,,,,,,,,,,,,,,,,,,
4421,4419,8aea6016-db2d-49f9-88f4-f3d5fa0d6c0e,ENDPOINT_STUDY_RECORD.ToxicityToBees,62d34108-e968-4ce2-a9c1-280718f51d6b,toxicity to bees: chronic oral,,,4b445d3b-de17-445c-9b93-c1c3ee6b364c,Species: Apis mellifera; Route: oral; Exp. duration: 10.0 d,,,,,,,,,,,,,,,,,,d,10.0,,,,,,,,,,,,Apis mellifera,,oral,,,,mortality,,,test mat.,,Propineb WG 70A V,,,>,4.6,µg/bee per day,,,,10-d LDD50,,,,,,,,,,,,2e47c200-618d-4852-81b6-3f857457fb2f,,,,,,,,,,,,,,,,,,,,
4422,4420,87d5b14f-2b11-4c3b-aa23-e4610c1b8fa4,ENDPOINT_STUDY_RECORD.ToxicityToBees,2c5327e6-d664-4de5-9e73-97ff3775d21f,bee larval toxicity - chronic,,,6344b6d2-703a-4159-92d5-1233bd28ecea,Species: Apis mellifera; Route: oral,,,,,,,,,,,,,,,,,,,,,,,,,,,,,,,Apis mellifera,,oral,,,,not specified,,,act. ingr.,,,,,,21.0,µg per larva per developmental period,,,,other:,NOEC,,,,,,,,,,,1b387748-7c7a-4f2a-896e-d88ccd1268fa,,,,,,,,,,,,,,,,,,,,
4423,4421,8ce290d0-7b03-494c-b7f1-ee7d2fe3023e,ENDPOINT_STUDY_RECORD.ToxicityToBees,d1ab25b9-e065-4d45-98d6-b96c55dd1402,toxicity to bees: acute contact,,,5fb9a3f1-c8e5-4e61-aaa3-a449e65db1c7,Species: Apis mellifera; Route: dermal,not specified,not specified,,,,aff2ca2d-e27f-4cba-aa48-d2f61617e1ae,,,,,,,,,,,,,,,,,,,,,,,,,Apis mellifera,,other:,dermal,,,mortality,,,,,,,,>,100.0,other:,µg/piece,,,LD50,,,,,,,,,,,,5dafbde9-a964-40b9-8666-140cc1dc5afc,,,,,,,,,,,,,,,,,,,,
4424,4422,7fdaa22b-6697-4c15-ae4a-cd428f5171c1,ENDPOINT_STUDY_RECORD.ToxicityToBees,74334cf4-659a-4dba-ba70-3baa87306383,toxicity to bees: chronic oral,,,8067d5c9-daed-4299-8f77-48b984aff1e7,Species: Apis mellifera; Route: oral; Exp. duration: 10.0 d,,,,,,,,,,,,,,,,,,d,10.0,,,,,,,,,,,,Apis mellifera,,oral,,,,mortality,,,test mat.,,ETOXAZOLE 11 SC,,,>,1504.0,other:,mg/kg food,,,other:,10-d LC50,,,,,,,,,,,9907c2c2-ab36-44ab-8bf2-fedf15624047,,,,,,,,,,,,,,,,,,,,
4425,4423,00a07c83-2815-4de6-8682-c2fb87d254c4,ENDPOINT_STUDY_RECORD.ToxicityToBees,cbee2c77-8e6b-455f-ac78-5ddcbc625483,toxicity to bees: acute contact,,,66a7a3b3-eca2-4839-bb1b-9b24e965fb0d,Species: Apis mellifera; Route: dermal,not specified,not specified,,,,a457db8c-c3c6-4040-8614-6a108a2e46d8,,,,,,,,,,,,,,,,,,,CA2239,,,,,,Apis mellifera,,other:,dermal,,,mortality,,,,,,,,,199.0,other:,µg/piece,,,LD50,,,,,,,,,,,,1858a546-8c48-40dc-978c-561a7498e520,,,,,,,,,,,,,,,,,,,,
4426,4424,2ef8a63a-b6f5-4e84-ab6f-7fd0b8dfba03,ENDPOINT_STUDY_RECORD.ToxicityToBees,127efc81-044d-4c99-9879-11ccdab6a82e,toxicity to bees: acute contact,,,91dc1983-0f27-4bc3-b4f9-3f665709aae9,Species: Apis mellifera; Route: dermal,not specified,not specified,,,,9a02d4ae-c19b-4ed5-8d97-785a55e2941e,,,,,,,,,,,,,,,,,,,,,,,,,Apis mellifera,,other:,dermal,,,mortality,,,,,,,,,0.038,other:,µg/piece,,,LD50,,,,,,,other:,,Remarks: Dermal toxicity,,,ca365bad-cce3-4088-a5a1-e6c0f4185ce2,,,,,,,,,,,,,,,,,,,,
4427,4425,11c1dacd-113f-4bd8-8ea0-711dc0cd750a,ENDPOINT_STUDY_RECORD.ToxicityToBees,74334cf4-659a-4dba-ba70-3baa87306383,bee larval toxicity - chronic,,,8067d5c9-daed-4299-8f77-48b984aff1e7,Species: Apis mellifera; Route: oral,,,,,,,,,,,,,,,,,,,,,,,,,,,,,,,Apis mellifera,,oral,,,,mortality,,,test mat.,,CHA 2745-07,,,,126.2,µg per larva,,,,LD50,,,,,,,other:,,Remarks: study duration was 8 d and did not include pupae emergence,,,fa2cb808-4a39-4191-b4a6-d93eb0a4be15,,,,,,,,,,,,,,,,,,,,
4428,4426,5c9c4a45-4302-4138-884c-2c7cb7c9e050,ENDPOINT_STUDY_RECORD.ToxicityToBees,ce91c86d-78f8-4301-8505-b6e024998880,toxicity to bees: acute oral,,,eee02687-eb6a-49b4-a9c5-fba1d4756995,Species: Apis mellifera; Route: oral: unspecified,not specified,not specified,,,,56fc05c8-404a-457f-883a-acb6f65a2763,,,,,,,,,,,,,,,,,,,Asulam,,,,,,Apis mellifera,,other:,oral: unspecified,,,mortality,,,,,,,,>,123.7,other:,µg/piece,,,LD50,,,,,,,,,,,,2d8eab60-efe8-4fea-a112-54c94c432ec9,,,,,,,,,,,,,,,,,,,,
4429,4427,e73d0b49-867a-4546-8c20-3e02c04eef49,ENDPOINT_STUDY_RECORD.ToxicityToBees,f242b639-a39c-461e-b20c-575fd6114d96,toxicity to bees: chronic oral,,,32eff318-2e6a-4106-a237-f008999ad5dc,Species: Apis mellifera; Route: oral; Exp. duration: 10.0 d,,,,,,,,,,,,,,,,,,d,10.0,,,,,,,,,,,,Apis mellifera,,oral,,,,mortality,,,act. ingr.,,,,,,0.000208,µg/bee per day,,,,10-d LDD50,,,,,,,,,,,,8b97c06c-5939-4a22-9d6d-ec026e232547,,,,,,,,,,,,,,,,,,,,
4430,4428,63bc1e8d-1b8a-4a6b-b867-c4ee8130722e,ENDPOINT_STUDY_RECORD.ToxicityToBees,70fd0cda-ac93-438f-9736-8ae170a26240,toxicity to bees: acute contact,,,f9f4d0fa-45db-4bb6-a54c-d432a5714cc8,Species: Apis mellifera; Route: dermal; Exp. duration: 48.0 h,not specified,not specified,,,,2c300373-d3f1-4e46-98c8-c5c7b42738c0,,,,,,,,,,,,h,48.0,,,,,,,,,,,,Apis mellifera,,other:,dermal,,,mortality,,,,,,,,>,100.0,other:,µg/piece,,,LD50,,,,,,,other:,,Remarks: Acute contact toxicity,,,426b9551-c65a-448d-aabf-d1f01bb0ff97,,,,,,,,,,,,,,,,,,,,
4431,4429,3b449dc1-3d4b-433a-80c4-49c6d9c4c16c,ENDPOINT_STUDY_RECORD.ToxicityToBees,9fe24aa7-c52c-4999-af62-36273e9da4c2,toxicity to bees: acute contact,,,43c7bccb-b9c5-4bab-8f92-fe0332dda00a,Species: Apis mellifera; Route: dermal,not specified,not specified,,,,3b157f57-5ec9-4984-aa61-7865158b7284,,,,,,,,,,,,,,,,,,,,,,,,,Apis mellifera,,other:,dermal,,,mortality,,,,,,,,,0.012,other:,µg/piece,,,LD50,,,,,,,,,,,,6488371a-7c71-4f9f-885f-ee070fec587e,,,,,,,,,,,,,,,,,,,,
4432,4430,72a01519-ffc5-487b-bc3d-a609ceb645dd,ENDPOINT_STUDY_RECORD.ToxicityToBees,e8c33f31-a3ca-461c-8fe0-5f5327dd7024,toxicity to bees: acute oral,,,e3f83667-8cdc-43b1-a4fd-1317e99bf162,Species: Apis mellifera; Route: oral: unspecified,not specified,not specified,,,,f6f8c5f0-b6fb-44ad-8596-fd396aff7d7f,,,,,,,,,,,,,,,,,,,Preparation,,,,,,Apis mellifera,,other:,oral: unspecified,,,mortality,,,,,,,,,74.0,other:,µg/piece,,,LD50,,,,,,,,,,,,cde22a8a-2189-4039-9209-ccd8335fb36a,,,,,,,,,,,,,,,,,,,,
4433,4431,c5dbe006-3f8d-4e04-9239-1dda11216f43,ENDPOINT_STUDY_RECORD.ToxicityToBees,6cb0a6cb-99b5-405c-b63f-a1f29cd27e4b,toxicity to bees: acute oral,,,d30da451-d914-4589-855e-a2e3d2db4827,Limit test: no; Species: Apis mellifera; Route: oral: unspecified; Exp. duration: 48.0 h,yes,no,"OECD Guideline 213 (Honeybees, Acute Oral Toxicity Test)",,according to guideline,08664368-563d-4a9a-af3b-c5de506c25fe,,,,,no,,,,,,,h,48.0,,,,,,,,,,,,Apis mellifera,,other:,oral: unspecified,,,mortality,,,,,,,,>,200.0,other:,µg/piece,,,LD50,,,,,,,other:,,Remarks: oral toxicity,,,9b1f8197-ce9c-4c80-a75f-55c4da2c4552,,,,,,,,,,,,,,,,,,,,
4434,4432,2c899fc9-5c00-422d-b4d4-b87ff247dce0,ENDPOINT_STUDY_RECORD.ToxicityToBees,f242b639-a39c-461e-b20c-575fd6114d96,toxicity to bees: acute oral,,,32eff318-2e6a-4106-a237-f008999ad5dc,Species: Apis mellifera; Route: oral: unspecified; Exp. duration: 24.0 h,not specified,not specified,,,,2d2c5f5b-2883-401e-afe8-78787a503391,,,,,,,,,,,,h,24.0,,,,,,,,,,,,Apis mellifera,,other:,oral: unspecified,,,mortality,,,,,,,,,0.004,other:,µg/piece,,,LD50,,,,,,,,,,,,99e39b4a-00f0-498d-b27a-f281e142f38d,,,,,,,,,,,,,,,,,,,,
4435,4433,4d840148-9639-4757-bced-62fbaceaf34e,ENDPOINT_STUDY_RECORD.ToxicityToBees,5a47d9f5-55cb-4330-9110-e6670e962622,toxicity to bees: acute oral,,,c65f2848-88ac-4738-974b-2dc352c04788,Limit test: no; Species: Apis mellifera; Route: oral: unspecified; Exp. duration: 48.0 h,yes,no,other:,OTHER GUIDELINE,according to guideline,d71f6a90-a4b5-4519-8f47-4e699e88210b,,,,,no,,,,,,,h,48.0,,,,,,,,,,,,Apis mellifera,,other:,oral: unspecified,,,mortality,,,,,,,,>,100.0,other:,µg/piece,,,LD50,,,,,,,other:,,"Remarks: Acute oral toxicity; Guideline: Ministry of Agriculture, Fisheries and Food (revised 1979). Pesticide Precautions Scheme. Working document D3. Laboratoory testing for toxicity to honeybees.",,,956ae015-deff-45a8-8961-3dff28ae53d1,,,,,,,,,,,,,,,,,,,,
4436,4434,110048bd-8bad-4083-99d0-da9ee85874d0,ENDPOINT_STUDY_RECORD.ToxicityToBees,b1dbde32-66dc-4976-8992-cb708ff5abc0,toxicity to bees: acute oral,,,121a6368-ccc8-4ba2-a6de-9b7895898f20,Species: Apis mellifera; Route: oral: unspecified,not specified,not specified,,,,8ee5be0b-9d13-4b44-9a70-44cc46d1e6ed,,,,,,,,,,,,,,,,,,,Neudosan Neu (515 g/L potassium salts of natural fatty acids),,,,,,Apis mellifera,,other:,oral: unspecified,,,mortality,,,,,,,,>,96.04,other:,µg/piece,,,LD50,,,,,,,other:,,Remarks: Acute oral toxicity,,,c0209706-0449-4c31-9de1-d6d1f4da9725,,,,,,,,,,,,,,,,,,,,
4437,4435,a05f3cb4-c593-4d38-a1bc-c0643915800d,ENDPOINT_STUDY_RECORD.ToxicityToBees,bd462d3b-8808-4d7d-b261-52a61bf1f15f,toxicity to bees: acute oral,,,95d9c99c-915c-41f3-b555-3bfb31ab9e37,Limit test: yes; Species: Apis mellifera; Route: oral: unspecified; Exp. duration: 48.0 h,yes,no,"OECD Guideline 213 (Honeybees, Acute Oral Toxicity Test)",,according to guideline,7007a9c0-fde8-440d-9ca3-38bb6e528652,,,,,yes,,,,,,,h,48.0,,,,,,,,,,,,Apis mellifera,,other:,oral: unspecified,,,mortality,,,,,,,,>,107.3,other:,µg/piece,,,LD50,,,,,,,other:,,Remarks: oral toxicity,,,e5d213f9-7ca9-4960-a537-084519b62692,,,,,,,,,,,,,,,,,,,,
4438,4436,cf33d553-45d1-4674-b159-8ead128823e6,ENDPOINT_STUDY_RECORD.ToxicityToBees,b529ec00-87b6-4816-a9bd-ed8e2b36fa70,toxicity to bees: chronic oral,,,89305f4d-9bed-4ce8-b8c0-b032c96f73c7,Species: Apis mellifera; Route: oral; Exp. duration: 10.0 d,,,,,,,,,,,,,,,,,,d,10.0,,,,,,,,,,,,Apis mellifera,,oral,,,,mortality,,,test mat.,,GF-3308 (prep.)#,,,,0.0399,µg/bee per day,,,,other:,10-d LC50,,,,,,,,,,,d68f22b0-0ab5-4e50-a67f-97b01f0586e9,,,,,,,,,,,,,,,,,,,,
4439,4437,8bd7dbfe-9253-48fa-a1d6-40f9911756cf,ENDPOINT_STUDY_RECORD.ToxicityToBees,feccb3cb-2e28-4509-affa-1000601f0f9c,toxicity to bees: acute oral,,,580be492-4818-4a05-bfec-b5ac87dcea17,Species: Apis mellifera; Route: oral: unspecified,not specified,not specified,,,,fc410caa-e803-41eb-81a2-7adcfa40cfa4,,,,,,,,,,,,,,,,,,,PMP SE 160 (formulation).,,,,,,Apis mellifera,,other:,oral: unspecified,,,mortality,,,,,,,,>,104.8,other:,µg/piece,,,LD50,,,,,,,,,,,,495725a2-794c-4dfc-a803-85f6f81b0f13,,,,,,,,,,,,,,,,,,,,
4440,4438,5c057d54-bebe-4806-9f76-68f63382fd1c,ENDPOINT_STUDY_RECORD.ToxicityToBees,b177520a-ef45-422b-b241-5f516b52ba09,toxicity to bees: acute oral,,,7a81db53-5f85-49fb-be70-246898c22087,Species: Apis mellifera; Route: oral: unspecified; Exp. duration: 48.0 h,not specified,not specified,,,,5e7eed90-c14c-4ca3-9f02-ed07b2fee1d3,,,,,,,,,,,,h,48.0,,,,,,,,,,,,Apis mellifera,,other:,oral: unspecified,,,mortality,,,,,,,,>,2.0,other:,µg/piece,,,LD50,,,,,,,other:,,Remarks: Acute oral toxicity,,,aecbaf30-bdf9-4104-8a50-cf0c5d6f733d,,,,,,,,,,,,,,,,,,,,
4441,4439,397f8ef0-f174-4242-af98-df3de62623af,ENDPOINT_STUDY_RECORD.ToxicityToBees,b88d468e-441a-48c8-bb51-8055eff480c9,toxicity to bees: acute contact,,,0ee46ddc-c352-411a-84c9-13b59d52e95b,Species: Apis mellifera; Route: dermal,no,not specified,,,,6a29ea25-68a4-4ca2-8086-0381bc7f6460,,,,,,,,,,,,,,,,,,,,,,,,,Apis mellifera,,other:,dermal,,,mortality,,,,,,,,,5.56,other:,µg/piece,,,LD50,,,,,,,other:,,Remarks: Acute contact toxicity,,,ce7459e5-d78f-4784-ba2d-93f3ab778803,,,,,,,,,,,,,,,,,,,,
4442,4440,85902ad1-f3fc-47c4-a961-aa640ed5f6ad,ENDPOINT_STUDY_RECORD.ToxicityToBees,effff3e8-beb0-463f-859c-26e6956f8f90,toxicity to bees: chronic oral,,,e605927c-9032-4b62-999e-3aa19e768014,Species: Apis mellifera; Route: oral; Exp. duration: 10.0 d,,,,,,,,,,,,,,,,,,d,10.0,,,,,,,,,,,,Apis mellifera,,oral,,,,mortality,,,test mat.,,Rapeseed oil formulation (NEU 1161 I),,,,1421.02,µg/bee per day,,,,LD50,,,,,,,,,,,,43e43a37-4a80-4aa3-988b-c67b1f91954f,,,,,,,,,,,,,,,,,,,,
4443,4441,90f8481c-d154-46ca-a095-c32302f78a84,ENDPOINT_STUDY_RECORD.ToxicityToBees,128bbad2-cd8a-4a67-911e-aff76a6254ce,toxicity to bees: acute oral,,,f024d55e-0dd3-4989-b838-ee49f0d0d0b0,Species: Apis mellifera; Route: oral: unspecified,not specified,not specified,,,,766c772c-dc61-423c-9b61-7460f36730f1,,,,,,,,,,,,,,,,,,,,,,,,,Apis mellifera,,other:,oral: unspecified,,,mortality,,,,,,,,>,197.0,other:,µg/piece,,,LD50,,,,,,,,,,,,2a05552c-db7c-4aac-ae41-0ba18f2f5401,,,,,,,,,,,,,,,,,,,,
4444,4442,e59476b2-5abe-4e2e-83c9-134e0928f201,ENDPOINT_STUDY_RECORD.ToxicityToBees,f9e9e1c8-d535-425a-88da-a7469737b600,toxicity to bees: chronic oral,,,c8e3de78-431a-48c9-84c0-3db87f9b0e85,Species: Apis mellifera; Route: oral; Exp. duration: 10.0 d,,,,,,,,,,,,,,,,,,d,10.0,,,,,,,,,,,,Apis mellifera,,oral,,,,not specified,,,act. ingr.,,,,,,5.66,µg/bee per day,,,,other:,10-d NOED,,,,,,,,,,,ac1fce09-8e21-43b4-9cb1-e41c67db539e,,,,,,,,,,,,,,,,,,,,
4445,4443,fa2fc617-7732-47f2-9734-ec0a20117a94,ENDPOINT_STUDY_RECORD.ToxicityToBees,63ba3b5b-9aa8-4179-bc9b-c198ebcab617,toxicity to bees: acute contact,,,3fb127a8-83ee-4cdb-9e16-ae6cc86a8eda,Species: Apis mellifera; Route: dermal; Exp. duration: 48.0 h,not specified,not specified,,,,2a200a3f-c259-4413-92fa-7e4009fdfb1e,,,,,,,,,,,,h,48.0,,,,,,,,,,,,Apis mellifera,,other:,dermal,,,mortality,,,,,,,,,0.19,other:,µg/piece,,,LD50,,,,,,,other:,,Remarks: Acute contact toxicity test,,,82789248-01c8-4e9d-a717-bd55397a0786,,,,,,,,,,,,,,,,,,,,
4446,4444,40c81995-b6e5-453e-ad1a-62124ab5ee8d,ENDPOINT_STUDY_RECORD.ToxicityToBees,6948494e-522b-456f-b8f5-d46305724771,toxicity to bees: acute oral,,,a107df44-11e1-4e28-b40a-4e238e910dd8,Species: Apis mellifera; Route: oral: unspecified; Exp. duration: 48.0 h,not specified,not specified,,,,1f77ed8e-cad4-426f-94b1-91e7195b5790,,,,,,,,,,,,h,48.0,,,,,,,,,,,,Apis mellifera,,other:,oral: unspecified,,,mortality,,,,,,,,>,92.2,other:,µg/piece,,,LD50,,,,,,,,,,,,bc76e349-23ac-4fb2-b5f5-b811828ba37b,,,,,,,,,,,,,,,,,,,,
4447,4445,8c9d181d-76e1-4356-8287-6c6fe13d40ee,ENDPOINT_STUDY_RECORD.ToxicityToBees,44b92abe-8a3c-43b3-9dd2-1d0dbd473dce,toxicity to bees: acute contact,,,34336a6d-4851-4221-b0e6-e2663561d4a5,Species: Apis mellifera; Route: dermal,not specified,not specified,,,,3eb5f301-3062-49e6-9652-1489e60af816,,,,,,,,,,,,,,,,,,,,,,,,,Apis mellifera,,other:,dermal,,,mortality,,,,,,,,>,100.0,other:,µg/piece,,,LD50,,,,,,,,,,,,a0ed205b-8e24-4018-b83c-254cd296b5ca,,,,,,,,,,,,,,,,,,,,
4448,4446,8c9d181d-76e1-4356-8287-6c6fe13d40ee,ENDPOINT_STUDY_RECORD.ToxicityToBees,44b92abe-8a3c-43b3-9dd2-1d0dbd473dce,toxicity to bees: acute contact,,,a0ce5093-8a7f-4b19-9d75-539ed9f0c57f,Species: Apis mellifera; Route: dermal,not specified,not specified,,,,3eb5f301-3062-49e6-9652-1489e60af816,,,,,,,,,,,,,,,,,,,,,,,,,Apis mellifera,,other:,dermal,,,mortality,,,,,,,,>,100.0,other:,µg/piece,,,LD50,,,,,,,,,,,,a0ed205b-8e24-4018-b83c-254cd296b5ca,,,,,,,,,,,,,,,,,,,,
4449,4447,67977c21-e5c5-45bc-8876-f23fe05a2bdd,ENDPOINT_STUDY_RECORD.ToxicityToBees,1af9c525-f55f-4ea5-8042-dbdae73245a5,toxicity to bees: acute oral,,,92192112-e4f6-488d-b580-245ef256f724,Species: Apis mellifera; Route: oral: feed,not specified,not specified,,,,f10dcc42-61e0-441d-a0bf-a3394a1cc63e,,,,,,,,,,,,,,,,,,,,,,,,,Apis mellifera,,other:,oral: feed,,,mortality,,,,,,,,>,1000.0,other:,µg/piece,,,other:,LC50,,,,,,other:,,Remarks: Acute oral toxicity; unit: mg/L diet; remarks: Study details did not allow calculation of oral LD50in terms of µg a.s./bee.,,,ac02690e-d331-47ea-93c7-ada313dc3d75,,,,,,,,,,,,,,,,,,,,
4450,4448,42bdab24-6f9c-4582-8e78-6aa090aa545c,ENDPOINT_STUDY_RECORD.ToxicityToBees,3f0a27bd-484f-43df-8934-fb312d1f261e,toxicity to bees: chronic oral,,,8b11331d-2cac-471b-83a4-0fabb00b5f86,Species: Apis mellifera; Route: oral; Exp. duration: 10.0 d,,,,,,,,,,,,,,,,,,d,10.0,,,,,,,,,,,,Apis mellifera,,oral,,,,mortality,,,act. ingr.,,,,,,100.0,µg/bee per day,,,,NOED,,,,,,,,,,,,14b9277f-bb55-43d3-b14a-690f8714672f,,,,,,,,,,,,,,,,,,,,
4451,4449,e0c894c4-d9f6-4f44-a68a-161ccfebc453,ENDPOINT_STUDY_RECORD.ToxicityToBees,a4135876-f27e-444c-aeff-3a6316f6b4a4,bee larval toxicity - chronic,,,8a144198-5691-4244-b18c-66bc0f0a6484,Species: Apis mellifera; Route: oral,,,,,,,,,,,,,,,,,,,,,,,,,,,,,,,Apis mellifera,,oral,,,,mortality,,,act. ingr.,,,,,,2.5,µg per larva,,,,LD10,,,,,,,,,,,,888cb4ec-b9eb-40d5-b68a-dedea60dd0ca,,,,,,,,,,,,,,,,,,,,
4452,4450,f0a05f49-d46d-4ed2-90f1-aaa40594b955,ENDPOINT_STUDY_RECORD.ToxicityToBees,f5d92059-bec2-48a7-9cc4-90e03d8b16a7,toxicity to bees: chronic oral,,,36654755-c09a-4a9f-9d7b-6e67029a6231,Species: Apis mellifera; Route: oral; Exp. duration: 10.0 d,,,,,,,,,,,,,,,,,,d,10.0,,,,,,,,,,,,Apis mellifera,,oral,,,,mortality,,,act. ingr.,,,,,>,14.78,µg/bee per day,,,,10-d LDD50,,,,,,,,,,,,f46ca036-ab60-4764-9a24-1b70cc356612,,,,,,,,,,,,,,,,,,,,
4453,4451,f2742840-c506-4858-8c80-4502b3b90c3f,ENDPOINT_STUDY_RECORD.ToxicityToBees,ce4bbdca-6245-4364-ab4e-2ed58ece4357,bee larval toxicity - chronic,,,3714ce9a-6bf2-4d1c-8823-616fb1a72587,Species: Apis mellifera; Route: oral; Exp. duration: 4.0 d,,,,,,,,,,,,,,,,,,d,4.0,,,,,,,,,,,,Apis mellifera,,oral,,,,not specified,,,act. ingr.,,,,,,0.364,other:,mg/colony,,,other:,NOEL,,,,,,,,,,,9c60f308-34b7-4dac-aa81-178755531d39,,,,,,,,,,,,,,,,,,,,
4454,4452,8fe49440-c70f-4276-bff8-6403d97ee140,ENDPOINT_STUDY_RECORD.ToxicityToBees,d4c4f15c-b73d-4cae-a3f1-c9f9cfa56bc7,toxicity to bees: acute contact,,,44216c52-d1ac-4f38-bd79-39f576c2652b,Species: Apis mellifera; Route: dermal,not specified,not specified,,,,0aea390d-69b0-4310-aee7-5263019d7cb5,,,,,,,,,,,,,,,,,,,,,,,,,Apis mellifera,,other:,dermal,,,mortality,,,,,,,,>,100.0,other:,µg/piece,,,LD50,,,,,,,other:,,Remarks: Contact toxicity,,,cd2e974c-0eed-4380-8bb7-6f48b2aafdb5,,,,,,,,,,,,,,,,,,,,
4455,4453,c3e83f66-26eb-4985-9368-00f8a2ad10f9,ENDPOINT_STUDY_RECORD.ToxicityToBees,417343f1-aaa0-4927-a571-1d503e19026d,toxicity to bees: acute oral,,,99a4abe3-97e4-4e9a-9f33-9139b5bda41b,Species: Apis mellifera; Route: oral: unspecified,not specified,not specified,,,,2630493c-5ec9-4db9-bd22-84de29bfae87,,,,,,,,,,,,,,,,,,,,,,,,,Apis mellifera,,other:,oral: unspecified,,,mortality,,,,,,,,,100.0,other:,µg/piece,,,LD50,,,,,,,other:,,Remarks: Acute oral and contact toxicity,,,1cfee8e2-e9c7-4992-adb6-9d3d7e143e9f,,,,,,,,,,,,,,,,,,,,
4456,4454,47b2edcc-fce2-4d48-9db2-f0dc644b197a,ENDPOINT_STUDY_RECORD.ToxicityToBees,bea9a792-cf88-46b3-9e2e-8359c2c7a238,toxicity to bees: acute contact,,,beb97c5a-573e-441c-82fa-355baee27029,Species: Apis mellifera; Route: dermal,not specified,not specified,,,,f63e9f67-1cab-4a1e-90be-1e5d664a40d5,,,,,,,,,,,,,,,,,,,Formulation: Flupyrsulfuron-methyl 50WG,,,,,,Apis mellifera,,other:,dermal,,,mortality,,,,,,,,>,250.0,other:,µg/piece,,,LD50,,,,,,,other:,,Remarks: Acute contact toxicity,,,ab7cbed8-0c91-4d6a-9617-0873cbeeabc7,,,,,,,,,,,,,,,,,,,,
4457,4455,7b157561-ade6-438b-9944-72613702128c,ENDPOINT_STUDY_RECORD.ToxicityToBees,77fa1f2d-60f5-45ee-b764-bd90bfe2995b,toxicity to bees: acute contact,,,cdb062e5-f2ea-4fe7-a42c-02e370ab0126,Species: Apis mellifera; Route: dermal; Exp. duration: 48.0 h,not specified,not specified,,,,a68261cd-d00b-4ce7-8ade-a69bd2928106,,,,,,,,,,,,h,48.0,,,,,,,,,,,,Apis mellifera,,other:,dermal,,,mortality,,,,,,,,,4.4,other:,µg/piece,,,LD50,,,,,,,other:,,Remarks: Acute contact toxicity,,,e96c8740-c679-4997-8d17-ad7edbbecd51,,,,,,,,,,,,,,,,,,,,
4458,4456,a5ffcbef-9d99-4b35-8f9f-f5c962fd956d,ENDPOINT_STUDY_RECORD.ToxicityToBees,b1481269-c32f-4ea8-99b4-3bec04bec7f0,toxicity to bees: acute contact,,,dedb9043-6b9b-4072-b67f-67f23277850e,Species: Apis mellifera; Route: dermal; Exp. duration: 48.0 h,not specified,not specified,,,,5256af4d-5ad0-4a88-bf82-1dd6a464731b,,,,,,,,,,,,h,48.0,,,,,,,,,,,,Apis mellifera,,other:,dermal,,,mortality,,,,,,,,>,50.0,other:,µg/piece,,,LD50,,,,,,,other:,,Remarks: Acute CONTACT test,,,aea3923d-1e6e-4205-a1e1-d482d75541fc,,,,,,,,,,,,,,,,,,,,
4459,4457,01123939-2368-4abf-83f1-6d87a4fd4f34,ENDPOINT_STUDY_RECORD.ToxicityToBees,d4c4f15c-b73d-4cae-a3f1-c9f9cfa56bc7,toxicity to bees: chronic oral,,,44216c52-d1ac-4f38-bd79-39f576c2652b,Species: Apis mellifera; Route: oral; Exp. duration: 10.0 d,,,,,,,,,,,,,,,,,,d,10.0,,,,,,,,,,,,Apis mellifera,,oral,,,,not specified,,,act. ingr.,,,,,,5.09,µg/bee per day,,,,other:,NOEC,,,,,,,,,,,315a7301-404c-4219-bb61-c8c141156640,,,,,,,,,,,,,,,,,,,,
4460,4458,6053d33e-aed1-488e-9b74-efbb79abe83a,ENDPOINT_STUDY_RECORD.ToxicityToBees,ec96a620-dab4-474b-bbc2-bad229eac02a,toxicity to bees: acute oral,,,cdf0a1d5-1028-4585-be3f-ec28296ce4ac,Species: Apis mellifera; Route: oral: unspecified; Exp. duration: 48.0 h,not specified,not specified,,,,c41aa287-c09b-4027-8f8e-da2cb3e752bf,,,,,,,,,,,,h,48.0,,,,,,Cyanamide(formulation) - Alzodef,,,,,,Apis mellifera,,other:,oral: unspecified,,,mortality,,,,,,,,>,10.0,other:,µg/piece,,,LD50,,,,,,,other:,,Remarks: Acute oral toxicity,,,af273dcb-1321-42e4-b87b-d063256aa92f,,,,,,,,,,,,,,,,,,,,
4461,4459,2f9b7895-e227-478d-b58f-78e6ec720c13,ENDPOINT_STUDY_RECORD.ToxicityToBees,5d911ed2-7aad-4a3c-8780-e2ca116d03eb,toxicity to bees: acute oral,,,e81510f6-0ef7-4c10-91d5-72011ec01edf,Species: Apis mellifera; Route: oral: unspecified; Exp. duration: 48.0 h,not specified,not specified,,,,c484544e-9e67-4b1c-8640-0fc50b0b39f9,,,,,,,,,,,,h,48.0,,,,,,,,,,,,Apis mellifera,,other:,oral: unspecified,,,mortality,,,,,,,,>,9.1,other:,µg/piece,,,LD50,,,,,,,,,,,,535085c7-e1e6-44aa-9814-701ad621e0a4,,,,,,,,,,,,,,,,,,,,
4462,4460,cdd201aa-2b3a-4743-965f-8dc8c6d4b63a,ENDPOINT_STUDY_RECORD.ToxicityToBees,72256cbc-952e-49ec-9a0f-1cbc25f58ef3,toxicity to bees: acute oral,,,550b701c-9ee8-435d-99b3-202b35988fa6,Species: Apis mellifera; Route: oral: unspecified,not specified,not specified,,,,26199ee1-fa55-4050-84bf-a50472f57361,,,,,,,,,,,,,,,,,,,,,,,,,Apis mellifera,,other:,oral: unspecified,,,mortality,,,,,,,,,123.5,other:,µg/piece,,,LD50,,,,,,,other:,,Remarks: Acute oral toxicity,,,1c957357-7ba3-46b3-ad96-f0e3ffc78c50,,,,,,,,,,,,,,,,,,,,
4463,4461,7993914c-c875-4a92-8bf1-746a51f05442,ENDPOINT_STUDY_RECORD.ToxicityToBees,d937f903-9e5f-4fea-bb4b-93b44ff2e118,toxicity to bees: acute oral,,,0cd6f53f-874a-4d3d-afee-709ff595a562,,not specified,not specified,,,,3b637e6b-2d98-4b1d-8af1-c6c2cca91a7d,,,,,,,,,,,,,,,,,,,,,,,,,Apis mellifera,,other:,oral: unspecified,,,mortality,,,,,,,,>,108.9,µg/bee,,,,LD50,,,,,,,,,,,,03012270-2ad3-4b8f-a965-06e1658df5d2,,,,,,,,,,,,,,,,,,,,
4464,4462,b2aa86e7-9a8a-47ab-a401-ee4453abba5d,ENDPOINT_STUDY_RECORD.ToxicityToBees,4bfab2fa-379b-4887-9301-c84700b91445,toxicity to bees: acute contact,,,d376f596-d6fc-496b-a197-e94a5aac80ad,,not specified,not specified,,,,b72b6110-fb5e-498a-951a-311f92d0385a,,,,,,,,,,,,,,,,,,,BAS 560 00 F,,,,,,Apis mellifera,,contact,,,,mortality,,,act. ingr.,,,,,>,28.8,µg/bee,,,,LD50,,,,,,,,,,,,58aa27f2-d260-4434-90c9-cf7ef824d7f9,,,,,,,,,,,,,,,,,,,,
4465,4463,632ae810-600e-41eb-b748-c3b3a4f15f32,ENDPOINT_STUDY_RECORD.ToxicityToBees,a4135876-f27e-444c-aeff-3a6316f6b4a4,bee larval toxicity - chronic,,,8a144198-5691-4244-b18c-66bc0f0a6484,Species: Apis mellifera; Route: oral; Exp. duration: 4.0 d,,,,,,,,,,,,,,,,,,d,4.0,,,,,,,,,,,,Apis mellifera,,oral,,,,emergence rate,,,act. ingr.,,,,,,10.46,µg per larva,,,,other:,ED20,,,,,,,,,,,e94c3add-a79e-454b-bb11-3ca2206d5da7,,,,,,,,,,,,,,,,,,,,
4466,4464,01673e27-251f-43d9-af36-b1bb39e72dfc,ENDPOINT_STUDY_RECORD.ToxicityToBees,4c33f8e7-c9f4-4f77-8591-0baf4febfddd,toxicity to bees: acute contact,,,e469552f-3c2c-4327-8373-b831aa8e55a5,Species: Apis mellifera; Route: dermal,not specified,not specified,,,,2d15e715-db55-4226-9403-74e111437d6a,,,,,,,,,,,,,,,,,,,,,,,,,Apis mellifera,,other:,dermal,,,mortality,,,,,,,,>,200.0,other:,µg/piece,,,LD50,,,,,,,,,,,,703e3006-057f-486d-be19-67999341a10b,,,,,,,,,,,,,,,,,,,,
4467,4465,01673e27-251f-43d9-af36-b1bb39e72dfc,ENDPOINT_STUDY_RECORD.ToxicityToBees,4c33f8e7-c9f4-4f77-8591-0baf4febfddd,toxicity to bees: acute contact,,,c7d1681e-b117-4c9c-a919-39971178fd28,Species: Apis mellifera; Route: dermal,not specified,not specified,,,,2d15e715-db55-4226-9403-74e111437d6a,,,,,,,,,,,,,,,,,,,,,,,,,Apis mellifera,,other:,dermal,,,mortality,,,,,,,,>,200.0,other:,µg/piece,,,LD50,,,,,,,,,,,,703e3006-057f-486d-be19-67999341a10b,,,,,,,,,,,,,,,,,,,,
4468,4466,ad08a59d-5d9f-4877-8929-eae680a32151,ENDPOINT_STUDY_RECORD.ToxicityToBees,6015c51c-3003-4d6b-9577-57d8392b5808,toxicity to bees: acute oral,,,efaae6ef-a733-4580-ae58-84a99796f573,Species: Apis mellifera; Route: oral: unspecified,not specified,not specified,,,,3b0959f0-b0cc-4396-932f-e76de56dfd1a,,,,,,,,,,,,,,,,,,,,,,,,,Apis mellifera,,other:,oral: unspecified,,,mortality,,,,,,,,,0.03,other:,µg/piece,,,LD50,,,,,,,,,,,,c9cff5cf-6f4b-466a-8dc9-541e1a01b5fc,,,,,,,,,,,,,,,,,,,,
4469,4467,4b2d7109-6a59-4e7b-b8f3-ad1815a421e0,ENDPOINT_STUDY_RECORD.ToxicityToBees,5d911ed2-7aad-4a3c-8780-e2ca116d03eb,bee larval toxicity - chronic,,,e81510f6-0ef7-4c10-91d5-72011ec01edf,Species: Apis mellifera; Route: oral; Exp. duration: 5.0 d,,,,,,,,,,,,,,,,,,d,5.0,,,,,,,,,,,,Apis mellifera,,oral,,,,mortality,,,test mat.,,Tribenuron-methyl 75WG,,,,220.96,µg per larva per day,,,,other:,LD20,,,,,,,,,,,2dbcae77-1074-4df0-9863-d2b013a0289e,,,,,,,,,,,,,,,,,,,,
4470,4468,d3e41fa6-27f9-4d0d-9ca3-98a4778004d1,ENDPOINT_STUDY_RECORD.ToxicityToBees,405f9075-8fcb-4195-9d00-481bc9fdf3a7,toxicity to bees: acute oral,,,04b33938-41a8-41d2-8905-503ad90ca944,Species: Apis mellifera; Route: oral: unspecified,not specified,not specified,,,,9e1b8414-2c08-4ff0-9bb9-d73b9b911c5c,,,,,,,,,,,,,,,,,,,Sulfur 80 WG (formulation),,,,,,Apis mellifera,,other:,oral: unspecified,,,mortality,,,,,,,,>,100.0,other:,µg/piece,,,LD50,,,,,,,other:,,Remarks: Acute oral and contact toxicity test,,,32d9989d-316e-43d4-8504-b9dae619146f,,,,,,,,,,,,,,,,,,,,
4471,4469,67bf01eb-5ca0-4019-9747-494647ec028b,ENDPOINT_STUDY_RECORD.ToxicityToBees,09bffba7-f5b4-49ea-9a4d-aec4521a57b9,toxicity to bees: acute oral,,,77db218e-0d63-4f04-b4a1-719bad96131c,Limit test: yes; Species: Apis mellifera; Route: oral: unspecified; Exp. duration: 48.0 h,yes,no,"OECD Guideline 213 (Honeybees, Acute Oral Toxicity Test)",,according to guideline,0afbaffd-685f-45ee-b885-e8465a77f62f,,,,,yes,,,,,,,h,48.0,,,,,,,,,,,,Apis mellifera,,other:,oral: unspecified,,,mortality,,,,,,,,>,500.0,other:,µg/piece,,,LD50,,,,,,,other:,,Remarks: acute contact and oral toxicity,,,a749c1aa-677e-404b-b645-90e86a041443,,,,,,,,,,,,,,,,,,,,
4472,4470,9aec8033-026f-431c-a6f9-4aa2533c5365,ENDPOINT_STUDY_RECORD.ToxicityToBees,4104338f-ade3-4caa-9a0b-aa7f59b2f674,toxicity to bees: chronic oral,,,9176d8c7-c354-4973-9f66-6d42a4332198,Species: Apis mellifera; Route: oral; Exp. duration: 10.0 d,,,,,,,,,,,,,,,,,,d,10.0,,,,,,,,,,,,Apis mellifera,,oral,,,,not specified,,,test mat.,,Dimethenamid-P (BAS 656 H),,,,8.7,µg/bee per day,,,,other:,10-d NOED,,,,,,,,,,,39005650-c9b2-4e0a-b327-ec317479f20f,,,,,,,,,,,,,,,,,,,,
4473,4471,8e17ec0b-cb3e-409d-846d-110a936e7ca6,ENDPOINT_STUDY_RECORD.ToxicityToBees,9660613d-7fa7-4f7f-8a7f-930c21fc9542,toxicity to bees: acute oral,,,f42ac414-75d5-400f-af93-e184576b4b60,Species: Apis mellifera; Route: oral: unspecified; Exp. duration: 48.0 h,not specified,not specified,,,,30394b4d-14b9-450f-ab16-d8e0b650e998,,,,,,,,,,,,h,48.0,,,,,,,,,,,,Apis mellifera,,other:,oral: unspecified,,,mortality,,,,,,,,>,163.5,other:,µg/piece,,,LD50,,,,,,,other:,,Remarks: Acute oral toxicity,,,638091b9-1e02-4da3-b43d-2f96fd0987e6,,,,,,,,,,,,,,,,,,,,
4474,4472,5631979e-49ad-488c-965b-737a21bc54f7,ENDPOINT_STUDY_RECORD.ToxicityToBees,c89da3cc-0fef-4d59-88d5-1a219c9da5e7,toxicity to bees: acute contact,,,36654755-c09a-4a9f-9d7b-6e67029a6231,Species: Apis mellifera; Route: dermal,not specified,not specified,,,,28e64077-fc03-41fd-9c92-3146aa3723dd,,,,,,,,,,,,,,,,,,,,,,,,,Apis mellifera,,other:,dermal,,,mortality,,,,,,,,>,29.7,other:,µg/piece,,,LD50,,,,,,,,,,,,543017e2-6b3f-45b7-b41a-3af6cc8c159a,,,,,,,,,,,,,,,,,,,,
4475,4473,cbaf9097-98c0-4378-975f-cb1262c3eca8,ENDPOINT_STUDY_RECORD.ToxicityToBees,5544e808-c2f2-4c32-9619-1030a9c759d0,toxicity to bees: acute contact,,,cd1bc79c-7dcd-4e33-8529-e3474d3cad45,Species: Apis mellifera; Route: dermal,not specified,not specified,,,,f7cfe24f-7489-4701-ac7a-ca97a7a95fa2,,,,,,,,,,,,,,,,,,,,,,,,,Apis mellifera,,other:,dermal,,,mortality,,,,,,,,>,207.0,other:,µg/piece,,,LD50,,,,,,,other:,,Remarks: Acute contact toxicity; remarks for EFSA: endpoint not specified,,,8a3e41b1-b2c7-459a-84d0-4b2d34f29433,,,,,,,,,,,,,,,,,,,,
4476,4474,6e04c0e3-8731-4406-8ef8-82b2fcb3b037,ENDPOINT_STUDY_RECORD.ToxicityToBees,0ea3181a-97ba-4452-a328-7c835aacdba1,toxicity to bees: chronic oral,,,e3d40140-6955-44a9-9491-5f62b312a81c,Species: Apis mellifera; Route: oral; Exp. duration: 10.0 d,,,,,,,,,,,,,,,,,,d,10.0,,,,,,,,,,,,Apis mellifera,,oral,,,,mortality,,,act. ingr.,,,,,>,47.6,µg/bee per day,,,,10-d LDD50,,,,,,,,,,,,013b6e42-0079-46dc-96b2-04cadc70a632,,,,,,,,,,,,,,,,,,,,
4477,4475,66499963-a336-4530-8a15-cd91d003c075,ENDPOINT_STUDY_RECORD.ToxicityToBees,44b92abe-8a3c-43b3-9dd2-1d0dbd473dce,bee larval toxicity - chronic,,,34336a6d-4851-4221-b0e6-e2663561d4a5,Species: Apis mellifera; Route: oral,not specified,not specified,,,,751839a9-1cf7-40a4-9ba5-16aaac62c00f,,,,,,,,,,,,,,,,,,,,,,,,,Apis mellifera,,oral,,,,mortality,,,test mat.,,A19649B,,,,0.026,µg per larva per day,,,,other:,8-d ED10,,,,,,other:,,Remarks: The toxicity value is reported as active substance.,,,965dcfc8-0d17-43c4-a870-8a33322785d6,,,,,,,,,,,,,,,,,,,,
4478,4476,66499963-a336-4530-8a15-cd91d003c075,ENDPOINT_STUDY_RECORD.ToxicityToBees,44b92abe-8a3c-43b3-9dd2-1d0dbd473dce,bee larval toxicity - chronic,,,a0ce5093-8a7f-4b19-9d75-539ed9f0c57f,Species: Apis mellifera; Route: oral,not specified,not specified,,,,751839a9-1cf7-40a4-9ba5-16aaac62c00f,,,,,,,,,,,,,,,,,,,,,,,,,Apis mellifera,,oral,,,,mortality,,,test mat.,,A19649B,,,,0.026,µg per larva per day,,,,other:,8-d ED10,,,,,,other:,,Remarks: The toxicity value is reported as active substance.,,,965dcfc8-0d17-43c4-a870-8a33322785d6,,,,,,,,,,,,,,,,,,,,
4479,4477,edea2ea3-a187-4007-b6ab-9c6d73e0e26f,ENDPOINT_STUDY_RECORD.ToxicityToBees,6466c4e7-7266-4cfb-a0e4-49334015b293,toxicity to bees: chronic oral,,,1202bb4f-384d-4bf3-abf8-c1ab58e73d11,Species: Apis mellifera; Route: oral; Exp. duration: 10.0 d,,,,,,,,,,,,,,,,,,d,10.0,,,,,,,,,,,,Apis mellifera,,oral,,,,mortality,,,act. ingr.,,,,,,0.35,µg/bee per day,,,,LD50,,,,,,,,,,,,f1b2a89b-3b69-49ac-8ff7-a38311ac2759,,,,,,,,,,,,,,,,,,,,
4480,4478,e3ba67ae-1c1f-4543-94f8-75e8bb06118c,ENDPOINT_STUDY_RECORD.ToxicityToBees,c5ca90ae-6289-4101-aebb-19bad073d91c,toxicity to bees: acute oral,,,5a5177d0-6130-41ad-bcf6-613e7d23fb60,Species: Apis mellifera; Route: oral: unspecified,not specified,not specified,,,,7e6eb8ad-99fe-487f-b4a9-201933af286e,,,,,,,,,,,,,,,,,,,,,,,,,Apis mellifera,,other:,oral: unspecified,,,mortality,,,,,,,,>,100.0,other:,µg/piece,,,LD50,,,,,,,,,,,,d42f6998-06b7-443f-b074-b59f0478e61e,,,,,,,,,,,,,,,,,,,,
4481,4479,1276b30e-65b9-43bd-bb77-a1b623617cf6,ENDPOINT_STUDY_RECORD.ToxicityToBees,4c33f8e7-c9f4-4f77-8591-0baf4febfddd,"toxicity to bees: sublethal effects (reproduction, homing flight activity)",,,e469552f-3c2c-4327-8373-b831aa8e55a5,Species: Apis mellifera; Route: oral,not specified,not specified,,,,daec0131-e3e0-44e3-beaf-9f6a1d265c0f,,,,,,,,,,,,,,,,,,,,,,,,,Apis mellifera,,oral,,,,other:,Hypopharyngeal glands,,test mat.,,Fosetyl-Al WG 80,,,,14.1,µg/bee per day,,,,other:,NOEL,,,,,,,,,,,3e4d3437-406d-45f4-9c00-5242ce253ae2,,,,,,,,,,,,,,,,,,,,
4482,4480,1276b30e-65b9-43bd-bb77-a1b623617cf6,ENDPOINT_STUDY_RECORD.ToxicityToBees,4c33f8e7-c9f4-4f77-8591-0baf4febfddd,"toxicity to bees: sublethal effects (reproduction, homing flight activity)",,,8756ea66-3793-4903-9527-af1cda33ace4,Species: Apis mellifera; Route: oral,not specified,not specified,,,,daec0131-e3e0-44e3-beaf-9f6a1d265c0f,,,,,,,,,,,,,,,,,,,,,,,,,Apis mellifera,,oral,,,,other:,Hypopharyngeal glands,,test mat.,,Fosetyl-Al WG 80,,,,14.1,µg/bee per day,,,,other:,NOEL,,,,,,,,,,,3e4d3437-406d-45f4-9c00-5242ce253ae2,,,,,,,,,,,,,,,,,,,,
4483,4481,fa748436-fb23-4f9a-9467-075f2ac9bdaa,ENDPOINT_STUDY_RECORD.ToxicityToBees,f5db0362-7c8b-4259-97cf-9339a9a92a02,toxicity to bees: acute oral,,,94f377c7-7004-4e70-9522-e505cd25d7e3,Species: Apis mellifera; Route: oral: unspecified; Exp. duration: 48.0 h,not specified,not specified,,,,9c0171e6-e430-4d2d-84c9-be8b8e9c2e6d,,,,,,,,,,,,h,48.0,,,,,,,,,,,,Apis mellifera,,other:,oral: unspecified,,,mortality,,,,,,,,,17.32,other:,µg/piece,,,LD50,,,,,,,,,,,,66ccde9e-4a22-4639-b36a-ead0f2ff0e2d,,,,,,,,,,,,,,,,,,,,
4484,4482,2cafb671-e3ec-4d56-bbff-87bbd57aac93,ENDPOINT_STUDY_RECORD.ToxicityToBees,b6e7a642-f1e7-4a7a-b758-21aff3aeb626,toxicity to bees: acute oral,,,164521bc-6e17-4baa-b831-7b996353fe7c,Species: Apis mellifera; Route: oral: unspecified; Exp. duration: 48.0 h,not specified,not specified,,,,820b12c4-bda7-46fc-94b3-0f6f4c7a8ca3,,,,,,,,,,,,h,48.0,,,,,,Mogeton 25 WP,,,,,,Apis mellifera,,other:,oral: unspecified,,,mortality,,,,,,,,>,28.0,other:,µg/piece,,,LD50,,,,,,,other:,,Remarks: Acute oral toxicity,,,124e4867-1b95-41c4-bdb4-8508c5856998,,,,,,,,,,,,,,,,,,,,
4485,4483,506613ce-4f0f-437f-a2e5-02d711dfe13d,ENDPOINT_STUDY_RECORD.ToxicityToBees,f5d92059-bec2-48a7-9cc4-90e03d8b16a7,bee larval toxicity - chronic,,,36654755-c09a-4a9f-9d7b-6e67029a6231,Species: Apis mellifera; Route: oral,,,,,,,,,,,,,,,,,,,,,,,,,,,,,,,Apis mellifera,,oral,,,,not specified,,,act. ingr.,,,,,,120.5,µg per larva per developmental period,,,,other:,NOEC,,,,,,,,,,,b6034447-7048-4007-938f-c423705c1abd,,,,,,,,,,,,,,,,,,,,
4486,4484,8f9765d5-f159-4cf4-8700-6fe3f03b5822,ENDPOINT_STUDY_RECORD.ToxicityToBees,ef2a944e-8e7c-4a4f-a615-e2b700917051,toxicity to bees: acute contact,,,3336088b-f075-4c4c-add1-9f93fb895c89,Species: Apis mellifera; Route: dermal; Exp. duration: 48.0 h,not specified,not specified,,,,1dfc0e68-eaa7-46a0-ba35-89452849f679,,,,,,,,,,,,h,48.0,,,,,,Preparation VitiSan (99.49% KHCO3),,,,,,Apis mellifera,,other:,dermal,,,mortality,,,,,,,,>,559.1,other:,µg/piece,,,LD50,,,,,,,,,,,,ff59584b-80bc-4dc2-a436-e90926f6b6dc,,,,,,,,,,,,,,,,,,,,
4487,4485,094893a9-7a3a-4c2d-85ad-d4ff2ef27d11,ENDPOINT_STUDY_RECORD.ToxicityToBees,961ee044-9060-407a-bffe-f77b14bc6d0a,toxicity to bees: acute contact,,,270f7df8-e6a0-4719-b86f-b6c50ac37bd6,Species: Apis mellifera; Route: dermal; Exp. duration: 96.0 h,yes,no,"OECD Guideline 214 (Honeybees, Acute Contact Toxicity Test)",,according to guideline,923e7d85-e4e1-4df2-8bab-5f644b3c85b2,,,,,,,,,,,,h,96.0,,,,,,,,,,,,Apis mellifera,,other:,dermal,,,mortality,,,,,,,,,141.28,other:,µg/piece,,,LD50,,,,,,,other:,,Remarks: Acute contact toxicity,,,c96800df-116a-469f-91c8-91d48fc81abe,,,,,,,,,,,,,,,,,,,,
4488,4486,d52cc217-0b83-4dff-befa-b9ae4cd33b1a,ENDPOINT_STUDY_RECORD.ToxicityToBees,20ed31da-402c-4d92-8717-25c6837c3dbc,toxicity to bees: acute contact,,,87e29090-c1b3-4319-b645-4e196436e2fc,Limit test: yes; Species: Apis mellifera; Route: dermal; Exp. duration: 48.0 h,yes,no,EPA OPPTS 850.3020 (Honey Bee Acute Contact Toxicity),,according to guideline,3c5352ba-704c-4814-b972-96694f638fd0,,,,,yes,,,,,,,h,48.0,,,,,,,,,,,,Apis mellifera,,other:,dermal,,,mortality,,,,,,,,>,100.0,other:,µg/piece,,,LD50,,,,,,,other:,,Remarks: Dermal toxicity,,,4954b034-5f7b-4f09-888e-e7dee905636d,,,,,,,,,,,,,,,,,,,,
4489,4487,e7fe4cbd-c5c3-46d2-950c-c5371481cc3b,ENDPOINT_STUDY_RECORD.ToxicityToBees,a7b6a0c0-ab49-499c-be87-8cffaaf237af,toxicity to bees: acute oral,,,3b323010-627b-441f-8f3e-4ed9c5a129ea,Species: Apis mellifera; Route: oral: unspecified,not specified,not specified,,,,ec5a9fa9-559f-42cb-a9b5-972c191baebc,,,,,,,,,,,,,,,,,,,,,,,,,Apis mellifera,,other:,oral: unspecified,,,mortality,,,,,,,,,0.077,other:,µg/piece,,,LD50,,,,,,,other:,,Remarks: Acute oral toxicity,,,d2f84c54-a455-4427-a774-57c336a3c246,,,,,,,,,,,,,,,,,,,,
4490,4488,4ab97732-adf5-44c2-b018-be82e77add25,ENDPOINT_STUDY_RECORD.ToxicityToBees,99c432be-4475-4f89-bb83-a518398d5bd3,toxicity to bees: acute oral,,,7c33dae4-b3dc-4ec0-8a97-2a2b224e63f1,Species: Apis mellifera; Route: oral: unspecified,not specified,not specified,,,,c8540f3f-1d81-4edd-abff-bba63e75d8ab,,,,,,,,,,,,,,,,,,,Formulation: CEL 350 20 H (TEM 123),,,,,,Apis mellifera,,other:,oral: unspecified,,,mortality,,,,,,,,>,110.0,other:,µg/piece,,,LD50,,,,,,,other:,,Remarks: Acute oral toxicity,,,ba0efab2-7cf8-4c21-9928-0b5279f4c838,,,,,,,,,,,,,,,,,,,,
4491,4489,5dc27a5f-190b-463a-a5bc-ab3b31f623b3,ENDPOINT_STUDY_RECORD.ToxicityToBees,430479fd-cfe4-4980-8df8-0f5219bde074,toxicity to bees: acute oral,,,36202cb7-71f5-42e2-870e-500d3a34398e,Species: Apis mellifera; Route: oral: unspecified,not specified,not specified,,,,85ae51d8-46ae-478e-b70e-e94a85ba3568,,,,,,,,,,,,,,,,,,,,,,,,,Apis mellifera,,other:,oral: unspecified,,,mortality,,,,,,,,>,200.0,other:,µg/piece,,,LD50,,,,,,,other:,,Remarks: Acute oral and contact toxicity test,,,a5ed7140-9e39-4e06-8843-d408c34ef9eb,,,,,,,,,,,,,,,,,,,,
4492,4490,22a971b5-cf10-4a5d-ba55-fdc4f6956c71,ENDPOINT_STUDY_RECORD.ToxicityToBees,78977381-ec20-41b6-b97c-36bafddaa8d5,toxicity to bees: acute contact,,,c804893b-69b5-4cae-beb2-eb38b0351428,Species: Apis mellifera; Route: dermal,not specified,not specified,,,,f581de2c-180f-4fb5-abd6-de459983c4b7,,,,,,,,,,,,,,,,,,,,,,,,,Apis mellifera,,other:,dermal,,,mortality,,,,,,,,,122.8,other:,µg/piece,,,LD50,,,,,,,other:,,Remarks: Acute contact toxicity,,,0326973f-5a80-4896-869a-8c17f68ec40d,,,,,,,,,,,,,,,,,,,,
4493,4491,92618235-e903-43e6-9297-c8c42fc5495f,ENDPOINT_STUDY_RECORD.ToxicityToBees,25cab7b6-759b-4df2-8750-2536c3fb6a65,bee larval toxicity - acute,,,78d7f5cb-5e45-4c3e-aa7d-acad607bac48,Species: Apis mellifera; Route: oral; Exp. duration: 1.0 d,,,,,,,,,,,,,,,,,,d,1.0,,,,,,,,,,,,Apis mellifera,,oral,,,,mortality,,,test mat.,,Napropamide-M (HBW07),,,,0.043,µg per larva,,,,LD50,,,,,,,,,,,,a81b58be-cd51-42c2-bce1-4b25bf5b686d,,,,,,,,,,,,,,,,,,,,
4494,4492,d0f88f24-2b46-4b9f-a84f-fc8cdd1992fa,ENDPOINT_STUDY_RECORD.ToxicityToBees,099360ff-5a25-479c-ad51-4809c86e18f9,bee larval toxicity - acute,,,cef55dc4-34fd-4da9-b241-ee7e49954600,,not specified,not specified,,,,9a974072-b45d-4229-abaa-a6292dbf77d5,,,,,,,,,,,,,,,,,,,BAS-550-01f,,,,,,Apis mellifera,,oral,,,,not specified,,,act. ingr.,,,,,,37.4,µg per larva,,,,other:,NOEC,,,,,,,,,,,eb7e5dfa-4df6-45f5-937c-3446046cadb5,,,,,,,,,,,,,,,,,,,,
4495,4493,354322ed-1267-4ea4-9c4d-41bb949dc672,ENDPOINT_STUDY_RECORD.ToxicityToBees,1c16c2f0-4696-4bcf-8015-8ce1bf4bc66d,toxicity to bees: acute oral,,,9def720d-336b-4e5e-b745-e8b7639c0683,Species: Apis mellifera; Route: oral: unspecified; Exp. duration: 48.0 h,not specified,not specified,,,,72ef2a10-d2df-4277-8845-115f943940e0,,,,,,,,,,,,h,48.0,,,,,,Oryzalin (formulation),,,,,,Apis mellifera,,other:,oral: unspecified,,,mortality,,,,,,,,,32.0,other:,µg/piece,,,LD50,,,,,,,other:,,Remarks: Acute oral toxicity,,,bab81dfb-c93f-4116-80fa-8963539ff0da,,,,,,,,,,,,,,,,,,,,
4496,4494,00848235-b227-462b-9266-1032cf9a5b54,ENDPOINT_STUDY_RECORD.ToxicityToBees,c51b3fec-1909-4476-a47f-053f0fa52e1b,toxicity to bees: acute contact,,,38876603-eb18-4c27-8d0e-2e52c791d33e,Species: Apis mellifera; Route: dermal,not specified,not specified,,,,f03aaf2a-c3f5-4b6a-bd32-fcdcbcb91ef1,,,,,,,,,,,,,,,,,,,,,,,,,Apis mellifera,,other:,dermal,,,mortality,,,,,,,,>,100.0,other:,µg/piece,,,LD50,,,,,,,,,,,,3e3e4c9b-0b67-4799-8b05-f497af43e788,,,,,,,,,,,,,,,,,,,,
4497,4495,1b09c295-04b2-4dee-bd73-322c1de0ca70,ENDPOINT_STUDY_RECORD.ToxicityToBees,c89da3cc-0fef-4d59-88d5-1a219c9da5e7,toxicity to bees: acute oral,,,36654755-c09a-4a9f-9d7b-6e67029a6231,Species: Apis mellifera; Route: oral: unspecified,not specified,not specified,,,,21690994-de7b-4728-8634-ca251577102c,,,,,,,,,,,,,,,,,,,,,,,,,Apis mellifera,,other:,oral: unspecified,,,mortality,,,,,,,,>,212.0,other:,µg/piece,,,LD50,,,,,,,,,,,,6360b0de-1611-4789-b7d7-ee9f38c25dda,,,,,,,,,,,,,,,,,,,,
4498,4496,6cc727fb-2664-4e45-a6a5-805b4081016c,ENDPOINT_STUDY_RECORD.ToxicityToBees,1d4b107f-5abe-4373-852f-a7b56316506d,bee larval toxicity - chronic,,,5f799b33-7491-4195-8159-cc2d7115d0fd,Species: Apis mellifera; Route: oral; Exp. duration: 4.0 d,,,,,,,,,,,,,,,,,,d,4.0,,,,,,,,,,,,Apis mellifera,,oral,,,,not specified,,,test mat.,,Emery 1202 Pelargonic acid 92%,,,>,100.2,µg per larva,,,,NOED,,,,,,,,,,,,32d7f45e-e412-4bb8-b793-95e6a449d7b8,,,,,,,,,,,,,,,,,,,,
4499,4497,a247323c-34a3-4765-afe6-dbc291578aac,ENDPOINT_STUDY_RECORD.ToxicityToBees,5d911ed2-7aad-4a3c-8780-e2ca116d03eb,bee larval toxicity - acute,,,e81510f6-0ef7-4c10-91d5-72011ec01edf,Species: Apis mellifera; Route: oral; Exp. duration: 1.0 d,,,,,,,,,,,,,,,,,,d,1.0,,,,,,,,,,,,Apis mellifera,,oral,,,,not specified,,,test mat.,,Tribenuron-methyl 50SG,,,,33.3,µg per larva,,,,other:,NOEL,,,,,,other:,,Remarks: 72h single dose,,,9e4731d2-893e-40a9-8f11-31cde883f68d,,,,,,,,,,,,,,,,,,,,
4500,4498,e4557e06-e399-4d59-bbce-9e25d41d1eb0,ENDPOINT_STUDY_RECORD.ToxicityToBees,f8cb4e06-76b1-4684-a509-84c76c8c194e,toxicity to bees: acute contact,,,0feedabd-127c-48a5-8925-06013cbca7f7,Species: Apis mellifera; Route: dermal,not specified,not specified,,,,e07cc50e-2ecb-4fc8-a991-c01841951bd5,,,,,,,,,,,,,,,,,,,,,,,,,Apis mellifera,,other:,dermal,,,mortality,,,,,,,,,0.0036,other:,µg/piece,,,LD50,,,,,,,,,,,,f1cea642-ac50-4577-9c5e-7fffb9da6c6c,,,,,,,,,,,,,,,,,,,,
4501,4499,e4557e06-e399-4d59-bbce-9e25d41d1eb0,ENDPOINT_STUDY_RECORD.ToxicityToBees,f8cb4e06-76b1-4684-a509-84c76c8c194e,toxicity to bees: acute contact,,,f8eb2b42-0c57-4cf5-9123-92935bf6602f,Species: Apis mellifera; Route: dermal,not specified,not specified,,,,e07cc50e-2ecb-4fc8-a991-c01841951bd5,,,,,,,,,,,,,,,,,,,,,,,,,Apis mellifera,,other:,dermal,,,mortality,,,,,,,,,0.0036,other:,µg/piece,,,LD50,,,,,,,,,,,,f1cea642-ac50-4577-9c5e-7fffb9da6c6c,,,,,,,,,,,,,,,,,,,,
4502,4500,41db0c2c-f946-42ac-a47f-653f5d1d268d,ENDPOINT_STUDY_RECORD.ToxicityToBees,0b946696-7252-4ee0-b75f-2b3367534f88,toxicity to bees: chronic oral,,,59a8521c-03f6-4298-b59e-228f05cd592c,Species: Apis mellifera; Route: oral; Exp. duration: 10.0 d,,,,,,,,,,,,,,,,,,d,10.0,,,,,,,,,,,,Apis mellifera,,oral,,,,mortality,,,test mat.,,Mancozeb 80 WP,,,>,51.37,µg/bee per day,,,,LD50,,,,,,,,,,,,2fc0bc3e-a9d5-4214-8e8c-5ee04edd6b37,,,,,,,,,,,,,,,,,,,,
4503,4501,f9cfdb56-fea3-421b-8f47-c8913b364792,ENDPOINT_STUDY_RECORD.ToxicityToBees,e1ec5dfd-5a94-46ef-b332-3e55d4e5a2b1,toxicity to bees: acute oral,,,a93f3776-dc9f-4b8a-a697-4caf0fe4e0c5,Species: Apis mellifera; Route: oral: unspecified,not specified,not specified,,,,584e66c2-43b1-4546-99b3-58820c2bee14,,,,,,,,,,,,,,,,,,,,,,,,,Apis mellifera,,other:,oral: unspecified,,,mortality,,,,,,,,,2.07,other:,µg/piece,,,LD50,,,,,,,other:,,Remarks: Acute oral toxicity,,,2b717e28-1869-4cc5-9b5e-fd5b49941abe,,,,,,,,,,,,,,,,,,,,
4504,4502,84b4ce8e-1fe2-4d20-bb65-809dc448b255,ENDPOINT_STUDY_RECORD.ToxicityToBees,8b55cf2f-e5f9-4e7d-91b7-c919f3e7842b,toxicity to bees: chronic oral,,,e550a071-7e63-4c7e-99a7-fa90bfa96abf,Species: Apis mellifera; Route: oral; Exp. duration: 10.0 d,,,,,,,,,,,,,,,,,,d,10.0,,,,,,,,,,,,Apis mellifera,,oral,,,,mortality,,,test mat.,,Laguna 75 WG,,,>,4.32,µg/bee per day,,,,other:,LC50,,,,,,,,,,,e680e389-95d1-4431-be8b-1c0a19b77d96,,,,,,,,,,,,,,,,,,,,
4505,4503,714c7fcf-2d7f-41d8-8a0b-7e5b6b21438b,ENDPOINT_STUDY_RECORD.ToxicityToBees,8475acca-b439-48ec-b9fc-a4db72bf6f82,bee larval toxicity - acute,,,f9e00f8d-b0b2-4cf7-aaf0-2c543e1cb893,Species: Apis mellifera; Route: oral; Exp. duration: 1.0 d,,,,,,,,,,,,,,,,,,d,1.0,,,,,,,,,,,,Apis mellifera,,oral,,,,not specified,,,act. ingr.,,,,,,12.5,µg per larva,,,,other:,NOEL,,,,,,,,,,,416fd5c6-1f72-48ac-9d25-3ccd1c1ca585,,,,,,,,,,,,,,,,,,,,
4506,4504,01bcf419-1c1a-4b41-89ea-9e5e9109f5dc,ENDPOINT_STUDY_RECORD.ToxicityToBees,28fe5ffc-fb11-4735-93bc-9f0a4e05cabf,toxicity to bees: acute contact,,,9d7689a9-0849-4294-98e9-690f03e16b37,Species: Apis mellifera; Route: dermal; Exp. duration: 48.0 h,not specified,not specified,,,,a9757bc6-1ebc-4bc1-928e-ec51f4bb2efb,,,,,,,,,,,,h,48.0,,,,,,,,,,,,Apis mellifera,,other:,dermal,,,mortality,,,,,,,,,3.1,other:,µg/piece,,,LD50,,,,,,,other:,,Remarks: Acute contact toxicity,,,9a67a199-4b22-4c71-9476-6eb867214277,,,,,,,,,,,,,,,,,,,,
4507,4505,a960efdc-fd0a-4477-824e-845fbc582948,ENDPOINT_STUDY_RECORD.ToxicityToBees,e74ae6f2-e729-490b-b0c0-b5579de8a807,toxicity to bees: acute contact,,,c5ceefab-bdd3-441f-aa36-079349115589,Limit test: no; Species: Apis mellifera; Route: dermal; Exp. duration: 48.0 h,yes,no,EPA OPP 141-1 (Honey Bee Acute Contact Toxicity),,according to guideline,a996d6ca-e58b-4408-a79a-d1a8713aeac2,,,,,no,,,,,,,h,48.0,,,,,,,,,,,,Apis mellifera,,other:,dermal,,,mortality,,,,,,,,>,25.0,other:,µg/piece,,,LD50,,,,,,,other:,,"Remarks: Acute contact toxicity; Guideline: Pesticide Assessment Guidelines, FIFRA Subdivision L, 1982",,,76ae17be-cbe3-419a-9b64-c0162e6e5fa2,,,,,,,,,,,,,,,,,,,,
4508,4506,229e8dfd-8d46-4ea2-9e98-6c20884179e9,ENDPOINT_STUDY_RECORD.ToxicityToBees,cdf45025-c0c7-40e4-8f67-25397aa46b6f,toxicity to bees: acute contact,,,872d9113-c509-4883-8324-1f80fadc9627,Species: Apis mellifera; Route: dermal; Exp. duration: 48.0 h,not specified,not specified,,,,2e3e4a71-689a-4fe2-bd3b-3f51f040ba02,,,,,,,,,,,,h,48.0,,,,,,,,,,,,Apis mellifera,,other:,dermal,,,mortality,,,,,,,,>,30.0,other:,µg/piece,,,LD50,,,,,,,other:,,Remarks: Acute contact toxicity test,,,dee589cd-02bf-4223-8df8-e6d6013bf5ca,,,,,,,,,,,,,,,,,,,,
4509,4507,4cfebcf9-dcb6-423f-816e-a5afff8d31d3,ENDPOINT_STUDY_RECORD.ToxicityToBees,a4135876-f27e-444c-aeff-3a6316f6b4a4,toxicity to bees: acute oral,,,e3758e85-45dd-426d-bdd8-72c3ab8b68d0,Species: Apis mellifera; Route: oral: unspecified,not specified,not specified,,,,64058005-dd89-4aa9-aa9e-f45623de2c31,,,,,,,,,,,,,,,,,,,From studies with the active substance and with formulation KIF-230 15 % WG,,,,,,Apis mellifera,,other:,oral: unspecified,,,mortality,,,,,,,,>,100.0,other:,µg/piece,,,LD50,,,,,,,other:,,Remarks: Acute oral and contact toxicity,,,cd8dab4d-cde7-4958-ae09-fb7667831d1d,,,,,,,,,,,,,,,,,,,,
4510,4508,98d0b7ba-ba24-4a57-ad60-add13bd5faea,ENDPOINT_STUDY_RECORD.ToxicityToBees,034f2e7a-ef97-4283-9c5a-6184fec10b96,toxicity to bees: chronic oral,,,3d5c5abc-2095-4a9e-b1db-0732b13a9173,Species: Apis mellifera; Route: oral; Exp. duration: 10.0 d,,,,,,,,,,,,,,,,,,d,10.0,,,,,,,,,,,,Apis mellifera,,oral,,,,mortality,,,act. ingr.,,,,,>,19.4,µg/bee per day,,,,other:,LC50,,,,,,,,,,,b0c84978-98e7-4a8a-ba0c-d3d45ccba5f0,,,,,,,,,,,,,,,,,,,,
4511,4509,e4002bf5-c485-4423-b2df-feaf9e2be69f,ENDPOINT_STUDY_RECORD.ToxicityToBees,99c432be-4475-4f89-bb83-a518398d5bd3,toxicity to bees: acute contact,,,7c33dae4-b3dc-4ec0-8a97-2a2b224e63f1,Species: Apis mellifera; Route: dermal,not specified,not specified,,,,a0a628ec-a7fc-4c1f-a635-1ca0483a0b74,,,,,,,,,,,,,,,,,,,Formulation: CEL 350 20 H (TEM 123),,,,,,Apis mellifera,,other:,dermal,,,mortality,,,,,,,,>,96.0,other:,µg/piece,,,LD50,,,,,,,other:,,Remarks: Acute contact toxicity,,,08948610-bbf4-4b3c-807e-881b8d454f6a,,,,,,,,,,,,,,,,,,,,
4512,4510,f11b82a8-0dea-46d3-9e0e-a758900b205e,ENDPOINT_STUDY_RECORD.ToxicityToBees,1d4b107f-5abe-4373-852f-a7b56316506d,toxicity to bees: chronic oral,,,5f799b33-7491-4195-8159-cc2d7115d0fd,Species: Apis mellifera; Route: oral; Exp. duration: 10.0 d,,,,,,,,,,,,,,,,,,d,10.0,,,,,,,,,,,,Apis mellifera,,oral,,,,not specified,,,test mat.,,MON 74134,,,,9.1,µg/bee per day,,,,other:,NOEDD,,,,,,,,,,,e3602c65-5d9a-4d99-bc0e-0b51d3feeac0,,,,,,,,,,,,,,,,,,,,
4513,4511,26402aad-e695-4d5b-825d-c21eda5b7927,ENDPOINT_STUDY_RECORD.ToxicityToBees,6df6c0f1-e93b-40a9-899d-1aa787006658,bee larval toxicity - chronic,,,ce166716-b1ec-484e-a17b-d89872dc1d5c,Species: Apis mellifera; Route: oral; Exp. duration: 4.0 d,,,,,,,,,,,,,,,,,,d,4.0,,,,,,,,,,,,Apis mellifera,,oral,,,,mortality,,,test mat.,,Iodosulfuron-methyl-sodium WG 10,,,,,other:,mg/L,<,25.0,other:,NOEC,,,,,,,,,,,4f64984c-5cd0-48e7-a49d-4368ddf92316,,,,,,,,,,,,,,,,,,,,
4514,4512,fc51751e-779a-4436-b342-848af58f333f,ENDPOINT_STUDY_RECORD.ToxicityToBees,6509fe0b-edfd-44db-a9ba-3f4404a8c9c7,toxicity to bees: acute contact,,,cda7718b-0d60-437f-b474-95ea17a5eaa8,Species: Apis mellifera; Route: dermal,not specified,not specified,,,,37accfdc-8ec9-4ff6-8877-e80f70223fac,,,,,,,,,,,,,,,,,,,,,,,,,Apis mellifera,,other:,dermal,,,mortality,,,,,,,,>,100.0,other:,µg/piece,,,LD50,,,,,,,other:,,Remarks: Acute contact toxicity,,,2ac2e671-224c-4c58-8482-2205350000a1,,,,,,,,,,,,,,,,,,,,
4515,4513,1becca08-36d4-4c04-b605-42d5c49be6fb,ENDPOINT_STUDY_RECORD.ToxicityToBees,7e050a9a-6834-4ef8-a7a9-e8b230f20082,toxicity to bees: acute contact,,,7220e86c-692f-4e90-bf38-72de40d4a72e,,not specified,not specified,,,,16fa518b-acc2-446a-876c-72cde058373c,,,,,,,,,,,,,,,,,,,Preparation (GF-1075),,,,,,Apis mellifera,,other:,dermal,,,mortality,,,act. ingr.,,,,,>,6.5,µg/bee,,,,LD50,,,,,,,,,,,,68416239-373d-40c3-9a62-73ff60d649bc,,,,,,,,,,,,,,,,,,,,
4516,4514,96942eeb-a9dc-4ec0-b884-475e0c2c01fe,ENDPOINT_STUDY_RECORD.ToxicityToBees,d8dee37f-ac8e-4afb-97bc-b3566a8a3e03,toxicity to bees: acute contact,,,e86b9ca3-1f2c-4859-9033-8296856b4f1c,Species: Apis mellifera; Route: dermal,not specified,not specified,,,,b2ffb229-75f6-4bd2-94ac-d42e5831f5ed,,,,,,,,,,,,,,,,,,,Sakalia,,,,,,Apis mellifera,,other:,dermal,,,mortality,,,,,,,,>,100.0,other:,µg/piece,,,LD50,,,,,,,other:,,Remarks: Acute contact toxicity,,,4260c933-fc56-4ee7-af00-200ac1948b34,,,,,,,,,,,,,,,,,,,,
4517,4515,2a93b136-0d8b-40e7-a30f-3541168b2cbd,ENDPOINT_STUDY_RECORD.ToxicityToBees,c5a05f6c-b34b-4ab6-91f9-da4f8bdcd99e,toxicity to bees: chronic oral,,,cdfc9417-f387-4558-9923-8540c15354c6,,not specified,yes,,,,69c5ff98-eff1-4489-8bb2-d500f1488910,,,,,,,,,,,,d,10.0,,,,,,,,,,,,Apis mellifera,,oral,,,,mortality,,,,,,,,,83.3,µg/bee per day,,,,10-d LDD50,,,,,,,other:,,Study is considered reliable although some deviations were noted with respect to the recommendations of the current test guidelines.,,,3e800408-b982-423a-92c2-d53316e256bd,,,,,,,,,,,,,,,,,,,,
4518,4516,2a93b136-0d8b-40e7-a30f-3541168b2cbd,ENDPOINT_STUDY_RECORD.ToxicityToBees,c5a05f6c-b34b-4ab6-91f9-da4f8bdcd99e,toxicity to bees: chronic oral,,,83792fe3-ab3d-4c0c-94f9-f40c0aa293ab,,not specified,yes,,,,69c5ff98-eff1-4489-8bb2-d500f1488910,,,,,,,,,,,,d,10.0,,,,,,,,,,,,Apis mellifera,,oral,,,,mortality,,,,,,,,,83.3,µg/bee per day,,,,10-d LDD50,,,,,,,other:,,Study is considered reliable although some deviations were noted with respect to the recommendations of the current test guidelines.,,,3e800408-b982-423a-92c2-d53316e256bd,,,,,,,,,,,,,,,,,,,,
4519,4517,76fbeab5-2ee9-4b15-ad71-e5b75e27d7e5,ENDPOINT_STUDY_RECORD.ToxicityToBees,59a33c15-65db-4d3d-b226-8d921bcd5974,bee larval toxicity - chronic,,,a5856020-c14c-464a-957b-19eb40ace95a,,not specified,not specified,,,,7b2a8ce8-a850-42cc-a21c-8ab82378320b,,,,,,,,,,,,,,,,,,,,,,,,,Apis mellifera,,oral,,,,mortality,,,,,,,,,0.64,µg per larva per developmental period,,,,other:,8-d LD10,,,larva,,,,,,,,bb0ae728-1fdb-49fa-8722-4e4ce131ab58,,,,,,,,,,,,,,,,,,,,
4520,4518,76fbeab5-2ee9-4b15-ad71-e5b75e27d7e5,ENDPOINT_STUDY_RECORD.ToxicityToBees,59a33c15-65db-4d3d-b226-8d921bcd5974,bee larval toxicity - chronic,,,a5856020-c14c-464a-957b-19eb40ace95a,,not specified,not specified,,,,7b2a8ce8-a850-42cc-a21c-8ab82378320b,,,,,,,,,,,,,,,,,,,,,,,,,Apis mellifera,,oral,,,,not specified,,,,,,,,,0.89,µg per larva per developmental period,,,,other:,8-d NOED,,,larva,,,,,,,,93b4748d-008e-4c95-9585-524a649774ea,,,,,,,,,,,,,,,,,,,,
4521,4519,fff63ec8-36bf-4a31-9436-08f3c161b8de,ENDPOINT_STUDY_RECORD.ToxicityToBees,8475acca-b439-48ec-b9fc-a4db72bf6f82,toxicity to bees: chronic oral,,,f9e00f8d-b0b2-4cf7-aaf0-2c543e1cb893,Species: Apis mellifera; Route: oral; Exp. duration: 10.0 d,,,,,,,,,,,,,,,,,,d,10.0,,,,,,,,,,,,Apis mellifera,,oral,,,,mortality,,,test mat.,,BAS 610 06 F,,,,16.6,µg/bee per day,,,,10-d LDD50,,,,,,,,,,,,76b3ac0f-8747-45a4-bbcd-afa09009f1d8,,,,,,,,,,,,,,,,,,,,
4522,4520,84cca561-f3ff-48c9-9eb9-297b001ca882,ENDPOINT_STUDY_RECORD.ToxicityToBees,d937f903-9e5f-4fea-bb4b-93b44ff2e118,toxicity to bees: chronic oral,,,0cd6f53f-874a-4d3d-afee-709ff595a562,,not specified,not specified,,,,e5eaf405-2250-4eb3-a176-b46dc800a90b,,,,,,,,,,,,d,10.0,,,,,,Fenoxaprop-P-ethyl EW 69 (69 g/L),,,,,,Apis mellifera,,oral,,,,mortality,,,,,,,,,10.06,µg/bee,,,,10-d LDD50,,,,,,,,,,,,26f9361f-b912-49c4-b2f5-79b9d1f195e4,,,,,,,,,,,,,,,,,,,,
4523,4521,53d480ac-e358-4cf2-bd25-e59c1da9e657,ENDPOINT_STUDY_RECORD.ToxicityToBees,ab42b3c8-86de-4b65-af62-927b86b3ee7e,toxicity to bees: acute oral,,,603df01a-1e8b-4370-9487-a1dd55833381,Species: Apis mellifera; Route: oral: unspecified,not specified,not specified,,,,928465a3-8f81-41fe-9cad-9f34f1e18f38,,,,,,,,,,,,,,,,,,,,,,,,,Apis mellifera,,other:,oral: unspecified,,,mortality,,,,,,,,>,224.6,other:,µg/piece,,,LD50,,,,,,,other:,,Remarks: Acute oral toxicity,,,bb23c2d5-1743-449e-a49b-7d32d5b2dce3,,,,,,,,,,,,,,,,,,,,
4524,4522,ec663cb5-f144-4dfb-89f4-2ccdd4689ccf,ENDPOINT_STUDY_RECORD.ToxicityToBees,582536dd-ad5d-4ba2-8168-fe0687fc489a,toxicity to bees: chronic oral,,,49143d9b-6f67-4a90-a62c-f3f89eedd7ea,Species: Apis mellifera; Route: oral; Exp. duration: 10.0 d,,,,,,,,,,,,,,,,,,d,10.0,,,,,,,,,,,,Apis mellifera,,oral,,,,mortality,,,test mat.,,A7957E,,,,12.17,µg/bee per day,,,,10-d LDD50,,,,,,,,,,,,91fc6952-de3e-4104-8cc1-9a436b50bfa0,,,,,,,,,,,,,,,,,,,,
4525,4523,adf12ede-940d-4903-981c-20c533b256e5,ENDPOINT_STUDY_RECORD.ToxicityToBees,4cbfe12f-336f-4365-9781-aa4c4740d3a9,toxicity to bees: acute oral,,,71c1537f-f399-44c1-be8c-dd02cb6e6267,Species: Apis mellifera; Route: oral: unspecified,not specified,not specified,,,,4f01001c-90e8-4375-af10-898ddcbc4c8d,,,,,,,,,,,,,,,,,,,,,,,,,Apis mellifera,,other:,oral: unspecified,,,mortality,,,,,,,,,37.1,other:,µg/piece,,,LD50,,,,,,,other:,,Remarks: Acute oral toxicity,,,c65c7c7b-3dfa-4cb1-a3fb-e60d749d946e,,,,,,,,,,,,,,,,,,,,
4526,4524,17e853ab-978d-4fc3-9efa-b9c017058616,ENDPOINT_STUDY_RECORD.ToxicityToBees,77fa1f2d-60f5-45ee-b764-bd90bfe2995b,toxicity to bees: acute oral,,,cdb062e5-f2ea-4fe7-a42c-02e370ab0126,Species: Apis mellifera; Route: oral: unspecified,not specified,not specified,,,,bd03acf5-48f8-4fe5-afd5-c481a5e4c3de,,,,,,,,,,,,,,,,,,,30 % WP,,,,,,Apis mellifera,,other:,oral: unspecified,,,mortality,,,,,,,,,12.4,other:,µg/piece,,,LD50,,,,,,,,,,,,2a918caa-e803-4145-91b0-4854f00af0d5,,,,,,,,,,,,,,,,,,,,
4527,4525,39dd45a9-80bf-456b-9934-a748b9a10ce9,ENDPOINT_STUDY_RECORD.ToxicityToBees,bc8bb184-91cd-4422-8c8d-c991389b073a,toxicity to bees: acute oral,,,a06aedec-0c73-4fcb-96ad-e544ffd1d949,Limit test: no; Species: Apis mellifera; Route: oral: unspecified; Exp. duration: 48.0 h,yes,no,other:,OTHER GUIDELINE,according to guideline,57b29f0d-05b1-4f8b-89f2-cae2348a746b,,,,,no,,,,,,,h,48.0,,,,,,,,,,,,Apis mellifera,,other:,oral: unspecified,,,mortality,,,,,,,,,0.38,other:,µg/piece,,,LD50,,,,,,,other:,,Remarks: Acute oral toxicity. Guideline: EPPO 170 Guideline.,,,1dece9d3-b3f4-404c-8759-3a2e4f732f57,,,,,,,,,,,,,,,,,,,,
4528,4526,800e7ba3-ac87-4d32-a7c4-c53329f9580c,ENDPOINT_STUDY_RECORD.ToxicityToBees,405f9075-8fcb-4195-9d00-481bc9fdf3a7,toxicity to bees: acute oral,,,c8f65176-bc76-4a55-ae74-95ba93c9569f,,not specified,not specified,,,,463fe9a3-1622-417b-8fb3-f7d8f5c45753,,,,,,,,,,,,h,48.0,,,,,,Sulfur 80% WG,,,,,,Apis mellifera,,oral,,,,mortality,,,act. ingr.,,,,,>,700.1,µg/bee,,,,LD50,,,,,,,,,,,,66f7d5fa-173b-4ba1-9162-e24335a3bf6a,,,,,,,,,,,,,,,,,,,,
4529,4527,17582954-8f52-4c7c-a5bf-e6bad762cbdc,ENDPOINT_STUDY_RECORD.ToxicityToBees,d890cedc-f75e-43c2-bfdd-bef2d22a0f97,toxicity to bees: acute contact,,,33a44e18-8bd9-4bd5-99a2-2a59fa3e23e2,Species: Apis mellifera; Route: dermal,not specified,not specified,,,,a2f1e5ef-1c7d-4faf-bf54-3914024c1847,,,,,,,,,,,,,,,,,,,,,,,,,Apis mellifera,,other:,dermal,,,mortality,,,,,,,,>,100.0,other:,µg/piece,,,LD50,,,,,,,,,,,,a3c4945a-0d0e-48f7-8630-f36fb7c1ac4f,,,,,,,,,,,,,,,,,,,,
4530,4528,86ac8a7f-f1b5-4146-b6c2-262b4e848d1f,ENDPOINT_STUDY_RECORD.ToxicityToBees,f5d92059-bec2-48a7-9cc4-90e03d8b16a7,toxicity to bees: acute oral,,,80c80f71-4171-47a7-8b5a-ad127d170e74,Species: Apis mellifera; Route: oral: unspecified; Exp. duration: 48.0 h,not specified,not specified,,,,a592783f-b429-42b8-89bd-870fc6791cbf,,,,,,,,,,,,h,48.0,,,,,,,,,,,,Apis mellifera,,other:,oral: unspecified,,,mortality,,,,,,,,,462.0,other:,µg/piece,,,LD50,,,,,,,other:,,Remarks: Acute oral toxicity,,,8c2951ad-d3f2-4b9b-a4b9-48eeeb0697ba,,,,,,,,,,,,,,,,,,,,
4531,4529,221341f6-8a18-4635-8d8c-f616b9590fce,ENDPOINT_STUDY_RECORD.ToxicityToBees,1c96cde9-8e8d-4712-a754-7f7492cacf32,toxicity to bees: acute oral,,,8afa5afa-f1bf-4382-9b79-5b995923cf2e,Species: Apis mellifera; Route: oral: unspecified,not specified,not specified,,,,428d99f8-b3b7-485a-89ba-55a9490f28c4,,,,,,,,,,,,,,,,,,,,,,,,,Apis mellifera,,other:,oral: unspecified,,,mortality,,,,,,,,>,7.1,other:,µg/piece,,,LD50,,,,,,,other:,,Remarks: Acute oral toxicity,,,f1721911-5ff7-417b-b4a0-d6e7a95f924a,,,,,,,,,,,,,,,,,,,,
4532,4530,512bcd61-c055-4ed2-b9dd-0fd4c582879e,ENDPOINT_STUDY_RECORD.ToxicityToBees,5d911ed2-7aad-4a3c-8780-e2ca116d03eb,bee larval toxicity - acute,,,e81510f6-0ef7-4c10-91d5-72011ec01edf,Species: Apis mellifera; Route: oral; Exp. duration: 1.0 d,,,,,,,,,,,,,,,,,,d,1.0,,,,,,,,,,,,Apis mellifera,,oral,,,,mortality,,,test mat.,,Tribenuron-methyl 75WG,,,>,100.0,µg per larva,,,,LD50,,,,,,,,,,,,a318717a-dc74-4ac0-8734-ab3e695f1ff3,,,,,,,,,,,,,,,,,,,,
4533,4531,5d6d28e3-f77d-4bb5-a57e-057cb7568432,ENDPOINT_STUDY_RECORD.ToxicityToBees,a7b6a0c0-ab49-499c-be87-8cffaaf237af,toxicity to bees: acute oral,,,059a3306-df17-4ae5-85d0-15fb3da19cc4,Species: Apis mellifera; Route: oral: unspecified,not specified,not specified,,,,565782b7-ef6b-4a41-a501-b48236588286,,,,,,,,,,,,,,,,,,,,,,,,,Apis mellifera,,other:,oral: unspecified,,,mortality,,,,,,,,,0.077,other:,µg/piece,,,LD50,,,,,,,other:,,Remarks: oral toxicity,,,3e10aad0-153d-4b01-a508-b004ff449bea,,,,,,,,,,,,,,,,,,,,
4534,4532,f9eb7871-72d9-4f5d-b3ed-7efbbfbe7151,ENDPOINT_STUDY_RECORD.ToxicityToBees,128bbad2-cd8a-4a67-911e-aff76a6254ce,toxicity to bees: acute contact,,,f024d55e-0dd3-4989-b838-ee49f0d0d0b0,Limit test: no; Species: Apis mellifera; Route: dermal; Exp. duration: 48.0 h,yes,no,other:,OTHER GUIDELINE,according to guideline,91996e45-ef16-4569-aab5-0f4b34e5b6f3,,,,,no,,,,,,,h,48.0,,,,,,,,,,,,Apis mellifera,,other:,dermal,,,mortality,,,,,,,,>,196.0,other:,µg/piece,,,LD50,,,,,,,other:,,Remarks: Acute Contact Toxicity. Guideline: EPPO Guideline No. 170 (1992).,,,a4699be3-358d-474a-a739-e53aad5284ce,,,,,,,,,,,,,,,,,,,,
4535,4533,b544685c-e131-49c5-9be2-0b9fe603ef20,ENDPOINT_STUDY_RECORD.ToxicityToBees,f26fd4d3-2a09-4acc-9144-8cc75e200882,toxicity to bees: acute contact,,,d95e6b5d-a516-4165-8e40-6d5fc470b9bd,Species: Apis mellifera; Route: dermal,not specified,not specified,,,,c085cd6c-a7fc-4a10-b1e7-cb282a06567c,,,,,,,,,,,,,,,,,,,,,,,,,Apis mellifera,,other:,dermal,,,mortality,,,,,,,,>,100.0,other:,µg/piece,,,LD50,,,,,,,other:,,Remarks: Acute contact toxicity,,,6ba9e137-991e-4d4c-bb03-d13a7fe953c5,,,,,,,,,,,,,,,,,,,,
4536,4534,b544685c-e131-49c5-9be2-0b9fe603ef20,ENDPOINT_STUDY_RECORD.ToxicityToBees,f26fd4d3-2a09-4acc-9144-8cc75e200882,toxicity to bees: acute contact,,,219541b1-6379-47b8-9e9b-0dbee98618db,Species: Apis mellifera; Route: dermal,not specified,not specified,,,,c085cd6c-a7fc-4a10-b1e7-cb282a06567c,,,,,,,,,,,,,,,,,,,,,,,,,Apis mellifera,,other:,dermal,,,mortality,,,,,,,,>,100.0,other:,µg/piece,,,LD50,,,,,,,other:,,Remarks: Acute contact toxicity,,,6ba9e137-991e-4d4c-bb03-d13a7fe953c5,,,,,,,,,,,,,,,,,,,,
4537,4535,d05a9186-ca01-4a85-9d57-ddb6bd373714,ENDPOINT_STUDY_RECORD.ToxicityToBees,8a324526-c0d0-469d-ba10-0b5497f0576d,toxicity to bees: acute oral,,,6cf05df4-0708-4f15-86a1-90ceece89270,Species: Apis mellifera; Route: oral: unspecified,not specified,not specified,,,,17552d64-578a-40fe-9965-c636f09726aa,,,,,,,,,,,,,,,,,,,,,,,,,Apis mellifera,,other:,oral: unspecified,,,mortality,,,,,,,,>,100.0,other:,µg/piece,,,LD50,,,,,,,other:,,Remarks: (Wainwright 2001),,,666c1fd1-1e54-4b89-9d7c-50f921dd4223,,,,,,,,,,,,,,,,,,,,
4538,4536,f3d1448c-1dc7-40be-86af-b8eeed731e39,ENDPOINT_STUDY_RECORD.ToxicityToBees,45fafec9-398d-4237-8dc7-01e2d190f6c2,toxicity to bees: acute oral,,,9db17b32-0900-4ca0-9f13-62d8e2877fd6,Species: Apis mellifera; Route: oral: unspecified,not specified,not specified,,,,e2a66acb-63c6-4aed-90c5-4e14949f0658,,,,,,,,,,,,,,,,,,,,,,,,,Apis mellifera,,other:,oral: unspecified,,,mortality,,,,,,,,>,66.0,other:,µg/piece,,,LD50,,,,,,,other:,,Remarks: Acute oral toxicity,,,bdccaf10-0a60-438f-a12d-541827f1350e,,,,,,,,,,,,,,,,,,,,
4539,4537,3e760077-1305-4ae8-86c5-6b09c49e33d5,ENDPOINT_STUDY_RECORD.ToxicityToBees,28fe5ffc-fb11-4735-93bc-9f0a4e05cabf,toxicity to bees: acute oral,,,9d7689a9-0849-4294-98e9-690f03e16b37,Species: Apis mellifera; Route: oral: unspecified; Exp. duration: 48.0 h,not specified,not specified,,,,593b8a30-fdbd-40da-a5cc-21485b73db9b,,,,,,,,,,,,h,48.0,,,,,,,,,,,,Apis mellifera,,other:,oral: unspecified,,,mortality,,,,,,,,,0.153,other:,µg/piece,,,LD50,,,,,,,other:,,Remarks: Acute oral toxicity,,,bfb6223e-bef9-46bb-8a2a-f2e51b18ee84,,,,,,,,,,,,,,,,,,,,
4540,4538,8c5cd1c3-cdac-4bb7-9bc0-45f0d09002c3,ENDPOINT_STUDY_RECORD.ToxicityToBees,c4cf1153-630b-41d3-bcef-31774b0657db,toxicity to bees: chronic oral,,,31bdc495-c4ba-45d1-9a5f-d08b83743c15,Species: Apis mellifera; Route: oral; Exp. duration: 10.0 d,,,,,,,,,,,,,,,,,,d,10.0,,,,,,,,,,,,Apis mellifera,,oral,,,,mortality,,,act. ingr.,,,,,>,111.6,mg/kg diet,,,,other:,LC50,,,,,,,,,,,55482397-b9be-41be-b3ae-46e51e2daabd,,,,,,,,,,,,,,,,,,,,
4541,4539,98bf6db8-fafc-4412-ac55-837a9f330ef7,ENDPOINT_STUDY_RECORD.ToxicityToBees,847d4ee1-1ea0-422a-a9dd-dfac5bb8568c,toxicity to bees: acute contact,,,a408a98f-aea5-4b11-81dd-43494f5c42ba,Limit test: no; Species: Apis mellifera; Route: dermal; Exp. duration: 48.0 h,yes,not specified,,,no guideline followed,df7a6d5c-78b8-46ad-b3ad-5e02f88315c5,,,,,no,,,,,,,h,48.0,,,,,,,,,,,,Apis mellifera,,other:,dermal,,,mortality,,,,,,,,>,234.0,other:,µg/piece,,,LD50,,,,,,,other:,,Remarks: Acute contact toxicity,,,017f583f-160c-4be2-86ee-7236e49c4ea6,,,,,,,,,,,,,,,,,,,,
4542,4540,757fea8d-ffc1-4528-b23b-2f629d32162c,ENDPOINT_STUDY_RECORD.ToxicityToBees,06e8b19e-3e1e-45c5-a8f6-5f601e7e8409,bee larval toxicity - acute,,,ab9aa532-5c1c-42af-8a1c-d8060924ea1e,Species: Apis mellifera; Route: oral; Exp. duration: 1.0 d,,,,,,,,,,,,,,,,,,d,1.0,,,,,,,,,,,,Apis mellifera,,oral,,,,mortality,,,test mat.,,A7957E,,,,152.0,µg per larva,,,,LD50,,,,,,,,,,,,2219d0ab-4f83-448d-98a2-ffe5e6ac6b59,,,,,,,,,,,,,,,,,,,,
4543,4541,6cc2ee49-ead1-4e25-a4e0-d8e07620e45c,ENDPOINT_STUDY_RECORD.ToxicityToBees,366a3f2b-8c1f-48c5-a8f2-d50477575d41,toxicity to bees: acute oral,,,5838d590-d711-4363-80b8-c131979f2d81,Species: Apis mellifera; Route: oral: unspecified; Exp. duration: 48.0 h,not specified,not specified,,,,e2f55fd4-6705-459f-a2d5-3b4d67ba6fa2,,,,,,,,,,,,h,48.0,,,,,,,,,,,,Apis mellifera,,other:,oral: unspecified,,,mortality,,,,,,,,>,105.4,other:,µg/piece,,,LD50,,,,,,,,,,,,e1c1d550-230c-43fb-8616-58586b0609c6,,,,,,,,,,,,,,,,,,,,
4544,4542,4cfb3f87-2bab-4f7e-b275-46345a73e9d8,ENDPOINT_STUDY_RECORD.ToxicityToBees,97f34e33-9a0a-484b-a587-aefa9aa22e58,toxicity to bees: acute oral,,,c13bdad4-38f2-4fcb-8065-a8eafa25a6a8,Species: Apis mellifera; Route: oral: unspecified; Exp. duration: 48.0 h,yes,not specified,,,,6e9947ae-3d03-462e-acb6-cf6510ebcea7,,,,,,,,,,,,h,48.0,,,,,,,,,,,,Apis mellifera,,other:,oral: unspecified,,,mortality,,,,,,,,>,100.0,other:,µg/piece,,,LD50,,,,,,,other:,,Remarks: Acute oral and contact toxicity,,,069e5499-5f47-4c90-892d-48d992a3488d,,,,,,,,,,,,,,,,,,,,
4545,4543,c691f3e4-ee62-4199-96c6-1fd69146bd72,ENDPOINT_STUDY_RECORD.ToxicityToBees,b8d9e90a-5026-49de-bce9-7edd6c185f46,toxicity to bees: acute contact,,,016d854c-fa7a-4f4d-aaa8-817c8f39e243,Species: Apis mellifera; Route: dermal,yes,not specified,,,,acd423c7-adc1-44f0-bdd7-58fdc0d7fb95,,,,,,,,,,,,,,,,,,,,,,,,,Apis mellifera,,other:,dermal,,,mortality,,,,,,,,>,100.0,other:,µg/piece,,,LD50,,,,,,,other:,,Remarks: Acute contact toxicity test,,,b4b6bce6-9740-41fe-ad44-b8663f793fb2,,,,,,,,,,,,,,,,,,,,
4546,4544,5d328c3e-1ded-4d2c-827a-12d646c905dd,ENDPOINT_STUDY_RECORD.ToxicityToBees,abadc8e7-0388-421e-99ef-5db309d1e3c1,toxicity to bees: acute oral,,,da445043-81f7-4c70-98c1-c51210db6c2d,Species: Apis mellifera; Route: oral: unspecified; Exp. duration: 48.0 h,not specified,not specified,,,,17745faf-afb2-4666-a8dd-8ff1299c320b,,,,,,,,,,,,h,48.0,,,,,,Formulation A-8995 B,,,,,,Apis mellifera,,other:,oral: unspecified,,,mortality,,,,,,,,>,204.0,other:,µg/piece,,,LD50,,,,,,,other:,,Remarks: Acute oral and contact toxicity test,,,9fd0c318-54dd-4624-abf2-3e82e322efc4,,,,,,,,,,,,,,,,,,,,
4547,4545,56b6fea9-88d7-46ea-a70d-d35628a4f7e7,ENDPOINT_STUDY_RECORD.ToxicityToBees,ce6eabec-ae04-4b5f-b205-7639062e9c0a,toxicity to bees: acute contact,,,33a038ad-4474-4b59-b50b-29531ade6ff6,,not specified,not specified,,,,74a8ef34-fe9d-423c-bed1-376d61094693,,,,,,,,,,,,,,,,,,,,,,,,,Apis mellifera,,contact,,,,mortality,,,,,,,,>,100.0,µg/bee,,,,LD50,,,1.0,,,,,,,,,f9801370-e68f-4a33-961c-7a1e18c80dd7,,,,,,,,,,,,,,,,,,,,
4548,4546,c5a37c12-6a40-4012-8c93-4c0fc2576455,ENDPOINT_STUDY_RECORD.ToxicityToBees,696a7857-f9d4-4efc-8ecc-b860b72ff435,toxicity to bees: acute oral,,,585c5854-bb60-4e86-9276-fd99cd604407,,not specified,not specified,,,,5901d20f-9877-4e8a-bc0b-7aa6f9497954,,,,,,,,,,,,h,48.0,,,,,,"Studies was conducted with the solo-formulation BAS 222 28 F (containing 70% metiram, nominally).",,,,,,Apis mellifera,,oral,,,,mortality,,,act. ingr.,,,h,48.0,>,110.1,µg/bee,,,,LD50,,,,,,,,,,,,b53046b6-3d70-4190-b1f1-73c0a19d0b52,,,,,,,,,,,,,,,,,,,,
4549,4547,25b3edef-2902-4dae-83a2-d3a15166428b,ENDPOINT_STUDY_RECORD.ToxicityToBees,a9b38a53-0e30-4f77-af40-6f9aeda2cabe,toxicity to bees: acute oral,,,20a23bb7-d6dc-4700-9c8b-d1b1f41b4983,Species: Apis mellifera; Route: oral: unspecified,not specified,not specified,,,,e0fe3baf-2582-44b3-ab37-de537cf2112a,,,,,,,,,,,,,,,,,,,"Garlon 4, containing only triclopyr-butotyl",,,,,,Apis mellifera,,other:,oral: unspecified,,,mortality,,,other:,triclopyr,,,,>,100.0,other:,µg/piece,,,LD50,,,,,,,,,,,,dbd93df2-3edc-4365-916f-117dd5877b72,,,,,,,,,,,,,,,,,,,,
4550,4548,25b3edef-2902-4dae-83a2-d3a15166428b,ENDPOINT_STUDY_RECORD.ToxicityToBees,a9b38a53-0e30-4f77-af40-6f9aeda2cabe,toxicity to bees: acute oral,,,9f4445d9-404e-412a-a662-c984ef94fe77,Species: Apis mellifera; Route: oral: unspecified,not specified,not specified,,,,e0fe3baf-2582-44b3-ab37-de537cf2112a,,,,,,,,,,,,,,,,,,,"Garlon 4, containing only triclopyr-butotyl",,,,,,Apis mellifera,,other:,oral: unspecified,,,mortality,,,other:,triclopyr,,,,>,100.0,other:,µg/piece,,,LD50,,,,,,,,,,,,dbd93df2-3edc-4365-916f-117dd5877b72,,,,,,,,,,,,,,,,,,,,
4551,4549,9b2d24f3-b245-4cc5-bb5d-1bc81c1a5caa,ENDPOINT_STUDY_RECORD.ToxicityToBees,884138b1-5fdf-4295-89d0-bac3a9eeef6e,toxicity to bees: acute contact,,,8a636c03-9845-4f67-ac0a-eed245f93643,Limit test: yes; Species: Apis mellifera; Route: dermal; Exp. duration: 48.0 h,yes,no,EPA OPP 141-1 (Honey Bee Acute Contact Toxicity),,according to guideline,7c3be53c-f899-4bc4-b352-3d805be31657,,,,,yes,,,,,,,h,48.0,,,,,,,,,,,,Apis mellifera,,other:,dermal,,,mortality,,,,,,,,>,100.0,other:,µg/piece,,,LD50,,,,,,,other:,,Remarks: Acute contact toxicity,,,78f61ef5-f4bb-487c-897e-d53c76f18fcd,,,,,,,,,,,,,,,,,,,,
4552,4550,1b91ba2f-e5e3-42e2-8a40-fc8d1a8e4e2f,ENDPOINT_STUDY_RECORD.ToxicityToBees,2c848ba9-ceaf-46ad-80f8-cef4105a620d,toxicity to bees: acute contact,,,74792dc4-a7bb-4e76-b09d-ada2273ab869,Limit test: no; Species: Apis mellifera; Route: dermal; Exp. duration: 48.0 h,yes,no,EPA OPP 141-1 (Honey Bee Acute Contact Toxicity),,according to guideline,3a7a899f-b226-4de9-bdd3-cab9d5947c17,,,,,no,,,,,,,h,48.0,,,,,,,,,,,,Apis mellifera,,other:,dermal,,,mortality,,,,,,,,>,4.2,other:,µg/piece,,,LD50,,,,,,,other:,,Remarks: Acute contact toxicity test,,,4ad76643-9871-4967-b3c8-abb1eff18427,,,,,,,,,,,,,,,,,,,,
4553,4551,f0662663-a669-4e2e-bd2d-59b24b3f3526,ENDPOINT_STUDY_RECORD.ToxicityToBees,4a0d0fe3-c7d6-42bd-9398-52f94d86e2eb,toxicity to bees: acute contact,,,6caa4d13-0038-4b8a-b24d-96c05eb46a1c,,not specified,not specified,,,,375ec68d-9a90-46bc-b09c-821f0d9ed79f,,,,,,,,,,,,,,,,,,,Alar 85 SG,,,,,,Apis mellifera,,contact,,,,mortality,,,act. ingr.,,,,,>,250.0,µg/bee,,,,LD50,,,,,,,,,,,,610e2a4b-16de-4868-b95d-21a50133bfdb,,,,,,,,,,,,,,,,,,,,
4554,4552,3b23dbe7-0621-4e6e-a64c-925792a54c68,ENDPOINT_STUDY_RECORD.ToxicityToBees,b8ae35c2-0a1a-452f-8e25-79a1db637552,toxicity to bees: acute oral,,,0ea68f58-8b1a-4c39-965b-fee8343734c7,Limit test: no; Species: Apis mellifera; Route: oral: unspecified; Exp. duration: 72.0 h,yes,no,"OECD Guideline 213 (Honeybees, Acute Oral Toxicity Test)",,according to guideline,3e8c1ade-cf45-49e8-9a04-8c630b7b491d,,,,,no,,,,,,,h,72.0,,,,,,Formulation: Ethametsulfuron-methyl 75WG + DPX-KG691,,,,,,Apis mellifera,,other:,oral: unspecified,,,mortality,,,,,,,,,40.83,other:,µg/piece,,,LD50,,,,,,,other:,,Remarks: Acute oral toxicity,,,7784859e-22c9-49b6-942f-3a225bb50d57,,,,,,,,,,,,,,,,,,,,
4555,4553,d5f30c8c-d2bb-484c-864e-63a799ed2927,ENDPOINT_STUDY_RECORD.ToxicityToBees,2237a2e5-d37a-437f-be5f-df3f5761155a,toxicity to bees: acute contact,,,d5280dab-6111-45f2-abc9-538d597ee0fe,Limit test: yes; Species: Apis mellifera; Route: dermal; Exp. duration: 48.0 h,yes,no,"OECD Guideline 214 (Honeybees, Acute Contact Toxicity Test)",,according to guideline,16492e19-f2f7-4d42-bcea-348646062331,,,,,yes,,,,,,,h,48.0,,,,,,,,,,,,Apis mellifera,,other:,dermal,,,mortality,,,,,,,,>,100.0,other:,µg/piece,,,LD50,,,,,,,other:,,Remarks: Acute contact toxicity,,,0b6b39de-09a5-47c2-8d58-f87296515787,,,,,,,,,,,,,,,,,,,,
4556,4554,8211f06c-2974-4454-be36-345b78294074,ENDPOINT_STUDY_RECORD.ToxicityToBees,5282d866-ee20-4a34-ae5f-920610551aaa,toxicity to bees: acute contact,,,20a23bb7-d6dc-4700-9c8b-d1b1f41b4983,Species: Apis mellifera; Route: dermal,not specified,not specified,,,,de240b82-cd17-4093-a586-f9adede9a7cf,,,,,,,,,,,,,,,,,,,,,,,,,Apis mellifera,,other:,dermal,,,mortality,,,,,,,,>,100.0,other:,µg/piece,,,LD50,,,,,,,,,,,,9e2d0993-6526-41b0-940b-8ebfe4519c69,,,,,,,,,,,,,,,,,,,,
4557,4555,8211f06c-2974-4454-be36-345b78294074,ENDPOINT_STUDY_RECORD.ToxicityToBees,5282d866-ee20-4a34-ae5f-920610551aaa,toxicity to bees: acute contact,,,9f4445d9-404e-412a-a662-c984ef94fe77,Species: Apis mellifera; Route: dermal,not specified,not specified,,,,de240b82-cd17-4093-a586-f9adede9a7cf,,,,,,,,,,,,,,,,,,,,,,,,,Apis mellifera,,other:,dermal,,,mortality,,,,,,,,>,100.0,other:,µg/piece,,,LD50,,,,,,,,,,,,9e2d0993-6526-41b0-940b-8ebfe4519c69,,,,,,,,,,,,,,,,,,,,
4558,4556,4826d3b0-927c-4038-b9ac-0fa838e497fe,ENDPOINT_STUDY_RECORD.ToxicityToBees,5a47d9f5-55cb-4330-9110-e6670e962622,toxicity to bees: acute oral,,,b44ec7d0-9821-4888-9375-009a618c18ac,Limit test: no; Species: Apis mellifera; Route: oral: unspecified; Exp. duration: 24.0 h,yes,no,other:,OTHER GUIDELINE,according to guideline,24ecd49e-dfa9-4bc5-aa79-d23a6191c599,,,,,no,,,,,,,h,24.0,,,,,,,,,,,,Apis mellifera,,other:,oral: unspecified,,,mortality,,,,,,,,>,100.0,other:,µg/piece,,,LD50,,,,,,,other:,,"Remarks: Acute oral toxicity; Guideline: Ministry of Agriculture, Fisheries and Food (revised 1979). Pesticide Precautions Scheme. Working document D3. Laboratoory testing for toxicity to honeybees.",,,d935ffa2-1039-4a82-b1f8-da9a611edb91,,,,,,,,,,,,,,,,,,,,
4559,4557,9d7bf9f6-fc21-4bf1-8132-b1d25125a36f,ENDPOINT_STUDY_RECORD.ToxicityToBees,8b29bc03-cc0a-4ba2-ac9e-c3aa6a409757,bee larval toxicity - acute,,,df421e86-d1fa-48f8-8445-344ef78b1b3e,Species: Apis mellifera; Route: oral; Exp. duration: 1.0 d,not specified,not specified,,,,8739dafd-f318-4138-a1d3-bb7c6a134e27,,,,,,,,,,,,d,1.0,,,,,,,,,,,,Apis mellifera,,oral,,,,mortality,,,act. ingr.,,,,,,89.4,µg/bee,,,,LD50,,,,,,,,,,,,2c0a5ff8-b7c7-4f13-ba3f-880158dab9f1,,,,,,,,,,,,,,,,,,,,
4560,4558,9d7bf9f6-fc21-4bf1-8132-b1d25125a36f,ENDPOINT_STUDY_RECORD.ToxicityToBees,8b29bc03-cc0a-4ba2-ac9e-c3aa6a409757,bee larval toxicity - acute,,,e85276bc-9de7-4a61-b311-971e7137d8fb,Species: Apis mellifera; Route: oral; Exp. duration: 1.0 d,not specified,not specified,,,,8739dafd-f318-4138-a1d3-bb7c6a134e27,,,,,,,,,,,,d,1.0,,,,,,,,,,,,Apis mellifera,,oral,,,,mortality,,,act. ingr.,,,,,,89.4,µg/bee,,,,LD50,,,,,,,,,,,,2c0a5ff8-b7c7-4f13-ba3f-880158dab9f1,,,,,,,,,,,,,,,,,,,,
4561,4559,b06c7a33-ee49-4206-9f18-2cf8d000f07f,ENDPOINT_STUDY_RECORD.ToxicityToBees,c0c89a59-0a5f-4933-b5d0-98f256fec113,toxicity to bees: acute contact,,,fa235593-0625-4740-9efd-2d24d77db8b0,Species: Apis mellifera; Route: dermal,not specified,not specified,,,,66998cef-5faa-40b6-a972-b86421e0f635,,,,,,,,,,,,,,,,,,,,,,,,,Apis mellifera,,other:,dermal,,,mortality,,,,,,,,>,100.0,other:,µg/piece,,,LD50,,,,,,,other:,,Remarks: Acute contact toxicity,,,568f8d1b-c76d-4f3f-9c9d-4bb886c77461,,,,,,,,,,,,,,,,,,,,
4562,4560,ba7696d4-b75f-4968-9a23-b078ee302f1d,ENDPOINT_STUDY_RECORD.ToxicityToBees,9fe24aa7-c52c-4999-af62-36273e9da4c2,toxicity to bees: chronic oral,,,43c7bccb-b9c5-4bab-8f92-fe0332dda00a,Species: Apis mellifera; Route: oral; Exp. duration: 10.0 d,,,,,,,,,,,,,,,,,,d,10.0,,,,,,,,,,,,Apis mellifera,,oral,,,,mortality,,,test mat.,,Bulldock 25 EC,,,,0.019,µg/bee per day,,,,LD50,,,,,,,,,,,,f2e3fff3-7c0a-471c-8147-3cbbf87dd644,,,,,,,,,,,,,,,,,,,,
4563,4561,13b7258d-beed-4dcd-98a0-09ef493ad0f9,ENDPOINT_STUDY_RECORD.ToxicityToBees,6466c4e7-7266-4cfb-a0e4-49334015b293,bee larval toxicity - acute,,,1202bb4f-384d-4bf3-abf8-c1ab58e73d11,Species: Apis mellifera; Route: oral; Exp. duration: 1.0 d,,,,,,,,,,,,,,,,,,d,1.0,,,,,,,,,,,,Apis mellifera,,oral,,,,mortality,,,act. ingr.,,,,,,1.246,µg per larva,,,,LD50,,,,,,,,,,,,8ef9eb7a-2893-4848-9293-2d5a6fc5a913,,,,,,,,,,,,,,,,,,,,
4564,4562,7a5bd8cf-674b-49d4-b9bb-e8cc3feefa96,ENDPOINT_STUDY_RECORD.ToxicityToBees,9d6df010-e739-43be-8a24-14221038eb19,toxicity to bees: acute contact,,,f4536139-d447-4533-b8b5-92835c95b2d4,Limit test: no; Species: Apis mellifera; Route: dermal; Exp. duration: 72.0 h,yes,no,"OECD Guideline 214 (Honeybees, Acute Contact Toxicity Test)",,according to guideline,b1b4fead-6c58-4c57-8a38-853646ffd52f,,,,,no,,,,,,,h,72.0,,,,,,,,,,,,Apis mellifera,,other:,dermal,,,mortality,,,,,,,,>,4.0,other:,µg/piece,,,LD50,,,,,,,other:,Signs of intoxication observed,Remarks: contact toxicity,,,4a699815-a084-43c3-9259-bb005d77e44b,,,,,,,,,,,,,,,,,,,,
4565,4563,ae919ae4-58c6-4c80-90df-16a37ef7a318,ENDPOINT_STUDY_RECORD.ToxicityToBees,1019525d-b354-4e83-aea7-07c556ecf4b2,toxicity to bees: acute contact,,,4ff94fc5-e09e-4bf4-b28b-59e25bbd4f9f,Species: Apis mellifera; Route: dermal,not specified,not specified,,,,4cca5e41-563a-4b8c-8523-d806772a4fb6,,,,,,,,,,,,,,,,,,,,,,,,,Apis mellifera,,other:,dermal,,,mortality,,,,,,,,>,99.0,other:,µg/piece,,,LD50,,,,,,,other:,,Remarks: Acute contact toxicity,,,f0125d60-bdbf-48f7-8239-0f522dbd0a0b,,,,,,,,,,,,,,,,,,,,
4566,4564,a3d3d62a-68a9-4895-9174-5e4dcd9eb18a,ENDPOINT_STUDY_RECORD.ToxicityToBees,bec64d4e-9228-4733-a4d6-f3427c13ccdd,toxicity to bees: acute oral,,,dd78d1e4-c875-4fd2-97ed-8325dcdafbf8,Species: Apis mellifera; Route: oral: unspecified,not specified,not specified,,,,05df7a08-0d6b-4487-bcaa-7c169f20b20c,,,,,,,,,,,,,,,,,,,,,,,,,Apis mellifera,,other:,oral: unspecified,,,mortality,,,,,,,,>,100.0,other:,µg/piece,,,LD50,,,,,,,other:,,Remarks: Acute oral and contact toxicity,,,e8088169-7d41-467a-865e-98e32c138c18,,,,,,,,,,,,,,,,,,,,
4567,4565,867134d5-fea1-4727-97fe-94208b889f89,ENDPOINT_STUDY_RECORD.ToxicityToBees,6df6c0f1-e93b-40a9-899d-1aa787006658,toxicity to bees: chronic oral,,,ce166716-b1ec-484e-a17b-d89872dc1d5c,Species: Apis mellifera; Route: oral; Exp. duration: 10.0 d,,,,,,,,,,,,,,,,,,d,10.0,,,,,,,,,,,,Apis mellifera,,oral,,,,mortality,,,act. ingr.,,,,,>,100.9,µg/bee per day,,,,10-d LDD50,,,,,,,,,,,,0644c01d-a70b-4cc0-99b3-238056e5fc37,,,,,,,,,,,,,,,,,,,,
4568,4566,2110aa89-7759-4055-9773-6f89dc370d7d,ENDPOINT_STUDY_RECORD.ToxicityToBees,582536dd-ad5d-4ba2-8168-fe0687fc489a,toxicity to bees: chronic oral,,,49143d9b-6f67-4a90-a62c-f3f89eedd7ea,Species: Apis mellifera; Route: oral; Exp. duration: 10.0 d,,,,,,,,,,,,,,,,,,d,10.0,,,,,,,,,,,,Apis mellifera,,oral,,,,not specified,,,test mat.,,A7957E,,,,9.3,µg/bee per day,,,,other:,10-d NOED,,,,,,,,,,,c59d5b5d-1710-4548-a5ca-6742819fc39f,,,,,,,,,,,,,,,,,,,,
4569,4567,547e7a6c-f750-4f00-b332-48bd135a2880,ENDPOINT_STUDY_RECORD.ToxicityToBees,1af92583-e2ed-461f-b5b0-f4fedd974648,toxicity to bees: acute oral,,,462222fa-5965-4efe-a805-a1bc5120bbfc,Species: Apis mellifera; Route: oral: unspecified,yes,no,other:,OTHER GUIDELINE,according to guideline,a6c8375e-a3f9-4f5c-b062-b1e5c1408f3c,,,,,,,,,,,,,,,,,,,Systhane 20 EW,,,,,,Apis mellifera,,other:,oral: unspecified,,,mortality,,,,,,,,>,33.9,other:,µg/piece,,,LD50,,,,,,,other:,,Remarks: Acute oral toxicity. Other guideline: EPPO Guideline 170 (1992),,,b67faf53-240a-4c1f-99c5-86d1b8b37984,,,,,,,,,,,,,,,,,,,,
4570,4568,794a73c6-c078-4b7e-bd8a-586418b3adb7,ENDPOINT_STUDY_RECORD.ToxicityToBees,c4cf1153-630b-41d3-bcef-31774b0657db,bee larval toxicity - chronic,,,31bdc495-c4ba-45d1-9a5f-d08b83743c15,Species: Apis mellifera; Route: oral,,,,,,,,,,,,,,,,,,,,,,,,,,,,,,,Apis mellifera,,oral,,,,not specified,,,act. ingr.,,,,,,0.313,other:,g/L,,,other:,NOEC,,,,,,,,,,,9f5752d8-bfb3-4bc9-a142-0f67320ea3a5,,,,,,,,,,,,,,,,,,,,
4571,4569,9995149e-b231-42b7-bac6-ab6f49535309,ENDPOINT_STUDY_RECORD.ToxicityToBees,f13dfe44-2799-4fe6-bd72-c976d38ba606,toxicity to bees: acute oral,,,d11b7c5f-5d52-4a86-be73-8a122e2ab082,Species: Apis mellifera; Route: oral: unspecified,not specified,not specified,,,,1c610f36-e9fb-4810-9583-c70d069a3920,,,,,,,,,,,,,,,,,,,CPY8EC414 (2% w/w pyrethrins),,,,,,Apis mellifera,,other:,oral: unspecified,,,mortality,,,,,,,,,0.95,other:,µg/piece,,,LD50,,,,,,,other:,,Remarks: Acute oral toxicity,,,f71e6896-7f84-4148-9e34-879bede85d3a,,,,,,,,,,,,,,,,,,,,
4572,4570,65627328-5cf2-4638-995a-ab970d728d06,ENDPOINT_STUDY_RECORD.ToxicityToBees,0f43c448-0673-4bb2-879c-04e901c2c6c0,toxicity to bees: acute oral,,,dfec7943-e41b-4be3-9d43-c22402467f20,Limit test: no; Species: Apis mellifera; Route: oral: unspecified; Exp. duration: 48.0 h,yes,no,"OECD Guideline 213 (Honeybees, Acute Oral Toxicity Test)",,according to guideline,0b8a42f5-d1d9-4010-8f97-071f7d714b97,,,,,no,,,,,,,h,48.0,,,,,,GF-1478 (34.7% DE-126),,,,,,Apis mellifera,,other:,oral: unspecified,,,mortality,,,,,,,,,90.0,other:,µg/piece,,,LD50,,,,,,,other:,,Remarks: oral toxicity,,,b83a64c6-dfda-4996-add9-05b33d0c989d,,,,,,,,,,,,,,,,,,,,
4573,4571,674a7e29-2de8-4a9d-8f7b-c926aff3614d,ENDPOINT_STUDY_RECORD.ToxicityToBees,c89da3cc-0fef-4d59-88d5-1a219c9da5e7,toxicity to bees: acute contact,,,80c80f71-4171-47a7-8b5a-ad127d170e74,Species: Apis mellifera; Route: dermal,not specified,not specified,,,,853c29ba-a8cd-45bc-b1f9-c8d4068ff244,,,,,,,,,,,,,,,,,,,,,,,,,Apis mellifera,,other:,dermal,,,mortality,,,,,,,,>,29.7,other:,µg/piece,,,LD50,,,,,,,,,,,,20465625-cba4-4977-99fa-69b62f905c43,,,,,,,,,,,,,,,,,,,,
4574,4572,b8c6f220-086b-46a4-9a77-481843233940,ENDPOINT_STUDY_RECORD.ToxicityToBees,5d1907a1-6bea-40e1-8512-bd798a9b4fca,toxicity to bees: chronic oral,,,72e6d370-7cb4-4f1e-af7a-8bd7050b29d8,Species: Apis mellifera; Route: oral; Exp. duration: 10.0 d,,,,,,,,,,,,,,,,,,d,10.0,,,,,,,,,,,,Apis mellifera,,oral,,,,mortality,,,act. ingr.,,,,,,0.00138,µg/bee per day,,,,10-d LDD50,,,,,,,other:,,Remarks: Based on actual food consumption,,,a7261e2a-a0fe-4eaf-8bc5-b454cd078bb6,,,,,,,,,,,,,,,,,,,,
4575,4573,da0e9d69-b20e-4b86-baee-e3428bb02784,ENDPOINT_STUDY_RECORD.ToxicityToBees,038204e8-9bd2-45e3-9906-c15a95c8f8e8,toxicity to bees: acute oral,,,538469c1-e659-4908-b004-1ca9ad2ceda5,Species: Apis mellifera; Route: oral: unspecified,not specified,not specified,,,,601d4e6c-fbc4-49fa-8cf2-048e5064412b,,,,,,,,,,,,,,,,,,,,,,,,,Apis mellifera,,other:,oral: unspecified,,,mortality,,,,,,,,>,105.6,other:,µg/piece,,,LD50,,,,,,,other:,,Remarks: Acute oral toxicity,,,12436d3d-6bd8-498c-8f6a-82735af5a2b7,,,,,,,,,,,,,,,,,,,,
4576,4574,d1872d80-27c4-4acf-8d5f-906efbe70994,ENDPOINT_STUDY_RECORD.ToxicityToBees,938af284-946b-44ea-82f3-3512ccf1527e,toxicity to bees: chronic oral,,,d331a949-2db5-4bb8-bf4f-be343da48d6e,Species: Apis mellifera; Route: oral; Exp. duration: 10.0 d,,,,,,,,,,,,,,,,,,d,10.0,,,,,,,,,,,,Apis mellifera,,oral,,,,mortality,,,test mat.,,AG-P4-400-SC,,,>,88.2,µg/bee per day,,,,10-d LDD50,,,,,,,,,,,,8e4efc25-a11f-4a72-921d-edc23fdbd087,,,,,,,,,,,,,,,,,,,,
4577,4575,52624990-8a97-492a-b5e8-3254f2677939,ENDPOINT_STUDY_RECORD.ToxicityToBees,a8399645-cdd4-43cd-8d23-dd9dd781a96a,bee larval toxicity - chronic,,,97a7eddf-cc23-4ea2-b19d-6538771dde90,,not specified,not specified,,,,2b7c0a6d-6673-4f0d-a4de-6c3171af2223,,,,,,,,,,,,,,,,,,,A8207M,,,,,,Apis mellifera,,oral,,,,not specified,,,act. ingr.,,,,,,8.26,µg per larva,,,,other:,,8-d NOED,,,,,,,,,,111e4ebc-3e15-4cc0-8c46-bd520b2a14e4,,,,,,,,,,,,,,,,,,,,
4578,4576,188bd57d-e382-42d9-a9c4-bb07418945fa,ENDPOINT_STUDY_RECORD.ToxicityToBees,5282d866-ee20-4a34-ae5f-920610551aaa,bee larval toxicity - chronic,,,20a23bb7-d6dc-4700-9c8b-d1b1f41b4983,,not specified,not specified,,,,2fbd149d-60c1-4091-98f5-9e3e668bd587,,,,,,,,,,,,d,4.0,,,,,,,,,,,,Apis mellifera,,oral,,,,emergence rate,,,,,,,,,6.4,µg per larva,,,,other:,22-d NOEC,,,,,,,,,,,d657e364-dee0-4b44-9319-b63b2ad81e0e,,,,,,,,,,,,,,,,,,,,
4579,4577,188bd57d-e382-42d9-a9c4-bb07418945fa,ENDPOINT_STUDY_RECORD.ToxicityToBees,5282d866-ee20-4a34-ae5f-920610551aaa,bee larval toxicity - chronic,,,20a23bb7-d6dc-4700-9c8b-d1b1f41b4983,,not specified,not specified,,,,2fbd149d-60c1-4091-98f5-9e3e668bd587,,,,,,,,,,,,d,4.0,,,,,,,,,,,,Apis mellifera,,oral,,,,mortality,,,,,,,,,3.136,µg per larva,,,,LD10,,,,larva,,,other:,,LD10 = 3.136 (95% CI: NA to 15.01) Î¼g triclopyr /larva (mortality),,,6af33360-08dd-4b50-b911-7e4e16ad64ed,,,,,,,,,,,,,,,,,,,,
4580,4578,6080be24-8b12-4ae1-b84a-f9442ff41232,ENDPOINT_STUDY_RECORD.ToxicityToBees,1750a75e-15c0-4470-bd22-7238d6258650,toxicity to bees: acute oral,,,bf1905d4-d3bf-4122-bd71-2a79d8b3be3c,Limit test: no; Species: Apis mellifera; Route: oral: unspecified; Exp. duration: 48.0 h,yes,no,other:,OTHER GUIDELINE,according to guideline,cb1e7edd-8c5d-4793-b4dc-b203e21ec448,,,,,no,,,,,,,h,48.0,,,,,,,,,,,,Apis mellifera,,other:,oral: unspecified,,,mortality,,,,,,,,>,83.0,other:,µg/piece,,,LD50,,,,,,,other:,,Remarks: Acute oral toxicity. Guideline: EPPO Guideline No 170 (1992).,,,f48c8e49-6d03-4fcd-9a04-66d6abc7e523,,,,,,,,,,,,,,,,,,,,
4581,4579,e279a732-b665-4777-b37f-98923c8b763a,ENDPOINT_STUDY_RECORD.ToxicityToBees,f59ef534-85ce-4110-be59-429b96408d30,bee larval toxicity - acute,,,45903607-8622-41bd-8659-737512b5ba4d,Species: Apis mellifera; Route: oral; Exp. duration: 1.0 d,,,,,,,,,,,,,,,,,,d,1.0,,,,,,,,,,,,Apis mellifera,,oral,,,,not specified,,,test mat.,,Picoxystrobin 250 g/L SC,,,,3.0,µg per larva,,,,NOED,,,,,,,,,,,,36c1afd3-f8e0-496d-b835-dafb4c3f6011,,,,,,,,,,,,,,,,,,,,
4582,4580,3cac8ddb-4497-4316-95a4-c277b1ac3b1a,ENDPOINT_STUDY_RECORD.ToxicityToBees,405f9075-8fcb-4195-9d00-481bc9fdf3a7,bee larval toxicity - chronic,,,c8f65176-bc76-4a55-ae74-95ba93c9569f,,not specified,not specified,,,,ef2da214-820a-4c8c-b20b-3636763ed96f,,,,,,,,,,,,d,4.0,,,,,,Sulfur 80% WG,,,,,,Apis mellifera,,oral,,,,emergence rate,,,act. ingr.,,,,,,0.23,µg per larva per day,,,,NOED,,,,larva,,,,,,,,ed65cec4-8a3a-488a-8065-6bebf7bafc9f,,,,,,,,,,,,,,,,,,,,
4583,4581,3cac8ddb-4497-4316-95a4-c277b1ac3b1a,ENDPOINT_STUDY_RECORD.ToxicityToBees,405f9075-8fcb-4195-9d00-481bc9fdf3a7,bee larval toxicity - chronic,,,c8f65176-bc76-4a55-ae74-95ba93c9569f,,not specified,not specified,,,,ef2da214-820a-4c8c-b20b-3636763ed96f,,,,,,,,,,,,d,4.0,,,,,,Sulfur 80% WG,,,,,,Apis mellifera,,oral,,,,emergence rate,,,act. ingr.,,,,,,0.31,µg per larva per day,,,,ED10,,,,larva,,,,,,,,2ca11afb-e71f-4b86-aa5a-1e2ccf536c2a,,,,,,,,,,,,,,,,,,,,
4584,4582,3cac8ddb-4497-4316-95a4-c277b1ac3b1a,ENDPOINT_STUDY_RECORD.ToxicityToBees,405f9075-8fcb-4195-9d00-481bc9fdf3a7,bee larval toxicity - chronic,,,c8f65176-bc76-4a55-ae74-95ba93c9569f,,not specified,not specified,,,,ef2da214-820a-4c8c-b20b-3636763ed96f,,,,,,,,,,,,d,4.0,,,,,,Sulfur 80% WG,,,,,,Apis mellifera,,oral,,,,emergence rate,,,act. ingr.,,,,,,2.6,µg per larva per day,,,,ED50,,,,larva,,,,,,,,ba31817c-959f-487c-91dd-7f4a109d4a08,,,,,,,,,,,,,,,,,,,,
4585,4583,cbca2a99-3520-4518-bea6-ce6dd694e167,ENDPOINT_STUDY_RECORD.ToxicityToBees,f9e9e1c8-d535-425a-88da-a7469737b600,toxicity to bees: chronic oral,,,c8e3de78-431a-48c9-84c0-3db87f9b0e85,Species: Apis mellifera; Route: oral; Exp. duration: 10.0 d,,,,,,,,,,,,,,,,,,d,10.0,,,,,,,,,,,,Apis mellifera,,oral,,,,mortality,,,act. ingr.,,,,,>,5.66,µg/bee per day,,,,LD50,,,,,,,,,,,,0fc7e2bc-ce0d-49f9-a87d-25e595c55b15,,,,,,,,,,,,,,,,,,,,
4586,4584,dcd5cc59-610a-47fc-9b06-56b0c66fb899,ENDPOINT_STUDY_RECORD.ToxicityToBees,87524289-0b2a-4e29-af9b-3baefbae4c92,bee larval toxicity - chronic,,,5721503e-a06f-4ceb-b4f8-af6b992c7645,Species: Apis mellifera; Route: oral; Exp. duration: 4.0 d,,,,,,,,,,,,,,,,,,d,4.0,,,,,,,,,,,,Apis mellifera,,oral,,,,not specified,,,test mat.,,Triflusulfuron-methyl formulation (50WG),,,,5.56,µg per larva per developmental period,,,,NOED,,,,,,,,,,,,07130b48-623b-4075-be0a-eb0964ea0a52,,,,,,,,,,,,,,,,,,,,
4587,4585,c5ffc308-c626-4dca-a694-de2576b4a112,ENDPOINT_STUDY_RECORD.ToxicityToBees,d6caa843-b6aa-468b-b2aa-0a911866ca4a,toxicity to bees: acute oral,,,d95e6b5d-a516-4165-8e40-6d5fc470b9bd,Species: Apis mellifera; Route: oral: unspecified,not specified,not specified,,,,49d48ae8-49ac-4103-a08e-f40a1d390de1,,,,,,,,,,,,,,,,,,,,,,,,,Apis mellifera,,other:,oral: unspecified,,,mortality,,,,,,,,>,87.0,other:,µg/piece,,,LD50,,,,,,,other:,,Remarks: Acute oral toxicity,,,abd94cfd-2aa5-4fba-b719-d9b48d7750f1,,,,,,,,,,,,,,,,,,,,
4588,4586,c5ffc308-c626-4dca-a694-de2576b4a112,ENDPOINT_STUDY_RECORD.ToxicityToBees,d6caa843-b6aa-468b-b2aa-0a911866ca4a,toxicity to bees: acute oral,,,219541b1-6379-47b8-9e9b-0dbee98618db,Species: Apis mellifera; Route: oral: unspecified,not specified,not specified,,,,49d48ae8-49ac-4103-a08e-f40a1d390de1,,,,,,,,,,,,,,,,,,,,,,,,,Apis mellifera,,other:,oral: unspecified,,,mortality,,,,,,,,>,87.0,other:,µg/piece,,,LD50,,,,,,,other:,,Remarks: Acute oral toxicity,,,abd94cfd-2aa5-4fba-b719-d9b48d7750f1,,,,,,,,,,,,,,,,,,,,
4589,4587,49c09434-af7a-48c1-8860-3bc8fe66988a,ENDPOINT_STUDY_RECORD.ToxicityToBees,0a010242-e5d5-42bb-9a5d-8608f221e51c,toxicity to bees: acute oral,,,54434595-c62f-46b5-b75c-4d5512bb65bd,Species: Apis mellifera; Route: oral: unspecified,not specified,not specified,,,,87025f75-32c3-4164-aec0-d18b8cb134ad,,,,,,,,,,,,,,,,,,,,,,,,,Apis mellifera,,other:,oral: unspecified,,,mortality,,,,,,,,>,100.0,other:,µg/piece,,,LD50,,,,,,,,,,,,2b2edb29-fb21-4843-8fa7-1f75b348aae0,,,,,,,,,,,,,,,,,,,,
4590,4588,9a371eb7-0e04-4767-ab29-23981522580b,ENDPOINT_STUDY_RECORD.ToxicityToBees,6509fe0b-edfd-44db-a9ba-3f4404a8c9c7,toxicity to bees: acute oral,,,cda7718b-0d60-437f-b474-95ea17a5eaa8,Species: Apis mellifera; Route: oral: unspecified,not specified,not specified,,,,6ff8e3c4-b931-4f00-8533-728183ed13b2,,,,,,,,,,,,,,,,,,,,,,,,,Apis mellifera,,other:,oral: unspecified,,,mortality,,,,,,,,>,241.0,other:,µg/piece,,,LD50,,,,,,,other:,,Remarks: Acute oral toxicity,,,86b7a0fb-4b0e-4f06-a44e-bb52611a02a0,,,,,,,,,,,,,,,,,,,,
4591,4589,178b75d5-899d-46a1-8cdf-910b689d1541,ENDPOINT_STUDY_RECORD.ToxicityToBees,59a33c15-65db-4d3d-b226-8d921bcd5974,toxicity to bees: acute contact,,,762dc31a-c79c-472e-a291-92de0f146d32,Limit test: no; Species: Apis mellifera; Route: dermal,yes,no,other:,OTHER GUIDELINE,according to guideline,0bc3a298-fecd-4121-a51a-dd1d72e777f1,,,,,no,,,,,,,,,,,,,,,,,,,,Apis mellifera,,other:,dermal,,,mortality,,,,,,,,>,200.0,other:,µg/piece,,,LD50,,,,,,,other:,,"Remarks: Acute contact toxicity. Guideline: MAFF-Uk (Laboratory testing for toxicity to honeybees), working document 7/3, Oct. 1986.",,,de1f7614-1811-4e92-85dc-7702c18a57ba,,,,,,,,,,,,,,,,,,,,
4592,4590,64cfbb98-c7e8-4677-8d2a-7c71073c0e1a,ENDPOINT_STUDY_RECORD.ToxicityToBees,787941e1-7ebd-4a3c-a3d5-748af40a1934,bee larval toxicity - acute,,,3969a60b-66a6-43f0-8ea9-56850b5b3d27,Species: Apis mellifera; Route: oral; Exp. duration: 1.0 d,,,,,,,,,,,,,,,,,,d,1.0,,,,,,,,,,,,Apis mellifera,,oral,,,,mortality,,,act. ingr.,,,,,,6.25,µg per larva,,,,LOED,,,,,,,other:,,"Remarks: The effects of the test item Propineb WG 70A W on larvae of the honeybee, Apis mellifera L., were assessed under laboratory conditions by a single exposure to treated food in 7-day tests. The mortality of larvae was significantly higher than in the control in all concentrations tested (6.5 to 100 Î¼g a.s./larva).",,,1d06e1b2-e0cd-4a86-be9f-a2c0b899749e,,,,,,,,,,,,,,,,,,,,
4593,4591,d423e2a1-0345-430b-b964-6b2851dbd615,ENDPOINT_STUDY_RECORD.ToxicityToBees,9360cc08-4989-46f8-9444-84d5a28eaec0,toxicity to bees: acute contact,,,671fa278-7ead-4b87-893f-589ee5358bca,Species: Apis mellifera; Route: dermal,not specified,not specified,,,,02da22d0-d541-4105-8ea3-8da1a25ac7e0,,,,,,,,,,,,,,,,,,,,,,,,,Apis mellifera,,other:,dermal,,,mortality,,,,,,,,>,100.0,other:,µg/piece,,,LD50,,,,,,,other:,,Remarks: Acute contact toxicity,,,01201874-c38a-4605-aec2-048050364eb2,,,,,,,,,,,,,,,,,,,,
4594,4592,d423e2a1-0345-430b-b964-6b2851dbd615,ENDPOINT_STUDY_RECORD.ToxicityToBees,9360cc08-4989-46f8-9444-84d5a28eaec0,toxicity to bees: acute contact,,,6d243b81-9d8f-4e37-9abe-e5e43d95cd37,Species: Apis mellifera; Route: dermal,not specified,not specified,,,,02da22d0-d541-4105-8ea3-8da1a25ac7e0,,,,,,,,,,,,,,,,,,,,,,,,,Apis mellifera,,other:,dermal,,,mortality,,,,,,,,>,100.0,other:,µg/piece,,,LD50,,,,,,,other:,,Remarks: Acute contact toxicity,,,01201874-c38a-4605-aec2-048050364eb2,,,,,,,,,,,,,,,,,,,,
4595,4593,82560f07-b934-433e-8a10-d426f6ab30ec,ENDPOINT_STUDY_RECORD.ToxicityToBees,0048d075-d1f9-4b12-b806-c0e845a6f424,toxicity to bees: acute oral,,,78055bca-b9cd-4a74-a772-8557097a83b3,Species: Apis mellifera; Route: oral: unspecified,not specified,not specified,,,,ff28fab3-5b34-42f1-ad9b-6284c2d6207f,,,,,,,,,,,,,,,,,,,,,,,,,Apis mellifera,,other:,oral: unspecified,,,mortality,,,,,,,,,0.005,other:,µg/piece,,,LD50,,,,,,,other:,,Remarks: Acute oral toxicity; European Commission 2006,,,22a2c3df-2ebf-4c4d-afc9-da2965488715,,,,,,,,,,,,,,,,,,,,
4596,4594,da836cd5-af19-466c-ac4c-c75125917876,ENDPOINT_STUDY_RECORD.ToxicityToBees,88a44add-8d32-48d7-9736-0064e4c79f2d,toxicity to bees: acute oral,,,c1d15fd8-e7e9-4ddd-b649-2a78cd293ff1,Species: Apis mellifera; Route: oral: unspecified,not specified,not specified,,,,f6b60ffc-e3ce-442d-8c0b-a0fa57bfedf4,,,,,,,,,,,,,,,,,,,Hydroxyquinoline sulphate,,,,,,Apis mellifera,,other:,oral: unspecified,,,mortality,,,,,,,,>,68.64,other:,µg/piece,,,LD50,,,,,,,other:,,Remarks: Acute oral toxicity,,,2aae74a0-6cc6-4bf1-a077-7e7621e02c79,,,,,,,,,,,,,,,,,,,,
4597,4595,da836cd5-af19-466c-ac4c-c75125917876,ENDPOINT_STUDY_RECORD.ToxicityToBees,88a44add-8d32-48d7-9736-0064e4c79f2d,toxicity to bees: acute oral,,,159280eb-0834-478d-b821-7fd59f064c98,Species: Apis mellifera; Route: oral: unspecified,not specified,not specified,,,,f6b60ffc-e3ce-442d-8c0b-a0fa57bfedf4,,,,,,,,,,,,,,,,,,,Hydroxyquinoline sulphate,,,,,,Apis mellifera,,other:,oral: unspecified,,,mortality,,,,,,,,>,68.64,other:,µg/piece,,,LD50,,,,,,,other:,,Remarks: Acute oral toxicity,,,2aae74a0-6cc6-4bf1-a077-7e7621e02c79,,,,,,,,,,,,,,,,,,,,
4598,4596,c5e8012a-a2d2-46d8-986a-1c3f0a0754dd,ENDPOINT_STUDY_RECORD.ToxicityToBees,cc090eb5-1e43-4b88-bee8-c2cec4c2ab72,toxicity to bees: acute oral,,,b44312a3-716f-43ad-826a-f51b3b18bae9,Species: Apis mellifera; Route: oral: unspecified,not specified,not specified,,,,a460c21c-0644-4ea1-8469-9f4722163f1a,,,,,,,,,,,,,,,,,,,,,,,,,Apis mellifera,,other:,oral: unspecified,,,mortality,,,,,,,,,50.7,other:,µg/piece,,,LD50,,,,,,,other:,,Remarks: Acute oral toxicity,,,dd2f4a75-0f28-4e51-86a0-c25b4efc57e5,,,,,,,,,,,,,,,,,,,,
4599,4597,1d0e521e-8402-40b0-9449-8324b0411a6d,ENDPOINT_STUDY_RECORD.ToxicityToBees,08f48a80-5a93-4d58-8542-d426ad2c7678,toxicity to bees: acute contact,,,c9b113e9-d7cf-4f86-8d64-fc64af191ae8,Species: Apis mellifera; Route: dermal; Exp. duration: 48.0 h,not specified,not specified,,,,6360f7ce-2a07-4e06-a4c6-13f704da8698,,,,,,,,,,,,h,48.0,,,,,,FYF 440 EW,,,,,,Apis mellifera,,other:,dermal,,,mortality,,,,,,,,,0.16,other:,µg/piece,,,LD50,,,,,,,other:,,Remarks: Acute contact toxicity,,,e72a7218-5972-47a5-b52e-97980e0ac0b8,,,,,,,,,,,,,,,,,,,,
4600,4598,c6abc02b-ef23-4ed8-a823-a2503cb50868,ENDPOINT_STUDY_RECORD.ToxicityToBees,b1481269-c32f-4ea8-99b4-3bec04bec7f0,toxicity to bees: acute oral,,,dedb9043-6b9b-4072-b67f-67f23277850e,Species: Apis mellifera; Route: oral: unspecified; Exp. duration: 48.0 h,not specified,not specified,,,,81c82ab1-5e7e-47fa-99d0-bff7413914ce,,,,,,,,,,,,h,48.0,,,,,,,,,,,,Apis mellifera,,other:,oral: unspecified,,,mortality,,,,,,,,>,50.0,other:,µg/piece,,,LD50,,,,,,,other:,,Remarks: Acute oral toxicity,,,8944a249-d69c-4e66-bd12-c6255b6ff56b,,,,,,,,,,,,,,,,,,,,
4601,4599,38cfc543-b23a-402b-b804-bb6c10f42867,ENDPOINT_STUDY_RECORD.ToxicityToBees,2f0b6cdf-113b-4f27-b1f7-c28927ac46ff,bee larval toxicity - chronic,,,679a730d-6ac5-4273-a821-4fb979dcb2e6,,not specified,not specified,,,,84cd9917-56f7-4a0f-b075-fe4c1d280ddb,,,,,,,,,,,,,,,,,,,KAYAK 300 EC (A14325E),,,,,,Apis mellifera,,oral,,,,mortality,,,act. ingr.,,,,,,24.2,µg per larva per developmental period,,,,other:,8-d LD10,,,,,,other:,,Large amount of uneaten food and smaller body size were observed,,,0e523acc-630d-4839-af47-68ce8000906e,,,,,,,,,,,,,,,,,,,,
4602,4600,38cfc543-b23a-402b-b804-bb6c10f42867,ENDPOINT_STUDY_RECORD.ToxicityToBees,2f0b6cdf-113b-4f27-b1f7-c28927ac46ff,bee larval toxicity - chronic,,,679a730d-6ac5-4273-a821-4fb979dcb2e6,,not specified,not specified,,,,84cd9917-56f7-4a0f-b075-fe4c1d280ddb,,,,,,,,,,,,,,,,,,,KAYAK 300 EC (A14325E),,,,,,Apis mellifera,,oral,,,,mortality,,,act. ingr.,,,,,,29.9,µg per larva per developmental period,,,,other:,8-d LD20,,,,,,other:,,Large amount of uneaten food and smaller body size were observed,,,3c3cae60-a7e1-4388-b420-f08f45fc571c,,,,,,,,,,,,,,,,,,,,
4603,4601,38cfc543-b23a-402b-b804-bb6c10f42867,ENDPOINT_STUDY_RECORD.ToxicityToBees,2f0b6cdf-113b-4f27-b1f7-c28927ac46ff,bee larval toxicity - chronic,,,679a730d-6ac5-4273-a821-4fb979dcb2e6,,not specified,not specified,,,,84cd9917-56f7-4a0f-b075-fe4c1d280ddb,,,,,,,,,,,,,,,,,,,KAYAK 300 EC (A14325E),,,,,,Apis mellifera,,oral,,,,mortality,,,act. ingr.,,,,,,45.7,µg per larva per developmental period,,,,other:,8-d LD50,,,,,,other:,,Large amount of uneaten food and smaller body size were observed.,,,b3856a5d-ebce-4307-8fad-d76afcde2bbc,,,,,,,,,,,,,,,,,,,,
4604,4602,81cbdce7-5fa0-424f-9640-2c82deba146d,ENDPOINT_STUDY_RECORD.ToxicityToBees,c4cf1153-630b-41d3-bcef-31774b0657db,toxicity to bees: acute contact,,,31bdc495-c4ba-45d1-9a5f-d08b83743c15,Species: Apis mellifera; Route: dermal,not specified,not specified,,,,de4a12a8-a0ac-4379-a87f-fb307b8e4333,,,,,,,,,,,,,,,,,,,,,,,,,Apis mellifera,,other:,dermal,,,mortality,,,,,,,,>,100.0,other:,µg/piece,,,LD50,,,,,,,other:,,Remarks: Contact toxicity,,,427864b4-9907-4127-b268-0b5951b4bd5f,,,,,,,,,,,,,,,,,,,,
4605,4603,d4f38ec3-744c-4299-bd9d-5757229da1d7,ENDPOINT_STUDY_RECORD.ToxicityToBees,301dace3-9b69-4d13-acb1-e3e40c77ed1f,toxicity to bees: chronic oral,,,32eff318-2e6a-4106-a237-f008999ad5dc,Species: Apis mellifera; Route: oral; Exp. duration: 10.0 d,,,,,,,,,,,,,,,,,,d,10.0,,,,,,,,,,,,Apis mellifera,,oral,,,,not specified,,,test mat.,,Abamectin 1.8% EC,,,,,µg/bee per day,,<,9.64e-05,other:,10-d NOEDD,,,,,,,,,,,e34c2a1f-2304-407a-92c6-bf22bba1b6df,,,,,,,,,,,,,,,,,,,,
4606,4604,35547459-fa39-4fed-89dd-8cfdb747384f,ENDPOINT_STUDY_RECORD.ToxicityToBees,405f9075-8fcb-4195-9d00-481bc9fdf3a7,toxicity to bees: chronic oral,,,c8f65176-bc76-4a55-ae74-95ba93c9569f,,not specified,not specified,,,,7f5af67a-acce-4cfb-b0ad-604ab2593749,,,,,,,,,,,,d,10.0,,,,,,Sulfur 80% WG,,,,,,Apis mellifera,,oral,,,,mortality,,,act. ingr.,,,,,>,149.3,µg/bee per day,,,,10-d LDD50,,,,,,,other:,,eq. > 5.082 g a.s./kg food,,,79e447a8-c806-4ba0-8197-f51af7e08606,,,,,,,,,,,,,,,,,,,,
4607,4605,6967ad50-b148-4e38-a72c-9db90d8b9888,ENDPOINT_STUDY_RECORD.ToxicityToBees,d7a2bbf7-7f38-48de-a2eb-ed2e68ed53fd,toxicity to bees: chronic oral,,,ee07d882-0565-4e91-914a-9f3b74e9749d,,not specified,not specified,,,,e0a7b137-b57d-411d-bfd9-13dd37e0d6a9,,,,,,,,,,,,d,10.0,,,,,,SURROUND® WP CROP PROTECTANT,,,,,,Apis mellifera,,oral,,,,mortality,,,act. ingr.,,,,,,1390.0,µg/bee per day,,,,other:,,LDD50,,,,,other:,,"Reference: Ansaloni, 2019 Report no.: TRC17-208BA KCP 10.3.1.2/01",,,f8312463-e5d7-4140-acff-a268868b2217,,,,,,,,,,,,,,,,,,,,
4608,4606,61a97171-58e5-44f6-ad75-30f981dde35b,ENDPOINT_STUDY_RECORD.ToxicityToBees,8475acca-b439-48ec-b9fc-a4db72bf6f82,toxicity to bees: acute contact,,,f9e00f8d-b0b2-4cf7-aaf0-2c543e1cb893,Species: Apis mellifera; Route: dermal,not specified,not specified,,,,62a39947-5df0-412c-983a-ea59b12022c3,,,,,,,,,,,,,,,,,,,preparation EXP 60707A,,,,,,Apis mellifera,,other:,dermal,,,mortality,,,,,,,,,9.26,other:,µg/piece,,,LD50,,,,,,,other:,,Remarks: Contact toxicity.,,,41877ed5-17d2-44aa-9b85-0e404adf9afa,,,,,,,,,,,,,,,,,,,,
4609,4607,af1b85d4-758f-4765-b854-9b483f2891bf,ENDPOINT_STUDY_RECORD.ToxicityToBees,5d1907a1-6bea-40e1-8512-bd798a9b4fca,bee larval toxicity - chronic,,,93551520-a60c-45c9-867f-332e56b38581,Species: Apis mellifera; Route: oral; Exp. duration: 3.0 d,,,,,,,,,,,,,,,,,,d,3.0,,,,,,,,,,,,Apis mellifera,,oral,,,,not specified,,,act. ingr.,,,,,,0.00528,µg per larva per developmental period,,,,other:,NOEL,,,,,,other:,,Remarks: Endpoint determined at 7 days but only 3-day exposure during the study (defined as provisional). Endpoint is the highest dose tested. Endpoint is based on nominal amount of food offered to the larvae.,,,9bd65808-d70d-40ec-9f46-af6560ef4e12,,,,,,,,,,,,,,,,,,,,
4610,4608,3d6fdd91-211a-43c7-a5dc-6532ac0d7c7c,ENDPOINT_STUDY_RECORD.ToxicityToBees,87524289-0b2a-4e29-af9b-3baefbae4c92,toxicity to bees: acute contact,,,5721503e-a06f-4ceb-b4f8-af6b992c7645,Species: Apis mellifera; Route: dermal,not specified,not specified,,,,60715a07-5a4b-41df-9f86-402761a872fb,,,,,,,,,,,,,,,,,,,Triflusulfuron methyl 50WG,,,,,,Apis mellifera,,other:,dermal,,,mortality,,,,,,,,>,100.0,other:,µg/piece,,,LD50,,,,,,,,,,,,9d721ecd-e203-440b-a0c5-1b9b15e7495e,,,,,,,,,,,,,,,,,,,,
4611,4609,9bb48c2e-fd81-49b1-b8e9-89ee83c5c531,ENDPOINT_STUDY_RECORD.ToxicityToBees,8cbb3be0-d92f-420a-bfb8-0d370b9f0aef,bee larval toxicity - chronic,,,2d0929cb-aacf-47ac-879a-4d695ebf8c3d,Species: Apis mellifera; Route: oral; Exp. duration: 4.0 d,,,,,,,,,,,,,,,,,,d,4.0,,,,,,,,,,,,Apis mellifera,,oral,,,,emergence rate,,,act. ingr.,,,,,,300.0,µg per larva,,,,NOED,,,,,,,other:,,Remarks: Toxicological properties between sodium and potassium hydrogen carbonate are similar. Repeated exposure (4-d),,,2379f68b-a973-4b6e-ba30-e4bdb0303bd7,,,,,,,,,,,,,,,,,,,,
4612,4610,5f8baacd-b96e-4b79-b0c0-9b54adebcede,ENDPOINT_STUDY_RECORD.ToxicityToBees,25f29b3b-d1dc-46cc-8a0f-599ec64a044a,toxicity to bees: acute contact,,,7136487b-2e9e-4537-a86c-37837821d888,Limit test: no; Species: Apis mellifera; Route: dermal; Exp. duration: 48.0 h,yes,no,"OECD Guideline 214 (Honeybees, Acute Contact Toxicity Test)",,according to guideline,7791da95-417d-4f83-9265-4e2c34b6a771,,,,,no,,,,,,,h,48.0,,,,,,,,,,,,Apis mellifera,,other:,dermal,,,mortality,,,,,,,,,0.005,other:,µg/piece,,,LD50,,,,,,,other:,,Remarks: contact toxicity,,,975fdb74-2177-4b38-9f3f-1ca61c175e4f,,,,,,,,,,,,,,,,,,,,
4613,4611,b0136200-7d62-4b43-b3fe-92d1dfd1f9c1,ENDPOINT_STUDY_RECORD.ToxicityToBees,1ebcb0bc-c669-490f-ac73-0ec8062d4f20,toxicity to bees: acute contact,,,550b701c-9ee8-435d-99b3-202b35988fa6,Species: Apis mellifera; Route: dermal,not specified,not specified,,,,393e442f-4247-442b-8da1-a2d16b87c20e,,,,,,,,,,,,,,,,,,,,,,,,,Apis mellifera,,other:,dermal,,,mortality,,,,,,,,>,100.0,other:,µg/piece,,,LD50,,,,,,,other:,,Remarks: Acute contact toxicity,,,43b815b8-c721-459f-a672-2ba3e163bed3,,,,,,,,,,,,,,,,,,,,
4614,4612,b1d5d0fc-2f9f-4cd8-a62b-33b54fcf5785,ENDPOINT_STUDY_RECORD.ToxicityToBees,9fe24aa7-c52c-4999-af62-36273e9da4c2,toxicity to bees: acute oral,,,43c7bccb-b9c5-4bab-8f92-fe0332dda00a,Species: Apis mellifera; Route: oral: unspecified,not specified,not specified,,,,3a3c74fa-3ddb-401d-898b-6cec580c6428,,,,,,,,,,,,,,,,,,,,,,,,,Apis mellifera,,other:,oral: unspecified,,,mortality,,,,,,,,,0.05,other:,µg/piece,,,LD50,,,,,,,,,,,,d0e10bda-a1d5-441e-b094-4816fb65766f,,,,,,,,,,,,,,,,,,,,
4615,4613,ec1aaeb6-3c8c-4d07-903b-cad39e3e76d0,ENDPOINT_STUDY_RECORD.ToxicityToBees,70bf91f9-c0b1-497e-b045-e1b71b7b76c7,toxicity to bees: acute oral,,,2589b4d3-f597-41e7-ad6f-3cce0f50d485,Species: Apis mellifera; Route: oral: unspecified,not specified,not specified,,,,8aaaad00-be44-40b8-a6c1-2bd3c7051b67,,,,,,,,,,,,,,,,,,,,,,,,,Apis mellifera,,other:,oral: unspecified,,,mortality,,,,,,,,>,108.9,other:,µg/piece,,,LD50,,,,,,,other:,,Remarks: Oral toxicity,,,44150837-03a6-4640-ad33-ef71cadb828e,,,,,,,,,,,,,,,,,,,,
4616,4614,aa0d040f-222b-445b-9ae8-bd8f145381af,ENDPOINT_STUDY_RECORD.ToxicityToBees,eb38c119-4413-4f04-89c8-c1c60028891f,toxicity to bees: chronic oral,,,f38a908a-a363-4433-897f-2a13768bb046,Species: Apis mellifera; Route: oral; Exp. duration: 10.0 d,,,,,,,,,,,,,,,,,,d,10.0,,,,,,,,,,,,Apis mellifera,,oral,,,,mortality,,,test mat.,,Foramsulfuron WG 50,,,>,120.0,mg/kg diet,,,,other:,10-d LC 50,,,,,,,,,,,6fc148cb-db28-4ebc-ad82-aca8cd0ea729,,,,,,,,,,,,,,,,,,,,
4617,4615,b7cce187-6f58-44a3-8eb5-6326572efaf7,ENDPOINT_STUDY_RECORD.ToxicityToBees,78f33b32-a9f1-4b8b-9689-478debbf2f0d,toxicity to bees: acute contact,,,62db3230-c8fd-46bb-a836-948b6308ea83,Species: Apis mellifera; Route: dermal; Exp. duration: 48.0 h,not specified,not specified,,,,ba4dbc6c-7fa5-4b0c-b132-e33480eb6aed,,,,,,,,,,,,h,48.0,,,,,,,,,,,,Apis mellifera,,other:,dermal,,,mortality,,,,,,,,>,65.2,other:,µg/piece,,,LD50,,,,,,,other:,,Remarks: Acute contact toxicity test,,,58e881fa-4dd7-472a-b957-b5563ddb94cb,,,,,,,,,,,,,,,,,,,,
4618,4616,09d09028-8789-4cc5-b3d4-3d783043c9f7,ENDPOINT_STUDY_RECORD.ToxicityToBees,ae7eb956-7f12-4bbf-8d40-8913d9128129,toxicity to bees: acute contact,,,46d816cd-6c08-4b5b-9723-2cfb7c516980,Species: Apis mellifera; Route: dermal,not specified,not specified,,,,e2c34534-6751-4d63-bfcf-d164b3f2e928,,,,,,,,,,,,,,,,,,,,,,,,,Apis mellifera,,other:,dermal,,,mortality,,,,,,,,>,0.33,other:,µg/piece,,,LD50,,,,,,,other:,,Remarks: contact toxicity,,,9ac53483-40de-4296-a8ba-808dd19cac23,,,,,,,,,,,,,,,,,,,,
4619,4617,31a2c206-9611-4f66-8579-08d3071523c4,ENDPOINT_STUDY_RECORD.ToxicityToBees,5d911ed2-7aad-4a3c-8780-e2ca116d03eb,bee larval toxicity - chronic,,,e81510f6-0ef7-4c10-91d5-72011ec01edf,Species: Apis mellifera; Route: oral; Exp. duration: 5.0 d,,,,,,,,,,,,,,,,,,d,5.0,,,,,,,,,,,,Apis mellifera,,oral,,,,mortality,,,test mat.,,Flurtamone SC 350 G,,,,243.4,µg per larva per day,,,,LD50,,,,,,,,,,,,7ee9f2a8-1757-446f-a242-37a4269b4d61,,,,,,,,,,,,,,,,,,,,
4620,4618,7b98c55c-35a6-4055-9d0e-3da71b782e37,ENDPOINT_STUDY_RECORD.ToxicityToBees,5bd50aa0-13b4-4994-907c-119bf1348482,toxicity to bees: acute contact,,,e469552f-3c2c-4327-8373-b831aa8e55a5,Species: Apis mellifera; Route: dermal,not specified,not specified,,,,e37478c0-2cee-4584-8c59-77410cf3a8c5,,,,,,,,,,,,,,,,,,,,,,,,,Apis mellifera,,other:,dermal,,,mortality,,,,,,,,>,180.0,other:,µg/piece,,,LD50,,,,,,,,,,,,62ade223-9ac6-41b4-acc9-00cda5c19e63,,,,,,,,,,,,,,,,,,,,
4621,4619,7b98c55c-35a6-4055-9d0e-3da71b782e37,ENDPOINT_STUDY_RECORD.ToxicityToBees,5bd50aa0-13b4-4994-907c-119bf1348482,toxicity to bees: acute contact,,,8756ea66-3793-4903-9527-af1cda33ace4,Species: Apis mellifera; Route: dermal,not specified,not specified,,,,e37478c0-2cee-4584-8c59-77410cf3a8c5,,,,,,,,,,,,,,,,,,,,,,,,,Apis mellifera,,other:,dermal,,,mortality,,,,,,,,>,180.0,other:,µg/piece,,,LD50,,,,,,,,,,,,62ade223-9ac6-41b4-acc9-00cda5c19e63,,,,,,,,,,,,,,,,,,,,
4622,4620,e9f52533-0194-413c-93b4-1fd2dd9694fe,ENDPOINT_STUDY_RECORD.ToxicityToBees,d890cedc-f75e-43c2-bfdd-bef2d22a0f97,toxicity to bees: acute oral,,,33a44e18-8bd9-4bd5-99a2-2a59fa3e23e2,Species: Apis mellifera; Route: oral: unspecified,not specified,not specified,,,,d5fbaf57-3ab0-4902-be96-625a2fb095d5,,,,,,,,,,,,,,,,,,,,,,,,,Apis mellifera,,other:,oral: unspecified,,,mortality,,,,,,,,>,118.64,other:,µg/piece,,,LD50,,,,,,,,,,,,8e445c87-fe72-495a-8b92-1137056bd5dd,,,,,,,,,,,,,,,,,,,,
4623,4621,933a8737-7550-4320-878c-ee29af5f85d4,ENDPOINT_STUDY_RECORD.ToxicityToBees,59a33c15-65db-4d3d-b226-8d921bcd5974,toxicity to bees: acute contact,,,a5856020-c14c-464a-957b-19eb40ace95a,,not specified,not specified,,,,8b7f6875-9251-44c2-9a6f-be54347d2fcb,,,,,,,,,,,,,,,,,,,Folpet 80 WG,,,,,,Apis mellifera,,other:,dermal,,,mortality,,,act. ingr.,,,,,>,100.0,µg/bee,,,,LD50,,,,,,,,,,,,09298681-a83f-4489-8882-c9bff57b77f4,,,,,,,,,,,,,,,,,,,,
4624,4622,34de14dd-aff7-4208-8829-9c9e6fabfb81,ENDPOINT_STUDY_RECORD.ToxicityToBees,5d1907a1-6bea-40e1-8512-bd798a9b4fca,toxicity to bees: acute oral,,,646fc95c-a0b8-4a7c-8ec8-a4d58e7dba0d,Limit test: no; Species: Apis mellifera; Route: oral: unspecified; Exp. duration: 48.0 h,yes,not specified,,,,a9b8b149-025f-4aa8-b2d7-3dc23862610b,,,,,no,,,,,,,h,48.0,,,,,,,,,,,,Apis mellifera,,other:,oral: unspecified,,,mortality,,,,,,,,,0.0037,other:,µg/piece,,,LD50,,,,,,,other:,,Remarks: Acute oral toxicity,,,03edd392-b6df-414d-b55d-a5722f10cb03,,,,,,,,,,,,,,,,,,,,
4625,4623,a4c357e0-e84d-4d56-9e9f-6dc8d29db86c,ENDPOINT_STUDY_RECORD.ToxicityToBees,5d1907a1-6bea-40e1-8512-bd798a9b4fca,toxicity to bees: acute oral,,,93551520-a60c-45c9-867f-332e56b38581,Species: Apis mellifera; Route: oral: unspecified; Exp. duration: 48.0 h,not specified,not specified,,,,19d22673-58ea-4652-a718-46d6b7e6df8a,,,,,,,,,,,,h,48.0,,,,,,,,,,,,Apis mellifera,,other:,oral: unspecified,,,mortality,,,,,,,,,0.0037,other:,µg/piece,,,LD50,,,,,,,,,,,,898bc429-b969-4af5-ac31-d9f108f87d0d,,,,,,,,,,,,,,,,,,,,
4626,4624,27fd9625-217d-4a02-a465-22ed3cbd1c11,ENDPOINT_STUDY_RECORD.ToxicityToBees,c5526177-ee58-4b70-acb6-c08e52258691,toxicity to bees: acute contact,,,66a7a3b3-eca2-4839-bb1b-9b24e965fb0d,Species: Apis mellifera; Route: dermal,not specified,not specified,,,,cadb5cac-0871-49d4-95e5-3712950704b9,,,,,,,,,,,,,,,,,,,,,,,,,Apis mellifera,,other:,dermal,,,mortality,,,,,,,,,150.0,other:,µg/piece,,,LD50,,,,,,,,,,,,88c64337-1be6-4f64-9d08-efc78a4d6045,,,,,,,,,,,,,,,,,,,,
4627,4625,d0bb3642-f815-4069-be45-fa90ed79fe54,ENDPOINT_STUDY_RECORD.ToxicityToBees,4c33f8e7-c9f4-4f77-8591-0baf4febfddd,bee larval toxicity - acute,,,e469552f-3c2c-4327-8373-b831aa8e55a5,Species: Apis mellifera; Route: oral; Exp. duration: 1.0 d,not specified,not specified,,,,1de00add-89d2-4bd4-b101-88772a94edbf,,,,,,,,,,,,d,1.0,,,,,,,,,,,,Apis mellifera,,oral,,,,mortality,,,act. ingr.,,,,,,16.2,µg per larva per developmental period,,,,other:,LD20,,,,,,,,,,,1d6d7bb3-dee4-48b5-a889-9923347d2140,,,,,,,,,,,,,,,,,,,,
4628,4626,d0bb3642-f815-4069-be45-fa90ed79fe54,ENDPOINT_STUDY_RECORD.ToxicityToBees,4c33f8e7-c9f4-4f77-8591-0baf4febfddd,bee larval toxicity - acute,,,8756ea66-3793-4903-9527-af1cda33ace4,Species: Apis mellifera; Route: oral; Exp. duration: 1.0 d,not specified,not specified,,,,1de00add-89d2-4bd4-b101-88772a94edbf,,,,,,,,,,,,d,1.0,,,,,,,,,,,,Apis mellifera,,oral,,,,mortality,,,act. ingr.,,,,,,16.2,µg per larva per developmental period,,,,other:,LD20,,,,,,,,,,,1d6d7bb3-dee4-48b5-a889-9923347d2140,,,,,,,,,,,,,,,,,,,,
4629,4627,2e20ae01-b896-40b1-bbd0-45ab0a866e48,ENDPOINT_STUDY_RECORD.ToxicityToBees,938af284-946b-44ea-82f3-3512ccf1527e,toxicity to bees: acute contact,,,d331a949-2db5-4bb8-bf4f-be343da48d6e,Species: Apis mellifera; Route: dermal,not specified,not specified,,,,dc6680b6-54e9-4261-a18a-a31da82e7385,,,,,,,,,,,,,,,,,,,Foramsulfuron + Isoxadifen-ethyl OD 45 (22.5 + 22.5 g/L),,,,,,Apis mellifera,,other:,dermal,,,mortality,,,,,,,,>,4.66,other:,µg/piece,,,LD50,,,,,,,,,,,,26add8b3-969c-45cb-9ba2-e827d6478f54,,,,,,,,,,,,,,,,,,,,
4630,4628,6f40a57a-f504-46f8-b539-970967fab788,ENDPOINT_STUDY_RECORD.ToxicityToBees,a744174e-0afc-40e1-bbf0-24fd688a4f2b,toxicity to bees: acute contact,,,347d0465-d1a9-4a3e-bf15-adae9f41ea44,Species: Apis mellifera; Route: dermal,not specified,not specified,,,,3bd05864-372e-4735-b111-400bafb4cfa6,,,,,,,,,,,,,,,,,,,,,,,,,Apis mellifera,,other:,dermal,,,mortality,,,,,,,,>,200.0,other:,µg/piece,,,LD50,,,,,,,other:,,Remarks: Acute contact toxicity,,,4594545f-cf6b-4f70-8f70-e91c5a1720e7,,,,,,,,,,,,,,,,,,,,
4631,4629,87bf5c09-31a6-45bd-8f2f-1cad65ef5621,ENDPOINT_STUDY_RECORD.ToxicityToBees,ac90fafa-e01a-4d10-a117-b6f40bc2ceff,toxicity to bees: acute contact,,,317a7bf0-b2ac-4c6b-8dc3-8b1806c0ad62,Species: Apis mellifera; Route: dermal,not specified,not specified,,,,cfb0240a-cf32-4bc6-ab48-d0a6b2c345e6,,,,,,,,,,,,,,,,,,,,,,,,,Apis mellifera,,other:,dermal,,,mortality,,,,,,,,,44.3,other:,µg/piece,,,LD50,,,,,,,,,,,,cfe9919c-ac81-4597-b969-bbe651dafe1f,,,,,,,,,,,,,,,,,,,,
4632,4630,99b23a3d-3af8-435a-9e8d-a110196cc597,ENDPOINT_STUDY_RECORD.ToxicityToBees,09aed732-36db-460d-ace4-dd69dc70a7c2,toxicity to bees: acute contact,,,e19f544e-208f-43cc-9c0e-b0a0e92ff68d,Limit test: no; Species: Apis mellifera; Route: dermal; Exp. duration: 48.0 h,yes,no,EPA OPP 141-1 (Honey Bee Acute Contact Toxicity),,according to guideline,e33e35ed-5824-43e1-adbd-8f826e51f2bd,,,,,no,,,,,,,h,48.0,,,,,,,,,,,,Apis mellifera,,other:,dermal,,,mortality,,,,,,,,>,100.0,other:,µg/piece,,,LD50,,,,,,,other:,,Remarks: Acute contact toxicity,,,df358f1d-399a-4c9d-a115-0a60080fabad,,,,,,,,,,,,,,,,,,,,
4633,4631,33f04cb6-af0a-4b3c-9a09-bcc234a3e3da,ENDPOINT_STUDY_RECORD.ToxicityToBees,07a46553-55e9-4f84-a12e-9e2d80129519,toxicity to bees: acute oral,,,2bb8ee12-8d69-4386-b433-ae930dc16732,Species: Apis mellifera; Route: oral: unspecified; Exp. duration: 48.0 h,not specified,not specified,,,,436b84bc-aabc-415f-b16f-0e3b22e32622,,,,,,,,,,,,h,48.0,,,,,,,,,,,,Apis mellifera,,other:,oral: unspecified,,,mortality,,,,,,,,>,140.67,other:,µg/piece,,,LD50,,,,,,,other:,,Remarks: Acute oral toxicity,,,9cc53fe1-969f-4b59-b696-21bade14db39,,,,,,,,,,,,,,,,,,,,
4634,4632,1c898857-b2a5-4f65-a47a-94f06967f274,ENDPOINT_STUDY_RECORD.ToxicityToBees,1ebcb0bc-c669-490f-ac73-0ec8062d4f20,toxicity to bees: acute oral,,,550b701c-9ee8-435d-99b3-202b35988fa6,Species: Apis mellifera; Route: oral: unspecified,not specified,not specified,,,,93872d96-3140-4890-95bb-ef4f004cd2b1,,,,,,,,,,,,,,,,,,,,,,,,,Apis mellifera,,other:,oral: unspecified,,,mortality,,,,,,,,,131.6,other:,µg/piece,,,LD50,,,,,,,other:,,Remarks: Acute oral toxicity,,,6d66cf25-ed49-4b35-9cee-e50adafff080,,,,,,,,,,,,,,,,,,,,
4635,4633,2d38b6dd-6b61-4ee6-8d68-0505b4d4f901,ENDPOINT_STUDY_RECORD.ToxicityToBees,acee2690-568d-4050-9aae-cf3467956a0c,toxicity to bees: acute contact,,,66a7a3b3-eca2-4839-bb1b-9b24e965fb0d,Species: Apis mellifera; Route: dermal,not specified,not specified,,,,69e2d62a-6e12-40b7-b1be-39b189d7566d,,,,,,,,,,,,,,,,,,,Bromoxynil- octanoate EC 327.5 G,,,,,,Apis mellifera,,other:,dermal,,,mortality,,,,,,,,>,98.8,other:,µg/piece,,,LD50,,,,,,,,,,,,7408de1b-24b3-4d73-b23a-712493a5874e,,,,,,,,,,,,,,,,,,,,
4636,4634,ccf98dc0-419e-45ed-beb8-bb92047283bc,ENDPOINT_STUDY_RECORD.ToxicityToBees,47f3a7cc-9377-4cf5-997b-00576f306d21,toxicity to bees: acute contact,,,c00349a1-69ee-4f32-b7f4-c3c7e33b44f4,Limit test: yes; Species: Apis mellifera; Route: dermal; Exp. duration: 48.0 h,yes,no,"OECD Guideline 214 (Honeybees, Acute Contact Toxicity Test)",,according to guideline,ed6f3481-36de-468e-8cd8-67b3d54bc122,,,,,yes,,,,,,,h,48.0,,,,,,,,,,,,Apis mellifera,,other:,dermal,,,mortality,,,,,,,,,0.024,other:,µg/piece,,,LD50,,,,,,,other:,,Remarks: contact,,,d3d142c3-4465-4708-a417-a6b305fff6d4,,,,,,,,,,,,,,,,,,,,
4637,4635,70267fc8-6b06-4e08-94b4-80693e7924aa,ENDPOINT_STUDY_RECORD.ToxicityToBees,fefca5e1-4893-4a5a-a98d-71e9f22976ac,toxicity to bees: chronic oral,,,22662941-d804-4db2-9a5e-01e32613d3a6,Species: Apis mellifera; Route: oral; Exp. duration: 10.0 d,,,,,,,,,,,,,,,,,,d,10.0,,,,,,,,,,,,Apis mellifera,,oral,,,,mortality,,,test mat.,,MCW-8927 (500 G clofentezine/L),,,>,99.1,µg/bee per day,,,,10-d LDD50,,,,,,,,,,,,b8080c94-0200-46b2-8f72-432cbd6d22c5,,,,,,,,,,,,,,,,,,,,
4638,4636,9c0d87dc-0492-4a98-8e96-1096959d85b5,ENDPOINT_STUDY_RECORD.ToxicityToBees,5d911ed2-7aad-4a3c-8780-e2ca116d03eb,toxicity to bees: acute contact,,,36b06661-1721-4d79-ae33-f25dcd8398de,Species: Apis mellifera; Route: dermal; Exp. duration: 48.0 h,not specified,not specified,,,,0a5b3262-178d-42fa-8e32-efc4b10bf8e6,,,,,,,,,,,,h,48.0,,,,,,,,,,,,Apis mellifera,,other:,dermal,,,mortality,,,,,,,,>,98.4,other:,µg/piece,,,LD50,,,,,,,other:,,Remarks: Acute contact toxicity,,,6afc6b17-0f0c-4a73-b6e3-47683e632152,,,,,,,,,,,,,,,,,,,,
4639,4637,f2f228d9-4824-4538-878e-ba92411f2c6b,ENDPOINT_STUDY_RECORD.ToxicityToBees,7d44523d-cb1c-4707-aa2e-b186c5d466d0,toxicity to bees: acute oral,,,cbd69899-2992-4a0a-8532-74ecec7187df,Species: Apis mellifera; Route: oral: unspecified,not specified,not specified,,,,05da9195-abe6-40f3-b98f-6b0e2a340386,,,,,,,,,,,,,,,,,,,,,,,,,Apis mellifera,,other:,oral: unspecified,,,mortality,,,,,,,,>,118.5,other:,µg/piece,,,LD50,,,,,,,other:,,Remarks: Acute oral toxicity,,,9bb27b4b-e9e3-426d-911b-f9aae81f6117,,,,,,,,,,,,,,,,,,,,
4640,4638,2f4e7a1f-23bd-4a3e-8709-912949de6b95,ENDPOINT_STUDY_RECORD.ToxicityToBees,4c33f8e7-c9f4-4f77-8591-0baf4febfddd,toxicity to bees: acute oral,,,8756ea66-3793-4903-9527-af1cda33ace4,Species: Apis mellifera; Route: oral: unspecified,not specified,not specified,,,,a891195d-9ca3-4374-a989-7b7163c589f2,,,,,,,,,,,,,,,,,,,,,,,,,Apis mellifera,,other:,oral: unspecified,,,mortality,,,,,,,,>,200.0,other:,µg/piece,,,LD50,,,,,,,,,,,,d1d78e1f-7dc7-469f-96c5-22d397f37c1a,,,,,,,,,,,,,,,,,,,,
4641,4639,f9e3bd01-7edb-467f-8962-42f0d5cebd47,ENDPOINT_STUDY_RECORD.ToxicityToBees,e74ae6f2-e729-490b-b0c0-b5579de8a807,toxicity to bees: acute oral,,,c5ceefab-bdd3-441f-aa36-079349115589,Limit test: no; Species: Apis mellifera; Route: oral: unspecified; Exp. duration: 48.0 h,yes,no,other:,OTHER GUIDELINE,according to guideline,a4f21747-2a27-481c-a90e-137bf7e98362,,,,,no,,,,,,,h,48.0,,,,,,,,,,,,Apis mellifera,,other:,oral: unspecified,,,mortality,,,,,,,,>,30.0,other:,µg/piece,,,LD50,,,,,,,other:,,Remarks: Acute oral toxicity; Guideline: EPPO Guideline 170,,,ca275a86-31e1-4ce4-bf17-a211a98b2013,,,,,,,,,,,,,,,,,,,,
4642,4640,465efe55-1075-4a8f-85ad-ae6b241b7dbb,ENDPOINT_STUDY_RECORD.ToxicityToBees,16f48b4b-6e04-4ca1-a477-d7b66f9db6c2,toxicity to bees: chronic oral,,,e3843e72-41fe-4ee7-b847-1020d2418407,Species: Apis mellifera; Route: oral; Exp. duration: 10.0 d,,,,,,,,,,,,,,,,,,d,10.0,,,,,,,,,,,,Apis mellifera,,oral,,,,mortality,,,act. ingr.,,,,,,3.9,µg/bee per day,,,,other:,10-d LDD20,,,,,,other:,,Remarks: LDD20=3.9 (0.22 â€“ 7.6) microg/bee/day,,,8a89f408-bc1d-46a1-8d22-16328363f3ea,,,,,,,,,,,,,,,,,,,,
4643,4641,0b22ab2b-841a-408c-a078-afab3c589d01,ENDPOINT_STUDY_RECORD.ToxicityToBees,8cbab949-c9d5-4124-9f5f-31a2798c1d97,toxicity to bees: acute contact,,,44216c52-d1ac-4f38-bd79-39f576c2652b,Species: Apis mellifera; Route: dermal,not specified,not specified,,,,70e3a325-b92c-4919-ac72-635072fa34bd,,,,,,,,,,,,,,,,,,,,,,,,,Apis mellifera,,other:,dermal,,,mortality,,,,,,,,>,100.0,other:,µg/piece,,,LD50,,,,,,,other:,,"Remarks: Contact toxicity, adult",,,eb1f8e49-1eae-4a36-8380-8a311660e8bd,,,,,,,,,,,,,,,,,,,,
4644,4642,60006fff-c5ab-43bc-a06c-80e9d73f9286,ENDPOINT_STUDY_RECORD.ToxicityToBees,d6caa843-b6aa-468b-b2aa-0a911866ca4a,toxicity to bees: acute contact,,,d95e6b5d-a516-4165-8e40-6d5fc470b9bd,Species: Apis mellifera; Route: dermal,not specified,not specified,,,,66089b39-3fc8-4a8c-a68a-e936bba73725,,,,,,,,,,,,,,,,,,,,,,,,,Apis mellifera,,other:,dermal,,,mortality,,,,,,,,>,100.0,other:,µg/piece,,,LD50,,,,,,,other:,,Remarks: Acute contact toxicity,,,6b89080d-a1e2-4afc-a294-46ef72bbc581,,,,,,,,,,,,,,,,,,,,
4645,4643,60006fff-c5ab-43bc-a06c-80e9d73f9286,ENDPOINT_STUDY_RECORD.ToxicityToBees,d6caa843-b6aa-468b-b2aa-0a911866ca4a,toxicity to bees: acute contact,,,219541b1-6379-47b8-9e9b-0dbee98618db,Species: Apis mellifera; Route: dermal,not specified,not specified,,,,66089b39-3fc8-4a8c-a68a-e936bba73725,,,,,,,,,,,,,,,,,,,,,,,,,Apis mellifera,,other:,dermal,,,mortality,,,,,,,,>,100.0,other:,µg/piece,,,LD50,,,,,,,other:,,Remarks: Acute contact toxicity,,,6b89080d-a1e2-4afc-a294-46ef72bbc581,,,,,,,,,,,,,,,,,,,,
4646,4644,3cdc2269-bcc9-43a4-89b7-5d89ec28eabf,ENDPOINT_STUDY_RECORD.ToxicityToBees,feccb3cb-2e28-4509-affa-1000601f0f9c,toxicity to bees: chronic oral,,,580be492-4818-4a05-bfec-b5ac87dcea17,Species: Apis mellifera; Route: oral; Exp. duration: 10.0 d,,,,,,,,,,,,,,,,,,d,10.0,,,,,,,,,,,,Apis mellifera,,oral,,,,mortality,,,test mat.,,PMP SE 160,,,>,4.6,µg/bee,,,,10-d LDD50,,,,,,,,,,,,ce82cc7f-6960-4583-9a22-fdd34112bb90,,,,,,,,,,,,,,,,,,,,
4647,4645,4ae91da6-a8c7-439f-9109-22f788179cf9,ENDPOINT_STUDY_RECORD.ToxicityToBees,de7ac17c-13fa-400b-8651-630292eabbf2,toxicity to bees: acute contact,,,582cb5ce-03ea-46d8-abd4-6ec22662dc74,Species: Apis mellifera; Route: dermal; Exp. duration: 48.0 h,not specified,not specified,,,,8b06c6d4-60da-4cd7-801e-cee7dd56b53b,,,,,,,,,,,,h,48.0,,,,,,,,,,,,Apis mellifera,,other:,dermal,,,mortality,,,,,,,,>,345.0,other:,µg/piece,,,LD50,,,,,,,other:,,Remarks: Acute contact toxicity,,,80dd7fcb-dacf-4b73-8c45-d411631a342e,,,,,,,,,,,,,,,,,,,,
4648,4646,27481a9d-e9c0-4526-9bdb-60f4701b3d78,ENDPOINT_STUDY_RECORD.ToxicityToBees,d4c4f15c-b73d-4cae-a3f1-c9f9cfa56bc7,bee larval toxicity - chronic,,,44216c52-d1ac-4f38-bd79-39f576c2652b,Species: Apis mellifera; Route: oral,,,,,,,,,,,,,,,,,,,,,,,,,,,,,,,Apis mellifera,,oral,,,,not specified,,,act. ingr.,,,,,,47.6,µg per larva,,,,other:,NOEC,,,,,,,,,,,9915fa58-4ef7-40f3-a7c0-64ca3a1dccaf,,,,,,,,,,,,,,,,,,,,
4649,4647,863cfaa4-95c6-4cf2-9594-8206009e46b1,ENDPOINT_STUDY_RECORD.ToxicityToBees,16f48b4b-6e04-4ca1-a477-d7b66f9db6c2,bee larval toxicity - chronic,,,e3843e72-41fe-4ee7-b847-1020d2418407,Species: Apis mellifera; Route: oral; Exp. duration: 4.0 d,,,,,,,,,,,,,,,,,,d,4.0,,,,,,,,,,,,Apis mellifera,,oral,,,,emergence rate,,,act. ingr.,,,,,,1.0,µg per larva,,,,NOED,,,,,,,,,,,,bacc07fb-f4be-4745-a934-f108f9e992c6,,,,,,,,,,,,,,,,,,,,
4650,4648,93660a16-6661-44a3-8d4e-654380c53e7a,ENDPOINT_STUDY_RECORD.ToxicityToBees,96fcb65a-4ac0-4237-b54f-91284f938477,toxicity to bees: chronic oral,,,2c188888-c063-4ed5-b26f-d8513bbaa287,Species: Apis mellifera; Route: oral; Exp. duration: 10.0 d,,,,,,,,,,,,,,,,,,d,10.0,,,,,,,,,,,,Apis mellifera,,oral,,,,mortality,,,act. ingr.,,,,,>,0.0149,µg/bee per day,,,,10-d LDD50,,,,,,,,,,,,6221bb6e-9601-4e89-bf60-3ba14627ab91,,,,,,,,,,,,,,,,,,,,
4651,4649,6ac0d5c8-2934-48e5-b0d2-5e412e10cff1,ENDPOINT_STUDY_RECORD.ToxicityToBees,4c67eed1-8552-40c5-a5c4-0032e8e55eb1,toxicity to bees: acute contact,,,2188c755-1e58-48ef-8529-bf94aaf4d51f,Limit test: no; Species: Apis mellifera; Route: dermal; Exp. duration: 48.0 h,yes,no,other:,OTHER GUIDELINE,according to guideline,0932f949-d999-4e15-badf-74a8b7fd2e0d,,,,,no,,,,,,,h,48.0,,,,,,,,,,,,Apis mellifera,,other:,dermal,,,mortality,,,,,,,,>,200.0,other:,µg/piece,,,LD50,,,,,,,other:,,Remarks: Acute contact toxicity; guideline: EPPO guideline 170,,,d5ec78eb-84a3-4c46-8a4f-cf3164c99e42,,,,,,,,,,,,,,,,,,,,
4652,4650,b5710007-c1b8-433d-9d1b-ec485b913f40,ENDPOINT_STUDY_RECORD.ToxicityToBees,dcf6cefc-0999-47ea-a3a2-326d4c8370a7,toxicity to bees: acute oral,,,51a94c22-175c-4440-8c49-79d4107d8f74,Species: Apis mellifera; Route: oral: unspecified,not specified,not specified,,,,8f5525b6-51e0-4f28-8356-bbde1a40d83f,,,,,,,,,,,,,,,,,,,,,,,,,Apis mellifera,,other:,oral: unspecified,,,mortality,,,,,,,,>,83.0,other:,µg/piece,,,LD50,,,,,,,,,,,,a7b05203-9ceb-4e5f-826e-ae430932a41a,,,,,,,,,,,,,,,,,,,,
4653,4651,b5710007-c1b8-433d-9d1b-ec485b913f40,ENDPOINT_STUDY_RECORD.ToxicityToBees,dcf6cefc-0999-47ea-a3a2-326d4c8370a7,toxicity to bees: acute oral,,,baf69ebe-1a1c-4820-bd7e-e6f617f6dc7d,Species: Apis mellifera; Route: oral: unspecified,not specified,not specified,,,,8f5525b6-51e0-4f28-8356-bbde1a40d83f,,,,,,,,,,,,,,,,,,,,,,,,,Apis mellifera,,other:,oral: unspecified,,,mortality,,,,,,,,>,83.0,other:,µg/piece,,,LD50,,,,,,,,,,,,a7b05203-9ceb-4e5f-826e-ae430932a41a,,,,,,,,,,,,,,,,,,,,
4654,4652,a222d501-99fb-4e5a-9646-84cb0a5570ee,ENDPOINT_STUDY_RECORD.ToxicityToBees,5bd73b6b-675d-47e7-b6cd-f5a4b41d6b60,toxicity to bees: acute contact,,,33e9d88d-cb27-48ef-bfb1-043dbeb2a1fa,Species: Apis mellifera; Route: dermal; Exp. duration: 48.0 h,yes,no,"OECD Guideline 214 (Honeybees, Acute Contact Toxicity Test)",,according to guideline,ee2847dc-8911-4e59-abdb-e87fc58d16b8,,,,,,,,,,,,h,48.0,,,,,,,,,,,,Apis mellifera,,other:,dermal,,,mortality,,,,,,,,>,100.0,other:,µg/piece,,,LD50,,,,,,,,,,,,8856bb47-5c85-485e-873f-9fb6e39ba502,,,,,,,,,,,,,,,,,,,,
4655,4653,8b09289b-716a-4f40-b7e5-3872ed03c4bd,ENDPOINT_STUDY_RECORD.ToxicityToBees,5544e808-c2f2-4c32-9619-1030a9c759d0,toxicity to bees: acute oral,,,cd1bc79c-7dcd-4e33-8529-e3474d3cad45,Species: Apis mellifera; Route: oral: unspecified,not specified,not specified,,,,93803718-25ec-4838-8925-f20f857f3026,,,,,,,,,,,,,,,,,,,,,,,,,Apis mellifera,,other:,oral: unspecified,,,mortality,,,,,,,,>,145.0,other:,µg/piece,,,LD50,,,,,,,other:,,Remarks: Acute oral toxicity; remarks for EFSA: endpoint not specified,,,8c161b6a-3eea-4099-ab4f-982c8d138bf3,,,,,,,,,,,,,,,,,,,,
4656,4654,cf2dedc2-f23c-4ea5-9a89-dea0319866a1,ENDPOINT_STUDY_RECORD.ToxicityToBees,b529ec00-87b6-4816-a9bd-ed8e2b36fa70,toxicity to bees: chronic oral,,,89305f4d-9bed-4ce8-b8c0-b032c96f73c7,Species: Apis mellifera; Route: oral; Exp. duration: 10.0 d,,,,,,,,,,,,,,,,,,d,10.0,,,,,,,,,,,,Apis mellifera,,oral,,,,mortality,,,test mat.,,preparation Indoxacarb 150 g/L EC,,,,0.0649,µg/bee per day,,,,other:,10-d LC50,,,,,,,,,,,f2d4c991-2d50-4e6a-be38-3d29eb0a52a0,,,,,,,,,,,,,,,,,,,,
4657,4655,d4024478-09f5-4c08-8999-d1e9992b71ea,ENDPOINT_STUDY_RECORD.ToxicityToBees,16f48b4b-6e04-4ca1-a477-d7b66f9db6c2,toxicity to bees: acute oral,,,e3843e72-41fe-4ee7-b847-1020d2418407,Species: Apis mellifera; Route: oral: unspecified; Exp. duration: 48.0 h,not specified,not specified,,,,81b7b744-3c32-4070-be8c-ef5679fa9f7c,,,,,,,,,,,,h,48.0,,,,,,,,,,,,Apis mellifera,,other:,oral: unspecified,,,mortality,,,,,,,,>,264.4,other:,µg/piece,,,LD50,,,,,,,,,,,,4056b331-5701-4e11-a0c6-9954b0141169,,,,,,,,,,,,,,,,,,,,
4658,4656,5c858aac-7ba0-428f-b1bb-67e6881fcba1,ENDPOINT_STUDY_RECORD.ToxicityToBees,fe5d3bbc-b71a-4c8c-9582-5a8f4430c64e,toxicity to bees: chronic oral,,,d039f12a-4f09-4b3a-b6b5-f98fc4a85cfe,Species: Apis mellifera; Route: oral; Exp. duration: 10.0 d,,,,,,,,,,,,,,,,,,d,10.0,,,,,,,,,,,,Apis mellifera,,oral,,,,mortality,,,act. ingr.,,,,,,68.62,µg/bee per day,,,,10-d LDD50,,,,,,,,,,,,d5ef4b39-9ffc-4c46-a44d-a75cd8bb4c76,,,,,,,,,,,,,,,,,,,,
4659,4657,a97cbfee-a647-4e1c-92ec-fe0debb8750a,ENDPOINT_STUDY_RECORD.ToxicityToBees,39ed1be3-bad4-4417-9d93-30536e579a88,toxicity to bees: acute contact,,,896f42d8-73ca-4dd7-8b63-485e9741d07e,Species: Apis mellifera; Route: dermal,not specified,not specified,,,,b3c76de2-1d4d-4ef1-a139-06bf360d7a0e,,,,,,,,,,,,,,,,,,,,,,,,,Apis mellifera,,other:,dermal,,,mortality,,,,,,,,>,11.81,other:,µg/piece,,,LD50,,,,,,,,,,,,5fabd405-1f3d-4295-be34-2502c4c24cfa,,,,,,,,,,,,,,,,,,,,
4660,4658,916624a6-076c-4005-bc63-31686220aaa4,ENDPOINT_STUDY_RECORD.ToxicityToBees,59a33c15-65db-4d3d-b226-8d921bcd5974,toxicity to bees: chronic oral,,,a5856020-c14c-464a-957b-19eb40ace95a,,not specified,not specified,,,,192e095e-b441-4577-96fe-15620330e359,,,,,,,,,,,,,,,,,,,,,,,,,Apis mellifera,,oral,,,,,,,,,,,,>,16.29,µg/bee per day,,,,10-d LDD50,,,,,,,other:,,"The endpoint is expressed in terms of daily dose, the potential for evaporation of the feed item was not considered. Further, the concentration of test item was not analytically verified.",,,d162dba0-f954-4708-a5a8-09072a767857,,,,,,,,,,,,,,,,,,,,
4661,4659,996430ed-3308-48bf-a630-06c5e0ed59c3,ENDPOINT_STUDY_RECORD.ToxicityToBees,6466c4e7-7266-4cfb-a0e4-49334015b293,toxicity to bees: acute contact,,,839e7251-5fd6-4b8e-bea4-ca09c56be1a4,Species: Apis mellifera; Route: dermal; Exp. duration: 48.0 h,not specified,not specified,,,,251ce5dd-79e3-4fb8-96c9-084739b15090,,,,,,,,,,,,h,48.0,,,,,,,,,,,,Apis mellifera,,other:,dermal,,,mortality,,,,,,,,,8.5,other:,µg/piece,,,LD50,,,,,,,,,,,,9c91a032-308d-4a44-9bb4-e1fb25c7cbfa,,,,,,,,,,,,,,,,,,,,
4662,4660,0bb7b333-d4b6-485b-b412-9c39a58c3f9d,ENDPOINT_STUDY_RECORD.ToxicityToBees,7a7af7e7-c629-463f-9ac4-25e1ea4e43c8,toxicity to bees: acute contact,,,d4eddc46-e4b4-456a-be4e-2ff6ce90dd61,Species: Apis mellifera; Route: dermal; Exp. duration: 48.0 h,not specified,not specified,,,,eea9e158-3553-4b60-bb2b-aa0bd3bd3812,,,,,,,,,,,,h,48.0,,,,,,,,,,,,Apis mellifera,,other:,dermal,,,mortality,,,,,,,,>,200.0,other:,µg/piece,,,LD50,,,,,,,,,,,,d79f33dc-2ba4-4231-95b5-811bc0d50f80,,,,,,,,,,,,,,,,,,,,
4663,4661,2bb4dc33-ed25-4ef5-be08-09f7d82fbb78,ENDPOINT_STUDY_RECORD.ToxicityToBees,e1ec5dfd-5a94-46ef-b332-3e55d4e5a2b1,toxicity to bees: acute oral,,,f878f1bc-9291-41ae-ad1a-a7d8f14569c9,Species: Apis mellifera; Route: oral: unspecified,not specified,not specified,,,,c0344f27-9457-44d8-8895-f3bd45d5f2a9,,,,,,,,,,,,,,,,,,,,,,,,,Apis mellifera,,other:,oral: unspecified,,,mortality,,,,,,,,,2.07,other:,µg/piece,,,LD50,,,,,,,other:,,Remarks: Acute oral toxicity,,,3bbdac14-8693-42ea-8337-1f54b3e60dae,,,,,,,,,,,,,,,,,,,,
4664,4662,ff6af4fc-49d4-4831-b7c4-884d0cc3b328,ENDPOINT_STUDY_RECORD.ToxicityToBees,877b1caa-5951-4480-b0be-57ead1a55bfc,toxicity to bees: acute oral,,,d1c3cecb-25fe-49ae-80b4-92a678ca010a,Limit test: no; Species: Apis mellifera; Route: oral: unspecified; Exp. duration: 48.0 h,yes,no,other:,OTHER GUIDELINE,according to guideline,06df4057-1c3c-4af8-9899-13a0040df3c1,,,,,no,,,,,,,h,48.0,,,,,,,,,,,,Apis mellifera,,other:,oral: unspecified,,,mortality,,,,,,,,,128.0,other:,µg/piece,,,LD50,,,,,,,other:,,Remarks: Acute oral toxicity; Guidelines: EPPO 170 (1992) and MAFF UK (1986),,,8d29cf72-cbea-4dd3-808a-e766b6626dc3,,,,,,,,,,,,,,,,,,,,
4665,4663,8a0c38db-c07f-49ea-805b-9a855af255b5,ENDPOINT_STUDY_RECORD.ToxicityToBees,d7b58da8-04a2-49b0-8594-e8e9d2711843,toxicity to bees: acute contact,,,97f920c8-cdcb-4ea4-93ad-af9966bff0e3,Species: Apis mellifera; Route: dermal,not specified,not specified,,,,6839106c-9b7a-4d94-a24d-3b54636d9085,,,,,,,,,,,,,,,,,,,,,,,,,Apis mellifera,,other:,dermal,,,mortality,,,,,,,,,0.00198,other:,µg/piece,,,LD50,,,,,,,,,,,,52b04945-492c-4d44-9722-2ff91e7f50da,,,,,,,,,,,,,,,,,,,,
4666,4664,e3a9a502-a0ca-4776-bf81-4e4a38a17a76,ENDPOINT_STUDY_RECORD.ToxicityToBees,deecd7f8-577c-4c2c-9e8e-649260127a52,toxicity to bees: acute contact,,,317a7bf0-b2ac-4c6b-8dc3-8b1806c0ad62,Species: Apis mellifera; Route: dermal,not specified,not specified,,,,11076386-5e46-481a-8a2a-5501b4835721,,,,,,,,,,,,,,,,,,,Copper hydroxide technical,,,,,,Apis mellifera,,other:,dermal,,,mortality,,,,,,,,,44.46,other:,µg/piece,,,LD50,,,,,,,,,,,,4515dc6b-2940-4213-8d62-73480a005f10,,,,,,,,,,,,,,,,,,,,
4667,4665,46bb45a8-f23b-452b-960a-8eebd7abac71,ENDPOINT_STUDY_RECORD.ToxicityToBees,4d80d3a2-6a28-477d-9930-f94dd787e2a3,toxicity to bees: acute oral,,,0700e8c9-94a8-4416-bc73-7edda496b8e8,Species: Apis mellifera; Route: oral: unspecified; Exp. duration: 48.0 h,not specified,not specified,,,,20ab0d01-11fe-4571-8086-8c1565573fa8,,,,,,,,,,,,h,48.0,,,,,,,,,,,,Apis mellifera,,other:,oral: unspecified,,,mortality,,,,,,,,>,843.0,other:,µg/piece,,,LD50,,,,,,,other:,,Remarks: Acute oral toxicity,,,81178f6a-1348-472e-9834-74542a467ee3,,,,,,,,,,,,,,,,,,,,
4668,4666,5b60a175-d80b-46fb-b46a-f3ccb63ecd35,ENDPOINT_STUDY_RECORD.ToxicityToBees,ce4bbdca-6245-4364-ab4e-2ed58ece4357,toxicity to bees: chronic oral,,,131a6853-8eec-4a1a-82e3-64d57124b87a,Species: Apis mellifera; Route: oral; Exp. duration: 10.0 d,,,,,,,,,,,,,,,,,,d,10.0,,,,,,,,,,,,Apis mellifera,,oral,,,,mortality,,,act. ingr.,,,,,,42.12,µg/bee per day,,,,other:,10-d LC50,,,,,,,,,,,c6288efc-91d8-4773-8b78-8d90a4dec124,,,,,,,,,,,,,,,,,,,,
4669,4667,89e024b0-20ac-4fa4-aebb-603739c91ae0,ENDPOINT_STUDY_RECORD.ToxicityToBees,7716ef96-3b82-4943-a98c-b55249abc195,bee larval toxicity - acute,,,e76901cb-c767-4155-9e19-271cd8be8f9c,Species: Apis mellifera; Route: oral; Exp. duration: 1.0 d,,,,,,,,,,,,,,,,,,d,1.0,,,,,,,,,,,,Apis mellifera,,oral,,,,mortality,,,test mat.,,AG-P4-400-SC,,,>,100.0,µg per larva,,,,NOED,,,,,,,,,,,,6ceccad4-7823-4161-bee0-c0f923d4085e,,,,,,,,,,,,,,,,,,,,
4670,4668,bd5e5c7a-ed53-4720-82f4-ad9a079a9073,ENDPOINT_STUDY_RECORD.ToxicityToBees,d7b58da8-04a2-49b0-8594-e8e9d2711843,toxicity to bees: acute oral,,,97f920c8-cdcb-4ea4-93ad-af9966bff0e3,Species: Apis mellifera; Route: oral: unspecified,not specified,not specified,,,,9a230d16-6527-425f-8e9b-5107ac507fa6,,,,,,,,,,,,,,,,,,,,,,,,,Apis mellifera,,other:,oral: unspecified,,,mortality,,,,,,,,,0.00528,other:,µg/piece,,,LD50,,,,,,,,,,,,d68751da-e1c6-4442-b234-78e3cc843bf4,,,,,,,,,,,,,,,,,,,,
4671,4669,aa89a78e-b57d-442b-88f7-1d32607e3593,ENDPOINT_STUDY_RECORD.ToxicityToBees,582536dd-ad5d-4ba2-8168-fe0687fc489a,toxicity to bees: acute oral,,,49143d9b-6f67-4a90-a62c-f3f89eedd7ea,Species: Apis mellifera; Route: oral: unspecified,not specified,not specified,,,,d3f7fe93-ed5c-426b-8052-572e51a32b1e,,,,,,,,,,,,,,,,,,,,,,,,,Apis mellifera,,other:,oral: unspecified,,,mortality,,,,,,,,>,104.0,other:,µg/piece,,,LD50,,,,,,,,,,,,010cacf6-8008-4b2f-ace7-cb6deed6f6b6,,,,,,,,,,,,,,,,,,,,
4672,4670,4920bec1-626f-40a5-848f-383ac8193236,ENDPOINT_STUDY_RECORD.ToxicityToBees,5fd43849-a5c9-4bc2-9ac8-d216b0770b1a,toxicity to bees: acute oral,,,6080109c-a9d4-4a52-ad49-dd7b5e9cedfe,Species: Apis mellifera; Route: oral: unspecified,not specified,not specified,,,,e48debd9-5732-44d9-bb7d-479e27f1e5d7,,,,,,,,,,,,,,,,,,,,,,,,,Apis mellifera,,other:,oral: unspecified,,,mortality,,,,,,,,>,2.4,other:,µg/piece,,,LD50,,,,,,,other:,,Remarks: oral toxicity,,,90bff978-7512-4042-b78b-f27357fad475,,,,,,,,,,,,,,,,,,,,
4673,4671,1c2e09ec-9fd5-4f76-8258-ac451e4311de,ENDPOINT_STUDY_RECORD.ToxicityToBees,06e8b19e-3e1e-45c5-a8f6-5f601e7e8409,toxicity to bees: chronic oral,,,ab9aa532-5c1c-42af-8a1c-d8060924ea1e,Species: Apis mellifera; Route: oral; Exp. duration: 10.0 d,,,,,,,,,,,,,,,,,,d,10.0,,,,,,,,,,,,Apis mellifera,,oral,,,,not specified,,,test mat.,,Napropamide-M (HBW07),,,,11.7,µg/bee per day,,,,NOED,,,,,,,,,,,,f7d7954d-0799-4aa9-b40b-4bd54e403540,,,,,,,,,,,,,,,,,,,,
4674,4672,2218cca4-6e66-4cf1-b45d-b5f8103d425a,ENDPOINT_STUDY_RECORD.ToxicityToBees,01200537-11cd-4953-965c-2789c191cd79,bee larval toxicity - chronic,,,ea117d56-cdb1-4643-80e0-c6a853c5c1fb,,not specified,not specified,,,,933a7354-32d1-4108-88eb-11b0e13639ea,,,,,,,,,,,,d,4.0,,,,,,,,,,,,Apis mellifera,,oral,,,,mortality,,,,,,,,,2.8,µg per larva,,,,other:,,22-d LD10,,larva,,,,,,,,a503ca49-cb66-4af9-ab11-f6385a360240,,,,,,,,,,,,,,,,,,,,
4675,4673,2218cca4-6e66-4cf1-b45d-b5f8103d425a,ENDPOINT_STUDY_RECORD.ToxicityToBees,01200537-11cd-4953-965c-2789c191cd79,bee larval toxicity - chronic,,,ea117d56-cdb1-4643-80e0-c6a853c5c1fb,,not specified,not specified,,,,933a7354-32d1-4108-88eb-11b0e13639ea,,,,,,,,,,,,d,4.0,,,,,,,,,,,,Apis mellifera,,oral,,,,not specified,,,,,,,,,75.0,µg per larva,,,,other:,,22-d NOED,,larva,,,,,,,,bdc9a919-fae8-4559-8a98-99a1f76f471c,,,,,,,,,,,,,,,,,,,,
4676,4674,4a72ba43-10d2-47dc-a2b4-26ddc9d83412,ENDPOINT_STUDY_RECORD.ToxicityToBees,62d34108-e968-4ce2-a9c1-280718f51d6b,toxicity to bees: acute oral,,,4b445d3b-de17-445c-9b93-c1c3ee6b364c,Species: Apis mellifera; Route: oral: unspecified; Exp. duration: 48.0 h,not specified,not specified,,,,da22f481-bd8f-4524-8b3e-89220a1e314c,,,,,,,,,,,,h,48.0,,,,,,Technical,,,,,,Apis mellifera,,other:,oral: unspecified,,,mortality,,,,,,,,,0.00379,other:,µg/piece,,,LD50,,,,,,,,,,,,461dec9b-a0ab-4570-8977-858d367936ae,,,,,,,,,,,,,,,,,,,,
4677,4675,ff9ea6fe-bd2d-49fd-bd2e-919892bb33b6,ENDPOINT_STUDY_RECORD.ToxicityToBees,5d1907a1-6bea-40e1-8512-bd798a9b4fca,toxicity to bees: acute oral,,,5fb8900f-c8c4-4d62-8389-8cb19bbb4ae7,Species: Apis mellifera; Route: oral: unspecified; Exp. duration: 48.0 h,not specified,not specified,,,,b21aeed4-f928-4cc4-88b7-839e8abebe23,,,,,,,,,,,,h,48.0,,,,,,,,,,,,Apis mellifera,,other:,oral: unspecified,,,mortality,,,,,,,,,0.0037,other:,µg/piece,,,LD50,,,,,,,other:,,Remarks: Acute oral toxicity,,,3d274041-f9ad-4ab3-824e-9653cfa7ae24,,,,,,,,,,,,,,,,,,,,
4678,4676,cee9833c-9b48-4ff9-bb91-671874fbda21,ENDPOINT_STUDY_RECORD.ToxicityToBees,d9ebe307-e49b-4b64-b1a3-796fa5d6d85b,toxicity to bees: acute oral,,,3a0884d3-f0c5-4712-ac88-da8a4bdce891,Species: Apis mellifera; Route: oral: unspecified,not specified,not specified,,,,bdd89152-5d75-4ae4-98c8-82257eeb7f98,,,,,,,,,,,,,,,,,,,A10466C,,,,,,Apis mellifera,,other:,oral: unspecified,,,mortality,,,,,,,,>,200.0,other:,µg/piece,,,LD50,,,,,,,other:,,Remarks: Acute oral and contact toxicity; Limit test: only a dose was tested.,,,e49e5995-501b-42b3-bcfc-5b779a504a76,,,,,,,,,,,,,,,,,,,,
4679,4677,21e8f48a-e6ad-4975-b84a-1dc14e970d3a,ENDPOINT_STUDY_RECORD.ToxicityToBees,8811f912-f7b0-43e4-bdd6-001997ca6bef,toxicity to bees: acute oral,,,d269188c-ced6-4bb0-9884-ad9a37cb8ff7,Limit test: yes; Species: Apis mellifera; Route: oral: unspecified; Exp. duration: 48.0 h,yes,no,"OECD Guideline 213 (Honeybees, Acute Oral Toxicity Test)",,according to guideline,1c2b37ca-6f82-45fc-876f-dffc502144a8,,,,,yes,,,,,,,h,48.0,,,,,,,,,,,,Apis mellifera,,other:,oral: unspecified,,,mortality,,,,,,,,>,83.05,other:,µg/piece,,,LD50,,,,,,,other:,,Remarks: Acute oral toxicity,,,a7f4212f-6722-4b06-88a9-289ba08ad9b5,,,,,,,,,,,,,,,,,,,,
4680,4678,bc8f9188-dad2-4505-a8ea-13809806ca9b,ENDPOINT_STUDY_RECORD.ToxicityToBees,0fd0bb8e-8305-40d3-83f8-3076782a7a8e,toxicity to bees: acute oral,,,90f8ec45-f033-48a7-adac-d43eb3510d0f,Species: Apis mellifera; Route: oral: unspecified; Exp. duration: 48.0 h,not specified,not specified,,,,604ccba6-88c4-4e70-8831-21996fe15bd7,,,,,,,,,,,,h,48.0,,,,,,,,,,,,Apis mellifera,,other:,oral: unspecified,,,mortality,,,,,,,,>,100.0,other:,µg/piece,,,LD50,,,,,,,other:,,Remarks: Acute oral toxicity,,,08022673-6e47-4668-a021-b08ccf671f32,,,,,,,,,,,,,,,,,,,,
4681,4679,b5d2c3d9-fabe-40f4-8291-297655460c71,ENDPOINT_STUDY_RECORD.ToxicityToBees,c76d3f6b-60d6-4da9-8513-1a858c3f897f,bee larval toxicity - acute,,,7c73a586-fb9e-4d1a-8fcc-369f433c461b,Species: Apis mellifera; Route: oral; Exp. duration: 1.0 d,,,,,,,,,,,,,,,,,,d,1.0,,,,,,,,,,,,Apis mellifera,,oral,,,,not specified,,,act. ingr.,,,,,,100.0,µg per larva per developmental period,,,,NOED,,,,,,,other:,,"Remarks: Endpoint from larval toxicity test conducted with single dose, which should not be used for the risk assessment. In accordance with the the Guidance on the risk assessment of plant protection products on bees (Apis mellifera, Bombus spp and solitary bees) (EFSA Journal 2013;11(7):3295) a larval toxicity test with repeated exposure should be used. Even though the endpoint is not fully in compliance with the above mentioned Guidance Document, the RMS considered it a suitable surrogate to conduct the risk assessment.",,,754fbd8e-3951-49df-a9ce-4c70114cdb19,,,,,,,,,,,,,,,,,,,,
4682,4680,62e01083-ce2f-4136-acae-00cd523a7e44,ENDPOINT_STUDY_RECORD.ToxicityToBees,74793209-5072-4fb4-80fe-fe3911753d75,toxicity to bees: acute contact,,,29b15275-4ac6-4f91-aacc-70c97f38f012,,not specified,not specified,,,,720019b4-b321-4726-a6f7-d5e251ef1882,,,,,,,,,,,,,,,,,,,BAS 555 01 F,,,,,,Apis mellifera,,other:,dermal,,,mortality,,,act. ingr.,,,,,,19.6,µg/bee,,,,LD50,,,,,,,,,,,,3d948ce1-9de7-489b-a98c-3d048a281043,,,,,,,,,,,,,,,,,,,,
4683,4681,966d702d-4717-4b96-93d6-7406d6746a1b,ENDPOINT_STUDY_RECORD.ToxicityToBees,dcf6cefc-0999-47ea-a3a2-326d4c8370a7,toxicity to bees: acute oral,,,6557269e-ff18-4ffc-9378-f18db9662ace,Species: Apis mellifera; Route: oral: unspecified,not specified,not specified,,,,a2d68e43-0b29-4510-90e3-5ca7d8d378f4,,,,,,,,,,,,,,,,,,,"Formulation: Moddus 250 EC (""A-7725 M"")",,,,,,Apis mellifera,,other:,oral: unspecified,,,mortality,,,,,,,,>,108.0,other:,µg/piece,,,LD50,,,,,,,other:,,Remarks: Acute oral toxicity,,,188a36bd-b200-4ccd-8b3a-4f5af6786b09,,,,,,,,,,,,,,,,,,,,
4684,4682,2f507a14-4e01-49ab-850d-7db4ee43f468,ENDPOINT_STUDY_RECORD.ToxicityToBees,9b24ec79-ae30-4c9f-87b6-b2c935db8d3a,toxicity to bees: acute oral,,,b96e0093-d005-48f6-b166-d048a6b2e50b,Species: Apis mellifera; Route: oral: unspecified; Exp. duration: 48.0 h,not specified,not specified,,,,e1bece7c-19eb-422b-9f9a-81faa4cb1366,,,,,,,,,,,,h,48.0,,,,,,,,,,,,Apis mellifera,,other:,oral: unspecified,,,mortality,,,,,,,,>,58.73,other:,µg/piece,,,LD50,,,,,,,other:,,Remarks: Acute oral toxicity,,,e38ffa75-0dc8-4ade-a5c8-e5835cc91a43,,,,,,,,,,,,,,,,,,,,
4685,4683,746b1d8e-ed2e-48f0-8e5a-9ca9d869384a,ENDPOINT_STUDY_RECORD.ToxicityToBees,ec4fd598-ee5c-430e-b1a0-12eba212590e,toxicity to bees: acute oral,,,c0d56cd0-1d67-4061-a8e9-1154c68e94b1,Species: Apis mellifera; Route: oral: unspecified,not specified,not specified,,,,1166fa58-9f79-4b03-b6b6-d39fc3cc12be,,,,,,,,,,,,,,,,,,,,,,,,,Apis mellifera,,other:,oral: unspecified,,,mortality,,,,,,,,>,100.0,other:,µg/piece,,,LD50,,,,,,,other:,,Remarks: Oral toxicity,,,459b87db-34f8-44eb-ae1d-bb53bb1afbc8,,,,,,,,,,,,,,,,,,,,
4686,4684,d7df37cb-e419-4fbc-a056-f6b521d06963,ENDPOINT_STUDY_RECORD.ToxicityToBees,938af284-946b-44ea-82f3-3512ccf1527e,toxicity to bees: chronic oral,,,d331a949-2db5-4bb8-bf4f-be343da48d6e,Species: Apis mellifera; Route: oral; Exp. duration: 10.0 d,,,,,,,,,,,,,,,,,,d,10.0,,,,,,,,,,,,Apis mellifera,,oral,,,,mortality,,,test mat.,,BAS 455 48 H,,,>,96.5,µg/bee per day,,,,10-d LDD50,,,,,,,,,,,,158ee906-4294-4764-80d5-6d80b8b81b79,,,,,,,,,,,,,,,,,,,,
4687,4685,254d5a38-9662-49dd-bc39-a177d33dfd4c,ENDPOINT_STUDY_RECORD.ToxicityToBees,25cab7b6-759b-4df2-8750-2536c3fb6a65,toxicity to bees: acute oral,,,78d7f5cb-5e45-4c3e-aa7d-acad607bac48,Species: Apis mellifera; Route: oral: unspecified; Exp. duration: 48.0 h,not specified,not specified,,,,223d84ff-cc2c-4630-a9d5-39695c922168,,,,,,,,,,,,h,48.0,,,,,,,,,,,,Apis mellifera,,other:,oral: unspecified,,,mortality,,,,,,,,,0.08,other:,µg/piece,,,LD50,,,,,,,,,,,,0d21a0c8-ef29-414f-8f9e-4385c013209e,,,,,,,,,,,,,,,,,,,,
4688,4686,4fa76155-6895-48b0-ba84-d2e731b2d249,ENDPOINT_STUDY_RECORD.ToxicityToBees,6015c51c-3003-4d6b-9577-57d8392b5808,toxicity to bees: chronic oral,,,efaae6ef-a733-4580-ae58-84a99796f573,Species: Apis mellifera; Route: oral; Exp. duration: 10.0 d,,,,,,,,,,,,,,,,,,d,10.0,,,,,,,,,,,,Apis mellifera,,oral,,,,mortality,,,act. ingr.,,,,,,0.11,µg/bee per day,,,,10-d LDD50,,,,,,,,,,,,a4ac077a-1a9a-4610-9733-f4245df44b7f,,,,,,,,,,,,,,,,,,,,
4689,4687,3910e00b-c97a-4f1c-a3d4-be5ec4a3b33a,ENDPOINT_STUDY_RECORD.ToxicityToBees,87524289-0b2a-4e29-af9b-3baefbae4c92,bee larval toxicity - chronic,,,5721503e-a06f-4ceb-b4f8-af6b992c7645,Species: Apis mellifera; Route: oral,,,,,,,,,,,,,,,,,,,,,,,,,,,,,,,Apis mellifera,,oral,,,,not specified,,,test mat.,,Triflusulfuron-methyl formulation (50WG),,,,10.9,µg per larva,,,,other:,NOEC,,,,,,,,,,,6a6b8d81-0e2b-4dc2-b200-be1a73cfbc5d,,,,,,,,,,,,,,,,,,,,
4690,4688,494f2b47-c27e-4017-9fd8-5285da20ad20,ENDPOINT_STUDY_RECORD.ToxicityToBees,df3cee97-bc01-4f67-9505-c907af05a2e1,toxicity to bees: acute oral,,,7f2d3d9d-b143-423b-bd98-7c9d326af77e,Species: Apis mellifera; Route: oral: unspecified,not specified,not specified,,,,802bf8b6-6c88-465f-9072-7364b7fb03a9,,,,,,,,,,,,,,,,,,,Preparation: Eradicoat,,,,,,Apis mellifera,,other:,oral: unspecified,,,mortality,,,,,,,,>,127.7,other:,µg/piece,,,LD50,,,,,,,other:,,Remarks: Acute oral toxicity,,,312fa87e-cb64-4b06-be53-2ff0a9cc26ec,,,,,,,,,,,,,,,,,,,,
4691,4689,d4aa9459-f5fb-4280-b745-856681deeaae,ENDPOINT_STUDY_RECORD.ToxicityToBees,4aec80b2-a697-402f-96bb-868643fab633,toxicity to bees: acute oral,,,92c075be-b779-4484-9314-598828687150,Limit test: yes; Species: Apis mellifera; Route: oral: unspecified; Exp. duration: 48.0 h,yes,no,"OECD Guideline 213 (Honeybees, Acute Oral Toxicity Test)",,according to guideline,503f2138-aae8-4cb1-9578-359ecefcbd39,,,,,yes,,,,,,,h,48.0,,,,,,,,,,,,Apis mellifera,,other:,oral: unspecified,,,mortality,,,,,,,,>,34.02,other:,µg/piece,,,LD50,,,,,,,other:,,Remarks: Acute oral toxicity,,,1bcc35f3-cae1-4285-aa1f-bd9be602b69a,,,,,,,,,,,,,,,,,,,,
4692,4690,017d5b45-cb25-4d26-8c06-38e01a75c8bc,ENDPOINT_STUDY_RECORD.ToxicityToBees,c90ba9b5-38f7-4834-bd31-00c888d12a7a,toxicity to bees: acute contact,,,9f6173de-861d-45d3-a736-94cd746f905a,Species: Apis mellifera; Route: dermal,not specified,not specified,,,,64c3ed00-b5e0-4013-b455-497526111b36,,,,,,,,,,,,,,,,,,,,,,,,,Apis mellifera,,other:,dermal,,,mortality,,,,,,,,,1.02,other:,µg/piece,,,LD50,,,,,,,,,,,,30477bb4-7e7d-4a9f-8a6d-92b10b902dac,,,,,,,,,,,,,,,,,,,,
4693,4691,6559c897-ac33-470e-bd45-088eefa78dfb,ENDPOINT_STUDY_RECORD.ToxicityToBees,71d5518c-a9b0-4a80-9d2f-07c90e859671,toxicity to bees: acute contact,,,fd5fca87-f785-49ea-9c9d-da1db973dcf7,Limit test: yes; Species: Apis mellifera; Route: dermal; Exp. duration: 48.0 h,yes,no,"OECD Guideline 214 (Honeybees, Acute Contact Toxicity Test)",,according to guideline,ab2f911b-6de0-4c82-8fdf-c16ecaccfcd5,,,,,yes,,,,,,,h,48.0,,,,,,,,,,,,Apis mellifera,,other:,dermal,,,mortality,,,,,,,,>,100.0,other:,µg/piece,,,LD50,,,,,,,other:,,Remarks: contact toxicity,,,e0f54492-b02d-46af-b848-cd469e3d1dc3,,,,,,,,,,,,,,,,,,,,
4694,4692,268ff720-b1f6-4b19-a565-f824cf4cd2b0,ENDPOINT_STUDY_RECORD.ToxicityToBees,d802ace0-2535-417f-9ed0-9549133835c8,toxicity to bees: acute contact,,,b3b82466-3563-4dbb-80c0-6cd1da1c8412,Species: Apis mellifera; Route: dermal; Exp. duration: 48.0 h,not specified,not specified,,,,128f063b-249b-4508-871e-d25bd1db4b24,,,,,,,,,,,,h,48.0,,,,,,,,,,,,Apis mellifera,,other:,dermal,,,mortality,,,,,,,,>,6.7,other:,µg/piece,,,LD50,,,,,,,other:,,Remarks: Acute contact toxicity,,,c2a50f74-be26-49fd-8516-94b424046849,,,,,,,,,,,,,,,,,,,,
4695,4693,552775af-12d7-4f58-9993-20fc2ad58a4a,ENDPOINT_STUDY_RECORD.ToxicityToBees,74334cf4-659a-4dba-ba70-3baa87306383,toxicity to bees: acute oral,,,8067d5c9-daed-4299-8f77-48b984aff1e7,Species: Apis mellifera; Route: oral: unspecified; Exp. duration: 48.0 h,not specified,not specified,,,,12ca0bf8-2f98-4fcb-bac9-eaf6dc8abb6b,,,,,,,,,,,,h,48.0,,,,,,,,,,,,Apis mellifera,,other:,oral: unspecified,,,mortality,,,,,,,,>,200.0,other:,µg/piece,,,LD50,,,,,,,other:,,Remarks: Toxic standard was tested in a separate study.,,,54df7da1-c5ea-42df-8b75-2cd2d0aaf86e,,,,,,,,,,,,,,,,,,,,
4696,4694,1213093e-c725-41e2-8abe-20722e526ef6,ENDPOINT_STUDY_RECORD.ToxicityToBees,f5d92059-bec2-48a7-9cc4-90e03d8b16a7,toxicity to bees: chronic oral,,,36654755-c09a-4a9f-9d7b-6e67029a6231,Species: Apis mellifera; Route: oral; Exp. duration: 10.0 d,,,,,,,,,,,,,,,,,,d,10.0,,,,,,,,,,,,Apis mellifera,,oral,,,,mortality,,,test mat.,,Fosetyl-Al 80% WP,,,>,750.0,mg/kg diet,,,,other:,10-d LC50,,,,,,,,,,,015814d5-7c2e-4132-baa5-e2e21d41f879,,,,,,,,,,,,,,,,,,,,
4697,4695,b170d1e7-9ac1-4d8d-8601-dda5458854c1,ENDPOINT_STUDY_RECORD.ToxicityToBees,96b749dc-d76e-4199-982b-3c9606297f03,toxicity to bees: acute contact,,,caaad8ce-8e0c-47c6-919d-1a2c2455a7ef,Species: Apis mellifera; Route: dermal,not specified,not specified,,,,5ae54145-2e24-428a-bb6f-53f503be6d31,,,,,,,,,,,,,,,,,,,Isoproturon 500 SC,,,,,,Apis mellifera,,other:,dermal,,,mortality,,,,,,,,>,100.0,other:,µg/piece,,,LD50,,,,,,,other:,,Remarks: Acute contact toxicity,,,df814418-6691-44f2-8d2f-29b107bf30bd,,,,,,,,,,,,,,,,,,,,
4698,4696,f3988d39-309d-452c-804f-6a62b8647eb9,ENDPOINT_STUDY_RECORD.ToxicityToBees,3cfae1ca-e7dc-472a-bddc-cbc63c0be1eb,toxicity to bees: acute contact,,,3cc97cb4-ccf4-473d-bf1d-6fe248c8f5b0,Species: Apis mellifera; Route: dermal; Exp. duration: 72.0 h,not specified,not specified,,,,79584d97-8706-4212-8a81-0e61a91be3f8,,,,,,,,,,,,h,72.0,,,,,,Formulation: Metasystox R 250 EC,,,,,,Apis mellifera,,other:,dermal,,,mortality,,,,,,,,,0.175,other:,µg/piece,,,LD50,,,,,,,other:,,Remarks: Acute contact toxicity,,,a242b962-bb2c-4b84-a5fb-e777a8580a7e,,,,,,,,,,,,,,,,,,,,
4699,4697,2d39c8e6-8c0c-4953-ac2b-350c1dfdb605,ENDPOINT_STUDY_RECORD.ToxicityToBees,b746713f-f6d3-49dd-93c6-d597e65c303d,toxicity to bees: acute oral,,,22d34e7e-ea17-4e6d-823a-27030595c22a,Species: Apis mellifera; Route: oral: unspecified,not specified,not specified,,,,61614fb5-b3f6-4467-b065-5b011ea90635,,,,,,,,,,,,,,,,,,,,,,,,,Apis mellifera,,other:,oral: unspecified,,,mortality,,,,,,,,>,100.0,other:,µg/piece,,,LD50,,,,,,,other:,,Remarks: Acute oral and contact toxicity,,,66833cff-7113-4a26-a912-beb088f288cb,,,,,,,,,,,,,,,,,,,,
4700,4698,9a408eaf-e77a-4a9d-a34b-2181962af04f,ENDPOINT_STUDY_RECORD.ToxicityToBees,866a8d5d-091f-4623-b653-77033a28f3c4,toxicity to bees: chronic oral,,,1f6459a6-7bbc-4680-957c-e6decf9f5bba,,not specified,not specified,,,,504faeb4-2240-4784-ba4c-e46598ac5e55,,,,,,,,,,,,d,10.0,,,,,,,,,,,,Apis mellifera,,oral,,,,mortality,,,,,,,,,63.5,mg/kg diet,,,,other:,,10-d LC50,,,,,,,,,,5d557898-70a8-4cc1-be75-ec3285fe6041,,,,,,,,,,,,,,,,,,,,
4701,4699,9a408eaf-e77a-4a9d-a34b-2181962af04f,ENDPOINT_STUDY_RECORD.ToxicityToBees,866a8d5d-091f-4623-b653-77033a28f3c4,toxicity to bees: chronic oral,,,1f6459a6-7bbc-4680-957c-e6decf9f5bba,,not specified,not specified,,,,504faeb4-2240-4784-ba4c-e46598ac5e55,,,,,,,,,,,,d,10.0,,,,,,,,,,,,Apis mellifera,,oral,,,,mortality,,,,,,,,,2.51,µg/bee per day,,,,other:,,10-d LD50,,,,,,,,,,b142879a-8b65-4830-a6eb-0dde8ad213b3,,,,,,,,,,,,,,,,,,,,
4702,4700,9a408eaf-e77a-4a9d-a34b-2181962af04f,ENDPOINT_STUDY_RECORD.ToxicityToBees,866a8d5d-091f-4623-b653-77033a28f3c4,toxicity to bees: chronic oral,,,1f6459a6-7bbc-4680-957c-e6decf9f5bba,,not specified,not specified,,,,504faeb4-2240-4784-ba4c-e46598ac5e55,,,,,,,,,,,,d,10.0,,,,,,,,,,,,Apis mellifera,,oral,,,,not specified,,,,,,,,,44.0,mg/kg diet,,,,other:,,10-d NOEC,,,,,,,,,,ba71c765-0ff6-44fe-891c-a6cfd283656a,,,,,,,,,,,,,,,,,,,,
4703,4701,9a408eaf-e77a-4a9d-a34b-2181962af04f,ENDPOINT_STUDY_RECORD.ToxicityToBees,866a8d5d-091f-4623-b653-77033a28f3c4,toxicity to bees: chronic oral,,,1f6459a6-7bbc-4680-957c-e6decf9f5bba,,not specified,not specified,,,,504faeb4-2240-4784-ba4c-e46598ac5e55,,,,,,,,,,,,d,10.0,,,,,,,,,,,,Apis mellifera,,oral,,,,not specified,,,,,,,,,1.28,µg/bee per day,,,,other:,,10-d NOEL,,,,,,,,,,fd3e9059-8f03-46d1-a0b4-9ad8513fabb1,,,,,,,,,,,,,,,,,,,,
4704,4702,e9aa81c6-8f49-409d-b8d6-93e5b6af59f7,ENDPOINT_STUDY_RECORD.ToxicityToBees,7b02b363-7563-4170-b8ad-6e36c66c6d79,toxicity to bees: acute oral,,,bb5c9b8a-84f8-4f82-bc9d-02f49a92cbbf,Species: Apis mellifera; Route: oral: unspecified,not specified,not specified,,,,e798c835-21c2-46aa-a84e-ea43cbb431fd,,,,,,,,,,,,,,,,,,,,,,,,,Apis mellifera,,other:,oral: unspecified,,,mortality,,,,,,,,>,100.0,other:,µg/piece,,,LD50,,,,,,,other:,,Remarks: Acute oral and contact toxicity,,,389af6a0-a5fd-47ea-b332-98919024685b,,,,,,,,,,,,,,,,,,,,
4705,4703,d06aaa41-00d5-45bc-a50d-32376327a735,ENDPOINT_STUDY_RECORD.ToxicityToBees,f90b53a5-973b-4540-9eae-1856df585f03,toxicity to bees: acute contact,,,1b66eea4-2b36-4e17-939f-86f2887cfa1d,Species: Apis mellifera; Route: dermal,not specified,not specified,,,,aee2ea90-2ec7-4ba9-8975-b932668764bd,,,,,,,,,,,,,,,,,,,,,,,,,Apis mellifera,,other:,dermal,,,mortality,,,,,,,,>,100.0,other:,µg/piece,,,LD50,,,,,,,,,,,,99f7511b-fb6b-4c4d-9eb7-345cfb112f0c,,,,,,,,,,,,,,,,,,,,
4706,4704,58f390e9-f0f4-472b-aeb7-3f8c46c7f962,ENDPOINT_STUDY_RECORD.ToxicityToBees,598485a5-4243-4a5b-9624-4bf6b680f892,toxicity to bees: acute oral,,,149f15df-257b-494d-887c-5f332a9453da,Species: Apis mellifera; Route: oral: unspecified,not specified,not specified,,,,42de2e29-42d0-48f8-ab49-be5acf77bc67,,,,,,,,,,,,,,,,,,,,,,,,,Apis mellifera,,other:,oral: unspecified,,,mortality,,,,,,,,>,108.0,other:,µg/piece,,,LD50,,,,,,,other:,,Remarks: Acute oral toxicity,,,81e66450-115d-4564-a014-a4ab1b8b8ab5,,,,,,,,,,,,,,,,,,,,
4707,4705,9331911e-e5e6-47fa-91d7-a8fd70511eeb,ENDPOINT_STUDY_RECORD.ToxicityToBees,effff3e8-beb0-463f-859c-26e6956f8f90,bee larval toxicity - chronic,,,e605927c-9032-4b62-999e-3aa19e768014,Species: Apis mellifera; Route: oral; Exp. duration: 5.0 d,,,,,,,,,,,,,,,,,,d,5.0,,,,,,,,,,,,Apis mellifera,,oral,,,,mortality,,,test mat.,,Rapeseed oil formulation (NEU 1161 I),,,>,1040.0,µg per larva,,,,LD50,,,,,,,,,,,,23c53b5c-0ace-4703-8bf3-1ef8a71f9f72,,,,,,,,,,,,,,,,,,,,
4708,4706,069a2b7c-499d-4352-9d55-c07e2d8b0b6e,ENDPOINT_STUDY_RECORD.ToxicityToBees,03a07f30-a994-42c0-afa0-08b999e5b01d,toxicity to bees: acute contact,,,344b535a-bbb9-4b1f-8a70-3c85a90350b6,Species: Apis mellifera; Route: dermal,not specified,not specified,,,,6d5c9436-5e49-4978-9a25-b7b5fcdee03c,,,,,,,,,,,,,,,,,,,A-10324,,,,,,Apis mellifera,,other:,dermal,,,mortality,,,,,,,,,0.0027,other:,µg/piece,,,LD50,,,,,,,,,,,,fb1b3e81-2c8f-4891-9889-adbd4cfd157a,,,,,,,,,,,,,,,,,,,,
4709,4707,7057778f-7102-40c8-bb1e-2eaa0d6a1ccb,ENDPOINT_STUDY_RECORD.ToxicityToBees,c9b73210-215f-4d69-937a-be618f4f2f58,"toxicity to bees, other",,,a4792dda-382c-4983-8a70-b7e29070c711,Species: Apis mellifera; Route: inhalation; Exp. duration: 48.0 h,not specified,not specified,,,,198af451-47c9-4df1-b987-bb107e12029a,,,,,,,,,,,,h,48.0,,,,,,,,,,,,Apis mellifera,,other:,inhalation,,,mortality,,,,,,,,>,82.2,other:,mg/m³,,,LD50,,,,,,,other:,,Remarks: Acute inhalation (1 hour exposure),,,6d3b198e-bd51-43c5-acd8-3de2a430a8f6,,,,,,,,,,,,,,,,,,,,
4710,4708,871585fc-d15f-416f-91dd-8b7752b0f31e,ENDPOINT_STUDY_RECORD.ToxicityToBees,1bad7e6b-867e-46ca-824c-f6839141b71d,toxicity to bees: acute contact,,,ac84074d-5eda-4176-9a36-40e5d3339825,Species: Apis mellifera; Route: dermal,not specified,not specified,,,,9c038701-88a4-4b72-8163-17199d1dfd76,,,,,,,,,,,,,,,,,,,,,,,,,Apis mellifera,,other:,dermal,,,mortality,,,,,,,,,0.16,other:,µg/piece,,,LD50,,,,,,,other:,,Remarks: Acute Contact Toxicity Test,,,56f1184f-4863-46d3-9b0b-9111bb2f0c22,,,,,,,,,,,,,,,,,,,,
4711,4709,b5ea9abc-4128-4987-b537-6ca72d50505e,ENDPOINT_STUDY_RECORD.ToxicityToBees,2cadfdf7-d5b1-46b4-9537-15e80e6976a8,toxicity to bees: acute oral,,,b9cbf3bb-b373-4171-b564-14e8176f8909,Species: Apis mellifera; Route: oral: unspecified,not specified,not specified,,,,5d640bf0-a35c-403c-94ba-8d250f48634b,,,,,,,,,,,,,,,,,,,,,,,,,Apis mellifera,,other:,oral: unspecified,,,mortality,,,,,,,,>,1176.0,other:,µg/piece,,,LD50,,,,,,,,,,,,260f78ae-6300-4a2a-bc54-18442705f301,,,,,,,,,,,,,,,,,,,,
4712,4710,18aede8e-3fed-4c65-a710-7bc6811cbb3f,ENDPOINT_STUDY_RECORD.ToxicityToBees,7716ef96-3b82-4943-a98c-b55249abc195,toxicity to bees: acute contact,,,e76901cb-c767-4155-9e19-271cd8be8f9c,Species: Apis mellifera; Route: dermal,not specified,not specified,,,,a3c2c929-0da6-47b0-9798-6c61a8a17d7f,,,,,,,,,,,,,,,,,,,,,,,,,Apis mellifera,,other:,dermal,,,mortality,,,,,,,,>,100.0,other:,µg/piece,,,LD50,,,,,,,,,,,,e4d60091-398d-44c0-861d-59376d4c9b61,,,,,,,,,,,,,,,,,,,,
4713,4711,20ac0aa6-d4db-43fd-ab3d-2f7b4b1b35f5,ENDPOINT_STUDY_RECORD.ToxicityToBees,696a7857-f9d4-4efc-8ecc-b860b72ff435,bee larval toxicity - acute,,,585c5854-bb60-4e86-9276-fd99cd604407,,not specified,not specified,,,,4288d54b-bba4-480b-b585-60dd30e931d0,,,,,,,,,,,,,,,,,,,"Studies was conducted with the solo-formulation BAS 222 28 F (containing 70% metiram, nominally).",,,,,,Apis mellifera,,oral,,,,mortality,,,act. ingr.,,,h,72.0,,75.3,µg per larva,,,,LD50,,,,larva,,,,,,,,6f50d201-4725-401d-a378-ecc1d0f5ee0a,,,,,,,,,,,,,,,,,,,,
4714,4712,f8e14cdc-529d-44c4-b7ac-80db330389a2,ENDPOINT_STUDY_RECORD.ToxicityToBees,29bebfd8-2a36-4f78-aaf2-10d7645fe850,toxicity to bees: acute oral,,,f1d79619-0a90-4238-8ca6-9999619e503a,Species: Apis mellifera; Route: oral: unspecified,not specified,not specified,,,,cf062dc2-142d-42ec-8324-64e303f93b03,,,,,,,,,,,,,,,,,,,,,,,,,Apis mellifera,,other:,oral: unspecified,,,mortality,,,,,,,,,1474.12,other:,µg/piece,,,LD50,,,,,,,other:,,Remarks: Acute contact toxicity; remarks for EFSA: there is a mistake in the opinion: the endpoints of oral and contact toxicity are exchanged.,,,1fe9c8de-b97b-4aec-8223-9ee3e663812a,,,,,,,,,,,,,,,,,,,,
4715,4713,8252c362-7f50-47a1-aeca-4584143607b0,ENDPOINT_STUDY_RECORD.ToxicityToBees,11a0994a-1371-4254-9312-cdfa17114394,toxicity to bees: acute oral,,,a0d59f6f-ccff-4716-8de0-538c1799996f,Limit test: no; Species: Apis mellifera; Route: oral: unspecified; Exp. duration: 48.0 h,yes,no,other:,OTHER GUIDELINE,according to guideline,420378ba-2b3d-4576-93fe-dfd287f050a2,,,,,no,,,,,,,h,48.0,,,,,,,,,,,,Apis mellifera,,other:,oral: unspecified,,,mortality,,,,,,,,>,100.0,other:,µg/piece,,,LD50,,,,,,,other:,,"Remarks: Acute contact and oral toxicity test. Guideline: EPA-540/9-85-002 (Standard evaluation procedure- honeybee acute contact LD50 test), 1985",,,3f53286b-a05d-46fa-889e-022134e954c8,,,,,,,,,,,,,,,,,,,,
4716,4714,8252c362-7f50-47a1-aeca-4584143607b0,ENDPOINT_STUDY_RECORD.ToxicityToBees,11a0994a-1371-4254-9312-cdfa17114394,toxicity to bees: acute oral,,,18adf153-9e6b-4ae8-9983-09612f613099,Limit test: no; Species: Apis mellifera; Route: oral: unspecified; Exp. duration: 48.0 h,yes,no,other:,OTHER GUIDELINE,according to guideline,420378ba-2b3d-4576-93fe-dfd287f050a2,,,,,no,,,,,,,h,48.0,,,,,,,,,,,,Apis mellifera,,other:,oral: unspecified,,,mortality,,,,,,,,>,100.0,other:,µg/piece,,,LD50,,,,,,,other:,,"Remarks: Acute contact and oral toxicity test. Guideline: EPA-540/9-85-002 (Standard evaluation procedure- honeybee acute contact LD50 test), 1985",,,3f53286b-a05d-46fa-889e-022134e954c8,,,,,,,,,,,,,,,,,,,,
4717,4715,c26b5b9f-146c-48b3-b132-cef1b240fc91,ENDPOINT_STUDY_RECORD.ToxicityToBees,a9b38a53-0e30-4f77-af40-6f9aeda2cabe,toxicity to bees: acute contact,,,20a23bb7-d6dc-4700-9c8b-d1b1f41b4983,Species: Apis mellifera; Route: dermal,not specified,not specified,,,,a636d0cc-ef36-4547-9d3b-e3ff0b05a580,,,,,,,,,,,,,,,,,,,"Garlon 4, containing only triclopyr-butotyl",,,,,,Apis mellifera,,other:,dermal,,,mortality,,,other:,,triclopyr,,,>,100.0,other:,µg/piece,,,other:,conc. level:,,,,,,,,,,,aeaafec2-6839-4f8e-b87b-a39ca15d613b,,,,,,,,,,,,,,,,,,,,
4718,4716,c26b5b9f-146c-48b3-b132-cef1b240fc91,ENDPOINT_STUDY_RECORD.ToxicityToBees,a9b38a53-0e30-4f77-af40-6f9aeda2cabe,toxicity to bees: acute contact,,,9f4445d9-404e-412a-a662-c984ef94fe77,Species: Apis mellifera; Route: dermal,not specified,not specified,,,,a636d0cc-ef36-4547-9d3b-e3ff0b05a580,,,,,,,,,,,,,,,,,,,"Garlon 4, containing only triclopyr-butotyl",,,,,,Apis mellifera,,other:,dermal,,,mortality,,,other:,,triclopyr,,,>,100.0,other:,µg/piece,,,other:,conc. level:,,,,,,,,,,,aeaafec2-6839-4f8e-b87b-a39ca15d613b,,,,,,,,,,,,,,,,,,,,
4719,4717,305ce97d-6c5c-4c7d-abed-425bb0e5881d,ENDPOINT_STUDY_RECORD.ToxicityToBees,89f7b980-3797-4cde-9ccb-2bb2e71f1315,toxicity to bees: acute contact,,,2e6430ba-64a7-43ee-a776-3d90a51a1550,Species: Apis mellifera; Route: dermal,not specified,not specified,,,,4c27006b-228f-4a8a-b16b-dc7c3b60eb7c,,,,,,,,,,,,,,,,,,,,,,,,,Apis mellifera,,other:,dermal,,,mortality,,,,,,,,>,50.0,other:,µg/piece,,,LD50,,,,,,,other:,,Remarks: Acute contact toxicity test,,,44036cc8-812d-4e74-a548-1476d29cf758,,,,,,,,,,,,,,,,,,,,
4720,4718,a75a4daa-4d95-4a38-9f5e-c419de749b75,ENDPOINT_STUDY_RECORD.ToxicityToBees,f9e9e1c8-d535-425a-88da-a7469737b600,bee larval toxicity - chronic,,,c8e3de78-431a-48c9-84c0-3db87f9b0e85,Species: Apis mellifera; Route: oral,,,,,,,,,,,,,,,,,,,,,,,,,,,,,,,Apis mellifera,,oral,,,,mortality,,,act. ingr.,,,,,,49.1,µg per larva,,,,LD50,,,,,,,,,,,,96f636aa-f12a-4753-bb5e-b75d46ee7b4e,,,,,,,,,,,,,,,,,,,,
4721,4719,15b566d4-8314-497e-b9b7-5e76c3c794aa,ENDPOINT_STUDY_RECORD.ToxicityToBees,a30b4eb7-d115-4e63-8313-11f79be848f7,bee larval toxicity - chronic,,,cd3e62d7-0067-438d-8ffb-9dff2838d2ce,Species: Apis mellifera; Route: oral; Exp. duration: 4.0 d,,,,,,,,,,,,,,,,,,d,4.0,,,,,,,,,,,,Apis mellifera,,oral,,,,not specified,,,test mat.,,Callisto 100 SC (A12739A),,,,57.8,µg per larva,,,,NOED,,,,,,,,,,,,9f0aab76-1925-45ac-a572-fcc040bebc98,,,,,,,,,,,,,,,,,,,,
4722,4720,14c19171-fc5d-4bbe-a846-108bcc6024be,ENDPOINT_STUDY_RECORD.ToxicityToBees,9360cc08-4989-46f8-9444-84d5a28eaec0,toxicity to bees: chronic oral,,,671fa278-7ead-4b87-893f-589ee5358bca,,not specified,not specified,,,,b3376b1b-6352-4322-b684-ee99cf16af2d,,,,,,,,,,,,,,,,,,,BAS 098 00 W,,,,,,Apis mellifera,,oral,,,,not specified,,,act. ingr.,,,,,,5.9,µg per larva per developmental period,,,,NOED,,,,larva,,,other:,,"Statistically derived NOED is considered as sufficiently reliable; however, there is a non-significant difference between the treatment and the control in total mortality (16.1%) at this test concentration. NOEDlarvae = 5.9 μg total a.s./larva/d.p. (14 μg f.p./larva/d.p.). Endpoint expressed in terms of total active mepiquat chloride and ethephon (i.e. based on the sum of mepiquat chloride and ethephon).",,,63b894f5-4ca3-4f22-9ff1-ebc176d711ae,,,,,,,,,,,,,,,,,,,,
4723,4721,45ad4e69-f257-4793-bc6d-5a205e4d448a,ENDPOINT_STUDY_RECORD.ToxicityToBees,6015c51c-3003-4d6b-9577-57d8392b5808,bee larval toxicity - chronic,,,efaae6ef-a733-4580-ae58-84a99796f573,Species: Apis mellifera; Route: oral; Exp. duration: 4.0 d,,,OECD Guidance Document No 239 (Guidance Document on Honey Bee Larval Toxicity Test following Repeated Exposure),,according to guideline,3428f7cb-820b-4b80-b210-f9b3fd2b8ca4,,,,,,,,,,,,d,4.0,,,,,,,,,,,,Apis mellifera,,oral,,,,not specified,,,test mat.,,Bulldock 25 EC,,,>=,0.008,µg per larva,,,,NOED,,,,,,,other:,,"Remarks: Bee larvae were fed contaminated food for 4 days (day 3 to 6), in line with the OECD Test Guideline 239 (honeybee larval toxicity, repeated exposure). The EFSA Guidance Document for bees (2013) however recommends a 5 days feeding/exposure period.",,,4e5bb25b-37d4-4462-8953-8a5df91ac095,,,,,,,,,,,,,,,,,,,,
4724,4722,f7560f01-85da-43a4-a67b-adc5e7bb65ea,ENDPOINT_STUDY_RECORD.ToxicityToBees,9cae35df-6df6-42da-b294-dfed40c4858b,bee larval toxicity - chronic,,,5ae37bf5-a18c-4d9c-8903-1ba4a211eebd,Species: Apis mellifera; Route: oral,,,,,,,,,,,,,,,,,,,,,,,,,,,,,,,Apis mellifera,,oral,,,,not specified,,,test mat.,,ETOXAZOLE 11 SC,,,,110.0,other:,mg/L,,,other:,NOEC,,,,,,other:,,Remarks: Endpoint included in the DAR (2005). NOEC for toxic effects on egg/larvae and pupae; effects on adults were recorded at this dose level.,,,27654603-a634-4eb9-88c4-e68c077813c0,,,,,,,,,,,,,,,,,,,,
4725,4723,8f1c4428-b1fb-452d-9ff9-bf1922748eee,ENDPOINT_STUDY_RECORD.ToxicityToBees,8cbab949-c9d5-4124-9f5f-31a2798c1d97,toxicity to bees: acute oral,,,8fdd7cfe-8ea8-47bc-9fec-5ac24e3028d5,Species: Apis mellifera; Route: oral: unspecified,not specified,not specified,,,,8d6e5640-c07f-447c-accc-92ab9d7fbaec,,,,,,,,,,,,,,,,,,,,,,,,,Apis mellifera,,other:,oral: unspecified,,,mortality,,,,,,,,,94.0,other:,µg/piece,,,LD50,,,,,,,other:,,Remarks: Acute oral toxicity,,,4d237477-0b1b-4b5b-8761-3fa48e9f15c4,,,,,,,,,,,,,,,,,,,,
4726,4724,a148894f-986f-45c7-8ff1-f50ca1b8d37d,ENDPOINT_STUDY_RECORD.ToxicityToBees,74793209-5072-4fb4-80fe-fe3911753d75,bee larval toxicity - chronic,,,29b15275-4ac6-4f91-aacc-70c97f38f012,,not specified,not specified,,,,10af5e3a-b145-4542-a18a-81210e712f4c,,,,,,,,,,,,d,4.0,,,,,,,,,,,,Apis mellifera,,oral,,,,not specified,,,,,,,,,12.5,µg per larva,,,,NOED,,,,larva,,,,,,,,3e94c1f7-7ccd-45c3-9471-1953d33c745d,,,,,,,,,,,,,,,,,,,,
4727,4725,687de711-609c-4bcd-b4c9-a34e4adf330d,ENDPOINT_STUDY_RECORD.ToxicityToBees,582536dd-ad5d-4ba2-8168-fe0687fc489a,toxicity to bees: acute oral,,,961a07be-fe81-470a-8d59-47997ffcf088,Species: Apis mellifera; Route: oral: unspecified; Exp. duration: 48.0 h,not specified,not specified,,,,1ef1e5e5-6bfe-4023-926a-d10c5a641a6c,,,,,,,,,,,,h,48.0,,,,,,,,,,,,Apis mellifera,,other:,oral: unspecified,,,mortality,,,,,,,,>,93.7,other:,µg/piece,,,LD50,,,,,,,other:,,Remarks: Acute oral toxicity,,,061cfd76-e3e2-456a-a845-268ec50e3592,,,,,,,,,,,,,,,,,,,,
4728,4726,bd721e98-a2d7-47ac-9d14-19aca24e37a3,ENDPOINT_STUDY_RECORD.ToxicityToBees,5d911ed2-7aad-4a3c-8780-e2ca116d03eb,toxicity to bees: acute oral,,,36b06661-1721-4d79-ae33-f25dcd8398de,Species: Apis mellifera; Route: oral: unspecified; Exp. duration: 48.0 h,not specified,not specified,,,,87882fbe-117e-485a-a445-9d6a8acb8007,,,,,,,,,,,,h,48.0,,,,,,,,,,,,Apis mellifera,,other:,oral: unspecified,,,mortality,,,,,,,,>,9.1,other:,µg/piece,,,LD50,,,,,,,other:,,Remarks: Acute oral toxicity,,,540bc784-f222-490e-a1fe-6387df7a3552,,,,,,,,,,,,,,,,,,,,
4729,4727,ce9b5dec-1203-4a2f-8a75-550b978416a1,ENDPOINT_STUDY_RECORD.ToxicityToBees,cc2d6dbe-2852-4c14-972e-233dd411728f,toxicity to bees: acute oral,,,e926fafd-6148-445e-b7e6-9fab2a5b2461,Species: Apis mellifera; Route: oral: unspecified; Exp. duration: 48.0 h,not specified,not specified,,,,68c10c8b-8c92-4df0-ae2b-87f1f1b209ff,,,,,,,,,,,,h,48.0,,,,,,,,,,,,Apis mellifera,,other:,oral: unspecified,,,mortality,,,,,,,,>,85.29,other:,µg/piece,,,LD50,,,,,,,other:,,Remarks: Acute oral toxicity,,,9b6852ed-921c-4b04-b5fa-3dd77c817f38,,,,,,,,,,,,,,,,,,,,
4730,4728,afb77a9e-cb7c-42ff-9fa2-1cdc243a3b1b,ENDPOINT_STUDY_RECORD.ToxicityToBees,55b6b273-5946-478b-af69-f5424f2913ea,toxicity to bees: acute oral,,,317a7bf0-b2ac-4c6b-8dc3-8b1806c0ad62,Species: Apis mellifera; Route: oral: unspecified,not specified,not specified,,,,941f15ba-6c3a-4b6d-ab51-2e054dffe51a,,,,,,,,,,,,,,,,,,,,,,,,,Apis mellifera,,other:,oral: unspecified,,,mortality,,,,,,,,,23.3,other:,µg/piece,,,LD50,,,,,,,,,,,,1900367f-9696-452b-b0f3-870ba681c460,,,,,,,,,,,,,,,,,,,,
4731,4729,4577cc5e-7cb2-4c09-b604-095d468ba40a,ENDPOINT_STUDY_RECORD.ToxicityToBees,a30b4eb7-d115-4e63-8313-11f79be848f7,bee larval toxicity - chronic,,,cd3e62d7-0067-438d-8ffb-9dff2838d2ce,Species: Apis mellifera; Route: oral; Exp. duration: 4.0 d,,,,,,,,,,,,,,,,,,d,4.0,,,,,,,,,,,,Apis mellifera,,oral,,,,mortality,,,test mat.,,Callisto 100 SC (A12739A),,,,18.836,µg per larva,,,,LD10,,,,,,,,,,,,64a33d85-457f-4243-ab80-ba1f67991a34,,,,,,,,,,,,,,,,,,,,
4732,4730,396fa8a8-5f5f-4dd8-8209-981607a83e69,ENDPOINT_STUDY_RECORD.ToxicityToBees,a30b4eb7-d115-4e63-8313-11f79be848f7,toxicity to bees: acute contact,,,cd3e62d7-0067-438d-8ffb-9dff2838d2ce,Species: Apis mellifera; Route: dermal,not specified,not specified,,,,90cb59de-4e37-4877-a522-3b481f499c6d,,,,,,,,,,,,,,,,,,,Callisto 100 SC (A12739A),,,,,,Apis mellifera,,other:,dermal,,,mortality,,,,,,,,,52.5,other:,µg/piece,,,LD50,,,,,,,,,,,,5ce23989-d101-4d9b-9a18-3d2cfe9743c1,,,,,,,,,,,,,,,,,,,,
4733,4731,4a05b2a7-cd2a-416c-9ac9-a69e78779819,ENDPOINT_STUDY_RECORD.ToxicityToBees,c2d65981-1609-4d35-bec2-ee43eebef3ff,toxicity to bees: acute oral,,,a724d5fc-8acb-48b3-adc0-4f8e273226e3,Species: Apis mellifera; Route: oral: unspecified; Exp. duration: 48.0 h,yes,no,other:,OTHER GUIDELINE,equivalent or similar to guideline,de06c00b-f089-4771-9943-2b4f0ced10dd,,,,,,,,,,,,h,48.0,,,,,,,,,,,,Apis mellifera,,other:,oral: unspecified,,,mortality,,,,,,,,>,72.05,other:,µg/piece,,,LD50,,,,,,,,,,,,fa9cc8fb-7261-49b6-84c9-22ff072d9b3b,,,,,,,,,,,,,,,,,,,,
4734,4732,5dd0a898-0ae5-4918-87b9-3fdf844674c2,ENDPOINT_STUDY_RECORD.ToxicityToBees,9c14662e-4f02-4be7-bd1d-ba15ee4cbf55,toxicity to bees: acute oral,,,4b926498-ade1-4e7b-a6bb-44294b41d42a,Limit test: no; Species: Apis mellifera; Route: oral: unspecified; Exp. duration: 48.0 h,yes,no,other:,OTHER GUIDELINE,according to guideline,9e68004c-53f6-407c-b37f-2ef886082df2,,,,,no,,,,,,,h,48.0,,,,,,,,,,,,Apis mellifera,,other:,oral: unspecified,,,mortality,,,,,,,,>,196.0,other:,µg/piece,,,LD50,,,,,,,other:,,Remarks: Acute oral toxicity. Guideline: EPPO Guideline No. 170 (1992),,,7fcf93a4-544c-4683-8fc2-311a89435ecc,,,,,,,,,,,,,,,,,,,,
4735,4733,4e25b8fa-d1a7-4d88-9bf4-f2bb169de534,ENDPOINT_STUDY_RECORD.ToxicityToBees,f242b639-a39c-461e-b20c-575fd6114d96,bee larval toxicity - chronic,,,d889de4c-712d-4f3d-a5aa-d9287b7c8f4c,Species: Apis mellifera; Route: oral,,,,,,,,,,,,,,,,,,,,,,,,,,,,,,,Apis mellifera,,oral,,,,not specified,,,test mat.,,Abamectin 1.8% EC,,,,1.57e-05,µg per larva,,,,other:,8-d NOED,,,,,,other:,,"Remarks: The toxicity value is reported as active substance (eqivalent to 0,000882 micrograms prod./larva).",,,f9af28e9-df4a-4133-983a-8f02d257d8ee,,,,,,,,,,,,,,,,,,,,
4736,4734,02691f09-4826-4f2c-b09c-73719455840a,ENDPOINT_STUDY_RECORD.ToxicityToBees,ed76b10b-d559-4c09-8321-ce6a07eb73c3,toxicity to bees: acute contact,,,229b14b5-e1d1-43a1-b864-5ac17db099b5,Species: Apis mellifera; Route: dermal; Exp. duration: 48.0 h,not specified,not specified,,,,fe9f8862-e0ac-457f-9cb0-930c09bbd9c3,,,,,,,,,,,,h,48.0,,,,,,,,,,,,Apis mellifera,,other:,dermal,,,mortality,,,,,,,,>,200.0,other:,µg/piece,,,LD50,,,,,,,,,,,,f9b736d0-72cb-4b64-957d-33633ce68bda,,,,,,,,,,,,,,,,,,,,
4737,4735,8c45653c-7bc0-4ec3-854b-6fb312ab5749,ENDPOINT_STUDY_RECORD.ToxicityToBees,3f0a27bd-484f-43df-8934-fb312d1f261e,bee larval toxicity - acute,,,8b11331d-2cac-471b-83a4-0fabb00b5f86,Species: Apis mellifera; Route: oral; Exp. duration: 1.0 d,,,,,,,,,,,,,,,,,,d,1.0,,,,,,,,,,,,Apis mellifera,,oral,,,,mortality,,,test mat.,,Afalon 450 SC,,,,12.5,µg per larva,,,,NOED,,,,,,,other:,,Remarks: endpoint based on larval mortality in a single feeding exposure test,,,93bdba44-2b78-481f-b669-f8236bc5daa4,,,,,,,,,,,,,,,,,,,,
4738,4736,b51446b5-c4ce-4ab4-ae72-9a8fd1805df1,ENDPOINT_STUDY_RECORD.ToxicityToBees,f59ef534-85ce-4110-be59-429b96408d30,toxicity to bees: acute oral,,,45903607-8622-41bd-8659-737512b5ba4d,Species: Apis mellifera; Route: oral: unspecified,not specified,not specified,,,,cca7d0ca-3a95-48f6-ba03-7824fdd0de97,,,,,,,,,,,,,,,,,,,Picoxystrobin formulation: Picoxystrobin 250 g/L SC,,,,,,Apis mellifera,,other:,oral: unspecified,,,mortality,,,,,,,,>,200.0,other:,µg/piece,,,LD50,,,,,,,other:,,Remarks: Acute oral toxicity. The effect level is based on picoxystrobin.,,,d41f17e1-769a-4576-9234-5b6517d0357a,,,,,,,,,,,,,,,,,,,,
4739,4737,89ccbe47-869e-4fd1-92d7-dad7b619750c,ENDPOINT_STUDY_RECORD.ToxicityToBees,08eb088f-b536-4391-a5e7-ed8bd9acb006,toxicity to bees: acute oral,,,8d4ce816-de35-44ce-a88a-4c015df0d39d,Species: Apis mellifera; Route: oral: unspecified,not specified,not specified,,,,09de8e38-4c8c-41a0-8f96-4eda3196fb69,,,,,,,,,,,,,,,,,,,,,,,,,Apis mellifera,,other:,oral: unspecified,,,mortality,,,,,,,,,505.0,other:,µg/piece,,,LD50,,,,,,,,,,,,376117be-659d-4d20-a6e3-0abc3f1ef61a,,,,,,,,,,,,,,,,,,,,
4740,4738,078e6af5-4a06-4acc-8ec2-22430522c46c,ENDPOINT_STUDY_RECORD.ToxicityToBees,74793209-5072-4fb4-80fe-fe3911753d75,toxicity to bees: acute oral,,,29b15275-4ac6-4f91-aacc-70c97f38f012,,not specified,not specified,,,,1557dde7-5cb5-4049-b49b-2284b696a3f3,,,,,,,,,,,,,,,,,,,BAS 555 01 F,,,,,,Apis mellifera,,other:,oral: unspecified,,,mortality,,,act. ingr.,,,,,,17.8,µg/bee,,,,LD50,,,,,,,,,,,,7d9ee8a9-0e2d-4c9a-a485-1b375d05ba51,,,,,,,,,,,,,,,,,,,,
4741,4739,727358d6-6421-4763-8b1b-3c880b2723a0,ENDPOINT_STUDY_RECORD.ToxicityToBees,ef2a944e-8e7c-4a4f-a615-e2b700917051,toxicity to bees: acute oral,,,3336088b-f075-4c4c-add1-9f93fb895c89,Species: Apis mellifera; Route: oral: unspecified; Exp. duration: 48.0 h,not specified,not specified,,,,011a26ba-c0eb-43a3-9e2d-f87785ed729a,,,,,,,,,,,,h,48.0,,,,,,Preparation VitiSan (99.49% KHCO3),,,,,,Apis mellifera,,other:,oral: unspecified,,,mortality,,,,,,,,>,537.4,other:,µg/piece,,,LD50,,,,,,,,,,,,a26cb066-8522-4b6c-a066-58049e097720,,,,,,,,,,,,,,,,,,,,
4742,4740,ad82b755-9356-43cb-b0c2-cf83d0f4a4c6,ENDPOINT_STUDY_RECORD.ToxicityToBees,1af92583-e2ed-461f-b5b0-f4fedd974648,toxicity to bees: acute oral,,,bc7efd25-a5f6-4982-b682-37f8f9064ff6,Species: Apis mellifera; Route: oral: unspecified; Exp. duration: 72.0 h,yes,not specified,other:,OTHER GUIDELINE,according to guideline,62d6756b-c435-4347-9927-7048423ad0b4,,,,,,,,,,,,h,72.0,,,,,,Systhane 20 EW,,,,,,Apis mellifera,,other:,oral: unspecified,,,mortality,,,,,,,,>,33.9,other:,µg/piece,,,LD50,,,,,,,other:,,Remarks: Acute oral toxicity,,,a1a43c6d-e718-4a4b-87ef-e8ecf0cc7d98,,,,,,,,,,,,,,,,,,,,
4743,4741,a7acb176-6100-49ee-9003-cca73be25134,ENDPOINT_STUDY_RECORD.ToxicityToBees,6466c4e7-7266-4cfb-a0e4-49334015b293,bee larval toxicity - acute,,,839e7251-5fd6-4b8e-bea4-ca09c56be1a4,Species: Apis mellifera; Route: oral; Exp. duration: 1.0 d,,,,,,,,,,,,,,,,,,d,1.0,,,,,,,,,,,,Apis mellifera,,oral,,,,not specified,,,act. ingr.,,,,,,1.0,µg per larva,,,,NOED,,,,,,,,,,,,c7cdc392-1930-40f8-a212-375dce6b6113,,,,,,,,,,,,,,,,,,,,
4744,4742,e0efb98f-f9f1-48f2-895b-eae3ed349308,ENDPOINT_STUDY_RECORD.ToxicityToBees,a30b4eb7-d115-4e63-8313-11f79be848f7,toxicity to bees: chronic oral,,,cd3e62d7-0067-438d-8ffb-9dff2838d2ce,Species: Apis mellifera; Route: oral; Exp. duration: 10.0 d,,,,,,,,,,,,,,,,,,d,10.0,,,,,,,,,,,,Apis mellifera,,oral,,,,mortality,,,act. ingr.,,,,,>,4.9,µg/bee per day,,,,10-d LDD50,,,,,,,other:,,Remarks: The potential evaporation of the feed item is not known. Therefore this endpoint has some uncertainties.,,,ad7f76db-abd3-4d60-a649-d5eb67544d5b,,,,,,,,,,,,,,,,,,,,
4745,4743,304e9c53-121b-4da2-9439-d25042d77647,ENDPOINT_STUDY_RECORD.ToxicityToBees,6df6c0f1-e93b-40a9-899d-1aa787006658,bee larval toxicity - chronic,,,ce166716-b1ec-484e-a17b-d89872dc1d5c,Species: Apis mellifera; Route: oral; Exp. duration: 4.0 d,,,,,,,,,,,,,,,,,,d,4.0,,,,,,,,,,,,Apis mellifera,,oral,,,,brood development,,,test mat.,,IMS+MPR OD 400,,,,10.0,other:,g/ha,,,other:,NOEC,,,,,,,,,,,713d7e2a-38c1-4f65-b4a1-f70d188aa824,,,,,,,,,,,,,,,,,,,,
4746,4744,67f4ccdf-abac-4844-8714-fe12897aca25,ENDPOINT_STUDY_RECORD.ToxicityToBees,866a8d5d-091f-4623-b653-77033a28f3c4,toxicity to bees: chronic oral,,,1f6459a6-7bbc-4680-957c-e6decf9f5bba,,not specified,not specified,,,,624d7a1c-9410-424b-9d05-91699467a74e,,,,,,,,,,,,,10.0,,,,,,Pirimor/A10788A,,,,,,Apis mellifera,,oral,,,,mortality,,,act. ingr.,,,,,,115.0,mg/kg diet,,,,other:,,10-d LC50,,,,,,,,,,e4b175fe-c3b3-46eb-a13b-f33bb52cf4d4,,,,,,,,,,,,,,,,,,,,
4747,4745,67f4ccdf-abac-4844-8714-fe12897aca25,ENDPOINT_STUDY_RECORD.ToxicityToBees,866a8d5d-091f-4623-b653-77033a28f3c4,toxicity to bees: chronic oral,,,1f6459a6-7bbc-4680-957c-e6decf9f5bba,,not specified,not specified,,,,624d7a1c-9410-424b-9d05-91699467a74e,,,,,,,,,,,,,10.0,,,,,,Pirimor/A10788A,,,,,,Apis mellifera,,oral,,,,mortality,,,act. ingr.,,,,,,2.87,µg/bee per day,,,,other:,,10-d LD50,,,,,,,,,,6c1aa31c-0d8c-4a8b-83a5-163c48ea8fd4,,,,,,,,,,,,,,,,,,,,
4748,4746,67f4ccdf-abac-4844-8714-fe12897aca25,ENDPOINT_STUDY_RECORD.ToxicityToBees,866a8d5d-091f-4623-b653-77033a28f3c4,toxicity to bees: chronic oral,,,1f6459a6-7bbc-4680-957c-e6decf9f5bba,,not specified,not specified,,,,624d7a1c-9410-424b-9d05-91699467a74e,,,,,,,,,,,,,10.0,,,,,,Pirimor/A10788A,,,,,,Apis mellifera,,oral,,,,not specified,,,act. ingr.,,,,,,25.0,mg/kg diet,,,,other:,,10-d NOEC,,,,,,,,,,44a79f29-abc5-446e-9a05-30f99eb0eb56,,,,,,,,,,,,,,,,,,,,
4749,4747,67f4ccdf-abac-4844-8714-fe12897aca25,ENDPOINT_STUDY_RECORD.ToxicityToBees,866a8d5d-091f-4623-b653-77033a28f3c4,toxicity to bees: chronic oral,,,1f6459a6-7bbc-4680-957c-e6decf9f5bba,,not specified,not specified,,,,624d7a1c-9410-424b-9d05-91699467a74e,,,,,,,,,,,,,10.0,,,,,,Pirimor/A10788A,,,,,,Apis mellifera,,oral,,,,not specified,,,act. ingr.,,,,,,0.72,µg/bee per day,,,,other:,,10-d NOEL,,,,,,,,,,ed0a07cb-7fed-409a-86ec-b23d4c086803,,,,,,,,,,,,,,,,,,,,
4750,4748,558d5071-6bd1-4491-b266-422b5a42f284,ENDPOINT_STUDY_RECORD.ToxicityToBees,1195b0de-88f0-4272-b6dc-f5b55d25e375,toxicity to bees: chronic oral,,,03ac36b8-9d0f-4214-b365-09a2b11d5a0f,,not specified,not specified,,,,6fc15b2c-c655-4e3d-ab0b-1038a1306ebc,,,,,,,,,,,,d,10.0,,,,,,Glyphosateisopropylammonium (in MON 0139),,,,,,Apis mellifera,,oral,,,,not specified,,,other:,,Glyphosate acid equivalents,,,,179.9,µg/bee,,,,other:,10-d NOEDD,,,,,,,,,,,461776c4-1285-4c8e-afcb-4b06e79205fc,,,,,,,,,,,,,,,,,,,,
4751,4749,558d5071-6bd1-4491-b266-422b5a42f284,ENDPOINT_STUDY_RECORD.ToxicityToBees,1195b0de-88f0-4272-b6dc-f5b55d25e375,toxicity to bees: chronic oral,,,03ac36b8-9d0f-4214-b365-09a2b11d5a0f,,not specified,not specified,,,,6fc15b2c-c655-4e3d-ab0b-1038a1306ebc,,,,,,,,,,,,d,10.0,,,,,,Glyphosateisopropylammonium (in MON 0139),,,,,,Apis mellifera,,oral,,,,mortality,,,other:,,Glyphosate acid equivalents,,,>,179.9,µg/bee,,,,10-d LDD50,,,,,,,,,,,,7bc5b784-6379-41cc-a61d-6b4a269fad35,,,,,,,,,,,,,,,,,,,,
4752,4750,fba80689-7513-4e75-b09c-bb7fe2cb386a,ENDPOINT_STUDY_RECORD.ToxicityToBees,36ebb297-7e7a-40d6-8641-5136c49e3768,toxicity to bees: acute contact,,,2aa5019b-1460-4c1e-90e6-634ce097e750,Species: Apis mellifera; Route: dermal,not specified,not specified,,,,78d890ba-db4f-4911-b8cf-5cf4859c5230,,,,,,,,,,,,,,,,,,,FLU17516,,,,,,Apis mellifera,,other:,dermal,,,mortality,,,,,,,,,343.0,other:,µg/piece,,,LD50,,,,,,,,,,,,60f69a5a-9ccb-44b7-a1fb-6989360b70d2,,,,,,,,,,,,,,,,,,,,
4753,4751,7c980b50-51af-4d79-8363-493f20bfb465,ENDPOINT_STUDY_RECORD.ToxicityToBees,4412b913-a7f6-47b8-91b4-fc89ae57a62e,toxicity to bees: acute oral,,,ab45a605-c495-43d8-ac7e-8a44463893a5,Species: Apis mellifera; Route: oral: unspecified,not specified,not specified,,,,f2200854-0146-4899-8dcb-fd681176cec8,,,,,,,,,,,,,,,,,,,,,,,,,Apis mellifera,,other:,oral: unspecified,,,mortality,,,,,,,,>,100.0,other:,µg/piece,,,LD50,,,,,,,other:,,Remarks: Acute oral and contact toxicity,,,a0c9cf59-820b-48c1-a8ca-0a417eb1f35d,,,,,,,,,,,,,,,,,,,,
4754,4752,d2ea99f1-9833-43b3-a32c-9850b72abf34,ENDPOINT_STUDY_RECORD.ToxicityToBees,b949e67b-7ab5-4298-8839-59dd051b0e55,toxicity to bees: acute oral,,,936e2125-40bf-4f5a-84cc-29ee98a08f3b,Species: Apis mellifera; Route: oral: unspecified; Exp. duration: 48.0 h,not specified,not specified,,,,d9997e50-d31e-4b16-a54e-166caa5f1eb0,,,,,,,,,,,,h,48.0,,,,,,,,,,,,Apis mellifera,,other:,oral: unspecified,,,mortality,,,,,,,,>,20.0,other:,µg/piece,,,LD50,,,,,,,other:,,Remarks: Acute oral toxicity,,,1848212b-d9e8-433d-a851-7d22a0ce697b,,,,,,,,,,,,,,,,,,,,
4755,4753,f903da35-c4bf-4f2d-be95-b3628208f385,ENDPOINT_STUDY_RECORD.ToxicityToBees,ce6eabec-ae04-4b5f-b205-7639062e9c0a,toxicity to bees: chronic oral,,,33a038ad-4474-4b59-b50b-29531ade6ff6,,not specified,not specified,,,,70aa1f5e-2c34-412d-96b6-029d8ec1148a,,,,,,,,,,,,d,10.0,,,,,,,,,,,,Apis mellifera,,oral,,,,mortality,,,,,,,,>=,2.179,µg/bee per day,,,,other:,,10 d-NOED,,,,,other:,,"Basis effect: Mortality, sub-lethal effects, Effects on HPG (based on mean protein content in the hypopharyngeal glands).",,,721de3d3-ac57-4a91-ad49-28edf586ae79,,,,,,,,,,,,,,,,,,,,
4756,4754,7f6d4f6f-7adc-4d2e-8821-ee06d778943b,ENDPOINT_STUDY_RECORD.ToxicityToBees,ef3431e8-8925-4d86-8f91-f4cea6192659,toxicity to bees: acute contact,,,cd6b1bdf-e02a-4e7f-a1d7-ee1ffdb77fbf,,not specified,not specified,,,,f6dab72d-2063-4c6c-a27d-5b1138305c30,,,,,,,,,,,,h,72.0,,,,,,,,,,,,Apis mellifera,,contact,,,,mortality,,,,,,h,72.0,>,200.0,µg/bee,,,,LD50,,,,,,,,,,,,494acced-4da0-4a3b-956d-42ea386de9ed,,,,,,,,,,,,,,,,,,,,
