result_uuid,document_uuid,source_excel_rows,substance_id,name,composition,reference_uuid,inchikey,connectivity,parent_connectivity,canonical_smiles,inchi_smiles_disagree,fragments,CAS,reference_smiles,reference_inchi,route,endpoint,endpoint_other,unit_raw,unit_other_raw,unit,unit_mapping,lower_ug_bee,lower_qualifier,upper_ug_bee,upper_qualifier,value_kind,duration_value,duration_unit,duration_hours,test_material,dose_basis,dose_basis_other,basis_for_effect,material_review_needed,literature_uuids,source_dois,source_years,overlap_inchikey,overlap_connectivity,overlap_parent_connectivity,same_CAS_in_apistox,same_name_in_apistox,identity_conflict_or_same_chemical,conservative_unseen_candidate,y_1,y_11,y_100,ld50_screen,source_identity_status,single_structure_screen,48h_no_material_flag_screen
106d0efa-4603-4d21-ac63-70a83e4b6e80,03a709a0-562c-4409-beda-8fed6e1164f3,3505,48adc8af-0eb2-4040-a4fd-4d3a09f205b6,Metribuzin,mono-constituent substance,6558686e-6519-47ac-b815-3854eb7335fa,FOXFZRUHNHCZPX-UHFFFAOYSA-N,FOXFZRUHNHCZPX,FOXFZRUHNHCZPX,CSc1nnc(C(C)(C)C)c(=O)n1N,False,1,21087-64-9,CC(C)(C)C1=NN=C(N(C1=O)N)SC,"InChI=1S/C8H14N4OS/c1-8(2,3)5-6(13)12(9)7(14-4)11-10-5/h9H2,1-4H3",Oral,LD50,,µg/bee,,µg/bee,direct_ug_bee,34.2,,,,exact,,,,Metribuzin SC 600,act. ingr.,,mortality,True,ac6e295e-e383-439e-9660-e35252fa536b,doi:10.2903/j.efsa.2023.8140,2023.0,True,True,True,True,True,True,False,0,0,1,True,structure_screen_only,True,False
eaf451a3-8122-44a2-bcf6-ec9f9ee0f139,c54eccde-b516-45bb-89fc-a4ec821c00d4,3506,405f9075-8fcb-4195-9d00-481bc9fdf3a7,Sulfur (S),mono-constituent substance,8d055fd7-3ce3-40e3-afbe-0280aa800416,NINIDFKCEFEMDL-UHFFFAOYSA-N,NINIDFKCEFEMDL,NINIDFKCEFEMDL,[S],False,1,7704-34-9,[S],InChI=1S/S,Oral,LD50,,µg/bee,,µg/bee,direct_ug_bee,100.0,>,,,censored_or_approximate,48.0,h,48.0,Sulfur 80% WG,act. ingr.,,mortality,True,c8f65176-bc76-4a55-ae74-95ba93c9569f,"EFSA Journal 2023,21(3):7805, doi:10.2903/j.efsa.2023.7805",2023.0,True,True,True,True,False,True,False,0,0,0,True,structure_screen_only,True,False
fe825279-6005-466e-97ec-1e7c309c0325,b27b39cd-c67e-417d-96f9-be46a7c98627,3507,ed0e0cc9-41d5-4231-a7f5-9ac6b4dd205c,"Sodium 5-nitroguaiacolate, sodium o-nitrophenolate and sodium p-nitrophenolate formulation (Atonik)",multi-constituent substance,75e3367a-4746-4724-8322-4d7226626e49,,,,,False,0,,,,Oral,LD50,,other:,µg/piece,µg/piece,species_based_piece_to_bee,57.12,,,,exact,,,,,,,mortality,False,550b701c-9ee8-435d-99b3-202b35988fa6,doi:10.2903/j.efsa.2009.191r,2009.0,False,False,False,False,False,False,False,0,0,1,True,structure_screen_only,False,False
faba8229-930e-403b-9d22-24d6c892acbf,2c0a257e-b551-4eda-bc96-1f68477db260,3508,39ed1be3-bad4-4417-9d93-30536e579a88,Azadirachtin,mono-constituent substance,c34fe78c-1844-491c-ac74-fde4390b7805,VEHPJKVTJQSSKL-OVCLIPMQSA-N,VEHPJKVTJQSSKL,VEHPJKVTJQSSKL,C/C=C(\C)C(=O)OC1CC(OC(C)=O)C2(OC(C)=O)COC3C2C12COC(O)(C(=O)OC)C2C(C)(C12OC1(C)C1CC2OC2OC=CC21O)C3O,True,1,11141-17-6,C24(C(C3C1(C=COC1OC2C3)O)(C)O4)C6(C8C5(C(CC(C7(C5C(C6O)OC7)OC(=O)C)OC(=O)C)OC(/C(=C/C)C)=O)COC8(C(=O)OC)O)C,"InChI=1S/C35H44O16/c1-8-15(2)24(38)49-18-12-19(48-16(3)36)32(26(39)43-6)13-46-21-22(32)31(18)14-47-34(42,27(40)44-7)25(31)29(4,23(21)37)35-20-11-17(30(35,5)51-35)33(41)9-10-45-28(33)50-20/h8-10,17-23,25,28,37,41-42H,11-14H2,1-7H3/b15-8+/t17-,18+,19-,20+,21-,22-,23-,25+,28+,29-,30+,31+,32+,33+,34+,35+/m1/s1",Oral,LD50,,other:,µg/piece,µg/piece,species_based_piece_to_bee,8.1,>,,,censored_or_approximate,,,,,,,mortality,False,896f42d8-73ca-4dd7-8b63-485e9741d07e,"EFSA Journal 2018,16(9):5234, doi:10.2903/j.efsa.2018.5234",2018.0,False,False,False,True,False,True,False,0,-1,-1,True,structure_screen_only,False,False
e51da2b0-7e68-4d6d-b707-7a30398b6574,fee4882a-d8c7-4374-9e8a-347945e5c020,3509,48dcd99a-854b-4708-a675-b7c923d914df,"Hydroxyquinoline sulfate, 8-",mono-constituent substance,fe0ba7a3-6744-4eb5-8285-082e0253e9a4,YYVFXSYQSOZCOQ-UHFFFAOYSA-N,YYVFXSYQSOZCOQ,MCJGNVYPOGVAJF,O=S(=O)([O-])[O-].Oc1cccc2ccc[nH+]c12.Oc1cccc2ccc[nH+]c12,False,3,134-31-6,OC1=C2C(C=CC=[NH+]2)=CC=C1.[O-]S([O-])(=O)=O.OC3=C4C(C=CC=[NH+]4)=CC=C3,"InChI=1S/2C9H7NO.H2O4S/c2*11-8-5-1-3-7-4-2-6-10-9(7)8;1-5(2,3)4/h2*1-6,11H;(H2,1,2,3,4)",Contact,LD50,,other:,µg/piece,µg/piece,species_based_piece_to_bee,100.0,>,,,censored_or_approximate,,,,8-Hydroxyquinoline sulphate formulation: Beltanol-L,,,mortality,True,23dfbea3-6e21-4bb2-8a35-955eaa0b9020,doi:10.2903/j.efsa.2016.4493,2016.0,False,False,True,False,False,False,False,0,0,0,True,structure_screen_only,True,False
db842f8e-3524-43c4-8901-5b73f4b327fd,0742c214-d911-4f1f-9230-4c7d9160e0af,3511,ac90fafa-e01a-4d10-a117-b6f40bc2ceff,Dicopper chloride trihydroxide,mono-constituent substance,cf211858-d5f5-43f1-acca-ad62813fd116,SKQUUKNCBWILCD-UHFFFAOYSA-J,SKQUUKNCBWILCD,XLYOFNOQVPJJNP,[Cl-].[Cu+2].[Cu+2].[OH-].[OH-].[OH-],False,6,1332-65-6,[OH-].[OH-].[OH-].[Cl-].[Cu+2].[Cu+2],InChI=1S/ClH.2Cu.3H2O/h1H;;;3*1H2/q;2*+2;;;/p-4,Oral,LD50,,other:,µg/piece,µg/piece,species_based_piece_to_bee,12.1,,,,exact,,,,,,,mortality,False,ce2cf68f-28ee-4a5c-996a-1a1e65f938d8,doi:10.2903/j.efsa.2008.187r,2008.0,False,False,True,False,False,False,False,0,0,1,True,structure_screen_only,True,False
e744861e-d638-4012-9509-925e89571a3b,40b75d9c-f2c4-43ea-8c21-c08eee28b6ea,3513,f1bf026d-e797-45f0-9ad3-15df2c4af853,Carbaryl,mono-constituent substance,bb99c666-3a53-4e16-8275-8d1aadef7c64,CVXBEEMKQHEXEN-UHFFFAOYSA-N,CVXBEEMKQHEXEN,CVXBEEMKQHEXEN,CNC(=O)Oc1cccc2ccccc12,False,1,63-25-2,CNC(=O)Oc1cccc2ccccc12,"InChI=1/C12H11NO2/c1-13-12(14)15-11-8-4-6-9-5-2-3-7-10(9)11/h2-8H,1H3,(H,13,14)",Contact,LD50,,other:,µg/piece,µg/piece,species_based_piece_to_bee,0.14,>,,,censored_or_approximate,72.0,h,72.0,,,,mortality,False,63a51125-625a-4278-8897-c7b0dcc66db8,doi:10.2903/j.efsa.2006.80r,2006.0,True,True,True,True,False,True,False,-1,-1,-1,True,structure_screen_only,True,False
c8c5062a-c9a1-495f-b8a8-adddc2d1668c,5f75477f-a8ad-4a0b-9d5b-e8daee2ef23a,3517,6948494e-522b-456f-b8f5-d46305724771,24-Epibrassinolide,mono-constituent substance,864b9313-55cc-43e2-ab55-2bf14dd5a519,IXVMHGVQKLDRKH-UHFFFAOYSA-N,IXVMHGVQKLDRKH,IXVMHGVQKLDRKH,CC(C)C(C)C(O)C(O)C(C)C1CCC2C3COC(=O)C4CC(O)C(O)CC4(C)C3CCC12C,True,1,78821-43-9,CC(C)C(C)C(C(C(C)C1CCC2C1(CCC3C2COC(=O)C4C3(CC(C(C4)O)O)C)C)O)O,"InChI=1S/C28H48O6/c1-14(2)15(3)24(31)25(32)16(4)18-7-8-19-17-13-34-26(33)21-11-22(29)23(30)12-28(21,6)20(17)9-10-27(18,19)5/h14-25,29-32H,7-13H2,1-6H3/t15-,16+,17?,18?,19?,20?,21?,22+,23-,24-,25-,27-,28-/m1/s1",Contact,LD50,,other:,µg/piece,µg/piece,species_based_piece_to_bee,10.0,>,,,censored_or_approximate,48.0,h,48.0,,,,mortality,False,a107df44-11e1-4e28-b40a-4e238e910dd8,doi:10.2903/j.efsa.2020.6132,2020.0,True,True,True,True,True,True,False,0,-1,-1,True,structure_screen_only,False,False
08a6200f-6a8f-4758-867a-852a4b921c6a,a8d5f20c-cbb4-4b4f-9f41-fd91abaf6d3a,3519,a4cf0041-987a-4e2c-a3f7-4b4a515f6c8d,Cyproconazole,mono-constituent substance,87939f58-c8bc-4b1d-b030-6e899f99de45,UFNOUKDBUJZYDE-UHFFFAOYSA-N,UFNOUKDBUJZYDE,UFNOUKDBUJZYDE,CC(C1CC1)C(O)(Cn1cncn1)c1ccc(Cl)cc1,False,1,94361-06-5,ClC1=CC=C(C(CN2C=NC=N2)(C(C)C3CC3)O)C=C1,"InChI=1S/C15H18ClN3O/c1-11(12-2-3-12)15(20,8-19-10-17-9-18-19)13-4-6-14(16)7-5-13/h4-7,9-12,20H,2-3,8H2,1H3",Oral,LD50,,other:,µg/piece,µg/piece,species_based_piece_to_bee,100.0,>,,,censored_or_approximate,48.0,h,48.0,,,,mortality,False,43f524f9-5f96-40f7-a9ba-5dc296851596,doi:10.2903/j.efsa.2010.1897,2010.0,True,True,True,True,False,True,False,0,0,0,True,structure_screen_only,True,True
e153c942-3074-4d95-bc19-f2b6f4ac20b2,7982cd8f-b6d5-4715-89a9-21e8043d138c,3521,fefca5e1-4893-4a5a-a98d-71e9f22976ac,Clofentezine,mono-constituent substance,2969a03d-f907-4b0a-9a0b-84774f470b1d,UXADOQPNKNTIHB-UHFFFAOYSA-N,UXADOQPNKNTIHB,UXADOQPNKNTIHB,Clc1ccccc1-c1nnc(-c2ccccc2Cl)nn1,False,1,74115-24-5,C1=CC=C(C(=C1)C2=NN=C(N=N2)C3=CC=CC=C3Cl)Cl,InChI=1S/C14H8Cl2N4/c15-11-7-3-1-5-9(11)13-17-19-14(20-18-13)10-6-2-4-8-12(10)16/h1-8H,Oral,LD50,,other:,µg/piece,µg/piece,species_based_piece_to_bee,252.6,>,,,censored_or_approximate,,,,Apollo 50 SC (500 g clofentezine/L),,,mortality,True,22662941-d804-4db2-9a5e-01e32613d3a6,doi:10.2903/j.efsa.2021.6817,2021.0,True,True,True,True,False,True,False,0,0,0,True,structure_screen_only,True,False
9ca46833-d43c-4bd4-afd6-a9dc7dbd88a4,0e4e1293-1c44-4dd9-910f-c2813c8d9a65,3522,01200537-11cd-4953-965c-2789c191cd79,Flufenacet,mono-constituent substance,f5a8b88c-bdcd-427a-9334-647e23b4f27d,IANUJLZYFUDJIH-UHFFFAOYSA-N,IANUJLZYFUDJIH,IANUJLZYFUDJIH,CC(C)N(C(=O)COc1nnc(C(F)(F)F)s1)c1ccc(F)cc1,False,1,142459-58-3,CC(C)N(C1=CC=C(C=C1)F)C(=O)COC2=NN=C(S2)C(F)(F)F,"InChI=1S/C14H13F4N3O2S/c1-8(2)21(10-5-3-9(15)4-6-10)11(22)7-23-13-20-19-12(24-13)14(16,17)18/h3-6,8H,7H2,1-2H3",Oral,LD50,,µg/bee,,µg/bee,direct_ug_bee,109.2,>,,,censored_or_approximate,,,,,,,mortality,False,ea117d56-cdb1-4643-80e0-c6a853c5c1fb,"EFSA Journal. 2024;22:e8997, doi:10.2903/j.efsa.2024.8997",2024.0,True,True,True,True,False,True,False,0,0,0,True,structure_screen_only,True,False
65dc0f31-cfd7-49db-ba94-bdbc796fdde8,c5dcc4e4-34cc-4f69-804f-cee0a5e85a83,3524,f242b639-a39c-461e-b20c-575fd6114d96,Abamectin,multi-constituent substance,800a5a77-e1b3-4622-a649-e3e66c309506,,,,,False,0,71751-41-2,,,Oral,LD50,,other:,µg/piece,µg/piece,species_based_piece_to_bee,0.004,,,,exact,24.0,h,24.0,,,,mortality,False,d889de4c-712d-4f3d-a5aa-d9287b7c8f4c,doi:10.2903/j.efsa.2022.7544,2022.0,False,False,False,True,True,True,False,1,1,1,True,structure_screen_only,False,False
3a7d69d8-f75e-4667-88c3-2ef65a4df6aa,760b380a-c524-4499-9426-d4f2c76d1021,3525,0048d075-d1f9-4b12-b806-c0e845a6f424,Thiamethoxam,mono-constituent substance,e63cc611-77aa-46b3-a39c-2d7cda4986b6,NWWZPOKUUAIXIW-DHZHZOJOSA-N,NWWZPOKUUAIXIW,NWWZPOKUUAIXIW,CN1COCN(Cc2cnc(Cl)s2)/C1=N/[N+](=O)[O-],False,1,153719-23-4,CN\1COCN(/C1=N/[N+](=O)[O-])CC2=CN=C(S2)Cl,"InChI=1S/C8H10ClN5O3S/c1-12-4-17-5-13(8(12)11-14(15)16)3-6-2-10-7(9)18-6/h2H,3-5H2,1H3/b11-8+",Oral,LD50,,other:,µg/piece,µg/piece,species_based_piece_to_bee,0.005,,,,exact,,,,,,,mortality,False,b82127ab-c237-4e40-9a37-839e212f61f7,doi:10.2903/j.efsa.2018.5179,2018.0,False,True,True,True,False,True,False,1,1,1,True,structure_screen_only,True,False
3bc82970-7081-4b10-b05c-5a26f626903f,46545f51-3b36-4278-9b1c-02c6238d2d04,3526,291a847d-3aa4-4f5a-a61d-d0c6fff729d1,Cyantraniliprole,mono-constituent substance,a2e126da-4c64-417d-9045-512976d1b92e,DVBUIBGJRQBEDP-UHFFFAOYSA-N,DVBUIBGJRQBEDP,DVBUIBGJRQBEDP,CN=C(O)c1cc(C#N)cc(C)c1N=C(O)c1cc(Br)nn1-c1ncccc1Cl,False,1,736994-63-1,,"InChI=1S/C19H14BrClN6O2/c1-10-6-11(9-22)7-12(18(28)23-2)16(10)25-19(29)14-8-15(20)26-27(14)17-13(21)4-3-5-24-17/h3-8H,1-2H3,(H,23,28)(H,25,29)",Oral,LD50,,other:,µg/piece,µg/piece,species_based_piece_to_bee,0.1055,>,,,censored_or_approximate,,,,,,,mortality,False,149b9862-29e9-421a-bce5-a6ec67ae010a,"EFSA Journal 2014,12(9):3814, doi:10.2903/j.efsa.2014.3814",2014.0,True,True,True,True,False,True,False,-1,-1,-1,True,structure_screen_only,True,False
dd491abd-a5bd-4d4f-bf12-e9ee3b2bdd47,11ae3e1c-e397-4df0-a31c-ba1a25641578,3527,6b98c40e-2a1c-4a36-9c28-4ca15b16c345,Metaflumizone (sum of E- and Z- isomers),mono-constituent substance,7e3cf700-7f00-4b9f-a85e-24f892a62e0a,MIFOMMKAVSCNKQ-UHFFFAOYSA-N,MIFOMMKAVSCNKQ,MIFOMMKAVSCNKQ,N#Cc1ccc(CC(=NNC(=O)Nc2ccc(OC(F)(F)F)cc2)c2cccc(C(F)(F)F)c2)cc1,False,1,,C1=CC(=CC(=C1)C(F)(F)F)C(=NNC(=O)NC2=CC=C(C=C2)OC(F)(F)F)CC3=CC=C(C=C3)C#N,"InChI=1S/C24H16F6N4O2/c25-23(26,27)18-3-1-2-17(13-18)21(12-15-4-6-16(14-31)7-5-15)33-34-22(35)32-19-8-10-20(11-9-19)36-24(28,29)30/h1-11,13H,12H2,(H2,32,34,35)/b33-21+; b33-21-",Contact,LD50,,other:,µg/piece,µg/piece,species_based_piece_to_bee,1.65,,,,exact,96.0,h,96.0,,,,mortality,False,b8c8758f-0524-4e3a-ba65-e4217749213b,doi:10.2903/j.efsa.2013.3373,2013.0,True,True,True,False,False,False,False,0,1,1,True,structure_screen_only,True,False
5934fd41-8eaf-47b7-a612-18c65e43cccf,856832c0-130c-4014-8176-8e17b4becf56,3528,12098710-da1c-4e54-8d37-f501ab3b7f59,Diazinon,mono-constituent substance,1cd88c8a-622f-478c-8bf0-14341b8558c9,FHIVAFMUCKRCQO-UHFFFAOYSA-N,FHIVAFMUCKRCQO,FHIVAFMUCKRCQO,CCOP(=S)(OCC)Oc1cc(C)nc(C(C)C)n1,False,1,333-41-5,CCOP(=S)(OCC)Oc1cc(C)nc(n1)C(C)C,"InChI=1/C12H21N2O3PS/c1-6-15-18(19,16-7-2)17-11-8-10(5)13-12(14-11)9(3)4/h8-9H,6-7H2,1-5H3",Oral,LD50,,other:,µg/piece,µg/piece,species_based_piece_to_bee,0.09,,,,exact,48.0,h,48.0,,,,mortality,False,3c328625-3692-43f3-939a-9f1f7bdb0b3a,doi:10.2903/j.efsa.2006.85r,2006.0,True,True,True,True,False,True,False,1,1,1,True,structure_screen_only,True,True
e207c249-dafd-4dd2-a8fa-1782851ba720,80d84fd8-5efa-4f4e-a552-f7c0fc6cf2b1,3529,d3e39ac8-342a-47a6-b4a4-7678bfabd9ff,Pyridalyl,mono-constituent substance,aea6a97c-333f-49e3-8a48-c7c73954d58b,UBSUICNYBBPFHD-UHFFFAOYSA-N,UBSUICNYBBPFHD,UBSUICNYBBPFHD,FC(F)(F)c1cccc(OCCCOc2c(Cl)cc(OCC=C(Cl)Cl)cc2Cl)n1,False,1,179101-81-6,C1=CC(=NC(=C1)OCCCOC2=C(C=C(C=C2Cl)OCC=C(Cl)Cl)Cl)C(F)(F)F,"InChI=1S/C18H14Cl4F3NO3/c19-12-9-11(27-8-5-15(21)22)10-13(20)17(12)29-7-2-6-28-16-4-1-3-14(26-16)18(23,24)25/h1,3-5,9-10H,2,6-8H2",Oral,LD50,,other:,µg/piece,µg/piece,species_based_piece_to_bee,100.0,>,,,censored_or_approximate,48.0,h,48.0,,,,mortality,False,9117050b-ff52-4ed8-a2c9-fb449b4c6484,doi:10.2903/j.efsa.2013.3240,2013.0,False,False,False,True,True,True,False,0,0,0,True,structure_screen_only,True,True
17f8c6c7-cfc3-453e-8da5-bc38eaa019c3,025924ed-c475-4c6b-94f9-984157343d79,3530,55ca8fff-c9a0-4965-8f91-3257b0e99df8,Quartz sand,mono-constituent substance,faa8cc9a-65db-41da-b4c1-63501959c4f3,,,,,False,0,,,,Oral,LD50,,other:,mg/bee,mg/bee,mg_bee_to_ug_bee,20000.0,>,,,censored_or_approximate,24.0,h,24.0,Preparation Morsuvin,,,mortality,True,6da83495-ac36-4f97-bd88-cdeb2da75a5a,"EFSA Journal 2022,20(9):e07552, doi:10.2903/j.efsa.2022.7552",2022.0,False,False,False,False,False,False,False,0,0,0,True,structure_screen_only,False,False
77a48b8f-3b1b-4bed-be70-7486348853bd,56abd8f4-4622-4db5-a4dd-567ca50a6d2e,3532,a9c3e2f4-e9fd-4210-9f66-4d0a19ef6011,Flurprimidol,mono-constituent substance,0061a1c0-14ee-4ff2-814a-70d9a0dc4d2b,VEVZCONIUDBCDC-UHFFFAOYSA-N,VEVZCONIUDBCDC,VEVZCONIUDBCDC,CC(C)C(O)(c1ccc(OC(F)(F)F)cc1)c1cncnc1,False,1,56425-91-3,OC(C(C)C)(c1cncnc1)c2ccc(OC(F)(F)F)cc2,"InChI=1S/C15H15F3N2O2/c1-10(2)14(21,12-7-19-9-20-8-12)11-3-5-13(6-4-11)22-15(16,17)18/h3-10,21H,1-2H3",Oral,LD50,,other:,µg/piece,µg/piece,species_based_piece_to_bee,100.0,>,,,censored_or_approximate,48.0,h,48.0,,,,mortality,False,6dbc6475-2897-48ec-952f-98ffe9c441e0,doi:10.2903/j.efsa.2008.151r,2008.0,True,True,True,True,False,True,False,0,0,0,True,structure_screen_only,True,True
af735ba2-326f-4cbb-9d64-ca192b8362d0,6521fbac-c10c-4d4a-8883-cc5771a4c4c8,3533,787941e1-7ebd-4a3c-a3d5-748af40a1934,Propineb,mono-constituent substance,84c9a717-b8d1-4824-9333-757313a05320,KKMLIVYBGSAJPM-UHFFFAOYSA-L,KKMLIVYBGSAJPM,IJIHYLHFNAWUGR,CC(CNC(=S)[S-])NC(=S)[S-].[Zn+2],False,2,12071-83-9,CC(CNC(=S)[S-])NC(=S)[S-].[Zn+2],"InChI=1S/C5H10N2S4.Zn/c1-3(7-5(10)11)2-6-4(8)9;/h3H,2H2,1H3,(H2,6,8,9)(H2,7,10,11);/q;+2/p-2",Contact,LD50,,other:,µg/piece,µg/piece,species_based_piece_to_bee,100.0,>,,,censored_or_approximate,,,,,,,mortality,False,3969a60b-66a6-43f0-8ea9-56850b5b3d27,doi:10.2903/j.efsa.2016.4605,2016.0,True,True,True,True,True,True,False,0,0,0,True,structure_screen_only,True,False
8c8b275b-e562-43c2-ac52-beec22f765e3,83f3d925-51de-4416-9352-ae2574ae6406,3534,6466c4e7-7266-4cfb-a0e4-49334015b293,Bifenazate,mono-constituent substance,0c4b791a-8b2a-43b8-82d1-51bacb8f1bab,VHLKTXFWDRXILV-UHFFFAOYSA-N,VHLKTXFWDRXILV,VHLKTXFWDRXILV,COc1ccc(-c2ccccc2)cc1NNC(=O)OC(C)C,False,1,149877-41-8,O=C(NNC1=C(OC)C=CC(C2=CC=CC=C2)=C1)OC(C)C,"InChI=1S/C17H20N2O3/c1-12(2)22-17(20)19-18-15-11-14(9-10-16(15)21-3)13-7-5-4-6-8-13/h4-12,18H,1-3H3,(H,19,20)",Oral,LD50,,other:,µg/piece,µg/piece,species_based_piece_to_bee,100.0,>,,,censored_or_approximate,48.0,h,48.0,,,,mortality,False,1202bb4f-384d-4bf3-abf8-c1ab58e73d11,doi:10.2903/j.efsa.2021.6818,2021.0,True,True,True,True,False,True,False,0,0,0,True,structure_screen_only,True,True
71d22aa0-bd80-4241-bc77-64007643cedc,0e34dbf7-30b9-442f-a132-00b175b174b6,3535,59a33c15-65db-4d3d-b226-8d921bcd5974,Folpet,mono-constituent substance,1e8469df-97fc-4bee-97d3-d107cfff4f8a,HKIOYBQGHSTUDB-UHFFFAOYSA-N,HKIOYBQGHSTUDB,HKIOYBQGHSTUDB,O=C1c2ccccc2C(=O)N1SC(Cl)(Cl)Cl,False,1,133-07-3,O=C1C=2C=CC=CC2C(=O)N1SC(Cl)(Cl)Cl,"InChI=1S/C9H4Cl3NO2S/c10-9(11,12)16-13-7(14)5-3-1-2-4-6(5)8(13)15/h1-4H",Oral,LD50,,µg/bee,,µg/bee,direct_ug_bee,104.8,>,,,censored_or_approximate,,,,Folpet 80 WG,act. ingr.,,mortality,True,a5856020-c14c-464a-957b-19eb40ace95a,doi:10.2903/j.efsa.2023.8139,2023.0,True,True,True,True,False,True,False,0,0,0,True,structure_screen_only,True,False
2dcf0d42-3378-466d-8217-607d0ff16fbe,3913e0f5-9455-4202-8137-04b710ad04e0,3544,291a847d-3aa4-4f5a-a61d-d0c6fff729d1,Cyantraniliprole,mono-constituent substance,a2e126da-4c64-417d-9045-512976d1b92e,DVBUIBGJRQBEDP-UHFFFAOYSA-N,DVBUIBGJRQBEDP,DVBUIBGJRQBEDP,CN=C(O)c1cc(C#N)cc(C)c1N=C(O)c1cc(Br)nn1-c1ncccc1Cl,False,1,736994-63-1,,"InChI=1S/C19H14BrClN6O2/c1-10-6-11(9-22)7-12(18(28)23-2)16(10)25-19(29)14-8-15(20)26-27(14)17-13(21)4-3-5-24-17/h3-8H,1-2H3,(H,23,28)(H,25,29)",Contact,LD50,,other:,µg/piece,µg/piece,species_based_piece_to_bee,0.0934,>,,,censored_or_approximate,,,,,,,mortality,False,149b9862-29e9-421a-bce5-a6ec67ae010a,"EFSA Journal 2014,12(9):3814, doi:10.2903/j.efsa.2014.3814",2014.0,True,True,True,True,False,True,False,-1,-1,-1,True,structure_screen_only,True,False
845cc7d6-c4d0-4de9-b464-09c697c48f5e,72c33567-2a85-4a1d-baee-792558fadf98,3545|3546,099360ff-5a25-479c-ad51-4809c86e18f9,Dimethomorph (sum of isomers),mono-constituent substance,f2104835-83a5-4027-844c-2853f9967d65,,,,,False,0,,,,Oral,LD50,,other:,µg/piece,µg/piece,species_based_piece_to_bee,32.4,>,,,censored_or_approximate,48.0,h,48.0,,,,mortality,False,a03475ed-5d3d-427c-8a9b-bad1372a9d39|cef55dc4-34fd-4da9-b241-ee7e49954600,"EFSA Journal 2023,21(6):8032, doi:10.2903/j.efsa.2023.8032|doi:10.2903/j.efsa.2006.82r",2006.0|2023.0,False,False,False,False,False,False,False,0,0,-1,True,structure_screen_only,False,False
876491fb-ed51-4903-90d7-bf7eab6d1e1b,955022ac-1a85-45ee-b46c-2654820bcd39,3548,866a8d5d-091f-4623-b653-77033a28f3c4,Pirimicarb,mono-constituent substance,7d74635d-609c-4c48-9163-f177290afd8d,YFGYUFNIOHWBOB-UHFFFAOYSA-N,YFGYUFNIOHWBOB,YFGYUFNIOHWBOB,Cc1nc(N(C)C)nc(OC(=O)N(C)C)c1C,False,1,23103-98-2,CC1=C(N=C(N=C1OC(=O)N(C)C)N(C)C)C,InChI=1S/C11H18N4O2/c1-7-8(2)12-10(14(3)4)13-9(7)17-11(16)15(5)6/h1-6H3,Oral,LD50,,other:,µg/piece,µg/piece,species_based_piece_to_bee,4.0,,,,exact,24.0,h,24.0,,,,mortality,False,360f9c2e-10bd-4388-916e-bcb4bd678af3,doi:10.2903/j.efsa.2005.43r,2005.0,True,True,True,True,True,True,False,0,1,1,True,structure_screen_only,True,False
21d33a8f-bde6-4099-aaa3-f2278a866375,db54d40f-901b-40b6-bc42-b0279b0c2339,3550,f8e9fdf5-7cc5-4ab5-a7f9-772d1c00b497,Bifenthrin (sum of isomers),mono-constituent substance,ede6987f-83cf-4b46-b5c7-c1a586c167f3,OMFRMAHOUUJSGP-UNOMPAQXSA-N,OMFRMAHOUUJSGP,OMFRMAHOUUJSGP,Cc1c(COC(=O)C2C(/C=C(\Cl)C(F)(F)F)C2(C)C)cccc1-c1ccccc1,False,1,82657-04-3,O=C(OCC2=CC=CC(C3=CC=CC=C3)=C2C)C1C(C)(C)C1/C=C(Cl)/C(F)(F)F,"InChI=1S/C23H22ClF3O2/c1-14-16(10-7-11-17(14)15-8-5-4-6-9-15)13-29-21(28)20-18(22(20,2)3)12-19(24)23(25,26)27/h4-12,18,20H,13H2,1-3H3/b19-12-",Oral,LD50,,other:,µg/piece,µg/piece,species_based_piece_to_bee,0.1,,,,exact,48.0,h,48.0,,,,mortality,False,22a1f39f-a3ed-4fb9-92bf-a30ce53acb02,doi:10.2903/j.efsa.2009.186r,2009.0,False,True,True,True,False,True,False,1,1,1,True,structure_screen_only,True,True
802bf5df-fc09-42fa-b339-7c6593467ec7,208384ce-f5dd-4159-88f7-ab51fc03ffc4,3553,8cbb3be0-d92f-420a-bfb8-0d370b9f0aef,Potassium hydrogen carbonate,mono-constituent substance,783218ec-f737-458f-b8d2-b5f40c306592,TYJJADVDDVDEDZ-UHFFFAOYSA-M,TYJJADVDDVDEDZ,BVKZGUZCCUSVTD,O=C([O-])O.[K+],False,2,298-14-6,C(=O)(O)[O-].[K+],"InChI=1S/CH2O3.K/c2-1(3)4;/h(H2,2,3,4);/q;+1/p-1",Oral,LD50,,other:,µg/piece,µg/piece,species_based_piece_to_bee,626.0,,,,exact,48.0,h,48.0,ANL-F001 (product containing 85.76% a.s.),,,mortality,True,2d0929cb-aacf-47ac-879a-4d695ebf8c3d,doi:10.2903/j.efsa.2021.6593,2021.0,True,True,True,True,False,True,False,0,0,0,True,structure_screen_only,True,False
aabad237-a6a4-4788-b8c3-26219bced7fd,81eba41f-30a0-4284-af82-c55385e546e0,3554,05489ccd-ed38-421e-81d5-955bf06c56a1,Trifluralin,mono-constituent substance,3c07b355-c855-4a26-ba5d-bba9ecda88b3,ZSDSQXJSNMTJDA-UHFFFAOYSA-N,ZSDSQXJSNMTJDA,ZSDSQXJSNMTJDA,CCCN(CCC)c1c([N+](=O)[O-])cc(C(F)(F)F)cc1[N+](=O)[O-],False,1,1582-09-8,CCCN(CCC)c1c(cc(cc1[N+](=O)[O-])C(F)(F)F)[N+](=O)[O-],"InChI=1/C13H16F3N3O4/c1-3-5-17(6-4-2)12-10(18(20)21)7-9(13(14,15)16)8-11(12)19(22)23/h7-8H,3-6H2,1-2H3",Contact,LD50,,other:,µg/piece,µg/piece,species_based_piece_to_bee,100.0,>,,,censored_or_approximate,48.0,h,48.0,,,,mortality,False,e2c6603a-0321-4747-b380-a70f23ceb468,doi:10.2903/j.efsa.2009.327r,2009.0,True,True,True,True,False,True,False,0,0,0,True,structure_screen_only,True,True
85329cdd-e184-4036-88bb-9c0e67af5f86,778fff10-62fb-4331-948c-cb2eb38ca29b,3555,0d6b26d1-5085-4562-94f5-21a7dfe23226,1-Methylcyclopropene formulation (BAS 5-80),multi-constituent substance,ebc2ee0a-2074-4b21-a4aa-0dae2dc2815a,,,,,False,0,,,,Oral,LD50,,other:,mg/kg,mg/kg,ineligible_unit,,>,,,missing_or_ineligible,,,,,,,mortality,False,9c8ea17d-cb56-432f-91e0-a588b1e5ebfe,doi:10.2903/j.efsa.2005.30r,2005.0,False,False,False,False,False,False,False,-1,-1,-1,False,structure_screen_only,False,False
24b01262-63d7-49a8-b0e9-2d2c6c633e2d,16011fd3-9409-4439-8fee-832a89a140c9,3556,546393ff-7f34-4ba6-afde-cc9ea3ffcfde,Fenpicoxamid,mono-constituent substance,aff7cdf1-5398-480a-9c6d-b8632aa98e21,QGTOTYJSCYHYFK-XSARVHFWSA-N,QGTOTYJSCYHYFK,QGTOTYJSCYHYFK,COc1ccnc(C(=O)N[C@@H]2COC(=O)[C@H](Cc3ccccc3)[C@@H](OC(=O)C(C)C)[C@H](C)OC2=O)c1OCOC(=O)C(C)C,False,1,517875-34-2,C[C@H]1[C@@H]([C@H](C(=O)OC[C@H](C(=O)O1)NC(=O)C2=NC=CC(=C2OCOC(=O)C(C)C)OC)CC3=CC=CC=C3)OC(=O)C(C)C,"InChI=1S/C31H38N2O11/c1-17(2)28(35)42-16-41-26-23(39-6)12-13-32-24(26)27(34)33-22-15-40-30(37)21(14-20-10-8-7-9-11-20)25(19(5)43-31(22)38)44-29(36)18(3)4/h7-13,17-19,21-22,25H,14-16H2,1-6H3,(H,33,34)/t19-,21+,22+,25-/m0/s1",Contact,LD50,,other:,µg/piece,µg/piece,species_based_piece_to_bee,202.4,>,,,censored_or_approximate,,,,,,,mortality,False,30badc6f-6374-4afc-af0a-91ae5b7cd254,doi:10.2903/j.efsa.2018.5146,2018.0,False,True,True,True,True,True,False,0,0,0,True,structure_screen_only,True,False
42da3a23-7ba1-4396-839b-93410ddd403c,f998eb35-c049-418f-916a-2807202c76f4,3557,30e931a5-b31f-4dab-a919-dbf211924075,Fenazaquin,mono-constituent substance,46064248-97bb-47ff-b132-d1963e7a2bf3,DMYHGDXADUDKCQ-UHFFFAOYSA-N,DMYHGDXADUDKCQ,DMYHGDXADUDKCQ,CC(C)(C)c1ccc(CCOc2ncnc3ccccc23)cc1,False,1,120928-09-8,CC(C)(C)C3=CC=C(C=C3)CCOC1=NC=NC2=C1C=CC=C2,"InChI=1S/C20H22N2O/c1-20(2,3)16-10-8-15(9-11-16)12-13-23-19-17-6-4-5-7-18(17)21-14-22-19/h4-11,14H,12-13H2,1-3H3",Oral,LD50,,other:,µg/piece,µg/piece,species_based_piece_to_bee,4.29,,,,exact,48.0,h,48.0,,,,mortality,False,7afd1882-9405-475f-bc9d-45287fb5b96b,doi:10.2903/j.efsa.2013.3166,2013.0,True,True,True,True,False,True,False,0,1,1,True,structure_screen_only,True,True
c6edc222-e809-4b66-beac-4757ebb9a372,2134e54d-013d-40bf-a4b9-e890998c8305,3560,5de3fd35-a5c7-415c-926e-d863856a8bad,Famoxadone,mono-constituent substance,50e5b0d0-bd63-4c24-a734-fef91e6ea4e6,PCCSBWNGDMYFCW-UHFFFAOYSA-N,PCCSBWNGDMYFCW,PCCSBWNGDMYFCW,CC1(c2ccc(Oc3ccccc3)cc2)OC(=O)N(Nc2ccccc2)C1=O,False,1,131807-57-3,CC1(C(=O)N(C(=O)O1)NC2=CC=CC=C2)C3=CC=C(C=C3)OC4=CC=CC=C4,"InChI=1S/C22H18N2O4/c1-22(16-12-14-19(15-13-16)27-18-10-6-3-7-11-18)20(25)24(21(26)28-22)23-17-8-4-2-5-9-17/h2-15,23H,1H3",Contact,LD50,,other:,µg/piece,µg/piece,species_based_piece_to_bee,25.0,>,,,censored_or_approximate,48.0,h,48.0,,,,mortality,False,cc228e54-c2b3-4391-8c55-dcbf5fc8a504,doi:10.2903/j.efsa.2015.4194,2015.0,True,True,True,True,False,True,False,0,0,-1,True,structure_screen_only,True,True
e1515b5c-779a-4bcb-bdff-d6e9c5c7ccba,69ae5e41-d4e1-40ba-b8ec-fc3b7c4e2f93,3561,c17e113e-6370-4a50-985f-d98c4c3d0583,Amitrole,mono-constituent substance,e0dd3747-c525-4a75-a30f-c64e46996767,KLSJWNVTNUYHDU-UHFFFAOYSA-N,KLSJWNVTNUYHDU,KLSJWNVTNUYHDU,Nc1ncn[nH]1,False,1,61-82-5,C1=NNC(=N1)N,"InChI=1S/C2H4N4/c3-2-4-1-5-6-2/h1H,(H3,3,4,5,6)",Contact,LD50,,other:,µg/piece,µg/piece,species_based_piece_to_bee,100.0,>,,,censored_or_approximate,,,,,,,mortality,False,91b1fabd-c891-4d35-9379-c0f6e9e5bcf2,doi:10.2903/j.efsa.2014.3742,2014.0,True,True,True,True,False,True,False,0,0,0,True,structure_screen_only,True,False
1532a008-2fe9-414f-b810-903fb804e58b,ecfd503a-8992-48ae-90f5-bf3e2b8330b2,3564|3565,8b29bc03-cc0a-4ba2-ac9e-c3aa6a409757,Mecoprop-P,mono-constituent substance,d8f68e07-ccad-4086-99d6-fef815046e22,WNTGYJSOUMFZEP-SSDOTTSWSA-N,WNTGYJSOUMFZEP,WNTGYJSOUMFZEP,Cc1cc(Cl)ccc1O[C@H](C)C(=O)O,False,1,16484-77-8,C[C@@H](OC1=C(C)C=C(Cl)C=C1)C(O)=O,"InChI=1S/C10H11ClO3/c1-6-5-8(11)3-4-9(6)14-7(2)10(12)13/h3-5,7H,1-2H3,(H,12,13)/t7-/m1/s1",Oral,LD50,,other:,µg/piece,µg/piece,species_based_piece_to_bee,83.0,>,,,censored_or_approximate,48.0,h,48.0,,,,mortality,False,df421e86-d1fa-48f8-8445-344ef78b1b3e|e85276bc-9de7-4a61-b311-971e7137d8fb,"EFSA Journal 2023,21(10):8344, doi:10.2903/j.efsa.2023.8344|doi:10.2903/j.efsa.2017.4832",2017.0|2023.0,False,True,True,False,False,False,False,0,0,-1,True,structure_screen_only,True,True
02f86de5-5850-425a-accd-59705bfea04f,3a0e41be-2505-42b5-b80e-0d9de0fc200c,3566,32858068-f02d-4598-a25d-b270a94a5278,Flutolanil,mono-constituent substance,b1cd11b6-dfb6-41ae-b85f-bac11ec1ab43,PTCGDEVVHUXTMP-UHFFFAOYSA-N,PTCGDEVVHUXTMP,PTCGDEVVHUXTMP,CC(C)Oc1cccc(NC(=O)c2ccccc2C(F)(F)F)c1,False,1,66332-96-5,CC(C)OC1=CC=CC(=C1)NC(=O)C2=CC=CC=C2C(F)(F)F,"InChI=1S/C17H16F3NO2/c1-11(2)23-13-7-5-6-12(10-13)21-16(22)14-8-3-4-9-15(14)17(18,19)20/h3-11H,1-2H3,(H,21,22)",Oral,LD50,,µg/bee,,µg/bee,direct_ug_bee,208.7,>,,,censored_or_approximate,48.0,d,1152.0,Flutolanil Technical,,,mortality,True,4dd5f924-8295-44d0-8128-2b422a099fe1,"EFSA Journal 2023,21(6):7997, doi:10.2903/j.efsa.2023.7997",2023.0,True,True,True,True,True,True,False,0,0,0,True,structure_screen_only,True,False
d98080cf-3663-4fff-b5f2-76345abe3630,b0ae3a2f-67f0-489e-869c-3605b0f77796,3567,1fd4da2a-00e6-45c5-a73a-b32ace3ed91d,Aqueous extract from the germinated seeds of sweet Lupinus albus,multi-constituent substance,f61df749-22ec-47bb-8d99-d9ceb47d7180,,,,,False,0,,,,Oral,LD50,,other:,µg/piece,µg/piece,species_based_piece_to_bee,196.8,>,,,censored_or_approximate,,,,PROBLAD PLUS,,,mortality,True,ea217f4a-8d36-4ba3-919a-5af3e4654b30,doi:10.2903/j.efsa.2020.6190,2020.0,False,False,False,False,False,False,False,0,0,0,True,structure_screen_only,False,False
3959c8e9-bb66-41b2-9b99-264793d4d5ac,9175ac48-aeb6-4ec0-b8cd-4b8bb8db8987,3569,5d1907a1-6bea-40e1-8512-bd798a9b4fca,Imidacloprid,mono-constituent substance,c99b657a-c02d-48a3-9ad7-b6cf5838bde0,YWTYJOPNNQFBPC-UHFFFAOYSA-N,YWTYJOPNNQFBPC,YWTYJOPNNQFBPC,O=[N+]([O-])/N=C1\NCCN1Cc1ccc(Cl)nc1,False,1,138261-41-3,ClC(C=C2)=NC=C2CN1/C(NCC1)=N/[N+]([O-])=O,"InChI=1S/C9H10ClN5O2/c10-8-2-1-7(5-12-8)6-14-4-3-11-9(14)13-15(16)17/h1-2,5H,3-4,6H2,(H,11,13)",Oral,LD50,,other:,µg/piece,µg/piece,species_based_piece_to_bee,0.0037,,,,exact,48.0,h,48.0,,,,mortality,False,72e6d370-7cb4-4f1e-af7a-8bd7050b29d8,doi:10.2903/j.efsa.2016.4607,2016.0,True,True,True,True,True,True,False,1,1,1,True,structure_screen_only,True,True
989fc35f-529d-4e93-af48-360b01bf53f4,f3b51da3-43ec-4afa-9701-ae515e54617a,3570,1d4b107f-5abe-4373-852f-a7b56316506d,Nonanoic acid,mono-constituent substance,f5593343-afac-4ce2-b153-46198b55297a,FBUKVWPVBMHYJY-UHFFFAOYSA-N,FBUKVWPVBMHYJY,FBUKVWPVBMHYJY,CCCCCCCCC(=O)O,False,1,112-05-0,CCCCCCCCC(=O)O,"InChI=1S/C9H18O2/c1-2-3-4-5-6-7-8-9(10)11/h2-8H2,1H3,(H,10,11)",Oral,LD50,,other:,µg/piece,µg/piece,species_based_piece_to_bee,122.1,,,,exact,48.0,h,48.0,COM 508 16 H EW (Pelargonic acid 23.157%),,,mortality,True,5f799b33-7491-4195-8159-cc2d7115d0fd,doi:10.2903/j.efsa.2021.6813,2021.0,True,True,True,True,True,True,False,0,0,0,True,structure_screen_only,True,False
3a2bac12-3df9-455d-bd54-f464eef67800,134439ba-1023-417d-aa59-a0fa3380b188,3572,e5109e34-8c32-409e-a7f4-87a52026cbbc,Zoxamide,mono-constituent substance,c7c80a85-39d7-4f50-9c46-95f7268f06fa,SOUGWDPPRBKJEX-UHFFFAOYSA-N,SOUGWDPPRBKJEX,SOUGWDPPRBKJEX,CCC(C)(NC(=O)c1cc(Cl)c(C)c(Cl)c1)C(=O)CCl,False,1,156052-68-5,CCC(C)(C(=O)CCl)NC(=O)C1=CC(=C(C(=C1)Cl)C)Cl,"InChI=1S/C14H16Cl3NO2/c1-4-14(3,12(19)7-15)18-13(20)9-5-10(16)8(2)11(17)6-9/h5-6H,4,7H2,1-3H3,(H,18,20)",Contact,LD50,,other:,µg/piece,µg/piece,species_based_piece_to_bee,100.0,>,,,censored_or_approximate,,,,,,,mortality,False,0ce0bdb2-ca90-4e65-9ef4-c24b6b69f393,doi:10.2903/j.efsa.2017.4980,2017.0,True,True,True,True,False,True,False,0,0,0,True,structure_screen_only,True,False
4085a9fe-b0af-4918-aeb3-df2b25ba3dda,8022f6a1-a37a-4a87-a6ee-e38339baf07d,3573,7e0d703d-fb9f-4319-bf7a-825ef6043c25,Carbofuran,mono-constituent substance,724550da-0931-4880-855a-b1a35cc0209a,DUEPRVBVGDRKAG-UHFFFAOYSA-N,DUEPRVBVGDRKAG,DUEPRVBVGDRKAG,CNC(=O)Oc1cccc2c1OC(C)(C)C2,False,1,1563-66-2,CNC(=O)Oc1cccc2CC(C)(C)Oc12,"InChI=1/C12H15NO3/c1-12(2)7-8-5-4-6-9(10(8)16-12)15-11(14)13-3/h4-6H,7H2,1-3H3,(H,13,14)",Contact,LD50,,other:,µg/piece,µg/piece,species_based_piece_to_bee,0.0357,,,,exact,,,,,,,mortality,False,b1cf7e76-8ebe-41e3-ae32-74a8abc42859,doi:10.2903/j.efsa.2006.90r,2006.0,True,True,True,True,False,True,False,1,1,1,True,structure_screen_only,True,False
baa0559c-14a6-4c17-8e40-421ba13e4530,76ab3813-9b21-44af-a4c8-aa67c670e90c,3574,351bba11-8c12-4a7f-b934-72149ba59d79,Fluxapyroxad,mono-constituent substance,c8a291f0-a70b-413c-8b1f-3a08a8932a34,SXSGXWCSHSVPGB-UHFFFAOYSA-N,SXSGXWCSHSVPGB,SXSGXWCSHSVPGB,Cn1cc(C(=O)Nc2ccccc2-c2cc(F)c(F)c(F)c2)c(C(F)F)n1,False,1,907204-31-3,CN1C=C(C(=N1)C(F)F)C(=O)NC2=CC=CC=C2C3=CC(=C(C(=C3)F)F)F,"InChI=1S/C18H12F5N3O/c1-26-8-11(16(25-26)17(22)23)18(27)24-14-5-3-2-4-10(14)9-6-12(19)15(21)13(20)7-9/h2-8,17H,1H3,(H,24,27)",Oral,LD50,,other:,µg/piece,µg/piece,species_based_piece_to_bee,110.9,>,,,censored_or_approximate,,,,,,,mortality,False,a12e15e9-e554-404e-9550-efd6101c5097,"EFSA Journal 2012,10(1):2522, doi:10.2903/j.efsa.2012.2522",2012.0,True,True,True,True,True,True,False,0,0,0,True,structure_screen_only,True,False
198f0d9f-8e69-4ec2-b83e-4d3dd30e2cad,a8e64da4-63ae-4142-96a0-2c94a6c93807,3576,0b946696-7252-4ee0-b75f-2b3367534f88,Mancozeb,mono-constituent substance,8db17e10-236d-4b53-bdf2-24728cb07a97,,,,,False,0,8018-01-7,,,Oral,LD50,,other:,µg/piece,µg/piece,species_based_piece_to_bee,140.6,,,,exact,,,,,,,mortality,False,59a8521c-03f6-4298-b59e-228f05cd592c,doi:10.2903/j.efsa.2020.5755,2019.0,False,False,False,True,True,True,False,0,0,0,True,structure_screen_only,False,False
290ce3b2-87dd-4bb9-ad39-1bc73ca1eb3d,92bfebb7-c5df-46ed-84bb-c272c2662ec7,3578,0ea3181a-97ba-4452-a328-7c835aacdba1,Propoxycarbazone,mono-constituent substance,96f93f0e-2fbd-49a2-8bf0-c5748bd84009,JTHMVYBOQLDDIY-UHFFFAOYSA-N,JTHMVYBOQLDDIY,JTHMVYBOQLDDIY,CCCOc1nn(C(=O)NS(=O)(=O)c2ccccc2C(=O)OC)c(=O)n1C,False,1,145026-81-9,CCCOC1=NN(C(=O)N1C)C(=O)NS(=O)(=O)C2=CC=CC=C2C(=O)OC,"InChI=1S/C15H18N4O7S/c1-4-9-26-14-16-19(15(22)18(14)2)13(21)17-27(23,24)11-8-6-5-7-10(11)12(20)25-3/h5-8H,4,9H2,1-3H3,(H,17,21)",Contact,LD50,,other:,µg/piece,µg/piece,species_based_piece_to_bee,100.0,>,,,censored_or_approximate,48.0,h,48.0,ATTRIBUT SG70,,,mortality,True,e3d40140-6955-44a9-9491-5f62b312a81c,doi:10.2903/j.efsa.2016.4612,2016.0,True,True,True,True,True,True,False,0,0,0,True,structure_screen_only,True,False
d5f97b27-4093-4f30-a093-b5454a75f41e,851b0897-455a-43a6-aaa5-76d63c019765,3579,70bf91f9-c0b1-497e-b045-e1b71b7b76c7,Isoxaflutole,mono-constituent substance,51a6d017-bfdb-4d91-9350-4566b7f819cc,OYIKARCXOQLFHF-UHFFFAOYSA-N,OYIKARCXOQLFHF,OYIKARCXOQLFHF,CS(=O)(=O)c1cc(C(F)(F)F)ccc1C(=O)c1cnoc1C1CC1,False,1,141112-29-0,CS(=O)(=O)C1=C(C=CC(=C1)C(F)(F)F)C(=O)C2=C(ON=C2)C3CC3,"InChI=1S/C15H12F3NO4S/c1-24(21,22)12-6-9(15(16,17)18)4-5-10(12)13(20)11-7-19-23-14(11)8-2-3-8/h4-8H,2-3H2,1H3",Contact,LD50,,other:,µg/piece,µg/piece,species_based_piece_to_bee,100.0,>,,,censored_or_approximate,,,,,,,mortality,False,2589b4d3-f597-41e7-ad6f-3cce0f50d485,doi:10.2903/j.efsa.2016.4416,2016.0,True,True,True,True,True,True,False,0,0,0,True,structure_screen_only,True,False
b5c067ee-bdfb-4033-93b7-921d1c617c5c,d984c985-8931-4723-a068-d7daa57c722c,3581,478188d6-6562-4f91-835b-fd20f14714f4,Blood meal,multi-constituent substance,7565353e-0686-4a61-b4fb-2cfa696bc794,,,,,False,0,90989-74-5,,,Contact,LD50,,other:,µg/piece,µg/piece,species_based_piece_to_bee,200.0,>,,,censored_or_approximate,,,,Certosan (99.8% Blood meal),,,mortality,True,33fd193a-79f3-4890-93de-d0982594ddce,"EFSA Journal 2011,9(10):2394, doi:10.2903/j.efsa.2011.2394",2011.0,False,False,False,False,False,False,False,0,0,0,True,structure_screen_only,False,False
0d2ea170-cbd3-435e-9d65-e1134eb5e01c,94655b3f-3f96-4e56-961e-54c213c346aa,3582,5bd73b6b-675d-47e7-b6cd-f5a4b41d6b60,Penflufen,mono-constituent substance,4d673176-77f4-4efb-95d5-fcde0af6e801,GOFJDXZZHFNFLV-UHFFFAOYSA-N,GOFJDXZZHFNFLV,GOFJDXZZHFNFLV,Cc1nn(C)c(F)c1C(=O)Nc1ccccc1C(C)CC(C)C,False,1,494793-67-8,O=C(NC=1C=CC=CC1C(C)CC(C)C)C2=C(F)N(N=C2C)C,"InChI=1S/C18H24FN3O/c1-11(2)10-12(3)14-8-6-7-9-15(14)20-18(23)16-13(4)21-22(5)17(16)19/h6-9,11-12H,10H2,1-5H3,(H,20,23)",Oral,LD50,,other:,µg/piece,µg/piece,species_based_piece_to_bee,105.3,>,,,censored_or_approximate,,,,Penflufen FS 050,,,mortality,True,33e9d88d-cb27-48ef-bfb1-043dbeb2a1fa,doi:10.2903/j.efsa.2016.4604,2016.0,True,True,True,True,True,True,False,0,0,0,True,structure_screen_only,True,False
67e10a2b-a34e-46bc-8407-cb2976432366,7893feaa-153e-430d-a6d7-650a16886a3e,3583,3cfae1ca-e7dc-472a-bddc-cbc63c0be1eb,Oxydemeton-methyl,mono-constituent substance,8c53f065-7a87-44ea-8827-699902fe5b82,PMCVMORKVPSKHZ-UHFFFAOYSA-N,PMCVMORKVPSKHZ,PMCVMORKVPSKHZ,CCS(=O)CCSP(=O)(OC)OC,False,1,301-12-2,CCS(=O)CCSP(=O)(OC)OC,"InChI=1S/C6H15O4PS2/c1-4-13(8)6-5-12-11(7,9-2)10-3/h4-6H2,1-3H3",Oral,LD50,,other:,µg/piece,µg/piece,species_based_piece_to_bee,0.2,,,,exact,48.0,h,48.0,Formulation: Metasystox R 250 EC,,,mortality,True,3cc97cb4-ccf4-473d-bf1d-6fe248c8f5b0,doi:10.2903/j.efsa.2006.86r,2006.0,True,True,True,True,False,True,False,1,1,1,True,structure_screen_only,True,False
f1f8b006-66ca-4f4d-b9ad-3dc8b28009c2,d99d2dfa-4f93-4a2c-b61e-e3a1b40064de,3584,deab14ef-384e-44a8-8890-a460f185379d,Fluquinconazole,mono-constituent substance,122f772c-afbb-4960-8a55-1912af8a7332,IJJVMEJXYNJXOJ-UHFFFAOYSA-N,IJJVMEJXYNJXOJ,IJJVMEJXYNJXOJ,O=c1c2cc(F)ccc2nc(-n2cncn2)n1-c1ccc(Cl)cc1Cl,False,1,136426-54-5,Clc4ccc(N1C(=O)c3cc(F)ccc3N=C1n2cncn2)c(Cl)c4,InChI=1S/C16H8Cl2FN5O/c17-9-1-4-14(12(18)5-9)24-15(25)11-6-10(19)2-3-13(11)22-16(24)23-8-20-7-21-23/h1-8H,Oral,LD50,,other:,µg/piece,µg/piece,species_based_piece_to_bee,100.0,>,,,censored_or_approximate,48.0,h,48.0,,,,mortality,False,657a02e5-8c02-42b1-be51-73f20b1c8294,"EFSA Journal 2011,9(5):2096, doi:10.2903/j.efsa.2011.2096",2011.0,True,True,True,True,True,True,False,0,0,0,True,structure_screen_only,True,True
5394d7fa-8431-40e8-b9df-8923f3507110,1952483c-a6a1-4d46-bbd2-f93b6b652ae8,3585,62d434ab-569b-48b5-807f-9251b3dfbcc8,Tembotrione,mono-constituent substance,d2b1d76a-d9b2-4286-aa2c-7cc16262bcfd,IUQAXCIUEPFPSF-UHFFFAOYSA-N,IUQAXCIUEPFPSF,IUQAXCIUEPFPSF,CS(=O)(=O)c1ccc(C(=O)C2C(=O)CCCC2=O)c(Cl)c1COCC(F)(F)F,False,1,335104-84-2,CS(=O)(=O)C1=C(C(=C(C=C1)C(=O)C2C(=O)CCCC2=O)Cl)COCC(F)(F)F,"InChI=1S/C17H16ClF3O6S/c1-28(25,26)13-6-5-9(15(18)10(13)7-27-8-17(19,20)21)16(24)14-11(22)3-2-4-12(14)23/h5-6,14H,2-4,7-8H2,1H3",Contact,LD50,,other:,µg/piece,µg/piece,species_based_piece_to_bee,100.0,>,,,censored_or_approximate,,,,,,,mortality,False,785b6f2d-433d-4d10-9c99-d2f1a98dd6a1,doi:10.2903/j.efsa.2013.3131,2013.0,True,True,True,True,True,True,False,0,0,0,True,structure_screen_only,True,False
be4d5e91-e4fb-4f83-8a3f-f13566ca55a7,637352a1-2a86-4aa5-87ac-1760bd635d84,3588,d8dee37f-ac8e-4afb-97bc-b3566a8a3e03,Reynoutria sachalinensis extract,multi-constituent substance,f528c508-55ca-4a76-a915-e939aa3731e8,,,,,False,0,,,,Oral,LD50,,other:,µg/piece,µg/piece,species_based_piece_to_bee,100.0,>,,,censored_or_approximate,,,,Sakalia,,,mortality,True,e86b9ca3-1f2c-4859-9033-8296856b4f1c,doi:10.2903/j.efsa.2015.4221,2015.0,False,False,False,False,False,False,False,0,0,0,True,structure_screen_only,False,False
e4bae18d-061f-4fbc-9886-21dd5aa97ba6,25e85441-0151-4619-9c4b-9fc52140aec5,3590,c76d3f6b-60d6-4da9-8513-1a858c3f897f,Propanil,mono-constituent substance,8e9c226c-3a5b-4fb3-88ef-73f69361b5f3,LFULEKSKNZEWOE-UHFFFAOYSA-N,LFULEKSKNZEWOE,LFULEKSKNZEWOE,CCC(=O)Nc1ccc(Cl)c(Cl)c1,False,1,709-98-8,CCC(=O)Nc1ccc(Cl)c(Cl)c1,"InChI=1S/C9H9Cl2NO/c1-2-9(13)12-6-3-4-7(10)8(11)5-6/h3-5H,2H2,1H3,(H,12,13)",Oral,LD50,,other:,µg/piece,µg/piece,species_based_piece_to_bee,94.26,>,,,censored_or_approximate,48.0,h,48.0,Propanil 60 (formulation),,,mortality,True,c62ffef0-95fc-434c-b7f5-3d2633fb8049,"EFSA Journal 2011,9(3):2085, doi:10.2903/j.efsa.2011.2085",2011.0,True,True,True,True,False,True,False,0,0,-1,True,structure_screen_only,True,False
bb135441-0e77-49e2-bec0-0c14cd1bb87a,ae08990e-b69e-4156-8db7-3bd88db5bcb2,3591,ebaf4d01-665e-4d51-85e6-d7ab83e21d59,Mandestrobin,mono-constituent substance,466e9e2f-7700-423a-9d8e-7e6aa39e46bf,,,,,False,0,173662-97-0,,,Contact,LD50,,other:,µg/piece,µg/piece,species_based_piece_to_bee,100.0,>,,,censored_or_approximate,,,,,,,mortality,False,855d4abc-8b94-44d9-83a3-9f280554cde8,doi:10.2903/j.efsa.2015.4100,2015.0,False,False,False,True,False,True,False,0,0,0,True,structure_screen_only,False,False
a1deb3c5-b169-4840-a10b-3f906349e991,395680b2-0a50-4615-8920-afb580738de0,3592,8a622d31-fd8c-4d31-943f-e9c9bd3a695f,1-naphthylacetic acid,mono-constituent substance,54d7e074-82e2-461b-a1f1-ecf4db73e68f,PRPINYUDVPFIRX-UHFFFAOYSA-N,PRPINYUDVPFIRX,PRPINYUDVPFIRX,O=C(O)Cc1cccc2ccccc12,False,1,86-87-3,OC(=O)Cc1cccc2ccccc12,"InChI=1/C12H10O2/c13-12(14)8-10-6-3-5-9-4-1-2-7-11(9)10/h1-7H,8H2,(H,13,14)",Oral,LD50,,other:,µg/piece,µg/piece,species_based_piece_to_bee,120.0,>,,,censored_or_approximate,,,,,,,mortality,False,21e7e8a8-fabe-4a07-9819-a7516c72c58c,"EFSA Journal 2011,9(2):2019, doi:10.2903/j.efsa.2011.2019",2011.0,True,True,True,True,False,True,False,0,0,0,True,structure_screen_only,True,False
070b4ed6-6abe-4187-b180-3651a6385198,d41eb878-9fa2-4147-9593-d06b57e5a423,3594,78977381-ec20-41b6-b97c-36bafddaa8d5,Flupyradifurone,mono-constituent substance,8a18e965-f13e-4291-8ff5-1c202441f2a9,QOIYTRGFOFZNKF-UHFFFAOYSA-N,QOIYTRGFOFZNKF,QOIYTRGFOFZNKF,O=C1C=C(N(Cc2ccc(Cl)nc2)CC(F)F)CO1,False,1,951659-40-8,C1C(=CC(=O)O1)N(CC2=CN=C(C=C2)Cl)CC(F)F,"InChI=1S/C12H11ClF2N2O2/c13-10-2-1-8(4-16-10)5-17(6-11(14)15)9-3-12(18)19-7-9/h1-4,11H,5-7H2",Oral,LD50,,other:,µg/piece,µg/piece,species_based_piece_to_bee,1.2,,,,exact,,,,,,,mortality,False,c804893b-69b5-4cae-beb2-eb38b0351428,doi:10.2903/j.efsa.2015.4020,2015.0,True,True,True,True,False,True,False,0,1,1,True,structure_screen_only,True,False
c6de7cde-d5ef-4711-b6ab-074ab71a0a77,e12cebfb-aa70-4b1c-8e66-ce995e769f2c,3595,4e867e71-ea6e-4a52-a92f-fe0de0f9090f,Proquinazid,mono-constituent substance,4030dc68-9bd6-40a5-bf9e-af03e5949ebc,FLVBXVXXXMLMOX-UHFFFAOYSA-N,FLVBXVXXXMLMOX,FLVBXVXXXMLMOX,CCCOc1nc2ccc(I)cc2c(=O)n1CCC,False,1,189278-12-4,CCCN1C(=O)C2=C(C=CC(=C2)I)N=C1OCCC,"InChI=1S/C14H17IN2O2/c1-3-7-17-13(18)11-9-10(15)5-6-12(11)16-14(17)19-8-4-2/h5-6,9H,3-4,7-8H2,1-2H3",Oral,LD50,,other:,µg/piece,µg/piece,species_based_piece_to_bee,125.0,>,,,censored_or_approximate,48.0,h,48.0,,,,mortality,False,5ebbfc12-ea1f-4327-b564-ccdbea3a7328,doi:10.2903/j.efsa.2009.1350,2009.0,True,True,True,True,True,True,False,0,0,0,True,structure_screen_only,True,True
c3801815-b4e0-4a56-8ebd-28b35c556131,3ab61675-c2bc-478e-a94c-c57bf15ae9b9,3596,0048d075-d1f9-4b12-b806-c0e845a6f424,Thiamethoxam,mono-constituent substance,e63cc611-77aa-46b3-a39c-2d7cda4986b6,NWWZPOKUUAIXIW-DHZHZOJOSA-N,NWWZPOKUUAIXIW,NWWZPOKUUAIXIW,CN1COCN(Cc2cnc(Cl)s2)/C1=N/[N+](=O)[O-],False,1,153719-23-4,CN\1COCN(/C1=N/[N+](=O)[O-])CC2=CN=C(S2)Cl,"InChI=1S/C8H10ClN5O3S/c1-12-4-17-5-13(8(12)11-14(15)16)3-6-2-10-7(9)18-6/h2H,3-5H2,1H3/b11-8+",Contact,LD50,,other:,µg/piece,µg/piece,species_based_piece_to_bee,0.024,,,,exact,,,,,,,mortality,False,78055bca-b9cd-4a74-a772-8557097a83b3,doi:10.2903/j.efsa.2015.4212,2015.0,False,True,True,True,False,True,False,1,1,1,True,structure_screen_only,True,False
ed9a592c-d67c-47b9-85bc-d834284798b5,3f551866-56f9-4f24-acda-ebd9efdce392,3597,4676618c-ff4f-416c-a0f2-ed41c7fa0a0f,Rapeseed oil formulation (NEU 1161 I),multi-constituent substance,00643c57-3d40-4426-93f7-88f6c3b6604b,,,,,False,0,,,,Oral,LD50,,other:,µg/piece,µg/piece,species_based_piece_to_bee,2572.0,>,,,censored_or_approximate,,,,NEU 1160 I EC Rape seed oil 96%,,,mortality,True,e605927c-9032-4b62-999e-3aa19e768014,doi:10.2903/j.efsa.2022.7305,2022.0,False,False,False,False,False,False,False,0,0,0,True,structure_screen_only,False,False
6f95107d-512f-4445-8d39-f1a4a69582e8,c7a541e7-ac22-4939-8456-92bbbc25f406,3598,d1ab25b9-e065-4d45-98d6-b96c55dd1402,Sheep fat formulation (Trico K 715-4B),multi-constituent substance,cc91354b-b2ac-40b8-8d38-09f87f7b76b6,,,,,False,0,,,,Oral,LD50,,other:,µg/piece,µg/piece,species_based_piece_to_bee,100.0,>,,,censored_or_approximate,,,,,,,mortality,False,5fb9a3f1-c8e5-4e61-aaa3-a449e65db1c7,doi:10.2903/j.efsa.2022.7073,2022.0,False,False,False,False,False,False,False,0,0,0,True,structure_screen_only,False,False
d898bcc7-58be-451d-b4b7-6e51dfe93e78,2992d013-ad27-459d-b677-fc76c2cd9272,3601,96a5ebaf-a86d-4b13-8396-1e0d85a59fd4,Lufenuron (any ratio of constituent isomers),mono-constituent substance,bddda63f-a92e-4724-905c-19a42025ad8d,,,,,False,0,,,,Oral,LD50,,other:,µg/piece,µg/piece,species_based_piece_to_bee,197.0,>,,,censored_or_approximate,48.0,h,48.0,,,,mortality,False,c726555e-031e-4828-9cfa-40f93dd00af1,doi:10.2903/j.efsa.2009.189r,2009.0,False,False,False,False,False,False,False,0,0,0,True,structure_screen_only,False,False
80e249be-bd6e-403f-a8b7-94c76c705dd2,ac2c1ce0-e182-4595-8ef2-06e47d0beabe,3604,55b6b273-5946-478b-af69-f5424f2913ea,Bordeaux mixture formulation (WP),multi-constituent substance,cb6ceea5-b3e5-4c02-901f-da65d2f3df1f,,,,,False,0,,,,Contact,LD50,,other:,µg/piece,µg/piece,species_based_piece_to_bee,25.2,>,,,censored_or_approximate,,,,,,,mortality,False,317a7bf0-b2ac-4c6b-8dc3-8b1806c0ad62,doi:10.2903/j.efsa.2018.5152,2018.0,False,False,False,False,False,False,False,0,0,-1,True,structure_screen_only,False,False
ba615e46-f577-4379-95fb-da56c01b47c0,3ff5a5e1-8590-4904-bfeb-81cdd71f4e7d,3605,96fcb65a-4ac0-4237-b54f-91284f938477,Cypermethrin,mono-constituent substance,3ee3d99f-b537-4978-a6f6-d39c225e08d7,KAATUXNTWXVJKI-UHFFFAOYSA-N,KAATUXNTWXVJKI,KAATUXNTWXVJKI,CC1(C)C(C=C(Cl)Cl)C1C(=O)OC(C#N)c1cccc(Oc2ccccc2)c1,False,1,52315-07-8,CC1(C(C1C(=O)OC(C#N)C2=CC(=CC=C2)OC3=CC=CC=C3)C=C(Cl)Cl)C,"InChI=1S/C22H19Cl2NO3/c1-22(2)17(12-19(23)24)20(22)21(26)28-18(13-25)14-7-6-10-16(11-14)27-15-8-4-3-5-9-15/h3-12,17-18,20H,1-2H3",Contact,NOAEL,,other:,µg/piece,µg/piece,species_based_piece_to_bee,0.0206,,,,exact,,,,,,,mortality,False,2c188888-c063-4ed5-b26f-d8513bbaa287,"EFSA Journal 2018,16(8):5402, doi:10.2903/j.efsa.2018.5402",2018.0,True,True,True,False,False,False,False,1,1,1,False,structure_screen_only,False,False
799d75f5-834b-4b9c-b0f1-917d1b983be5,03647760-8975-417e-ac35-a8df39306a8f,3606|3607,c3ea0f17-3bd8-461e-8ae6-f8dca9ac3fc3,Mepanipyrim,mono-constituent substance,4171a4a9-75b5-4328-b4b1-e15dc9d203eb,CIFWZNRJIBNXRE-UHFFFAOYSA-N,CIFWZNRJIBNXRE,CIFWZNRJIBNXRE,CC#Cc1cc(C)nc(Nc2ccccc2)n1,False,1,110235-47-7,CC#CC1=CC(=NC(=N1)NC2=CC=CC=C2)C,"InChI=1S/C14H13N3/c1-3-7-13-10-11(2)15-14(17-13)16-12-8-5-4-6-9-12/h4-6,8-10H,1-2H3,(H,15,16,17)",Contact,LD50,,other:,µg/piece,µg/piece,species_based_piece_to_bee,80.0,>,,,censored_or_approximate,,,,Frupica 50 WP,act. ingr.,,mortality,True,9eae3a5b-eceb-4fb8-bedb-a37fc3592c22|fbfefd03-773e-475e-b61f-0b97477c699a,doi:10.2903/j.efsa.2017.4852|doi:10.2903/j.efsa.2023.8196,2017.0|2023.0,True,True,True,True,True,True,False,0,0,-1,True,structure_screen_only,True,False
149edcc8-98aa-43fa-9162-dc792bd02a0c,76290334-19e8-43dc-9db3-5b38b8144825,3608,d650b8b9-dcd0-4525-93a5-5d9a7e7bb41d,Phosmet,mono-constituent substance,26b30cce-00d9-4b4e-8121-4a79f2113df0,LMNZTLDVJIUSHT-UHFFFAOYSA-N,LMNZTLDVJIUSHT,LMNZTLDVJIUSHT,COP(=S)(OC)SCN1C(=O)c2ccccc2C1=O,False,1,732-11-6,COP(=S)(OC)SCN1C(=O)c2ccccc2C1=O,"InChI=1S/C11H12NO4PS2/c1-15-17(18,16-2)19-7-12-10(13)8-5-3-4-6-9(8)11(12)14/h3-6H,7H2,1-2H3",Contact,LD50,,other:,µg/piece,µg/piece,species_based_piece_to_bee,0.22,,,,exact,48.0,h,48.0,,,,mortality,False,8e1af3bc-fec6-44a3-9cd5-d7a366e349e4,"EFSA Journal 2011,9(5):2162, doi:10.2903/j.efsa.2011.2162",2011.0,True,True,True,True,False,True,False,1,1,1,True,structure_screen_only,True,True
5c3241be-ca4c-4018-81b9-c72b6e9a0a47,0cda4c3f-337d-420f-b652-ad81450f1137,3609,478188d6-6562-4f91-835b-fd20f14714f4,Blood meal,multi-constituent substance,7565353e-0686-4a61-b4fb-2cfa696bc794,,,,,False,0,90989-74-5,,,Oral,LD50,,other:,µg/piece,µg/piece,species_based_piece_to_bee,198.0,>,,,censored_or_approximate,,,,Certosan (99.8% Blood meal),,,mortality,True,33fd193a-79f3-4890-93de-d0982594ddce,"EFSA Journal 2011,9(10):2394, doi:10.2903/j.efsa.2011.2394",2011.0,False,False,False,False,False,False,False,0,0,0,True,structure_screen_only,False,False
5307d954-68ce-44cf-affd-868ba54d1c76,1a28b30b-edba-4dd2-9bad-c645139e0fe3,3611,0d79f0b8-1028-4485-97f0-86a6c9fa4d3a,Metamitron,mono-constituent substance,a03c260c-3bc9-40e6-ac8c-9ad557f16c49,VHCNQEUWZYOAEV-UHFFFAOYSA-N,VHCNQEUWZYOAEV,VHCNQEUWZYOAEV,Cc1nnc(-c2ccccc2)c(=O)n1N,False,1,41394-05-2,O=C1C(C2=CC=CC=C2)=NN=C(C)N1N,"InChI=1S/C10H10N4O/c1-7-12-13-9(10(15)14(7)11)8-5-3-2-4-6-8/h2-6H,11H2,1H3",Oral,LD50,,other:,µg/piece,µg/piece,species_based_piece_to_bee,97.2,>,,,censored_or_approximate,48.0,h,48.0,,,,mortality,False,61ae3ccd-75ed-4f02-8875-c222a3476cee,doi:10.2903/j.efsa.2008.185r,2008.0,True,True,True,True,True,True,False,0,0,-1,True,structure_screen_only,True,True
6ea6d833-a082-463e-aa47-38b8f2b73392,cd795257-d3cd-4d6e-885b-c998498cacf0,3612,ef78e964-29c6-4aa7-bb1e-05187e9b87dd,Eugenol formulation (Mevalone 3AEY),multi-constituent substance,6a0b8204-c914-4237-8dde-dad5b8ee7d8d,,,,,False,0,,,,Contact,LD50,,other:,µg/piece,µg/piece,species_based_piece_to_bee,200.0,>,,,censored_or_approximate,,,,,,,mortality,False,c7629c1c-8502-4e40-9ed3-1dc4aef16957,"EFSA Journal 2012,10(11):2914, doi:10.2903/j.efsa.2012.2914",2012.0,False,False,False,False,False,False,False,0,0,0,True,structure_screen_only,False,False
8bfc4889-2f25-4a99-a10b-e9762940411c,56bcc92a-9bc0-4e8c-9a53-690e27ee4d42,3613,77509bc4-d66b-4660-8b86-e485d90475ab,Triazoxide,mono-constituent substance,17c8fe5c-24e1-4160-86f9-855482e09a22,IQGKIPDJXCAMSM-UHFFFAOYSA-N,IQGKIPDJXCAMSM,IQGKIPDJXCAMSM,[O-][n+]1nc(-n2ccnc2)nc2ccc(Cl)cc21,False,1,72459-58-6,Clc1ccc2nc(n[n+]([O-])c2c1)n3ccnc3,InChI=1S/C10H6ClN5O/c11-7-1-2-8-9(5-7)16(17)14-10(13-8)15-4-3-12-6-15/h1-6H,Contact,LD50,,other:,µg/piece,µg/piece,species_based_piece_to_bee,200.0,>,,,censored_or_approximate,48.0,h,48.0,,,,mortality,False,cc5ebae1-62dc-4feb-84a8-b3682839e429,"EFSA Journal 2011,9(3):2018, doi:10.2903/j.efsa.2011.2018",2011.0,True,True,True,True,True,True,False,0,0,0,True,structure_screen_only,True,True
63fda000-a9a7-4870-82c9-cdcff887d6bc,77d9383a-a34d-4e08-ae08-f91adb77c2d1,3614,7e050a9a-6834-4ef8-a7a9-e8b230f20082,Penoxsulam,mono-constituent substance,a3e4857f-50ee-4bf5-964b-296d827c5969,SYJGKVOENHZYMQ-UHFFFAOYSA-N,SYJGKVOENHZYMQ,SYJGKVOENHZYMQ,COc1cnc(OC)n2nc(NS(=O)(=O)c3c(OCC(F)F)cccc3C(F)(F)F)nc12,False,1,219714-96-2,COC1=CN=C(N2C1=NC(=N2)NS(=O)(=O)C3=C(C=CC=C3OCC(F)F)C(F)(F)F)OC,"InChI=1S/C16H14F5N5O5S/c1-29-10-6-22-15(30-2)26-13(10)23-14(24-26)25-32(27,28)12-8(16(19,20)21)4-3-5-9(12)31-7-11(17)18/h3-6,11H,7H2,1-2H3,(H,24,25)",Oral,LD50,,µg/bee,,µg/bee,direct_ug_bee,7.36,>,,,censored_or_approximate,,,,Preparation (GF-1075),act. ingr.,,mortality,True,7220e86c-692f-4e90-bf38-72de40d4a72e,EFSA Journal. 2024;22:e9055; doi:10.2903/j.efsa.2024.9055,2024.0,True,True,True,True,False,True,False,0,-1,-1,True,structure_screen_only,True,False
da27f4d4-ef70-443b-a1ce-573144008bf1,76fea406-6344-4fe1-a170-e8f0367702e7,3618,c5ca90ae-6289-4101-aebb-19bad073d91c,"3,7,11-Trimethyldodeca-2,6,10-trien-1-ol",mono-constituent substance,43fc03f3-204a-4f84-b470-90ecdc180919,CRDAMVZIKSXKFV-YFVJMOTDSA-N,CRDAMVZIKSXKFV,CRDAMVZIKSXKFV,CC(C)=CCC/C(C)=C/CC/C(C)=C/CO,False,1,4602-84-0,OC/C=C(C)/CC/C=C(C)/CC/C=C(C)/C,"InChI=1S/C15H26O/c1-13(2)7-5-8-14(3)9-6-10-15(4)11-12-16/h7,9,11,16H,5-6,8,10,12H2,1-4H3/b14-9+,15-11+",Contact,LD50,,other:,µg/piece,µg/piece,species_based_piece_to_bee,100.0,>,,,censored_or_approximate,,,,,,,mortality,False,5a5177d0-6130-41ad-bcf6-613e7d23fb60,doi:10.2903/j.efsa.2020.5986,2020.0,False,True,True,True,False,True,False,0,0,0,True,structure_screen_only,True,False
163db8e6-504c-4951-b608-39cb9773d5bf,9d091959-9148-40c0-8aed-29999a73a012,3619|3620,5bd50aa0-13b4-4994-907c-119bf1348482,Dichlorprop-P-2-ethylhexyl,mono-constituent substance,f2271b99-670a-444c-965a-9333dab629c2,CEEDFYRUPAWDOU-PZORYLMUSA-N,CEEDFYRUPAWDOU,CEEDFYRUPAWDOU,CCCCC(CC)COC(=O)[C@@H](C)Oc1ccc(Cl)cc1Cl,False,1,865363-39-9,CCCCC(CC)COC(=O)[C@@H](C)OC1=C(C=C(C=C1)Cl)Cl,"InChI=1S/C17H24Cl2O3/c1-4-6-7-13(5-2)11-21-17(20)12(3)22-16-9-8-14(18)10-15(16)19/h8-10,12-13H,4-7,11H2,1-3H3/t12-,13?/m1/s1",Oral,LD50,,other:,µg/piece,µg/piece,species_based_piece_to_bee,178.1,>,,,censored_or_approximate,,,,,,,mortality,False,8756ea66-3793-4903-9527-af1cda33ace4|e469552f-3c2c-4327-8373-b831aa8e55a5,"DOI:10.2903/j.efsa.2024.8658|EFSA Journal 2018,16(5):5288, doi:10.2903/j.efsa.2018.5288",2018.0|2024.0,False,True,True,True,False,True,False,0,0,0,True,structure_screen_only,True,False
d5447ae2-f684-411a-b9c4-054e89b086dc,b7451df5-a7a0-42dd-92ca-32d99abdec28,3621,30e931a5-b31f-4dab-a919-dbf211924075,Fenazaquin,mono-constituent substance,46064248-97bb-47ff-b132-d1963e7a2bf3,DMYHGDXADUDKCQ-UHFFFAOYSA-N,DMYHGDXADUDKCQ,DMYHGDXADUDKCQ,CC(C)(C)c1ccc(CCOc2ncnc3ccccc23)cc1,False,1,120928-09-8,CC(C)(C)C3=CC=C(C=C3)CCOC1=NC=NC2=C1C=CC=C2,"InChI=1S/C20H22N2O/c1-20(2,3)16-10-8-15(9-11-16)12-13-23-19-17-6-4-5-7-18(17)21-14-22-19/h4-11,14H,12-13H2,1-3H3",Contact,LD50,,other:,µg/piece,µg/piece,species_based_piece_to_bee,1.21,,,,exact,48.0,h,48.0,,,,mortality,False,d1dec5b0-a8fb-482d-b719-682b10119226,doi:10.2903/j.efsa.2010.1892,2010.0,True,True,True,True,False,True,False,0,1,1,True,structure_screen_only,True,True
686bb376-a097-43a1-9ad2-8025b4defb9a,e81ec868-8fb0-4b50-a49a-c3837a8d765f,3622,3fed1e8b-f189-4e60-8936-afa79a604189,Flufenoxuron,mono-constituent substance,5490335e-ca14-4cb7-bc39-b03cf3d08290,RYLHNOVXKPXDIP-UHFFFAOYSA-N,RYLHNOVXKPXDIP,RYLHNOVXKPXDIP,O=C(NC(=O)c1c(F)cccc1F)Nc1ccc(Oc2ccc(C(F)(F)F)cc2Cl)cc1F,False,1,101463-69-8,O=C(NC(NC2=C(F)C=C(OC3=C(Cl)C=C(C(F)(F)F)C=C3)C=C2)=O)C1=C(F)C=CC=C1F,"InChI=1S/C21H11ClF6N2O3/c22-12-8-10(21(26,27)28)4-7-17(12)33-11-5-6-16(15(25)9-11)29-20(32)30-19(31)18-13(23)2-1-3-14(18)24/h1-9H,(H2,29,30,31,32)",Contact,LD50,,other:,µg/piece,µg/piece,species_based_piece_to_bee,100.0,>,,,censored_or_approximate,48.0,h,48.0,,,,mortality,False,5fc2529b-8c4c-4f94-bcd5-3251458e5eae,"EFSA Journal 2011,9(3):2088, doi:10.2903/j.efsa.2011.2088",2011.0,True,True,True,True,True,True,False,0,0,0,True,structure_screen_only,True,True
7e23d5e0-610e-40d5-bc59-e50ffee37656,ca762758-f9e4-4a99-9778-93e6be4cf7a8,3623,482c0108-ff32-4e64-948e-9ec7d7a6a4ca,Ethephon,mono-constituent substance,02ae2dad-69ad-41f3-abea-12398efded6b,UDPGUMQDCGORJQ-UHFFFAOYSA-N,UDPGUMQDCGORJQ,UDPGUMQDCGORJQ,O=P(O)(O)CCCl,False,1,16672-87-0,ClCCP(O)(=O)O,"InChI=1S/C2H6ClO3P/c3-1-2-7(4,5)6/h1-2H2,(H2,4,5,6)",Contact,LD50,,other:,µg/piece,µg/piece,species_based_piece_to_bee,100.0,>,,,censored_or_approximate,48.0,h,48.0,,,,mortality,False,34d107db-5d41-4db3-a48f-81c7cbb7efec,doi:10.2903/j.efsa.2009.174r,2009.0,True,True,True,True,False,True,False,0,0,0,True,structure_screen_only,True,True
cd9192cd-8819-41d9-8e64-2dba887f2bff,fd7f6536-915f-4f13-aaa9-93725103fe27,3624,b100ac12-743d-4259-adc9-ab309cf52ad4,Kresoxim-methyl,mono-constituent substance,f594b446-3b36-40cb-a7f6-7acf0aa52f79,ZOTBXTZVPHCKPN-HTXNQAPBSA-N,ZOTBXTZVPHCKPN,ZOTBXTZVPHCKPN,CO/N=C(/C(=O)OC)c1ccccc1COc1ccccc1C,False,1,143390-89-0,CC1=CC=CC=C1OCC2=CC=CC=C2/C(=N\OC)/C(=O)OC,"InChI=1S/C18H19NO4/c1-13-8-4-7-11-16(13)23-12-14-9-5-6-10-15(14)17(19-22-3)18(20)21-2/h4-11H,12H2,1-3H3/b19-17+",Contact,LD50,,other:,µg/piece,µg/piece,species_based_piece_to_bee,100.0,>,,,censored_or_approximate,48.0,h,48.0,,,,mortality,False,e3661b8e-d2ad-47a8-ba91-a40e0e92a509,doi:10.2903/j.efsa.2010.1891,2010.0,False,True,True,True,False,True,False,0,0,0,True,structure_screen_only,True,True
a02061fa-62a3-4aae-bc7e-0986f0b87460,80a3c52e-992b-479b-ad80-987f51a78146,3626,fefca5e1-4893-4a5a-a98d-71e9f22976ac,Clofentezine,mono-constituent substance,2969a03d-f907-4b0a-9a0b-84774f470b1d,UXADOQPNKNTIHB-UHFFFAOYSA-N,UXADOQPNKNTIHB,UXADOQPNKNTIHB,Clc1ccccc1-c1nnc(-c2ccccc2Cl)nn1,False,1,74115-24-5,C1=CC=C(C(=C1)C2=NN=C(N=N2)C3=CC=CC=C3Cl)Cl,InChI=1S/C14H8Cl2N4/c15-11-7-3-1-5-9(11)13-17-19-14(20-18-13)10-6-2-4-8-12(10)16/h1-8H,Contact,LD50,,other:,µg/piece,µg/piece,species_based_piece_to_bee,84.5,>,,,censored_or_approximate,48.0,h,48.0,,,,mortality,False,cb4c03f5-cd4f-4d67-a9b5-64a52de21628,doi:10.2903/j.efsa.2009.269r,2009.0,True,True,True,True,False,True,False,0,0,-1,True,structure_screen_only,True,True
798fa6f0-5ce1-4884-9096-003813911d93,18885d8c-576a-4249-aceb-4377e5328fbc,3627,a8399645-cdd4-43cd-8d23-dd9dd781a96a,Fludioxonil,mono-constituent substance,f5915f9d-a6ca-4f53-8b90-1b487ad207f7,MUJOIMFVNIBMKC-UHFFFAOYSA-N,MUJOIMFVNIBMKC,MUJOIMFVNIBMKC,N#Cc1c[nH]cc1-c1cccc2c1OC(F)(F)O2,False,1,131341-86-1,FC3(F)OC(C(O3)=CC=C2)=C2C1=CNC=C1C#N,"InChI=1S/C12H6F2N2O2/c13-12(14)17-10-3-1-2-8(11(10)18-12)9-6-16-5-7(9)4-15/h1-3,5-6,16H",Contact,LD50,,µg/bee,,µg/bee,direct_ug_bee,24.0,>,,,censored_or_approximate,48.0,h,48.0,A8207M,act. ingr.,,mortality,True,97a7eddf-cc23-4ea2-b19d-6538771dde90,EFSA Journal. 2024;22:e9047; doi:10.2903/j.efsa.2024.9047,2024.0,True,True,True,True,False,True,False,0,0,-1,True,structure_screen_only,True,False
0b84fd7a-def1-4f63-81f9-697c584ec5b8,cc2fe60f-48ab-41b5-98c2-8fba6835ea59,3631,d9c10f72-1e93-44d3-9c5c-30fde26cf2e1,Benalaxyl,mono-constituent substance,daabad54-7d96-45f5-bb6f-ce052a0e0d58,CJPQIRJHIZUAQP-UHFFFAOYSA-N,CJPQIRJHIZUAQP,CJPQIRJHIZUAQP,COC(=O)C(C)N(C(=O)Cc1ccccc1)c1c(C)cccc1C,False,1,71626-11-4,CC1=C(C(=CC=C1)C)N(C(C)C(=O)OC)C(=O)CC2=CC=CC=C2,"InChI=1S/C20H23NO3/c1-14-9-8-10-15(2)19(14)21(16(3)20(23)24-4)18(22)13-17-11-6-5-7-12-17/h5-12,16H,13H2,1-4H3",Contact,LD50,,other:,µg/piece,µg/piece,species_based_piece_to_bee,100.0,>,,,censored_or_approximate,,,,,,,mortality,False,5a1c325f-22a6-41bf-a3df-64caf9fbae13,doi:10.2903/j.efsa.2020.5985,2020.0,True,True,True,True,True,True,False,0,0,0,True,structure_screen_only,True,False
ff826193-8160-427b-a9bd-df204e17dcba,92d32177-3079-4692-85fd-1a274b1a3c0d,3634,0048d075-d1f9-4b12-b806-c0e845a6f424,Thiamethoxam,mono-constituent substance,e63cc611-77aa-46b3-a39c-2d7cda4986b6,NWWZPOKUUAIXIW-DHZHZOJOSA-N,NWWZPOKUUAIXIW,NWWZPOKUUAIXIW,CN1COCN(Cc2cnc(Cl)s2)/C1=N/[N+](=O)[O-],False,1,153719-23-4,CN\1COCN(/C1=N/[N+](=O)[O-])CC2=CN=C(S2)Cl,"InChI=1S/C8H10ClN5O3S/c1-12-4-17-5-13(8(12)11-14(15)16)3-6-2-10-7(9)18-6/h2H,3-5H2,1H3/b11-8+",Oral,LD50,,other:,µg/piece,µg/piece,species_based_piece_to_bee,0.00631,,,,exact,48.0,h,48.0,Formulation: Actara (25.2 % thiamethoxam),,,mortality,True,9b2995b9-c35c-4ab9-84b0-7654eb4b596d,doi:10.2903/j.efsa.2012.2601,2012.0,False,True,True,True,False,True,False,1,1,1,True,structure_screen_only,True,False
07d2889a-d36c-41cf-8874-59998bfdc8b2,f42367c0-83c3-4430-a5dc-a100b185f662,3641,d7a2bbf7-7f38-48de-a2eb-ed2e68ed53fd,Kaolin calcined,multi-constituent substance,943af70f-bcac-49fa-b131-6b3307e5ced0,RUYJNKYXOHIGPH-UHFFFAOYSA-N,RUYJNKYXOHIGPH,KDJOAYSYCXTQGG,[Al+3].[Al+3].[O-][Si]([O-])([O-])O[Si]([O-])([O-])[O-],False,3,92704-41-1,[Al+3].[Al+3].[O-][Si]([O-])([O-])O[Si]([O-])([O-])[O-],"InChI=1S/2Al.O7Si2/c;;1-8(2,3)7-9(4,5)6/q2*+3;-6",Contact,LD50,,µg/bee,,µg/bee,direct_ug_bee,500.0,>,,,censored_or_approximate,48.0,h,48.0,SOKALCIARBO WP,act. ingr.,,mortality,True,ee07d882-0565-4e91-914a-9f3b74e9749d,"EFSA Journal 2022,20(11):7637, doi:10.2903/j.efsa.2022.7637",2022.0,True,True,True,True,True,True,False,0,0,0,True,structure_screen_only,False,False
1644d4b3-1225-40e1-9975-b474081f4fc6,c6988d7f-efd2-4b11-92f4-6013d9cbcd05,3642,08f48a80-5a93-4d58-8542-d426ad2c7678,Malathion,mono-constituent substance,1f0bdb52-7dac-44ee-8603-5d19fecc8482,JXSJBGJIGXNWCI-UHFFFAOYSA-N,JXSJBGJIGXNWCI,JXSJBGJIGXNWCI,CCOC(=O)CC(SP(=S)(OC)OC)C(=O)OCC,False,1,121-75-5,CCOC(=O)CC(SP(=S)(OC)OC)C(=O)OCC,"InChI=1/C10H19O6PS2/c1-5-15-9(11)7-8(10(12)16-6-2)19-17(18,13-3)14-4/h8H,5-7H2,1-4H3",Contact,LD50,,other:,µg/piece,µg/piece,species_based_piece_to_bee,0.16,,,,exact,48.0,h,48.0,FYF 440 EW,,,mortality,True,ae321303-c312-4d39-a423-261ce62f54a0,doi:10.2903/j.efsa.2009.333r,2009.0,True,True,True,True,False,True,False,1,1,1,True,structure_screen_only,True,False
46555476-5026-45d4-9749-166034298006,34eab289-fc31-44d4-b4d7-4aa28ddacb79,3643,d937f903-9e5f-4fea-bb4b-93b44ff2e118,Fenoxaprop-P-Ethyl,mono-constituent substance,7f3765a2-7ed1-4484-a0d4-2092a03aae22,PQKBPHSEKWERTG-LLVKDONJSA-N,PQKBPHSEKWERTG,PQKBPHSEKWERTG,CCOC(=O)[C@@H](C)Oc1ccc(Oc2nc3ccc(Cl)cc3o2)cc1,False,1,71283-80-2,CCOC(=O)[C@@H](C)OC1=CC=C(C=C1)OC2=NC3=C(O2)C=C(C=C3)Cl,"InChI=1S/C18H16ClNO5/c1-3-22-17(21)11(2)23-13-5-7-14(8-6-13)24-18-20-15-9-4-12(19)10-16(15)25-18/h4-11H,3H2,1-2H3/t11-/m1/s1",Contact,LD50,,µg/bee,,µg/bee,direct_ug_bee,100.0,>,,,censored_or_approximate,,,,,,,mortality,False,0cd6f53f-874a-4d3d-afee-709ff595a562,EFSA Journal. 2024;22:e9053; doi:10.2903/j.efsa.2024.9053,2024.0,False,True,True,False,False,False,False,0,0,0,True,structure_screen_only,True,False
26e9a201-e81d-4fbc-bcf1-1264ac56abf1,31ca24e0-9e6e-4394-8df5-ffd143b06c7d,3644,b3ce8b60-2c19-45c6-b6ab-3612b5c56381,Metazachlor,mono-constituent substance,1ca6bf53-b5d4-4f9a-a748-94441360ab11,STEPQTYSZVCJPV-UHFFFAOYSA-N,STEPQTYSZVCJPV,STEPQTYSZVCJPV,Cc1cccc(C)c1N(Cn1cccn1)C(=O)CCl,False,1,67129-08-2,O=C(CCl)N(Cn1cccn1)c2c(C)cccc2C,"InChI=1S/C14H16ClN3O/c1-11-5-3-6-12(2)14(11)18(13(19)9-15)10-17-8-4-7-16-17/h3-8H,9-10H2,1-2H3",Oral,LD50,,other:,µg/piece,µg/piece,species_based_piece_to_bee,72.19,>,,,censored_or_approximate,48.0,h,48.0,,,,mortality,False,bf653c29-13d8-43d5-b2ed-fb409206684e,doi:10.2903/j.efsa.2008.145r,2008.0,True,True,True,True,True,True,False,0,0,-1,True,structure_screen_only,True,True
a0878f4d-aae8-4ee9-83d5-5c90b2908556,aca034f6-c4ac-4a7e-953e-b14218ad18e6,3645,ef78e964-29c6-4aa7-bb1e-05187e9b87dd,Eugenol formulation (Mevalone 3AEY),multi-constituent substance,6a0b8204-c914-4237-8dde-dad5b8ee7d8d,,,,,False,0,,,,Oral,other:,LC50,other:,µg/piece,µg/piece,species_based_piece_to_bee,224.6,>,,,censored_or_approximate,,,,,,,mortality,False,c7629c1c-8502-4e40-9ed3-1dc4aef16957,"EFSA Journal 2012,10(11):2914, doi:10.2903/j.efsa.2012.2914",2012.0,False,False,False,False,False,False,False,0,0,0,False,structure_screen_only,False,False
0d229471-a81a-4a95-9dcd-fe6b141c27fa,a580dcd2-117b-44c2-b0bd-c5a16ffa2e1e,3646,ecf91ea7-3787-4eda-bd2a-e3a06ab450f1,Terbuthylazine,mono-constituent substance,52936067-a300-4ebb-9504-39655fbd6138,FZXISNSWEXTPMF-UHFFFAOYSA-N,FZXISNSWEXTPMF,FZXISNSWEXTPMF,CCNc1nc(Cl)nc(NC(C)(C)C)n1,False,1,5915-41-3,CCNC1=NC(=NC(=N1)Cl)NC(C)(C)C,"InChI=1S/C9H16ClN5/c1-5-11-7-12-6(10)13-8(14-7)15-9(2,3)4/h5H2,1-4H3,(H2,11,12,13,14,15)",Oral,LD50,,other:,µg/piece,µg/piece,species_based_piece_to_bee,22.6,>,,,censored_or_approximate,48.0,h,48.0,Terbuthylazine-syngenta,,,mortality,True,9455a829-d440-489a-bc7c-867cae929069,"EFSA Journal 2011, 9(1):1969, doi:10.2903/j.efsa.2011.1969",2011.0,True,True,True,True,True,True,False,0,0,-1,True,structure_screen_only,True,False
12a961d7-4a64-4796-9f75-d8e62a6aafa3,e178911c-e4cc-46be-be3b-eea647251c0c,3648,8addae44-b7c1-4926-926a-9dcb77eeb92d,Pyridate,mono-constituent substance,587e9497-e3fc-4d49-8899-a3dd0b969358,JTZCTMAVMHRNTR-UHFFFAOYSA-N,JTZCTMAVMHRNTR,JTZCTMAVMHRNTR,CCCCCCCCSC(=O)Oc1cc(Cl)nnc1-c1ccccc1,False,1,55512-33-9,CCCCCCCCSC(=O)OC1=CC(=NN=C1C2=CC=CC=C2)Cl,"InChI=1S/C19H23ClN2O2S/c1-2-3-4-5-6-10-13-25-19(23)24-16-14-17(20)21-22-18(16)15-11-8-7-9-12-15/h7-9,11-12,14H,2-6,10,13H2,1H3",Contact,LD50,,other:,µg/piece,µg/piece,species_based_piece_to_bee,100.0,>,,,censored_or_approximate,,,,,,,mortality,False,dfd687d3-0fdd-4af1-82b2-810e93d86aa1,"EFSA Journal 2014,12(8):3801, doi:10.2903/j.efsa.2014.3801",2014.0,True,True,True,True,True,True,False,0,0,0,True,structure_screen_only,True,False
b9171ec6-cdce-4813-8649-3f1dffbaa21c,3cce625a-a869-4d23-a16d-33f226858f81,3652,c90eaed4-2c33-4368-8ac2-de5debab91a9,Beta-cypermethrin,mono-constituent substance,42e8d863-0ed8-4cf9-bd69-44d942204eaa,KAATUXNTWXVJKI-UHFFFAOYSA-N,KAATUXNTWXVJKI,KAATUXNTWXVJKI,CC1(C)C(C=C(Cl)Cl)C1C(=O)OC(C#N)c1cccc(Oc2ccccc2)c1,True,1,65731-84-2,CC1(C(C1C(=O)OC(C#N)C2=CC(=CC=C2)OC3=CC=CC=C3)C=C(Cl)Cl)C,"InChI=1S/4C22H19Cl2NO3/c4*1-22(2)17(12-19(23)24)20(22)21(26)28-18(13-25)14-7-6-10-16(11-14)27-15-8-4-3-5-9-15/h4*3-12,17-18,20H,1-2H3/t2*17-,18+,20-;2*17-,18-,20+/m1010/s1",Oral,LD50,,other:,µg/piece,µg/piece,species_based_piece_to_bee,0.05,,,,exact,,,,Preparation: ATOIAB03,,,mortality,True,684f385a-9a4d-43a4-8064-54d1c4f505b8,"EFSA Journal 2014,12(6):3717, doi:10.2903/j.efsa.2014.3717",2014.0,True,True,True,True,True,True,False,1,1,1,True,structure_screen_only,False,False
c4e59b76-212a-4c69-89bd-b5ab30607582,4b373501-2333-4bd2-aede-94fb3a2aa15e,3653,f43d2a5a-eb01-4b55-8cfa-38594f48878f,Imazalil,mono-constituent substance,9056639a-68b9-45ea-a98d-6c31a005569e,PZBPKYOVPCNPJY-UHFFFAOYSA-N,PZBPKYOVPCNPJY,PZBPKYOVPCNPJY,C=CCOC(Cn1ccnc1)c1ccc(Cl)cc1Cl,False,1,35554-44-0,C=CCOC(CN1C=CN=C1)C2=C(C=C(C=C2)Cl)Cl,"InChI=1S/C14H14Cl2N2O/c1-2-7-19-14(9-18-6-5-17-10-18)12-4-3-11(15)8-13(12)16/h2-6,8,10,14H,1,7,9H2",Oral,LD50,,other:,µg/piece,µg/piece,species_based_piece_to_bee,35.1,>,,,censored_or_approximate,48.0,h,48.0,,,,mortality,False,05dbd7d1-259d-493d-990e-87306d388d94,doi:10.2903/j.efsa.2010.1526,2010.0,True,True,True,True,False,True,False,0,0,-1,True,structure_screen_only,True,True
0a2cc7ed-5765-4760-98fb-c4acf55e0036,b7de5302-99d8-4768-9039-ddf2dc16d8e8,3655,26246f78-5f73-4531-a704-6dc8d4a54226,Propyzamide,mono-constituent substance,37e2f3e5-d460-4ba4-b4fb-b814a3b0da7b,PHNUZKMIPFFYSO-UHFFFAOYSA-N,PHNUZKMIPFFYSO,PHNUZKMIPFFYSO,C#CC(C)(C)NC(=O)c1cc(Cl)cc(Cl)c1,False,1,23950-58-5,CC(C)(C#C)NC(=O)C1=CC(=CC(=C1)Cl)Cl,"InChI=1S/C12H11Cl2NO/c1-4-12(2,3)15-11(16)8-5-9(13)7-10(14)6-8/h1,5-7H,2-3H3,(H,15,16)",Contact,LD50,,other:,µg/piece,µg/piece,species_based_piece_to_bee,100.0,>,,,censored_or_approximate,,,,Propyzamide formulation: GF-1197,,,mortality,True,6ab89900-a684-4414-8539-d2f79c9f5a49,doi:10.2903/j.efsa.2016.4554,2016.0,True,True,True,True,True,True,False,0,0,0,True,structure_screen_only,True,False
93c29844-e47c-4af2-bde1-d7ba99b6bc05,d198dcb2-99a1-4420-8de4-6a9285e762b6,3658,8addae44-b7c1-4926-926a-9dcb77eeb92d,Pyridate,mono-constituent substance,587e9497-e3fc-4d49-8899-a3dd0b969358,JTZCTMAVMHRNTR-UHFFFAOYSA-N,JTZCTMAVMHRNTR,JTZCTMAVMHRNTR,CCCCCCCCSC(=O)Oc1cc(Cl)nnc1-c1ccccc1,False,1,55512-33-9,CCCCCCCCSC(=O)OC1=CC(=NN=C1C2=CC=CC=C2)Cl,"InChI=1S/C19H23ClN2O2S/c1-2-3-4-5-6-10-13-25-19(23)24-16-14-17(20)21-22-18(16)15-11-8-7-9-12-15/h7-9,11-12,14H,2-6,10,13H2,1H3",Oral,LD50,,other:,µg/piece,µg/piece,species_based_piece_to_bee,109.8,>,,,censored_or_approximate,,,,,,,mortality,False,dfd687d3-0fdd-4af1-82b2-810e93d86aa1,"EFSA Journal 2014,12(8):3801, doi:10.2903/j.efsa.2014.3801",2014.0,True,True,True,True,True,True,False,0,0,0,True,structure_screen_only,True,False
1238bb3d-6f30-4fab-a536-e10b51f1ec54,8b7e6ab3-449e-42d8-a4da-0f982ba48ee9,3659,1019525d-b354-4e83-aea7-07c556ecf4b2,Tricyclazole,mono-constituent substance,befab037-f189-4671-86c4-7221af05250c,DQJCHOQLCLEDLL-UHFFFAOYSA-N,DQJCHOQLCLEDLL,DQJCHOQLCLEDLL,Cc1cccc2sc3nncn3c12,False,1,41814-78-2,CC1=C2C(=CC=C1)SC3=NN=CN23,"InChI=1S/C9H7N3S/c1-6-3-2-4-7-8(6)12-5-10-11-9(12)13-7/h2-5H,1H3",Oral,LD50,,other:,µg/piece,µg/piece,species_based_piece_to_bee,30.9,,,,exact,,,,,,,mortality,False,4ff94fc5-e09e-4bf4-b28b-59e25bbd4f9f,doi:10.2903/j.efsa.2015.4032,2015.0,True,True,True,True,True,True,False,0,0,1,True,structure_screen_only,True,False
70806912-3a20-4f4c-8d13-fadbdc7a06eb,288e8250-8f94-4796-b7e6-5dd2d2c09f1a,3660,952c623f-e486-4356-b16d-fb050a570bd1,tau-fluvalinate,mono-constituent substance,7400e8b4-d460-409f-9a18-8b1ae7da89a4,INISTDXBRIBGOC-XMMISQBUSA-N,INISTDXBRIBGOC,INISTDXBRIBGOC,CC(C)[C@@H](Nc1ccc(C(F)(F)F)cc1Cl)C(=O)OC(C#N)c1cccc(Oc2ccccc2)c1,False,1,102851-06-9,CC(C)[C@H](C(=O)OC(C#N)C1=CC(=CC=C1)OC2=CC=CC=C2)NC3=C(C=C(C=C3)C(F)(F)F)Cl,"InChI=1S/C26H22ClF3N2O3/c1-16(2)24(32-22-12-11-18(14-21(22)27)26(28,29)30)25(33)35-23(15-31)17-7-6-10-20(13-17)34-19-8-4-3-5-9-19/h3-14,16,23-24,32H,1-2H3/t23?,24-/m1/s1",Contact,LD50,,other:,µg/piece,µg/piece,species_based_piece_to_bee,12.0,,,,exact,48.0,h,48.0,,,,mortality,False,b782d9de-dda8-4afe-9afe-f2e747c36f9d,doi:10.2903/j.efsa.2010.1645,2010.0,False,True,True,True,True,True,False,0,0,1,True,structure_screen_only,True,True
f81111cc-36f5-43f5-9faa-e66df0c1c4d6,d92a1998-6752-4c6f-99ba-871a0a2568df,3661,4d80d3a2-6a28-477d-9930-f94dd787e2a3,Fluoxastrobin,mono-constituent substance,da77c8b4-60a4-49c1-bd56-8f60b538c33f,UFEODZBUAFNAEU-NLRVBDNBSA-N,UFEODZBUAFNAEU,UFEODZBUAFNAEU,CO/N=C(/C1=NOCCO1)c1ccccc1Oc1ncnc(Oc2ccccc2Cl)c1F,False,1,361377-29-9,CO/N=C(\C1=CC=CC=C1OC2=C(C(=NC=N2)OC3=CC=CC=C3Cl)F)/C4=NOCCO4,"InChI=1S/C21H16ClFN4O5/c1-28-26-18(21-27-30-11-10-29-21)13-6-2-4-8-15(13)31-19-17(23)20(25-12-24-19)32-16-9-5-3-7-14(16)22/h2-9,12H,10-11H2,1H3/b26-18+",Contact,LD50,,other:,µg/piece,µg/piece,species_based_piece_to_bee,200.0,>,,,censored_or_approximate,48.0,h,48.0,,,,mortality,False,0700e8c9-94a8-4416-bc73-7edda496b8e8,doi:10.2903/j.efsa.2005.102r,2005.0,False,True,True,True,False,True,False,0,0,0,True,structure_screen_only,True,True
8bd21d41-8373-44e2-b24e-f566d6a46410,e4dc14e6-5b33-495d-80d5-c38569a556dc,3662,9cae35df-6df6-42da-b294-dfed40c4858b,Etoxazole,mono-constituent substance,cd7edc0f-05de-4774-b885-a30a269cb1cd,IXSZQYVWNJNRAL-UHFFFAOYSA-N,IXSZQYVWNJNRAL,IXSZQYVWNJNRAL,CCOc1cc(C(C)(C)C)ccc1C1COC(c2c(F)cccc2F)=N1,False,1,153233-91-1,FC2=C(C(F)=CC=C2)C1=NC(C3=C(OCC)C=C(C(C)(C)C)C=C3)CO1,"InChI=1S/C21H23F2NO2/c1-5-25-18-11-13(21(2,3)4)9-10-14(18)17-12-26-20(24-17)19-15(22)7-6-8-16(19)23/h6-11,17H,5,12H2,1-4H3",Oral,LD50,,other:,µg/piece,µg/piece,species_based_piece_to_bee,200.0,>,,,censored_or_approximate,,,,,,,mortality,False,5ae37bf5-a18c-4d9c-8903-1ba4a211eebd,doi:10.2903/j.efsa.2017.4988,2017.0,True,True,True,True,False,True,False,0,0,0,True,structure_screen_only,True,False
49ff012d-00b0-429b-95a3-ecccc1c36db9,621efe93-b9cf-4b81-8195-fb44a9b553b8,3663,ada83603-7ac0-4605-b40e-2be02acf0dd2,Silthiofam,mono-constituent substance,9596cd8c-caea-4d23-be5b-7ccddb6622e0,MXMXHPPIGKYTAR-UHFFFAOYSA-N,MXMXHPPIGKYTAR,MXMXHPPIGKYTAR,C=CCNC(=O)c1c([Si](C)(C)C)sc(C)c1C,False,1,175217-20-6,CC1=C(SC(=C1C(=O)NCC=C)[Si](C)(C)C)C,"InChI=1S/C13H21NOSSi/c1-7-8-14-12(15)11-9(2)10(3)16-13(11)17(4,5)6/h7H,1,8H2,2-6H3,(H,14,15)",Oral,LD50,,other:,µg/piece,µg/piece,species_based_piece_to_bee,105.7,>,,,censored_or_approximate,48.0,h,48.0,Silthiofam's formulation: MON 65557,,,mortality,True,b5acb832-a21d-4f48-91a8-a586136a0671,doi:10.2903/j.efsa.2016.4574,2016.0,True,True,True,True,True,True,False,0,0,0,True,structure_screen_only,True,False
bc07b81b-42bc-4981-b565-6a962751302f,596f405b-cdae-49f0-b0d4-b572883e2575,3666,fe5d3bbc-b71a-4c8c-9582-5a8f4430c64e,"(E,E)-8,10-Dodecadien-1-ol",mono-constituent substance,f9177e31-3d5e-4161-b7aa-40d492bd6585,CSWBSLXBXRFNST-MQQKCMAXSA-N,CSWBSLXBXRFNST,CSWBSLXBXRFNST,C/C=C/C=C/CCCCCCCO,False,1,33956-49-9,C/C=C/C=C/CCCCCCCO,"InChI=1S/C12H22O/c1-2-3-4-5-6-7-8-9-10-11-12-13/h2-5,13H,6-12H2,1H3/b3-2+,5-4+",Oral,LD50,,other:,µg/piece,µg/piece,species_based_piece_to_bee,85.0,>,,,censored_or_approximate,,,,Codling moth pheromone,,,mortality,True,d039f12a-4f09-4b3a-b6b5-f98fc4a85cfe,doi:10.2903/j.efsa.2021.6656,2021.0,False,True,True,True,False,True,False,0,0,-1,True,structure_screen_only,True,False
5a71a155-9e36-4791-b5e2-8d408a04e026,74247cbd-b906-4d09-8fbe-c0a9c36fdcbb,3668,bb690a66-8a05-434f-9492-b64714abdd5a,Copper (I) oxide formulation (Nordox 75 WG),multi-constituent substance,3d6306ee-b23f-4ac3-b097-250ac43eeb5d,,,,,False,0,,,,Contact,LD50,,other:,µg/piece,µg/piece,species_based_piece_to_bee,82.5,>,,,censored_or_approximate,,,,,,,mortality,False,317a7bf0-b2ac-4c6b-8dc3-8b1806c0ad62,doi:10.2903/j.efsa.2018.5152,2018.0,False,False,False,False,False,False,False,0,0,-1,True,structure_screen_only,False,False
c271037c-a6c5-4b2f-8d07-7cfa000bb9eb,f3d79241-6313-4d20-b5f7-47ad4d4063ba,3669,787941e1-7ebd-4a3c-a3d5-748af40a1934,Propineb,mono-constituent substance,84c9a717-b8d1-4824-9333-757313a05320,KKMLIVYBGSAJPM-UHFFFAOYSA-L,KKMLIVYBGSAJPM,IJIHYLHFNAWUGR,CC(CNC(=S)[S-])NC(=S)[S-].[Zn+2],False,2,12071-83-9,CC(CNC(=S)[S-])NC(=S)[S-].[Zn+2],"InChI=1S/C5H10N2S4.Zn/c1-3(7-5(10)11)2-6-4(8)9;/h3H,2H2,1H3,(H2,6,8,9)(H2,7,10,11);/q;+2/p-2",Oral,LD50,,other:,µg/piece,µg/piece,species_based_piece_to_bee,100.0,>,,,censored_or_approximate,,,,Propineb WG 70,,,mortality,True,3969a60b-66a6-43f0-8ea9-56850b5b3d27,doi:10.2903/j.efsa.2016.4605,2016.0,True,True,True,True,True,True,False,0,0,0,True,structure_screen_only,True,False
d9487a9a-2dba-47ef-a319-c5e42e403cac,23e6a7e3-72ab-4c93-9da2-34f7b424c028,3670,756eaf96-3d1b-4450-bb36-9ae1c0711766,Bromoxynil heptanoate,mono-constituent substance,43cc7bc9-5dd0-4603-a470-7c243947ca12,BHZWBQPHPLFZSV-UHFFFAOYSA-N,BHZWBQPHPLFZSV,BHZWBQPHPLFZSV,CCCCCCC(=O)Oc1c(Br)cc(C#N)cc1Br,False,1,56634-95-8,CCCCCCC(=O)OC1=C(C=C(C=C1Br)C#N)Br,"InChI=1S/C14H15Br2NO2/c1-2-3-4-5-6-13(18)19-14-11(15)7-10(9-17)8-12(14)16/h7-8H,2-6H2,1H3",Contact,LD50,,other:,µg/piece,µg/piece,species_based_piece_to_bee,201.0,>,,,censored_or_approximate,,,,,,,mortality,False,66a7a3b3-eca2-4839-bb1b-9b24e965fb0d,doi:10.2903/j.efsa.2017.4790,2017.0,False,False,False,False,False,False,True,0,0,0,True,structure_screen_only,True,False
b111f07f-946f-4de0-95d2-9cde2c754c7b,f073e6e7-14f3-43b1-a502-ce7239a884ca,3671,78d324b8-380d-4e33-9ced-7dd253dbc830,Thiophanate-methyl,mono-constituent substance,5e1abe84-579f-4d13-beda-ee3d89b10cb4,QGHREAKMXXNCOA-UHFFFAOYSA-N,QGHREAKMXXNCOA,QGHREAKMXXNCOA,COC(=O)NC(=S)Nc1ccccc1NC(=S)NC(=O)OC,False,1,23564-05-8,COC(=O)NC(=S)NC1=CC=CC=C1NC(=S)NC(=O)OC,"InChI=1/C12H14N4O4S2/c1-19-11(17)15-9(21)13-7-5-3-4-6-8(7)14-10(22)16-12(18)20-2/h3-6H,1-2H3,(H2,13,15,17,21)(H2,14,16,18,22)",Oral,LD50,,other:,µg/piece,µg/piece,species_based_piece_to_bee,114.7,,,,exact,,,,Topsin M 500 SC,,,mortality,True,38cf1654-054d-4bb8-8866-d6a1aa83bc60,doi:10.2903/j.efsa.2018.5133,2018.0,True,True,True,True,False,True,False,0,0,0,True,structure_screen_only,True,False
e2a9a60e-4c88-4c6b-ab66-c95db448442c,81daf6dc-ce8e-4c7f-acb0-42b0ef89a7ec,3674,46e2ff80-2881-4eeb-879d-4587034a2a29,Bromuconazole (sum of diasteroisomers),mono-constituent substance,cd61f0be-f262-4520-9d0b-83987a0b10f3,,,,,False,0,,,,Oral,LD50,,other:,µg/piece,µg/piece,species_based_piece_to_bee,100.0,>,,,censored_or_approximate,48.0,h,48.0,,,,mortality,False,ff9b83f6-f737-4211-bf54-2e1a6451f222,doi:10.2903/j.efsa.2008.136r,2008.0,False,False,False,False,False,False,False,0,0,0,True,structure_screen_only,False,False
6b964be2-bb57-4ba4-818b-697997181a7e,1050cd57-30b6-4598-9bf0-a379149b5584,3677,ec4fd598-ee5c-430e-b1a0-12eba212590e,Maleic hydrazide (potassium salt),mono-constituent substance,c75be136-f19b-436b-95bf-371771ad14a2,ONFPEXMNTHPYGN-UHFFFAOYSA-N,ONFPEXMNTHPYGN,BGRDGMRNKXEXQD,O=c1ccc(=O)[nH][nH]1.[K+],False,2,,C1=CC(=O)NNC1=O.[K+],"InChI=1S/C4H4N2O2.K/c7-3-1-2-4(8)6-5-3;/h1-2H,(H,5,7)(H,6,8);/q;+1",Contact,LD50,,other:,µg/piece,µg/piece,species_based_piece_to_bee,100.0,>,,,censored_or_approximate,,,,,,,mortality,False,c0d56cd0-1d67-4061-a8e9-1154c68e94b1,doi:10.2903/j.efsa.2016.4492,2016.0,False,False,True,False,False,False,False,0,0,0,True,structure_screen_only,True,False
e3a34edf-19c6-4640-a7ba-436ce6e98461,638e1c9d-9038-4ada-b1b5-22854d37df94,3678,74334cf4-659a-4dba-ba70-3baa87306383,Pethoxamid,mono-constituent substance,25d21574-484f-4c0b-bfdf-4de58a3f2e7e,CSWIKHNSBZVWNQ-UHFFFAOYSA-N,CSWIKHNSBZVWNQ,CSWIKHNSBZVWNQ,CCOCCN(C(=O)CCl)C(=C(C)C)c1ccccc1,False,1,106700-29-2,CCOCCN(C(=O)CCl)C(=C(C)C)C1=CC=CC=C1,"InChI=1S/C16H22ClNO2/c1-4-20-11-10-18(15(19)12-17)16(13(2)3)14-8-6-5-7-9-14/h5-9H,4,10-12H2,1-3H3",Contact,LD50,,other:,µg/piece,µg/piece,species_based_piece_to_bee,200.0,>,,,censored_or_approximate,48.0,h,48.0,,,,mortality,False,8067d5c9-daed-4299-8f77-48b984aff1e7,doi:10.2903/j.efsa.2017.4981,2017.0,True,True,True,True,False,True,False,0,0,0,True,structure_screen_only,True,True
e72c38d6-265e-42a2-bd5f-d8bc9de2e8d9,b1429837-aa13-45b6-b1c5-5947e40fc377,3681,ce4bbdca-6245-4364-ab4e-2ed58ece4357,Cyazofamid,mono-constituent substance,d44dd546-efbf-4b44-b32c-454bd84bc4e2,YXKMMRDKEKCERS-UHFFFAOYSA-N,YXKMMRDKEKCERS,YXKMMRDKEKCERS,Cc1ccc(-c2c(Cl)nc(C#N)n2S(=O)(=O)N(C)C)cc1,False,1,120116-88-3,O=S(N1C(C#N)=NC(Cl)=C1C2=CC=C(C)C=C2)(N(C)C)=O,"InChI=1S/C13H13ClN4O2S/c1-9-4-6-10(7-5-9)12-13(14)16-11(8-15)18(12)21(19,20)17(2)3/h4-7H,1-3H3",Oral,LD50,,other:,µg/piece,µg/piece,species_based_piece_to_bee,31.8,>,,,censored_or_approximate,,,,Cyazofamid formulation: IKF-916 160SC-N,,,mortality,True,131a6853-8eec-4a1a-82e3-64d57124b87a,doi:10.2903/j.efsa.2020.6232,2020.0,True,True,True,True,False,True,False,0,0,-1,True,structure_screen_only,True,False
184e7a4c-e047-4bc8-a1b5-dd80098e3108,3b8b5b31-1f38-47e3-8aeb-6325a2e9a85a,3684,39d5d864-f473-4504-ad8b-eb871e5e4998,Acequinocyl,mono-constituent substance,e5c48ac5-2c2b-4daa-8342-60280fb27f53,QDRXWCAVUNHOGA-UHFFFAOYSA-N,QDRXWCAVUNHOGA,QDRXWCAVUNHOGA,CCCCCCCCCCCCC1=C(OC(C)=O)C(=O)c2ccccc2C1=O,False,1,57960-19-7,CC(=O)OC2=C(CCCCCCCCCCCC)C(=O)c1ccccc1C2=O,"InChI=1S/C24H32O4/c1-3-4-5-6-7-8-9-10-11-12-17-21-22(26)19-15-13-14-16-20(19)23(27)24(21)28-18(2)25/h13-16H,3-12,17H2,1-2H3",Oral,LD50,,other:,µg/piece,µg/piece,species_based_piece_to_bee,100.0,>,,,censored_or_approximate,48.0,h,48.0,,,,mortality,False,9b408ad2-4213-485d-9468-f86e003de461,doi:10.2903/j.efsa.2008.125r,2008.0,True,True,True,True,False,True,False,0,0,0,True,structure_screen_only,True,True
4a78331e-ef4a-4f8f-a2ba-d1ae98842f8f,8968ceb0-343a-4b95-8bb1-4cf34e23dd8e,3687,88a44add-8d32-48d7-9736-0064e4c79f2d,8-hydroxyquinoline,mono-constituent substance,0e8cb747-7a7a-48bd-b043-b4d990757989,MCJGNVYPOGVAJF-UHFFFAOYSA-N,MCJGNVYPOGVAJF,MCJGNVYPOGVAJF,Oc1cccc2cccnc12,False,1,148-24-3,C1=CC2=C(C(=C1)O)N=CC=C2,"InChI=1S/C9H7NO/c11-8-5-1-3-7-4-2-6-10-9(7)8/h1-6,11H",Contact,LD50,,µg/bee,,µg/bee,direct_ug_bee,100.0,>,,,censored_or_approximate,,,,Beltanol-L,act. ingr.,,mortality,True,c1d15fd8-e7e9-4ddd-b649-2a78cd293ff1,"EFSA Journal. 2024,22:e8670, doi:10.2903/j.efsa.2024.8670",2024.0,True,True,True,True,True,True,False,0,0,0,True,structure_screen_only,True,False
ae6e4cdd-61e8-4ed5-bce9-14228983d9d1,44177e80-c427-4143-a263-85e63a916ee5,3690,2dada3c0-6f0d-425d-aff7-b6ad57e3cd20,1-Decanol,mono-constituent substance,8bc02cef-8606-452b-ae62-3bf22b21b03b,MWKFXSUHUHTGQN-UHFFFAOYSA-N,MWKFXSUHUHTGQN,MWKFXSUHUHTGQN,CCCCCCCCCCO,False,1,112-30-1,CCCCCCCCCCO,"InChI=1S/C10H22O/c1-2-3-4-5-6-7-8-9-10-11/h11H,2-10H2,1H3",Contact,LD50,,other:,µg/piece,µg/piece,species_based_piece_to_bee,13.8,>,,,censored_or_approximate,48.0,h,48.0,,,,mortality,False,66ba7ece-362c-496e-b105-cf0a06be213c,doi:10.2903/j.efsa.2010.1715,2010.0,True,True,True,True,True,True,False,0,0,-1,True,structure_screen_only,True,True
d9b4c8e1-a980-4d14-a501-f0c54837da15,6fd889dd-3d47-4f31-a9e6-c3793af44dc6,3691,f90b53a5-973b-4540-9eae-1856df585f03,Desmedipham,mono-constituent substance,7c0d0912-6c74-4769-b343-9b893bd86482,WZJZMXBKUWKXTQ-UHFFFAOYSA-N,WZJZMXBKUWKXTQ,WZJZMXBKUWKXTQ,CCOC(=O)Nc1cccc(OC(=O)Nc2ccccc2)c1,False,1,13684-56-5,CCOC(=O)NC1=CC(=CC=C1)OC(=O)NC2=CC=CC=C2,"InChI=1S/C16H16N2O4/c1-2-21-15(19)18-13-9-6-10-14(11-13)22-16(20)17-12-7-4-3-5-8-12/h3-11H,2H2,1H3,(H,17,20)(H,18,19)",Oral,LD50,,other:,µg/piece,µg/piece,species_based_piece_to_bee,100.6,>,,,censored_or_approximate,,,,,,,mortality,False,1b66eea4-2b36-4e17-939f-86f2887cfa1d,doi:10.2903/j.efsa.2018.5150,2018.0,True,True,True,True,False,True,False,0,0,0,True,structure_screen_only,True,False
229565f2-b12e-4bd5-8301-4a70f4dff875,480fa845-55ea-4d11-b81c-b740f3342b33,3692,034f2e7a-ef97-4283-9c5a-6184fec10b96,Forchlorfenuron,mono-constituent substance,9439b67b-70b6-427f-9204-aa195667142c,GPXLRLUVLMHHIK-UHFFFAOYSA-N,GPXLRLUVLMHHIK,GPXLRLUVLMHHIK,O=C(Nc1ccccc1)Nc1ccnc(Cl)c1,False,1,68157-60-8,C1=CC=C(C=C1)NC(=O)NC2=CC(=NC=C2)Cl,"InChI=1S/C12H10ClN3O/c13-11-8-10(6-7-14-11)16-12(17)15-9-4-2-1-3-5-9/h1-8H,(H2,14,15,16,17)",Oral,LD50,,other:,µg/piece,µg/piece,species_based_piece_to_bee,34.1,>,,,censored_or_approximate,,,,Sitofex,,,mortality,True,3d5c5abc-2095-4a9e-b1db-0732b13a9173,doi:10.2903/j.efsa.2017.4874,2017.0,True,True,True,True,False,True,False,0,0,-1,True,structure_screen_only,True,False
adedde5f-c9ae-4d08-8d0b-4fb11c4db048,4795f750-5fe3-4257-bbe5-afacfa003744,3693,f13d4ba4-2fc1-41a6-b010-09768fe44fef,Diuron,mono-constituent substance,3ace97be-4dec-4ee1-979b-54f0ec4d75c1,XMTQQYYKAHVGBJ-UHFFFAOYSA-N,XMTQQYYKAHVGBJ,XMTQQYYKAHVGBJ,CN(C)C(=O)Nc1ccc(Cl)c(Cl)c1,False,1,330-54-1,ClC1=C(C=CC(=C1)NC(=O)N(C)C)Cl,"InChI=1S/C9H10Cl2N2O/c1-13(2)9(14)12-6-3-4-7(10)8(11)5-6/h3-5H,1-2H3,(H,12,14)",Oral,other:,dose level:,other:,µg/piece,µg/piece,species_based_piece_to_bee,100.0,>,,,censored_or_approximate,,,,,,,,False,a607c585-f5df-4037-a954-1b98a1bcfb9c,doi:10.2903/j.efsa.2005.25r,2005.0,True,True,True,True,False,True,False,0,0,0,False,structure_screen_only,False,False
5149428f-64d4-43f5-aa9e-3bb2a86e049d,e537045f-ab2e-4d89-b3c0-5d890261555c,3696,5c12d693-bfae-469c-b54e-de72d0056b7e,Triticonazole,mono-constituent substance,ad033348-f1b9-434e-8b0c-30bf0e7216b0,PPDBOQMNKNNODG-UHFFFAOYSA-N,PPDBOQMNKNNODG,PPDBOQMNKNNODG,CC1(C)CCC(=Cc2ccc(Cl)cc2)C1(O)Cn1cncn1,True,1,138182-18-0,CC1(CCC(=CC2=CC=C(C=C2)Cl)C1(CN3C=NC=N3)O)C,"InChI=1S/C17H20ClN3O/c1-16(2)8-7-14(9-13-3-5-15(18)6-4-13)17(16,22)10-21-12-19-11-20-21/h3-6,9,11-12,22H,7-8,10H2,1-2H3/b14-9+",Contact,LD50,,other:,µg/piece,µg/piece,species_based_piece_to_bee,100.0,>,,,censored_or_approximate,48.0,h,48.0,,,,mortality,False,f8d8c2c6-ebe2-4e2f-8e9d-aa542a0d67f4,doi:10.2903/j.efsa.2005.33ar,2005.0,True,True,True,False,True,True,False,0,0,0,True,structure_screen_only,False,False
532eb6df-5c34-4f0b-b98c-b650da02a62a,03366d29-47f8-4631-a063-81f3c0dc3596,3697,67823d88-94f4-43fa-acb4-ce28754d10a6,Metosulam,mono-constituent substance,f4839333-40d6-4ca3-a2fa-d5489389dce3,VGHPMIFEKOFHHQ-UHFFFAOYSA-N,VGHPMIFEKOFHHQ,VGHPMIFEKOFHHQ,COc1cc(OC)n2nc(S(=O)(=O)Nc3c(Cl)ccc(C)c3Cl)nc2n1,False,1,139528-85-1,Clc3c(C)ccc(Cl)c3NS(=O)(=O)c1nc2nc(cc(OC)n2n1)OC,"InChI=1S/C14H13Cl2N5O4S/c1-7-4-5-8(15)12(11(7)16)20-26(22,23)14-18-13-17-9(24-2)6-10(25-3)21(13)19-14/h4-6,20H,1-3H3",Contact,LD50,,other:,µg/piece,µg/piece,species_based_piece_to_bee,100.0,>,,,censored_or_approximate,48.0,h,48.0,,,,mortality,False,1efef106-bae3-46a7-901d-c9e2a8e145b3,doi:10.2903/j.efsa.2010.1592,2010.0,True,True,True,True,True,True,False,0,0,0,True,structure_screen_only,True,True
8951af48-bdd1-4687-b50f-e71beab5ecb4,1cc09287-ad5d-4685-8b81-66986b67cff6,3698,5de3fd35-a5c7-415c-926e-d863856a8bad,Famoxadone,mono-constituent substance,50e5b0d0-bd63-4c24-a734-fef91e6ea4e6,PCCSBWNGDMYFCW-UHFFFAOYSA-N,PCCSBWNGDMYFCW,PCCSBWNGDMYFCW,CC1(c2ccc(Oc3ccccc3)cc2)OC(=O)N(Nc2ccccc2)C1=O,False,1,131807-57-3,CC1(C(=O)N(C(=O)O1)NC2=CC=CC=C2)C3=CC=C(C=C3)OC4=CC=CC=C4,"InChI=1S/C22H18N2O4/c1-22(16-12-14-19(15-13-16)27-18-10-6-3-7-11-18)20(25)24(21(26)28-22)23-17-8-4-2-5-9-17/h2-15,23H,1H3",Oral,LD50,,other:,µg/piece,µg/piece,species_based_piece_to_bee,63.0,>,,,censored_or_approximate,48.0,h,48.0,Famoxadone 10 EC,,,mortality,True,cc228e54-c2b3-4391-8c55-dcbf5fc8a504,doi:10.2903/j.efsa.2015.4194,2015.0,True,True,True,True,False,True,False,0,0,-1,True,structure_screen_only,True,False
4d0c7cde-09c5-4598-8b7a-5ebac3210f7b,2edcdfb6-8f97-4f1c-8f48-0553c2a5df85,3701,63ba3b5b-9aa8-4179-bc9b-c198ebcab617,Benfuracarb,mono-constituent substance,9fd80b6b-f4f9-4e23-8ddf-6653a93f7c74,FYZBOYWSHKHDMT-UHFFFAOYSA-N,FYZBOYWSHKHDMT,FYZBOYWSHKHDMT,CCOC(=O)CCN(SN(C)C(=O)Oc1cccc2c1OC(C)(C)C2)C(C)C,False,1,82560-54-1,CCOC(=O)CCN(C(C)C)SN(C)C(=O)OC1=CC=CC2=C1OC(C2)(C)C,"InChI=1S/C20H30N2O5S/c1-7-25-17(23)11-12-22(14(2)3)28-21(6)19(24)26-16-10-8-9-15-13-20(4,5)27-18(15)16/h8-10,14H,7,11-13H2,1-6H3",Contact,LD50,,other:,µg/piece,µg/piece,species_based_piece_to_bee,0.19,,,,exact,48.0,h,48.0,,,,mortality,False,c4619839-7ea2-4a87-8589-786a10667fa1,doi:10.2903/j.efsa.2006.89r,2006.0,True,True,True,True,True,True,False,1,1,1,True,structure_screen_only,True,True
8f01d3ab-cad1-439d-a090-125a50f89c21,8bfc8a45-0fa0-47f0-93bb-a1a2a13a4118,3704,d9ebe307-e49b-4b64-b1a3-796fa5d6d85b,Thiabendazole,mono-constituent substance,d81ff768-9f8a-4f6e-9c0f-d23eadb5081e,WJCNZQLZVWNLKY-UHFFFAOYSA-N,WJCNZQLZVWNLKY,WJCNZQLZVWNLKY,c1ccc2[nH]c(-c3cscn3)nc2c1,False,1,148-79-8,C1=CC=C2C(=C1)NC(=N2)C3=CSC=N3,"InChI=1S/C10H7N3S/c1-2-4-8-7(3-1)12-10(13-8)9-5-14-6-11-9/h1-6H,(H,12,13)",Contact,LD50,,other:,µg/piece,µg/piece,species_based_piece_to_bee,34.0,>,,,censored_or_approximate,,,,,,,mortality,False,3a0884d3-f0c5-4712-ac88-da8a4bdce891,"EFSA Journal 2014,12(11):3880, doi:10.2903/j.efsa.2014.3880",2014.0,True,True,True,True,False,True,False,0,0,-1,True,structure_screen_only,True,False
9353b216-3a28-441f-9603-bd47f96c17cd,8442ebf8-c626-4353-9948-0c713aec1844,3705,72499c32-c419-4232-8db3-b7ec3a2d88cb,Difenoconazole,mono-constituent substance,a559deae-8584-403d-99b5-1926f72524c9,BQYJATMQXGBDHF-UHFFFAOYSA-N,BQYJATMQXGBDHF,BQYJATMQXGBDHF,CC1COC(Cn2cncn2)(c2ccc(Oc3ccc(Cl)cc3)cc2Cl)O1,False,1,119446-68-3,CC1COC(O1)(CN2C=NC=N2)C3=C(C=C(C=C3)OC4=CC=C(C=C4)Cl)Cl,"InChI=1S/C19H17Cl2N3O3/c1-13-9-25-19(27-13,10-24-12-22-11-23-24)17-7-6-16(8-18(17)21)26-15-4-2-14(20)3-5-15/h2-8,11-13H,9-10H2,1H3",Contact,LD50,,other:,µg/piece,µg/piece,species_based_piece_to_bee,100.0,>,,,censored_or_approximate,48.0,h,48.0,,,,mortality,False,a14abba6-bcf8-47f7-bb97-eaee9cfe3629,doi:10.2903/j.efsa.2011.1967,2011.0,True,True,True,True,False,True,False,0,0,0,True,structure_screen_only,True,True
0ac1a73e-44d8-45a7-9d25-41d9dd6cd397,5f28815f-c2b1-4041-92e5-f080f3803ed1,3706,482c0108-ff32-4e64-948e-9ec7d7a6a4ca,Ethephon,mono-constituent substance,02ae2dad-69ad-41f3-abea-12398efded6b,UDPGUMQDCGORJQ-UHFFFAOYSA-N,UDPGUMQDCGORJQ,UDPGUMQDCGORJQ,O=P(O)(O)CCCl,False,1,16672-87-0,ClCCP(O)(=O)O,"InChI=1S/C2H6ClO3P/c3-1-2-7(4,5)6/h1-2H2,(H2,4,5,6)",Oral,LD50,,µg/bee,,µg/bee,direct_ug_bee,111.0,>,,,censored_or_approximate,,,,,,,mortality,False,dbe7b197-9a8b-4353-8be1-ec6a707c0e16,"EFSA Journal 2023,21(1):7742, doi:10.2903/j.efsa.2023.7742",2023.0,True,True,True,True,False,True,False,0,0,0,True,structure_screen_only,True,False
a66e29e2-c673-4947-b99f-75956c41dc86,1218e285-7660-4d7e-b4ad-6137c4c2602f,3709,2d5fcf81-3e72-46a7-9416-869cdce89c42,Tefluthrin,mono-constituent substance,a3eda6ce-bfef-4db3-961e-67e4b0cc4c3b,ZFHGXWPMULPQSE-WTKPLQERSA-N,ZFHGXWPMULPQSE,ZFHGXWPMULPQSE,Cc1c(F)c(F)c(COC(=O)C2C(/C=C(\Cl)C(F)(F)F)C2(C)C)c(F)c1F,False,1,79538-32-2,O=C(OCC2=C(F)C(F)=C(C)C(F)=C2F)C1C(C)(C)C1/C=C(Cl)/C(F)(F)F,"InChI=1S/C17H14ClF7O2/c1-6-11(19)13(21)7(14(22)12(6)20)5-27-15(26)10-8(16(10,2)3)4-9(18)17(23,24)25/h4,8,10H,5H2,1-3H3/b9-4-",Contact,LD50,,other:,µg/piece,µg/piece,species_based_piece_to_bee,0.28,,,,exact,24.0,h,24.0,,,,mortality,False,f3020576-ec4d-438b-a526-7dd18688704b,doi:10.2903/j.efsa.2010.1709,2010.0,False,True,True,True,False,True,False,1,1,1,True,structure_screen_only,True,False
01c6bd3a-b891-4a83-85f3-d3fca660d2d0,2c41f319-fd02-4035-a045-13dfd911732c,3710,23c51a5e-7a64-48ef-964c-641475fbf5ed,Clethodim,mono-constituent substance,ee846494-ed72-4d12-a58a-a7cf92ffea56,SILSDTWXNBZOGF-KUZBFYBWSA-N,SILSDTWXNBZOGF,SILSDTWXNBZOGF,CCSC(C)CC1CC(=O)C(/C(CC)=N/OC/C=C/Cl)=C(O)C1,False,1,99129-21-2,CC/C(=N\OC\C=C\Cl)C1=C(O)CC(CC(C)SCC)CC1=O,"InChI=1S/C17H26ClNO3S/c1-4-14(19-22-8-6-7-18)17-15(20)10-13(11-16(17)21)9-12(3)23-5-2/h6-7,12-13,20H,4-5,8-11H2,1-3H3/b7-6+,19-14+",Oral,LD50,,other:,µg/piece,µg/piece,species_based_piece_to_bee,43.0,>,,,censored_or_approximate,48.0,h,48.0,Clethodim (formulation) - Select 240 EC,,,mortality,True,a99c30da-2737-4e1a-b625-aea46fce736f,doi:10.2903/j.efsa.2010.1771,2010.0,False,False,False,True,True,True,False,0,0,-1,True,structure_screen_only,True,False
b6134fea-f4bc-471d-98d6-d079049ba11c,1eefcec7-c4d6-4235-8377-3dce9fe80cdc,3711,1531809e-4450-4a9a-a2bf-7328d97c1402,N-desmethyl propamocarb,mono-constituent substance,e3d23087-461a-4bbf-8ab3-1514e95008f9,MKIMSXGUTQTKJU-UHFFFAOYSA-N,MKIMSXGUTQTKJU,WZZLDXDUQPOXNW,CCCOC(=O)NCCC[NH+](C)C.[Cl-],False,2,25606-41-1,CCCOC(=O)NCCC[NH+](C)C.[Cl-],"InChI=1S/C9H20N2O2.ClH/c1-4-8-13-9(12)10-6-5-7-11(2)3;/h4-8H2,1-3H3,(H,10,12);1H",Oral,LD50,,other:,µg/piece,µg/piece,species_based_piece_to_bee,84.0,>,,,censored_or_approximate,48.0,h,48.0,,,,mortality,False,0b4e5cd0-35ce-4925-b0f2-c54baef3197f,doi:10.2903/j.efsa.2006.78r,2006.0,True,True,True,True,False,True,False,0,0,-1,True,structure_screen_only,True,True
28a5e59f-fff1-4421-85bd-1b2ee102848c,0ac8a792-1753-4c1f-b6ce-96928c6c12e4,3713,fe5d3bbc-b71a-4c8c-9582-5a8f4430c64e,"(E,E)-8,10-Dodecadien-1-ol",mono-constituent substance,f9177e31-3d5e-4161-b7aa-40d492bd6585,CSWBSLXBXRFNST-MQQKCMAXSA-N,CSWBSLXBXRFNST,CSWBSLXBXRFNST,C/C=C/C=C/CCCCCCCO,False,1,33956-49-9,C/C=C/C=C/CCCCCCCO,"InChI=1S/C12H22O/c1-2-3-4-5-6-7-8-9-10-11-12-13/h2-5,13H,6-12H2,1H3/b3-2+,5-4+",Contact,LD50,,other:,µg/piece,µg/piece,species_based_piece_to_bee,203.3,,,,exact,,,,Codling moth pheromone,,,mortality,True,d039f12a-4f09-4b3a-b6b5-f98fc4a85cfe,doi:10.2903/j.efsa.2021.6656,2021.0,False,True,True,True,False,True,False,0,0,0,True,structure_screen_only,True,False
c574a33e-c7ef-40fe-a3e7-c0bc579e09cc,623672c1-7264-4f48-b184-9c08f3ddf903,3716,b1dbde32-66dc-4976-8992-cb708ff5abc0,Fatty acids (chain length C7 to C18) and their salts and esters,multi-constituent substance,a7af2893-3a35-479e-a7a3-949ab298aae5,,,,,False,0,,,,Contact,LD50,,other:,µg/piece,µg/piece,species_based_piece_to_bee,100.0,>,,,censored_or_approximate,,,,Neudosan Neu (515 g/L potassium salts of natural fatty acids),,,mortality,True,121a6368-ccc8-4ba2-a6de-9b7895898f20,doi:10.2903/j.efsa.2013.3023,2013.0,False,False,False,False,False,False,False,0,0,0,True,structure_screen_only,False,False
f29637da-fe8e-4763-9488-99f6896cf0f5,2d918963-a3a3-48bc-aaba-b5325e82d0c5,3717,b529ec00-87b6-4816-a9bd-ed8e2b36fa70,Indoxacarb,mono-constituent substance,66bbdc64-ffc0-48f5-bd80-016f81f0672a,VBCVPMMZEGZULK-NRFANRHFSA-N,VBCVPMMZEGZULK,VBCVPMMZEGZULK,COC(=O)N(C(=O)N1CO[C@@]2(C(=O)OC)Cc3cc(Cl)ccc3C2=N1)c1ccc(OC(F)(F)F)cc1,False,1,173584-44-6,,"InChI=1S/C22H17ClF3N3O7/c1-33-18(30)21-10-12-9-13(23)3-8-16(12)17(21)27-28(11-35-21)19(31)29(20(32)34-2)14-4-6-15(7-5-14)36-22(24,25)26/h3-9H,10-11H2,1-2H3/t21-/m0/s1",Contact,LD50,,other:,µg/piece,µg/piece,species_based_piece_to_bee,0.0682,,,,exact,,,,,,,mortality,False,89305f4d-9bed-4ce8-b8c0-b032c96f73c7,doi:10.2903/j.efsa.2018.5140,2018.0,False,True,True,True,False,True,False,1,1,1,True,structure_screen_only,True,False
8e88ee41-73fc-4638-9490-b1af87440b0c,3ff01d1f-63b2-430d-b1ec-ed172cceac4a,3718,430479fd-cfe4-4980-8df8-0f5219bde074,Fluazifop-P-butyl,mono-constituent substance,23c959c3-8522-4683-8954-93bd9f786f35,VAIZTNZGPYBOGF-CYBMUJFWSA-N,VAIZTNZGPYBOGF,VAIZTNZGPYBOGF,CCCCOC(=O)[C@@H](C)Oc1ccc(Oc2ccc(C(F)(F)F)cn2)cc1,False,1,79241-46-6,CCCCOC(=O)[C@@H](C)OC1=CC=C(C=C1)OC2=NC=C(C=C2)C(F)(F)F,"InChI=1S/C19H20F3NO4/c1-3-4-11-25-18(24)13(2)26-15-6-8-16(9-7-15)27-17-10-5-14(12-23-17)19(20,21)22/h5-10,12-13H,3-4,11H2,1-2H3/t13-/m1/s1",Oral,LD50,,other:,µg/piece,µg/piece,species_based_piece_to_bee,200.0,>,,,censored_or_approximate,24.0,h,24.0,,,,mortality,False,9cac05b5-578b-427b-bead-2e39aeb34832,"EFSA Journal 2012,10(11):2945, doi:10.2903/j.efsa.2012.2945",2012.0,False,True,True,False,False,False,False,0,0,0,True,structure_screen_only,True,False
38bf39e5-be13-4965-be59-ead487aea0c7,4d414b22-0b93-4ae2-851b-8114163bd9ac,3719,fefc9b31-6e0d-483f-aae2-3783c93df67e,Dodine,mono-constituent substance,28d8ddc7-806d-477e-bc6b-924ebf01355a,YIKWKLYQRFRGPM-UHFFFAOYSA-N,YIKWKLYQRFRGPM,HILAYQUKKYWPJW,CC(=O)O.CCCCCCCCCCCCNC(=N)N,False,2,2439-10-3,CCCCCCCCCCCCNC(=N)N.CC(=O)O,"InChI=1/C13H29N3.C2H4O2/c1-2-3-4-5-6-7-8-9-10-11-12-16-13(14)15;1-2(3)4/h2-12H2,1H3,(H4,14,15,16);1H3,(H,3,4)",Contact,LD50,,other:,µg/piece,µg/piece,species_based_piece_to_bee,100.0,>,,,censored_or_approximate,48.0,h,48.0,,,,mortality,False,325e634a-d610-482b-8de8-add0245492b2,doi:10.2903/j.efsa.2010.1631,2010.0,True,True,True,True,False,True,False,0,0,0,True,structure_screen_only,True,True
91779019-f90e-4d8b-976c-e16172068895,a332f187-bef0-4d9a-8167-142b7efaa7fb,3720|3721,dcf6cefc-0999-47ea-a3a2-326d4c8370a7,Trinexapac-Ethyl,mono-constituent substance,98b9e051-2ed8-4a1d-84c7-eccfc8e8b531,RVKCCVTVZORVGD-UHFFFAOYSA-N,RVKCCVTVZORVGD,RVKCCVTVZORVGD,CCOC(=O)C1CC(=O)C(=C(O)C2CC2)C(=O)C1,False,1,95266-40-3,CCOC(=O)C1CC(=O)C(=C(C2CC2)O)C(=O)C1,"InChI=1S/C13H16O5/c1-2-18-13(17)8-5-9(14)11(10(15)6-8)12(16)7-3-4-7/h7-8,16H,2-6H2,1H3",Contact,LD50,,other:,µg/piece,µg/piece,species_based_piece_to_bee,69.6,,,,exact,,,,"Formulation: Moddus 250 EC (""A-7725 M"")",act. ingr.,,mortality,True,51a94c22-175c-4440-8c49-79d4107d8f74|6557269e-ff18-4ffc-9378-f18db9662ace,"EFSA Journal 2023,21(6):8082, doi:10.2903/j.efsa.2023.8082|doi:10.2903/j.efsa.2006.57r",2006.0|2023.0,True,True,True,True,False,True,False,0,0,1,True,structure_screen_only,True,False
9f386f03-1f2d-4485-add2-4fb2de26d999,0c693727-1783-4baf-a12c-420826930851,3722,387c5200-ff8d-4c2f-8d09-e811bcfe1ea1,Fipronil,mono-constituent substance,f9b90c3e-c486-48e7-acbe-361ab0b9fb2e,ZOCSXAVNDGMNBV-UHFFFAOYSA-N,ZOCSXAVNDGMNBV,ZOCSXAVNDGMNBV,N#Cc1nn(-c2c(Cl)cc(C(F)(F)F)cc2Cl)c(N)c1S(=O)C(F)(F)F,False,1,120068-37-3,C1=C(C=C(C(=C1Cl)N2C(=C(C(=N2)C#N)S(=O)C(F)(F)F)N)Cl)C(F)(F)F,"InChI=1S/C12H4Cl2F6N4OS/c13-5-1-4(11(15,16)17)2-6(14)8(5)24-10(22)9(7(3-21)23-24)26(25)12(18,19)20/h1-2H,22H2",Oral,LD50,,other:,µg/piece,µg/piece,species_based_piece_to_bee,0.00417,,,,exact,,,,,,,mortality,False,5ade5306-35f6-498e-bc10-aeb407448e21,doi:10.2903/j.efsa.2013.3158,2013.0,True,True,True,True,False,True,False,1,1,1,True,structure_screen_only,True,False
1e676402-35ff-4d51-a30b-1adef708274d,40676be6-43fa-48e1-ab38-5221de403745,3725,1af9c525-f55f-4ea5-8042-dbdae73245a5,Nicosulfuron,mono-constituent substance,79b7d12b-6997-4ca0-a148-9588c95aab0c,RTCOGUMHFFWOJV-UHFFFAOYSA-N,RTCOGUMHFFWOJV,RTCOGUMHFFWOJV,COc1cc(OC)nc(NC(=O)NS(=O)(=O)c2ncccc2C(=O)N(C)C)n1,False,1,111991-09-4,CN(C)C(=O)C1=C(N=CC=C1)S(=O)(=O)NC(=O)NC2=NC(=CC(=N2)OC)OC,"InChI=1S/C15H18N6O6S/c1-21(2)13(22)9-6-5-7-16-12(9)28(24,25)20-15(23)19-14-17-10(26-3)8-11(18-14)27-4/h5-8H,1-4H3,(H2,17,18,19,20,23)",Contact,LD50,,other:,µg/piece,µg/piece,species_based_piece_to_bee,76.0,,,,exact,,,,,,,mortality,False,92192112-e4f6-488d-b580-245ef256f724,doi:10.2903/j.efsa.2008.120r,2008.0,True,True,True,True,True,True,False,0,0,1,True,structure_screen_only,True,False
3d641c36-6601-40c2-90a0-4fb45af3a2f6,300a7687-2557-4872-b5a3-41fd07bba415,3726,279c3d11-8310-4707-af3e-c137a72cf6d8,Tritosulfuron,mono-constituent substance,f8f4f99e-2310-44c8-9c20-2c8a4c64c5b3,KVEQCVKVIFQSGC-UHFFFAOYSA-N,KVEQCVKVIFQSGC,KVEQCVKVIFQSGC,COc1nc(NC(=O)NS(=O)(=O)c2ccccc2C(F)(F)F)nc(C(F)(F)F)n1,False,1,142469-14-5,COC1=NC(=NC(=N1)NC(=O)NS(=O)(=O)C2=CC=CC=C2C(F)(F)F)C(F)(F)F,"InChI=1S/C13H9F6N5O4S/c1-28-11-21-8(13(17,18)19)20-9(23-11)22-10(25)24-29(26,27)7-5-3-2-4-6(7)12(14,15)16/h2-5H,1H3,(H2,20,21,22,23,24,25)",Contact,LD50,,µg/bee,,µg/bee,direct_ug_bee,71.4,,,,exact,48.0,h,48.0,"BAS 635 00 H + BAS 152 00 S * * Mixture with adjuvant BAS 152 00 S or BAS 9047 0 S, respectively. Endpoints expressed in terms of tritosulfuron, BAS 9047 0 S: An adjuvant differenting to the one specified in the GAP BAS 152 00 S: An adjuvant differenting to the one specified in the GAP",act. ingr.,,mortality,True,abb5712d-4c49-4f46-aa45-5908af78aeb2,doi:10.2903/j.efsa.2023.8142,2023.0,True,True,True,True,True,True,False,0,0,1,True,structure_screen_only,True,False
654de404-1887-4305-a9b7-ddc251bdd2ec,ff2a4f8b-6ec8-4e39-9888-81418e1c1359,3727,b194c4a8-b59d-4e08-b86f-b8785af98ae7,Pyraflufen-ethyl,mono-constituent substance,2805552b-0d92-42e0-b78a-b473ad09ab9c,APTZNLHMIGJTEW-UHFFFAOYSA-N,APTZNLHMIGJTEW,APTZNLHMIGJTEW,CCOC(=O)COc1cc(-c2nn(C)c(OC(F)F)c2Cl)c(F)cc1Cl,False,1,129630-19-9,CCOC(=O)COC1=C(C=C(C(=C1)C2=NN(C(=C2Cl)OC(F)F)C)F)Cl,"InChI=1S/C15H13Cl2F3N2O4/c1-3-24-11(23)6-25-10-4-7(9(18)5-8(10)16)13-12(17)14(22(2)21-13)26-15(19)20/h4-5,15H,3,6H2,1-2H3",Oral,LD50,,other:,µg/piece,µg/piece,species_based_piece_to_bee,111.99,>,,,censored_or_approximate,48.0,h,48.0,,,,mortality,False,ad72a43a-2e72-4499-9510-d2c6faa2e24e,doi:10.2903/j.efsa.2015.4001,2015.0,True,True,True,True,False,True,False,0,0,0,True,structure_screen_only,True,True
c856a754-b7fd-4b40-8087-c274b4cfd6e2,83fb02a8-a9b2-4218-8760-eeaf90ff6de6,3728,50248eb2-af33-4f9d-a453-354245f3551a,Ferric phosphate,mono-constituent substance,22491f3a-0bc7-43cb-b87e-18e3f1177d5e,WBJZTOZJJYAKHQ-UHFFFAOYSA-K,WBJZTOZJJYAKHQ,NBIIXXVUZAFLBC,O=P([O-])([O-])[O-].[Fe+3],False,2,10045-86-0,[Fe+3].[O-]P([O-])([O-])=O,"InChI=1S/Fe.H3O4P/c;1-5(2,3)4/h;(H3,1,2,3,4)/q+3;/p-3",Contact,LD50,,other:,µg/piece,µg/piece,species_based_piece_to_bee,100.0,>,,,censored_or_approximate,,,,,,,mortality,False,ab8eb42c-5c87-4ef6-9488-fb331b883418,doi:10.2903/j.efsa.2015.3973,2015.0,True,True,True,True,True,True,False,0,0,0,True,structure_screen_only,True,False
b590787d-9048-4e29-a1aa-5f8409d3f039,77f53e55-d394-4c3a-8fa3-355a29ab5f4e,3729,eff45ff0-51af-4a9d-84ac-39159fe60270,Picolinafen,mono-constituent substance,7ad6344d-2bc4-4166-a0cd-da9aaedc0bb3,CWKFPEBMTGKLKX-UHFFFAOYSA-N,CWKFPEBMTGKLKX,CWKFPEBMTGKLKX,O=C(Nc1ccc(F)cc1)c1cccc(Oc2cccc(C(F)(F)F)c2)n1,False,1,137641-05-5,C1=CC(=CC(=C1)OC2=CC=CC(=N2)C(=O)NC3=CC=C(C=C3)F)C(F)(F)F,"InChI=1S/C19H12F4N2O2/c20-13-7-9-14(10-8-13)24-18(26)16-5-2-6-17(25-16)27-15-4-1-3-12(11-15)19(21,22)23/h1-11H,(H,24,26)",Oral,LD50,,other:,µg/piece,µg/piece,species_based_piece_to_bee,200.0,>,,,censored_or_approximate,,,,,,,mortality,False,7ddd12bf-a734-4551-bf44-14ea62d0de32,doi:10.2903/j.efsa.2015.4279,2015.0,True,True,True,True,True,True,False,0,0,0,True,structure_screen_only,True,False
ede55fea-660b-4532-95c2-bfe69df40583,6f0d63ef-2470-45fc-bbda-7d49e5a1694b,3731,c76d3f6b-60d6-4da9-8513-1a858c3f897f,Propanil,mono-constituent substance,8e9c226c-3a5b-4fb3-88ef-73f69361b5f3,LFULEKSKNZEWOE-UHFFFAOYSA-N,LFULEKSKNZEWOE,LFULEKSKNZEWOE,CCC(=O)Nc1ccc(Cl)c(Cl)c1,False,1,709-98-8,CCC(=O)Nc1ccc(Cl)c(Cl)c1,"InChI=1S/C9H9Cl2NO/c1-2-9(13)12-6-3-4-7(10)8(11)5-6/h3-5H,2H2,1H3,(H,12,13)",Contact,LD50,,other:,µg/piece,µg/piece,species_based_piece_to_bee,100.0,>,,,censored_or_approximate,7.0,d,168.0,,,,mortality,False,7c73a586-fb9e-4d1a-8fcc-369f433c461b,"EFSA Journal 2018,16(12):5418, doi:10.2903/j.efsa.2018.5418",2018.0,True,True,True,True,False,True,False,0,0,0,True,structure_screen_only,True,False
d52746ed-1d86-4dd4-bd99-54bfb28e75d3,094a7e93-10ef-44d7-8cf8-1257de4c6da4,3732,866a8d5d-091f-4623-b653-77033a28f3c4,Pirimicarb,mono-constituent substance,7d74635d-609c-4c48-9163-f177290afd8d,YFGYUFNIOHWBOB-UHFFFAOYSA-N,YFGYUFNIOHWBOB,YFGYUFNIOHWBOB,Cc1nc(N(C)C)nc(OC(=O)N(C)C)c1C,False,1,23103-98-2,CC1=C(N=C(N=C1OC(=O)N(C)C)N(C)C)C,InChI=1S/C11H18N4O2/c1-7-8(2)12-10(14(3)4)13-9(7)17-11(16)15(5)6/h1-6H3,Contact,LD50,,µg/bee,,µg/bee,direct_ug_bee,36.1,,,,exact,48.0,h,48.0,YF7321A#,act. ingr.,,mortality,True,1f6459a6-7bbc-4680-957c-e6decf9f5bba,EFSA Journal. 2024;22:e9046; doi:10.2903/j.efsa.2024.9046,2024.0,True,True,True,True,True,True,False,0,0,1,True,structure_screen_only,True,False
2c767a48-1aea-4932-8965-2b17e4ac6d25,f63e7224-98cf-4f43-b81b-df902ed167d9,3735,d00258a4-fd54-47f7-b60d-c959ee323c20,Cyromazine,mono-constituent substance,2f11b998-8f73-4ce0-8b37-f15f0ecf0068,LVQDKIWDGQRHTE-UHFFFAOYSA-N,LVQDKIWDGQRHTE,LVQDKIWDGQRHTE,Nc1nc(N)nc(NC2CC2)n1,False,1,66215-27-8,Nc2nc(N)nc(NC1CC1)n2,"InChI=1S/C6H10N6/c7-4-10-5(8)12-6(11-4)9-3-1-2-3/h3H,1-2H2,(H5,7,8,9,10,11,12)",Oral,LD50,,other:,µg/piece,µg/piece,species_based_piece_to_bee,186.0,,,,exact,48.0,h,48.0,,,,mortality,False,f9514df4-62c8-4fe9-b09f-3327227c1d69,doi:10.2903/j.efsa.2008.168r,2008.0,True,True,True,True,False,True,False,0,0,0,True,structure_screen_only,True,True
7ed6de2f-1196-4160-be8b-58e074fac728,2bc4c3b6-221f-48c5-8b1c-1dad30c165db,3736,96b749dc-d76e-4199-982b-3c9606297f03,Isoproturon,mono-constituent substance,c8c3db59-af8e-4570-bc36-f86601abb877,PUIYMUZLKQOUOZ-UHFFFAOYSA-N,PUIYMUZLKQOUOZ,PUIYMUZLKQOUOZ,CC(C)c1ccc(NC(=O)N(C)C)cc1,False,1,34123-59-6,O=C(N(C)C)NC1=CC=C(C(C)C)C=C1,"InChI=1S/C12H18N2O/c1-9(2)10-5-7-11(8-6-10)13-12(15)14(3)4/h5-9H,1-4H3,(H,13,15)",Oral,LD50,,other:,µg/piece,µg/piece,species_based_piece_to_bee,99.2,>,,,censored_or_approximate,,,,Isoproturon 500 SC,,,mortality,True,caaad8ce-8e0c-47c6-919d-1a2c2455a7ef,doi:10.2903/j.efsa.2015.4206,2015.0,True,True,True,True,True,True,False,0,0,-1,True,structure_screen_only,True,False
802b5226-0bd4-4916-b9cf-a5da52731008,1c40f1b3-f90e-4a9f-bec9-ad731e132744,3738,df9b063e-12ea-4212-8d2a-b2069e63be21,Benalaxyl-M,mono-constituent substance,38076fec-1310-402e-bd83-8a954898d020,CJPQIRJHIZUAQP-MRXNPFEDSA-N,CJPQIRJHIZUAQP,CJPQIRJHIZUAQP,COC(=O)[C@@H](C)N(C(=O)Cc1ccccc1)c1c(C)cccc1C,False,1,98243-83-5,C[C@@H](N(C(=O)Cc1ccccc1)c2c(C)cccc2C)C(=O)OC,"InChI=1S/C20H23NO3/c1-14-9-8-10-15(2)19(14)21(16(3)20(23)24-4)18(22)13-17-11-6-5-7-12-17/h5-12,16H,13H2,1-4H3/t16-/m1/s1",Oral,LD50,,other:,µg/piece,µg/piece,species_based_piece_to_bee,104.0,>,,,censored_or_approximate,48.0,h,48.0,,,,mortality,False,105ffa92-e807-438a-883b-65705a139a8a,doi:10.2903/j.efsa.2013.3148,2013.0,False,True,True,False,False,False,False,0,0,0,True,structure_screen_only,True,True
1b2157e9-62fa-479b-b85f-6f091cd54d4c,aaa31522-0e68-47e8-a8ef-19c8f0579825,3740,2f0b6cdf-113b-4f27-b1f7-c28927ac46ff,Cyprodinil,mono-constituent substance,5a640519-9ab9-4676-91e6-b8d7bb5e705d,HAORKNGNJCEJBX-UHFFFAOYSA-N,HAORKNGNJCEJBX,HAORKNGNJCEJBX,Cc1cc(C2CC2)nc(Nc2ccccc2)n1,False,1,121552-61-2,CC1=NC(NC3=CC=CC=C3)=NC(C2CC2)=C1,"InChI=1S/C14H15N3/c1-10-9-13(11-7-8-11)17-14(15-10)16-12-5-3-2-4-6-12/h2-6,9,11H,7-8H2,1H3,(H,15,16,17)",Contact,LD50,,µg/bee,,µg/bee,direct_ug_bee,75.0,>,,,censored_or_approximate,,,,UNIX 75 WG,act. ingr.,,mortality,True,679a730d-6ac5-4273-a821-4fb979dcb2e6,EFSA Journal. 2025;23:e9209; doi:10.2903/j.efsa.2025.9209,2025.0,True,True,True,True,True,True,False,0,0,-1,True,structure_screen_only,True,False
d02cf013-30fb-4f70-b22a-f6d01f3f84c8,f2077a6e-ba51-4fde-a706-ebc44409ed0f,3741,5ae36538-4613-4574-9de1-c8f309195efe,Spiromesifen,mono-constituent substance,b5049cb1-cfa4-4830-a28a-4324e4480154,GOLXNESZZPUPJE-UHFFFAOYSA-N,GOLXNESZZPUPJE,GOLXNESZZPUPJE,Cc1cc(C)c(C2=C(OC(=O)CC(C)(C)C)C3(CCCC3)OC2=O)c(C)c1,False,1,283594-90-1,O=C(CC(C)(C)C)OC1=C(C3=C(C)C=C(C)C=C3C)C(OC21CCCC2)=O,"InChI=1S/C23H30O4/c1-14-11-15(2)18(16(3)12-14)19-20(26-17(24)13-22(4,5)6)23(27-21(19)25)9-7-8-10-23/h11-12H,7-10,13H2,1-6H3",Contact,LD50,,other:,µg/piece,µg/piece,species_based_piece_to_bee,200.0,>,,,censored_or_approximate,48.0,h,48.0,,,,mortality,False,fd53a465-497a-4c23-9b7b-9d8053bb1e4e,"EFSA Journal 2012,10(10):2879, doi:10.2903/j.efsa.2012.2879",2012.0,True,True,True,True,False,True,False,0,0,0,True,structure_screen_only,True,True
d2b1e5c7-8216-48b7-aed4-8f84ecc4d6b6,53bcba3c-5be1-433f-bb39-9e7eaa946c9c,3742,62d434ab-569b-48b5-807f-9251b3dfbcc8,Tembotrione,mono-constituent substance,d2b1d76a-d9b2-4286-aa2c-7cc16262bcfd,IUQAXCIUEPFPSF-UHFFFAOYSA-N,IUQAXCIUEPFPSF,IUQAXCIUEPFPSF,CS(=O)(=O)c1ccc(C(=O)C2C(=O)CCCC2=O)c(Cl)c1COCC(F)(F)F,False,1,335104-84-2,CS(=O)(=O)C1=C(C(=C(C=C1)C(=O)C2C(=O)CCCC2=O)Cl)COCC(F)(F)F,"InChI=1S/C17H16ClF3O6S/c1-28(25,26)13-6-5-9(15(18)10(13)7-27-8-17(19,20)21)16(24)14-11(22)3-2-4-12(14)23/h5-6,14H,2-4,7-8H2,1H3",Oral,LD50,,other:,µg/piece,µg/piece,species_based_piece_to_bee,92.8,>,,,censored_or_approximate,,,,,,,mortality,False,785b6f2d-433d-4d10-9c99-d2f1a98dd6a1,doi:10.2903/j.efsa.2013.3131,2013.0,True,True,True,True,True,True,False,0,0,-1,True,structure_screen_only,True,False
3c6f9469-0c2f-4c22-9058-56e1f7e7ad0b,04eeaaab-df0d-4d3a-bf21-0b5ba81eb5e4,3743,47f3a7cc-9377-4cf5-997b-00576f306d21,Spinetoram,multi-constituent substance,132648de-10e0-4e9c-922f-92b5e1056381,GOENIMGKWNZVDA-AXWVKECBSA-N,GOENIMGKWNZVDA,GOENIMGKWNZVDA,CCO[C@@H]1[C@H](OC)[C@@H](O[C@H]2C[C@@H]3CC[C@H]4[C@H](C=C5C(=O)[C@@H](C)[C@H](O[C@@H]6CC[C@@H](N(C)C)[C@H](C)O6)CCC[C@@H](CC)OC(=O)C[C@@H]54)[C@H]3C2)O[C@H](C)[C@H]1OC,False,1,935545-74-7,CC[C@@H]1CCC[C@H]([C@@H](C(=O)C2=C[C@H]3[C@@H]([C@H]2CC(=O)O1)CC[C@@H]4[C@@H]3C[C@H](C4)O[C@@H]5[C@H]([C@H]([C@@H]([C@H](O5)C)OC)OCC)OC)C)O[C@@H]6CC[C@H]([C@@H](O6)C)N(C)C,"InChI=1S/C42H69NO10/c1-10-27-13-12-14-35(53-37-18-17-34(43(6)7)24(4)49-37)23(3)38(45)33-21-31-29(32(33)22-36(44)51-27)16-15-26-19-28(20-30(26)31)52-42-41(47-9)40(48-11-2)39(46-8)25(5)50-42/h21,23-32,34-35,37,39-42H,10-20,22H2,1-9H3/t23-,24-,25+,26-,27+,28-,29-,30-,31-,32+,34+,35+,37+,39+,40-,41-,42+/m0/s1",Oral,LD50,,other:,µg/piece,µg/piece,species_based_piece_to_bee,0.11,,,,exact,72.0,h,72.0,,,,mortality,False,c00349a1-69ee-4f32-b7f4-c3c7e33b44f4,doi:10.2903/j.efsa.2013.3220,2013.0,False,True,True,True,True,True,False,1,1,1,True,structure_screen_only,False,False
aa395592-025c-4188-9c54-1817a1f782ba,ec083c64-e690-4019-aec8-d46c681e551f,3744|3745,32858068-f02d-4598-a25d-b270a94a5278,Flutolanil,mono-constituent substance,b1cd11b6-dfb6-41ae-b85f-bac11ec1ab43,PTCGDEVVHUXTMP-UHFFFAOYSA-N,PTCGDEVVHUXTMP,PTCGDEVVHUXTMP,CC(C)Oc1cccc(NC(=O)c2ccccc2C(F)(F)F)c1,False,1,66332-96-5,CC(C)OC1=CC=CC(=C1)NC(=O)C2=CC=CC=C2C(F)(F)F,"InChI=1S/C17H16F3NO2/c1-11(2)23-13-7-5-6-12(10-13)21-16(22)14-8-3-4-9-15(14)17(18,19)20/h3-11H,1-2H3,(H,21,22)",Contact,LD50,,other:,µg/piece,µg/piece,species_based_piece_to_bee,200.0,>,,,censored_or_approximate,48.0,h,48.0,,,,mortality,False,4dd5f924-8295-44d0-8128-2b422a099fe1|71f0042d-ca65-40eb-b7c5-f40ca4a36de9,"EFSA Journal 2023,21(6):7997, doi:10.2903/j.efsa.2023.7997|doi:10.2903/j.efsa.2008.126r",2008.0|2023.0,True,True,True,True,True,True,False,0,0,0,True,structure_screen_only,True,True
9c5403ad-efc7-4b3e-9030-409a00ffaa5b,474c3607-e912-4c35-a4f8-9445ae6a989e,3746,038204e8-9bd2-45e3-9906-c15a95c8f8e8,Mesosulfuron-methyl,mono-constituent substance,7d431fb4-b322-4c3d-b46b-56af9b40fe14,NIFKBBMCXCMCAO-UHFFFAOYSA-N,NIFKBBMCXCMCAO,NIFKBBMCXCMCAO,COC(=O)c1ccc(CNS(C)(=O)=O)cc1S(=O)(=O)NC(=O)Nc1nc(OC)cc(OC)n1,False,1,208465-21-8,O=C(OC)C1=C(S(=O)(NC(NC2=NC(OC)=CC(OC)=N2)=O)=O)C=C(CNS(=O)(C)=O)C=C1,"InChI=1S/C17H21N5O9S2/c1-29-13-8-14(30-2)20-16(19-13)21-17(24)22-33(27,28)12-7-10(9-18-32(4,25)26)5-6-11(12)15(23)31-3/h5-8,18H,9H2,1-4H3,(H2,19,20,21,22,24)",Contact,LD50,,other:,µg/piece,µg/piece,species_based_piece_to_bee,100.0,>,,,censored_or_approximate,,,,,,,mortality,False,538469c1-e659-4908-b004-1ca9ad2ceda5,doi:10.2903/j.efsa.2016.4584,2016.0,True,True,True,True,True,True,False,0,0,0,True,structure_screen_only,True,False
40373308-9c02-4c57-91ef-9300ddedb422,d996ef3d-3967-45fc-9248-e78f27c9ec8e,3747,6b98c40e-2a1c-4a36-9c28-4ca15b16c345,Metaflumizone (sum of E- and Z- isomers),mono-constituent substance,7e3cf700-7f00-4b9f-a85e-24f892a62e0a,MIFOMMKAVSCNKQ-UHFFFAOYSA-N,MIFOMMKAVSCNKQ,MIFOMMKAVSCNKQ,N#Cc1ccc(CC(=NNC(=O)Nc2ccc(OC(F)(F)F)cc2)c2cccc(C(F)(F)F)c2)cc1,False,1,,C1=CC(=CC(=C1)C(F)(F)F)C(=NNC(=O)NC2=CC=C(C=C2)OC(F)(F)F)CC3=CC=C(C=C3)C#N,"InChI=1S/C24H16F6N4O2/c25-23(26,27)18-3-1-2-17(13-18)21(12-15-4-6-16(14-31)7-5-15)33-34-22(35)32-19-8-10-20(11-9-19)36-24(28,29)30/h1-11,13H,12H2,(H2,32,34,35)/b33-21+; b33-21-",Oral,LD50,,other:,µg/piece,µg/piece,species_based_piece_to_bee,2.43,,,,exact,96.0,h,96.0,,,,mortality,False,b8c8758f-0524-4e3a-ba65-e4217749213b,doi:10.2903/j.efsa.2013.3373,2013.0,True,True,True,False,False,False,False,0,1,1,True,structure_screen_only,True,False
27fd1276-a942-40dc-9b64-5b2d11dcc0cd,efcbdb2c-bc16-462f-bd6b-a9979ace95b3,3748,582536dd-ad5d-4ba2-8168-fe0687fc489a,Clodinafop-Propargyl,mono-constituent substance,250ab577-5bcb-4a56-9a39-caa1cfe1c282,JBDHZKLJNAIJNC-LLVKDONJSA-N,JBDHZKLJNAIJNC,JBDHZKLJNAIJNC,C#CCOC(=O)[C@@H](C)Oc1ccc(Oc2ncc(Cl)cc2F)cc1,False,1,105512-06-9,O=C(OCC#C)[C@H](OC1=CC=C(OC2=NC=C(Cl)C=C2F)C=C1)C,"InChI=1S/C17H13ClFNO4/c1-3-8-22-17(21)11(2)23-13-4-6-14(7-5-13)24-16-15(19)9-12(18)10-20-16/h1,4-7,9-11H,8H2,2H3/t11-/m1/s1",Contact,LD50,,other:,µg/piece,µg/piece,species_based_piece_to_bee,40.9,,,,exact,,,,Topik 100 EC,,,mortality,True,961a07be-fe81-470a-8d59-47997ffcf088,doi:10.2903/j.efsa.2005.34ar,2005.0,False,True,True,True,True,True,False,0,0,1,True,structure_screen_only,True,False
730fb005-dbf2-44de-b342-0e8f59c99870,a925302d-cc85-4b43-89b6-539f772c6f73,3749,8741026c-46b6-4bb0-b968-3b19aa9bcf3b,Fluopyram,mono-constituent substance,c3a2da5c-0b9c-424e-a722-ee4a9d0119a5,KVDJTXBXMWJJEF-UHFFFAOYSA-N,KVDJTXBXMWJJEF,KVDJTXBXMWJJEF,O=C(NCCc1ncc(C(F)(F)F)cc1Cl)c1ccccc1C(F)(F)F,False,1,658066-35-4,C1=CC=C(C(=C1)C(=O)NCCC2=C(C=C(C=N2)C(F)(F)F)Cl)C(F)(F)F,"InChI=1S/C16H11ClF6N2O/c17-12-7-9(15(18,19)20)8-25-13(12)5-6-24-14(26)10-3-1-2-4-11(10)16(21,22)23/h1-4,7-8H,5-6H2,(H,24,26)",Oral,LD50,,other:,µg/piece,µg/piece,species_based_piece_to_bee,102.3,>,,,censored_or_approximate,48.0,h,48.0,,,,mortality,False,71243273-0507-40a0-bd86-dc7612348306,doi:10.2903/j.efsa.2013.3052,2013.0,True,True,True,True,False,True,False,0,0,0,True,structure_screen_only,True,True
30306619-50b3-4043-be1d-17fb77b93eb6,4df1f68c-4d07-4487-9675-7d8be8a83e98,3750,39ed1be3-bad4-4417-9d93-30536e579a88,Azadirachtin,mono-constituent substance,c34fe78c-1844-491c-ac74-fde4390b7805,VEHPJKVTJQSSKL-OVCLIPMQSA-N,VEHPJKVTJQSSKL,VEHPJKVTJQSSKL,C/C=C(\C)C(=O)OC1CC(OC(C)=O)C2(OC(C)=O)COC3C2C12COC(O)(C(=O)OC)C2C(C)(C12OC1(C)C1CC2OC2OC=CC21O)C3O,True,1,11141-17-6,C24(C(C3C1(C=COC1OC2C3)O)(C)O4)C6(C8C5(C(CC(C7(C5C(C6O)OC7)OC(=O)C)OC(=O)C)OC(/C(=C/C)C)=O)COC8(C(=O)OC)O)C,"InChI=1S/C35H44O16/c1-8-15(2)24(38)49-18-12-19(48-16(3)36)32(26(39)43-6)13-46-21-22(32)31(18)14-47-34(42,27(40)44-7)25(31)29(4,23(21)37)35-20-11-17(30(35,5)51-35)33(41)9-10-45-28(33)50-20/h8-10,17-23,25,28,37,41-42H,11-14H2,1-7H3/b15-8+/t17-,18+,19-,20+,21-,22-,23-,25+,28+,29-,30+,31+,32+,33+,34+,35+/m1/s1",Oral,LD50,,other:,µg/piece,µg/piece,species_based_piece_to_bee,8.1,>,,,censored_or_approximate,48.0,h,48.0,,,,mortality,False,586e2dab-3b65-4e37-a7b0-06ba1cca88fd,"EFSA Journal 2011,9(3):1858, doi:10.2903/j.efsa.2011.1858",2011.0,False,False,False,True,False,True,False,0,-1,-1,True,structure_screen_only,False,False
13b7ba3b-de15-4239-9eb2-acd60f0a95cf,096dd230-ca7d-4891-8ffb-de3ef18d5edd,3751,fefca5e1-4893-4a5a-a98d-71e9f22976ac,Clofentezine,mono-constituent substance,2969a03d-f907-4b0a-9a0b-84774f470b1d,UXADOQPNKNTIHB-UHFFFAOYSA-N,UXADOQPNKNTIHB,UXADOQPNKNTIHB,Clc1ccccc1-c1nnc(-c2ccccc2Cl)nn1,False,1,74115-24-5,C1=CC=C(C(=C1)C2=NN=C(N=N2)C3=CC=CC=C3Cl)Cl,InChI=1S/C14H8Cl2N4/c15-11-7-3-1-5-9(11)13-17-19-14(20-18-13)10-6-2-4-8-12(10)16/h1-8H,Contact,LD50,,other:,µg/piece,µg/piece,species_based_piece_to_bee,84.5,>,,,censored_or_approximate,,,,,,,mortality,False,22662941-d804-4db2-9a5e-01e32613d3a6,doi:10.2903/j.efsa.2021.6817,2021.0,True,True,True,True,False,True,False,0,0,-1,True,structure_screen_only,True,False
07634710-c063-475a-9f04-e6fde671823e,fedfa9f4-e24c-476c-9028-dfa3ba68ab9a,3752,4ece981b-2de2-4e27-8688-a687efcb4780,Prosulfuron,mono-constituent substance,ec03dad0-1b48-4e47-810c-2b4c29cafdd5,LTUNNEGNEKBSEH-UHFFFAOYSA-N,LTUNNEGNEKBSEH,LTUNNEGNEKBSEH,COc1nc(C)nc(NC(=O)NS(=O)(=O)c2ccccc2CCC(F)(F)F)n1,False,1,94125-34-5,CC1=NC(=NC(=N1)OC)NC(=O)NS(=O)(=O)C2=CC=CC=C2CCC(F)(F)F,"InChI=1S/C15H16F3N5O4S/c1-9-19-12(22-14(20-9)27-2)21-13(24)23-28(25,26)11-6-4-3-5-10(11)7-8-15(16,17)18/h3-6H,7-8H2,1-2H3,(H2,19,20,21,22,23,24)",Contact,LD50,,other:,µg/piece,µg/piece,species_based_piece_to_bee,100.0,>,,,censored_or_approximate,48.0,h,48.0,,,,mortality,False,a393242a-53ef-448e-8c1f-fc4e9270ee47,"EFSA Journal 2014,12(9):3815, doi:10.2903/j.efsa.2014.3815",2014.0,True,True,True,True,False,True,False,0,0,0,True,structure_screen_only,True,True
3d9d7e77-ecf1-496b-ae0f-af609602adb5,fc9f5e0c-92e8-4cb9-bbe3-df3b15fb96e2,3753,ce91c86d-78f8-4301-8505-b6e024998880,Asulam Sodium,mono-constituent substance,eab94b9b-a675-46d4-9080-edea3535677b,PEXLHWBDBQUUOG-UHFFFAOYSA-N,PEXLHWBDBQUUOG,VGPYEHKOIGNJKV,COC(=O)NS(=O)(=O)c1ccc(N)cc1.[Na+],False,2,2302-17-2,COC(=O)NS(=O)(=O)C1=CC=C(C=C1)N.[Na+],"InChI=1S/C8H10N2O4S.Na/c1-14-8(11)10-15(12,13)7-4-2-6(9)3-5-7;/h2-5H,9H2,1H3,(H,10,11);/q;+1",Contact,LD50,,other:,µg/piece,µg/piece,species_based_piece_to_bee,100.0,>,,,censored_or_approximate,48.0,h,48.0,,,,mortality,False,3ffa2fb1-7949-4bd5-bed0-fb2c103778cc,doi:10.2903/j.efsa.2010.1822,2010.0,False,True,True,True,True,True,False,0,0,0,True,structure_screen_only,True,True
390dec97-8b2e-46e6-a5f1-7f0ddb7cb3ed,94d94995-25eb-4996-9efd-cba77dfb2d6f,3755,ce91c86d-78f8-4301-8505-b6e024998880,Asulam Sodium,mono-constituent substance,eab94b9b-a675-46d4-9080-edea3535677b,PEXLHWBDBQUUOG-UHFFFAOYSA-N,PEXLHWBDBQUUOG,VGPYEHKOIGNJKV,COC(=O)NS(=O)(=O)c1ccc(N)cc1.[Na+],False,2,2302-17-2,COC(=O)NS(=O)(=O)C1=CC=C(C=C1)N.[Na+],"InChI=1S/C8H10N2O4S.Na/c1-14-8(11)10-15(12,13)7-4-2-6(9)3-5-7;/h2-5H,9H2,1H3,(H,10,11);/q;+1",Contact,LD50,,other:,µg/piece,µg/piece,species_based_piece_to_bee,100.0,>,,,censored_or_approximate,,,,Asulam,,,mortality,True,eee02687-eb6a-49b4-a9c5-fba1d4756995,"EFSA Journal 2018,16(4):5251, doi:10.2903/j.efsa.2018.5251",2018.0,False,True,True,True,True,True,False,0,0,0,True,structure_screen_only,True,False
8193f483-89c2-4baf-b075-c1d2568e47f9,065bb5ec-eb04-45c8-a8ab-c7a0e2bd2f3b,3756,d427476d-9ddb-46f6-b802-4d303909a6c4,Bitertanol (sum of isomers),mono-constituent substance,441a1544-e1de-4d1b-84a1-1e0fedef773e,VGPIBGGRCVEHQZ-UHFFFAOYSA-N,VGPIBGGRCVEHQZ,VGPIBGGRCVEHQZ,CC(C)(C)C(O)C(Oc1ccc(-c2ccccc2)cc1)n1cncn1,False,1,55179-31-2,CC(C)(C)C(O)C(Oc1ccc(cc1)c2ccccc2)n3cncn3,"InChI=1S/C20H23N3O2/c1-20(2,3)18(24)19(23-14-21-13-22-23)25-17-11-9-16(10-12-17)15-7-5-4-6-8-15/h4-14,18-19,24H,1-3H3",Oral,LD50,,other:,µg/piece,µg/piece,species_based_piece_to_bee,104.4,>,,,censored_or_approximate,48.0,h,48.0,,,,mortality,False,510f89d3-3710-433e-9e1b-4e9c75cec0a1,doi:10.2903/j.efsa.2010.1850,2010.0,True,True,True,True,False,True,False,0,0,0,True,structure_screen_only,True,True
8cdf4130-ebc0-4296-b097-168a80770d4e,83962961-0f4f-46f3-82ed-bbc9cdf4bbc1,3757,25cab7b6-759b-4df2-8750-2536c3fb6a65,Methiocarb,mono-constituent substance,4bcb5181-4dbc-4816-829c-fb9ab89d3863,YFBPRJGDJKVWAH-UHFFFAOYSA-N,YFBPRJGDJKVWAH,YFBPRJGDJKVWAH,CNC(=O)Oc1cc(C)c(SC)c(C)c1,False,1,2032-65-7,CNC(=O)Oc1cc(C)c(SC)c(C)c1,"InChI=1/C11H15NO2S/c1-7-5-9(14-11(13)12-3)6-8(2)10(7)15-4/h5-6H,1-4H3,(H,12,13)",Contact,LD50,,other:,µg/piece,µg/piece,species_based_piece_to_bee,0.23,,,,exact,48.0,h,48.0,,,,mortality,False,dd243285-c13f-41c5-a3dc-a211d6371492,doi:10.2903/j.efsa.2006.79r,2006.0,True,True,True,True,False,True,False,1,1,1,True,structure_screen_only,True,True
d236be91-92b7-46b9-afb0-158e7f519df3,adb73d85-d3e7-4f68-ba5f-37daf2ce0891,3758,1c96cde9-8e8d-4712-a754-7f7492cacf32,Thifensulfuron-methyl,mono-constituent substance,482d179b-a16e-4a70-b5ef-2f5995349333,AHTPATJNIAFOLR-UHFFFAOYSA-N,AHTPATJNIAFOLR,AHTPATJNIAFOLR,COC(=O)c1sccc1S(=O)(=O)NC(=O)Nc1nc(C)nc(OC)n1,False,1,79277-27-3,CC1=NC(=NC(=N1)OC)NC(=O)NS(=O)(=O)C2=C(SC=C2)C(=O)OC,"InChI=1S/C12H13N5O6S2/c1-6-13-10(16-12(14-6)23-3)15-11(19)17-25(20,21)7-4-5-24-8(7)9(18)22-2/h4-5H,1-3H3,(H2,13,14,15,16,17,19)",Contact,LD50,,other:,µg/piece,µg/piece,species_based_piece_to_bee,100.0,>,,,censored_or_approximate,,,,,,,mortality,False,8afa5afa-f1bf-4382-9b79-5b995923cf2e,doi:10.2903/j.efsa.2015.4201,2015.0,True,True,True,True,True,True,False,0,0,0,True,structure_screen_only,True,False
7f148004-62c4-4473-bb5a-6f01a8150732,d7b9a5f8-2cd5-4aaf-a8ac-81880aa464bd,3759,48adc8af-0eb2-4040-a4fd-4d3a09f205b6,Metribuzin,mono-constituent substance,6558686e-6519-47ac-b815-3854eb7335fa,FOXFZRUHNHCZPX-UHFFFAOYSA-N,FOXFZRUHNHCZPX,FOXFZRUHNHCZPX,CSc1nnc(C(C)(C)C)c(=O)n1N,False,1,21087-64-9,CC(C)(C)C1=NN=C(N(C1=O)N)SC,"InChI=1S/C8H14N4OS/c1-8(2,3)5-6(13)12(9)7(14-4)11-10-5/h9H2,1-4H3",Contact,LD50,,µg/bee,,µg/bee,direct_ug_bee,100.0,>,,,censored_or_approximate,,,,,,,mortality,False,ac6e295e-e383-439e-9660-e35252fa536b,doi:10.2903/j.efsa.2023.8140,2023.0,True,True,True,True,True,True,False,0,0,0,True,structure_screen_only,True,False
fc8d182a-aa7d-4560-af28-156b43a3d2d6,1c17c980-4f90-45de-b8aa-367398cc2cb4,3760,8039d5d9-2f66-4a3f-8ff1-4cba7dcfcab8,Etofenprox,mono-constituent substance,4077b413-0343-4757-8dd2-692482e1ead6,YREQHYQNNWYQCJ-UHFFFAOYSA-N,YREQHYQNNWYQCJ,YREQHYQNNWYQCJ,CCOc1ccc(C(C)(C)COCc2cccc(Oc3ccccc3)c2)cc1,False,1,80844-07-1,CCOC1=CC=C(C=C1)C(C)(C)COCC2=CC(=CC=C2)OC3=CC=CC=C3,"InChI=1S/C25H28O3/c1-4-27-22-15-13-21(14-16-22)25(2,3)19-26-18-20-9-8-12-24(17-20)28-23-10-6-5-7-11-23/h5-17H,4,18-19H2,1-3H3",Oral,LD50,,other:,µg/piece,µg/piece,species_based_piece_to_bee,0.024,,,,exact,48.0,h,48.0,,,,mortality,False,6b885fff-fa52-4d04-b83b-27f3bcc205d3,doi:10.2903/j.efsa.2009.213r,2009.0,True,True,True,True,False,True,False,1,1,1,True,structure_screen_only,True,True
5cb9587a-1a15-4ff6-b9dd-c24363697d37,fb69fe8c-f657-46d4-9a69-90cb1b669b65,3761,c4cf1153-630b-41d3-bcef-31774b0657db,Flurtamone,mono-constituent substance,7eb025aa-ac13-4f5b-9b97-fbc2f89b7640,NYRMIJKDBAQCHC-UHFFFAOYSA-N,NYRMIJKDBAQCHC,NYRMIJKDBAQCHC,CNC1=C(c2cccc(C(F)(F)F)c2)C(=O)C(c2ccccc2)O1,False,1,96525-23-4,C3=C(C1=C(OC(C1=O)C2=CC=CC=C2)NC)C=CC=C3C(F)(F)F,"InChI=1S/C18H14F3NO2/c1-22-17-14(12-8-5-9-13(10-12)18(19,20)21)15(23)16(24-17)11-6-3-2-4-7-11/h2-10,16,22H,1H3",Oral,LD50,,other:,µg/piece,µg/piece,species_based_piece_to_bee,105.1,>,,,censored_or_approximate,,,,,,,mortality,False,31bdc495-c4ba-45d1-9a5f-d08b83743c15,doi:10.2903/j.efsa.2016.4498,2016.0,True,True,True,True,True,True,False,0,0,0,True,structure_screen_only,True,False
6f16c8c8-3599-41b9-bf40-f6687da1cb9e,0c05cefe-5199-4a8a-98d2-19021058c3c7,3762,c89da3cc-0fef-4d59-88d5-1a219c9da5e7,Phosphonic acid,mono-constituent substance,535153c9-51e2-4cf5-95e7-1ddca9fac8e4,,,,,False,0,13598-36-2,,,Oral,LD50,,other:,µg/piece,µg/piece,species_based_piece_to_bee,212.0,>,,,censored_or_approximate,,,,,,,mortality,False,80c80f71-4171-47a7-8b5a-ad127d170e74,doi:10.2903/j.efsa.2006.54,2006.0,False,False,False,False,False,False,False,0,0,0,True,structure_screen_only,False,False
d77b398e-5039-4fdc-8407-63548934a382,043ee03c-7267-4bd9-bcc8-17006a572ede,3763,06e8b19e-3e1e-45c5-a8f6-5f601e7e8409,Napropamide-M,mono-constituent substance,493614ac-1959-4ea3-b1a6-1c6d268556b5,WXZVAROIGSFCFJ-CYBMUJFWSA-N,WXZVAROIGSFCFJ,WXZVAROIGSFCFJ,CCN(CC)C(=O)[C@@H](C)Oc1cccc2ccccc12,False,1,41643-35-0,C[C@@H](OC1=C2C=CC=CC2=CC=C1)C(N(CC)CC)=O,"InChI=1S/C17H21NO2/c1-4-18(5-2)17(19)13(3)20-16-12-8-10-14-9-6-7-11-15(14)16/h6-13H,4-5H2,1-3H3/t13-/m1/s1",Contact,LD50,,other:,µg/piece,µg/piece,species_based_piece_to_bee,110.0,>,,,censored_or_approximate,,,,D-Devrinol 450 SC,,,mortality,True,ab9aa532-5c1c-42af-8a1c-d8060924ea1e,"EFSA Journal 2018,16(11):5465, doi:10.2903/j.efsa.2018.5465",2018.0,False,True,True,False,False,False,False,0,0,0,True,structure_screen_only,True,False
37d04790-211a-4811-aab3-da6bd459276a,8346bee3-17f0-435d-a419-e93fc9466ce9,3769,01200537-11cd-4953-965c-2789c191cd79,Flufenacet,mono-constituent substance,f5a8b88c-bdcd-427a-9334-647e23b4f27d,IANUJLZYFUDJIH-UHFFFAOYSA-N,IANUJLZYFUDJIH,IANUJLZYFUDJIH,CC(C)N(C(=O)COc1nnc(C(F)(F)F)s1)c1ccc(F)cc1,False,1,142459-58-3,CC(C)N(C1=CC=C(C=C1)F)C(=O)COC2=NN=C(S2)C(F)(F)F,"InChI=1S/C14H13F4N3O2S/c1-8(2)21(10-5-3-9(15)4-6-10)11(22)7-23-13-20-19-12(24-13)14(16,17)18/h3-6,8H,7H2,1-2H3",Contact,LD50,,µg/bee,,µg/bee,direct_ug_bee,100.0,>,,,censored_or_approximate,,,,,,,mortality,False,ea117d56-cdb1-4643-80e0-c6a853c5c1fb,"EFSA Journal. 2024;22:e8997, doi:10.2903/j.efsa.2024.8997",2024.0,True,True,True,True,False,True,False,0,0,0,True,structure_screen_only,True,False
bc72b679-232b-4e75-9e00-f5424f5fa2fc,18726d6d-967d-4080-ba3c-085380aa426e,3770,29bebfd8-2a36-4f78-aaf2-10d7645fe850,Paraffin oil formulation (Para Sommer),multi-constituent substance,9437db6a-353f-461f-af47-02df2254387e,,,,,False,0,,,,Oral,LD50,,other:,µg/piece,µg/piece,species_based_piece_to_bee,3813.655,>,,,censored_or_approximate,,,,,,,mortality,False,f1d79619-0a90-4238-8ca6-9999619e503a,doi:10.2903/j.efsa.2009.220r,2009.0,False,False,False,False,False,False,False,0,0,0,True,structure_screen_only,False,False
24352db2-ea56-47d7-94ce-f71fab619ea0,4b8feb57-a941-4b20-bb31-7ff0f5677d52,3771,62d34108-e968-4ce2-a9c1-280718f51d6b,Clothianidin,mono-constituent substance,55f031dd-ea53-44b7-8b54-669da3423d1b,PGOOBECODWQEAB-UHFFFAOYSA-N,PGOOBECODWQEAB,PGOOBECODWQEAB,CNC(=N[N+](=O)[O-])NCc1cnc(Cl)s1,False,1,210880-92-5,CNC(NCc1cnc(Cl)s1)=N[N+]([O-])=O,"InChI=1S/C6H8ClN5O2S/c1-8-6(11-12(13)14)10-3-4-2-9-5(7)15-4/h2H,3H2,1H3,(H2,8,10,11)",Contact,LD50,,other:,µg/piece,µg/piece,species_based_piece_to_bee,0.0275,,,,exact,,,,,,,mortality,False,25b1b096-291b-4b36-8279-741b19c90642,doi:10.2903/j.efsa.2013.3066,2013.0,True,True,True,True,True,True,False,1,1,1,True,structure_screen_only,True,False
f2597ef8-47d7-46ba-86b9-32974512b092,d961f0ad-ad5d-4616-b622-0c7766ecb365,3774,8a324526-c0d0-469d-ba10-0b5497f0576d,Clopyralid,mono-constituent substance,5164c81d-4d9c-4ecd-90ee-1bd5f0d14813,HUBANNPOLNYSAD-UHFFFAOYSA-N,HUBANNPOLNYSAD,HUBANNPOLNYSAD,O=C(O)c1nc(Cl)ccc1Cl,False,1,1702-17-6,C1=CC(=NC(=C1Cl)C(=O)O)Cl,"InChI=1S/C6H3Cl2NO2/c7-3-1-2-4(8)9-5(3)6(10)11/h1-2H,(H,10,11)",Oral,LD50,,other:,µg/piece,µg/piece,species_based_piece_to_bee,100.0,>,,,censored_or_approximate,,,,,,,mortality,False,2f2bf606-cc6d-4c4f-b76b-0910a37c68e7,doi:10.2903/j.efsa.2006.50r,2006.0,True,True,True,True,False,True,False,0,0,0,True,structure_screen_only,True,False
48303d33-8fac-4a7e-b6d2-388ab5132d7e,2603902c-fb31-4090-94be-dbc043ad2e57,3778|3779,2c768256-dd97-47a0-b1c0-5af9ff342323,Amidosulfuron,mono-constituent substance,61acd9a4-5ad2-408b-a03a-ebdb5e2f468e,CTTHWASMBLQOFR-UHFFFAOYSA-N,CTTHWASMBLQOFR,CTTHWASMBLQOFR,COc1cc(OC)nc(NC(=O)NS(=O)(=O)N(C)S(C)(=O)=O)n1,False,1,120923-37-7,O=C(Nc1nc(cc(OC)n1)OC)NS(=O)(=O)N(C)S(C)(=O)=O,"InChI=1S/C9H15N5O7S2/c1-14(22(4,16)17)23(18,19)13-9(15)12-8-10-6(20-2)5-7(11-8)21-3/h5H,1-4H3,(H2,10,11,12,13,15)",Contact,LD50,,other:,µg/piece,µg/piece,species_based_piece_to_bee,100.0,>,,,censored_or_approximate,48.0,h,48.0,,,,mortality,False,01002c5d-2525-48bd-a4ff-ab9a650ab754|7fc23f66-c25a-473b-b0b4-6b784d0de953,"EFSA Journal. 2024;22:e8984, doi:10.2903/j.efsa.2024.8984|doi:10.2903/j.efsa.2008.116r",2008.0|2024.0,True,True,True,True,True,True,False,0,0,0,True,structure_screen_only,True,True
6e5c2953-8f26-4038-bb8d-a1d68002a922,8e906054-d3d4-4a80-9384-7515de73eda9,3780,1af92583-e2ed-461f-b5b0-f4fedd974648,Myclobutanil,mono-constituent substance,73d6166e-7466-42ba-92f8-31cc5cd98346,HZJKXKUJVSEEFU-UHFFFAOYSA-N,HZJKXKUJVSEEFU,HZJKXKUJVSEEFU,CCCCC(C#N)(Cn1cncn1)c1ccc(Cl)cc1,False,1,88671-89-0,Clc1ccc(cc1)C(CCCC)(Cn2cncn2)C#N,"InChI=1S/C15H17ClN4/c1-2-3-8-15(9-17,10-20-12-18-11-19-20)13-4-6-14(16)7-5-13/h4-7,11-12H,2-3,8,10H2,1H3",Contact,LD50,,other:,µg/piece,µg/piece,species_based_piece_to_bee,39.6,>,,,censored_or_approximate,72.0,h,72.0,Systhane 20 EW,,,mortality,True,462222fa-5965-4efe-a805-a1bc5120bbfc,doi:10.2903/j.efsa.2009.298r,2009.0,True,True,True,True,False,True,False,0,0,-1,True,structure_screen_only,True,False
a4ca99c6-a1a2-413c-85a5-3aefbeb48d60,4fc315ea-4123-4f28-981f-3cbb155f8365,3781,f9ab6573-a65c-462b-b889-f45b10d2e584,Carbetamide,mono-constituent substance,e87ddac0-2f37-40ed-8f27-09c87f82a747,AMRQXHFXNZFDCH-UHFFFAOYSA-N,AMRQXHFXNZFDCH,AMRQXHFXNZFDCH,CCNC(=O)C(C)OC(=O)Nc1ccccc1,True,1,16118-49-3,O=C(NCC)C(OC(NC1=CC=CC=C1)=O)C,"InChI=1S/C12H16N2O3/c1-3-13-11(15)9(2)17-12(16)14-10-7-5-4-6-8-10/h4-9H,3H2,1-2H3,(H,13,15)(H,14,16)/t9-/m1/s1",Oral,LD50,,other:,µg/piece,µg/piece,species_based_piece_to_bee,63.22,>,,,censored_or_approximate,,,,Preparation,,,mortality,True,ac5da8f5-73b7-4273-9087-31fa85935a39,doi:10.2903/j.efsa.2010.1913,2010.0,True,True,True,True,True,True,False,0,0,-1,True,structure_screen_only,False,False
3b883d16-ec26-47f9-acf3-5fd20cac2767,7eb72a45-4582-40c5-8bc6-75c2c7f2197e,3782,4bfab2fa-379b-4887-9301-c84700b91445,Metrafenone,mono-constituent substance,dd74f1f8-db70-4716-b36a-e4407352c61d,AMSPWOYQQAWRRM-UHFFFAOYSA-N,AMSPWOYQQAWRRM,AMSPWOYQQAWRRM,COc1cc(C)c(C(=O)c2c(OC)ccc(Br)c2C)c(OC)c1OC,False,1,220899-03-6,CC1=CC(=C(C(=C1C(=O)C2=C(C=CC(=C2C)Br)OC)OC)OC)OC,"InChI=1S/C19H21BrO5/c1-10-9-14(23-4)18(24-5)19(25-6)15(10)17(21)16-11(2)12(20)7-8-13(16)22-3/h7-9H,1-6H3",Contact,LD50,,other:,µg/piece,µg/piece,species_based_piece_to_bee,100.0,>,,,censored_or_approximate,,,,,,,mortality,False,faebe646-e45a-4a5b-a62c-cc47e33f7ad8,doi:10.2903/j.efsa.2006.58r,2006.0,True,True,True,True,False,True,False,0,0,0,True,structure_screen_only,True,False
ef6ed69b-73a1-4d47-a0c6-516baadb4295,23e783d2-33a9-4278-bed9-c02957099cbb,3784,366a3f2b-8c1f-48c5-a8f2-d50477575d41,Florpyrauxifen-benzyl,mono-constituent substance,9fa8798b-0956-459a-95a3-50fd42343b58,WNZCDFOXYNRBRB-UHFFFAOYSA-N,WNZCDFOXYNRBRB,WNZCDFOXYNRBRB,COc1c(Cl)ccc(-c2nc(C(=O)OCc3ccccc3)c(Cl)c(N)c2F)c1F,False,1,1390661-72-9,COC1=C(C=CC(=C1F)C2=NC(=C(C(=C2F)N)Cl)C(=O)OCC3=CC=CC=C3)Cl,"InChI=1S/C20H14Cl2F2N2O3/c1-28-19-12(21)8-7-11(14(19)23)17-15(24)16(25)13(22)18(26-17)20(27)29-9-10-5-3-2-4-6-10/h2-8H,9H2,1H3,(H2,25,26)",Contact,LD50,,other:,µg/piece,µg/piece,species_based_piece_to_bee,100.0,>,,,censored_or_approximate,48.0,h,48.0,,,,mortality,False,5838d590-d711-4363-80b8-c131979f2d81,"EFSA Journal 2018,16(7):5378, doi:10.2903/j.efsa.2018.5378",2018.0,True,True,True,True,False,True,False,0,0,0,True,structure_screen_only,True,True
3e1ad451-b18c-4dd8-8783-91ffd697a145,8d0ce8b0-e5ca-407c-b63c-ab95d4607b0c,3785,a8399645-cdd4-43cd-8d23-dd9dd781a96a,Fludioxonil,mono-constituent substance,f5915f9d-a6ca-4f53-8b90-1b487ad207f7,MUJOIMFVNIBMKC-UHFFFAOYSA-N,MUJOIMFVNIBMKC,MUJOIMFVNIBMKC,N#Cc1c[nH]cc1-c1cccc2c1OC(F)(F)O2,False,1,131341-86-1,FC3(F)OC(C(O3)=CC=C2)=C2C1=CNC=C1C#N,"InChI=1S/C12H6F2N2O2/c13-12(14)17-10-3-1-2-8(11(10)18-12)9-6-16-5-7(9)4-15/h1-3,5-6,16H",Oral,LD50,,other:,µg/piece,µg/piece,species_based_piece_to_bee,100.0,>,,,censored_or_approximate,48.0,h,48.0,,,,mortality,False,88c24ac9-65c0-4813-aa7f-f6688718587a,doi:10.2903/j.efsa.2007.110r,2007.0,True,True,True,True,False,True,False,0,0,0,True,structure_screen_only,True,True
d702b516-30b0-417b-9ff3-73ea4fe17f56,a33ae22a-8662-4836-afdf-2eee1fc84852,3786,c2d65981-1609-4d35-bec2-ee43eebef3ff,Topramezone,mono-constituent substance,7f441f43-8a8d-46a8-9996-b459106f0513,BPPVUXSMLBXYGG-UHFFFAOYSA-N,BPPVUXSMLBXYGG,BPPVUXSMLBXYGG,Cc1c(C(=O)c2c[nH]n(C)c2=O)ccc(S(C)(=O)=O)c1C1=NOCC1,False,1,210631-68-8,CC1=C(C=CC(=C1C2=NOCC2)S(=O)(=O)C)C(=O)C3=CNN(C3=O)C,"InChI=1S/C16H17N3O5S/c1-9-10(15(20)11-8-17-19(2)16(11)21)4-5-13(25(3,22)23)14(9)12-6-7-24-18-12/h4-5,8,17H,6-7H2,1-3H3",Contact,LD50,,other:,µg/piece,µg/piece,species_based_piece_to_bee,100.0,>,,,censored_or_approximate,48.0,h,48.0,,,,mortality,False,a724d5fc-8acb-48b3-adc0-4f8e273226e3,"EFSA Journal 2014,12(2):3540, doi:10.2903/j.efsa.2014.3540",2014.0,True,True,True,True,False,True,False,0,0,0,True,structure_screen_only,True,True
024c9453-14d2-499d-a78f-57bc58b20320,3e121c34-4eaa-4e31-b931-2bf252232192,3787,9d6df010-e739-43be-8a24-14221038eb19,Chlorantraniliprole,mono-constituent substance,c44da004-1d4a-492b-bc3f-df58fc16057e,PSOVNZZNOMJUBI-UHFFFAOYSA-N,PSOVNZZNOMJUBI,PSOVNZZNOMJUBI,CNC(=O)c1cc(Cl)cc(C)c1NC(=O)c1cc(Br)nn1-c1ncccc1Cl,False,1,500008-45-7,CC1=C(C(=CC(=C1)Cl)C(=O)NC)NC(=O)C2=CC(=NN2C3=C(C=CC=N3)Cl)Br,"InChI=1S/C18H14BrCl2N5O2/c1-9-6-10(20)7-11(17(27)22-2)15(9)24-18(28)13-8-14(19)25-26(13)16-12(21)4-3-5-23-16/h3-8H,1-2H3,(H,22,27)(H,24,28)",Oral,LD50,,other:,µg/piece,µg/piece,species_based_piece_to_bee,104.1,>,,,censored_or_approximate,48.0,h,48.0,chlorantraniliprole technical in acetone,,,mortality,True,f4536139-d447-4533-b8b5-92835c95b2d4,doi:10.2903/j.efsa.2013.3143,2013.0,True,True,True,True,True,True,False,0,0,0,True,structure_screen_only,True,False
b8bed8f6-96ca-4d22-83c0-936e1d3cccbb,384bd6f1-a38a-4990-bb6b-80ad37653b66,3788,6466c4e7-7266-4cfb-a0e4-49334015b293,Bifenazate,mono-constituent substance,0c4b791a-8b2a-43b8-82d1-51bacb8f1bab,VHLKTXFWDRXILV-UHFFFAOYSA-N,VHLKTXFWDRXILV,VHLKTXFWDRXILV,COc1ccc(-c2ccccc2)cc1NNC(=O)OC(C)C,False,1,149877-41-8,O=C(NNC1=C(OC)C=CC(C2=CC=CC=C2)=C1)OC(C)C,"InChI=1S/C17H20N2O3/c1-12(2)22-17(20)19-18-15-11-14(9-10-16(15)21-3)13-7-5-4-6-8-13/h4-12,18H,1-3H3,(H,19,20)",Oral,LD50,,other:,µg/piece,µg/piece,species_based_piece_to_bee,100.0,>,,,censored_or_approximate,48.0,h,48.0,,,,mortality,False,839e7251-5fd6-4b8e-bea4-ca09c56be1a4,doi:10.2903/j.efsa.2017.4693,2017.0,True,True,True,True,False,True,False,0,0,0,True,structure_screen_only,True,True
1fbd6871-5a99-4bfc-a328-e3601b27862e,723a9a3d-a281-4280-917d-e248a0108c1e,3789,d7f063ce-9c18-4e80-8f1c-f268054eca48,Cyclaniliprole,mono-constituent substance,203d1913-0a69-4b36-900a-9561730e1fc8,RAMUASXTSSXCMB-UHFFFAOYSA-N,RAMUASXTSSXCMB,RAMUASXTSSXCMB,CC(NC(=O)c1cc(Cl)cc(Br)c1NC(=O)c1cc(Br)nn1-c1ncccc1Cl)C1CC1,False,1,1031756-98-5,CC(C1CC1)NC(=O)C2=CC(=CC(=C2NC(=O)C3=CC(=NN3C4=C(C=CC=N4)Cl)Br)Br)Cl,"InChI=1S/C21H17Br2Cl2N5O2/c1-10(11-4-5-11)27-20(31)13-7-12(24)8-14(22)18(13)28-21(32)16-9-17(23)29-30(16)19-15(25)3-2-6-26-19/h2-3,6-11H,4-5H2,1H3,(H,27,31)(H,28,32)",Contact,LD50,,other:,µg/piece,µg/piece,species_based_piece_to_bee,0.486,,,,exact,,,,IKI-3106 50SL,,,mortality,True,3f3e31a3-5308-44d7-8810-e7d93e259383,doi:10.2903/j.efsa.2016.4452,2016.0,True,True,True,True,True,True,False,1,1,1,True,structure_screen_only,True,False
ea502a27-412e-469d-af10-7bed3b24044c,dd3e91da-c1c6-47f0-8c78-6ced866746a3,3793,22843063-60cf-44bf-8815-a276ee0a1875,Tetraconazole,mono-constituent substance,62734a92-8cdd-4cb2-b9ab-a41433e4660e,LQDARGUHUSPFNL-UHFFFAOYSA-N,LQDARGUHUSPFNL,LQDARGUHUSPFNL,FC(F)C(F)(F)OCC(Cn1cncn1)c1ccc(Cl)cc1Cl,False,1,112281-77-3,C1=CC(=C(C=C1Cl)Cl)C(CN2C=NC=N2)COC(C(F)F)(F)F,"InChI=1S/C13H11Cl2F4N3O/c14-9-1-2-10(11(15)3-9)8(4-22-7-20-6-21-22)5-23-13(18,19)12(16)17/h1-3,6-8,12H,4-5H2",Contact,LD50,,other:,µg/piece,µg/piece,species_based_piece_to_bee,63.0,,,,exact,,,,,,,mortality,False,da765d33-b97c-4806-856a-0472c1103a77,doi:10.2903/j.efsa.2008.152r,2008.0,True,True,True,True,False,True,False,0,0,1,True,structure_screen_only,True,False
763dd023-6a51-4331-b7b5-4d53b6976952,d6313348-84bc-46ec-8ff4-d20cdffcc9b1,3794,0048d075-d1f9-4b12-b806-c0e845a6f424,Thiamethoxam,mono-constituent substance,e63cc611-77aa-46b3-a39c-2d7cda4986b6,NWWZPOKUUAIXIW-DHZHZOJOSA-N,NWWZPOKUUAIXIW,NWWZPOKUUAIXIW,CN1COCN(Cc2cnc(Cl)s2)/C1=N/[N+](=O)[O-],False,1,153719-23-4,CN\1COCN(/C1=N/[N+](=O)[O-])CC2=CN=C(S2)Cl,"InChI=1S/C8H10ClN5O3S/c1-12-4-17-5-13(8(12)11-14(15)16)3-6-2-10-7(9)18-6/h2H,3-5H2,1H3/b11-8+",Oral,LD50,,other:,µg/piece,µg/piece,species_based_piece_to_bee,0.005,,,,exact,,,,,,,mortality,False,7bfe09b7-88f5-4ab5-b8d1-39f26f556d5a,doi:10.2903/j.efsa.2013.3067,2013.0,False,True,True,True,False,True,False,1,1,1,True,structure_screen_only,True,False
827cef49-c110-4a7d-bfb5-710d83d7e646,7791953d-1ee9-4dff-89bc-c02795a44387,3795,582536dd-ad5d-4ba2-8168-fe0687fc489a,Clodinafop-Propargyl,mono-constituent substance,250ab577-5bcb-4a56-9a39-caa1cfe1c282,JBDHZKLJNAIJNC-LLVKDONJSA-N,JBDHZKLJNAIJNC,JBDHZKLJNAIJNC,C#CCOC(=O)[C@@H](C)Oc1ccc(Oc2ncc(Cl)cc2F)cc1,False,1,105512-06-9,O=C(OCC#C)[C@H](OC1=CC=C(OC2=NC=C(Cl)C=C2F)C=C1)C,"InChI=1S/C17H13ClFNO4/c1-3-8-22-17(21)11(2)23-13-4-6-14(7-5-13)24-16-15(19)9-12(18)10-20-16/h1,4-7,9-11H,8H2,2H3/t11-/m1/s1",Oral,LD50,,other:,µg/piece,µg/piece,species_based_piece_to_bee,104.0,>,,,censored_or_approximate,,,,,,,mortality,False,2c11c2fe-3485-4206-af66-14c43994db7f,"EFSA Journal 2018,16(11):5467, doi:10.2903/j.efsa.2018.5467",2018.0,False,True,True,True,True,True,False,0,0,0,True,structure_screen_only,True,False
6fe21626-677d-47f7-9f95-60e4e8fa2019,2eb3430c-c25d-4e4a-9cf0-c28d66b13d94,3796,ce4bbdca-6245-4364-ab4e-2ed58ece4357,Cyazofamid,mono-constituent substance,d44dd546-efbf-4b44-b32c-454bd84bc4e2,YXKMMRDKEKCERS-UHFFFAOYSA-N,YXKMMRDKEKCERS,YXKMMRDKEKCERS,Cc1ccc(-c2c(Cl)nc(C#N)n2S(=O)(=O)N(C)C)cc1,False,1,120116-88-3,O=S(N1C(C#N)=NC(Cl)=C1C2=CC=C(C)C=C2)(N(C)C)=O,"InChI=1S/C13H13ClN4O2S/c1-9-4-6-10(7-5-9)12-13(14)16-11(8-15)18(12)21(19,20)17(2)3/h4-7H,1-3H3",Oral,LD50,,other:,µg/piece,µg/piece,species_based_piece_to_bee,31.8,>,,,censored_or_approximate,,,,Cyazofamid formulation: IKF-916 160SC-N,,,mortality,True,3714ce9a-6bf2-4d1c-8823-616fb1a72587,doi:10.2903/j.efsa.2016.4503,2016.0,True,True,True,True,False,True,False,0,0,-1,True,structure_screen_only,True,False
a5ed7032-55f2-4511-a5c0-fa6bf240119f,329763ed-c90f-4011-9f40-cf74ae89cf69,3797,ce91c86d-78f8-4301-8505-b6e024998880,Asulam Sodium,mono-constituent substance,eab94b9b-a675-46d4-9080-edea3535677b,PEXLHWBDBQUUOG-UHFFFAOYSA-N,PEXLHWBDBQUUOG,VGPYEHKOIGNJKV,COC(=O)NS(=O)(=O)c1ccc(N)cc1.[Na+],False,2,2302-17-2,COC(=O)NS(=O)(=O)C1=CC=C(C=C1)N.[Na+],"InChI=1S/C8H10N2O4S.Na/c1-14-8(11)10-15(12,13)7-4-2-6(9)3-5-7;/h2-5H,9H2,1H3,(H,10,11);/q;+1",Contact,LD50,,other:,µg/piece,µg/piece,species_based_piece_to_bee,100.0,>,,,censored_or_approximate,,,,,,,mortality,False,c776af5e-597a-4e5d-a762-90a9c48dbb86,doi:10.2903/j.efsa.2021.6921,2021.0,False,True,True,True,True,True,False,0,0,0,True,structure_screen_only,True,False
01171ac6-9019-4960-b15a-5636ace9b8e5,76f78403-69f7-41e3-b465-7eeb5b292cf1,3798,c622a51b-e6e4-46b2-90f2-fbeb93a2af0d,Dimethenamid,mono-constituent substance,820527c4-54fd-467c-9668-ed75b105a0b1,JLYFCTQDENRSOL-UHFFFAOYSA-N,JLYFCTQDENRSOL,JLYFCTQDENRSOL,COCC(C)N(C(=O)CCl)c1c(C)csc1C,False,1,87674-68-8,O=C(CCl)N(C(C)COC)C1=C(C)SC=C1C,"InChI=1S/C12H18ClNO2S/c1-8-7-17-10(3)12(8)14(11(15)5-13)9(2)6-16-4/h7,9H,5-6H2,1-4H3",Oral,LD50,,other:,µg/piece,µg/piece,species_based_piece_to_bee,1000.0,,,,exact,,,,,,,mortality,False,c9e4f9c5-d5ee-4133-995c-191036317b20,doi:10.2903/j.efsa.2006.53r,2006.0,True,True,True,False,False,False,False,0,0,0,True,structure_screen_only,True,False
b1bfa96f-17f0-43ab-a072-4e6c33a45c7e,07412609-937b-4d1f-946d-54fe0600051a,3800|3801,cfd9fc52-68f4-439d-9c56-cc77bfcdcddf,Gibberellic acid,mono-constituent substance,2144421d-a63a-4403-9ea3-bf7541949988,IXORZMNAPKEEDV-OBDJNFEBSA-N,IXORZMNAPKEEDV,IXORZMNAPKEEDV,C=C1C[C@]23C[C@@]1(O)CC[C@H]2[C@@]12C=C[C@H](O)[C@@](C)(C(=O)O1)[C@H]2[C@@H]3C(=O)O,False,1,77-06-5,C[C@@]12[C@H](C=C[C@@]3([C@@H]1[C@@H]([C@]45[C@H]3CC[C@](C4)(C(=C)C5)O)C(=O)O)OC2=O)O,"InChI=1S/C19H22O6/c1-9-7-17-8-18(9,24)5-3-10(17)19-6-4-11(20)16(2,15(23)25-19)13(19)12(17)14(21)22/h4,6,10-13,20,24H,1,3,5,7-8H2,2H3,(H,21,22)/t10-,11+,12-,13-,16-,17+,18+,19-/m1/s1",Contact,LD50,,other:,µg/piece,µg/piece,species_based_piece_to_bee,25.0,>,,,censored_or_approximate,,,,,,,mortality,False,31d240a9-add4-49af-883b-0c6ebaee4e80|6f3381db-c6a5-49b9-955e-1429ecbc45c6,"EFSA Journal 2012,10(1):2507, doi:10.2903/j.efsa.2012.2507|EFSA Journal. 2024;22:e9065; doi:10.2903/j.efsa.2024.9065",2012.0|2024.0,False,True,True,True,True,True,False,0,0,-1,True,structure_screen_only,True,False
26146679-0b4b-4620-907e-eb4ec541dc9e,83da4fc8-1b65-466f-9238-c5fb900b440b,3803,ac90fafa-e01a-4d10-a117-b6f40bc2ceff,Dicopper chloride trihydroxide,mono-constituent substance,cf211858-d5f5-43f1-acca-ad62813fd116,SKQUUKNCBWILCD-UHFFFAOYSA-J,SKQUUKNCBWILCD,XLYOFNOQVPJJNP,[Cl-].[Cu+2].[Cu+2].[OH-].[OH-].[OH-],False,6,1332-65-6,[OH-].[OH-].[OH-].[Cl-].[Cu+2].[Cu+2],InChI=1S/ClH.2Cu.3H2O/h1H;;;3*1H2/q;2*+2;;;/p-4,Oral,LD50,,other:,µg/piece,µg/piece,species_based_piece_to_bee,12.1,,,,exact,,,,,,,mortality,False,317a7bf0-b2ac-4c6b-8dc3-8b1806c0ad62,doi:10.2903/j.efsa.2018.5152,2018.0,False,False,True,False,False,False,False,0,0,1,True,structure_screen_only,True,False
7ce4f0e0-15fa-4a50-a4bc-79fe65b5135a,41b8e8ef-d2c2-4c2b-9453-8b8a26def896,3804,2c5327e6-d664-4de5-9e73-97ff3775d21f,Propiconazole (sum of isomers),mono-constituent substance,d27a5701-5986-431e-930f-0406df10b9af,,,,,False,0,,,,Oral,LD50,,other:,µg/piece,µg/piece,species_based_piece_to_bee,203.4,,,,exact,,,,Preparation A6097AF,,,mortality,True,6344b6d2-703a-4159-92d5-1233bd28ecea,"EFSA Journal 2017,15(7):4887, doi:10.2903/j.efsa.2017.4887",2017.0,False,False,False,False,False,False,False,0,0,0,True,structure_screen_only,False,False
b6a7759b-89b4-4c06-b3d3-60723a327826,bc15ea13-94a0-452b-9b44-88a9d0ed7a18,3806,6cb0a6cb-99b5-405c-b63f-a1f29cd27e4b,Pinoxaden,mono-constituent substance,32cca226-e891-4971-a11d-2d92306c6e4e,MGOHCFMYLBAPRN-UHFFFAOYSA-N,MGOHCFMYLBAPRN,MGOHCFMYLBAPRN,CCc1cc(C)cc(CC)c1-c1c(OC(=O)C(C)(C)C)n2n(c1=O)CCOCC2,False,1,243973-20-8,CCC1=CC(=CC(=C1C2=C(N3CCOCCN3C2=O)OC(=O)C(C)(C)C)CC)C,"InChI=1S/C23H32N2O4/c1-7-16-13-15(3)14-17(8-2)18(16)19-20(26)24-9-11-28-12-10-25(24)21(19)29-22(27)23(4,5)6/h13-14H,7-12H2,1-6H3",Contact,LD50,,other:,µg/piece,µg/piece,species_based_piece_to_bee,100.0,>,,,censored_or_approximate,48.0,h,48.0,,,,mortality,False,d30da451-d914-4589-855e-a2e3d2db4827,doi:10.2903/j.efsa.2013.3269,2013.0,True,True,True,True,False,True,False,0,0,0,True,structure_screen_only,True,True
cf1a3f1c-0d6b-4f48-a090-1acf48520d87,64656d93-a1eb-4252-a679-b74c1fd7556c,3807,153e3ea3-2e72-404e-a564-55a32e7e101f,Sintofen,mono-constituent substance,6fa4ce33-9c7d-45b7-a65d-fb935b19e230,QLMNCUHSDAGQGT-UHFFFAOYSA-N,QLMNCUHSDAGQGT,QLMNCUHSDAGQGT,COCCOc1cccc2c1c(=O)c(C(=O)O)nn2-c1ccc(Cl)cc1,False,1,130561-48-7,O=C(O)C2=NN(c1ccc(Cl)cc1)c3cccc(OCCOC)c3C2=O,"InChI=1S/C18H15ClN2O5/c1-25-9-10-26-14-4-2-3-13-15(14)17(22)16(18(23)24)20-21(13)12-7-5-11(19)6-8-12/h2-8H,9-10H2,1H3,(H,23,24)",Oral,LD50,,other:,µg/piece,µg/piece,species_based_piece_to_bee,100.0,>,,,censored_or_approximate,48.0,h,48.0,Sintofen (formulation) - Croisor 100 SL,,,mortality,True,bb58c4dc-3d2c-433b-bc90-a676e426bef5,doi:10.2903/j.efsa.2010.1931,2010.0,False,False,False,True,True,True,False,0,0,0,True,structure_screen_only,True,False
914ce218-dc1e-454e-bbdb-55453bba43e6,65e78b0b-986f-4e87-a819-e94a84ff611c,3811|3812,c5a05f6c-b34b-4ab6-91f9-da4f8bdcd99e,Dimoxystrobin,mono-constituent substance,78b54c00-fbe4-4e95-ab6a-8f48b6e47f56,WXUZAHCNPWONDH-UHFFFAOYSA-N,WXUZAHCNPWONDH,WXUZAHCNPWONDH,CNC(=O)C(=NOC)c1ccccc1COc1cc(C)ccc1C,True,1,149961-52-4,CC1=CC(=C(C=C1)C)OCC2=CC=CC=C2C(=NOC)C(=O)NC,"InChI=1S/C19H22N2O3/c1-13-9-10-14(2)17(11-13)24-12-15-7-5-6-8-16(15)18(21-23-4)19(22)20-3/h5-11H,12H2,1-4H3,(H,20,22)/b21-18-",Oral,LD50,,µg/bee,,µg/bee,direct_ug_bee,59.75,>,,,censored_or_approximate,48.0,h,48.0,BAS 540 01 F,act. ingr.,,mortality,True,83792fe3-ab3d-4c0c-94f9-f40c0aa293ab|cdfc9417-f387-4558-9923-8540c15354c6,"EFSA Journal 2022,20(11):7634, doi:10.2903/j.efsa.2022.7634|EFSA Journal 2023,21(10):8329, doi:10.2903/j.efsa.2023.8329",2022.0|2023.0,True,True,True,True,True,True,False,0,0,-1,True,structure_screen_only,False,False
e490b3bd-2cf1-4eb3-8419-ec0e1ff1f1d3,8480184d-06bf-48b8-9744-ed43d376cae6,3816,4104338f-ade3-4caa-9a0b-aa7f59b2f674,Dimethenamid-p,mono-constituent substance,2bbf5e47-9768-48c9-b961-f5b0d3702360,JLYFCTQDENRSOL-VIFPVBQESA-N,JLYFCTQDENRSOL,JLYFCTQDENRSOL,COC[C@H](C)N(C(=O)CCl)c1c(C)csc1C,False,1,163515-14-8,CC1=CSC(=C1N([C@@H](C)COC)C(=O)CCl)C,"InChI=1S/C12H18ClNO2S/c1-8-7-17-10(3)12(8)14(11(15)5-13)9(2)6-16-4/h7,9H,5-6H2,1-4H3/t9-/m0/s1",Contact,LD50,,other:,µg/piece,µg/piece,species_based_piece_to_bee,93.8,,,,exact,48.0,h,48.0,BAS 656 H,,,mortality,True,9176d8c7-c354-4973-9f66-6d42a4332198,"EFSA Journal 2018,16(3):5211, doi:10.2903/j.efsa.2018.5211",2018.0,False,True,True,True,True,True,False,0,0,1,True,structure_screen_only,True,False
377e0f45-587f-4913-b8e1-ed7bf0d49b40,db6a9bbc-3fc5-482a-b85f-b6b7a73275a2,3817,5d1907a1-6bea-40e1-8512-bd798a9b4fca,Imidacloprid,mono-constituent substance,c99b657a-c02d-48a3-9ad7-b6cf5838bde0,YWTYJOPNNQFBPC-UHFFFAOYSA-N,YWTYJOPNNQFBPC,YWTYJOPNNQFBPC,O=[N+]([O-])/N=C1\NCCN1Cc1ccc(Cl)nc1,False,1,138261-41-3,ClC(C=C2)=NC=C2CN1/C(NCC1)=N/[N+]([O-])=O,"InChI=1S/C9H10ClN5O2/c10-8-2-1-7(5-12-8)6-14-4-3-11-9(14)13-15(16)17/h1-2,5H,3-4,6H2,(H,11,13)",Contact,LD50,,other:,µg/piece,µg/piece,species_based_piece_to_bee,0.081,,,,exact,,,,,,,mortality,False,d9208219-9dd1-4ead-bfb0-78397aec1a9b,doi:10.2903/j.efsa.2013.3068,2013.0,True,True,True,True,True,True,False,1,1,1,True,structure_screen_only,True,False
415b270b-9a54-40c3-b23a-4c6c13981271,fea6f256-d9b0-48af-a174-85a3b06f7c8b,3819,9a2ddf54-9f55-4437-8dd8-28f3c7136969,Bentazone,mono-constituent substance,91f65e26-9df7-49c8-a98d-2c93c32067a3,ZOMSMJKLGFBRBS-UHFFFAOYSA-N,ZOMSMJKLGFBRBS,ZOMSMJKLGFBRBS,CC(C)N1C(=O)c2ccccc2NS1(=O)=O,False,1,25057-89-0,CC(C)N1C(=O)C2=CC=CC=C2NS1(=O)=O,"InChI=1S/C10H12N2O3S/c1-7(2)12-10(13)8-5-3-4-6-9(8)11-16(12,14)15/h3-7,11H,1-2H3",Oral,LD50,,other:,µg/piece,µg/piece,species_based_piece_to_bee,200.0,>,,,censored_or_approximate,,,,,,,mortality,False,7020d33f-7c57-4b95-9e19-57a01dbcbcb4,doi:10.2903/j.efsa.2015.4077,2015.0,True,True,True,True,True,True,False,0,0,0,True,structure_screen_only,True,False
f5b811ed-6c50-48c1-8218-1eb4f7e2613a,ce4f6d7d-d5ef-4a48-a2a1-1a09c1800865,3820,598485a5-4243-4a5b-9624-4bf6b680f892,Halauxifen-methyl,mono-constituent substance,cc142da7-b778-4a15-ae3d-da97762b2465,KDHKOPYYWOHESS-UHFFFAOYSA-N,KDHKOPYYWOHESS,KDHKOPYYWOHESS,COC(=O)c1nc(-c2ccc(Cl)c(OC)c2F)cc(N)c1Cl,False,1,943831-98-9,,"InChI=1S/C14H11Cl2FN2O3/c1-21-13-7(15)4-3-6(11(13)17)9-5-8(18)10(16)12(19-9)14(20)22-2/h3-5H,1-2H3,(H2,18,19)",Contact,LD50,,other:,µg/piece,µg/piece,species_based_piece_to_bee,98.1,>,,,censored_or_approximate,,,,,,,mortality,False,149f15df-257b-494d-887c-5f332a9453da,"EFSA Journal 2014,12(12):3913, doi:10.2903/j.efsa.2014.3913",2014.0,True,True,True,True,False,True,False,0,0,-1,True,structure_screen_only,True,False
bebff2de-ca67-424e-bc3d-07aa07ab24a6,275e6d8c-d99f-41e1-bacd-00541ab71e1d,3821,f3e4579e-2e70-4758-85fd-ce59f3a0da32,Hexythiazox,mono-constituent substance,6289389c-9aa9-4c33-977c-017daa7e6d0c,XGWIJUOSCAQSSV-UHFFFAOYSA-N,XGWIJUOSCAQSSV,XGWIJUOSCAQSSV,CC1C(c2ccc(Cl)cc2)SC(=O)N1C(=O)NC1CCCCC1,True,1,78587-05-0,O=C1SC(C2=CC=C(Cl)C=C2)C(N1C(=O)NC3CCCCC3)C,"InChI=1S/C17H21ClN2O2S/c1-11-15(12-7-9-13(18)10-8-12)23-17(22)20(11)16(21)19-14-5-3-2-4-6-14/h7-11,14-15H,2-6H2,1H3,(H,19,21)/t11-,15+/m0/s1",Oral,LD50,,other:,µg/piece,µg/piece,species_based_piece_to_bee,112.2,>,,,censored_or_approximate,48.0,h,48.0,,,,mortality,False,fa7d3a40-d81c-4b9c-bdd1-277fa7bc8bd6,doi:10.2903/j.efsa.2010.1722,2010.0,True,True,True,True,False,True,False,0,0,0,True,structure_screen_only,False,False
5038878c-528b-4929-898e-b7c09b05eb97,93878d2d-fc76-4acf-8cb1-29d99440a1da,3822,0048d075-d1f9-4b12-b806-c0e845a6f424,Thiamethoxam,mono-constituent substance,e63cc611-77aa-46b3-a39c-2d7cda4986b6,NWWZPOKUUAIXIW-DHZHZOJOSA-N,NWWZPOKUUAIXIW,NWWZPOKUUAIXIW,CN1COCN(Cc2cnc(Cl)s2)/C1=N/[N+](=O)[O-],False,1,153719-23-4,CN\1COCN(/C1=N/[N+](=O)[O-])CC2=CN=C(S2)Cl,"InChI=1S/C8H10ClN5O3S/c1-12-4-17-5-13(8(12)11-14(15)16)3-6-2-10-7(9)18-6/h2H,3-5H2,1H3/b11-8+",Contact,LD50,,other:,g/ha,g/ha,ineligible_unit,,,,,missing_or_ineligible,72.0,h,72.0,Formulation: Actara (25.2 % thiamethoxam),,,mortality,True,9b2995b9-c35c-4ab9-84b0-7654eb4b596d,doi:10.2903/j.efsa.2012.2601,2012.0,False,True,True,True,False,True,False,-1,-1,-1,False,structure_screen_only,False,False
aed457b8-9ac9-4f32-a175-a13db6c9d6b9,1667362d-2d19-45ee-b3f7-feee46f93628,3823|3824,8b29bc03-cc0a-4ba2-ac9e-c3aa6a409757,Mecoprop-P,mono-constituent substance,d8f68e07-ccad-4086-99d6-fef815046e22,WNTGYJSOUMFZEP-SSDOTTSWSA-N,WNTGYJSOUMFZEP,WNTGYJSOUMFZEP,Cc1cc(Cl)ccc1O[C@H](C)C(=O)O,False,1,16484-77-8,C[C@@H](OC1=C(C)C=C(Cl)C=C1)C(O)=O,"InChI=1S/C10H11ClO3/c1-6-5-8(11)3-4-9(6)14-7(2)10(12)13/h3-5,7H,1-2H3,(H,12,13)/t7-/m1/s1",Contact,LD50,,other:,µg/piece,µg/piece,species_based_piece_to_bee,83.0,>,,,censored_or_approximate,48.0,h,48.0,MCPP-P DMA formulated as water soluble concentrate liquid (SL),act. ingr.,,mortality,True,df421e86-d1fa-48f8-8445-344ef78b1b3e|e85276bc-9de7-4a61-b311-971e7137d8fb,"EFSA Journal 2023,21(10):8344, doi:10.2903/j.efsa.2023.8344|doi:10.2903/j.efsa.2017.4832",2017.0|2023.0,False,True,True,False,False,False,False,0,0,-1,True,structure_screen_only,True,False
ebb0da48-8107-435f-8699-39265e327a35,80da4ba0-dda3-4c58-9f46-9b910cfa73ea,3825,938af284-946b-44ea-82f3-3512ccf1527e,Foramsulfuron,mono-constituent substance,dc52804f-db23-4e4f-b583-6b8e5b2d4034,PXDNXJSDGQBLKS-UHFFFAOYSA-N,PXDNXJSDGQBLKS,PXDNXJSDGQBLKS,COc1cc(OC)nc(NC(=O)NS(=O)(=O)c2cc(NC=O)ccc2C(=O)N(C)C)n1,False,1,173159-57-4,O=C(NS(=O)(C2=C(C(N(C)C)=O)C=CC(NC=O)=C2)=O)NC1=NC(OC)=CC(OC)=N1,"InChI=1S/C17H20N6O7S/c1-23(2)15(25)11-6-5-10(18-9-24)7-12(11)31(27,28)22-17(26)21-16-19-13(29-3)8-14(20-16)30-4/h5-9H,1-4H3,(H,18,24)(H2,19,20,21,22,26)",Oral,LD50,,other:,µg/piece,µg/piece,species_based_piece_to_bee,5.0,>,,,censored_or_approximate,48.0,h,48.0,Foramsulfuron + Isoxadifen-ethyl OD 45 (22.5 + 22.5 g/L),,,mortality,True,d331a949-2db5-4bb8-bf4f-be343da48d6e,doi:10.2903/j.efsa.2016.4421,2016.0,True,True,True,True,True,True,False,0,-1,-1,True,structure_screen_only,True,False
c4d053b9-8b67-439f-b73e-f81f3d614604,c52e05d4-c597-480a-8153-76811e149ff8,3828,df3cee97-bc01-4f67-9505-c907af05a2e1,Maltodextrin,polymer,950ee417-2e31-477e-ab14-39fd5e091acb,GZCGUPFRVQAUEE-SLPGGIOYSA-N,GZCGUPFRVQAUEE,GZCGUPFRVQAUEE,O=C[C@H](O)[C@@H](O)[C@H](O)[C@H](O)CO,False,1,9050-36-6,O=C[C@@H]([C@H]([C@@H]([C@@H](CO)O)O)O)O,"InChI=1S/C6H12O6/c7-1-3(9)5(11)6(12)4(10)2-8/h1,3-6,8-12H,2H2/t3-,4+,5+,6+/m0/s1",Contact,LD50,,other:,µg/piece,µg/piece,species_based_piece_to_bee,200.0,>,,,censored_or_approximate,,,,Preparation: Eradicoat,,,mortality,True,7f2d3d9d-b143-423b-bd98-7c9d326af77e,doi:10.2903/j.efsa.2013.3007,2013.0,False,True,True,True,True,True,False,0,0,0,True,structure_screen_only,False,False
206fa3fd-3ebc-42fc-a1c3-b828542101ac,05476182-8063-4d04-b8b2-2e84b1b84241,3829,387c5200-ff8d-4c2f-8d09-e811bcfe1ea1,Fipronil,mono-constituent substance,f9b90c3e-c486-48e7-acbe-361ab0b9fb2e,ZOCSXAVNDGMNBV-UHFFFAOYSA-N,ZOCSXAVNDGMNBV,ZOCSXAVNDGMNBV,N#Cc1nn(-c2c(Cl)cc(C(F)(F)F)cc2Cl)c(N)c1S(=O)C(F)(F)F,False,1,120068-37-3,C1=C(C=C(C(=C1Cl)N2C(=C(C(=N2)C#N)S(=O)C(F)(F)F)N)Cl)C(F)(F)F,"InChI=1S/C12H4Cl2F6N4OS/c13-5-1-4(11(15,16)17)2-6(14)8(5)24-10(22)9(7(3-21)23-24)26(25)12(18,19)20/h1-2H,22H2",Oral,LD50,,other:,µg/piece,µg/piece,species_based_piece_to_bee,0.00417,,,,exact,,,,,,,mortality,False,7fbbda31-e332-44f8-975a-e9ad6751ff8c,doi:10.2903/j.efsa.2006.65r,2006.0,True,True,True,True,False,True,False,1,1,1,True,structure_screen_only,True,False
4484d6a4-7018-419d-b7b3-f22bc56e0240,fb599c63-8c27-4288-902a-cde109bb738d,3831,a9c3e2f4-e9fd-4210-9f66-4d0a19ef6011,Flurprimidol,mono-constituent substance,0061a1c0-14ee-4ff2-814a-70d9a0dc4d2b,VEVZCONIUDBCDC-UHFFFAOYSA-N,VEVZCONIUDBCDC,VEVZCONIUDBCDC,CC(C)C(O)(c1ccc(OC(F)(F)F)cc1)c1cncnc1,False,1,56425-91-3,OC(C(C)C)(c1cncnc1)c2ccc(OC(F)(F)F)cc2,"InChI=1S/C15H15F3N2O2/c1-10(2)14(21,12-7-19-9-20-8-12)11-3-5-13(6-4-11)22-15(16,17)18/h3-10,21H,1-2H3",Oral,LD50,,other:,µg/piece,µg/piece,species_based_piece_to_bee,100.0,>,,,censored_or_approximate,48.0,h,48.0,,,,mortality,False,2dfa73d5-ad74-40b2-8fa8-71eaf6288071,"EFSA Journal 2011,9(1):1962, doi:10.2903/j.efsa.2011.1962",2011.0,True,True,True,True,False,True,False,0,0,0,True,structure_screen_only,True,True
d7a6ec60-d3de-492c-9b02-a474eda769c9,0dba342e-7635-48bc-a292-6082bacc0196,3833,d03cb3f4-04de-4257-8ee0-48aed714c18d,"Fenpropidin (sum of fenpropidin and its salts, expressed as fenpropidin)",mono-constituent substance,f007e60f-7d6a-4dcf-b066-0ec3488a1a66,,,,,False,0,,,,Oral,LD50,,other:,µg/piece,µg/piece,species_based_piece_to_bee,10.0,>,,,censored_or_approximate,,,,,,,mortality,False,0386629b-1da9-496f-be57-472128b199df,doi:10.2903/j.efsa.2008.124r,2008.0,False,False,False,False,False,False,False,0,-1,-1,True,structure_screen_only,False,False
21ed0ae4-3ccb-42b7-a14b-e95e95fe251a,600f6de5-0af5-48e5-bf16-8ef0b8234e52,3834,45ede61d-943e-4290-a6cf-21f60677c6ff,Methomyl,mono-constituent substance,13e75dac-590e-457d-b7b5-3fe8d69b04dd,UHXUZOCRWCRNSJ-UHFFFAOYSA-N,UHXUZOCRWCRNSJ,UHXUZOCRWCRNSJ,CNC(=O)ON=C(C)SC,True,1,16752-77-5,CSC(C)=NOC(NC)=O,"InChI=1S/C5H10N2O2S/c1-4(10-3)7-9-5(8)6-2/h1-3H3,(H,6,8)/b7-4-",Contact,LD50,,other:,µg/piece,µg/piece,species_based_piece_to_bee,0.16,,,,exact,48.0,h,48.0,,,,mortality,False,c44bf21b-3fde-45a1-930b-2ef1a917e0f5,doi:10.2903/j.efsa.2006.83r,2006.0,True,True,True,True,False,True,False,1,1,1,True,structure_screen_only,False,False
be7b32bd-cf9a-4f53-87b2-251778ea9202,ac07f51a-4817-441b-b5ca-b519e3b7b8c4,3835,1195b0de-88f0-4272-b6dc-f5b55d25e375,Glyphosate,mono-constituent substance,95c86af0-d579-4717-915a-74839a4eb142,XDDAORKBJWWYJS-UHFFFAOYSA-N,XDDAORKBJWWYJS,XDDAORKBJWWYJS,O=C(O)CNCP(=O)(O)O,False,1,1071-83-6,O=P(O)(O)CNCC(O)=O,"InChI=1S/C3H8NO5P/c5-3(6)1-4-2-10(7,8)9/h4H,1-2H2,(H,5,6)(H2,7,8,9)",Contact,LD50,,other:,µg/piece,µg/piece,species_based_piece_to_bee,100.0,>,,,censored_or_approximate,,,,,,,mortality,False,6c48ef8e-0596-4fc8-8c79-d7ff04158b43,doi:10.2903/j.efsa.2015.4302,2015.0,True,True,True,True,False,True,False,0,0,0,True,structure_screen_only,True,False
eb3fc929-9bc0-47fa-852c-444d0fd9ec72,1af3281a-5a3d-4fb5-9337-4c9879085c9d,3836,87889576-4fa8-4117-a5cf-861c249d60f2,Lenacil,mono-constituent substance,fba272b8-27de-4e5f-9b64-b66c5e88d1f6,ZTMKADLOSYKWCA-UHFFFAOYSA-N,ZTMKADLOSYKWCA,ZTMKADLOSYKWCA,O=c1[nH]c2c(c(=O)n1C1CCCCC1)CCC2,False,1,2164-08-1,O=C1NC2=C(CCC2)C(=O)N1C3CCCCC3,"InChI=1S/C13H18N2O2/c16-12-10-7-4-8-11(10)14-13(17)15(12)9-5-2-1-3-6-9/h9H,1-8H2,(H,14,17)",Contact,LD50,,µg/bee,,µg/bee,direct_ug_bee,100.0,>,,,censored_or_approximate,,,,Lenacil 500 g/L SC,act. ingr.,,mortality,True,4a08111c-c4dc-424e-8e9d-f0f217606fca,"EFSA Journal. 2024,22:e8860, doi:10.2903/j.efsa.2024.8860",2024.0,True,True,True,True,True,True,False,0,0,0,True,structure_screen_only,True,False
2b88f67a-7fca-4730-98d6-2c0c18d288aa,6da7d829-19f0-4e06-ac3c-ce80c52220a1,3837|3838,0ef03897-f7a9-4220-a3e1-fe23227851d7,Benfluralin,mono-constituent substance,75e20bcc-942c-469e-9564-8709f40c4e68,SMDHCQAYESWHAE-UHFFFAOYSA-N,SMDHCQAYESWHAE,SMDHCQAYESWHAE,CCCCN(CC)c1c([N+](=O)[O-])cc(C(F)(F)F)cc1[N+](=O)[O-],False,1,1861-40-1,CCCCN(CC)C1=C(C=C(C=C1[N+](=O)[O-])C(F)(F)F)[N+](=O)[O-],"InChI=1S/C13H16F3N3O4/c1-3-5-6-17(4-2)12-10(18(20)21)7-9(13(14,15)16)8-11(12)19(22)23/h7-8H,3-6H2,1-2H3",Oral,LD50,,other:,µg/piece,µg/piece,species_based_piece_to_bee,110.7,>,,,censored_or_approximate,,,,,,,mortality,False,5205bff2-67e0-46ad-ab55-fc5ab6e27fd3|dcf3e84d-81ad-442d-a7cf-a89c192e4be9,"EFSA Journal 2022,20(9):e07556, doi:10.2903/j.efsa.2022.7556|doi:10.2903/j.efsa.2008.127r",2008.0|2022.0,True,True,True,True,False,True,False,0,0,0,True,structure_screen_only,True,False
2e536aa3-f805-4261-8644-e4d01b43614d,fc1a66ff-d926-47f8-97da-d22054308db3,3839,4104338f-ade3-4caa-9a0b-aa7f59b2f674,Dimethenamid-p,mono-constituent substance,2bbf5e47-9768-48c9-b961-f5b0d3702360,JLYFCTQDENRSOL-VIFPVBQESA-N,JLYFCTQDENRSOL,JLYFCTQDENRSOL,COC[C@H](C)N(C(=O)CCl)c1c(C)csc1C,False,1,163515-14-8,CC1=CSC(=C1N([C@@H](C)COC)C(=O)CCl)C,"InChI=1S/C12H18ClNO2S/c1-8-7-17-10(3)12(8)14(11(15)5-13)9(2)6-16-4/h7,9H,5-6H2,1-4H3/t9-/m0/s1",Oral,LD50,,other:,µg/piece,µg/piece,species_based_piece_to_bee,118.8,,,,exact,48.0,h,48.0,BAS 656 H,,,mortality,True,9176d8c7-c354-4973-9f66-6d42a4332198,"EFSA Journal 2018,16(3):5211, doi:10.2903/j.efsa.2018.5211",2018.0,False,True,True,True,True,True,False,0,0,0,True,structure_screen_only,True,False
7e8ea113-5c6f-47fc-b603-0a3bdb72ff34,178e4ea0-1f30-456b-beb5-73dc17f31b7c,3841,f3e4579e-2e70-4758-85fd-ce59f3a0da32,Hexythiazox,mono-constituent substance,6289389c-9aa9-4c33-977c-017daa7e6d0c,XGWIJUOSCAQSSV-UHFFFAOYSA-N,XGWIJUOSCAQSSV,XGWIJUOSCAQSSV,CC1C(c2ccc(Cl)cc2)SC(=O)N1C(=O)NC1CCCCC1,True,1,78587-05-0,O=C1SC(C2=CC=C(Cl)C=C2)C(N1C(=O)NC3CCCCC3)C,"InChI=1S/C17H21ClN2O2S/c1-11-15(12-7-9-13(18)10-8-12)23-17(22)20(11)16(21)19-14-5-3-2-4-6-14/h7-11,14-15H,2-6H2,1H3,(H,19,21)/t11-,15+/m0/s1",Contact,LD50,,other:,µg/piece,µg/piece,species_based_piece_to_bee,200.0,>,,,censored_or_approximate,,,,,,,mortality,False,fa7d3a40-d81c-4b9c-bdd1-277fa7bc8bd6,doi:10.2903/j.efsa.2010.1722,2010.0,True,True,True,True,False,True,False,0,0,0,True,structure_screen_only,False,False
7ab201e7-9b0c-44a0-a5ca-ef674c6d1353,b6abc8c8-4176-4e15-b9cb-5477250f4112,3845,1a12a5f4-7fc6-494d-b9ff-4bab4072af13,Metalaxyl-M,mono-constituent substance,60595b52-5186-4ab5-84f9-1dd5e88b8f87,ZQEIXNIJLIKNTD-GFCCVEGCSA-N,ZQEIXNIJLIKNTD,ZQEIXNIJLIKNTD,COCC(=O)N(c1c(C)cccc1C)[C@H](C)C(=O)OC,False,1,70630-17-0,CC1=C(C(=CC=C1)C)N([C@H](C)C(=O)OC)C(=O)COC,"InChI=1S/C15H21NO4/c1-10-7-6-8-11(2)14(10)16(13(17)9-19-4)12(3)15(18)20-5/h6-8,12H,9H2,1-5H3/t12-/m1/s1",Oral,LD50,,other:,µg/piece,µg/piece,species_based_piece_to_bee,97.3,>,,,censored_or_approximate,,,,,,,mortality,False,f547b6c2-71cb-4264-9ba2-5a100facd114,doi:10.2903/j.efsa.2015.3999,2015.0,False,True,True,False,False,False,False,0,0,-1,True,structure_screen_only,True,False
090ce0a6-f421-4a01-959f-e4a9c559ca3b,12e35de1-49f4-4c58-9014-c2ed99d8b69e,3846,a17fa1e2-becd-4126-a75d-b58034c8d375,Flutriafol,mono-constituent substance,fda826c5-bf0a-474d-80a3-2237dbd6fbbb,JWUCHKBSVLQQCO-UHFFFAOYSA-N,JWUCHKBSVLQQCO,JWUCHKBSVLQQCO,OC(Cn1cncn1)(c1ccc(F)cc1)c1ccccc1F,False,1,76674-21-0,OC(CN1N=CN=C1)(C(C=C2)=CC=C2F)C(C=CC=C3)=C3F,"InChI=1S/C16H13F2N3O/c17-13-7-5-12(6-8-13)16(22,9-21-11-19-10-20-21)14-3-1-2-4-15(14)18/h1-8,10-11,22H,9H2",Oral,LD50,,other:,µg/piece,µg/piece,species_based_piece_to_bee,2.0,>,,,censored_or_approximate,48.0,h,48.0,,,,mortality,False,aa40722f-8b89-4611-bd70-38a34b4705f0,doi:10.2903/j.efsa.2010.1868,2010.0,True,True,True,True,True,True,False,0,-1,-1,True,structure_screen_only,True,True
af825da3-5267-4797-b93f-38e922f60d28,5179a703-ce39-4f72-88c6-81086eee2b7a,3847,43313115-7fa9-4ac0-a83d-e051fb07d10d,Diflufenican,mono-constituent substance,67419b8a-10a0-4da0-85d9-a40a84576146,WYEHFWKAOXOVJD-UHFFFAOYSA-N,WYEHFWKAOXOVJD,WYEHFWKAOXOVJD,O=C(Nc1ccc(F)cc1F)c1cccnc1Oc1cccc(C(F)(F)F)c1,False,1,83164-33-4,C1=CC(=CC(=C1)OC2=C(C=CC=N2)C(=O)NC3=C(C=C(C=C3)F)F)C(F)(F)F,"InChI=1S/C19H11F5N2O2/c20-12-6-7-16(15(21)10-12)26-17(27)14-5-2-8-25-18(14)28-13-4-1-3-11(9-13)19(22,23)24/h1-10H,(H,26,27)",Contact,LD50,,other:,µg/piece,µg/piece,species_based_piece_to_bee,100.0,>,,,censored_or_approximate,48.0,h,48.0,,,,mortality,False,a867499d-7c44-409e-8369-f724295a06c3,doi:10.2903/j.efsa.2008.122r,2008.0,True,True,True,True,True,True,False,0,0,0,True,structure_screen_only,True,True
f597e0de-6c7b-4bf4-8f27-c4bf3aaeb9df,d315cac4-780e-4910-8f61-ca3e0a4c1096,3848,e58b9bea-f3b4-4783-91cb-009efdd0824a,Bupirimate,mono-constituent substance,38111454-72a9-4c30-88d8-60727b92dffe,DSKJPMWIHSOYEA-UHFFFAOYSA-N,DSKJPMWIHSOYEA,DSKJPMWIHSOYEA,CCCCc1c(C)nc(NCC)nc1OS(=O)(=O)N(C)C,False,1,41483-43-6,O=S(OC1=C(CCCC)C(C)=NC(NCC)=N1)(N(C)C)=O,"InChI=1S/C13H24N4O3S/c1-6-8-9-11-10(3)15-13(14-7-2)16-12(11)20-21(18,19)17(4)5/h6-9H2,1-5H3,(H,14,15,16)",Contact,LD50,,other:,µg/piece,µg/piece,species_based_piece_to_bee,50.0,>,,,censored_or_approximate,48.0,h,48.0,,,,mortality,False,a6b17eec-9563-4624-83ac-0b3c18d89004,doi:10.2903/j.efsa.2010.1786,2010.0,True,True,True,True,True,True,False,0,0,-1,True,structure_screen_only,True,True
9d4d6e08-4449-48f1-9546-77b5c6d68404,da6393b7-c090-4ca8-b740-69496a715195,3849,9625ead3-dbfb-4dcb-8f30-46d46c586d23,Prosulfocarb,mono-constituent substance,53b1f5bc-ae9f-4f25-9325-b725a558d10a,NQLVQOSNDJXLKG-UHFFFAOYSA-N,NQLVQOSNDJXLKG,NQLVQOSNDJXLKG,CCCN(CCC)C(=O)SCc1ccccc1,False,1,52888-80-9,CCCN(CCC)C(=O)SCc1ccccc1,"InChI=1S/C14H21NOS/c1-3-10-15(11-4-2)14(16)17-12-13-8-6-5-7-9-13/h5-9H,3-4,10-12H2,1-2H3",Contact,LD50,,other:,µg/piece,µg/piece,species_based_piece_to_bee,80.0,>,,,censored_or_approximate,48.0,h,48.0,,,,mortality,False,b486afa7-83c2-4653-a42a-aa3280026740,doi:10.2903/j.efsa.2007.111r,2007.0,True,True,True,True,True,True,False,0,0,-1,True,structure_screen_only,True,True
4c2aae96-6168-4228-b9cb-b4da19d0b2df,99cd875e-4a38-4cf0-a94f-a1c6dc4c22a3,3850,4cbfe12f-336f-4365-9781-aa4c4740d3a9,Fluroxypyr,mono-constituent substance,af780cfa-ddc0-4f67-96e9-053dd7828da2,MEFQWPUMEMWTJP-UHFFFAOYSA-N,MEFQWPUMEMWTJP,MEFQWPUMEMWTJP,Nc1c(Cl)c(F)nc(OCC(=O)O)c1Cl,False,1,69377-81-7,NC1=C(Cl)C(F)=NC(OCC(O)=O)=C1Cl,"InChI=1S/C7H5Cl2FN2O3/c8-3-5(11)4(9)7(12-6(3)10)15-1-2(13)14/h1H2,(H2,11,12)(H,13,14)",Contact,LD50,,other:,µg/piece,µg/piece,species_based_piece_to_bee,180.0,>,,,censored_or_approximate,,,,,,,mortality,False,71c1537f-f399-44c1-be8c-dd02cb6e6267,"EFSA Journal 2011,9(3):2091, doi:10.2903/j.efsa.2011.2091",2011.0,True,True,True,True,True,True,False,0,0,0,True,structure_screen_only,True,False
98c7810c-bd8c-44db-a4af-d70d21bfe59a,7033807f-d661-4152-a110-1af84fcba2e0,3851,1dcf8338-822a-4e25-858f-f4b0df4f6377,Fenamidone,mono-constituent substance,3e288e99-8d74-4ade-aa18-89cddbd1f116,LMVPQMGRYSRMIW-UHFFFAOYSA-N,LMVPQMGRYSRMIW,LMVPQMGRYSRMIW,CSC1=NC(C)(c2ccccc2)C(=O)N1Nc1ccccc1,True,1,161326-34-7,CC1(C(=O)N(C(=N1)SC)NC2=CC=CC=C2)C3=CC=CC=C3,"InChI=1S/C17H17N3OS/c1-17(13-9-5-3-6-10-13)15(21)20(16(18-17)22-2)19-14-11-7-4-8-12-14/h3-12,19H,1-2H3/t17-/m0/s1",Oral,LD50,,other:,µg/piece,µg/piece,species_based_piece_to_bee,93.3,>,,,censored_or_approximate,,,,,,,mortality,False,de7be29d-806e-464d-8ae8-a4717242df05,doi:10.2903/j.efsa.2016.4406,2016.0,True,True,True,True,False,True,False,0,0,-1,True,structure_screen_only,False,False
1f765be3-38f4-44c2-88fa-71311e16d44e,39ba1c0b-3a99-487c-8a40-e43dedf1f929,3853,39d5d864-f473-4504-ad8b-eb871e5e4998,Acequinocyl,mono-constituent substance,e5c48ac5-2c2b-4daa-8342-60280fb27f53,QDRXWCAVUNHOGA-UHFFFAOYSA-N,QDRXWCAVUNHOGA,QDRXWCAVUNHOGA,CCCCCCCCCCCCC1=C(OC(C)=O)C(=O)c2ccccc2C1=O,False,1,57960-19-7,CC(=O)OC2=C(CCCCCCCCCCCC)C(=O)c1ccccc1C2=O,"InChI=1S/C24H32O4/c1-3-4-5-6-7-8-9-10-11-12-17-21-22(26)19-15-13-14-16-20(19)23(27)24(21)28-18(2)25/h13-16H,3-12,17H2,1-2H3",Oral,LD50,,other:,µg/piece,µg/piece,species_based_piece_to_bee,100.0,>,,,censored_or_approximate,48.0,h,48.0,,,,mortality,False,cd653dec-aba3-4cf7-b73f-dbe8d45e1633,doi:10.2903/j.efsa.2013.3212,2013.0,True,True,True,True,False,True,False,0,0,0,True,structure_screen_only,True,True
24d05740-5e12-4afa-8cf5-3ac9a27b5869,f0b51991-faba-4553-b40e-03228c4792fe,3854,bd462d3b-8808-4d7d-b261-52a61bf1f15f,Spirotetramat,mono-constituent substance,a1f88736-7a09-45c0-ac06-5b813a4cb03e,CLSVJBIHYWPGQY-UHFFFAOYSA-N,CLSVJBIHYWPGQY,CLSVJBIHYWPGQY,CCOC(=O)OC1=C(c2cc(C)ccc2C)C(=O)NC12CCC(OC)CC2,True,1,203313-25-1,O=C(OC1=C(C(=O)NC12CCC(OC)CC2)C=3C=C(C=CC3C)C)OCC,"InChI=1/C21H27NO5/c1-5-26-20(24)27-18-17(16-12-13(2)6-7-14(16)3)19(23)22-21(18)10-8-15(25-4)9-11-21/h6-7,12,15H,5,8-11H2,1-4H3,(H,22,23)/t15-,21+",Contact,LD50,,other:,µg/piece,µg/piece,species_based_piece_to_bee,100.0,>,,,censored_or_approximate,48.0,h,48.0,,,,mortality,False,95d9c99c-915c-41f3-b555-3bfb31ab9e37,doi:10.2903/j.efsa.2013.3243,2013.0,True,True,True,True,False,True,False,0,0,0,True,structure_screen_only,False,False
68abfea9-f05b-490f-ac9d-098b56230a7f,c012effb-b1d6-4219-9891-b5df49ce7334,3856,582536dd-ad5d-4ba2-8168-fe0687fc489a,Clodinafop-Propargyl,mono-constituent substance,250ab577-5bcb-4a56-9a39-caa1cfe1c282,JBDHZKLJNAIJNC-LLVKDONJSA-N,JBDHZKLJNAIJNC,JBDHZKLJNAIJNC,C#CCOC(=O)[C@@H](C)Oc1ccc(Oc2ncc(Cl)cc2F)cc1,False,1,105512-06-9,O=C(OCC#C)[C@H](OC1=CC=C(OC2=NC=C(Cl)C=C2F)C=C1)C,"InChI=1S/C17H13ClFNO4/c1-3-8-22-17(21)11(2)23-13-4-6-14(7-5-13)24-16-15(19)9-12(18)10-20-16/h1,4-7,9-11H,8H2,2H3/t11-/m1/s1",Contact,LD50,,other:,µg/piece,µg/piece,species_based_piece_to_bee,271.4,>,,,censored_or_approximate,,,,,,,mortality,False,2c11c2fe-3485-4206-af66-14c43994db7f,"EFSA Journal 2018,16(11):5467, doi:10.2903/j.efsa.2018.5467",2018.0,False,True,True,True,True,True,False,0,0,0,True,structure_screen_only,True,False
c04ce8b5-67ac-4a52-b97f-03fdb3b604fc,90b1da5d-0cfc-45fe-a4ad-cbd07ac98da6,3857,31cdba5b-cbc1-4b64-8215-d20db7094d83,Chromafenozide,mono-constituent substance,5aeaf850-dec8-445e-a4e9-83f9fa5c1451,HPNSNYBUADCFDR-UHFFFAOYSA-N,HPNSNYBUADCFDR,HPNSNYBUADCFDR,Cc1cc(C)cc(C(=O)N(NC(=O)c2ccc3c(c2C)CCCO3)C(C)(C)C)c1,False,1,143807-66-3,CC1=CC(=CC(=C1)C(=O)N(C(C)(C)C)NC(=O)C2=C(C3=C(C=C2)OCCC3)C)C,"InChI=1S/C24H30N2O3/c1-15-12-16(2)14-18(13-15)23(28)26(24(4,5)6)25-22(27)20-9-10-21-19(17(20)3)8-7-11-29-21/h9-10,12-14H,7-8,11H2,1-6H3,(H,25,27)",Oral,LD50,,other:,µg/piece,µg/piece,species_based_piece_to_bee,133.2,>,,,censored_or_approximate,48.0,h,48.0,,,,mortality,False,7ba3c03b-4307-4e16-8844-d3c54c3ab7c9,doi:10.2903/j.efsa.2013.3461,2013.0,True,True,True,True,True,True,False,0,0,0,True,structure_screen_only,True,True
fcf1c1c3-3a0d-4d95-bb3b-99e21bed9d78,54d214d2-e2be-43cb-854a-ec1fa987423f,3859,866a8d5d-091f-4623-b653-77033a28f3c4,Pirimicarb,mono-constituent substance,7d74635d-609c-4c48-9163-f177290afd8d,YFGYUFNIOHWBOB-UHFFFAOYSA-N,YFGYUFNIOHWBOB,YFGYUFNIOHWBOB,Cc1nc(N(C)C)nc(OC(=O)N(C)C)c1C,False,1,23103-98-2,CC1=C(N=C(N=C1OC(=O)N(C)C)N(C)C)C,InChI=1S/C11H18N4O2/c1-7-8(2)12-10(14(3)4)13-9(7)17-11(16)15(5)6/h1-6H3,Contact,LD50,,other:,µg/piece,µg/piece,species_based_piece_to_bee,53.1,,,,exact,24.0,h,24.0,,,,mortality,False,360f9c2e-10bd-4388-916e-bcb4bd678af3,doi:10.2903/j.efsa.2005.43r,2005.0,True,True,True,True,True,True,False,0,0,1,True,structure_screen_only,True,False
8c07450a-9db3-47bf-879b-a5bb2639db8b,d2b9bedb-fa14-4a71-9e8e-f8b0e373a0a2,3860,2123200b-1c2b-4899-991b-37500dd941e5,Oxathiapiprolin,mono-constituent substance,d4e5bdde-f7bc-4e02-97f5-c2b0ebef3c3a,IAQLCKZJGNTRDO-UHFFFAOYSA-N,IAQLCKZJGNTRDO,IAQLCKZJGNTRDO,Cc1cc(C(F)(F)F)nn1CC(=O)N1CCC(c2nc(C3=NOC(c4c(F)cccc4F)C3)cs2)CC1,False,1,1003318-67-9,Cc1cc(nn1CC(=O)N2CCC(CC2)c3nc(cs3)C4=NOC(C4)c5c(cccc5F)F)C(F)(F)F,"InChI=1S/C24H22F5N5O2S/c1-13-9-20(24(27,28)29)31-34(13)11-21(35)33-7-5-14(6-8-33)23-30-18(12-37-23)17-10-19(36-32-17)22-15(25)3-2-4-16(22)26/h2-4,9,12,14,19H,5-8,10-11H2,1H3",Contact,LD50,,other:,µg/piece,µg/piece,species_based_piece_to_bee,100.0,>,,,censored_or_approximate,,,,,,,mortality,False,200bf532-8ed2-4bb0-8a96-b49a0d10ebcb,doi:10.2903/j.efsa.2016.4504,2016.0,True,True,True,True,False,True,False,0,0,0,True,structure_screen_only,True,False
32e8ed54-e1bf-470d-8ef8-150f8cb1e167,3cf59c0e-f7ca-4465-b40c-3d981e1689ef,3863,f5db0362-7c8b-4259-97cf-9339a9a92a02,Thiacloprid,mono-constituent substance,327aa586-8594-4d73-8272-7d1ac0ee4707,HOKKPVIRMVDYPB-UHFFFAOYSA-N,HOKKPVIRMVDYPB,HOKKPVIRMVDYPB,N#CN=C1SCCN1Cc1ccc(Cl)nc1,False,1,111988-49-9,C1CSC(=NC#N)N1CC2=CN=C(C=C2)Cl,"InChI=1S/C10H9ClN4S/c11-9-2-1-8(5-13-9)6-15-3-4-16-10(15)14-7-12/h1-2,5H,3-4,6H2",Contact,LD50,,other:,µg/piece,µg/piece,species_based_piece_to_bee,38.82,,,,exact,48.0,h,48.0,,,,mortality,False,94f377c7-7004-4e70-9522-e505cd25d7e3,doi:10.2903/j.efsa.2019.5595,2019.0,True,True,True,True,False,True,False,0,0,1,True,structure_screen_only,True,True
4e024608-9550-48cb-88da-8f66138d98cf,1121f3e4-70e1-423b-afdb-6043895f7645,3866,e1ec5dfd-5a94-46ef-b332-3e55d4e5a2b1,Cadusafos,mono-constituent substance,9d5f39f4-405b-43a8-b2e7-a1abea3af757,KXRPCFINVWWFHQ-UHFFFAOYSA-N,KXRPCFINVWWFHQ,KXRPCFINVWWFHQ,CCOP(=O)(SC(C)CC)SC(C)CC,False,1,95465-99-9,CCC(C)SP(=O)(OCC)SC(C)CC,"InChI=1S/C10H23O2PS2/c1-6-9(4)14-13(11,12-8-3)15-10(5)7-2/h9-10H,6-8H2,1-5H3",Contact,LD50,,other:,µg/piece,µg/piece,species_based_piece_to_bee,1.8,,,,exact,,,,,,,mortality,False,a93f3776-dc9f-4b8a-a697-4caf0fe4e0c5,doi:10.2903/j.efsa.2009.262r,2009.0,True,True,True,True,True,True,False,0,1,1,True,structure_screen_only,True,False
8af3c8de-6c57-4cb8-ac13-65d4a07b212f,5b4f07c4-9722-4441-a01d-2e93cdbf2864,3867,87524289-0b2a-4e29-af9b-3baefbae4c92,Triflusulfuron-Methyl,mono-constituent substance,f65a142a-5bf2-4136-a2c0-23fab0ea8a78,IMEVJVISCHQJRM-UHFFFAOYSA-N,IMEVJVISCHQJRM,IMEVJVISCHQJRM,COC(=O)c1cccc(C)c1S(=O)(=O)NC(=O)Nc1nc(OCC(F)(F)F)nc(N(C)C)n1,False,1,126535-15-7,CC1=CC=CC(=C1S(=O)(=O)NC(=O)NC2=NC(=NC(=N2)OCC(F)(F)F)N(C)C)C(=O)OC,"InChI=1S/C17H19F3N6O6S/c1-9-6-5-7-10(12(27)31-4)11(9)33(29,30)25-15(28)22-13-21-14(26(2)3)24-16(23-13)32-8-17(18,19)20/h5-7H,8H2,1-4H3,(H2,21,22,23,24,25,28)",Oral,LD50,,other:,µg/piece,µg/piece,species_based_piece_to_bee,100.0,>,,,censored_or_approximate,,,,Triflusulfuron methyl 50WG,,,mortality,True,5721503e-a06f-4ceb-b4f8-af6b992c7645,doi:10.2903/j.efsa.2022.7303,2022.0,True,True,True,True,True,True,False,0,0,0,True,structure_screen_only,True,False
df03a0b9-fae7-4402-8029-1fa3e8f93c4d,0bdd1deb-79f9-435e-8c7e-cd556703360a,3868,d03cb3f4-04de-4257-8ee0-48aed714c18d,"Fenpropidin (sum of fenpropidin and its salts, expressed as fenpropidin)",mono-constituent substance,f007e60f-7d6a-4dcf-b066-0ec3488a1a66,,,,,False,0,,,,Contact,LD50,,other:,µg/piece,µg/piece,species_based_piece_to_bee,46.0,,,,exact,,,,,,,mortality,False,0386629b-1da9-496f-be57-472128b199df,doi:10.2903/j.efsa.2008.124r,2008.0,False,False,False,False,False,False,False,0,0,1,True,structure_screen_only,False,False
c9034024-7707-48e4-9d47-52c5c834a523,273bbafa-dfa2-4e23-b75a-48df2ec8b0dc,3869,6df6c0f1-e93b-40a9-899d-1aa787006658,Iodosulfuron-methyl-sodium,mono-constituent substance,6fdb3b59-aa9b-46ee-b0b2-c3df43473242,JUJFQMPKBJPSFZ-UHFFFAOYSA-M,JUJFQMPKBJPSFZ,VWGAYSCWLXQJBQ,COC(=O)c1ccc(I)cc1S(=O)(=O)[N-]C(=O)Nc1nc(C)nc(OC)n1.[Na+],False,2,144550-36-7,[Na+].Cc2nc(NC(=O)[N-]S(=O)(=O)c1cc(I)ccc1C(=O)OC)nc(OC)n2,"InChI=1S/C14H14IN5O6S.Na/c1-7-16-12(19-14(17-7)26-3)18-13(22)20-27(23,24)10-6-8(15)4-5-9(10)11(21)25-2;/h4-6H,1-3H3,(H2,16,17,18,19,20,22);/q;+1/p-1",Contact,LD50,,other:,µg/piece,µg/piece,species_based_piece_to_bee,100.0,>,,,censored_or_approximate,48.0,h,48.0,,,,mortality,False,ce166716-b1ec-484e-a17b-d89872dc1d5c,doi:10.2903/j.efsa.2016.4453,2016.0,True,True,True,True,True,True,False,0,0,0,True,structure_screen_only,True,True
c7c54f8c-7162-4941-bfa0-472d59d994c0,6382589f-0433-464c-9495-ddfd92191b9c,3870,2f0b6cdf-113b-4f27-b1f7-c28927ac46ff,Cyprodinil,mono-constituent substance,5a640519-9ab9-4676-91e6-b8d7bb5e705d,HAORKNGNJCEJBX-UHFFFAOYSA-N,HAORKNGNJCEJBX,HAORKNGNJCEJBX,Cc1cc(C2CC2)nc(Nc2ccccc2)n1,False,1,121552-61-2,CC1=NC(NC3=CC=CC=C3)=NC(C2CC2)=C1,"InChI=1S/C14H15N3/c1-10-9-13(11-7-8-11)17-14(15-10)16-12-5-3-2-4-6-12/h2-6,9,11H,7-8H2,1H3,(H,15,16,17)",Contact,LD50,,other:,µg/piece,µg/piece,species_based_piece_to_bee,784.0,>,,,censored_or_approximate,48.0,h,48.0,,,,mortality,False,b7d3c12f-dc93-42fb-800e-53ed090f0bab,doi:10.2903/j.efsa.2006.51r,2006.0,True,True,True,True,True,True,False,0,0,0,True,structure_screen_only,True,True
fda4554f-ec77-4199-95ff-c00203b317dd,f3a30211-0c2f-46dc-89da-3e9fbac1d2f6,3872,303340a3-d8c9-41a7-a496-19fb76698cf6,Linuron,mono-constituent substance,8860c084-ba4a-49f7-bfd4-4e1b6415b921,XKJMBINCVNINCA-UHFFFAOYSA-N,XKJMBINCVNINCA,XKJMBINCVNINCA,CON(C)C(=O)Nc1ccc(Cl)c(Cl)c1,False,1,330-55-2,CN(C(=O)NC1=CC(=C(C=C1)Cl)Cl)OC,"InChI=1S/C9H10Cl2N2O2/c1-13(15-2)9(14)12-6-3-4-7(10)8(11)5-6/h3-5H,1-2H3,(H,12,14)",Contact,LD50,,other:,µg/piece,µg/piece,species_based_piece_to_bee,97.8,>,,,censored_or_approximate,,,,,,,mortality,False,b954ab02-e9eb-416b-8ea9-b4324174011b,doi:10.2903/j.efsa.2016.4518,2016.0,True,True,True,True,False,True,False,0,0,-1,True,structure_screen_only,True,False
6b71b23d-de37-4a0d-b59b-ae4eb894fd19,7402e66d-3585-4a49-9c72-e10a39ea5341,3875,cfd9fc52-68f4-439d-9c56-cc77bfcdcddf,Gibberellic acid,mono-constituent substance,2144421d-a63a-4403-9ea3-bf7541949988,IXORZMNAPKEEDV-OBDJNFEBSA-N,IXORZMNAPKEEDV,IXORZMNAPKEEDV,C=C1C[C@]23C[C@@]1(O)CC[C@H]2[C@@]12C=C[C@H](O)[C@@](C)(C(=O)O1)[C@H]2[C@@H]3C(=O)O,False,1,77-06-5,C[C@@]12[C@H](C=C[C@@]3([C@@H]1[C@@H]([C@]45[C@H]3CC[C@](C4)(C(=C)C5)O)C(=O)O)OC2=O)O,"InChI=1S/C19H22O6/c1-9-7-17-8-18(9,24)5-3-10(17)19-6-4-11(20)16(2,15(23)25-19)13(19)12(17)14(21)22/h4,6,10-13,20,24H,1,3,5,7-8H2,2H3,(H,21,22)/t10-,11+,12-,13-,16-,17+,18+,19-/m1/s1",Oral,LD50,,µg/bee,,µg/bee,direct_ug_bee,114.0,>,,,censored_or_approximate,,,,ProGibb 40 SG,act. ingr.,,mortality,True,31d240a9-add4-49af-883b-0c6ebaee4e80,EFSA Journal. 2024;22:e9065; doi:10.2903/j.efsa.2024.9065,2024.0,False,True,True,True,True,True,False,0,0,0,True,structure_screen_only,True,False
3952ea80-306e-435c-9db0-98cfdcd03af9,762ff7bb-97c1-4781-9d64-ada5fd893342,3876,87889576-4fa8-4117-a5cf-861c249d60f2,Lenacil,mono-constituent substance,fba272b8-27de-4e5f-9b64-b66c5e88d1f6,ZTMKADLOSYKWCA-UHFFFAOYSA-N,ZTMKADLOSYKWCA,ZTMKADLOSYKWCA,O=c1[nH]c2c(c(=O)n1C1CCCCC1)CCC2,False,1,2164-08-1,O=C1NC2=C(CCC2)C(=O)N1C3CCCCC3,"InChI=1S/C13H18N2O2/c16-12-10-7-4-8-11(10)14-13(17)15(12)9-5-2-1-3-6-9/h9H,1-8H2,(H,14,17)",Contact,LD50,,other:,µg/piece,µg/piece,species_based_piece_to_bee,25.0,>,,,censored_or_approximate,48.0,h,48.0,,,,mortality,False,f46ab34f-a597-4bbc-aa21-0035fd20170c,doi:10.2903/j.efsa.2009.1326,2009.0,True,True,True,True,True,True,False,0,0,-1,True,structure_screen_only,True,True
a9585f07-aaed-4ab3-8b3a-45a822ecb763,c2096d6b-9568-4ffc-9047-9dfe117d3af7,3877,7716ef96-3b82-4943-a98c-b55249abc195,Pendimethalin,mono-constituent substance,2f7f8e95-5c4c-4c68-b9e9-1e21dd74dd4c,CHIFOSRWCNZCFN-UHFFFAOYSA-N,CHIFOSRWCNZCFN,CHIFOSRWCNZCFN,CCC(CC)Nc1c([N+](=O)[O-])cc(C)c(C)c1[N+](=O)[O-],False,1,40487-42-1,CCC(CC)NC1=C(C=C(C(=C1[N+](=O)[O-])C)C)[N+](=O)[O-],"InChI=1S/C13H19N3O4/c1-5-10(6-2)14-12-11(15(17)18)7-8(3)9(4)13(12)16(19)20/h7,10,14H,5-6H2,1-4H3",Oral,LD50,,other:,µg/piece,µg/piece,species_based_piece_to_bee,101.2,>,,,censored_or_approximate,,,,,,,mortality,False,e76901cb-c767-4155-9e19-271cd8be8f9c,doi:10.2903/j.efsa.2016.4420,2016.0,True,True,True,True,False,True,False,0,0,0,True,structure_screen_only,True,False
8d5b666a-302c-4bf0-b7b1-a78ac5546f7e,67298b25-adf8-4e33-aa0f-66a0bacaf1c7,3878,8cbb3be0-d92f-420a-bfb8-0d370b9f0aef,Potassium hydrogen carbonate,mono-constituent substance,783218ec-f737-458f-b8d2-b5f40c306592,TYJJADVDDVDEDZ-UHFFFAOYSA-M,TYJJADVDDVDEDZ,BVKZGUZCCUSVTD,O=C([O-])O.[K+],False,2,298-14-6,C(=O)(O)[O-].[K+],"InChI=1S/CH2O3.K/c2-1(3)4;/h(H2,2,3,4);/q;+1/p-1",Contact,LD50,,other:,µg/piece,µg/piece,species_based_piece_to_bee,24.0,>,,,censored_or_approximate,,,,,,,mortality,False,a96807c4-b481-41ed-a863-c8fe00ff9457,"EFSA Journal 2012,10(1):2524, doi:10.2903/j.efsa.2012.2524",2012.0,True,True,True,True,False,True,False,0,0,-1,True,structure_screen_only,True,False
b55047de-8740-40ad-a5c1-84ea7170ebc2,93988962-2fc3-44ac-9c85-36198568ec21,3879,48adc8af-0eb2-4040-a4fd-4d3a09f205b6,Metribuzin,mono-constituent substance,6558686e-6519-47ac-b815-3854eb7335fa,FOXFZRUHNHCZPX-UHFFFAOYSA-N,FOXFZRUHNHCZPX,FOXFZRUHNHCZPX,CSc1nnc(C(C)(C)C)c(=O)n1N,False,1,21087-64-9,CC(C)(C)C1=NN=C(N(C1=O)N)SC,"InChI=1S/C8H14N4OS/c1-8(2,3)5-6(13)12(9)7(14-4)11-10-5/h9H2,1-4H3",Oral,LD50,,other:,µg/piece,µg/piece,species_based_piece_to_bee,166.0,,,,exact,48.0,h,48.0,,,,mortality,False,e0483e08-e6c5-4040-a1db-108cf30ac9b3,doi:10.2903/j.efsa.2006.88r,2006.0,True,True,True,True,True,True,False,0,0,0,True,structure_screen_only,True,True
965db0f9-ff00-41ca-91f7-29b11f38e7f6,941d768f-c6a9-4b2a-80e8-e827b108a26b,3880,d937f903-9e5f-4fea-bb4b-93b44ff2e118,Fenoxaprop-P-Ethyl,mono-constituent substance,7f3765a2-7ed1-4484-a0d4-2092a03aae22,PQKBPHSEKWERTG-LLVKDONJSA-N,PQKBPHSEKWERTG,PQKBPHSEKWERTG,CCOC(=O)[C@@H](C)Oc1ccc(Oc2nc3ccc(Cl)cc3o2)cc1,False,1,71283-80-2,CCOC(=O)[C@@H](C)OC1=CC=C(C=C1)OC2=NC3=C(O2)C=C(C=C3)Cl,"InChI=1S/C18H16ClNO5/c1-3-22-17(21)11(2)23-13-5-7-14(8-6-13)24-18-20-15-9-4-12(19)10-16(15)25-18/h4-11H,3H2,1-2H3/t11-/m1/s1",Oral,LD50,,other:,µg/piece,µg/piece,species_based_piece_to_bee,199.0,>,,,censored_or_approximate,48.0,h,48.0,,,,mortality,False,956b9a59-353e-43c8-81e5-17c51feff204,doi:10.2903/j.efsa.2007.121r,2007.0,False,True,True,False,False,False,False,0,0,0,True,structure_screen_only,True,True
1ce09495-5fff-4428-9053-6b7ffea30a9f,102414da-eaad-4555-95de-95aa85448f1c,3881,9c9ddd0c-c173-46b9-87be-ab827de806a1,Metsulfuron-methyl,mono-constituent substance,78f9ff8a-7296-4b34-af0e-69a96c380046,RSMUVYRMZCOLBH-UHFFFAOYSA-N,RSMUVYRMZCOLBH,RSMUVYRMZCOLBH,COC(=O)c1ccccc1S(=O)(=O)NC(=O)Nc1nc(C)nc(OC)n1,False,1,74223-64-6,CC1=NC(=NC(=N1)OC)NC(=O)NS(=O)(=O)C2=CC=CC=C2C(=O)OC,"InChI=1S/C14H15N5O6S/c1-8-15-12(18-14(16-8)25-3)17-13(21)19-26(22,23)10-7-5-4-6-9(10)11(20)24-2/h4-7H,1-3H3,(H2,15,16,17,18,19,21)",Contact,LD50,,other:,µg/piece,µg/piece,species_based_piece_to_bee,50.0,>,,,censored_or_approximate,,,,,,,mortality,False,e57f3dbd-a584-45c3-8fb6-84db9c2a69e9,doi:10.2903/j.efsa.2015.3936,2015.0,True,True,True,True,True,True,False,0,0,-1,True,structure_screen_only,True,False
fd6256f6-0269-44dd-abe7-2d8cadd307c1,23083eab-bd69-46bb-81d7-dbced6ec309e,3882,d4c4f15c-b73d-4cae-a3f1-c9f9cfa56bc7,"2,4-DB (sum of 2,4-DB, its salts, its esters and its conjugates, expressed as 2,4-DB)",mono-constituent substance,c4c72935-52f6-42df-abde-ebe2e55dad76,,,,,False,0,,,,Oral,LD50,,other:,µg/piece,µg/piece,species_based_piece_to_bee,100.0,>,,,censored_or_approximate,,,,,,,mortality,False,44216c52-d1ac-4f38-bd79-39f576c2652b,doi:10.2903/j.efsa.2016.4500,2016.0,False,False,False,False,False,False,False,0,0,0,True,structure_screen_only,False,False
ec2cffdc-5f8b-4704-a643-36aa18b5d697,916c04fd-77ce-4dee-8e03-460e3c74a627,3884,eb38c119-4413-4f04-89c8-c1c60028891f,"Imazamox (sum of imazamox and its salts, expressed as imazamox)",mono-constituent substance,ccc17826-b1d1-4e72-9769-f5a8fc746b06,NUPJIGQFXCQJBK-UHFFFAOYSA-N,NUPJIGQFXCQJBK,NUPJIGQFXCQJBK,COCc1cnc(C2=NC(C)(C(C)C)C(=O)N2)c(C(=O)O)c1,False,1,,O=C1NC(C2=NC=C(COC)C=C2C(O)=O)=NC(C)1C(C)C,,Contact,LD50,,other:,µg/piece,µg/piece,species_based_piece_to_bee,58.0,>,,,censored_or_approximate,,,,,,,mortality,False,f38a908a-a363-4433-897f-2a13768bb046,doi:10.2903/j.efsa.2016.4432,2016.0,True,True,True,False,False,False,False,0,0,-1,True,structure_screen_only,True,False
0872f3b6-87ec-4563-a14e-9fad6b281a8d,a1f61444-a6f2-49ae-aea9-303382a6fef3,3885,6466c4e7-7266-4cfb-a0e4-49334015b293,Bifenazate,mono-constituent substance,0c4b791a-8b2a-43b8-82d1-51bacb8f1bab,VHLKTXFWDRXILV-UHFFFAOYSA-N,VHLKTXFWDRXILV,VHLKTXFWDRXILV,COc1ccc(-c2ccccc2)cc1NNC(=O)OC(C)C,False,1,149877-41-8,O=C(NNC1=C(OC)C=CC(C2=CC=CC=C2)=C1)OC(C)C,"InChI=1S/C17H20N2O3/c1-12(2)22-17(20)19-18-15-11-14(9-10-16(15)21-3)13-7-5-4-6-8-13/h4-12,18H,1-3H3,(H,19,20)",Contact,LD50,,other:,µg/piece,µg/piece,species_based_piece_to_bee,8.5,,,,exact,,,,,,,mortality,False,1202bb4f-384d-4bf3-abf8-c1ab58e73d11,doi:10.2903/j.efsa.2021.6818,2021.0,True,True,True,True,False,True,False,0,1,1,True,structure_screen_only,True,False
e12a6d83-228a-49a3-bf03-79453cf3a597,baedfd99-5c53-4eb1-86fd-4c1ec4f4771f,3891,f5d92059-bec2-48a7-9cc4-90e03d8b16a7,Fosetyl-aluminium,mono-constituent substance,74278d6b-0a10-48b8-9602-5f8c4647565d,OIPMQULDKWSNGX-UHFFFAOYSA-N,OIPMQULDKWSNGX,ZUNGGJHBMLMRFJ,CCO[P+](=O)[O-].CCO[P+](=O)[O-].CCO[P+](=O)[O-].[Al+3],False,4,39148-24-8,CCO[P+](=O)[O-].CCO[P+](=O)[O-].CCO[P+](=O)[O-].[Al+3],"InChI=1S/3C2H5O3P.Al/c3*1-2-5-6(3)4;/h3*2H2,1H3;/q;;;+3",Oral,LD50,,other:,µg/piece,µg/piece,species_based_piece_to_bee,140.0,>,,,censored_or_approximate,,,,,,,mortality,False,36654755-c09a-4a9f-9d7b-6e67029a6231,"EFSA Journal 2018,16(6):5307, doi:10.2903/j.efsa.2018.5307",2018.0,True,True,True,True,True,True,False,0,0,0,True,structure_screen_only,True,False
d637eca4-96c6-4f9c-8404-91c71f3b75a4,e022a7cd-5224-4e3d-8e7f-2d92112ce99e,3892,9c9ddd0c-c173-46b9-87be-ab827de806a1,Metsulfuron-methyl,mono-constituent substance,78f9ff8a-7296-4b34-af0e-69a96c380046,RSMUVYRMZCOLBH-UHFFFAOYSA-N,RSMUVYRMZCOLBH,RSMUVYRMZCOLBH,COC(=O)c1ccccc1S(=O)(=O)NC(=O)Nc1nc(C)nc(OC)n1,False,1,74223-64-6,CC1=NC(=NC(=N1)OC)NC(=O)NS(=O)(=O)C2=CC=CC=C2C(=O)OC,"InChI=1S/C14H15N5O6S/c1-8-15-12(18-14(16-8)25-3)17-13(21)19-26(22,23)10-7-5-4-6-9(10)11(20)24-2/h4-7H,1-3H3,(H2,15,16,17,18,19,21)",Oral,LD50,,other:,µg/piece,µg/piece,species_based_piece_to_bee,44.3,>,,,censored_or_approximate,,,,,,,mortality,False,e57f3dbd-a584-45c3-8fb6-84db9c2a69e9,doi:10.2903/j.efsa.2015.3936,2015.0,True,True,True,True,True,True,False,0,0,-1,True,structure_screen_only,True,False
7075d374-12ea-479f-9934-75fbf08e0beb,98954569-bf27-47df-8b6a-876d8663e471,3894,5d911ed2-7aad-4a3c-8780-e2ca116d03eb,Tribenuron-methyl,mono-constituent substance,16b8dd07-b23a-4b80-a6f0-86503d463631,VLCQZHSMCYCDJL-UHFFFAOYSA-N,VLCQZHSMCYCDJL,VLCQZHSMCYCDJL,COC(=O)c1ccccc1S(=O)(=O)NC(=O)N(C)c1nc(C)nc(OC)n1,False,1,101200-48-0,CC1=NC(=NC(=N1)OC)N(C)C(=O)NS(=O)(=O)C2=CC=CC=C2C(=O)OC,"InChI=1S/C15H17N5O6S/c1-9-16-13(18-14(17-9)26-4)20(2)15(22)19-27(23,24)11-8-6-5-7-10(11)12(21)25-3/h5-8H,1-4H3,(H,19,22)",Contact,LD50,,other:,µg/piece,µg/piece,species_based_piece_to_bee,98.4,>,,,censored_or_approximate,48.0,h,48.0,,,,mortality,False,e81510f6-0ef7-4c10-91d5-72011ec01edf,doi:10.2903/j.efsa.2017.4912,2017.0,True,True,True,True,True,True,False,0,0,-1,True,structure_screen_only,True,True
d17f04ae-77e9-40cb-be24-b931db4db812,f96bd11e-167f-4d4d-99f9-cc37f8d1c2a9,3895|3896,5282d866-ee20-4a34-ae5f-920610551aaa,Triclopyr,mono-constituent substance,fda62c90-57df-4d94-bdf5-d5afcf5e714c,REEQLXCGVXDJSQ-UHFFFAOYSA-N,REEQLXCGVXDJSQ,REEQLXCGVXDJSQ,O=C(O)COc1nc(Cl)c(Cl)cc1Cl,False,1,55335-06-3,Clc1cc(Cl)c(Cl)nc1OCC(=O)O,"InChI=1S/C7H4Cl3NO3/c8-3-1-4(9)7(11-6(3)10)14-2-5(12)13/h1H,2H2,(H,12,13)",Oral,LD50,,other:,µg/piece,µg/piece,species_based_piece_to_bee,100.0,>,,,censored_or_approximate,,,,,,,mortality,False,20a23bb7-d6dc-4700-9c8b-d1b1f41b4983|9f4445d9-404e-412a-a662-c984ef94fe77,"EFSA Journal. 2024,22:e8177, doi:10.2903/j.efsa.2024.8177|doi:10.2903/j.efsa.2006.56r",2006.0|2024.0,True,True,True,True,False,True,False,0,0,0,True,structure_screen_only,True,False
ebcedb76-819e-4443-a81e-807593aca971,bf4fb6d5-729b-45d6-9bfc-defe602fb8c3,3897,76f3967f-21b6-4c44-a8af-968051484b0e,Imazaquin,mono-constituent substance,2eb30f16-b966-4d60-95e5-51ce2fbdb92a,CABMTIJINOIHOD-UHFFFAOYSA-N,CABMTIJINOIHOD,CABMTIJINOIHOD,CC(C)C1(C)N=C(c2nc3ccccc3cc2C(=O)O)NC1=O,False,1,81335-37-7,CC(C)C1(C(=O)NC(=N1)C2=NC3=CC=CC=C3C=C2C(=O)O)C,"InChI=1S/C17H17N3O3/c1-9(2)17(3)16(23)19-14(20-17)13-11(15(21)22)8-10-6-4-5-7-12(10)18-13/h4-9H,1-3H3,(H,21,22)(H,19,20,23)",Contact,LD50,,other:,µg/piece,µg/piece,species_based_piece_to_bee,100.0,>,,,censored_or_approximate,,,,,,,mortality,False,beb0f8ae-c638-468a-8840-cfeb99419d49,"EFSA Journal 2011,9(1):1968, doi:10.2903/j.efsa.2011.1968",2011.0,True,True,True,True,True,True,False,0,0,0,True,structure_screen_only,True,False
a76f66c9-761d-4e95-b622-3a2d35654558,4395afe5-6712-4f9c-be2e-c982a338c3a2,3899,0a1abb2e-278a-477d-a116-5e23b17fcf8c,Dicamba,mono-constituent substance,cb133bdf-a78a-4e63-ad38-ddb53403de2b,IWEDIXLBFLAXBO-UHFFFAOYSA-N,IWEDIXLBFLAXBO,IWEDIXLBFLAXBO,COc1c(Cl)ccc(Cl)c1C(=O)O,False,1,1918-00-9,COC1=C(C=CC(=C1C(=O)O)Cl)Cl,"InChI=1S/C8H6Cl2O3/c1-13-7-5(10)3-2-4(9)6(7)8(11)12/h2-3H,1H3,(H,11,12)",Oral,LD50,,other:,µg/piece,µg/piece,species_based_piece_to_bee,100.0,>,,,censored_or_approximate,48.0,h,48.0,,,,mortality,False,97251fa5-8dd4-4ed9-a5b6-90444783496c,"EFSA Journal 2011,9(1):1965, doi:10.2903/j.efsa.2011.1965",2011.0,True,True,True,True,False,True,False,0,0,0,True,structure_screen_only,True,True
aeaba63f-605e-436c-9c2d-0ccfb289ac61,e92b03c2-eb45-4162-95d5-04eb13052f61,3900,8811f912-f7b0-43e4-bdd6-001997ca6bef,Tebuconazole,mono-constituent substance,e784d523-cc4a-4bcd-be8c-26a601576ff2,PXMNMQRDXWABCY-UHFFFAOYSA-N,PXMNMQRDXWABCY,PXMNMQRDXWABCY,CC(C)(C)C(O)(CCc1ccc(Cl)cc1)Cn1cncn1,False,1,107534-96-3,OC(C(C)(C)C)(CN2N=CN=C2)CCC1=CC=C(Cl)C=C1,"InChI=1S/C16H22ClN3O/c1-15(2,3)16(21,10-20-12-18-11-19-20)9-8-13-4-6-14(17)7-5-13/h4-7,11-12,21H,8-10H2,1-3H3",Oral,LD50,,other:,µg/piece,µg/piece,species_based_piece_to_bee,83.05,>,,,censored_or_approximate,48.0,h,48.0,,,,mortality,False,4879bb00-3a8d-4824-bdb3-2a619f90def9,"EFSA Journal 2014,12(1):3485, doi:10.2903/j.efsa.2014.3485",2014.0,True,True,True,True,True,True,False,0,0,-1,True,structure_screen_only,True,True
9e562bee-8d36-4bef-ae09-0cf32db27a98,3f68ae13-dad9-422d-bae1-3f558cdc4481,3903,1af92583-e2ed-461f-b5b0-f4fedd974648,Myclobutanil,mono-constituent substance,73d6166e-7466-42ba-92f8-31cc5cd98346,HZJKXKUJVSEEFU-UHFFFAOYSA-N,HZJKXKUJVSEEFU,HZJKXKUJVSEEFU,CCCCC(C#N)(Cn1cncn1)c1ccc(Cl)cc1,False,1,88671-89-0,Clc1ccc(cc1)C(CCCC)(Cn2cncn2)C#N,"InChI=1S/C15H17ClN4/c1-2-3-8-15(9-17,10-20-12-18-11-19-20)13-4-6-14(16)7-5-13/h4-7,11-12H,2-3,8,10H2,1H3",Contact,LD50,,other:,µg/piece,µg/piece,species_based_piece_to_bee,39.6,>,,,censored_or_approximate,72.0,h,72.0,Systhane 20 EW,,,mortality,True,bc7efd25-a5f6-4982-b682-37f8f9064ff6,"EFSA Journal 2010,8(10):1682, doi:10.2903/j.efsa.2010.1682",2010.0,True,True,True,True,False,True,False,0,0,-1,True,structure_screen_only,True,False
6661a347-8bb5-4bd9-ad92-9a62067e6bba,01bf3325-17a0-43e1-a7e4-d51ba310d9be,3904,77509bc4-d66b-4660-8b86-e485d90475ab,Triazoxide,mono-constituent substance,17c8fe5c-24e1-4160-86f9-855482e09a22,IQGKIPDJXCAMSM-UHFFFAOYSA-N,IQGKIPDJXCAMSM,IQGKIPDJXCAMSM,[O-][n+]1nc(-n2ccnc2)nc2ccc(Cl)cc21,False,1,72459-58-6,Clc1ccc2nc(n[n+]([O-])c2c1)n3ccnc3,InChI=1S/C10H6ClN5O/c11-7-1-2-8-9(5-7)16(17)14-10(13-8)15-4-3-12-6-15/h1-6H,Contact,LD50,,other:,µg/piece,µg/piece,species_based_piece_to_bee,200.0,>,,,censored_or_approximate,48.0,h,48.0,,,,mortality,False,6964100e-eda8-4f1d-8589-358a37520d37,doi:10.2903/j.efsa.2009.193r,2009.0,True,True,True,True,True,True,False,0,0,0,True,structure_screen_only,True,True
effa1304-af15-4d2c-b850-6a7c6214e0f7,a3e0eddb-8106-4db7-9bdb-68db3773665f,3905,9fe24aa7-c52c-4999-af62-36273e9da4c2,Cyfluthrin,multi-constituent substance,122035ff-b724-4cfb-aaaf-f17ef214299d,QQODLKZGRKWIFG-UHFFFAOYSA-N,QQODLKZGRKWIFG,QQODLKZGRKWIFG,CC1(C)C(C=C(Cl)Cl)C1C(=O)OC(C#N)c1ccc(F)c(Oc2ccccc2)c1,False,1,68359-37-5,CC1(C(C1C(=O)OC(C#N)c2ccc(c(c2)Oc3ccccc3)F)C=C(Cl)Cl)C,"InChI=1S/C22H18Cl2FNO3/c1-22(2)15(11-19(23)24)20(22)21(27)29-18(12-26)13-8-9-16(25)17(10-13)28-14-6-4-3-5-7-14/h3-11,15,18,20H,1-2H3",Contact,other:,EC50,other:,µg/piece,µg/piece,species_based_piece_to_bee,0.012,,,,exact,,,,,,,mortality,False,813e79e4-a30b-4770-87d5-3ed9d76a6495,doi:10.2903/j.efsa.2020.6058,2020.0,True,True,True,False,False,False,False,1,1,1,False,structure_screen_only,False,False
39461925-8f80-4aa2-85fa-c72fb277b365,4ed4bf81-f3af-430f-b84a-da4a65ca36c0,3906,35ac6484-177e-4e27-ac06-06c53e972536,Thiencarbazone-methyl,mono-constituent substance,c6e41ced-65e6-4e1c-a063-6f6b70b6ed61,XSKZXGDFSCCXQX-UHFFFAOYSA-N,XSKZXGDFSCCXQX,XSKZXGDFSCCXQX,COC(=O)c1csc(C)c1S(=O)(=O)NC(=O)n1nc(OC)n(C)c1=O,False,1,317815-83-1,S(C1C(C(=O)OC([H])([H])[H])=C([H])SC=1C([H])([H])[H])(N([H])C(N1C(N(C([H])([H])[H])C(=N1)OC([H])([H])[H])=O)=O)(=O)=O,"InChI=1S/C12H14N4O7S2/c1-6-8(7(5-24-6)9(17)22-3)25(20,21)14-10(18)16-12(19)15(2)11(13-16)23-4/h5H,1-4H3,(H,14,18)",Contact,LD50,,other:,µg/piece,µg/piece,species_based_piece_to_bee,200.0,>,,,censored_or_approximate,48.0,h,48.0,,,,mortality,False,f4e32aff-eb4d-4976-a036-0b6c5f8e64da,doi:10.2903/j.efsa.2013.3270,2013.0,True,True,True,True,True,True,False,0,0,0,True,structure_screen_only,True,True
3873f28d-4027-4027-af01-6c313eb64b43,96926153-21c0-42b8-9585-ab8fa418600a,3907,a6a28341-9b01-4f83-a4f5-68bfc496b9c3,Trifloxystrobin,mono-constituent substance,f4f755e7-6aab-4238-80a3-29ee50c51f1d,ONCZDRURRATYFI-UHFFFAOYSA-N,ONCZDRURRATYFI,ONCZDRURRATYFI,CON=C(C(=O)OC)c1ccccc1CON=C(C)c1cccc(C(F)(F)F)c1,False,1,141517-21-7,CC(C1=CC(C(F)(F)F)=CC=C1)=NOCC2=C(C(C(OC)=O)=NOC)C=CC=C2,"InChI=1S/C20H19F3N2O4/c1-13(14-8-6-9-16(11-14)20(21,22)23)24-29-12-15-7-4-5-10-17(15)18(25-28-3)19(26)27-2/h4-11H,12H2,1-3H3",Contact,LD50,,other:,µg/piece,µg/piece,species_based_piece_to_bee,100.0,>,,,censored_or_approximate,48.0,h,48.0,,,,mortality,False,c7386d72-bae3-4f1a-9a32-fe2bcc81977f,doi:10.2903/j.efsa.2017.4989,2017.0,True,True,True,True,False,True,False,0,0,0,True,structure_screen_only,True,True
335b0fd0-9450-4723-ab5f-1103dc522d6d,3d36c8a9-9044-4074-a796-cce2f1b1789e,3908,96fcb65a-4ac0-4237-b54f-91284f938477,Cypermethrin,mono-constituent substance,3ee3d99f-b537-4978-a6f6-d39c225e08d7,KAATUXNTWXVJKI-UHFFFAOYSA-N,KAATUXNTWXVJKI,KAATUXNTWXVJKI,CC1(C)C(C=C(Cl)Cl)C1C(=O)OC(C#N)c1cccc(Oc2ccccc2)c1,False,1,52315-07-8,CC1(C(C1C(=O)OC(C#N)C2=CC(=CC=C2)OC3=CC=CC=C3)C=C(Cl)Cl)C,"InChI=1S/C22H19Cl2NO3/c1-22(2)17(12-19(23)24)20(22)21(26)28-18(13-25)14-7-6-10-16(11-14)27-15-8-4-3-5-9-15/h3-12,17-18,20H,1-2H3",Oral,LD50,,other:,µg/piece,µg/piece,species_based_piece_to_bee,0.4592,,,,exact,,,,,,,mortality,False,2c188888-c063-4ed5-b26f-d8513bbaa287,"EFSA Journal 2018,16(8):5402, doi:10.2903/j.efsa.2018.5402",2018.0,True,True,True,False,False,False,False,1,1,1,True,structure_screen_only,True,False
19e965ae-db4c-4c04-bce0-30e94a6afd83,a33b792d-c78f-4d21-b489-092acdac7f89,3909,279c3d11-8310-4707-af3e-c137a72cf6d8,Tritosulfuron,mono-constituent substance,f8f4f99e-2310-44c8-9c20-2c8a4c64c5b3,KVEQCVKVIFQSGC-UHFFFAOYSA-N,KVEQCVKVIFQSGC,KVEQCVKVIFQSGC,COc1nc(NC(=O)NS(=O)(=O)c2ccccc2C(F)(F)F)nc(C(F)(F)F)n1,False,1,142469-14-5,COC1=NC(=NC(=N1)NC(=O)NS(=O)(=O)C2=CC=CC=C2C(F)(F)F)C(F)(F)F,"InChI=1S/C13H9F6N5O4S/c1-28-11-21-8(13(17,18)19)20-9(23-11)22-10(25)24-29(26,27)7-5-3-2-4-6(7)12(14,15)16/h2-5H,1H3,(H2,20,21,22,23,24,25)",Oral,LD50,,µg/bee,,µg/bee,direct_ug_bee,53.4,,,,exact,48.0,h,48.0,"BAS 635 00 H + BAS 9047 0 S * * Mixture with adjuvant BAS 152 00 S or BAS 9047 0 S, respectively. Endpoints expressed in terms of tritosulfuron, BAS 9047 0 S: An adjuvant differenting to the one specified in the GAP BAS 152 00 S: An adjuvant differenting to the one specified in the GAP",act. ingr.,,mortality,True,abb5712d-4c49-4f46-aa45-5908af78aeb2,doi:10.2903/j.efsa.2023.8142,2023.0,True,True,True,True,True,True,False,0,0,1,True,structure_screen_only,True,False
ed23550d-ed83-44ab-8e60-48fabfb1ac74,037dbc3f-dd2f-4300-bed3-fe4e9a790ce9,3910,48387c84-5b5f-4888-959d-3eba448bbfdc,Quizalofop-P-tefuryl,mono-constituent substance,8263dd41-3bff-492c-820c-3ee42dd49f06,BBKDWPHJZANJGB-UHFFFAOYSA-N,BBKDWPHJZANJGB,BBKDWPHJZANJGB,CC(Oc1ccc(Oc2cnc3cc(Cl)ccc3n2)cc1)C(=O)OCC1CCCO1,False,1,119738-06-6,O=C(OCC1OCCC1)C(OC2=CC=C(OC3=NC4=CC=C(Cl)C=C4N=C3)C=C2)C,"InChI=1S/C22H21ClN2O5/c1-14(22(26)28-13-18-3-2-10-27-18)29-16-5-7-17(8-6-16)30-21-12-24-20-11-15(23)4-9-19(20)25-21/h4-9,11-12,14,18H,2-3,10,13H2,1H3",Oral,LD50,,other:,µg/piece,µg/piece,species_based_piece_to_bee,16.8,,,,exact,,,,Preparation: Panarex (or Pantera),,,mortality,True,99a4abe3-97e4-4e9a-9f33-9139b5bda41b,doi:10.2903/j.efsa.2009.205r,2009.0,True,True,True,True,True,True,False,0,0,1,True,structure_screen_only,True,False
05469629-88ee-4746-a0e2-4184ed0dc18e,340c85f8-9c13-4af2-a945-0c84faf8ae3b,3911,cc2d6dbe-2852-4c14-972e-233dd411728f,Clomazone,mono-constituent substance,29371f1b-5b27-49be-848d-128b9ad765fd,KIEDNEWSYUYDSN-UHFFFAOYSA-N,KIEDNEWSYUYDSN,KIEDNEWSYUYDSN,CC1(C)CON(Cc2ccccc2Cl)C1=O,False,1,81777-89-1,O=C1N(CC(C=CC=C2)=C2Cl)OCC(C)1C,"InChI=1S/C12H14ClNO2/c1-12(2)8-16-14(11(12)15)7-9-5-3-4-6-10(9)13/h3-6H,7-8H2,1-2H3",Oral,LD50,,µg/bee,,µg/bee,direct_ug_bee,91.0,>,,,censored_or_approximate,48.0,h,48.0,,,,mortality,False,3cc8bf75-8a53-4b0e-8386-4dbbc1d17cc6,EFSA Journal. 2025;23:e9206; doi:10.2903/j.efsa.2025.9206,2025.0,True,True,True,True,False,True,False,0,0,-1,True,structure_screen_only,True,True
18143903-1293-486c-98f5-e3d88410b83e,545854e0-3dd3-4e0d-b43f-3e254136372a,3912,b194c4a8-b59d-4e08-b86f-b8785af98ae7,Pyraflufen-ethyl,mono-constituent substance,2805552b-0d92-42e0-b78a-b473ad09ab9c,APTZNLHMIGJTEW-UHFFFAOYSA-N,APTZNLHMIGJTEW,APTZNLHMIGJTEW,CCOC(=O)COc1cc(-c2nn(C)c(OC(F)F)c2Cl)c(F)cc1Cl,False,1,129630-19-9,CCOC(=O)COC1=C(C=C(C(=C1)C2=NN(C(=C2Cl)OC(F)F)C)F)Cl,"InChI=1S/C15H13Cl2F3N2O4/c1-3-24-11(23)6-25-10-4-7(9(18)5-8(10)16)13-12(17)14(22(2)21-13)26-15(19)20/h4-5,15H,3,6H2,1-2H3",Contact,LD50,,other:,µg/piece,µg/piece,species_based_piece_to_bee,100.0,>,,,censored_or_approximate,48.0,h,48.0,,,,mortality,False,ad72a43a-2e72-4499-9510-d2c6faa2e24e,doi:10.2903/j.efsa.2015.4001,2015.0,True,True,True,True,False,True,False,0,0,0,True,structure_screen_only,True,True
bdc198b5-ca66-4b64-9420-fb74425373a7,7a617e79-48b7-429c-8896-3a0e85fa75d7,3917,5d1907a1-6bea-40e1-8512-bd798a9b4fca,Imidacloprid,mono-constituent substance,c99b657a-c02d-48a3-9ad7-b6cf5838bde0,YWTYJOPNNQFBPC-UHFFFAOYSA-N,YWTYJOPNNQFBPC,YWTYJOPNNQFBPC,O=[N+]([O-])/N=C1\NCCN1Cc1ccc(Cl)nc1,False,1,138261-41-3,ClC(C=C2)=NC=C2CN1/C(NCC1)=N/[N+]([O-])=O,"InChI=1S/C9H10ClN5O2/c10-8-2-1-7(5-12-8)6-14-4-3-11-9(14)13-15(16)17/h1-2,5H,3-4,6H2,(H,11,13)",Contact,LD50,,other:,µg/piece,µg/piece,species_based_piece_to_bee,0.081,,,,exact,48.0,h,48.0,,,,mortality,False,72e6d370-7cb4-4f1e-af7a-8bd7050b29d8,doi:10.2903/j.efsa.2016.4607,2016.0,True,True,True,True,True,True,False,1,1,1,True,structure_screen_only,True,True
c2658163-3f1e-465b-93b1-ba2f8f3fcf67,72119dd1-b04e-481f-bda0-3b6359118a71,3921,45a7c3eb-afb8-4846-8dd5-c3431ec45bea,Azimsulfuron,mono-constituent substance,a15cd48c-07dd-40e6-b218-c9e66b94c983,MAHPNPYYQAIOJN-UHFFFAOYSA-N,MAHPNPYYQAIOJN,MAHPNPYYQAIOJN,COc1cc(OC)nc(NC(=O)NS(=O)(=O)c2c(-c3nnn(C)n3)cnn2C)n1,False,1,120162-55-2,Cn1nc(nn1)c2cnn(C)c2S(=O)(=O)NC(=O)Nc3nc(OC)cc(OC)n3,"InChI=1S/C13H16N10O5S/c1-22-11(7(6-14-22)10-18-21-23(2)19-10)29(25,26)20-13(24)17-12-15-8(27-3)5-9(16-12)28-4/h5-6H,1-4H3,(H2,15,16,17,20,24)",Contact,LD50,,other:,µg/piece,µg/piece,species_based_piece_to_bee,25.0,>,,,censored_or_approximate,48.0,h,48.0,,,,mortality,False,07cc7ff0-09f5-449e-a5a8-cd481219e31b,doi:10.2903/j.efsa.2010.1554,2010.0,True,True,True,True,True,True,False,0,0,-1,True,structure_screen_only,True,True
608a4618-90c2-444a-b810-d87c881b8b37,e94a310a-b89b-42a4-a67a-44708b383810,3922,8741026c-46b6-4bb0-b968-3b19aa9bcf3b,Fluopyram,mono-constituent substance,c3a2da5c-0b9c-424e-a722-ee4a9d0119a5,KVDJTXBXMWJJEF-UHFFFAOYSA-N,KVDJTXBXMWJJEF,KVDJTXBXMWJJEF,O=C(NCCc1ncc(C(F)(F)F)cc1Cl)c1ccccc1C(F)(F)F,False,1,658066-35-4,C1=CC=C(C(=C1)C(=O)NCCC2=C(C=C(C=N2)C(F)(F)F)Cl)C(F)(F)F,"InChI=1S/C16H11ClF6N2O/c17-12-7-9(15(18,19)20)8-25-13(12)5-6-24-14(26)10-3-1-2-4-11(10)16(21,22)23/h1-4,7-8H,5-6H2,(H,24,26)",Contact,LD50,,other:,µg/piece,µg/piece,species_based_piece_to_bee,100.0,>,,,censored_or_approximate,48.0,h,48.0,,,,mortality,False,71243273-0507-40a0-bd86-dc7612348306,doi:10.2903/j.efsa.2013.3052,2013.0,True,True,True,True,False,True,False,0,0,0,True,structure_screen_only,True,True
0bfab7b0-27e7-49d9-9969-5bece79a8364,ea33831f-4d10-4418-8936-f2133eb4ebe1,3923,36ebb297-7e7a-40d6-8641-5136c49e3768,Calcium carbonate,mono-constituent substance,96dbdb72-28f9-42fe-a447-2a45038d08cf,VTYYLEPIZMXCLO-UHFFFAOYSA-L,VTYYLEPIZMXCLO,BVKZGUZCCUSVTD,O=C([O-])[O-].[Ca+2],False,2,471-34-1,C(=O)([O-])[O-].[Ca+2],"InChI=1S/CH2O3.Ca/c2-1(3)4;/h(H2,2,3,4);/q;+2/p-2",Oral,LD50,,other:,µg/piece,µg/piece,species_based_piece_to_bee,337.0,,,,exact,,,,FLU17516,,,mortality,True,2aa5019b-1460-4c1e-90e6-634ce097e750,doi:10.2903/j.efsa.2021.6500,2021.0,True,True,True,True,True,True,False,0,0,0,True,structure_screen_only,True,False
81fd21d1-7b32-49b1-99c3-2bcd51d8ff10,d5b584db-f3cb-46a7-ac61-85fd6903c34d,3926,62a36090-8e15-4d85-9ed2-b1e23af400c3,Sodium p-nitrophenolate,mono-constituent substance,b61d3547-67d6-4f41-9e23-aff28df96885,CURNJKLCYZZBNJ-UHFFFAOYSA-M,CURNJKLCYZZBNJ,BTJIUGUIPKRLHP,O=[N+]([O-])c1ccc([O-])cc1.[Na+],False,2,824-78-2,C1=CC(=CC=C1[N+](=O)[O-])[O-].[Na+],"InChI=1S/C6H5NO3.Na/c8-6-3-1-5(2-4-6)7(9)10;/h1-4,8H;/q;+1/p-1",Oral,LD50,,other:,µg/piece,µg/piece,species_based_piece_to_bee,61.2,>,,,censored_or_approximate,,,,,,,mortality,False,550b701c-9ee8-435d-99b3-202b35988fa6,doi:10.2903/j.efsa.2009.191r,2009.0,True,True,True,True,True,True,False,0,0,-1,True,structure_screen_only,True,False
fe2e1b6c-6da0-4796-ace7-16a484054e3c,7a84dab8-345e-455f-a3fb-d89380ddcd47,3927,4c33f8e7-c9f4-4f77-8591-0baf4febfddd,Dichlorprop-p,mono-constituent substance,d74149fb-8ecf-4a9a-950c-117f70177adc,MZHCENGPTKEIGP-RXMQYKEDSA-N,MZHCENGPTKEIGP,MZHCENGPTKEIGP,C[C@@H](Oc1ccc(Cl)cc1Cl)C(=O)O,False,1,15165-67-0,Clc1cc(Cl)ccc1O[C@H](C)C(=O)O,"InChI=1S/C9H8Cl2O3/c1-5(9(12)13)14-8-3-2-6(10)4-7(8)11/h2-5H,1H3,(H,12,13)/t5-/m1/s1",Contact,LD50,,other:,µg/piece,µg/piece,species_based_piece_to_bee,200.0,>,,,censored_or_approximate,,,,,,,mortality,False,8756ea66-3793-4903-9527-af1cda33ace4,"EFSA Journal 2018,16(5):5288, doi:10.2903/j.efsa.2018.5288",2018.0,False,True,True,False,False,False,False,0,0,0,True,structure_screen_only,True,False
d8b2df0d-c1cb-479c-902c-e56989f564c1,307b58cb-58d7-4625-8153-30221ad2cce5,3928,abb35cee-1a99-494f-94c2-ca7606cc5684,Sulfoxaflor (sum of isomers),mono-constituent substance,b1efb967-a6e7-42d1-9fb2-9da24577ef39,,,,,False,0,,,,Oral,LD50,,other:,µg/piece,µg/piece,species_based_piece_to_bee,0.146,,,,exact,48.0,h,48.0,,,,mortality,False,46f4649e-2289-4971-a004-86f392622f1a,"EFSA Journal 2014,12(5):3692, doi:10.2903/j.efsa.2014.3692",2014.0,False,False,False,False,False,False,False,1,1,1,True,structure_screen_only,False,False
ec049155-3825-4c69-b101-8ff2d03148d3,4b5d9fd5-7ec2-4bc5-ba7d-3a0e5389e8d0,3929,d6170c83-7076-4913-9016-129b1f8dcb6a,Terpenoid blend QRD 460,multi-constituent substance,a22382b2-b001-4880-8d3c-bf46d921951e,,,,,False,0,,,,Contact,LD50,,other:,µg/piece,µg/piece,species_based_piece_to_bee,66.7,>,,,censored_or_approximate,,,,,,,mortality,False,760882c7-2a1d-4cf1-8c41-c9c176a71369,"EFSA Journal 2014,12(10):3816, doi:10.2903/j.efsa.2014.3816",2014.0,False,False,False,False,False,False,False,0,0,-1,True,structure_screen_only,False,False
8e3b583d-6db9-414d-98b3-92ea1807f8cb,2b8d6f9a-61c4-4178-ab0c-0884b79cd75d,3930,c5a05f6c-b34b-4ab6-91f9-da4f8bdcd99e,Dimoxystrobin,mono-constituent substance,78b54c00-fbe4-4e95-ab6a-8f48b6e47f56,WXUZAHCNPWONDH-UHFFFAOYSA-N,WXUZAHCNPWONDH,WXUZAHCNPWONDH,CNC(=O)C(=NOC)c1ccccc1COc1cc(C)ccc1C,True,1,149961-52-4,CC1=CC(=C(C=C1)C)OCC2=CC=CC=C2C(=NOC)C(=O)NC,"InChI=1S/C19H22N2O3/c1-13-9-10-14(2)17(11-13)24-12-15-7-5-6-8-16(15)18(21-23-4)19(22)20-3/h5-11H,12H2,1-4H3,(H,20,22)/b21-18-",Contact,LD50,,other:,µg/piece,µg/piece,species_based_piece_to_bee,100.0,>,,,censored_or_approximate,,,,,,,mortality,False,21ca70c7-60fa-435c-b8e4-79b3ca9e8e32,doi:10.2903/j.efsa.2005.46r,2005.0,True,True,True,True,True,True,False,0,0,0,True,structure_screen_only,False,False
aeb65af6-2998-4099-b952-946ec26873ab,07e97a19-40d3-43ae-bd59-e36e5fb91e23,3931,48dcd99a-854b-4708-a675-b7c923d914df,"Hydroxyquinoline sulfate, 8-",mono-constituent substance,fe0ba7a3-6744-4eb5-8285-082e0253e9a4,YYVFXSYQSOZCOQ-UHFFFAOYSA-N,YYVFXSYQSOZCOQ,MCJGNVYPOGVAJF,O=S(=O)([O-])[O-].Oc1cccc2ccc[nH+]c12.Oc1cccc2ccc[nH+]c12,False,3,134-31-6,OC1=C2C(C=CC=[NH+]2)=CC=C1.[O-]S([O-])(=O)=O.OC3=C4C(C=CC=[NH+]4)=CC=C3,"InChI=1S/2C9H7NO.H2O4S/c2*11-8-5-1-3-7-4-2-6-10-9(7)8;1-5(2,3)4/h2*1-6,11H;(H2,1,2,3,4)",Oral,LD50,,other:,µg/piece,µg/piece,species_based_piece_to_bee,68.64,>,,,censored_or_approximate,,,,8-Hydroxyquinoline sulphate formulation: Beltanol-L,,,mortality,True,23dfbea3-6e21-4bb2-8a35-955eaa0b9020,doi:10.2903/j.efsa.2016.4493,2016.0,False,False,True,False,False,False,False,0,0,-1,True,structure_screen_only,True,False
a4c5d781-011b-4c78-a0d2-346542b27f29,cb22bcf6-7dd2-4fee-ac79-b6c630e3a4d2,3934,9660613d-7fa7-4f7f-8a7f-930c21fc9542,Buprofezin,mono-constituent substance,5f72e571-073f-495d-833e-81ed4956a32c,PRLVTUNWOQKEAI-UHFFFAOYSA-N,PRLVTUNWOQKEAI,PRLVTUNWOQKEAI,CC(C)N1C(=O)N(c2ccccc2)CSC1=NC(C)(C)C,False,1,69327-76-0,CC(C)N1C(=NC(C)(C)C)SCN(C1=O)C2=CC=CC=C2,"InChI=1S/C16H23N3OS/c1-12(2)19-14(17-16(3,4)5)21-11-18(15(19)20)13-9-7-6-8-10-13/h6-10,12H,11H2,1-5H3",Oral,LD50,,other:,µg/piece,µg/piece,species_based_piece_to_bee,163.5,>,,,censored_or_approximate,48.0,h,48.0,,,,mortality,False,278299cb-020e-4648-988d-dc0a775dcc80,doi:10.2903/j.efsa.2010.1624,2010.0,True,True,True,True,False,True,False,0,0,0,True,structure_screen_only,True,True
99fff73e-d359-4976-93b2-802fcbd6f1b2,b10860ec-3e76-4251-83f0-c0ee9f72c4a7,3936,f9e9e1c8-d535-425a-88da-a7469737b600,Imazosulfuron,mono-constituent substance,2b278d44-fdd0-4bc1-89ef-f2b29992a231,NAGRVUXEKKZNHT-UHFFFAOYSA-N,NAGRVUXEKKZNHT,NAGRVUXEKKZNHT,COc1cc(OC)nc(NC(=O)NS(=O)(=O)c2c(Cl)nc3ccccn23)n1,False,1,122548-33-8,COC1=CC(=NC(=N1)NC(=O)NS(=O)(=O)C2=C(N=C3N2C=CC=C3)Cl)OC,"InChI=1S/C14H13ClN6O5S/c1-25-9-7-10(26-2)18-13(17-9)19-14(22)20-27(23,24)12-11(15)16-8-5-3-4-6-21(8)12/h3-7H,1-2H3,(H2,17,18,19,20,22)",Contact,LD50,,other:,µg/piece,µg/piece,species_based_piece_to_bee,100.0,>,,,censored_or_approximate,,,,,,,mortality,False,c8e3de78-431a-48c9-84c0-3db87f9b0e85,doi:10.2903/j.efsa.2017.4695,2017.0,True,True,True,True,False,True,False,0,0,0,True,structure_screen_only,True,False
43330daa-9cb7-4b8d-9cae-26e9236efd53,07bc83cb-a2c4-4e08-b148-63a6f6a18940,3937,46e2ff80-2881-4eeb-879d-4587034a2a29,Bromuconazole (sum of diasteroisomers),mono-constituent substance,cd61f0be-f262-4520-9d0b-83987a0b10f3,,,,,False,0,,,,Oral,LD50,,other:,µg/piece,µg/piece,species_based_piece_to_bee,100.0,>,,,censored_or_approximate,48.0,h,48.0,,,,mortality,False,1e82f728-a652-4a0e-9fce-6519c15aae51,"EFSA Journal 2010, 8(8):1704, doi:10.2903/j.efsa.2010.1704",2010.0,False,False,False,False,False,False,False,0,0,0,True,structure_screen_only,False,False
b4240847-f647-47ee-b000-60b56901f84f,023957d3-d2b1-498b-bbf2-63b97a710f72,3938,696a7857-f9d4-4efc-8ecc-b860b72ff435,Metiram,mono-constituent substance,036051bf-20ea-4919-9c2d-edd4c34c0467,AMHNZOICSMBGDH-UHFFFAOYSA-L,AMHNZOICSMBGDH,AWYFNIZYMPNGAI,S=C([S-])NCCNC(=S)[S-].[Zn+2],False,2,9006-42-2,C(CNC(=S)[S-])NC(=S)[S-].[Zn+2],"InChI=1S/C4H8N2S4.Zn/c7-3(8)5-1-2-6-4(9)10;/h1-2H2,(H2,5,7,8)(H2,6,9,10);/q;+2/p-2",Contact,LD50,,µg/bee,,µg/bee,direct_ug_bee,100.0,>,,,censored_or_approximate,48.0,h,48.0,"Studies was conducted with the solo-formulation BAS 222 28 F (containing 70% metiram, nominally).",act. ingr.,,mortality,True,585c5854-bb60-4e86-9276-fd99cd604407,"EFSA Journal 2023,21(4):7937, doi:10.2903/j.efsa.2023.7937",2023.0,True,True,True,True,True,True,False,0,0,0,True,ambiguous_metiram_zineb_polymer_mapping,False,False
e5a5317e-f925-45cc-8e24-cc2b0f0435fc,008c7f98-5b84-4b05-ad3b-98b41b043fc3,3939,ed76b10b-d559-4c09-8321-ce6a07eb73c3,Captan,mono-constituent substance,87ad7f47-8cf1-4cb6-b6b9-ad69a25a269d,LDVVMCZRFWMZSG-UHFFFAOYSA-N,LDVVMCZRFWMZSG,LDVVMCZRFWMZSG,O=C1C2CC=CCC2C(=O)N1SC(Cl)(Cl)Cl,False,1,133-06-2,ClC(Cl)(Cl)SN1C(=O)C2CC=CCC2C1=O,"InChI=1S/C9H8Cl3NO2S/c10-9(11,12)16-13-7(14)5-3-1-2-4-6(5)8(13)15/h1-2,5-6H,3-4H2",Oral,LD50,,other:,µg/piece,µg/piece,species_based_piece_to_bee,100.0,>,,,censored_or_approximate,48.0,h,48.0,,,,mortality,False,229b14b5-e1d1-43a1-b864-5ac17db099b5,doi:10.2903/j.efsa.2020.6230,2020.0,True,True,True,True,True,True,False,0,0,0,True,structure_screen_only,True,True
dcc06c2b-b1c0-41cd-ac9c-c69467ea47bd,888d0da7-8872-434b-b32e-7907104f9e74,3940,482c0108-ff32-4e64-948e-9ec7d7a6a4ca,Ethephon,mono-constituent substance,02ae2dad-69ad-41f3-abea-12398efded6b,UDPGUMQDCGORJQ-UHFFFAOYSA-N,UDPGUMQDCGORJQ,UDPGUMQDCGORJQ,O=P(O)(O)CCCl,False,1,16672-87-0,ClCCP(O)(=O)O,"InChI=1S/C2H6ClO3P/c3-1-2-7(4,5)6/h1-2H2,(H2,4,5,6)",Contact,LD50,,µg/bee,,µg/bee,direct_ug_bee,100.0,>,,,censored_or_approximate,,,,,,,mortality,False,dbe7b197-9a8b-4353-8be1-ec6a707c0e16,"EFSA Journal 2023,21(1):7742, doi:10.2903/j.efsa.2023.7742",2023.0,True,True,True,True,False,True,False,0,0,0,True,structure_screen_only,True,False
f6ece9da-0121-4a11-8ef0-e566be7aa1ef,4d01b03f-4dbe-4ec9-97bb-a4688fd8f3fb,3941|3942,f8cb4e06-76b1-4684-a509-84c76c8c194e,Spinosad,mono-constituent substance,f447df8a-5883-429d-80b0-7fba69967b15,,,,,False,0,168316-95-8,,,Oral,LD50,,other:,µg/piece,µg/piece,species_based_piece_to_bee,0.057,,,,exact,,,,,,,mortality,False,0feedabd-127c-48a5-8925-06013cbca7f7|f8eb2b42-0c57-4cf5-9123-92935bf6602f,"EFSA Journal 2018,16(4):5252, doi:10.2903/j.efsa.2018.5252|EFSA Journal. 2025;23:e9193; doi:10.2903/j.efsa.2025.9193",2018.0|2025.0,False,False,False,True,True,True,False,1,1,1,True,structure_screen_only,False,False
c525d8f3-98ce-4bdf-92e8-0afc76113a3c,cdeff2fd-af0b-422b-a90b-78cde01f936d,3943,0ec3af70-0660-4a8d-813f-f057946f3c4c,Sheep Fat,multi-constituent substance,10a5211a-0000-416c-a6a9-14e0c6d53d6a,,,,,False,0,98999-15-6,,,Oral,LD50,,other:,µg/piece,µg/piece,species_based_piece_to_bee,63.0,>,,,censored_or_approximate,,,,Fomulation: K 715-4,,,,True,98240b07-292c-4c1a-b229-6a86581a2e36,"EFSA Journal 2012,10(1):2525, doi:10.2903/j.efsa.2012.2525",2012.0,False,False,False,False,False,False,False,0,0,-1,False,structure_screen_only,False,False
382fa013-3aa6-4c61-bed7-685fc6f8d0ef,019cdc1b-7152-49c9-880e-a412e7064427,3944,38ab354f-3247-4535-b540-ffac0e712c80,Prothioconazole,mono-constituent substance,fba59798-332b-48a3-93f3-870608c89571,MNHVNIJQQRJYDH-UHFFFAOYSA-N,MNHVNIJQQRJYDH,MNHVNIJQQRJYDH,OC(Cc1ccccc1Cl)(Cn1[nH]cnc1=S)C1(Cl)CC1,False,1,178928-70-6,C1CC1(C(CC2=CC=CC=C2Cl)(CN3C(=S)N=CN3)O)Cl,"InChI=1S/C14H15Cl2N3OS/c15-11-4-2-1-3-10(11)7-14(20,13(16)5-6-13)8-19-12(21)17-9-18-19/h1-4,9,20H,5-8H2,(H,17,18,21)",Oral,LD50,,other:,µg/piece,µg/piece,species_based_piece_to_bee,71.0,>,,,censored_or_approximate,,,,,,,mortality,False,871dea60-7965-4be5-9609-e36cf529fa79,"EFSA Scientific Report (2007) 106, 1-98, doi:10.2903/j.efsa.2007.106r",2007.0,True,True,True,True,False,True,False,0,0,-1,True,structure_screen_only,True,False
027937f7-4d83-4793-83ba-0da53d070a75,21f4a596-ea3d-4dc8-82c4-81c4e80e8d42,3947,4b1a625d-cef3-4aa5-bc5b-aa46a1000349,Methoxyfenozide,mono-constituent substance,1912db99-887f-446d-9907-f27aca8c7792,QCAWEPFNJXQPAN-UHFFFAOYSA-N,QCAWEPFNJXQPAN,QCAWEPFNJXQPAN,COc1cccc(C(=O)NN(C(=O)c2cc(C)cc(C)c2)C(C)(C)C)c1C,False,1,161050-58-4,CC1=CC(=CC(=C1)C(=O)N(C(C)(C)C)NC(=O)C2=C(C(=CC=C2)OC)C)C,"InChI=1S/C22H28N2O3/c1-14-11-15(2)13-17(12-14)21(26)24(22(4,5)6)23-20(25)18-9-8-10-19(27-7)16(18)3/h8-13H,1-7H3,(H,23,25)",Contact,LD50,,other:,µg/piece,µg/piece,species_based_piece_to_bee,100.0,>,,,censored_or_approximate,48.0,h,48.0,,,,mortality,False,ec4e56ac-9366-47d0-b333-9bfda0f1ad3b,doi:10.2903/j.efsa.2017.4978,2017.0,True,True,True,True,True,True,False,0,0,0,True,structure_screen_only,True,True
c8a96c9e-140e-4423-8725-51f8a24d0932,293beb1c-69ab-4a95-8040-bf415c3b406b,3948,25f29b3b-d1dc-46cc-8a0f-599ec64a044a,"Cyhalothrin, gamma-",mono-constituent substance,7caaafb4-7c4c-4aa4-b19c-61fa40222bd8,ZXQYGBMAQZUVMI-GCMPRSNUSA-N,ZXQYGBMAQZUVMI,ZXQYGBMAQZUVMI,CC1(C)[C@H](C(=O)O[C@H](C#N)c2cccc(Oc3ccccc3)c2)[C@@H]1/C=C(\Cl)C(F)(F)F,False,1,76703-62-3,CC1([C@H]([C@H]1C(=O)O[C@H](C#N)C2=CC(=CC=C2)OC3=CC=CC=C3)/C=C(/C(F)(F)F)\Cl)C,"InChI=1S/C23H19ClF3NO3/c1-22(2)17(12-19(24)23(25,26)27)20(22)21(29)31-18(13-28)14-7-6-10-16(11-14)30-15-8-4-3-5-9-15/h3-12,17-18,20H,1-2H3/b19-12-/t17-,18+,20-/m0/s1",Oral,LD50,,other:,µg/piece,µg/piece,species_based_piece_to_bee,4.2,,,,exact,48.0,h,48.0,,,,mortality,False,7136487b-2e9e-4537-a86c-37837821d888,"EFSA Journal 2014,12(2):3560, doi:10.2903/j.efsa.2014.3560",2014.0,False,True,True,False,False,False,False,0,1,1,True,structure_screen_only,True,True
403f5a45-f11f-416a-a505-758e2f3240bb,ea2c1669-666f-457f-9d4a-e98b582b624f,3949,62d34108-e968-4ce2-a9c1-280718f51d6b,Clothianidin,mono-constituent substance,55f031dd-ea53-44b7-8b54-669da3423d1b,PGOOBECODWQEAB-UHFFFAOYSA-N,PGOOBECODWQEAB,PGOOBECODWQEAB,CNC(=N[N+](=O)[O-])NCc1cnc(Cl)s1,False,1,210880-92-5,CNC(NCc1cnc(Cl)s1)=N[N+]([O-])=O,"InChI=1S/C6H8ClN5O2S/c1-8-6(11-12(13)14)10-3-4-2-9-5(7)15-4/h2H,3H2,1H3,(H2,8,10,11)",Oral,LD50,,other:,µg/piece,µg/piece,species_based_piece_to_bee,0.00379,,,,exact,,,,,,,mortality,False,25b1b096-291b-4b36-8279-741b19c90642,doi:10.2903/j.efsa.2013.3066,2013.0,True,True,True,True,True,True,False,1,1,1,True,structure_screen_only,True,False
4715a0d4-6a44-4033-9dcf-0afa3306c85a,31b412e8-79fb-4549-8930-1d864171d8fc,3950,8811f912-f7b0-43e4-bdd6-001997ca6bef,Tebuconazole,mono-constituent substance,e784d523-cc4a-4bcd-be8c-26a601576ff2,PXMNMQRDXWABCY-UHFFFAOYSA-N,PXMNMQRDXWABCY,PXMNMQRDXWABCY,CC(C)(C)C(O)(CCc1ccc(Cl)cc1)Cn1cncn1,False,1,107534-96-3,OC(C(C)(C)C)(CN2N=CN=C2)CCC1=CC=C(Cl)C=C1,"InChI=1S/C16H22ClN3O/c1-15(2,3)16(21,10-20-12-18-11-19-20)9-8-13-4-6-14(17)7-5-13/h4-7,11-12,21H,8-10H2,1-3H3",Contact,LD50,,other:,µg/piece,µg/piece,species_based_piece_to_bee,200.0,>,,,censored_or_approximate,48.0,h,48.0,,,,mortality,False,4879bb00-3a8d-4824-bdb3-2a619f90def9,"EFSA Journal 2014,12(1):3485, doi:10.2903/j.efsa.2014.3485",2014.0,True,True,True,True,True,True,False,0,0,0,True,structure_screen_only,True,True
d596b920-5e48-4605-bcb7-21750f1a3817,a5eb092d-8eae-4b7f-b7fc-966953d5b193,3951,40bef233-ff76-42ba-913e-abf75638a716,Isoflucypram,mono-constituent substance,5c42c48c-6f23-40a3-9531-7720a07801bf,JEFUQUGZXLEHLD-UHFFFAOYSA-N,JEFUQUGZXLEHLD,JEFUQUGZXLEHLD,CC(C)c1ccc(Cl)cc1CN(C(=O)c1c(C(F)F)nn(C)c1F)C1CC1,False,1,1255734-28-1,,"InChI=1S/C19H21ClF3N3O/c1-10(2)14-7-4-12(20)8-11(14)9-26(13-5-6-13)19(27)15-16(17(21)22)24-25(3)18(15)23/h4,7-8,10,13,17H,5-6,9H2,1-3H3",Contact,LD50,,other:,µg/piece,µg/piece,species_based_piece_to_bee,100.0,>,,,censored_or_approximate,,,,,,,mortality,False,025d935c-ff4e-49e7-bb02-8721e28f51fb,doi:10.2903/j.efsa.2022.7328,2022.0,True,True,True,True,True,True,False,0,0,0,True,structure_screen_only,True,False
8b54f433-7c21-4808-a2e7-64e3e8cf6b18,be3d75d5-75e8-4f6c-a7a0-47c6940cce55,3953,1a12a5f4-7fc6-494d-b9ff-4bab4072af13,Metalaxyl-M,mono-constituent substance,60595b52-5186-4ab5-84f9-1dd5e88b8f87,ZQEIXNIJLIKNTD-GFCCVEGCSA-N,ZQEIXNIJLIKNTD,ZQEIXNIJLIKNTD,COCC(=O)N(c1c(C)cccc1C)[C@H](C)C(=O)OC,False,1,70630-17-0,CC1=C(C(=CC=C1)C)N([C@H](C)C(=O)OC)C(=O)COC,"InChI=1S/C15H21NO4/c1-10-7-6-8-11(2)14(10)16(13(17)9-19-4)12(3)15(18)20-5/h6-8,12H,9H2,1-5H3/t12-/m1/s1",Contact,LD50,,other:,µg/piece,µg/piece,species_based_piece_to_bee,100.0,>,,,censored_or_approximate,,,,,,,mortality,False,f547b6c2-71cb-4264-9ba2-5a100facd114,doi:10.2903/j.efsa.2015.3999,2015.0,False,True,True,False,False,False,False,0,0,0,True,structure_screen_only,True,False
b8e6d7b0-89f4-4810-aba1-e73e8fa09f6b,d4021dfa-30b3-4866-aaf3-b718c6c95d66,3957|3958,ce6eabec-ae04-4b5f-b205-7639062e9c0a,Rimsulfuron,mono-constituent substance,923608cb-5557-4d5f-965c-f9a5617c1de0,MEFOUWRMVYJCQC-UHFFFAOYSA-N,MEFOUWRMVYJCQC,MEFOUWRMVYJCQC,CCS(=O)(=O)c1cccnc1S(=O)(=O)NC(=O)Nc1nc(OC)cc(OC)n1,False,1,122931-48-0,O=S(C1=NC=CC=C1S(CC)(=O)=O)(NC(NC2=NC(OC)=CC(OC)=N2)=O)=O,"InChI=1S/C14H17N5O7S2/c1-4-27(21,22)9-6-5-7-15-12(9)28(23,24)19-14(20)18-13-16-10(25-2)8-11(17-13)26-3/h5-8H,4H2,1-3H3,(H2,16,17,18,19,20)",Oral,LD50,,µg/bee,,µg/bee,direct_ug_bee,100.0,>,,,censored_or_approximate,48.0,h,48.0,,,,mortality,False,33a038ad-4474-4b59-b50b-29531ade6ff6|b1b28112-6504-443c-a329-abc8a99c8a37,"EFSA Journal 2022;20(9):7447, doi:10.2903/j.efsa.2022.7447|doi:10.2903/j.efsa.2005.45r",2005.0|2022.0,True,True,True,True,False,True,False,0,0,0,True,structure_screen_only,True,True
bf2ceecb-7353-4673-b016-9afc1105694b,ba3a91fd-1e5c-4aee-93da-4ef7634299df,3959,5c12d693-bfae-469c-b54e-de72d0056b7e,Triticonazole,mono-constituent substance,ad033348-f1b9-434e-8b0c-30bf0e7216b0,PPDBOQMNKNNODG-UHFFFAOYSA-N,PPDBOQMNKNNODG,PPDBOQMNKNNODG,CC1(C)CCC(=Cc2ccc(Cl)cc2)C1(O)Cn1cncn1,True,1,138182-18-0,CC1(CCC(=CC2=CC=C(C=C2)Cl)C1(CN3C=NC=N3)O)C,"InChI=1S/C17H20ClN3O/c1-16(2)8-7-14(9-13-3-5-15(18)6-4-13)17(16,22)10-21-12-19-11-20-21/h3-6,9,11-12,22H,7-8,10H2,1-2H3/b14-9+",Contact,LD50,,other:,µg/piece,µg/piece,species_based_piece_to_bee,155.5,>,,,censored_or_approximate,,,,,,,mortality,False,f8d8c2c6-ebe2-4e2f-8e9d-aa542a0d67f4,doi:10.2903/j.efsa.2005.33ar,2005.0,True,True,True,False,True,True,False,0,0,0,True,structure_screen_only,False,False
612d7c40-eda7-4098-82fa-34da544d16ba,7ffe16b0-2553-4b72-85b3-13621e529571,3960,c5a05f6c-b34b-4ab6-91f9-da4f8bdcd99e,Dimoxystrobin,mono-constituent substance,78b54c00-fbe4-4e95-ab6a-8f48b6e47f56,WXUZAHCNPWONDH-UHFFFAOYSA-N,WXUZAHCNPWONDH,WXUZAHCNPWONDH,CNC(=O)C(=NOC)c1ccccc1COc1cc(C)ccc1C,True,1,149961-52-4,CC1=CC(=C(C=C1)C)OCC2=CC=CC=C2C(=NOC)C(=O)NC,"InChI=1S/C19H22N2O3/c1-13-9-10-14(2)17(11-13)24-12-15-7-5-6-8-16(15)18(21-23-4)19(22)20-3/h5-11H,12H2,1-4H3,(H,20,22)/b21-18-",Oral,LD50,,other:,µg/piece,µg/piece,species_based_piece_to_bee,79.4,>,,,censored_or_approximate,48.0,h,48.0,,,,mortality,False,21ca70c7-60fa-435c-b8e4-79b3ca9e8e32,doi:10.2903/j.efsa.2005.46r,2005.0,True,True,True,True,True,True,False,0,0,-1,True,structure_screen_only,False,False
b5e7e59c-ec89-4d81-b68a-4f1a850d25a2,ace52c4d-84cb-4bf0-af80-fe4ef3eb0b31,3966,3483f81c-c9b4-4e40-bf8c-058d29950471,Ipconazole,mono-constituent substance,d284b5cb-0e9e-4e37-bd29-8f953153b397,QTYCMDBMOLSEAM-UHFFFAOYSA-N,QTYCMDBMOLSEAM,QTYCMDBMOLSEAM,CC(C)C1CCC(Cc2ccc(Cl)cc2)C1(O)Cn1cncn1,False,1,125225-28-7,OC1(CN3N=CN=C3)C(CC2=CC=C(Cl)C=C2)CCC1C(C)C,"InChI=1S/C18H24ClN3O/c1-13(2)17-8-5-15(9-14-3-6-16(19)7-4-14)18(17,23)10-22-12-20-11-21-22/h3-4,6-7,11-13,15,17,23H,5,8-10H2,1-2H3",Oral,LD50,,other:,µg/piece,µg/piece,species_based_piece_to_bee,100.0,>,,,censored_or_approximate,48.0,h,48.0,,,,mortality,False,0d2879e5-b241-46f2-98e5-2e8c8d469842,doi:10.2903/j.efsa.2013.3181,2013.0,True,True,True,True,False,True,False,0,0,0,True,structure_screen_only,True,True
7caa1c54-958d-4033-9162-96a3f8532bf0,d5a70514-42e5-4866-86ad-88616b53087e,3967,8475acca-b439-48ec-b9fc-a4db72bf6f82,Acetamiprid,mono-constituent substance,84becbb6-6540-4ba0-8fcb-282d49934117,WCXDHFDTOYPNIE-UHFFFAOYSA-N,WCXDHFDTOYPNIE,WCXDHFDTOYPNIE,CC(=NC#N)N(C)Cc1ccc(Cl)nc1,False,1,135410-20-7,CC(=NC#N)N(C)CC1=CN=C(C=C1)Cl,"InChI=1S/C10H11ClN4/c1-8(14-7-12)15(2)6-9-3-4-10(11)13-5-9/h3-5H,6H2,1-2H3",Oral,LD50,,other:,µg/piece,µg/piece,species_based_piece_to_bee,8.85,,,,exact,,,,preparation EXP 60707A,,,mortality,True,f9e00f8d-b0b2-4cf7-aaf0-2c543e1cb893,doi:10.2903/j.efsa.2016.4610,2016.0,True,True,True,True,True,True,False,0,1,1,True,structure_screen_only,True,False
e4e7bff9-426f-4ff5-bae0-62ca4682e81b,76b8a6eb-d6d1-42fe-a2be-0be636f2defd,3968,738447a4-ad63-4a7b-a79b-f5cc5f7d24c2,Fuberidazole,mono-constituent substance,afcf3148-fcb9-494a-9bcc-ae0ee7f88342,UYJUZNLFJAWNEZ-UHFFFAOYSA-N,UYJUZNLFJAWNEZ,UYJUZNLFJAWNEZ,c1coc(-c2nc3ccccc3[nH]2)c1,False,1,3878-19-1,o1cccc1c2nc3ccccc3[nH]2,"InChI=1/C11H8N2O/c1-2-5-9-8(4-1)12-11(13-9)10-6-3-7-14-10/h1-7H,(H,12,13)",Oral,LD50,,other:,µg/piece,µg/piece,species_based_piece_to_bee,187.2,>,,,censored_or_approximate,48.0,h,48.0,,,,mortality,False,05d7a0af-d659-43e0-ab5a-17353a14198e,doi:10.2903/j.efsa.2008.118r,2008.0,True,True,True,True,True,True,False,0,0,0,True,structure_screen_only,True,True
dcc95936-debd-4f17-b4bd-4e809ec46314,15a1562e-f35e-4d11-a186-11089bad2baf,3969,df9b063e-12ea-4212-8d2a-b2069e63be21,Benalaxyl-M,mono-constituent substance,38076fec-1310-402e-bd83-8a954898d020,CJPQIRJHIZUAQP-MRXNPFEDSA-N,CJPQIRJHIZUAQP,CJPQIRJHIZUAQP,COC(=O)[C@@H](C)N(C(=O)Cc1ccccc1)c1c(C)cccc1C,False,1,98243-83-5,C[C@@H](N(C(=O)Cc1ccccc1)c2c(C)cccc2C)C(=O)OC,"InChI=1S/C20H23NO3/c1-14-9-8-10-15(2)19(14)21(16(3)20(23)24-4)18(22)13-17-11-6-5-7-12-17/h5-12,16H,13H2,1-4H3/t16-/m1/s1",Contact,LD50,,other:,µg/piece,µg/piece,species_based_piece_to_bee,100.0,>,,,censored_or_approximate,48.0,h,48.0,,,,mortality,False,105ffa92-e807-438a-883b-65705a139a8a,doi:10.2903/j.efsa.2013.3148,2013.0,False,True,True,False,False,False,False,0,0,0,True,structure_screen_only,True,True
36454d94-f197-4cbf-b133-90aaffc96994,d9637b4f-f865-4825-a50e-9e76e916952d,3971,08eb088f-b536-4391-a5e7-ed8bd9acb006,Chlorpropham,mono-constituent substance,88eaaed9-dce8-422f-af5d-c29194e2164b,CWJSHJJYOPWUGX-UHFFFAOYSA-N,CWJSHJJYOPWUGX,CWJSHJJYOPWUGX,CC(C)OC(=O)Nc1cccc(Cl)c1,False,1,101-21-3,c1(NC(OC(C)C)=O)cc(ccc1)Cl,"InChI=1S/C10H12ClNO2/c1-7(2)14-10(13)12-9-5-3-4-8(11)6-9/h3-7H,1-2H3,(H,12,13)",Contact,LD50,,other:,µg/piece,µg/piece,species_based_piece_to_bee,96.1,,,,exact,,,,,,,mortality,False,8d4ce816-de35-44ce-a88a-4c015df0d39d,doi:10.2903/j.efsa.2017.4903,2017.0,True,True,True,True,False,True,False,0,0,1,True,structure_screen_only,True,False
47d59397-9743-47d3-9c91-a09b04a30cd4,734df06d-89ba-4b9c-97da-0d29d2399273,3972,ed0e0cc9-41d5-4231-a7f5-9ac6b4dd205c,"Sodium 5-nitroguaiacolate, sodium o-nitrophenolate and sodium p-nitrophenolate formulation (Atonik)",multi-constituent substance,75e3367a-4746-4724-8322-4d7226626e49,,,,,False,0,,,,Contact,LD50,,other:,µg/piece,µg/piece,species_based_piece_to_bee,100.0,>,,,censored_or_approximate,,,,,,,mortality,False,550b701c-9ee8-435d-99b3-202b35988fa6,doi:10.2903/j.efsa.2009.191r,2009.0,False,False,False,False,False,False,False,0,0,0,True,structure_screen_only,False,False
d318660c-a9ec-4b02-a171-87494b7e88ae,f0d12562-926c-489b-a4f4-5981b7f20374,3973|3974,44b92abe-8a3c-43b3-9dd2-1d0dbd473dce,Pydiflumetofen,mono-constituent substance,6e40d984-23b7-40a9-8ea4-a67a16aa95e1,DGOAXBPOVUPPEB-UHFFFAOYSA-N,DGOAXBPOVUPPEB,DGOAXBPOVUPPEB,CON(C(=O)c1cn(C)nc1C(F)F)C(C)Cc1c(Cl)cc(Cl)cc1Cl,False,1,1228284-64-7,CC(CC1=C(C=C(C=C1Cl)Cl)Cl)N(C(=O)C2=CN(N=C2C(F)F)C)OC,"InChI=1S/C16H16Cl3F2N3O2/c1-8(4-10-12(18)5-9(17)6-13(10)19)24(26-3)16(25)11-7-23(2)22-14(11)15(20)21/h5-8,15H,4H2,1-3H3",Oral,LD50,,other:,µg/piece,µg/piece,species_based_piece_to_bee,116.0,>,,,censored_or_approximate,,,,,,,mortality,False,34336a6d-4851-4221-b0e6-e2663561d4a5|a0ce5093-8a7f-4b19-9d75-539ed9f0c57f,"EFSA Journal. 2024,22:e8559, doi:10.2903/j.efsa.2024.8559|doi:10.2903/j.efsa.2019.5821",2019.0|2024.0,True,True,True,True,False,True,False,0,0,0,True,structure_screen_only,True,False
174a85c1-eafa-4e31-a5f3-bd8004b9603f,7520b85c-0de4-43e7-b75d-d0361aedac3c,3975,48387c84-5b5f-4888-959d-3eba448bbfdc,Quizalofop-P-tefuryl,mono-constituent substance,8263dd41-3bff-492c-820c-3ee42dd49f06,BBKDWPHJZANJGB-UHFFFAOYSA-N,BBKDWPHJZANJGB,BBKDWPHJZANJGB,CC(Oc1ccc(Oc2cnc3cc(Cl)ccc3n2)cc1)C(=O)OCC1CCCO1,False,1,119738-06-6,O=C(OCC1OCCC1)C(OC2=CC=C(OC3=NC4=CC=C(Cl)C=C4N=C3)C=C2)C,"InChI=1S/C22H21ClN2O5/c1-14(22(26)28-13-18-3-2-10-27-18)29-16-5-7-17(8-6-16)30-21-12-24-20-11-15(23)4-9-19(20)25-21/h4-9,11-12,14,18H,2-3,10,13H2,1H3",Contact,LD50,,other:,µg/piece,µg/piece,species_based_piece_to_bee,100.0,>,,,censored_or_approximate,,,,,,,mortality,False,99a4abe3-97e4-4e9a-9f33-9139b5bda41b,doi:10.2903/j.efsa.2009.205r,2009.0,True,True,True,True,True,True,False,0,0,0,True,structure_screen_only,True,False
e26dcf2d-26cd-47bd-8fcb-ee0e9360f956,f28c373a-b0ef-425b-8f0e-c6d81f15deee,3976,b8ae35c2-0a1a-452f-8e25-79a1db637552,Ethametsulfuron-Methyl,mono-constituent substance,2c31e69f-43e6-4d9c-ab4f-8bd4ac4b33d2,ZINJLDJMHCUBIP-UHFFFAOYSA-N,ZINJLDJMHCUBIP,ZINJLDJMHCUBIP,CCOc1nc(NC)nc(NC(=O)NS(=O)(=O)c2ccccc2C(=O)OC)n1,False,1,97780-06-8,CCOC1=NC(=NC(=N1)NC)NC(=O)NS(=O)(=O)C2=CC=CC=C2C(=O)OC,"InChI=1S/C15H18N6O6S/c1-4-27-15-19-12(16-2)17-13(20-15)18-14(23)21-28(24,25)10-8-6-5-7-9(10)11(22)26-3/h5-8H,4H2,1-3H3,(H3,16,17,18,19,20,21,23)",Contact,LD50,,other:,µg/piece,µg/piece,species_based_piece_to_bee,4.62,,,,exact,72.0,h,72.0,,,,mortality,False,b084ae02-5b0f-4ba0-be3a-74a8319eb6f0,"EFSA Journal 2014,12(1):3508, doi:10.2903/j.efsa.2014.3508",2014.0,True,True,True,True,True,True,False,0,1,1,True,structure_screen_only,True,False
69c65be0-6c53-4778-ad17-607c6d16a2b4,07eaf7c0-90a1-4a7e-aedc-ef795deb5b28,3977|3978,dcf6cefc-0999-47ea-a3a2-326d4c8370a7,Trinexapac-Ethyl,mono-constituent substance,98b9e051-2ed8-4a1d-84c7-eccfc8e8b531,RVKCCVTVZORVGD-UHFFFAOYSA-N,RVKCCVTVZORVGD,RVKCCVTVZORVGD,CCOC(=O)C1CC(=O)C(=C(O)C2CC2)C(=O)C1,False,1,95266-40-3,CCOC(=O)C1CC(=O)C(=C(C2CC2)O)C(=O)C1,"InChI=1S/C13H16O5/c1-2-18-13(17)8-5-9(14)11(10(15)6-8)12(16)7-3-4-7/h7-8,16H,2-6H2,1H3",Contact,LD50,,µg/bee,,µg/bee,direct_ug_bee,100.0,>,,,censored_or_approximate,,,,,,,mortality,False,51a94c22-175c-4440-8c49-79d4107d8f74|baf69ebe-1a1c-4820-bd7e-e6f617f6dc7d,"EFSA Journal 2018,16(3):5229, doi:10.2903/j.efsa.2018.5229|EFSA Journal 2023,21(6):8082, doi:10.2903/j.efsa.2023.8082",2018.0|2023.0,True,True,True,True,False,True,False,0,0,0,True,structure_screen_only,True,False
a14320d7-9b95-4c89-91d3-2cbf0457b1d1,b224a978-0c26-4a73-afd0-710c233f187d,3979,127efc81-044d-4c99-9879-11ccdab6a82e,Lambda-Cyhalothrin,mono-constituent substance,ff1175ab-26c0-44ad-8338-a78ef648b2f5,ZXQYGBMAQZUVMI-GCMPRSNUSA-N,ZXQYGBMAQZUVMI,ZXQYGBMAQZUVMI,CC1(C)[C@H](C(=O)O[C@H](C#N)c2cccc(Oc3ccccc3)c2)[C@@H]1/C=C(\Cl)C(F)(F)F,True,1,91465-08-6,C1([C@H]([C@H]1C(O[C@@H](c1cc(Oc2ccccc2)ccc1)C#N)=O)\C=C(\C(F)(F)F)Cl)(C)C,"InChI=1S/2C23H19ClF3NO3/c2*1-22(2)17(12-19(24)23(25,26)27)20(22)21(29)31-18(13-28)14-7-6-10-16(11-14)30-15-8-4-3-5-9-15/h2*3-12,17-18,20H,1-2H3/b2*19-12-/t2*17-,18+,20-/m10/s1",Oral,LD50,,other:,µg/piece,µg/piece,species_based_piece_to_bee,0.91,,,,exact,,,,,,,mortality,False,91dc1983-0f27-4bc3-b4f9-3f665709aae9,"EFSA Journal 2014,12(5):3677, doi:10.2903/j.efsa.2014.3677",2014.0,False,True,True,False,False,False,False,1,1,1,True,structure_screen_only,False,False
0446cc26-c4a8-4266-9434-bd72019803a3,6d4cacf1-f26d-4361-938a-6dc866d17719,3980,d9c10f72-1e93-44d3-9c5c-30fde26cf2e1,Benalaxyl,mono-constituent substance,daabad54-7d96-45f5-bb6f-ce052a0e0d58,CJPQIRJHIZUAQP-UHFFFAOYSA-N,CJPQIRJHIZUAQP,CJPQIRJHIZUAQP,COC(=O)C(C)N(C(=O)Cc1ccccc1)c1c(C)cccc1C,False,1,71626-11-4,CC1=C(C(=CC=C1)C)N(C(C)C(=O)OC)C(=O)CC2=CC=CC=C2,"InChI=1S/C20H23NO3/c1-14-9-8-10-15(2)19(14)21(16(3)20(23)24-4)18(22)13-17-11-6-5-7-12-17/h5-12,16H,13H2,1-4H3",Oral,LD50,,other:,µg/piece,µg/piece,species_based_piece_to_bee,22.6,>,,,censored_or_approximate,,,,,,,mortality,False,5a1c325f-22a6-41bf-a3df-64caf9fbae13,doi:10.2903/j.efsa.2020.5985,2020.0,True,True,True,True,True,True,False,0,0,-1,True,structure_screen_only,True,False
e6407eb5-6352-4d0d-85e8-a64f52246c26,d736cdb1-3087-4f9b-93b3-ed9c388f8322,3981,50248eb2-af33-4f9d-a453-354245f3551a,Ferric phosphate,mono-constituent substance,22491f3a-0bc7-43cb-b87e-18e3f1177d5e,WBJZTOZJJYAKHQ-UHFFFAOYSA-K,WBJZTOZJJYAKHQ,NBIIXXVUZAFLBC,O=P([O-])([O-])[O-].[Fe+3],False,2,10045-86-0,[Fe+3].[O-]P([O-])([O-])=O,"InChI=1S/Fe.H3O4P/c;1-5(2,3)4/h;(H3,1,2,3,4)/q+3;/p-3",Oral,LD50,,other:,µg/piece,µg/piece,species_based_piece_to_bee,109.9,>,,,censored_or_approximate,,,,,,,mortality,False,ab8eb42c-5c87-4ef6-9488-fb331b883418,doi:10.2903/j.efsa.2015.3973,2015.0,True,True,True,True,True,True,False,0,0,0,True,structure_screen_only,True,False
b9f3d3d8-2ebe-406f-93de-87be273ecfdf,ebbfa908-dbe0-40a4-8f39-077ba5447841,3982,c4cf1153-630b-41d3-bcef-31774b0657db,Flurtamone,mono-constituent substance,7eb025aa-ac13-4f5b-9b97-fbc2f89b7640,NYRMIJKDBAQCHC-UHFFFAOYSA-N,NYRMIJKDBAQCHC,NYRMIJKDBAQCHC,CNC1=C(c2cccc(C(F)(F)F)c2)C(=O)C(c2ccccc2)O1,False,1,96525-23-4,C3=C(C1=C(OC(C1=O)C2=CC=CC=C2)NC)C=CC=C3C(F)(F)F,"InChI=1S/C18H14F3NO2/c1-22-17-14(12-8-5-9-13(10-12)18(19,20)21)15(23)16(24-17)11-6-3-2-4-7-11/h2-10,16,22H,1H3",Oral,LD50,,other:,µg/piece,µg/piece,species_based_piece_to_bee,105.1,>,,,censored_or_approximate,,,,,,,mortality,False,f847ef03-4132-4f82-9069-a1f57e2afccb,doi:10.2903/j.efsa.2017.4976,2017.0,True,True,True,True,True,True,False,0,0,0,True,structure_screen_only,True,False
f2b72dfd-6ed0-4018-b3fb-d13bd32a5153,a090d70c-6ee4-4b48-b371-2bbe67f4ccc4,3983,387c5200-ff8d-4c2f-8d09-e811bcfe1ea1,Fipronil,mono-constituent substance,f9b90c3e-c486-48e7-acbe-361ab0b9fb2e,ZOCSXAVNDGMNBV-UHFFFAOYSA-N,ZOCSXAVNDGMNBV,ZOCSXAVNDGMNBV,N#Cc1nn(-c2c(Cl)cc(C(F)(F)F)cc2Cl)c(N)c1S(=O)C(F)(F)F,False,1,120068-37-3,C1=C(C=C(C(=C1Cl)N2C(=C(C(=N2)C#N)S(=O)C(F)(F)F)N)Cl)C(F)(F)F,"InChI=1S/C12H4Cl2F6N4OS/c13-5-1-4(11(15,16)17)2-6(14)8(5)24-10(22)9(7(3-21)23-24)26(25)12(18,19)20/h1-2H,22H2",Contact,LD50,,other:,µg/piece,µg/piece,species_based_piece_to_bee,0.00593,,,,exact,,,,,,,mortality,False,7fbbda31-e332-44f8-975a-e9ad6751ff8c,doi:10.2903/j.efsa.2006.65r,2006.0,True,True,True,True,False,True,False,1,1,1,True,structure_screen_only,True,False
e02dd2df-1adf-48d8-a132-faf0633c6812,b4930e6c-02a5-419f-ba7e-86215aaff1ee,3984,2f0b6cdf-113b-4f27-b1f7-c28927ac46ff,Cyprodinil,mono-constituent substance,5a640519-9ab9-4676-91e6-b8d7bb5e705d,HAORKNGNJCEJBX-UHFFFAOYSA-N,HAORKNGNJCEJBX,HAORKNGNJCEJBX,Cc1cc(C2CC2)nc(Nc2ccccc2)n1,False,1,121552-61-2,CC1=NC(NC3=CC=CC=C3)=NC(C2CC2)=C1,"InChI=1S/C14H15N3/c1-10-9-13(11-7-8-11)17-14(15-10)16-12-5-3-2-4-6-12/h2-6,9,11H,7-8H2,1H3,(H,15,16,17)",Oral,LD50,,other:,µg/piece,µg/piece,species_based_piece_to_bee,112.5,>,,,censored_or_approximate,,,,UNIX 75 WG,,,mortality,True,b7d3c12f-dc93-42fb-800e-53ed090f0bab,doi:10.2903/j.efsa.2006.51r,2006.0,True,True,True,True,True,True,False,0,0,0,True,structure_screen_only,True,False
0c72e35d-48a8-43c1-936f-dd353cb6d7e2,c441c117-29d3-46fa-8f00-fc57831aa1c4,3987,53cd9afb-8023-4d31-98fc-b34ff732f242,Chlorothalonil,mono-constituent substance,38bc71d2-0ae7-43ed-a625-480b5042ad46,CRQQGFGUEAVUIL-UHFFFAOYSA-N,CRQQGFGUEAVUIL,CRQQGFGUEAVUIL,N#Cc1c(Cl)c(Cl)c(Cl)c(C#N)c1Cl,False,1,1897-45-6,Clc1c(Cl)c(C#N)c(Cl)c(C#N)c1Cl,InChI=1/C8Cl4N2/c9-5-3(1-13)6(10)8(12)7(11)4(5)2-14,Oral,LD50,,other:,µg/piece,µg/piece,species_based_piece_to_bee,40.0,>,,,censored_or_approximate,,,,,,,mortality,False,cdd2ad0c-4047-408c-8ba2-2cabc2c3345a,doi:10.2903/j.efsa.2018.5126,2018.0,True,True,True,True,False,True,False,0,0,-1,True,structure_screen_only,True,False
fb4985fa-29ad-4ac1-81b9-b554548fa645,3f57c9a5-3ced-48d8-a69c-72490479f913,3988,31cdba5b-cbc1-4b64-8215-d20db7094d83,Chromafenozide,mono-constituent substance,5aeaf850-dec8-445e-a4e9-83f9fa5c1451,HPNSNYBUADCFDR-UHFFFAOYSA-N,HPNSNYBUADCFDR,HPNSNYBUADCFDR,Cc1cc(C)cc(C(=O)N(NC(=O)c2ccc3c(c2C)CCCO3)C(C)(C)C)c1,False,1,143807-66-3,CC1=CC(=CC(=C1)C(=O)N(C(C)(C)C)NC(=O)C2=C(C3=C(C=C2)OCCC3)C)C,"InChI=1S/C24H30N2O3/c1-15-12-16(2)14-18(13-15)23(28)26(24(4,5)6)25-22(27)20-9-10-21-19(17(20)3)8-7-11-29-21/h9-10,12-14H,7-8,11H2,1-6H3,(H,25,27)",Contact,LD50,,other:,µg/piece,µg/piece,species_based_piece_to_bee,100.0,>,,,censored_or_approximate,48.0,h,48.0,,,,mortality,False,7ba3c03b-4307-4e16-8844-d3c54c3ab7c9,doi:10.2903/j.efsa.2013.3461,2013.0,True,True,True,True,True,True,False,0,0,0,True,structure_screen_only,True,True
9613bc91-8bdd-4675-af2e-fb8645e48ffd,b958f0e2-0385-4c77-9192-48859f2cf2c4,3989,20c90579-fee7-4174-931d-905786d91abc,Flurochloridone,multi-constituent substance,3a5f0a1e-bc8c-47c1-b3fb-f7f1baab9548,UTBJLKDVQNCKAS-UHFFFAOYSA-N,UTBJLKDVQNCKAS,UTBJLKDVQNCKAS,Cn1cc(C(N)=O)c(C(F)(F)F)n1,True,1,61213-25-0,CN1C=C(C(=N1)C(F)(F)F)C(=O)N,"InChI=1S/C12H10Cl2F3NO/c13-5-7-6-18(11(19)10(7)14)9-3-1-2-8(4-9)12(15,16)17/h1-4,7,10H,5-6H2",Oral,LD50,,other:,µg/piece,µg/piece,species_based_piece_to_bee,100.0,,,,exact,48.0,h,48.0,,,,mortality,False,397ed114-4203-46f8-85eb-1de1225f9da2,"EFSA Journal 2010,8(12):1869, doi:10.2903/j.efsa.2010.1869",2010.0,False,False,False,True,True,True,False,0,0,1,True,structure_screen_only,False,False
91eaa806-f70e-4999-8f63-75545af0fed0,5547a2ba-02f9-4c51-9771-a334ac2e5c64,3990,4a0d0fe3-c7d6-42bd-9398-52f94d86e2eb,Daminozide,mono-constituent substance,1995e6cb-afaa-4b2b-b8f3-799e1623c8c7,NOQGZXFMHARMLW-UHFFFAOYSA-N,NOQGZXFMHARMLW,NOQGZXFMHARMLW,CN(C)NC(=O)CCC(=O)O,False,1,1596-84-5,CN(C)NC(=O)CCC(=O)O,"InChI=1S/C6H12N2O3/c1-8(2)7-5(9)3-4-6(10)11/h3-4H2,1-2H3,(H,7,9)(H,10,11)",Oral,LD50,,µg/bee,,µg/bee,direct_ug_bee,1003.3,>,,,censored_or_approximate,,,,Alar 85 SG,act. ingr.,,mortality,True,6caa4d13-0038-4b8a-b24d-96c05eb46a1c,EFSA Journal. 2025;23:e9210; doi:10.2903/j.efsa.2025.9210,2025.0,True,True,True,True,True,True,False,0,0,0,True,structure_screen_only,True,False
d9bc5b50-c567-410c-8bdb-4bdf5cc086bc,bd98d135-37ce-40fd-b51f-d12281bdc017,3991,58c573a0-df2d-49fd-94ec-a4c32271fc96,Ametoctradin,mono-constituent substance,ee12daed-d708-4336-973a-48cc88923f2a,GGKQIOFASHYUJZ-UHFFFAOYSA-N,GGKQIOFASHYUJZ,GGKQIOFASHYUJZ,CCCCCCCCc1c(CC)nc2ncnn2c1N,False,1,865318-97-4,n1c(c(c(n2ncnc12)N)CCCCCCCC)CC,"InChI=1S/C15H25N5/c1-3-5-6-7-8-9-10-12-13(4-2)19-15-17-11-18-20(15)14(12)16/h11H,3-10,16H2,1-2H3",Oral,LD50,,other:,µg/piece,µg/piece,species_based_piece_to_bee,111.5,>,,,censored_or_approximate,,,,,,,mortality,False,fcc2ee54-ba91-4129-a5ea-4cb65f196db4,"EFSA Journal 2012,10(11):2921, doi:10.2903/j.efsa.2012.2921",2012.0,True,True,True,True,True,True,False,0,0,0,True,structure_screen_only,True,False
0a829fa7-4829-44cf-bbea-9c0ed109411f,1aecd4cc-a59e-4ad6-ac5e-7dc3c7fdb85f,3993,40bef233-ff76-42ba-913e-abf75638a716,Isoflucypram,mono-constituent substance,5c42c48c-6f23-40a3-9531-7720a07801bf,JEFUQUGZXLEHLD-UHFFFAOYSA-N,JEFUQUGZXLEHLD,JEFUQUGZXLEHLD,CC(C)c1ccc(Cl)cc1CN(C(=O)c1c(C(F)F)nn(C)c1F)C1CC1,False,1,1255734-28-1,,"InChI=1S/C19H21ClF3N3O/c1-10(2)14-7-4-12(20)8-11(14)9-26(13-5-6-13)19(27)15-16(17(21)22)24-25(3)18(15)23/h4,7-8,10,13,17H,5-6,9H2,1-3H3",Oral,LD50,,other:,µg/piece,µg/piece,species_based_piece_to_bee,106.3,,,,exact,,,,,,,mortality,False,025d935c-ff4e-49e7-bb02-8721e28f51fb,doi:10.2903/j.efsa.2022.7328,2022.0,True,True,True,True,True,True,False,0,0,0,True,structure_screen_only,True,False
e9435632-fe01-43a2-bf3c-d8c4ea5adc41,47b2f52f-eaa6-496f-933d-060c7ede738a,3994|3995,4c33f8e7-c9f4-4f77-8591-0baf4febfddd,Dichlorprop-p,mono-constituent substance,d74149fb-8ecf-4a9a-950c-117f70177adc,MZHCENGPTKEIGP-RXMQYKEDSA-N,MZHCENGPTKEIGP,MZHCENGPTKEIGP,C[C@@H](Oc1ccc(Cl)cc1Cl)C(=O)O,False,1,15165-67-0,Clc1cc(Cl)ccc1O[C@H](C)C(=O)O,"InChI=1S/C9H8Cl2O3/c1-5(9(12)13)14-8-3-2-6(10)4-7(8)11/h2-5H,1H3,(H,12,13)/t5-/m1/s1",Oral,LD50,,other:,µg/piece,µg/piece,species_based_piece_to_bee,200.0,>,,,censored_or_approximate,48.0,h,48.0,,,,mortality,False,c7d1681e-b117-4c9c-a919-39971178fd28|e469552f-3c2c-4327-8373-b831aa8e55a5,DOI:10.2903/j.efsa.2024.8658|doi:10.2903/j.efsa.2006.52r,2006.0|2024.0,False,True,True,False,False,False,False,0,0,0,True,structure_screen_only,True,True
297488c8-74a4-4ffc-8bf6-b7cda98fc851,2d1ce9ac-d27a-472f-9727-db03aea7d5ee,3996,a4135876-f27e-444c-aeff-3a6316f6b4a4,Benthiavalicarb isopropyl,mono-constituent substance,473f3794-b3e5-4ead-a162-661507756b00,USRKFGIXLGKMKU-ABAIWWIYSA-N,USRKFGIXLGKMKU,USRKFGIXLGKMKU,CC(C)OC(=O)N[C@H](C(=O)N[C@H](C)c1nc2ccc(F)cc2s1)C(C)C,False,1,177406-68-7,CC(C)[C@H](NC(=O)OC(C)C)C(=O)N[C@H](C)c1nc2ccc(F)cc2s1,"InChI=1S/C18H24FN3O3S/c1-9(2)15(22-18(24)25-10(3)4)16(23)20-11(5)17-21-13-7-6-12(19)8-14(13)26-17/h6-11,15H,1-5H3,(H,20,23)(H,22,24)/t11-,15+/m1/s1",Contact,LD50,,other:,µg/piece,µg/piece,species_based_piece_to_bee,100.0,>,,,censored_or_approximate,,,,,,,mortality,False,8a144198-5691-4244-b18c-66bc0f0a6484,doi:10.2903/j.efsa.2021.6833,2021.0,False,True,True,True,True,True,False,0,0,0,True,structure_screen_only,True,False
0e97b8cb-aa15-4991-9ce2-3628af87f082,a3293602-6c94-4d60-83eb-bc710742f130,3997,4b1a625d-cef3-4aa5-bc5b-aa46a1000349,Methoxyfenozide,mono-constituent substance,1912db99-887f-446d-9907-f27aca8c7792,QCAWEPFNJXQPAN-UHFFFAOYSA-N,QCAWEPFNJXQPAN,QCAWEPFNJXQPAN,COc1cccc(C(=O)NN(C(=O)c2cc(C)cc(C)c2)C(C)(C)C)c1C,False,1,161050-58-4,CC1=CC(=CC(=C1)C(=O)N(C(C)(C)C)NC(=O)C2=C(C(=CC=C2)OC)C)C,"InChI=1S/C22H28N2O3/c1-14-11-15(2)13-17(12-14)21(26)24(22(4,5)6)23-20(25)18-9-8-10-19(27-7)16(18)3/h8-13H,1-7H3,(H,23,25)",Oral,LD50,,other:,µg/piece,µg/piece,species_based_piece_to_bee,2000.0,>,,,censored_or_approximate,72.0,h,72.0,,,,mortality,False,ec4e56ac-9366-47d0-b333-9bfda0f1ad3b,doi:10.2903/j.efsa.2017.4978,2017.0,True,True,True,True,True,True,False,0,0,0,True,structure_screen_only,True,False
943eb05c-3c92-419c-bd24-003fd97c12b1,dc481e76-bd98-4159-8edb-8f3d41d5a1a5,3999,06a86cfe-1119-4a64-a21a-37afc378a8e5,Fenamiphos,mono-constituent substance,b87c87db-8ead-4c5e-a1db-08d7d03188ae,ZCJPOPBZHLUFHF-UHFFFAOYSA-N,ZCJPOPBZHLUFHF,ZCJPOPBZHLUFHF,CCOP(=O)(NC(C)C)Oc1ccc(SC)c(C)c1,False,1,22224-92-6,Cc1cc(ccc1SC)OP(=O)(NC(C)C)OCC,"InChI=1S/C13H22NO3PS/c1-6-16-18(15,14-10(2)3)17-12-7-8-13(19-5)11(4)9-12/h7-10H,6H2,1-5H3,(H,14,15)",Oral,LD50,,other:,µg/piece,µg/piece,species_based_piece_to_bee,0.45,,,,exact,,,,,,,mortality,False,9999b9bb-3e86-4026-85e5-f925ee08cf2e,doi:10.2903/j.efsa.2006.62r,2006.0,True,True,True,True,False,True,False,1,1,1,True,structure_screen_only,True,False
cccd4cd9-c43a-4204-8119-dc7c8d1c551e,f1d049e8-91d1-41f7-80e6-fe96a3dfe88b,4002,62a36090-8e15-4d85-9ed2-b1e23af400c3,Sodium p-nitrophenolate,mono-constituent substance,b61d3547-67d6-4f41-9e23-aff28df96885,CURNJKLCYZZBNJ-UHFFFAOYSA-M,CURNJKLCYZZBNJ,BTJIUGUIPKRLHP,O=[N+]([O-])c1ccc([O-])cc1.[Na+],False,2,824-78-2,C1=CC(=CC=C1[N+](=O)[O-])[O-].[Na+],"InChI=1S/C6H5NO3.Na/c8-6-3-1-5(2-4-6)7(9)10;/h1-4,8H;/q;+1/p-1",Contact,LD50,,other:,µg/piece,µg/piece,species_based_piece_to_bee,111.0,,,,exact,,,,,,,mortality,False,550b701c-9ee8-435d-99b3-202b35988fa6,doi:10.2903/j.efsa.2009.191r,2009.0,True,True,True,True,True,True,False,0,0,0,True,structure_screen_only,True,False
b300d590-7eb2-481b-896e-ce3b0a4ce80b,e9693dd2-de03-408d-8dad-676df325856d,4006|4007,9360cc08-4989-46f8-9444-84d5a28eaec0,Mepiquat chloride,mono-constituent substance,628701eb-d946-46ae-8cb2-cefa9f727a43,VHOVSQVSAAQANU-UHFFFAOYSA-M,VHOVSQVSAAQANU,NNCAWEWCFVZOGF,C[N+]1(C)CCCCC1.[Cl-],False,2,24307-26-4,C[N+]1(CCCCC1)C.[Cl-],"InChI=1S/C7H16N.ClH/c1-8(2)6-4-3-5-7-8;/h3-7H2,1-2H3;1H/q+1;/p-1",Oral,LD50,,other:,µg/piece,µg/piece,species_based_piece_to_bee,107.4,>,,,censored_or_approximate,,,,,,,mortality,False,671fa278-7ead-4b87-893f-589ee5358bca|6d243b81-9d8f-4e37-9abe-e5e43d95cd37,"EFSA Journal. 2024,22:e8923, doi:10.2903/j.efsa.2024.8923|doi:10.2903/j.efsa.2008.146r",2008.0|2024.0,True,True,True,True,True,True,False,0,0,0,True,structure_screen_only,True,False
ac4b5129-a91a-484e-b8b5-f1c4735b44a4,fda47dd7-3a99-4df7-81aa-dac5b634bbd3,4009,23c51a5e-7a64-48ef-964c-641475fbf5ed,Clethodim,mono-constituent substance,ee846494-ed72-4d12-a58a-a7cf92ffea56,SILSDTWXNBZOGF-KUZBFYBWSA-N,SILSDTWXNBZOGF,SILSDTWXNBZOGF,CCSC(C)CC1CC(=O)C(/C(CC)=N/OC/C=C/Cl)=C(O)C1,False,1,99129-21-2,CC/C(=N\OC\C=C\Cl)C1=C(O)CC(CC(C)SCC)CC1=O,"InChI=1S/C17H26ClNO3S/c1-4-14(19-22-8-6-7-18)17-15(20)10-13(11-16(17)21)9-12(3)23-5-2/h6-7,12-13,20H,4-5,8-11H2,1-3H3/b7-6+,19-14+",Oral,LD50,,other:,µg/piece,µg/piece,species_based_piece_to_bee,43.0,>,,,censored_or_approximate,48.0,h,48.0,Clethodim (formulation) - Select 240 EC,,,mortality,True,22033f51-7743-4f43-8016-5e16f4738a06,"EFSA Journal 2011,9(10):2417, doi:10.2903/j.efsa.2011.2417",2011.0,False,False,False,True,True,True,False,0,0,-1,True,structure_screen_only,True,False
87ee2c13-a352-40ca-83cd-1624b6e69297,8cf7c74c-b3c9-4844-8169-ce9c1fbcc982,4011,62d34108-e968-4ce2-a9c1-280718f51d6b,Clothianidin,mono-constituent substance,55f031dd-ea53-44b7-8b54-669da3423d1b,PGOOBECODWQEAB-UHFFFAOYSA-N,PGOOBECODWQEAB,PGOOBECODWQEAB,CNC(=N[N+](=O)[O-])NCc1cnc(Cl)s1,False,1,210880-92-5,CNC(NCc1cnc(Cl)s1)=N[N+]([O-])=O,"InChI=1S/C6H8ClN5O2S/c1-8-6(11-12(13)14)10-3-4-2-9-5(7)15-4/h2H,3H2,1H3,(H2,8,10,11)",Contact,LD50,,other:,µg/piece,µg/piece,species_based_piece_to_bee,0.0275,,,,exact,48.0,h,48.0,,,,mortality,False,cdd573cf-9191-465c-884d-87fe2e427d5c,doi:10.2903/j.efsa.2015.4210,2015.0,True,True,True,True,True,True,False,1,1,1,True,structure_screen_only,True,True
d42a24e3-7968-44d5-9b6d-231cab34cbf9,6899a1c6-72d1-4973-8b6e-dd839202af69,4012,f59ef534-85ce-4110-be59-429b96408d30,Picoxystrobin,mono-constituent substance,ee9add0f-5298-4024-8a3b-322bcff5b9b8,IBSNKSODLGJUMQ-SDNWHVSQSA-N,IBSNKSODLGJUMQ,IBSNKSODLGJUMQ,CO/C=C(/C(=O)OC)c1ccccc1COc1cccc(C(F)(F)F)n1,False,1,117428-22-5,O=C(/C(C1=C(COC2=NC(C(F)(F)F)=CC=C2)C=CC=C1)=C/OC)OC,"InChI=1S/C18H16F3NO4/c1-24-11-14(17(23)25-2)13-7-4-3-6-12(13)10-26-16-9-5-8-15(22-16)18(19,20)21/h3-9,11H,10H2,1-2H3/b14-11+",Contact,LD50,,other:,µg/piece,µg/piece,species_based_piece_to_bee,200.0,>,,,censored_or_approximate,,,,Picoxystrobin formulation: Picoxystrobin 250 g/L SC,,,mortality,True,45903607-8622-41bd-8659-737512b5ba4d,doi:10.2903/j.efsa.2016.4515,2016.0,False,True,True,True,False,True,False,0,0,0,True,structure_screen_only,True,False
19193d84-dc65-4113-aac2-fb622f91f6ff,7d43df0e-3732-46ff-8575-72e43ecdd441,4016,5fd43849-a5c9-4bc2-9ac8-d216b0770b1a,Potassium iodide,mono-constituent substance,2515afa7-4812-4001-b3d1-124c98495663,NLKNQRATVPKPDG-UHFFFAOYSA-M,NLKNQRATVPKPDG,XMBWDFGMSWQBCA,[I-].[K+],False,2,7681-11-0,[K+].[I-],InChI=1S/HI.K/h1H;/q;+1/p-1,Contact,LD50,,other:,µg/piece,µg/piece,species_based_piece_to_bee,0.78,>,,,censored_or_approximate,,,,,,,mortality,False,6080109c-a9d4-4a52-ad49-dd7b5e9cedfe,doi:10.2903/j.efsa.2013.2923,2013.0,True,True,True,True,True,True,False,-1,-1,-1,True,structure_screen_only,True,False
a72f08ed-a4de-4d48-8948-22058e5c4aaa,223910fb-ff94-4cb9-8fb9-d390018a2d7d,4017,c76d3f6b-60d6-4da9-8513-1a858c3f897f,Propanil,mono-constituent substance,8e9c226c-3a5b-4fb3-88ef-73f69361b5f3,LFULEKSKNZEWOE-UHFFFAOYSA-N,LFULEKSKNZEWOE,LFULEKSKNZEWOE,CCC(=O)Nc1ccc(Cl)c(Cl)c1,False,1,709-98-8,CCC(=O)Nc1ccc(Cl)c(Cl)c1,"InChI=1S/C9H9Cl2NO/c1-2-9(13)12-6-3-4-7(10)8(11)5-6/h3-5H,2H2,1H3,(H,12,13)",Oral,LD50,,other:,µg/piece,µg/piece,species_based_piece_to_bee,100.0,>,,,censored_or_approximate,48.0,h,48.0,,,,mortality,False,7c73a586-fb9e-4d1a-8fcc-369f433c461b,"EFSA Journal 2018,16(12):5418, doi:10.2903/j.efsa.2018.5418",2018.0,True,True,True,True,False,True,False,0,0,0,True,structure_screen_only,True,True
5a05b87f-76f3-49e7-a8e0-11b1733a4c4b,0ce37d57-1768-434c-9b49-ad51d8c17d5d,4018,1fd4da2a-00e6-45c5-a73a-b32ace3ed91d,Aqueous extract from the germinated seeds of sweet Lupinus albus,multi-constituent substance,f61df749-22ec-47bb-8d99-d9ceb47d7180,,,,,False,0,,,,Contact,LD50,,other:,µg/piece,µg/piece,species_based_piece_to_bee,100.0,>,,,censored_or_approximate,,,,,,,mortality,False,ea217f4a-8d36-4ba3-919a-5af3e4654b30,doi:10.2903/j.efsa.2020.6190,2020.0,False,False,False,False,False,False,False,0,0,0,True,structure_screen_only,False,False
b30c1490-480a-4c08-affe-1c6f58209616,f9d39475-2f00-4600-b9ac-bd5941313862,4019,189d6bc4-f24b-42f6-94bb-bf02aef51d70,1-methylcyclopropene,mono-constituent substance,07640ec2-1347-4cbe-89d9-3a4777f376b5,SHDPRTQPPWIEJG-UHFFFAOYSA-N,SHDPRTQPPWIEJG,SHDPRTQPPWIEJG,CC1=CC1,False,1,3100-04-7,CC1=CC1,"InChI=1S/C4H6/c1-4-2-3-4/h2H,3H2,1H3",Contact,LD50,,µg/bee,,µg/bee,direct_ug_bee,2.0,>,,,censored_or_approximate,,,,AF-701,act. ingr.,,mortality,True,a2d7652d-b5c8-423a-935b-936d1212b8d4,"EFSA Journal. 2024,22:e8977, doi:10.2903/j.efsa.2024.8977",2024.0,True,True,True,True,True,True,False,0,-1,-1,True,structure_screen_only,True,False
8180e083-6148-4f8a-8a9a-233edba635f9,d7a78aa0-d005-4e61-841d-999effc5a114,4021,30e931a5-b31f-4dab-a919-dbf211924075,Fenazaquin,mono-constituent substance,46064248-97bb-47ff-b132-d1963e7a2bf3,DMYHGDXADUDKCQ-UHFFFAOYSA-N,DMYHGDXADUDKCQ,DMYHGDXADUDKCQ,CC(C)(C)c1ccc(CCOc2ncnc3ccccc23)cc1,False,1,120928-09-8,CC(C)(C)C3=CC=C(C=C3)CCOC1=NC=NC2=C1C=CC=C2,"InChI=1S/C20H22N2O/c1-20(2,3)16-10-8-15(9-11-16)12-13-23-19-17-6-4-5-7-18(17)21-14-22-19/h4-11,14H,12-13H2,1-3H3",Contact,LD50,,other:,µg/piece,µg/piece,species_based_piece_to_bee,1.21,,,,exact,48.0,h,48.0,,,,mortality,False,7afd1882-9405-475f-bc9d-45287fb5b96b,doi:10.2903/j.efsa.2013.3166,2013.0,True,True,True,True,False,True,False,0,1,1,True,structure_screen_only,True,True
f3e520c7-e17d-4f15-8631-caf74eeba650,9e766df4-c847-47b3-a79f-15ffb0afd74a,4022,09aed732-36db-460d-ace4-dd69dc70a7c2,Florasulam,mono-constituent substance,57217b24-c1f0-47c9-8863-165f6d29f2e2,QZXATCCPQKOEIH-UHFFFAOYSA-N,QZXATCCPQKOEIH,QZXATCCPQKOEIH,COc1ncc(F)c2nc(S(=O)(=O)Nc3c(F)cccc3F)nn12,False,1,145701-23-1,COC1=NC=C(C2=NC(=NN21)S(=O)(=O)NC3=C(C=CC=C3F)F)F,"InChI=1S/C12H8F3N5O3S/c1-23-12-16-5-8(15)10-17-11(18-20(10)12)24(21,22)19-9-6(13)3-2-4-7(9)14/h2-5,19H,1H3",Oral,LD50,,other:,µg/piece,µg/piece,species_based_piece_to_bee,100.0,>,,,censored_or_approximate,48.0,h,48.0,,,,mortality,False,e19f544e-208f-43cc-9c0e-b0a0e92ff68d,doi:10.2903/j.efsa.2015.3984,2015.0,True,True,True,True,True,True,False,0,0,0,True,structure_screen_only,True,True
7fbecff3-926a-4460-babc-ae983a24f577,b60f4e4f-16ba-4619-b72b-75e084c50e79,4024,55ca8fff-c9a0-4965-8f91-3257b0e99df8,Quartz sand,mono-constituent substance,faa8cc9a-65db-41da-b4c1-63501959c4f3,,,,,False,0,,,,Contact,LD50,,µg/bee,,µg/bee,direct_ug_bee,2000.0,>,,,censored_or_approximate,24.0,h,24.0,Preparation Morsuvin,test mat.,,mortality,True,6da83495-ac36-4f97-bd88-cdeb2da75a5a,"EFSA Journal 2022,20(9):e07552, doi:10.2903/j.efsa.2022.7552",2022.0,False,False,False,False,False,False,False,0,0,0,True,structure_screen_only,False,False
83c2d372-8316-46ce-be53-c7898571302a,45a6d312-f4c9-4424-9390-fdf1ea951ed5,4028,b201b253-e073-4c3c-a600-d2d7d7262ee3,Pymetrozine,mono-constituent substance,b9874c33-e123-4875-9e3e-c01f5e3cdd82,QHMTXANCGGJZRX-UHFFFAOYSA-N,QHMTXANCGGJZRX,QHMTXANCGGJZRX,CC1=NNC(=O)N(N=Cc2cccnc2)C1,True,1,123312-89-0,CC1=NNC(=O)N(C1)N=CC2=CN=CC=C2,"InChI=1S/C10H11N5O/c1-8-7-15(10(16)14-13-8)12-6-9-3-2-4-11-5-9/h2-6H,7H2,1H3,(H,14,16)/b12-6+",Contact,LD50,,other:,µg/piece,µg/piece,species_based_piece_to_bee,100.0,>,,,censored_or_approximate,,,,,,,mortality,False,b5cfc5dc-bed8-4e98-a2c6-92bb17d8ae6c,"EFSA Journal 2014,12(9):3817, doi:10.2903/j.efsa.2014.3817",2014.0,True,True,True,True,False,True,False,0,0,0,True,structure_screen_only,False,False
b68e7bb9-1227-427f-a4ae-1155187cb837,80f097fe-6590-4a49-bfff-e10def937664,4029,14d3260c-6269-4995-84d8-b89cdfe80e80,Propisochlor,mono-constituent substance,945d22ad-dbc5-4c18-bc41-5a63be9d9496,KZNDFYDURHAESM-UHFFFAOYSA-N,KZNDFYDURHAESM,KZNDFYDURHAESM,CCc1cccc(C)c1N(COC(C)C)C(=O)CCl,False,1,86763-47-5,CCC1=CC=CC(=C1N(COC(C)C)C(=O)CCl)C,"InChI=1S/C15H22ClNO2/c1-5-13-8-6-7-12(4)15(13)17(14(18)9-16)10-19-11(2)3/h6-8,11H,5,9-10H2,1-4H3",Oral,LD50,,other:,µg/piece,µg/piece,species_based_piece_to_bee,111.0,>,,,censored_or_approximate,,,,,,,mortality,False,b8eb41a3-793f-4d81-bff2-31883f8b97a9,doi:10.2903/j.efsa.2010.1769,2010.0,True,True,True,True,True,True,False,0,0,0,True,structure_screen_only,True,False
f224eeb0-158d-4f18-b28c-34c2b4c26a80,f718e8cc-8524-47b7-9454-ca1390507122,4030,a7ab1239-1eaf-4a4a-b99d-c6d5b4305cb0,Lime sulphur,mono-constituent substance,3d3b8146-b9fe-4bc3-9a02-6990f2164a64,,,,,False,0,1344-81-6,,,Oral,LD50,,other:,µg/piece,µg/piece,species_based_piece_to_bee,69.8,>,,,censored_or_approximate,48.0,h,48.0,,,,mortality,False,4d1a2cf7-9cbd-462b-830a-d000bf083958,doi:10.2903/j.efsa.2010.1890,2010.0,False,False,False,True,False,True,False,0,0,-1,True,structure_screen_only,False,False
9720fbdc-c508-4e20-9c09-f5e1b95431a5,b9f90b2b-1058-4292-b4e3-1de322b31b11,4031,20ed31da-402c-4d92-8717-25c6837c3dbc,Orthosulfamuron,mono-constituent substance,bc51bb2a-4ed4-438d-a955-c9aceefb3239,UCDPMNSCCRBWIC-UHFFFAOYSA-N,UCDPMNSCCRBWIC,UCDPMNSCCRBWIC,COc1cc(OC)nc(NC(=O)NS(=O)(=O)Nc2ccccc2C(=O)N(C)C)n1,False,1,213464-77-8,CN(C)C(=O)C1=CC=CC=C1NS(=O)(=O)NC(=O)NC2=NC(=CC(=N2)OC)OC,"InChI=1S/C16H20N6O6S/c1-22(2)14(23)10-7-5-6-8-11(10)20-29(25,26)21-16(24)19-15-17-12(27-3)9-13(18-15)28-4/h5-9,20H,1-4H3,(H2,17,18,19,21,24)",Oral,other:,LC50,other:,µg/piece,µg/piece,species_based_piece_to_bee,109.4,>,,,censored_or_approximate,48.0,h,48.0,,,,mortality,False,87e29090-c1b3-4319-b645-4e196436e2fc,"EFSA Journal 2014,12(3):3353, doi:10.2903/j.efsa.2014.3353",2014.0,True,True,True,True,False,True,False,0,0,0,False,structure_screen_only,False,False
290b0b3d-aed2-44ec-9179-eaf445b067ed,ba31b9dd-c542-4f67-a13f-548daedbcc73,4032,1195b0de-88f0-4272-b6dc-f5b55d25e375,Glyphosate,mono-constituent substance,95c86af0-d579-4717-915a-74839a4eb142,XDDAORKBJWWYJS-UHFFFAOYSA-N,XDDAORKBJWWYJS,XDDAORKBJWWYJS,O=C(O)CNCP(=O)(O)O,False,1,1071-83-6,O=P(O)(O)CNCC(O)=O,"InChI=1S/C3H8NO5P/c5-3(6)1-4-2-10(7,8)9/h4H,1-2H2,(H,5,6)(H2,7,8,9)",Oral,LD50,,other:,µg/piece,µg/piece,species_based_piece_to_bee,100.0,,,,exact,,,,,,,mortality,False,6c48ef8e-0596-4fc8-8c79-d7ff04158b43,doi:10.2903/j.efsa.2015.4302,2015.0,True,True,True,True,False,True,False,0,0,1,True,structure_screen_only,True,False
4e0cb400-7b1a-45e2-ad0b-842714754951,a3da3b3c-ad3d-4f30-998c-d93ceee51a03,4033,d650b8b9-dcd0-4525-93a5-5d9a7e7bb41d,Phosmet,mono-constituent substance,26b30cce-00d9-4b4e-8121-4a79f2113df0,LMNZTLDVJIUSHT-UHFFFAOYSA-N,LMNZTLDVJIUSHT,LMNZTLDVJIUSHT,COP(=S)(OC)SCN1C(=O)c2ccccc2C1=O,False,1,732-11-6,COP(=S)(OC)SCN1C(=O)c2ccccc2C1=O,"InChI=1S/C11H12NO4PS2/c1-15-17(18,16-2)19-7-12-10(13)8-5-3-4-6-9(8)11(12)14/h3-6H,7H2,1-2H3",Oral,LD50,,other:,µg/piece,µg/piece,species_based_piece_to_bee,0.37,,,,exact,,,,,,,mortality,False,c10081fc-b0af-4047-b966-7de29f38bbae,doi:10.2903/j.efsa.2006.75r,2006.0,True,True,True,True,False,True,False,1,1,1,True,structure_screen_only,True,False
c4fb01d6-b217-4317-b1a4-377d16355b05,83cc7782-b0ed-4be7-b92d-dea1c7748a91,4036,d650b8b9-dcd0-4525-93a5-5d9a7e7bb41d,Phosmet,mono-constituent substance,26b30cce-00d9-4b4e-8121-4a79f2113df0,LMNZTLDVJIUSHT-UHFFFAOYSA-N,LMNZTLDVJIUSHT,LMNZTLDVJIUSHT,COP(=S)(OC)SCN1C(=O)c2ccccc2C1=O,False,1,732-11-6,COP(=S)(OC)SCN1C(=O)c2ccccc2C1=O,"InChI=1S/C11H12NO4PS2/c1-15-17(18,16-2)19-7-12-10(13)8-5-3-4-6-9(8)11(12)14/h3-6H,7H2,1-2H3",Contact,LD50,,other:,µg/piece,µg/piece,species_based_piece_to_bee,0.22,,,,exact,48.0,h,48.0,,,,mortality,False,c10081fc-b0af-4047-b966-7de29f38bbae,doi:10.2903/j.efsa.2006.75r,2006.0,True,True,True,True,False,True,False,1,1,1,True,structure_screen_only,True,True
8a30cf6f-5a4b-4a6f-9b1b-905d5d69cf7f,5620e1ef-7e2e-4d36-945f-df97d66b5904,4037,2123200b-1c2b-4899-991b-37500dd941e5,Oxathiapiprolin,mono-constituent substance,d4e5bdde-f7bc-4e02-97f5-c2b0ebef3c3a,IAQLCKZJGNTRDO-UHFFFAOYSA-N,IAQLCKZJGNTRDO,IAQLCKZJGNTRDO,Cc1cc(C(F)(F)F)nn1CC(=O)N1CCC(c2nc(C3=NOC(c4c(F)cccc4F)C3)cs2)CC1,False,1,1003318-67-9,Cc1cc(nn1CC(=O)N2CCC(CC2)c3nc(cs3)C4=NOC(C4)c5c(cccc5F)F)C(F)(F)F,"InChI=1S/C24H22F5N5O2S/c1-13-9-20(24(27,28)29)31-34(13)11-21(35)33-7-5-14(6-8-33)23-30-18(12-37-23)17-10-19(36-32-17)22-15(25)3-2-4-16(22)26/h2-4,9,12,14,19H,5-8,10-11H2,1H3",Oral,LD50,,other:,µg/piece,µg/piece,species_based_piece_to_bee,40.26,>,,,censored_or_approximate,,,,,,,mortality,False,200bf532-8ed2-4bb0-8a96-b49a0d10ebcb,doi:10.2903/j.efsa.2016.4504,2016.0,True,True,True,True,False,True,False,0,0,-1,True,structure_screen_only,True,False
3319381b-b71f-4a54-867f-57572d0daea8,bc9579fd-1452-49e3-b3f0-2e3124db2c15,4040,f13dfe44-2799-4fe6-bd72-c976d38ba606,Pyrethrins,multi-constituent substance,8292380d-aaea-43c7-8ed1-47d16e720a57,,,,,False,0,8003-34-7,,,Contact,LD50,,other:,µg/piece,µg/piece,species_based_piece_to_bee,0.013,,,,exact,,,,Pyrethrum extract (57.574% pyrethrins),,,mortality,True,d11b7c5f-5d52-4a86-be73-8a122e2ab082,doi:10.2903/j.efsa.2013.3032,2013.0,False,False,False,True,False,True,False,1,1,1,True,structure_screen_only,False,False
e2e053c7-4158-430a-a1e6-25803822d33e,d8668f20-7ca2-4e05-bbd5-840c01419bb9,4042,0f43c448-0673-4bb2-879c-04e901c2c6c0,"(RS)-2,4-dinitro-6-(octan-2-yl)phenyl (2 E/Z)-but-2-enoate",multi-constituent substance,3213bd0d-21f3-41ec-a2d8-eed0ab171dbc,,,,,False,0,,,,Contact,LD50,,other:,µg/piece,µg/piece,species_based_piece_to_bee,84.8,,,,exact,48.0,h,48.0,GF-1478 (34.7% DE-126),,,mortality,True,dfec7943-e41b-4be3-9d43-c22402467f20,"EFSA Journal 2014,12(1):3473, doi:10.2903/j.efsa.2014.3473",2014.0,False,False,False,False,False,False,False,0,0,1,True,structure_screen_only,False,False
d1aaf5ad-1416-4a28-8ffe-7724c50796e2,d5af0eb0-f0a6-45e8-a4d9-20475c410101,4043,a30b4eb7-d115-4e63-8313-11f79be848f7,Mesotrione,mono-constituent substance,4ba573d8-ed39-4819-8240-6d03591c79a4,KPUREKXXPHOJQT-UHFFFAOYSA-N,KPUREKXXPHOJQT,KPUREKXXPHOJQT,CS(=O)(=O)c1ccc(C(=O)C2C(=O)CCCC2=O)c([N+](=O)[O-])c1,False,1,104206-82-8,CS(=O)(=O)C1=CC(=C(C=C1)C(=O)C2C(=O)CCCC2=O)[N+](=O)[O-],"InChI=1S/C14H13NO7S/c1-23(21,22)8-5-6-9(10(7-8)15(19)20)14(18)13-11(16)3-2-4-12(13)17/h5-7,13H,2-4H2,1H3",Oral,LD50,,other:,µg/piece,µg/piece,species_based_piece_to_bee,11.0,>,,,censored_or_approximate,,,,,,,mortality,False,cd3e62d7-0067-438d-8ffb-9dff2838d2ce,doi:10.2903/j.efsa.2016.4419,2016.0,True,True,True,True,True,True,False,0,0,-1,True,structure_screen_only,True,False
63f826f9-62f3-4403-a572-e96ce449ebb6,93f57456-c798-4a1d-8797-43bc16feb7cf,4044,39606eeb-dc29-4fde-8801-7e48ca446553,Iprodione,mono-constituent substance,6f70c36e-b1b9-4315-9591-13caa99cdc42,ONUFESLQCSAYKA-UHFFFAOYSA-N,ONUFESLQCSAYKA,ONUFESLQCSAYKA,CC(C)NC(=O)N1CC(=O)N(c2cc(Cl)cc(Cl)c2)C1=O,False,1,36734-19-7,O=C2N(c1cc(Cl)cc(Cl)c1)C(=O)CN2C(=O)NC(C)C,"InChI=1S/C13H13Cl2N3O3/c1-7(2)16-12(20)17-6-11(19)18(13(17)21)10-4-8(14)3-9(15)5-10/h3-5,7H,6H2,1-2H3,(H,16,20)",Oral,LD50,,other:,µg/piece,µg/piece,species_based_piece_to_bee,100.0,>,,,censored_or_approximate,48.0,h,48.0,,,,mortality,False,0385b1cf-b075-4264-bf84-9f4c574ff75c,doi:10.2903/j.efsa.2016.4609,2016.0,True,True,True,True,False,True,False,0,0,0,True,structure_screen_only,True,True
b3cfae71-31e6-4382-afea-c469c83a9004,2655a8e9-256b-4f2a-92b3-c9bccc3a25bf,4046,ada83603-7ac0-4605-b40e-2be02acf0dd2,Silthiofam,mono-constituent substance,9596cd8c-caea-4d23-be5b-7ccddb6622e0,MXMXHPPIGKYTAR-UHFFFAOYSA-N,MXMXHPPIGKYTAR,MXMXHPPIGKYTAR,C=CCNC(=O)c1c([Si](C)(C)C)sc(C)c1C,False,1,175217-20-6,CC1=C(SC(=C1C(=O)NCC=C)[Si](C)(C)C)C,"InChI=1S/C13H21NOSSi/c1-7-8-14-12(15)11-9(2)10(3)16-13(11)17(4,5)6/h7H,1,8H2,2-6H3,(H,14,15)",Contact,LD50,,other:,µg/piece,µg/piece,species_based_piece_to_bee,100.0,>,,,censored_or_approximate,48.0,h,48.0,Silthiofam's formulation: MON 65557,,,mortality,True,b5acb832-a21d-4f48-91a8-a586136a0671,doi:10.2903/j.efsa.2016.4574,2016.0,True,True,True,True,True,True,False,0,0,0,True,structure_screen_only,True,False
876e1251-2d03-41e3-9f0e-0ef8e5668e92,6cb0b6f4-92f5-4274-818a-00fd1b3b838b,4047,d650b8b9-dcd0-4525-93a5-5d9a7e7bb41d,Phosmet,mono-constituent substance,26b30cce-00d9-4b4e-8121-4a79f2113df0,LMNZTLDVJIUSHT-UHFFFAOYSA-N,LMNZTLDVJIUSHT,LMNZTLDVJIUSHT,COP(=S)(OC)SCN1C(=O)c2ccccc2C1=O,False,1,732-11-6,COP(=S)(OC)SCN1C(=O)c2ccccc2C1=O,"InChI=1S/C11H12NO4PS2/c1-15-17(18,16-2)19-7-12-10(13)8-5-3-4-6-9(8)11(12)14/h3-6H,7H2,1-2H3",Oral,LD50,,other:,µg/piece,µg/piece,species_based_piece_to_bee,0.302,,,,exact,,,,,,,mortality,False,20ec67b7-10c6-4fc6-bc1c-0767a4f9e778,doi:10.2903/j.efsa.2021.6237,2021.0,True,True,True,True,False,True,False,1,1,1,True,structure_screen_only,True,False
c8475014-9fde-4613-a27b-f51439460773,02f0a2e0-5227-4872-b374-e89e9dac3314,4049,b2167415-4240-4bdb-ad31-dbec64e454f5,Dimethoate,mono-constituent substance,bc82d06b-2ca4-4685-87cd-0207e5fe17ff,MCWXGJITAZMZEV-UHFFFAOYSA-N,MCWXGJITAZMZEV,MCWXGJITAZMZEV,CNC(=O)CSP(=S)(OC)OC,False,1,60-51-5,CNC(=O)CSP(=S)(OC)OC,"InChI=1S/C5H12NO3PS2/c1-6-5(7)4-12-10(11,8-2)9-3/h4H2,1-3H3,(H,6,7)",Oral,LD50,,other:,µg/piece,µg/piece,species_based_piece_to_bee,0.1,,,,exact,48.0,h,48.0,,,,mortality,False,91576eb7-08fe-4619-8f1d-81ed50827e26,doi:10.2903/j.efsa.2006.84r,2006.0,True,True,True,True,False,True,False,1,1,1,True,structure_screen_only,True,True
2d32fb37-b4bc-47d8-9a84-7bf97e9906f8,b3d13192-2325-4dd0-b6fc-805e8e313610,4050,05489ccd-ed38-421e-81d5-955bf06c56a1,Trifluralin,mono-constituent substance,3c07b355-c855-4a26-ba5d-bba9ecda88b3,ZSDSQXJSNMTJDA-UHFFFAOYSA-N,ZSDSQXJSNMTJDA,ZSDSQXJSNMTJDA,CCCN(CCC)c1c([N+](=O)[O-])cc(C(F)(F)F)cc1[N+](=O)[O-],False,1,1582-09-8,CCCN(CCC)c1c(cc(cc1[N+](=O)[O-])C(F)(F)F)[N+](=O)[O-],"InChI=1/C13H16F3N3O4/c1-3-5-17(6-4-2)12-10(18(20)21)7-9(13(14,15)16)8-11(12)19(22)23/h7-8H,3-6H2,1-2H3",Oral,LD50,,other:,µg/piece,µg/piece,species_based_piece_to_bee,80.0,>,,,censored_or_approximate,,,,Preparation,,,mortality,True,e2c6603a-0321-4747-b380-a70f23ceb468,doi:10.2903/j.efsa.2009.327r,2009.0,True,True,True,True,False,True,False,0,0,-1,True,structure_screen_only,True,False
c97e95f8-97b1-4310-a208-e7fe6959874f,388d04ea-f98e-4703-a266-2521d801f2fd,4051,644f53a2-7be8-42c5-aebe-206bee4f8aec,Triflumizole,mono-constituent substance,e065088b-193d-4048-ad0b-13bd8042c23e,HSMVPDGQOIQYSR-UHFFFAOYSA-N,HSMVPDGQOIQYSR,HSMVPDGQOIQYSR,CCCOCC(=Nc1ccc(Cl)cc1C(F)(F)F)n1ccnc1,False,1,99387-89-0,CCCOCC(=NC1=C(C=C(C=C1)Cl)C(F)(F)F)N2C=CN=C2,"InChI=1S/C15H15ClF3N3O/c1-2-7-23-9-14(22-6-5-20-10-22)21-13-4-3-11(16)8-12(13)15(17,18)19/h3-6,8,10H,2,7,9H2,1H3",Contact,LD50,,other:,µg/piece,µg/piece,species_based_piece_to_bee,20.0,>,,,censored_or_approximate,48.0,h,48.0,,,,mortality,False,495115d0-bd70-41db-a1ca-ffedd926808e,doi:10.2903/j.efsa.2009.1415,2009.0,True,True,True,True,True,True,False,0,0,-1,True,structure_screen_only,True,True
4e355964-f511-438f-83fd-1d560d40638e,11e3bd30-ec44-4fbe-a44f-bd7bf46cb065,4052,62d34108-e968-4ce2-a9c1-280718f51d6b,Clothianidin,mono-constituent substance,55f031dd-ea53-44b7-8b54-669da3423d1b,PGOOBECODWQEAB-UHFFFAOYSA-N,PGOOBECODWQEAB,PGOOBECODWQEAB,CNC(=N[N+](=O)[O-])NCc1cnc(Cl)s1,False,1,210880-92-5,CNC(NCc1cnc(Cl)s1)=N[N+]([O-])=O,"InChI=1S/C6H8ClN5O2S/c1-8-6(11-12(13)14)10-3-4-2-9-5(7)15-4/h2H,3H2,1H3,(H2,8,10,11)",Oral,LD50,,other:,µg/piece,µg/piece,species_based_piece_to_bee,0.00379,,,,exact,48.0,h,48.0,,,,mortality,False,cdd573cf-9191-465c-884d-87fe2e427d5c,doi:10.2903/j.efsa.2015.4210,2015.0,True,True,True,True,True,True,False,1,1,1,True,structure_screen_only,True,True
decfe3de-0ab8-4a63-9bfe-841786a69ad0,02f20695-e254-4a6b-99e6-65c7778342fb,4053,351bba11-8c12-4a7f-b934-72149ba59d79,Fluxapyroxad,mono-constituent substance,c8a291f0-a70b-413c-8b1f-3a08a8932a34,SXSGXWCSHSVPGB-UHFFFAOYSA-N,SXSGXWCSHSVPGB,SXSGXWCSHSVPGB,Cn1cc(C(=O)Nc2ccccc2-c2cc(F)c(F)c(F)c2)c(C(F)F)n1,False,1,907204-31-3,CN1C=C(C(=N1)C(F)F)C(=O)NC2=CC=CC=C2C3=CC(=C(C(=C3)F)F)F,"InChI=1S/C18H12F5N3O/c1-26-8-11(16(25-26)17(22)23)18(27)24-14-5-3-2-4-10(14)9-6-12(19)15(21)13(20)7-9/h2-8,17H,1H3,(H,24,27)",Contact,LD50,,other:,µg/piece,µg/piece,species_based_piece_to_bee,100.0,>,,,censored_or_approximate,,,,,,,mortality,False,a12e15e9-e554-404e-9550-efd6101c5097,"EFSA Journal 2012,10(1):2522, doi:10.2903/j.efsa.2012.2522",2012.0,True,True,True,True,True,True,False,0,0,0,True,structure_screen_only,True,False
094d5295-27bf-4a01-a37c-1e9994422f25,8a84d755-18ce-4172-b1fd-255af128baea,4054,c90eaed4-2c33-4368-8ac2-de5debab91a9,Beta-cypermethrin,mono-constituent substance,42e8d863-0ed8-4cf9-bd69-44d942204eaa,KAATUXNTWXVJKI-UHFFFAOYSA-N,KAATUXNTWXVJKI,KAATUXNTWXVJKI,CC1(C)C(C=C(Cl)Cl)C1C(=O)OC(C#N)c1cccc(Oc2ccccc2)c1,True,1,65731-84-2,CC1(C(C1C(=O)OC(C#N)C2=CC(=CC=C2)OC3=CC=CC=C3)C=C(Cl)Cl)C,"InChI=1S/4C22H19Cl2NO3/c4*1-22(2)17(12-19(23)24)20(22)21(26)28-18(13-25)14-7-6-10-16(11-14)27-15-8-4-3-5-9-15/h4*3-12,17-18,20H,1-2H3/t2*17-,18+,20-;2*17-,18-,20+/m1010/s1",Contact,LD50,,other:,µg/piece,µg/piece,species_based_piece_to_bee,0.014,,,,exact,,,,Preparation: ATOIAB03,,,mortality,True,684f385a-9a4d-43a4-8064-54d1c4f505b8,"EFSA Journal 2014,12(6):3717, doi:10.2903/j.efsa.2014.3717",2014.0,True,True,True,True,True,True,False,1,1,1,True,structure_screen_only,False,False
665cc2df-3ac8-4c1d-a57e-d5adc2420441,40205918-a9fa-446b-89eb-3b6269d6a1ba,4057,303340a3-d8c9-41a7-a496-19fb76698cf6,Linuron,mono-constituent substance,8860c084-ba4a-49f7-bfd4-4e1b6415b921,XKJMBINCVNINCA-UHFFFAOYSA-N,XKJMBINCVNINCA,XKJMBINCVNINCA,CON(C)C(=O)Nc1ccc(Cl)c(Cl)c1,False,1,330-55-2,CN(C(=O)NC1=CC(=C(C=C1)Cl)Cl)OC,"InChI=1S/C9H10Cl2N2O2/c1-13(15-2)9(14)12-6-3-4-7(10)8(11)5-6/h3-5H,1-2H3,(H,12,14)",Oral,LD50,,other:,µg/piece,µg/piece,species_based_piece_to_bee,112.1,>,,,censored_or_approximate,,,,,,,mortality,False,b954ab02-e9eb-416b-8ea9-b4324174011b,doi:10.2903/j.efsa.2016.4518,2016.0,True,True,True,True,False,True,False,0,0,0,True,structure_screen_only,True,False
8b069493-990a-414d-a90c-1dc4422b5c82,769956b8-b984-4382-a9b0-aef1cd6eff85,4058,ed76b10b-d559-4c09-8321-ce6a07eb73c3,Captan,mono-constituent substance,87ad7f47-8cf1-4cb6-b6b9-ad69a25a269d,LDVVMCZRFWMZSG-UHFFFAOYSA-N,LDVVMCZRFWMZSG,LDVVMCZRFWMZSG,O=C1C2CC=CCC2C(=O)N1SC(Cl)(Cl)Cl,False,1,133-06-2,ClC(Cl)(Cl)SN1C(=O)C2CC=CCC2C1=O,"InChI=1S/C9H8Cl3NO2S/c10-9(11,12)16-13-7(14)5-3-1-2-4-6(5)8(13)15/h1-2,5-6H,3-4H2",Oral,LD50,,other:,µg/piece,µg/piece,species_based_piece_to_bee,100.0,>,,,censored_or_approximate,48.0,h,48.0,,,,mortality,False,30189c1d-2407-477c-9f86-4e5fccce79e7,doi:10.2903/j.efsa.2009.296r,2009.0,True,True,True,True,True,True,False,0,0,0,True,structure_screen_only,True,True
2178613f-0b72-4e82-a52b-20c6d53fb363,c9a83402-fed0-40d8-9fab-ac47cdad5037,4061,e61b0486-a3fd-4334-ba37-9e357b5cb4cd,Flazasulfuron,mono-constituent substance,eed103e6-e35b-493b-ac8c-353541946030,HWATZEJQIXKWQS-UHFFFAOYSA-N,HWATZEJQIXKWQS,HWATZEJQIXKWQS,COc1cc(OC)nc(NC(=O)NS(=O)(=O)c2ncccc2C(F)(F)F)n1,False,1,104040-78-0,COC1=CC(=NC(=N1)NC(=O)NS(=O)(=O)C2=C(C=CC=N2)C(F)(F)F)OC,"InChI=1S/C13H12F3N5O5S/c1-25-8-6-9(26-2)19-11(18-8)20-12(22)21-27(23,24)10-7(13(14,15)16)4-3-5-17-10/h3-6H,1-2H3,(H2,18,19,20,21,22)",Oral,LD50,,other:,µg/piece,µg/piece,species_based_piece_to_bee,46.3,>,,,censored_or_approximate,,,,Flazasulfuron formulation: SL-160 25% WG,,,mortality,True,24ac8bf5-3311-4e54-85f6-a106da80eae5,doi:10.2903/j.efsa.2016.4575,2016.0,True,True,True,True,False,True,False,0,0,-1,True,structure_screen_only,True,False
531b4f38-4d0e-4fea-86ce-174e9787266c,2a705490-04cb-4db4-9bae-fb493cf7da61,4062,e8c33f31-a3ca-461c-8fe0-5f5327dd7024,Pyriproxyfen,mono-constituent substance,48f24d64-64be-4e36-b9ff-5c82404fbfd6,NHDHVHZZCFYRSB-UHFFFAOYSA-N,NHDHVHZZCFYRSB,NHDHVHZZCFYRSB,CC(COc1ccc(Oc2ccccc2)cc1)Oc1ccccn1,False,1,95737-68-1,CC(COC1=CC=C(C=C1)OC2=CC=CC=C2)OC3=CC=CC=N3,"InChI=1S/C20H19NO3/c1-16(23-20-9-5-6-14-21-20)15-22-17-10-12-19(13-11-17)24-18-7-3-2-4-8-18/h2-14,16H,15H2,1H3",Contact,LD50,,other:,µg/piece,µg/piece,species_based_piece_to_bee,100.0,>,,,censored_or_approximate,,,,Preparation,,,mortality,True,e3f83667-8cdc-43b1-a4fd-1317e99bf162,doi:10.2903/j.efsa.2019.5732,2019.0,True,True,True,True,False,True,False,0,0,0,True,structure_screen_only,True,False
e56c67f6-3687-4d4d-a2d4-5e5ab0020f09,6e549d57-b6c7-4115-962a-f4b11d595503,4063,ed76b10b-d559-4c09-8321-ce6a07eb73c3,Captan,mono-constituent substance,87ad7f47-8cf1-4cb6-b6b9-ad69a25a269d,LDVVMCZRFWMZSG-UHFFFAOYSA-N,LDVVMCZRFWMZSG,LDVVMCZRFWMZSG,O=C1C2CC=CCC2C(=O)N1SC(Cl)(Cl)Cl,False,1,133-06-2,ClC(Cl)(Cl)SN1C(=O)C2CC=CCC2C1=O,"InChI=1S/C9H8Cl3NO2S/c10-9(11,12)16-13-7(14)5-3-1-2-4-6(5)8(13)15/h1-2,5-6H,3-4H2",Contact,other:,LC50,other:,µg/piece,µg/piece,species_based_piece_to_bee,200.0,>,,,censored_or_approximate,48.0,h,48.0,,,,mortality,False,30189c1d-2407-477c-9f86-4e5fccce79e7,doi:10.2903/j.efsa.2009.296r,2009.0,True,True,True,True,True,True,False,0,0,0,False,structure_screen_only,False,False
6a86ea2a-43fc-4a52-86b0-7c4f13bced65,9da013ea-0448-44db-9c7d-712e80824bad,4065,8cbab949-c9d5-4124-9f5f-31a2798c1d97,"2,4-D",mono-constituent substance,adf1912c-4c16-4aeb-af59-9ce43a87d014,OVSKIKFHRZPJSS-UHFFFAOYSA-N,OVSKIKFHRZPJSS,OVSKIKFHRZPJSS,O=C(O)COc1ccc(Cl)cc1Cl,False,1,94-75-7,C1=CC(=C(C=C1Cl)Cl)OCC(=O)O,"InChI=1S/C8H6Cl2O3/c9-5-1-2-7(6(10)3-5)13-4-8(11)12/h1-3H,4H2,(H,11,12)",Contact,LD50,,other:,µg/piece,µg/piece,species_based_piece_to_bee,100.0,>,,,censored_or_approximate,,,,,,,mortality,False,8fdd7cfe-8ea8-47bc-9fec-5ac24e3028d5,"EFSA Journal 2014,12(9):3812, doi:10.2903/j.efsa.2014.3812",2014.0,True,True,True,True,True,True,False,0,0,0,True,structure_screen_only,True,False
404e0ff6-9df7-4067-9e45-38a8f3ac713d,7b8b7358-f853-4380-aebc-2fbfd467610f,4069,a744174e-0afc-40e1-bbf0-24fd688a4f2b,Iprovalicarb,mono-constituent substance,3df2e284-a28b-4f4b-b7fc-67151cdd7f7a,NWUWYYSKZYIQAE-UHFFFAOYSA-N,NWUWYYSKZYIQAE,NWUWYYSKZYIQAE,Cc1ccc(C(C)NC(=O)C(NC(=O)OC(C)C)C(C)C)cc1,True,1,140923-17-7,CC1=CC=C(C=C1)C(C)NC(=O)C(C(C)C)NC(=O)OC(C)C,"InChI=1S/C18H28N2O3/c1-11(2)16(20-18(22)23-12(3)4)17(21)19-14(6)15-9-7-13(5)8-10-15/h7-12,14,16H,1-6H3,(H,19,21)(H,20,22)/t14?,16-/m1/s1",Oral,LD50,,other:,µg/piece,µg/piece,species_based_piece_to_bee,199.0,>,,,censored_or_approximate,,,,,,,mortality,False,347d0465-d1a9-4a3e-bf15-adae9f41ea44,doi:10.2903/j.efsa.2015.4060,2015.0,True,True,True,True,True,True,False,0,0,0,True,structure_screen_only,False,False
aaa4bb14-adf7-413a-97a9-ccaadf9180ed,d4155ed6-d73d-49c6-8cf3-6de1a0ff0974,4070,87524289-0b2a-4e29-af9b-3baefbae4c92,Triflusulfuron-Methyl,mono-constituent substance,f65a142a-5bf2-4136-a2c0-23fab0ea8a78,IMEVJVISCHQJRM-UHFFFAOYSA-N,IMEVJVISCHQJRM,IMEVJVISCHQJRM,COC(=O)c1cccc(C)c1S(=O)(=O)NC(=O)Nc1nc(OCC(F)(F)F)nc(N(C)C)n1,False,1,126535-15-7,CC1=CC=CC(=C1S(=O)(=O)NC(=O)NC2=NC(=NC(=N2)OCC(F)(F)F)N(C)C)C(=O)OC,"InChI=1S/C17H19F3N6O6S/c1-9-6-5-7-10(12(27)31-4)11(9)33(29,30)25-15(28)22-13-21-14(26(2)3)24-16(23-13)32-8-17(18,19)20/h5-7H,8H2,1-4H3,(H2,21,22,23,24,25,28)",Oral,LD50,,other:,µg/piece,µg/piece,species_based_piece_to_bee,100.0,>,,,censored_or_approximate,48.0,h,48.0,,,,mortality,False,bacf48ae-36e9-43f5-9680-bfc3679a7370,doi:10.2903/j.efsa.2009.195r,2009.0,True,True,True,True,True,True,False,0,0,0,True,structure_screen_only,True,True
9768ac71-42a0-4976-a056-ff0758882c7c,aa3afd69-9aa0-4138-ab8e-62a8494832df,4071,877b1caa-5951-4480-b0be-57ead1a55bfc,Acibenzolar-S-methyl,mono-constituent substance,675e59b4-b541-468e-9957-62a46854703c,UELITFHSCLAHKR-UHFFFAOYSA-N,UELITFHSCLAHKR,UELITFHSCLAHKR,CSC(=O)c1cccc2nnsc12,False,1,135158-54-2,CSC(=O)C1=C2C(=CC=C1)N=NS2,"InChI=1S/C8H6N2OS2/c1-12-8(11)5-3-2-4-6-7(5)13-10-9-6/h2-4H,1H3",Contact,LD50,,other:,µg/piece,µg/piece,species_based_piece_to_bee,100.0,>,,,censored_or_approximate,48.0,h,48.0,,,,mortality,False,d1c3cecb-25fe-49ae-80b4-92a678ca010a,"EFSA Journal 2014,12(8):3691, doi:10.2903/j.efsa.2014.3691",2014.0,True,True,True,True,False,True,False,0,0,0,True,structure_screen_only,True,True
9534c6a8-950c-49a6-9dce-8c0b356fb0c5,81de18d6-8e8b-4547-9075-2ddf5dfb0a81,4072,21e11ed0-21ab-448f-8703-481cc8f6d98d,Zeta-cypermethrin,mono-constituent substance,2117c752-b6b9-4a40-af33-13bc054f7864,KAATUXNTWXVJKI-UHFFFAOYSA-N,KAATUXNTWXVJKI,KAATUXNTWXVJKI,CC1(C)C(C=C(Cl)Cl)C1C(=O)OC(C#N)c1cccc(Oc2ccccc2)c1,True,1,1315501-18-8,N#CC(OC(=O)C1C(C=C(Cl)Cl)C1(C)C)C=2C=CC=C(OC=3C=CC=CC3)C2,"InChI=1S/C22H19Cl2NO3/c1-22(2)17(12-19(23)24)20(22)21(26)28-18(13-25)14-7-6-10-16(11-14)27-15-8-4-3-5-9-15/h3-12,17-18,20H,1-2H3/t17?,18-,20?/m1/s1",Contact,LD50,,other:,µg/piece,µg/piece,species_based_piece_to_bee,0.002,>,,,censored_or_approximate,48.0,h,48.0,Fury 10 EW,,,mortality,True,9438f779-8a8d-400d-b62f-ca94c124a7c7,doi:10.2903/j.efsa.2009.196r,2009.0,True,True,True,False,False,False,False,-1,-1,-1,True,structure_screen_only,False,False
e2677f85-41cb-4765-85d1-b6bf11289804,a185368b-b64c-4e2c-96ba-fece701e6647,4073,c622a51b-e6e4-46b2-90f2-fbeb93a2af0d,Dimethenamid,mono-constituent substance,820527c4-54fd-467c-9668-ed75b105a0b1,JLYFCTQDENRSOL-UHFFFAOYSA-N,JLYFCTQDENRSOL,JLYFCTQDENRSOL,COCC(C)N(C(=O)CCl)c1c(C)csc1C,False,1,87674-68-8,O=C(CCl)N(C(C)COC)C1=C(C)SC=C1C,"InChI=1S/C12H18ClNO2S/c1-8-7-17-10(3)12(8)14(11(15)5-13)9(2)6-16-4/h7,9H,5-6H2,1-4H3",Contact,LD50,,other:,µg/piece,µg/piece,species_based_piece_to_bee,94.0,,,,exact,48.0,h,48.0,active substance SAN 582 H,,,mortality,True,c9e4f9c5-d5ee-4133-995c-191036317b20,doi:10.2903/j.efsa.2006.53r,2006.0,True,True,True,False,False,False,False,0,0,1,True,structure_screen_only,True,False
6ca62856-9fb1-4c3b-a33b-3f4a5c870f04,b9666bef-8410-4c9f-a78e-17fa21e1d68e,4074,327be68c-3a3c-4332-99c5-415c093f968f,Fish oil,multi-constituent substance,c405bcc3-6130-4e65-a6a3-2cd9cd1f7f03,,,,,False,0,100085-40-3,,,Contact,LD50,,other:,µg/piece,µg/piece,species_based_piece_to_bee,343.0,>,,,censored_or_approximate,,,,Flügol (FLU17516),,,mortality,True,b9cbf3bb-b373-4171-b564-14e8176f8909,doi:10.2903/j.efsa.2022.7079,2022.0,False,False,False,False,False,False,False,0,0,0,True,structure_screen_only,False,False
2d745677-e328-4cc8-b3d5-54e443010e9a,792caa2f-955e-436d-a8bc-4ae84618a1ae,4075,68473485-006d-439f-9995-b7b90fca0a43,Tralkoxydim,mono-constituent substance,3fcb9e32-4974-4a81-bc50-21fd19824b48,SOTLWPHEAQOHHC-UHFFFAOYSA-N,SOTLWPHEAQOHHC,SOTLWPHEAQOHHC,CCONC(CC)=C1C(=O)CC(c2c(C)cc(C)cc2C)CC1=O,False,1,87820-88-0,CCC(=C1C(=O)CC(CC1=O)C2=C(C=C(C=C2C)C)C)NOCC,"InChI=1S/C20H27NO3/c1-6-16(21-24-7-2)20-17(22)10-15(11-18(20)23)19-13(4)8-12(3)9-14(19)5/h8-9,15,21H,6-7,10-11H2,1-5H3",Contact,LD50,,other:,µg/piece,µg/piece,species_based_piece_to_bee,100.0,>,,,censored_or_approximate,,,,,,,mortality,False,686a1aa3-e041-41a8-bdb0-f6b388b7137f,doi:10.2903/j.efsa.2008.139r,2008.0,True,True,True,True,True,True,False,0,0,0,True,structure_screen_only,True,False
8ce0381c-8257-46c2-a331-f3a9eaea6448,a19f4f2d-49ad-423d-8340-7c516a5aee56,4078,4c67eed1-8552-40c5-a5c4-0032e8e55eb1,Fenhexamid,mono-constituent substance,b997fa43-b286-4aaa-8bd9-5edaf5803ace,VDLGAVXLJYLFDH-UHFFFAOYSA-N,VDLGAVXLJYLFDH,VDLGAVXLJYLFDH,CC1(C(=O)Nc2ccc(O)c(Cl)c2Cl)CCCCC1,False,1,126833-17-8,CC1(CCCCC1)C(=O)NC2=C(C(=C(C=C2)O)Cl)Cl,"InChI=1S/C14H17Cl2NO2/c1-14(7-3-2-4-8-14)13(19)17-9-5-6-10(18)12(16)11(9)15/h5-6,18H,2-4,7-8H2,1H3,(H,17,19)",Oral,LD50,,other:,µg/piece,µg/piece,species_based_piece_to_bee,102.07,>,,,censored_or_approximate,48.0,h,48.0,,,,mortality,False,2188c755-1e58-48ef-8529-bf94aaf4d51f,"EFSA Journal 2014,12(7):3744, doi:10.2903/j.efsa.2014.3744",2014.0,True,True,True,True,True,True,False,0,0,0,True,structure_screen_only,True,True
f4fdd3ee-2f89-416b-94dd-a6d7787c1f0d,58587475-208e-4bea-9109-21c1bfad4987,4079,c0c89a59-0a5f-4933-b5d0-98f256fec113,Picloram,mono-constituent substance,f70ce716-dc22-48ee-b04e-dc8b544b2e11,NQQVFXUMIDALNH-UHFFFAOYSA-N,NQQVFXUMIDALNH,NQQVFXUMIDALNH,Nc1c(Cl)c(Cl)nc(C(=O)O)c1Cl,False,1,1918-02-1,C1(=C(C(=NC(=C1Cl)Cl)C(=O)O)Cl)N,"InChI=1S/C6H3Cl3N2O2/c7-1-3(10)2(8)5(9)11-4(1)6(12)13/h(H2,10,11)(H,12,13)",Oral,LD50,,other:,µg/piece,µg/piece,species_based_piece_to_bee,74.0,>,,,censored_or_approximate,,,,,,,mortality,False,fa235593-0625-4740-9efd-2d24d77db8b0,doi:10.2903/j.efsa.2009.1390,2009.0,True,True,True,True,False,True,False,0,0,-1,True,structure_screen_only,True,False
5d2018f2-1066-41aa-a4a3-da1ee0adc555,323004f7-dcfd-4af1-af63-99dae617aaca,4080,7c5f93d7-6477-47fa-9ff7-14a5984bf9d3,Metaldehyde,mono-constituent substance,cd6e54dd-ba9c-4021-ab2f-e1bf7ed58566,GKKDCARASOJPNG-UHFFFAOYSA-N,GKKDCARASOJPNG,GKKDCARASOJPNG,CC1OC(C)OC(C)OC(C)O1,False,1,108-62-3,CC1OC(C)OC(C)OC(C)O1,"InChI=1/C8H16O4/c1-5-9-6(2)11-8(4)12-7(3)10-5/h5-8H,1-4H3",Oral,LD50,,other:,µg/piece,µg/piece,species_based_piece_to_bee,87.5,>,,,censored_or_approximate,48.0,h,48.0,,,,mortality,False,3d9ad9fb-a910-46c9-b9c7-7e49a0b486a0,doi:10.2903/j.efsa.2010.1856,2010.0,True,True,True,True,True,True,False,0,0,-1,True,structure_screen_only,True,True
3f35b565-125f-49cc-9513-c29b02b66281,2c81c624-092e-42ef-ba1f-9b2909290126,4083,cc2d6dbe-2852-4c14-972e-233dd411728f,Clomazone,mono-constituent substance,29371f1b-5b27-49be-848d-128b9ad765fd,KIEDNEWSYUYDSN-UHFFFAOYSA-N,KIEDNEWSYUYDSN,KIEDNEWSYUYDSN,CC1(C)CON(Cc2ccccc2Cl)C1=O,False,1,81777-89-1,O=C1N(CC(C=CC=C2)=C2Cl)OCC(C)1C,"InChI=1S/C12H14ClNO2/c1-12(2)8-16-14(11(12)15)7-9-5-3-4-6-10(9)13/h3-6H,7-8H2,1-2H3",Contact,LD50,,µg/bee,,µg/bee,direct_ug_bee,100.0,>,,,censored_or_approximate,48.0,h,48.0,,,,mortality,False,3cc8bf75-8a53-4b0e-8386-4dbbc1d17cc6,EFSA Journal. 2025;23:e9206; doi:10.2903/j.efsa.2025.9206,2025.0,True,True,True,True,False,True,False,0,0,0,True,structure_screen_only,True,True
e3118ee2-49f5-4fdb-b062-f63c42ddca76,9e0efaa1-ef86-4b4e-a3a3-4e0e3e26bcad,4084,22843063-60cf-44bf-8815-a276ee0a1875,Tetraconazole,mono-constituent substance,62734a92-8cdd-4cb2-b9ab-a41433e4660e,LQDARGUHUSPFNL-UHFFFAOYSA-N,LQDARGUHUSPFNL,LQDARGUHUSPFNL,FC(F)C(F)(F)OCC(Cn1cncn1)c1ccc(Cl)cc1Cl,False,1,112281-77-3,C1=CC(=C(C=C1Cl)Cl)C(CN2C=NC=N2)COC(C(F)F)(F)F,"InChI=1S/C13H11Cl2F4N3O/c14-9-1-2-10(11(15)3-9)8(4-22-7-20-6-21-22)5-23-13(18,19)12(16)17/h1-3,6-8,12H,4-5H2",Oral,LD50,,other:,µg/piece,µg/piece,species_based_piece_to_bee,130.0,>,,,censored_or_approximate,,,,,,,mortality,False,da765d33-b97c-4806-856a-0472c1103a77,doi:10.2903/j.efsa.2008.152r,2008.0,True,True,True,True,False,True,False,0,0,0,True,structure_screen_only,True,False
6c14368e-c390-4bdc-88f8-bc735458ae11,f0e468c4-2544-47e2-8a64-2c006d2907e9,4085,cc7dee1c-78dd-4caa-bb66-abb4b43a0344,Pyroxsulam,mono-constituent substance,bf1c6f7f-0926-4440-8350-36c53a7f7d6d,GLBLPMUBLHYFCW-UHFFFAOYSA-N,GLBLPMUBLHYFCW,GLBLPMUBLHYFCW,COc1cc(OC)n2nc(NS(=O)(=O)c3c(C(F)(F)F)ccnc3OC)nc2n1,False,1,422556-08-9,COC1=CC(=NC2=NC(=NN12)NS(=O)(=O)C3=C(C=CN=C3OC)C(F)(F)F)OC,"InChI=1S/C14H13F3N6O5S/c1-26-8-6-9(27-2)23-13(19-8)20-12(21-23)22-29(24,25)10-7(14(15,16)17)4-5-18-11(10)28-3/h4-6H,1-3H3,(H,21,22)",Contact,LD50,,other:,µg/piece,µg/piece,species_based_piece_to_bee,100.0,>,,,censored_or_approximate,48.0,h,48.0,,,,mortality,False,2c79d2c5-d359-4365-914e-60ba1638c42f,doi:10.2903/j.efsa.2013.3182,2013.0,True,True,True,True,False,True,False,0,0,0,True,structure_screen_only,True,True
53abe880-4cba-42af-8ce6-4c81a6092b18,09c2b2f7-8bc8-444e-b4c1-b4ec0186652a,4086,1195b0de-88f0-4272-b6dc-f5b55d25e375,Glyphosate,mono-constituent substance,95c86af0-d579-4717-915a-74839a4eb142,XDDAORKBJWWYJS-UHFFFAOYSA-N,XDDAORKBJWWYJS,XDDAORKBJWWYJS,O=C(O)CNCP(=O)(O)O,False,1,1071-83-6,O=P(O)(O)CNCC(O)=O,"InChI=1S/C3H8NO5P/c5-3(6)1-4-2-10(7,8)9/h4H,1-2H2,(H,5,6)(H2,7,8,9)",Contact,LD50,,µg/bee,,µg/bee,direct_ug_bee,100.0,>,,,censored_or_approximate,,,,,other:,,mortality,False,03ac36b8-9d0f-4214-b365-09a2b11d5a0f,"EFSA Journal 2023,21(7):8164, doi:10.2903/j.efsa.2023.8164",2023.0,True,True,True,True,False,True,False,0,0,0,True,structure_screen_only,True,False
cd57c85e-8d57-4bd9-88c5-771779f1925e,a58265ed-8de0-4a37-b0e0-92d587958462,4088,9fe24aa7-c52c-4999-af62-36273e9da4c2,Cyfluthrin,multi-constituent substance,122035ff-b724-4cfb-aaaf-f17ef214299d,QQODLKZGRKWIFG-UHFFFAOYSA-N,QQODLKZGRKWIFG,QQODLKZGRKWIFG,CC1(C)C(C=C(Cl)Cl)C1C(=O)OC(C#N)c1ccc(F)c(Oc2ccccc2)c1,False,1,68359-37-5,CC1(C(C1C(=O)OC(C#N)c2ccc(c(c2)Oc3ccccc3)F)C=C(Cl)Cl)C,"InChI=1S/C22H18Cl2FNO3/c1-22(2)15(11-19(23)24)20(22)21(27)29-18(12-26)13-8-9-16(25)17(10-13)28-14-6-4-3-5-7-14/h3-11,15,18,20H,1-2H3",Oral,LD50,,other:,µg/piece,µg/piece,species_based_piece_to_bee,0.05,,,,exact,,,,,,,mortality,False,813e79e4-a30b-4770-87d5-3ed9d76a6495,doi:10.2903/j.efsa.2020.6058,2020.0,True,True,True,False,False,False,False,1,1,1,True,structure_screen_only,False,False
b98a3aa3-c7a1-4f7c-a35d-1f6a61a11f06,c6efdbda-feb6-48d0-8656-46dcb360f60e,4089,f13d4ba4-2fc1-41a6-b010-09768fe44fef,Diuron,mono-constituent substance,3ace97be-4dec-4ee1-979b-54f0ec4d75c1,XMTQQYYKAHVGBJ-UHFFFAOYSA-N,XMTQQYYKAHVGBJ,XMTQQYYKAHVGBJ,CN(C)C(=O)Nc1ccc(Cl)c(Cl)c1,False,1,330-54-1,ClC1=C(C=CC(=C1)NC(=O)N(C)C)Cl,"InChI=1S/C9H10Cl2N2O/c1-13(2)9(14)12-6-3-4-7(10)8(11)5-6/h3-5H,1-2H3,(H,12,14)",Contact,other:,dose level:,other:,µg/piece,µg/piece,species_based_piece_to_bee,100.0,>,,,censored_or_approximate,,,,,,,,False,a607c585-f5df-4037-a954-1b98a1bcfb9c,doi:10.2903/j.efsa.2005.25r,2005.0,True,True,True,True,False,True,False,0,0,0,False,structure_screen_only,False,False
a3aed97a-1360-4486-b653-c824b23d916f,512b463e-b8fa-438a-9e13-fa435b44f15d,4092,3f0a27bd-484f-43df-8934-fb312d1f261e,Carfentrazone-ethyl,mono-constituent substance,2af3521e-e065-4354-af80-ae17366f2274,MLKCGVHIFJBRCD-UHFFFAOYSA-N,MLKCGVHIFJBRCD,MLKCGVHIFJBRCD,CCOC(=O)C(Cl)Cc1cc(-n2nc(C)n(C(F)F)c2=O)c(F)cc1Cl,False,1,128639-02-1,O=C2N(N=C(C)N2C(F)F)C1=CC(CC(Cl)C(OCC)=O)=C(Cl)C=C1F,"InChI=1S/C15H14Cl2F3N3O3/c1-3-26-13(24)10(17)4-8-5-12(11(18)6-9(8)16)23-15(25)22(14(19)20)7(2)21-23/h5-6,10,14H,3-4H2,1-2H3",Oral,LD50,,other:,µg/piece,µg/piece,species_based_piece_to_bee,81.0,>,,,censored_or_approximate,,,,Carfentrazone-ethyl formulation: Carfentrazone-ethyl 40 WG,,,mortality,True,8b11331d-2cac-471b-83a4-0fabb00b5f86,doi:10.2903/j.efsa.2016.4569,2016.0,True,True,True,True,False,True,False,0,0,-1,True,structure_screen_only,True,False
aa0d35dd-dc36-4c6d-a56e-b1c966bd32ae,9d4bfe6f-a2d8-44ab-9945-c1434542506e,4095,0048d075-d1f9-4b12-b806-c0e845a6f424,Thiamethoxam,mono-constituent substance,e63cc611-77aa-46b3-a39c-2d7cda4986b6,NWWZPOKUUAIXIW-DHZHZOJOSA-N,NWWZPOKUUAIXIW,NWWZPOKUUAIXIW,CN1COCN(Cc2cnc(Cl)s2)/C1=N/[N+](=O)[O-],False,1,153719-23-4,CN\1COCN(/C1=N/[N+](=O)[O-])CC2=CN=C(S2)Cl,"InChI=1S/C8H10ClN5O3S/c1-12-4-17-5-13(8(12)11-14(15)16)3-6-2-10-7(9)18-6/h2H,3-5H2,1H3/b11-8+",Oral,LD50,,other:,µg/piece,µg/piece,species_based_piece_to_bee,0.00936,,,,exact,,,,Dust from formulation A9700B (dust contained 7.24% thiamethoxam),,,mortality,True,7bfe09b7-88f5-4ab5-b8d1-39f26f556d5a,doi:10.2903/j.efsa.2013.3067,2013.0,False,True,True,True,False,True,False,1,1,1,True,structure_screen_only,True,False
71924017-ae65-4618-b44c-dc9c4dcef00a,141628f9-5c45-4844-8e5e-4e4e66b4e37a,4097,f758718a-efff-4eac-8d1a-fd8364854a86,Imazaquin formulation (METEOR),multi-constituent substance,decbfe64-3a71-40af-9b39-7166093129e1,,,,,False,0,,,,Contact,LD50,,other:,µg/piece,µg/piece,species_based_piece_to_bee,252.0,>,,,censored_or_approximate,,,,,,,mortality,False,beb0f8ae-c638-468a-8840-cfeb99419d49,"EFSA Journal 2011,9(1):1968, doi:10.2903/j.efsa.2011.1968",2011.0,False,False,False,False,False,False,False,0,0,0,True,structure_screen_only,False,False
08e5f7ed-96fb-4300-b2a5-fba3bdf8a679,59d6981f-6003-4eb4-83c9-4fcf4da507c8,4100,4bfab2fa-379b-4887-9301-c84700b91445,Metrafenone,mono-constituent substance,dd74f1f8-db70-4716-b36a-e4407352c61d,AMSPWOYQQAWRRM-UHFFFAOYSA-N,AMSPWOYQQAWRRM,AMSPWOYQQAWRRM,COc1cc(C)c(C(=O)c2c(OC)ccc(Br)c2C)c(OC)c1OC,False,1,220899-03-6,CC1=CC(=C(C(=C1C(=O)C2=C(C=CC(=C2C)Br)OC)OC)OC)OC,"InChI=1S/C19H21BrO5/c1-10-9-14(23-4)18(24-5)19(25-6)15(10)17(21)16-11(2)12(20)7-8-13(16)22-3/h7-9H,1-6H3",Oral,LD50,,other:,µg/piece,µg/piece,species_based_piece_to_bee,114.0,>,,,censored_or_approximate,,,,,,,mortality,False,faebe646-e45a-4a5b-a62c-cc47e33f7ad8,doi:10.2903/j.efsa.2006.58r,2006.0,True,True,True,True,False,True,False,0,0,0,True,structure_screen_only,True,False
d1b29c55-3946-4093-85d8-ea2a1a48fca2,1ade8e0d-4973-428f-b24f-17ed12824e8b,4102,b3f75b33-0dcf-468b-9a4a-958ca6370b8b,Dodemorph acetate,mono-constituent substance,466ac4c0-5e3b-495b-9357-81f096b06cb0,YLJLLELGHSWIDU-UHFFFAOYSA-N,YLJLLELGHSWIDU,JMXKCYUTURMERF,CC(=O)O.CC1CN(C2CCCCCCCCCCC2)CC(C)O1,False,2,31717-87-0,O=C(O)C.O1C(C)CN(CC1C)C2CCCCCCCCCCC2,"InChI=1S/C18H35NO.C2H4O2/c1-16-14-19(15-17(2)20-16)18-12-10-8-6-4-3-5-7-9-11-13-18;1-2(3)4/h16-18H,3-15H2,1-2H3;1H3,(H,3,4)",Contact,LD50,,other:,µg/piece,µg/piece,species_based_piece_to_bee,76.6,>,,,censored_or_approximate,,,,,,,mortality,False,c11867b7-39ed-4654-a744-f490b4fcf2eb,doi:10.2903/j.efsa.2008.170r,2008.0,True,True,True,True,True,True,False,0,0,-1,True,structure_screen_only,True,False
9a795b0b-e265-46b5-a283-9b333fc88a25,715a39ac-533d-4711-b298-55af5c463d11,4103,279bbcec-cb84-4f4b-b4fa-86abd64c6240,Tribasic copper sulfate formulation (Cuproxat SC),multi-constituent substance,439605bb-9686-4562-9a28-47c9b31831f7,,,,,False,0,,,,Oral,LD50,,other:,µg/piece,µg/piece,species_based_piece_to_bee,40.0,,,,exact,,,,,,,mortality,False,317a7bf0-b2ac-4c6b-8dc3-8b1806c0ad62,doi:10.2903/j.efsa.2018.5152,2018.0,False,False,False,False,False,False,False,0,0,1,True,structure_screen_only,False,False
0a0d1665-e471-4aeb-89ad-dfc1ba0caa87,b531efcf-7a0d-4e19-b1ae-688f553b7916,4104,05489ccd-ed38-421e-81d5-955bf06c56a1,Trifluralin,mono-constituent substance,3c07b355-c855-4a26-ba5d-bba9ecda88b3,ZSDSQXJSNMTJDA-UHFFFAOYSA-N,ZSDSQXJSNMTJDA,ZSDSQXJSNMTJDA,CCCN(CCC)c1c([N+](=O)[O-])cc(C(F)(F)F)cc1[N+](=O)[O-],False,1,1582-09-8,CCCN(CCC)c1c(cc(cc1[N+](=O)[O-])C(F)(F)F)[N+](=O)[O-],"InChI=1/C13H16F3N3O4/c1-3-5-17(6-4-2)12-10(18(20)21)7-9(13(14,15)16)8-11(12)19(22)23/h7-8H,3-6H2,1-2H3",Oral,LD50,,other:,µg/piece,µg/piece,species_based_piece_to_bee,100.0,>,,,censored_or_approximate,,,,,,,mortality,False,6bf2dfdb-8f20-4dd9-963f-0454a5b8a4f0,doi:10.2903/j.efsa.2005.28r,2005.0,True,True,True,True,False,True,False,0,0,0,True,structure_screen_only,True,False
51efd07b-fcf9-429b-b43e-921927eff34c,b24f1c80-57e0-4411-ab7f-dc0365f561a1,4106,bb690a66-8a05-434f-9492-b64714abdd5a,Copper (I) oxide formulation (Nordox 75 WG),multi-constituent substance,3d6306ee-b23f-4ac3-b097-250ac43eeb5d,,,,,False,0,,,,Oral,LD50,,other:,µg/piece,µg/piece,species_based_piece_to_bee,116.0,>,,,censored_or_approximate,,,,,,,mortality,False,317a7bf0-b2ac-4c6b-8dc3-8b1806c0ad62,doi:10.2903/j.efsa.2018.5152,2018.0,False,False,False,False,False,False,False,0,0,0,True,structure_screen_only,False,False
001d120d-983f-4f0d-be85-9088154e30b6,40c5fbc5-ac1d-480c-a911-1c584e63764c,4108,2f0b6cdf-113b-4f27-b1f7-c28927ac46ff,Cyprodinil,mono-constituent substance,5a640519-9ab9-4676-91e6-b8d7bb5e705d,HAORKNGNJCEJBX-UHFFFAOYSA-N,HAORKNGNJCEJBX,HAORKNGNJCEJBX,Cc1cc(C2CC2)nc(Nc2ccccc2)n1,False,1,121552-61-2,CC1=NC(NC3=CC=CC=C3)=NC(C2CC2)=C1,"InChI=1S/C14H15N3/c1-10-9-13(11-7-8-11)17-14(15-10)16-12-5-3-2-4-6-12/h2-6,9,11H,7-8H2,1H3,(H,15,16,17)",Oral,LD50,,µg/bee,,µg/bee,direct_ug_bee,108.2,>,,,censored_or_approximate,,,,UNIX 75 WG,act. ingr.,,mortality,True,679a730d-6ac5-4273-a821-4fb979dcb2e6,EFSA Journal. 2025;23:e9209; doi:10.2903/j.efsa.2025.9209,2025.0,True,True,True,True,True,True,False,0,0,0,True,structure_screen_only,True,False
45292ce6-32a4-4590-ae62-63def46f8666,22010173-89c3-47f2-94b4-d7e9d6c80714,4109,71d5518c-a9b0-4a80-9d2f-07c90e859671,Aminopyralid,mono-constituent substance,938919a3-119a-4492-b8db-4bba01a2e96f,NIXXQNOQHKNPEJ-UHFFFAOYSA-N,NIXXQNOQHKNPEJ,NIXXQNOQHKNPEJ,Nc1cc(Cl)nc(C(=O)O)c1Cl,False,1,150114-71-9,Clc1c(nc(Cl)cc1N)C(=O)O,"InChI=1S/C6H4Cl2N2O2/c7-3-1-2(9)4(8)5(10-3)6(11)12/h1H,(H2,9,10)(H,11,12)",Oral,LD50,,other:,µg/piece,µg/piece,species_based_piece_to_bee,120.0,>,,,censored_or_approximate,48.0,h,48.0,,,,mortality,False,fd5fca87-f785-49ea-9c9d-da1db973dcf7,doi:10.2903/j.efsa.2013.3352,2013.0,True,True,True,True,True,True,False,0,0,0,True,structure_screen_only,True,True
dbb008c7-2476-4aa9-92d3-155eb6e4e487,952eb1e0-c7ec-498d-add5-cebd5e13a7df,4110,627542aa-9f35-4e7d-bfa9-2e600ae57c64,Amisulbrom,mono-constituent substance,9ef1ee03-e3a1-4ebe-b5e7-b8236f8ed9f7,BREATYVWRHIPIY-UHFFFAOYSA-N,BREATYVWRHIPIY,BREATYVWRHIPIY,Cc1c(Br)c2ccc(F)cc2n1S(=O)(=O)c1ncn(S(=O)(=O)N(C)C)n1,False,1,348635-87-0,CC1=C(C2=C(N1S(=O)(=O)C3=NN(C=N3)S(=O)(=O)N(C)C)C=C(C=C2)F)Br,"InChI=1S/C13H13BrFN5O4S2/c1-8-12(14)10-5-4-9(15)6-11(10)20(8)25(21,22)13-16-7-19(17-13)26(23,24)18(2)3/h4-7H,1-3H3",Oral,LD50,,other:,µg/piece,µg/piece,species_based_piece_to_bee,100.0,>,,,censored_or_approximate,48.0,h,48.0,,,,mortality,False,359b9288-fb5a-450d-9a8b-1d988327074f,"EFSA Journal 2014,12(4):3237, doi:10.2903/j.efsa.2014.3237",2014.0,True,True,True,True,True,True,False,0,0,0,True,structure_screen_only,True,True
bcccc0e8-2fbd-4584-82f8-77dd1c637f23,78e17257-ffad-44a9-818f-4c8df9b10111,4111,5c1f3944-e27a-42de-814b-a1b5c1c8b5b0,Triasulfuron,mono-constituent substance,1b5cf621-4bf7-464a-9f28-ad6b08485b17,XOPFESVZMSQIKC-UHFFFAOYSA-N,XOPFESVZMSQIKC,XOPFESVZMSQIKC,COc1nc(C)nc(NC(=O)NS(=O)(=O)c2ccccc2OCCCl)n1,False,1,82097-50-5,CC1=NC(=NC(=N1)OC)NC(=O)NS(=O)(=O)C2=CC=CC=C2OCCCl,"InChI=1S/C14H16ClN5O5S/c1-9-16-12(19-14(17-9)24-2)18-13(21)20-26(22,23)11-6-4-3-5-10(11)25-8-7-15/h3-6H,7-8H2,1-2H3,(H2,16,17,18,19,20,21)",Oral,LD50,,other:,µg/piece,µg/piece,species_based_piece_to_bee,100.0,>,,,censored_or_approximate,,,,,,,mortality,False,823981c9-f045-4bf5-ab7f-ee2ea788b609,doi:10.2903/j.efsa.2015.3958,2015.0,True,True,True,True,False,True,False,0,0,0,True,structure_screen_only,True,False
021a839f-b7c2-4e31-8d42-9392f8d232f8,fa6452ac-e603-40fe-9488-21947c541194,4112,72256cbc-952e-49ec-9a0f-1cbc25f58ef3,Sodium o-nitrophenolate,mono-constituent substance,37c825b7-c8b2-4c9d-a8c1-8ad48982a2a4,AXKBOWBNOCUNJL-UHFFFAOYSA-M,AXKBOWBNOCUNJL,IQUPABOKLQSFBK,O=[N+]([O-])c1ccccc1[O-].[Na+],False,2,824-39-5,C1=CC=C(C(=C1)[N+](=O)[O-])[O-].[Na+],"InChI=1S/C6H5NO3.Na/c8-6-4-2-1-3-5(6)7(9)10;/h1-4,8H;/q;+1/p-1",Contact,LD50,,other:,µg/piece,µg/piece,species_based_piece_to_bee,100.0,>,,,censored_or_approximate,,,,,,,mortality,False,550b701c-9ee8-435d-99b3-202b35988fa6,doi:10.2903/j.efsa.2009.191r,2009.0,True,True,True,True,True,True,False,0,0,0,True,structure_screen_only,True,False
a50ac365-75ca-4e54-9be9-616d76ff7778,525e5da9-7dd7-470a-a2c6-9a08ea487c8e,4114,acee2690-568d-4050-9aae-cf3467956a0c,Bromoxynil octanoate,mono-constituent substance,6e28eb2d-f0bf-4adb-b07f-ce71bcb2053f,DQKWXTIYGWPGOO-UHFFFAOYSA-N,DQKWXTIYGWPGOO,DQKWXTIYGWPGOO,CCCCCCCC(=O)Oc1c(Br)cc(C#N)cc1Br,False,1,1689-99-2,Brc1cc(cc(Br)c1OC(=O)CCCCCCC)C#N,"InChI=1/C15H17Br2NO2/c1-2-3-4-5-6-7-14(19)20-15-12(16)8-11(10-18)9-13(15)17/h8-9H,2-7H2,1H3",Oral,LD50,,other:,µg/piece,µg/piece,species_based_piece_to_bee,65.5,>,,,censored_or_approximate,,,,Bromoxynil- octanoate EC 327.5 G,,,mortality,True,66a7a3b3-eca2-4839-bb1b-9b24e965fb0d,doi:10.2903/j.efsa.2017.4790,2017.0,True,True,True,True,False,True,False,0,0,-1,True,structure_screen_only,True,False
c0946d34-d22c-4936-85d3-00f2505f7029,858c0f46-3208-4f5b-8aa4-5e66b68a6194,4115,0048d075-d1f9-4b12-b806-c0e845a6f424,Thiamethoxam,mono-constituent substance,e63cc611-77aa-46b3-a39c-2d7cda4986b6,NWWZPOKUUAIXIW-DHZHZOJOSA-N,NWWZPOKUUAIXIW,NWWZPOKUUAIXIW,CN1COCN(Cc2cnc(Cl)s2)/C1=N/[N+](=O)[O-],False,1,153719-23-4,CN\1COCN(/C1=N/[N+](=O)[O-])CC2=CN=C(S2)Cl,"InChI=1S/C8H10ClN5O3S/c1-12-4-17-5-13(8(12)11-14(15)16)3-6-2-10-7(9)18-6/h2H,3-5H2,1H3/b11-8+",Contact,LD50,,other:,µg/piece,µg/piece,species_based_piece_to_bee,0.0121,,,,exact,,,,,,,mortality,False,b82127ab-c237-4e40-9a37-839e212f61f7,doi:10.2903/j.efsa.2018.5179,2018.0,False,True,True,True,False,True,False,1,1,1,True,structure_screen_only,True,False
eda93168-fa59-4c23-8329-0bb5b5b198d2,89ce6b24-d9a1-40cf-876e-7ec8074cef75,4116,ef3431e8-8925-4d86-8f91-f4cea6192659,S-metolachlor (sum of isomers),multi-constituent substance,602c2161-981e-4bb1-b0e6-25879583d6e3,WVQBLGZPHOPPFO-UHFFFAOYSA-N,WVQBLGZPHOPPFO,WVQBLGZPHOPPFO,CCc1cccc(C)c1N(C(=O)CCl)C(C)COC,False,1,,CCC1=CC=CC(=C1N(C(C)COC)C(=O)CCl)C,"InChI=1S/C15H22ClNO2/c1-5-13-8-6-7-11(2)15(13)17(14(18)9-16)12(3)10-19-4/h6-8,12H,5,9-10H2,1-4H3",Oral,LD50,,µg/bee,,µg/bee,direct_ug_bee,85.0,>,,,censored_or_approximate,72.0,h,72.0,,,,mortality,False,cd6b1bdf-e02a-4e7f-a1d7-ee1ffdb77fbf,"EFSA Journal 2023,21(2):7852, doi:10.2903/j.efsa.2023.7852",2023.0,True,True,True,False,False,False,False,0,0,-1,True,structure_screen_only,False,False
defbc8b0-dc7a-4284-97a8-991dcb0d2956,9ef70c69-40e0-4aea-a53e-04a6725c4d98,4117,0ea3181a-97ba-4452-a328-7c835aacdba1,Propoxycarbazone,mono-constituent substance,96f93f0e-2fbd-49a2-8bf0-c5748bd84009,JTHMVYBOQLDDIY-UHFFFAOYSA-N,JTHMVYBOQLDDIY,JTHMVYBOQLDDIY,CCCOc1nn(C(=O)NS(=O)(=O)c2ccccc2C(=O)OC)c(=O)n1C,False,1,145026-81-9,CCCOC1=NN(C(=O)N1C)C(=O)NS(=O)(=O)C2=CC=CC=C2C(=O)OC,"InChI=1S/C15H18N4O7S/c1-4-9-26-14-16-19(15(22)18(14)2)13(21)17-27(23,24)11-8-6-5-7-10(11)12(20)25-3/h5-8H,4,9H2,1-3H3,(H,17,21)",Oral,LD50,,other:,µg/piece,µg/piece,species_based_piece_to_bee,109.5,>,,,censored_or_approximate,48.0,h,48.0,ATTRIBUT SG70,,,mortality,True,e3d40140-6955-44a9-9491-5f62b312a81c,doi:10.2903/j.efsa.2016.4612,2016.0,True,True,True,True,True,True,False,0,0,0,True,structure_screen_only,True,False
82222fa5-6405-409b-ba3c-42afb3c8dc39,16db148c-e167-4f5c-b643-4bdd0319b3a9,4121,63fcf6f0-63b8-4e9d-9adf-0d5b4cf1fb23,Aluminium phosphide,mono-constituent substance,f710a39e-804e-4572-a8aa-3532b8eb216f,PPNXXZIBFHTHDM-UHFFFAOYSA-N,PPNXXZIBFHTHDM,FZTWZIMSKAGPSB,[Al]#[P],False,1,20859-73-8,[Al]#P,InChI=1S/Al.P,Oral,LD50,,other:,µg/piece,µg/piece,species_based_piece_to_bee,0.24,,,,exact,48.0,h,48.0,,,,mortality,False,02058005-44cc-4998-be22-f11fb5a625b7,doi:10.2903/j.efsa.2009.182r,2009.0,True,True,True,True,True,True,False,1,1,1,True,structure_screen_only,True,True
65964247-1b3b-44c4-940b-8438dd27b5a8,9394b08a-9240-4f69-8dc4-d4b8fd71438b,4123,8b55cf2f-e5f9-4e7d-91b7-c919f3e7842b,Thiram (expressed as thiram),mono-constituent substance,c0ec031e-ab30-40bd-acf7-8cb432ddc763,KUAZQDVKQLNFPE-UHFFFAOYSA-N,KUAZQDVKQLNFPE,KUAZQDVKQLNFPE,CN(C)C(=S)SSC(=S)N(C)C,False,1,,CN(C)C(=S)SSC(=S)N(C)C,,Oral,LD50,,other:,µg/piece,µg/piece,species_based_piece_to_bee,106.8,>,,,censored_or_approximate,,,,,,,mortality,False,e550a071-7e63-4c7e-99a7-fa90bfa96abf,doi:10.2903/j.efsa.2017.4700,2017.0,True,True,True,False,False,False,False,0,0,0,True,structure_screen_only,True,False
d3a59901-d82d-4635-8592-6ebaba0d6466,c0d72ebf-d91d-4cf2-a43c-c76b0b1b2486,4124,0b946696-7252-4ee0-b75f-2b3367534f88,Mancozeb,mono-constituent substance,8db17e10-236d-4b53-bdf2-24728cb07a97,,,,,False,0,8018-01-7,,,Contact,LD50,,other:,µg/piece,µg/piece,species_based_piece_to_bee,161.7,,,,exact,,,,,,,mortality,False,59a8521c-03f6-4298-b59e-228f05cd592c,doi:10.2903/j.efsa.2020.5755,2019.0,False,False,False,True,True,True,False,0,0,0,True,structure_screen_only,False,False
adfa3412-8c0f-4953-bbba-1d1ef84a5d5c,c24d706d-0efd-4056-b62a-1b4ede5dd030,4125,ce91c86d-78f8-4301-8505-b6e024998880,Asulam Sodium,mono-constituent substance,eab94b9b-a675-46d4-9080-edea3535677b,PEXLHWBDBQUUOG-UHFFFAOYSA-N,PEXLHWBDBQUUOG,VGPYEHKOIGNJKV,COC(=O)NS(=O)(=O)c1ccc(N)cc1.[Na+],False,2,2302-17-2,COC(=O)NS(=O)(=O)C1=CC=C(C=C1)N.[Na+],"InChI=1S/C8H10N2O4S.Na/c1-14-8(11)10-15(12,13)7-4-2-6(9)3-5-7;/h2-5H,9H2,1H3,(H,10,11);/q;+1",Oral,LD50,,other:,µg/piece,µg/piece,species_based_piece_to_bee,123.7,>,,,censored_or_approximate,,,,,,,mortality,False,c776af5e-597a-4e5d-a762-90a9c48dbb86,doi:10.2903/j.efsa.2021.6921,2021.0,False,True,True,True,True,True,False,0,0,0,True,structure_screen_only,True,False
bf488a46-7b00-4d26-bb86-1ae0e5c72c46,1061f7fe-717d-43d2-81fa-7d2dc9faf31f,4126,16f48b4b-6e04-4ca1-a477-d7b66f9db6c2,Tolclofos-methyl,mono-constituent substance,fb606e3b-d69b-42a0-935b-6aa10f910111,OBZIQQJJIKNWNO-UHFFFAOYSA-N,OBZIQQJJIKNWNO,OBZIQQJJIKNWNO,COP(=S)(OC)Oc1c(Cl)cc(C)cc1Cl,False,1,57018-04-9,S=P(OC)(OC)OC1=C(Cl)C=C(C)C=C1Cl,"InChI=1S/C9H11Cl2O3PS/c1-6-4-7(10)9(8(11)5-6)14-15(16,12-2)13-3/h4-5H,1-3H3",Contact,LD50,,other:,µg/piece,µg/piece,species_based_piece_to_bee,100.0,>,,,censored_or_approximate,48.0,h,48.0,,,,mortality,False,c1a4569d-c094-4a89-9a05-a7cc068ad844,doi:10.2903/j.efsa.2005.32ar,2005.0,True,True,True,True,False,True,False,0,0,0,True,structure_screen_only,True,True
f586ee20-041a-49e5-b79d-e13b80179f66,8d8c8533-791b-42da-80fa-b2203fea508f,4127,9d1f1740-8671-48b8-aaa8-bff11a23d00f,Diflubenzuron,mono-constituent substance,386e90a2-df89-4610-b4cb-2b7b579f2984,QQQYTWIFVNKMRW-UHFFFAOYSA-N,QQQYTWIFVNKMRW,QQQYTWIFVNKMRW,O=C(NC(=O)c1c(F)cccc1F)Nc1ccc(Cl)cc1,False,1,35367-38-5,Fc1cccc(F)c1C(=O)NC(=O)Nc2ccc(Cl)cc2,"InChI=1S/C14H9ClF2N2O2/c15-8-4-6-9(7-5-8)18-14(21)19-13(20)12-10(16)2-1-3-11(12)17/h1-7H,(H2,18,19,20,21)",Contact,LD50,,other:,µg/piece,µg/piece,species_based_piece_to_bee,0.05,,,,exact,,,,DIMILIN WG 80,,,mortality,True,ebfe2cbc-0dbb-468c-8549-acf9fc903009,doi:10.2903/j.efsa.2009.332r,2009.0,True,True,True,True,True,True,False,1,1,1,True,structure_screen_only,True,False
2d71d1ba-1ee9-4ed4-bb35-8abe325be086,deab41d6-822f-4bfd-9ffb-c73745a7f7c2,4128,099c95a8-b2aa-40e5-88c7-e4edd312c2ac,Flubendiamide,mono-constituent substance,e28dbeb4-ca89-4a95-8607-1c4fa4189a38,ZGNITFSDLCMLGI-UHFFFAOYSA-N,ZGNITFSDLCMLGI,ZGNITFSDLCMLGI,Cc1cc(C(F)(C(F)(F)F)C(F)(F)F)ccc1NC(=O)c1cccc(I)c1C(=O)NC(C)(C)CS(C)(=O)=O,False,1,272451-65-7,CC1=C(C=CC(=C1)C(C(F)(F)F)(C(F)(F)F)F)NC(=O)C2=C(C(=CC=C2)I)C(=O)NC(C)(C)CS(=O)(=O)C,"InChI=1S/C23H22F7IN2O4S/c1-12-10-13(21(24,22(25,26)27)23(28,29)30)8-9-16(12)32-18(34)14-6-5-7-15(31)17(14)19(35)33-20(2,3)11-38(4,36)37/h5-10H,11H2,1-4H3,(H,32,34)(H,33,35)",Oral,LD50,,other:,µg/piece,µg/piece,species_based_piece_to_bee,200.0,>,,,censored_or_approximate,48.0,h,48.0,,,,mortality,False,9854f98a-6db5-4c7c-ac35-48ceed09c5d1,doi:10.2903/j.efsa.2013.3298,2013.0,True,True,True,True,False,True,False,0,0,0,True,structure_screen_only,True,True
6e9bd495-d908-4df2-88cf-19a757a56aa9,6a7d4a09-3101-41db-b9ba-9e56e5b840f0,4130,14d3260c-6269-4995-84d8-b89cdfe80e80,Propisochlor,mono-constituent substance,945d22ad-dbc5-4c18-bc41-5a63be9d9496,KZNDFYDURHAESM-UHFFFAOYSA-N,KZNDFYDURHAESM,KZNDFYDURHAESM,CCc1cccc(C)c1N(COC(C)C)C(=O)CCl,False,1,86763-47-5,CCC1=CC=CC(=C1N(COC(C)C)C(=O)CCl)C,"InChI=1S/C15H22ClNO2/c1-5-13-8-6-7-12(4)15(13)17(14(18)9-16)10-19-11(2)3/h6-8,11H,5,9-10H2,1-4H3",Contact,LD50,,other:,µg/piece,µg/piece,species_based_piece_to_bee,100.0,>,,,censored_or_approximate,,,,,,,mortality,False,b8eb41a3-793f-4d81-bff2-31883f8b97a9,doi:10.2903/j.efsa.2010.1769,2010.0,True,True,True,True,True,True,False,0,0,0,True,structure_screen_only,True,False
e638b880-143a-4290-9b48-062faf86a5a9,361f9925-cb7c-4fcf-89a6-6fec05fd3828,4131,e5109e34-8c32-409e-a7f4-87a52026cbbc,Zoxamide,mono-constituent substance,c7c80a85-39d7-4f50-9c46-95f7268f06fa,SOUGWDPPRBKJEX-UHFFFAOYSA-N,SOUGWDPPRBKJEX,SOUGWDPPRBKJEX,CCC(C)(NC(=O)c1cc(Cl)c(C)c(Cl)c1)C(=O)CCl,False,1,156052-68-5,CCC(C)(C(=O)CCl)NC(=O)C1=CC(=C(C(=C1)Cl)C)Cl,"InChI=1S/C14H16Cl3NO2/c1-4-14(3,12(19)7-15)18-13(20)9-5-10(16)8(2)11(17)6-9/h5-6H,4,7H2,1-3H3,(H,18,20)",Oral,LD50,,other:,µg/piece,µg/piece,species_based_piece_to_bee,33.0,>,,,censored_or_approximate,,,,"RH-117,281 2F a very similar formulation to Zoxium 240 SC.",,,mortality,True,0ce0bdb2-ca90-4e65-9ef4-c24b6b69f393,doi:10.2903/j.efsa.2017.4980,2017.0,True,True,True,True,False,True,False,0,0,-1,True,structure_screen_only,True,False
0d3297d3-55ad-4a5e-a079-8547bf747472,fef74925-61c2-4469-a720-bb8b6dccaa35,4132,6df6c0f1-e93b-40a9-899d-1aa787006658,Iodosulfuron-methyl-sodium,mono-constituent substance,6fdb3b59-aa9b-46ee-b0b2-c3df43473242,JUJFQMPKBJPSFZ-UHFFFAOYSA-M,JUJFQMPKBJPSFZ,VWGAYSCWLXQJBQ,COC(=O)c1ccc(I)cc1S(=O)(=O)[N-]C(=O)Nc1nc(C)nc(OC)n1.[Na+],False,2,144550-36-7,[Na+].Cc2nc(NC(=O)[N-]S(=O)(=O)c1cc(I)ccc1C(=O)OC)nc(OC)n2,"InChI=1S/C14H14IN5O6S.Na/c1-7-16-12(19-14(17-7)26-3)18-13(22)20-27(23,24)10-6-8(15)4-5-9(10)11(21)25-2;/h4-6H,1-3H3,(H2,16,17,18,19,20,22);/q;+1/p-1",Oral,LD50,,other:,µg/piece,µg/piece,species_based_piece_to_bee,70.0,>,,,censored_or_approximate,72.0,h,72.0,,,,mortality,False,ce166716-b1ec-484e-a17b-d89872dc1d5c,doi:10.2903/j.efsa.2016.4453,2016.0,True,True,True,True,True,True,False,0,0,-1,True,structure_screen_only,True,False
3d553d14-a8ca-45ff-86e3-2b59eb9073e5,2aa1acb7-029c-4037-b369-843b59e43aad,4133,f5d92059-bec2-48a7-9cc4-90e03d8b16a7,Fosetyl-aluminium,mono-constituent substance,74278d6b-0a10-48b8-9602-5f8c4647565d,OIPMQULDKWSNGX-UHFFFAOYSA-N,OIPMQULDKWSNGX,ZUNGGJHBMLMRFJ,CCO[P+](=O)[O-].CCO[P+](=O)[O-].CCO[P+](=O)[O-].[Al+3],False,4,39148-24-8,CCO[P+](=O)[O-].CCO[P+](=O)[O-].CCO[P+](=O)[O-].[Al+3],"InChI=1S/3C2H5O3P.Al/c3*1-2-5-6(3)4;/h3*2H2,1H3;/q;;;+3",Contact,LD50,,other:,µg/piece,µg/piece,species_based_piece_to_bee,1000.0,>,,,censored_or_approximate,,,,,,,mortality,False,80c80f71-4171-47a7-8b5a-ad127d170e74,doi:10.2903/j.efsa.2006.54,2006.0,True,True,True,True,True,True,False,0,0,0,True,structure_screen_only,True,False
866a4cd8-6f0b-4ef0-bd39-052dc0a97736,336b6044-07da-44cd-875b-0a3a97c18483,4134,d7f063ce-9c18-4e80-8f1c-f268054eca48,Cyclaniliprole,mono-constituent substance,203d1913-0a69-4b36-900a-9561730e1fc8,RAMUASXTSSXCMB-UHFFFAOYSA-N,RAMUASXTSSXCMB,RAMUASXTSSXCMB,CC(NC(=O)c1cc(Cl)cc(Br)c1NC(=O)c1cc(Br)nn1-c1ncccc1Cl)C1CC1,False,1,1031756-98-5,CC(C1CC1)NC(=O)C2=CC(=CC(=C2NC(=O)C3=CC(=NN3C4=C(C=CC=N4)Cl)Br)Br)Cl,"InChI=1S/C21H17Br2Cl2N5O2/c1-10(11-4-5-11)27-20(31)13-7-12(24)8-14(22)18(13)28-21(32)16-9-17(23)29-30(16)19-15(25)3-2-6-26-19/h2-3,6-11H,4-5H2,1H3,(H,27,31)(H,28,32)",Oral,LD50,,other:,µg/piece,µg/piece,species_based_piece_to_bee,0.194,,,,exact,,,,IKI-3106 50SL,,,mortality,True,3f3e31a3-5308-44d7-8810-e7d93e259383,doi:10.2903/j.efsa.2016.4452,2016.0,True,True,True,True,True,True,False,1,1,1,True,structure_screen_only,True,False
31d7cc7a-5d3d-4cd7-b2e6-9a5ef4bb97c4,711ab9cc-79c5-4e55-92b9-0903674a1c14,4139,c9001681-a44f-4e80-b4bc-d7e1849e6dca,Dithianon,mono-constituent substance,42a27dc4-5a87-41f7-bd19-c77feb75bce5,PYZSVQVRHDXQSL-UHFFFAOYSA-N,PYZSVQVRHDXQSL,PYZSVQVRHDXQSL,N#Cc1sc2c(=O)c3ccccc3c(=O)c=2sc1C#N,False,1,3347-22-6,O=C1C2=C(SC(=C(S2)C#N)C#N)C(=O)c3ccccc13,InChI=1/C14H4N2O2S2/c15-5-9-10(6-16)20-14-12(18)8-4-2-1-3-7(8)11(17)13(14)19-9/h1-4H,Oral,LD50,,other:,µg/piece,µg/piece,species_based_piece_to_bee,25.4,>,,,censored_or_approximate,48.0,h,48.0,,,,mortality,False,6d475436-6bf1-4fc4-88b9-9808df67b9d6,doi:10.2903/j.efsa.2010.1904,2010.0,True,True,True,True,True,True,False,0,0,-1,True,structure_screen_only,True,True
33139c3c-3dd3-4e60-9e50-5c8f9935daaa,915288b8-085c-46fe-935a-8cf1e595f207,4140,7d44523d-cb1c-4707-aa2e-b186c5d466d0,Fenpyroximate,mono-constituent substance,8786e4d6-0092-4474-b273-48808f40c5ae,YYJNOYZRYGDPNH-MFKUBSTISA-N,YYJNOYZRYGDPNH,YYJNOYZRYGDPNH,Cc1nn(C)c(Oc2ccccc2)c1/C=N/OCc1ccc(C(=O)OC(C)(C)C)cc1,False,1,134098-61-6,CC1=NN(C(=C1/C=N/OCC2=CC=C(C=C2)C(=O)OC(C)(C)C)OC3=CC=CC=C3)C,"InChI=1S/C24H27N3O4/c1-17-21(22(27(5)26-17)30-20-9-7-6-8-10-20)15-25-29-16-18-11-13-19(14-12-18)23(28)31-24(2,3)4/h6-15H,16H2,1-5H3/b25-15+",Contact,LD50,,other:,µg/piece,µg/piece,species_based_piece_to_bee,15.8,,,,exact,,,,,,,mortality,False,496f9933-0a21-4cd6-92b9-871f10adb43b,doi:10.2903/j.efsa.2013.3493,2013.0,False,True,True,True,True,True,False,0,0,1,True,structure_screen_only,True,False
7f75d9c5-f5e9-4ea0-8714-ebed33379ee5,9b0e9506-a210-401f-a7ac-0b446c52bc93,4141,c848e311-d40e-46c3-b367-712e8e8025b9,Quinmerac,mono-constituent substance,3701b4ac-09aa-47a7-b078-442655da5d03,ALZOLUNSQWINIR-UHFFFAOYSA-N,ALZOLUNSQWINIR,ALZOLUNSQWINIR,Cc1cnc2c(C(=O)O)c(Cl)ccc2c1,False,1,90717-03-6,O=C(O)C1=C(Cl)C=CC2=C1N=CC(C)=C2,"InChI=1S/C11H8ClNO2/c1-6-4-7-2-3-8(12)9(11(14)15)10(7)13-5-6/h2-5H,1H3,(H,14,15)",Contact,LD50,,other:,µg/piece,µg/piece,species_based_piece_to_bee,100.0,>,,,censored_or_approximate,48.0,h,48.0,,,,mortality,False,f07121a6-f7f7-42ad-b647-45f83fe169ba,doi:10.2903/j.efsa.2010.1523,2010.0,True,True,True,True,True,True,False,0,0,0,True,structure_screen_only,True,True
f1b458c2-c9e0-4720-a711-e664911e2888,8a0d3952-2fcc-49be-b05b-6e967cc0e369,4142,c5526177-ee58-4b70-acb6-c08e52258691,Bromoxynil,mono-constituent substance,ca8018c3-b6a0-4988-bdfd-a8f5c05d7926,UPMXNNIRAGDFEH-UHFFFAOYSA-N,UPMXNNIRAGDFEH,UPMXNNIRAGDFEH,N#Cc1cc(Br)c(O)c(Br)c1,False,1,1689-84-5,C1=C(C=C(C(=C1Br)O)Br)C#N,"InChI=1S/C7H3Br2NO/c8-5-1-4(3-10)2-6(9)7(5)11/h1-2,11H",Oral,LD50,,other:,µg/piece,µg/piece,species_based_piece_to_bee,10.9,,,,exact,,,,,,,mortality,False,66a7a3b3-eca2-4839-bb1b-9b24e965fb0d,doi:10.2903/j.efsa.2017.4790,2017.0,True,True,True,True,False,True,False,0,1,1,True,structure_screen_only,True,False
d0b48828-12a6-4ade-9983-17110dd54aa2,4e615411-a585-410d-b2e1-27caac640d6d,4143,68473485-006d-439f-9995-b7b90fca0a43,Tralkoxydim,mono-constituent substance,3fcb9e32-4974-4a81-bc50-21fd19824b48,SOTLWPHEAQOHHC-UHFFFAOYSA-N,SOTLWPHEAQOHHC,SOTLWPHEAQOHHC,CCONC(CC)=C1C(=O)CC(c2c(C)cc(C)cc2C)CC1=O,False,1,87820-88-0,CCC(=C1C(=O)CC(CC1=O)C2=C(C=C(C=C2C)C)C)NOCC,"InChI=1S/C20H27NO3/c1-6-16(21-24-7-2)20-17(22)10-15(11-18(20)23)19-13(4)8-12(3)9-14(19)5/h8-9,15,21H,6-7,10-11H2,1-5H3",Oral,LD50,,other:,µg/piece,µg/piece,species_based_piece_to_bee,117.0,>,,,censored_or_approximate,,,,"Preparation: ""A-12706 A"" 242 g/L tralkoxydim SC",,,mortality,True,686a1aa3-e041-41a8-bdb0-f6b388b7137f,doi:10.2903/j.efsa.2008.139r,2008.0,True,True,True,True,True,True,False,0,0,0,True,structure_screen_only,True,False
591a3771-0313-4c06-bea9-2839b3e11410,cabc1001-0d71-464e-93da-55cf02c291f6,4145,908ec381-fba6-4dba-9acf-ebf2942a265b,Carboxin,mono-constituent substance,c1dd8d66-c0ee-4357-9cd2-3472ac69062d,GYSSRZJIHXQEHQ-UHFFFAOYSA-N,GYSSRZJIHXQEHQ,GYSSRZJIHXQEHQ,CC1=C(C(=O)Nc2ccccc2)SCCO1,False,1,5234-68-4,CC1=C(SCCO1)C(=O)Nc2ccccc2,"InChI=1/C12H13NO2S/c1-9-11(16-8-7-15-9)12(14)13-10-5-3-2-4-6-10/h2-6H,7-8H2,1H3,(H,13,14)",Oral,LD50,,other:,µg/piece,µg/piece,species_based_piece_to_bee,100.0,>,,,censored_or_approximate,48.0,h,48.0,,,,mortality,False,5b8492c1-aec8-4feb-bb63-069277db34c9,doi:10.2903/j.efsa.2010.1857,2010.0,True,True,True,True,False,True,False,0,0,0,True,structure_screen_only,True,True
f7600ed8-a033-4046-930f-610a53afc12b,7ac11a1f-18b9-4f5f-9044-de4b67b46b2a,4146,310cd491-f711-4cc9-8a23-10cf92130c9c,Bixlozone,mono-constituent substance,4a312cd1-d626-4cb5-aefa-4ce8d95eba81,FHUKASKVKWSLCY-UHFFFAOYSA-N,FHUKASKVKWSLCY,FHUKASKVKWSLCY,CC1(C)CON(Cc2ccc(Cl)cc2Cl)C1=O,False,1,81777-95-9,CC1(CON(C1=O)CC2=C(C=C(C=C2)Cl)Cl)C,"InChI=1S/C12H13Cl2NO2/c1-12(2)7-17-15(11(12)16)6-8-3-4-9(13)5-10(8)14/h3-5H,6-7H2,1-2H3",Contact,LD50,,µg/bee,,µg/bee,direct_ug_bee,100.0,>,,,censored_or_approximate,,,,,,,mortality,False,d9042862-199f-4d74-9559-4c23b5c398c2,EFSA Journal. 2024;22:e9054; doi:10.2903/j.efsa.2024.9054,2024.0,True,True,True,True,True,True,False,0,0,0,True,structure_screen_only,True,False
6771c091-8fb4-4488-93a5-de72df3104b4,7184216d-278a-49b9-a58e-5b5717212ad2,4147,546393ff-7f34-4ba6-afde-cc9ea3ffcfde,Fenpicoxamid,mono-constituent substance,aff7cdf1-5398-480a-9c6d-b8632aa98e21,QGTOTYJSCYHYFK-XSARVHFWSA-N,QGTOTYJSCYHYFK,QGTOTYJSCYHYFK,COc1ccnc(C(=O)N[C@@H]2COC(=O)[C@H](Cc3ccccc3)[C@@H](OC(=O)C(C)C)[C@H](C)OC2=O)c1OCOC(=O)C(C)C,False,1,517875-34-2,C[C@H]1[C@@H]([C@H](C(=O)OC[C@H](C(=O)O1)NC(=O)C2=NC=CC(=C2OCOC(=O)C(C)C)OC)CC3=CC=CC=C3)OC(=O)C(C)C,"InChI=1S/C31H38N2O11/c1-17(2)28(35)42-16-41-26-23(39-6)12-13-32-24(26)27(34)33-22-15-40-30(37)21(14-20-10-8-7-9-11-20)25(19(5)43-31(22)38)44-29(36)18(3)4/h7-13,17-19,21-22,25H,14-16H2,1-6H3,(H,33,34)/t19-,21+,22+,25-/m0/s1",Oral,LD50,,other:,µg/piece,µg/piece,species_based_piece_to_bee,303.0,>,,,censored_or_approximate,,,,,,,mortality,False,30badc6f-6374-4afc-af0a-91ae5b7cd254,doi:10.2903/j.efsa.2018.5146,2018.0,False,True,True,True,True,True,False,0,0,0,True,structure_screen_only,True,False
c308e24a-9e9a-478a-9732-d6bfe833d2dd,e98afc87-649b-4777-8f4b-4c619c9506c9,4148,0ef03897-f7a9-4220-a3e1-fe23227851d7,Benfluralin,mono-constituent substance,75e20bcc-942c-469e-9564-8709f40c4e68,SMDHCQAYESWHAE-UHFFFAOYSA-N,SMDHCQAYESWHAE,SMDHCQAYESWHAE,CCCCN(CC)c1c([N+](=O)[O-])cc(C(F)(F)F)cc1[N+](=O)[O-],False,1,1861-40-1,CCCCN(CC)C1=C(C=C(C=C1[N+](=O)[O-])C(F)(F)F)[N+](=O)[O-],"InChI=1S/C13H16F3N3O4/c1-3-5-6-17(4-2)12-10(18(20)21)7-9(13(14,15)16)8-11(12)19(22)23/h7-8H,3-6H2,1-2H3",Contact,LD50,,other:,µg/piece,µg/piece,species_based_piece_to_bee,100.0,>,,,censored_or_approximate,,,,,,,mortality,False,b2916965-57b2-4b99-9c4a-0a2b0ae35bd2,doi:10.2903/j.efsa.2019.5842,2019.0,True,True,True,True,False,True,False,0,0,0,True,structure_screen_only,True,False
34ddc1e4-225b-42be-93c9-74bc4a123222,ddd2234d-1e93-4730-b889-8a842f6d18a0,4150,9b0a515e-2fc8-4a91-b2cd-b90014194b17,Esfenvalerate,mono-constituent substance,3f440f2b-d1d4-45ee-a01c-f297fa9046f4,NYPJDWWKZLNGGM-UHFFFAOYSA-N,NYPJDWWKZLNGGM,NYPJDWWKZLNGGM,CC(C)C(C(=O)OC(C#N)c1cccc(Oc2ccccc2)c1)c1ccc(Cl)cc1,True,1,66230-04-4,CC(C)C(C1=CC=C(C=C1)Cl)C(=O)OC(C#N)C2=CC(=CC=C2)OC3=CC=CC=C3,"InChI=1S/C25H22ClNO3/c1-17(2)24(18-11-13-20(26)14-12-18)25(28)30-23(16-27)19-7-6-10-22(15-19)29-21-8-4-3-5-9-21/h3-15,17,23-24H,1-2H3/t23-,24+/m1/s1",Contact,LD50,,other:,µg/piece,µg/piece,species_based_piece_to_bee,0.06,,,,exact,,,,,,,mortality,False,1b9f7791-e3a1-49e7-810a-4f759f33fad9,"EFSA Journal 2014,12(11):3873, doi:10.2903/j.efsa.2014.3873",2014.0,True,True,True,False,False,False,False,1,1,1,True,structure_screen_only,False,False
5c8522cb-66c0-4e39-98d6-814bd2f6c1c4,17a8c676-f68b-478d-9e72-f84ddb46d2fa,4151,ebaf4d01-665e-4d51-85e6-d7ab83e21d59,Mandestrobin,mono-constituent substance,466e9e2f-7700-423a-9d8e-7e6aa39e46bf,,,,,False,0,173662-97-0,,,Oral,LD50,,other:,µg/piece,µg/piece,species_based_piece_to_bee,110.71,>,,,censored_or_approximate,,,,,,,mortality,False,855d4abc-8b94-44d9-83a3-9f280554cde8,doi:10.2903/j.efsa.2015.4100,2015.0,False,False,False,True,False,True,False,0,0,0,True,structure_screen_only,False,False
95530fd5-6530-4e72-8381-443474cd6c78,852a3452-41fc-4ae3-aeaa-f87ddf455e28,4152,5d1907a1-6bea-40e1-8512-bd798a9b4fca,Imidacloprid,mono-constituent substance,c99b657a-c02d-48a3-9ad7-b6cf5838bde0,YWTYJOPNNQFBPC-UHFFFAOYSA-N,YWTYJOPNNQFBPC,YWTYJOPNNQFBPC,O=[N+]([O-])/N=C1\NCCN1Cc1ccc(Cl)nc1,False,1,138261-41-3,ClC(C=C2)=NC=C2CN1/C(NCC1)=N/[N+]([O-])=O,"InChI=1S/C9H10ClN5O2/c10-8-2-1-7(5-12-8)6-14-4-3-11-9(14)13-15(16)17/h1-2,5H,3-4,6H2,(H,11,13)",Oral,LD50,,other:,µg/piece,µg/piece,species_based_piece_to_bee,0.0037,,,,exact,,,,,,,mortality,False,d9208219-9dd1-4ead-bfb0-78397aec1a9b,doi:10.2903/j.efsa.2013.3068,2013.0,True,True,True,True,True,True,False,1,1,1,True,structure_screen_only,True,False
1ef24116-1c26-42d5-9b3a-b706f5ecd6d5,3c11314c-7908-4f65-ac53-b7aaf24fe3d3,4155,cc090eb5-1e43-4b88-bee8-c2cec4c2ab72,Diquat formulation (Diquat 20% SL),multi-constituent substance,cfbdbbb4-4603-4fa8-afc3-501bc489fa8f,,,,,False,0,,,,Contact,LD50,,other:,µg/piece,µg/piece,species_based_piece_to_bee,20.1,>,,,censored_or_approximate,,,,,,,mortality,False,b44312a3-716f-43ad-826a-f51b3b18bae9,doi:10.2903/j.efsa.2015.4308,2015.0,False,False,False,False,False,False,False,0,0,-1,True,structure_screen_only,False,False
993e1db2-0fec-4b0c-8d0d-caa64850ed92,3073081b-49d0-47bf-8e04-93c7cf232352,4156,1bad7e6b-867e-46ca-824c-f6839141b71d,Fenitrothion,mono-constituent substance,aa7090b0-9f9c-4347-8730-e3cc984c8d32,ZNOLGFHPUIJIMJ-UHFFFAOYSA-N,ZNOLGFHPUIJIMJ,ZNOLGFHPUIJIMJ,COP(=S)(OC)Oc1ccc([N+](=O)[O-])c(C)c1,False,1,122-14-5,COP(=S)(OC)Oc1ccc(c(C)c1)[N+](=O)[O-],"InChI=1/C9H12NO5PS/c1-7-6-8(4-5-9(7)10(11)12)15-16(17,13-2)14-3/h4-6H,1-3H3",Oral,LD50,,other:,µg/piece,µg/piece,species_based_piece_to_bee,0.2,,,,exact,,,,,,,mortality,False,ac84074d-5eda-4176-9a36-40e5d3339825,doi:10.2903/j.efsa.2006.59r,2006.0,True,True,True,True,False,True,False,1,1,1,True,structure_screen_only,True,False
2577aa43-18dc-4790-abe7-118c2494022d,97ae8a5a-f3b4-4df9-8f19-2c9f3eca068e,4160,b6dd2ebb-bf7c-4554-8671-267246f3ff00,Triadimenol,mono-constituent substance,67d76cac-f18f-4968-bad1-11cb313befa7,BAZVSMNPJJMILC-UHFFFAOYSA-N,BAZVSMNPJJMILC,BAZVSMNPJJMILC,CC(C)(C)C(O)C(Oc1ccc(Cl)cc1)n1cncn1,False,1,55219-65-3,OC(C(C)(C)C)C(N2N=CN=C2)OC1=CC=C(Cl)C=C1,"InChI=1S/C14H18ClN3O2/c1-14(2,3)12(19)13(18-9-16-8-17-18)20-11-6-4-10(15)5-7-11/h4-9,12-13,19H,1-3H3",Contact,LD50,,other:,µg/piece,µg/piece,species_based_piece_to_bee,200.0,>,,,censored_or_approximate,48.0,h,48.0,,,,mortality,False,b36abe2c-1048-496a-b8bb-20e11b802a9d,doi:10.2903/j.efsa.2008.177r,2008.0,True,True,True,True,False,True,False,0,0,0,True,structure_screen_only,True,True
6fdc9f28-b75d-42b2-bfd0-c494b71f1615,333f40b2-7c62-45a4-a2f8-8295bbb5e9f3,4161,189d6bc4-f24b-42f6-94bb-bf02aef51d70,1-methylcyclopropene,mono-constituent substance,07640ec2-1347-4cbe-89d9-3a4777f376b5,SHDPRTQPPWIEJG-UHFFFAOYSA-N,SHDPRTQPPWIEJG,SHDPRTQPPWIEJG,CC1=CC1,False,1,3100-04-7,CC1=CC1,"InChI=1S/C4H6/c1-4-2-3-4/h2H,3H2,1H3",Oral,LD50,,µg/bee,,µg/bee,direct_ug_bee,1.5,>,,,censored_or_approximate,,,,AF-701,act. ingr.,,mortality,True,a2d7652d-b5c8-423a-935b-936d1212b8d4,"EFSA Journal. 2024,22:e8977, doi:10.2903/j.efsa.2024.8977",2024.0,True,True,True,True,True,True,False,0,-1,-1,True,structure_screen_only,True,False
92f6237a-0ef4-4142-90f6-1b9685194912,1f5098d7-3a12-4eb1-a680-8eb9fd6e6c79,4163,d623907c-1a06-4e18-8023-8402679a6c3a,Fenpropimorph (sum of isomers),mono-constituent substance,a476edc9-d672-4be6-a9b1-c52d695c4d0a,,,,,False,0,,,,Oral,LD50,,other:,µg/piece,µg/piece,species_based_piece_to_bee,95.6,>,,,censored_or_approximate,48.0,h,48.0,,,,mortality,False,15bd7085-b1de-4362-919c-d1af5b418f85,doi:10.2903/j.efsa.2008.144r,2008.0,False,False,False,False,False,False,False,0,0,-1,True,structure_screen_only,False,False
c3333dcd-368f-40b0-aaad-298ab2414576,55d74f18-cbaf-4451-a7bb-d15de93efaa1,4164,f758718a-efff-4eac-8d1a-fd8364854a86,Imazaquin formulation (METEOR),multi-constituent substance,decbfe64-3a71-40af-9b39-7166093129e1,,,,,False,0,,,,Oral,LD50,,other:,µg/piece,µg/piece,species_based_piece_to_bee,290.0,>,,,censored_or_approximate,,,,,,,mortality,False,beb0f8ae-c638-468a-8840-cfeb99419d49,"EFSA Journal 2011,9(1):1968, doi:10.2903/j.efsa.2011.1968",2011.0,False,False,False,False,False,False,False,0,0,0,True,structure_screen_only,False,False
fec5cd74-c67a-410b-9d43-d4acb832cdf8,9cc63a78-2585-4aed-a116-6a5964ba74bf,4167,310cd491-f711-4cc9-8a23-10cf92130c9c,Bixlozone,mono-constituent substance,4a312cd1-d626-4cb5-aefa-4ce8d95eba81,FHUKASKVKWSLCY-UHFFFAOYSA-N,FHUKASKVKWSLCY,FHUKASKVKWSLCY,CC1(C)CON(Cc2ccc(Cl)cc2Cl)C1=O,False,1,81777-95-9,CC1(CON(C1=O)CC2=C(C=C(C=C2)Cl)Cl)C,"InChI=1S/C12H13Cl2NO2/c1-12(2)7-17-15(11(12)16)6-8-3-4-9(13)5-10(8)14/h3-5H,6-7H2,1-2H3",Oral,LD50,,µg/bee,,µg/bee,direct_ug_bee,100.0,>,,,censored_or_approximate,,,,,,,mortality,False,d9042862-199f-4d74-9559-4c23b5c398c2,EFSA Journal. 2024;22:e9054; doi:10.2903/j.efsa.2024.9054,2024.0,True,True,True,True,True,True,False,0,0,0,True,structure_screen_only,True,False
3f73d3f0-5f1a-441c-adcf-81f6d8d4f370,f902131f-f59b-4390-915e-7b01eb10e46a,4168,cbee2c77-8e6b-455f-ac78-5ddcbc625483,Bromoxynil butyrate,mono-constituent substance,7051b4f7-cbd3-45fb-9190-3317829ae2b7,PGMZYNZXIYOOHJ-UHFFFAOYSA-N,PGMZYNZXIYOOHJ,PGMZYNZXIYOOHJ,CCCC(=O)Oc1c(Br)cc(C#N)cc1Br,False,1,3861-41-4,CCCC(=O)OC1=C(C=C(C=C1Br)C#N)Br,"InChI=1S/C11H9Br2NO2/c1-2-3-10(15)16-11-8(12)4-7(6-14)5-9(11)13/h4-5H,2-3H2,1H3",Oral,LD50,,other:,µg/piece,µg/piece,species_based_piece_to_bee,76.4,,,,exact,,,,CA2239,,,mortality,True,66a7a3b3-eca2-4839-bb1b-9b24e965fb0d,doi:10.2903/j.efsa.2017.4790,2017.0,True,True,True,True,False,True,False,0,0,1,True,structure_screen_only,True,False
5edc364d-9d19-4d25-aedb-ba6489f5b88c,297ebb59-f1bf-48ed-a1b3-0b74c4bc9933,4170,87889576-4fa8-4117-a5cf-861c249d60f2,Lenacil,mono-constituent substance,fba272b8-27de-4e5f-9b64-b66c5e88d1f6,ZTMKADLOSYKWCA-UHFFFAOYSA-N,ZTMKADLOSYKWCA,ZTMKADLOSYKWCA,O=c1[nH]c2c(c(=O)n1C1CCCCC1)CCC2,False,1,2164-08-1,O=C1NC2=C(CCC2)C(=O)N1C3CCCCC3,"InChI=1S/C13H18N2O2/c16-12-10-7-4-8-11(10)14-13(17)15(12)9-5-2-1-3-6-9/h9H,1-8H2,(H,14,17)",Oral,LD50,,µg/bee,,µg/bee,direct_ug_bee,110.0,>,,,censored_or_approximate,,,,Lenacil 500 g/L SC,act. ingr.,,mortality,True,4a08111c-c4dc-424e-8e9d-f0f217606fca,"EFSA Journal. 2024,22:e8860, doi:10.2903/j.efsa.2024.8860",2024.0,True,True,True,True,True,True,False,0,0,0,True,structure_screen_only,True,False
3603ac6e-f880-40d0-9436-10af3f4dfe8a,70786139-9458-41da-905a-89fb2c08c3a8,4172,961ee044-9060-407a-bffe-f77b14bc6d0a,Prochloraz,mono-constituent substance,2ad2e7c6-9d84-482f-93f2-03c6c363c176,TVLSRXXIMLFWEO-UHFFFAOYSA-N,TVLSRXXIMLFWEO,TVLSRXXIMLFWEO,CCCN(CCOc1c(Cl)cc(Cl)cc1Cl)C(=O)n1ccnc1,False,1,67747-09-5,CCCN(CCOC1=C(C=C(C=C1Cl)Cl)Cl)C(=O)N2C=CN=C2,"InChI=1S/C15H16Cl3N3O2/c1-2-4-20(15(22)21-5-3-19-10-21)6-7-23-14-12(17)8-11(16)9-13(14)18/h3,5,8-10H,2,4,6-7H2,1H3",Oral,LD50,,other:,µg/piece,µg/piece,species_based_piece_to_bee,101.06,>,,,censored_or_approximate,48.0,h,48.0,,,,mortality,False,270f7df8-e6a0-4719-b86f-b6c50ac37bd6,"EFSA Journal 2011, 9(7):2323, doi:10.2903/j.efsa.2011.2323",2011.0,True,True,True,True,True,True,False,0,0,0,True,structure_screen_only,True,True
21b77da0-90c7-4970-8c88-e1117817117c,2d8396eb-7f25-48fe-933a-a9467a3bcf70,4173,0a010242-e5d5-42bb-9a5d-8608f221e51c,Aluminium ammonium sulphate dodecahydrate,mono-constituent substance,ce93a285-81fb-466c-a0e4-cc5275dc83ec,WZUKKIPWIPZMAS-UHFFFAOYSA-K,WZUKKIPWIPZMAS,QAOWNCQODCNURD,O.O.O.O.O.O.O.O.O.O.O.O.O=S(=O)([O-])[O-].O=S(=O)([O-])[O-].[Al+3].[NH4+],False,16,7784-26-1,[NH4+].O.O.O.O.O.O.O.O.O.O.O.O.[O-]S(=O)(=O)[O-].[O-]S(=O)(=O)[O-].[Al+3],"InChI=1S/Al.H3N.2H2O4S.12H2O/c;;2*1-5(2,3)4;;;;;;;;;;;;/h;1H3;2*(H2,1,2,3,4);12*1H2/q+3;;;;;;;;;;;;;;;/p-3",Contact,LD50,,other:,µg/piece,µg/piece,species_based_piece_to_bee,100.0,>,,,censored_or_approximate,,,,,,,mortality,False,54434595-c62f-46b5-b75c-4d5512bb65bd,doi:10.2903/j.efsa.2022.7319,2022.0,False,False,True,True,False,True,False,0,0,0,True,structure_screen_only,True,False
193147c3-7d5a-474a-afff-5fb0bcf76b0b,371f173c-0887-40bb-b4a7-2ae7fa5f3a9b,4176,952c623f-e486-4356-b16d-fb050a570bd1,tau-fluvalinate,mono-constituent substance,7400e8b4-d460-409f-9a18-8b1ae7da89a4,INISTDXBRIBGOC-XMMISQBUSA-N,INISTDXBRIBGOC,INISTDXBRIBGOC,CC(C)[C@@H](Nc1ccc(C(F)(F)F)cc1Cl)C(=O)OC(C#N)c1cccc(Oc2ccccc2)c1,False,1,102851-06-9,CC(C)[C@H](C(=O)OC(C#N)C1=CC(=CC=C1)OC2=CC=CC=C2)NC3=C(C=C(C=C3)C(F)(F)F)Cl,"InChI=1S/C26H22ClF3N2O3/c1-16(2)24(32-22-12-11-18(14-21(22)27)26(28,29)30)25(33)35-23(15-31)17-7-6-10-20(13-17)34-19-8-4-3-5-9-19/h3-14,16,23-24,32H,1-2H3/t23?,24-/m1/s1",Oral,LD50,,other:,µg/piece,µg/piece,species_based_piece_to_bee,12.6,,,,exact,48.0,h,48.0,,,,mortality,False,b782d9de-dda8-4afe-9afe-f2e747c36f9d,doi:10.2903/j.efsa.2010.1645,2010.0,False,True,True,True,True,True,False,0,0,1,True,structure_screen_only,True,True
2ee44b4e-3b57-43f6-89a8-bacb76636696,5c8d2d0f-4283-44fa-9742-54c24ad8fbc9,4177,2c768256-dd97-47a0-b1c0-5af9ff342323,Amidosulfuron,mono-constituent substance,61acd9a4-5ad2-408b-a03a-ebdb5e2f468e,CTTHWASMBLQOFR-UHFFFAOYSA-N,CTTHWASMBLQOFR,CTTHWASMBLQOFR,COc1cc(OC)nc(NC(=O)NS(=O)(=O)N(C)S(C)(=O)=O)n1,False,1,120923-37-7,O=C(Nc1nc(cc(OC)n1)OC)NS(=O)(=O)N(C)S(C)(=O)=O,"InChI=1S/C9H15N5O7S2/c1-14(22(4,16)17)23(18,19)13-9(15)12-8-10-6(20-2)5-7(11-8)21-3/h5H,1-4H3,(H2,10,11,12,13,15)",Oral,LD50,,µg/bee,,µg/bee,direct_ug_bee,106.6,>,,,censored_or_approximate,,,,Amidosulfuron WG 75,act. ingr.,,mortality,True,7fc23f66-c25a-473b-b0b4-6b784d0de953,"EFSA Journal. 2024;22:e8984, doi:10.2903/j.efsa.2024.8984",2024.0,True,True,True,True,True,True,False,0,0,0,True,structure_screen_only,True,False
e9b46747-9803-4e4a-8156-4eabf167a0bc,95126091-79e5-4271-aadb-3580bb261f8b,4178,ce4bbdca-6245-4364-ab4e-2ed58ece4357,Cyazofamid,mono-constituent substance,d44dd546-efbf-4b44-b32c-454bd84bc4e2,YXKMMRDKEKCERS-UHFFFAOYSA-N,YXKMMRDKEKCERS,YXKMMRDKEKCERS,Cc1ccc(-c2c(Cl)nc(C#N)n2S(=O)(=O)N(C)C)cc1,False,1,120116-88-3,O=S(N1C(C#N)=NC(Cl)=C1C2=CC=C(C)C=C2)(N(C)C)=O,"InChI=1S/C13H13ClN4O2S/c1-9-4-6-10(7-5-9)12-13(14)16-11(8-15)18(12)21(19,20)17(2)3/h4-7H,1-3H3",Contact,LD50,,other:,µg/piece,µg/piece,species_based_piece_to_bee,9.52,,,,exact,,,,Cyazofamid formulation: IKF-916 160SC-N,,,mortality,True,3714ce9a-6bf2-4d1c-8823-616fb1a72587,doi:10.2903/j.efsa.2016.4503,2016.0,True,True,True,True,False,True,False,0,1,1,True,structure_screen_only,True,False
8e6217f7-c6be-4b3a-9755-f615e38e783c,4de1837f-2bc0-4b5d-8750-33a4ed07bedc,4180,e61b0486-a3fd-4334-ba37-9e357b5cb4cd,Flazasulfuron,mono-constituent substance,eed103e6-e35b-493b-ac8c-353541946030,HWATZEJQIXKWQS-UHFFFAOYSA-N,HWATZEJQIXKWQS,HWATZEJQIXKWQS,COc1cc(OC)nc(NC(=O)NS(=O)(=O)c2ncccc2C(F)(F)F)n1,False,1,104040-78-0,COC1=CC(=NC(=N1)NC(=O)NS(=O)(=O)C2=C(C=CC=N2)C(F)(F)F)OC,"InChI=1S/C13H12F3N5O5S/c1-25-8-6-9(26-2)19-11(18-8)20-12(22)21-27(23,24)10-7(13(14,15)16)4-3-5-17-10/h3-6H,1-2H3,(H2,18,19,20,21,22)",Contact,LD50,,other:,µg/piece,µg/piece,species_based_piece_to_bee,25.9,>,,,censored_or_approximate,,,,Flazasulfuron formulation: SL-160 25% WG,,,mortality,True,24ac8bf5-3311-4e54-85f6-a106da80eae5,doi:10.2903/j.efsa.2016.4575,2016.0,True,True,True,True,False,True,False,0,0,-1,True,structure_screen_only,True,False
f33a35d1-f0a8-4175-913f-d3ddbdb28025,81add7cc-44a6-47e2-98eb-c9c9e51e679a,4181,582536dd-ad5d-4ba2-8168-fe0687fc489a,Clodinafop-Propargyl,mono-constituent substance,250ab577-5bcb-4a56-9a39-caa1cfe1c282,JBDHZKLJNAIJNC-LLVKDONJSA-N,JBDHZKLJNAIJNC,JBDHZKLJNAIJNC,C#CCOC(=O)[C@@H](C)Oc1ccc(Oc2ncc(Cl)cc2F)cc1,False,1,105512-06-9,O=C(OCC#C)[C@H](OC1=CC=C(OC2=NC=C(Cl)C=C2F)C=C1)C,"InChI=1S/C17H13ClFNO4/c1-3-8-22-17(21)11(2)23-13-4-6-14(7-5-13)24-16-15(19)9-12(18)10-20-16/h1,4-7,9-11H,8H2,2H3/t11-/m1/s1",Contact,LD50,,other:,µg/piece,µg/piece,species_based_piece_to_bee,100.0,>,,,censored_or_approximate,,,,,,,mortality,False,49143d9b-6f67-4a90-a62c-f3f89eedd7ea,doi:10.2903/j.efsa.2020.6151,2020.0,False,True,True,True,True,True,False,0,0,0,True,structure_screen_only,True,False
68bd533a-f405-4437-8438-ae18836a73ad,5b275258-3fe4-46ce-9412-c8163814bc20,4182,0048d075-d1f9-4b12-b806-c0e845a6f424,Thiamethoxam,mono-constituent substance,e63cc611-77aa-46b3-a39c-2d7cda4986b6,NWWZPOKUUAIXIW-DHZHZOJOSA-N,NWWZPOKUUAIXIW,NWWZPOKUUAIXIW,CN1COCN(Cc2cnc(Cl)s2)/C1=N/[N+](=O)[O-],False,1,153719-23-4,CN\1COCN(/C1=N/[N+](=O)[O-])CC2=CN=C(S2)Cl,"InChI=1S/C8H10ClN5O3S/c1-12-4-17-5-13(8(12)11-14(15)16)3-6-2-10-7(9)18-6/h2H,3-5H2,1H3/b11-8+",Contact,LD50,,other:,µg/piece,µg/piece,species_based_piece_to_bee,0.024,,,,exact,,,,,,,mortality,False,7bfe09b7-88f5-4ab5-b8d1-39f26f556d5a,doi:10.2903/j.efsa.2013.3067,2013.0,False,True,True,True,False,True,False,1,1,1,True,structure_screen_only,True,False
a65a5dcc-9f6d-4627-b3ca-e75b2827ddf9,3ca82f2d-b99a-473a-93c8-8324816657f5,4183,e8c33f31-a3ca-461c-8fe0-5f5327dd7024,Pyriproxyfen,mono-constituent substance,48f24d64-64be-4e36-b9ff-5c82404fbfd6,NHDHVHZZCFYRSB-UHFFFAOYSA-N,NHDHVHZZCFYRSB,NHDHVHZZCFYRSB,CC(COc1ccc(Oc2ccccc2)cc1)Oc1ccccn1,False,1,95737-68-1,CC(COC1=CC=C(C=C1)OC2=CC=CC=C2)OC3=CC=CC=N3,"InChI=1S/C20H19NO3/c1-16(23-20-9-5-6-14-21-20)15-22-17-10-12-19(13-11-17)24-18-7-3-2-4-8-18/h2-14,16H,15H2,1H3",Oral,LD50,,other:,µg/piece,µg/piece,species_based_piece_to_bee,74.0,,,,exact,48.0,h,48.0,Formulation: Pyriproxyfen 10EC,,,mortality,True,d583c198-bd43-4e72-aa18-0cfdd616d060,doi:10.2903/j.efsa.2014.3813,2014.0,True,True,True,True,False,True,False,0,0,1,True,structure_screen_only,True,False
64a0a097-b227-48bc-b903-5c6b1ed0ddb8,f73428e8-5bfd-4e29-b8de-13a39ff5b4eb,4185,2c5327e6-d664-4de5-9e73-97ff3775d21f,Propiconazole (sum of isomers),mono-constituent substance,d27a5701-5986-431e-930f-0406df10b9af,,,,,False,0,,,,Contact,LD50,,other:,µg/piece,µg/piece,species_based_piece_to_bee,46.3,,,,exact,,,,Preparation A6097AF,,,mortality,True,6344b6d2-703a-4159-92d5-1233bd28ecea,"EFSA Journal 2017,15(7):4887, doi:10.2903/j.efsa.2017.4887",2017.0,False,False,False,False,False,False,False,0,0,1,True,structure_screen_only,False,False
723a9b03-f758-45f5-a810-5870cd5253ed,88fea6b8-39cd-4408-94e1-c8558d9104d9,4186,bd325073-cd0b-484e-aa01-0c34f906bcce,Pyridaben,mono-constituent substance,ce6dd40c-2c66-4385-bb4d-925c6d65ef0a,DWFZBUWUXWZWKD-UHFFFAOYSA-N,DWFZBUWUXWZWKD,DWFZBUWUXWZWKD,CC(C)(C)c1ccc(CSc2cnn(C(C)(C)C)c(=O)c2Cl)cc1,False,1,96489-71-3,O=C1N(C(C)(C)C)N=CC(SCC2=CC=C(C(C)(C)C)C=C2)=C1Cl,"InChI=1S/C19H25ClN2OS/c1-18(2,3)14-9-7-13(8-10-14)12-24-15-11-21-22(19(4,5)6)17(23)16(15)20/h7-11H,12H2,1-6H3",Contact,LD50,,other:,µg/piece,µg/piece,species_based_piece_to_bee,0.024,>,,,censored_or_approximate,48.0,h,48.0,,,,mortality,False,14b64ff3-e8fb-44f3-b3e0-2c8345507a1b,doi:10.2903/j.efsa.2010.1632,2010.0,True,True,True,True,False,True,False,-1,-1,-1,True,structure_screen_only,True,True
c4a59d53-94bc-4e4a-b656-6b3f96046b3e,f1db9c62-07b8-485f-94a5-162ba8283086,4189,b19968fa-ec3e-4621-94b2-82f19ea68e50,Cymoxanil,mono-constituent substance,806d6d38-9de9-4388-be75-b66e8b9b001d,XERJKGMBORTKEO-UHFFFAOYSA-N,XERJKGMBORTKEO,XERJKGMBORTKEO,CCNC(=O)NC(=O)C(C#N)=NOC,False,1,57966-95-7,CCNC(=O)NC(=O)C(=NOC)C#N,"InChI=1S/C7H10N4O3/c1-3-9-7(13)10-6(12)5(4-8)11-14-2/h3H2,1-2H3,(H2,9,10,12,13)",Oral,LD50,,other:,µg/piece,µg/piece,species_based_piece_to_bee,85.29,>,,,censored_or_approximate,48.0,h,48.0,,,,mortality,False,54d28161-efa0-4165-96ff-9d9eeb0cdc09,doi:10.2903/j.efsa.2008.167r,2008.0,True,True,True,True,False,True,False,0,0,-1,True,structure_screen_only,True,True
e0eb9366-7489-4836-a1b1-ef0ff80b13f5,5525ffd1-f62e-4388-a0f2-38b266a905c0,4190,099360ff-5a25-479c-ad51-4809c86e18f9,Dimethomorph (sum of isomers),mono-constituent substance,f2104835-83a5-4027-844c-2853f9967d65,,,,,False,0,,,,Contact,LD50,,µg/bee,,µg/bee,direct_ug_bee,55.62,,,,exact,,,,BAS-550-02f,act. ingr.,,mortality,True,cef55dc4-34fd-4da9-b241-ee7e49954600,"EFSA Journal 2023,21(6):8032, doi:10.2903/j.efsa.2023.8032",2023.0,False,False,False,False,False,False,False,0,0,1,True,structure_screen_only,False,False
81db7686-aa55-403a-a2f2-0b34bfb3af99,6fc0578b-1f10-4af0-ad0e-b09f157f8f73,4191,abb35cee-1a99-494f-94c2-ca7606cc5684,Sulfoxaflor (sum of isomers),mono-constituent substance,b1efb967-a6e7-42d1-9fb2-9da24577ef39,,,,,False,0,,,,Contact,LD50,,other:,µg/piece,µg/piece,species_based_piece_to_bee,0.397,,,,exact,72.0,h,72.0,,,,mortality,False,9d58722c-153d-4a6b-9830-a577bfb7e251,doi:10.2903/j.efsa.2020.6056,2020.0,False,False,False,False,False,False,False,1,1,1,True,structure_screen_only,False,False
e59ab0e5-57fc-4397-b9c7-37c106594a2a,ac45536d-ab63-4bfc-96a4-accb24a6e300,4194,35ac6484-177e-4e27-ac06-06c53e972536,Thiencarbazone-methyl,mono-constituent substance,c6e41ced-65e6-4e1c-a063-6f6b70b6ed61,XSKZXGDFSCCXQX-UHFFFAOYSA-N,XSKZXGDFSCCXQX,XSKZXGDFSCCXQX,COC(=O)c1csc(C)c1S(=O)(=O)NC(=O)n1nc(OC)n(C)c1=O,False,1,317815-83-1,S(C1C(C(=O)OC([H])([H])[H])=C([H])SC=1C([H])([H])[H])(N([H])C(N1C(N(C([H])([H])[H])C(=N1)OC([H])([H])[H])=O)=O)(=O)=O,"InChI=1S/C12H14N4O7S2/c1-6-8(7(5-24-6)9(17)22-3)25(20,21)14-10(18)16-12(19)15(2)11(13-16)23-4/h5H,1-4H3,(H,14,18)",Oral,LD50,,other:,µg/piece,µg/piece,species_based_piece_to_bee,199.0,>,,,censored_or_approximate,48.0,h,48.0,,,,mortality,False,f4e32aff-eb4d-4976-a036-0b6c5f8e64da,doi:10.2903/j.efsa.2013.3270,2013.0,True,True,True,True,True,True,False,0,0,0,True,structure_screen_only,True,True
90338600-e81a-4857-81a4-92ea26f3a876,7f88c02a-bc91-4a88-b361-8deaf8e95a6a,4195,5d1907a1-6bea-40e1-8512-bd798a9b4fca,Imidacloprid,mono-constituent substance,c99b657a-c02d-48a3-9ad7-b6cf5838bde0,YWTYJOPNNQFBPC-UHFFFAOYSA-N,YWTYJOPNNQFBPC,YWTYJOPNNQFBPC,O=[N+]([O-])/N=C1\NCCN1Cc1ccc(Cl)nc1,False,1,138261-41-3,ClC(C=C2)=NC=C2CN1/C(NCC1)=N/[N+]([O-])=O,"InChI=1S/C9H10ClN5O2/c10-8-2-1-7(5-12-8)6-14-4-3-11-9(14)13-15(16)17/h1-2,5H,3-4,6H2,(H,11,13)",Contact,other:,NOEC,other:,µg/piece,µg/piece,species_based_piece_to_bee,,,2.5,<,censored_or_approximate,,,,,,,mortality,False,d9208219-9dd1-4ead-bfb0-78397aec1a9b,doi:10.2903/j.efsa.2013.3068,2013.0,True,True,True,True,True,True,False,-1,1,1,False,structure_screen_only,False,False
f3dd0ddd-35ab-4608-9e04-14ef725db26f,e3987f39-70a1-4aff-b025-496156d9992e,4197,eb38c119-4413-4f04-89c8-c1c60028891f,"Imazamox (sum of imazamox and its salts, expressed as imazamox)",mono-constituent substance,ccc17826-b1d1-4e72-9769-f5a8fc746b06,NUPJIGQFXCQJBK-UHFFFAOYSA-N,NUPJIGQFXCQJBK,NUPJIGQFXCQJBK,COCc1cnc(C2=NC(C)(C(C)C)C(=O)N2)c(C(=O)O)c1,False,1,,O=C1NC(C2=NC=C(COC)C=C2C(O)=O)=NC(C)1C(C)C,,Oral,LD50,,other:,µg/piece,µg/piece,species_based_piece_to_bee,40.0,>,,,censored_or_approximate,,,,,,,mortality,False,f38a908a-a363-4433-897f-2a13768bb046,doi:10.2903/j.efsa.2016.4432,2016.0,True,True,True,False,False,False,False,0,0,-1,True,structure_screen_only,True,False
ae76797e-db4d-4759-a2e7-2b3d06942398,2787f3bd-3ded-48dc-b693-bb75537c1577,4199|4200,f26fd4d3-2a09-4acc-9144-8cc75e200882,Gibberellin A4,mono-constituent substance,4bbdb87e-a504-487d-b771-6ab26db90410,RSQSQJNRHICNNH-NFMPGMCNSA-N,RSQSQJNRHICNNH,RSQSQJNRHICNNH,C=C1C[C@]23C[C@H]1CC[C@H]2[C@@]12CC[C@H](O)[C@@](C)(C(=O)O1)[C@H]2[C@@H]3C(=O)O,False,1,468-44-0,C[C@@]12[C@H](CC[C@@]3([C@@H]1[C@@H]([C@]45[C@H]3CC[C@H](C4)C(=C)C5)C(=O)O)OC2=O)O,"InChI=1S/C19H24O5/c1-9-7-18-8-10(9)3-4-11(18)19-6-5-12(20)17(2,16(23)24-19)14(19)13(18)15(21)22/h10-14,20H,1,3-8H2,2H3,(H,21,22)/t10-,11-,12+,13-,14-,17-,18+,19-/m1/s1",Oral,LD50,,other:,µg/piece,µg/piece,species_based_piece_to_bee,87.0,>,,,censored_or_approximate,,,,,,,mortality,False,219541b1-6379-47b8-9e9b-0dbee98618db|d95e6b5d-a516-4165-8e40-6d5fc470b9bd,"DOI:10.2903/j.efsa.2024.9066|EFSA Journal 2012,10(1):2502, doi:10.2903/j.efsa.2012.2502",2012.0|2024.0,False,True,True,False,False,False,False,0,0,-1,True,structure_screen_only,True,False
0a152cf2-6c24-40ab-adce-57834afe6acf,7ebc6140-099d-4d5f-8e29-11ce45872e32,4202,5406d1aa-d5fa-4fa5-aace-93ba6898ed53,Carbosulfan,mono-constituent substance,d4bb4955-13cb-48a0-8876-5b6d3792c718,JLQUFIHWVLZVTJ-UHFFFAOYSA-N,JLQUFIHWVLZVTJ,JLQUFIHWVLZVTJ,CCCCN(CCCC)SN(C)C(=O)Oc1cccc2c1OC(C)(C)C2,False,1,55285-14-8,CCCCN(CCCC)SN(C)C(=O)Oc1cccc2CC(C)(C)Oc12,"InChI=1S/C20H32N2O3S/c1-6-8-13-22(14-9-7-2)26-21(5)19(23)24-17-12-10-11-16-15-20(3,4)25-18(16)17/h10-12H,6-9,13-15H2,1-5H3",Contact,LD50,,other:,µg/piece,µg/piece,species_based_piece_to_bee,0.18,,,,exact,48.0,h,48.0,,,,mortality,False,cfb989d5-c466-4c26-ae37-28034346c8e4,doi:10.2903/j.efsa.2009.1354,2009.0,True,True,True,True,True,True,False,1,1,1,True,structure_screen_only,True,True
d87f241d-f4a1-4114-a0ce-cbabce02c4f3,6d8c813a-e656-4dad-a455-0376d64673a7,4204,c90ba9b5-38f7-4834-bd31-00c888d12a7a,Formetanate hydrochloride,mono-constituent substance,2265385e-20a4-4937-868e-9a71ce466f05,MYPKGPZHHQEODQ-UHFFFAOYSA-N,MYPKGPZHHQEODQ,RMFNNCGOSPBBAD,CNC(=O)Oc1cccc(N=CN(C)C)c1.Cl,False,2,23422-53-9,CNC(=O)OC1=CC=CC(=C1)N=CN(C)C.Cl,"InChI=1S/C11H15N3O2.ClH/c1-12-11(15)16-10-6-4-5-9(7-10)13-8-14(2)3;/h4-8H,1-3H3,(H,12,15);1H",Oral,LD50,,other:,µg/piece,µg/piece,species_based_piece_to_bee,0.16,,,,exact,48.0,h,48.0,,,,mortality,False,9f6173de-861d-45d3-a736-94cd746f905a,doi:10.2903/j.efsa.2006.69r,2006.0,True,True,True,True,False,True,False,1,1,1,True,structure_screen_only,True,True
bb85178d-fa37-4601-930d-39e5fa742919,ba7f2d4d-a0f1-4c18-94c4-bf41f6cd8459,4205,387c5200-ff8d-4c2f-8d09-e811bcfe1ea1,Fipronil,mono-constituent substance,f9b90c3e-c486-48e7-acbe-361ab0b9fb2e,ZOCSXAVNDGMNBV-UHFFFAOYSA-N,ZOCSXAVNDGMNBV,ZOCSXAVNDGMNBV,N#Cc1nn(-c2c(Cl)cc(C(F)(F)F)cc2Cl)c(N)c1S(=O)C(F)(F)F,False,1,120068-37-3,C1=C(C=C(C(=C1Cl)N2C(=C(C(=N2)C#N)S(=O)C(F)(F)F)N)Cl)C(F)(F)F,"InChI=1S/C12H4Cl2F6N4OS/c13-5-1-4(11(15,16)17)2-6(14)8(5)24-10(22)9(7(3-21)23-24)26(25)12(18,19)20/h1-2H,22H2",Contact,LD50,,other:,µg/piece,µg/piece,species_based_piece_to_bee,0.00593,,,,exact,,,,,,,mortality,False,5ade5306-35f6-498e-bc10-aeb407448e21,doi:10.2903/j.efsa.2013.3158,2013.0,True,True,True,True,False,True,False,1,1,1,True,structure_screen_only,True,False
0fc25fab-5a28-4ee4-9ebf-8e8fa17b5ca7,49cdcbc2-bc45-4710-a1cd-82df8329d922,4206,648b19d6-c1b9-4285-b0cf-f764ccc56744,1-naphthylacetamide,mono-constituent substance,a1ddb640-f173-43e5-a4ec-e7837284231c,XFNJVKMNNVCYEK-UHFFFAOYSA-N,XFNJVKMNNVCYEK,XFNJVKMNNVCYEK,NC(=O)Cc1cccc2ccccc12,False,1,86-86-2,NC(=O)Cc1cccc2ccccc12,"InChI=1S/C12H11NO/c13-12(14)8-10-6-3-5-9-4-1-2-7-11(9)10/h1-7H,8H2,(H2,13,14)",Contact,LD50,,other:,µg/piece,µg/piece,species_based_piece_to_bee,100.0,>,,,censored_or_approximate,,,,,,,mortality,False,3ff9fa7d-1766-42d5-b16d-c33b3dead3e4,"EFSA Journal 2011,9(2):2020, doi:10.2903/j.efsa.2011.2020",2011.0,True,True,True,True,True,True,False,0,0,0,True,structure_screen_only,True,False
8e6b250b-acc1-41d9-b9ad-cf6ce821efc8,190b5887-b4b5-4e33-9dcd-0f67f2323292,4208,57bfc065-bcf9-45ca-b050-502871823b9c,Chloridazon,mono-constituent substance,1d497332-2091-4f65-90d5-a7b69254ff11,WYKYKTKDBLFHCY-UHFFFAOYSA-N,WYKYKTKDBLFHCY,WYKYKTKDBLFHCY,Nc1cnn(-c2ccccc2)c(=O)c1Cl,False,1,1698-60-8,NC1=C(Cl)C(=O)N(N=C1)c2ccccc2,"InChI=1/C10H8ClN3O/c11-9-8(12)6-13-14(10(9)15)7-4-2-1-3-5-7/h1-6H,12H2",Oral,LD50,,other:,µg/piece,µg/piece,species_based_piece_to_bee,200.0,>,,,censored_or_approximate,48.0,h,48.0,,,,mortality,False,915207bb-35b8-42e2-812d-29d968d719b5,doi:10.2903/j.efsa.2007.108r,2007.0,True,True,True,True,False,True,False,0,0,0,True,structure_screen_only,True,True
5e999fca-9355-411e-a467-cfd8e20c7276,b63a5b8f-bea3-4367-8996-e2e64d040102,4209,279bbcec-cb84-4f4b-b4fa-86abd64c6240,Tribasic copper sulfate formulation (Cuproxat SC),multi-constituent substance,439605bb-9686-4562-9a28-47c9b31831f7,,,,,False,0,,,,Contact,LD50,,other:,µg/piece,µg/piece,species_based_piece_to_bee,23.5,>,,,censored_or_approximate,,,,,,,mortality,False,317a7bf0-b2ac-4c6b-8dc3-8b1806c0ad62,doi:10.2903/j.efsa.2018.5152,2018.0,False,False,False,False,False,False,False,0,0,-1,True,structure_screen_only,False,False
b8e95b68-f135-40fa-a031-a7d6a959f3e3,d301862f-5f45-4f2f-8c99-7fc536ba30c3,4210,405f9075-8fcb-4195-9d00-481bc9fdf3a7,Sulfur (S),mono-constituent substance,8d055fd7-3ce3-40e3-afbe-0280aa800416,NINIDFKCEFEMDL-UHFFFAOYSA-N,NINIDFKCEFEMDL,NINIDFKCEFEMDL,[S],False,1,7704-34-9,[S],InChI=1S/S,Contact,LD50,,µg/bee,,µg/bee,direct_ug_bee,98.5,>,,,censored_or_approximate,48.0,h,48.0,,,,mortality,False,c8f65176-bc76-4a55-ae74-95ba93c9569f,"EFSA Journal 2023,21(3):7805, doi:10.2903/j.efsa.2023.7805",2023.0,True,True,True,True,False,True,False,0,0,-1,True,structure_screen_only,True,True
99da8734-ceb3-4bb7-8e8c-423a4022c3d3,aceeb326-ad21-4f43-b7b2-b9a5a033a8f6,4212,5743bdfe-a08a-4f78-9090-bd4fe2cd2c87,Fenbuconazole,mono-constituent substance,dedac143-c025-4685-bd78-2732ce7dd63a,RQDJADAKIFFEKQ-UHFFFAOYSA-N,RQDJADAKIFFEKQ,RQDJADAKIFFEKQ,N#CC(CCc1ccc(Cl)cc1)(Cn1cncn1)c1ccccc1,False,1,114369-43-6,ClC1=CC=C(CCC(C#N)(CN3N=CN=C3)C2=CC=CC=C2)C=C1,"InChI=1S/C19H17ClN4/c20-18-8-6-16(7-9-18)10-11-19(12-21,13-24-15-22-14-23-24)17-4-2-1-3-5-17/h1-9,14-15H,10-11,13H2",Contact,LD50,,other:,µg/piece,µg/piece,species_based_piece_to_bee,5.5,>,,,censored_or_approximate,48.0,h,48.0,Fenbuconazole (formulation) - Indar 5EC,,,mortality,True,6c2f67b2-0fd0-4772-a100-3d2cbbb09c8e,doi:10.2903/j.efsa.2010.1558,2010.0,True,True,True,True,False,True,False,0,-1,-1,True,structure_screen_only,True,False
594e8f78-7e61-4ff3-8fc1-b58d27bd7095,998692b0-addd-459f-bb40-055972056515,4213,89412511-353f-4846-9b32-f09057f28440,Copper hydroxide formulation (Funguran-OH 50 WP),multi-constituent substance,57e62e52-5d48-4b6a-9132-84a3b47fc078,,,,,False,0,,,,Oral,LD50,,other:,µg/piece,µg/piece,species_based_piece_to_bee,49.0,,,,exact,,,,,,,mortality,False,317a7bf0-b2ac-4c6b-8dc3-8b1806c0ad62,doi:10.2903/j.efsa.2018.5152,2018.0,False,False,False,False,False,False,False,0,0,1,True,structure_screen_only,False,False
55965e3f-b943-4025-bb93-60bcd1a26597,6c197906-2768-4f59-97aa-967c2f450b9c,4214,9d638cf3-d49e-45d6-8001-3f857347ccab,Aclonifen,mono-constituent substance,4a6ea098-a405-4cea-b2e4-c2d86ec4b1ac,DDBMQDADIHOWIC-UHFFFAOYSA-N,DDBMQDADIHOWIC,DDBMQDADIHOWIC,Nc1c([N+](=O)[O-])ccc(Oc2ccccc2)c1Cl,False,1,74070-46-5,Clc2c(N)c(ccc2Oc1ccccc1)[N+]([O-])=O,"InChI=1S/C12H9ClN2O3/c13-11-10(18-8-4-2-1-3-5-8)7-6-9(12(11)14)15(16)17/h1-7H,14H2",Contact,LD50,,other:,µg/piece,µg/piece,species_based_piece_to_bee,100.0,>,,,censored_or_approximate,48.0,h,48.0,,,,mortality,False,ad4d3629-f841-4ac5-87b5-1075d7a5d435,doi:10.2903/j.efsa.2008.149r,2008.0,True,True,True,True,True,True,False,0,0,0,True,structure_screen_only,True,True
d5551574-596d-4576-87c2-dece65daedcb,22b382e3-5221-4660-80be-04a08c59c6f8,4215,74793209-5072-4fb4-80fe-fe3911753d75,Metconazole (sum of isomers),mono-constituent substance,73a66a96-62e0-4ba0-8679-424cb28fb283,,,,,False,0,,,,Contact,LD50,,other:,µg/piece,µg/piece,species_based_piece_to_bee,100.0,>,,,censored_or_approximate,96.0,h,96.0,,,,mortality,False,13c2dba5-7f84-4217-b093-948e1466c3b1,doi:10.2903/j.efsa.2006.64r,2006.0,False,False,False,False,False,False,False,0,0,0,True,structure_screen_only,False,False
bd616cb4-4a48-46ad-a830-a1b0cadf1120,98e574bb-6f3c-4f3f-880d-b9c96d11a463,4217,c4ed61dd-89ad-4b75-8548-27ccda21197b,Flonicamid,mono-constituent substance,d4b95550-b480-4fe5-933c-f9f80955792c,RLQJEEJISHYWON-UHFFFAOYSA-N,RLQJEEJISHYWON,RLQJEEJISHYWON,N#CCNC(=O)c1cnccc1C(F)(F)F,False,1,158062-67-0,O=C(NCC#N)c1cnccc1C(F)(F)F,"InChI=1S/C9H6F3N3O/c10-9(11,12)7-1-3-14-5-6(7)8(16)15-4-2-13/h1,3,5H,4H2,(H,15,16)",Contact,LD50,,other:,µg/piece,µg/piece,species_based_piece_to_bee,51.1,>,,,censored_or_approximate,48.0,h,48.0,Flonicamid (formulation) - TEPPEKI,,,mortality,True,8468af3d-c90f-4a40-bb1b-500dd511f6c3,doi:10.2903/j.efsa.2010.1445,2010.0,True,True,True,True,False,True,False,0,0,-1,True,structure_screen_only,True,False
c44cd60d-c77b-4be3-a4bf-86fdcb3d661b,22c1532c-0344-4583-a5fc-590e6d52a672,4218,cc7dee1c-78dd-4caa-bb66-abb4b43a0344,Pyroxsulam,mono-constituent substance,bf1c6f7f-0926-4440-8350-36c53a7f7d6d,GLBLPMUBLHYFCW-UHFFFAOYSA-N,GLBLPMUBLHYFCW,GLBLPMUBLHYFCW,COc1cc(OC)n2nc(NS(=O)(=O)c3c(C(F)(F)F)ccnc3OC)nc2n1,False,1,422556-08-9,COC1=CC(=NC2=NC(=NN12)NS(=O)(=O)C3=C(C=CN=C3OC)C(F)(F)F)OC,"InChI=1S/C14H13F3N6O5S/c1-26-8-6-9(27-2)23-13(19-8)20-12(21-23)22-29(24,25)10-7(14(15,16)17)4-5-18-11(10)28-3/h4-6H,1-3H3,(H,21,22)",Oral,LD50,,other:,µg/piece,µg/piece,species_based_piece_to_bee,107.4,>,,,censored_or_approximate,48.0,h,48.0,,,,mortality,False,2c79d2c5-d359-4365-914e-60ba1638c42f,doi:10.2903/j.efsa.2013.3182,2013.0,True,True,True,True,False,True,False,0,0,0,True,structure_screen_only,True,True
76f81add-53f4-42e3-89d0-a6b8741ac6b0,b0d5a23e-3747-4462-9a0e-bb2ec10025b0,4221,137f8488-0bff-496f-bf12-50ebc8130320,Denathonium benzoate formulation (ARBINOL B),multi-constituent substance,89f1046c-d432-4eda-a78f-ace1da7a80b5,,,,,False,0,,,,Contact,LD50,,other:,µg/piece,µg/piece,species_based_piece_to_bee,400.0,>,,,censored_or_approximate,,,,,,,mortality,False,0113f3bb-cb42-4991-a45e-01d1d4b7fefc,"EFSA Journal 2012,10(1):2483, doi:10.2903/j.efsa.2012.2483",2012.0,False,False,False,False,False,False,False,0,0,0,True,structure_screen_only,False,False
846d0a60-4943-4eca-b746-a1e14d890253,2d318c96-2763-40a7-a51f-851202c86437,4222,756eaf96-3d1b-4450-bb36-9ae1c0711766,Bromoxynil heptanoate,mono-constituent substance,43cc7bc9-5dd0-4603-a470-7c243947ca12,BHZWBQPHPLFZSV-UHFFFAOYSA-N,BHZWBQPHPLFZSV,BHZWBQPHPLFZSV,CCCCCCC(=O)Oc1c(Br)cc(C#N)cc1Br,False,1,56634-95-8,CCCCCCC(=O)OC1=C(C=C(C=C1Br)C#N)Br,"InChI=1S/C14H15Br2NO2/c1-2-3-4-5-6-13(18)19-14-11(15)7-10(9-17)8-12(14)16/h7-8H,2-6H2,1H3",Oral,LD50,,other:,µg/piece,µg/piece,species_based_piece_to_bee,201.0,>,,,censored_or_approximate,,,,,,,mortality,False,66a7a3b3-eca2-4839-bb1b-9b24e965fb0d,doi:10.2903/j.efsa.2017.4790,2017.0,False,False,False,False,False,False,True,0,0,0,True,structure_screen_only,True,False
98e3f350-ab29-4c3a-b670-3f380c9dd325,1283ef1a-cd70-4d7d-9411-fa9da55df7b8,4224,72873b71-98ea-4da6-8939-70d67040229e,Diethofencarb,mono-constituent substance,d1122158-b092-464e-b776-959a59accd3f,LNJNFVJKDJYTEU-UHFFFAOYSA-N,LNJNFVJKDJYTEU,LNJNFVJKDJYTEU,CCOc1ccc(NC(=O)OC(C)C)cc1OCC,False,1,87130-20-9,O=C(OC(C)C)NC1=CC=C(OCC)C(OCC)=C1,"InChI=1S/C14H21NO4/c1-5-17-12-8-7-11(9-13(12)18-6-2)15-14(16)19-10(3)4/h7-10H,5-6H2,1-4H3,(H,15,16)",Oral,LD50,,other:,µg/piece,µg/piece,species_based_piece_to_bee,100.0,>,,,censored_or_approximate,48.0,h,48.0,,,,mortality,False,c15f7ffc-d27d-47af-8a30-f5ad84de02f8,doi:10.2903/j.efsa.2010.1721,2010.0,True,True,True,True,True,True,False,0,0,0,True,structure_screen_only,True,True
736f97f3-e454-4956-a4f3-7ff3be1e6437,5303b724-6067-4cc4-a614-46766a908caa,4225,feccb3cb-2e28-4509-affa-1000601f0f9c,Phenmedipham,mono-constituent substance,bdabfeb0-d193-4452-a846-79951b723c06,IDOWTHOLJBTAFI-UHFFFAOYSA-N,IDOWTHOLJBTAFI,IDOWTHOLJBTAFI,COC(=O)Nc1cccc(OC(=O)Nc2cccc(C)c2)c1,False,1,13684-63-4,O=C(OC1=CC=CC(=C1)NC(=O)OC)NC2=CC=CC(=C2)C,"InChI=1S/C16H16N2O4/c1-11-5-3-6-12(9-11)18-16(20)22-14-8-4-7-13(10-14)17-15(19)21-2/h3-10H,1-2H3,(H,17,19)(H,18,20)",Contact,LD50,,other:,µg/piece,µg/piece,species_based_piece_to_bee,100.0,>,,,censored_or_approximate,,,,PMP SE 160 (formulation).,,,mortality,True,580be492-4818-4a05-bfec-b5ac87dcea17,doi:10.2903/j.efsa.2018.5151,2018.0,True,True,True,True,False,True,False,0,0,0,True,structure_screen_only,True,False
a5fb4873-6edc-4405-b228-5db31f1a3756,c24cbbed-a04c-41d2-bbe3-80d177b409bf,4226,67d0d158-626f-4785-b24b-3cd89bebfe28,Oxasulfuron,mono-constituent substance,58954b01-a909-4534-aa8d-8380beec3dd3,IOXAXYHXMLCCJJ-UHFFFAOYSA-N,IOXAXYHXMLCCJJ,IOXAXYHXMLCCJJ,Cc1cc(C)nc(NC(=O)NS(=O)(=O)c2ccccc2C(=O)OC2COC2)n1,False,1,144651-06-9,O=C(OC2COC2)C1=C(S(=O)(NC(NC3=NC(C)=CC(C)=N3)=O)=O)C=CC=C1,"InChI=1S/C17H18N4O6S/c1-10-7-11(2)19-16(18-10)20-17(23)21-28(24,25)14-6-4-3-5-13(14)15(22)27-12-8-26-9-12/h3-7,12H,8-9H2,1-2H3,(H2,18,19,20,21,23)",Oral,LD50,,other:,µg/piece,µg/piece,species_based_piece_to_bee,100.0,>,,,censored_or_approximate,,,,,,,mortality,False,b416a7b4-b84b-4559-b6a9-c875ca1ae1d9,doi:10.2903/j.efsa.2017.4722,2017.0,True,True,True,True,True,True,False,0,0,0,True,structure_screen_only,True,False
aa98ef19-18e8-40e8-a4cf-2e4f5f9fac0e,65aed34b-bd89-4687-a27c-07f092b4887e,4231,97f34e33-9a0a-484b-a587-aefa9aa22e58,Haloxyfop-P,mono-constituent substance,dba165e5-613c-4e06-939e-00fa10e1008d,GOCUAJYOYBLQRH-MRVPVSSYSA-N,GOCUAJYOYBLQRH,GOCUAJYOYBLQRH,C[C@@H](Oc1ccc(Oc2ncc(C(F)(F)F)cc2Cl)cc1)C(=O)O,False,1,95977-29-0,O=C(O)[C@@H](C)Oc1ccc(cc1)Oc2ncc(cc2Cl)C(F)(F)F,"InChI=1S/C15H11ClF3NO4/c1-8(14(21)22)23-10-2-4-11(5-3-10)24-13-12(16)6-9(7-20-13)15(17,18)19/h2-8H,1H3,(H,21,22)/t8-/m1/s1",Oral,LD50,,other:,µg/piece,µg/piece,species_based_piece_to_bee,100.0,>,,,censored_or_approximate,48.0,h,48.0,Haloxyfop-R,,,mortality,True,8e6107e8-d774-41a2-8439-68799f764c26,doi:10.2903/j.efsa.2006.87r,2006.0,False,True,True,False,False,False,False,0,0,0,True,structure_screen_only,True,False
2a7ae15d-4351-49cb-a164-988dc2f61e02,88dc8165-c865-4c1e-96f6-3c299ad2204d,4232,7ca0371d-da94-4057-b808-b7b5ebbc56cb,Propargite,mono-constituent substance,6b61486e-67ab-45ca-8b6d-10b1cbb47bad,ZYHMJXZULPZUED-UHFFFAOYSA-N,ZYHMJXZULPZUED,ZYHMJXZULPZUED,C#CCOS(=O)OC1CCCCC1Oc1ccc(C(C)(C)C)cc1,False,1,2312-35-8,CC(C)(C)c1ccc(cc1)OC2CCCCC2OS(=O)OCC#C,"InChI=1S/C19H26O4S/c1-5-14-21-24(20)23-18-9-7-6-8-17(18)22-16-12-10-15(11-13-16)19(2,3)4/h1,10-13,17-18H,6-9,14H2,2-4H3",Contact,LD50,,other:,µg/piece,µg/piece,species_based_piece_to_bee,47.92,,,,exact,96.0,h,96.0,,,,mortality,False,d6b0e254-918f-4d94-bded-293488856853,"EFSA Journal 2011,9(5):2087, doi:10.2903/j.efsa.2011.2087",2011.0,True,True,True,True,False,True,False,0,0,1,True,structure_screen_only,True,False
8b557de1-809b-42f9-a63f-09261ca64287,36661453-bab1-4f19-9997-d6b97f225a99,4233,5d1907a1-6bea-40e1-8512-bd798a9b4fca,Imidacloprid,mono-constituent substance,c99b657a-c02d-48a3-9ad7-b6cf5838bde0,YWTYJOPNNQFBPC-UHFFFAOYSA-N,YWTYJOPNNQFBPC,YWTYJOPNNQFBPC,O=[N+]([O-])/N=C1\NCCN1Cc1ccc(Cl)nc1,False,1,138261-41-3,ClC(C=C2)=NC=C2CN1/C(NCC1)=N/[N+]([O-])=O,"InChI=1S/C9H10ClN5O2/c10-8-2-1-7(5-12-8)6-14-4-3-11-9(14)13-15(16)17/h1-2,5H,3-4,6H2,(H,11,13)",Contact,LD50,,other:,µg/piece,µg/piece,species_based_piece_to_bee,0.0251,,,,exact,120.0,h,120.0,,,,mortality,False,93551520-a60c-45c9-867f-332e56b38581,doi:10.2903/j.efsa.2018.5178,2018.0,True,True,True,True,True,True,False,1,1,1,True,structure_screen_only,True,False
295df651-2c5d-4fa5-b498-111f7ce32763,72c4f54b-3df8-4fa1-952e-a77dfd167adb,4235,cf059667-3d2c-4a42-b56b-5aa8087ae614,Valifenalate,mono-constituent substance,35b750ed-5cbb-4129-ba7a-8e66bf9a3cc1,DBXFMOWZRXXBRN-LWKPJOBUSA-N,DBXFMOWZRXXBRN,DBXFMOWZRXXBRN,COC(=O)CC(NC(=O)[C@@H](NC(=O)OC(C)C)C(C)C)c1ccc(Cl)cc1,False,1,283159-90-0,CC(C)[C@@H](C(=O)NC(CC(=O)OC)C1=CC=C(C=C1)Cl)NC(=O)OC(C)C,"InChI=1S/C19H27ClN2O5/c1-11(2)17(22-19(25)27-12(3)4)18(24)21-15(10-16(23)26-5)13-6-8-14(20)9-7-13/h6-9,11-12,15,17H,10H2,1-5H3,(H,21,24)(H,22,25)/t15?,17-/m0/s1",Contact,LD50,,other:,µg/piece,µg/piece,species_based_piece_to_bee,100.0,>,,,censored_or_approximate,48.0,h,48.0,,,,mortality,False,eed1190c-af86-44db-87a5-79180113c04c,doi:10.2903/j.efsa.2013.3253,2013.0,False,True,True,True,False,True,False,0,0,0,True,structure_screen_only,True,True
94330254-4cb0-4850-88ba-a6f3d1b9f781,2bc6d26b-0a77-41d5-b41b-2ea8801a5ce0,4238,8b55cf2f-e5f9-4e7d-91b7-c919f3e7842b,Thiram (expressed as thiram),mono-constituent substance,c0ec031e-ab30-40bd-acf7-8cb432ddc763,KUAZQDVKQLNFPE-UHFFFAOYSA-N,KUAZQDVKQLNFPE,KUAZQDVKQLNFPE,CN(C)C(=S)SSC(=S)N(C)C,False,1,,CN(C)C(=S)SSC(=S)N(C)C,,Contact,LD50,,other:,µg/piece,µg/piece,species_based_piece_to_bee,100.0,>,,,censored_or_approximate,,,,,,,mortality,False,e550a071-7e63-4c7e-99a7-fa90bfa96abf,doi:10.2903/j.efsa.2017.4700,2017.0,True,True,True,False,False,False,False,0,0,0,True,structure_screen_only,True,False
df820796-0e42-49fb-b238-56e3d76529f5,1c34e3ba-ec6e-4df6-a9a8-2ed285c8d985,4239,f242b639-a39c-461e-b20c-575fd6114d96,Abamectin,multi-constituent substance,800a5a77-e1b3-4622-a649-e3e66c309506,,,,,False,0,71751-41-2,,,Contact,LD50,,other:,µg/piece,µg/piece,species_based_piece_to_bee,0.0022,,,,exact,48.0,h,48.0,,,,mortality,False,6b4eaf81-89f5-469e-b572-aca5b746f339,doi:10.2903/j.efsa.2008.147r,2008.0,False,False,False,True,True,True,False,1,1,1,True,structure_screen_only,False,False
89056e0a-5f80-4ee5-976c-547f3a274668,4a3cb322-b379-4059-bce0-7c2d5c275017,4244|4245,0ef03897-f7a9-4220-a3e1-fe23227851d7,Benfluralin,mono-constituent substance,75e20bcc-942c-469e-9564-8709f40c4e68,SMDHCQAYESWHAE-UHFFFAOYSA-N,SMDHCQAYESWHAE,SMDHCQAYESWHAE,CCCCN(CC)c1c([N+](=O)[O-])cc(C(F)(F)F)cc1[N+](=O)[O-],False,1,1861-40-1,CCCCN(CC)C1=C(C=C(C=C1[N+](=O)[O-])C(F)(F)F)[N+](=O)[O-],"InChI=1S/C13H16F3N3O4/c1-3-5-6-17(4-2)12-10(18(20)21)7-9(13(14,15)16)8-11(12)19(22)23/h7-8H,3-6H2,1-2H3",Contact,LD50,,other:,µg/piece,µg/piece,species_based_piece_to_bee,100.0,>,,,censored_or_approximate,,,,,,,mortality,False,5205bff2-67e0-46ad-ab55-fc5ab6e27fd3|dcf3e84d-81ad-442d-a7cf-a89c192e4be9,"EFSA Journal 2022,20(9):e07556, doi:10.2903/j.efsa.2022.7556|doi:10.2903/j.efsa.2008.127r",2008.0|2022.0,True,True,True,True,False,True,False,0,0,0,True,structure_screen_only,True,False
ed6f3735-6acc-4742-8a98-a3f8c77ce75f,7d1419a2-c580-4fbd-adab-a7cda988af14,4246,b9714c33-e49c-40e4-986c-8b2530edb71a,Dimethachlor,mono-constituent substance,1a1d64de-6411-45a7-93ec-94d6816035b0,SCCDDNKJYDZXMM-UHFFFAOYSA-N,SCCDDNKJYDZXMM,SCCDDNKJYDZXMM,COCCN(C(=O)CCl)c1c(C)cccc1C,False,1,50563-36-5,CC1=C(C(=CC=C1)C)N(CCOC)C(=O)CCl,"InChI=1S/C13H18ClNO2/c1-10-5-4-6-11(2)13(10)15(7-8-17-3)12(16)9-14/h4-6H,7-9H2,1-3H3",Contact,LD50,,other:,µg/piece,µg/piece,species_based_piece_to_bee,200.0,>,,,censored_or_approximate,48.0,h,48.0,,,,mortality,False,3acf5647-9044-43ff-8ccf-c23c9255b396,doi:10.2903/j.efsa.2008.169r,2008.0,True,True,True,True,True,True,False,0,0,0,True,structure_screen_only,True,True
a602361c-7459-4ce8-96d2-7e46041f0af4,71675da2-9063-4b9e-bd33-14afc3738858,4247,5d1907a1-6bea-40e1-8512-bd798a9b4fca,Imidacloprid,mono-constituent substance,c99b657a-c02d-48a3-9ad7-b6cf5838bde0,YWTYJOPNNQFBPC-UHFFFAOYSA-N,YWTYJOPNNQFBPC,YWTYJOPNNQFBPC,O=[N+]([O-])/N=C1\NCCN1Cc1ccc(Cl)nc1,False,1,138261-41-3,ClC(C=C2)=NC=C2CN1/C(NCC1)=N/[N+]([O-])=O,"InChI=1S/C9H10ClN5O2/c10-8-2-1-7(5-12-8)6-14-4-3-11-9(14)13-15(16)17/h1-2,5H,3-4,6H2,(H,11,13)",Contact,LD50,,other:,µg/piece,µg/piece,species_based_piece_to_bee,0.081,,,,exact,48.0,h,48.0,,,,mortality,False,5fb8900f-c8c4-4d62-8389-8cb19bbb4ae7,doi:10.2903/j.efsa.2015.4211,2015.0,True,True,True,True,True,True,False,1,1,1,True,structure_screen_only,True,True
181cc2ff-421f-40b3-9d35-e8a6bdf96ff6,9f281850-ad97-4f68-8c83-fcc9ebbf4235,4248,b201b253-e073-4c3c-a600-d2d7d7262ee3,Pymetrozine,mono-constituent substance,b9874c33-e123-4875-9e3e-c01f5e3cdd82,QHMTXANCGGJZRX-UHFFFAOYSA-N,QHMTXANCGGJZRX,QHMTXANCGGJZRX,CC1=NNC(=O)N(N=Cc2cccnc2)C1,True,1,123312-89-0,CC1=NNC(=O)N(C1)N=CC2=CN=CC=C2,"InChI=1S/C10H11N5O/c1-8-7-15(10(16)14-13-8)12-6-9-3-2-4-11-5-9/h2-6H,7H2,1H3,(H,14,16)/b12-6+",Oral,LD50,,other:,µg/piece,µg/piece,species_based_piece_to_bee,62.7,>,,,censored_or_approximate,,,,,,,mortality,False,b5cfc5dc-bed8-4e98-a2c6-92bb17d8ae6c,"EFSA Journal 2014,12(9):3817, doi:10.2903/j.efsa.2014.3817",2014.0,True,True,True,True,False,True,False,0,0,-1,True,structure_screen_only,False,False
ccb60bd1-1f30-4882-8dda-50b5d7ca10ab,2a8d9590-f333-40b9-b496-4cc8c607c827,4249,b8ae35c2-0a1a-452f-8e25-79a1db637552,Ethametsulfuron-Methyl,mono-constituent substance,2c31e69f-43e6-4d9c-ab4f-8bd4ac4b33d2,ZINJLDJMHCUBIP-UHFFFAOYSA-N,ZINJLDJMHCUBIP,ZINJLDJMHCUBIP,CCOc1nc(NC)nc(NC(=O)NS(=O)(=O)c2ccccc2C(=O)OC)n1,False,1,97780-06-8,CCOC1=NC(=NC(=N1)NC)NC(=O)NS(=O)(=O)C2=CC=CC=C2C(=O)OC,"InChI=1S/C15H18N6O6S/c1-4-27-15-19-12(16-2)17-13(20-15)18-14(23)21-28(24,25)10-8-6-5-7-9(10)11(22)26-3/h5-8H,4H2,1-3H3,(H3,16,17,18,19,20,21,23)",Oral,LD50,,other:,µg/piece,µg/piece,species_based_piece_to_bee,40.83,,,,exact,48.0,h,48.0,Ethametsulfuron-methyl 75WG + DPX-KG691,,,mortality,True,b084ae02-5b0f-4ba0-be3a-74a8319eb6f0,"EFSA Journal 2014,12(1):3508, doi:10.2903/j.efsa.2014.3508",2014.0,True,True,True,True,True,True,False,0,0,1,True,structure_screen_only,True,False
fb1d91b5-cfdc-4241-a26d-119d8643d1a9,399aaa9c-a170-4c16-9bad-3b6e02df3d34,4250,c17e113e-6370-4a50-985f-d98c4c3d0583,Amitrole,mono-constituent substance,e0dd3747-c525-4a75-a30f-c64e46996767,KLSJWNVTNUYHDU-UHFFFAOYSA-N,KLSJWNVTNUYHDU,KLSJWNVTNUYHDU,Nc1ncn[nH]1,False,1,61-82-5,C1=NNC(=N1)N,"InChI=1S/C2H4N4/c3-2-4-1-5-6-2/h1H,(H3,3,4,5,6)",Oral,LD50,,other:,µg/piece,µg/piece,species_based_piece_to_bee,152.0,>,,,censored_or_approximate,,,,,,,mortality,False,91b1fabd-c891-4d35-9379-c0f6e9e5bcf2,doi:10.2903/j.efsa.2014.3742,2014.0,True,True,True,True,False,True,False,0,0,0,True,structure_screen_only,True,False
9df8afa5-d770-464e-82ff-b251e086cbff,e5a1dd0f-e934-42de-87a7-e696fe543344,4252,26246f78-5f73-4531-a704-6dc8d4a54226,Propyzamide,mono-constituent substance,37e2f3e5-d460-4ba4-b4fb-b814a3b0da7b,PHNUZKMIPFFYSO-UHFFFAOYSA-N,PHNUZKMIPFFYSO,PHNUZKMIPFFYSO,C#CC(C)(C)NC(=O)c1cc(Cl)cc(Cl)c1,False,1,23950-58-5,CC(C)(C#C)NC(=O)C1=CC(=CC(=C1)Cl)Cl,"InChI=1S/C12H11Cl2NO/c1-4-12(2,3)15-11(16)8-5-9(13)7-10(14)6-8/h1,5-7H,2-3H3,(H,15,16)",Oral,LD50,,other:,µg/piece,µg/piece,species_based_piece_to_bee,100.0,>,,,censored_or_approximate,,,,Propyzamide formulation: GF-1197,,,mortality,True,6ab89900-a684-4414-8539-d2f79c9f5a49,doi:10.2903/j.efsa.2016.4554,2016.0,True,True,True,True,True,True,False,0,0,0,True,structure_screen_only,True,False
86cfe18e-e15d-4035-a0e9-6ed97a9ec328,226f37e6-cbac-46b3-913c-ecc6b9b49149,4255,62d34108-e968-4ce2-a9c1-280718f51d6b,Clothianidin,mono-constituent substance,55f031dd-ea53-44b7-8b54-669da3423d1b,PGOOBECODWQEAB-UHFFFAOYSA-N,PGOOBECODWQEAB,PGOOBECODWQEAB,CNC(=N[N+](=O)[O-])NCc1cnc(Cl)s1,False,1,210880-92-5,CNC(NCc1cnc(Cl)s1)=N[N+]([O-])=O,"InChI=1S/C6H8ClN5O2S/c1-8-6(11-12(13)14)10-3-4-2-9-5(7)15-4/h2H,3H2,1H3,(H2,8,10,11)",Oral,LD50,,other:,µg/piece,µg/piece,species_based_piece_to_bee,0.00379,,,,exact,,,,,,,mortality,False,7bfe09b7-88f5-4ab5-b8d1-39f26f556d5a,doi:10.2903/j.efsa.2013.3067,2013.0,True,True,True,True,True,True,False,1,1,1,True,structure_screen_only,True,False
94ed70de-03e3-4fd1-afda-178f6443c863,e1d90155-172f-4f90-8f78-fed1a18736cc,4257,0ef03897-f7a9-4220-a3e1-fe23227851d7,Benfluralin,mono-constituent substance,75e20bcc-942c-469e-9564-8709f40c4e68,SMDHCQAYESWHAE-UHFFFAOYSA-N,SMDHCQAYESWHAE,SMDHCQAYESWHAE,CCCCN(CC)c1c([N+](=O)[O-])cc(C(F)(F)F)cc1[N+](=O)[O-],False,1,1861-40-1,CCCCN(CC)C1=C(C=C(C=C1[N+](=O)[O-])C(F)(F)F)[N+](=O)[O-],"InChI=1S/C13H16F3N3O4/c1-3-5-6-17(4-2)12-10(18(20)21)7-9(13(14,15)16)8-11(12)19(22)23/h7-8H,3-6H2,1-2H3",Oral,LD50,,other:,µg/piece,µg/piece,species_based_piece_to_bee,110.7,>,,,censored_or_approximate,,,,,,,mortality,False,b2916965-57b2-4b99-9c4a-0a2b0ae35bd2,doi:10.2903/j.efsa.2019.5842,2019.0,True,True,True,True,False,True,False,0,0,0,True,structure_screen_only,True,False
549103c5-aa01-461c-b20d-9d8bcabd5727,71acb97d-e523-43a4-9463-8fcf60d7fabd,4259,5406d1aa-d5fa-4fa5-aace-93ba6898ed53,Carbosulfan,mono-constituent substance,d4bb4955-13cb-48a0-8876-5b6d3792c718,JLQUFIHWVLZVTJ-UHFFFAOYSA-N,JLQUFIHWVLZVTJ,JLQUFIHWVLZVTJ,CCCCN(CCCC)SN(C)C(=O)Oc1cccc2c1OC(C)(C)C2,False,1,55285-14-8,CCCCN(CCCC)SN(C)C(=O)Oc1cccc2CC(C)(C)Oc12,"InChI=1S/C20H32N2O3S/c1-6-8-13-22(14-9-7-2)26-21(5)19(23)24-17-12-10-11-16-15-20(3,4)25-18(16)17/h10-12H,6-9,13-15H2,1-5H3",Contact,LD50,,other:,µg/piece,µg/piece,species_based_piece_to_bee,0.18,,,,exact,48.0,h,48.0,,,,mortality,False,8ac6daf7-3cd8-4bfb-9aa8-18f4d4fe7960,doi:10.2903/j.efsa.2006.91r,2006.0,True,True,True,True,True,True,False,1,1,1,True,structure_screen_only,True,True
0a788906-11b4-429b-afd9-544e64e00134,16a25b55-e81e-43ec-a3ba-05946e74a374,4261,62d34108-e968-4ce2-a9c1-280718f51d6b,Clothianidin,mono-constituent substance,55f031dd-ea53-44b7-8b54-669da3423d1b,PGOOBECODWQEAB-UHFFFAOYSA-N,PGOOBECODWQEAB,PGOOBECODWQEAB,CNC(=N[N+](=O)[O-])NCc1cnc(Cl)s1,False,1,210880-92-5,CNC(NCc1cnc(Cl)s1)=N[N+]([O-])=O,"InChI=1S/C6H8ClN5O2S/c1-8-6(11-12(13)14)10-3-4-2-9-5(7)15-4/h2H,3H2,1H3,(H2,8,10,11)",Contact,LD50,,other:,µg/piece,µg/piece,species_based_piece_to_bee,0.0275,,,,exact,48.0,h,48.0,Technical,,,mortality,True,4b445d3b-de17-445c-9b93-c1c3ee6b364c,doi:10.2903/j.efsa.2016.4606,2016.0,True,True,True,True,True,True,False,1,1,1,True,structure_screen_only,True,False
a9bb9125-b56e-4890-aed0-35491eb1643b,d25cb052-b168-41c2-b693-bd5ba4ee34b7,4262,405f9075-8fcb-4195-9d00-481bc9fdf3a7,Sulfur (S),mono-constituent substance,8d055fd7-3ce3-40e3-afbe-0280aa800416,NINIDFKCEFEMDL-UHFFFAOYSA-N,NINIDFKCEFEMDL,NINIDFKCEFEMDL,[S],False,1,7704-34-9,[S],InChI=1S/S,Contact,LD50,,µg/bee,,µg/bee,direct_ug_bee,700.1,>,,,censored_or_approximate,48.0,h,48.0,Sulfur 80% WG,act. ingr.,,mortality,True,c8f65176-bc76-4a55-ae74-95ba93c9569f,"EFSA Journal 2023,21(3):7805, doi:10.2903/j.efsa.2023.7805",2023.0,True,True,True,True,False,True,False,0,0,0,True,structure_screen_only,True,False
ba70fbed-c6cb-4f0a-816a-153ab7fd4433,5777bb2a-2ff3-4570-ac6f-77b3cfe70eee,4263,bea9a792-cf88-46b3-9e2e-8359c2c7a238,Flupyrsulfuron-methyl,mono-constituent substance,28393508-e8bc-44f7-818b-12a19e4510a4,JKPSVOHVUGMYGH-UHFFFAOYSA-M,JKPSVOHVUGMYGH,DTVOKYWXACGVGO,COC(=O)c1ccc(C(F)(F)F)nc1S(=O)(=O)NC(=O)[N-]c1nc(OC)cc(OC)n1.[Na+],False,2,144740-54-5,COC1=CC(=NC(=N1)[N-]C(=O)NS(=O)(=O)C2=C(C=CC(=N2)C(F)(F)F)C(=O)OC)OC.[Na+],"InChI=1S/C15H14F3N5O7S.Na/c1-28-9-6-10(29-2)21-13(20-9)22-14(25)23-31(26,27)11-7(12(24)30-3)4-5-8(19-11)15(16,17)18;/h4-6H,1-3H3,(H2,20,21,22,23,25);/q;+1/p-1",Oral,LD50,,other:,µg/piece,µg/piece,species_based_piece_to_bee,119.0,,,,exact,,,,Formulation: Flupyrsulfuron-methyl 50WG,,,mortality,True,beb97c5a-573e-441c-82fa-355baee27029,"EFSA Journal 2014,12(11):3881, doi:10.2903/j.efsa.2014.3881",2014.0,True,True,True,True,False,True,False,0,0,0,True,structure_screen_only,True,False
5ebda8ef-0bb3-4224-9d99-b1952286365e,390575a2-fadc-42d4-9e5b-079bee08d75f,4264|4265,5eddc115-41d3-428c-a074-f7147712ec1d,Bensulfuron-Methyl,mono-constituent substance,75de1515-93b9-4ac4-baeb-91dd905ea626,XMQFTWRPUQYINF-UHFFFAOYSA-N,XMQFTWRPUQYINF,XMQFTWRPUQYINF,COC(=O)c1ccccc1CS(=O)(=O)NC(=O)Nc1nc(OC)cc(OC)n1,False,1,83055-99-6,COC1=CC(=NC(=N1)NC(=O)NS(=O)(=O)CC2=CC=CC=C2C(=O)OC)OC,"InChI=1S/C16H18N4O7S/c1-25-12-8-13(26-2)18-15(17-12)19-16(22)20-28(23,24)9-10-6-4-5-7-11(10)14(21)27-3/h4-8H,9H2,1-3H3,(H2,17,18,19,20,22)",Contact,LD50,,other:,µg/piece,µg/piece,species_based_piece_to_bee,100.0,>,,,censored_or_approximate,,,,,,,mortality,False,5021c463-9720-4e13-a79d-cfdda8b35c8d|8f041049-8103-4a02-85dc-b410c0398a4a,EFSA Journal. 2024;22:e8999; doi:10.2903/j.efsa.2024.8999|doi:10.2903/j.efsa.2009.178r,2009.0|2024.0,True,True,True,True,True,True,False,0,0,0,True,structure_screen_only,True,False
fe2299d8-e68c-4267-916d-921ed85546ce,f0138655-8317-41df-89b1-5bcb48ededd6,4268,8a324526-c0d0-469d-ba10-0b5497f0576d,Clopyralid,mono-constituent substance,5164c81d-4d9c-4ecd-90ee-1bd5f0d14813,HUBANNPOLNYSAD-UHFFFAOYSA-N,HUBANNPOLNYSAD,HUBANNPOLNYSAD,O=C(O)c1nc(Cl)ccc1Cl,False,1,1702-17-6,C1=CC(=NC(=C1Cl)C(=O)O)Cl,"InChI=1S/C6H3Cl2NO2/c7-3-1-2-4(8)9-5(3)6(10)11/h1-2H,(H,10,11)",Contact,LD50,,other:,µg/piece,µg/piece,species_based_piece_to_bee,98.1,>,,,censored_or_approximate,48.0,h,48.0,,,,mortality,False,2f2bf606-cc6d-4c4f-b76b-0910a37c68e7,doi:10.2903/j.efsa.2006.50r,2006.0,True,True,True,True,False,True,False,0,0,-1,True,structure_screen_only,True,True
7bc3d71e-6826-4e65-ba5c-192fd380ff27,c4548351-214e-4f3a-bac7-58cc04ec06c0,4269,a67e7aec-dbf3-4e2d-9f87-154e2117b5a9,Cycloxydim,mono-constituent substance,ce9756ca-39ae-49af-8cbf-1ff776b776f6,GGWHBJGBERXSLL-UHFFFAOYSA-N,GGWHBJGBERXSLL,GGWHBJGBERXSLL,CCCC(=NOCC)C1=C(O)CC(C2CCCSC2)CC1=O,True,1,101205-02-1,O=C1C(=C(O)CC(C1)C2CSCCC2)C(=NOCC)CCC,"InChI=1S/C17H27NO3S/c1-3-6-14(18-21-4-2)17-15(19)9-13(10-16(17)20)12-7-5-8-22-11-12/h12-13,19H,3-11H2,1-2H3/b18-14+",Contact,LD50,,other:,µg/piece,µg/piece,species_based_piece_to_bee,100.0,>,,,censored_or_approximate,48.0,h,48.0,,,,mortality,False,7f90bb9b-3c1f-4f41-9d9c-00b99fcb3a81,doi:10.2903/j.efsa.2010.1669,2010.0,False,False,False,True,True,True,False,0,0,0,True,structure_screen_only,False,False
c842e1c2-4145-4ae0-837a-3c36e3215c49,5cd33d77-4ed3-485a-b24a-18b79907f34b,4271|4272,c3ea0f17-3bd8-461e-8ae6-f8dca9ac3fc3,Mepanipyrim,mono-constituent substance,4171a4a9-75b5-4328-b4b1-e15dc9d203eb,CIFWZNRJIBNXRE-UHFFFAOYSA-N,CIFWZNRJIBNXRE,CIFWZNRJIBNXRE,CC#Cc1cc(C)nc(Nc2ccccc2)n1,False,1,110235-47-7,CC#CC1=CC(=NC(=N1)NC2=CC=CC=C2)C,"InChI=1S/C14H13N3/c1-3-7-13-10-11(2)15-14(17-13)16-12-8-5-4-6-9-12/h4-6,8-10H,1-2H3,(H,15,16,17)",Oral,LD50,,other:,µg/piece,µg/piece,species_based_piece_to_bee,50.0,>,,,censored_or_approximate,,,,,,,mortality,False,9eae3a5b-eceb-4fb8-bedb-a37fc3592c22|fbfefd03-773e-475e-b61f-0b97477c699a,doi:10.2903/j.efsa.2017.4852|doi:10.2903/j.efsa.2023.8196,2017.0|2023.0,True,True,True,True,True,True,False,0,0,-1,True,structure_screen_only,True,False
60166b16-c3d5-4073-b341-5925fdc15837,8ea9d8d2-58dd-4c09-9e49-00e93b281eee,4276,e1ec5dfd-5a94-46ef-b332-3e55d4e5a2b1,Cadusafos,mono-constituent substance,9d5f39f4-405b-43a8-b2e7-a1abea3af757,KXRPCFINVWWFHQ-UHFFFAOYSA-N,KXRPCFINVWWFHQ,KXRPCFINVWWFHQ,CCOP(=O)(SC(C)CC)SC(C)CC,False,1,95465-99-9,CCC(C)SP(=O)(OCC)SC(C)CC,"InChI=1S/C10H23O2PS2/c1-6-9(4)14-13(11,12-8-3)15-10(5)7-2/h9-10H,6-8H2,1-5H3",Contact,LD50,,other:,µg/piece,µg/piece,species_based_piece_to_bee,1.8,,,,exact,,,,,,,mortality,False,f878f1bc-9291-41ae-ad1a-a7d8f14569c9,doi:10.2903/j.efsa.2006.68r,2006.0,True,True,True,True,True,True,False,0,1,1,True,structure_screen_only,True,False
32a41904-5f82-4b9a-aadf-8f64e0a6b4e2,29948f95-c2d5-41c8-8314-0adb8f08a16b,4277,e8c33f31-a3ca-461c-8fe0-5f5327dd7024,Pyriproxyfen,mono-constituent substance,48f24d64-64be-4e36-b9ff-5c82404fbfd6,NHDHVHZZCFYRSB-UHFFFAOYSA-N,NHDHVHZZCFYRSB,NHDHVHZZCFYRSB,CC(COc1ccc(Oc2ccccc2)cc1)Oc1ccccn1,False,1,95737-68-1,CC(COC1=CC=C(C=C1)OC2=CC=CC=C2)OC3=CC=CC=N3,"InChI=1S/C20H19NO3/c1-16(23-20-9-5-6-14-21-20)15-22-17-10-12-19(13-11-17)24-18-7-3-2-4-8-18/h2-14,16H,15H2,1H3",Oral,LD50,,other:,µg/piece,µg/piece,species_based_piece_to_bee,74.0,>,,,censored_or_approximate,48.0,h,48.0,Pyriproxyfen 10EC (formulation),,,mortality,True,42d43210-02af-4c73-b7f9-1e1d14235ca7,doi:10.2903/j.efsa.2009.336r,2009.0,True,True,True,True,False,True,False,0,0,-1,True,structure_screen_only,True,False
da434369-f691-469d-aeab-593ebc5f43a1,d8278d12-60b7-48d2-8e11-2e3d38fcf6ed,4281,9cae35df-6df6-42da-b294-dfed40c4858b,Etoxazole,mono-constituent substance,cd7edc0f-05de-4774-b885-a30a269cb1cd,IXSZQYVWNJNRAL-UHFFFAOYSA-N,IXSZQYVWNJNRAL,IXSZQYVWNJNRAL,CCOc1cc(C(C)(C)C)ccc1C1COC(c2c(F)cccc2F)=N1,False,1,153233-91-1,FC2=C(C(F)=CC=C2)C1=NC(C3=C(OCC)C=C(C(C)(C)C)C=C3)CO1,"InChI=1S/C21H23F2NO2/c1-5-25-18-11-13(21(2,3)4)9-10-14(18)17-12-26-20(24-17)19-15(22)7-6-8-16(19)23/h6-11,17H,5,12H2,1-4H3",Contact,LD50,,other:,µg/piece,µg/piece,species_based_piece_to_bee,200.0,>,,,censored_or_approximate,,,,,,,mortality,False,5ae37bf5-a18c-4d9c-8903-1ba4a211eebd,doi:10.2903/j.efsa.2017.4988,2017.0,True,True,True,True,False,True,False,0,0,0,True,structure_screen_only,True,False
6d4481fa-1045-45e4-b349-ef54753225bf,6082d3ed-ec20-4112-9d11-db3dd4b0a95c,4282,8039d5d9-2f66-4a3f-8ff1-4cba7dcfcab8,Etofenprox,mono-constituent substance,4077b413-0343-4757-8dd2-692482e1ead6,YREQHYQNNWYQCJ-UHFFFAOYSA-N,YREQHYQNNWYQCJ,YREQHYQNNWYQCJ,CCOc1ccc(C(C)(C)COCc2cccc(Oc3ccccc3)c2)cc1,False,1,80844-07-1,CCOC1=CC=C(C=C1)C(C)(C)COCC2=CC(=CC=C2)OC3=CC=CC=C3,"InChI=1S/C25H28O3/c1-4-27-22-15-13-21(14-16-22)25(2,3)19-26-18-20-9-8-12-24(17-20)28-23-10-6-5-7-11-23/h5-17H,4,18-19H2,1-3H3",Contact,LD50,,other:,µg/piece,µg/piece,species_based_piece_to_bee,0.015,,,,exact,48.0,h,48.0,,,,mortality,False,6b885fff-fa52-4d04-b83b-27f3bcc205d3,doi:10.2903/j.efsa.2009.213r,2009.0,True,True,True,True,False,True,False,1,1,1,True,structure_screen_only,True,True
83d99778-1ce6-4377-ae3c-39222dc9d624,0836304e-cbe1-4a8a-89f2-3a7f78335522,4283,cf059667-3d2c-4a42-b56b-5aa8087ae614,Valifenalate,mono-constituent substance,35b750ed-5cbb-4129-ba7a-8e66bf9a3cc1,DBXFMOWZRXXBRN-LWKPJOBUSA-N,DBXFMOWZRXXBRN,DBXFMOWZRXXBRN,COC(=O)CC(NC(=O)[C@@H](NC(=O)OC(C)C)C(C)C)c1ccc(Cl)cc1,False,1,283159-90-0,CC(C)[C@@H](C(=O)NC(CC(=O)OC)C1=CC=C(C=C1)Cl)NC(=O)OC(C)C,"InChI=1S/C19H27ClN2O5/c1-11(2)17(22-19(25)27-12(3)4)18(24)21-15(10-16(23)26-5)13-6-8-14(20)9-7-13/h6-9,11-12,15,17H,10H2,1-5H3,(H,21,24)(H,22,25)/t15?,17-/m0/s1",Oral,LD50,,other:,µg/piece,µg/piece,species_based_piece_to_bee,106.6,>,,,censored_or_approximate,48.0,h,48.0,,,,mortality,False,eed1190c-af86-44db-87a5-79180113c04c,doi:10.2903/j.efsa.2013.3253,2013.0,False,True,True,True,False,True,False,0,0,0,True,structure_screen_only,True,True
8b28fb85-36c3-4d09-8bd3-ac3580a84a32,2aece015-4f7a-449e-9864-9b8d6570da0f,4284,8a324526-c0d0-469d-ba10-0b5497f0576d,Clopyralid,mono-constituent substance,5164c81d-4d9c-4ecd-90ee-1bd5f0d14813,HUBANNPOLNYSAD-UHFFFAOYSA-N,HUBANNPOLNYSAD,HUBANNPOLNYSAD,O=C(O)c1nc(Cl)ccc1Cl,False,1,1702-17-6,C1=CC(=NC(=C1Cl)C(=O)O)Cl,"InChI=1S/C6H3Cl2NO2/c7-3-1-2-4(8)9-5(3)6(10)11/h1-2H,(H,10,11)",Contact,LD50,,other:,µg/piece,µg/piece,species_based_piece_to_bee,98.1,>,,,censored_or_approximate,,,,,,,mortality,False,6cf05df4-0708-4f15-86a1-90ceece89270,"EFSA Journal 2018,16(7):5389, doi:10.2903/j.efsa.2018.5389",2018.0,True,True,True,True,False,True,False,0,0,-1,True,structure_screen_only,True,False
8bd69982-9f92-4b0a-9e09-2e59a7316d44,62d28a99-c470-4268-9682-cd3196bea141,4287,f242b639-a39c-461e-b20c-575fd6114d96,Abamectin,multi-constituent substance,800a5a77-e1b3-4622-a649-e3e66c309506,,,,,False,0,71751-41-2,,,Contact,LD50,,other:,µg/piece,µg/piece,species_based_piece_to_bee,0.001,,,,exact,24.0,h,24.0,,,,mortality,False,32eff318-2e6a-4106-a237-f008999ad5dc,doi:10.2903/j.efsa.2020.6227,2020.0,False,False,False,True,True,True,False,1,1,1,True,structure_screen_only,False,False
4ed2d625-0a8a-4859-89d0-9c7adb251a3e,9ea7d65e-f2cd-4704-90a2-d47b2d19d642,4289,16f48b4b-6e04-4ca1-a477-d7b66f9db6c2,Tolclofos-methyl,mono-constituent substance,fb606e3b-d69b-42a0-935b-6aa10f910111,OBZIQQJJIKNWNO-UHFFFAOYSA-N,OBZIQQJJIKNWNO,OBZIQQJJIKNWNO,COP(=S)(OC)Oc1c(Cl)cc(C)cc1Cl,False,1,57018-04-9,S=P(OC)(OC)OC1=C(Cl)C=C(C)C=C1Cl,"InChI=1S/C9H11Cl2O3PS/c1-6-4-7(10)9(8(11)5-6)14-15(16,12-2)13-3/h4-5H,1-3H3",Contact,LD50,,other:,µg/piece,µg/piece,species_based_piece_to_bee,455.9,,,,exact,72.0,h,72.0,Tolclofos-methyl 50 WP,,,mortality,True,e3843e72-41fe-4ee7-b847-1020d2418407,doi:10.2903/j.efsa.2018.5130,2018.0,True,True,True,True,False,True,False,0,0,0,True,structure_screen_only,True,False
3a7d643f-7963-475e-96e9-21cae5e6eef0,13236dec-e1ac-4bd8-8c08-f4c6cbd85bc2,4292,ab42b3c8-86de-4b65-af62-927b86b3ee7e,Geraniol formulation (Mevalone 3AEY),multi-constituent substance,a1578d2f-fae9-4b54-89b9-37195c147959,,,,,False,0,,,,Contact,LD50,,other:,µg/piece,µg/piece,species_based_piece_to_bee,200.0,>,,,censored_or_approximate,,,,,,,mortality,False,603df01a-1e8b-4370-9487-a1dd55833381,"EFSA Journal 2012,10(11):2915, doi:10.2903/j.efsa.2012.2915",2012.0,False,False,False,False,False,False,False,0,0,0,True,structure_screen_only,False,False
c8f0e53d-39f8-4736-a115-f47371201ed6,91028562-6637-464c-86f1-92b3da4c7000,4294,1d4b107f-5abe-4373-852f-a7b56316506d,Nonanoic acid,mono-constituent substance,f5593343-afac-4ce2-b153-46198b55297a,FBUKVWPVBMHYJY-UHFFFAOYSA-N,FBUKVWPVBMHYJY,FBUKVWPVBMHYJY,CCCCCCCCC(=O)O,False,1,112-05-0,CCCCCCCCC(=O)O,"InChI=1S/C9H18O2/c1-2-3-4-5-6-7-8-9(10)11/h2-8H2,1H3,(H,10,11)",Contact,LD50,,other:,µg/piece,µg/piece,species_based_piece_to_bee,37.5,>,,,censored_or_approximate,48.0,h,48.0,,,,mortality,False,5f799b33-7491-4195-8159-cc2d7115d0fd,doi:10.2903/j.efsa.2021.6813,2021.0,True,True,True,True,True,True,False,0,0,-1,True,structure_screen_only,True,True
f93c02b0-6c82-4181-bc9a-b4fa4baaeb40,d1297c92-9e68-4ccd-9dd8-d8433a55df15,4295,06e8b19e-3e1e-45c5-a8f6-5f601e7e8409,Napropamide-M,mono-constituent substance,493614ac-1959-4ea3-b1a6-1c6d268556b5,WXZVAROIGSFCFJ-CYBMUJFWSA-N,WXZVAROIGSFCFJ,WXZVAROIGSFCFJ,CCN(CC)C(=O)[C@@H](C)Oc1cccc2ccccc12,False,1,41643-35-0,C[C@@H](OC1=C2C=CC=CC2=CC=C1)C(N(CC)CC)=O,"InChI=1S/C17H21NO2/c1-4-18(5-2)17(19)13(3)20-16-12-8-10-14-9-6-7-11-15(14)16/h6-13H,4-5H2,1-3H3/t13-/m1/s1",Oral,LD50,,other:,µg/piece,µg/piece,species_based_piece_to_bee,110.0,>,,,censored_or_approximate,,,,D-Devrinol 450 SC,,,mortality,True,ab9aa532-5c1c-42af-8a1c-d8060924ea1e,"EFSA Journal 2018,16(11):5465, doi:10.2903/j.efsa.2018.5465",2018.0,False,True,True,False,False,False,False,0,0,0,True,structure_screen_only,True,False
7369d660-95f3-4f32-bf3f-47e0eb7a1c0e,fbf9f41b-b2fe-42fc-a2f7-14723abf0f4d,4296,62d34108-e968-4ce2-a9c1-280718f51d6b,Clothianidin,mono-constituent substance,55f031dd-ea53-44b7-8b54-669da3423d1b,PGOOBECODWQEAB-UHFFFAOYSA-N,PGOOBECODWQEAB,PGOOBECODWQEAB,CNC(=N[N+](=O)[O-])NCc1cnc(Cl)s1,False,1,210880-92-5,CNC(NCc1cnc(Cl)s1)=N[N+]([O-])=O,"InChI=1S/C6H8ClN5O2S/c1-8-6(11-12(13)14)10-3-4-2-9-5(7)15-4/h2H,3H2,1H3,(H2,8,10,11)",Contact,LD50,,other:,µg/piece,µg/piece,species_based_piece_to_bee,0.0258,,,,exact,,,,,,,mortality,False,2476311a-e658-485c-893a-8ea34c8c6017,doi:10.2903/j.efsa.2018.5177,2018.0,True,True,True,True,True,True,False,1,1,1,True,structure_screen_only,True,False
79b46ad3-2202-4e40-85f7-205f1f760430,71151605-0455-45ee-8e17-f0787a07125a,4297|4298,11a0994a-1371-4254-9312-cdfa17114394,Pyrimethanil,mono-constituent substance,89b60bb6-ffb0-4122-be52-4832f63d51df,ZLIBICFPKPWGIZ-UHFFFAOYSA-N,ZLIBICFPKPWGIZ,ZLIBICFPKPWGIZ,Cc1cc(C)nc(Nc2ccccc2)n1,False,1,53112-28-0,CC1=NC(NC2=CC=CC=C2)=NC(C)=C1,"InChI=1S/C12H13N3/c1-9-8-10(2)14-12(13-9)15-11-6-4-3-5-7-11/h3-8H,1-2H3,(H,13,14,15)",Contact,LD50,,other:,µg/piece,µg/piece,species_based_piece_to_bee,100.0,>,,,censored_or_approximate,,,,,,,mortality,False,18adf153-9e6b-4ae8-9983-09612f613099|a0d59f6f-ccff-4716-8de0-538c1799996f,EFSA Journal. 2024;22:e8998; doi:10.2903/j.efsa.2024.8998|doi:10.2903/j.efsa.2006.61r,2006.0|2024.0,True,True,True,True,False,True,False,0,0,0,True,structure_screen_only,True,False
72215c91-259d-4171-a8ac-d931440d3a9f,9a800b90-d4be-4721-924b-042c553f3378,4299,2cadfdf7-d5b1-46b4-9537-15e80e6976a8,Fish oil formulation (FLU17516),multi-constituent substance,68b23358-e13e-41e1-919e-03936d884c9c,,,,,False,0,,,,Contact,LD50,,other:,µg/piece,µg/piece,species_based_piece_to_bee,1200.0,>,,,censored_or_approximate,,,,,,,mortality,False,b9cbf3bb-b373-4171-b564-14e8176f8909,doi:10.2903/j.efsa.2022.7079,2022.0,False,False,False,False,False,False,False,0,0,0,True,structure_screen_only,False,False
81065aea-12ff-4a40-bacc-9f80286fffee,b903e8a1-5694-463b-84b6-f756eccc46cb,4300,6015c51c-3003-4d6b-9577-57d8392b5808,Alpha-cypermethrin,mono-constituent substance,9b691ea4-7d66-4b16-883a-19cbc5dab391,KAATUXNTWXVJKI-WSTZPKSXSA-N,KAATUXNTWXVJKI,KAATUXNTWXVJKI,CC1(C)[C@H](C=C(Cl)Cl)[C@@H]1C(=O)O[C@@H](C#N)c1cccc(Oc2ccccc2)c1,False,1,67375-30-8,CC1([C@@H]([C@@H]1C(=O)O[C@@H](C#N)C2=CC(=CC=C2)OC3=CC=CC=C3)C=C(Cl)Cl)C,"InChI=1S/C22H19Cl2NO3/c1-22(2)17(12-19(23)24)20(22)21(26)28-18(13-25)14-7-6-10-16(11-14)27-15-8-4-3-5-9-15/h3-12,17-18,20H,1-2H3/t17-,18+,20-/m1/s1",Contact,LD50,,other:,µg/piece,µg/piece,species_based_piece_to_bee,0.246,,,,exact,,,,,,,mortality,False,efaae6ef-a733-4580-ae58-84a99796f573,"EFSA Journal 2018,16(8):5403, doi:10.2903/j.efsa.2018.5403",2018.0,False,True,True,False,False,False,False,1,1,1,True,structure_screen_only,True,False
551ff8c4-2402-4780-95a6-c6a217814443,aaae5d5d-3472-4bf5-ab9e-a9bd0351a612,4301,7e050a9a-6834-4ef8-a7a9-e8b230f20082,Penoxsulam,mono-constituent substance,a3e4857f-50ee-4bf5-964b-296d827c5969,SYJGKVOENHZYMQ-UHFFFAOYSA-N,SYJGKVOENHZYMQ,SYJGKVOENHZYMQ,COc1cnc(OC)n2nc(NS(=O)(=O)c3c(OCC(F)F)cccc3C(F)(F)F)nc12,False,1,219714-96-2,COC1=CN=C(N2C1=NC(=N2)NS(=O)(=O)C3=C(C=CC=C3OCC(F)F)C(F)(F)F)OC,"InChI=1S/C16H14F5N5O5S/c1-29-10-6-22-15(30-2)26-13(10)23-14(24-26)25-32(27,28)12-8(16(19,20)21)4-3-5-9(12)31-7-11(17)18/h3-6,11H,7H2,1-2H3,(H,24,25)",Oral,LD50,,other:,µg/piece,µg/piece,species_based_piece_to_bee,100.0,>,,,censored_or_approximate,48.0,h,48.0,,,,mortality,False,ce58c8ad-d3c4-4ae0-a868-aadbf49219c6,doi:10.2903/j.efsa.2009.343r,2009.0,True,True,True,True,False,True,False,0,0,0,True,structure_screen_only,True,True
32052e74-fad6-455b-8824-d79ce4b0ffc7,e324ce6a-b6da-4730-9734-5ce860fed995,4302,1dcf8338-822a-4e25-858f-f4b0df4f6377,Fenamidone,mono-constituent substance,3e288e99-8d74-4ade-aa18-89cddbd1f116,LMVPQMGRYSRMIW-UHFFFAOYSA-N,LMVPQMGRYSRMIW,LMVPQMGRYSRMIW,CSC1=NC(C)(c2ccccc2)C(=O)N1Nc1ccccc1,True,1,161326-34-7,CC1(C(=O)N(C(=N1)SC)NC2=CC=CC=C2)C3=CC=CC=C3,"InChI=1S/C17H17N3OS/c1-17(13-9-5-3-6-10-13)15(21)20(16(18-17)22-2)19-14-11-7-4-8-12-14/h3-12,19H,1-2H3/t17-/m0/s1",Contact,LD50,,other:,µg/piece,µg/piece,species_based_piece_to_bee,25.7,,,,exact,,,,,,,mortality,False,de7be29d-806e-464d-8ae8-a4717242df05,doi:10.2903/j.efsa.2016.4406,2016.0,True,True,True,True,False,True,False,0,0,1,True,structure_screen_only,False,False
52a78427-8ad4-4951-94a9-f91c054cad81,a113c6ba-de8f-4810-9ef6-68c9bdfb58da,4305,77fa1f2d-60f5-45ee-b764-bd90bfe2995b,Phosalone,mono-constituent substance,edb0f621-210b-49e4-a5b6-ed836f9d3d7e,IOUNQDKNJZEDEP-UHFFFAOYSA-N,IOUNQDKNJZEDEP,IOUNQDKNJZEDEP,CCOP(=S)(OCC)SCn1c(=O)oc2cc(Cl)ccc21,False,1,2310-17-0,CCOP(=S)(OCC)SCN1C(=O)Oc2cc(Cl)ccc12,"InChI=1/C12H15ClNO4PS2/c1-3-16-19(20,17-4-2)21-8-14-10-6-5-9(13)7-11(10)18-12(14)15/h5-7H,3-4,8H2,1-2H3",Oral,LD50,,other:,µg/piece,µg/piece,species_based_piece_to_bee,103.0,,,,exact,,,,,,,mortality,False,cdb062e5-f2ea-4fe7-a42c-02e370ab0126,doi:10.2903/j.efsa.2006.60r,2006.0,True,True,True,True,False,True,False,0,0,0,True,structure_screen_only,True,False
b7f555a1-59a4-42e8-8132-df58ccea1c12,c8d2cfd4-8530-4453-a474-93f854de715e,4306,ce4bbdca-6245-4364-ab4e-2ed58ece4357,Cyazofamid,mono-constituent substance,d44dd546-efbf-4b44-b32c-454bd84bc4e2,YXKMMRDKEKCERS-UHFFFAOYSA-N,YXKMMRDKEKCERS,YXKMMRDKEKCERS,Cc1ccc(-c2c(Cl)nc(C#N)n2S(=O)(=O)N(C)C)cc1,False,1,120116-88-3,O=S(N1C(C#N)=NC(Cl)=C1C2=CC=C(C)C=C2)(N(C)C)=O,"InChI=1S/C13H13ClN4O2S/c1-9-4-6-10(7-5-9)12-13(14)16-11(8-15)18(12)21(19,20)17(2)3/h4-7H,1-3H3",Contact,LD50,,other:,µg/piece,µg/piece,species_based_piece_to_bee,9.52,,,,exact,,,,Cyazofamid formulation: IKF-916 160SC-N,,,mortality,True,131a6853-8eec-4a1a-82e3-64d57124b87a,doi:10.2903/j.efsa.2020.6232,2020.0,True,True,True,True,False,True,False,0,1,1,True,structure_screen_only,True,False
71c18044-9ecc-4ab7-9511-37197e915138,570a3c85-70cc-40a0-91c9-bd920f50a576,4307,c4cf1153-630b-41d3-bcef-31774b0657db,Flurtamone,mono-constituent substance,7eb025aa-ac13-4f5b-9b97-fbc2f89b7640,NYRMIJKDBAQCHC-UHFFFAOYSA-N,NYRMIJKDBAQCHC,NYRMIJKDBAQCHC,CNC1=C(c2cccc(C(F)(F)F)c2)C(=O)C(c2ccccc2)O1,False,1,96525-23-4,C3=C(C1=C(OC(C1=O)C2=CC=CC=C2)NC)C=CC=C3C(F)(F)F,"InChI=1S/C18H14F3NO2/c1-22-17-14(12-8-5-9-13(10-12)18(19,20)21)15(23)16(24-17)11-6-3-2-4-7-11/h2-10,16,22H,1H3",Contact,LD50,,other:,µg/piece,µg/piece,species_based_piece_to_bee,100.0,>,,,censored_or_approximate,,,,,,,mortality,False,f847ef03-4132-4f82-9069-a1f57e2afccb,doi:10.2903/j.efsa.2017.4976,2017.0,True,True,True,True,True,True,False,0,0,0,True,structure_screen_only,True,False
a8535370-665a-4136-a2c2-ca869dcbed86,db648e60-76f8-4921-9738-e287d23178e4,4312,a8399645-cdd4-43cd-8d23-dd9dd781a96a,Fludioxonil,mono-constituent substance,f5915f9d-a6ca-4f53-8b90-1b487ad207f7,MUJOIMFVNIBMKC-UHFFFAOYSA-N,MUJOIMFVNIBMKC,MUJOIMFVNIBMKC,N#Cc1c[nH]cc1-c1cccc2c1OC(F)(F)O2,False,1,131341-86-1,FC3(F)OC(C(O3)=CC=C2)=C2C1=CNC=C1C#N,"InChI=1S/C12H6F2N2O2/c13-12(14)17-10-3-1-2-8(11(10)18-12)9-6-16-5-7(9)4-15/h1-3,5-6,16H",Oral,LD50,,µg/bee,,µg/bee,direct_ug_bee,13.78,,,,exact,48.0,h,48.0,A8207M,act. ingr.,,mortality,True,97a7eddf-cc23-4ea2-b19d-6538771dde90,EFSA Journal. 2024;22:e9047; doi:10.2903/j.efsa.2024.9047,2024.0,True,True,True,True,False,True,False,0,0,1,True,structure_screen_only,True,False
23c3d663-12f5-43f1-98c4-d6052f511511,84fff8d4-022e-49dd-b9bb-2cbb01238927,4314,53bd0c43-b302-4b55-bff4-1d86955e3b3e,Sulcotrione,mono-constituent substance,827b109e-8ac9-4ddf-86c0-be49a1cb178d,PQTBTIFWAXVEPB-UHFFFAOYSA-N,PQTBTIFWAXVEPB,PQTBTIFWAXVEPB,CS(=O)(=O)c1ccc(C(=O)C2C(=O)CCCC2=O)c(Cl)c1,False,1,99105-77-8,O=C2CCCC(=O)C2C(=O)c1ccc(cc1Cl)S(C)(=O)=O,"InChI=1S/C14H13ClO5S/c1-21(19,20)8-5-6-9(10(15)7-8)14(18)13-11(16)3-2-4-12(13)17/h5-7,13H,2-4H2,1H3",Oral,LD50,,other:,µg/piece,µg/piece,species_based_piece_to_bee,50.0,,,,exact,48.0,h,48.0,,,,mortality,False,e0365084-abb3-4690-b32f-a9ebd4478952,doi:10.2903/j.efsa.2008.150r,2008.0,True,True,True,True,True,True,False,0,0,1,True,structure_screen_only,True,True
910abc22-26c2-4d05-8619-c43509ee8c74,d4c0801e-2963-478d-b31c-8ef72283e9c4,4315,5ae36538-4613-4574-9de1-c8f309195efe,Spiromesifen,mono-constituent substance,b5049cb1-cfa4-4830-a28a-4324e4480154,GOLXNESZZPUPJE-UHFFFAOYSA-N,GOLXNESZZPUPJE,GOLXNESZZPUPJE,Cc1cc(C)c(C2=C(OC(=O)CC(C)(C)C)C3(CCCC3)OC2=O)c(C)c1,False,1,283594-90-1,O=C(CC(C)(C)C)OC1=C(C3=C(C)C=C(C)C=C3C)C(OC21CCCC2)=O,"InChI=1S/C23H30O4/c1-14-11-15(2)18(16(3)12-14)19-20(26-17(24)13-22(4,5)6)23(27-21(19)25)9-7-8-10-23/h11-12H,7-10,13H2,1-6H3",Contact,LD50,,other:,µg/piece,µg/piece,species_based_piece_to_bee,200.0,>,,,censored_or_approximate,48.0,h,48.0,,,,mortality,False,96b55374-264c-40af-a868-5fcae865c55e,doi:10.2903/j.efsa.2007.105r,2007.0,True,True,True,True,False,True,False,0,0,0,True,structure_screen_only,True,True
a466b379-f7be-4c08-a653-b10764e1434d,16c707cc-2120-4891-b144-1982304bdb4b,4319|4320,5eddc115-41d3-428c-a074-f7147712ec1d,Bensulfuron-Methyl,mono-constituent substance,75de1515-93b9-4ac4-baeb-91dd905ea626,XMQFTWRPUQYINF-UHFFFAOYSA-N,XMQFTWRPUQYINF,XMQFTWRPUQYINF,COC(=O)c1ccccc1CS(=O)(=O)NC(=O)Nc1nc(OC)cc(OC)n1,False,1,83055-99-6,COC1=CC(=NC(=N1)NC(=O)NS(=O)(=O)CC2=CC=CC=C2C(=O)OC)OC,"InChI=1S/C16H18N4O7S/c1-25-12-8-13(26-2)18-15(17-12)19-16(22)20-28(23,24)9-10-6-4-5-7-11(10)14(21)27-3/h4-8H,9H2,1-3H3,(H2,17,18,19,20,22)",Oral,LD50,,other:,µg/piece,µg/piece,species_based_piece_to_bee,51.41,>,,,censored_or_approximate,,,,,,,mortality,False,5021c463-9720-4e13-a79d-cfdda8b35c8d|8f041049-8103-4a02-85dc-b410c0398a4a,EFSA Journal. 2024;22:e8999; doi:10.2903/j.efsa.2024.8999|doi:10.2903/j.efsa.2009.178r,2009.0|2024.0,True,True,True,True,True,True,False,0,0,-1,True,structure_screen_only,True,False
9da32cec-cd04-42cc-b7fe-9e9759ea8c6b,71bddd51-dd14-42ec-9f0e-cb0637cb43b6,4321,42ef9583-45a6-4192-bec0-58dfe9941217,Fenbutatin oxide,mono-constituent substance,10c798a1-f8ea-4c77-9f9e-68712f10a7e8,HOXINJBQVZWYGZ-UHFFFAOYSA-N,HOXINJBQVZWYGZ,WCHBYUHLDNMPBA,CC(C)([CH2][Sn]([CH2]C(C)(C)c1ccccc1)([CH2]C(C)(C)c1ccccc1)[O][Sn]([CH2]C(C)(C)c1ccccc1)([CH2]C(C)(C)c1ccccc1)[CH2]C(C)(C)c1ccccc1)c1ccccc1,False,1,13356-08-6,CC(C)(C[Sn](CC(C)(C)c1ccccc1)(CC(C)(C)c2ccccc2)O[Sn](CC(C)(C)c3ccccc3)(CC(C)(C)c4ccccc4)CC(C)(C)c5ccccc5)c6ccccc6,"InChI=1S/6C10H13.O.2Sn/c6*1-10(2,3)9-7-5-4-6-8-9;;;/h6*4-8H,1H2,2-3H3;;;",Oral,LD50,,other:,µg/piece,µg/piece,species_based_piece_to_bee,200.0,>,,,censored_or_approximate,96.0,h,96.0,Torque 50WP,,,mortality,True,3da4c878-1de3-45d0-a588-6a1b96fe0a7c,doi:10.2903/j.efsa.2010.1711,2010.0,True,True,True,True,False,True,False,0,0,0,True,structure_screen_only,True,False
e33dce6a-234d-43d9-bf59-ebd6fbbfbf64,cf143582-47d9-4935-ace0-e35d9f9ba26e,4323,abb35cee-1a99-494f-94c2-ca7606cc5684,Sulfoxaflor (sum of isomers),mono-constituent substance,b1efb967-a6e7-42d1-9fb2-9da24577ef39,,,,,False,0,,,,Contact,LD50,,other:,µg/piece,µg/piece,species_based_piece_to_bee,0.379,,,,exact,72.0,h,72.0,,,,mortality,False,46f4649e-2289-4971-a004-86f392622f1a,"EFSA Journal 2014,12(5):3692, doi:10.2903/j.efsa.2014.3692",2014.0,False,False,False,False,False,False,False,1,1,1,True,structure_screen_only,False,False
45ee634e-ca87-4cf2-a15d-006257469734,b9e10a78-3993-45b2-b285-4f826734ffda,4328,8cbab949-c9d5-4124-9f5f-31a2798c1d97,"2,4-D",mono-constituent substance,adf1912c-4c16-4aeb-af59-9ce43a87d014,OVSKIKFHRZPJSS-UHFFFAOYSA-N,OVSKIKFHRZPJSS,OVSKIKFHRZPJSS,O=C(O)COc1ccc(Cl)cc1Cl,False,1,94-75-7,C1=CC(=C(C=C1Cl)Cl)OCC(=O)O,"InChI=1S/C8H6Cl2O3/c9-5-1-2-7(6(10)3-5)13-4-8(11)12/h1-3H,4H2,(H,11,12)",Oral,LD50,,other:,µg/piece,µg/piece,species_based_piece_to_bee,94.0,,,,exact,,,,,,,mortality,False,44216c52-d1ac-4f38-bd79-39f576c2652b,doi:10.2903/j.efsa.2016.4500,2016.0,True,True,True,True,True,True,False,0,0,1,True,structure_screen_only,True,False
112180a5-0ac6-473f-99ca-c44ff9d544a0,a518775b-ae35-4b4f-8182-772bf227be8a,4329,a4135876-f27e-444c-aeff-3a6316f6b4a4,Benthiavalicarb isopropyl,mono-constituent substance,473f3794-b3e5-4ead-a162-661507756b00,USRKFGIXLGKMKU-ABAIWWIYSA-N,USRKFGIXLGKMKU,USRKFGIXLGKMKU,CC(C)OC(=O)N[C@H](C(=O)N[C@H](C)c1nc2ccc(F)cc2s1)C(C)C,False,1,177406-68-7,CC(C)[C@H](NC(=O)OC(C)C)C(=O)N[C@H](C)c1nc2ccc(F)cc2s1,"InChI=1S/C18H24FN3O3S/c1-9(2)15(22-18(24)25-10(3)4)16(23)20-11(5)17-21-13-7-6-12(19)8-14(13)26-17/h6-11,15H,1-5H3,(H,20,23)(H,22,24)/t11-,15+/m1/s1",Oral,LD50,,other:,µg/piece,µg/piece,species_based_piece_to_bee,100.0,>,,,censored_or_approximate,,,,,,,mortality,False,8a144198-5691-4244-b18c-66bc0f0a6484,doi:10.2903/j.efsa.2021.6833,2021.0,False,True,True,True,True,True,False,0,0,0,True,structure_screen_only,True,False
88530483-ef6a-4a99-a4eb-38c6cafcc58a,863c63bb-6727-4857-89d5-f0414030c93d,4330,034f2e7a-ef97-4283-9c5a-6184fec10b96,Forchlorfenuron,mono-constituent substance,9439b67b-70b6-427f-9204-aa195667142c,GPXLRLUVLMHHIK-UHFFFAOYSA-N,GPXLRLUVLMHHIK,GPXLRLUVLMHHIK,O=C(Nc1ccccc1)Nc1ccnc(Cl)c1,False,1,68157-60-8,C1=CC=C(C=C1)NC(=O)NC2=CC(=NC=C2)Cl,"InChI=1S/C12H10ClN3O/c13-11-8-10(6-7-14-11)16-12(17)15-9-4-2-1-3-5-9/h1-8H,(H2,14,15,16,17)",Contact,LD50,,other:,µg/piece,µg/piece,species_based_piece_to_bee,30.0,>,,,censored_or_approximate,,,,Sitofex,,,mortality,True,3d5c5abc-2095-4a9e-b1db-0732b13a9173,doi:10.2903/j.efsa.2017.4874,2017.0,True,True,True,True,False,True,False,0,0,-1,True,structure_screen_only,True,False
67e5eb2b-2a72-4b26-b47b-1fb2d7bf019d,a69247fd-0364-437b-9da5-eb7a9b3826a1,4331,78d324b8-380d-4e33-9ced-7dd253dbc830,Thiophanate-methyl,mono-constituent substance,5e1abe84-579f-4d13-beda-ee3d89b10cb4,QGHREAKMXXNCOA-UHFFFAOYSA-N,QGHREAKMXXNCOA,QGHREAKMXXNCOA,COC(=O)NC(=S)Nc1ccccc1NC(=S)NC(=O)OC,False,1,23564-05-8,COC(=O)NC(=S)NC1=CC=CC=C1NC(=S)NC(=O)OC,"InChI=1/C12H14N4O4S2/c1-19-11(17)15-9(21)13-7-5-3-4-6-8(7)14-10(22)16-12(18)20-2/h3-6H,1-2H3,(H2,13,15,17,21)(H2,14,16,18,22)",Contact,LD50,,other:,µg/piece,µg/piece,species_based_piece_to_bee,100.0,>,,,censored_or_approximate,,,,,,,mortality,False,38cf1654-054d-4bb8-8866-d6a1aa83bc60,doi:10.2903/j.efsa.2018.5133,2018.0,True,True,True,True,False,True,False,0,0,0,True,structure_screen_only,True,False
e1208325-23c5-4bf2-9f93-13f2a00b0bf9,736f31a3-cf9a-46ee-b698-d35615d034a6,4332,137f8488-0bff-496f-bf12-50ebc8130320,Denathonium benzoate formulation (ARBINOL B),multi-constituent substance,89f1046c-d432-4eda-a78f-ace1da7a80b5,,,,,False,0,,,,Oral,LD50,,other:,µg/piece,µg/piece,species_based_piece_to_bee,362.5,>,,,censored_or_approximate,,,,,,,mortality,False,0113f3bb-cb42-4991-a45e-01d1d4b7fefc,"EFSA Journal 2012,10(1):2483, doi:10.2903/j.efsa.2012.2483",2012.0,False,False,False,False,False,False,False,0,0,0,True,structure_screen_only,False,False
a8194758-bffc-4423-9b61-15f2a6cb4e63,94f394f9-2f17-467e-9538-7f1d4c6a062c,4335,1195b0de-88f0-4272-b6dc-f5b55d25e375,Glyphosate,mono-constituent substance,95c86af0-d579-4717-915a-74839a4eb142,XDDAORKBJWWYJS-UHFFFAOYSA-N,XDDAORKBJWWYJS,XDDAORKBJWWYJS,O=C(O)CNCP(=O)(O)O,False,1,1071-83-6,O=P(O)(O)CNCC(O)=O,"InChI=1S/C3H8NO5P/c5-3(6)1-4-2-10(7,8)9/h4H,1-2H2,(H,5,6)(H2,7,8,9)",Oral,LD50,,µg/bee,,µg/bee,direct_ug_bee,40.0,>,,,censored_or_approximate,,,,,other:,,mortality,False,03ac36b8-9d0f-4214-b365-09a2b11d5a0f,"EFSA Journal 2023,21(7):8164, doi:10.2903/j.efsa.2023.8164",2023.0,True,True,True,True,False,True,False,0,0,-1,True,structure_screen_only,True,False
d9893802-4115-4a1e-9c50-c2de728402d4,ef95fa4e-d33f-4f0e-bc89-e12cfab86224,4336,fbaf3532-52eb-4cfc-9ca1-72e93f5dc161,Hymexazol,mono-constituent substance,d6cf17de-af78-422d-8f8a-327f5ac541be,KGVPNLBXJKTABS-UHFFFAOYSA-N,KGVPNLBXJKTABS,KGVPNLBXJKTABS,Cc1cc(=O)[nH]o1,False,1,10004-44-1,O=C1C=C(C)ON1,"InChI=1S/C4H5NO2/c1-3-2-4(6)5-7-3/h2H,1H3,(H,5,6)",Oral,LD50,,other:,µg/piece,µg/piece,species_based_piece_to_bee,100.0,>,,,censored_or_approximate,48.0,h,48.0,,,,mortality,False,3cfda772-8603-4773-bc2b-f787c019046e,doi:10.2903/j.efsa.2010.1653,2010.0,True,True,True,True,False,True,False,0,0,0,True,structure_screen_only,True,True
4c1edc99-41ea-4245-a8dd-30fbcf660439,8d12b2e3-03a4-41d7-a153-5371bababa04,4337,818203ca-7db9-492d-9218-b7bc36775db7,Milbemectin,multi-constituent substance,12e20368-b9bd-4e5f-a0a5-3810ff3b0a2a,,,,,False,0,,,,Oral,LD50,,µg/bee,,µg/bee,direct_ug_bee,0.4,,,,exact,,,,Milbemectin (purity 96.93 %),act. ingr.,,mortality,True,6e3cae81-7d99-40bd-8658-98b186c08f15,"EFSA Journal 2023,21(7):8126, doi:10.2903/j.efsa.2023.8126",2023.0,False,False,False,False,True,True,False,1,1,1,True,structure_screen_only,False,False
54530972-b5a8-4f44-babc-6cd83b7a72cc,3f9b960a-4065-4b0d-848c-c1728b77615c,4338,abb35cee-1a99-494f-94c2-ca7606cc5684,Sulfoxaflor (sum of isomers),mono-constituent substance,b1efb967-a6e7-42d1-9fb2-9da24577ef39,,,,,False,0,,,,Oral,LD50,,other:,µg/piece,µg/piece,species_based_piece_to_bee,0.146,,,,exact,48.0,h,48.0,,,,mortality,False,9d58722c-153d-4a6b-9830-a577bfb7e251,doi:10.2903/j.efsa.2020.6056,2020.0,False,False,False,False,False,False,False,1,1,1,True,structure_screen_only,False,False
5ea2ec38-2a6c-4b5e-9bcf-0857ecac22e7,f8e8793f-387a-462b-a19d-ad5fbd0fd827,4339,4c13ebc8-e0b5-4322-ae4b-9d23cd92449b,FEN 560 Fenugreek powder,multi-constituent substance,46ca1791-e286-429c-8f2c-0cf304e6d134,,,,,False,0,,,,Oral,LD50,,other:,µg/piece,µg/piece,species_based_piece_to_bee,50.0,>,,,censored_or_approximate,48.0,h,48.0,,,,mortality,False,45f9fd7c-aaef-4e49-aa18-60ddaf48a0ff,doi:10.2903/j.efsa.2010.1448,2010.0,False,False,False,False,False,False,False,0,0,-1,True,structure_screen_only,False,False
a1dec5ff-76bc-4b97-8662-b410758c6c9f,61b14aef-74c4-4b2d-886e-b7fb9c5852b4,4340,08899d97-8bfc-42ea-9c2c-cd8da5809857,Triflumuron,mono-constituent substance,28c027b5-ae1d-457d-b324-b8981f6be12a,XAIPTRIXGHTTNT-UHFFFAOYSA-N,XAIPTRIXGHTTNT,XAIPTRIXGHTTNT,O=C(NC(=O)c1ccccc1Cl)Nc1ccc(OC(F)(F)F)cc1,False,1,64628-44-0,O=C(C1=CC=CC=C1Cl)NC(NC(C=C2)=CC=C2OC(F)(F)F)=O,"InChI=1S/C15H10ClF3N2O3/c16-12-4-2-1-3-11(12)13(22)21-14(23)20-9-5-7-10(8-6-9)24-15(17,18)19/h1-8H,(H2,20,21,22,23)",Contact,LD50,,other:,µg/piece,µg/piece,species_based_piece_to_bee,200.0,>,,,censored_or_approximate,48.0,h,48.0,,,,mortality,False,35fb09cf-7f68-48c6-8cf7-a64c7982fc27,"EFSA Journal 2011,9(1):1941, doi:10.2903/j.efsa.2011.1941",2011.0,True,True,True,True,True,True,False,0,0,0,True,structure_screen_only,True,True
ab6b2412-7d18-4e1d-8972-30a960b5924b,7bf214b1-e24a-48b4-8fb0-ed0667604927,4341,327be68c-3a3c-4332-99c5-415c093f968f,Fish oil,multi-constituent substance,c405bcc3-6130-4e65-a6a3-2cd9cd1f7f03,,,,,False,0,100085-40-3,,,Oral,LD50,,other:,µg/piece,µg/piece,species_based_piece_to_bee,337.0,>,,,censored_or_approximate,,,,Flügol (FLU17516),,,mortality,True,b9cbf3bb-b373-4171-b564-14e8176f8909,doi:10.2903/j.efsa.2022.7079,2022.0,False,False,False,False,False,False,False,0,0,0,True,structure_screen_only,False,False
d6bf12b8-d898-44fd-a00c-fe3df6af6328,c4149096-b1c3-43a1-a1c8-e524d186786d,4343,b529ec00-87b6-4816-a9bd-ed8e2b36fa70,Indoxacarb,mono-constituent substance,66bbdc64-ffc0-48f5-bd80-016f81f0672a,VBCVPMMZEGZULK-NRFANRHFSA-N,VBCVPMMZEGZULK,VBCVPMMZEGZULK,COC(=O)N(C(=O)N1CO[C@@]2(C(=O)OC)Cc3cc(Cl)ccc3C2=N1)c1ccc(OC(F)(F)F)cc1,False,1,173584-44-6,,"InChI=1S/C22H17ClF3N3O7/c1-33-18(30)21-10-12-9-13(23)3-8-16(12)17(21)27-28(11-35-21)19(31)29(20(32)34-2)14-4-6-15(7-5-14)36-22(24,25)26/h3-9H,10-11H2,1-2H3/t21-/m0/s1",Oral,LD50,,other:,µg/piece,µg/piece,species_based_piece_to_bee,0.232,,,,exact,,,,,,,mortality,False,89305f4d-9bed-4ce8-b8c0-b032c96f73c7,doi:10.2903/j.efsa.2018.5140,2018.0,False,True,True,True,False,True,False,1,1,1,True,structure_screen_only,True,False
12275210-54f2-49c6-a143-215215940900,6e087c70-bfaf-44fc-beba-fbf5de168190,4344,818203ca-7db9-492d-9218-b7bc36775db7,Milbemectin,multi-constituent substance,12e20368-b9bd-4e5f-a0a5-3810ff3b0a2a,,,,,False,0,,,,Contact,LD50,,µg/bee,,µg/bee,direct_ug_bee,0.026,,,,exact,,,,Milbemectin (purity 96.93 %),act. ingr.,,mortality,True,6e3cae81-7d99-40bd-8658-98b186c08f15,"EFSA Journal 2023,21(7):8126, doi:10.2903/j.efsa.2023.8126",2023.0,False,False,False,False,True,True,False,1,1,1,True,structure_screen_only,False,False
60497a6b-acaa-4f51-b777-76c5d773d965,94907009-dc96-4221-bea0-7254d68367c7,4346,ae7eb956-7f12-4bbf-8d40-8913d9128129,Potassium thiocyanate,mono-constituent substance,2040a2ae-8587-4a5b-ad8e-faa8a28bb93d,ZNNZYHKDIALBAK-UHFFFAOYSA-M,ZNNZYHKDIALBAK,ZMZDMBWJUHKJPS,N#C[S-].[K+],False,2,333-20-0,C(#N)[S-].[K+],InChI=1S/CHNS.K/c2-1-3;/h3H;/q;+1/p-1,Oral,LD50,,other:,µg/piece,µg/piece,species_based_piece_to_bee,1.0,>,,,censored_or_approximate,,,,,,,mortality,False,46d816cd-6c08-4b5b-9723-2cfb7c516980,doi:10.2903/j.efsa.2013.2922,2013.0,True,True,True,True,True,True,False,0,-1,-1,True,structure_screen_only,True,False
b100a888-b4a5-480f-bf3a-552b3f59285b,4fedbb40-84b9-4f47-8543-5b7527c60072,4348,9f20d42b-9ff2-4da6-a9f3-87ad8f7dd20e,Napropamide formulation (Devrinol SC 450),multi-constituent substance,ae1458aa-fd80-4105-9200-b76de1e27a25,,,,,False,0,,,,Oral,LD50,,other:,µg/piece,µg/piece,species_based_piece_to_bee,100.0,>,,,censored_or_approximate,48.0,h,48.0,,,,mortality,False,3303986d-df15-4689-a75c-ba91ba79c5d3,doi:10.2903/j.efsa.2008.140r,2008.0,False,False,False,False,False,False,False,0,0,0,True,structure_screen_only,False,False
06a8587e-004d-43ec-94d1-34fb9cc2cc11,d6a7ead9-d77a-4732-a2ed-8d02a14aebf4,4349,4bfab2fa-379b-4887-9301-c84700b91445,Metrafenone,mono-constituent substance,dd74f1f8-db70-4716-b36a-e4407352c61d,AMSPWOYQQAWRRM-UHFFFAOYSA-N,AMSPWOYQQAWRRM,AMSPWOYQQAWRRM,COc1cc(C)c(C(=O)c2c(OC)ccc(Br)c2C)c(OC)c1OC,False,1,220899-03-6,CC1=CC(=C(C(=C1C(=O)C2=C(C=CC(=C2C)Br)OC)OC)OC)OC,"InChI=1S/C19H21BrO5/c1-10-9-14(23-4)18(24-5)19(25-6)15(10)17(21)16-11(2)12(20)7-8-13(16)22-3/h7-9H,1-6H3",Oral,LD50,,µg/bee,,µg/bee,direct_ug_bee,32.7,>,,,censored_or_approximate,,,,BAS 560 00 F,act. ingr.,,mortality,True,d376f596-d6fc-496b-a197-e94a5aac80ad,"EFSA Journal 2023,21(5):8012, doi:10.2903/j.efsa.2023.8012",2023.0,True,True,True,True,False,True,False,0,0,-1,True,structure_screen_only,True,False
6ca09629-2670-4de0-a2f7-ad3405d52330,6a149a99-0996-4abb-9dff-f26d565c90e5,4350,7d44523d-cb1c-4707-aa2e-b186c5d466d0,Fenpyroximate,mono-constituent substance,8786e4d6-0092-4474-b273-48808f40c5ae,YYJNOYZRYGDPNH-MFKUBSTISA-N,YYJNOYZRYGDPNH,YYJNOYZRYGDPNH,Cc1nn(C)c(Oc2ccccc2)c1/C=N/OCc1ccc(C(=O)OC(C)(C)C)cc1,False,1,134098-61-6,CC1=NN(C(=C1/C=N/OCC2=CC=C(C=C2)C(=O)OC(C)(C)C)OC3=CC=CC=C3)C,"InChI=1S/C24H27N3O4/c1-17-21(22(27(5)26-17)30-20-9-7-6-8-10-20)15-25-29-16-18-11-13-19(14-12-18)23(28)31-24(2,3)4/h6-15H,16H2,1-5H3/b25-15+",Contact,LD50,,other:,µg/piece,µg/piece,species_based_piece_to_bee,15.8,,,,exact,,,,,,,mortality,False,cbd69899-2992-4a0a-8532-74ecec7187df,doi:10.2903/j.efsa.2008.197r,2008.0,False,True,True,True,True,True,False,0,0,1,True,structure_screen_only,True,False
7c30d4f5-c59c-4b46-b238-c43615c4ba60,4106fae7-2f75-4c9c-8f24-69b585116cf8,4353,fb815bf9-798d-4cf3-a03d-aab0ded57ea4,Isoxaben,mono-constituent substance,fe55bda6-6330-4f95-8ec6-894ec6919ccd,PMHURSZHKKJGBM-UHFFFAOYSA-N,PMHURSZHKKJGBM,PMHURSZHKKJGBM,CCC(C)(CC)c1cc(NC(=O)c2c(OC)cccc2OC)on1,False,1,82558-50-7,CCC(C)(CC)C1=NOC(=C1)NC(=O)C2=C(C=CC=C2OC)OC,"InChI=1S/C18H24N2O4/c1-6-18(3,7-2)14-11-15(24-20-14)19-17(21)16-12(22-4)9-8-10-13(16)23-5/h8-11H,6-7H2,1-5H3,(H,19,21)",Oral,LD50,,other:,µg/piece,µg/piece,species_based_piece_to_bee,100.0,>,,,censored_or_approximate,48.0,h,48.0,,,,mortality,False,cbdb27dd-7d12-4245-b26d-8a6f3368273e,doi:10.2903/j.efsa.2010.1714,2010.0,True,True,True,True,True,True,False,0,0,0,True,structure_screen_only,True,True
e67435c3-72a8-4171-b13d-b2fb440dad62,e110e07e-cd45-4fa6-a3a2-dbaddadaedf6,4354,08899d97-8bfc-42ea-9c2c-cd8da5809857,Triflumuron,mono-constituent substance,28c027b5-ae1d-457d-b324-b8981f6be12a,XAIPTRIXGHTTNT-UHFFFAOYSA-N,XAIPTRIXGHTTNT,XAIPTRIXGHTTNT,O=C(NC(=O)c1ccccc1Cl)Nc1ccc(OC(F)(F)F)cc1,False,1,64628-44-0,O=C(C1=CC=CC=C1Cl)NC(NC(C=C2)=CC=C2OC(F)(F)F)=O,"InChI=1S/C15H10ClF3N2O3/c16-12-4-2-1-3-11(12)13(22)21-14(23)20-9-5-7-10(8-6-9)24-15(17,18)19/h1-8H,(H2,20,21,22,23)",Contact,LD50,,other:,µg/piece,µg/piece,species_based_piece_to_bee,200.0,>,,,censored_or_approximate,48.0,h,48.0,,,,mortality,False,f453f409-d7c4-48c3-8b71-210976a2e990,doi:10.2903/j.efsa.2009.194r,2009.0,True,True,True,True,True,True,False,0,0,0,True,structure_screen_only,True,True
09a33b7e-5d67-405b-8e79-ee3764d6f0f3,a6892fe4-1b81-458a-998c-c21580c618f5,4355,1a966c46-8ab6-4c70-b530-660085255a73,Bifenox,mono-constituent substance,d5889a8d-2dd5-4543-b3a4-bae570f879f5,SUSRORUBZHMPCO-UHFFFAOYSA-N,SUSRORUBZHMPCO,SUSRORUBZHMPCO,COC(=O)c1cc(Oc2ccc(Cl)cc2Cl)ccc1[N+](=O)[O-],False,1,42576-02-3,[O-][N+](C(C=C2)=C(C=C2OC1=CC=C(Cl)C=C1Cl)C(OC)=O)=O,"InChI=1S/C14H9Cl2NO5/c1-21-14(18)10-7-9(3-4-12(10)17(19)20)22-13-5-2-8(15)6-11(13)16/h2-7H,1H3",Contact,LD50,,other:,µg/piece,µg/piece,species_based_piece_to_bee,200.0,>,,,censored_or_approximate,48.0,h,48.0,,,,mortality,False,4126058e-c306-4a47-b822-aebcd0649b25,doi:10.2903/j.efsa.2008.119r,2008.0,True,True,True,True,True,True,False,0,0,0,True,structure_screen_only,True,True
462b6b96-3eed-4d78-b2b3-65e288b05d16,f11d00f1-7f4e-42dd-8c35-605172f2ee8c,4357,0524527f-6ca8-431d-a080-a0fa95eb89ef,Pencycuron,mono-constituent substance,7ed4b341-aeee-43fd-8de5-8088969d943f,OGYFATSSENRIKG-UHFFFAOYSA-N,OGYFATSSENRIKG,OGYFATSSENRIKG,O=C(Nc1ccccc1)N(Cc1ccc(Cl)cc1)C1CCCC1,False,1,66063-05-6,O=C(NC2=CC=CC=C2)N(C3CCCC3)CC1=CC=C(Cl)C=C1,"InChI=1S/C19H21ClN2O/c20-16-12-10-15(11-13-16)14-22(18-8-4-5-9-18)19(23)21-17-6-2-1-3-7-17/h1-3,6-7,10-13,18H,4-5,8-9,14H2,(H,21,23)",Oral,LD50,,other:,µg/piece,µg/piece,species_based_piece_to_bee,98.5,>,,,censored_or_approximate,48.0,h,48.0,,,,mortality,False,3dca94e8-55d8-4714-81eb-5783d0af3713,doi:10.2903/j.efsa.2010.1828,2010.0,True,True,True,True,True,True,False,0,0,-1,True,structure_screen_only,True,True
7573a6b9-4341-4033-a968-d870f1844a29,db5f24c8-6a0d-4114-88c3-46b041658cc6,4358,f5d92059-bec2-48a7-9cc4-90e03d8b16a7,Fosetyl-aluminium,mono-constituent substance,74278d6b-0a10-48b8-9602-5f8c4647565d,OIPMQULDKWSNGX-UHFFFAOYSA-N,OIPMQULDKWSNGX,ZUNGGJHBMLMRFJ,CCO[P+](=O)[O-].CCO[P+](=O)[O-].CCO[P+](=O)[O-].[Al+3],False,4,39148-24-8,CCO[P+](=O)[O-].CCO[P+](=O)[O-].CCO[P+](=O)[O-].[Al+3],"InChI=1S/3C2H5O3P.Al/c3*1-2-5-6(3)4;/h3*2H2,1H3;/q;;;+3",Contact,LD50,,other:,µg/piece,µg/piece,species_based_piece_to_bee,100.0,>,,,censored_or_approximate,,,,,,,mortality,False,36654755-c09a-4a9f-9d7b-6e67029a6231,"EFSA Journal 2018,16(6):5307, doi:10.2903/j.efsa.2018.5307",2018.0,True,True,True,True,True,True,False,0,0,0,True,structure_screen_only,True,False
57bb1ee1-8df3-480f-8fcf-8153ca11d00d,d1ca644a-cc01-4bc6-befa-d28204f56792,4359,7d44523d-cb1c-4707-aa2e-b186c5d466d0,Fenpyroximate,mono-constituent substance,8786e4d6-0092-4474-b273-48808f40c5ae,YYJNOYZRYGDPNH-MFKUBSTISA-N,YYJNOYZRYGDPNH,YYJNOYZRYGDPNH,Cc1nn(C)c(Oc2ccccc2)c1/C=N/OCc1ccc(C(=O)OC(C)(C)C)cc1,False,1,134098-61-6,CC1=NN(C(=C1/C=N/OCC2=CC=C(C=C2)C(=O)OC(C)(C)C)OC3=CC=CC=C3)C,"InChI=1S/C24H27N3O4/c1-17-21(22(27(5)26-17)30-20-9-7-6-8-10-20)15-25-29-16-18-11-13-19(14-12-18)23(28)31-24(2,3)4/h6-15H,16H2,1-5H3/b25-15+",Oral,LD50,,other:,µg/piece,µg/piece,species_based_piece_to_bee,118.5,>,,,censored_or_approximate,,,,,,,mortality,False,496f9933-0a21-4cd6-92b9-871f10adb43b,doi:10.2903/j.efsa.2013.3493,2013.0,False,True,True,True,True,True,False,0,0,0,True,structure_screen_only,True,False
27249ff2-2c1d-4c9b-898d-9aff9deccc59,5972a4fa-4a4a-4c0b-84e5-920f05bfebb1,4360,74793209-5072-4fb4-80fe-fe3911753d75,Metconazole (sum of isomers),mono-constituent substance,73a66a96-62e0-4ba0-8679-424cb28fb283,,,,,False,0,,,,Oral,LD50,,other:,µg/piece,µg/piece,species_based_piece_to_bee,85.0,>,,,censored_or_approximate,72.0,h,72.0,,,,mortality,False,13c2dba5-7f84-4217-b093-948e1466c3b1,doi:10.2903/j.efsa.2006.64r,2006.0,False,False,False,False,False,False,False,0,0,-1,True,structure_screen_only,False,False
4a409671-db07-494f-b980-36d3633dcf8e,e6936440-2d6c-4ba5-8d98-da31ff9f9264,4361,53cd9afb-8023-4d31-98fc-b34ff732f242,Chlorothalonil,mono-constituent substance,38bc71d2-0ae7-43ed-a625-480b5042ad46,CRQQGFGUEAVUIL-UHFFFAOYSA-N,CRQQGFGUEAVUIL,CRQQGFGUEAVUIL,N#Cc1c(Cl)c(Cl)c(Cl)c(C#N)c1Cl,False,1,1897-45-6,Clc1c(Cl)c(C#N)c(Cl)c(C#N)c1Cl,InChI=1/C8Cl4N2/c9-5-3(1-13)6(10)8(12)7(11)4(5)2-14,Contact,LD50,,other:,µg/piece,µg/piece,species_based_piece_to_bee,40.0,>,,,censored_or_approximate,,,,,,,mortality,False,cdd2ad0c-4047-408c-8ba2-2cabc2c3345a,doi:10.2903/j.efsa.2018.5126,2018.0,True,True,True,True,False,True,False,0,0,-1,True,structure_screen_only,True,False
be95a27f-3bc0-4ac4-a30c-92fd51ee711f,ede109b3-53f0-4e7d-afe0-28a07693ca51,4362,ee3baf05-85ed-4a6b-aad9-2bdb818806fa,Dicloran,mono-constituent substance,bb485b80-d41c-4858-9c97-6a2485f8ec50,BIXZHMJUSMUDOQ-UHFFFAOYSA-N,BIXZHMJUSMUDOQ,BIXZHMJUSMUDOQ,Nc1c(Cl)cc([N+](=O)[O-])cc1Cl,False,1,99-30-9,Nc1c(Cl)cc(cc1Cl)[N+](=O)[O-],"InChI=1/C6H4Cl2N2O2/c7-4-1-3(10(11)12)2-5(8)6(4)9/h1-2H,9H2",Contact,LD50,,other:,µg/piece,µg/piece,species_based_piece_to_bee,100.0,>,,,censored_or_approximate,48.0,h,48.0,,,,mortality,False,e65f4829-a620-4877-8591-0fd4eb99bc56,doi:10.2903/j.efsa.2010.1698,2010.0,True,True,True,True,False,True,False,0,0,0,True,structure_screen_only,True,True
e14d16cb-e08d-4eef-bbb3-f4d000054e3a,f5e264a5-260f-4c26-817f-8a3c2ca7a2f8,4364,a6a28341-9b01-4f83-a4f5-68bfc496b9c3,Trifloxystrobin,mono-constituent substance,f4f755e7-6aab-4238-80a3-29ee50c51f1d,ONCZDRURRATYFI-UHFFFAOYSA-N,ONCZDRURRATYFI,ONCZDRURRATYFI,CON=C(C(=O)OC)c1ccccc1CON=C(C)c1cccc(C(F)(F)F)c1,False,1,141517-21-7,CC(C1=CC(C(F)(F)F)=CC=C1)=NOCC2=C(C(C(OC)=O)=NOC)C=CC=C2,"InChI=1S/C20H19F3N2O4/c1-13(14-8-6-9-16(11-14)20(21,22)23)24-29-12-15-7-4-5-10-17(15)18(25-28-3)19(26)27-2/h4-11H,12H2,1-3H3",Oral,LD50,,other:,µg/piece,µg/piece,species_based_piece_to_bee,110.0,>,,,censored_or_approximate,48.0,h,48.0,,,,mortality,False,c7386d72-bae3-4f1a-9a32-fe2bcc81977f,doi:10.2903/j.efsa.2017.4989,2017.0,True,True,True,True,False,True,False,0,0,0,True,structure_screen_only,True,True
b0735ec9-15b7-4dbc-b845-79826db0292c,b70f7ebc-9d7b-4359-8a1a-d81179f62804,4366|4367,c5a05f6c-b34b-4ab6-91f9-da4f8bdcd99e,Dimoxystrobin,mono-constituent substance,78b54c00-fbe4-4e95-ab6a-8f48b6e47f56,WXUZAHCNPWONDH-UHFFFAOYSA-N,WXUZAHCNPWONDH,WXUZAHCNPWONDH,CNC(=O)C(=NOC)c1ccccc1COc1cc(C)ccc1C,True,1,149961-52-4,CC1=CC(=C(C=C1)C)OCC2=CC=CC=C2C(=NOC)C(=O)NC,"InChI=1S/C19H22N2O3/c1-13-9-10-14(2)17(11-13)24-12-15-7-5-6-8-16(15)18(21-23-4)19(22)20-3/h5-11H,12H2,1-4H3,(H,20,22)/b21-18-",Contact,LD50,,µg/bee,,µg/bee,direct_ug_bee,50.0,>,,,censored_or_approximate,48.0,h,48.0,BAS 540 01 F,act. ingr.,,mortality,True,83792fe3-ab3d-4c0c-94f9-f40c0aa293ab|cdfc9417-f387-4558-9923-8540c15354c6,"EFSA Journal 2022,20(11):7634, doi:10.2903/j.efsa.2022.7634|EFSA Journal 2023,21(10):8329, doi:10.2903/j.efsa.2023.8329",2022.0|2023.0,True,True,True,True,True,True,False,0,0,-1,True,structure_screen_only,False,False
2592ef37-18e4-4b80-9c15-eea40672a0fc,5a6ad503-d8e7-4803-87a9-d33cbcd85867,4368,7e0d703d-fb9f-4319-bf7a-825ef6043c25,Carbofuran,mono-constituent substance,724550da-0931-4880-855a-b1a35cc0209a,DUEPRVBVGDRKAG-UHFFFAOYSA-N,DUEPRVBVGDRKAG,DUEPRVBVGDRKAG,CNC(=O)Oc1cccc2c1OC(C)(C)C2,False,1,1563-66-2,CNC(=O)Oc1cccc2CC(C)(C)Oc12,"InChI=1/C12H15NO3/c1-12(2)7-8-5-4-6-9(10(8)16-12)15-11(14)13-3/h4-6H,7H2,1-3H3,(H,13,14)",Contact,LD50,,other:,µg/piece,µg/piece,species_based_piece_to_bee,0.0357,,,,exact,,,,,,,mortality,False,98e67670-2aa6-4f98-9ede-5a8679718f44,doi:10.2903/j.efsa.2009.310r,2009.0,True,True,True,True,False,True,False,1,1,1,True,structure_screen_only,True,False
43eb7516-bcb4-40ce-a144-19975b2bce54,313e8643-b749-449c-bbdc-551895708be7,4369,25cab7b6-759b-4df2-8750-2536c3fb6a65,Methiocarb,mono-constituent substance,4bcb5181-4dbc-4816-829c-fb9ab89d3863,YFBPRJGDJKVWAH-UHFFFAOYSA-N,YFBPRJGDJKVWAH,YFBPRJGDJKVWAH,CNC(=O)Oc1cc(C)c(SC)c(C)c1,False,1,2032-65-7,CNC(=O)Oc1cc(C)c(SC)c(C)c1,"InChI=1/C11H15NO2S/c1-7-5-9(14-11(13)12-3)6-8(2)10(7)15-4/h5-6H,1-4H3,(H,12,13)",Contact,LD50,,other:,µg/piece,µg/piece,species_based_piece_to_bee,0.23,,,,exact,48.0,h,48.0,,,,mortality,False,78d7f5cb-5e45-4c3e-aa7d-acad607bac48,"EFSA Journal 2018,16(10):5429, doi:10.2903/j.efsa.2018.5429",2018.0,True,True,True,True,False,True,False,1,1,1,True,structure_screen_only,True,True
64c120ac-cb22-479b-9ffd-a10431d493b5,94f9df01-d563-441b-8fcb-5e7f9a8962f5,4371,76f3967f-21b6-4c44-a8af-968051484b0e,Imazaquin,mono-constituent substance,2eb30f16-b966-4d60-95e5-51ce2fbdb92a,CABMTIJINOIHOD-UHFFFAOYSA-N,CABMTIJINOIHOD,CABMTIJINOIHOD,CC(C)C1(C)N=C(c2nc3ccccc3cc2C(=O)O)NC1=O,False,1,81335-37-7,CC(C)C1(C(=O)NC(=N1)C2=NC3=CC=CC=C3C=C2C(=O)O)C,"InChI=1S/C17H17N3O3/c1-9(2)17(3)16(23)19-14(20-17)13-11(15(21)22)8-10-6-4-5-7-12(10)18-13/h4-9H,1-3H3,(H,21,22)(H,19,20,23)",Oral,LD50,,other:,µg/piece,µg/piece,species_based_piece_to_bee,6.5,>,,,censored_or_approximate,,,,,,,mortality,False,beb0f8ae-c638-468a-8840-cfeb99419d49,"EFSA Journal 2011,9(1):1968, doi:10.2903/j.efsa.2011.1968",2011.0,True,True,True,True,True,True,False,0,-1,-1,True,structure_screen_only,True,False
8f3d94a2-7498-4086-98f2-c245cbbf7639,7ff0d051-b287-4c6c-b183-e7da7b6b802c,4374,33fd2993-4ecc-4b82-8ef2-cd9f9e9331ef,Azoxystrobin,mono-constituent substance,48ad5374-d881-48d3-944d-6573e2d870ab,WFDXOXNFNRHQEC-GHRIWEEISA-N,WFDXOXNFNRHQEC,WFDXOXNFNRHQEC,CO/C=C(/C(=O)OC)c1ccccc1Oc1cc(Oc2ccccc2C#N)ncn1,False,1,131860-33-8,N#CC1=CC=CC=C1OC2=NC=NC(OC3=CC=CC=C3/C(C(OC)=O)=C\OC)=C2,"InChI=1S/C22H17N3O5/c1-27-13-17(22(26)28-2)16-8-4-6-10-19(16)30-21-11-20(24-14-25-21)29-18-9-5-3-7-15(18)12-23/h3-11,13-14H,1-2H3/b17-13+",Oral,LD50,,other:,µg/piece,µg/piece,species_based_piece_to_bee,25.0,>,,,censored_or_approximate,48.0,h,48.0,,,,mortality,False,9b3e72f0-3792-48eb-b75c-7197573a55d2,doi:10.2903/j.efsa.2010.1542,2010.0,False,True,True,True,False,True,False,0,0,-1,True,structure_screen_only,True,True
93dfd527-4e26-4013-a6ce-bec71c20681a,f9a5c1f2-686f-4333-8fbd-a4618e214751,4375,f9e9e1c8-d535-425a-88da-a7469737b600,Imazosulfuron,mono-constituent substance,2b278d44-fdd0-4bc1-89ef-f2b29992a231,NAGRVUXEKKZNHT-UHFFFAOYSA-N,NAGRVUXEKKZNHT,NAGRVUXEKKZNHT,COc1cc(OC)nc(NC(=O)NS(=O)(=O)c2c(Cl)nc3ccccn23)n1,False,1,122548-33-8,COC1=CC(=NC(=N1)NC(=O)NS(=O)(=O)C2=C(N=C3N2C=CC=C3)Cl)OC,"InChI=1S/C14H13ClN6O5S/c1-25-9-7-10(26-2)18-13(17-9)19-14(22)20-27(23,24)12-11(15)16-8-5-3-4-6-21(8)12/h3-7H,1-2H3,(H2,17,18,19,20,22)",Oral,LD50,,other:,µg/piece,µg/piece,species_based_piece_to_bee,41.6,>,,,censored_or_approximate,,,,,,,mortality,False,c8e3de78-431a-48c9-84c0-3db87f9b0e85,doi:10.2903/j.efsa.2017.4695,2017.0,True,True,True,True,False,True,False,0,0,-1,True,structure_screen_only,True,False
c52dcb48-11e2-4352-b475-2d8c3ba78d21,6d001a66-8bdc-4240-93d0-26d91ec7e4b0,4377,b8ae35c2-0a1a-452f-8e25-79a1db637552,Ethametsulfuron-Methyl,mono-constituent substance,2c31e69f-43e6-4d9c-ab4f-8bd4ac4b33d2,ZINJLDJMHCUBIP-UHFFFAOYSA-N,ZINJLDJMHCUBIP,ZINJLDJMHCUBIP,CCOc1nc(NC)nc(NC(=O)NS(=O)(=O)c2ccccc2C(=O)OC)n1,False,1,97780-06-8,CCOC1=NC(=NC(=N1)NC)NC(=O)NS(=O)(=O)C2=CC=CC=C2C(=O)OC,"InChI=1S/C15H18N6O6S/c1-4-27-15-19-12(16-2)17-13(20-15)18-14(23)21-28(24,25)10-8-6-5-7-9(10)11(22)26-3/h5-8H,4H2,1-3H3,(H3,16,17,18,19,20,21,23)",Contact,LD50,,other:,µg/piece,µg/piece,species_based_piece_to_bee,4.62,,,,exact,72.0,h,72.0,Formulation: Ethametsulfuron-methyl 75WG + DPX-KG691,,,mortality,True,0ea68f58-8b1a-4c39-965b-fee8343734c7,"EFSA Journal 2014,12(7):3787, doi:10.2903/j.efsa.2014.3787",2014.0,True,True,True,True,True,True,False,0,1,1,True,structure_screen_only,True,False
9c90837f-3285-4105-9978-88776b9130f0,d418bdae-20ae-4b7b-ae38-b96b84d25ba4,4383,5fb5b9dc-638f-43cb-b86b-947bf8902a8c,Oxyfluorfen,mono-constituent substance,e2e104ca-72d5-496c-976a-41517de43fba,OQMBBFQZGJFLBU-UHFFFAOYSA-N,OQMBBFQZGJFLBU,OQMBBFQZGJFLBU,CCOc1cc(Oc2ccc(C(F)(F)F)cc2Cl)ccc1[N+](=O)[O-],False,1,42874-03-3,Clc2cc(ccc2Oc1ccc([N+]([O-])=O)c(OCC)c1)C(F)(F)F,"InChI=1S/C15H11ClF3NO4/c1-2-23-14-8-10(4-5-12(14)20(21)22)24-13-6-3-9(7-11(13)16)15(17,18)19/h3-8H,2H2,1H3",Oral,LD50,,other:,µg/piece,µg/piece,species_based_piece_to_bee,100.0,>,,,censored_or_approximate,48.0,h,48.0,,,,mortality,False,f8231c82-faa8-419b-8bde-38bdf6846b64,doi:10.2903/j.efsa.2010.1906,2010.0,True,True,True,True,False,True,False,0,0,0,True,structure_screen_only,True,True
ddddb146-c5f6-43cc-a9ee-92d387f537ed,8a206047-7c76-4ee7-8677-79a4a9938c87,4384,c2c7a8f8-e239-4c19-97a5-264dd2613b10,Teflubenzuron,mono-constituent substance,e62659f7-9292-4e38-a5d8-dbdbc06c952b,CJDWRQLODFKPEL-UHFFFAOYSA-N,CJDWRQLODFKPEL,CJDWRQLODFKPEL,O=C(NC(=O)c1c(F)cccc1F)Nc1cc(Cl)c(F)c(Cl)c1F,False,1,83121-18-0,O=C(NC(NC2=C(F)C(Cl)=C(F)C(Cl)=C2)=O)C1=C(F)C=CC=C1F,"InChI=1S/C14H6Cl2F4N2O2/c15-5-4-8(12(20)10(16)11(5)19)21-14(24)22-13(23)9-6(17)2-1-3-7(9)18/h1-4H,(H2,21,22,23,24)",Oral,LD50,,other:,µg/piece,µg/piece,species_based_piece_to_bee,72.0,>,,,censored_or_approximate,48.0,h,48.0,,,,mortality,False,cbaaee7a-d3ab-45a0-9de0-796f4fa11721,doi:10.2903/j.efsa.2009.184r,2009.0,True,True,True,True,True,True,False,0,0,-1,True,structure_screen_only,True,True
b03744c8-344b-417e-90ad-f44dcdab1288,717b3f0a-7fe9-4bea-82c5-375ab8e1ba2a,4385,39606eeb-dc29-4fde-8801-7e48ca446553,Iprodione,mono-constituent substance,6f70c36e-b1b9-4315-9591-13caa99cdc42,ONUFESLQCSAYKA-UHFFFAOYSA-N,ONUFESLQCSAYKA,ONUFESLQCSAYKA,CC(C)NC(=O)N1CC(=O)N(c2cc(Cl)cc(Cl)c2)C1=O,False,1,36734-19-7,O=C2N(c1cc(Cl)cc(Cl)c1)C(=O)CN2C(=O)NC(C)C,"InChI=1S/C13H13Cl2N3O3/c1-7(2)16-12(20)17-6-11(19)18(13(17)21)10-4-8(14)3-9(15)5-10/h3-5,7H,6H2,1-2H3,(H,16,20)",Contact,LD50,,other:,µg/piece,µg/piece,species_based_piece_to_bee,100.0,>,,,censored_or_approximate,48.0,h,48.0,,,,mortality,False,0385b1cf-b075-4264-bf84-9f4c574ff75c,doi:10.2903/j.efsa.2016.4609,2016.0,True,True,True,True,False,True,False,0,0,0,True,structure_screen_only,True,True
93276347-a487-48d0-8480-e79435eeeb5b,484c4e9c-a0eb-41c1-b863-36eaa48d2cca,4386,4676618c-ff4f-416c-a0f2-ed41c7fa0a0f,Rapeseed oil formulation (NEU 1161 I),multi-constituent substance,00643c57-3d40-4426-93f7-88f6c3b6604b,,,,,False,0,,,,Contact,LD50,,other:,µg/piece,µg/piece,species_based_piece_to_bee,650.0,>,,,censored_or_approximate,,,,NEU 1160 I EC Rape seed oil 96%,,,mortality,True,e605927c-9032-4b62-999e-3aa19e768014,doi:10.2903/j.efsa.2022.7305,2022.0,False,False,False,False,False,False,False,0,0,0,True,structure_screen_only,False,False
1d45ab18-7ba6-4654-a9d9-f974ba8ad4b4,65d4697a-2f1a-459d-be61-0ff66ff28d81,4387,7a7af7e7-c629-463f-9ac4-25e1ea4e43c8,Blood meal formulation (Certosan),multi-constituent substance,a00d595c-b33e-4aed-a70a-f6fbbd506b51,,,,,False,0,,,,Oral,LD50,,other:,µg/piece,µg/piece,species_based_piece_to_bee,198.0,>,,,censored_or_approximate,48.0,h,48.0,,,,mortality,False,d4eddc46-e4b4-456a-be4e-2ff6ce90dd61,doi:10.2903/j.efsa.2020.6006,2020.0,False,False,False,False,False,False,False,0,0,0,True,structure_screen_only,False,False
61165ff6-97ec-4ba6-bdc2-100012397dfc,4fadcc26-e69f-4a37-948e-dc8b4f83a39c,4388,f8e3e166-705b-4eba-8686-b2baf7d8f118,Benzovindiflupyr,mono-constituent substance,6121a0de-2256-44b5-acc5-45078aed0e68,CCCGEKHKTPTUHJ-UHFFFAOYSA-N,CCCGEKHKTPTUHJ,CCCGEKHKTPTUHJ,Cn1cc(C(=O)Nc2cccc3c2C2CCC3C2=C(Cl)Cl)c(C(F)F)n1,False,1,1072957-71-1,O=C(NC1=CC=CC2=C1C3C(=C(Cl)Cl)C2CC3)C4=CN(N=C4C(F)F)C,"InChI=1S/C18H15Cl2F2N3O/c1-25-7-11(15(24-25)17(21)22)18(26)23-12-4-2-3-8-9-5-6-10(13(8)12)14(9)16(19)20/h2-4,7,9-10,17H,5-6H2,1H3,(H,23,26)",Oral,LD50,,other:,µg/piece,µg/piece,species_based_piece_to_bee,109.0,>,,,censored_or_approximate,,,,,,,mortality,False,eb41218e-a064-4b35-b77c-d3f8af9ed2ae,doi:10.2903/j.efsa.2015.4043,2015.0,True,True,True,True,False,True,False,0,0,0,True,structure_screen_only,True,False
7f8a31d1-0bba-4b1d-940d-16abd8cea962,b633dce6-55e7-459c-859b-50c9b42ff002,4389,d9ebe307-e49b-4b64-b1a3-796fa5d6d85b,Thiabendazole,mono-constituent substance,d81ff768-9f8a-4f6e-9c0f-d23eadb5081e,WJCNZQLZVWNLKY-UHFFFAOYSA-N,WJCNZQLZVWNLKY,WJCNZQLZVWNLKY,c1ccc2[nH]c(-c3cscn3)nc2c1,False,1,148-79-8,C1=CC=C2C(=C1)NC(=N2)C3=CSC=N3,"InChI=1S/C10H7N3S/c1-2-4-8-7(3-1)12-10(13-8)9-5-14-6-11-9/h1-6H,(H,12,13)",Oral,LD50,,other:,µg/piece,µg/piece,species_based_piece_to_bee,4.0,>,,,censored_or_approximate,,,,,,,mortality,False,3a0884d3-f0c5-4712-ac88-da8a4bdce891,"EFSA Journal 2014,12(11):3880, doi:10.2903/j.efsa.2014.3880",2014.0,True,True,True,True,False,True,False,0,-1,-1,True,structure_screen_only,True,False
e125b09e-b561-48c0-8ad0-939b78ff4690,696aef6e-f359-427d-b876-141973070834,4396,58c573a0-df2d-49fd-94ec-a4c32271fc96,Ametoctradin,mono-constituent substance,ee12daed-d708-4336-973a-48cc88923f2a,GGKQIOFASHYUJZ-UHFFFAOYSA-N,GGKQIOFASHYUJZ,GGKQIOFASHYUJZ,CCCCCCCCc1c(CC)nc2ncnn2c1N,False,1,865318-97-4,n1c(c(c(n2ncnc12)N)CCCCCCCC)CC,"InChI=1S/C15H25N5/c1-3-5-6-7-8-9-10-12-13(4-2)19-15-17-11-18-20(15)14(12)16/h11H,3-10,16H2,1-2H3",Contact,LD50,,other:,µg/piece,µg/piece,species_based_piece_to_bee,100.0,>,,,censored_or_approximate,,,,,,,mortality,False,fcc2ee54-ba91-4129-a5ea-4cb65f196db4,"EFSA Journal 2012,10(11):2921, doi:10.2903/j.efsa.2012.2921",2012.0,True,True,True,True,True,True,False,0,0,0,True,structure_screen_only,True,False
5dd7131b-7809-43ef-9287-31705bf82c23,1b7a932b-d00f-41c4-b6f3-9f606ec0e747,4398,62d34108-e968-4ce2-a9c1-280718f51d6b,Clothianidin,mono-constituent substance,55f031dd-ea53-44b7-8b54-669da3423d1b,PGOOBECODWQEAB-UHFFFAOYSA-N,PGOOBECODWQEAB,PGOOBECODWQEAB,CNC(=N[N+](=O)[O-])NCc1cnc(Cl)s1,False,1,210880-92-5,CNC(NCc1cnc(Cl)s1)=N[N+]([O-])=O,"InChI=1S/C6H8ClN5O2S/c1-8-6(11-12(13)14)10-3-4-2-9-5(7)15-4/h2H,3H2,1H3,(H2,8,10,11)",Oral,LD50,,other:,µg/piece,µg/piece,species_based_piece_to_bee,0.00379,,,,exact,,,,,,,mortality,False,2476311a-e658-485c-893a-8ea34c8c6017,doi:10.2903/j.efsa.2018.5177,2018.0,True,True,True,True,True,True,False,1,1,1,True,structure_screen_only,True,False
61a38538-071d-44ab-8057-40e332facd4b,685dac33-a4b8-4783-a846-4a917b116187,4399,d650b8b9-dcd0-4525-93a5-5d9a7e7bb41d,Phosmet,mono-constituent substance,26b30cce-00d9-4b4e-8121-4a79f2113df0,LMNZTLDVJIUSHT-UHFFFAOYSA-N,LMNZTLDVJIUSHT,LMNZTLDVJIUSHT,COP(=S)(OC)SCN1C(=O)c2ccccc2C1=O,False,1,732-11-6,COP(=S)(OC)SCN1C(=O)c2ccccc2C1=O,"InChI=1S/C11H12NO4PS2/c1-15-17(18,16-2)19-7-12-10(13)8-5-3-4-6-9(8)11(12)14/h3-6H,7H2,1-2H3",Contact,LD50,,other:,µg/piece,µg/piece,species_based_piece_to_bee,0.22,,,,exact,,,,,,,mortality,False,20ec67b7-10c6-4fc6-bc1c-0767a4f9e778,doi:10.2903/j.efsa.2021.6237,2021.0,True,True,True,True,False,True,False,1,1,1,True,structure_screen_only,True,False
b5c53eee-2182-41db-a154-cfa32f38c7f4,089e2f2e-fade-4b30-b4ad-b5d8dca6271b,4401,5743bdfe-a08a-4f78-9090-bd4fe2cd2c87,Fenbuconazole,mono-constituent substance,dedac143-c025-4685-bd78-2732ce7dd63a,RQDJADAKIFFEKQ-UHFFFAOYSA-N,RQDJADAKIFFEKQ,RQDJADAKIFFEKQ,N#CC(CCc1ccc(Cl)cc1)(Cn1cncn1)c1ccccc1,False,1,114369-43-6,ClC1=CC=C(CCC(C#N)(CN3N=CN=C3)C2=CC=CC=C2)C=C1,"InChI=1S/C19H17ClN4/c20-18-8-6-16(7-9-18)10-11-19(12-21,13-24-15-22-14-23-24)17-4-2-1-3-5-17/h1-9,14-15H,10-11,13H2",Oral,LD50,,other:,µg/piece,µg/piece,species_based_piece_to_bee,5.2,>,,,censored_or_approximate,48.0,h,48.0,Fenbuconazole (formulation) - Indar 5EC,,,mortality,True,6c2f67b2-0fd0-4772-a100-3d2cbbb09c8e,doi:10.2903/j.efsa.2010.1558,2010.0,True,True,True,True,False,True,False,0,-1,-1,True,structure_screen_only,True,False
4a36d307-a723-4e92-9264-7cbacee8f7cf,d44e2a08-ebf4-4ed7-97ca-a2219f647616,4405,f8e9fdf5-7cc5-4ab5-a7f9-772d1c00b497,Bifenthrin (sum of isomers),mono-constituent substance,ede6987f-83cf-4b46-b5c7-c1a586c167f3,OMFRMAHOUUJSGP-UNOMPAQXSA-N,OMFRMAHOUUJSGP,OMFRMAHOUUJSGP,Cc1c(COC(=O)C2C(/C=C(\Cl)C(F)(F)F)C2(C)C)cccc1-c1ccccc1,False,1,82657-04-3,O=C(OCC2=CC=CC(C3=CC=CC=C3)=C2C)C1C(C)(C)C1/C=C(Cl)/C(F)(F)F,"InChI=1S/C23H22ClF3O2/c1-14-16(10-7-11-17(14)15-8-5-4-6-9-15)13-29-21(28)20-18(22(20,2)3)12-19(24)23(25,26)27/h4-12,18,20H,13H2,1-3H3/b19-12-",Oral,LD50,,other:,µg/piece,µg/piece,species_based_piece_to_bee,0.1,,,,exact,48.0,h,48.0,,,,mortality,False,5cd9f96e-5ea1-4c6f-952f-b69312f21e8a,"EFSA Journal 2011,9(5):2159, doi:10.2903/j.efsa.2011.2159",2011.0,False,True,True,True,False,True,False,1,1,1,True,structure_screen_only,True,True
e4c56318-f38b-482e-b41e-77204054541c,2586ab1e-aedd-406c-92bc-a0dfd62b421e,4407,38ab354f-3247-4535-b540-ffac0e712c80,Prothioconazole,mono-constituent substance,fba59798-332b-48a3-93f3-870608c89571,MNHVNIJQQRJYDH-UHFFFAOYSA-N,MNHVNIJQQRJYDH,MNHVNIJQQRJYDH,OC(Cc1ccccc1Cl)(Cn1[nH]cnc1=S)C1(Cl)CC1,False,1,178928-70-6,C1CC1(C(CC2=CC=CC=C2Cl)(CN3C(=S)N=CN3)O)Cl,"InChI=1S/C14H15Cl2N3OS/c15-11-4-2-1-3-10(11)7-14(20,13(16)5-6-13)8-19-12(21)17-9-18-19/h1-4,9,20H,5-8H2,(H,17,18,21)",Contact,LD50,,other:,µg/piece,µg/piece,species_based_piece_to_bee,200.0,>,,,censored_or_approximate,,,,,,,mortality,False,871dea60-7965-4be5-9609-e36cf529fa79,"EFSA Scientific Report (2007) 106, 1-98, doi:10.2903/j.efsa.2007.106r",2007.0,True,True,True,True,False,True,False,0,0,0,True,structure_screen_only,True,False
a7beefca-e3d6-45a9-a9da-5367fb418c34,6ab2f920-1ead-4481-bc2a-7d5f28f59620,4408,9f20d42b-9ff2-4da6-a9f3-87ad8f7dd20e,Napropamide formulation (Devrinol SC 450),multi-constituent substance,ae1458aa-fd80-4105-9200-b76de1e27a25,,,,,False,0,,,,Oral,LD50,,other:,µg/piece,µg/piece,species_based_piece_to_bee,100.0,>,,,censored_or_approximate,48.0,h,48.0,,,,mortality,False,403e61e9-09b6-46d5-9b8c-f4143b7934ad,doi:10.2903/j.efsa.2010.1565,2010.0,False,False,False,False,False,False,False,0,0,0,True,structure_screen_only,False,False
6c30fc7a-6da1-445b-845d-888457369840,f03ce99c-5e23-4043-8ab5-b37d1ed5d948,4409,06a86cfe-1119-4a64-a21a-37afc378a8e5,Fenamiphos,mono-constituent substance,b87c87db-8ead-4c5e-a1db-08d7d03188ae,ZCJPOPBZHLUFHF-UHFFFAOYSA-N,ZCJPOPBZHLUFHF,ZCJPOPBZHLUFHF,CCOP(=O)(NC(C)C)Oc1ccc(SC)c(C)c1,False,1,22224-92-6,Cc1cc(ccc1SC)OP(=O)(NC(C)C)OCC,"InChI=1S/C13H22NO3PS/c1-6-16-18(15,14-10(2)3)17-12-7-8-13(19-5)11(4)9-12/h7-10H,6H2,1-5H3,(H,14,15)",Contact,LD50,,other:,µg/piece,µg/piece,species_based_piece_to_bee,0.28,,,,exact,48.0,h,48.0,,,,mortality,False,9999b9bb-3e86-4026-85e5-f925ee08cf2e,doi:10.2903/j.efsa.2006.62r,2006.0,True,True,True,True,False,True,False,1,1,1,True,structure_screen_only,True,True
8f3e52b4-68d3-431f-bfd9-520631e8926c,54cad219-fdc7-4aeb-9f77-082b31e6bc61,4410,8cbb3be0-d92f-420a-bfb8-0d370b9f0aef,Potassium hydrogen carbonate,mono-constituent substance,783218ec-f737-458f-b8d2-b5f40c306592,TYJJADVDDVDEDZ-UHFFFAOYSA-M,TYJJADVDDVDEDZ,BVKZGUZCCUSVTD,O=C([O-])O.[K+],False,2,298-14-6,C(=O)(O)[O-].[K+],"InChI=1S/CH2O3.K/c2-1(3)4;/h(H2,2,3,4);/q;+1/p-1",Contact,LD50,,other:,µg/piece,µg/piece,species_based_piece_to_bee,368.0,>,,,censored_or_approximate,48.0,h,48.0,ANL-F001 (product containing 85.76% a.s.),,,mortality,True,2d0929cb-aacf-47ac-879a-4d695ebf8c3d,doi:10.2903/j.efsa.2021.6593,2021.0,True,True,True,True,False,True,False,0,0,0,True,structure_screen_only,True,False
1776da39-bc46-47d1-a9ef-151ba1d05a96,5b85fc7a-2dc5-460b-9f53-002f9bbc2190,4411,ac90fafa-e01a-4d10-a117-b6f40bc2ceff,Dicopper chloride trihydroxide,mono-constituent substance,cf211858-d5f5-43f1-acca-ad62813fd116,SKQUUKNCBWILCD-UHFFFAOYSA-J,SKQUUKNCBWILCD,XLYOFNOQVPJJNP,[Cl-].[Cu+2].[Cu+2].[OH-].[OH-].[OH-],False,6,1332-65-6,[OH-].[OH-].[OH-].[Cl-].[Cu+2].[Cu+2],InChI=1S/ClH.2Cu.3H2O/h1H;;;3*1H2/q;2*+2;;;/p-4,Contact,LD50,,other:,µg/piece,µg/piece,species_based_piece_to_bee,44.3,,,,exact,,,,,,,mortality,False,ce2cf68f-28ee-4a5c-996a-1a1e65f938d8,doi:10.2903/j.efsa.2008.187r,2008.0,False,False,True,False,False,False,False,0,0,1,True,structure_screen_only,True,False
dfcda5d6-b75f-4171-a0ab-a8400ac9a1e6,48b0cef1-9b55-4126-b5c1-9f6a2fd63a00,4413,45ede61d-943e-4290-a6cf-21f60677c6ff,Methomyl,mono-constituent substance,13e75dac-590e-457d-b7b5-3fe8d69b04dd,UHXUZOCRWCRNSJ-UHFFFAOYSA-N,UHXUZOCRWCRNSJ,UHXUZOCRWCRNSJ,CNC(=O)ON=C(C)SC,True,1,16752-77-5,CSC(C)=NOC(NC)=O,"InChI=1S/C5H10N2O2S/c1-4(10-3)7-9-5(8)6-2/h1-3H3,(H,6,8)/b7-4-",Contact,LD50,,other:,µg/piece,µg/piece,species_based_piece_to_bee,0.16,,,,exact,48.0,h,48.0,,,,mortality,False,362e4109-ebec-49fa-855d-23021e98f745,doi:10.2903/j.efsa.2009.222r,2009.0,True,True,True,True,False,True,False,1,1,1,True,structure_screen_only,False,False
c3e6dd03-e686-409d-9262-c312771c7939,2bcb8e38-e907-43eb-bc56-662d24c9e0aa,4414,f8e3e166-705b-4eba-8686-b2baf7d8f118,Benzovindiflupyr,mono-constituent substance,6121a0de-2256-44b5-acc5-45078aed0e68,CCCGEKHKTPTUHJ-UHFFFAOYSA-N,CCCGEKHKTPTUHJ,CCCGEKHKTPTUHJ,Cn1cc(C(=O)Nc2cccc3c2C2CCC3C2=C(Cl)Cl)c(C(F)F)n1,False,1,1072957-71-1,O=C(NC1=CC=CC2=C1C3C(=C(Cl)Cl)C2CC3)C4=CN(N=C4C(F)F)C,"InChI=1S/C18H15Cl2F2N3O/c1-25-7-11(15(24-25)17(21)22)18(26)23-12-4-2-3-8-9-5-6-10(13(8)12)14(9)16(19)20/h2-4,7,9-10,17H,5-6H2,1H3,(H,23,26)",Contact,LD50,,other:,µg/piece,µg/piece,species_based_piece_to_bee,100.0,>,,,censored_or_approximate,,,,,,,mortality,False,eb41218e-a064-4b35-b77c-d3f8af9ed2ae,doi:10.2903/j.efsa.2015.4043,2015.0,True,True,True,True,False,True,False,0,0,0,True,structure_screen_only,True,False
927882c1-306c-41f0-9ab7-6a5a109e3885,a3b15b73-da3c-4781-a0c2-836ad4a3e252,4415,05489ccd-ed38-421e-81d5-955bf06c56a1,Trifluralin,mono-constituent substance,3c07b355-c855-4a26-ba5d-bba9ecda88b3,ZSDSQXJSNMTJDA-UHFFFAOYSA-N,ZSDSQXJSNMTJDA,ZSDSQXJSNMTJDA,CCCN(CCC)c1c([N+](=O)[O-])cc(C(F)(F)F)cc1[N+](=O)[O-],False,1,1582-09-8,CCCN(CCC)c1c(cc(cc1[N+](=O)[O-])C(F)(F)F)[N+](=O)[O-],"InChI=1/C13H16F3N3O4/c1-3-5-17(6-4-2)12-10(18(20)21)7-9(13(14,15)16)8-11(12)19(22)23/h7-8H,3-6H2,1-2H3",Contact,LD50,,other:,µg/piece,µg/piece,species_based_piece_to_bee,100.0,>,,,censored_or_approximate,48.0,h,48.0,,,,mortality,False,6bf2dfdb-8f20-4dd9-963f-0454a5b8a4f0,doi:10.2903/j.efsa.2005.28r,2005.0,True,True,True,True,False,True,False,0,0,0,True,structure_screen_only,True,True
e5d6979f-8be7-40db-91b8-d620ab393380,8ec55823-2ca6-4fb0-8545-5f285b94e74a,4418,3f0a27bd-484f-43df-8934-fb312d1f261e,Carfentrazone-ethyl,mono-constituent substance,2af3521e-e065-4354-af80-ae17366f2274,MLKCGVHIFJBRCD-UHFFFAOYSA-N,MLKCGVHIFJBRCD,MLKCGVHIFJBRCD,CCOC(=O)C(Cl)Cc1cc(-n2nc(C)n(C(F)F)c2=O)c(F)cc1Cl,False,1,128639-02-1,O=C2N(N=C(C)N2C(F)F)C1=CC(CC(Cl)C(OCC)=O)=C(Cl)C=C1F,"InChI=1S/C15H14Cl2F3N3O3/c1-3-26-13(24)10(17)4-8-5-12(11(18)6-9(8)16)23-15(25)22(14(19)20)7(2)21-23/h5-6,10,14H,3-4H2,1-2H3",Contact,LD50,,other:,µg/piece,µg/piece,species_based_piece_to_bee,81.0,>,,,censored_or_approximate,,,,Carfentrazone-ethyl formulation: Carfentrazone-ethyl 40 WG,,,mortality,True,8b11331d-2cac-471b-83a4-0fabb00b5f86,doi:10.2903/j.efsa.2016.4569,2016.0,True,True,True,True,False,True,False,0,0,-1,True,structure_screen_only,True,False
5dafbde9-a964-40b9-8666-140cc1dc5afc,8ce290d0-7b03-494c-b7f1-ee7d2fe3023e,4423,d1ab25b9-e065-4d45-98d6-b96c55dd1402,Sheep fat formulation (Trico K 715-4B),multi-constituent substance,cc91354b-b2ac-40b8-8d38-09f87f7b76b6,,,,,False,0,,,,Contact,LD50,,other:,µg/piece,µg/piece,species_based_piece_to_bee,100.0,>,,,censored_or_approximate,,,,,,,mortality,False,5fb9a3f1-c8e5-4e61-aaa3-a449e65db1c7,doi:10.2903/j.efsa.2022.7073,2022.0,False,False,False,False,False,False,False,0,0,0,True,structure_screen_only,False,False
1858a546-8c48-40dc-978c-561a7498e520,00a07c83-2815-4de6-8682-c2fb87d254c4,4425,cbee2c77-8e6b-455f-ac78-5ddcbc625483,Bromoxynil butyrate,mono-constituent substance,7051b4f7-cbd3-45fb-9190-3317829ae2b7,PGMZYNZXIYOOHJ-UHFFFAOYSA-N,PGMZYNZXIYOOHJ,PGMZYNZXIYOOHJ,CCCC(=O)Oc1c(Br)cc(C#N)cc1Br,False,1,3861-41-4,CCCC(=O)OC1=C(C=C(C=C1Br)C#N)Br,"InChI=1S/C11H9Br2NO2/c1-2-3-10(15)16-11-8(12)4-7(6-14)5-9(11)13/h4-5H,2-3H2,1H3",Contact,LD50,,other:,µg/piece,µg/piece,species_based_piece_to_bee,199.0,,,,exact,,,,CA2239,,,mortality,True,66a7a3b3-eca2-4839-bb1b-9b24e965fb0d,doi:10.2903/j.efsa.2017.4790,2017.0,True,True,True,True,False,True,False,0,0,0,True,structure_screen_only,True,False
ca365bad-cce3-4088-a5a1-e6c0f4185ce2,2ef8a63a-b6f5-4e84-ab6f-7fd0b8dfba03,4426,127efc81-044d-4c99-9879-11ccdab6a82e,Lambda-Cyhalothrin,mono-constituent substance,ff1175ab-26c0-44ad-8338-a78ef648b2f5,ZXQYGBMAQZUVMI-GCMPRSNUSA-N,ZXQYGBMAQZUVMI,ZXQYGBMAQZUVMI,CC1(C)[C@H](C(=O)O[C@H](C#N)c2cccc(Oc3ccccc3)c2)[C@@H]1/C=C(\Cl)C(F)(F)F,True,1,91465-08-6,C1([C@H]([C@H]1C(O[C@@H](c1cc(Oc2ccccc2)ccc1)C#N)=O)\C=C(\C(F)(F)F)Cl)(C)C,"InChI=1S/2C23H19ClF3NO3/c2*1-22(2)17(12-19(24)23(25,26)27)20(22)21(29)31-18(13-28)14-7-6-10-16(11-14)30-15-8-4-3-5-9-15/h2*3-12,17-18,20H,1-2H3/b2*19-12-/t2*17-,18+,20-/m10/s1",Contact,LD50,,other:,µg/piece,µg/piece,species_based_piece_to_bee,0.038,,,,exact,,,,,,,mortality,False,91dc1983-0f27-4bc3-b4f9-3f665709aae9,"EFSA Journal 2014,12(5):3677, doi:10.2903/j.efsa.2014.3677",2014.0,False,True,True,False,False,False,False,1,1,1,True,structure_screen_only,False,False
2d8eab60-efe8-4fea-a112-54c94c432ec9,5c9c4a45-4302-4138-884c-2c7cb7c9e050,4428,ce91c86d-78f8-4301-8505-b6e024998880,Asulam Sodium,mono-constituent substance,eab94b9b-a675-46d4-9080-edea3535677b,PEXLHWBDBQUUOG-UHFFFAOYSA-N,PEXLHWBDBQUUOG,VGPYEHKOIGNJKV,COC(=O)NS(=O)(=O)c1ccc(N)cc1.[Na+],False,2,2302-17-2,COC(=O)NS(=O)(=O)C1=CC=C(C=C1)N.[Na+],"InChI=1S/C8H10N2O4S.Na/c1-14-8(11)10-15(12,13)7-4-2-6(9)3-5-7;/h2-5H,9H2,1H3,(H,10,11);/q;+1",Oral,LD50,,other:,µg/piece,µg/piece,species_based_piece_to_bee,123.7,>,,,censored_or_approximate,,,,Asulam,,,mortality,True,eee02687-eb6a-49b4-a9c5-fba1d4756995,"EFSA Journal 2018,16(4):5251, doi:10.2903/j.efsa.2018.5251",2018.0,False,True,True,True,True,True,False,0,0,0,True,structure_screen_only,True,False
426b9551-c65a-448d-aabf-d1f01bb0ff97,63bc1e8d-1b8a-4a6b-b867-c4ee8130722e,4430,70fd0cda-ac93-438f-9736-8ae170a26240,Diclofop-Methyl,mono-constituent substance,5279e9cd-405f-47b1-98ea-0912570356a1,BACHBFVBHLGWSL-UHFFFAOYSA-N,BACHBFVBHLGWSL,BACHBFVBHLGWSL,COC(=O)C(C)Oc1ccc(Oc2ccc(Cl)cc2Cl)cc1,False,1,51338-27-3,CC(C(=O)OC)OC1=CC=C(C=C1)OC2=C(C=C(C=C2)Cl)Cl,"InChI=1S/C16H14Cl2O4/c1-10(16(19)20-2)21-12-4-6-13(7-5-12)22-15-8-3-11(17)9-14(15)18/h3-10H,1-2H3",Contact,LD50,,other:,µg/piece,µg/piece,species_based_piece_to_bee,100.0,>,,,censored_or_approximate,48.0,h,48.0,,,,mortality,False,f9f4d0fa-45db-4bb6-a54c-d432a5714cc8,doi:10.2903/j.efsa.2010.1718,2010.0,True,True,True,True,True,True,False,0,0,0,True,structure_screen_only,True,True
6488371a-7c71-4f9f-885f-ee070fec587e,3b449dc1-3d4b-433a-80c4-49c6d9c4c16c,4431,9fe24aa7-c52c-4999-af62-36273e9da4c2,Cyfluthrin,multi-constituent substance,122035ff-b724-4cfb-aaaf-f17ef214299d,QQODLKZGRKWIFG-UHFFFAOYSA-N,QQODLKZGRKWIFG,QQODLKZGRKWIFG,CC1(C)C(C=C(Cl)Cl)C1C(=O)OC(C#N)c1ccc(F)c(Oc2ccccc2)c1,False,1,68359-37-5,CC1(C(C1C(=O)OC(C#N)c2ccc(c(c2)Oc3ccccc3)F)C=C(Cl)Cl)C,"InChI=1S/C22H18Cl2FNO3/c1-22(2)15(11-19(23)24)20(22)21(27)29-18(12-26)13-8-9-16(25)17(10-13)28-14-6-4-3-5-7-14/h3-11,15,18,20H,1-2H3",Contact,LD50,,other:,µg/piece,µg/piece,species_based_piece_to_bee,0.012,,,,exact,,,,,,,mortality,False,43c7bccb-b9c5-4bab-8f92-fe0332dda00a,"EFSA Journal 2018,16(9):5405, doi:10.2903/j.efsa.2018.5405",2018.0,True,True,True,False,False,False,False,1,1,1,True,structure_screen_only,False,False
cde22a8a-2189-4039-9209-ccd8335fb36a,72a01519-ffc5-487b-bc3d-a609ceb645dd,4432,e8c33f31-a3ca-461c-8fe0-5f5327dd7024,Pyriproxyfen,mono-constituent substance,48f24d64-64be-4e36-b9ff-5c82404fbfd6,NHDHVHZZCFYRSB-UHFFFAOYSA-N,NHDHVHZZCFYRSB,NHDHVHZZCFYRSB,CC(COc1ccc(Oc2ccccc2)cc1)Oc1ccccn1,False,1,95737-68-1,CC(COC1=CC=C(C=C1)OC2=CC=CC=C2)OC3=CC=CC=N3,"InChI=1S/C20H19NO3/c1-16(23-20-9-5-6-14-21-20)15-22-17-10-12-19(13-11-17)24-18-7-3-2-4-8-18/h2-14,16H,15H2,1H3",Oral,LD50,,other:,µg/piece,µg/piece,species_based_piece_to_bee,74.0,,,,exact,,,,Preparation,,,mortality,True,e3f83667-8cdc-43b1-a4fd-1317e99bf162,doi:10.2903/j.efsa.2019.5732,2019.0,True,True,True,True,False,True,False,0,0,1,True,structure_screen_only,True,False
9b1f8197-ce9c-4c80-a75f-55c4da2c4552,c5dbe006-3f8d-4e04-9239-1dda11216f43,4433,6cb0a6cb-99b5-405c-b63f-a1f29cd27e4b,Pinoxaden,mono-constituent substance,32cca226-e891-4971-a11d-2d92306c6e4e,MGOHCFMYLBAPRN-UHFFFAOYSA-N,MGOHCFMYLBAPRN,MGOHCFMYLBAPRN,CCc1cc(C)cc(CC)c1-c1c(OC(=O)C(C)(C)C)n2n(c1=O)CCOCC2,False,1,243973-20-8,CCC1=CC(=CC(=C1C2=C(N3CCOCCN3C2=O)OC(=O)C(C)(C)C)CC)C,"InChI=1S/C23H32N2O4/c1-7-16-13-15(3)14-17(8-2)18(16)19-20(26)24-9-11-28-12-10-25(24)21(19)29-22(27)23(4,5)6/h13-14H,7-12H2,1-6H3",Oral,LD50,,other:,µg/piece,µg/piece,species_based_piece_to_bee,200.0,>,,,censored_or_approximate,48.0,h,48.0,,,,mortality,False,d30da451-d914-4589-855e-a2e3d2db4827,doi:10.2903/j.efsa.2013.3269,2013.0,True,True,True,True,False,True,False,0,0,0,True,structure_screen_only,True,True
99e39b4a-00f0-498d-b27a-f281e142f38d,2c899fc9-5c00-422d-b4d4-b87ff247dce0,4434,f242b639-a39c-461e-b20c-575fd6114d96,Abamectin,multi-constituent substance,800a5a77-e1b3-4622-a649-e3e66c309506,,,,,False,0,71751-41-2,,,Oral,LD50,,other:,µg/piece,µg/piece,species_based_piece_to_bee,0.004,,,,exact,24.0,h,24.0,,,,mortality,False,32eff318-2e6a-4106-a237-f008999ad5dc,doi:10.2903/j.efsa.2020.6227,2020.0,False,False,False,True,True,True,False,1,1,1,True,structure_screen_only,False,False
956ae015-deff-45a8-8961-3dff28ae53d1,4d840148-9639-4757-bced-62fbaceaf34e,4435,5a47d9f5-55cb-4330-9110-e6670e962622,Acetochlor,mono-constituent substance,bcaed19d-d087-4400-ae4d-a2077154c771,VTNQPKFIQCLBDU-UHFFFAOYSA-N,VTNQPKFIQCLBDU,VTNQPKFIQCLBDU,CCOCN(C(=O)CCl)c1c(C)cccc1CC,False,1,34256-82-1,CCC1=CC=CC(=C1N(COCC)C(=O)CCl)C,"InChI=1S/C14H20ClNO2/c1-4-12-8-6-7-11(3)14(12)16(10-18-5-2)13(17)9-15/h6-8H,4-5,9-10H2,1-3H3",Oral,LD50,,other:,µg/piece,µg/piece,species_based_piece_to_bee,100.0,>,,,censored_or_approximate,48.0,h,48.0,,,,mortality,False,c65f2848-88ac-4738-974b-2dc352c04788,"EFSA Journal 2011,9(5):2143, doi:10.2903/j.efsa.2011.2143",2011.0,True,True,True,True,False,True,False,0,0,0,True,structure_screen_only,True,True
c0209706-0449-4c31-9de1-d6d1f4da9725,110048bd-8bad-4083-99d0-da9ee85874d0,4436,b1dbde32-66dc-4976-8992-cb708ff5abc0,Fatty acids (chain length C7 to C18) and their salts and esters,multi-constituent substance,a7af2893-3a35-479e-a7a3-949ab298aae5,,,,,False,0,,,,Oral,LD50,,other:,µg/piece,µg/piece,species_based_piece_to_bee,96.04,>,,,censored_or_approximate,,,,Neudosan Neu (515 g/L potassium salts of natural fatty acids),,,mortality,True,121a6368-ccc8-4ba2-a6de-9b7895898f20,doi:10.2903/j.efsa.2013.3023,2013.0,False,False,False,False,False,False,False,0,0,-1,True,structure_screen_only,False,False
e5d213f9-7ca9-4960-a537-084519b62692,a05f3cb4-c593-4d38-a1bc-c0643915800d,4437,bd462d3b-8808-4d7d-b261-52a61bf1f15f,Spirotetramat,mono-constituent substance,a1f88736-7a09-45c0-ac06-5b813a4cb03e,CLSVJBIHYWPGQY-UHFFFAOYSA-N,CLSVJBIHYWPGQY,CLSVJBIHYWPGQY,CCOC(=O)OC1=C(c2cc(C)ccc2C)C(=O)NC12CCC(OC)CC2,True,1,203313-25-1,O=C(OC1=C(C(=O)NC12CCC(OC)CC2)C=3C=C(C=CC3C)C)OCC,"InChI=1/C21H27NO5/c1-5-26-20(24)27-18-17(16-12-13(2)6-7-14(16)3)19(23)22-21(18)10-8-15(25-4)9-11-21/h6-7,12,15H,5,8-11H2,1-4H3,(H,22,23)/t15-,21+",Oral,LD50,,other:,µg/piece,µg/piece,species_based_piece_to_bee,107.3,>,,,censored_or_approximate,48.0,h,48.0,,,,mortality,False,95d9c99c-915c-41f3-b555-3bfb31ab9e37,doi:10.2903/j.efsa.2013.3243,2013.0,True,True,True,True,False,True,False,0,0,0,True,structure_screen_only,False,False
495725a2-794c-4dfc-a803-85f6f81b0f13,8bd7dbfe-9253-48fa-a1d6-40f9911756cf,4439,feccb3cb-2e28-4509-affa-1000601f0f9c,Phenmedipham,mono-constituent substance,bdabfeb0-d193-4452-a846-79951b723c06,IDOWTHOLJBTAFI-UHFFFAOYSA-N,IDOWTHOLJBTAFI,IDOWTHOLJBTAFI,COC(=O)Nc1cccc(OC(=O)Nc2cccc(C)c2)c1,False,1,13684-63-4,O=C(OC1=CC=CC(=C1)NC(=O)OC)NC2=CC=CC(=C2)C,"InChI=1S/C16H16N2O4/c1-11-5-3-6-12(9-11)18-16(20)22-14-8-4-7-13(10-14)17-15(19)21-2/h3-10H,1-2H3,(H,17,19)(H,18,20)",Oral,LD50,,other:,µg/piece,µg/piece,species_based_piece_to_bee,104.8,>,,,censored_or_approximate,,,,PMP SE 160 (formulation).,,,mortality,True,580be492-4818-4a05-bfec-b5ac87dcea17,doi:10.2903/j.efsa.2018.5151,2018.0,True,True,True,True,False,True,False,0,0,0,True,structure_screen_only,True,False
aecbaf30-bdf9-4104-8a50-cf0c5d6f733d,5c057d54-bebe-4806-9f76-68f63382fd1c,4440,b177520a-ef45-422b-b241-5f516b52ba09,Paclobutrazol,mono-constituent substance,f6c758cf-cba2-44fd-a802-8e09097c13aa,RMOGWMIKYWRTKW-UHFFFAOYSA-N,RMOGWMIKYWRTKW,RMOGWMIKYWRTKW,CC(C)(C)C(O)C(Cc1ccc(Cl)cc1)n1cncn1,False,1,76738-62-0,OC(C(C)(C)C)C(CC(C=C1)=CC=C1Cl)N2N=CN=C2,"InChI=1S/C15H20ClN3O/c1-15(2,3)14(20)13(19-10-17-9-18-19)8-11-4-6-12(16)7-5-11/h4-7,9-10,13-14,20H,8H2,1-3H3",Oral,LD50,,other:,µg/piece,µg/piece,species_based_piece_to_bee,2.0,>,,,censored_or_approximate,48.0,h,48.0,,,,mortality,False,7a81db53-5f85-49fb-be70-246898c22087,doi:10.2903/j.efsa.2010.1876,2010.0,True,True,True,True,True,True,False,0,-1,-1,True,structure_screen_only,True,True
ce7459e5-d78f-4784-ba2d-93f3ab778803,397f8ef0-f174-4242-af98-df3de62623af,4441,b88d468e-441a-48c8-bb51-8055eff480c9,Ethoprophos,mono-constituent substance,ac8b6669-5abb-48db-90cd-8871122e9822,VJYFKVYYMZPMAB-UHFFFAOYSA-N,VJYFKVYYMZPMAB,VJYFKVYYMZPMAB,CCCSP(=O)(OCC)SCCC,False,1,13194-48-4,O=P(SCCC)(OCC)SCCC,"InChI=1S/C8H19O2PS2/c1-4-7-12-11(9,10-6-3)13-8-5-2/h4-8H2,1-3H3",Contact,LD50,,other:,µg/piece,µg/piece,species_based_piece_to_bee,5.56,,,,exact,,,,,,,mortality,False,0ee46ddc-c352-411a-84c9-13b59d52e95b,doi:10.2903/j.efsa.2006.66r,2006.0,True,True,True,True,False,True,False,0,1,1,True,structure_screen_only,True,False
2a05552c-db7c-4aac-ae41-0ba18f2f5401,90f8481c-d154-46ca-a095-c32302f78a84,4443,128bbad2-cd8a-4a67-911e-aff76a6254ce,Tolylfluanid,mono-constituent substance,71903b7a-2bf1-48b7-8fcf-dc69f54f36e5,HYVWIQDYBVKITD-UHFFFAOYSA-N,HYVWIQDYBVKITD,HYVWIQDYBVKITD,Cc1ccc(N(SC(F)(Cl)Cl)S(=O)(=O)N(C)C)cc1,False,1,731-27-1,CC1=CC=C(C=C1)N(SC(F)(Cl)Cl)S(=O)(=O)N(C)C,"InChI=1S/C10H13Cl2FN2O2S2/c1-8-4-6-9(7-5-8)15(18-10(11,12)13)19(16,17)14(2)3/h4-7H,1-3H3",Oral,LD50,,other:,µg/piece,µg/piece,species_based_piece_to_bee,197.0,>,,,censored_or_approximate,,,,,,,mortality,False,f024d55e-0dd3-4989-b838-ee49f0d0d0b0,doi:10.2903/j.efsa.2005.29r,2005.0,True,True,True,True,False,True,False,0,0,0,True,structure_screen_only,True,False
82789248-01c8-4e9d-a717-bd55397a0786,fa2fc617-7732-47f2-9734-ec0a20117a94,4445,63ba3b5b-9aa8-4179-bc9b-c198ebcab617,Benfuracarb,mono-constituent substance,9fd80b6b-f4f9-4e23-8ddf-6653a93f7c74,FYZBOYWSHKHDMT-UHFFFAOYSA-N,FYZBOYWSHKHDMT,FYZBOYWSHKHDMT,CCOC(=O)CCN(SN(C)C(=O)Oc1cccc2c1OC(C)(C)C2)C(C)C,False,1,82560-54-1,CCOC(=O)CCN(C(C)C)SN(C)C(=O)OC1=CC=CC2=C1OC(C2)(C)C,"InChI=1S/C20H30N2O5S/c1-7-25-17(23)11-12-22(14(2)3)28-21(6)19(24)26-16-10-8-9-15-13-20(4,5)27-18(15)16/h8-10,14H,7,11-13H2,1-6H3",Contact,LD50,,other:,µg/piece,µg/piece,species_based_piece_to_bee,0.19,,,,exact,48.0,h,48.0,,,,mortality,False,3fb127a8-83ee-4cdb-9e16-ae6cc86a8eda,doi:10.2903/j.efsa.2009.239r,2009.0,True,True,True,True,True,True,False,1,1,1,True,structure_screen_only,True,True
bc76e349-23ac-4fb2-b5f5-b811828ba37b,40c81995-b6e5-453e-ad1a-62124ab5ee8d,4446,6948494e-522b-456f-b8f5-d46305724771,24-Epibrassinolide,mono-constituent substance,864b9313-55cc-43e2-ab55-2bf14dd5a519,IXVMHGVQKLDRKH-UHFFFAOYSA-N,IXVMHGVQKLDRKH,IXVMHGVQKLDRKH,CC(C)C(C)C(O)C(O)C(C)C1CCC2C3COC(=O)C4CC(O)C(O)CC4(C)C3CCC12C,True,1,78821-43-9,CC(C)C(C)C(C(C(C)C1CCC2C1(CCC3C2COC(=O)C4C3(CC(C(C4)O)O)C)C)O)O,"InChI=1S/C28H48O6/c1-14(2)15(3)24(31)25(32)16(4)18-7-8-19-17-13-34-26(33)21-11-22(29)23(30)12-28(21,6)20(17)9-10-27(18,19)5/h14-25,29-32H,7-13H2,1-6H3/t15-,16+,17?,18?,19?,20?,21?,22+,23-,24-,25-,27-,28-/m1/s1",Oral,LD50,,other:,µg/piece,µg/piece,species_based_piece_to_bee,92.2,>,,,censored_or_approximate,48.0,h,48.0,,,,mortality,False,a107df44-11e1-4e28-b40a-4e238e910dd8,doi:10.2903/j.efsa.2020.6132,2020.0,True,True,True,True,True,True,False,0,0,-1,True,structure_screen_only,False,False
a0ed205b-8e24-4018-b83c-254cd296b5ca,8c9d181d-76e1-4356-8287-6c6fe13d40ee,4447|4448,44b92abe-8a3c-43b3-9dd2-1d0dbd473dce,Pydiflumetofen,mono-constituent substance,6e40d984-23b7-40a9-8ea4-a67a16aa95e1,DGOAXBPOVUPPEB-UHFFFAOYSA-N,DGOAXBPOVUPPEB,DGOAXBPOVUPPEB,CON(C(=O)c1cn(C)nc1C(F)F)C(C)Cc1c(Cl)cc(Cl)cc1Cl,False,1,1228284-64-7,CC(CC1=C(C=C(C=C1Cl)Cl)Cl)N(C(=O)C2=CN(N=C2C(F)F)C)OC,"InChI=1S/C16H16Cl3F2N3O2/c1-8(4-10-12(18)5-9(17)6-13(10)19)24(26-3)16(25)11-7-23(2)22-14(11)15(20)21/h5-8,15H,4H2,1-3H3",Contact,LD50,,other:,µg/piece,µg/piece,species_based_piece_to_bee,100.0,>,,,censored_or_approximate,,,,,,,mortality,False,34336a6d-4851-4221-b0e6-e2663561d4a5|a0ce5093-8a7f-4b19-9d75-539ed9f0c57f,"EFSA Journal. 2024,22:e8559, doi:10.2903/j.efsa.2024.8559|doi:10.2903/j.efsa.2019.5821",2019.0|2024.0,True,True,True,True,False,True,False,0,0,0,True,structure_screen_only,True,False
ac02690e-d331-47ea-93c7-ada313dc3d75,67977c21-e5c5-45bc-8876-f23fe05a2bdd,4449,1af9c525-f55f-4ea5-8042-dbdae73245a5,Nicosulfuron,mono-constituent substance,79b7d12b-6997-4ca0-a148-9588c95aab0c,RTCOGUMHFFWOJV-UHFFFAOYSA-N,RTCOGUMHFFWOJV,RTCOGUMHFFWOJV,COc1cc(OC)nc(NC(=O)NS(=O)(=O)c2ncccc2C(=O)N(C)C)n1,False,1,111991-09-4,CN(C)C(=O)C1=C(N=CC=C1)S(=O)(=O)NC(=O)NC2=NC(=CC(=N2)OC)OC,"InChI=1S/C15H18N6O6S/c1-21(2)13(22)9-6-5-7-16-12(9)28(24,25)20-15(23)19-14-17-10(26-3)8-11(18-14)27-4/h5-8H,1-4H3,(H2,17,18,19,20,23)",Oral,other:,LC50,other:,µg/piece,µg/piece,species_based_piece_to_bee,1000.0,>,,,censored_or_approximate,,,,,,,mortality,False,92192112-e4f6-488d-b580-245ef256f724,doi:10.2903/j.efsa.2008.120r,2008.0,True,True,True,True,True,True,False,0,0,0,False,structure_screen_only,False,False
cd2e974c-0eed-4380-8bb7-6f48b2aafdb5,8fe49440-c70f-4276-bff8-6403d97ee140,4454,d4c4f15c-b73d-4cae-a3f1-c9f9cfa56bc7,"2,4-DB (sum of 2,4-DB, its salts, its esters and its conjugates, expressed as 2,4-DB)",mono-constituent substance,c4c72935-52f6-42df-abde-ebe2e55dad76,,,,,False,0,,,,Contact,LD50,,other:,µg/piece,µg/piece,species_based_piece_to_bee,100.0,>,,,censored_or_approximate,,,,,,,mortality,False,44216c52-d1ac-4f38-bd79-39f576c2652b,doi:10.2903/j.efsa.2016.4500,2016.0,False,False,False,False,False,False,False,0,0,0,True,structure_screen_only,False,False
1cfee8e2-e9c7-4992-adb6-9d3d7e143e9f,c3e83f66-26eb-4985-9368-00f8a2ad10f9,4455,417343f1-aaa0-4927-a571-1d503e19026d,Quizalofop-P-ethyl,mono-constituent substance,f58b9b46-eab7-4e86-b70d-6307f1448ea6,WNTGYJSOUMFZEP-UHFFFAOYSA-N,WNTGYJSOUMFZEP,WNTGYJSOUMFZEP,Cc1cc(Cl)ccc1OC(C)C(=O)O,True,1,100646-51-3,CC1=C(C=CC(=C1)Cl)OC(C)C(=O)O,"InChI=1S/C19H17ClN2O4/c1-3-24-19(23)12(2)25-14-5-7-15(8-6-14)26-18-11-21-17-10-13(20)4-9-16(17)22-18/h4-12H,3H2,1-2H3/t12-/m1/s1",Oral,LD50,,other:,µg/piece,µg/piece,species_based_piece_to_bee,100.0,,,,exact,,,,,,,mortality,False,99a4abe3-97e4-4e9a-9f33-9139b5bda41b,doi:10.2903/j.efsa.2009.205r,2009.0,True,True,True,False,False,False,False,0,0,1,True,structure_screen_only,False,False
ab7cbed8-0c91-4d6a-9617-0873cbeeabc7,47b2edcc-fce2-4d48-9db2-f0dc644b197a,4456,bea9a792-cf88-46b3-9e2e-8359c2c7a238,Flupyrsulfuron-methyl,mono-constituent substance,28393508-e8bc-44f7-818b-12a19e4510a4,JKPSVOHVUGMYGH-UHFFFAOYSA-M,JKPSVOHVUGMYGH,DTVOKYWXACGVGO,COC(=O)c1ccc(C(F)(F)F)nc1S(=O)(=O)NC(=O)[N-]c1nc(OC)cc(OC)n1.[Na+],False,2,144740-54-5,COC1=CC(=NC(=N1)[N-]C(=O)NS(=O)(=O)C2=C(C=CC(=N2)C(F)(F)F)C(=O)OC)OC.[Na+],"InChI=1S/C15H14F3N5O7S.Na/c1-28-9-6-10(29-2)21-13(20-9)22-14(25)23-31(26,27)11-7(12(24)30-3)4-5-8(19-11)15(16,17)18;/h4-6H,1-3H3,(H2,20,21,22,23,25);/q;+1/p-1",Contact,LD50,,other:,µg/piece,µg/piece,species_based_piece_to_bee,250.0,>,,,censored_or_approximate,,,,Formulation: Flupyrsulfuron-methyl 50WG,,,mortality,True,beb97c5a-573e-441c-82fa-355baee27029,"EFSA Journal 2014,12(11):3881, doi:10.2903/j.efsa.2014.3881",2014.0,True,True,True,True,False,True,False,0,0,0,True,structure_screen_only,True,False
e96c8740-c679-4997-8d17-ad7edbbecd51,7b157561-ade6-438b-9944-72613702128c,4457,77fa1f2d-60f5-45ee-b764-bd90bfe2995b,Phosalone,mono-constituent substance,edb0f621-210b-49e4-a5b6-ed836f9d3d7e,IOUNQDKNJZEDEP-UHFFFAOYSA-N,IOUNQDKNJZEDEP,IOUNQDKNJZEDEP,CCOP(=S)(OCC)SCn1c(=O)oc2cc(Cl)ccc21,False,1,2310-17-0,CCOP(=S)(OCC)SCN1C(=O)Oc2cc(Cl)ccc12,"InChI=1/C12H15ClNO4PS2/c1-3-16-19(20,17-4-2)21-8-14-10-6-5-9(13)7-11(10)18-12(14)15/h5-7H,3-4,8H2,1-2H3",Contact,LD50,,other:,µg/piece,µg/piece,species_based_piece_to_bee,4.4,,,,exact,48.0,h,48.0,,,,mortality,False,cdb062e5-f2ea-4fe7-a42c-02e370ab0126,doi:10.2903/j.efsa.2006.60r,2006.0,True,True,True,True,False,True,False,0,1,1,True,structure_screen_only,True,True
aea3923d-1e6e-4205-a1e1-d482d75541fc,a5ffcbef-9d99-4b35-8f9f-f5c962fd956d,4458,b1481269-c32f-4ea8-99b4-3bec04bec7f0,Ethofumesate,mono-constituent substance,c7090ee9-09e1-4bc8-81e7-fd48c43f9d9d,IRCMYGHHKLLGHV-UHFFFAOYSA-N,IRCMYGHHKLLGHV,IRCMYGHHKLLGHV,CCOC1Oc2ccc(OS(C)(=O)=O)cc2C1(C)C,False,1,26225-79-6,O=S(OC2=CC1=C(C=C2)OC(OCC)C(C)1C)(C)=O,"InChI=1S/C13H18O5S/c1-5-16-12-13(2,3)10-8-9(18-19(4,14)15)6-7-11(10)17-12/h6-8,12H,5H2,1-4H3",Contact,LD50,,other:,µg/piece,µg/piece,species_based_piece_to_bee,50.0,>,,,censored_or_approximate,48.0,h,48.0,,,,mortality,False,dedb9043-6b9b-4072-b67f-67f23277850e,doi:10.2903/j.efsa.2016.4374,2016.0,True,True,True,True,False,True,False,0,0,-1,True,structure_screen_only,True,True
af273dcb-1321-42e4-b87b-d063256aa92f,6053d33e-aed1-488e-9b74-efbb79abe83a,4460,ec96a620-dab4-474b-bbc2-bad229eac02a,Cyanamide including salts expressed as cyanamide,mono-constituent substance,2740fa69-89be-4e10-9fb0-31c44976712b,XZMCDFZZKTWFGF-UHFFFAOYSA-N,XZMCDFZZKTWFGF,XZMCDFZZKTWFGF,N#CN,False,1,420-04-2,NC#N,InChI=1/CH2N2/c2-1-3/h2H2,Oral,LD50,,other:,µg/piece,µg/piece,species_based_piece_to_bee,10.0,>,,,censored_or_approximate,48.0,h,48.0,Cyanamide(formulation) - Alzodef,,,mortality,True,cdf0a1d5-1028-4585-be3f-ec28296ce4ac,doi:10.2903/j.efsa.2010.1873,2010.0,True,True,True,True,False,True,False,0,-1,-1,True,structure_screen_only,True,False
535085c7-e1e6-44aa-9814-701ad621e0a4,2f9b7895-e227-478d-b58f-78e6ec720c13,4461,5d911ed2-7aad-4a3c-8780-e2ca116d03eb,Tribenuron-methyl,mono-constituent substance,16b8dd07-b23a-4b80-a6f0-86503d463631,VLCQZHSMCYCDJL-UHFFFAOYSA-N,VLCQZHSMCYCDJL,VLCQZHSMCYCDJL,COC(=O)c1ccccc1S(=O)(=O)NC(=O)N(C)c1nc(C)nc(OC)n1,False,1,101200-48-0,CC1=NC(=NC(=N1)OC)N(C)C(=O)NS(=O)(=O)C2=CC=CC=C2C(=O)OC,"InChI=1S/C15H17N5O6S/c1-9-16-13(18-14(17-9)26-4)20(2)15(22)19-27(23,24)11-8-6-5-7-10(11)12(21)25-3/h5-8H,1-4H3,(H,19,22)",Oral,LD50,,other:,µg/piece,µg/piece,species_based_piece_to_bee,9.1,>,,,censored_or_approximate,48.0,h,48.0,,,,mortality,False,e81510f6-0ef7-4c10-91d5-72011ec01edf,doi:10.2903/j.efsa.2017.4912,2017.0,True,True,True,True,True,True,False,0,-1,-1,True,structure_screen_only,True,True
1c957357-7ba3-46b3-ad96-f0e3ffc78c50,cdd201aa-2b3a-4743-965f-8dc8c6d4b63a,4462,72256cbc-952e-49ec-9a0f-1cbc25f58ef3,Sodium o-nitrophenolate,mono-constituent substance,37c825b7-c8b2-4c9d-a8c1-8ad48982a2a4,AXKBOWBNOCUNJL-UHFFFAOYSA-M,AXKBOWBNOCUNJL,IQUPABOKLQSFBK,O=[N+]([O-])c1ccccc1[O-].[Na+],False,2,824-39-5,C1=CC=C(C(=C1)[N+](=O)[O-])[O-].[Na+],"InChI=1S/C6H5NO3.Na/c8-6-4-2-1-3-5(6)7(9)10;/h1-4,8H;/q;+1/p-1",Oral,LD50,,other:,µg/piece,µg/piece,species_based_piece_to_bee,123.5,,,,exact,,,,,,,mortality,False,550b701c-9ee8-435d-99b3-202b35988fa6,doi:10.2903/j.efsa.2009.191r,2009.0,True,True,True,True,True,True,False,0,0,0,True,structure_screen_only,True,False
03012270-2ad3-4b8f-a965-06e1658df5d2,7993914c-c875-4a92-8bf1-746a51f05442,4463,d937f903-9e5f-4fea-bb4b-93b44ff2e118,Fenoxaprop-P-Ethyl,mono-constituent substance,7f3765a2-7ed1-4484-a0d4-2092a03aae22,PQKBPHSEKWERTG-LLVKDONJSA-N,PQKBPHSEKWERTG,PQKBPHSEKWERTG,CCOC(=O)[C@@H](C)Oc1ccc(Oc2nc3ccc(Cl)cc3o2)cc1,False,1,71283-80-2,CCOC(=O)[C@@H](C)OC1=CC=C(C=C1)OC2=NC3=C(O2)C=C(C=C3)Cl,"InChI=1S/C18H16ClNO5/c1-3-22-17(21)11(2)23-13-5-7-14(8-6-13)24-18-20-15-9-4-12(19)10-16(15)25-18/h4-11H,3H2,1-2H3/t11-/m1/s1",Oral,LD50,,µg/bee,,µg/bee,direct_ug_bee,108.9,>,,,censored_or_approximate,,,,,,,mortality,False,0cd6f53f-874a-4d3d-afee-709ff595a562,EFSA Journal. 2024;22:e9053; doi:10.2903/j.efsa.2024.9053,2024.0,False,True,True,False,False,False,False,0,0,0,True,structure_screen_only,True,False
58aa27f2-d260-4434-90c9-cf7ef824d7f9,b2aa86e7-9a8a-47ab-a401-ee4453abba5d,4464,4bfab2fa-379b-4887-9301-c84700b91445,Metrafenone,mono-constituent substance,dd74f1f8-db70-4716-b36a-e4407352c61d,AMSPWOYQQAWRRM-UHFFFAOYSA-N,AMSPWOYQQAWRRM,AMSPWOYQQAWRRM,COc1cc(C)c(C(=O)c2c(OC)ccc(Br)c2C)c(OC)c1OC,False,1,220899-03-6,CC1=CC(=C(C(=C1C(=O)C2=C(C=CC(=C2C)Br)OC)OC)OC)OC,"InChI=1S/C19H21BrO5/c1-10-9-14(23-4)18(24-5)19(25-6)15(10)17(21)16-11(2)12(20)7-8-13(16)22-3/h7-9H,1-6H3",Contact,LD50,,µg/bee,,µg/bee,direct_ug_bee,28.8,>,,,censored_or_approximate,,,,BAS 560 00 F,act. ingr.,,mortality,True,d376f596-d6fc-496b-a197-e94a5aac80ad,"EFSA Journal 2023,21(5):8012, doi:10.2903/j.efsa.2023.8012",2023.0,True,True,True,True,False,True,False,0,0,-1,True,structure_screen_only,True,False
703e3006-057f-486d-be19-67999341a10b,01673e27-251f-43d9-af36-b1bb39e72dfc,4466|4467,4c33f8e7-c9f4-4f77-8591-0baf4febfddd,Dichlorprop-p,mono-constituent substance,d74149fb-8ecf-4a9a-950c-117f70177adc,MZHCENGPTKEIGP-RXMQYKEDSA-N,MZHCENGPTKEIGP,MZHCENGPTKEIGP,C[C@@H](Oc1ccc(Cl)cc1Cl)C(=O)O,False,1,15165-67-0,Clc1cc(Cl)ccc1O[C@H](C)C(=O)O,"InChI=1S/C9H8Cl2O3/c1-5(9(12)13)14-8-3-2-6(10)4-7(8)11/h2-5H,1H3,(H,12,13)/t5-/m1/s1",Contact,LD50,,other:,µg/piece,µg/piece,species_based_piece_to_bee,200.0,>,,,censored_or_approximate,,,,,,,mortality,False,c7d1681e-b117-4c9c-a919-39971178fd28|e469552f-3c2c-4327-8373-b831aa8e55a5,DOI:10.2903/j.efsa.2024.8658|doi:10.2903/j.efsa.2006.52r,2006.0|2024.0,False,True,True,False,False,False,False,0,0,0,True,structure_screen_only,True,False
c9cff5cf-6f4b-466a-8dc9-541e1a01b5fc,ad08a59d-5d9f-4877-8929-eae680a32151,4468,6015c51c-3003-4d6b-9577-57d8392b5808,Alpha-cypermethrin,mono-constituent substance,9b691ea4-7d66-4b16-883a-19cbc5dab391,KAATUXNTWXVJKI-WSTZPKSXSA-N,KAATUXNTWXVJKI,KAATUXNTWXVJKI,CC1(C)[C@H](C=C(Cl)Cl)[C@@H]1C(=O)O[C@@H](C#N)c1cccc(Oc2ccccc2)c1,False,1,67375-30-8,CC1([C@@H]([C@@H]1C(=O)O[C@@H](C#N)C2=CC(=CC=C2)OC3=CC=CC=C3)C=C(Cl)Cl)C,"InChI=1S/C22H19Cl2NO3/c1-22(2)17(12-19(23)24)20(22)21(26)28-18(13-25)14-7-6-10-16(11-14)27-15-8-4-3-5-9-15/h3-12,17-18,20H,1-2H3/t17-,18+,20-/m1/s1",Oral,LD50,,other:,µg/piece,µg/piece,species_based_piece_to_bee,0.03,,,,exact,,,,,,,mortality,False,efaae6ef-a733-4580-ae58-84a99796f573,"EFSA Journal 2018,16(8):5403, doi:10.2903/j.efsa.2018.5403",2018.0,False,True,True,False,False,False,False,1,1,1,True,structure_screen_only,True,False
32d9989d-316e-43d4-8504-b9dae619146f,d3e41fa6-27f9-4d0d-9ca3-98a4778004d1,4470,405f9075-8fcb-4195-9d00-481bc9fdf3a7,Sulfur (S),mono-constituent substance,8d055fd7-3ce3-40e3-afbe-0280aa800416,NINIDFKCEFEMDL-UHFFFAOYSA-N,NINIDFKCEFEMDL,NINIDFKCEFEMDL,[S],False,1,7704-34-9,[S],InChI=1S/S,Oral,LD50,,other:,µg/piece,µg/piece,species_based_piece_to_bee,100.0,>,,,censored_or_approximate,,,,Sulfur 80 WG (formulation),,,mortality,True,04b33938-41a8-41d2-8905-503ad90ca944,doi:10.2903/j.efsa.2009.221r,2009.0,True,True,True,True,False,True,False,0,0,0,True,structure_screen_only,True,False
a749c1aa-677e-404b-b645-90e86a041443,67bf01eb-5ca0-4019-9747-494647ec028b,4471,09bffba7-f5b4-49ea-9a4d-aec4521a57b9,Penthiopyrad,mono-constituent substance,8eaff08d-50d0-4daa-9755-d367cb416349,PFFIDZXUXFLSSR-UHFFFAOYSA-N,PFFIDZXUXFLSSR,PFFIDZXUXFLSSR,CC(C)CC(C)c1sccc1NC(=O)c1cn(C)nc1C(F)(F)F,False,1,183675-82-3,O=C(Nc1ccsc1C(C)CC(C)C)c2cn(C)nc2C(F)(F)F,"InChI=1S/C16H20F3N3OS/c1-9(2)7-10(3)13-12(5-6-24-13)20-15(23)11-8-22(4)21-14(11)16(17,18)19/h5-6,8-10H,7H2,1-4H3,(H,20,23)",Oral,LD50,,other:,µg/piece,µg/piece,species_based_piece_to_bee,500.0,>,,,censored_or_approximate,48.0,h,48.0,,,,mortality,False,77db218e-0d63-4f04-b4a1-719bad96131c,doi:10.2903/j.efsa.2013.3111,2013.0,True,True,True,True,False,True,False,0,0,0,True,structure_screen_only,True,True
638091b9-1e02-4da3-b43d-2f96fd0987e6,8e17ec0b-cb3e-409d-846d-110a936e7ca6,4473,9660613d-7fa7-4f7f-8a7f-930c21fc9542,Buprofezin,mono-constituent substance,5f72e571-073f-495d-833e-81ed4956a32c,PRLVTUNWOQKEAI-UHFFFAOYSA-N,PRLVTUNWOQKEAI,PRLVTUNWOQKEAI,CC(C)N1C(=O)N(c2ccccc2)CSC1=NC(C)(C)C,False,1,69327-76-0,CC(C)N1C(=NC(C)(C)C)SCN(C1=O)C2=CC=CC=C2,"InChI=1S/C16H23N3OS/c1-12(2)19-14(17-16(3,4)5)21-11-18(15(19)20)13-9-7-6-8-10-13/h6-10,12H,11H2,1-5H3",Oral,LD50,,other:,µg/piece,µg/piece,species_based_piece_to_bee,163.5,>,,,censored_or_approximate,48.0,h,48.0,,,,mortality,False,f42ac414-75d5-400f-af93-e184576b4b60,doi:10.2903/j.efsa.2008.128r,2008.0,True,True,True,True,False,True,False,0,0,0,True,structure_screen_only,True,True
543017e2-6b3f-45b7-b41a-3af6cc8c159a,5631979e-49ad-488c-965b-737a21bc54f7,4474,c89da3cc-0fef-4d59-88d5-1a219c9da5e7,Phosphonic acid,mono-constituent substance,535153c9-51e2-4cf5-95e7-1ddca9fac8e4,,,,,False,0,13598-36-2,,,Contact,LD50,,other:,µg/piece,µg/piece,species_based_piece_to_bee,29.7,>,,,censored_or_approximate,,,,,,,mortality,False,36654755-c09a-4a9f-9d7b-6e67029a6231,"EFSA Journal 2018,16(6):5307, doi:10.2903/j.efsa.2018.5307",2018.0,False,False,False,False,False,False,False,0,0,-1,True,structure_screen_only,False,False
8a3e41b1-b2c7-459a-84d0-4b2d34f29433,cbaf9097-98c0-4378-975f-cb1262c3eca8,4475,5544e808-c2f2-4c32-9619-1030a9c759d0,Potassium phosphonates,multi-constituent substance,20516cf7-0a10-4650-9706-f37504afcf68,,,,,False,0,,,,Contact,LD50,,other:,µg/piece,µg/piece,species_based_piece_to_bee,207.0,>,,,censored_or_approximate,,,,,,,mortality,False,cd1bc79c-7dcd-4e33-8529-e3474d3cad45,"EFSA Journal 2012,10(12):2963, doi:10.2903/j.efsa.2012.2963",2012.0,False,False,False,False,False,False,False,0,0,0,True,structure_screen_only,False,False
d42f6998-06b7-443f-b074-b59f0478e61e,e3ba67ae-1c1f-4543-94f8-75e8bb06118c,4480,c5ca90ae-6289-4101-aebb-19bad073d91c,"3,7,11-Trimethyldodeca-2,6,10-trien-1-ol",mono-constituent substance,43fc03f3-204a-4f84-b470-90ecdc180919,CRDAMVZIKSXKFV-YFVJMOTDSA-N,CRDAMVZIKSXKFV,CRDAMVZIKSXKFV,CC(C)=CCC/C(C)=C/CC/C(C)=C/CO,False,1,4602-84-0,OC/C=C(C)/CC/C=C(C)/CC/C=C(C)/C,"InChI=1S/C15H26O/c1-13(2)7-5-8-14(3)9-6-10-15(4)11-12-16/h7,9,11,16H,5-6,8,10,12H2,1-4H3/b14-9+,15-11+",Oral,LD50,,other:,µg/piece,µg/piece,species_based_piece_to_bee,100.0,>,,,censored_or_approximate,,,,,,,mortality,False,5a5177d0-6130-41ad-bcf6-613e7d23fb60,doi:10.2903/j.efsa.2020.5986,2020.0,False,True,True,True,False,True,False,0,0,0,True,structure_screen_only,True,False
66ccde9e-4a22-4639-b36a-ead0f2ff0e2d,fa748436-fb23-4f9a-9467-075f2ac9bdaa,4483,f5db0362-7c8b-4259-97cf-9339a9a92a02,Thiacloprid,mono-constituent substance,327aa586-8594-4d73-8272-7d1ac0ee4707,HOKKPVIRMVDYPB-UHFFFAOYSA-N,HOKKPVIRMVDYPB,HOKKPVIRMVDYPB,N#CN=C1SCCN1Cc1ccc(Cl)nc1,False,1,111988-49-9,C1CSC(=NC#N)N1CC2=CN=C(C=C2)Cl,"InChI=1S/C10H9ClN4S/c11-9-2-1-8(5-13-9)6-15-3-4-16-10(15)14-7-12/h1-2,5H,3-4,6H2",Oral,LD50,,other:,µg/piece,µg/piece,species_based_piece_to_bee,17.32,,,,exact,48.0,h,48.0,,,,mortality,False,94f377c7-7004-4e70-9522-e505cd25d7e3,doi:10.2903/j.efsa.2019.5595,2019.0,True,True,True,True,False,True,False,0,0,1,True,structure_screen_only,True,True
124e4867-1b95-41c4-bdb4-8508c5856998,2cafb671-e3ec-4d56-bbff-87bbd57aac93,4484,b6e7a642-f1e7-4a7a-b758-21aff3aeb626,Quinoclamine,mono-constituent substance,52f67865-e142-4d2e-85fe-a51b1de233bd,OBLNWSCLAYSJJR-UHFFFAOYSA-N,OBLNWSCLAYSJJR,OBLNWSCLAYSJJR,NC1=C(Cl)C(=O)c2ccccc2C1=O,False,1,2797-51-5,NC1=C(Cl)C(=O)c2ccccc2C1=O,"InChI=1/C10H6ClNO2/c11-7-8(12)10(14)6-4-2-1-3-5(6)9(7)13/h1-4H,12H2",Oral,LD50,,other:,µg/piece,µg/piece,species_based_piece_to_bee,28.0,>,,,censored_or_approximate,48.0,h,48.0,Mogeton 25 WP,,,mortality,True,164521bc-6e17-4baa-b831-7b996353fe7c,doi:10.2903/j.efsa.2007.117r,2007.0,True,True,True,True,True,True,False,0,0,-1,True,structure_screen_only,True,False
ff59584b-80bc-4dc2-a436-e90926f6b6dc,8f9765d5-f159-4cf4-8700-6fe3f03b5822,4486,ef2a944e-8e7c-4a4f-a615-e2b700917051,Sodium bicarbonate,mono-constituent substance,77abd96a-e23f-4d3a-a49b-040183f240ec,UIIMBOGNXHQVGW-UHFFFAOYSA-M,UIIMBOGNXHQVGW,BVKZGUZCCUSVTD,O=C([O-])O.[Na+],False,2,144-55-8,C(=O)(O)[O-].[Na+],"InChI=1S/CH2O3.Na/c2-1(3)4;/h(H2,2,3,4);/q;+1/p-1",Contact,LD50,,other:,µg/piece,µg/piece,species_based_piece_to_bee,559.1,>,,,censored_or_approximate,48.0,h,48.0,Preparation VitiSan (99.49% KHCO3),,,mortality,True,3336088b-f075-4c4c-add1-9f93fb895c89,"EFSA Journal 2018,16(9):5407, doi:10.2903/j.efsa.2018.5407",2018.0,False,False,True,False,False,False,False,0,0,0,True,structure_screen_only,True,False
c96800df-116a-469f-91c8-91d48fc81abe,094893a9-7a3a-4c2d-85ad-d4ff2ef27d11,4487,961ee044-9060-407a-bffe-f77b14bc6d0a,Prochloraz,mono-constituent substance,2ad2e7c6-9d84-482f-93f2-03c6c363c176,TVLSRXXIMLFWEO-UHFFFAOYSA-N,TVLSRXXIMLFWEO,TVLSRXXIMLFWEO,CCCN(CCOc1c(Cl)cc(Cl)cc1Cl)C(=O)n1ccnc1,False,1,67747-09-5,CCCN(CCOC1=C(C=C(C=C1Cl)Cl)Cl)C(=O)N2C=CN=C2,"InChI=1S/C15H16Cl3N3O2/c1-2-4-20(15(22)21-5-3-19-10-21)6-7-23-14-12(17)8-11(16)9-13(14)18/h3,5,8-10H,2,4,6-7H2,1H3",Contact,LD50,,other:,µg/piece,µg/piece,species_based_piece_to_bee,141.28,,,,exact,96.0,h,96.0,,,,mortality,False,270f7df8-e6a0-4719-b86f-b6c50ac37bd6,"EFSA Journal 2011, 9(7):2323, doi:10.2903/j.efsa.2011.2323",2011.0,True,True,True,True,True,True,False,0,0,0,True,structure_screen_only,True,False
4954b034-5f7b-4f09-888e-e7dee905636d,d52cc217-0b83-4dff-befa-b9ae4cd33b1a,4488,20ed31da-402c-4d92-8717-25c6837c3dbc,Orthosulfamuron,mono-constituent substance,bc51bb2a-4ed4-438d-a955-c9aceefb3239,UCDPMNSCCRBWIC-UHFFFAOYSA-N,UCDPMNSCCRBWIC,UCDPMNSCCRBWIC,COc1cc(OC)nc(NC(=O)NS(=O)(=O)Nc2ccccc2C(=O)N(C)C)n1,False,1,213464-77-8,CN(C)C(=O)C1=CC=CC=C1NS(=O)(=O)NC(=O)NC2=NC(=CC(=N2)OC)OC,"InChI=1S/C16H20N6O6S/c1-22(2)14(23)10-7-5-6-8-11(10)20-29(25,26)21-16(24)19-15-17-12(27-3)9-13(18-15)28-4/h5-9,20H,1-4H3,(H2,17,18,19,21,24)",Contact,LD50,,other:,µg/piece,µg/piece,species_based_piece_to_bee,100.0,>,,,censored_or_approximate,48.0,h,48.0,,,,mortality,False,87e29090-c1b3-4319-b645-4e196436e2fc,"EFSA Journal 2014,12(3):3353, doi:10.2903/j.efsa.2014.3353",2014.0,True,True,True,True,False,True,False,0,0,0,True,structure_screen_only,True,True
d2f84c54-a455-4427-a774-57c336a3c246,e7fe4cbd-c5c3-46d2-950c-c5371481cc3b,4489,a7b6a0c0-ab49-499c-be87-8cffaaf237af,Acrinathrin,mono-constituent substance,11a9196b-ccd0-4b32-9eb5-24cdbc76c7bd,YLFSVIMMRPNPFK-WEQBUNFVSA-N,YLFSVIMMRPNPFK,YLFSVIMMRPNPFK,CC1(C)[C@H](C(=O)O[C@H](C#N)c2cccc(Oc3ccccc3)c2)[C@@H]1/C=C\C(=O)OC(C(F)(F)F)C(F)(F)F,False,1,101007-06-1,CC1([C@H]([C@H]1C(=O)O[C@H](C#N)C2=CC(=CC=C2)OC3=CC=CC=C3)/C=C\C(=O)OC(C(F)(F)F)C(F)(F)F)C,"InChI=1S/C26H21F6NO5/c1-24(2)18(11-12-20(34)38-23(25(27,28)29)26(30,31)32)21(24)22(35)37-19(14-33)15-7-6-10-17(13-15)36-16-8-4-3-5-9-16/h3-13,18-19,21,23H,1-2H3/b12-11-/t18-,19+,21-/m0/s1",Oral,LD50,,other:,µg/piece,µg/piece,species_based_piece_to_bee,0.077,,,,exact,,,,,,,mortality,False,3b323010-627b-441f-8f3e-4ed9c5a129ea,doi:10.2903/j.efsa.2010.1872,2010.0,False,True,True,True,True,True,False,1,1,1,True,structure_screen_only,True,False
ba0efab2-7cf8-4c21-9928-0b5279f4c838,4ab97732-adf5-44c2-b018-be82e77add25,4490,99c432be-4475-4f89-bb83-a518398d5bd3,Acetic acid,mono-constituent substance,4bc504b6-7cb4-4998-848b-e7f89bf27109,QTBSBXVTEAMEQO-UHFFFAOYSA-N,QTBSBXVTEAMEQO,QTBSBXVTEAMEQO,CC(=O)O,False,1,64-19-7,CC(=O)O,"InChI=1S/C2H4O2/c1-2(3)4/h1H3,(H,3,4)",Oral,LD50,,other:,µg/piece,µg/piece,species_based_piece_to_bee,110.0,>,,,censored_or_approximate,,,,Formulation: CEL 350 20 H (TEM 123),,,mortality,True,7c33dae4-b3dc-4ec0-8a97-2a2b224e63f1,doi:10.2903/j.efsa.2013.3060,2013.0,False,False,True,False,False,False,False,0,0,0,True,structure_screen_only,True,False
a5ed7140-9e39-4e06-8843-d408c34ef9eb,5dc27a5f-190b-463a-a5bc-ab3b31f623b3,4491,430479fd-cfe4-4980-8df8-0f5219bde074,Fluazifop-P-butyl,mono-constituent substance,23c959c3-8522-4683-8954-93bd9f786f35,VAIZTNZGPYBOGF-CYBMUJFWSA-N,VAIZTNZGPYBOGF,VAIZTNZGPYBOGF,CCCCOC(=O)[C@@H](C)Oc1ccc(Oc2ccc(C(F)(F)F)cn2)cc1,False,1,79241-46-6,CCCCOC(=O)[C@@H](C)OC1=CC=C(C=C1)OC2=NC=C(C=C2)C(F)(F)F,"InChI=1S/C19H20F3NO4/c1-3-4-11-25-18(24)13(2)26-15-6-8-16(9-7-15)27-17-10-5-14(12-23-17)19(20,21)22/h5-10,12-13H,3-4,11H2,1-2H3/t13-/m1/s1",Oral,LD50,,other:,µg/piece,µg/piece,species_based_piece_to_bee,200.0,>,,,censored_or_approximate,,,,,,,mortality,False,36202cb7-71f5-42e2-870e-500d3a34398e,doi:10.2903/j.efsa.2010.1905,2010.0,False,True,True,False,False,False,False,0,0,0,True,structure_screen_only,True,False
0326973f-5a80-4896-869a-8c17f68ec40d,22a971b5-cf10-4a5d-ba55-fdc4f6956c71,4492,78977381-ec20-41b6-b97c-36bafddaa8d5,Flupyradifurone,mono-constituent substance,8a18e965-f13e-4291-8ff5-1c202441f2a9,QOIYTRGFOFZNKF-UHFFFAOYSA-N,QOIYTRGFOFZNKF,QOIYTRGFOFZNKF,O=C1C=C(N(Cc2ccc(Cl)nc2)CC(F)F)CO1,False,1,951659-40-8,C1C(=CC(=O)O1)N(CC2=CN=C(C=C2)Cl)CC(F)F,"InChI=1S/C12H11ClF2N2O2/c13-10-2-1-8(4-16-10)5-17(6-11(14)15)9-3-12(18)19-7-9/h1-4,11H,5-7H2",Contact,LD50,,other:,µg/piece,µg/piece,species_based_piece_to_bee,122.8,,,,exact,,,,,,,mortality,False,c804893b-69b5-4cae-beb2-eb38b0351428,doi:10.2903/j.efsa.2015.4020,2015.0,True,True,True,True,False,True,False,0,0,0,True,structure_screen_only,True,False
bab81dfb-c93f-4116-80fa-8963539ff0da,354322ed-1267-4ea4-9c4d-41bb949dc672,4495,1c16c2f0-4696-4bcf-8015-8ce1bf4bc66d,Oryzalin,mono-constituent substance,505db852-a890-4fb1-811d-74a880643088,UNAHYJYOSSSJHH-UHFFFAOYSA-N,UNAHYJYOSSSJHH,UNAHYJYOSSSJHH,CCCN(CCC)c1c([N+](=O)[O-])cc(S(N)(=O)=O)cc1[N+](=O)[O-],False,1,19044-88-3,[O-][N+](=O)c1cc(cc([N+]([O-])=O)c1N(CCC)CCC)S(N)(=O)=O,"InChI=1S/C12H18N4O6S/c1-3-5-14(6-4-2)12-10(15(17)18)7-9(23(13,21)22)8-11(12)16(19)20/h7-8H,3-6H2,1-2H3,(H2,13,21,22)",Oral,LD50,,other:,µg/piece,µg/piece,species_based_piece_to_bee,32.0,,,,exact,48.0,h,48.0,Oryzalin (formulation),,,mortality,True,9def720d-336b-4e5e-b745-e8b7639c0683,doi:10.2903/j.efsa.2010.1707,2010.0,True,True,True,True,True,True,False,0,0,1,True,structure_screen_only,True,False
3e3e4c9b-0b67-4799-8b05-f497af43e788,00848235-b227-462b-9266-1032cf9a5b54,4496,c51b3fec-1909-4476-a47f-053f0fa52e1b,Dimethyl disulfide,mono-constituent substance,ddd27080-1841-4410-b30d-a7d8580111db,WQOXQRCZOLPYPM-UHFFFAOYSA-N,WQOXQRCZOLPYPM,WQOXQRCZOLPYPM,CSSC,False,1,624-92-0,S(C)SC,InChI=1S/C2H6S2/c1-3-4-2/h1-2H3,Contact,LD50,,other:,µg/piece,µg/piece,species_based_piece_to_bee,100.0,>,,,censored_or_approximate,,,,,,,mortality,False,38876603-eb18-4c27-8d0e-2e52c791d33e,doi:10.2903/j.efsa.2019.5905,2019.0,True,True,True,True,True,True,False,0,0,0,True,structure_screen_only,True,False
6360b0de-1611-4789-b7d7-ee9f38c25dda,1b09c295-04b2-4dee-bd73-322c1de0ca70,4497,c89da3cc-0fef-4d59-88d5-1a219c9da5e7,Phosphonic acid,mono-constituent substance,535153c9-51e2-4cf5-95e7-1ddca9fac8e4,,,,,False,0,13598-36-2,,,Oral,LD50,,other:,µg/piece,µg/piece,species_based_piece_to_bee,212.0,>,,,censored_or_approximate,,,,,,,mortality,False,36654755-c09a-4a9f-9d7b-6e67029a6231,"EFSA Journal 2018,16(6):5307, doi:10.2903/j.efsa.2018.5307",2018.0,False,False,False,False,False,False,False,0,0,0,True,structure_screen_only,False,False
f1cea642-ac50-4577-9c5e-7fffb9da6c6c,e4557e06-e399-4d59-bbce-9e25d41d1eb0,4500|4501,f8cb4e06-76b1-4684-a509-84c76c8c194e,Spinosad,mono-constituent substance,f447df8a-5883-429d-80b0-7fba69967b15,,,,,False,0,168316-95-8,,,Contact,LD50,,other:,µg/piece,µg/piece,species_based_piece_to_bee,0.0036,,,,exact,,,,,,,mortality,False,0feedabd-127c-48a5-8925-06013cbca7f7|f8eb2b42-0c57-4cf5-9123-92935bf6602f,"EFSA Journal 2018,16(4):5252, doi:10.2903/j.efsa.2018.5252|EFSA Journal. 2025;23:e9193; doi:10.2903/j.efsa.2025.9193",2018.0|2025.0,False,False,False,True,True,True,False,1,1,1,True,structure_screen_only,False,False
2b717e28-1869-4cc5-9b5e-fd5b49941abe,f9cfdb56-fea3-421b-8f47-c8913b364792,4503,e1ec5dfd-5a94-46ef-b332-3e55d4e5a2b1,Cadusafos,mono-constituent substance,9d5f39f4-405b-43a8-b2e7-a1abea3af757,KXRPCFINVWWFHQ-UHFFFAOYSA-N,KXRPCFINVWWFHQ,KXRPCFINVWWFHQ,CCOP(=O)(SC(C)CC)SC(C)CC,False,1,95465-99-9,CCC(C)SP(=O)(OCC)SC(C)CC,"InChI=1S/C10H23O2PS2/c1-6-9(4)14-13(11,12-8-3)15-10(5)7-2/h9-10H,6-8H2,1-5H3",Oral,LD50,,other:,µg/piece,µg/piece,species_based_piece_to_bee,2.07,,,,exact,,,,,,,mortality,False,a93f3776-dc9f-4b8a-a697-4caf0fe4e0c5,doi:10.2903/j.efsa.2009.262r,2009.0,True,True,True,True,True,True,False,0,1,1,True,structure_screen_only,True,False
9a67a199-4b22-4c71-9476-6eb867214277,01bcf419-1c1a-4b41-89ea-9e5e9109f5dc,4506,28fe5ffc-fb11-4735-93bc-9f0a4e05cabf,Thiodicarb,mono-constituent substance,24e08315-b0b6-42ce-a2a5-ec5af7e9e0ff,XDOTVMNBCQVZKG-UHFFFAOYSA-N,XDOTVMNBCQVZKG,XDOTVMNBCQVZKG,CSC(C)=NOC(=O)N(C)SN(C)C(=O)ON=C(C)SC,False,1,59669-26-0,CC(=NOC(=O)N(C)SN(C)C(=O)ON=C(C)SC)SC,InChI=1S/C10H18N4O4S3/c1-7(19-5)11-17-9(15)13(3)21-14(4)10(16)18-12-8(2)20-6/h1-6H3,Contact,LD50,,other:,µg/piece,µg/piece,species_based_piece_to_bee,3.1,,,,exact,48.0,h,48.0,,,,mortality,False,9d7689a9-0849-4294-98e9-690f03e16b37,doi:10.2903/j.efsa.2006.55r,2006.0,True,True,True,True,False,True,False,0,1,1,True,structure_screen_only,True,True
76ae17be-cbe3-419a-9b64-c0162e6e5fa2,a960efdc-fd0a-4477-824e-845fbc582948,4507,e74ae6f2-e729-490b-b0c0-b5579de8a807,Sulfosulfuron,mono-constituent substance,cf6f510a-19da-4431-980f-daf6032f9908,RBSXHDIPCIWOMG-UHFFFAOYSA-N,RBSXHDIPCIWOMG,RBSXHDIPCIWOMG,CCS(=O)(=O)c1nc2ccccn2c1S(=O)(=O)NC(=O)Nc1nc(OC)cc(OC)n1,False,1,141776-32-1,CCS(=O)(=O)C1=C(N2C=CC=CC2=N1)S(=O)(=O)NC(=O)NC3=NC(=CC(=N3)OC)OC,"InChI=1S/C16H18N6O7S2/c1-4-30(24,25)13-14(22-8-6-5-7-10(22)17-13)31(26,27)21-16(23)20-15-18-11(28-2)9-12(19-15)29-3/h5-9H,4H2,1-3H3,(H2,18,19,20,21,23)",Contact,LD50,,other:,µg/piece,µg/piece,species_based_piece_to_bee,25.0,>,,,censored_or_approximate,48.0,h,48.0,,,,mortality,False,c5ceefab-bdd3-441f-aa36-079349115589,"EFSA Journal 2014,12(7):3764, doi:10.2903/j.efsa.2014.3764",2014.0,True,True,True,True,False,True,False,0,0,-1,True,structure_screen_only,True,True
dee589cd-02bf-4223-8df8-e6d6013bf5ca,229e8dfd-8d46-4ea2-9e98-6c20884179e9,4508,cdf45025-c0c7-40e4-8f67-25397aa46b6f,Penconazole formulation (Topas 100 EC),multi-constituent substance,20e60703-97b3-4308-b90f-b460b732442f,,,,,False,0,,,,Contact,LD50,,other:,µg/piece,µg/piece,species_based_piece_to_bee,30.0,>,,,censored_or_approximate,48.0,h,48.0,,,,mortality,False,872d9113-c509-4883-8324-1f80fadc9627,doi:10.2903/j.efsa.2008.175r,2008.0,False,False,False,False,False,False,False,0,0,-1,True,structure_screen_only,False,False
cd8dab4d-cde7-4958-ae09-fb7667831d1d,4cfebcf9-dcb6-423f-816e-a5afff8d31d3,4509,a4135876-f27e-444c-aeff-3a6316f6b4a4,Benthiavalicarb isopropyl,mono-constituent substance,473f3794-b3e5-4ead-a162-661507756b00,USRKFGIXLGKMKU-ABAIWWIYSA-N,USRKFGIXLGKMKU,USRKFGIXLGKMKU,CC(C)OC(=O)N[C@H](C(=O)N[C@H](C)c1nc2ccc(F)cc2s1)C(C)C,False,1,177406-68-7,CC(C)[C@H](NC(=O)OC(C)C)C(=O)N[C@H](C)c1nc2ccc(F)cc2s1,"InChI=1S/C18H24FN3O3S/c1-9(2)15(22-18(24)25-10(3)4)16(23)20-11(5)17-21-13-7-6-12(19)8-14(13)26-17/h6-11,15H,1-5H3,(H,20,23)(H,22,24)/t11-,15+/m1/s1",Oral,LD50,,other:,µg/piece,µg/piece,species_based_piece_to_bee,100.0,>,,,censored_or_approximate,,,,From studies with the active substance and with formulation KIF-230 15 % WG,,,mortality,True,e3758e85-45dd-426d-bdd8-72c3ab8b68d0,doi:10.2903/j.efsa.2007.107r,2007.0,False,True,True,True,True,True,False,0,0,0,True,structure_screen_only,True,False
08948610-bbf4-4b3c-807e-881b8d454f6a,e4002bf5-c485-4423-b2df-feaf9e2be69f,4511,99c432be-4475-4f89-bb83-a518398d5bd3,Acetic acid,mono-constituent substance,4bc504b6-7cb4-4998-848b-e7f89bf27109,QTBSBXVTEAMEQO-UHFFFAOYSA-N,QTBSBXVTEAMEQO,QTBSBXVTEAMEQO,CC(=O)O,False,1,64-19-7,CC(=O)O,"InChI=1S/C2H4O2/c1-2(3)4/h1H3,(H,3,4)",Contact,LD50,,other:,µg/piece,µg/piece,species_based_piece_to_bee,96.0,>,,,censored_or_approximate,,,,Formulation: CEL 350 20 H (TEM 123),,,mortality,True,7c33dae4-b3dc-4ec0-8a97-2a2b224e63f1,doi:10.2903/j.efsa.2013.3060,2013.0,False,False,True,False,False,False,False,0,0,-1,True,structure_screen_only,True,False
2ac2e671-224c-4c58-8482-2205350000a1,fc51751e-779a-4436-b342-848af58f333f,4514,6509fe0b-edfd-44db-a9ba-3f4404a8c9c7,Fluopicolide,mono-constituent substance,8798d3c9-39ce-4923-90c8-7510f64a89ee,GBOYJIHYACSLGN-UHFFFAOYSA-N,GBOYJIHYACSLGN,GBOYJIHYACSLGN,O=C(NCc1ncc(C(F)(F)F)cc1Cl)c1c(Cl)cccc1Cl,False,1,239110-15-7,C1=CC(=C(C(=C1)Cl)C(=O)NCC2=C(C=C(C=N2)C(F)(F)F)Cl)Cl,"InChI=1S/C14H8Cl3F3N2O/c15-8-2-1-3-9(16)12(8)13(23)22-6-11-10(17)4-7(5-21-11)14(18,19)20/h1-5H,6H2,(H,22,23)",Contact,LD50,,other:,µg/piece,µg/piece,species_based_piece_to_bee,100.0,>,,,censored_or_approximate,,,,,,,mortality,False,cda7718b-0d60-437f-b474-95ea17a5eaa8,doi:10.2903/j.efsa.2009.299r,2009.0,True,True,True,True,False,True,False,0,0,0,True,structure_screen_only,True,False
68416239-373d-40c3-9a62-73ff60d649bc,1becca08-36d4-4c04-b605-42d5c49be6fb,4515,7e050a9a-6834-4ef8-a7a9-e8b230f20082,Penoxsulam,mono-constituent substance,a3e4857f-50ee-4bf5-964b-296d827c5969,SYJGKVOENHZYMQ-UHFFFAOYSA-N,SYJGKVOENHZYMQ,SYJGKVOENHZYMQ,COc1cnc(OC)n2nc(NS(=O)(=O)c3c(OCC(F)F)cccc3C(F)(F)F)nc12,False,1,219714-96-2,COC1=CN=C(N2C1=NC(=N2)NS(=O)(=O)C3=C(C=CC=C3OCC(F)F)C(F)(F)F)OC,"InChI=1S/C16H14F5N5O5S/c1-29-10-6-22-15(30-2)26-13(10)23-14(24-26)25-32(27,28)12-8(16(19,20)21)4-3-5-9(12)31-7-11(17)18/h3-6,11H,7H2,1-2H3,(H,24,25)",Contact,LD50,,µg/bee,,µg/bee,direct_ug_bee,6.5,>,,,censored_or_approximate,,,,Preparation (GF-1075),act. ingr.,,mortality,True,7220e86c-692f-4e90-bf38-72de40d4a72e,EFSA Journal. 2024;22:e9055; doi:10.2903/j.efsa.2024.9055,2024.0,True,True,True,True,False,True,False,0,-1,-1,True,structure_screen_only,True,False
4260c933-fc56-4ee7-af00-200ac1948b34,96942eeb-a9dc-4ec0-b884-475e0c2c01fe,4516,d8dee37f-ac8e-4afb-97bc-b3566a8a3e03,Reynoutria sachalinensis extract,multi-constituent substance,f528c508-55ca-4a76-a915-e939aa3731e8,,,,,False,0,,,,Contact,LD50,,other:,µg/piece,µg/piece,species_based_piece_to_bee,100.0,>,,,censored_or_approximate,,,,Sakalia,,,mortality,True,e86b9ca3-1f2c-4859-9033-8296856b4f1c,doi:10.2903/j.efsa.2015.4221,2015.0,False,False,False,False,False,False,False,0,0,0,True,structure_screen_only,False,False
bb23c2d5-1743-449e-a49b-7d32d5b2dce3,53d480ac-e358-4cf2-bd25-e59c1da9e657,4523,ab42b3c8-86de-4b65-af62-927b86b3ee7e,Geraniol formulation (Mevalone 3AEY),multi-constituent substance,a1578d2f-fae9-4b54-89b9-37195c147959,,,,,False,0,,,,Oral,LD50,,other:,µg/piece,µg/piece,species_based_piece_to_bee,224.6,>,,,censored_or_approximate,,,,,,,mortality,False,603df01a-1e8b-4370-9487-a1dd55833381,"EFSA Journal 2012,10(11):2915, doi:10.2903/j.efsa.2012.2915",2012.0,False,False,False,False,False,False,False,0,0,0,True,structure_screen_only,False,False
c65c7c7b-3dfa-4cb1-a3fb-e60d749d946e,adf12ede-940d-4903-981c-20c533b256e5,4525,4cbfe12f-336f-4365-9781-aa4c4740d3a9,Fluroxypyr,mono-constituent substance,af780cfa-ddc0-4f67-96e9-053dd7828da2,MEFQWPUMEMWTJP-UHFFFAOYSA-N,MEFQWPUMEMWTJP,MEFQWPUMEMWTJP,Nc1c(Cl)c(F)nc(OCC(=O)O)c1Cl,False,1,69377-81-7,NC1=C(Cl)C(F)=NC(OCC(O)=O)=C1Cl,"InChI=1S/C7H5Cl2FN2O3/c8-3-5(11)4(9)7(12-6(3)10)15-1-2(13)14/h1H2,(H2,11,12)(H,13,14)",Oral,LD50,,other:,µg/piece,µg/piece,species_based_piece_to_bee,37.1,,,,exact,,,,,,,mortality,False,71c1537f-f399-44c1-be8c-dd02cb6e6267,"EFSA Journal 2011,9(3):2091, doi:10.2903/j.efsa.2011.2091",2011.0,True,True,True,True,True,True,False,0,0,1,True,structure_screen_only,True,False
2a918caa-e803-4145-91b0-4854f00af0d5,17e853ab-978d-4fc3-9efa-b9c017058616,4526,77fa1f2d-60f5-45ee-b764-bd90bfe2995b,Phosalone,mono-constituent substance,edb0f621-210b-49e4-a5b6-ed836f9d3d7e,IOUNQDKNJZEDEP-UHFFFAOYSA-N,IOUNQDKNJZEDEP,IOUNQDKNJZEDEP,CCOP(=S)(OCC)SCn1c(=O)oc2cc(Cl)ccc21,False,1,2310-17-0,CCOP(=S)(OCC)SCN1C(=O)Oc2cc(Cl)ccc12,"InChI=1/C12H15ClNO4PS2/c1-3-16-19(20,17-4-2)21-8-14-10-6-5-9(13)7-11(10)18-12(14)15/h5-7H,3-4,8H2,1-2H3",Oral,LD50,,other:,µg/piece,µg/piece,species_based_piece_to_bee,12.4,,,,exact,,,,30 % WP,,,mortality,True,cdb062e5-f2ea-4fe7-a42c-02e370ab0126,doi:10.2903/j.efsa.2006.60r,2006.0,True,True,True,True,False,True,False,0,0,1,True,structure_screen_only,True,False
1dece9d3-b3f4-404c-8759-3a2e4f732f57,39dd45a9-80bf-456b-9934-a748b9a10ce9,4527,bc8bb184-91cd-4422-8c8d-c991389b073a,Oxamyl,mono-constituent substance,e40bbfae-3517-4de1-934c-2e920c09b54a,KZAUOCCYDRDERY-UHFFFAOYSA-N,KZAUOCCYDRDERY,KZAUOCCYDRDERY,CNC(=O)ON=C(SC)C(=O)N(C)C,False,1,23135-22-0,CNC(=O)ON=C(C(=O)N(C)C)SC,"InChI=1S/C7H13N3O3S/c1-8-7(12)13-9-5(14-4)6(11)10(2)3/h1-4H3,(H,8,12)",Oral,LD50,,other:,µg/piece,µg/piece,species_based_piece_to_bee,0.38,,,,exact,48.0,h,48.0,,,,mortality,False,a06aedec-0c73-4fcb-96ad-e544ffd1d949,doi:10.2903/j.efsa.2005.26r,2005.0,True,True,True,True,False,True,False,1,1,1,True,structure_screen_only,True,True
66f7d5fa-173b-4ba1-9162-e24335a3bf6a,800e7ba3-ac87-4d32-a7c4-c53329f9580c,4528,405f9075-8fcb-4195-9d00-481bc9fdf3a7,Sulfur (S),mono-constituent substance,8d055fd7-3ce3-40e3-afbe-0280aa800416,NINIDFKCEFEMDL-UHFFFAOYSA-N,NINIDFKCEFEMDL,NINIDFKCEFEMDL,[S],False,1,7704-34-9,[S],InChI=1S/S,Oral,LD50,,µg/bee,,µg/bee,direct_ug_bee,700.1,>,,,censored_or_approximate,48.0,h,48.0,Sulfur 80% WG,act. ingr.,,mortality,True,c8f65176-bc76-4a55-ae74-95ba93c9569f,"EFSA Journal 2023,21(3):7805, doi:10.2903/j.efsa.2023.7805",2023.0,True,True,True,True,False,True,False,0,0,0,True,structure_screen_only,True,False
a3c4945a-0d0e-48f7-8630-f36fb7c1ac4f,17582954-8f52-4c7c-a5bf-e6bad762cbdc,4529,d890cedc-f75e-43c2-bfdd-bef2d22a0f97,Laminarin,mono-constituent substance,965c91c7-aa7d-4018-86bc-5703969af560,DBTMGCOVALSLOR-VPNXCSTESA-N,DBTMGCOVALSLOR,DBTMGCOVALSLOR,OC[C@H]1OC(O[C@H]2[C@H](O)[C@@H](CO)OC(O[C@H]3[C@H](O)[C@@H](CO)OC(O)[C@@H]3O)[C@@H]2O)[C@H](O)[C@@H](O)[C@@H]1O,False,1,9008-22-4,C([C@@H]1[C@H]([C@@H]([C@H](C(O1)O)O)OC2[C@@H]([C@H]([C@@H]([C@H](O2)CO)O)OC3[C@@H]([C@H]([C@@H]([C@H](O3)CO)O)O)O)O)O)O,"InChI=1S/C18H32O16/c19-1-4-7(22)10(25)11(26)17(31-4)34-15-9(24)6(3-21)32-18(13(15)28)33-14-8(23)5(2-20)30-16(29)12(14)27/h4-29H,1-3H2/t4-,5-,6-,7-,8-,9-,10+,11-,12-,13-,14+,15+,16?,17?,18?/m1/s1",Contact,LD50,,other:,µg/piece,µg/piece,species_based_piece_to_bee,100.0,>,,,censored_or_approximate,,,,,,,mortality,False,33a44e18-8bd9-4bd5-99a2-2a59fa3e23e2,doi:10.2903/j.efsa.2017.4836,2017.0,False,True,True,True,True,True,False,0,0,0,True,structure_screen_only,True,False
8c2951ad-d3f2-4b9b-a4b9-48eeeb0697ba,86ac8a7f-f1b5-4146-b6c2-262b4e848d1f,4530,f5d92059-bec2-48a7-9cc4-90e03d8b16a7,Fosetyl-aluminium,mono-constituent substance,74278d6b-0a10-48b8-9602-5f8c4647565d,OIPMQULDKWSNGX-UHFFFAOYSA-N,OIPMQULDKWSNGX,ZUNGGJHBMLMRFJ,CCO[P+](=O)[O-].CCO[P+](=O)[O-].CCO[P+](=O)[O-].[Al+3],False,4,39148-24-8,CCO[P+](=O)[O-].CCO[P+](=O)[O-].CCO[P+](=O)[O-].[Al+3],"InChI=1S/3C2H5O3P.Al/c3*1-2-5-6(3)4;/h3*2H2,1H3;/q;;;+3",Oral,LD50,,other:,µg/piece,µg/piece,species_based_piece_to_bee,462.0,,,,exact,48.0,h,48.0,,,,mortality,False,80c80f71-4171-47a7-8b5a-ad127d170e74,doi:10.2903/j.efsa.2006.54,2006.0,True,True,True,True,True,True,False,0,0,0,True,structure_screen_only,True,True
f1721911-5ff7-417b-b4a0-d6e7a95f924a,221341f6-8a18-4635-8d8c-f616b9590fce,4531,1c96cde9-8e8d-4712-a754-7f7492cacf32,Thifensulfuron-methyl,mono-constituent substance,482d179b-a16e-4a70-b5ef-2f5995349333,AHTPATJNIAFOLR-UHFFFAOYSA-N,AHTPATJNIAFOLR,AHTPATJNIAFOLR,COC(=O)c1sccc1S(=O)(=O)NC(=O)Nc1nc(C)nc(OC)n1,False,1,79277-27-3,CC1=NC(=NC(=N1)OC)NC(=O)NS(=O)(=O)C2=C(SC=C2)C(=O)OC,"InChI=1S/C12H13N5O6S2/c1-6-13-10(16-12(14-6)23-3)15-11(19)17-25(20,21)7-4-5-24-8(7)9(18)22-2/h4-5H,1-3H3,(H2,13,14,15,16,17,19)",Oral,LD50,,other:,µg/piece,µg/piece,species_based_piece_to_bee,7.1,>,,,censored_or_approximate,,,,,,,mortality,False,8afa5afa-f1bf-4382-9b79-5b995923cf2e,doi:10.2903/j.efsa.2015.4201,2015.0,True,True,True,True,True,True,False,0,-1,-1,True,structure_screen_only,True,False
3e10aad0-153d-4b01-a508-b004ff449bea,5d6d28e3-f77d-4bb5-a57e-057cb7568432,4533,a7b6a0c0-ab49-499c-be87-8cffaaf237af,Acrinathrin,mono-constituent substance,11a9196b-ccd0-4b32-9eb5-24cdbc76c7bd,YLFSVIMMRPNPFK-WEQBUNFVSA-N,YLFSVIMMRPNPFK,YLFSVIMMRPNPFK,CC1(C)[C@H](C(=O)O[C@H](C#N)c2cccc(Oc3ccccc3)c2)[C@@H]1/C=C\C(=O)OC(C(F)(F)F)C(F)(F)F,False,1,101007-06-1,CC1([C@H]([C@H]1C(=O)O[C@H](C#N)C2=CC(=CC=C2)OC3=CC=CC=C3)/C=C\C(=O)OC(C(F)(F)F)C(F)(F)F)C,"InChI=1S/C26H21F6NO5/c1-24(2)18(11-12-20(34)38-23(25(27,28)29)26(30,31)32)21(24)22(35)37-19(14-33)15-7-6-10-17(13-15)36-16-8-4-3-5-9-16/h3-13,18-19,21,23H,1-2H3/b12-11-/t18-,19+,21-/m0/s1",Oral,LD50,,other:,µg/piece,µg/piece,species_based_piece_to_bee,0.077,,,,exact,,,,,,,mortality,False,059a3306-df17-4ae5-85d0-15fb3da19cc4,doi:10.2903/j.efsa.2013.3469,2013.0,False,True,True,True,True,True,False,1,1,1,True,structure_screen_only,True,False
a4699be3-358d-474a-a739-e53aad5284ce,f9eb7871-72d9-4f5d-b3ed-7efbbfbe7151,4534,128bbad2-cd8a-4a67-911e-aff76a6254ce,Tolylfluanid,mono-constituent substance,71903b7a-2bf1-48b7-8fcf-dc69f54f36e5,HYVWIQDYBVKITD-UHFFFAOYSA-N,HYVWIQDYBVKITD,HYVWIQDYBVKITD,Cc1ccc(N(SC(F)(Cl)Cl)S(=O)(=O)N(C)C)cc1,False,1,731-27-1,CC1=CC=C(C=C1)N(SC(F)(Cl)Cl)S(=O)(=O)N(C)C,"InChI=1S/C10H13Cl2FN2O2S2/c1-8-4-6-9(7-5-8)15(18-10(11,12)13)19(16,17)14(2)3/h4-7H,1-3H3",Contact,LD50,,other:,µg/piece,µg/piece,species_based_piece_to_bee,196.0,>,,,censored_or_approximate,48.0,h,48.0,,,,mortality,False,f024d55e-0dd3-4989-b838-ee49f0d0d0b0,doi:10.2903/j.efsa.2005.29r,2005.0,True,True,True,True,False,True,False,0,0,0,True,structure_screen_only,True,True
6ba9e137-991e-4d4c-bb03-d13a7fe953c5,b544685c-e131-49c5-9be2-0b9fe603ef20,4535|4536,f26fd4d3-2a09-4acc-9144-8cc75e200882,Gibberellin A4,mono-constituent substance,4bbdb87e-a504-487d-b771-6ab26db90410,RSQSQJNRHICNNH-NFMPGMCNSA-N,RSQSQJNRHICNNH,RSQSQJNRHICNNH,C=C1C[C@]23C[C@H]1CC[C@H]2[C@@]12CC[C@H](O)[C@@](C)(C(=O)O1)[C@H]2[C@@H]3C(=O)O,False,1,468-44-0,C[C@@]12[C@H](CC[C@@]3([C@@H]1[C@@H]([C@]45[C@H]3CC[C@H](C4)C(=C)C5)C(=O)O)OC2=O)O,"InChI=1S/C19H24O5/c1-9-7-18-8-10(9)3-4-11(18)19-6-5-12(20)17(2,16(23)24-19)14(19)13(18)15(21)22/h10-14,20H,1,3-8H2,2H3,(H,21,22)/t10-,11-,12+,13-,14-,17-,18+,19-/m1/s1",Contact,LD50,,other:,µg/piece,µg/piece,species_based_piece_to_bee,100.0,>,,,censored_or_approximate,,,,,,,mortality,False,219541b1-6379-47b8-9e9b-0dbee98618db|d95e6b5d-a516-4165-8e40-6d5fc470b9bd,"DOI:10.2903/j.efsa.2024.9066|EFSA Journal 2012,10(1):2502, doi:10.2903/j.efsa.2012.2502",2012.0|2024.0,False,True,True,False,False,False,False,0,0,0,True,structure_screen_only,True,False
666c1fd1-1e54-4b89-9d7c-50f921dd4223,d05a9186-ca01-4a85-9d57-ddb6bd373714,4537,8a324526-c0d0-469d-ba10-0b5497f0576d,Clopyralid,mono-constituent substance,5164c81d-4d9c-4ecd-90ee-1bd5f0d14813,HUBANNPOLNYSAD-UHFFFAOYSA-N,HUBANNPOLNYSAD,HUBANNPOLNYSAD,O=C(O)c1nc(Cl)ccc1Cl,False,1,1702-17-6,C1=CC(=NC(=C1Cl)C(=O)O)Cl,"InChI=1S/C6H3Cl2NO2/c7-3-1-2-4(8)9-5(3)6(10)11/h1-2H,(H,10,11)",Oral,LD50,,other:,µg/piece,µg/piece,species_based_piece_to_bee,100.0,>,,,censored_or_approximate,,,,,,,mortality,False,6cf05df4-0708-4f15-86a1-90ceece89270,"EFSA Journal 2018,16(7):5389, doi:10.2903/j.efsa.2018.5389",2018.0,True,True,True,True,False,True,False,0,0,0,True,structure_screen_only,True,False
bdccaf10-0a60-438f-a12d-541827f1350e,f3d1448c-1dc7-40be-86af-b8eeed731e39,4538,45fafec9-398d-4237-8dc7-01e2d190f6c2,Tea tree oil preparation (Timorex),multi-constituent substance,26cd726c-7b6d-4366-a319-222c6229509e,,,,,False,0,,,,Oral,LD50,,other:,µg/piece,µg/piece,species_based_piece_to_bee,66.0,>,,,censored_or_approximate,,,,,,,mortality,False,9db17b32-0900-4ca0-9f13-62d8e2877fd6,"EFSA Journal 2012,10(2):2542, doi:10.2903/j.efsa.2012.2542",2012.0,False,False,False,False,False,False,False,0,0,-1,True,structure_screen_only,False,False
bfb6223e-bef9-46bb-8a2a-f2e51b18ee84,3e760077-1305-4ae8-86c5-6b09c49e33d5,4539,28fe5ffc-fb11-4735-93bc-9f0a4e05cabf,Thiodicarb,mono-constituent substance,24e08315-b0b6-42ce-a2a5-ec5af7e9e0ff,XDOTVMNBCQVZKG-UHFFFAOYSA-N,XDOTVMNBCQVZKG,XDOTVMNBCQVZKG,CSC(C)=NOC(=O)N(C)SN(C)C(=O)ON=C(C)SC,False,1,59669-26-0,CC(=NOC(=O)N(C)SN(C)C(=O)ON=C(C)SC)SC,InChI=1S/C10H18N4O4S3/c1-7(19-5)11-17-9(15)13(3)21-14(4)10(16)18-12-8(2)20-6/h1-6H3,Oral,LD50,,other:,µg/piece,µg/piece,species_based_piece_to_bee,0.153,,,,exact,48.0,h,48.0,,,,mortality,False,9d7689a9-0849-4294-98e9-690f03e16b37,doi:10.2903/j.efsa.2006.55r,2006.0,True,True,True,True,False,True,False,1,1,1,True,structure_screen_only,True,True
017f583f-160c-4be2-86ee-7236e49c4ea6,98bf6db8-fafc-4412-ac55-837a9f330ef7,4541,847d4ee1-1ea0-422a-a9dd-dfac5bb8568c,Tebufenozide,mono-constituent substance,de364d7d-5c82-4944-be90-ef9abe6d9789,QYPNKSZPJQQLRK-UHFFFAOYSA-N,QYPNKSZPJQQLRK,QYPNKSZPJQQLRK,CCc1ccc(C(=O)NN(C(=O)c2cc(C)cc(C)c2)C(C)(C)C)cc1,False,1,112410-23-8,O=C(N(C(C)(C)C)NC(C2=CC=C(CC)C=C2)=O)C1=CC(C)=CC(C)=C1,"InChI=1S/C22H28N2O2/c1-7-17-8-10-18(11-9-17)20(25)23-24(22(4,5)6)21(26)19-13-15(2)12-16(3)14-19/h8-14H,7H2,1-6H3,(H,23,25)",Contact,LD50,,other:,µg/piece,µg/piece,species_based_piece_to_bee,234.0,>,,,censored_or_approximate,48.0,h,48.0,,,,mortality,False,a408a98f-aea5-4b11-81dd-43494f5c42ba,doi:10.2903/j.efsa.2010.1871,2010.0,True,True,True,True,False,True,False,0,0,0,True,structure_screen_only,True,True
e1c1d550-230c-43fb-8616-58586b0609c6,6cc2ee49-ead1-4e25-a4e0-d8e07620e45c,4543,366a3f2b-8c1f-48c5-a8f2-d50477575d41,Florpyrauxifen-benzyl,mono-constituent substance,9fa8798b-0956-459a-95a3-50fd42343b58,WNZCDFOXYNRBRB-UHFFFAOYSA-N,WNZCDFOXYNRBRB,WNZCDFOXYNRBRB,COc1c(Cl)ccc(-c2nc(C(=O)OCc3ccccc3)c(Cl)c(N)c2F)c1F,False,1,1390661-72-9,COC1=C(C=CC(=C1F)C2=NC(=C(C(=C2F)N)Cl)C(=O)OCC3=CC=CC=C3)Cl,"InChI=1S/C20H14Cl2F2N2O3/c1-28-19-12(21)8-7-11(14(19)23)17-15(24)16(25)13(22)18(26-17)20(27)29-9-10-5-3-2-4-6-10/h2-8H,9H2,1H3,(H2,25,26)",Oral,LD50,,other:,µg/piece,µg/piece,species_based_piece_to_bee,105.4,>,,,censored_or_approximate,48.0,h,48.0,,,,mortality,False,5838d590-d711-4363-80b8-c131979f2d81,"EFSA Journal 2018,16(7):5378, doi:10.2903/j.efsa.2018.5378",2018.0,True,True,True,True,False,True,False,0,0,0,True,structure_screen_only,True,True
069e5499-5f47-4c90-892d-48d992a3488d,4cfb3f87-2bab-4f7e-b275-46345a73e9d8,4544,97f34e33-9a0a-484b-a587-aefa9aa22e58,Haloxyfop-P,mono-constituent substance,dba165e5-613c-4e06-939e-00fa10e1008d,GOCUAJYOYBLQRH-MRVPVSSYSA-N,GOCUAJYOYBLQRH,GOCUAJYOYBLQRH,C[C@@H](Oc1ccc(Oc2ncc(C(F)(F)F)cc2Cl)cc1)C(=O)O,False,1,95977-29-0,O=C(O)[C@@H](C)Oc1ccc(cc1)Oc2ncc(cc2Cl)C(F)(F)F,"InChI=1S/C15H11ClF3NO4/c1-8(14(21)22)23-10-2-4-11(5-3-10)24-13-12(16)6-9(7-20-13)15(17,18)19/h2-8H,1H3,(H,21,22)/t8-/m1/s1",Oral,LD50,,other:,µg/piece,µg/piece,species_based_piece_to_bee,100.0,>,,,censored_or_approximate,48.0,h,48.0,,,,mortality,False,c13bdad4-38f2-4fcb-8065-a8eafa25a6a8,doi:10.2903/j.efsa.2009.1348,2009.0,False,True,True,False,False,False,False,0,0,0,True,structure_screen_only,True,True
b4b6bce6-9740-41fe-ad44-b8663f793fb2,c691f3e4-ee62-4199-96c6-1fd69146bd72,4545,b8d9e90a-5026-49de-bce9-7edd6c185f46,Tri-allate,mono-constituent substance,587c6fa0-4c69-4665-9628-092f6bf98dab,MWBPRDONLNQCFV-UHFFFAOYSA-N,MWBPRDONLNQCFV,MWBPRDONLNQCFV,CC(C)N(C(=O)SCC(Cl)=C(Cl)Cl)C(C)C,False,1,2303-17-5,CC(C)N(C(C)C)C(=O)SCC(=C(Cl)Cl)Cl,"InChI=1/C10H16Cl3NOS/c1-6(2)14(7(3)4)10(15)16-5-8(11)9(12)13/h6-7H,5H2,1-4H3",Contact,LD50,,other:,µg/piece,µg/piece,species_based_piece_to_bee,100.0,>,,,censored_or_approximate,,,,,,,mortality,False,016d854c-fa7a-4f4d-aaa8-817c8f39e243,doi:10.2903/j.efsa.2009.181r,2009.0,True,True,True,True,False,True,False,0,0,0,True,structure_screen_only,True,False
9fd0c318-54dd-4624-abf2-3e82e322efc4,5d328c3e-1ded-4d2c-827a-12d646c905dd,4546,abadc8e7-0388-421e-99ef-5db309d1e3c1,Fenoxycarb,mono-constituent substance,4673d96d-19bd-4384-8350-ae6cb16c5a3d,HJUFTIJOISQSKQ-UHFFFAOYSA-N,HJUFTIJOISQSKQ,HJUFTIJOISQSKQ,CCOC(=O)NCCOc1ccc(Oc2ccccc2)cc1,False,1,72490-01-8,O=C(NCCOC1=CC=C(OC2=CC=CC=C2)C=C1)OCC,"InChI=1S/C17H19NO4/c1-2-20-17(19)18-12-13-21-14-8-10-16(11-9-14)22-15-6-4-3-5-7-15/h3-11H,2,12-13H2,1H3,(H,18,19)",Oral,LD50,,other:,µg/piece,µg/piece,species_based_piece_to_bee,204.0,>,,,censored_or_approximate,48.0,h,48.0,Formulation A-8995 B,,,mortality,True,da445043-81f7-4c70-98c1-c51210db6c2d,doi:10.2903/j.efsa.2010.1779,2010.0,True,True,True,False,True,True,False,0,0,0,True,structure_screen_only,True,False
f9801370-e68f-4a33-961c-7a1e18c80dd7,56b6fea9-88d7-46ea-a70d-d35628a4f7e7,4547,ce6eabec-ae04-4b5f-b205-7639062e9c0a,Rimsulfuron,mono-constituent substance,923608cb-5557-4d5f-965c-f9a5617c1de0,MEFOUWRMVYJCQC-UHFFFAOYSA-N,MEFOUWRMVYJCQC,MEFOUWRMVYJCQC,CCS(=O)(=O)c1cccnc1S(=O)(=O)NC(=O)Nc1nc(OC)cc(OC)n1,False,1,122931-48-0,O=S(C1=NC=CC=C1S(CC)(=O)=O)(NC(NC2=NC(OC)=CC(OC)=N2)=O)=O,"InChI=1S/C14H17N5O7S2/c1-4-27(21,22)9-6-5-7-15-12(9)28(23,24)19-14(20)18-13-16-10(25-2)8-11(17-13)26-3/h5-8H,4H2,1-3H3,(H2,16,17,18,19,20)",Contact,LD50,,µg/bee,,µg/bee,direct_ug_bee,100.0,>,,,censored_or_approximate,,,,,,,mortality,False,33a038ad-4474-4b59-b50b-29531ade6ff6,"EFSA Journal 2022;20(9):7447, doi:10.2903/j.efsa.2022.7447",2022.0,True,True,True,True,False,True,False,0,0,0,True,structure_screen_only,True,False
b53046b6-3d70-4190-b1f1-73c0a19d0b52,c5a37c12-6a40-4012-8c93-4c0fc2576455,4548,696a7857-f9d4-4efc-8ecc-b860b72ff435,Metiram,mono-constituent substance,036051bf-20ea-4919-9c2d-edd4c34c0467,AMHNZOICSMBGDH-UHFFFAOYSA-L,AMHNZOICSMBGDH,AWYFNIZYMPNGAI,S=C([S-])NCCNC(=S)[S-].[Zn+2],False,2,9006-42-2,C(CNC(=S)[S-])NC(=S)[S-].[Zn+2],"InChI=1S/C4H8N2S4.Zn/c7-3(8)5-1-2-6-4(9)10;/h1-2H2,(H2,5,7,8)(H2,6,9,10);/q;+2/p-2",Oral,LD50,,µg/bee,,µg/bee,direct_ug_bee,110.1,>,,,censored_or_approximate,48.0,h,48.0,"Studies was conducted with the solo-formulation BAS 222 28 F (containing 70% metiram, nominally).",act. ingr.,,mortality,True,585c5854-bb60-4e86-9276-fd99cd604407,"EFSA Journal 2023,21(4):7937, doi:10.2903/j.efsa.2023.7937",2023.0,True,True,True,True,True,True,False,0,0,0,True,ambiguous_metiram_zineb_polymer_mapping,False,False
dbd93df2-3edc-4365-916f-117dd5877b72,25b3edef-2902-4dae-83a2-d3a15166428b,4549|4550,a9b38a53-0e30-4f77-af40-6f9aeda2cabe,Triclopyr-butoxyethyl ester,mono-constituent substance,10620812-dba2-4229-97c0-57a64adb4d40,IVDRCZNHVGQBHZ-UHFFFAOYSA-N,IVDRCZNHVGQBHZ,IVDRCZNHVGQBHZ,CCCCOCCOC(=O)COc1nc(Cl)c(Cl)cc1Cl,False,1,64700-56-7,Clc1cc(Cl)c(Cl)nc1OCC(=O)OCCOCCCC,"InChI=1S/C13H16Cl3NO4/c1-2-3-4-19-5-6-20-11(18)8-21-13-10(15)7-9(14)12(16)17-13/h7H,2-6,8H2,1H3",Oral,LD50,,other:,µg/piece,µg/piece,species_based_piece_to_bee,100.0,>,,,censored_or_approximate,,,,"Garlon 4, containing only triclopyr-butotyl",other:,triclopyr,mortality,True,20a23bb7-d6dc-4700-9c8b-d1b1f41b4983|9f4445d9-404e-412a-a662-c984ef94fe77,"EFSA Journal. 2024,22:e8177, doi:10.2903/j.efsa.2024.8177|doi:10.2903/j.efsa.2006.56r",2006.0|2024.0,True,True,True,True,False,True,False,0,0,0,True,structure_screen_only,True,False
78f61ef5-f4bb-487c-897e-d53c76f18fcd,9b2d24f3-b245-4cc5-bb5d-1bc81c1a5caa,4551,884138b1-5fdf-4295-89d0-bac3a9eeef6e,Chlorsulfuron,mono-constituent substance,166373d4-fe2c-46d7-804b-290422d27bbe,VJYIFXVZLXQVHO-UHFFFAOYSA-N,VJYIFXVZLXQVHO,VJYIFXVZLXQVHO,COc1nc(C)nc(NC(=O)NS(=O)(=O)c2ccccc2Cl)n1,False,1,64902-72-3,Cc2nc(NC(=O)NS(=O)(=O)c1ccccc1Cl)nc(OC)n2,"InChI=1S/C12H12ClN5O4S/c1-7-14-10(17-12(15-7)22-2)16-11(19)18-23(20,21)9-6-4-3-5-8(9)13/h3-6H,1-2H3,(H2,14,15,16,17,18,19)",Contact,LD50,,other:,µg/piece,µg/piece,species_based_piece_to_bee,100.0,>,,,censored_or_approximate,48.0,h,48.0,,,,mortality,False,8a636c03-9845-4f67-ac0a-eed245f93643,doi:10.2903/j.efsa.2009.201r,2009.0,True,True,True,True,False,True,False,0,0,0,True,structure_screen_only,True,True
4ad76643-9871-4967-b3c8-abb1eff18427,1b91ba2f-e5e3-42e2-8a40-fc8d1a8e4e2f,4552,2c848ba9-ceaf-46ad-80f8-cef4105a620d,Spiroxamine (sum of isomers),mono-constituent substance,1a3edb1e-df0c-4f42-9605-e8b916da054e,,,,,False,0,,,,Contact,LD50,,other:,µg/piece,µg/piece,species_based_piece_to_bee,4.2,>,,,censored_or_approximate,48.0,h,48.0,,,,mortality,False,74792dc4-a7bb-4e76-b09d-ada2273ab869,doi:10.2903/j.efsa.2010.1719,2010.0,False,False,False,False,False,False,False,0,-1,-1,True,structure_screen_only,False,False
610e2a4b-16de-4868-b95d-21a50133bfdb,f0662663-a669-4e2e-bd2d-59b24b3f3526,4553,4a0d0fe3-c7d6-42bd-9398-52f94d86e2eb,Daminozide,mono-constituent substance,1995e6cb-afaa-4b2b-b8f3-799e1623c8c7,NOQGZXFMHARMLW-UHFFFAOYSA-N,NOQGZXFMHARMLW,NOQGZXFMHARMLW,CN(C)NC(=O)CCC(=O)O,False,1,1596-84-5,CN(C)NC(=O)CCC(=O)O,"InChI=1S/C6H12N2O3/c1-8(2)7-5(9)3-4-6(10)11/h3-4H2,1-2H3,(H,7,9)(H,10,11)",Contact,LD50,,µg/bee,,µg/bee,direct_ug_bee,250.0,>,,,censored_or_approximate,,,,Alar 85 SG,act. ingr.,,mortality,True,6caa4d13-0038-4b8a-b24d-96c05eb46a1c,EFSA Journal. 2025;23:e9210; doi:10.2903/j.efsa.2025.9210,2025.0,True,True,True,True,True,True,False,0,0,0,True,structure_screen_only,True,False
7784859e-22c9-49b6-942f-3a225bb50d57,3b23dbe7-0621-4e6e-a64c-925792a54c68,4554,b8ae35c2-0a1a-452f-8e25-79a1db637552,Ethametsulfuron-Methyl,mono-constituent substance,2c31e69f-43e6-4d9c-ab4f-8bd4ac4b33d2,ZINJLDJMHCUBIP-UHFFFAOYSA-N,ZINJLDJMHCUBIP,ZINJLDJMHCUBIP,CCOc1nc(NC)nc(NC(=O)NS(=O)(=O)c2ccccc2C(=O)OC)n1,False,1,97780-06-8,CCOC1=NC(=NC(=N1)NC)NC(=O)NS(=O)(=O)C2=CC=CC=C2C(=O)OC,"InChI=1S/C15H18N6O6S/c1-4-27-15-19-12(16-2)17-13(20-15)18-14(23)21-28(24,25)10-8-6-5-7-9(10)11(22)26-3/h5-8H,4H2,1-3H3,(H3,16,17,18,19,20,21,23)",Oral,LD50,,other:,µg/piece,µg/piece,species_based_piece_to_bee,40.83,,,,exact,72.0,h,72.0,Formulation: Ethametsulfuron-methyl 75WG + DPX-KG691,,,mortality,True,0ea68f58-8b1a-4c39-965b-fee8343734c7,"EFSA Journal 2014,12(7):3787, doi:10.2903/j.efsa.2014.3787",2014.0,True,True,True,True,True,True,False,0,0,1,True,structure_screen_only,True,False
0b6b39de-09a5-47c2-8d58-f87296515787,d5f30c8c-d2bb-484c-864e-63a799ed2927,4555,2237a2e5-d37a-437f-be5f-df3f5761155a,Oxadiazon,mono-constituent substance,d8b8576f-9509-42ad-b873-879bbae95082,CHNUNORXWHYHNE-UHFFFAOYSA-N,CHNUNORXWHYHNE,CHNUNORXWHYHNE,CC(C)Oc1cc(-n2nc(C(C)(C)C)oc2=O)c(Cl)cc1Cl,False,1,19666-30-9,CC(C)OC1=C(C=C(C(=C1)N2C(=O)OC(=N2)C(C)(C)C)Cl)Cl,"InChI=1S/C15H18Cl2N2O3/c1-8(2)21-12-7-11(9(16)6-10(12)17)19-14(20)22-13(18-19)15(3,4)5/h6-8H,1-5H3",Contact,LD50,,other:,µg/piece,µg/piece,species_based_piece_to_bee,100.0,>,,,censored_or_approximate,48.0,h,48.0,,,,mortality,False,d5280dab-6111-45f2-abc9-538d597ee0fe,doi:10.2903/j.efsa.2010.1389,2010.0,True,True,True,True,False,True,False,0,0,0,True,structure_screen_only,True,True
9e2d0993-6526-41b0-940b-8ebfe4519c69,8211f06c-2974-4454-be36-345b78294074,4556|4557,5282d866-ee20-4a34-ae5f-920610551aaa,Triclopyr,mono-constituent substance,fda62c90-57df-4d94-bdf5-d5afcf5e714c,REEQLXCGVXDJSQ-UHFFFAOYSA-N,REEQLXCGVXDJSQ,REEQLXCGVXDJSQ,O=C(O)COc1nc(Cl)c(Cl)cc1Cl,False,1,55335-06-3,Clc1cc(Cl)c(Cl)nc1OCC(=O)O,"InChI=1S/C7H4Cl3NO3/c8-3-1-4(9)7(11-6(3)10)14-2-5(12)13/h1H,2H2,(H,12,13)",Contact,LD50,,other:,µg/piece,µg/piece,species_based_piece_to_bee,100.0,>,,,censored_or_approximate,,,,,,,mortality,False,20a23bb7-d6dc-4700-9c8b-d1b1f41b4983|9f4445d9-404e-412a-a662-c984ef94fe77,"EFSA Journal. 2024,22:e8177, doi:10.2903/j.efsa.2024.8177|doi:10.2903/j.efsa.2006.56r",2006.0|2024.0,True,True,True,True,False,True,False,0,0,0,True,structure_screen_only,True,False
d935ffa2-1039-4a82-b1f8-da9a611edb91,4826d3b0-927c-4038-b9ac-0fa838e497fe,4558,5a47d9f5-55cb-4330-9110-e6670e962622,Acetochlor,mono-constituent substance,bcaed19d-d087-4400-ae4d-a2077154c771,VTNQPKFIQCLBDU-UHFFFAOYSA-N,VTNQPKFIQCLBDU,VTNQPKFIQCLBDU,CCOCN(C(=O)CCl)c1c(C)cccc1CC,False,1,34256-82-1,CCC1=CC=CC(=C1N(COCC)C(=O)CCl)C,"InChI=1S/C14H20ClNO2/c1-4-12-8-6-7-11(3)14(12)16(10-18-5-2)13(17)9-15/h6-8H,4-5,9-10H2,1-3H3",Oral,LD50,,other:,µg/piece,µg/piece,species_based_piece_to_bee,100.0,>,,,censored_or_approximate,24.0,h,24.0,,,,mortality,False,b44ec7d0-9821-4888-9375-009a618c18ac,doi:10.2903/j.efsa.2008.153r,2008.0,True,True,True,True,False,True,False,0,0,0,True,structure_screen_only,True,False
568f8d1b-c76d-4f3f-9c9d-4bb886c77461,b06c7a33-ee49-4206-9f18-2cf8d000f07f,4561,c0c89a59-0a5f-4933-b5d0-98f256fec113,Picloram,mono-constituent substance,f70ce716-dc22-48ee-b04e-dc8b544b2e11,NQQVFXUMIDALNH-UHFFFAOYSA-N,NQQVFXUMIDALNH,NQQVFXUMIDALNH,Nc1c(Cl)c(Cl)nc(C(=O)O)c1Cl,False,1,1918-02-1,C1(=C(C(=NC(=C1Cl)Cl)C(=O)O)Cl)N,"InChI=1S/C6H3Cl3N2O2/c7-1-3(10)2(8)5(9)11-4(1)6(12)13/h(H2,10,11)(H,12,13)",Contact,LD50,,other:,µg/piece,µg/piece,species_based_piece_to_bee,100.0,>,,,censored_or_approximate,,,,,,,mortality,False,fa235593-0625-4740-9efd-2d24d77db8b0,doi:10.2903/j.efsa.2009.1390,2009.0,True,True,True,True,False,True,False,0,0,0,True,structure_screen_only,True,False
4a699815-a084-43c3-9259-bb005d77e44b,7a5bd8cf-674b-49d4-b9bb-e8cc3feefa96,4564,9d6df010-e739-43be-8a24-14221038eb19,Chlorantraniliprole,mono-constituent substance,c44da004-1d4a-492b-bc3f-df58fc16057e,PSOVNZZNOMJUBI-UHFFFAOYSA-N,PSOVNZZNOMJUBI,PSOVNZZNOMJUBI,CNC(=O)c1cc(Cl)cc(C)c1NC(=O)c1cc(Br)nn1-c1ncccc1Cl,False,1,500008-45-7,CC1=C(C(=CC(=C1)Cl)C(=O)NC)NC(=O)C2=CC(=NN2C3=C(C=CC=N3)Cl)Br,"InChI=1S/C18H14BrCl2N5O2/c1-9-6-10(20)7-11(17(27)22-2)15(9)24-18(28)13-8-14(19)25-26(13)16-12(21)4-3-5-23-16/h3-8H,1-2H3,(H,22,27)(H,24,28)",Contact,LD50,,other:,µg/piece,µg/piece,species_based_piece_to_bee,4.0,>,,,censored_or_approximate,72.0,h,72.0,,,,mortality,False,f4536139-d447-4533-b8b5-92835c95b2d4,doi:10.2903/j.efsa.2013.3143,2013.0,True,True,True,True,True,True,False,0,-1,-1,True,structure_screen_only,True,False
f0125d60-bdbf-48f7-8239-0f522dbd0a0b,ae919ae4-58c6-4c80-90df-16a37ef7a318,4565,1019525d-b354-4e83-aea7-07c556ecf4b2,Tricyclazole,mono-constituent substance,befab037-f189-4671-86c4-7221af05250c,DQJCHOQLCLEDLL-UHFFFAOYSA-N,DQJCHOQLCLEDLL,DQJCHOQLCLEDLL,Cc1cccc2sc3nncn3c12,False,1,41814-78-2,CC1=C2C(=CC=C1)SC3=NN=CN23,"InChI=1S/C9H7N3S/c1-6-3-2-4-7-8(6)12-5-10-11-9(12)13-7/h2-5H,1H3",Contact,LD50,,other:,µg/piece,µg/piece,species_based_piece_to_bee,99.0,>,,,censored_or_approximate,,,,,,,mortality,False,4ff94fc5-e09e-4bf4-b28b-59e25bbd4f9f,doi:10.2903/j.efsa.2015.4032,2015.0,True,True,True,True,True,True,False,0,0,-1,True,structure_screen_only,True,False
e8088169-7d41-467a-865e-98e32c138c18,a3d3d62a-68a9-4895-9174-5e4dcd9eb18a,4566,bec64d4e-9228-4733-a4d6-f3427c13ccdd,Flutianil,mono-constituent substance,10933bd9-5ddb-4659-a5c2-6960c622e4a3,KGXUEPOHGFWQKF-ZCXUNETKSA-N,KGXUEPOHGFWQKF,KGXUEPOHGFWQKF,COc1ccccc1N1CCS/C1=C(/C#N)Sc1cc(C(F)(F)F)ccc1F,False,1,958647-10-4,COC1=CC=CC=C1N\2CCS/C2=C(/C#N)\SC3=C(C=CC(=C3)C(F)(F)F)F,"InChI=1S/C19H14F4N2OS2/c1-26-15-5-3-2-4-14(15)25-8-9-27-18(25)17(11-24)28-16-10-12(19(21,22)23)6-7-13(16)20/h2-7,10H,8-9H2,1H3/b18-17-",Oral,LD50,,other:,µg/piece,µg/piece,species_based_piece_to_bee,100.0,>,,,censored_or_approximate,,,,,,,mortality,False,dd78d1e4-c875-4fd2-97ed-8325dcdafbf8,"EFSA Journal 2014,12(8):3805, doi:10.2903/j.efsa.2014.3805",2014.0,False,True,True,True,False,True,False,0,0,0,True,structure_screen_only,True,False
b67faf53-240a-4c1f-99c5-86d1b8b37984,547e7a6c-f750-4f00-b332-48bd135a2880,4569,1af92583-e2ed-461f-b5b0-f4fedd974648,Myclobutanil,mono-constituent substance,73d6166e-7466-42ba-92f8-31cc5cd98346,HZJKXKUJVSEEFU-UHFFFAOYSA-N,HZJKXKUJVSEEFU,HZJKXKUJVSEEFU,CCCCC(C#N)(Cn1cncn1)c1ccc(Cl)cc1,False,1,88671-89-0,Clc1ccc(cc1)C(CCCC)(Cn2cncn2)C#N,"InChI=1S/C15H17ClN4/c1-2-3-8-15(9-17,10-20-12-18-11-19-20)13-4-6-14(16)7-5-13/h4-7,11-12H,2-3,8,10H2,1H3",Oral,LD50,,other:,µg/piece,µg/piece,species_based_piece_to_bee,33.9,>,,,censored_or_approximate,,,,Systhane 20 EW,,,mortality,True,462222fa-5965-4efe-a805-a1bc5120bbfc,doi:10.2903/j.efsa.2009.298r,2009.0,True,True,True,True,False,True,False,0,0,-1,True,structure_screen_only,True,False
f71e6896-7f84-4148-9e34-879bede85d3a,9995149e-b231-42b7-bac6-ab6f49535309,4571,f13dfe44-2799-4fe6-bd72-c976d38ba606,Pyrethrins,multi-constituent substance,8292380d-aaea-43c7-8ed1-47d16e720a57,,,,,False,0,8003-34-7,,,Oral,LD50,,other:,µg/piece,µg/piece,species_based_piece_to_bee,0.95,,,,exact,,,,CPY8EC414 (2% w/w pyrethrins),,,mortality,True,d11b7c5f-5d52-4a86-be73-8a122e2ab082,doi:10.2903/j.efsa.2013.3032,2013.0,False,False,False,True,False,True,False,1,1,1,True,structure_screen_only,False,False
b83a64c6-dfda-4996-add9-05b33d0c989d,65627328-5cf2-4638-995a-ab970d728d06,4572,0f43c448-0673-4bb2-879c-04e901c2c6c0,"(RS)-2,4-dinitro-6-(octan-2-yl)phenyl (2 E/Z)-but-2-enoate",multi-constituent substance,3213bd0d-21f3-41ec-a2d8-eed0ab171dbc,,,,,False,0,,,,Oral,LD50,,other:,µg/piece,µg/piece,species_based_piece_to_bee,90.0,,,,exact,48.0,h,48.0,GF-1478 (34.7% DE-126),,,mortality,True,dfec7943-e41b-4be3-9d43-c22402467f20,"EFSA Journal 2014,12(1):3473, doi:10.2903/j.efsa.2014.3473",2014.0,False,False,False,False,False,False,False,0,0,1,True,structure_screen_only,False,False
20465625-cba4-4977-99fa-69b62f905c43,674a7e29-2de8-4a9d-8f7b-c926aff3614d,4573,c89da3cc-0fef-4d59-88d5-1a219c9da5e7,Phosphonic acid,mono-constituent substance,535153c9-51e2-4cf5-95e7-1ddca9fac8e4,,,,,False,0,13598-36-2,,,Contact,LD50,,other:,µg/piece,µg/piece,species_based_piece_to_bee,29.7,>,,,censored_or_approximate,,,,,,,mortality,False,80c80f71-4171-47a7-8b5a-ad127d170e74,doi:10.2903/j.efsa.2006.54,2006.0,False,False,False,False,False,False,False,0,0,-1,True,structure_screen_only,False,False
12436d3d-6bd8-498c-8f6a-82735af5a2b7,da0e9d69-b20e-4b86-baee-e3428bb02784,4575,038204e8-9bd2-45e3-9906-c15a95c8f8e8,Mesosulfuron-methyl,mono-constituent substance,7d431fb4-b322-4c3d-b46b-56af9b40fe14,NIFKBBMCXCMCAO-UHFFFAOYSA-N,NIFKBBMCXCMCAO,NIFKBBMCXCMCAO,COC(=O)c1ccc(CNS(C)(=O)=O)cc1S(=O)(=O)NC(=O)Nc1nc(OC)cc(OC)n1,False,1,208465-21-8,O=C(OC)C1=C(S(=O)(NC(NC2=NC(OC)=CC(OC)=N2)=O)=O)C=C(CNS(=O)(C)=O)C=C1,"InChI=1S/C17H21N5O9S2/c1-29-13-8-14(30-2)20-16(19-13)21-17(24)22-33(27,28)12-7-10(9-18-32(4,25)26)5-6-11(12)15(23)31-3/h5-8,18H,9H2,1-4H3,(H2,19,20,21,22,24)",Oral,LD50,,other:,µg/piece,µg/piece,species_based_piece_to_bee,105.6,>,,,censored_or_approximate,,,,,,,mortality,False,538469c1-e659-4908-b004-1ca9ad2ceda5,doi:10.2903/j.efsa.2016.4584,2016.0,True,True,True,True,True,True,False,0,0,0,True,structure_screen_only,True,False
f48c8e49-6d03-4fcd-9a04-66d6abc7e523,6080be24-8b12-4ae1-b84a-f9442ff41232,4580,1750a75e-15c0-4470-bd22-7238d6258650,Epoxiconazole,mono-constituent substance,e31b746d-f037-4374-9d2e-851f27707049,ZMYFCFLJBGAQRS-UHFFFAOYSA-N,ZMYFCFLJBGAQRS,ZMYFCFLJBGAQRS,Fc1ccc(C2(Cn3cncn3)OC2c2ccccc2Cl)cc1,True,1,133855-98-8,ClC3=C(C=CC=C3)C1OC(C4=CC=C(F)C=C4)1CN2N=CN=C2,"InChI=1S/2C17H13ClFN3O/c2*18-15-4-2-1-3-14(15)16-17(23-16,9-22-11-20-10-21-22)12-5-7-13(19)8-6-12/h2*1-8,10-11,16H,9H2/t2*16-,17-/m10/s1",Oral,LD50,,other:,µg/piece,µg/piece,species_based_piece_to_bee,83.0,>,,,censored_or_approximate,48.0,h,48.0,,,,mortality,False,bf1905d4-d3bf-4122-bd71-2a79d8b3be3c,"EFSA Scientific Report (2008) 138, 1-8, doi:10.2903/j.efsa.2008.138r",2008.0,True,True,True,False,True,True,False,0,0,-1,True,structure_screen_only,False,False
abd94cfd-2aa5-4fba-b719-d9b48d7750f1,c5ffc308-c626-4dca-a694-de2576b4a112,4587|4588,d6caa843-b6aa-468b-b2aa-0a911866ca4a,Gibberellin A7,mono-constituent substance,9740efd1-2c1c-4e01-bcb0-6f785e2df008,SEEGHKWOBVVBTQ-NFMPGMCNSA-N,SEEGHKWOBVVBTQ,SEEGHKWOBVVBTQ,C=C1C[C@]23C[C@H]1CC[C@H]2[C@@]12C=C[C@H](O)[C@@](C)(C(=O)O1)[C@H]2[C@@H]3C(=O)O,True,1,510-75-8,C[C@@]12[C@H](C=C[C@@]3([C@@H]1[C@@H]([C@]45[C@H]3CC[C@H](C4)C(=C)C5)C(=O)O)OC2=O)O,"InChI=1S/C19H22O5/c1-9-7-18-8-10(9)3-4-11(18)19-6-5-12(20)17(2,16(23)24-19)14(19)13(18)15(21)22/h5-6,10-14,20H,1,3-4,7-8H2,2H3,(H,21,22)/t10-,11-,12+,13-,14-,17?,18+,19-/m1/s1",Oral,LD50,,other:,µg/piece,µg/piece,species_based_piece_to_bee,87.0,>,,,censored_or_approximate,,,,,,,mortality,False,219541b1-6379-47b8-9e9b-0dbee98618db|d95e6b5d-a516-4165-8e40-6d5fc470b9bd,"DOI:10.2903/j.efsa.2024.9066|EFSA Journal 2012,10(1):2502, doi:10.2903/j.efsa.2012.2502",2012.0|2024.0,False,False,False,False,False,False,False,0,0,-1,True,structure_screen_only,False,False
2b2edb29-fb21-4843-8fa7-1f75b348aae0,49c09434-af7a-48c1-8860-3bc8fe66988a,4589,0a010242-e5d5-42bb-9a5d-8608f221e51c,Aluminium ammonium sulphate dodecahydrate,mono-constituent substance,ce93a285-81fb-466c-a0e4-cc5275dc83ec,WZUKKIPWIPZMAS-UHFFFAOYSA-K,WZUKKIPWIPZMAS,QAOWNCQODCNURD,O.O.O.O.O.O.O.O.O.O.O.O.O=S(=O)([O-])[O-].O=S(=O)([O-])[O-].[Al+3].[NH4+],False,16,7784-26-1,[NH4+].O.O.O.O.O.O.O.O.O.O.O.O.[O-]S(=O)(=O)[O-].[O-]S(=O)(=O)[O-].[Al+3],"InChI=1S/Al.H3N.2H2O4S.12H2O/c;;2*1-5(2,3)4;;;;;;;;;;;;/h;1H3;2*(H2,1,2,3,4);12*1H2/q+3;;;;;;;;;;;;;;;/p-3",Oral,LD50,,other:,µg/piece,µg/piece,species_based_piece_to_bee,100.0,>,,,censored_or_approximate,,,,,,,mortality,False,54434595-c62f-46b5-b75c-4d5512bb65bd,doi:10.2903/j.efsa.2022.7319,2022.0,False,False,True,True,False,True,False,0,0,0,True,structure_screen_only,True,False
86b7a0fb-4b0e-4f06-a44e-bb52611a02a0,9a371eb7-0e04-4767-ab29-23981522580b,4590,6509fe0b-edfd-44db-a9ba-3f4404a8c9c7,Fluopicolide,mono-constituent substance,8798d3c9-39ce-4923-90c8-7510f64a89ee,GBOYJIHYACSLGN-UHFFFAOYSA-N,GBOYJIHYACSLGN,GBOYJIHYACSLGN,O=C(NCc1ncc(C(F)(F)F)cc1Cl)c1c(Cl)cccc1Cl,False,1,239110-15-7,C1=CC(=C(C(=C1)Cl)C(=O)NCC2=C(C=C(C=N2)C(F)(F)F)Cl)Cl,"InChI=1S/C14H8Cl3F3N2O/c15-8-2-1-3-9(16)12(8)13(23)22-6-11-10(17)4-7(5-21-11)14(18,19)20/h1-5H,6H2,(H,22,23)",Oral,LD50,,other:,µg/piece,µg/piece,species_based_piece_to_bee,241.0,>,,,censored_or_approximate,,,,,,,mortality,False,cda7718b-0d60-437f-b474-95ea17a5eaa8,doi:10.2903/j.efsa.2009.299r,2009.0,True,True,True,True,False,True,False,0,0,0,True,structure_screen_only,True,False
de1f7614-1811-4e92-85dc-7702c18a57ba,178b75d5-899d-46a1-8cdf-910b689d1541,4591,59a33c15-65db-4d3d-b226-8d921bcd5974,Folpet,mono-constituent substance,1e8469df-97fc-4bee-97d3-d107cfff4f8a,HKIOYBQGHSTUDB-UHFFFAOYSA-N,HKIOYBQGHSTUDB,HKIOYBQGHSTUDB,O=C1c2ccccc2C(=O)N1SC(Cl)(Cl)Cl,False,1,133-07-3,O=C1C=2C=CC=CC2C(=O)N1SC(Cl)(Cl)Cl,"InChI=1S/C9H4Cl3NO2S/c10-9(11,12)16-13-7(14)5-3-1-2-4-6(5)8(13)15/h1-4H",Contact,LD50,,other:,µg/piece,µg/piece,species_based_piece_to_bee,200.0,>,,,censored_or_approximate,,,,,,,mortality,False,762dc31a-c79c-472e-a291-92de0f146d32,doi:10.2903/j.efsa.2009.297r,2009.0,True,True,True,True,False,True,False,0,0,0,True,structure_screen_only,True,False
01201874-c38a-4605-aec2-048050364eb2,d423e2a1-0345-430b-b964-6b2851dbd615,4593|4594,9360cc08-4989-46f8-9444-84d5a28eaec0,Mepiquat chloride,mono-constituent substance,628701eb-d946-46ae-8cb2-cefa9f727a43,VHOVSQVSAAQANU-UHFFFAOYSA-M,VHOVSQVSAAQANU,NNCAWEWCFVZOGF,C[N+]1(C)CCCCC1.[Cl-],False,2,24307-26-4,C[N+]1(CCCCC1)C.[Cl-],"InChI=1S/C7H16N.ClH/c1-8(2)6-4-3-5-7-8;/h3-7H2,1-2H3;1H/q+1;/p-1",Contact,LD50,,other:,µg/piece,µg/piece,species_based_piece_to_bee,100.0,>,,,censored_or_approximate,,,,,,,mortality,False,671fa278-7ead-4b87-893f-589ee5358bca|6d243b81-9d8f-4e37-9abe-e5e43d95cd37,"EFSA Journal. 2024,22:e8923, doi:10.2903/j.efsa.2024.8923|doi:10.2903/j.efsa.2008.146r",2008.0|2024.0,True,True,True,True,True,True,False,0,0,0,True,structure_screen_only,True,False
22a2c3df-2ebf-4c4d-afc9-da2965488715,82560f07-b934-433e-8a10-d426f6ab30ec,4595,0048d075-d1f9-4b12-b806-c0e845a6f424,Thiamethoxam,mono-constituent substance,e63cc611-77aa-46b3-a39c-2d7cda4986b6,NWWZPOKUUAIXIW-DHZHZOJOSA-N,NWWZPOKUUAIXIW,NWWZPOKUUAIXIW,CN1COCN(Cc2cnc(Cl)s2)/C1=N/[N+](=O)[O-],False,1,153719-23-4,CN\1COCN(/C1=N/[N+](=O)[O-])CC2=CN=C(S2)Cl,"InChI=1S/C8H10ClN5O3S/c1-12-4-17-5-13(8(12)11-14(15)16)3-6-2-10-7(9)18-6/h2H,3-5H2,1H3/b11-8+",Oral,LD50,,other:,µg/piece,µg/piece,species_based_piece_to_bee,0.005,,,,exact,,,,,,,mortality,False,78055bca-b9cd-4a74-a772-8557097a83b3,doi:10.2903/j.efsa.2015.4212,2015.0,False,True,True,True,False,True,False,1,1,1,True,structure_screen_only,True,False
2aae74a0-6cc6-4bf1-a077-7e7621e02c79,da836cd5-af19-466c-ac4c-c75125917876,4596|4597,88a44add-8d32-48d7-9736-0064e4c79f2d,8-hydroxyquinoline,mono-constituent substance,0e8cb747-7a7a-48bd-b043-b4d990757989,MCJGNVYPOGVAJF-UHFFFAOYSA-N,MCJGNVYPOGVAJF,MCJGNVYPOGVAJF,Oc1cccc2cccnc12,False,1,148-24-3,C1=CC2=C(C(=C1)O)N=CC=C2,"InChI=1S/C9H7NO/c11-8-5-1-3-7-4-2-6-10-9(7)8/h1-6,11H",Oral,LD50,,other:,µg/piece,µg/piece,species_based_piece_to_bee,68.64,>,,,censored_or_approximate,,,,Hydroxyquinoline sulphate,,,mortality,True,159280eb-0834-478d-b821-7fd59f064c98|c1d15fd8-e7e9-4ddd-b649-2a78cd293ff1,"EFSA Journal 2011,9(1):1964, doi:10.2903/j.efsa.2011.1964|EFSA Journal. 2024,22:e8670, doi:10.2903/j.efsa.2024.8670",2011.0|2024.0,True,True,True,True,True,True,False,0,0,-1,True,structure_screen_only,True,False
dd2f4a75-0f28-4e51-86a0-c25b4efc57e5,c5e8012a-a2d2-46d8-986a-1c3f0a0754dd,4598,cc090eb5-1e43-4b88-bee8-c2cec4c2ab72,Diquat formulation (Diquat 20% SL),multi-constituent substance,cfbdbbb4-4603-4fa8-afc3-501bc489fa8f,,,,,False,0,,,,Oral,LD50,,other:,µg/piece,µg/piece,species_based_piece_to_bee,50.7,,,,exact,,,,,,,mortality,False,b44312a3-716f-43ad-826a-f51b3b18bae9,doi:10.2903/j.efsa.2015.4308,2015.0,False,False,False,False,False,False,False,0,0,1,True,structure_screen_only,False,False
e72a7218-5972-47a5-b52e-97980e0ac0b8,1d0e521e-8402-40b0-9449-8324b0411a6d,4599,08f48a80-5a93-4d58-8542-d426ad2c7678,Malathion,mono-constituent substance,1f0bdb52-7dac-44ee-8603-5d19fecc8482,JXSJBGJIGXNWCI-UHFFFAOYSA-N,JXSJBGJIGXNWCI,JXSJBGJIGXNWCI,CCOC(=O)CC(SP(=S)(OC)OC)C(=O)OCC,False,1,121-75-5,CCOC(=O)CC(SP(=S)(OC)OC)C(=O)OCC,"InChI=1/C10H19O6PS2/c1-5-15-9(11)7-8(10(12)16-6-2)19-17(18,13-3)14-4/h8H,5-7H2,1-4H3",Contact,LD50,,other:,µg/piece,µg/piece,species_based_piece_to_bee,0.16,,,,exact,48.0,h,48.0,FYF 440 EW,,,mortality,True,c9b113e9-d7cf-4f86-8d64-fc64af191ae8,doi:10.2903/j.efsa.2006.63r,2006.0,True,True,True,True,False,True,False,1,1,1,True,structure_screen_only,True,False
8944a249-d69c-4e66-bd12-c6255b6ff56b,c6abc02b-ef23-4ed8-a823-a2503cb50868,4600,b1481269-c32f-4ea8-99b4-3bec04bec7f0,Ethofumesate,mono-constituent substance,c7090ee9-09e1-4bc8-81e7-fd48c43f9d9d,IRCMYGHHKLLGHV-UHFFFAOYSA-N,IRCMYGHHKLLGHV,IRCMYGHHKLLGHV,CCOC1Oc2ccc(OS(C)(=O)=O)cc2C1(C)C,False,1,26225-79-6,O=S(OC2=CC1=C(C=C2)OC(OCC)C(C)1C)(C)=O,"InChI=1S/C13H18O5S/c1-5-16-12-13(2,3)10-8-9(18-19(4,14)15)6-7-11(10)17-12/h6-8,12H,5H2,1-4H3",Oral,LD50,,other:,µg/piece,µg/piece,species_based_piece_to_bee,50.0,>,,,censored_or_approximate,48.0,h,48.0,,,,mortality,False,dedb9043-6b9b-4072-b67f-67f23277850e,doi:10.2903/j.efsa.2016.4374,2016.0,True,True,True,True,False,True,False,0,0,-1,True,structure_screen_only,True,True
427864b4-9907-4127-b268-0b5951b4bd5f,81cbdce7-5fa0-424f-9640-2c82deba146d,4604,c4cf1153-630b-41d3-bcef-31774b0657db,Flurtamone,mono-constituent substance,7eb025aa-ac13-4f5b-9b97-fbc2f89b7640,NYRMIJKDBAQCHC-UHFFFAOYSA-N,NYRMIJKDBAQCHC,NYRMIJKDBAQCHC,CNC1=C(c2cccc(C(F)(F)F)c2)C(=O)C(c2ccccc2)O1,False,1,96525-23-4,C3=C(C1=C(OC(C1=O)C2=CC=CC=C2)NC)C=CC=C3C(F)(F)F,"InChI=1S/C18H14F3NO2/c1-22-17-14(12-8-5-9-13(10-12)18(19,20)21)15(23)16(24-17)11-6-3-2-4-7-11/h2-10,16,22H,1H3",Contact,LD50,,other:,µg/piece,µg/piece,species_based_piece_to_bee,100.0,>,,,censored_or_approximate,,,,,,,mortality,False,31bdc495-c4ba-45d1-9a5f-d08b83743c15,doi:10.2903/j.efsa.2016.4498,2016.0,True,True,True,True,True,True,False,0,0,0,True,structure_screen_only,True,False
41877ed5-17d2-44aa-9b85-0e404adf9afa,61a97171-58e5-44f6-ad75-30f981dde35b,4608,8475acca-b439-48ec-b9fc-a4db72bf6f82,Acetamiprid,mono-constituent substance,84becbb6-6540-4ba0-8fcb-282d49934117,WCXDHFDTOYPNIE-UHFFFAOYSA-N,WCXDHFDTOYPNIE,WCXDHFDTOYPNIE,CC(=NC#N)N(C)Cc1ccc(Cl)nc1,False,1,135410-20-7,CC(=NC#N)N(C)CC1=CN=C(C=C1)Cl,"InChI=1S/C10H11ClN4/c1-8(14-7-12)15(2)6-9-3-4-10(11)13-5-9/h3-5H,6H2,1-2H3",Contact,LD50,,other:,µg/piece,µg/piece,species_based_piece_to_bee,9.26,,,,exact,,,,preparation EXP 60707A,,,mortality,True,f9e00f8d-b0b2-4cf7-aaf0-2c543e1cb893,doi:10.2903/j.efsa.2016.4610,2016.0,True,True,True,True,True,True,False,0,1,1,True,structure_screen_only,True,False
9d721ecd-e203-440b-a0c5-1b9b15e7495e,3d6fdd91-211a-43c7-a5dc-6532ac0d7c7c,4610,87524289-0b2a-4e29-af9b-3baefbae4c92,Triflusulfuron-Methyl,mono-constituent substance,f65a142a-5bf2-4136-a2c0-23fab0ea8a78,IMEVJVISCHQJRM-UHFFFAOYSA-N,IMEVJVISCHQJRM,IMEVJVISCHQJRM,COC(=O)c1cccc(C)c1S(=O)(=O)NC(=O)Nc1nc(OCC(F)(F)F)nc(N(C)C)n1,False,1,126535-15-7,CC1=CC=CC(=C1S(=O)(=O)NC(=O)NC2=NC(=NC(=N2)OCC(F)(F)F)N(C)C)C(=O)OC,"InChI=1S/C17H19F3N6O6S/c1-9-6-5-7-10(12(27)31-4)11(9)33(29,30)25-15(28)22-13-21-14(26(2)3)24-16(23-13)32-8-17(18,19)20/h5-7H,8H2,1-4H3,(H2,21,22,23,24,25,28)",Contact,LD50,,other:,µg/piece,µg/piece,species_based_piece_to_bee,100.0,>,,,censored_or_approximate,,,,Triflusulfuron methyl 50WG,,,mortality,True,5721503e-a06f-4ceb-b4f8-af6b992c7645,doi:10.2903/j.efsa.2022.7303,2022.0,True,True,True,True,True,True,False,0,0,0,True,structure_screen_only,True,False
975fdb74-2177-4b38-9f3f-1ca61c175e4f,5f8baacd-b96e-4b79-b0c0-9b54adebcede,4612,25f29b3b-d1dc-46cc-8a0f-599ec64a044a,"Cyhalothrin, gamma-",mono-constituent substance,7caaafb4-7c4c-4aa4-b19c-61fa40222bd8,ZXQYGBMAQZUVMI-GCMPRSNUSA-N,ZXQYGBMAQZUVMI,ZXQYGBMAQZUVMI,CC1(C)[C@H](C(=O)O[C@H](C#N)c2cccc(Oc3ccccc3)c2)[C@@H]1/C=C(\Cl)C(F)(F)F,False,1,76703-62-3,CC1([C@H]([C@H]1C(=O)O[C@H](C#N)C2=CC(=CC=C2)OC3=CC=CC=C3)/C=C(/C(F)(F)F)\Cl)C,"InChI=1S/C23H19ClF3NO3/c1-22(2)17(12-19(24)23(25,26)27)20(22)21(29)31-18(13-28)14-7-6-10-16(11-14)30-15-8-4-3-5-9-15/h3-12,17-18,20H,1-2H3/b19-12-/t17-,18+,20-/m0/s1",Contact,LD50,,other:,µg/piece,µg/piece,species_based_piece_to_bee,0.005,,,,exact,48.0,h,48.0,,,,mortality,False,7136487b-2e9e-4537-a86c-37837821d888,"EFSA Journal 2014,12(2):3560, doi:10.2903/j.efsa.2014.3560",2014.0,False,True,True,False,False,False,False,1,1,1,True,structure_screen_only,True,True
43b815b8-c721-459f-a672-2ba3e163bed3,b0136200-7d62-4b43-b3fe-92d1dfd1f9c1,4613,1ebcb0bc-c669-490f-ac73-0ec8062d4f20,Sodium 5-nitroguaiacolate,mono-constituent substance,6953f84a-b6cb-4549-b5d2-adb212f2d748,KBRKFTKQRMYINW-UHFFFAOYSA-M,KBRKFTKQRMYINW,KXKCTSZYNCDFFG,COc1ccc([N+](=O)[O-])cc1[O-].[Na+],False,2,67233-85-6,COC1=C(C=C(C=C1)[N+](=O)[O-])[O-].[Na+],"InChI=1S/C7H7NO4.Na/c1-12-7-3-2-5(8(10)11)4-6(7)9;/h2-4,9H,1H3;/q;+1/p-1",Contact,LD50,,other:,µg/piece,µg/piece,species_based_piece_to_bee,100.0,>,,,censored_or_approximate,,,,,,,mortality,False,550b701c-9ee8-435d-99b3-202b35988fa6,doi:10.2903/j.efsa.2009.191r,2009.0,True,True,True,True,True,True,False,0,0,0,True,structure_screen_only,True,False
d0e10bda-a1d5-441e-b094-4816fb65766f,b1d5d0fc-2f9f-4cd8-a62b-33b54fcf5785,4614,9fe24aa7-c52c-4999-af62-36273e9da4c2,Cyfluthrin,multi-constituent substance,122035ff-b724-4cfb-aaaf-f17ef214299d,QQODLKZGRKWIFG-UHFFFAOYSA-N,QQODLKZGRKWIFG,QQODLKZGRKWIFG,CC1(C)C(C=C(Cl)Cl)C1C(=O)OC(C#N)c1ccc(F)c(Oc2ccccc2)c1,False,1,68359-37-5,CC1(C(C1C(=O)OC(C#N)c2ccc(c(c2)Oc3ccccc3)F)C=C(Cl)Cl)C,"InChI=1S/C22H18Cl2FNO3/c1-22(2)15(11-19(23)24)20(22)21(27)29-18(12-26)13-8-9-16(25)17(10-13)28-14-6-4-3-5-7-14/h3-11,15,18,20H,1-2H3",Oral,LD50,,other:,µg/piece,µg/piece,species_based_piece_to_bee,0.05,,,,exact,,,,,,,mortality,False,43c7bccb-b9c5-4bab-8f92-fe0332dda00a,"EFSA Journal 2018,16(9):5405, doi:10.2903/j.efsa.2018.5405",2018.0,True,True,True,False,False,False,False,1,1,1,True,structure_screen_only,False,False
44150837-03a6-4640-ad33-ef71cadb828e,ec1aaeb6-3c8c-4d07-903b-cad39e3e76d0,4615,70bf91f9-c0b1-497e-b045-e1b71b7b76c7,Isoxaflutole,mono-constituent substance,51a6d017-bfdb-4d91-9350-4566b7f819cc,OYIKARCXOQLFHF-UHFFFAOYSA-N,OYIKARCXOQLFHF,OYIKARCXOQLFHF,CS(=O)(=O)c1cc(C(F)(F)F)ccc1C(=O)c1cnoc1C1CC1,False,1,141112-29-0,CS(=O)(=O)C1=C(C=CC(=C1)C(F)(F)F)C(=O)C2=C(ON=C2)C3CC3,"InChI=1S/C15H12F3NO4S/c1-24(21,22)12-6-9(15(16,17)18)4-5-10(12)13(20)11-7-19-23-14(11)8-2-3-8/h4-8H,2-3H2,1H3",Oral,LD50,,other:,µg/piece,µg/piece,species_based_piece_to_bee,108.9,>,,,censored_or_approximate,,,,,,,mortality,False,2589b4d3-f597-41e7-ad6f-3cce0f50d485,doi:10.2903/j.efsa.2016.4416,2016.0,True,True,True,True,True,True,False,0,0,0,True,structure_screen_only,True,False
58e881fa-4dd7-472a-b957-b5563ddb94cb,b7cce187-6f58-44a3-8eb5-6326572efaf7,4617,78f33b32-a9f1-4b8b-9689-478debbf2f0d,Chlormequat chloride,mono-constituent substance,36453a06-1f5a-4c6d-be3c-8a2b3afb07c8,UHZZMRAGKVHANO-UHFFFAOYSA-M,UHZZMRAGKVHANO,JUZXDNPBRPUIOR,C[N+](C)(C)CCCl.[Cl-],False,2,999-81-5,C[N+](C)(C)CCCl.[Cl-],"InChI=1S/C5H13ClN.ClH/c1-7(2,3)5-4-6;/h4-5H2,1-3H3;1H/q+1;/p-1",Contact,LD50,,other:,µg/piece,µg/piece,species_based_piece_to_bee,65.2,>,,,censored_or_approximate,48.0,h,48.0,,,,mortality,False,62db3230-c8fd-46bb-a836-948b6308ea83,doi:10.2903/j.efsa.2009.179r,2009.0,True,True,True,True,False,True,False,0,0,-1,True,structure_screen_only,True,True
9ac53483-40de-4296-a8ba-808dd19cac23,09d09028-8789-4cc5-b3d4-3d783043c9f7,4618,ae7eb956-7f12-4bbf-8d40-8913d9128129,Potassium thiocyanate,mono-constituent substance,2040a2ae-8587-4a5b-ad8e-faa8a28bb93d,ZNNZYHKDIALBAK-UHFFFAOYSA-M,ZNNZYHKDIALBAK,ZMZDMBWJUHKJPS,N#C[S-].[K+],False,2,333-20-0,C(#N)[S-].[K+],InChI=1S/CHNS.K/c2-1-3;/h3H;/q;+1/p-1,Contact,LD50,,other:,µg/piece,µg/piece,species_based_piece_to_bee,0.33,>,,,censored_or_approximate,,,,,,,mortality,False,46d816cd-6c08-4b5b-9723-2cfb7c516980,doi:10.2903/j.efsa.2013.2922,2013.0,True,True,True,True,True,True,False,-1,-1,-1,True,structure_screen_only,True,False
62ade223-9ac6-41b4-acc9-00cda5c19e63,7b98c55c-35a6-4055-9d0e-3da71b782e37,4620|4621,5bd50aa0-13b4-4994-907c-119bf1348482,Dichlorprop-P-2-ethylhexyl,mono-constituent substance,f2271b99-670a-444c-965a-9333dab629c2,CEEDFYRUPAWDOU-PZORYLMUSA-N,CEEDFYRUPAWDOU,CEEDFYRUPAWDOU,CCCCC(CC)COC(=O)[C@@H](C)Oc1ccc(Cl)cc1Cl,False,1,865363-39-9,CCCCC(CC)COC(=O)[C@@H](C)OC1=C(C=C(C=C1)Cl)Cl,"InChI=1S/C17H24Cl2O3/c1-4-6-7-13(5-2)11-21-17(20)12(3)22-16-9-8-14(18)10-15(16)19/h8-10,12-13H,4-7,11H2,1-3H3/t12-,13?/m1/s1",Contact,LD50,,other:,µg/piece,µg/piece,species_based_piece_to_bee,180.0,>,,,censored_or_approximate,,,,,,,mortality,False,8756ea66-3793-4903-9527-af1cda33ace4|e469552f-3c2c-4327-8373-b831aa8e55a5,"DOI:10.2903/j.efsa.2024.8658|EFSA Journal 2018,16(5):5288, doi:10.2903/j.efsa.2018.5288",2018.0|2024.0,False,True,True,True,False,True,False,0,0,0,True,structure_screen_only,True,False
8e445c87-fe72-495a-8b92-1137056bd5dd,e9f52533-0194-413c-93b4-1fd2dd9694fe,4622,d890cedc-f75e-43c2-bfdd-bef2d22a0f97,Laminarin,mono-constituent substance,965c91c7-aa7d-4018-86bc-5703969af560,DBTMGCOVALSLOR-VPNXCSTESA-N,DBTMGCOVALSLOR,DBTMGCOVALSLOR,OC[C@H]1OC(O[C@H]2[C@H](O)[C@@H](CO)OC(O[C@H]3[C@H](O)[C@@H](CO)OC(O)[C@@H]3O)[C@@H]2O)[C@H](O)[C@@H](O)[C@@H]1O,False,1,9008-22-4,C([C@@H]1[C@H]([C@@H]([C@H](C(O1)O)O)OC2[C@@H]([C@H]([C@@H]([C@H](O2)CO)O)OC3[C@@H]([C@H]([C@@H]([C@H](O3)CO)O)O)O)O)O)O,"InChI=1S/C18H32O16/c19-1-4-7(22)10(25)11(26)17(31-4)34-15-9(24)6(3-21)32-18(13(15)28)33-14-8(23)5(2-20)30-16(29)12(14)27/h4-29H,1-3H2/t4-,5-,6-,7-,8-,9-,10+,11-,12-,13-,14+,15+,16?,17?,18?/m1/s1",Oral,LD50,,other:,µg/piece,µg/piece,species_based_piece_to_bee,118.64,>,,,censored_or_approximate,,,,,,,mortality,False,33a44e18-8bd9-4bd5-99a2-2a59fa3e23e2,doi:10.2903/j.efsa.2017.4836,2017.0,False,True,True,True,True,True,False,0,0,0,True,structure_screen_only,True,False
09298681-a83f-4489-8882-c9bff57b77f4,933a8737-7550-4320-878c-ee29af5f85d4,4623,59a33c15-65db-4d3d-b226-8d921bcd5974,Folpet,mono-constituent substance,1e8469df-97fc-4bee-97d3-d107cfff4f8a,HKIOYBQGHSTUDB-UHFFFAOYSA-N,HKIOYBQGHSTUDB,HKIOYBQGHSTUDB,O=C1c2ccccc2C(=O)N1SC(Cl)(Cl)Cl,False,1,133-07-3,O=C1C=2C=CC=CC2C(=O)N1SC(Cl)(Cl)Cl,"InChI=1S/C9H4Cl3NO2S/c10-9(11,12)16-13-7(14)5-3-1-2-4-6(5)8(13)15/h1-4H",Contact,LD50,,µg/bee,,µg/bee,direct_ug_bee,100.0,>,,,censored_or_approximate,,,,Folpet 80 WG,act. ingr.,,mortality,True,a5856020-c14c-464a-957b-19eb40ace95a,doi:10.2903/j.efsa.2023.8139,2023.0,True,True,True,True,False,True,False,0,0,0,True,structure_screen_only,True,False
03edd392-b6df-414d-b55d-a5722f10cb03,34de14dd-aff7-4208-8829-9c9e6fabfb81,4624,5d1907a1-6bea-40e1-8512-bd798a9b4fca,Imidacloprid,mono-constituent substance,c99b657a-c02d-48a3-9ad7-b6cf5838bde0,YWTYJOPNNQFBPC-UHFFFAOYSA-N,YWTYJOPNNQFBPC,YWTYJOPNNQFBPC,O=[N+]([O-])/N=C1\NCCN1Cc1ccc(Cl)nc1,False,1,138261-41-3,ClC(C=C2)=NC=C2CN1/C(NCC1)=N/[N+]([O-])=O,"InChI=1S/C9H10ClN5O2/c10-8-2-1-7(5-12-8)6-14-4-3-11-9(14)13-15(16)17/h1-2,5H,3-4,6H2,(H,11,13)",Oral,LD50,,other:,µg/piece,µg/piece,species_based_piece_to_bee,0.0037,,,,exact,48.0,h,48.0,,,,mortality,False,646fc95c-a0b8-4a7c-8ec8-a4d58e7dba0d,doi:10.2903/j.efsa.2008.148r,2008.0,True,True,True,True,True,True,False,1,1,1,True,structure_screen_only,True,True
898bc429-b969-4af5-ac31-d9f108f87d0d,a4c357e0-e84d-4d56-9e9f-6dc8d29db86c,4625,5d1907a1-6bea-40e1-8512-bd798a9b4fca,Imidacloprid,mono-constituent substance,c99b657a-c02d-48a3-9ad7-b6cf5838bde0,YWTYJOPNNQFBPC-UHFFFAOYSA-N,YWTYJOPNNQFBPC,YWTYJOPNNQFBPC,O=[N+]([O-])/N=C1\NCCN1Cc1ccc(Cl)nc1,False,1,138261-41-3,ClC(C=C2)=NC=C2CN1/C(NCC1)=N/[N+]([O-])=O,"InChI=1S/C9H10ClN5O2/c10-8-2-1-7(5-12-8)6-14-4-3-11-9(14)13-15(16)17/h1-2,5H,3-4,6H2,(H,11,13)",Oral,LD50,,other:,µg/piece,µg/piece,species_based_piece_to_bee,0.0037,,,,exact,48.0,h,48.0,,,,mortality,False,93551520-a60c-45c9-867f-332e56b38581,doi:10.2903/j.efsa.2018.5178,2018.0,True,True,True,True,True,True,False,1,1,1,True,structure_screen_only,True,True
88c64337-1be6-4f64-9d08-efc78a4d6045,27fd9625-217d-4a02-a465-22ed3cbd1c11,4626,c5526177-ee58-4b70-acb6-c08e52258691,Bromoxynil,mono-constituent substance,ca8018c3-b6a0-4988-bdfd-a8f5c05d7926,UPMXNNIRAGDFEH-UHFFFAOYSA-N,UPMXNNIRAGDFEH,UPMXNNIRAGDFEH,N#Cc1cc(Br)c(O)c(Br)c1,False,1,1689-84-5,C1=C(C=C(C(=C1Br)O)Br)C#N,"InChI=1S/C7H3Br2NO/c8-5-1-4(3-10)2-6(9)7(5)11/h1-2,11H",Contact,LD50,,other:,µg/piece,µg/piece,species_based_piece_to_bee,150.0,,,,exact,,,,,,,mortality,False,66a7a3b3-eca2-4839-bb1b-9b24e965fb0d,doi:10.2903/j.efsa.2017.4790,2017.0,True,True,True,True,False,True,False,0,0,0,True,structure_screen_only,True,False
26add8b3-969c-45cb-9ba2-e827d6478f54,2e20ae01-b896-40b1-bbd0-45ab0a866e48,4629,938af284-946b-44ea-82f3-3512ccf1527e,Foramsulfuron,mono-constituent substance,dc52804f-db23-4e4f-b583-6b8e5b2d4034,PXDNXJSDGQBLKS-UHFFFAOYSA-N,PXDNXJSDGQBLKS,PXDNXJSDGQBLKS,COc1cc(OC)nc(NC(=O)NS(=O)(=O)c2cc(NC=O)ccc2C(=O)N(C)C)n1,False,1,173159-57-4,O=C(NS(=O)(C2=C(C(N(C)C)=O)C=CC(NC=O)=C2)=O)NC1=NC(OC)=CC(OC)=N1,"InChI=1S/C17H20N6O7S/c1-23(2)15(25)11-6-5-10(18-9-24)7-12(11)31(27,28)22-17(26)21-16-19-13(29-3)8-14(20-16)30-4/h5-9H,1-4H3,(H,18,24)(H2,19,20,21,22,26)",Contact,LD50,,other:,µg/piece,µg/piece,species_based_piece_to_bee,4.66,>,,,censored_or_approximate,,,,Foramsulfuron + Isoxadifen-ethyl OD 45 (22.5 + 22.5 g/L),,,mortality,True,d331a949-2db5-4bb8-bf4f-be343da48d6e,doi:10.2903/j.efsa.2016.4421,2016.0,True,True,True,True,True,True,False,0,-1,-1,True,structure_screen_only,True,False
4594545f-cf6b-4f70-8f70-e91c5a1720e7,6f40a57a-f504-46f8-b539-970967fab788,4630,a744174e-0afc-40e1-bbf0-24fd688a4f2b,Iprovalicarb,mono-constituent substance,3df2e284-a28b-4f4b-b7fc-67151cdd7f7a,NWUWYYSKZYIQAE-UHFFFAOYSA-N,NWUWYYSKZYIQAE,NWUWYYSKZYIQAE,Cc1ccc(C(C)NC(=O)C(NC(=O)OC(C)C)C(C)C)cc1,True,1,140923-17-7,CC1=CC=C(C=C1)C(C)NC(=O)C(C(C)C)NC(=O)OC(C)C,"InChI=1S/C18H28N2O3/c1-11(2)16(20-18(22)23-12(3)4)17(21)19-14(6)15-9-7-13(5)8-10-15/h7-12,14,16H,1-6H3,(H,19,21)(H,20,22)/t14?,16-/m1/s1",Contact,LD50,,other:,µg/piece,µg/piece,species_based_piece_to_bee,200.0,>,,,censored_or_approximate,,,,,,,mortality,False,347d0465-d1a9-4a3e-bf15-adae9f41ea44,doi:10.2903/j.efsa.2015.4060,2015.0,True,True,True,True,True,True,False,0,0,0,True,structure_screen_only,False,False
cfe9919c-ac81-4597-b969-bbe651dafe1f,87bf5c09-31a6-45bd-8f2f-1cad65ef5621,4631,ac90fafa-e01a-4d10-a117-b6f40bc2ceff,Dicopper chloride trihydroxide,mono-constituent substance,cf211858-d5f5-43f1-acca-ad62813fd116,SKQUUKNCBWILCD-UHFFFAOYSA-J,SKQUUKNCBWILCD,XLYOFNOQVPJJNP,[Cl-].[Cu+2].[Cu+2].[OH-].[OH-].[OH-],False,6,1332-65-6,[OH-].[OH-].[OH-].[Cl-].[Cu+2].[Cu+2],InChI=1S/ClH.2Cu.3H2O/h1H;;;3*1H2/q;2*+2;;;/p-4,Contact,LD50,,other:,µg/piece,µg/piece,species_based_piece_to_bee,44.3,,,,exact,,,,,,,mortality,False,317a7bf0-b2ac-4c6b-8dc3-8b1806c0ad62,doi:10.2903/j.efsa.2018.5152,2018.0,False,False,True,False,False,False,False,0,0,1,True,structure_screen_only,True,False
df358f1d-399a-4c9d-a115-0a60080fabad,99b23a3d-3af8-435a-9e8d-a110196cc597,4632,09aed732-36db-460d-ace4-dd69dc70a7c2,Florasulam,mono-constituent substance,57217b24-c1f0-47c9-8863-165f6d29f2e2,QZXATCCPQKOEIH-UHFFFAOYSA-N,QZXATCCPQKOEIH,QZXATCCPQKOEIH,COc1ncc(F)c2nc(S(=O)(=O)Nc3c(F)cccc3F)nn12,False,1,145701-23-1,COC1=NC=C(C2=NC(=NN21)S(=O)(=O)NC3=C(C=CC=C3F)F)F,"InChI=1S/C12H8F3N5O3S/c1-23-12-16-5-8(15)10-17-11(18-20(10)12)24(21,22)19-9-6(13)3-2-4-7(9)14/h2-5,19H,1H3",Contact,LD50,,other:,µg/piece,µg/piece,species_based_piece_to_bee,100.0,>,,,censored_or_approximate,48.0,h,48.0,,,,mortality,False,e19f544e-208f-43cc-9c0e-b0a0e92ff68d,doi:10.2903/j.efsa.2015.3984,2015.0,True,True,True,True,True,True,False,0,0,0,True,structure_screen_only,True,True
9cc53fe1-969f-4b59-b696-21bade14db39,33f04cb6-af0a-4b3c-9a09-bcc234a3e3da,4633,07a46553-55e9-4f84-a12e-9e2d80129519,Bispyribac-sodium,mono-constituent substance,9b387887-0c1a-4d98-98ef-6db625ce753b,FUHMZYWBSHTEDZ-UHFFFAOYSA-M,FUHMZYWBSHTEDZ,RYVIXQCRCQLFCM,COc1cc(OC)nc(Oc2cccc(Oc3nc(OC)cc(OC)n3)c2C(=O)[O-])n1.[Na+],False,2,125401-92-5,COC1=CC(=NC(=N1)OC2=C(C(=CC=C2)OC3=NC(=CC(=N3)OC)OC)C(=O)[O-])OC.[Na+],"InChI=1S/C19H18N4O8.Na/c1-26-12-8-13(27-2)21-18(20-12)30-10-6-5-7-11(16(10)17(24)25)31-19-22-14(28-3)9-15(23-19)29-4;/h5-9H,1-4H3,(H,24,25);/q;+1/p-1",Oral,LD50,,other:,µg/piece,µg/piece,species_based_piece_to_bee,140.67,>,,,censored_or_approximate,48.0,h,48.0,,,,mortality,False,2bb8ee12-8d69-4386-b433-ae930dc16732,doi:10.2903/j.efsa.2010.1692,2010.0,True,True,True,True,False,True,False,0,0,0,True,structure_screen_only,True,True
6d66cf25-ed49-4b35-9cee-e50adafff080,1c898857-b2a5-4f65-a47a-94f06967f274,4634,1ebcb0bc-c669-490f-ac73-0ec8062d4f20,Sodium 5-nitroguaiacolate,mono-constituent substance,6953f84a-b6cb-4549-b5d2-adb212f2d748,KBRKFTKQRMYINW-UHFFFAOYSA-M,KBRKFTKQRMYINW,KXKCTSZYNCDFFG,COc1ccc([N+](=O)[O-])cc1[O-].[Na+],False,2,67233-85-6,COC1=C(C=C(C=C1)[N+](=O)[O-])[O-].[Na+],"InChI=1S/C7H7NO4.Na/c1-12-7-3-2-5(8(10)11)4-6(7)9;/h2-4,9H,1H3;/q;+1/p-1",Oral,LD50,,other:,µg/piece,µg/piece,species_based_piece_to_bee,131.6,,,,exact,,,,,,,mortality,False,550b701c-9ee8-435d-99b3-202b35988fa6,doi:10.2903/j.efsa.2009.191r,2009.0,True,True,True,True,True,True,False,0,0,0,True,structure_screen_only,True,False
7408de1b-24b3-4d73-b23a-712493a5874e,2d38b6dd-6b61-4ee6-8d68-0505b4d4f901,4635,acee2690-568d-4050-9aae-cf3467956a0c,Bromoxynil octanoate,mono-constituent substance,6e28eb2d-f0bf-4adb-b07f-ce71bcb2053f,DQKWXTIYGWPGOO-UHFFFAOYSA-N,DQKWXTIYGWPGOO,DQKWXTIYGWPGOO,CCCCCCCC(=O)Oc1c(Br)cc(C#N)cc1Br,False,1,1689-99-2,Brc1cc(cc(Br)c1OC(=O)CCCCCCC)C#N,"InChI=1/C15H17Br2NO2/c1-2-3-4-5-6-7-14(19)20-15-12(16)8-11(10-18)9-13(15)17/h8-9H,2-7H2,1H3",Contact,LD50,,other:,µg/piece,µg/piece,species_based_piece_to_bee,98.8,>,,,censored_or_approximate,,,,Bromoxynil- octanoate EC 327.5 G,,,mortality,True,66a7a3b3-eca2-4839-bb1b-9b24e965fb0d,doi:10.2903/j.efsa.2017.4790,2017.0,True,True,True,True,False,True,False,0,0,-1,True,structure_screen_only,True,False
d3d142c3-4465-4708-a417-a6b305fff6d4,ccf98dc0-419e-45ed-beb8-bb92047283bc,4636,47f3a7cc-9377-4cf5-997b-00576f306d21,Spinetoram,multi-constituent substance,132648de-10e0-4e9c-922f-92b5e1056381,GOENIMGKWNZVDA-AXWVKECBSA-N,GOENIMGKWNZVDA,GOENIMGKWNZVDA,CCO[C@@H]1[C@H](OC)[C@@H](O[C@H]2C[C@@H]3CC[C@H]4[C@H](C=C5C(=O)[C@@H](C)[C@H](O[C@@H]6CC[C@@H](N(C)C)[C@H](C)O6)CCC[C@@H](CC)OC(=O)C[C@@H]54)[C@H]3C2)O[C@H](C)[C@H]1OC,False,1,935545-74-7,CC[C@@H]1CCC[C@H]([C@@H](C(=O)C2=C[C@H]3[C@@H]([C@H]2CC(=O)O1)CC[C@@H]4[C@@H]3C[C@H](C4)O[C@@H]5[C@H]([C@H]([C@@H]([C@H](O5)C)OC)OCC)OC)C)O[C@@H]6CC[C@H]([C@@H](O6)C)N(C)C,"InChI=1S/C42H69NO10/c1-10-27-13-12-14-35(53-37-18-17-34(43(6)7)24(4)49-37)23(3)38(45)33-21-31-29(32(33)22-36(44)51-27)16-15-26-19-28(20-30(26)31)52-42-41(47-9)40(48-11-2)39(46-8)25(5)50-42/h21,23-32,34-35,37,39-42H,10-20,22H2,1-9H3/t23-,24-,25+,26-,27+,28-,29-,30-,31-,32+,34+,35+,37+,39+,40-,41-,42+/m0/s1",Contact,LD50,,other:,µg/piece,µg/piece,species_based_piece_to_bee,0.024,,,,exact,48.0,h,48.0,,,,mortality,False,c00349a1-69ee-4f32-b7f4-c3c7e33b44f4,doi:10.2903/j.efsa.2013.3220,2013.0,False,True,True,True,True,True,False,1,1,1,True,structure_screen_only,False,False
6afc6b17-0f0c-4a73-b6e3-47683e632152,9c0d87dc-0492-4a98-8e96-1096959d85b5,4638,5d911ed2-7aad-4a3c-8780-e2ca116d03eb,Tribenuron-methyl,mono-constituent substance,16b8dd07-b23a-4b80-a6f0-86503d463631,VLCQZHSMCYCDJL-UHFFFAOYSA-N,VLCQZHSMCYCDJL,VLCQZHSMCYCDJL,COC(=O)c1ccccc1S(=O)(=O)NC(=O)N(C)c1nc(C)nc(OC)n1,False,1,101200-48-0,CC1=NC(=NC(=N1)OC)N(C)C(=O)NS(=O)(=O)C2=CC=CC=C2C(=O)OC,"InChI=1S/C15H17N5O6S/c1-9-16-13(18-14(17-9)26-4)20(2)15(22)19-27(23,24)11-8-6-5-7-10(11)12(21)25-3/h5-8H,1-4H3,(H,19,22)",Contact,LD50,,other:,µg/piece,µg/piece,species_based_piece_to_bee,98.4,>,,,censored_or_approximate,48.0,h,48.0,,,,mortality,False,36b06661-1721-4d79-ae33-f25dcd8398de,"EFSA Scientific Report (2004) 15, 1-52, doi:10.2903/j.efsa.2005.15r",2005.0,True,True,True,True,True,True,False,0,0,-1,True,structure_screen_only,True,True
9bb27b4b-e9e3-426d-911b-f9aae81f6117,f2f228d9-4824-4538-878e-ba92411f2c6b,4639,7d44523d-cb1c-4707-aa2e-b186c5d466d0,Fenpyroximate,mono-constituent substance,8786e4d6-0092-4474-b273-48808f40c5ae,YYJNOYZRYGDPNH-MFKUBSTISA-N,YYJNOYZRYGDPNH,YYJNOYZRYGDPNH,Cc1nn(C)c(Oc2ccccc2)c1/C=N/OCc1ccc(C(=O)OC(C)(C)C)cc1,False,1,134098-61-6,CC1=NN(C(=C1/C=N/OCC2=CC=C(C=C2)C(=O)OC(C)(C)C)OC3=CC=CC=C3)C,"InChI=1S/C24H27N3O4/c1-17-21(22(27(5)26-17)30-20-9-7-6-8-10-20)15-25-29-16-18-11-13-19(14-12-18)23(28)31-24(2,3)4/h6-15H,16H2,1-5H3/b25-15+",Oral,LD50,,other:,µg/piece,µg/piece,species_based_piece_to_bee,118.5,>,,,censored_or_approximate,,,,,,,mortality,False,cbd69899-2992-4a0a-8532-74ecec7187df,doi:10.2903/j.efsa.2008.197r,2008.0,False,True,True,True,True,True,False,0,0,0,True,structure_screen_only,True,False
d1d78e1f-7dc7-469f-96c5-22d397f37c1a,2f4e7a1f-23bd-4a3e-8709-912949de6b95,4640,4c33f8e7-c9f4-4f77-8591-0baf4febfddd,Dichlorprop-p,mono-constituent substance,d74149fb-8ecf-4a9a-950c-117f70177adc,MZHCENGPTKEIGP-RXMQYKEDSA-N,MZHCENGPTKEIGP,MZHCENGPTKEIGP,C[C@@H](Oc1ccc(Cl)cc1Cl)C(=O)O,False,1,15165-67-0,Clc1cc(Cl)ccc1O[C@H](C)C(=O)O,"InChI=1S/C9H8Cl2O3/c1-5(9(12)13)14-8-3-2-6(10)4-7(8)11/h2-5H,1H3,(H,12,13)/t5-/m1/s1",Oral,LD50,,other:,µg/piece,µg/piece,species_based_piece_to_bee,200.0,>,,,censored_or_approximate,,,,,,,mortality,False,8756ea66-3793-4903-9527-af1cda33ace4,"EFSA Journal 2018,16(5):5288, doi:10.2903/j.efsa.2018.5288",2018.0,False,True,True,False,False,False,False,0,0,0,True,structure_screen_only,True,False
ca275a86-31e1-4ce4-bf17-a211a98b2013,f9e3bd01-7edb-467f-8962-42f0d5cebd47,4641,e74ae6f2-e729-490b-b0c0-b5579de8a807,Sulfosulfuron,mono-constituent substance,cf6f510a-19da-4431-980f-daf6032f9908,RBSXHDIPCIWOMG-UHFFFAOYSA-N,RBSXHDIPCIWOMG,RBSXHDIPCIWOMG,CCS(=O)(=O)c1nc2ccccn2c1S(=O)(=O)NC(=O)Nc1nc(OC)cc(OC)n1,False,1,141776-32-1,CCS(=O)(=O)C1=C(N2C=CC=CC2=N1)S(=O)(=O)NC(=O)NC3=NC(=CC(=N3)OC)OC,"InChI=1S/C16H18N6O7S2/c1-4-30(24,25)13-14(22-8-6-5-7-10(22)17-13)31(26,27)21-16(23)20-15-18-11(28-2)9-12(19-15)29-3/h5-9H,4H2,1-3H3,(H2,18,19,20,21,23)",Oral,LD50,,other:,µg/piece,µg/piece,species_based_piece_to_bee,30.0,>,,,censored_or_approximate,48.0,h,48.0,,,,mortality,False,c5ceefab-bdd3-441f-aa36-079349115589,"EFSA Journal 2014,12(7):3764, doi:10.2903/j.efsa.2014.3764",2014.0,True,True,True,True,False,True,False,0,0,-1,True,structure_screen_only,True,True
eb1f8e49-1eae-4a36-8380-8a311660e8bd,0b22ab2b-841a-408c-a078-afab3c589d01,4643,8cbab949-c9d5-4124-9f5f-31a2798c1d97,"2,4-D",mono-constituent substance,adf1912c-4c16-4aeb-af59-9ce43a87d014,OVSKIKFHRZPJSS-UHFFFAOYSA-N,OVSKIKFHRZPJSS,OVSKIKFHRZPJSS,O=C(O)COc1ccc(Cl)cc1Cl,False,1,94-75-7,C1=CC(=C(C=C1Cl)Cl)OCC(=O)O,"InChI=1S/C8H6Cl2O3/c9-5-1-2-7(6(10)3-5)13-4-8(11)12/h1-3H,4H2,(H,11,12)",Contact,LD50,,other:,µg/piece,µg/piece,species_based_piece_to_bee,100.0,>,,,censored_or_approximate,,,,,,,mortality,False,44216c52-d1ac-4f38-bd79-39f576c2652b,doi:10.2903/j.efsa.2016.4500,2016.0,True,True,True,True,True,True,False,0,0,0,True,structure_screen_only,True,False
6b89080d-a1e2-4afc-a294-46ef72bbc581,60006fff-c5ab-43bc-a06c-80e9d73f9286,4644|4645,d6caa843-b6aa-468b-b2aa-0a911866ca4a,Gibberellin A7,mono-constituent substance,9740efd1-2c1c-4e01-bcb0-6f785e2df008,SEEGHKWOBVVBTQ-NFMPGMCNSA-N,SEEGHKWOBVVBTQ,SEEGHKWOBVVBTQ,C=C1C[C@]23C[C@H]1CC[C@H]2[C@@]12C=C[C@H](O)[C@@](C)(C(=O)O1)[C@H]2[C@@H]3C(=O)O,True,1,510-75-8,C[C@@]12[C@H](C=C[C@@]3([C@@H]1[C@@H]([C@]45[C@H]3CC[C@H](C4)C(=C)C5)C(=O)O)OC2=O)O,"InChI=1S/C19H22O5/c1-9-7-18-8-10(9)3-4-11(18)19-6-5-12(20)17(2,16(23)24-19)14(19)13(18)15(21)22/h5-6,10-14,20H,1,3-4,7-8H2,2H3,(H,21,22)/t10-,11-,12+,13-,14-,17?,18+,19-/m1/s1",Contact,LD50,,other:,µg/piece,µg/piece,species_based_piece_to_bee,100.0,>,,,censored_or_approximate,,,,,,,mortality,False,219541b1-6379-47b8-9e9b-0dbee98618db|d95e6b5d-a516-4165-8e40-6d5fc470b9bd,"DOI:10.2903/j.efsa.2024.9066|EFSA Journal 2012,10(1):2502, doi:10.2903/j.efsa.2012.2502",2012.0|2024.0,False,False,False,False,False,False,False,0,0,0,True,structure_screen_only,False,False
80dd7fcb-dacf-4b73-8c45-d411631a342e,4ae91da6-a8c7-439f-9109-22f788179cf9,4647,de7ac17c-13fa-400b-8651-630292eabbf2,Glufosinate-ammonium,mono-constituent substance,3e67b8a6-3c28-49c7-b53f-2941215bd6a5,ZBMRKNMTMPPMMK-UHFFFAOYSA-N,ZBMRKNMTMPPMMK,IAJOBQBIJHVGMQ,CP(=O)(O)CCC(N)C(=O)[O-].[NH4+],False,2,77182-82-2,CP(=O)(CCC(C(=O)[O-])N)O.[NH4+],"InChI=1S/C5H12NO4P.H3N/c1-11(9,10)3-2-4(6)5(7)8;/h4H,2-3,6H2,1H3,(H,7,8)(H,9,10);1H3",Contact,LD50,,other:,µg/piece,µg/piece,species_based_piece_to_bee,345.0,>,,,censored_or_approximate,48.0,h,48.0,,,,mortality,False,582cb5ce-03ea-46d8-abd4-6ec22662dc74,doi:10.2903/j.efsa.2005.27r,2005.0,True,True,True,True,True,True,False,0,0,0,True,structure_screen_only,True,True
d5ec78eb-84a3-4c46-8a4f-cf3164c99e42,6ac0d5c8-2934-48e5-b0d2-5e412e10cff1,4651,4c67eed1-8552-40c5-a5c4-0032e8e55eb1,Fenhexamid,mono-constituent substance,b997fa43-b286-4aaa-8bd9-5edaf5803ace,VDLGAVXLJYLFDH-UHFFFAOYSA-N,VDLGAVXLJYLFDH,VDLGAVXLJYLFDH,CC1(C(=O)Nc2ccc(O)c(Cl)c2Cl)CCCCC1,False,1,126833-17-8,CC1(CCCCC1)C(=O)NC2=C(C(=C(C=C2)O)Cl)Cl,"InChI=1S/C14H17Cl2NO2/c1-14(7-3-2-4-8-14)13(19)17-9-5-6-10(18)12(16)11(9)15/h5-6,18H,2-4,7-8H2,1H3,(H,17,19)",Contact,LD50,,other:,µg/piece,µg/piece,species_based_piece_to_bee,200.0,>,,,censored_or_approximate,48.0,h,48.0,,,,mortality,False,2188c755-1e58-48ef-8529-bf94aaf4d51f,"EFSA Journal 2014,12(7):3744, doi:10.2903/j.efsa.2014.3744",2014.0,True,True,True,True,True,True,False,0,0,0,True,structure_screen_only,True,True
a7b05203-9ceb-4e5f-826e-ae430932a41a,b5710007-c1b8-433d-9d1b-ec485b913f40,4652|4653,dcf6cefc-0999-47ea-a3a2-326d4c8370a7,Trinexapac-Ethyl,mono-constituent substance,98b9e051-2ed8-4a1d-84c7-eccfc8e8b531,RVKCCVTVZORVGD-UHFFFAOYSA-N,RVKCCVTVZORVGD,RVKCCVTVZORVGD,CCOC(=O)C1CC(=O)C(=C(O)C2CC2)C(=O)C1,False,1,95266-40-3,CCOC(=O)C1CC(=O)C(=C(C2CC2)O)C(=O)C1,"InChI=1S/C13H16O5/c1-2-18-13(17)8-5-9(14)11(10(15)6-8)12(16)7-3-4-7/h7-8,16H,2-6H2,1H3",Oral,LD50,,other:,µg/piece,µg/piece,species_based_piece_to_bee,83.0,>,,,censored_or_approximate,,,,,,,mortality,False,51a94c22-175c-4440-8c49-79d4107d8f74|baf69ebe-1a1c-4820-bd7e-e6f617f6dc7d,"EFSA Journal 2018,16(3):5229, doi:10.2903/j.efsa.2018.5229|EFSA Journal 2023,21(6):8082, doi:10.2903/j.efsa.2023.8082",2018.0|2023.0,True,True,True,True,False,True,False,0,0,-1,True,structure_screen_only,True,False
8856bb47-5c85-485e-873f-9fb6e39ba502,a222d501-99fb-4e5a-9646-84cb0a5570ee,4654,5bd73b6b-675d-47e7-b6cd-f5a4b41d6b60,Penflufen,mono-constituent substance,4d673176-77f4-4efb-95d5-fcde0af6e801,GOFJDXZZHFNFLV-UHFFFAOYSA-N,GOFJDXZZHFNFLV,GOFJDXZZHFNFLV,Cc1nn(C)c(F)c1C(=O)Nc1ccccc1C(C)CC(C)C,False,1,494793-67-8,O=C(NC=1C=CC=CC1C(C)CC(C)C)C2=C(F)N(N=C2C)C,"InChI=1S/C18H24FN3O/c1-11(2)10-12(3)14-8-6-7-9-15(14)20-18(23)16-13(4)21-22(5)17(16)19/h6-9,11-12H,10H2,1-5H3,(H,20,23)",Contact,LD50,,other:,µg/piece,µg/piece,species_based_piece_to_bee,100.0,>,,,censored_or_approximate,48.0,h,48.0,,,,mortality,False,33e9d88d-cb27-48ef-bfb1-043dbeb2a1fa,doi:10.2903/j.efsa.2016.4604,2016.0,True,True,True,True,True,True,False,0,0,0,True,structure_screen_only,True,True
8c161b6a-3eea-4099-ab4f-982c8d138bf3,8b09289b-716a-4f40-b7e5-3872ed03c4bd,4655,5544e808-c2f2-4c32-9619-1030a9c759d0,Potassium phosphonates,multi-constituent substance,20516cf7-0a10-4650-9706-f37504afcf68,,,,,False,0,,,,Oral,LD50,,other:,µg/piece,µg/piece,species_based_piece_to_bee,145.0,>,,,censored_or_approximate,,,,,,,mortality,False,cd1bc79c-7dcd-4e33-8529-e3474d3cad45,"EFSA Journal 2012,10(12):2963, doi:10.2903/j.efsa.2012.2963",2012.0,False,False,False,False,False,False,False,0,0,0,True,structure_screen_only,False,False
4056b331-5701-4e11-a0c6-9954b0141169,d4024478-09f5-4c08-8999-d1e9992b71ea,4657,16f48b4b-6e04-4ca1-a477-d7b66f9db6c2,Tolclofos-methyl,mono-constituent substance,fb606e3b-d69b-42a0-935b-6aa10f910111,OBZIQQJJIKNWNO-UHFFFAOYSA-N,OBZIQQJJIKNWNO,OBZIQQJJIKNWNO,COP(=S)(OC)Oc1c(Cl)cc(C)cc1Cl,False,1,57018-04-9,S=P(OC)(OC)OC1=C(Cl)C=C(C)C=C1Cl,"InChI=1S/C9H11Cl2O3PS/c1-6-4-7(10)9(8(11)5-6)14-15(16,12-2)13-3/h4-5H,1-3H3",Oral,LD50,,other:,µg/piece,µg/piece,species_based_piece_to_bee,264.4,>,,,censored_or_approximate,48.0,h,48.0,,,,mortality,False,e3843e72-41fe-4ee7-b847-1020d2418407,doi:10.2903/j.efsa.2018.5130,2018.0,True,True,True,True,False,True,False,0,0,0,True,structure_screen_only,True,True
5fabd405-1f3d-4295-be34-2502c4c24cfa,a97cbfee-a647-4e1c-92ec-fe0debb8750a,4659,39ed1be3-bad4-4417-9d93-30536e579a88,Azadirachtin,mono-constituent substance,c34fe78c-1844-491c-ac74-fde4390b7805,VEHPJKVTJQSSKL-OVCLIPMQSA-N,VEHPJKVTJQSSKL,VEHPJKVTJQSSKL,C/C=C(\C)C(=O)OC1CC(OC(C)=O)C2(OC(C)=O)COC3C2C12COC(O)(C(=O)OC)C2C(C)(C12OC1(C)C1CC2OC2OC=CC21O)C3O,True,1,11141-17-6,C24(C(C3C1(C=COC1OC2C3)O)(C)O4)C6(C8C5(C(CC(C7(C5C(C6O)OC7)OC(=O)C)OC(=O)C)OC(/C(=C/C)C)=O)COC8(C(=O)OC)O)C,"InChI=1S/C35H44O16/c1-8-15(2)24(38)49-18-12-19(48-16(3)36)32(26(39)43-6)13-46-21-22(32)31(18)14-47-34(42,27(40)44-7)25(31)29(4,23(21)37)35-20-11-17(30(35,5)51-35)33(41)9-10-45-28(33)50-20/h8-10,17-23,25,28,37,41-42H,11-14H2,1-7H3/b15-8+/t17-,18+,19-,20+,21-,22-,23-,25+,28+,29-,30+,31+,32+,33+,34+,35+/m1/s1",Contact,LD50,,other:,µg/piece,µg/piece,species_based_piece_to_bee,11.81,>,,,censored_or_approximate,,,,,,,mortality,False,896f42d8-73ca-4dd7-8b63-485e9741d07e,"EFSA Journal 2018,16(9):5234, doi:10.2903/j.efsa.2018.5234",2018.0,False,False,False,True,False,True,False,0,0,-1,True,structure_screen_only,False,False
9c91a032-308d-4a44-9bb4-e1fb25c7cbfa,996430ed-3308-48bf-a630-06c5e0ed59c3,4661,6466c4e7-7266-4cfb-a0e4-49334015b293,Bifenazate,mono-constituent substance,0c4b791a-8b2a-43b8-82d1-51bacb8f1bab,VHLKTXFWDRXILV-UHFFFAOYSA-N,VHLKTXFWDRXILV,VHLKTXFWDRXILV,COc1ccc(-c2ccccc2)cc1NNC(=O)OC(C)C,False,1,149877-41-8,O=C(NNC1=C(OC)C=CC(C2=CC=CC=C2)=C1)OC(C)C,"InChI=1S/C17H20N2O3/c1-12(2)22-17(20)19-18-15-11-14(9-10-16(15)21-3)13-7-5-4-6-8-13/h4-12,18H,1-3H3,(H,19,20)",Contact,LD50,,other:,µg/piece,µg/piece,species_based_piece_to_bee,8.5,,,,exact,48.0,h,48.0,,,,mortality,False,839e7251-5fd6-4b8e-bea4-ca09c56be1a4,doi:10.2903/j.efsa.2017.4693,2017.0,True,True,True,True,False,True,False,0,1,1,True,structure_screen_only,True,True
d79f33dc-2ba4-4231-95b5-811bc0d50f80,0bb7b333-d4b6-485b-b412-9c39a58c3f9d,4662,7a7af7e7-c629-463f-9ac4-25e1ea4e43c8,Blood meal formulation (Certosan),multi-constituent substance,a00d595c-b33e-4aed-a70a-f6fbbd506b51,,,,,False,0,,,,Contact,LD50,,other:,µg/piece,µg/piece,species_based_piece_to_bee,200.0,>,,,censored_or_approximate,48.0,h,48.0,,,,mortality,False,d4eddc46-e4b4-456a-be4e-2ff6ce90dd61,doi:10.2903/j.efsa.2020.6006,2020.0,False,False,False,False,False,False,False,0,0,0,True,structure_screen_only,False,False
3bbdac14-8693-42ea-8337-1f54b3e60dae,2bb4dc33-ed25-4ef5-be08-09f7d82fbb78,4663,e1ec5dfd-5a94-46ef-b332-3e55d4e5a2b1,Cadusafos,mono-constituent substance,9d5f39f4-405b-43a8-b2e7-a1abea3af757,KXRPCFINVWWFHQ-UHFFFAOYSA-N,KXRPCFINVWWFHQ,KXRPCFINVWWFHQ,CCOP(=O)(SC(C)CC)SC(C)CC,False,1,95465-99-9,CCC(C)SP(=O)(OCC)SC(C)CC,"InChI=1S/C10H23O2PS2/c1-6-9(4)14-13(11,12-8-3)15-10(5)7-2/h9-10H,6-8H2,1-5H3",Oral,LD50,,other:,µg/piece,µg/piece,species_based_piece_to_bee,2.07,,,,exact,,,,,,,mortality,False,f878f1bc-9291-41ae-ad1a-a7d8f14569c9,doi:10.2903/j.efsa.2006.68r,2006.0,True,True,True,True,True,True,False,0,1,1,True,structure_screen_only,True,False
8d29cf72-cbea-4dd3-808a-e766b6626dc3,ff6af4fc-49d4-4831-b7c4-884d0cc3b328,4664,877b1caa-5951-4480-b0be-57ead1a55bfc,Acibenzolar-S-methyl,mono-constituent substance,675e59b4-b541-468e-9957-62a46854703c,UELITFHSCLAHKR-UHFFFAOYSA-N,UELITFHSCLAHKR,UELITFHSCLAHKR,CSC(=O)c1cccc2nnsc12,False,1,135158-54-2,CSC(=O)C1=C2C(=CC=C1)N=NS2,"InChI=1S/C8H6N2OS2/c1-12-8(11)5-3-2-4-6-7(5)13-10-9-6/h2-4H,1H3",Oral,LD50,,other:,µg/piece,µg/piece,species_based_piece_to_bee,128.0,,,,exact,48.0,h,48.0,,,,mortality,False,d1c3cecb-25fe-49ae-80b4-92a678ca010a,"EFSA Journal 2014,12(8):3691, doi:10.2903/j.efsa.2014.3691",2014.0,True,True,True,True,False,True,False,0,0,0,True,structure_screen_only,True,True
52b04945-492c-4d44-9722-2ff91e7f50da,8a0c38db-c07f-49ea-805b-9a855af255b5,4665,d7b58da8-04a2-49b0-8594-e8e9d2711843,Abamectin formulation: A12115I,multi-constituent substance,af8a4b8b-1461-4fcd-9c26-804f267c8ef2,,,,,False,0,,,,Contact,LD50,,other:,µg/piece,µg/piece,species_based_piece_to_bee,0.00198,,,,exact,,,,,,,mortality,False,97f920c8-cdcb-4ea4-93ad-af9966bff0e3,doi:10.2903/j.efsa.2016.4491,2016.0,False,False,False,False,False,False,False,1,1,1,True,structure_screen_only,False,False
4515dc6b-2940-4213-8d62-73480a005f10,e3a9a502-a0ca-4776-bf81-4e4a38a17a76,4666,deecd7f8-577c-4c2c-9e8e-649260127a52,Copper hydroxide,mono-constituent substance,6db001a2-5a27-4b5d-9635-a7369f6be98d,AEJIMXVJZFYIHN-UHFFFAOYSA-N,AEJIMXVJZFYIHN,XLYOFNOQVPJJNP,O.O.[Cu],True,3,20427-59-2,O.O.[Cu],InChI=1S/Cu.2H2O/h;2*1H2/q+2;;/p-2,Contact,LD50,,other:,µg/piece,µg/piece,species_based_piece_to_bee,44.46,,,,exact,,,,Copper hydroxide technical,,,mortality,True,317a7bf0-b2ac-4c6b-8dc3-8b1806c0ad62,doi:10.2903/j.efsa.2018.5152,2018.0,False,False,True,True,False,True,False,0,0,1,True,structure_screen_only,False,False
81178f6a-1348-472e-9834-74542a467ee3,46bb45a8-f23b-452b-960a-8eebd7abac71,4667,4d80d3a2-6a28-477d-9930-f94dd787e2a3,Fluoxastrobin,mono-constituent substance,da77c8b4-60a4-49c1-bd56-8f60b538c33f,UFEODZBUAFNAEU-NLRVBDNBSA-N,UFEODZBUAFNAEU,UFEODZBUAFNAEU,CO/N=C(/C1=NOCCO1)c1ccccc1Oc1ncnc(Oc2ccccc2Cl)c1F,False,1,361377-29-9,CO/N=C(\C1=CC=CC=C1OC2=C(C(=NC=N2)OC3=CC=CC=C3Cl)F)/C4=NOCCO4,"InChI=1S/C21H16ClFN4O5/c1-28-26-18(21-27-30-11-10-29-21)13-6-2-4-8-15(13)31-19-17(23)20(25-12-24-19)32-16-9-5-3-7-14(16)22/h2-9,12H,10-11H2,1H3/b26-18+",Oral,LD50,,other:,µg/piece,µg/piece,species_based_piece_to_bee,843.0,>,,,censored_or_approximate,48.0,h,48.0,,,,mortality,False,0700e8c9-94a8-4416-bc73-7edda496b8e8,doi:10.2903/j.efsa.2005.102r,2005.0,False,True,True,True,False,True,False,0,0,0,True,structure_screen_only,True,True
d68751da-e1c6-4442-b234-78e3cc843bf4,bd5e5c7a-ed53-4720-82f4-ad9a079a9073,4670,d7b58da8-04a2-49b0-8594-e8e9d2711843,Abamectin formulation: A12115I,multi-constituent substance,af8a4b8b-1461-4fcd-9c26-804f267c8ef2,,,,,False,0,,,,Oral,LD50,,other:,µg/piece,µg/piece,species_based_piece_to_bee,0.00528,,,,exact,,,,,,,mortality,False,97f920c8-cdcb-4ea4-93ad-af9966bff0e3,doi:10.2903/j.efsa.2016.4491,2016.0,False,False,False,False,False,False,False,1,1,1,True,structure_screen_only,False,False
010cacf6-8008-4b2f-ace7-cb6deed6f6b6,aa89a78e-b57d-442b-88f7-1d32607e3593,4671,582536dd-ad5d-4ba2-8168-fe0687fc489a,Clodinafop-Propargyl,mono-constituent substance,250ab577-5bcb-4a56-9a39-caa1cfe1c282,JBDHZKLJNAIJNC-LLVKDONJSA-N,JBDHZKLJNAIJNC,JBDHZKLJNAIJNC,C#CCOC(=O)[C@@H](C)Oc1ccc(Oc2ncc(Cl)cc2F)cc1,False,1,105512-06-9,O=C(OCC#C)[C@H](OC1=CC=C(OC2=NC=C(Cl)C=C2F)C=C1)C,"InChI=1S/C17H13ClFNO4/c1-3-8-22-17(21)11(2)23-13-4-6-14(7-5-13)24-16-15(19)9-12(18)10-20-16/h1,4-7,9-11H,8H2,2H3/t11-/m1/s1",Oral,LD50,,other:,µg/piece,µg/piece,species_based_piece_to_bee,104.0,>,,,censored_or_approximate,,,,,,,mortality,False,49143d9b-6f67-4a90-a62c-f3f89eedd7ea,doi:10.2903/j.efsa.2020.6151,2020.0,False,True,True,True,True,True,False,0,0,0,True,structure_screen_only,True,False
90bff978-7512-4042-b78b-f27357fad475,4920bec1-626f-40a5-848f-383ac8193236,4672,5fd43849-a5c9-4bc2-9ac8-d216b0770b1a,Potassium iodide,mono-constituent substance,2515afa7-4812-4001-b3d1-124c98495663,NLKNQRATVPKPDG-UHFFFAOYSA-M,NLKNQRATVPKPDG,XMBWDFGMSWQBCA,[I-].[K+],False,2,7681-11-0,[K+].[I-],InChI=1S/HI.K/h1H;/q;+1/p-1,Oral,LD50,,other:,µg/piece,µg/piece,species_based_piece_to_bee,2.4,>,,,censored_or_approximate,,,,,,,mortality,False,6080109c-a9d4-4a52-ad49-dd7b5e9cedfe,doi:10.2903/j.efsa.2013.2923,2013.0,True,True,True,True,True,True,False,0,-1,-1,True,structure_screen_only,True,False
461dec9b-a0ab-4570-8977-858d367936ae,4a72ba43-10d2-47dc-a2b4-26ddc9d83412,4676,62d34108-e968-4ce2-a9c1-280718f51d6b,Clothianidin,mono-constituent substance,55f031dd-ea53-44b7-8b54-669da3423d1b,PGOOBECODWQEAB-UHFFFAOYSA-N,PGOOBECODWQEAB,PGOOBECODWQEAB,CNC(=N[N+](=O)[O-])NCc1cnc(Cl)s1,False,1,210880-92-5,CNC(NCc1cnc(Cl)s1)=N[N+]([O-])=O,"InChI=1S/C6H8ClN5O2S/c1-8-6(11-12(13)14)10-3-4-2-9-5(7)15-4/h2H,3H2,1H3,(H2,8,10,11)",Oral,LD50,,other:,µg/piece,µg/piece,species_based_piece_to_bee,0.00379,,,,exact,48.0,h,48.0,Technical,,,mortality,True,4b445d3b-de17-445c-9b93-c1c3ee6b364c,doi:10.2903/j.efsa.2016.4606,2016.0,True,True,True,True,True,True,False,1,1,1,True,structure_screen_only,True,False
3d274041-f9ad-4ab3-824e-9653cfa7ae24,ff9ea6fe-bd2d-49fd-bd2e-919892bb33b6,4677,5d1907a1-6bea-40e1-8512-bd798a9b4fca,Imidacloprid,mono-constituent substance,c99b657a-c02d-48a3-9ad7-b6cf5838bde0,YWTYJOPNNQFBPC-UHFFFAOYSA-N,YWTYJOPNNQFBPC,YWTYJOPNNQFBPC,O=[N+]([O-])/N=C1\NCCN1Cc1ccc(Cl)nc1,False,1,138261-41-3,ClC(C=C2)=NC=C2CN1/C(NCC1)=N/[N+]([O-])=O,"InChI=1S/C9H10ClN5O2/c10-8-2-1-7(5-12-8)6-14-4-3-11-9(14)13-15(16)17/h1-2,5H,3-4,6H2,(H,11,13)",Oral,LD50,,other:,µg/piece,µg/piece,species_based_piece_to_bee,0.0037,,,,exact,48.0,h,48.0,,,,mortality,False,5fb8900f-c8c4-4d62-8389-8cb19bbb4ae7,doi:10.2903/j.efsa.2015.4211,2015.0,True,True,True,True,True,True,False,1,1,1,True,structure_screen_only,True,True
e49e5995-501b-42b3-bcfc-5b779a504a76,cee9833c-9b48-4ff9-bb91-671874fbda21,4678,d9ebe307-e49b-4b64-b1a3-796fa5d6d85b,Thiabendazole,mono-constituent substance,d81ff768-9f8a-4f6e-9c0f-d23eadb5081e,WJCNZQLZVWNLKY-UHFFFAOYSA-N,WJCNZQLZVWNLKY,WJCNZQLZVWNLKY,c1ccc2[nH]c(-c3cscn3)nc2c1,False,1,148-79-8,C1=CC=C2C(=C1)NC(=N2)C3=CSC=N3,"InChI=1S/C10H7N3S/c1-2-4-8-7(3-1)12-10(13-8)9-5-14-6-11-9/h1-6H,(H,12,13)",Oral,LD50,,other:,µg/piece,µg/piece,species_based_piece_to_bee,200.0,>,,,censored_or_approximate,,,,A10466C,,,mortality,True,3a0884d3-f0c5-4712-ac88-da8a4bdce891,"EFSA Journal 2014,12(11):3880, doi:10.2903/j.efsa.2014.3880",2014.0,True,True,True,True,False,True,False,0,0,0,True,structure_screen_only,True,False
a7f4212f-6722-4b06-88a9-289ba08ad9b5,21e8f48a-e6ad-4975-b84a-1dc14e970d3a,4679,8811f912-f7b0-43e4-bdd6-001997ca6bef,Tebuconazole,mono-constituent substance,e784d523-cc4a-4bcd-be8c-26a601576ff2,PXMNMQRDXWABCY-UHFFFAOYSA-N,PXMNMQRDXWABCY,PXMNMQRDXWABCY,CC(C)(C)C(O)(CCc1ccc(Cl)cc1)Cn1cncn1,False,1,107534-96-3,OC(C(C)(C)C)(CN2N=CN=C2)CCC1=CC=C(Cl)C=C1,"InChI=1S/C16H22ClN3O/c1-15(2,3)16(21,10-20-12-18-11-19-20)9-8-13-4-6-14(17)7-5-13/h4-7,11-12,21H,8-10H2,1-3H3",Oral,LD50,,other:,µg/piece,µg/piece,species_based_piece_to_bee,83.05,>,,,censored_or_approximate,48.0,h,48.0,,,,mortality,False,d269188c-ced6-4bb0-9884-ad9a37cb8ff7,doi:10.2903/j.efsa.2008.176r,2008.0,True,True,True,True,True,True,False,0,0,-1,True,structure_screen_only,True,True
08022673-6e47-4668-a021-b08ccf671f32,bc8f9188-dad2-4505-a8ea-13809806ca9b,4680,0fd0bb8e-8305-40d3-83f8-3076782a7a8e,Fluazinam,mono-constituent substance,5981dcee-0504-44d5-90e6-e972676e56c3,UZCGKGPEKUCDTF-UHFFFAOYSA-N,UZCGKGPEKUCDTF,UZCGKGPEKUCDTF,O=[N+]([O-])c1cc(C(F)(F)F)c(Cl)c([N+](=O)[O-])c1Nc1ncc(C(F)(F)F)cc1Cl,False,1,79622-59-6,C1=C(C=NC(=C1Cl)NC2=C(C=C(C(=C2[N+](=O)[O-])Cl)C(F)(F)F)[N+](=O)[O-])C(F)(F)F,"InChI=1S/C13H4Cl2F6N4O4/c14-6-1-4(12(16,17)18)3-22-11(6)23-9-7(24(26)27)2-5(13(19,20)21)8(15)10(9)25(28)29/h1-3H,(H,22,23)",Oral,LD50,,other:,µg/piece,µg/piece,species_based_piece_to_bee,100.0,>,,,censored_or_approximate,48.0,h,48.0,,,,mortality,False,90f8ec45-f033-48a7-adac-d43eb3510d0f,doi:10.2903/j.efsa.2008.137r,2008.0,True,True,True,True,True,True,False,0,0,0,True,structure_screen_only,True,True
3d948ce1-9de7-489b-a98c-3d048a281043,62e01083-ce2f-4136-acae-00cd523a7e44,4682,74793209-5072-4fb4-80fe-fe3911753d75,Metconazole (sum of isomers),mono-constituent substance,73a66a96-62e0-4ba0-8679-424cb28fb283,,,,,False,0,,,,Contact,LD50,,µg/bee,,µg/bee,direct_ug_bee,19.6,,,,exact,,,,BAS 555 01 F,act. ingr.,,mortality,True,29b15275-4ac6-4f91-aacc-70c97f38f012,doi:10.2903/j.efsa.2023.8141,2023.0,False,False,False,False,False,False,False,0,0,1,True,structure_screen_only,False,False
188a36bd-b200-4ccd-8b3a-4f5af6786b09,966d702d-4717-4b96-93d6-7406d6746a1b,4683,dcf6cefc-0999-47ea-a3a2-326d4c8370a7,Trinexapac-Ethyl,mono-constituent substance,98b9e051-2ed8-4a1d-84c7-eccfc8e8b531,RVKCCVTVZORVGD-UHFFFAOYSA-N,RVKCCVTVZORVGD,RVKCCVTVZORVGD,CCOC(=O)C1CC(=O)C(=C(O)C2CC2)C(=O)C1,False,1,95266-40-3,CCOC(=O)C1CC(=O)C(=C(C2CC2)O)C(=O)C1,"InChI=1S/C13H16O5/c1-2-18-13(17)8-5-9(14)11(10(15)6-8)12(16)7-3-4-7/h7-8,16H,2-6H2,1H3",Oral,LD50,,other:,µg/piece,µg/piece,species_based_piece_to_bee,108.0,>,,,censored_or_approximate,,,,"Formulation: Moddus 250 EC (""A-7725 M"")",,,mortality,True,6557269e-ff18-4ffc-9378-f18db9662ace,doi:10.2903/j.efsa.2006.57r,2006.0,True,True,True,True,False,True,False,0,0,0,True,structure_screen_only,True,False
e38ffa75-0dc8-4ade-a5c8-e5835cc91a43,2f507a14-4e01-49ab-850d-7db4ee43f468,4684,9b24ec79-ae30-4c9f-87b6-b2c935db8d3a,6-Benzyladenine,mono-constituent substance,347afe39-7aa8-4da5-a1d7-2f833578c427,NWBJYWHLCVSVIJ-UHFFFAOYSA-N,NWBJYWHLCVSVIJ,NWBJYWHLCVSVIJ,c1ccc(CNc2ncnc3nc[nH]c23)cc1,False,1,1214-39-7,C1=CC=C(C=C1)CNC2=NC=NC3=C2NC=N3,"InChI=1S/C12H11N5/c1-2-4-9(5-3-1)6-13-11-10-12(15-7-14-10)17-8-16-11/h1-5,7-8H,6H2,(H2,13,14,15,16,17)",Oral,LD50,,other:,µg/piece,µg/piece,species_based_piece_to_bee,58.73,>,,,censored_or_approximate,48.0,h,48.0,,,,mortality,False,b96e0093-d005-48f6-b166-d048a6b2e50b,doi:10.2903/j.efsa.2010.1716,2010.0,True,True,True,True,False,True,False,0,0,-1,True,structure_screen_only,True,True
459b87db-34f8-44eb-ae1d-bb53bb1afbc8,746b1d8e-ed2e-48f0-8e5a-9ca9d869384a,4685,ec4fd598-ee5c-430e-b1a0-12eba212590e,Maleic hydrazide (potassium salt),mono-constituent substance,c75be136-f19b-436b-95bf-371771ad14a2,ONFPEXMNTHPYGN-UHFFFAOYSA-N,ONFPEXMNTHPYGN,BGRDGMRNKXEXQD,O=c1ccc(=O)[nH][nH]1.[K+],False,2,,C1=CC(=O)NNC1=O.[K+],"InChI=1S/C4H4N2O2.K/c7-3-1-2-4(8)6-5-3;/h1-2H,(H,5,7)(H,6,8);/q;+1",Oral,LD50,,other:,µg/piece,µg/piece,species_based_piece_to_bee,100.0,>,,,censored_or_approximate,,,,,,,mortality,False,c0d56cd0-1d67-4061-a8e9-1154c68e94b1,doi:10.2903/j.efsa.2016.4492,2016.0,False,False,True,False,False,False,False,0,0,0,True,structure_screen_only,True,False
0d21a0c8-ef29-414f-8f9e-4385c013209e,254d5a38-9662-49dd-bc39-a177d33dfd4c,4687,25cab7b6-759b-4df2-8750-2536c3fb6a65,Methiocarb,mono-constituent substance,4bcb5181-4dbc-4816-829c-fb9ab89d3863,YFBPRJGDJKVWAH-UHFFFAOYSA-N,YFBPRJGDJKVWAH,YFBPRJGDJKVWAH,CNC(=O)Oc1cc(C)c(SC)c(C)c1,False,1,2032-65-7,CNC(=O)Oc1cc(C)c(SC)c(C)c1,"InChI=1/C11H15NO2S/c1-7-5-9(14-11(13)12-3)6-8(2)10(7)15-4/h5-6H,1-4H3,(H,12,13)",Oral,LD50,,other:,µg/piece,µg/piece,species_based_piece_to_bee,0.08,,,,exact,48.0,h,48.0,,,,mortality,False,78d7f5cb-5e45-4c3e-aa7d-acad607bac48,"EFSA Journal 2018,16(10):5429, doi:10.2903/j.efsa.2018.5429",2018.0,True,True,True,True,False,True,False,1,1,1,True,structure_screen_only,True,True
312fa87e-cb64-4b06-be53-2ff0a9cc26ec,494f2b47-c27e-4017-9fd8-5285da20ad20,4690,df3cee97-bc01-4f67-9505-c907af05a2e1,Maltodextrin,polymer,950ee417-2e31-477e-ab14-39fd5e091acb,GZCGUPFRVQAUEE-SLPGGIOYSA-N,GZCGUPFRVQAUEE,GZCGUPFRVQAUEE,O=C[C@H](O)[C@@H](O)[C@H](O)[C@H](O)CO,False,1,9050-36-6,O=C[C@@H]([C@H]([C@@H]([C@@H](CO)O)O)O)O,"InChI=1S/C6H12O6/c7-1-3(9)5(11)6(12)4(10)2-8/h1,3-6,8-12H,2H2/t3-,4+,5+,6+/m0/s1",Oral,LD50,,other:,µg/piece,µg/piece,species_based_piece_to_bee,127.7,>,,,censored_or_approximate,,,,Preparation: Eradicoat,,,mortality,True,7f2d3d9d-b143-423b-bd98-7c9d326af77e,doi:10.2903/j.efsa.2013.3007,2013.0,False,True,True,True,True,True,False,0,0,0,True,structure_screen_only,False,False
1bcc35f3-cae1-4285-aa1f-bd9be602b69a,d4aa9459-f5fb-4280-b745-856681deeaae,4691,4aec80b2-a697-402f-96bb-868643fab633,Fluometuron,mono-constituent substance,f8ae73f4-7869-4774-a3b2-8a99b7eddf56,RZILCCPWPBTYDO-UHFFFAOYSA-N,RZILCCPWPBTYDO,RZILCCPWPBTYDO,CN(C)C(=O)Nc1cccc(C(F)(F)F)c1,False,1,2164-17-2,CN(C)C(=O)Nc1cccc(c1)C(F)(F)F,"InChI=1/C10H11F3N2O/c1-15(2)9(16)14-8-5-3-4-7(6-8)10(11,12)13/h3-6H,1-2H3,(H,14,16)",Oral,LD50,,other:,µg/piece,µg/piece,species_based_piece_to_bee,34.02,>,,,censored_or_approximate,48.0,h,48.0,,,,mortality,False,92c075be-b779-4484-9314-598828687150,"EFSA Journal 2011,9(1):1958, doi:10.2903/j.efsa.2011.1958",2011.0,True,True,True,True,False,True,False,0,0,-1,True,structure_screen_only,True,True
30477bb4-7e7d-4a9f-8a6d-92b10b902dac,017d5b45-cb25-4d26-8c06-38e01a75c8bc,4692,c90ba9b5-38f7-4834-bd31-00c888d12a7a,Formetanate hydrochloride,mono-constituent substance,2265385e-20a4-4937-868e-9a71ce466f05,MYPKGPZHHQEODQ-UHFFFAOYSA-N,MYPKGPZHHQEODQ,RMFNNCGOSPBBAD,CNC(=O)Oc1cccc(N=CN(C)C)c1.Cl,False,2,23422-53-9,CNC(=O)OC1=CC=CC(=C1)N=CN(C)C.Cl,"InChI=1S/C11H15N3O2.ClH/c1-12-11(15)16-10-6-4-5-9(7-10)13-8-14(2)3;/h4-8H,1-3H3,(H,12,15);1H",Contact,LD50,,other:,µg/piece,µg/piece,species_based_piece_to_bee,1.02,,,,exact,,,,,,,mortality,False,9f6173de-861d-45d3-a736-94cd746f905a,doi:10.2903/j.efsa.2006.69r,2006.0,True,True,True,True,False,True,False,0,1,1,True,structure_screen_only,True,False
e0f54492-b02d-46af-b848-cd469e3d1dc3,6559c897-ac33-470e-bd45-088eefa78dfb,4693,71d5518c-a9b0-4a80-9d2f-07c90e859671,Aminopyralid,mono-constituent substance,938919a3-119a-4492-b8db-4bba01a2e96f,NIXXQNOQHKNPEJ-UHFFFAOYSA-N,NIXXQNOQHKNPEJ,NIXXQNOQHKNPEJ,Nc1cc(Cl)nc(C(=O)O)c1Cl,False,1,150114-71-9,Clc1c(nc(Cl)cc1N)C(=O)O,"InChI=1S/C6H4Cl2N2O2/c7-3-1-2(9)4(8)5(10-3)6(11)12/h1H,(H2,9,10)(H,11,12)",Contact,LD50,,other:,µg/piece,µg/piece,species_based_piece_to_bee,100.0,>,,,censored_or_approximate,48.0,h,48.0,,,,mortality,False,fd5fca87-f785-49ea-9c9d-da1db973dcf7,doi:10.2903/j.efsa.2013.3352,2013.0,True,True,True,True,True,True,False,0,0,0,True,structure_screen_only,True,True
c2a50f74-be26-49fd-8516-94b424046849,268ff720-b1f6-4b19-a565-f824cf4cd2b0,4694,d802ace0-2535-417f-9ed0-9549133835c8,Tebufenpyrad,mono-constituent substance,6de2fd98-815b-47db-bf13-c697aa4e390e,ZZYSLNWGKKDOML-UHFFFAOYSA-N,ZZYSLNWGKKDOML,ZZYSLNWGKKDOML,CCc1nn(C)c(C(=O)NCc2ccc(C(C)(C)C)cc2)c1Cl,False,1,119168-77-3,O=C(NCC2=CC=C(C(C)(C)C)C=C2)C1=C(Cl)C(CC)=NN1C,"InChI=1S/C18H24ClN3O/c1-6-14-15(19)16(22(5)21-14)17(23)20-11-12-7-9-13(10-8-12)18(2,3)4/h7-10H,6,11H2,1-5H3,(H,20,23)",Contact,LD50,,other:,µg/piece,µg/piece,species_based_piece_to_bee,6.7,>,,,censored_or_approximate,48.0,h,48.0,,,,mortality,False,b3b82466-3563-4dbb-80c0-6cd1da1c8412,doi:10.2903/j.efsa.2009.192r,2009.0,True,True,True,True,True,True,False,0,-1,-1,True,structure_screen_only,True,True
54df7da1-c5ea-42df-8b75-2cd2d0aaf86e,552775af-12d7-4f58-9993-20fc2ad58a4a,4695,74334cf4-659a-4dba-ba70-3baa87306383,Pethoxamid,mono-constituent substance,25d21574-484f-4c0b-bfdf-4de58a3f2e7e,CSWIKHNSBZVWNQ-UHFFFAOYSA-N,CSWIKHNSBZVWNQ,CSWIKHNSBZVWNQ,CCOCCN(C(=O)CCl)C(=C(C)C)c1ccccc1,False,1,106700-29-2,CCOCCN(C(=O)CCl)C(=C(C)C)C1=CC=CC=C1,"InChI=1S/C16H22ClNO2/c1-4-20-11-10-18(15(19)12-17)16(13(2)3)14-8-6-5-7-9-14/h5-9H,4,10-12H2,1-3H3",Oral,LD50,,other:,µg/piece,µg/piece,species_based_piece_to_bee,200.0,>,,,censored_or_approximate,48.0,h,48.0,,,,mortality,False,8067d5c9-daed-4299-8f77-48b984aff1e7,doi:10.2903/j.efsa.2017.4981,2017.0,True,True,True,True,False,True,False,0,0,0,True,structure_screen_only,True,True
df814418-6691-44f2-8d2f-29b107bf30bd,b170d1e7-9ac1-4d8d-8601-dda5458854c1,4697,96b749dc-d76e-4199-982b-3c9606297f03,Isoproturon,mono-constituent substance,c8c3db59-af8e-4570-bc36-f86601abb877,PUIYMUZLKQOUOZ-UHFFFAOYSA-N,PUIYMUZLKQOUOZ,PUIYMUZLKQOUOZ,CC(C)c1ccc(NC(=O)N(C)C)cc1,False,1,34123-59-6,O=C(N(C)C)NC1=CC=C(C(C)C)C=C1,"InChI=1S/C12H18N2O/c1-9(2)10-5-7-11(8-6-10)13-12(15)14(3)4/h5-9H,1-4H3,(H,13,15)",Contact,LD50,,other:,µg/piece,µg/piece,species_based_piece_to_bee,100.0,>,,,censored_or_approximate,,,,Isoproturon 500 SC,,,mortality,True,caaad8ce-8e0c-47c6-919d-1a2c2455a7ef,doi:10.2903/j.efsa.2015.4206,2015.0,True,True,True,True,True,True,False,0,0,0,True,structure_screen_only,True,False
a242b962-bb2c-4b84-a5fb-e777a8580a7e,f3988d39-309d-452c-804f-6a62b8647eb9,4698,3cfae1ca-e7dc-472a-bddc-cbc63c0be1eb,Oxydemeton-methyl,mono-constituent substance,8c53f065-7a87-44ea-8827-699902fe5b82,PMCVMORKVPSKHZ-UHFFFAOYSA-N,PMCVMORKVPSKHZ,PMCVMORKVPSKHZ,CCS(=O)CCSP(=O)(OC)OC,False,1,301-12-2,CCS(=O)CCSP(=O)(OC)OC,"InChI=1S/C6H15O4PS2/c1-4-13(8)6-5-12-11(7,9-2)10-3/h4-6H2,1-3H3",Contact,LD50,,other:,µg/piece,µg/piece,species_based_piece_to_bee,0.175,,,,exact,72.0,h,72.0,Formulation: Metasystox R 250 EC,,,mortality,True,3cc97cb4-ccf4-473d-bf1d-6fe248c8f5b0,doi:10.2903/j.efsa.2006.86r,2006.0,True,True,True,True,False,True,False,1,1,1,True,structure_screen_only,True,False
66833cff-7113-4a26-a912-beb088f288cb,2d39c8e6-8c0c-4953-ac2b-350c1dfdb605,4699,b746713f-f6d3-49dd-93c6-d597e65c303d,Heptamaloxyloglucan,mono-constituent substance,d44d67af-f767-4f55-b664-e487a01caca8,RAUODYOTTYNEJP-UHFFFAOYSA-N,RAUODYOTTYNEJP,RAUODYOTTYNEJP,CC1OC(OC2C(OC3C(OCC4OC(OC(C(O)CO)C(O)C(O)CO)C(O)C(O)C4OC4OC(COC5OCC(O)C(O)C5O)C(O)C(O)C4O)OCC(O)C3O)OC(CO)C(O)C2O)C(O)C(O)C1O,True,1,870721-81-6,OCC(O)C(O)C(OC1OC(COC2OCC(O)C(O)C2OC3OC(CO)C(O)C(O)C3OC4OC(C)C(O)C(O)C4O)C(OC5OC(COC6OCC(O)C(O)C6O)C(O)C(O)C5O)C(O)C1O)C(O)CO,"InChI=1S/C40H70O33/c1-9-17(48)23(54)28(59)36(66-9)72-34-25(56)21(52)14(4-43)67-40(34)73-33-20(51)13(47)6-63-39(33)65-8-16-32(26(57)30(61)38(69-16)70-31(11(45)3-42)19(50)10(44)2-41)71-37-29(60)24(55)22(53)15(68-37)7-64-35-27(58)18(49)12(46)5-62-35/h9-61H,2-8H2,1H3/t9-,10-,11+,12+,13+,14+,15+,16+,17+,18-,19+,20-,21-,22+,23+,24-,25-,26+,27+,28-,29+,30+,31+,32+,33+,34+,35+,36-,37-,38-,39+,40-/m0/s1",Oral,LD50,,other:,µg/piece,µg/piece,species_based_piece_to_bee,100.0,>,,,censored_or_approximate,,,,,,,mortality,False,22d34e7e-ea17-4e6d-823a-27030595c22a,doi:10.2903/j.efsa.2009.334r,2009.0,False,False,False,False,False,False,False,0,0,0,True,structure_screen_only,False,False
389af6a0-a5fd-47ea-b332-98919024685b,e9aa81c6-8f49-409d-b8d6-93e5b6af59f7,4704,7b02b363-7563-4170-b8ad-6e36c66c6d79,"Cyflufenamid (sum of cyflufenamid (Z-isomer) and its E-isomer, expressed as cyflufenamid)",mono-constituent substance,2505cb7d-b179-4db9-8cda-9d6435fd68d6,,,,,False,0,,,,Oral,LD50,,other:,µg/piece,µg/piece,species_based_piece_to_bee,100.0,>,,,censored_or_approximate,,,,,,,mortality,False,bb5c9b8a-84f8-4f82-bc9d-02f49a92cbbf,doi:10.2903/j.efsa.2009.258r,2009.0,False,False,False,False,False,False,False,0,0,0,True,structure_screen_only,False,False
99f7511b-fb6b-4c4d-9eb7-345cfb112f0c,d06aaa41-00d5-45bc-a50d-32376327a735,4705,f90b53a5-973b-4540-9eae-1856df585f03,Desmedipham,mono-constituent substance,7c0d0912-6c74-4769-b343-9b893bd86482,WZJZMXBKUWKXTQ-UHFFFAOYSA-N,WZJZMXBKUWKXTQ,WZJZMXBKUWKXTQ,CCOC(=O)Nc1cccc(OC(=O)Nc2ccccc2)c1,False,1,13684-56-5,CCOC(=O)NC1=CC(=CC=C1)OC(=O)NC2=CC=CC=C2,"InChI=1S/C16H16N2O4/c1-2-21-15(19)18-13-9-6-10-14(11-13)22-16(20)17-12-7-4-3-5-8-12/h3-11H,2H2,1H3,(H,17,20)(H,18,19)",Contact,LD50,,other:,µg/piece,µg/piece,species_based_piece_to_bee,100.0,>,,,censored_or_approximate,,,,,,,mortality,False,1b66eea4-2b36-4e17-939f-86f2887cfa1d,doi:10.2903/j.efsa.2018.5150,2018.0,True,True,True,True,False,True,False,0,0,0,True,structure_screen_only,True,False
81e66450-115d-4564-a014-a4ab1b8b8ab5,58f390e9-f0f4-472b-aeb7-3f8c46c7f962,4706,598485a5-4243-4a5b-9624-4bf6b680f892,Halauxifen-methyl,mono-constituent substance,cc142da7-b778-4a15-ae3d-da97762b2465,KDHKOPYYWOHESS-UHFFFAOYSA-N,KDHKOPYYWOHESS,KDHKOPYYWOHESS,COC(=O)c1nc(-c2ccc(Cl)c(OC)c2F)cc(N)c1Cl,False,1,943831-98-9,,"InChI=1S/C14H11Cl2FN2O3/c1-21-13-7(15)4-3-6(11(13)17)9-5-8(18)10(16)12(19-9)14(20)22-2/h3-5H,1-2H3,(H2,18,19)",Oral,LD50,,other:,µg/piece,µg/piece,species_based_piece_to_bee,108.0,>,,,censored_or_approximate,,,,,,,mortality,False,149f15df-257b-494d-887c-5f332a9453da,"EFSA Journal 2014,12(12):3913, doi:10.2903/j.efsa.2014.3913",2014.0,True,True,True,True,False,True,False,0,0,0,True,structure_screen_only,True,False
fb1b3e81-2c8f-4891-9889-adbd4cfd157a,069a2b7c-499d-4352-9d55-c07e2d8b0b6e,4708,03a07f30-a994-42c0-afa0-08b999e5b01d,Emamectin,multi-constituent substance,ea46d915-66ea-45e5-987a-11ecbe219345,,,,,False,0,119791-41-2,,,Contact,LD50,,other:,µg/piece,µg/piece,species_based_piece_to_bee,0.0027,,,,exact,,,,A-10324,,,mortality,True,344b535a-bbb9-4b1f-8a70-3c85a90350b6,doi:10.2903/j.efsa.2012.2955,2012.0,False,False,False,False,False,False,False,1,1,1,True,structure_screen_only,False,False
56f1184f-4863-46d3-9b0b-9111bb2f0c22,871585fc-d15f-416f-91dd-8b7752b0f31e,4710,1bad7e6b-867e-46ca-824c-f6839141b71d,Fenitrothion,mono-constituent substance,aa7090b0-9f9c-4347-8730-e3cc984c8d32,ZNOLGFHPUIJIMJ-UHFFFAOYSA-N,ZNOLGFHPUIJIMJ,ZNOLGFHPUIJIMJ,COP(=S)(OC)Oc1ccc([N+](=O)[O-])c(C)c1,False,1,122-14-5,COP(=S)(OC)Oc1ccc(c(C)c1)[N+](=O)[O-],"InChI=1/C9H12NO5PS/c1-7-6-8(4-5-9(7)10(11)12)15-16(17,13-2)14-3/h4-6H,1-3H3",Contact,LD50,,other:,µg/piece,µg/piece,species_based_piece_to_bee,0.16,,,,exact,,,,,,,mortality,False,ac84074d-5eda-4176-9a36-40e5d3339825,doi:10.2903/j.efsa.2006.59r,2006.0,True,True,True,True,False,True,False,1,1,1,True,structure_screen_only,True,False
260f78ae-6300-4a2a-bc54-18442705f301,b5ea9abc-4128-4987-b537-6ca72d50505e,4711,2cadfdf7-d5b1-46b4-9537-15e80e6976a8,Fish oil formulation (FLU17516),multi-constituent substance,68b23358-e13e-41e1-919e-03936d884c9c,,,,,False,0,,,,Oral,LD50,,other:,µg/piece,µg/piece,species_based_piece_to_bee,1176.0,>,,,censored_or_approximate,,,,,,,mortality,False,b9cbf3bb-b373-4171-b564-14e8176f8909,doi:10.2903/j.efsa.2022.7079,2022.0,False,False,False,False,False,False,False,0,0,0,True,structure_screen_only,False,False
e4d60091-398d-44c0-861d-59376d4c9b61,18aede8e-3fed-4c65-a710-7bc6811cbb3f,4712,7716ef96-3b82-4943-a98c-b55249abc195,Pendimethalin,mono-constituent substance,2f7f8e95-5c4c-4c68-b9e9-1e21dd74dd4c,CHIFOSRWCNZCFN-UHFFFAOYSA-N,CHIFOSRWCNZCFN,CHIFOSRWCNZCFN,CCC(CC)Nc1c([N+](=O)[O-])cc(C)c(C)c1[N+](=O)[O-],False,1,40487-42-1,CCC(CC)NC1=C(C=C(C(=C1[N+](=O)[O-])C)C)[N+](=O)[O-],"InChI=1S/C13H19N3O4/c1-5-10(6-2)14-12-11(15(17)18)7-8(3)9(4)13(12)16(19)20/h7,10,14H,5-6H2,1-4H3",Contact,LD50,,other:,µg/piece,µg/piece,species_based_piece_to_bee,100.0,>,,,censored_or_approximate,,,,,,,mortality,False,e76901cb-c767-4155-9e19-271cd8be8f9c,doi:10.2903/j.efsa.2016.4420,2016.0,True,True,True,True,False,True,False,0,0,0,True,structure_screen_only,True,False
1fe9c8de-b97b-4aec-8223-9ee3e663812a,f8e14cdc-529d-44c4-b7ac-80db330389a2,4714,29bebfd8-2a36-4f78-aaf2-10d7645fe850,Paraffin oil formulation (Para Sommer),multi-constituent substance,9437db6a-353f-461f-af47-02df2254387e,,,,,False,0,,,,Oral,LD50,,other:,µg/piece,µg/piece,species_based_piece_to_bee,1474.12,,,,exact,,,,,,,mortality,False,f1d79619-0a90-4238-8ca6-9999619e503a,doi:10.2903/j.efsa.2009.220r,2009.0,False,False,False,False,False,False,False,0,0,0,True,structure_screen_only,False,False
3f53286b-a05d-46fa-889e-022134e954c8,8252c362-7f50-47a1-aeca-4584143607b0,4715|4716,11a0994a-1371-4254-9312-cdfa17114394,Pyrimethanil,mono-constituent substance,89b60bb6-ffb0-4122-be52-4832f63d51df,ZLIBICFPKPWGIZ-UHFFFAOYSA-N,ZLIBICFPKPWGIZ,ZLIBICFPKPWGIZ,Cc1cc(C)nc(Nc2ccccc2)n1,False,1,53112-28-0,CC1=NC(NC2=CC=CC=C2)=NC(C)=C1,"InChI=1S/C12H13N3/c1-9-8-10(2)14-12(13-9)15-11-6-4-3-5-7-11/h3-8H,1-2H3,(H,13,14,15)",Oral,LD50,,other:,µg/piece,µg/piece,species_based_piece_to_bee,100.0,>,,,censored_or_approximate,48.0,h,48.0,,,,mortality,False,18adf153-9e6b-4ae8-9983-09612f613099|a0d59f6f-ccff-4716-8de0-538c1799996f,EFSA Journal. 2024;22:e8998; doi:10.2903/j.efsa.2024.8998|doi:10.2903/j.efsa.2006.61r,2006.0|2024.0,True,True,True,True,False,True,False,0,0,0,True,structure_screen_only,True,True
aeaafec2-6839-4f8e-b87b-a39ca15d613b,c26b5b9f-146c-48b3-b132-cef1b240fc91,4717|4718,a9b38a53-0e30-4f77-af40-6f9aeda2cabe,Triclopyr-butoxyethyl ester,mono-constituent substance,10620812-dba2-4229-97c0-57a64adb4d40,IVDRCZNHVGQBHZ-UHFFFAOYSA-N,IVDRCZNHVGQBHZ,IVDRCZNHVGQBHZ,CCCCOCCOC(=O)COc1nc(Cl)c(Cl)cc1Cl,False,1,64700-56-7,Clc1cc(Cl)c(Cl)nc1OCC(=O)OCCOCCCC,"InChI=1S/C13H16Cl3NO4/c1-2-3-4-19-5-6-20-11(18)8-21-13-10(15)7-9(14)12(16)17-13/h7H,2-6,8H2,1H3",Contact,other:,conc. level:,other:,µg/piece,µg/piece,species_based_piece_to_bee,100.0,>,,,censored_or_approximate,,,,"Garlon 4, containing only triclopyr-butotyl",other:,,mortality,True,20a23bb7-d6dc-4700-9c8b-d1b1f41b4983|9f4445d9-404e-412a-a662-c984ef94fe77,"EFSA Journal. 2024,22:e8177, doi:10.2903/j.efsa.2024.8177|doi:10.2903/j.efsa.2006.56r",2006.0|2024.0,True,True,True,True,False,True,False,0,0,0,False,structure_screen_only,False,False
44036cc8-812d-4e74-a548-1476d29cf758,305ce97d-6c5c-4c7d-abed-425bb0e5881d,4719,89f7b980-3797-4cde-9ccb-2bb2e71f1315,Carbendazim,mono-constituent substance,ece74521-b93d-472d-83c9-f21a75922712,TWFZGCMQGLPBSX-UHFFFAOYSA-N,TWFZGCMQGLPBSX,TWFZGCMQGLPBSX,COC(=O)Nc1nc2ccccc2[nH]1,False,1,10605-21-7,N(C(=O)OC)C1=Nc2ccccc2N1,"InChI=1S/C9H9N3O2/c1-14-9(13)12-8-10-6-4-2-3-5-7(6)11-8/h2-5H,1H3,(H2,10,11,12,13)",Contact,LD50,,other:,µg/piece,µg/piece,species_based_piece_to_bee,50.0,>,,,censored_or_approximate,,,,,,,mortality,False,2e6430ba-64a7-43ee-a776-3d90a51a1550,doi:10.2903/j.efsa.2010.1598,2010.0,True,True,True,True,False,True,False,0,0,-1,True,structure_screen_only,True,False
4d237477-0b1b-4b5b-8761-3fa48e9f15c4,8f1c4428-b1fb-452d-9ff9-bf1922748eee,4725,8cbab949-c9d5-4124-9f5f-31a2798c1d97,"2,4-D",mono-constituent substance,adf1912c-4c16-4aeb-af59-9ce43a87d014,OVSKIKFHRZPJSS-UHFFFAOYSA-N,OVSKIKFHRZPJSS,OVSKIKFHRZPJSS,O=C(O)COc1ccc(Cl)cc1Cl,False,1,94-75-7,C1=CC(=C(C=C1Cl)Cl)OCC(=O)O,"InChI=1S/C8H6Cl2O3/c9-5-1-2-7(6(10)3-5)13-4-8(11)12/h1-3H,4H2,(H,11,12)",Oral,LD50,,other:,µg/piece,µg/piece,species_based_piece_to_bee,94.0,,,,exact,,,,,,,mortality,False,8fdd7cfe-8ea8-47bc-9fec-5ac24e3028d5,"EFSA Journal 2014,12(9):3812, doi:10.2903/j.efsa.2014.3812",2014.0,True,True,True,True,True,True,False,0,0,1,True,structure_screen_only,True,False
061cfd76-e3e2-456a-a845-268ec50e3592,687de711-609c-4bcd-b4c9-a34e4adf330d,4727,582536dd-ad5d-4ba2-8168-fe0687fc489a,Clodinafop-Propargyl,mono-constituent substance,250ab577-5bcb-4a56-9a39-caa1cfe1c282,JBDHZKLJNAIJNC-LLVKDONJSA-N,JBDHZKLJNAIJNC,JBDHZKLJNAIJNC,C#CCOC(=O)[C@@H](C)Oc1ccc(Oc2ncc(Cl)cc2F)cc1,False,1,105512-06-9,O=C(OCC#C)[C@H](OC1=CC=C(OC2=NC=C(Cl)C=C2F)C=C1)C,"InChI=1S/C17H13ClFNO4/c1-3-8-22-17(21)11(2)23-13-4-6-14(7-5-13)24-16-15(19)9-12(18)10-20-16/h1,4-7,9-11H,8H2,2H3/t11-/m1/s1",Oral,LD50,,other:,µg/piece,µg/piece,species_based_piece_to_bee,93.7,>,,,censored_or_approximate,48.0,h,48.0,,,,mortality,False,961a07be-fe81-470a-8d59-47997ffcf088,doi:10.2903/j.efsa.2005.34ar,2005.0,False,True,True,True,True,True,False,0,0,-1,True,structure_screen_only,True,True
540bc784-f222-490e-a1fe-6387df7a3552,bd721e98-a2d7-47ac-9d14-19aca24e37a3,4728,5d911ed2-7aad-4a3c-8780-e2ca116d03eb,Tribenuron-methyl,mono-constituent substance,16b8dd07-b23a-4b80-a6f0-86503d463631,VLCQZHSMCYCDJL-UHFFFAOYSA-N,VLCQZHSMCYCDJL,VLCQZHSMCYCDJL,COC(=O)c1ccccc1S(=O)(=O)NC(=O)N(C)c1nc(C)nc(OC)n1,False,1,101200-48-0,CC1=NC(=NC(=N1)OC)N(C)C(=O)NS(=O)(=O)C2=CC=CC=C2C(=O)OC,"InChI=1S/C15H17N5O6S/c1-9-16-13(18-14(17-9)26-4)20(2)15(22)19-27(23,24)11-8-6-5-7-10(11)12(21)25-3/h5-8H,1-4H3,(H,19,22)",Oral,LD50,,other:,µg/piece,µg/piece,species_based_piece_to_bee,9.1,>,,,censored_or_approximate,48.0,h,48.0,,,,mortality,False,36b06661-1721-4d79-ae33-f25dcd8398de,"EFSA Scientific Report (2004) 15, 1-52, doi:10.2903/j.efsa.2005.15r",2005.0,True,True,True,True,True,True,False,0,-1,-1,True,structure_screen_only,True,True
9b6852ed-921c-4b04-b5fa-3dd77c817f38,ce9b5dec-1203-4a2f-8a75-550b978416a1,4729,cc2d6dbe-2852-4c14-972e-233dd411728f,Clomazone,mono-constituent substance,29371f1b-5b27-49be-848d-128b9ad765fd,KIEDNEWSYUYDSN-UHFFFAOYSA-N,KIEDNEWSYUYDSN,KIEDNEWSYUYDSN,CC1(C)CON(Cc2ccccc2Cl)C1=O,False,1,81777-89-1,O=C1N(CC(C=CC=C2)=C2Cl)OCC(C)1C,"InChI=1S/C12H14ClNO2/c1-12(2)8-16-14(11(12)15)7-9-5-3-4-6-10(9)13/h3-6H,7-8H2,1-2H3",Oral,LD50,,other:,µg/piece,µg/piece,species_based_piece_to_bee,85.29,>,,,censored_or_approximate,48.0,h,48.0,,,,mortality,False,e926fafd-6148-445e-b7e6-9fab2a5b2461,doi:10.2903/j.efsa.2007.109r,2007.0,True,True,True,True,False,True,False,0,0,-1,True,structure_screen_only,True,True
1900367f-9696-452b-b0f3-870ba681c460,afb77a9e-cb7c-42ff-9fa2-1cdc243a3b1b,4730,55b6b273-5946-478b-af69-f5424f2913ea,Bordeaux mixture formulation (WP),multi-constituent substance,cb6ceea5-b3e5-4c02-901f-da65d2f3df1f,,,,,False,0,,,,Oral,LD50,,other:,µg/piece,µg/piece,species_based_piece_to_bee,23.3,,,,exact,,,,,,,mortality,False,317a7bf0-b2ac-4c6b-8dc3-8b1806c0ad62,doi:10.2903/j.efsa.2018.5152,2018.0,False,False,False,False,False,False,False,0,0,1,True,structure_screen_only,False,False
5ce23989-d101-4d9b-9a18-3d2cfe9743c1,396fa8a8-5f5f-4dd8-8209-981607a83e69,4732,a30b4eb7-d115-4e63-8313-11f79be848f7,Mesotrione,mono-constituent substance,4ba573d8-ed39-4819-8240-6d03591c79a4,KPUREKXXPHOJQT-UHFFFAOYSA-N,KPUREKXXPHOJQT,KPUREKXXPHOJQT,CS(=O)(=O)c1ccc(C(=O)C2C(=O)CCCC2=O)c([N+](=O)[O-])c1,False,1,104206-82-8,CS(=O)(=O)C1=CC(=C(C=C1)C(=O)C2C(=O)CCCC2=O)[N+](=O)[O-],"InChI=1S/C14H13NO7S/c1-23(21,22)8-5-6-9(10(7-8)15(19)20)14(18)13-11(16)3-2-4-12(13)17/h5-7,13H,2-4H2,1H3",Contact,LD50,,other:,µg/piece,µg/piece,species_based_piece_to_bee,52.5,,,,exact,,,,Callisto 100 SC (A12739A),,,mortality,True,cd3e62d7-0067-438d-8ffb-9dff2838d2ce,doi:10.2903/j.efsa.2016.4419,2016.0,True,True,True,True,True,True,False,0,0,1,True,structure_screen_only,True,False
fa9cc8fb-7261-49b6-84c9-22ff072d9b3b,4a05b2a7-cd2a-416c-9ac9-a69e78779819,4733,c2d65981-1609-4d35-bec2-ee43eebef3ff,Topramezone,mono-constituent substance,7f441f43-8a8d-46a8-9996-b459106f0513,BPPVUXSMLBXYGG-UHFFFAOYSA-N,BPPVUXSMLBXYGG,BPPVUXSMLBXYGG,Cc1c(C(=O)c2c[nH]n(C)c2=O)ccc(S(C)(=O)=O)c1C1=NOCC1,False,1,210631-68-8,CC1=C(C=CC(=C1C2=NOCC2)S(=O)(=O)C)C(=O)C3=CNN(C3=O)C,"InChI=1S/C16H17N3O5S/c1-9-10(15(20)11-8-17-19(2)16(11)21)4-5-13(25(3,22)23)14(9)12-6-7-24-18-12/h4-5,8,17H,6-7H2,1-3H3",Oral,LD50,,other:,µg/piece,µg/piece,species_based_piece_to_bee,72.05,>,,,censored_or_approximate,48.0,h,48.0,,,,mortality,False,a724d5fc-8acb-48b3-adc0-4f8e273226e3,"EFSA Journal 2014,12(2):3540, doi:10.2903/j.efsa.2014.3540",2014.0,True,True,True,True,False,True,False,0,0,-1,True,structure_screen_only,True,True
7fcf93a4-544c-4683-8fc2-311a89435ecc,5dd0a898-0ae5-4918-87b9-3fdf844674c2,4734,9c14662e-4f02-4be7-bd1d-ba15ee4cbf55,Spirodiclofen,mono-constituent substance,27bd4853-cc5e-4df4-8c07-a89b05823fac,OYNVHVAEOLJJPV-UHFFFAOYSA-N,OYNVHVAEOLJJPV,OYNVHVAEOLJJPV,CCC(C)(C)C(=O)OC1=C(c2cc(Cl)cc(Cl)c2)C(=O)OC12CCCCC2,False,1,148477-71-8,O=C2OC1(C(OC(C(CC)(C)C)=O)=C2C3=CC(Cl)=CC(Cl)=C3)CCCCC1,"InChI=1S/C21H24Cl2O4/c1-4-20(2,3)19(25)26-17-16(13-10-14(22)12-15(23)11-13)18(24)27-21(17)8-6-5-7-9-21/h10-12H,4-9H2,1-3H3",Oral,LD50,,other:,µg/piece,µg/piece,species_based_piece_to_bee,196.0,>,,,censored_or_approximate,48.0,h,48.0,,,,mortality,False,4b926498-ade1-4e7b-a6bb-44294b41d42a,doi:10.2903/j.efsa.2009.339r,2009.0,False,False,False,True,False,True,False,0,0,0,True,structure_screen_only,True,True
f9b736d0-72cb-4b64-957d-33633ce68bda,02691f09-4826-4f2c-b09c-73719455840a,4736,ed76b10b-d559-4c09-8321-ce6a07eb73c3,Captan,mono-constituent substance,87ad7f47-8cf1-4cb6-b6b9-ad69a25a269d,LDVVMCZRFWMZSG-UHFFFAOYSA-N,LDVVMCZRFWMZSG,LDVVMCZRFWMZSG,O=C1C2CC=CCC2C(=O)N1SC(Cl)(Cl)Cl,False,1,133-06-2,ClC(Cl)(Cl)SN1C(=O)C2CC=CCC2C1=O,"InChI=1S/C9H8Cl3NO2S/c10-9(11,12)16-13-7(14)5-3-1-2-4-6(5)8(13)15/h1-2,5-6H,3-4H2",Contact,LD50,,other:,µg/piece,µg/piece,species_based_piece_to_bee,200.0,>,,,censored_or_approximate,48.0,h,48.0,,,,mortality,False,229b14b5-e1d1-43a1-b864-5ac17db099b5,doi:10.2903/j.efsa.2020.6230,2020.0,True,True,True,True,True,True,False,0,0,0,True,structure_screen_only,True,True
d41f17e1-769a-4576-9234-5b6517d0357a,b51446b5-c4ce-4ab4-ae72-9a8fd1805df1,4738,f59ef534-85ce-4110-be59-429b96408d30,Picoxystrobin,mono-constituent substance,ee9add0f-5298-4024-8a3b-322bcff5b9b8,IBSNKSODLGJUMQ-SDNWHVSQSA-N,IBSNKSODLGJUMQ,IBSNKSODLGJUMQ,CO/C=C(/C(=O)OC)c1ccccc1COc1cccc(C(F)(F)F)n1,False,1,117428-22-5,O=C(/C(C1=C(COC2=NC(C(F)(F)F)=CC=C2)C=CC=C1)=C/OC)OC,"InChI=1S/C18H16F3NO4/c1-24-11-14(17(23)25-2)13-7-4-3-6-12(13)10-26-16-9-5-8-15(22-16)18(19,20)21/h3-9,11H,10H2,1-2H3/b14-11+",Oral,LD50,,other:,µg/piece,µg/piece,species_based_piece_to_bee,200.0,>,,,censored_or_approximate,,,,Picoxystrobin formulation: Picoxystrobin 250 g/L SC,,,mortality,True,45903607-8622-41bd-8659-737512b5ba4d,doi:10.2903/j.efsa.2016.4515,2016.0,False,True,True,True,False,True,False,0,0,0,True,structure_screen_only,True,False
376117be-659d-4d20-a6e3-0abc3f1ef61a,89ccbe47-869e-4fd1-92d7-dad7b619750c,4739,08eb088f-b536-4391-a5e7-ed8bd9acb006,Chlorpropham,mono-constituent substance,88eaaed9-dce8-422f-af5d-c29194e2164b,CWJSHJJYOPWUGX-UHFFFAOYSA-N,CWJSHJJYOPWUGX,CWJSHJJYOPWUGX,CC(C)OC(=O)Nc1cccc(Cl)c1,False,1,101-21-3,c1(NC(OC(C)C)=O)cc(ccc1)Cl,"InChI=1S/C10H12ClNO2/c1-7(2)14-10(13)12-9-5-3-4-8(11)6-9/h3-7H,1-2H3,(H,12,13)",Oral,LD50,,other:,µg/piece,µg/piece,species_based_piece_to_bee,505.0,,,,exact,,,,,,,mortality,False,8d4ce816-de35-44ce-a88a-4c015df0d39d,doi:10.2903/j.efsa.2017.4903,2017.0,True,True,True,True,False,True,False,0,0,0,True,structure_screen_only,True,False
7d9ee8a9-0e2d-4c9a-a485-1b375d05ba51,078e6af5-4a06-4acc-8ec2-22430522c46c,4740,74793209-5072-4fb4-80fe-fe3911753d75,Metconazole (sum of isomers),mono-constituent substance,73a66a96-62e0-4ba0-8679-424cb28fb283,,,,,False,0,,,,Oral,LD50,,µg/bee,,µg/bee,direct_ug_bee,17.8,,,,exact,,,,BAS 555 01 F,act. ingr.,,mortality,True,29b15275-4ac6-4f91-aacc-70c97f38f012,doi:10.2903/j.efsa.2023.8141,2023.0,False,False,False,False,False,False,False,0,0,1,True,structure_screen_only,False,False
a26cb066-8522-4b6c-a066-58049e097720,727358d6-6421-4763-8b1b-3c880b2723a0,4741,ef2a944e-8e7c-4a4f-a615-e2b700917051,Sodium bicarbonate,mono-constituent substance,77abd96a-e23f-4d3a-a49b-040183f240ec,UIIMBOGNXHQVGW-UHFFFAOYSA-M,UIIMBOGNXHQVGW,BVKZGUZCCUSVTD,O=C([O-])O.[Na+],False,2,144-55-8,C(=O)(O)[O-].[Na+],"InChI=1S/CH2O3.Na/c2-1(3)4;/h(H2,2,3,4);/q;+1/p-1",Oral,LD50,,other:,µg/piece,µg/piece,species_based_piece_to_bee,537.4,>,,,censored_or_approximate,48.0,h,48.0,Preparation VitiSan (99.49% KHCO3),,,mortality,True,3336088b-f075-4c4c-add1-9f93fb895c89,"EFSA Journal 2018,16(9):5407, doi:10.2903/j.efsa.2018.5407",2018.0,False,False,True,False,False,False,False,0,0,0,True,structure_screen_only,True,False
a1a43c6d-e718-4a4b-87ef-e8ecf0cc7d98,ad82b755-9356-43cb-b0c2-cf83d0f4a4c6,4742,1af92583-e2ed-461f-b5b0-f4fedd974648,Myclobutanil,mono-constituent substance,73d6166e-7466-42ba-92f8-31cc5cd98346,HZJKXKUJVSEEFU-UHFFFAOYSA-N,HZJKXKUJVSEEFU,HZJKXKUJVSEEFU,CCCCC(C#N)(Cn1cncn1)c1ccc(Cl)cc1,False,1,88671-89-0,Clc1ccc(cc1)C(CCCC)(Cn2cncn2)C#N,"InChI=1S/C15H17ClN4/c1-2-3-8-15(9-17,10-20-12-18-11-19-20)13-4-6-14(16)7-5-13/h4-7,11-12H,2-3,8,10H2,1H3",Oral,LD50,,other:,µg/piece,µg/piece,species_based_piece_to_bee,33.9,>,,,censored_or_approximate,72.0,h,72.0,Systhane 20 EW,,,mortality,True,bc7efd25-a5f6-4982-b682-37f8f9064ff6,"EFSA Journal 2010,8(10):1682, doi:10.2903/j.efsa.2010.1682",2010.0,True,True,True,True,False,True,False,0,0,-1,True,structure_screen_only,True,False
60f69a5a-9ccb-44b7-a1fb-6989360b70d2,fba80689-7513-4e75-b09c-bb7fe2cb386a,4752,36ebb297-7e7a-40d6-8641-5136c49e3768,Calcium carbonate,mono-constituent substance,96dbdb72-28f9-42fe-a447-2a45038d08cf,VTYYLEPIZMXCLO-UHFFFAOYSA-L,VTYYLEPIZMXCLO,BVKZGUZCCUSVTD,O=C([O-])[O-].[Ca+2],False,2,471-34-1,C(=O)([O-])[O-].[Ca+2],"InChI=1S/CH2O3.Ca/c2-1(3)4;/h(H2,2,3,4);/q;+2/p-2",Contact,LD50,,other:,µg/piece,µg/piece,species_based_piece_to_bee,343.0,,,,exact,,,,FLU17516,,,mortality,True,2aa5019b-1460-4c1e-90e6-634ce097e750,doi:10.2903/j.efsa.2021.6500,2021.0,True,True,True,True,True,True,False,0,0,0,True,structure_screen_only,True,False
a0c9cf59-820b-48c1-a8ca-0a417eb1f35d,7c980b50-51af-4d79-8363-493f20bfb465,4753,4412b913-a7f6-47b8-91b4-fc89ae57a62e,Prohexadione-calcium,mono-constituent substance,6f0b62b2-7f93-4e5b-a5cb-b5ddd1f121b7,RDBCHBRIMXKNAM-UHFFFAOYSA-N,RDBCHBRIMXKNAM,BUCOQPHDYUOJSI,CCC(=O)[C-]1C(=O)CC(C(=O)O)CC1=O.[Ca+2].[Ca],False,3,127277-53-6,[Ca].[Ca+2].O=C(O)C1CC(=O)[C-](C(=O)CC)C(=O)C1,"InChI=1S/C10H11O5.2Ca/c1-2-6(11)9-7(12)3-5(10(14)15)4-8(9)13;;/h5H,2-4H2,1H3,(H,14,15);;/q-1;;+2",Oral,LD50,,other:,µg/piece,µg/piece,species_based_piece_to_bee,100.0,>,,,censored_or_approximate,,,,,,,mortality,False,ab45a605-c495-43d8-ac7e-8a44463893a5,doi:10.2903/j.efsa.2010.1555,2010.0,False,False,True,True,True,True,False,0,0,0,True,structure_screen_only,True,False
1848212b-d9e8-433d-a851-7d22a0ce697b,d2ea99f1-9833-43b3-a32c-9850b72abf34,4754,b949e67b-7ab5-4298-8839-59dd051b0e55,Propaquizafop,mono-constituent substance,df5314df-d3b5-4b04-92e9-9d636cea5b35,FROBCXTULYFHEJ-OAHLLOKOSA-N,FROBCXTULYFHEJ,FROBCXTULYFHEJ,CC(C)=NOCCOC(=O)[C@@H](C)Oc1ccc(Oc2cnc3cc(Cl)ccc3n2)cc1,False,1,111479-05-1,C[C@H](C(=O)OCCON=C(C)C)OC1=CC=C(C=C1)OC2=CN=C3C=C(C=CC3=N2)Cl,"InChI=1S/C22H22ClN3O5/c1-14(2)26-29-11-10-28-22(27)15(3)30-17-5-7-18(8-6-17)31-21-13-24-20-12-16(23)4-9-19(20)25-21/h4-9,12-13,15H,10-11H2,1-3H3/t15-/m1/s1",Oral,LD50,,other:,µg/piece,µg/piece,species_based_piece_to_bee,20.0,>,,,censored_or_approximate,48.0,h,48.0,,,,mortality,False,936e2125-40bf-4f5a-84cc-29ee98a08f3b,doi:10.2903/j.efsa.2009.204r,2009.0,False,True,True,True,True,True,False,0,0,-1,True,structure_screen_only,True,True
494acced-4da0-4a3b-956d-42ea386de9ed,7f6d4f6f-7adc-4d2e-8821-ee06d778943b,4756,ef3431e8-8925-4d86-8f91-f4cea6192659,S-metolachlor (sum of isomers),multi-constituent substance,602c2161-981e-4bb1-b0e6-25879583d6e3,WVQBLGZPHOPPFO-UHFFFAOYSA-N,WVQBLGZPHOPPFO,WVQBLGZPHOPPFO,CCc1cccc(C)c1N(C(=O)CCl)C(C)COC,False,1,,CCC1=CC=CC(=C1N(C(C)COC)C(=O)CCl)C,"InChI=1S/C15H22ClNO2/c1-5-13-8-6-7-11(2)15(13)17(14(18)9-16)12(3)10-19-4/h6-8,12H,5,9-10H2,1-4H3",Contact,LD50,,µg/bee,,µg/bee,direct_ug_bee,200.0,>,,,censored_or_approximate,72.0,h,72.0,,,,mortality,False,cd6b1bdf-e02a-4e7f-a1d7-ee1ffdb77fbf,"EFSA Journal 2023,21(2):7852, doi:10.2903/j.efsa.2023.7852",2023.0,True,True,True,False,False,False,False,0,0,0,True,structure_screen_only,False,False
