excel_row,name,PCCODE,Type,Chemical Class,General MOA,LD50 (μg/bee),LD50 (μg/bee).1,NOAEL (μg/bee/day),LD50 (μg/bee).2,LD50 (μg/bee).3,NOAEL (μg/bee/day).1,Unnamed: 11,Unnamed: 12,smiles_input,inchi_input,supplied_key,canonical_smiles,inchikey,connectivity,parent_connectivity,fragments,structure_status,parent_status,inchi_smiles_disagree,mapping_method,mapping_reference,mapping_query,mapping_CAS,pubchem_cid,candidate_records,local_candidate_keys,candidate_connectivities,overlap_inchikey,overlap_connectivity,overlap_parent_connectivity,CAS,substance_id,same_CAS_in_apistox,same_name_in_apistox,identity_conflict_or_same_chemical,conservative_unseen_candidate,route,endpoint,lower_ug_bee,lower_qualifier,value_kind,raw_value,source_cell,MRID_mapping_status,MRID,y_1,y_11,y_100
8,"2,4-D",030001,Herbicide,Phenoxy-carboxylic-acids,Plant Growth Regulator,>18.13,,,,6,6.5,3.25,3.25,C1=CC(=C(C=C1Cl)Cl)OCC(=O)O,"InChI=1S/C8H6Cl2O3/c9-5-1-2-7(6(10)3-5)13-4-8(11)12/h1-3H,4H2,(H,11,12)",,O=C(O)COc1ccc(Cl)cc1Cl,OVSKIKFHRZPJSS-UHFFFAOYSA-N,OVSKIKFHRZPJSS,OVSKIKFHRZPJSS,1,resolved,resolved,False,OFT exact name,adf1912c-4c16-4aeb-af59-9ce43a87d014,"2,4-D",94-75-7,,,,,True,True,True,94-75-7,030001,True,True,True,False,Contact,LD50,18.13,>,censored,>18.13,F8,unique_PCCODE,-,0,0,-1
9,Abamectin,122804,Insecticide,Glycosides,Neurotoxicant,0.0023,0.0044,0.000166,0.0011,0.000498,0.000623,,3.0,CC[C@H](C)[C@@H]1[C@H](C=C[C@@]2(O1)C[C@@H]3C[C@H](O2)C/C=C(/[C@H]([C@H](/C=C/C=C/4\CO[C@H]5[C@@]4([C@@H](C=C([C@H]5O)C)C(=O)O3)O)C)O[C@H]6C[C@@H]([C@H]([C@@H](O6)C)O[C@H]7C[C@@H]([C@H]([C@@H](O7)C)O)OC)OC)\C)C.C[C@H]1/C=C/C=C/2\CO[C@H]3[C@@]2([C@@H](C=C([C@H]3O)C)C(=O)O[C@H]4C[C@@H](C/C=C(/[C@H]1O[C@H]5C[C@@H]([C@H]([C@@H](O5)C)O[C@H]6C[C@@H]([C@H]([C@@H](O6)C)O)OC)OC)\C)O[C@]7(C4)C=C[C@@H]([C@H](O7)C(C)C)C)O,"InChI=1S/C48H72O14.C47H70O14/c1-11-25(2)43-28(5)17-18-47(62-43)23-34-20-33(61-47)16-15-27(4)42(26(3)13-12-14-32-24-55-45-40(49)29(6)19-35(46(51)58-34)48(32,45)52)59-39-22-37(54-10)44(31(8)57-39)60-38-21-36(53-9)41(50)30(7)56-38;1-24(2)41-27(5)16-17-46(61-41)22-33-19-32(60-46)15-14-26(4)42(25(3)12-11-13-31-23-54-44-39(48)28(6)18-34(45(50)57-33)47(31,44)51)58-38-21-36(53-10)43(30(8)56-38)59-37-20-35(52-9)40(49)29(7)55-37/h12-15,17-19,25-26,28,30-31,33-45,49-50,52H,11,16,20-24H2,1-10H3;11-14,16-18,24-25,27,29-30,32-44,48-49,51H,15,19-23H2,1-10H3/b13-12+,27-15+,32-14+;12-11+,26-14+,31-13+/t25-,26-,28-,30-,31-,33+,34-,35-,36-,37-,38-,39-,40+,41-,42-,43+,44-,45+,47+,48+;25-,27-,29-,30-,32+,33-,34-,35-,36-,37-,38-,39+,40-,41+,42-,43-,44+,46+,47+/m00/s1",IBSREHMXUMOFBB-JFUDTMANSA-N,CC[C@H](C)[C@H]1O[C@]2(C=C[C@@H]1C)C[C@@H]1C[C@@H](C/C=C(\C)[C@@H](O[C@H]3C[C@H](OC)[C@@H](O[C@H]4C[C@H](OC)[C@@H](O)[C@H](C)O4)[C@H](C)O3)[C@@H](C)/C=C/C=C3\CO[C@@H]4[C@H](O)C(C)=C[C@@H](C(=O)O1)[C@]34O)O2.CO[C@H]1C[C@H](O[C@H]2[C@H](C)O[C@@H](O[C@@H]3/C(C)=C/C[C@@H]4C[C@@H](C[C@]5(C=C[C@H](C)[C@@H](C(C)C)O5)O4)OC(=O)[C@@H]4C=C(C)[C@@H](O)[C@H]5OC/C(=C\C=C\[C@@H]3C)[C@]54O)C[C@@H]2OC)O[C@@H](C)[C@@H]1O,IBSREHMXUMOFBB-JFUDTMANSA-N,IBSREHMXUMOFBB,RRZXIRBKKLTSOM,2,resolved,resolved,False,PubChem name,"https://pubchem.ncbi.nlm.nih.gov/rest/pug/compound/name/Abamectin/property/InChIKey,InChI,IsomericSMILES/JSON",Abamectin,,9920327.0,,,,False,True,True,,122804,False,True,True,False,Contact,LD50,0.0023,,exact,0.0023,F9,unique_PCCODE,49226803,1,1,1
9,Abamectin,122804,Insecticide,Glycosides,Neurotoxicant,0.0023,0.0044,0.000166,0.0011,0.000498,0.000623,,3.0,CC[C@H](C)[C@@H]1[C@H](C=C[C@@]2(O1)C[C@@H]3C[C@H](O2)C/C=C(/[C@H]([C@H](/C=C/C=C/4\CO[C@H]5[C@@]4([C@@H](C=C([C@H]5O)C)C(=O)O3)O)C)O[C@H]6C[C@@H]([C@H]([C@@H](O6)C)O[C@H]7C[C@@H]([C@H]([C@@H](O7)C)O)OC)OC)\C)C.C[C@H]1/C=C/C=C/2\CO[C@H]3[C@@]2([C@@H](C=C([C@H]3O)C)C(=O)O[C@H]4C[C@@H](C/C=C(/[C@H]1O[C@H]5C[C@@H]([C@H]([C@@H](O5)C)O[C@H]6C[C@@H]([C@H]([C@@H](O6)C)O)OC)OC)\C)O[C@]7(C4)C=C[C@@H]([C@H](O7)C(C)C)C)O,"InChI=1S/C48H72O14.C47H70O14/c1-11-25(2)43-28(5)17-18-47(62-43)23-34-20-33(61-47)16-15-27(4)42(26(3)13-12-14-32-24-55-45-40(49)29(6)19-35(46(51)58-34)48(32,45)52)59-39-22-37(54-10)44(31(8)57-39)60-38-21-36(53-9)41(50)30(7)56-38;1-24(2)41-27(5)16-17-46(61-41)22-33-19-32(60-46)15-14-26(4)42(25(3)12-11-13-31-23-54-44-39(48)28(6)18-34(45(50)57-33)47(31,44)51)58-38-21-36(53-10)43(30(8)56-38)59-37-20-35(52-9)40(49)29(7)55-37/h12-15,17-19,25-26,28,30-31,33-45,49-50,52H,11,16,20-24H2,1-10H3;11-14,16-18,24-25,27,29-30,32-44,48-49,51H,15,19-23H2,1-10H3/b13-12+,27-15+,32-14+;12-11+,26-14+,31-13+/t25-,26-,28-,30-,31-,33+,34-,35-,36-,37-,38-,39-,40+,41-,42-,43+,44-,45+,47+,48+;25-,27-,29-,30-,32+,33-,34-,35-,36-,37-,38-,39+,40-,41+,42-,43-,44+,46+,47+/m00/s1",IBSREHMXUMOFBB-JFUDTMANSA-N,CC[C@H](C)[C@H]1O[C@]2(C=C[C@@H]1C)C[C@@H]1C[C@@H](C/C=C(\C)[C@@H](O[C@H]3C[C@H](OC)[C@@H](O[C@H]4C[C@H](OC)[C@@H](O)[C@H](C)O4)[C@H](C)O3)[C@@H](C)/C=C/C=C3\CO[C@@H]4[C@H](O)C(C)=C[C@@H](C(=O)O1)[C@]34O)O2.CO[C@H]1C[C@H](O[C@H]2[C@H](C)O[C@@H](O[C@@H]3/C(C)=C/C[C@@H]4C[C@@H](C[C@]5(C=C[C@H](C)[C@@H](C(C)C)O5)O4)OC(=O)[C@@H]4C=C(C)[C@@H](O)[C@H]5OC/C(=C\C=C\[C@@H]3C)[C@]54O)C[C@@H]2OC)O[C@@H](C)[C@@H]1O,IBSREHMXUMOFBB-JFUDTMANSA-N,IBSREHMXUMOFBB,RRZXIRBKKLTSOM,2,resolved,resolved,False,PubChem name,"https://pubchem.ncbi.nlm.nih.gov/rest/pug/compound/name/Abamectin/property/InChIKey,InChI,IsomericSMILES/JSON",Abamectin,,9920327.0,,,,False,True,True,,122804,False,True,True,False,Oral,LD50,0.0044,,exact,0.0044,G9,unique_PCCODE,49226803,1,1,1
10,Acequinocyl,006329,Insecticide,Naphthoquinone derivatives,Respiration Inhibitors/Regulators,>100,,0.47,1.2,>0.43,0.43,0.43,0.43,CC(=O)OC2=C(CCCCCCCCCCCC)C(=O)c1ccccc1C2=O,"InChI=1S/C24H32O4/c1-3-4-5-6-7-8-9-10-11-12-17-21-22(26)19-15-13-14-16-20(19)23(27)24(21)28-18(2)25/h13-16H,3-12,17H2,1-2H3",,CCCCCCCCCCCCC1=C(OC(C)=O)C(=O)c2ccccc2C1=O,QDRXWCAVUNHOGA-UHFFFAOYSA-N,QDRXWCAVUNHOGA,QDRXWCAVUNHOGA,1,resolved,resolved,False,OFT exact name,e5c48ac5-2c2b-4daa-8342-60280fb27f53,Acequinocyl,57960-19-7,,,,,True,True,True,57960-19-7,006329,True,False,True,False,Contact,LD50,100.0,>,censored,>100,F10,unique_PCCODE,45435007,0,0,0
11,Acetamiprid,099050,Insecticide,Neonicotinoids,Neurotoxicant,8.1,>10.21,2.42,1.16,5.43,0.35,0.12,0.12,CC(=NC#N)N(C)CC1=CN=C(C=C1)Cl,"InChI=1S/C10H11ClN4/c1-8(14-7-12)15(2)6-9-3-4-10(11)13-5-9/h3-5H,6H2,1-2H3",,CC(=NC#N)N(C)Cc1ccc(Cl)nc1,WCXDHFDTOYPNIE-UHFFFAOYSA-N,WCXDHFDTOYPNIE,WCXDHFDTOYPNIE,1,resolved,resolved,False,OFT exact name,84becbb6-6540-4ba0-8fcb-282d49934117,Acetamiprid,135410-20-7,,,,,True,True,True,135410-20-7,099050,True,True,True,False,Contact,LD50,8.1,,exact,8.1,F11,unique_PCCODE,44651874,0,1,1
11,Acetamiprid,099050,Insecticide,Neonicotinoids,Neurotoxicant,8.1,>10.21,2.42,1.16,5.43,0.35,0.12,0.12,CC(=NC#N)N(C)CC1=CN=C(C=C1)Cl,"InChI=1S/C10H11ClN4/c1-8(14-7-12)15(2)6-9-3-4-10(11)13-5-9/h3-5H,6H2,1-2H3",,CC(=NC#N)N(C)Cc1ccc(Cl)nc1,WCXDHFDTOYPNIE-UHFFFAOYSA-N,WCXDHFDTOYPNIE,WCXDHFDTOYPNIE,1,resolved,resolved,False,OFT exact name,84becbb6-6540-4ba0-8fcb-282d49934117,Acetamiprid,135410-20-7,,,,,True,True,True,135410-20-7,099050,True,True,True,False,Oral,LD50,10.21,>,censored,>10.21,G11,unique_PCCODE,44651874,0,-1,-1
12,Acetochlor,121601,Herbicide,Chloroacetanilide,Plant Biosynthesis inhibitors,>200,>100,,26.5,11.8,4.65,4.65,4.65,CCC1=CC=CC(=C1N(COCC)C(=O)CCl)C,"InChI=1S/C14H20ClNO2/c1-4-12-8-6-7-11(3)14(12)16(10-18-5-2)13(17)9-15/h6-8H,4-5,9-10H2,1-3H3",,CCOCN(C(=O)CCl)c1c(C)cccc1CC,VTNQPKFIQCLBDU-UHFFFAOYSA-N,VTNQPKFIQCLBDU,VTNQPKFIQCLBDU,1,resolved,resolved,False,OFT exact name,bcaed19d-d087-4400-ae4d-a2077154c771,Acetochlor,34256-82-1,,,,,True,True,True,34256-82-1,121601,True,False,True,False,Contact,LD50,200.0,>,censored,>200,F12,unique_PCCODE,41565142,0,0,0
12,Acetochlor,121601,Herbicide,Chloroacetanilide,Plant Biosynthesis inhibitors,>200,>100,,26.5,11.8,4.65,4.65,4.65,CCC1=CC=CC(=C1N(COCC)C(=O)CCl)C,"InChI=1S/C14H20ClNO2/c1-4-12-8-6-7-11(3)14(12)16(10-18-5-2)13(17)9-15/h6-8H,4-5,9-10H2,1-3H3",,CCOCN(C(=O)CCl)c1c(C)cccc1CC,VTNQPKFIQCLBDU-UHFFFAOYSA-N,VTNQPKFIQCLBDU,VTNQPKFIQCLBDU,1,resolved,resolved,False,OFT exact name,bcaed19d-d087-4400-ae4d-a2077154c771,Acetochlor,34256-82-1,,,,,True,True,True,34256-82-1,121601,True,False,True,False,Oral,LD50,100.0,>,censored,>100,G12,unique_PCCODE,41565142,0,0,0
13,Acibenzolar-S-methyl,061402,Fungicide,Benzothiadiazole,Plant Defense,>100,>128.3,,,>21,5.1,21,21.0,CSC(=O)C1=C2C(=CC=C1)N=NS2,"InChI=1S/C8H6N2OS2/c1-12-8(11)5-3-2-4-6-7(5)13-10-9-6/h2-4H,1H3",,CSC(=O)c1cccc2nnsc12,UELITFHSCLAHKR-UHFFFAOYSA-N,UELITFHSCLAHKR,UELITFHSCLAHKR,1,resolved,resolved,False,OFT exact name,675e59b4-b541-468e-9957-62a46854703c,Acibenzolar-S-methyl,135158-54-2,,,,,True,True,True,135158-54-2,061402,True,False,True,False,Contact,LD50,100.0,>,censored,>100,F13,unique_PCCODE,44537033,0,0,0
13,Acibenzolar-S-methyl,061402,Fungicide,Benzothiadiazole,Plant Defense,>100,>128.3,,,>21,5.1,21,21.0,CSC(=O)C1=C2C(=CC=C1)N=NS2,"InChI=1S/C8H6N2OS2/c1-12-8(11)5-3-2-4-6-7(5)13-10-9-6/h2-4H,1H3",,CSC(=O)c1cccc2nnsc12,UELITFHSCLAHKR-UHFFFAOYSA-N,UELITFHSCLAHKR,UELITFHSCLAHKR,1,resolved,resolved,False,OFT exact name,675e59b4-b541-468e-9957-62a46854703c,Acibenzolar-S-methyl,135158-54-2,,,,,True,True,True,135158-54-2,061402,True,False,True,False,Oral,LD50,128.3,>,censored,>128.3,G13,unique_PCCODE,44537033,0,0,0
14,Afidopyropen,026200,Insecticide,Pyropene,Neurotoxicant,>200,>100,73.31,,,,,,C[C@]12CC[C@@H]([C@@]([C@@H]1C[C@@H]([C@@]3([C@@H]2[C@H](C4=C(O3)C=C(OC4=O)C5=CN=CC=C5)O)C)O)(C)COC(=O)C6CC6)OC(=O)C7CC7,"InChI=1S/C33H39NO9/c1-31-11-10-24(42-29(38)18-8-9-18)32(2,16-40-28(37)17-6-7-17)22(31)14-23(35)33(3)27(31)26(36)25-21(43-33)13-20(41-30(25)39)19-5-4-12-34-15-19/h4-5,12-13,15,17-18,22-24,26-27,35-36H,6-11,14,16H2,1-3H3/t22-,23+,24+,26+,27-,31+,32+,33-/m1/s1",LRZWFURXIMFONG-HRSIRGMGSA-N,C[C@]1(COC(=O)C2CC2)[C@@H]2C[C@H](O)[C@@]3(C)Oc4cc(-c5cccnc5)oc(=O)c4[C@H](O)[C@@H]3[C@@]2(C)CC[C@@H]1OC(=O)C1CC1,LRZWFURXIMFONG-HRSIRGMGSA-N,LRZWFURXIMFONG,LRZWFURXIMFONG,1,resolved,resolved,False,PubChem name,"https://pubchem.ncbi.nlm.nih.gov/rest/pug/compound/name/Afidopyropen/property/InChIKey,InChI,IsomericSMILES/JSON",Afidopyropen,,54589430.0,,,,False,True,True,,026200,False,False,False,False,Contact,LD50,200.0,>,censored,>200,F14,unique_PCCODE,49689106,0,0,0
14,Afidopyropen,026200,Insecticide,Pyropene,Neurotoxicant,>200,>100,73.31,,,,,,C[C@]12CC[C@@H]([C@@]([C@@H]1C[C@@H]([C@@]3([C@@H]2[C@H](C4=C(O3)C=C(OC4=O)C5=CN=CC=C5)O)C)O)(C)COC(=O)C6CC6)OC(=O)C7CC7,"InChI=1S/C33H39NO9/c1-31-11-10-24(42-29(38)18-8-9-18)32(2,16-40-28(37)17-6-7-17)22(31)14-23(35)33(3)27(31)26(36)25-21(43-33)13-20(41-30(25)39)19-5-4-12-34-15-19/h4-5,12-13,15,17-18,22-24,26-27,35-36H,6-11,14,16H2,1-3H3/t22-,23+,24+,26+,27-,31+,32+,33-/m1/s1",LRZWFURXIMFONG-HRSIRGMGSA-N,C[C@]1(COC(=O)C2CC2)[C@@H]2C[C@H](O)[C@@]3(C)Oc4cc(-c5cccnc5)oc(=O)c4[C@H](O)[C@@H]3[C@@]2(C)CC[C@@H]1OC(=O)C1CC1,LRZWFURXIMFONG-HRSIRGMGSA-N,LRZWFURXIMFONG,LRZWFURXIMFONG,1,resolved,resolved,False,PubChem name,"https://pubchem.ncbi.nlm.nih.gov/rest/pug/compound/name/Afidopyropen/property/InChIKey,InChI,IsomericSMILES/JSON",Afidopyropen,,54589430.0,,,,False,True,True,,026200,False,False,False,False,Oral,LD50,100.0,>,censored,>100,G14,unique_PCCODE,49689106,0,0,0
15,Ametoctradin,119210,Fungicide,Triazolo-pyrimidylamine,Respiration Inhibitors/Regulators,>100,>111.5,,,,,,,n1c(c(c(n2ncnc12)N)CCCCCCCC)CC,"InChI=1S/C15H25N5/c1-3-5-6-7-8-9-10-12-13(4-2)19-15-17-11-18-20(15)14(12)16/h11H,3-10,16H2,1-2H3",,CCCCCCCCc1c(CC)nc2ncnn2c1N,GGKQIOFASHYUJZ-UHFFFAOYSA-N,GGKQIOFASHYUJZ,GGKQIOFASHYUJZ,1,resolved,resolved,False,OFT exact name,ee12daed-d708-4336-973a-48cc88923f2a,Ametoctradin,865318-97-4,,,,,True,True,True,865318-97-4,119210,True,True,True,False,Contact,LD50,100.0,>,censored,>100,F15,unique_PCCODE,47700183,0,0,0
15,Ametoctradin,119210,Fungicide,Triazolo-pyrimidylamine,Respiration Inhibitors/Regulators,>100,>111.5,,,,,,,n1c(c(c(n2ncnc12)N)CCCCCCCC)CC,"InChI=1S/C15H25N5/c1-3-5-6-7-8-9-10-12-13(4-2)19-15-17-11-18-20(15)14(12)16/h11H,3-10,16H2,1-2H3",,CCCCCCCCc1c(CC)nc2ncnn2c1N,GGKQIOFASHYUJZ-UHFFFAOYSA-N,GGKQIOFASHYUJZ,GGKQIOFASHYUJZ,1,resolved,resolved,False,OFT exact name,ee12daed-d708-4336-973a-48cc88923f2a,Ametoctradin,865318-97-4,,,,,True,True,True,865318-97-4,119210,True,True,True,False,Oral,LD50,111.5,>,censored,>111.5,G15,unique_PCCODE,47700183,0,0,0
16,Amicarbazone,114004,Herbicide,Triazolinones,Photosynthesis,>200,24.4,1.1,45,5.2,2.4,2.4,2.4,CC(C)C1=NN(C(=O)N1N)C(=O)NC(C)(C)C,"InChI=1S/C10H19N5O2/c1-6(2)7-13-15(9(17)14(7)11)8(16)12-10(3,4)5/h6H,11H2,1-5H3,(H,12,16)",ORFPWVRKFLOQHK-UHFFFAOYSA-N,CC(C)c1nn(C(=O)NC(C)(C)C)c(=O)n1N,ORFPWVRKFLOQHK-UHFFFAOYSA-N,ORFPWVRKFLOQHK,ORFPWVRKFLOQHK,1,resolved,resolved,False,PubChem name,"https://pubchem.ncbi.nlm.nih.gov/rest/pug/compound/name/Amicarbazone/property/InChIKey,InChI,IsomericSMILES/JSON",Amicarbazone,,153920.0,,,,True,True,True,,114004,False,False,False,False,Contact,LD50,200.0,>,censored,>200,F16,unique_PCCODE,45121816,0,0,0
16,Amicarbazone,114004,Herbicide,Triazolinones,Photosynthesis,>200,24.4,1.1,45,5.2,2.4,2.4,2.4,CC(C)C1=NN(C(=O)N1N)C(=O)NC(C)(C)C,"InChI=1S/C10H19N5O2/c1-6(2)7-13-15(9(17)14(7)11)8(16)12-10(3,4)5/h6H,11H2,1-5H3,(H,12,16)",ORFPWVRKFLOQHK-UHFFFAOYSA-N,CC(C)c1nn(C(=O)NC(C)(C)C)c(=O)n1N,ORFPWVRKFLOQHK-UHFFFAOYSA-N,ORFPWVRKFLOQHK,ORFPWVRKFLOQHK,1,resolved,resolved,False,PubChem name,"https://pubchem.ncbi.nlm.nih.gov/rest/pug/compound/name/Amicarbazone/property/InChIKey,InChI,IsomericSMILES/JSON",Amicarbazone,,153920.0,,,,True,True,True,,114004,False,False,False,False,Oral,LD50,24.4,,exact,24.4,G16,unique_PCCODE,45121816,0,0,1
17,Benzobicyclon,215101,Herbicide,Others,Pigment Synthesis,>200,>200,,,,,,,CS(=O)(=O)C1=CC(=C(C=C1)C(=O)C2=C(C3CCC(C3)C2=O)SC4=CC=CC=C4)Cl,"InChI=1S/C22H19ClO4S2/c1-29(26,27)16-9-10-17(18(23)12-16)21(25)19-20(24)13-7-8-14(11-13)22(19)28-15-5-3-2-4-6-15/h2-6,9-10,12-14H,7-8,11H2,1H3",VIXCLRUCUMWJFF-UHFFFAOYSA-N,CS(=O)(=O)c1ccc(C(=O)C2=C(Sc3ccccc3)C3CCC(C3)C2=O)c(Cl)c1,VIXCLRUCUMWJFF-UHFFFAOYSA-N,VIXCLRUCUMWJFF,VIXCLRUCUMWJFF,1,resolved,resolved,False,PubChem name,"https://pubchem.ncbi.nlm.nih.gov/rest/pug/compound/name/Benzobicyclon/property/InChIKey,InChI,IsomericSMILES/JSON",Benzobicyclon,,11236201.0,,,,True,True,True,,215101,False,False,False,False,Contact,LD50,200.0,>,censored,>200,F17,unique_PCCODE,48986171,0,0,0
17,Benzobicyclon,215101,Herbicide,Others,Pigment Synthesis,>200,>200,,,,,,,CS(=O)(=O)C1=CC(=C(C=C1)C(=O)C2=C(C3CCC(C3)C2=O)SC4=CC=CC=C4)Cl,"InChI=1S/C22H19ClO4S2/c1-29(26,27)16-9-10-17(18(23)12-16)21(25)19-20(24)13-7-8-14(11-13)22(19)28-15-5-3-2-4-6-15/h2-6,9-10,12-14H,7-8,11H2,1H3",VIXCLRUCUMWJFF-UHFFFAOYSA-N,CS(=O)(=O)c1ccc(C(=O)C2=C(Sc3ccccc3)C3CCC(C3)C2=O)c(Cl)c1,VIXCLRUCUMWJFF-UHFFFAOYSA-N,VIXCLRUCUMWJFF,VIXCLRUCUMWJFF,1,resolved,resolved,False,PubChem name,"https://pubchem.ncbi.nlm.nih.gov/rest/pug/compound/name/Benzobicyclon/property/InChIKey,InChI,IsomericSMILES/JSON",Benzobicyclon,,11236201.0,,,,True,True,True,,215101,False,False,False,False,Oral,LD50,200.0,>,censored,>200,G17,unique_PCCODE,48986171,0,0,0
18,Benzovindiflupyr,122305,Fungicide,Pyrazole-Carboximides,Respiration Inhibitors/Regulators,>100,>109,,,>5.38,5.38,5.38,5.38,O=C(NC1=CC=CC2=C1C3C(=C(Cl)Cl)C2CC3)C4=CN(N=C4C(F)F)C,"InChI=1S/C18H15Cl2F2N3O/c1-25-7-11(15(24-25)17(21)22)18(26)23-12-4-2-3-8-9-5-6-10(13(8)12)14(9)16(19)20/h2-4,7,9-10,17H,5-6H2,1H3,(H,23,26)",,Cn1cc(C(=O)Nc2cccc3c2C2CCC3C2=C(Cl)Cl)c(C(F)F)n1,CCCGEKHKTPTUHJ-UHFFFAOYSA-N,CCCGEKHKTPTUHJ,CCCGEKHKTPTUHJ,1,resolved,resolved,False,OFT exact name,6121a0de-2256-44b5-acc5-45078aed0e68,Benzovindiflupyr,1072957-71-1,,,,,True,True,True,1072957-71-1,122305,True,False,True,False,Contact,LD50,100.0,>,censored,>100,F18,unique_PCCODE,48604527,0,0,0
18,Benzovindiflupyr,122305,Fungicide,Pyrazole-Carboximides,Respiration Inhibitors/Regulators,>100,>109,,,>5.38,5.38,5.38,5.38,O=C(NC1=CC=CC2=C1C3C(=C(Cl)Cl)C2CC3)C4=CN(N=C4C(F)F)C,"InChI=1S/C18H15Cl2F2N3O/c1-25-7-11(15(24-25)17(21)22)18(26)23-12-4-2-3-8-9-5-6-10(13(8)12)14(9)16(19)20/h2-4,7,9-10,17H,5-6H2,1H3,(H,23,26)",,Cn1cc(C(=O)Nc2cccc3c2C2CCC3C2=C(Cl)Cl)c(C(F)F)n1,CCCGEKHKTPTUHJ-UHFFFAOYSA-N,CCCGEKHKTPTUHJ,CCCGEKHKTPTUHJ,1,resolved,resolved,False,OFT exact name,6121a0de-2256-44b5-acc5-45078aed0e68,Benzovindiflupyr,1072957-71-1,,,,,True,True,True,1072957-71-1,122305,True,False,True,False,Oral,LD50,109.0,>,censored,>109,G18,unique_PCCODE,48604527,0,0,0
19,Bicyclopyrone,018986,Herbicide,Others,Pigment Synthesis,>200,>212.2,,>100,,,,,,,,,,,,0,unresolved,unresolved,False,unresolved/ambiguous,"https://pubchem.ncbi.nlm.nih.gov/rest/pug/compound/name/Bicyclopyrone/property/InChIKey,InChI,IsomericSMILES/JSON",Bicyclopyrone,,,2.0,0.0,AIAYSXFWIUNXRC,False,False,False,,018986,False,False,False,False,Contact,LD50,200.0,>,censored,>200,F19,unique_PCCODE,47842096,0,0,0
19,Bicyclopyrone,018986,Herbicide,Others,Pigment Synthesis,>200,>212.2,,>100,,,,,,,,,,,,0,unresolved,unresolved,False,unresolved/ambiguous,"https://pubchem.ncbi.nlm.nih.gov/rest/pug/compound/name/Bicyclopyrone/property/InChIKey,InChI,IsomericSMILES/JSON",Bicyclopyrone,,,2.0,0.0,AIAYSXFWIUNXRC,False,False,False,,018986,False,False,False,False,Oral,LD50,212.2,>,censored,>212.2,G19,unique_PCCODE,47842096,0,0,0
20,Bispyribac-sodium,078906,Herbicide,Pyrimidinylthiobenzoates,Plant Biosynthesis inhibitors,>25,>78,30.0,,>25,25,,25.0,COC1=CC(=NC(=N1)OC2=C(C(=CC=C2)OC3=NC(=CC(=N3)OC)OC)C(=O)[O-])OC.[Na+],"InChI=1S/C19H18N4O8.Na/c1-26-12-8-13(27-2)21-18(20-12)30-10-6-5-7-11(16(10)17(24)25)31-19-22-14(28-3)9-15(23-19)29-4;/h5-9H,1-4H3,(H,24,25);/q;+1/p-1",,COc1cc(OC)nc(Oc2cccc(Oc3nc(OC)cc(OC)n3)c2C(=O)[O-])n1.[Na+],FUHMZYWBSHTEDZ-UHFFFAOYSA-M,FUHMZYWBSHTEDZ,RYVIXQCRCQLFCM,2,resolved,resolved,False,OFT exact name,9b387887-0c1a-4d98-98ef-6db625ce753b,Bispyribac-sodium,125401-92-5,,,,,True,True,True,125401-92-5,078906,True,False,True,False,Contact,LD50,25.0,>,censored,>25,F20,unique_PCCODE,44889224,0,0,-1
20,Bispyribac-sodium,078906,Herbicide,Pyrimidinylthiobenzoates,Plant Biosynthesis inhibitors,>25,>78,30.0,,>25,25,,25.0,COC1=CC(=NC(=N1)OC2=C(C(=CC=C2)OC3=NC(=CC(=N3)OC)OC)C(=O)[O-])OC.[Na+],"InChI=1S/C19H18N4O8.Na/c1-26-12-8-13(27-2)21-18(20-12)30-10-6-5-7-11(16(10)17(24)25)31-19-22-14(28-3)9-15(23-19)29-4;/h5-9H,1-4H3,(H,24,25);/q;+1/p-1",,COc1cc(OC)nc(Oc2cccc(Oc3nc(OC)cc(OC)n3)c2C(=O)[O-])n1.[Na+],FUHMZYWBSHTEDZ-UHFFFAOYSA-M,FUHMZYWBSHTEDZ,RYVIXQCRCQLFCM,2,resolved,resolved,False,OFT exact name,9b387887-0c1a-4d98-98ef-6db625ce753b,Bispyribac-sodium,125401-92-5,,,,,True,True,True,125401-92-5,078906,True,False,True,False,Oral,LD50,78.0,>,censored,>78,G20,unique_PCCODE,50206903,0,0,-1
21,Bixafen,128400,Fungicide,Pyrazole-Carboximides,Respiration Inhibitors/Regulators,>100,>121.4,8.26,>100,,,,,FC(F)c3nn(C)cc3C(=O)Nc2ccc(F)cc2c1ccc(Cl)c(Cl)c1,"InChI=1S/C18H12Cl2F3N3O/c1-26-8-12(16(25-26)17(22)23)18(27)24-15-5-3-10(21)7-11(15)9-2-4-13(19)14(20)6-9/h2-8,17H,1H3,(H,24,27)",,Cn1cc(C(=O)Nc2ccc(F)cc2-c2ccc(Cl)c(Cl)c2)c(C(F)F)n1,LDLMOOXUCMHBMZ-UHFFFAOYSA-N,LDLMOOXUCMHBMZ,LDLMOOXUCMHBMZ,1,resolved,resolved,False,OFT exact name,8bf1b562-258d-4e52-8be0-b6711f4875e1,Bixafen,581809-46-3,,,,,True,True,True,581809-46-3,128400,True,False,True,False,Contact,LD50,100.0,>,censored,>100,F21,unique_PCCODE,-,0,0,0
21,Bixafen,128400,Fungicide,Pyrazole-Carboximides,Respiration Inhibitors/Regulators,>100,>121.4,8.26,>100,,,,,FC(F)c3nn(C)cc3C(=O)Nc2ccc(F)cc2c1ccc(Cl)c(Cl)c1,"InChI=1S/C18H12Cl2F3N3O/c1-26-8-12(16(25-26)17(22)23)18(27)24-15-5-3-10(21)7-11(15)9-2-4-13(19)14(20)6-9/h2-8,17H,1H3,(H,24,27)",,Cn1cc(C(=O)Nc2ccc(F)cc2-c2ccc(Cl)c(Cl)c2)c(C(F)F)n1,LDLMOOXUCMHBMZ-UHFFFAOYSA-N,LDLMOOXUCMHBMZ,LDLMOOXUCMHBMZ,1,resolved,resolved,False,OFT exact name,8bf1b562-258d-4e52-8be0-b6711f4875e1,Bixafen,581809-46-3,,,,,True,True,True,581809-46-3,128400,True,False,True,False,Oral,LD50,121.4,>,censored,>121.4,G21,unique_PCCODE,49877168,0,0,0
22,Boscalid,128008,Fungicide,Pyridine-Carboximides,Respiration Inhibitors/Regulators,>200,>166,,,>11,11,11,11.0,C1=CC=C(C(=C1)C2=CC=C(C=C2)Cl)NC(=O)C3=C(N=CC=C3)Cl,"InChI=1S/C18H12Cl2N2O/c19-13-9-7-12(8-10-13)14-4-1-2-6-16(14)22-18(23)15-5-3-11-21-17(15)20/h1-11H,(H,22,23)",,O=C(Nc1ccccc1-c1ccc(Cl)cc1)c1cccnc1Cl,WYEMLYFITZORAB-UHFFFAOYSA-N,WYEMLYFITZORAB,WYEMLYFITZORAB,1,resolved,resolved,False,OFT exact name,3e94ea29-1184-47c2-bf2a-89b36a715130,Boscalid,188425-85-6,,,,,True,True,True,188425-85-6,128008,True,False,True,False,Contact,LD50,200.0,>,censored,>200,F22,unique_PCCODE,48470202,0,0,0
22,Boscalid,128008,Fungicide,Pyridine-Carboximides,Respiration Inhibitors/Regulators,>200,>166,,,>11,11,11,11.0,C1=CC=C(C(=C1)C2=CC=C(C=C2)Cl)NC(=O)C3=C(N=CC=C3)Cl,"InChI=1S/C18H12Cl2N2O/c19-13-9-7-12(8-10-13)14-4-1-2-6-16(14)22-18(23)15-5-3-11-21-17(15)20/h1-11H,(H,22,23)",,O=C(Nc1ccccc1-c1ccc(Cl)cc1)c1cccnc1Cl,WYEMLYFITZORAB-UHFFFAOYSA-N,WYEMLYFITZORAB,WYEMLYFITZORAB,1,resolved,resolved,False,OFT exact name,3e94ea29-1184-47c2-bf2a-89b36a715130,Boscalid,188425-85-6,,,,,True,True,True,188425-85-6,128008,True,False,True,False,Oral,LD50,166.0,>,censored,>166,G22,unique_PCCODE,45405019,0,0,0
23,Bromoxynil,035301,Herbicide,Nitriles,Photosynthesis,159,3.3,3.5,,,,,,C1=C(C=C(C(=C1Br)O)Br)C#N,"InChI=1S/C7H3Br2NO/c8-5-1-4(3-10)2-6(9)7(5)11/h1-2,11H",,N#Cc1cc(Br)c(O)c(Br)c1,UPMXNNIRAGDFEH-UHFFFAOYSA-N,UPMXNNIRAGDFEH,UPMXNNIRAGDFEH,1,resolved,resolved,False,OFT exact name,ca8018c3-b6a0-4988-bdfd-a8f5c05d7926,Bromoxynil,1689-84-5,,,,,True,True,True,1689-84-5,035301,True,False,True,False,Contact,LD50,159.0,,exact,159,F23,unique_PCCODE,50109601,0,0,0
23,Bromoxynil,035301,Herbicide,Nitriles,Photosynthesis,159,3.3,3.5,,,,,,C1=C(C=C(C(=C1Br)O)Br)C#N,"InChI=1S/C7H3Br2NO/c8-5-1-4(3-10)2-6(9)7(5)11/h1-2,11H",,N#Cc1cc(Br)c(O)c(Br)c1,UPMXNNIRAGDFEH-UHFFFAOYSA-N,UPMXNNIRAGDFEH,UPMXNNIRAGDFEH,1,resolved,resolved,False,OFT exact name,ca8018c3-b6a0-4988-bdfd-a8f5c05d7926,Bromoxynil,1689-84-5,,,,,True,True,True,1689-84-5,035301,True,False,True,False,Oral,LD50,3.3,,exact,3.3,G23,unique_PCCODE,50109601,0,1,1
25,Buprofezin,275100,Insecticide,Heterocycle,Insect Growth Regulator,>200,,,,>14.51,14.51,5.06,5.06,CC(C)N1C(=NC(C)(C)C)SCN(C1=O)C2=CC=CC=C2,"InChI=1S/C16H23N3OS/c1-12(2)19-14(17-16(3,4)5)21-11-18(15(19)20)13-9-7-6-8-10-13/h6-10,12H,11H2,1-5H3",,CC(C)N1C(=O)N(c2ccccc2)CSC1=NC(C)(C)C,PRLVTUNWOQKEAI-UHFFFAOYSA-N,PRLVTUNWOQKEAI,PRLVTUNWOQKEAI,1,resolved,resolved,False,OFT exact name,5f72e571-073f-495d-833e-81ed4956a32c,Buprofezin,69327-76-0,,,,,True,True,True,69327-76-0,275100,True,False,True,False,Contact,LD50,200.0,>,censored,>200,F25,unique_PCCODE,44394040,0,0,0
26,Captan,081301,Fungicide,Phthalimides,Reactive,>10,0.055,,6,,,,,ClC(Cl)(Cl)SN1C(=O)C2CC=CCC2C1=O,"InChI=1S/C9H8Cl3NO2S/c10-9(11,12)16-13-7(14)5-3-1-2-4-6(5)8(13)15/h1-2,5-6H,3-4H2",,O=C1C2CC=CCC2C(=O)N1SC(Cl)(Cl)Cl,LDVVMCZRFWMZSG-UHFFFAOYSA-N,LDVVMCZRFWMZSG,LDVVMCZRFWMZSG,1,resolved,resolved,False,OFT exact name,87ad7f47-8cf1-4cb6-b6b9-ad69a25a269d,Captan,133-06-2,,,,,True,True,True,133-06-2,081301,True,True,True,False,Contact,LD50,10.0,>,censored,>10,F26,unique_PCCODE,5001991,0,-1,-1
26,Captan,081301,Fungicide,Phthalimides,Reactive,>10,0.055,,6,,,,,ClC(Cl)(Cl)SN1C(=O)C2CC=CCC2C1=O,"InChI=1S/C9H8Cl3NO2S/c10-9(11,12)16-13-7(14)5-3-1-2-4-6(5)8(13)15/h1-2,5-6H,3-4H2",,O=C1C2CC=CCC2C(=O)N1SC(Cl)(Cl)Cl,LDVVMCZRFWMZSG-UHFFFAOYSA-N,LDVVMCZRFWMZSG,LDVVMCZRFWMZSG,1,resolved,resolved,False,OFT exact name,87ad7f47-8cf1-4cb6-b6b9-ad69a25a269d,Captan,133-06-2,,,,,True,True,True,133-06-2,081301,True,True,True,False,Oral,LD50,0.055,,exact,0.055,G26,unique_PCCODE,50094805,1,1,1
27,Carbaryl,056801,Insecticide,Carbamate,Neurotoxicant,1.336,>46,,,,,,,CNC(=O)Oc1cccc2ccccc12,"InChI=1/C12H11NO2/c1-13-12(14)15-11-8-4-6-9-5-2-3-7-10(9)11/h2-8H,1H3,(H,13,14)",,CNC(=O)Oc1cccc2ccccc12,CVXBEEMKQHEXEN-UHFFFAOYSA-N,CVXBEEMKQHEXEN,CVXBEEMKQHEXEN,1,resolved,resolved,False,OFT exact name,bb99c666-3a53-4e16-8275-8d1aadef7c64,Carbaryl,63-25-2,,,,,True,True,True,63-25-2,056801,True,False,True,False,Contact,LD50,1.336,,exact,1.336,F27,unique_PCCODE,1999,0,1,1
27,Carbaryl,056801,Insecticide,Carbamate,Neurotoxicant,1.336,>46,,,,,,,CNC(=O)Oc1cccc2ccccc12,"InChI=1/C12H11NO2/c1-13-12(14)15-11-8-4-6-9-5-2-3-7-10(9)11/h2-8H,1H3,(H,13,14)",,CNC(=O)Oc1cccc2ccccc12,CVXBEEMKQHEXEN-UHFFFAOYSA-N,CVXBEEMKQHEXEN,CVXBEEMKQHEXEN,1,resolved,resolved,False,OFT exact name,bb99c666-3a53-4e16-8275-8d1aadef7c64,Carbaryl,63-25-2,,,,,True,True,True,63-25-2,056801,True,False,True,False,Oral,LD50,46.0,>,censored,>46,G27,unique_PCCODE,49556401,0,0,-1
28,Carboxin,090201,Fungicide,Carboxamide,Respiration Inhibitors/Regulators,>100,>104.44,,,,,,,CC1=C(SCCO1)C(=O)Nc2ccccc2,"InChI=1/C12H13NO2S/c1-9-11(16-8-7-15-9)12(14)13-10-5-3-2-4-6-10/h2-6H,7-8H2,1H3,(H,13,14)",,CC1=C(C(=O)Nc2ccccc2)SCCO1,GYSSRZJIHXQEHQ-UHFFFAOYSA-N,GYSSRZJIHXQEHQ,GYSSRZJIHXQEHQ,1,resolved,resolved,False,OFT exact name,c1dd8d66-c0ee-4357-9cd2-3472ac69062d,Carboxin,5234-68-4,,,,,True,True,True,5234-68-4,090201,True,False,True,False,Contact,LD50,100.0,>,censored,>100,F28,unique_PCCODE,-,0,0,0
28,Carboxin,090201,Fungicide,Carboxamide,Respiration Inhibitors/Regulators,>100,>104.44,,,,,,,CC1=C(SCCO1)C(=O)Nc2ccccc2,"InChI=1/C12H13NO2S/c1-9-11(16-8-7-15-9)12(14)13-10-5-3-2-4-6-10/h2-6H,7-8H2,1H3,(H,13,14)",,CC1=C(C(=O)Nc2ccccc2)SCCO1,GYSSRZJIHXQEHQ-UHFFFAOYSA-N,GYSSRZJIHXQEHQ,GYSSRZJIHXQEHQ,1,resolved,resolved,False,OFT exact name,c1dd8d66-c0ee-4357-9cd2-3472ac69062d,Carboxin,5234-68-4,,,,,True,True,True,5234-68-4,090201,True,False,True,False,Oral,LD50,104.44,>,censored,>104.44,G28,unique_PCCODE,49641004,0,0,0
29,Clomazone,125401,Herbicide,Isoxazolidinones,Pigment Synthesis,>100,>85.29,,,,,,,O=C1N(CC(C=CC=C2)=C2Cl)OCC(C)1C,"InChI=1S/C12H14ClNO2/c1-12(2)8-16-14(11(12)15)7-9-5-3-4-6-10(9)13/h3-6H,7-8H2,1-2H3",,CC1(C)CON(Cc2ccccc2Cl)C1=O,KIEDNEWSYUYDSN-UHFFFAOYSA-N,KIEDNEWSYUYDSN,KIEDNEWSYUYDSN,1,resolved,resolved,False,OFT exact name,29371f1b-5b27-49be-848d-128b9ad765fd,Clomazone,81777-89-1,,,,,True,True,True,81777-89-1,125401,True,False,True,False,Contact,LD50,100.0,>,censored,>100,F29,unique_PCCODE,45178102,0,0,0
29,Clomazone,125401,Herbicide,Isoxazolidinones,Pigment Synthesis,>100,>85.29,,,,,,,O=C1N(CC(C=CC=C2)=C2Cl)OCC(C)1C,"InChI=1S/C12H14ClNO2/c1-12(2)8-16-14(11(12)15)7-9-5-3-4-6-10(9)13/h3-6H,7-8H2,1-2H3",,CC1(C)CON(Cc2ccccc2Cl)C1=O,KIEDNEWSYUYDSN-UHFFFAOYSA-N,KIEDNEWSYUYDSN,KIEDNEWSYUYDSN,1,resolved,resolved,False,OFT exact name,29371f1b-5b27-49be-848d-128b9ad765fd,Clomazone,81777-89-1,,,,,True,True,True,81777-89-1,125401,True,False,True,False,Oral,LD50,85.29,>,censored,>85.29,G29,unique_PCCODE,45178102,0,0,-1
31,Clothianidin,044309,Insecticide,Neonicotinoids,Neurotoxicant,0.0439,0.00368,0.0002,,,,,,CNC(NCc1cnc(Cl)s1)=N[N+]([O-])=O,"InChI=1S/C6H8ClN5O2S/c1-8-6(11-12(13)14)10-3-4-2-9-5(7)15-4/h2H,3H2,1H3,(H2,8,10,11)",,CNC(=N[N+](=O)[O-])NCc1cnc(Cl)s1,PGOOBECODWQEAB-UHFFFAOYSA-N,PGOOBECODWQEAB,PGOOBECODWQEAB,1,resolved,resolved,False,OFT exact name,55f031dd-ea53-44b7-8b54-669da3423d1b,Clothianidin,210880-92-5,,,,,True,True,True,210880-92-5,044309,True,True,True,False,Contact,LD50,0.0439,,exact,0.0439,F31,unique_PCCODE,45422426,1,1,1
31,Clothianidin,044309,Insecticide,Neonicotinoids,Neurotoxicant,0.0439,0.00368,0.0002,,,,,,CNC(NCc1cnc(Cl)s1)=N[N+]([O-])=O,"InChI=1S/C6H8ClN5O2S/c1-8-6(11-12(13)14)10-3-4-2-9-5(7)15-4/h2H,3H2,1H3,(H2,8,10,11)",,CNC(=N[N+](=O)[O-])NCc1cnc(Cl)s1,PGOOBECODWQEAB-UHFFFAOYSA-N,PGOOBECODWQEAB,PGOOBECODWQEAB,1,resolved,resolved,False,OFT exact name,55f031dd-ea53-44b7-8b54-669da3423d1b,Clothianidin,210880-92-5,,,,,True,True,True,210880-92-5,044309,True,True,True,False,Oral,LD50,0.00368,,exact,0.00368,G31,unique_PCCODE,45422426,1,1,1
32,Cyantraniliprole,090098,Insecticide,Pyrazole,Neurotoxicant,>0.0934,>0.1055,,,,,,,,"InChI=1S/C19H14BrClN6O2/c1-10-6-11(9-22)7-12(18(28)23-2)16(10)25-19(29)14-8-15(20)26-27(14)17-13(21)4-3-5-24-17/h3-8H,1-2H3,(H,23,28)(H,25,29)",,CN=C(O)c1cc(C#N)cc(C)c1N=C(O)c1cc(Br)nn1-c1ncccc1Cl,DVBUIBGJRQBEDP-UHFFFAOYSA-N,DVBUIBGJRQBEDP,DVBUIBGJRQBEDP,1,resolved,resolved,False,OFT exact name,a2e126da-4c64-417d-9045-512976d1b92e,Cyantraniliprole,736994-63-1,,,,,True,True,True,736994-63-1,090098,True,False,True,False,Contact,LD50,0.0934,>,censored,>0.0934,F32,unique_PCCODE,48120090,-1,-1,-1
32,Cyantraniliprole,090098,Insecticide,Pyrazole,Neurotoxicant,>0.0934,>0.1055,,,,,,,,"InChI=1S/C19H14BrClN6O2/c1-10-6-11(9-22)7-12(18(28)23-2)16(10)25-19(29)14-8-15(20)26-27(14)17-13(21)4-3-5-24-17/h3-8H,1-2H3,(H,23,28)(H,25,29)",,CN=C(O)c1cc(C#N)cc(C)c1N=C(O)c1cc(Br)nn1-c1ncccc1Cl,DVBUIBGJRQBEDP-UHFFFAOYSA-N,DVBUIBGJRQBEDP,DVBUIBGJRQBEDP,1,resolved,resolved,False,OFT exact name,a2e126da-4c64-417d-9045-512976d1b92e,Cyantraniliprole,736994-63-1,,,,,True,True,True,736994-63-1,090098,True,False,True,False,Oral,LD50,0.1055,>,censored,>0.1055,G32,unique_PCCODE,48120090,-1,-1,-1
33,Cyazofamid,085651,Fungicide,Cyanoimidazole,Respiration Inhibitors/Regulators,>100,>151.7,,,,,,,O=S(N1C(C#N)=NC(Cl)=C1C2=CC=C(C)C=C2)(N(C)C)=O,"InChI=1S/C13H13ClN4O2S/c1-9-4-6-10(7-5-9)12-13(14)16-11(8-15)18(12)21(19,20)17(2)3/h4-7H,1-3H3",,Cc1ccc(-c2c(Cl)nc(C#N)n2S(=O)(=O)N(C)C)cc1,YXKMMRDKEKCERS-UHFFFAOYSA-N,YXKMMRDKEKCERS,YXKMMRDKEKCERS,1,resolved,resolved,False,OFT exact name,d44dd546-efbf-4b44-b32c-454bd84bc4e2,Cyazofamid,120116-88-3,,,,,True,True,True,120116-88-3,085651,True,False,True,False,Contact,LD50,100.0,>,censored,>100,F33,unique_PCCODE,45409144,0,0,0
33,Cyazofamid,085651,Fungicide,Cyanoimidazole,Respiration Inhibitors/Regulators,>100,>151.7,,,,,,,O=S(N1C(C#N)=NC(Cl)=C1C2=CC=C(C)C=C2)(N(C)C)=O,"InChI=1S/C13H13ClN4O2S/c1-9-4-6-10(7-5-9)12-13(14)16-11(8-15)18(12)21(19,20)17(2)3/h4-7H,1-3H3",,Cc1ccc(-c2c(Cl)nc(C#N)n2S(=O)(=O)N(C)C)cc1,YXKMMRDKEKCERS-UHFFFAOYSA-N,YXKMMRDKEKCERS,YXKMMRDKEKCERS,1,resolved,resolved,False,OFT exact name,d44dd546-efbf-4b44-b32c-454bd84bc4e2,Cyazofamid,120116-88-3,,,,,True,True,True,120116-88-3,085651,True,False,True,False,Oral,LD50,151.7,>,censored,>151.7,G33,unique_PCCODE,45409144,0,0,0
34,Cyclanilide,026201,Herbicide,Anilide,Plant Growth Regulator,>100,>89.5,,,,,,,C1CC1(C(=O)NC2=C(C=C(C=C2)Cl)Cl)C(=O)O,"InChI=1S/C11H9Cl2NO3/c12-6-1-2-8(7(13)5-6)14-9(15)11(3-4-11)10(16)17/h1-2,5H,3-4H2,(H,14,15)(H,16,17)",,O=C(O)C1(C(=O)Nc2ccc(Cl)cc2Cl)CC1,GLWWLNJJJCTFMZ-UHFFFAOYSA-N,GLWWLNJJJCTFMZ,GLWWLNJJJCTFMZ,1,resolved,resolved,False,OFT exact name,5254d527-a231-44d1-8a7e-8644ccdca510,Cyclanilide,113136-77-9,,,,,True,True,True,113136-77-9,026201,True,False,True,False,Contact,LD50,100.0,>,censored,>100,F34,unique_PCCODE,43868324,0,0,0
34,Cyclanilide,026201,Herbicide,Anilide,Plant Growth Regulator,>100,>89.5,,,,,,,C1CC1(C(=O)NC2=C(C=C(C=C2)Cl)Cl)C(=O)O,"InChI=1S/C11H9Cl2NO3/c12-6-1-2-8(7(13)5-6)14-9(15)11(3-4-11)10(16)17/h1-2,5H,3-4H2,(H,14,15)(H,16,17)",,O=C(O)C1(C(=O)Nc2ccc(Cl)cc2Cl)CC1,GLWWLNJJJCTFMZ-UHFFFAOYSA-N,GLWWLNJJJCTFMZ,GLWWLNJJJCTFMZ,1,resolved,resolved,False,OFT exact name,5254d527-a231-44d1-8a7e-8644ccdca510,Cyclanilide,113136-77-9,,,,,True,True,True,113136-77-9,026201,True,False,True,False,Oral,LD50,89.5,>,censored,>89.5,G34,unique_PCCODE,43868324,0,0,-1
35,Cyclaniliprole,026202,Insecticide,Diamide,Neurotoxicant,3.8,0.702,,,0.05225,0.04,0.04,0.04,CC(C1CC1)NC(=O)C2=CC(=CC(=C2NC(=O)C3=CC(=NN3C4=C(C=CC=N4)Cl)Br)Br)Cl,"InChI=1S/C21H17Br2Cl2N5O2/c1-10(11-4-5-11)27-20(31)13-7-12(24)8-14(22)18(13)28-21(32)16-9-17(23)29-30(16)19-15(25)3-2-6-26-19/h2-3,6-11H,4-5H2,1H3,(H,27,31)(H,28,32)",,CC(NC(=O)c1cc(Cl)cc(Br)c1NC(=O)c1cc(Br)nn1-c1ncccc1Cl)C1CC1,RAMUASXTSSXCMB-UHFFFAOYSA-N,RAMUASXTSSXCMB,RAMUASXTSSXCMB,1,resolved,resolved,False,OFT exact name,203d1913-0a69-4b36-900a-9561730e1fc8,Cyclaniliprole,1031756-98-5,,,,,True,True,True,1031756-98-5,026202,True,True,True,False,Contact,LD50,3.8,,exact,3.8,F35,unique_PCCODE,49318925,0,1,1
35,Cyclaniliprole,026202,Insecticide,Diamide,Neurotoxicant,3.8,0.702,,,0.05225,0.04,0.04,0.04,CC(C1CC1)NC(=O)C2=CC(=CC(=C2NC(=O)C3=CC(=NN3C4=C(C=CC=N4)Cl)Br)Br)Cl,"InChI=1S/C21H17Br2Cl2N5O2/c1-10(11-4-5-11)27-20(31)13-7-12(24)8-14(22)18(13)28-21(32)16-9-17(23)29-30(16)19-15(25)3-2-6-26-19/h2-3,6-11H,4-5H2,1H3,(H,27,31)(H,28,32)",,CC(NC(=O)c1cc(Cl)cc(Br)c1NC(=O)c1cc(Br)nn1-c1ncccc1Cl)C1CC1,RAMUASXTSSXCMB-UHFFFAOYSA-N,RAMUASXTSSXCMB,RAMUASXTSSXCMB,1,resolved,resolved,False,OFT exact name,203d1913-0a69-4b36-900a-9561730e1fc8,Cyclaniliprole,1031756-98-5,,,,,True,True,True,1031756-98-5,026202,True,True,True,False,Oral,LD50,0.702,,exact,0.702,G35,unique_PCCODE,49318925,1,1,1
36,Cycloate,041301,Herbicide,Thiocarbamate,Plant Biosynthesis inhibitors,>29,,2.7,10,8.4,4.8,4.8,1.7,CCN(C1CCCCC1)C(=O)SCC,"InChI=1S/C11H21NOS/c1-3-12(11(13)14-4-2)10-8-6-5-7-9-10/h10H,3-9H2,1-2H3",DFCAFRGABIXSDS-UHFFFAOYSA-N,CCSC(=O)N(CC)C1CCCCC1,DFCAFRGABIXSDS-UHFFFAOYSA-N,DFCAFRGABIXSDS,DFCAFRGABIXSDS,1,resolved,resolved,False,PubChem name,"https://pubchem.ncbi.nlm.nih.gov/rest/pug/compound/name/Cycloate/property/InChIKey,InChI,IsomericSMILES/JSON",Cycloate,,14337.0,,,,True,True,True,,041301,False,False,False,False,Contact,LD50,29.0,>,censored,>29,F36,unique_PCCODE,-,0,0,-1
37,Cyflufenamid,555550,Fungicide,Phenylacetamide,MOA Unknown,>100,>100,,,,,,,C1CC1CO/N=C(/C2=C(C=CC(=C2F)F)C(F)(F)F)\NC(=O)CC3=CC=CC=C3,"InChI=1S/C20H17F5N2O2/c21-15-9-8-14(20(23,24)25)17(18(15)22)19(27-29-11-13-6-7-13)26-16(28)10-12-4-2-1-3-5-12/h1-5,8-9,13H,6-7,10-11H2,(H,26,27,28)",ACMXQHFNODYQAT-UHFFFAOYSA-N,O=C(Cc1ccccc1)N/C(=N\OCC1CC1)c1c(C(F)(F)F)ccc(F)c1F,ACMXQHFNODYQAT-UHFFFAOYSA-N,ACMXQHFNODYQAT,ACMXQHFNODYQAT,1,resolved,resolved,False,PubChem name,"https://pubchem.ncbi.nlm.nih.gov/rest/pug/compound/name/Cyflufenamid/property/InChIKey,InChI,IsomericSMILES/JSON",Cyflufenamid,,135515530.0,,,,True,True,True,,555550,False,True,True,False,Contact,LD50,100.0,>,censored,>100,F37,unique_PCCODE,47620707,0,0,0
37,Cyflufenamid,555550,Fungicide,Phenylacetamide,MOA Unknown,>100,>100,,,,,,,C1CC1CO/N=C(/C2=C(C=CC(=C2F)F)C(F)(F)F)\NC(=O)CC3=CC=CC=C3,"InChI=1S/C20H17F5N2O2/c21-15-9-8-14(20(23,24)25)17(18(15)22)19(27-29-11-13-6-7-13)26-16(28)10-12-4-2-1-3-5-12/h1-5,8-9,13H,6-7,10-11H2,(H,26,27,28)",ACMXQHFNODYQAT-UHFFFAOYSA-N,O=C(Cc1ccccc1)N/C(=N\OCC1CC1)c1c(C(F)(F)F)ccc(F)c1F,ACMXQHFNODYQAT-UHFFFAOYSA-N,ACMXQHFNODYQAT,ACMXQHFNODYQAT,1,resolved,resolved,False,PubChem name,"https://pubchem.ncbi.nlm.nih.gov/rest/pug/compound/name/Cyflufenamid/property/InChIKey,InChI,IsomericSMILES/JSON",Cyflufenamid,,135515530.0,,,,True,True,True,,555550,False,True,True,False,Oral,LD50,100.0,>,censored,>100,G37,unique_PCCODE,47620707,0,0,0
38,Cyhalofop-butyl,082583,Herbicide,Aryloxyphenoxypropionates (FOPs),Plant Biosynthesis inhibitors,>100,>100,,,,,,,N#CC1=CC=C(OC2=CC=C(OC(C(=O)OCCCC)C)C=C2)C(F)=C1,"InChI=1S/C20H20FNO4/c1-3-4-11-24-20(23)14(2)25-16-6-8-17(9-7-16)26-19-10-5-15(13-22)12-18(19)21/h5-10,12,14H,3-4,11H2,1-2H3/t14-/m1/s1",,CCCCOC(=O)C(C)Oc1ccc(Oc2ccc(C#N)cc2F)cc1,TYIYMOAHACZAMQ-UHFFFAOYSA-N,TYIYMOAHACZAMQ,TYIYMOAHACZAMQ,1,resolved,resolved,True,OFT exact name,242bf9c4-ce95-4430-80ec-8bd4e1c3fc86,Cyhalofop-butyl,122008-85-9,,,,,True,True,True,122008-85-9,082583,True,False,True,False,Contact,LD50,100.0,>,censored,>100,F38,unique_PCCODE,45000502,0,0,0
38,Cyhalofop-butyl,082583,Herbicide,Aryloxyphenoxypropionates (FOPs),Plant Biosynthesis inhibitors,>100,>100,,,,,,,N#CC1=CC=C(OC2=CC=C(OC(C(=O)OCCCC)C)C=C2)C(F)=C1,"InChI=1S/C20H20FNO4/c1-3-4-11-24-20(23)14(2)25-16-6-8-17(9-7-16)26-19-10-5-15(13-22)12-18(19)21/h5-10,12,14H,3-4,11H2,1-2H3/t14-/m1/s1",,CCCCOC(=O)C(C)Oc1ccc(Oc2ccc(C#N)cc2F)cc1,TYIYMOAHACZAMQ-UHFFFAOYSA-N,TYIYMOAHACZAMQ,TYIYMOAHACZAMQ,1,resolved,resolved,True,OFT exact name,242bf9c4-ce95-4430-80ec-8bd4e1c3fc86,Cyhalofop-butyl,122008-85-9,,,,,True,True,True,122008-85-9,082583,True,False,True,False,Oral,LD50,100.0,>,censored,>100,G38,unique_PCCODE,45000503,0,0,0
39,Cymoxanil,129106,Fungicide,Cyanoacetamide oxime,Fungi Biosynthesis inhibitors,>25,,,>99.3,,,,,CCNC(=O)NC(=O)C(=NOC)C#N,"InChI=1S/C7H10N4O3/c1-3-9-7(13)10-6(12)5(4-8)11-14-2/h3H2,1-2H3,(H2,9,10,12,13)",,CCNC(=O)NC(=O)C(C#N)=NOC,XERJKGMBORTKEO-UHFFFAOYSA-N,XERJKGMBORTKEO,XERJKGMBORTKEO,1,resolved,resolved,False,OFT exact name,806d6d38-9de9-4388-be75-b66e8b9b001d,Cymoxanil,57966-95-7,,,,,True,True,True,57966-95-7,129106,True,False,True,False,Contact,LD50,25.0,>,censored,>25,F39,unique_PCCODE,44180735,0,0,-1
40,Cypermethrin,109702,Insecticide,Pyrethroid,Neurotoxicant,0.023,0.172,,,,,,,CC1(C(C1C(=O)OC(C#N)C2=CC(=CC=C2)OC3=CC=CC=C3)C=C(Cl)Cl)C,"InChI=1S/C22H19Cl2NO3/c1-22(2)17(12-19(23)24)20(22)21(26)28-18(13-25)14-7-6-10-16(11-14)27-15-8-4-3-5-9-15/h3-12,17-18,20H,1-2H3",,CC1(C)C(C=C(Cl)Cl)C1C(=O)OC(C#N)c1cccc(Oc2ccccc2)c1,KAATUXNTWXVJKI-UHFFFAOYSA-N,KAATUXNTWXVJKI,KAATUXNTWXVJKI,1,resolved,resolved,False,OFT exact name,3ee3d99f-b537-4978-a6f6-d39c225e08d7,Cypermethrin,52315-07-8,,,,,True,True,True,52315-07-8,109702,False,False,False,False,Contact,LD50,0.023,,exact,0.023,F40,unique_PCCODE,00155740,1,1,1
40,Cypermethrin,109702,Insecticide,Pyrethroid,Neurotoxicant,0.023,0.172,,,,,,,CC1(C(C1C(=O)OC(C#N)C2=CC(=CC=C2)OC3=CC=CC=C3)C=C(Cl)Cl)C,"InChI=1S/C22H19Cl2NO3/c1-22(2)17(12-19(23)24)20(22)21(26)28-18(13-25)14-7-6-10-16(11-14)27-15-8-4-3-5-9-15/h3-12,17-18,20H,1-2H3",,CC1(C)C(C=C(Cl)Cl)C1C(=O)OC(C#N)c1cccc(Oc2ccccc2)c1,KAATUXNTWXVJKI-UHFFFAOYSA-N,KAATUXNTWXVJKI,KAATUXNTWXVJKI,1,resolved,resolved,False,OFT exact name,3ee3d99f-b537-4978-a6f6-d39c225e08d7,Cypermethrin,52315-07-8,,,,,True,True,True,52315-07-8,109702,False,False,False,False,Oral,LD50,0.172,,exact,0.172,G40,unique_PCCODE,00155740,1,1,1
42,Deltamethrin,097805,Insecticide,Pyrethroid,Neurotoxicant,0.0015,0.079,,,,,,,CC1([C@H]([C@H]1C(=O)O[C@H](C#N)C2=CC(=CC=C2)OC3=CC=CC=C3)C=C(Br)Br)C,"InChI=1S/C22H19Br2NO3/c1-22(2)17(12-19(23)24)20(22)21(26)28-18(13-25)14-7-6-10-16(11-14)27-15-8-4-3-5-9-15/h3-12,17-18,20H,1-2H3/t17-,18+,20-/m0/s1",OWZREIFADZCYQD-NSHGMRRFSA-N,CC1(C)[C@H](C(=O)O[C@H](C#N)c2cccc(Oc3ccccc3)c2)[C@@H]1C=C(Br)Br,OWZREIFADZCYQD-NSHGMRRFSA-N,OWZREIFADZCYQD,OWZREIFADZCYQD,1,resolved,resolved,False,PubChem name,"https://pubchem.ncbi.nlm.nih.gov/rest/pug/compound/name/Deltamethrin/property/InChIKey,InChI,IsomericSMILES/JSON",Deltamethrin,,40585.0,,,,False,True,True,,097805,False,False,False,False,Contact,LD50,0.0015,,exact,0.0015,F42,unique_PCCODE,42114815,1,1,1
42,Deltamethrin,097805,Insecticide,Pyrethroid,Neurotoxicant,0.0015,0.079,,,,,,,CC1([C@H]([C@H]1C(=O)O[C@H](C#N)C2=CC(=CC=C2)OC3=CC=CC=C3)C=C(Br)Br)C,"InChI=1S/C22H19Br2NO3/c1-22(2)17(12-19(23)24)20(22)21(26)28-18(13-25)14-7-6-10-16(11-14)27-15-8-4-3-5-9-15/h3-12,17-18,20H,1-2H3/t17-,18+,20-/m0/s1",OWZREIFADZCYQD-NSHGMRRFSA-N,CC1(C)[C@H](C(=O)O[C@H](C#N)c2cccc(Oc3ccccc3)c2)[C@@H]1C=C(Br)Br,OWZREIFADZCYQD-NSHGMRRFSA-N,OWZREIFADZCYQD,OWZREIFADZCYQD,1,resolved,resolved,False,PubChem name,"https://pubchem.ncbi.nlm.nih.gov/rest/pug/compound/name/Deltamethrin/property/InChIKey,InChI,IsomericSMILES/JSON",Deltamethrin,,40585.0,,,,False,True,True,,097805,False,False,False,False,Oral,LD50,0.079,,exact,0.079,G42,unique_PCCODE,49281401,1,1,1
43,Desmedipham,104801,Herbicide,Carbanilate,Photosynthesis,>50,>50,,,,,,,CCOC(=O)NC1=CC(=CC=C1)OC(=O)NC2=CC=CC=C2,"InChI=1S/C16H16N2O4/c1-2-21-15(19)18-13-9-6-10-14(11-13)22-16(20)17-12-7-4-3-5-8-12/h3-11H,2H2,1H3,(H,17,20)(H,18,19)",,CCOC(=O)Nc1cccc(OC(=O)Nc2ccccc2)c1,WZJZMXBKUWKXTQ-UHFFFAOYSA-N,WZJZMXBKUWKXTQ,WZJZMXBKUWKXTQ,1,resolved,resolved,False,OFT exact name,7c0d0912-6c74-4769-b343-9b893bd86482,Desmedipham,13684-56-5,,,,,True,True,True,13684-56-5,104801,True,False,True,False,Contact,LD50,50.0,>,censored,>50,F43,unique_PCCODE,41711402,0,0,-1
43,Desmedipham,104801,Herbicide,Carbanilate,Photosynthesis,>50,>50,,,,,,,CCOC(=O)NC1=CC(=CC=C1)OC(=O)NC2=CC=CC=C2,"InChI=1S/C16H16N2O4/c1-2-21-15(19)18-13-9-6-10-14(11-13)22-16(20)17-12-7-4-3-5-8-12/h3-11H,2H2,1H3,(H,17,20)(H,18,19)",,CCOC(=O)Nc1cccc(OC(=O)Nc2ccccc2)c1,WZJZMXBKUWKXTQ-UHFFFAOYSA-N,WZJZMXBKUWKXTQ,WZJZMXBKUWKXTQ,1,resolved,resolved,False,OFT exact name,7c0d0912-6c74-4769-b343-9b893bd86482,Desmedipham,13684-56-5,,,,,True,True,True,13684-56-5,104801,True,False,True,False,Oral,LD50,50.0,>,censored,>50,G43,unique_PCCODE,41711402,0,0,-1
44,Dicamba,029801,Herbicide,Benzoic acid,Plant Growth Regulator,2.58,,,,>21,21,5.1,5.1,COC1=C(C=CC(=C1C(=O)O)Cl)Cl,"InChI=1S/C8H6Cl2O3/c1-13-7-5(10)3-2-4(9)6(7)8(11)12/h2-3H,1H3,(H,11,12)",,COc1c(Cl)ccc(Cl)c1C(=O)O,IWEDIXLBFLAXBO-UHFFFAOYSA-N,IWEDIXLBFLAXBO,IWEDIXLBFLAXBO,1,resolved,resolved,False,OFT exact name,cb133bdf-a78a-4e63-ad38-ddb53403de2b,Dicamba,1918-00-9,,,,,True,True,True,1918-00-9,029801,True,False,True,False,Contact,LD50,2.58,,exact,2.58,F44,unique_PCCODE,36935,0,1,1
46,Diclosulam,129122,Herbicide,Triazolopyrimidines,Plant Biosynthesis inhibitors,>25,>202,11.82,>16.7,>1.095,1.095,,,CCOC1=NC(=CC2=NC(=NN21)S(=O)(=O)NC3=C(C=CC=C3Cl)Cl)F,"InChI=1S/C13H10Cl2FN5O3S/c1-2-24-13-17-9(16)6-10-18-12(19-21(10)13)25(22,23)20-11-7(14)4-3-5-8(11)15/h3-6,20H,2H2,1H3",QNXAVFXEJCPCJO-UHFFFAOYSA-N,CCOc1nc(F)cc2nc(S(=O)(=O)Nc3c(Cl)cccc3Cl)nn12,QNXAVFXEJCPCJO-UHFFFAOYSA-N,QNXAVFXEJCPCJO,QNXAVFXEJCPCJO,1,resolved,resolved,False,PubChem name,"https://pubchem.ncbi.nlm.nih.gov/rest/pug/compound/name/Diclosulam/property/InChIKey,InChI,IsomericSMILES/JSON",Diclosulam,,3081304.0,,,,True,True,True,,129122,False,False,False,False,Contact,LD50,25.0,>,censored,>25,F46,unique_PCCODE,43441019,0,0,-1
46,Diclosulam,129122,Herbicide,Triazolopyrimidines,Plant Biosynthesis inhibitors,>25,>202,11.82,>16.7,>1.095,1.095,,,CCOC1=NC(=CC2=NC(=NN21)S(=O)(=O)NC3=C(C=CC=C3Cl)Cl)F,"InChI=1S/C13H10Cl2FN5O3S/c1-2-24-13-17-9(16)6-10-18-12(19-21(10)13)25(22,23)20-11-7(14)4-3-5-8(11)15/h3-6,20H,2H2,1H3",QNXAVFXEJCPCJO-UHFFFAOYSA-N,CCOc1nc(F)cc2nc(S(=O)(=O)Nc3c(Cl)cccc3Cl)nn12,QNXAVFXEJCPCJO-UHFFFAOYSA-N,QNXAVFXEJCPCJO,QNXAVFXEJCPCJO,1,resolved,resolved,False,PubChem name,"https://pubchem.ncbi.nlm.nih.gov/rest/pug/compound/name/Diclosulam/property/InChIKey,InChI,IsomericSMILES/JSON",Diclosulam,,3081304.0,,,,True,True,True,,129122,False,False,False,False,Oral,LD50,202.0,>,censored,>202,G46,unique_PCCODE,50436904,0,0,0
47,Difenoconazole,128847,Fungicide,Triazoles,Fungi Biosynthesis inhibitors,>100,,13.0,,>20.9,9.28,9.28,9.28,CC1COC(O1)(CN2C=NC=N2)C3=C(C=C(C=C3)OC4=CC=C(C=C4)Cl)Cl,"InChI=1S/C19H17Cl2N3O3/c1-13-9-25-19(27-13,10-24-12-22-11-23-24)17-7-6-16(8-18(17)21)26-15-4-2-14(20)3-5-15/h2-8,11-13H,9-10H2,1H3",,CC1COC(Cn2cncn2)(c2ccc(Oc3ccc(Cl)cc3)cc2Cl)O1,BQYJATMQXGBDHF-UHFFFAOYSA-N,BQYJATMQXGBDHF,BQYJATMQXGBDHF,1,resolved,resolved,False,OFT exact name,a559deae-8584-403d-99b5-1926f72524c9,Difenoconazole,119446-68-3,,,,,True,True,True,119446-68-3,128847,True,False,True,False,Contact,LD50,100.0,>,censored,>100,F47,unique_PCCODE,42245124,0,0,0
48,Diflubenzuron,108201,Insecticide,Benzoylureas,Insect Growth Regulator,>74.2,>9.1,0.0013,,,,,,Fc1cccc(F)c1C(=O)NC(=O)Nc2ccc(Cl)cc2,"InChI=1S/C14H9ClF2N2O2/c15-8-4-6-9(7-5-8)18-14(21)19-13(20)12-10(16)2-1-3-11(12)17/h1-7H,(H2,18,19,20,21)",,O=C(NC(=O)c1c(F)cccc1F)Nc1ccc(Cl)cc1,QQQYTWIFVNKMRW-UHFFFAOYSA-N,QQQYTWIFVNKMRW,QQQYTWIFVNKMRW,1,resolved,resolved,False,OFT exact name,386e90a2-df89-4610-b4cb-2b7b579f2984,Diflubenzuron,35367-38-5,,,,,True,True,True,35367-38-5,108201,True,True,True,False,Contact,LD50,74.2,>,censored,>74.2,F48,unique_PCCODE,49980901,0,0,-1
48,Diflubenzuron,108201,Insecticide,Benzoylureas,Insect Growth Regulator,>74.2,>9.1,0.0013,,,,,,Fc1cccc(F)c1C(=O)NC(=O)Nc2ccc(Cl)cc2,"InChI=1S/C14H9ClF2N2O2/c15-8-4-6-9(7-5-8)18-14(21)19-13(20)12-10(16)2-1-3-11(12)17/h1-7H,(H2,18,19,20,21)",,O=C(NC(=O)c1c(F)cccc1F)Nc1ccc(Cl)cc1,QQQYTWIFVNKMRW-UHFFFAOYSA-N,QQQYTWIFVNKMRW,QQQYTWIFVNKMRW,1,resolved,resolved,False,OFT exact name,386e90a2-df89-4610-b4cb-2b7b579f2984,Diflubenzuron,35367-38-5,,,,,True,True,True,35367-38-5,108201,True,True,True,False,Oral,LD50,9.1,>,censored,>9.1,G48,unique_PCCODE,49980901,0,-1,-1
49,Dikegulac sodium,109601,Herbicide,Furan,Plant Growth Regulator,,>91,110.0,>66,>7.3,7.3,7.3,7.3,CC1(OC[C@H]2[C@@H](O1)[C@H]3[C@@](O2)(OC(O3)(C)C)C(=O)[O-])C.[Na+],"InChI=1S/C12H18O7.Na/c1-10(2)15-5-6-7(17-10)8-12(16-6,9(13)14)19-11(3,4)18-8;/h6-8H,5H2,1-4H3,(H,13,14);/q;+1/p-1/t6-,7+,8-,12+;/m0./s1",DEWVPZYHFVYXMZ-QCILGFJPSA-M,CC1(C)OC[C@@H]2O[C@@]3(C(=O)[O-])OC(C)(C)O[C@H]3[C@@H]2O1.[Na+],DEWVPZYHFVYXMZ-QCILGFJPSA-M,DEWVPZYHFVYXMZ,FWCBATIDXGJRMF,2,resolved,resolved,False,PubChem name,"https://pubchem.ncbi.nlm.nih.gov/rest/pug/compound/name/Dikegulac%20sodium/property/InChIKey,InChI,IsomericSMILES/JSON",Dikegulac sodium,,23667639.0,,,,False,True,True,,109601,False,False,False,False,Oral,LD50,91.0,>,censored,>91,G49,unique_PCCODE,50750201,0,0,-1
50,Dimethenamid,129051,Herbicide,Chloroacetanilide,Plant Biosynthesis inhibitors,94,94,2.455,53,>25,13,13,6.3,O=C(CCl)N(C(C)COC)C1=C(C)SC=C1C,"InChI=1S/C12H18ClNO2S/c1-8-7-17-10(3)12(8)14(11(15)5-13)9(2)6-16-4/h7,9H,5-6H2,1-4H3",,COCC(C)N(C(=O)CCl)c1c(C)csc1C,JLYFCTQDENRSOL-UHFFFAOYSA-N,JLYFCTQDENRSOL,JLYFCTQDENRSOL,1,resolved,resolved,False,OFT exact name,820527c4-54fd-467c-9668-ed75b105a0b1,Dimethenamid,87674-68-8,,,,,True,True,True,87674-68-8,129051,False,False,False,False,Contact,LD50,94.0,,exact,94,F50,unique_PCCODE,41662418,0,0,1
50,Dimethenamid,129051,Herbicide,Chloroacetanilide,Plant Biosynthesis inhibitors,94,94,2.455,53,>25,13,13,6.3,O=C(CCl)N(C(C)COC)C1=C(C)SC=C1C,"InChI=1S/C12H18ClNO2S/c1-8-7-17-10(3)12(8)14(11(15)5-13)9(2)6-16-4/h7,9H,5-6H2,1-4H3",,COCC(C)N(C(=O)CCl)c1c(C)csc1C,JLYFCTQDENRSOL-UHFFFAOYSA-N,JLYFCTQDENRSOL,JLYFCTQDENRSOL,1,resolved,resolved,False,OFT exact name,820527c4-54fd-467c-9668-ed75b105a0b1,Dimethenamid,87674-68-8,,,,,True,True,True,87674-68-8,129051,False,False,False,False,Oral,LD50,94.0,,exact,94,G50,unique_PCCODE,41662418,0,0,1
51,Dinotefuran,044312,Insecticide,Neonicotinoids,Neurotoxicant,0.047,0.023,0.0035,>3.3,>15,0.13,15,15.0,CN=C(NCC1CCOC1)N[N+](=O)[O-],"InChI=1S/C7H14N4O3/c1-8-7(10-11(12)13)9-4-6-2-3-14-5-6/h6H,2-5H2,1H3,(H2,8,9,10)",YKBZOVFACRVRJN-UHFFFAOYSA-N,CN=C(NCC1CCOC1)N[N+](=O)[O-],YKBZOVFACRVRJN-UHFFFAOYSA-N,YKBZOVFACRVRJN,YKBZOVFACRVRJN,1,resolved,resolved,False,PubChem name,"https://pubchem.ncbi.nlm.nih.gov/rest/pug/compound/name/Dinotefuran/property/InChIKey,InChI,IsomericSMILES/JSON",Dinotefuran,,197701.0,,,,True,True,True,,044312,False,True,True,False,Contact,LD50,0.047,,exact,0.047,F51,unique_PCCODE,45639725,1,1,1
51,Dinotefuran,044312,Insecticide,Neonicotinoids,Neurotoxicant,0.047,0.023,0.0035,>3.3,>15,0.13,15,15.0,CN=C(NCC1CCOC1)N[N+](=O)[O-],"InChI=1S/C7H14N4O3/c1-8-7(10-11(12)13)9-4-6-2-3-14-5-6/h6H,2-5H2,1H3,(H2,8,9,10)",YKBZOVFACRVRJN-UHFFFAOYSA-N,CN=C(NCC1CCOC1)N[N+](=O)[O-],YKBZOVFACRVRJN-UHFFFAOYSA-N,YKBZOVFACRVRJN,YKBZOVFACRVRJN,1,resolved,resolved,False,PubChem name,"https://pubchem.ncbi.nlm.nih.gov/rest/pug/compound/name/Dinotefuran/property/InChIKey,InChI,IsomericSMILES/JSON",Dinotefuran,,197701.0,,,,True,True,True,,044312,False,True,True,False,Oral,LD50,0.023,,exact,0.023,G51,unique_PCCODE,45639725,1,1,1
52,Dithiopyr,128994,Herbicide,Pyridines,Plant Biosynthesis inhibitors,81,>119,,,,,,,CC(C)CC1=C(C(=NC(=C1C(=O)SC)C(F)(F)F)C(F)F)C(=O)SC,"InChI=1S/C15H16F5NO2S2/c1-6(2)5-7-8(13(22)24-3)10(12(16)17)21-11(15(18,19)20)9(7)14(23)25-4/h6,12H,5H2,1-4H3",YUBJPYNSGLJZPQ-UHFFFAOYSA-N,CSC(=O)c1c(C(F)F)nc(C(F)(F)F)c(C(=O)SC)c1CC(C)C,YUBJPYNSGLJZPQ-UHFFFAOYSA-N,YUBJPYNSGLJZPQ,YUBJPYNSGLJZPQ,1,resolved,resolved,False,PubChem name,"https://pubchem.ncbi.nlm.nih.gov/rest/pug/compound/name/Dithiopyr/property/InChIKey,InChI,IsomericSMILES/JSON",Dithiopyr,,91757.0,,,,True,True,True,,128994,False,False,False,False,Contact,LD50,81.0,,exact,81,F52,unique_PCCODE,40638626,0,0,1
52,Dithiopyr,128994,Herbicide,Pyridines,Plant Biosynthesis inhibitors,81,>119,,,,,,,CC(C)CC1=C(C(=NC(=C1C(=O)SC)C(F)(F)F)C(F)F)C(=O)SC,"InChI=1S/C15H16F5NO2S2/c1-6(2)5-7-8(13(22)24-3)10(12(16)17)21-11(15(18,19)20)9(7)14(23)25-4/h6,12H,5H2,1-4H3",YUBJPYNSGLJZPQ-UHFFFAOYSA-N,CSC(=O)c1c(C(F)F)nc(C(F)(F)F)c(C(=O)SC)c1CC(C)C,YUBJPYNSGLJZPQ-UHFFFAOYSA-N,YUBJPYNSGLJZPQ,YUBJPYNSGLJZPQ,1,resolved,resolved,False,PubChem name,"https://pubchem.ncbi.nlm.nih.gov/rest/pug/compound/name/Dithiopyr/property/InChIKey,InChI,IsomericSMILES/JSON",Dithiopyr,,91757.0,,,,True,True,True,,128994,False,False,False,False,Oral,LD50,119.0,>,censored,>119,G52,unique_PCCODE,49556602,0,0,0
53,Dodine,044301,Fungicide,Guanidines,Reactive,>200,>200,,,,,,,CCCCCCCCCCCCNC(=N)N.CC(=O)O,"InChI=1/C13H29N3.C2H4O2/c1-2-3-4-5-6-7-8-9-10-11-12-16-13(14)15;1-2(3)4/h2-12H2,1H3,(H4,14,15,16);1H3,(H,3,4)",,CC(=O)O.CCCCCCCCCCCCNC(=N)N,YIKWKLYQRFRGPM-UHFFFAOYSA-N,YIKWKLYQRFRGPM,HILAYQUKKYWPJW,2,resolved,resolved,False,OFT exact name,28d8ddc7-806d-477e-bc6b-924ebf01355a,Dodine,2439-10-3,,,,,True,True,True,2439-10-3,044301,True,False,True,False,Contact,LD50,200.0,>,censored,>200,F53,unique_PCCODE,40315505,0,0,0
53,Dodine,044301,Fungicide,Guanidines,Reactive,>200,>200,,,,,,,CCCCCCCCCCCCNC(=N)N.CC(=O)O,"InChI=1/C13H29N3.C2H4O2/c1-2-3-4-5-6-7-8-9-10-11-12-16-13(14)15;1-2(3)4/h2-12H2,1H3,(H4,14,15,16);1H3,(H,3,4)",,CC(=O)O.CCCCCCCCCCCCNC(=N)N,YIKWKLYQRFRGPM-UHFFFAOYSA-N,YIKWKLYQRFRGPM,HILAYQUKKYWPJW,2,resolved,resolved,False,OFT exact name,28d8ddc7-806d-477e-bc6b-924ebf01355a,Dodine,2439-10-3,,,,,True,True,True,2439-10-3,044301,True,False,True,False,Oral,LD50,200.0,>,censored,>200,G53,unique_PCCODE,40315505,0,0,0
55,Ethaboxam,090205,Fungicide,Ethylaminothiazole carboxamide,Fungi Biosynthesis inhibitors,>111.8,>111.8,,>100,,,,,CCC1=C(SC(=N1)NCC)C(=O)NC(C#N)C2=CC=CS2,"InChI=1S/C14H16N4OS2/c1-3-9-12(21-14(18-9)16-4-2)13(19)17-10(8-15)11-6-5-7-20-11/h5-7,10H,3-4H2,1-2H3,(H,16,18)(H,17,19)",NQRFDNJEBWAUBL-UHFFFAOYSA-N,CCNc1nc(CC)c(C(=O)NC(C#N)c2cccs2)s1,NQRFDNJEBWAUBL-UHFFFAOYSA-N,NQRFDNJEBWAUBL,NQRFDNJEBWAUBL,1,resolved,resolved,False,PubChem name,"https://pubchem.ncbi.nlm.nih.gov/rest/pug/compound/name/Ethaboxam/property/InChIKey,InChI,IsomericSMILES/JSON",Ethaboxam,,11174640.0,,,,True,True,True,,090205,False,False,False,False,Contact,LD50,111.8,>,censored,>111.8,F55,unique_PCCODE,48535627,0,0,0
55,Ethaboxam,090205,Fungicide,Ethylaminothiazole carboxamide,Fungi Biosynthesis inhibitors,>111.8,>111.8,,>100,,,,,CCC1=C(SC(=N1)NCC)C(=O)NC(C#N)C2=CC=CS2,"InChI=1S/C14H16N4OS2/c1-3-9-12(21-14(18-9)16-4-2)13(19)17-10(8-15)11-6-5-7-20-11/h5-7,10H,3-4H2,1-2H3,(H,16,18)(H,17,19)",NQRFDNJEBWAUBL-UHFFFAOYSA-N,CCNc1nc(CC)c(C(=O)NC(C#N)c2cccs2)s1,NQRFDNJEBWAUBL-UHFFFAOYSA-N,NQRFDNJEBWAUBL,NQRFDNJEBWAUBL,1,resolved,resolved,False,PubChem name,"https://pubchem.ncbi.nlm.nih.gov/rest/pug/compound/name/Ethaboxam/property/InChIKey,InChI,IsomericSMILES/JSON",Ethaboxam,,11174640.0,,,,True,True,True,,090205,False,False,False,False,Oral,LD50,111.8,>,censored,>111.8,G55,unique_PCCODE,48535627,0,0,0
56,Ethalfluralin,113101,Herbicide,Dinitroanilines,Plant Biosynthesis inhibitors,51,>97,,,,,,,CCN(CC(=C)C)C1=C(C=C(C=C1[N+](=O)[O-])C(F)(F)F)[N+](=O)[O-],"InChI=1S/C13H14F3N3O4/c1-4-17(7-8(2)3)12-10(18(20)21)5-9(13(14,15)16)6-11(12)19(22)23/h5-6H,2,4,7H2,1,3H3",PTFJIKYUEPWBMS-UHFFFAOYSA-N,C=C(C)CN(CC)c1c([N+](=O)[O-])cc(C(F)(F)F)cc1[N+](=O)[O-],PTFJIKYUEPWBMS-UHFFFAOYSA-N,PTFJIKYUEPWBMS,PTFJIKYUEPWBMS,1,resolved,resolved,False,PubChem name,"https://pubchem.ncbi.nlm.nih.gov/rest/pug/compound/name/Ethalfluralin/property/InChIKey,InChI,IsomericSMILES/JSON",Ethalfluralin,,41381.0,,,,True,True,True,,113101,False,False,False,False,Contact,LD50,51.0,,exact,51,F56,unique_PCCODE,41613914,0,0,1
56,Ethalfluralin,113101,Herbicide,Dinitroanilines,Plant Biosynthesis inhibitors,51,>97,,,,,,,CCN(CC(=C)C)C1=C(C=C(C=C1[N+](=O)[O-])C(F)(F)F)[N+](=O)[O-],"InChI=1S/C13H14F3N3O4/c1-4-17(7-8(2)3)12-10(18(20)21)5-9(13(14,15)16)6-11(12)19(22)23/h5-6H,2,4,7H2,1,3H3",PTFJIKYUEPWBMS-UHFFFAOYSA-N,C=C(C)CN(CC)c1c([N+](=O)[O-])cc(C(F)(F)F)cc1[N+](=O)[O-],PTFJIKYUEPWBMS-UHFFFAOYSA-N,PTFJIKYUEPWBMS,PTFJIKYUEPWBMS,1,resolved,resolved,False,PubChem name,"https://pubchem.ncbi.nlm.nih.gov/rest/pug/compound/name/Ethalfluralin/property/InChIKey,InChI,IsomericSMILES/JSON",Ethalfluralin,,41381.0,,,,True,True,True,,113101,False,False,False,False,Oral,LD50,97.0,>,censored,>97,G56,unique_PCCODE,50104901,0,0,-1
58,Etoxazole,107091,Miticide,Oxazole,Mite Growth Regulator,>200,>200,19.0,,>1,1,,0.35,FC2=C(C(F)=CC=C2)C1=NC(C3=C(OCC)C=C(C(C)(C)C)C=C3)CO1,"InChI=1S/C21H23F2NO2/c1-5-25-18-11-13(21(2,3)4)9-10-14(18)17-12-26-20(24-17)19-15(22)7-6-8-16(19)23/h6-11,17H,5,12H2,1-4H3",,CCOc1cc(C(C)(C)C)ccc1C1COC(c2c(F)cccc2F)=N1,IXSZQYVWNJNRAL-UHFFFAOYSA-N,IXSZQYVWNJNRAL,IXSZQYVWNJNRAL,1,resolved,resolved,False,OFT exact name,cd7edc0f-05de-4774-b885-a30a269cb1cd,Etoxazole,153233-91-1,,,,,True,True,True,153233-91-1,107091,True,False,True,False,Contact,LD50,200.0,>,censored,>200,F58,unique_PCCODE,45621706,0,0,0
58,Etoxazole,107091,Miticide,Oxazole,Mite Growth Regulator,>200,>200,19.0,,>1,1,,0.35,FC2=C(C(F)=CC=C2)C1=NC(C3=C(OCC)C=C(C(C)(C)C)C=C3)CO1,"InChI=1S/C21H23F2NO2/c1-5-25-18-11-13(21(2,3)4)9-10-14(18)17-12-26-20(24-17)19-15(22)7-6-8-16(19)23/h6-11,17H,5,12H2,1-4H3",,CCOc1cc(C(C)(C)C)ccc1C1COC(c2c(F)cccc2F)=N1,IXSZQYVWNJNRAL-UHFFFAOYSA-N,IXSZQYVWNJNRAL,IXSZQYVWNJNRAL,1,resolved,resolved,False,OFT exact name,cd7edc0f-05de-4774-b885-a30a269cb1cd,Etoxazole,153233-91-1,,,,,True,True,True,153233-91-1,107091,True,False,True,False,Oral,LD50,200.0,>,censored,>200,G58,unique_PCCODE,45621706,0,0,0
60,Famoxadone,113202,Fungicide,Oxazolidinediones,Respiration Inhibitors/Regulators,>97.3,>0.92,7.21,,>7.51,7.51,7.51,7.51,CC1(C(=O)N(C(=O)O1)NC2=CC=CC=C2)C3=CC=C(C=C3)OC4=CC=CC=C4,"InChI=1S/C22H18N2O4/c1-22(16-12-14-19(15-13-16)27-18-10-6-3-7-11-18)20(25)24(21(26)28-22)23-17-8-4-2-5-9-17/h2-15,23H,1H3",,CC1(c2ccc(Oc3ccccc3)cc2)OC(=O)N(Nc2ccccc2)C1=O,PCCSBWNGDMYFCW-UHFFFAOYSA-N,PCCSBWNGDMYFCW,PCCSBWNGDMYFCW,1,resolved,resolved,False,OFT exact name,50e5b0d0-bd63-4c24-a734-fef91e6ea4e6,Famoxadone,131807-57-3,,,,,True,True,True,131807-57-3,113202,True,False,True,False,Contact,LD50,97.3,>,censored,>97.3,F60,unique_PCCODE,49970603,0,0,-1
60,Famoxadone,113202,Fungicide,Oxazolidinediones,Respiration Inhibitors/Regulators,>97.3,>0.92,7.21,,>7.51,7.51,7.51,7.51,CC1(C(=O)N(C(=O)O1)NC2=CC=CC=C2)C3=CC=C(C=C3)OC4=CC=CC=C4,"InChI=1S/C22H18N2O4/c1-22(16-12-14-19(15-13-16)27-18-10-6-3-7-11-18)20(25)24(21(26)28-22)23-17-8-4-2-5-9-17/h2-15,23H,1H3",,CC1(c2ccc(Oc3ccccc3)cc2)OC(=O)N(Nc2ccccc2)C1=O,PCCSBWNGDMYFCW-UHFFFAOYSA-N,PCCSBWNGDMYFCW,PCCSBWNGDMYFCW,1,resolved,resolved,False,OFT exact name,50e5b0d0-bd63-4c24-a734-fef91e6ea4e6,Famoxadone,131807-57-3,,,,,True,True,True,131807-57-3,113202,True,False,True,False,Oral,LD50,0.92,>,censored,>0.92,G60,unique_PCCODE,49970603,-1,-1,-1
61,Fenamidone,046679,Fungicide,Imidazolinones,Respiration Inhibitors/Regulators,82.3,>159.8,,,>0.84,0.84,,0.118,CC1(C(=O)N(C(=N1)SC)NC2=CC=CC=C2)C3=CC=CC=C3,"InChI=1S/C17H17N3OS/c1-17(13-9-5-3-6-10-13)15(21)20(16(18-17)22-2)19-14-11-7-4-8-12-14/h3-12,19H,1-2H3/t17-/m0/s1",,CSC1=NC(C)(c2ccccc2)C(=O)N1Nc1ccccc1,LMVPQMGRYSRMIW-UHFFFAOYSA-N,LMVPQMGRYSRMIW,LMVPQMGRYSRMIW,1,resolved,resolved,True,OFT exact name,3e288e99-8d74-4ade-aa18-89cddbd1f116,Fenamidone,161326-34-7,,,,,True,True,True,161326-34-7,046679,True,False,True,False,Contact,LD50,82.3,,exact,82.3,F61,unique_PCCODE,45802901,0,0,1
61,Fenamidone,046679,Fungicide,Imidazolinones,Respiration Inhibitors/Regulators,82.3,>159.8,,,>0.84,0.84,,0.118,CC1(C(=O)N(C(=N1)SC)NC2=CC=CC=C2)C3=CC=CC=C3,"InChI=1S/C17H17N3OS/c1-17(13-9-5-3-6-10-13)15(21)20(16(18-17)22-2)19-14-11-7-4-8-12-14/h3-12,19H,1-2H3/t17-/m0/s1",,CSC1=NC(C)(c2ccccc2)C(=O)N1Nc1ccccc1,LMVPQMGRYSRMIW-UHFFFAOYSA-N,LMVPQMGRYSRMIW,LMVPQMGRYSRMIW,1,resolved,resolved,True,OFT exact name,3e288e99-8d74-4ade-aa18-89cddbd1f116,Fenamidone,161326-34-7,,,,,True,True,True,161326-34-7,046679,True,False,True,False,Oral,LD50,159.8,>,censored,>159.8,G61,unique_PCCODE,45802901,0,0,0
62,Fenarimol,206600,Fungicide,Pyrimidine,Fungi Biosynthesis inhibitors,>100,>10,,,,,,,C1=CC=C(C(=C1)C(C2=CC=C(C=C2)Cl)(C3=CN=CN=C3)O)Cl,"InChI=1S/C17H12Cl2N2O/c18-14-7-5-12(6-8-14)17(22,13-9-20-11-21-10-13)15-3-1-2-4-16(15)19/h1-11,22H",,OC(c1ccc(Cl)cc1)(c1cncnc1)c1ccccc1Cl,NHOWDZOIZKMVAI-UHFFFAOYSA-N,NHOWDZOIZKMVAI,NHOWDZOIZKMVAI,1,resolved,resolved,False,OFT exact name,b9bf5a7f-cbbb-4256-a223-0d2fb004d132,Fenarimol,60168-88-9,,,,,True,True,True,60168-88-9,206600,True,False,True,False,Contact,LD50,100.0,>,censored,>100,F62,unique_PCCODE,45213602,0,0,0
62,Fenarimol,206600,Fungicide,Pyrimidine,Fungi Biosynthesis inhibitors,>100,>10,,,,,,,C1=CC=C(C(=C1)C(C2=CC=C(C=C2)Cl)(C3=CN=CN=C3)O)Cl,"InChI=1S/C17H12Cl2N2O/c18-14-7-5-12(6-8-14)17(22,13-9-20-11-21-10-13)15-3-1-2-4-16(15)19/h1-11,22H",,OC(c1ccc(Cl)cc1)(c1cncnc1)c1ccccc1Cl,NHOWDZOIZKMVAI-UHFFFAOYSA-N,NHOWDZOIZKMVAI,NHOWDZOIZKMVAI,1,resolved,resolved,False,OFT exact name,b9bf5a7f-cbbb-4256-a223-0d2fb004d132,Fenarimol,60168-88-9,,,,,True,True,True,60168-88-9,206600,True,False,True,False,Oral,LD50,10.0,>,censored,>10,G62,unique_PCCODE,45213602,0,-1,-1
63,Fenazaquin,044501,Insecticide,Quinazoline,Respiration Inhibitors/Regulators,8.1,7.3,0.69,0.347,,,,,CC(C)(C)C3=CC=C(C=C3)CCOC1=NC=NC2=C1C=CC=C2,"InChI=1S/C20H22N2O/c1-20(2,3)16-10-8-15(9-11-16)12-13-23-19-17-6-4-5-7-18(17)21-14-22-19/h4-11,14H,12-13H2,1-3H3",,CC(C)(C)c1ccc(CCOc2ncnc3ccccc23)cc1,DMYHGDXADUDKCQ-UHFFFAOYSA-N,DMYHGDXADUDKCQ,DMYHGDXADUDKCQ,1,resolved,resolved,False,OFT exact name,46064248-97bb-47ff-b132-d1963e7a2bf3,Fenazaquin,120928-09-8,,,,,True,True,True,120928-09-8,044501,True,False,True,False,Contact,LD50,8.1,,exact,8.1,F63,unique_PCCODE,47433205,0,1,1
63,Fenazaquin,044501,Insecticide,Quinazoline,Respiration Inhibitors/Regulators,8.1,7.3,0.69,0.347,,,,,CC(C)(C)C3=CC=C(C=C3)CCOC1=NC=NC2=C1C=CC=C2,"InChI=1S/C20H22N2O/c1-20(2,3)16-10-8-15(9-11-16)12-13-23-19-17-6-4-5-7-18(17)21-14-22-19/h4-11,14H,12-13H2,1-3H3",,CC(C)(C)c1ccc(CCOc2ncnc3ccccc23)cc1,DMYHGDXADUDKCQ-UHFFFAOYSA-N,DMYHGDXADUDKCQ,DMYHGDXADUDKCQ,1,resolved,resolved,False,OFT exact name,46064248-97bb-47ff-b132-d1963e7a2bf3,Fenazaquin,120928-09-8,,,,,True,True,True,120928-09-8,044501,True,False,True,False,Oral,LD50,7.3,,exact,7.3,G63,unique_PCCODE,47433204,0,1,1
65,Fenhexamid,090209,Fungicide,Hydroxyanilides,Fungi Biosynthesis inhibitors,0.215,>100,,,>79,79,79,9.8,CC1(CCCCC1)C(=O)NC2=C(C(=C(C=C2)O)Cl)Cl,"InChI=1S/C14H17Cl2NO2/c1-14(7-3-2-4-8-14)13(19)17-9-5-6-10(18)12(16)11(9)15/h5-6,18H,2-4,7-8H2,1H3,(H,17,19)",,CC1(C(=O)Nc2ccc(O)c(Cl)c2Cl)CCCCC1,VDLGAVXLJYLFDH-UHFFFAOYSA-N,VDLGAVXLJYLFDH,VDLGAVXLJYLFDH,1,resolved,resolved,False,OFT exact name,b997fa43-b286-4aaa-8bd9-5edaf5803ace,Fenhexamid,126833-17-8,,,,,True,True,True,126833-17-8,090209,True,True,True,False,Contact,LD50,0.215,,exact,0.215,F65,unique_PCCODE,44346755,1,1,1
65,Fenhexamid,090209,Fungicide,Hydroxyanilides,Fungi Biosynthesis inhibitors,0.215,>100,,,>79,79,79,9.8,CC1(CCCCC1)C(=O)NC2=C(C(=C(C=C2)O)Cl)Cl,"InChI=1S/C14H17Cl2NO2/c1-14(7-3-2-4-8-14)13(19)17-9-5-6-10(18)12(16)11(9)15/h5-6,18H,2-4,7-8H2,1H3,(H,17,19)",,CC1(C(=O)Nc2ccc(O)c(Cl)c2Cl)CCCCC1,VDLGAVXLJYLFDH-UHFFFAOYSA-N,VDLGAVXLJYLFDH,VDLGAVXLJYLFDH,1,resolved,resolved,False,OFT exact name,b997fa43-b286-4aaa-8bd9-5edaf5803ace,Fenhexamid,126833-17-8,,,,,True,True,True,126833-17-8,090209,True,True,True,False,Oral,LD50,100.0,>,censored,>100,G65,unique_PCCODE,49625412,0,0,0
66,Fenoxaprop-P-ethyl,129092,Herbicide,Aryloxyphenoxypropionates (FOPs),Plant Biosynthesis inhibitors,>192.4,>191.4,,,,,,,CCOC(=O)[C@@H](C)OC1=CC=C(C=C1)OC2=NC3=C(O2)C=C(C=C3)Cl,"InChI=1S/C18H16ClNO5/c1-3-22-17(21)11(2)23-13-5-7-14(8-6-13)24-18-20-15-9-4-12(19)10-16(15)25-18/h4-11H,3H2,1-2H3/t11-/m1/s1",,CCOC(=O)[C@@H](C)Oc1ccc(Oc2nc3ccc(Cl)cc3o2)cc1,PQKBPHSEKWERTG-LLVKDONJSA-N,PQKBPHSEKWERTG,PQKBPHSEKWERTG,1,resolved,resolved,False,OFT exact name,7f3765a2-7ed1-4484-a0d4-2092a03aae22,Fenoxaprop-P-ethyl,71283-80-2,,,,,False,True,True,71283-80-2,129092,False,False,False,False,Contact,LD50,192.4,>,censored,>192.4,F66,unique_PCCODE,47333411,0,0,0
66,Fenoxaprop-P-ethyl,129092,Herbicide,Aryloxyphenoxypropionates (FOPs),Plant Biosynthesis inhibitors,>192.4,>191.4,,,,,,,CCOC(=O)[C@@H](C)OC1=CC=C(C=C1)OC2=NC3=C(O2)C=C(C=C3)Cl,"InChI=1S/C18H16ClNO5/c1-3-22-17(21)11(2)23-13-5-7-14(8-6-13)24-18-20-15-9-4-12(19)10-16(15)25-18/h4-11H,3H2,1-2H3/t11-/m1/s1",,CCOC(=O)[C@@H](C)Oc1ccc(Oc2nc3ccc(Cl)cc3o2)cc1,PQKBPHSEKWERTG-LLVKDONJSA-N,PQKBPHSEKWERTG,PQKBPHSEKWERTG,1,resolved,resolved,False,OFT exact name,7f3765a2-7ed1-4484-a0d4-2092a03aae22,Fenoxaprop-P-ethyl,71283-80-2,,,,,False,True,True,71283-80-2,129092,False,False,False,False,Oral,LD50,191.4,>,censored,>191.4,G66,unique_PCCODE,47333411,0,0,0
67,Fenpropimorph,121402,Fungicide,Morpholine,Fungi Biosynthesis inhibitors,>100,95.6,,,,,,,C[C@@H]1CN(C[C@@H](O1)C)CC(C)CC2=CC=C(C=C2)C(C)(C)C,"InChI=1S/C20H33NO/c1-15(12-21-13-16(2)22-17(3)14-21)11-18-7-9-19(10-8-18)20(4,5)6/h7-10,15-17H,11-14H2,1-6H3/t15?,16-,17+",RYAUSSKQMZRMAI-ALOPSCKCSA-N,CC(Cc1ccc(C(C)(C)C)cc1)CN1C[C@@H](C)O[C@@H](C)C1,RYAUSSKQMZRMAI-ALOPSCKCSA-N,RYAUSSKQMZRMAI,RYAUSSKQMZRMAI,1,resolved,resolved,False,PubChem name,"https://pubchem.ncbi.nlm.nih.gov/rest/pug/compound/name/Fenpropimorph/property/InChIKey,InChI,IsomericSMILES/JSON",Fenpropimorph,,93365.0,,,,False,True,True,,121402,False,False,False,False,Contact,LD50,100.0,>,censored,>100,F67,unique_PCCODE,47125501,0,0,0
67,Fenpropimorph,121402,Fungicide,Morpholine,Fungi Biosynthesis inhibitors,>100,95.6,,,,,,,C[C@@H]1CN(C[C@@H](O1)C)CC(C)CC2=CC=C(C=C2)C(C)(C)C,"InChI=1S/C20H33NO/c1-15(12-21-13-16(2)22-17(3)14-21)11-18-7-9-19(10-8-18)20(4,5)6/h7-10,15-17H,11-14H2,1-6H3/t15?,16-,17+",RYAUSSKQMZRMAI-ALOPSCKCSA-N,CC(Cc1ccc(C(C)(C)C)cc1)CN1C[C@@H](C)O[C@@H](C)C1,RYAUSSKQMZRMAI-ALOPSCKCSA-N,RYAUSSKQMZRMAI,RYAUSSKQMZRMAI,1,resolved,resolved,False,PubChem name,"https://pubchem.ncbi.nlm.nih.gov/rest/pug/compound/name/Fenpropimorph/property/InChIKey,InChI,IsomericSMILES/JSON",Fenpropimorph,,93365.0,,,,False,True,True,,121402,False,False,False,False,Oral,LD50,95.6,,exact,95.6,G67,unique_PCCODE,47125501,0,0,1
68,Fenpyrazamine,090109,Fungicide,Pyrazole,Fungi Growth Regulator,>100,>100,,,,,,,n1(c(c(c(=O)n1C(C)C)c1ccccc1C)N)C(=O)SCC=C,"InChI=1S/C17H21N3O2S/c1-5-10-23-17(22)20-15(18)14(16(21)19(20)11(2)3)13-9-7-6-8-12(13)4/h5-9,11H,1,10,18H2,2-4H3",,C=CCSC(=O)n1c(N)c(-c2ccccc2C)c(=O)n1C(C)C,UTOHZQYBSYOOGC-UHFFFAOYSA-N,UTOHZQYBSYOOGC,UTOHZQYBSYOOGC,1,resolved,resolved,False,OFT exact name,d436f9c5-f6c6-4414-ba01-25f673903aad,Fenpyrazamine,473798-59-3,,,,,True,True,True,473798-59-3,090109,True,False,True,False,Contact,LD50,100.0,>,censored,>100,F68,unique_PCCODE,48400015,0,0,0
68,Fenpyrazamine,090109,Fungicide,Pyrazole,Fungi Growth Regulator,>100,>100,,,,,,,n1(c(c(c(=O)n1C(C)C)c1ccccc1C)N)C(=O)SCC=C,"InChI=1S/C17H21N3O2S/c1-5-10-23-17(22)20-15(18)14(16(21)19(20)11(2)3)13-9-7-6-8-12(13)4/h5-9,11H,1,10,18H2,2-4H3",,C=CCSC(=O)n1c(N)c(-c2ccccc2C)c(=O)n1C(C)C,UTOHZQYBSYOOGC-UHFFFAOYSA-N,UTOHZQYBSYOOGC,UTOHZQYBSYOOGC,1,resolved,resolved,False,OFT exact name,d436f9c5-f6c6-4414-ba01-25f673903aad,Fenpyrazamine,473798-59-3,,,,,True,True,True,473798-59-3,090109,True,False,True,False,Oral,LD50,100.0,>,censored,>100,G68,unique_PCCODE,48399935,0,0,0
70,Fipronil,129121,Insecticide,Phenylpyrazoles (Fiproles),Neurotoxicant,0.00277,0.00405,,0.0218,,,,,C1=C(C=C(C(=C1Cl)N2C(=C(C(=N2)C#N)S(=O)C(F)(F)F)N)Cl)C(F)(F)F,"InChI=1S/C12H4Cl2F6N4OS/c13-5-1-4(11(15,16)17)2-6(14)8(5)24-10(22)9(7(3-21)23-24)26(25)12(18,19)20/h1-2H,22H2",,N#Cc1nn(-c2c(Cl)cc(C(F)(F)F)cc2Cl)c(N)c1S(=O)C(F)(F)F,ZOCSXAVNDGMNBV-UHFFFAOYSA-N,ZOCSXAVNDGMNBV,ZOCSXAVNDGMNBV,1,resolved,resolved,False,OFT exact name,f9b90c3e-c486-48e7-acbe-361ab0b9fb2e,Fipronil,120068-37-3,,,,,True,True,True,120068-37-3,129121,True,False,True,False,Contact,LD50,0.00277,,exact,0.00277,F70,unique_PCCODE,49339705,1,1,1
70,Fipronil,129121,Insecticide,Phenylpyrazoles (Fiproles),Neurotoxicant,0.00277,0.00405,,0.0218,,,,,C1=C(C=C(C(=C1Cl)N2C(=C(C(=N2)C#N)S(=O)C(F)(F)F)N)Cl)C(F)(F)F,"InChI=1S/C12H4Cl2F6N4OS/c13-5-1-4(11(15,16)17)2-6(14)8(5)24-10(22)9(7(3-21)23-24)26(25)12(18,19)20/h1-2H,22H2",,N#Cc1nn(-c2c(Cl)cc(C(F)(F)F)cc2Cl)c(N)c1S(=O)C(F)(F)F,ZOCSXAVNDGMNBV-UHFFFAOYSA-N,ZOCSXAVNDGMNBV,ZOCSXAVNDGMNBV,1,resolved,resolved,False,OFT exact name,f9b90c3e-c486-48e7-acbe-361ab0b9fb2e,Fipronil,120068-37-3,,,,,True,True,True,120068-37-3,129121,True,False,True,False,Oral,LD50,0.00405,,exact,0.00405,G70,unique_PCCODE,49151504,1,1,1
71,Flazasulfuron,119011,Herbicide,Sulfonylureas,Plant Biosynthesis inhibitors,>100,>100,,,,,,,COC1=CC(=NC(=N1)NC(=O)NS(=O)(=O)C2=C(C=CC=N2)C(F)(F)F)OC,"InChI=1S/C13H12F3N5O5S/c1-25-8-6-9(26-2)19-11(18-8)20-12(22)21-27(23,24)10-7(13(14,15)16)4-3-5-17-10/h3-6H,1-2H3,(H2,18,19,20,21,22)",,COc1cc(OC)nc(NC(=O)NS(=O)(=O)c2ncccc2C(F)(F)F)n1,HWATZEJQIXKWQS-UHFFFAOYSA-N,HWATZEJQIXKWQS,HWATZEJQIXKWQS,1,resolved,resolved,False,OFT exact name,eed103e6-e35b-493b-ac8c-353541946030,Flazasulfuron,104040-78-0,,,,,True,True,True,104040-78-0,119011,True,False,True,False,Contact,LD50,100.0,>,censored,>100,F71,unique_PCCODE,46220977,0,0,0
71,Flazasulfuron,119011,Herbicide,Sulfonylureas,Plant Biosynthesis inhibitors,>100,>100,,,,,,,COC1=CC(=NC(=N1)NC(=O)NS(=O)(=O)C2=C(C=CC=N2)C(F)(F)F)OC,"InChI=1S/C13H12F3N5O5S/c1-25-8-6-9(26-2)19-11(18-8)20-12(22)21-27(23,24)10-7(13(14,15)16)4-3-5-17-10/h3-6H,1-2H3,(H2,18,19,20,21,22)",,COc1cc(OC)nc(NC(=O)NS(=O)(=O)c2ncccc2C(F)(F)F)n1,HWATZEJQIXKWQS-UHFFFAOYSA-N,HWATZEJQIXKWQS,HWATZEJQIXKWQS,1,resolved,resolved,False,OFT exact name,eed103e6-e35b-493b-ac8c-353541946030,Flazasulfuron,104040-78-0,,,,,True,True,True,104040-78-0,119011,True,False,True,False,Oral,LD50,100.0,>,censored,>100,G71,unique_PCCODE,46220977,0,0,0
72,Flonicamid,128016,Insecticide,Pyridine carboxamides,Neurotoxicant,>100,>60.5,,63,>25,12,12,3.0,O=C(NCC#N)c1cnccc1C(F)(F)F,"InChI=1S/C9H6F3N3O/c10-9(11,12)7-1-3-14-5-6(7)8(16)15-4-2-13/h1,3,5H,4H2,(H,15,16)",,N#CCNC(=O)c1cnccc1C(F)(F)F,RLQJEEJISHYWON-UHFFFAOYSA-N,RLQJEEJISHYWON,RLQJEEJISHYWON,1,resolved,resolved,False,OFT exact name,d4b95550-b480-4fe5-933c-f9f80955792c,Flonicamid,158062-67-0,,,,,True,True,True,158062-67-0,128016,True,False,True,False,Contact,LD50,100.0,>,censored,>100,F72,unique_PCCODE,45656813,0,0,0
72,Flonicamid,128016,Insecticide,Pyridine carboxamides,Neurotoxicant,>100,>60.5,,63,>25,12,12,3.0,O=C(NCC#N)c1cnccc1C(F)(F)F,"InChI=1S/C9H6F3N3O/c10-9(11,12)7-1-3-14-5-6(7)8(16)15-4-2-13/h1,3,5H,4H2,(H,15,16)",,N#CCNC(=O)c1cnccc1C(F)(F)F,RLQJEEJISHYWON-UHFFFAOYSA-N,RLQJEEJISHYWON,RLQJEEJISHYWON,1,resolved,resolved,False,OFT exact name,d4b95550-b480-4fe5-933c-f9f80955792c,Flonicamid,158062-67-0,,,,,True,True,True,158062-67-0,128016,True,False,True,False,Oral,LD50,60.5,>,censored,>60.5,G72,unique_PCCODE,45656813,0,0,-1
73,Florasulam,129108,Herbicide,Triazolopyrimidines,Plant Biosynthesis inhibitors,>100,,5.3,,>3.85,0.215,0.215,0.215,COC1=NC=C(C2=NC(=NN21)S(=O)(=O)NC3=C(C=CC=C3F)F)F,"InChI=1S/C12H8F3N5O3S/c1-23-12-16-5-8(15)10-17-11(18-20(10)12)24(21,22)19-9-6(13)3-2-4-7(9)14/h2-5,19H,1H3",,COc1ncc(F)c2nc(S(=O)(=O)Nc3c(F)cccc3F)nn12,QZXATCCPQKOEIH-UHFFFAOYSA-N,QZXATCCPQKOEIH,QZXATCCPQKOEIH,1,resolved,resolved,False,OFT exact name,57217b24-c1f0-47c9-8863-165f6d29f2e2,Florasulam,145701-23-1,,,,,True,True,True,145701-23-1,129108,True,True,True,False,Contact,LD50,100.0,>,censored,>100,F73,unique_PCCODE,46808330,0,0,0
74,Florpyrauxifen-benzyl ester,030093,Herbicide,Pyridine,MOA Unknown,>100,>105.4,,,,,,,COC1=C(C=CC(=C1F)C2=NC(=C(C(=C2F)N)Cl)C(=O)OCC3=CC=CC=C3)Cl,"InChI=1S/C20H14Cl2F2N2O3/c1-28-19-12(21)8-7-11(14(19)23)17-15(24)16(25)13(22)18(26-17)20(27)29-9-10-5-3-2-4-6-10/h2-8H,9H2,1H3,(H2,25,26)",WNZCDFOXYNRBRB-UHFFFAOYSA-N,COc1c(Cl)ccc(-c2nc(C(=O)OCc3ccccc3)c(Cl)c(N)c2F)c1F,WNZCDFOXYNRBRB-UHFFFAOYSA-N,WNZCDFOXYNRBRB,WNZCDFOXYNRBRB,1,resolved,resolved,False,PubChem name,"https://pubchem.ncbi.nlm.nih.gov/rest/pug/compound/name/Florpyrauxifen-benzyl%20ester/property/InChIKey,InChI,IsomericSMILES/JSON",Florpyrauxifen-benzyl ester,,70495450.0,,,,True,True,True,,030093,False,False,False,False,Contact,LD50,100.0,>,censored,>100,F74,unique_PCCODE,49677757,0,0,0
74,Florpyrauxifen-benzyl ester,030093,Herbicide,Pyridine,MOA Unknown,>100,>105.4,,,,,,,COC1=C(C=CC(=C1F)C2=NC(=C(C(=C2F)N)Cl)C(=O)OCC3=CC=CC=C3)Cl,"InChI=1S/C20H14Cl2F2N2O3/c1-28-19-12(21)8-7-11(14(19)23)17-15(24)16(25)13(22)18(26-17)20(27)29-9-10-5-3-2-4-6-10/h2-8H,9H2,1H3,(H2,25,26)",WNZCDFOXYNRBRB-UHFFFAOYSA-N,COc1c(Cl)ccc(-c2nc(C(=O)OCc3ccccc3)c(Cl)c(N)c2F)c1F,WNZCDFOXYNRBRB-UHFFFAOYSA-N,WNZCDFOXYNRBRB,WNZCDFOXYNRBRB,1,resolved,resolved,False,PubChem name,"https://pubchem.ncbi.nlm.nih.gov/rest/pug/compound/name/Florpyrauxifen-benzyl%20ester/property/InChIKey,InChI,IsomericSMILES/JSON",Florpyrauxifen-benzyl ester,,70495450.0,,,,True,True,True,,030093,False,False,False,False,Oral,LD50,105.4,>,censored,>105.4,G74,unique_PCCODE,49677757,0,0,0
75,Fluazifop-P-butyl,122809,Herbicide,Aryloxyphenoxypropionates (FOPs),Plant Biosynthesis inhibitors,>200,>200,7.914,>5.34,>2.262,1.357,1.357,1.357,CCCCOC(=O)[C@@H](C)OC1=CC=C(C=C1)OC2=NC=C(C=C2)C(F)(F)F,"InChI=1S/C19H20F3NO4/c1-3-4-11-25-18(24)13(2)26-15-6-8-16(9-7-15)27-17-10-5-14(12-23-17)19(20,21)22/h5-10,12-13H,3-4,11H2,1-2H3/t13-/m1/s1",,CCCCOC(=O)[C@@H](C)Oc1ccc(Oc2ccc(C(F)(F)F)cn2)cc1,VAIZTNZGPYBOGF-CYBMUJFWSA-N,VAIZTNZGPYBOGF,VAIZTNZGPYBOGF,1,resolved,resolved,False,OFT exact name,23c959c3-8522-4683-8954-93bd9f786f35,Fluazifop-P-butyl,79241-46-6,,,,,False,True,True,79241-46-6,122809,False,False,False,False,Contact,LD50,200.0,>,censored,>200,F75,unique_PCCODE,00162453,0,0,0
75,Fluazifop-P-butyl,122809,Herbicide,Aryloxyphenoxypropionates (FOPs),Plant Biosynthesis inhibitors,>200,>200,7.914,>5.34,>2.262,1.357,1.357,1.357,CCCCOC(=O)[C@@H](C)OC1=CC=C(C=C1)OC2=NC=C(C=C2)C(F)(F)F,"InChI=1S/C19H20F3NO4/c1-3-4-11-25-18(24)13(2)26-15-6-8-16(9-7-15)27-17-10-5-14(12-23-17)19(20,21)22/h5-10,12-13H,3-4,11H2,1-2H3/t13-/m1/s1",,CCCCOC(=O)[C@@H](C)Oc1ccc(Oc2ccc(C(F)(F)F)cn2)cc1,VAIZTNZGPYBOGF-CYBMUJFWSA-N,VAIZTNZGPYBOGF,VAIZTNZGPYBOGF,1,resolved,resolved,False,OFT exact name,23c959c3-8522-4683-8954-93bd9f786f35,Fluazifop-P-butyl,79241-46-6,,,,,False,True,True,79241-46-6,122809,False,False,False,False,Oral,LD50,200.0,>,censored,>200,G75,unique_PCCODE,00162453,0,0,0
76,Flubendiamide,027602,Insecticide,Diamide,Neurotoxicant,>200,>200,,,,,,,CC1=C(C=CC(=C1)C(C(F)(F)F)(C(F)(F)F)F)NC(=O)C2=C(C(=CC=C2)I)C(=O)NC(C)(C)CS(=O)(=O)C,"InChI=1S/C23H22F7IN2O4S/c1-12-10-13(21(24,22(25,26)27)23(28,29)30)8-9-16(12)32-18(34)14-6-5-7-15(31)17(14)19(35)33-20(2,3)11-38(4,36)37/h5-10H,11H2,1-4H3,(H,32,34)(H,33,35)",,Cc1cc(C(F)(C(F)(F)F)C(F)(F)F)ccc1NC(=O)c1cccc(I)c1C(=O)NC(C)(C)CS(C)(=O)=O,ZGNITFSDLCMLGI-UHFFFAOYSA-N,ZGNITFSDLCMLGI,ZGNITFSDLCMLGI,1,resolved,resolved,False,OFT exact name,e28dbeb4-ca89-4a95-8607-1c4fa4189a38,Flubendiamide,272451-65-7,,,,,True,True,True,272451-65-7,027602,True,False,True,False,Contact,LD50,200.0,>,censored,>200,F76,unique_PCCODE,46817003,0,0,0
76,Flubendiamide,027602,Insecticide,Diamide,Neurotoxicant,>200,>200,,,,,,,CC1=C(C=CC(=C1)C(C(F)(F)F)(C(F)(F)F)F)NC(=O)C2=C(C(=CC=C2)I)C(=O)NC(C)(C)CS(=O)(=O)C,"InChI=1S/C23H22F7IN2O4S/c1-12-10-13(21(24,22(25,26)27)23(28,29)30)8-9-16(12)32-18(34)14-6-5-7-15(31)17(14)19(35)33-20(2,3)11-38(4,36)37/h5-10H,11H2,1-4H3,(H,32,34)(H,33,35)",,Cc1cc(C(F)(C(F)(F)F)C(F)(F)F)ccc1NC(=O)c1cccc(I)c1C(=O)NC(C)(C)CS(C)(=O)=O,ZGNITFSDLCMLGI-UHFFFAOYSA-N,ZGNITFSDLCMLGI,ZGNITFSDLCMLGI,1,resolved,resolved,False,OFT exact name,e28dbeb4-ca89-4a95-8607-1c4fa4189a38,Flubendiamide,272451-65-7,,,,,True,True,True,272451-65-7,027602,True,False,True,False,Oral,LD50,200.0,>,censored,>200,G76,unique_PCCODE,46817009,0,0,0
77,Flucarbazone-sodium,114009,Herbicide,Sulfonylaminocarbonyltriazolinone,Plant Biosynthesis inhibitors,>200,>445,,,,,,,CN1C(=NN(C1=O)C(=O)[N-]S(=O)(=O)C2=CC=CC=C2OC(F)(F)F)OC.[Na+],"InChI=1S/C12H11F3N4O6S.Na/c1-18-10(24-2)16-19(11(18)21)9(20)17-26(22,23)8-6-4-3-5-7(8)25-12(13,14)15;/h3-6H,1-2H3,(H,17,20);/q;+1/p-1",UOUXAYAIONPXDH-UHFFFAOYSA-M,COc1nn(C(=O)[N-]S(=O)(=O)c2ccccc2OC(F)(F)F)c(=O)n1C.[Na+],UOUXAYAIONPXDH-UHFFFAOYSA-M,UOUXAYAIONPXDH,GINFBXXYGUODAT,2,resolved,resolved,False,PubChem name,"https://pubchem.ncbi.nlm.nih.gov/rest/pug/compound/name/Flucarbazone-sodium/property/InChIKey,InChI,IsomericSMILES/JSON",Flucarbazone-sodium,,12056760.0,,,,True,True,True,,114009,False,True,True,False,Contact,LD50,200.0,>,censored,>200,F77,unique_PCCODE,44848933,0,0,0
77,Flucarbazone-sodium,114009,Herbicide,Sulfonylaminocarbonyltriazolinone,Plant Biosynthesis inhibitors,>200,>445,,,,,,,CN1C(=NN(C1=O)C(=O)[N-]S(=O)(=O)C2=CC=CC=C2OC(F)(F)F)OC.[Na+],"InChI=1S/C12H11F3N4O6S.Na/c1-18-10(24-2)16-19(11(18)21)9(20)17-26(22,23)8-6-4-3-5-7(8)25-12(13,14)15;/h3-6H,1-2H3,(H,17,20);/q;+1/p-1",UOUXAYAIONPXDH-UHFFFAOYSA-M,COc1nn(C(=O)[N-]S(=O)(=O)c2ccccc2OC(F)(F)F)c(=O)n1C.[Na+],UOUXAYAIONPXDH-UHFFFAOYSA-M,UOUXAYAIONPXDH,GINFBXXYGUODAT,2,resolved,resolved,False,PubChem name,"https://pubchem.ncbi.nlm.nih.gov/rest/pug/compound/name/Flucarbazone-sodium/property/InChIKey,InChI,IsomericSMILES/JSON",Flucarbazone-sodium,,12056760.0,,,,True,True,True,,114009,False,True,True,False,Oral,LD50,445.0,>,censored,>445,G77,unique_PCCODE,44848933,0,0,0
78,Fluensulfone,050410,Nematicide,Fluoroalkenyl,MOA Unknown,167,>190,,,,,,,C1=C(SC(=N1)S(=O)(=O)CCC(=C(F)F)F)Cl,"InChI=1S/C7H5ClF3NO2S2/c8-5-3-12-7(15-5)16(13,14)2-1-4(9)6(10)11/h3H,1-2H2",XSNMWAPKHUGZGQ-UHFFFAOYSA-N,O=S(=O)(CCC(F)=C(F)F)c1ncc(Cl)s1,XSNMWAPKHUGZGQ-UHFFFAOYSA-N,XSNMWAPKHUGZGQ,XSNMWAPKHUGZGQ,1,resolved,resolved,False,PubChem name,"https://pubchem.ncbi.nlm.nih.gov/rest/pug/compound/name/Fluensulfone/property/InChIKey,InChI,IsomericSMILES/JSON",Fluensulfone,,11534927.0,,,,True,True,True,,050410,False,False,False,False,Contact,LD50,167.0,,exact,167,F78,unique_PCCODE,48574879,0,0,0
78,Fluensulfone,050410,Nematicide,Fluoroalkenyl,MOA Unknown,167,>190,,,,,,,C1=C(SC(=N1)S(=O)(=O)CCC(=C(F)F)F)Cl,"InChI=1S/C7H5ClF3NO2S2/c8-5-3-12-7(15-5)16(13,14)2-1-4(9)6(10)11/h3H,1-2H2",XSNMWAPKHUGZGQ-UHFFFAOYSA-N,O=S(=O)(CCC(F)=C(F)F)c1ncc(Cl)s1,XSNMWAPKHUGZGQ-UHFFFAOYSA-N,XSNMWAPKHUGZGQ,XSNMWAPKHUGZGQ,1,resolved,resolved,False,PubChem name,"https://pubchem.ncbi.nlm.nih.gov/rest/pug/compound/name/Fluensulfone/property/InChIKey,InChI,IsomericSMILES/JSON",Fluensulfone,,11534927.0,,,,True,True,True,,050410,False,False,False,False,Oral,LD50,190.0,>,censored,>190,G78,unique_PCCODE,48574879,0,0,0
79,Flufenacet,121903,Herbicide,Oxyacetamides,Plant Biosynthesis inhibitors,>193.8,>340.4,4.03,,,,,,CC(C)N(C1=CC=C(C=C1)F)C(=O)COC2=NN=C(S2)C(F)(F)F,"InChI=1S/C14H13F4N3O2S/c1-8(2)21(10-5-3-9(15)4-6-10)11(22)7-23-13-20-19-12(24-13)14(16,17)18/h3-6,8H,7H2,1-2H3",,CC(C)N(C(=O)COc1nnc(C(F)(F)F)s1)c1ccc(F)cc1,IANUJLZYFUDJIH-UHFFFAOYSA-N,IANUJLZYFUDJIH,IANUJLZYFUDJIH,1,resolved,resolved,False,OFT exact name,f5a8b88c-bdcd-427a-9334-647e23b4f27d,Flufenacet,142459-58-3,,,,,True,True,True,142459-58-3,121903,True,False,True,False,Contact,LD50,193.8,>,censored,>193.8,F79,unique_PCCODE,49728602,0,0,0
79,Flufenacet,121903,Herbicide,Oxyacetamides,Plant Biosynthesis inhibitors,>193.8,>340.4,4.03,,,,,,CC(C)N(C1=CC=C(C=C1)F)C(=O)COC2=NN=C(S2)C(F)(F)F,"InChI=1S/C14H13F4N3O2S/c1-8(2)21(10-5-3-9(15)4-6-10)11(22)7-23-13-20-19-12(24-13)14(16,17)18/h3-6,8H,7H2,1-2H3",,CC(C)N(C(=O)COc1nnc(C(F)(F)F)s1)c1ccc(F)cc1,IANUJLZYFUDJIH-UHFFFAOYSA-N,IANUJLZYFUDJIH,IANUJLZYFUDJIH,1,resolved,resolved,False,OFT exact name,f5a8b88c-bdcd-427a-9334-647e23b4f27d,Flufenacet,142459-58-3,,,,,True,True,True,142459-58-3,121903,True,False,True,False,Oral,LD50,340.4,>,censored,>340.4,G79,unique_PCCODE,49728601,0,0,0
80,Flumetralin,123001,Herbicide,Dinitroanilines,Plant Growth Regulator,>105.3,>218.9,,,>25,25,13,13.0,CCN(CC1=C(C=CC=C1Cl)F)C2=C(C=C(C=C2[N+](=O)[O-])C(F)(F)F)[N+](=O)[O-],"InChI=1S/C16H12ClF4N3O4/c1-2-22(8-10-11(17)4-3-5-12(10)18)15-13(23(25)26)6-9(16(19,20)21)7-14(15)24(27)28/h3-7H,2,8H2,1H3",,CCN(Cc1c(F)cccc1Cl)c1c([N+](=O)[O-])cc(C(F)(F)F)cc1[N+](=O)[O-],PWNAWOCHVWERAR-UHFFFAOYSA-N,PWNAWOCHVWERAR,PWNAWOCHVWERAR,1,resolved,resolved,False,OFT exact name,f7027ad9-38f8-4317-8822-976c57238848,Flumetralin,62924-70-3,,,,,True,True,True,62924-70-3,123001,True,False,True,False,Contact,LD50,105.3,>,censored,>105.3,F80,unique_PCCODE,49863802,0,0,0
80,Flumetralin,123001,Herbicide,Dinitroanilines,Plant Growth Regulator,>105.3,>218.9,,,>25,25,13,13.0,CCN(CC1=C(C=CC=C1Cl)F)C2=C(C=C(C=C2[N+](=O)[O-])C(F)(F)F)[N+](=O)[O-],"InChI=1S/C16H12ClF4N3O4/c1-2-22(8-10-11(17)4-3-5-12(10)18)15-13(23(25)26)6-9(16(19,20)21)7-14(15)24(27)28/h3-7H,2,8H2,1H3",,CCN(Cc1c(F)cccc1Cl)c1c([N+](=O)[O-])cc(C(F)(F)F)cc1[N+](=O)[O-],PWNAWOCHVWERAR-UHFFFAOYSA-N,PWNAWOCHVWERAR,PWNAWOCHVWERAR,1,resolved,resolved,False,OFT exact name,f7027ad9-38f8-4317-8822-976c57238848,Flumetralin,62924-70-3,,,,,True,True,True,62924-70-3,123001,True,False,True,False,Oral,LD50,218.9,>,censored,>218.9,G80,unique_PCCODE,49863802,0,0,0
81,Fluometuron,035503,Herbicide,Phenylureas,Multiple MOA,>100,>96,11.2,22,>5.87,5.05,0.81,2.0,CN(C)C(=O)Nc1cccc(c1)C(F)(F)F,"InChI=1/C10H11F3N2O/c1-15(2)9(16)14-8-5-3-4-7(6-8)10(11,12)13/h3-6H,1-2H3,(H,14,16)",,CN(C)C(=O)Nc1cccc(C(F)(F)F)c1,RZILCCPWPBTYDO-UHFFFAOYSA-N,RZILCCPWPBTYDO,RZILCCPWPBTYDO,1,resolved,resolved,False,OFT exact name,f8ae73f4-7869-4774-a3b2-8a99b7eddf56,Fluometuron,2164-17-2,,,,,True,True,True,2164-17-2,035503,True,False,True,False,Contact,LD50,100.0,>,censored,>100,F81,unique_PCCODE,-,0,0,0
81,Fluometuron,035503,Herbicide,Phenylureas,Multiple MOA,>100,>96,11.2,22,>5.87,5.05,0.81,2.0,CN(C)C(=O)Nc1cccc(c1)C(F)(F)F,"InChI=1/C10H11F3N2O/c1-15(2)9(16)14-8-5-3-4-7(6-8)10(11,12)13/h3-6H,1-2H3,(H,14,16)",,CN(C)C(=O)Nc1cccc(C(F)(F)F)c1,RZILCCPWPBTYDO-UHFFFAOYSA-N,RZILCCPWPBTYDO,RZILCCPWPBTYDO,1,resolved,resolved,False,OFT exact name,f8ae73f4-7869-4774-a3b2-8a99b7eddf56,Fluometuron,2164-17-2,,,,,True,True,True,2164-17-2,035503,True,False,True,False,Oral,LD50,96.0,>,censored,>96,G81,unique_PCCODE,50556603,0,0,-1
83,Fluoxastrobin,028869,Fungicide,Strobilurin-Dihydrodioxazines,Respiration Inhibitors/Regulators,>200,>843.3,,>80,>25,4.4,4.4,4.4,CO/N=C(\C1=CC=CC=C1OC2=C(C(=NC=N2)OC3=CC=CC=C3Cl)F)/C4=NOCCO4,"InChI=1S/C21H16ClFN4O5/c1-28-26-18(21-27-30-11-10-29-21)13-6-2-4-8-15(13)31-19-17(23)20(25-12-24-19)32-16-9-5-3-7-14(16)22/h2-9,12H,10-11H2,1H3/b26-18+",,CO/N=C(/C1=NOCCO1)c1ccccc1Oc1ncnc(Oc2ccccc2Cl)c1F,UFEODZBUAFNAEU-NLRVBDNBSA-N,UFEODZBUAFNAEU,UFEODZBUAFNAEU,1,resolved,resolved,False,OFT exact name,da77c8b4-60a4-49c1-bd56-8f60b538c33f,Fluoxastrobin,361377-29-9,,,,,False,True,True,361377-29-9,028869,True,False,True,False,Contact,LD50,200.0,>,censored,>200,F83,unique_PCCODE,45865427,0,0,0
83,Fluoxastrobin,028869,Fungicide,Strobilurin-Dihydrodioxazines,Respiration Inhibitors/Regulators,>200,>843.3,,>80,>25,4.4,4.4,4.4,CO/N=C(\C1=CC=CC=C1OC2=C(C(=NC=N2)OC3=CC=CC=C3Cl)F)/C4=NOCCO4,"InChI=1S/C21H16ClFN4O5/c1-28-26-18(21-27-30-11-10-29-21)13-6-2-4-8-15(13)31-19-17(23)20(25-12-24-19)32-16-9-5-3-7-14(16)22/h2-9,12H,10-11H2,1H3/b26-18+",,CO/N=C(/C1=NOCCO1)c1ccccc1Oc1ncnc(Oc2ccccc2Cl)c1F,UFEODZBUAFNAEU-NLRVBDNBSA-N,UFEODZBUAFNAEU,UFEODZBUAFNAEU,1,resolved,resolved,False,OFT exact name,da77c8b4-60a4-49c1-bd56-8f60b538c33f,Fluoxastrobin,361377-29-9,,,,,False,True,True,361377-29-9,028869,True,False,True,False,Oral,LD50,843.3,>,censored,>843.3,G83,unique_PCCODE,45865427,0,0,0
84,Flupyradifurone,122304,Insecticide,Butenolide,Neurotoxicant,>100,1.2,0.8,,,,,,C1C(=CC(=O)O1)N(CC2=CN=C(C=C2)Cl)CC(F)F,"InChI=1S/C12H11ClF2N2O2/c13-10-2-1-8(4-16-10)5-17(6-11(14)15)9-3-12(18)19-7-9/h1-4,11H,5-7H2",,O=C1C=C(N(Cc2ccc(Cl)nc2)CC(F)F)CO1,QOIYTRGFOFZNKF-UHFFFAOYSA-N,QOIYTRGFOFZNKF,QOIYTRGFOFZNKF,1,resolved,resolved,False,OFT exact name,8a18e965-f13e-4291-8ff5-1c202441f2a9,Flupyradifurone,951659-40-8,,,,,True,True,True,951659-40-8,122304,True,False,True,False,Contact,LD50,100.0,>,censored,>100,F84,unique_PCCODE,48843724,0,0,0
84,Flupyradifurone,122304,Insecticide,Butenolide,Neurotoxicant,>100,1.2,0.8,,,,,,C1C(=CC(=O)O1)N(CC2=CN=C(C=C2)Cl)CC(F)F,"InChI=1S/C12H11ClF2N2O2/c13-10-2-1-8(4-16-10)5-17(6-11(14)15)9-3-12(18)19-7-9/h1-4,11H,5-7H2",,O=C1C=C(N(Cc2ccc(Cl)nc2)CC(F)F)CO1,QOIYTRGFOFZNKF-UHFFFAOYSA-N,QOIYTRGFOFZNKF,QOIYTRGFOFZNKF,1,resolved,resolved,False,OFT exact name,8a18e965-f13e-4291-8ff5-1c202441f2a9,Flupyradifurone,951659-40-8,,,,,True,True,True,951659-40-8,122304,True,False,True,False,Oral,LD50,1.2,,exact,1.2,G84,unique_PCCODE,48843722,0,1,1
85,Fluroxypyr 1-methylheptyl ester,128968,Herbicide,Pyridine carboxylic acids,Plant Growth Regulator,>100,>100,20.7,,>24.4,7.75,0.315,0.928,CCCCCCC(C)OC(=O)COC1=NC(=C(C(=C1Cl)N)Cl)F,"InChI=1S/C15H21Cl2FN2O3/c1-3-4-5-6-7-9(2)23-10(21)8-22-15-12(17)13(19)11(16)14(18)20-15/h9H,3-8H2,1-2H3,(H2,19,20)",OLZQTUCTGLHFTQ-UHFFFAOYSA-N,CCCCCCC(C)OC(=O)COc1nc(F)c(Cl)c(N)c1Cl,OLZQTUCTGLHFTQ-UHFFFAOYSA-N,OLZQTUCTGLHFTQ,OLZQTUCTGLHFTQ,1,resolved,resolved,False,PubChem name,"https://pubchem.ncbi.nlm.nih.gov/rest/pug/compound/name/Fluroxypyr%201-methylheptyl%20ester/property/InChIKey,InChI,IsomericSMILES/JSON",Fluroxypyr 1-methylheptyl ester,,54745.0,,,,True,True,True,,128968,False,False,False,False,Contact,LD50,100.0,>,censored,>100,F85,unique_PCCODE,42137313,0,0,0
85,Fluroxypyr 1-methylheptyl ester,128968,Herbicide,Pyridine carboxylic acids,Plant Growth Regulator,>100,>100,20.7,,>24.4,7.75,0.315,0.928,CCCCCCC(C)OC(=O)COC1=NC(=C(C(=C1Cl)N)Cl)F,"InChI=1S/C15H21Cl2FN2O3/c1-3-4-5-6-7-9(2)23-10(21)8-22-15-12(17)13(19)11(16)14(18)20-15/h9H,3-8H2,1-2H3,(H2,19,20)",OLZQTUCTGLHFTQ-UHFFFAOYSA-N,CCCCCCC(C)OC(=O)COc1nc(F)c(Cl)c(N)c1Cl,OLZQTUCTGLHFTQ-UHFFFAOYSA-N,OLZQTUCTGLHFTQ,OLZQTUCTGLHFTQ,1,resolved,resolved,False,PubChem name,"https://pubchem.ncbi.nlm.nih.gov/rest/pug/compound/name/Fluroxypyr%201-methylheptyl%20ester/property/InChIKey,InChI,IsomericSMILES/JSON",Fluroxypyr 1-methylheptyl ester,,54745.0,,,,True,True,True,,128968,False,False,False,False,Oral,LD50,100.0,>,censored,>100,G85,unique_PCCODE,50029701,0,0,0
86,Flutianil,014018,Fungicide,Thiazolidine,MOA Unknown,>100,>100,,,,,,,COC1=CC=CC=C1N\2CCS/C2=C(/C#N)\SC3=C(C=CC(=C3)C(F)(F)F)F,"InChI=1S/C19H14F4N2OS2/c1-26-15-5-3-2-4-14(15)25-8-9-27-18(25)17(11-24)28-16-10-12(19(21,22)23)6-7-13(16)20/h2-7,10H,8-9H2,1H3/b18-17-",,COc1ccccc1N1CCS/C1=C(/C#N)Sc1cc(C(F)(F)F)ccc1F,KGXUEPOHGFWQKF-ZCXUNETKSA-N,KGXUEPOHGFWQKF,KGXUEPOHGFWQKF,1,resolved,resolved,False,OFT exact name,10933bd9-5ddb-4659-a5c2-6960c622e4a3,Flutianil,958647-10-4,,,,,False,True,True,958647-10-4,014018,True,False,True,False,Contact,LD50,100.0,>,censored,>100,F86,unique_PCCODE,49490487,0,0,0
86,Flutianil,014018,Fungicide,Thiazolidine,MOA Unknown,>100,>100,,,,,,,COC1=CC=CC=C1N\2CCS/C2=C(/C#N)\SC3=C(C=CC(=C3)C(F)(F)F)F,"InChI=1S/C19H14F4N2OS2/c1-26-15-5-3-2-4-14(15)25-8-9-27-18(25)17(11-24)28-16-10-12(19(21,22)23)6-7-13(16)20/h2-7,10H,8-9H2,1H3/b18-17-",,COc1ccccc1N1CCS/C1=C(/C#N)Sc1cc(C(F)(F)F)ccc1F,KGXUEPOHGFWQKF-ZCXUNETKSA-N,KGXUEPOHGFWQKF,KGXUEPOHGFWQKF,1,resolved,resolved,False,OFT exact name,10933bd9-5ddb-4659-a5c2-6960c622e4a3,Flutianil,958647-10-4,,,,,False,True,True,958647-10-4,014018,True,False,True,False,Oral,LD50,100.0,>,censored,>100,G86,unique_PCCODE,49490487,0,0,0
87,Flutriafol,128940,Fungicide,Triazoles,Fungi Biosynthesis inhibitors,>50,47,,,,,,,OC(CN1N=CN=C1)(C(C=C2)=CC=C2F)C(C=CC=C3)=C3F,"InChI=1S/C16H13F2N3O/c17-13-7-5-12(6-8-13)16(22,9-21-11-19-10-20-21)14-3-1-2-4-15(14)18/h1-8,10-11,22H,9H2",,OC(Cn1cncn1)(c1ccc(F)cc1)c1ccccc1F,JWUCHKBSVLQQCO-UHFFFAOYSA-N,JWUCHKBSVLQQCO,JWUCHKBSVLQQCO,1,resolved,resolved,False,OFT exact name,fda826c5-bf0a-474d-80a3-2237dbd6fbbb,Flutriafol,76674-21-0,,,,,True,True,True,76674-21-0,128940,True,True,True,False,Contact,LD50,50.0,>,censored,>50,F87,unique_PCCODE,-,0,0,-1
87,Flutriafol,128940,Fungicide,Triazoles,Fungi Biosynthesis inhibitors,>50,47,,,,,,,OC(CN1N=CN=C1)(C(C=C2)=CC=C2F)C(C=CC=C3)=C3F,"InChI=1S/C16H13F2N3O/c17-13-7-5-12(6-8-13)16(22,9-21-11-19-10-20-21)14-3-1-2-4-15(14)18/h1-8,10-11,22H,9H2",,OC(Cn1cncn1)(c1ccc(F)cc1)c1ccccc1F,JWUCHKBSVLQQCO-UHFFFAOYSA-N,JWUCHKBSVLQQCO,JWUCHKBSVLQQCO,1,resolved,resolved,False,OFT exact name,fda826c5-bf0a-474d-80a3-2237dbd6fbbb,Flutriafol,76674-21-0,,,,,True,True,True,76674-21-0,128940,True,True,True,False,Oral,LD50,47.0,,exact,47,G87,unique_PCCODE,47090326,0,0,1
88,Forchlorfenuron,128819,Herbicide,Phenylureas,Plant Growth Regulator,>25,,1.78,15,4.23,1.47,1.47,1.47,C1=CC=C(C=C1)NC(=O)NC2=CC(=NC=C2)Cl,"InChI=1S/C12H10ClN3O/c13-11-8-10(6-7-14-11)16-12(17)15-9-4-2-1-3-5-9/h1-8H,(H2,14,15,16,17)",,O=C(Nc1ccccc1)Nc1ccnc(Cl)c1,GPXLRLUVLMHHIK-UHFFFAOYSA-N,GPXLRLUVLMHHIK,GPXLRLUVLMHHIK,1,resolved,resolved,False,OFT exact name,9439b67b-70b6-427f-9204-aa195667142c,Forchlorfenuron,68157-60-8,,,,,True,True,True,68157-60-8,128819,True,False,True,False,Contact,LD50,25.0,>,censored,>25,F88,unique_PCCODE,44359525,0,0,-1
89,Formetanate hydrochloride,097301,Insecticide,Carbamate,Neurotoxicant,1,0.16,0.087,,0.11,0.03,0.03,0.03,CNC(=O)OC1=CC=CC(=C1)N=CN(C)C.Cl,"InChI=1S/C11H15N3O2.ClH/c1-12-11(15)16-10-6-4-5-9(7-10)13-8-14(2)3;/h4-8H,1-3H3,(H,12,15);1H",,CNC(=O)Oc1cccc(N=CN(C)C)c1.Cl,MYPKGPZHHQEODQ-UHFFFAOYSA-N,MYPKGPZHHQEODQ,RMFNNCGOSPBBAD,2,resolved,resolved,False,OFT exact name,2265385e-20a4-4937-868e-9a71ce466f05,Formetanate hydrochloride,23422-53-9,,,,,True,True,True,23422-53-9,097301,True,False,True,False,Contact,LD50,1.0,,exact,1,F89,unique_PCCODE,50303301,1,1,1
89,Formetanate hydrochloride,097301,Insecticide,Carbamate,Neurotoxicant,1,0.16,0.087,,0.11,0.03,0.03,0.03,CNC(=O)OC1=CC=CC(=C1)N=CN(C)C.Cl,"InChI=1S/C11H15N3O2.ClH/c1-12-11(15)16-10-6-4-5-9(7-10)13-8-14(2)3;/h4-8H,1-3H3,(H,12,15);1H",,CNC(=O)Oc1cccc(N=CN(C)C)c1.Cl,MYPKGPZHHQEODQ-UHFFFAOYSA-N,MYPKGPZHHQEODQ,RMFNNCGOSPBBAD,2,resolved,resolved,False,OFT exact name,2265385e-20a4-4937-868e-9a71ce466f05,Formetanate hydrochloride,23422-53-9,,,,,True,True,True,23422-53-9,097301,True,False,True,False,Oral,LD50,0.16,,exact,0.16,G89,unique_PCCODE,50303301,1,1,1
90,Fosetyl-Al,123301,Fungicide,Organophosphorus,Reactive,>100,455,,,,,,,CCOP(=O)=O.CCOP(=O)=O.CCOP(=O)=O.[Al+3],"InChI=1S/3C2H5O3P.Al/c3*1-2-5-6(3)4;/h3*2H2,1H3;/q;;;+3",OIPMQULDKWSNGX-UHFFFAOYSA-N,CCOP(=O)=O.CCOP(=O)=O.CCOP(=O)=O.[Al+3],OIPMQULDKWSNGX-UHFFFAOYSA-N,OIPMQULDKWSNGX,ZUNGGJHBMLMRFJ,4,resolved,resolved,False,PubChem name,"https://pubchem.ncbi.nlm.nih.gov/rest/pug/compound/name/Fosetyl-Al/property/InChIKey,InChI,IsomericSMILES/JSON",Fosetyl-Al,,6328269.0,,,,True,True,True,,123301,False,False,False,False,Contact,LD50,100.0,>,censored,>100,F90,unique_PCCODE,47418003,0,0,0
90,Fosetyl-Al,123301,Fungicide,Organophosphorus,Reactive,>100,455,,,,,,,CCOP(=O)=O.CCOP(=O)=O.CCOP(=O)=O.[Al+3],"InChI=1S/3C2H5O3P.Al/c3*1-2-5-6(3)4;/h3*2H2,1H3;/q;;;+3",OIPMQULDKWSNGX-UHFFFAOYSA-N,CCOP(=O)=O.CCOP(=O)=O.CCOP(=O)=O.[Al+3],OIPMQULDKWSNGX-UHFFFAOYSA-N,OIPMQULDKWSNGX,ZUNGGJHBMLMRFJ,4,resolved,resolved,False,PubChem name,"https://pubchem.ncbi.nlm.nih.gov/rest/pug/compound/name/Fosetyl-Al/property/InChIKey,InChI,IsomericSMILES/JSON",Fosetyl-Al,,6328269.0,,,,True,True,True,,123301,False,False,False,False,Oral,LD50,455.0,,exact,455,G90,unique_PCCODE,47418003,0,0,0
91,Furfural,043301,Nematicide,Heterocyclic Aldehyde,Multisite/Membrane,>100,>100,,,,,,,O=CC1=CC=CO1,InChI=1S/C5H4O2/c6-4-5-2-1-3-7-5/h1-4H,,O=Cc1ccco1,HYBBIBNJHNGZAN-UHFFFAOYSA-N,HYBBIBNJHNGZAN,HYBBIBNJHNGZAN,1,resolved,resolved,False,OFT exact name,02a1f0fb-7367-4a5f-a8f9-da895106b06e,Furfural,98-01-1,,,,,True,True,True,98-01-1,043301,True,False,True,False,Contact,LD50,100.0,>,censored,>100,F91,unique_PCCODE,47300201,0,0,0
91,Furfural,043301,Nematicide,Heterocyclic Aldehyde,Multisite/Membrane,>100,>100,,,,,,,O=CC1=CC=CO1,InChI=1S/C5H4O2/c6-4-5-2-1-3-7-5/h1-4H,,O=Cc1ccco1,HYBBIBNJHNGZAN-UHFFFAOYSA-N,HYBBIBNJHNGZAN,HYBBIBNJHNGZAN,1,resolved,resolved,False,OFT exact name,02a1f0fb-7367-4a5f-a8f9-da895106b06e,Furfural,98-01-1,,,,,True,True,True,98-01-1,043301,True,False,True,False,Oral,LD50,100.0,>,censored,>100,G91,unique_PCCODE,46331505,0,0,0
92,Glyphosate,417300,Herbicide,Glycine,Plant Biosynthesis inhibitors,>103,>182,,,,,,,O=P(O)(O)CNCC(O)=O,"InChI=1S/C3H8NO5P/c5-3(6)1-4-2-10(7,8)9/h4H,1-2H2,(H,5,6)(H2,7,8,9)",,O=C(O)CNCP(=O)(O)O,XDDAORKBJWWYJS-UHFFFAOYSA-N,XDDAORKBJWWYJS,XDDAORKBJWWYJS,1,resolved,resolved,False,OFT exact name,95c86af0-d579-4717-915a-74839a4eb142,Glyphosate,1071-83-6,,,,,True,True,True,1071-83-6,417300,True,False,True,False,Contact,LD50,103.0,>,censored,>103,F92,unique_PCCODE,48876603,0,0,0
92,Glyphosate,417300,Herbicide,Glycine,Plant Biosynthesis inhibitors,>103,>182,,,,,,,O=P(O)(O)CNCC(O)=O,"InChI=1S/C3H8NO5P/c5-3(6)1-4-2-10(7,8)9/h4H,1-2H2,(H,5,6)(H2,7,8,9)",,O=C(O)CNCP(=O)(O)O,XDDAORKBJWWYJS-UHFFFAOYSA-N,XDDAORKBJWWYJS,XDDAORKBJWWYJS,1,resolved,resolved,False,OFT exact name,95c86af0-d579-4717-915a-74839a4eb142,Glyphosate,1071-83-6,,,,,True,True,True,1071-83-6,417300,True,False,True,False,Oral,LD50,182.0,>,censored,>182,G92,unique_PCCODE,48876603,0,0,0
93,"Glyphosate, isopropylamine salt",103601,Herbicide,Organophosphate,Plant Biosynthesis inhibitors,>100,>100,,,,,,,CC(C)N.C(C(=O)O)NCP(=O)(O)O,"InChI=1S/C3H8NO5P.C3H9N/c5-3(6)1-4-2-10(7,8)9;1-3(2)4/h4H,1-2H2,(H,5,6)(H2,7,8,9);3H,4H2,1-2H3",ZEKANFGSDXODPD-UHFFFAOYSA-N,CC(C)N.O=C(O)CNCP(=O)(O)O,ZEKANFGSDXODPD-UHFFFAOYSA-N,ZEKANFGSDXODPD,XDDAORKBJWWYJS,2,resolved,resolved,False,PubChem name,"https://pubchem.ncbi.nlm.nih.gov/rest/pug/compound/name/Glyphosate%2C%20isopropylamine%20salt/property/InChIKey,InChI,IsomericSMILES/JSON","Glyphosate, isopropylamine salt",,38078.0,,,,True,True,True,,103601,False,False,False,False,Contact,LD50,100.0,>,censored,>100,F93,unique_PCCODE,26489,0,0,0
93,"Glyphosate, isopropylamine salt",103601,Herbicide,Organophosphate,Plant Biosynthesis inhibitors,>100,>100,,,,,,,CC(C)N.C(C(=O)O)NCP(=O)(O)O,"InChI=1S/C3H8NO5P.C3H9N/c5-3(6)1-4-2-10(7,8)9;1-3(2)4/h4H,1-2H2,(H,5,6)(H2,7,8,9);3H,4H2,1-2H3",ZEKANFGSDXODPD-UHFFFAOYSA-N,CC(C)N.O=C(O)CNCP(=O)(O)O,ZEKANFGSDXODPD-UHFFFAOYSA-N,ZEKANFGSDXODPD,XDDAORKBJWWYJS,2,resolved,resolved,False,PubChem name,"https://pubchem.ncbi.nlm.nih.gov/rest/pug/compound/name/Glyphosate%2C%20isopropylamine%20salt/property/InChIKey,InChI,IsomericSMILES/JSON","Glyphosate, isopropylamine salt",,38078.0,,,,True,True,True,,103601,False,False,False,False,Oral,LD50,100.0,>,censored,>100,G93,unique_PCCODE,00026489,0,0,0
94,Halauxifen methyl,117501,Herbicide,Picolinic acid,Plant Growth Regulator,>98.1,>108,4.6,,>5.34,5.34,0.149,0.149,,"InChI=1S/C14H11Cl2FN2O3/c1-21-13-7(15)4-3-6(11(13)17)9-5-8(18)10(16)12(19-9)14(20)22-2/h3-5H,1-2H3,(H2,18,19)",,COC(=O)c1nc(-c2ccc(Cl)c(OC)c2F)cc(N)c1Cl,KDHKOPYYWOHESS-UHFFFAOYSA-N,KDHKOPYYWOHESS,KDHKOPYYWOHESS,1,resolved,resolved,False,OFT exact name,cc142da7-b778-4a15-ae3d-da97762b2465,Halauxifen methyl,943831-98-9,,,,,True,True,True,943831-98-9,117501,True,False,True,False,Contact,LD50,98.1,>,censored,>98.1,F94,unique_PCCODE,48557890,0,0,-1
94,Halauxifen methyl,117501,Herbicide,Picolinic acid,Plant Growth Regulator,>98.1,>108,4.6,,>5.34,5.34,0.149,0.149,,"InChI=1S/C14H11Cl2FN2O3/c1-21-13-7(15)4-3-6(11(13)17)9-5-8(18)10(16)12(19-9)14(20)22-2/h3-5H,1-2H3,(H2,18,19)",,COC(=O)c1nc(-c2ccc(Cl)c(OC)c2F)cc(N)c1Cl,KDHKOPYYWOHESS-UHFFFAOYSA-N,KDHKOPYYWOHESS,KDHKOPYYWOHESS,1,resolved,resolved,False,OFT exact name,cc142da7-b778-4a15-ae3d-da97762b2465,Halauxifen methyl,943831-98-9,,,,,True,True,True,943831-98-9,117501,True,False,True,False,Oral,LD50,108.0,>,censored,>108,G94,unique_PCCODE,48557890,0,0,0
95,Hexaflumuron,118202,Insecticide,Benzoylureas,Insect Growth Regulator,>99.6,>100,,,,,,,C1=CC(=C(C(=C1)F)C(=O)NC(=O)NC2=CC(=C(C(=C2)Cl)OC(C(F)F)(F)F)Cl)F,"InChI=1S/C16H8Cl2F6N2O3/c17-7-4-6(5-8(18)12(7)29-16(23,24)14(21)22)25-15(28)26-13(27)11-9(19)2-1-3-10(11)20/h1-5,14H,(H2,25,26,27,28)",RGNPBRKPHBKNKX-UHFFFAOYSA-N,O=C(NC(=O)c1c(F)cccc1F)Nc1cc(Cl)c(OC(F)(F)C(F)F)c(Cl)c1,RGNPBRKPHBKNKX-UHFFFAOYSA-N,RGNPBRKPHBKNKX,RGNPBRKPHBKNKX,1,resolved,resolved,False,PubChem name,"https://pubchem.ncbi.nlm.nih.gov/rest/pug/compound/name/Hexaflumuron/property/InChIKey,InChI,IsomericSMILES/JSON",Hexaflumuron,,91741.0,,,,True,True,True,,118202,False,True,True,False,Contact,LD50,99.6,>,censored,>99.6,F95,unique_PCCODE,48323208,0,0,-1
95,Hexaflumuron,118202,Insecticide,Benzoylureas,Insect Growth Regulator,>99.6,>100,,,,,,,C1=CC(=C(C(=C1)F)C(=O)NC(=O)NC2=CC(=C(C(=C2)Cl)OC(C(F)F)(F)F)Cl)F,"InChI=1S/C16H8Cl2F6N2O3/c17-7-4-6(5-8(18)12(7)29-16(23,24)14(21)22)25-15(28)26-13(27)11-9(19)2-1-3-10(11)20/h1-5,14H,(H2,25,26,27,28)",RGNPBRKPHBKNKX-UHFFFAOYSA-N,O=C(NC(=O)c1c(F)cccc1F)Nc1cc(Cl)c(OC(F)(F)C(F)F)c(Cl)c1,RGNPBRKPHBKNKX-UHFFFAOYSA-N,RGNPBRKPHBKNKX,RGNPBRKPHBKNKX,1,resolved,resolved,False,PubChem name,"https://pubchem.ncbi.nlm.nih.gov/rest/pug/compound/name/Hexaflumuron/property/InChIKey,InChI,IsomericSMILES/JSON",Hexaflumuron,,91741.0,,,,True,True,True,,118202,False,True,True,False,Oral,LD50,100.0,>,censored,>100,G95,unique_PCCODE,48323208,0,0,0
96,Hexythiazox,128849,Miticide,Thiazolidinones,Mite Growth Regulator,>200,,51.0,72,,,,,O=C1SC(C2=CC=C(Cl)C=C2)C(N1C(=O)NC3CCCCC3)C,"InChI=1S/C17H21ClN2O2S/c1-11-15(12-7-9-13(18)10-8-12)23-17(22)20(11)16(21)19-14-5-3-2-4-6-14/h7-11,14-15H,2-6H2,1H3,(H,19,21)/t11-,15+/m0/s1",,CC1C(c2ccc(Cl)cc2)SC(=O)N1C(=O)NC1CCCCC1,XGWIJUOSCAQSSV-UHFFFAOYSA-N,XGWIJUOSCAQSSV,XGWIJUOSCAQSSV,1,resolved,resolved,True,OFT exact name,04691e1c-94a4-49a5-903c-7b6d3cfd1fe9|6289389c-9aa9-4c33-977c-017daa7e6d0c,Hexythiazox,78587-05-0,,,,,True,True,True,78587-05-0,128849,True,False,True,False,Contact,LD50,200.0,>,censored,>200,F96,unique_PCCODE,00141514,0,0,0
97,Hymexazole,129107,Fungicide,Isoxazoles,Fungi Biosynthesis inhibitors,>100,>100,,,,,,,CC1=CC(=O)NO1,"InChI=1S/C4H5NO2/c1-3-2-4(6)5-7-3/h2H,1H3,(H,5,6)",KGVPNLBXJKTABS-UHFFFAOYSA-N,Cc1cc(=O)[nH]o1,KGVPNLBXJKTABS-UHFFFAOYSA-N,KGVPNLBXJKTABS,KGVPNLBXJKTABS,1,resolved,resolved,False,PubChem name,"https://pubchem.ncbi.nlm.nih.gov/rest/pug/compound/name/Hymexazole/property/InChIKey,InChI,IsomericSMILES/JSON",Hymexazole,,24781.0,,,,True,True,True,,129107,False,False,False,False,Contact,LD50,100.0,>,censored,>100,F97,unique_PCCODE,49718601,0,0,0
97,Hymexazole,129107,Fungicide,Isoxazoles,Fungi Biosynthesis inhibitors,>100,>100,,,,,,,CC1=CC(=O)NO1,"InChI=1S/C4H5NO2/c1-3-2-4(6)5-7-3/h2H,1H3,(H,5,6)",KGVPNLBXJKTABS-UHFFFAOYSA-N,Cc1cc(=O)[nH]o1,KGVPNLBXJKTABS-UHFFFAOYSA-N,KGVPNLBXJKTABS,KGVPNLBXJKTABS,1,resolved,resolved,False,PubChem name,"https://pubchem.ncbi.nlm.nih.gov/rest/pug/compound/name/Hymexazole/property/InChIKey,InChI,IsomericSMILES/JSON",Hymexazole,,24781.0,,,,True,True,True,,129107,False,False,False,False,Oral,LD50,100.0,>,censored,>100,G97,unique_PCCODE,49718601,0,0,0
98,Imazamox,129171,Herbicide,Imidazolinones,Plant Biosynthesis inhibitors,>58,>40,101.0,>93.6,>23.6,23.6,5.53,5.53,CC(C)C1(C(=O)NC(=N1)C2=C(C=C(C=N2)COC)C(=O)O)C,"InChI=1S/C15H19N3O4/c1-8(2)15(3)14(21)17-12(18-15)11-10(13(19)20)5-9(6-16-11)7-22-4/h5-6,8H,7H2,1-4H3,(H,19,20)(H,17,18,21)",NUPJIGQFXCQJBK-UHFFFAOYSA-N,COCc1cnc(C2=NC(C)(C(C)C)C(=O)N2)c(C(=O)O)c1,NUPJIGQFXCQJBK-UHFFFAOYSA-N,NUPJIGQFXCQJBK,NUPJIGQFXCQJBK,1,resolved,resolved,False,PubChem name,"https://pubchem.ncbi.nlm.nih.gov/rest/pug/compound/name/Imazamox/property/InChIKey,InChI,IsomericSMILES/JSON",Imazamox,,86137.0,,,,True,True,True,,129171,False,True,True,False,Contact,LD50,58.0,>,censored,>58,F98,unique_PCCODE,50105411,0,0,-1
98,Imazamox,129171,Herbicide,Imidazolinones,Plant Biosynthesis inhibitors,>58,>40,101.0,>93.6,>23.6,23.6,5.53,5.53,CC(C)C1(C(=O)NC(=N1)C2=C(C=C(C=N2)COC)C(=O)O)C,"InChI=1S/C15H19N3O4/c1-8(2)15(3)14(21)17-12(18-15)11-10(13(19)20)5-9(6-16-11)7-22-4/h5-6,8H,7H2,1-4H3,(H,19,20)(H,17,18,21)",NUPJIGQFXCQJBK-UHFFFAOYSA-N,COCc1cnc(C2=NC(C)(C(C)C)C(=O)N2)c(C(=O)O)c1,NUPJIGQFXCQJBK-UHFFFAOYSA-N,NUPJIGQFXCQJBK,NUPJIGQFXCQJBK,1,resolved,resolved,False,PubChem name,"https://pubchem.ncbi.nlm.nih.gov/rest/pug/compound/name/Imazamox/property/InChIKey,InChI,IsomericSMILES/JSON",Imazamox,,86137.0,,,,True,True,True,,129171,False,True,True,False,Oral,LD50,40.0,>,censored,>40,G98,unique_PCCODE,50105411,0,0,-1
101,Imazethapyr,128922,Herbicide,Imidazolinones,Plant Biosynthesis inhibitors,>98,>100,34.3,,>91.1,91.1,91.1,91.1,CCC1=CC(=C(N=C1)C2=NC(C(=O)N2)(C)C(C)C)C(=O)O,"InChI=1S/C15H19N3O3/c1-5-9-6-10(13(19)20)11(16-7-9)12-17-14(21)15(4,18-12)8(2)3/h6-8H,5H2,1-4H3,(H,19,20)(H,17,18,21)",XVOKUMIPKHGGTN-UHFFFAOYSA-N,CCc1cnc(C2=NC(C)(C(C)C)C(=O)N2)c(C(=O)O)c1,XVOKUMIPKHGGTN-UHFFFAOYSA-N,XVOKUMIPKHGGTN,XVOKUMIPKHGGTN,1,resolved,resolved,False,PubChem name,"https://pubchem.ncbi.nlm.nih.gov/rest/pug/compound/name/Imazethapyr/property/InChIKey,InChI,IsomericSMILES/JSON",Imazethapyr,,54740.0,,,,True,True,True,,128922,False,True,True,False,Contact,LD50,98.0,>,censored,>98,F101,unique_PCCODE,-,0,0,-1
101,Imazethapyr,128922,Herbicide,Imidazolinones,Plant Biosynthesis inhibitors,>98,>100,34.3,,>91.1,91.1,91.1,91.1,CCC1=CC(=C(N=C1)C2=NC(C(=O)N2)(C)C(C)C)C(=O)O,"InChI=1S/C15H19N3O3/c1-5-9-6-10(13(19)20)11(16-7-9)12-17-14(21)15(4,18-12)8(2)3/h6-8H,5H2,1-4H3,(H,19,20)(H,17,18,21)",XVOKUMIPKHGGTN-UHFFFAOYSA-N,CCc1cnc(C2=NC(C)(C(C)C)C(=O)N2)c(C(=O)O)c1,XVOKUMIPKHGGTN-UHFFFAOYSA-N,XVOKUMIPKHGGTN,XVOKUMIPKHGGTN,1,resolved,resolved,False,PubChem name,"https://pubchem.ncbi.nlm.nih.gov/rest/pug/compound/name/Imazethapyr/property/InChIKey,InChI,IsomericSMILES/JSON",Imazethapyr,,54740.0,,,,True,True,True,,128922,False,True,True,False,Oral,LD50,100.0,>,censored,>100,G101,unique_PCCODE,50012302,0,0,0
102,Imazosulfuron,118602,Herbicide,Sulfonylureas,Plant Biosynthesis inhibitors,59.9,45.9,,,,,,,COC1=CC(=NC(=N1)NC(=O)NS(=O)(=O)C2=C(N=C3N2C=CC=C3)Cl)OC,"InChI=1S/C14H13ClN6O5S/c1-25-9-7-10(26-2)18-13(17-9)19-14(22)20-27(23,24)12-11(15)16-8-5-3-4-6-21(8)12/h3-7H,1-2H3,(H2,17,18,19,20,22)",,COc1cc(OC)nc(NC(=O)NS(=O)(=O)c2c(Cl)nc3ccccn23)n1,NAGRVUXEKKZNHT-UHFFFAOYSA-N,NAGRVUXEKKZNHT,NAGRVUXEKKZNHT,1,resolved,resolved,False,OFT exact name,2b278d44-fdd0-4bc1-89ef-f2b29992a231,Imazosulfuron,122548-33-8,,,,,True,True,True,122548-33-8,118602,True,False,True,False,Contact,LD50,59.9,,exact,59.9,F102,unique_PCCODE,47305209,0,0,1
102,Imazosulfuron,118602,Herbicide,Sulfonylureas,Plant Biosynthesis inhibitors,59.9,45.9,,,,,,,COC1=CC(=NC(=N1)NC(=O)NS(=O)(=O)C2=C(N=C3N2C=CC=C3)Cl)OC,"InChI=1S/C14H13ClN6O5S/c1-25-9-7-10(26-2)18-13(17-9)19-14(22)20-27(23,24)12-11(15)16-8-5-3-4-6-21(8)12/h3-7H,1-2H3,(H2,17,18,19,20,22)",,COc1cc(OC)nc(NC(=O)NS(=O)(=O)c2c(Cl)nc3ccccn23)n1,NAGRVUXEKKZNHT-UHFFFAOYSA-N,NAGRVUXEKKZNHT,NAGRVUXEKKZNHT,1,resolved,resolved,False,OFT exact name,2b278d44-fdd0-4bc1-89ef-f2b29992a231,Imazosulfuron,122548-33-8,,,,,True,True,True,122548-33-8,118602,True,False,True,False,Oral,LD50,45.9,,exact,45.9,G102,unique_PCCODE,47305209,0,0,1
103,Imidacloprid,129099,Insecticide,Neonicotinoids,Neurotoxicant,0.078,0.0039,,,,,,,ClC(C=C2)=NC=C2CN1/C(NCC1)=N/[N+]([O-])=O,"InChI=1S/C9H10ClN5O2/c10-8-2-1-7(5-12-8)6-14-4-3-11-9(14)13-15(16)17/h1-2,5H,3-4,6H2,(H,11,13)",,O=[N+]([O-])/N=C1\NCCN1Cc1ccc(Cl)nc1,YWTYJOPNNQFBPC-UHFFFAOYSA-N,YWTYJOPNNQFBPC,YWTYJOPNNQFBPC,1,resolved,resolved,False,OFT exact name,c99b657a-c02d-48a3-9ad7-b6cf5838bde0,Imidacloprid,138261-41-3,,,,,True,True,True,138261-41-3,129099,True,True,True,False,Contact,LD50,0.078,,exact,0.078,F103,unique_PCCODE,42273003,1,1,1
103,Imidacloprid,129099,Insecticide,Neonicotinoids,Neurotoxicant,0.078,0.0039,,,,,,,ClC(C=C2)=NC=C2CN1/C(NCC1)=N/[N+]([O-])=O,"InChI=1S/C9H10ClN5O2/c10-8-2-1-7(5-12-8)6-14-4-3-11-9(14)13-15(16)17/h1-2,5H,3-4,6H2,(H,11,13)",,O=[N+]([O-])/N=C1\NCCN1Cc1ccc(Cl)nc1,YWTYJOPNNQFBPC-UHFFFAOYSA-N,YWTYJOPNNQFBPC,YWTYJOPNNQFBPC,1,resolved,resolved,False,OFT exact name,c99b657a-c02d-48a3-9ad7-b6cf5838bde0,Imidacloprid,138261-41-3,,,,,True,True,True,138261-41-3,129099,True,True,True,False,Oral,LD50,0.0039,,exact,0.0039,G103,unique_PCCODE,42273003,1,1,1
104,Indaziflam,080818,Herbicide,Alkylazines,Plant Biosynthesis inhibitors,>100,>120,,,,,,,C[C@H]1CC2=C([C@@H]1NC3=NC(=NC(=N3)N)C(C)F)C=C(C=C2)C,"InChI=1S/C16H20FN5/c1-8-4-5-11-7-9(2)13(12(11)6-8)19-16-21-14(10(3)17)20-15(18)22-16/h4-6,9-10,13H,7H2,1-3H3,(H3,18,19,20,21,22)/t9-,10?,13+/m0/s1",YFONKFDEZLYQDH-BOURZNODSA-N,Cc1ccc2c(c1)[C@H](Nc1nc(N)nc(C(C)F)n1)[C@@H](C)C2,YFONKFDEZLYQDH-BOURZNODSA-N,YFONKFDEZLYQDH,YFONKFDEZLYQDH,1,resolved,resolved,False,PubChem name,"https://pubchem.ncbi.nlm.nih.gov/rest/pug/compound/name/Indaziflam/property/InChIKey,InChI,IsomericSMILES/JSON",Indaziflam,,44146693.0,,,,False,True,True,,080818,False,False,False,False,Contact,LD50,100.0,>,censored,>100,F104,unique_PCCODE,47443245,0,0,0
104,Indaziflam,080818,Herbicide,Alkylazines,Plant Biosynthesis inhibitors,>100,>120,,,,,,,C[C@H]1CC2=C([C@@H]1NC3=NC(=NC(=N3)N)C(C)F)C=C(C=C2)C,"InChI=1S/C16H20FN5/c1-8-4-5-11-7-9(2)13(12(11)6-8)19-16-21-14(10(3)17)20-15(18)22-16/h4-6,9-10,13H,7H2,1-3H3,(H3,18,19,20,21,22)/t9-,10?,13+/m0/s1",YFONKFDEZLYQDH-BOURZNODSA-N,Cc1ccc2c(c1)[C@H](Nc1nc(N)nc(C(C)F)n1)[C@@H](C)C2,YFONKFDEZLYQDH-BOURZNODSA-N,YFONKFDEZLYQDH,YFONKFDEZLYQDH,1,resolved,resolved,False,PubChem name,"https://pubchem.ncbi.nlm.nih.gov/rest/pug/compound/name/Indaziflam/property/InChIKey,InChI,IsomericSMILES/JSON",Indaziflam,,44146693.0,,,,False,True,True,,080818,False,False,False,False,Oral,LD50,120.0,>,censored,>120,G104,unique_PCCODE,47443245,0,0,0
105,Indoxacarb,067710,Insecticide,Oxadiazine,Neurotoxicant,0.0682,0.204,,,>0.134,0.0168,0.0168,0.0168,,"InChI=1S/C22H17ClF3N3O7/c1-33-18(30)21-10-12-9-13(23)3-8-16(12)17(21)27-28(11-35-21)19(31)29(20(32)34-2)14-4-6-15(7-5-14)36-22(24,25)26/h3-9H,10-11H2,1-2H3/t21-/m0/s1",,COC(=O)N(C(=O)N1CO[C@@]2(C(=O)OC)Cc3cc(Cl)ccc3C2=N1)c1ccc(OC(F)(F)F)cc1,VBCVPMMZEGZULK-NRFANRHFSA-N,VBCVPMMZEGZULK,VBCVPMMZEGZULK,1,resolved,resolved,False,OFT exact name,66bbdc64-ffc0-48f5-bd80-016f81f0672a,Indoxacarb,173584-44-6,,,,,False,True,True,173584-44-6,067710,True,False,True,False,Contact,LD50,0.0682,,exact,0.0682,F105,unique_PCCODE,49366004,1,1,1
105,Indoxacarb,067710,Insecticide,Oxadiazine,Neurotoxicant,0.0682,0.204,,,>0.134,0.0168,0.0168,0.0168,,"InChI=1S/C22H17ClF3N3O7/c1-33-18(30)21-10-12-9-13(23)3-8-16(12)17(21)27-28(11-35-21)19(31)29(20(32)34-2)14-4-6-15(7-5-14)36-22(24,25)26/h3-9H,10-11H2,1-2H3/t21-/m0/s1",,COC(=O)N(C(=O)N1CO[C@@]2(C(=O)OC)Cc3cc(Cl)ccc3C2=N1)c1ccc(OC(F)(F)F)cc1,VBCVPMMZEGZULK-NRFANRHFSA-N,VBCVPMMZEGZULK,VBCVPMMZEGZULK,1,resolved,resolved,False,OFT exact name,66bbdc64-ffc0-48f5-bd80-016f81f0672a,Indoxacarb,173584-44-6,,,,,False,True,True,173584-44-6,067710,True,False,True,False,Oral,LD50,0.204,,exact,0.204,G105,unique_PCCODE,49366004,1,1,1
108,Karetazan-potassium,119002,Herbicide,Pyridines,Plant Growth Regulator,>200,>100,,,,,,,CCN1C(=CC(=O)C(=C1C2=CC=C(C=C2)Cl)C(=O)[O-])C.[K+],"InChI=1S/C15H14ClNO3.K/c1-3-17-9(2)8-12(18)13(15(19)20)14(17)10-4-6-11(16)7-5-10;/h4-8H,3H2,1-2H3,(H,19,20);/q;+1/p-1",IUUMSKQPWAMVQI-UHFFFAOYSA-M,CCn1c(C)cc(=O)c(C(=O)[O-])c1-c1ccc(Cl)cc1.[K+],IUUMSKQPWAMVQI-UHFFFAOYSA-M,IUUMSKQPWAMVQI,GQFJDWYHPRLNHR,2,resolved,resolved,False,PubChem name,"https://pubchem.ncbi.nlm.nih.gov/rest/pug/compound/name/Karetazan-potassium/property/InChIKey,InChI,IsomericSMILES/JSON",Karetazan-potassium,,23674747.0,,,,True,True,True,,119002,False,False,False,False,Contact,LD50,200.0,>,censored,>200,F108,unique_PCCODE,42132415,0,0,0
108,Karetazan-potassium,119002,Herbicide,Pyridines,Plant Growth Regulator,>200,>100,,,,,,,CCN1C(=CC(=O)C(=C1C2=CC=C(C=C2)Cl)C(=O)[O-])C.[K+],"InChI=1S/C15H14ClNO3.K/c1-3-17-9(2)8-12(18)13(15(19)20)14(17)10-4-6-11(16)7-5-10;/h4-8H,3H2,1-2H3,(H,19,20);/q;+1/p-1",IUUMSKQPWAMVQI-UHFFFAOYSA-M,CCn1c(C)cc(=O)c(C(=O)[O-])c1-c1ccc(Cl)cc1.[K+],IUUMSKQPWAMVQI-UHFFFAOYSA-M,IUUMSKQPWAMVQI,GQFJDWYHPRLNHR,2,resolved,resolved,False,PubChem name,"https://pubchem.ncbi.nlm.nih.gov/rest/pug/compound/name/Karetazan-potassium/property/InChIKey,InChI,IsomericSMILES/JSON",Karetazan-potassium,,23674747.0,,,,True,True,True,,119002,False,False,False,False,Oral,LD50,100.0,>,censored,>100,G108,unique_PCCODE,42132415,0,0,0
109,lambda-Cyhalothrin,128897,Insecticide,Pyrethroid,Neurotoxicant,0.038,0.909,,,,,,,C1([C@H]([C@H]1C(O[C@@H](c1cc(Oc2ccccc2)ccc1)C#N)=O)\C=C(\C(F)(F)F)Cl)(C)C,"InChI=1S/2C23H19ClF3NO3/c2*1-22(2)17(12-19(24)23(25,26)27)20(22)21(29)31-18(13-28)14-7-6-10-16(11-14)30-15-8-4-3-5-9-15/h2*3-12,17-18,20H,1-2H3/b2*19-12-/t2*17-,18+,20-/m10/s1",,CC1(C)[C@H](C(=O)O[C@H](C#N)c2cccc(Oc3ccccc3)c2)[C@@H]1/C=C(\Cl)C(F)(F)F,ZXQYGBMAQZUVMI-GCMPRSNUSA-N,ZXQYGBMAQZUVMI,ZXQYGBMAQZUVMI,1,resolved,resolved,True,OFT exact name,ff1175ab-26c0-44ad-8338-a78ef648b2f5,lambda-Cyhalothrin,91465-08-6,,,,,False,True,True,91465-08-6,128897,False,False,False,False,Contact,LD50,0.038,,exact,0.038,F109,unique_PCCODE,40052409,1,1,1
109,lambda-Cyhalothrin,128897,Insecticide,Pyrethroid,Neurotoxicant,0.038,0.909,,,,,,,C1([C@H]([C@H]1C(O[C@@H](c1cc(Oc2ccccc2)ccc1)C#N)=O)\C=C(\C(F)(F)F)Cl)(C)C,"InChI=1S/2C23H19ClF3NO3/c2*1-22(2)17(12-19(24)23(25,26)27)20(22)21(29)31-18(13-28)14-7-6-10-16(11-14)30-15-8-4-3-5-9-15/h2*3-12,17-18,20H,1-2H3/b2*19-12-/t2*17-,18+,20-/m10/s1",,CC1(C)[C@H](C(=O)O[C@H](C#N)c2cccc(Oc3ccccc3)c2)[C@@H]1/C=C(\Cl)C(F)(F)F,ZXQYGBMAQZUVMI-GCMPRSNUSA-N,ZXQYGBMAQZUVMI,ZXQYGBMAQZUVMI,1,resolved,resolved,True,OFT exact name,ff1175ab-26c0-44ad-8338-a78ef648b2f5,lambda-Cyhalothrin,91465-08-6,,,,,False,True,True,91465-08-6,128897,False,False,False,False,Oral,LD50,0.909,,exact,0.909,G109,unique_PCCODE,40052409,1,1,1
110,Malathion,057701,Insecticide,Organophosphate,Neurotoxicant,0.709,1.66,,,,,,,CCOC(=O)CC(SP(=S)(OC)OC)C(=O)OCC,"InChI=1/C10H19O6PS2/c1-5-15-9(11)7-8(10(12)16-6-2)19-17(18,13-3)14-4/h8H,5-7H2,1-4H3",,CCOC(=O)CC(SP(=S)(OC)OC)C(=O)OCC,JXSJBGJIGXNWCI-UHFFFAOYSA-N,JXSJBGJIGXNWCI,JXSJBGJIGXNWCI,1,resolved,resolved,False,OFT exact name,1f0bdb52-7dac-44ee-8603-5d19fecc8482,Malathion,121-75-5,,,,,True,True,True,121-75-5,057701,True,False,True,False,Contact,LD50,0.709,,exact,0.709,F110,unique_PCCODE,49051205,1,1,1
110,Malathion,057701,Insecticide,Organophosphate,Neurotoxicant,0.709,1.66,,,,,,,CCOC(=O)CC(SP(=S)(OC)OC)C(=O)OCC,"InChI=1/C10H19O6PS2/c1-5-15-9(11)7-8(10(12)16-6-2)19-17(18,13-3)14-4/h8H,5-7H2,1-4H3",,CCOC(=O)CC(SP(=S)(OC)OC)C(=O)OCC,JXSJBGJIGXNWCI-UHFFFAOYSA-N,JXSJBGJIGXNWCI,JXSJBGJIGXNWCI,1,resolved,resolved,False,OFT exact name,1f0bdb52-7dac-44ee-8603-5d19fecc8482,Malathion,121-75-5,,,,,True,True,True,121-75-5,057701,True,False,True,False,Oral,LD50,1.66,,exact,1.66,G110,unique_PCCODE,49270302,0,1,1
112,Mandipropamid,036602,Fungicide,Cinnamic acid amines,Fungi Biosynthesis inhibitors,>200,>160,,,,,,,Clc1ccc(cc1)C(OCC#C)C(=O)NCCc2ccc(OCC#C)c(OC)c2,"InChI=1S/C23H22ClNO4/c1-4-14-28-20-11-6-17(16-21(20)27-3)12-13-25-23(26)22(29-15-5-2)18-7-9-19(24)10-8-18/h1-2,6-11,16,22H,12-15H2,3H3,(H,25,26)",,C#CCOc1ccc(CCNC(=O)C(OCC#C)c2ccc(Cl)cc2)cc1OC,KWLVWJPJKJMCSH-UHFFFAOYSA-N,KWLVWJPJKJMCSH,KWLVWJPJKJMCSH,1,resolved,resolved,False,OFT exact name,de739a0e-225a-44a0-af43-9b56f54e0155,Mandipropamid,374726-62-2,,,,,True,True,True,374726-62-2,036602,True,False,True,False,Contact,LD50,200.0,>,censored,>200,F112,unique_PCCODE,46800116,0,0,0
112,Mandipropamid,036602,Fungicide,Cinnamic acid amines,Fungi Biosynthesis inhibitors,>200,>160,,,,,,,Clc1ccc(cc1)C(OCC#C)C(=O)NCCc2ccc(OCC#C)c(OC)c2,"InChI=1S/C23H22ClNO4/c1-4-14-28-20-11-6-17(16-21(20)27-3)12-13-25-23(26)22(29-15-5-2)18-7-9-19(24)10-8-18/h1-2,6-11,16,22H,12-15H2,3H3,(H,25,26)",,C#CCOc1ccc(CCNC(=O)C(OCC#C)c2ccc(Cl)cc2)cc1OC,KWLVWJPJKJMCSH-UHFFFAOYSA-N,KWLVWJPJKJMCSH,KWLVWJPJKJMCSH,1,resolved,resolved,False,OFT exact name,de739a0e-225a-44a0-af43-9b56f54e0155,Mandipropamid,374726-62-2,,,,,True,True,True,374726-62-2,036602,True,False,True,False,Oral,LD50,160.0,>,censored,>160,G112,unique_PCCODE,46800116,0,0,0
113,MCPA,030501,Herbicide,Chlorophenoxy acid/ester,Plant Growth Regulator,>194,>194,,34.6,93.9,11.6,11.6,5.64,CC1=C(C=CC(=C1)Cl)OCC(=O)O,"InChI=1S/C9H9ClO3/c1-6-4-7(10)2-3-8(6)13-5-9(11)12/h2-4H,5H2,1H3,(H,11,12)",WHKUVVPPKQRRBV-UHFFFAOYSA-N,Cc1cc(Cl)ccc1OCC(=O)O,WHKUVVPPKQRRBV-UHFFFAOYSA-N,WHKUVVPPKQRRBV,WHKUVVPPKQRRBV,1,resolved,resolved,False,PubChem name,"https://pubchem.ncbi.nlm.nih.gov/rest/pug/compound/name/MCPA/property/InChIKey,InChI,IsomericSMILES/JSON",MCPA,,7204.0,,,,True,True,True,,030501,False,False,False,False,Contact,LD50,194.0,>,censored,>194,F113,unique_PCCODE,45897007,0,0,0
113,MCPA,030501,Herbicide,Chlorophenoxy acid/ester,Plant Growth Regulator,>194,>194,,34.6,93.9,11.6,11.6,5.64,CC1=C(C=CC(=C1)Cl)OCC(=O)O,"InChI=1S/C9H9ClO3/c1-6-4-7(10)2-3-8(6)13-5-9(11)12/h2-4H,5H2,1H3,(H,11,12)",WHKUVVPPKQRRBV-UHFFFAOYSA-N,Cc1cc(Cl)ccc1OCC(=O)O,WHKUVVPPKQRRBV-UHFFFAOYSA-N,WHKUVVPPKQRRBV,WHKUVVPPKQRRBV,1,resolved,resolved,False,PubChem name,"https://pubchem.ncbi.nlm.nih.gov/rest/pug/compound/name/MCPA/property/InChIKey,InChI,IsomericSMILES/JSON",MCPA,,7204.0,,,,True,True,True,,030501,False,False,False,False,Oral,LD50,194.0,>,censored,>194,G113,unique_PCCODE,45897007,0,0,0
115,Mecoprop-P-2-ethylhexyl ester,031564,Herbicide,Chlorophenoxy acid/ester,Plant Growth Regulator,>200,>200,,,,,,,CCCCC(CC)COC(=O)[C@@H](C)OC1=C(C=C(C=C1)Cl)C,"InChI=1S/C18H27ClO3/c1-5-7-8-15(6-2)12-21-18(20)14(4)22-17-10-9-16(19)11-13(17)3/h9-11,14-15H,5-8,12H2,1-4H3/t14-,15?/m1/s1",NWTKQOOQEPXMMW-GICMACPYSA-N,CCCCC(CC)COC(=O)[C@@H](C)Oc1ccc(Cl)cc1C,NWTKQOOQEPXMMW-GICMACPYSA-N,NWTKQOOQEPXMMW,NWTKQOOQEPXMMW,1,resolved,resolved,False,PubChem name,"https://pubchem.ncbi.nlm.nih.gov/rest/pug/compound/name/Mecoprop-P-2-ethylhexyl%20ester/property/InChIKey,InChI,IsomericSMILES/JSON",Mecoprop-P-2-ethylhexyl ester,,24843401.0,,,,False,True,True,,031564,False,False,False,False,Contact,LD50,200.0,>,censored,>200,F115,unique_PCCODE,46591809,0,0,0
115,Mecoprop-P-2-ethylhexyl ester,031564,Herbicide,Chlorophenoxy acid/ester,Plant Growth Regulator,>200,>200,,,,,,,CCCCC(CC)COC(=O)[C@@H](C)OC1=C(C=C(C=C1)Cl)C,"InChI=1S/C18H27ClO3/c1-5-7-8-15(6-2)12-21-18(20)14(4)22-17-10-9-16(19)11-13(17)3/h9-11,14-15H,5-8,12H2,1-4H3/t14-,15?/m1/s1",NWTKQOOQEPXMMW-GICMACPYSA-N,CCCCC(CC)COC(=O)[C@@H](C)Oc1ccc(Cl)cc1C,NWTKQOOQEPXMMW-GICMACPYSA-N,NWTKQOOQEPXMMW,NWTKQOOQEPXMMW,1,resolved,resolved,False,PubChem name,"https://pubchem.ncbi.nlm.nih.gov/rest/pug/compound/name/Mecoprop-P-2-ethylhexyl%20ester/property/InChIKey,InChI,IsomericSMILES/JSON",Mecoprop-P-2-ethylhexyl ester,,24843401.0,,,,False,True,True,,031564,False,False,False,False,Oral,LD50,200.0,>,censored,>200,G115,unique_PCCODE,46591809,0,0,0
116,Mefentrifluconazole,122000,Fungicide,Conazole,Fungi Biosynthesis inhibitors,>100,>100,110.5,47.6,>11,11,6.4,6.4,CC(CN1C=NC=N1)(C2=C(C=C(C=C2)OC3=CC=C(C=C3)Cl)C(F)(F)F)O,"InChI=1S/C18H15ClF3N3O2/c1-17(26,9-25-11-23-10-24-25)15-7-6-14(8-16(15)18(20,21)22)27-13-4-2-12(19)3-5-13/h2-8,10-11,26H,9H2,1H3",,CC(O)(Cn1cncn1)c1ccc(Oc2ccc(Cl)cc2)cc1C(F)(F)F,JERZEQUMJNCPRJ-UHFFFAOYSA-N,JERZEQUMJNCPRJ,JERZEQUMJNCPRJ,1,resolved,resolved,False,OFT exact name,aacb8286-3fb0-4abb-b53b-3067d1b22dc1,Mefentrifluconazole,1417782-03-6,,,,,True,True,True,1417782-03-6,122000,True,False,True,False,Contact,LD50,100.0,>,censored,>100,F116,unique_PCCODE,-,0,0,0
116,Mefentrifluconazole,122000,Fungicide,Conazole,Fungi Biosynthesis inhibitors,>100,>100,110.5,47.6,>11,11,6.4,6.4,CC(CN1C=NC=N1)(C2=C(C=C(C=C2)OC3=CC=C(C=C3)Cl)C(F)(F)F)O,"InChI=1S/C18H15ClF3N3O2/c1-17(26,9-25-11-23-10-24-25)15-7-6-14(8-16(15)18(20,21)22)27-13-4-2-12(19)3-5-13/h2-8,10-11,26H,9H2,1H3",,CC(O)(Cn1cncn1)c1ccc(Oc2ccc(Cl)cc2)cc1C(F)(F)F,JERZEQUMJNCPRJ-UHFFFAOYSA-N,JERZEQUMJNCPRJ,JERZEQUMJNCPRJ,1,resolved,resolved,False,OFT exact name,aacb8286-3fb0-4abb-b53b-3067d1b22dc1,Mefentrifluconazole,1417782-03-6,,,,,True,True,True,1417782-03-6,122000,True,False,True,False,Oral,LD50,100.0,>,censored,>100,G116,unique_PCCODE,49762381,0,0,0
117,Mesosulfuron-methyl,122009,Herbicide,Sulfonylureas,Plant Biosynthesis inhibitors,>13,5.6,,,,,,,O=C(OC)C1=C(S(=O)(NC(NC2=NC(OC)=CC(OC)=N2)=O)=O)C=C(CNS(=O)(C)=O)C=C1,"InChI=1S/C17H21N5O9S2/c1-29-13-8-14(30-2)20-16(19-13)21-17(24)22-33(27,28)12-7-10(9-18-32(4,25)26)5-6-11(12)15(23)31-3/h5-8,18H,9H2,1-4H3,(H2,19,20,21,22,24)",,COC(=O)c1ccc(CNS(C)(=O)=O)cc1S(=O)(=O)NC(=O)Nc1nc(OC)cc(OC)n1,NIFKBBMCXCMCAO-UHFFFAOYSA-N,NIFKBBMCXCMCAO,NIFKBBMCXCMCAO,1,resolved,resolved,False,OFT exact name,7d431fb4-b322-4c3d-b46b-56af9b40fe14,Mesosulfuron-methyl,208465-21-8,,,,,True,True,True,208465-21-8,122009,True,True,True,False,Contact,LD50,13.0,>,censored,>13,F117,unique_PCCODE,45386319,0,0,-1
117,Mesosulfuron-methyl,122009,Herbicide,Sulfonylureas,Plant Biosynthesis inhibitors,>13,5.6,,,,,,,O=C(OC)C1=C(S(=O)(NC(NC2=NC(OC)=CC(OC)=N2)=O)=O)C=C(CNS(=O)(C)=O)C=C1,"InChI=1S/C17H21N5O9S2/c1-29-13-8-14(30-2)20-16(19-13)21-17(24)22-33(27,28)12-7-10(9-18-32(4,25)26)5-6-11(12)15(23)31-3/h5-8,18H,9H2,1-4H3,(H2,19,20,21,22,24)",,COC(=O)c1ccc(CNS(C)(=O)=O)cc1S(=O)(=O)NC(=O)Nc1nc(OC)cc(OC)n1,NIFKBBMCXCMCAO-UHFFFAOYSA-N,NIFKBBMCXCMCAO,NIFKBBMCXCMCAO,1,resolved,resolved,False,OFT exact name,7d431fb4-b322-4c3d-b46b-56af9b40fe14,Mesosulfuron-methyl,208465-21-8,,,,,True,True,True,208465-21-8,122009,True,True,True,False,Oral,LD50,5.6,,exact,5.6,G117,unique_PCCODE,45386318,0,1,1
118,Mesotrione,122990,Herbicide,Triketones,Pigment Synthesis,>100,>11,,,>10.6,10.6,10.6,10.6,CS(=O)(=O)C1=CC(=C(C=C1)C(=O)C2C(=O)CCCC2=O)[N+](=O)[O-],"InChI=1S/C14H13NO7S/c1-23(21,22)8-5-6-9(10(7-8)15(19)20)14(18)13-11(16)3-2-4-12(13)17/h5-7,13H,2-4H2,1H3",,CS(=O)(=O)c1ccc(C(=O)C2C(=O)CCCC2=O)c([N+](=O)[O-])c1,KPUREKXXPHOJQT-UHFFFAOYSA-N,KPUREKXXPHOJQT,KPUREKXXPHOJQT,1,resolved,resolved,False,OFT exact name,4ba573d8-ed39-4819-8240-6d03591c79a4,Mesotrione,104206-82-8,,,,,True,True,True,104206-82-8,122990,True,True,True,False,Contact,LD50,100.0,>,censored,>100,F118,unique_PCCODE,44373528,0,0,0
118,Mesotrione,122990,Herbicide,Triketones,Pigment Synthesis,>100,>11,,,>10.6,10.6,10.6,10.6,CS(=O)(=O)C1=CC(=C(C=C1)C(=O)C2C(=O)CCCC2=O)[N+](=O)[O-],"InChI=1S/C14H13NO7S/c1-23(21,22)8-5-6-9(10(7-8)15(19)20)14(18)13-11(16)3-2-4-12(13)17/h5-7,13H,2-4H2,1H3",,CS(=O)(=O)c1ccc(C(=O)C2C(=O)CCCC2=O)c([N+](=O)[O-])c1,KPUREKXXPHOJQT-UHFFFAOYSA-N,KPUREKXXPHOJQT,KPUREKXXPHOJQT,1,resolved,resolved,False,OFT exact name,4ba573d8-ed39-4819-8240-6d03591c79a4,Mesotrione,104206-82-8,,,,,True,True,True,104206-82-8,122990,True,True,True,False,Oral,LD50,11.0,>,censored,>11,G118,unique_PCCODE,44373528,0,0,-1
119,Metaflumizone,281250,Insecticide,Semicarbazone,Neurotoxicant,>106,2.43,,,,,,,C1=CC(=CC(=C1)C(F)(F)F)/C(=N/NC(=O)NC2=CC=C(C=C2)OC(F)(F)F)/CC3=CC=C(C=C3)C#N,"InChI=1S/C24H16F6N4O2/c25-23(26,27)18-3-1-2-17(13-18)21(12-15-4-6-16(14-31)7-5-15)33-34-22(35)32-19-8-10-20(11-9-19)36-24(28,29)30/h1-11,13H,12H2,(H2,32,34,35)/b33-21+",MIFOMMKAVSCNKQ-QNKGDIEWSA-N,N#Cc1ccc(C/C(=N\NC(=O)Nc2ccc(OC(F)(F)F)cc2)c2cccc(C(F)(F)F)c2)cc1,MIFOMMKAVSCNKQ-QNKGDIEWSA-N,MIFOMMKAVSCNKQ,MIFOMMKAVSCNKQ,1,resolved,resolved,False,PubChem name,"https://pubchem.ncbi.nlm.nih.gov/rest/pug/compound/name/Metaflumizone/property/InChIKey,InChI,IsomericSMILES/JSON",Metaflumizone,,11614934.0,,,,False,True,True,,281250,False,False,False,False,Contact,LD50,106.0,>,censored,>106,F119,unique_PCCODE,46264516,0,0,0
119,Metaflumizone,281250,Insecticide,Semicarbazone,Neurotoxicant,>106,2.43,,,,,,,C1=CC(=CC(=C1)C(F)(F)F)/C(=N/NC(=O)NC2=CC=C(C=C2)OC(F)(F)F)/CC3=CC=C(C=C3)C#N,"InChI=1S/C24H16F6N4O2/c25-23(26,27)18-3-1-2-17(13-18)21(12-15-4-6-16(14-31)7-5-15)33-34-22(35)32-19-8-10-20(11-9-19)36-24(28,29)30/h1-11,13H,12H2,(H2,32,34,35)/b33-21+",MIFOMMKAVSCNKQ-QNKGDIEWSA-N,N#Cc1ccc(C/C(=N\NC(=O)Nc2ccc(OC(F)(F)F)cc2)c2cccc(C(F)(F)F)c2)cc1,MIFOMMKAVSCNKQ-QNKGDIEWSA-N,MIFOMMKAVSCNKQ,MIFOMMKAVSCNKQ,1,resolved,resolved,False,PubChem name,"https://pubchem.ncbi.nlm.nih.gov/rest/pug/compound/name/Metaflumizone/property/InChIKey,InChI,IsomericSMILES/JSON",Metaflumizone,,11614934.0,,,,False,True,True,,281250,False,False,False,False,Oral,LD50,2.43,,exact,2.43,G119,unique_PCCODE,46264516,0,1,1
120,Metaldehyde,053001,Molluscide,Aldehyde,Reactive,>113,>87,,,,,,,CC1OC(C)OC(C)OC(C)O1,"InChI=1/C8H16O4/c1-5-9-6(2)11-8(4)12-7(3)10-5/h5-8H,1-4H3",,CC1OC(C)OC(C)OC(C)O1,GKKDCARASOJPNG-UHFFFAOYSA-N,GKKDCARASOJPNG,GKKDCARASOJPNG,1,resolved,resolved,False,OFT exact name,cd6e54dd-ba9c-4021-ab2f-e1bf7ed58566,Metaldehyde,108-62-3,,,,,True,True,True,108-62-3,053001,True,True,True,False,Contact,LD50,113.0,>,censored,>113,F120,unique_PCCODE,-,0,0,0
120,Metaldehyde,053001,Molluscide,Aldehyde,Reactive,>113,>87,,,,,,,CC1OC(C)OC(C)OC(C)O1,"InChI=1/C8H16O4/c1-5-9-6(2)11-8(4)12-7(3)10-5/h5-8H,1-4H3",,CC1OC(C)OC(C)OC(C)O1,GKKDCARASOJPNG-UHFFFAOYSA-N,GKKDCARASOJPNG,GKKDCARASOJPNG,1,resolved,resolved,False,OFT exact name,cd6e54dd-ba9c-4021-ab2f-e1bf7ed58566,Metaldehyde,108-62-3,,,,,True,True,True,108-62-3,053001,True,True,True,False,Oral,LD50,87.0,>,censored,>87,G120,unique_PCCODE,50603503,0,0,-1
121,Metconazole,125619,Fungicide,Triazoles,Fungi Biosynthesis inhibitors,,88,5.43,>101,>21,2.9,2.9,2.9,CC1(CCC(C1(CN2C=NC=N2)O)CC3=CC=C(C=C3)Cl)C,"InChI=1S/C17H22ClN3O/c1-16(2)8-7-14(9-13-3-5-15(18)6-4-13)17(16,22)10-21-12-19-11-20-21/h3-6,11-12,14,22H,7-10H2,1-2H3",XWPZUHJBOLQNMN-UHFFFAOYSA-N,CC1(C)CCC(Cc2ccc(Cl)cc2)C1(O)Cn1cncn1,XWPZUHJBOLQNMN-UHFFFAOYSA-N,XWPZUHJBOLQNMN,XWPZUHJBOLQNMN,1,resolved,resolved,False,PubChem name,"https://pubchem.ncbi.nlm.nih.gov/rest/pug/compound/name/Metconazole/property/InChIKey,InChI,IsomericSMILES/JSON",Metconazole,,86210.0,,,,True,True,True,,125619,False,False,False,False,Oral,LD50,88.0,,exact,88,G121,unique_PCCODE,46808426,0,0,1
122,Methiozolin,090088,Herbicide,Isoxazoline,Plant Biosynthesis inhibitors,>100,>100,0.219,76.23,>42.6,42.6,42.6,42.6,CC1=C(SC=C1)C2=NOC(C2)(C)COCC3=C(C=CC=C3F)F,"InChI=1S/C17H17F2NO2S/c1-11-6-7-23-16(11)15-8-17(2,22-20-15)10-21-9-12-13(18)4-3-5-14(12)19/h3-7H,8-10H2,1-2H3",OPEJGICLTMWFNQ-UHFFFAOYSA-N,Cc1ccsc1C1=NOC(C)(COCc2c(F)cccc2F)C1,OPEJGICLTMWFNQ-UHFFFAOYSA-N,OPEJGICLTMWFNQ,OPEJGICLTMWFNQ,1,resolved,resolved,False,PubChem name,"https://pubchem.ncbi.nlm.nih.gov/rest/pug/compound/name/Methiozolin/property/InChIKey,InChI,IsomericSMILES/JSON",Methiozolin,,11500973.0,,,,True,True,True,,090088,False,False,False,False,Contact,LD50,100.0,>,censored,>100,F122,unique_PCCODE,49007122,0,0,0
122,Methiozolin,090088,Herbicide,Isoxazoline,Plant Biosynthesis inhibitors,>100,>100,0.219,76.23,>42.6,42.6,42.6,42.6,CC1=C(SC=C1)C2=NOC(C2)(C)COCC3=C(C=CC=C3F)F,"InChI=1S/C17H17F2NO2S/c1-11-6-7-23-16(11)15-8-17(2,22-20-15)10-21-9-12-13(18)4-3-5-14(12)19/h3-7H,8-10H2,1-2H3",OPEJGICLTMWFNQ-UHFFFAOYSA-N,Cc1ccsc1C1=NOC(C)(COCc2c(F)cccc2F)C1,OPEJGICLTMWFNQ-UHFFFAOYSA-N,OPEJGICLTMWFNQ,OPEJGICLTMWFNQ,1,resolved,resolved,False,PubChem name,"https://pubchem.ncbi.nlm.nih.gov/rest/pug/compound/name/Methiozolin/property/InChIKey,InChI,IsomericSMILES/JSON",Methiozolin,,11500973.0,,,,True,True,True,,090088,False,False,False,False,Oral,LD50,100.0,>,censored,>100,G122,unique_PCCODE,50446906,0,0,0
123,Methomyl,090301,Insecticide,Carbamate,Neurotoxicant,1.29,,0.0106,3.48,,,,,CSC(C)=NOC(NC)=O,"InChI=1S/C5H10N2O2S/c1-4(10-3)7-9-5(8)6-2/h1-3H3,(H,6,8)/b7-4-",,CNC(=O)ON=C(C)SC,UHXUZOCRWCRNSJ-UHFFFAOYSA-N,UHXUZOCRWCRNSJ,UHXUZOCRWCRNSJ,1,resolved,resolved,True,OFT exact name,13e75dac-590e-457d-b7b5-3fe8d69b04dd,Methomyl,16752-77-5,,,,,True,True,True,16752-77-5,090301,True,False,True,False,Contact,LD50,1.29,,exact,1.29,F123,unique_PCCODE,36935,0,1,1
124,Methoxyfenozide,121027,Insecticide,Diacylhydrazines,Insect Growth Regulator,>100,,,3.69,,,,,CC1=CC(=CC(=C1)C(=O)N(C(C)(C)C)NC(=O)C2=C(C(=CC=C2)OC)C)C,"InChI=1S/C22H28N2O3/c1-14-11-15(2)13-17(12-14)21(26)24(22(4,5)6)23-20(25)18-9-8-10-19(27-7)16(18)3/h8-13H,1-7H3,(H,23,25)",,COc1cccc(C(=O)NN(C(=O)c2cc(C)cc(C)c2)C(C)(C)C)c1C,QCAWEPFNJXQPAN-UHFFFAOYSA-N,QCAWEPFNJXQPAN,QCAWEPFNJXQPAN,1,resolved,resolved,False,OFT exact name,1912db99-887f-446d-9907-f27aca8c7792,Methoxyfenozide,161050-58-4,,,,,True,True,True,161050-58-4,121027,True,True,True,False,Contact,LD50,100.0,>,censored,>100,F124,unique_PCCODE,44144429,0,0,0
125,Metolachlor,108801,Herbicide,Chloroacetanilide,Plant Biosynthesis inhibitors,>110,>110,,,,,,,N(C1C(=CC=CC=1CC)C)(C(=O)CCl)C(COC)C,"InChI=1/C15H22ClNO2/c1-5-13-8-6-7-11(2)15(13)17(14(18)9-16)12(3)10-19-4/h6-8,12H,5,9-10H2,1-4H3",,CCc1cccc(C)c1N(C(=O)CCl)C(C)COC,WVQBLGZPHOPPFO-UHFFFAOYSA-N,WVQBLGZPHOPPFO,WVQBLGZPHOPPFO,1,resolved,resolved,False,OFT exact name,f1454ca6-d191-4217-b1f9-9def2fb3dce0,Metolachlor,51218-45-2,,,,,True,True,True,51218-45-2,108801,True,False,True,False,Contact,LD50,110.0,>,censored,>110,F125,unique_PCCODE,44718401,0,0,0
125,Metolachlor,108801,Herbicide,Chloroacetanilide,Plant Biosynthesis inhibitors,>110,>110,,,,,,,N(C1C(=CC=CC=1CC)C)(C(=O)CCl)C(COC)C,"InChI=1/C15H22ClNO2/c1-5-13-8-6-7-11(2)15(13)17(14(18)9-16)12(3)10-19-4/h6-8,12H,5,9-10H2,1-4H3",,CCc1cccc(C)c1N(C(=O)CCl)C(C)COC,WVQBLGZPHOPPFO-UHFFFAOYSA-N,WVQBLGZPHOPPFO,WVQBLGZPHOPPFO,1,resolved,resolved,False,OFT exact name,f1454ca6-d191-4217-b1f9-9def2fb3dce0,Metolachlor,51218-45-2,,,,,True,True,True,51218-45-2,108801,True,False,True,False,Oral,LD50,110.0,>,censored,>110,G125,unique_PCCODE,44718401,0,0,0
126,Metrafenone,000325,Fungicide,Benzophenone,Fungi Growth Regulator,>100,>114,,,,,,,CC1=CC(=C(C(=C1C(=O)C2=C(C=CC(=C2C)Br)OC)OC)OC)OC,"InChI=1S/C19H21BrO5/c1-10-9-14(23-4)18(24-5)19(25-6)15(10)17(21)16-11(2)12(20)7-8-13(16)22-3/h7-9H,1-6H3",,COc1cc(C)c(C(=O)c2c(OC)ccc(Br)c2C)c(OC)c1OC,AMSPWOYQQAWRRM-UHFFFAOYSA-N,AMSPWOYQQAWRRM,AMSPWOYQQAWRRM,1,resolved,resolved,False,OFT exact name,dd74f1f8-db70-4716-b36a-e4407352c61d,Metrafenone,220899-03-6,,,,,True,True,True,220899-03-6,000325,True,False,True,False,Contact,LD50,100.0,>,censored,>100,F126,unique_PCCODE,47267508,0,0,0
126,Metrafenone,000325,Fungicide,Benzophenone,Fungi Growth Regulator,>100,>114,,,,,,,CC1=CC(=C(C(=C1C(=O)C2=C(C=CC(=C2C)Br)OC)OC)OC)OC,"InChI=1S/C19H21BrO5/c1-10-9-14(23-4)18(24-5)19(25-6)15(10)17(21)16-11(2)12(20)7-8-13(16)22-3/h7-9H,1-6H3",,COc1cc(C)c(C(=O)c2c(OC)ccc(Br)c2C)c(OC)c1OC,AMSPWOYQQAWRRM-UHFFFAOYSA-N,AMSPWOYQQAWRRM,AMSPWOYQQAWRRM,1,resolved,resolved,False,OFT exact name,dd74f1f8-db70-4716-b36a-e4407352c61d,Metrafenone,220899-03-6,,,,,True,True,True,220899-03-6,000325,True,False,True,False,Oral,LD50,114.0,>,censored,>114,G126,unique_PCCODE,47267508,0,0,0
127,Metsulfuron-methyl,122010,Herbicide,Sulfonylureas,Plant Biosynthesis inhibitors,>25,,,,>4.83,4.83,4.83,4.83,CC1=NC(=NC(=N1)OC)NC(=O)NS(=O)(=O)C2=CC=CC=C2C(=O)OC,"InChI=1S/C14H15N5O6S/c1-8-15-12(18-14(16-8)25-3)17-13(21)19-26(22,23)10-7-5-4-6-9(10)11(20)24-2/h4-7H,1-3H3,(H2,15,16,17,18,19,21)",,COC(=O)c1ccccc1S(=O)(=O)NC(=O)Nc1nc(C)nc(OC)n1,RSMUVYRMZCOLBH-UHFFFAOYSA-N,RSMUVYRMZCOLBH,RSMUVYRMZCOLBH,1,resolved,resolved,False,OFT exact name,78f9ff8a-7296-4b34-af0e-69a96c380046,Metsulfuron-methyl,74223-64-6,,,,,True,True,True,74223-64-6,122010,True,True,True,False,Contact,LD50,25.0,>,censored,>25,F127,unique_PCCODE,00122010,0,0,-1
128,Momfluorothrin,016331,Insecticide,Pyrethroid,Neurotoxicant,0.2,5.08,,,,,,,CC(=CC1C(C1(C)C)C(=O)OCC2=C(C(=C(C(=C2F)F)COC)F)F)C#N,"InChI=1S/C19H19F4NO3/c1-9(6-24)5-12-13(19(12,2)3)18(25)27-8-11-16(22)14(20)10(7-26-4)15(21)17(11)23/h5,12-13H,7-8H2,1-4H3",DPJITPZADZSLBP-UHFFFAOYSA-N,COCc1c(F)c(F)c(COC(=O)C2C(C=C(C)C#N)C2(C)C)c(F)c1F,DPJITPZADZSLBP-UHFFFAOYSA-N,DPJITPZADZSLBP,DPJITPZADZSLBP,1,resolved,resolved,False,PubChem name,"https://pubchem.ncbi.nlm.nih.gov/rest/pug/compound/name/Momfluorothrin/property/InChIKey,InChI,IsomericSMILES/JSON",Momfluorothrin,,59105852.0,,,,True,True,True,,016331,False,True,True,False,Contact,LD50,0.2,,exact,0.2,F128,unique_PCCODE,49019985,1,1,1
128,Momfluorothrin,016331,Insecticide,Pyrethroid,Neurotoxicant,0.2,5.08,,,,,,,CC(=CC1C(C1(C)C)C(=O)OCC2=C(C(=C(C(=C2F)F)COC)F)F)C#N,"InChI=1S/C19H19F4NO3/c1-9(6-24)5-12-13(19(12,2)3)18(25)27-8-11-16(22)14(20)10(7-26-4)15(21)17(11)23/h5,12-13H,7-8H2,1-4H3",DPJITPZADZSLBP-UHFFFAOYSA-N,COCc1c(F)c(F)c(COC(=O)C2C(C=C(C)C#N)C2(C)C)c(F)c1F,DPJITPZADZSLBP-UHFFFAOYSA-N,DPJITPZADZSLBP,DPJITPZADZSLBP,1,resolved,resolved,False,PubChem name,"https://pubchem.ncbi.nlm.nih.gov/rest/pug/compound/name/Momfluorothrin/property/InChIKey,InChI,IsomericSMILES/JSON",Momfluorothrin,,59105852.0,,,,True,True,True,,016331,False,True,True,False,Oral,LD50,5.08,,exact,5.08,G128,unique_PCCODE,49019985,0,1,1
129,Myclobutanil,128857,Fungicide,Triazoles,Fungi Biosynthesis inhibitors,>500,>500,,,>14.2,2.55,6.08,6.08,Clc1ccc(cc1)C(CCCC)(Cn2cncn2)C#N,"InChI=1S/C15H17ClN4/c1-2-3-8-15(9-17,10-20-12-18-11-19-20)13-4-6-14(16)7-5-13/h4-7,11-12H,2-3,8,10H2,1H3",,CCCCC(C#N)(Cn1cncn1)c1ccc(Cl)cc1,HZJKXKUJVSEEFU-UHFFFAOYSA-N,HZJKXKUJVSEEFU,HZJKXKUJVSEEFU,1,resolved,resolved,False,OFT exact name,73d6166e-7466-42ba-92f8-31cc5cd98346,Myclobutanil,88671-89-0,,,,,True,True,True,88671-89-0,128857,True,False,True,False,Contact,LD50,500.0,>,censored,>500,F129,unique_PCCODE,50088001,0,0,0
129,Myclobutanil,128857,Fungicide,Triazoles,Fungi Biosynthesis inhibitors,>500,>500,,,>14.2,2.55,6.08,6.08,Clc1ccc(cc1)C(CCCC)(Cn2cncn2)C#N,"InChI=1S/C15H17ClN4/c1-2-3-8-15(9-17,10-20-12-18-11-19-20)13-4-6-14(16)7-5-13/h4-7,11-12H,2-3,8,10H2,1H3",,CCCCC(C#N)(Cn1cncn1)c1ccc(Cl)cc1,HZJKXKUJVSEEFU-UHFFFAOYSA-N,HZJKXKUJVSEEFU,HZJKXKUJVSEEFU,1,resolved,resolved,False,OFT exact name,73d6166e-7466-42ba-92f8-31cc5cd98346,Myclobutanil,88671-89-0,,,,,True,True,True,88671-89-0,128857,True,False,True,False,Oral,LD50,500.0,>,censored,>500,G129,unique_PCCODE,50088001,0,0,0
130,Nitrapyrin,069203,Herbicide,Chloropyridine,Plant Growth Regulator,>100,>100,,,,,,,C1=CC(=NC(=C1)Cl)C(Cl)(Cl)Cl,"InChI=1S/C6H3Cl4N/c7-5-3-1-2-4(11-5)6(8,9)10/h1-3H",DCUJJWWUNKIJPH-UHFFFAOYSA-N,Clc1cccc(C(Cl)(Cl)Cl)n1,DCUJJWWUNKIJPH-UHFFFAOYSA-N,DCUJJWWUNKIJPH,DCUJJWWUNKIJPH,1,resolved,resolved,False,PubChem name,"https://pubchem.ncbi.nlm.nih.gov/rest/pug/compound/name/Nitrapyrin/property/InChIKey,InChI,IsomericSMILES/JSON",Nitrapyrin,,16004.0,,,,True,True,True,,069203,False,False,False,False,Contact,LD50,100.0,>,censored,>100,F130,unique_PCCODE,49313904,0,0,0
130,Nitrapyrin,069203,Herbicide,Chloropyridine,Plant Growth Regulator,>100,>100,,,,,,,C1=CC(=NC(=C1)Cl)C(Cl)(Cl)Cl,"InChI=1S/C6H3Cl4N/c7-5-3-1-2-4(11-5)6(8,9)10/h1-3H",DCUJJWWUNKIJPH-UHFFFAOYSA-N,Clc1cccc(C(Cl)(Cl)Cl)n1,DCUJJWWUNKIJPH-UHFFFAOYSA-N,DCUJJWWUNKIJPH,DCUJJWWUNKIJPH,1,resolved,resolved,False,PubChem name,"https://pubchem.ncbi.nlm.nih.gov/rest/pug/compound/name/Nitrapyrin/property/InChIKey,InChI,IsomericSMILES/JSON",Nitrapyrin,,16004.0,,,,True,True,True,,069203,False,False,False,False,Oral,LD50,100.0,>,censored,>100,G130,unique_PCCODE,49313904,0,0,0
131,Novaluron,124002,Insecticide,Benzoylureas,Insect Growth Regulator,>100,>100,,,>0.0048,0.0048,,0.00063,O=C(C(C(F)=CC=C1)=C1F)NC(NC2=CC(Cl)=C(C=C2)OC(F)(F)C(F)OC(F)(F)F)=O,"InChI=1S/C17H9ClF8N2O4/c18-8-6-7(4-5-11(8)31-16(22,23)14(21)32-17(24,25)26)27-15(30)28-13(29)12-9(19)2-1-3-10(12)20/h1-6,14H,(H2,27,28,29,30)",,O=C(NC(=O)c1c(F)cccc1F)Nc1ccc(OC(F)(F)C(F)OC(F)(F)F)c(Cl)c1,NJPPVKZQTLUDBO-UHFFFAOYSA-N,NJPPVKZQTLUDBO,NJPPVKZQTLUDBO,1,resolved,resolved,False,OFT exact name,bfdbf55e-f336-48ca-9a16-f3f3ac5bee22,Novaluron,116714-46-6,,,,,True,True,True,116714-46-6,124002,True,False,True,False,Contact,LD50,100.0,>,censored,>100,F131,unique_PCCODE,45638220,0,0,0
131,Novaluron,124002,Insecticide,Benzoylureas,Insect Growth Regulator,>100,>100,,,>0.0048,0.0048,,0.00063,O=C(C(C(F)=CC=C1)=C1F)NC(NC2=CC(Cl)=C(C=C2)OC(F)(F)C(F)OC(F)(F)F)=O,"InChI=1S/C17H9ClF8N2O4/c18-8-6-7(4-5-11(8)31-16(22,23)14(21)32-17(24,25)26)27-15(30)28-13(29)12-9(19)2-1-3-10(12)20/h1-6,14H,(H2,27,28,29,30)",,O=C(NC(=O)c1c(F)cccc1F)Nc1ccc(OC(F)(F)C(F)OC(F)(F)F)c(Cl)c1,NJPPVKZQTLUDBO-UHFFFAOYSA-N,NJPPVKZQTLUDBO,NJPPVKZQTLUDBO,1,resolved,resolved,False,OFT exact name,bfdbf55e-f336-48ca-9a16-f3f3ac5bee22,Novaluron,116714-46-6,,,,,True,True,True,116714-46-6,124002,True,False,True,False,Oral,LD50,100.0,>,censored,>100,G131,unique_PCCODE,45638220,0,0,0
132,Orthosulfamuron,108209,Herbicide,Sulfonylureas,Plant Biosynthesis inhibitors,>100,>109.4,41.0,>100,>53,5,5,5.0,CN(C)C(=O)C1=CC=CC=C1NS(=O)(=O)NC(=O)NC2=NC(=CC(=N2)OC)OC,"InChI=1S/C16H20N6O6S/c1-22(2)14(23)10-7-5-6-8-11(10)20-29(25,26)21-16(24)19-15-17-12(27-3)9-13(18-15)28-4/h5-9,20H,1-4H3,(H2,17,18,19,21,24)",,COc1cc(OC)nc(NC(=O)NS(=O)(=O)Nc2ccccc2C(=O)N(C)C)n1,UCDPMNSCCRBWIC-UHFFFAOYSA-N,UCDPMNSCCRBWIC,UCDPMNSCCRBWIC,1,resolved,resolved,False,OFT exact name,bc51bb2a-4ed4-438d-a955-c9aceefb3239,Orthosulfamuron,213464-77-8,,,,,True,True,True,213464-77-8,108209,True,False,True,False,Contact,LD50,100.0,>,censored,>100,F132,unique_PCCODE,-,0,0,0
132,Orthosulfamuron,108209,Herbicide,Sulfonylureas,Plant Biosynthesis inhibitors,>100,>109.4,41.0,>100,>53,5,5,5.0,CN(C)C(=O)C1=CC=CC=C1NS(=O)(=O)NC(=O)NC2=NC(=CC(=N2)OC)OC,"InChI=1S/C16H20N6O6S/c1-22(2)14(23)10-7-5-6-8-11(10)20-29(25,26)21-16(24)19-15-17-12(27-3)9-13(18-15)28-4/h5-9,20H,1-4H3,(H2,17,18,19,21,24)",,COc1cc(OC)nc(NC(=O)NS(=O)(=O)Nc2ccccc2C(=O)N(C)C)n1,UCDPMNSCCRBWIC-UHFFFAOYSA-N,UCDPMNSCCRBWIC,UCDPMNSCCRBWIC,1,resolved,resolved,False,OFT exact name,bc51bb2a-4ed4-438d-a955-c9aceefb3239,Orthosulfamuron,213464-77-8,,,,,True,True,True,213464-77-8,108209,True,False,True,False,Oral,LD50,109.4,>,censored,>109.4,G132,unique_PCCODE,46219046,0,0,0
133,Oxadiazon,109001,Herbicide,Oxadiazoles,Photosynthesis,>25,,,,>37.5,37.5,37.5,37.5,CC(C)OC1=C(C=C(C(=C1)N2C(=O)OC(=N2)C(C)(C)C)Cl)Cl,"InChI=1S/C15H18Cl2N2O3/c1-8(2)21-12-7-11(9(16)6-10(12)17)19-14(20)22-13(18-19)15(3,4)5/h6-8H,1-5H3",,CC(C)Oc1cc(-n2nc(C(C)(C)C)oc2=O)c(Cl)cc1Cl,CHNUNORXWHYHNE-UHFFFAOYSA-N,CHNUNORXWHYHNE,CHNUNORXWHYHNE,1,resolved,resolved,False,OFT exact name,d8b8576f-9509-42ad-b873-879bbae95082,Oxadiazon,19666-30-9,,,,,True,True,True,19666-30-9,109001,True,False,True,False,Contact,LD50,25.0,>,censored,>25,F133,unique_PCCODE,42468301,0,0,-1
134,Oxamyl,103801,Insecticide,Carbamate,Neurotoxicant,10.32,0.379,0.07,0.931,,,,,CNC(=O)ON=C(C(=O)N(C)C)SC,"InChI=1S/C7H13N3O3S/c1-8-7(12)13-9-5(14-4)6(11)10(2)3/h1-4H3,(H,8,12)",,CNC(=O)ON=C(SC)C(=O)N(C)C,KZAUOCCYDRDERY-UHFFFAOYSA-N,KZAUOCCYDRDERY,KZAUOCCYDRDERY,1,resolved,resolved,False,OFT exact name,e40bbfae-3517-4de1-934c-2e920c09b54a,Oxamyl,23135-22-0,,,,,True,True,True,23135-22-0,103801,True,False,True,False,Contact,LD50,10.32,,exact,10.32,F134,unique_PCCODE,48967302,0,1,1
134,Oxamyl,103801,Insecticide,Carbamate,Neurotoxicant,10.32,0.379,0.07,0.931,,,,,CNC(=O)ON=C(C(=O)N(C)C)SC,"InChI=1S/C7H13N3O3S/c1-8-7(12)13-9-5(14-4)6(11)10(2)3/h1-4H3,(H,8,12)",,CNC(=O)ON=C(SC)C(=O)N(C)C,KZAUOCCYDRDERY-UHFFFAOYSA-N,KZAUOCCYDRDERY,KZAUOCCYDRDERY,1,resolved,resolved,False,OFT exact name,e40bbfae-3517-4de1-934c-2e920c09b54a,Oxamyl,23135-22-0,,,,,True,True,True,23135-22-0,103801,True,False,True,False,Oral,LD50,0.379,,exact,0.379,G134,unique_PCCODE,48967302,1,1,1
135,Oxathiapiprolin,128111,Fungicide,Piperidinyl thiazol isoxazoline,Fungi Biosynthesis inhibitors,>104.39,>42.02,,,,,,,Cc1cc(nn1CC(=O)N2CCC(CC2)c3nc(cs3)C4=NOC(C4)c5c(cccc5F)F)C(F)(F)F,"InChI=1S/C24H22F5N5O2S/c1-13-9-20(24(27,28)29)31-34(13)11-21(35)33-7-5-14(6-8-33)23-30-18(12-37-23)17-10-19(36-32-17)22-15(25)3-2-4-16(22)26/h2-4,9,12,14,19H,5-8,10-11H2,1H3",,Cc1cc(C(F)(F)F)nn1CC(=O)N1CCC(c2nc(C3=NOC(c4c(F)cccc4F)C3)cs2)CC1,IAQLCKZJGNTRDO-UHFFFAOYSA-N,IAQLCKZJGNTRDO,IAQLCKZJGNTRDO,1,resolved,resolved,False,OFT exact name,d4e5bdde-f7bc-4e02-97f5-c2b0ebef3c3a,Oxathiapiprolin,1003318-67-9,,,,,True,True,True,1003318-67-9,128111,True,False,True,False,Contact,LD50,104.39,>,censored,>104.39,F135,unique_PCCODE,49011351,0,0,0
135,Oxathiapiprolin,128111,Fungicide,Piperidinyl thiazol isoxazoline,Fungi Biosynthesis inhibitors,>104.39,>42.02,,,,,,,Cc1cc(nn1CC(=O)N2CCC(CC2)c3nc(cs3)C4=NOC(C4)c5c(cccc5F)F)C(F)(F)F,"InChI=1S/C24H22F5N5O2S/c1-13-9-20(24(27,28)29)31-34(13)11-21(35)33-7-5-14(6-8-33)23-30-18(12-37-23)17-10-19(36-32-17)22-15(25)3-2-4-16(22)26/h2-4,9,12,14,19H,5-8,10-11H2,1H3",,Cc1cc(C(F)(F)F)nn1CC(=O)N1CCC(c2nc(C3=NOC(c4c(F)cccc4F)C3)cs2)CC1,IAQLCKZJGNTRDO-UHFFFAOYSA-N,IAQLCKZJGNTRDO,IAQLCKZJGNTRDO,1,resolved,resolved,False,OFT exact name,d4e5bdde-f7bc-4e02-97f5-c2b0ebef3c3a,Oxathiapiprolin,1003318-67-9,,,,,True,True,True,1003318-67-9,128111,True,False,True,False,Oral,LD50,42.02,>,censored,>42.02,G135,unique_PCCODE,49011351,0,0,-1
136,Oxyfluorfen,111601,Herbicide,Diphenyl ethers,Photosynthesis,>100,>109,8.58,,>23,<23,<23,23.0,Clc2cc(ccc2Oc1ccc([N+]([O-])=O)c(OCC)c1)C(F)(F)F,"InChI=1S/C15H11ClF3NO4/c1-2-23-14-8-10(4-5-12(14)20(21)22)24-13-6-3-9(7-11(13)16)15(17,18)19/h3-8H,2H2,1H3",,CCOc1cc(Oc2ccc(C(F)(F)F)cc2Cl)ccc1[N+](=O)[O-],OQMBBFQZGJFLBU-UHFFFAOYSA-N,OQMBBFQZGJFLBU,OQMBBFQZGJFLBU,1,resolved,resolved,False,OFT exact name,e2e104ca-72d5-496c-976a-41517de43fba,Oxyfluorfen,42874-03-3,,,,,True,True,True,42874-03-3,111601,True,False,True,False,Contact,LD50,100.0,>,censored,>100,F136,unique_PCCODE,42368101,0,0,0
136,Oxyfluorfen,111601,Herbicide,Diphenyl ethers,Photosynthesis,>100,>109,8.58,,>23,<23,<23,23.0,Clc2cc(ccc2Oc1ccc([N+]([O-])=O)c(OCC)c1)C(F)(F)F,"InChI=1S/C15H11ClF3NO4/c1-2-23-14-8-10(4-5-12(14)20(21)22)24-13-6-3-9(7-11(13)16)15(17,18)19/h3-8H,2H2,1H3",,CCOc1cc(Oc2ccc(C(F)(F)F)cc2Cl)ccc1[N+](=O)[O-],OQMBBFQZGJFLBU-UHFFFAOYSA-N,OQMBBFQZGJFLBU,OQMBBFQZGJFLBU,1,resolved,resolved,False,OFT exact name,e2e104ca-72d5-496c-976a-41517de43fba,Oxyfluorfen,42874-03-3,,,,,True,True,True,42874-03-3,111601,True,False,True,False,Oral,LD50,109.0,>,censored,>109,G136,unique_PCCODE,49893901,0,0,0
137,Paraquat dichloride,128834,Herbicide,Bipyridyliums,Photosynthesis,,51,,,,,,,C[N+]1=CC=C(C=C1)C2=CC=[N+](C=C2)C.[Cl-].[Cl-],"InChI=1S/C12H14N2.2ClH/c1-13-7-3-11(4-8-13)12-5-9-14(2)10-6-12;;/h3-10H,1-2H3;2*1H/q+2;;/p-2",FIKAKWIAUPDISJ-UHFFFAOYSA-L,C[n+]1ccc(-c2cc[n+](C)cc2)cc1.[Cl-].[Cl-],FIKAKWIAUPDISJ-UHFFFAOYSA-L,FIKAKWIAUPDISJ,INFDPOAKFNIJBF,3,resolved,resolved,False,PubChem name,"https://pubchem.ncbi.nlm.nih.gov/rest/pug/compound/name/Paraquat%20dichloride/property/InChIKey,InChI,IsomericSMILES/JSON",Paraquat dichloride,,15938.0,,,,True,True,True,,128834,False,False,False,False,Oral,LD50,51.0,,exact,51,G137,PCCODE_and_name,43942603,0,0,1
138,Pendimethalin,108501,Herbicide,Dinitroanilines,Plant Biosynthesis inhibitors,>100,>101.2,,,,,,,CCC(CC)NC1=C(C=C(C(=C1[N+](=O)[O-])C)C)[N+](=O)[O-],"InChI=1S/C13H19N3O4/c1-5-10(6-2)14-12-11(15(17)18)7-8(3)9(4)13(12)16(19)20/h7,10,14H,5-6H2,1-4H3",,CCC(CC)Nc1c([N+](=O)[O-])cc(C)c(C)c1[N+](=O)[O-],CHIFOSRWCNZCFN-UHFFFAOYSA-N,CHIFOSRWCNZCFN,CHIFOSRWCNZCFN,1,resolved,resolved,False,OFT exact name,2f7f8e95-5c4c-4c68-b9e9-1e21dd74dd4c,Pendimethalin,40487-42-1,,,,,True,True,True,40487-42-1,108501,True,False,True,False,Contact,LD50,100.0,>,censored,>100,F138,unique_PCCODE,49207707,0,0,0
138,Pendimethalin,108501,Herbicide,Dinitroanilines,Plant Biosynthesis inhibitors,>100,>101.2,,,,,,,CCC(CC)NC1=C(C=C(C(=C1[N+](=O)[O-])C)C)[N+](=O)[O-],"InChI=1S/C13H19N3O4/c1-5-10(6-2)14-12-11(15(17)18)7-8(3)9(4)13(12)16(19)20/h7,10,14H,5-6H2,1-4H3",,CCC(CC)Nc1c([N+](=O)[O-])cc(C)c(C)c1[N+](=O)[O-],CHIFOSRWCNZCFN-UHFFFAOYSA-N,CHIFOSRWCNZCFN,CHIFOSRWCNZCFN,1,resolved,resolved,False,OFT exact name,2f7f8e95-5c4c-4c68-b9e9-1e21dd74dd4c,Pendimethalin,40487-42-1,,,,,True,True,True,40487-42-1,108501,True,False,True,False,Oral,LD50,101.2,>,censored,>101.2,G138,unique_PCCODE,49207707,0,0,0
139,Penoxsulam,119031,Herbicide,Triazolopyrimidines,Plant Biosynthesis inhibitors,>100,>100,2.79,>8.48,>3.4,3.4,3.4,3.4,COC1=CN=C(N2C1=NC(=N2)NS(=O)(=O)C3=C(C=CC=C3OCC(F)F)C(F)(F)F)OC,"InChI=1S/C16H14F5N5O5S/c1-29-10-6-22-15(30-2)26-13(10)23-14(24-26)25-32(27,28)12-8(16(19,20)21)4-3-5-9(12)31-7-11(17)18/h3-6,11H,7H2,1-2H3,(H,24,25)",,COc1cnc(OC)n2nc(NS(=O)(=O)c3c(OCC(F)F)cccc3C(F)(F)F)nc12,SYJGKVOENHZYMQ-UHFFFAOYSA-N,SYJGKVOENHZYMQ,SYJGKVOENHZYMQ,1,resolved,resolved,False,OFT exact name,a3e4857f-50ee-4bf5-964b-296d827c5969,Penoxsulam,219714-96-2,,,,,True,True,True,219714-96-2,119031,True,False,True,False,Contact,LD50,100.0,>,censored,>100,F139,unique_PCCODE,45831124,0,0,0
139,Penoxsulam,119031,Herbicide,Triazolopyrimidines,Plant Biosynthesis inhibitors,>100,>100,2.79,>8.48,>3.4,3.4,3.4,3.4,COC1=CN=C(N2C1=NC(=N2)NS(=O)(=O)C3=C(C=CC=C3OCC(F)F)C(F)(F)F)OC,"InChI=1S/C16H14F5N5O5S/c1-29-10-6-22-15(30-2)26-13(10)23-14(24-26)25-32(27,28)12-8(16(19,20)21)4-3-5-9(12)31-7-11(17)18/h3-6,11H,7H2,1-2H3,(H,24,25)",,COc1cnc(OC)n2nc(NS(=O)(=O)c3c(OCC(F)F)cccc3C(F)(F)F)nc12,SYJGKVOENHZYMQ-UHFFFAOYSA-N,SYJGKVOENHZYMQ,SYJGKVOENHZYMQ,1,resolved,resolved,False,OFT exact name,a3e4857f-50ee-4bf5-964b-296d827c5969,Penoxsulam,219714-96-2,,,,,True,True,True,219714-96-2,119031,True,False,True,False,Oral,LD50,100.0,>,censored,>100,G139,unique_PCCODE,45831125,0,0,0
140,Permethrin,109701,Insecticide,Pyrethroid,Neurotoxicant,0.025,0.131,,,,,,,CC1(C(C1C(=O)OCC2=CC(=CC=C2)OC3=CC=CC=C3)C=C(Cl)Cl)C,"InChI=1S/C21H20Cl2O3/c1-21(2)17(12-18(22)23)19(21)20(24)25-13-14-7-6-10-16(11-14)26-15-8-4-3-5-9-15/h3-12,17,19H,13H2,1-2H3",RLLPVAHGXHCWKJ-UHFFFAOYSA-N,CC1(C)C(C=C(Cl)Cl)C1C(=O)OCc1cccc(Oc2ccccc2)c1,RLLPVAHGXHCWKJ-UHFFFAOYSA-N,RLLPVAHGXHCWKJ,RLLPVAHGXHCWKJ,1,resolved,resolved,False,PubChem name,"https://pubchem.ncbi.nlm.nih.gov/rest/pug/compound/name/Permethrin/property/InChIKey,InChI,IsomericSMILES/JSON",Permethrin,,40326.0,,,,True,True,True,,109701,False,False,False,False,Contact,LD50,0.025,,exact,0.025,F140,unique_PCCODE,42674501,1,1,1
140,Permethrin,109701,Insecticide,Pyrethroid,Neurotoxicant,0.025,0.131,,,,,,,CC1(C(C1C(=O)OCC2=CC(=CC=C2)OC3=CC=CC=C3)C=C(Cl)Cl)C,"InChI=1S/C21H20Cl2O3/c1-21(2)17(12-18(22)23)19(21)20(24)25-13-14-7-6-10-16(11-14)26-15-8-4-3-5-9-15/h3-12,17,19H,13H2,1-2H3",RLLPVAHGXHCWKJ-UHFFFAOYSA-N,CC1(C)C(C=C(Cl)Cl)C1C(=O)OCc1cccc(Oc2ccccc2)c1,RLLPVAHGXHCWKJ-UHFFFAOYSA-N,RLLPVAHGXHCWKJ,RLLPVAHGXHCWKJ,1,resolved,resolved,False,PubChem name,"https://pubchem.ncbi.nlm.nih.gov/rest/pug/compound/name/Permethrin/property/InChIKey,InChI,IsomericSMILES/JSON",Permethrin,,40326.0,,,,True,True,True,,109701,False,False,False,False,Oral,LD50,0.131,,exact,0.131,G140,unique_PCCODE,42674501,1,1,1
141,Phenmedipham,098701,Herbicide,Carbanilate,Photosynthesis,>100,>108.2,,,14,9.5,4.5,9.5,O=C(OC1=CC=CC(=C1)NC(=O)OC)NC2=CC=CC(=C2)C,"InChI=1S/C16H16N2O4/c1-11-5-3-6-12(9-11)18-16(20)22-14-8-4-7-13(10-14)17-15(19)21-2/h3-10H,1-2H3,(H,17,19)(H,18,20)",,COC(=O)Nc1cccc(OC(=O)Nc2cccc(C)c2)c1,IDOWTHOLJBTAFI-UHFFFAOYSA-N,IDOWTHOLJBTAFI,IDOWTHOLJBTAFI,1,resolved,resolved,False,OFT exact name,bdabfeb0-d193-4452-a846-79951b723c06,Phenmedipham,13684-63-4,,,,,True,True,True,13684-63-4,098701,True,False,True,False,Contact,LD50,100.0,>,censored,>100,F141,unique_PCCODE,-,0,0,0
141,Phenmedipham,098701,Herbicide,Carbanilate,Photosynthesis,>100,>108.2,,,14,9.5,4.5,9.5,O=C(OC1=CC=CC(=C1)NC(=O)OC)NC2=CC=CC(=C2)C,"InChI=1S/C16H16N2O4/c1-11-5-3-6-12(9-11)18-16(20)22-14-8-4-7-13(10-14)17-15(19)21-2/h3-10H,1-2H3,(H,17,19)(H,18,20)",,COC(=O)Nc1cccc(OC(=O)Nc2cccc(C)c2)c1,IDOWTHOLJBTAFI-UHFFFAOYSA-N,IDOWTHOLJBTAFI,IDOWTHOLJBTAFI,1,resolved,resolved,False,OFT exact name,bdabfeb0-d193-4452-a846-79951b723c06,Phenmedipham,13684-63-4,,,,,True,True,True,13684-63-4,098701,True,False,True,False,Oral,LD50,108.2,>,censored,>108.2,G141,unique_PCCODE,49682511,0,0,0
142,Picarbutrazox,044200,Fungicide,Carbamate,MOA Unknown,,>96.8,37.0,>100,>12.2,5.6,5.6,5.6,CC(C)(C)OC(=O)NC1=CC=CC(=N1)CO/N=C(/C2=CC=CC=C2)\C3=NN=NN3C,"InChI=1S/C20H23N7O3/c1-20(2,3)30-19(28)22-16-12-8-11-15(21-16)13-29-24-17(14-9-6-5-7-10-14)18-23-25-26-27(18)4/h5-12H,13H2,1-4H3,(H,21,22,28)/b24-17-",URHWNXDZOULUHC-ULJHMMPZSA-N,Cn1nnnc1/C(=N\OCc1cccc(NC(=O)OC(C)(C)C)n1)c1ccccc1,URHWNXDZOULUHC-ULJHMMPZSA-N,URHWNXDZOULUHC,URHWNXDZOULUHC,1,resolved,resolved,False,PubChem name,"https://pubchem.ncbi.nlm.nih.gov/rest/pug/compound/name/Picarbutrazox/property/InChIKey,InChI,IsomericSMILES/JSON",Picarbutrazox,,56945144.0,,,,False,True,True,,044200,False,False,False,False,Oral,LD50,96.8,>,censored,>96.8,G142,unique_PCCODE,50218645,0,0,-1
143,Pinoxaden,147500,Herbicide,Phenylpyrazoline (DEN),Plant Biosynthesis inhibitors,>100,>88,24.0,5.2,1.4,0.55,0.55,0.55,CCC1=CC(=CC(=C1C2=C(N3CCOCCN3C2=O)OC(=O)C(C)(C)C)CC)C,"InChI=1S/C23H32N2O4/c1-7-16-13-15(3)14-17(8-2)18(16)19-20(26)24-9-11-28-12-10-25(24)21(19)29-22(27)23(4,5)6/h13-14H,7-12H2,1-6H3",,CCc1cc(C)cc(CC)c1-c1c(OC(=O)C(C)(C)C)n2n(c1=O)CCOCC2,MGOHCFMYLBAPRN-UHFFFAOYSA-N,MGOHCFMYLBAPRN,MGOHCFMYLBAPRN,1,resolved,resolved,False,OFT exact name,32cca226-e891-4971-a11d-2d92306c6e4e,Pinoxaden,243973-20-8,,,,,True,True,True,243973-20-8,147500,True,False,True,False,Contact,LD50,100.0,>,censored,>100,F143,unique_PCCODE,46203113,0,0,0
143,Pinoxaden,147500,Herbicide,Phenylpyrazoline (DEN),Plant Biosynthesis inhibitors,>100,>88,24.0,5.2,1.4,0.55,0.55,0.55,CCC1=CC(=CC(=C1C2=C(N3CCOCCN3C2=O)OC(=O)C(C)(C)C)CC)C,"InChI=1S/C23H32N2O4/c1-7-16-13-15(3)14-17(8-2)18(16)19-20(26)24-9-11-28-12-10-25(24)21(19)29-22(27)23(4,5)6/h13-14H,7-12H2,1-6H3",,CCc1cc(C)cc(CC)c1-c1c(OC(=O)C(C)(C)C)n2n(c1=O)CCOCC2,MGOHCFMYLBAPRN-UHFFFAOYSA-N,MGOHCFMYLBAPRN,MGOHCFMYLBAPRN,1,resolved,resolved,False,OFT exact name,32cca226-e891-4971-a11d-2d92306c6e4e,Pinoxaden,243973-20-8,,,,,True,True,True,243973-20-8,147500,True,False,True,False,Oral,LD50,88.0,>,censored,>88,G143,unique_PCCODE,50180901,0,0,-1
144,Pirimicarb,106101,Insecticide,Carbamate,Neurotoxicant,18.72,3.01,,,,,,,CC1=C(N=C(N=C1OC(=O)N(C)C)N(C)C)C,InChI=1S/C11H18N4O2/c1-7-8(2)12-10(14(3)4)13-9(7)17-11(16)15(5)6/h1-6H3,,Cc1nc(N(C)C)nc(OC(=O)N(C)C)c1C,YFGYUFNIOHWBOB-UHFFFAOYSA-N,YFGYUFNIOHWBOB,YFGYUFNIOHWBOB,1,resolved,resolved,False,OFT exact name,7d74635d-609c-4c48-9163-f177290afd8d,Pirimicarb,23103-98-2,,,,,True,True,True,23103-98-2,106101,True,True,True,False,Contact,LD50,18.72,,exact,18.72,F144,unique_PCCODE,44883916,0,0,1
144,Pirimicarb,106101,Insecticide,Carbamate,Neurotoxicant,18.72,3.01,,,,,,,CC1=C(N=C(N=C1OC(=O)N(C)C)N(C)C)C,InChI=1S/C11H18N4O2/c1-7-8(2)12-10(14(3)4)13-9(7)17-11(16)15(5)6/h1-6H3,,Cc1nc(N(C)C)nc(OC(=O)N(C)C)c1C,YFGYUFNIOHWBOB-UHFFFAOYSA-N,YFGYUFNIOHWBOB,YFGYUFNIOHWBOB,1,resolved,resolved,False,OFT exact name,7d74635d-609c-4c48-9163-f177290afd8d,Pirimicarb,23103-98-2,,,,,True,True,True,23103-98-2,106101,True,True,True,False,Oral,LD50,3.01,,exact,3.01,G144,unique_PCCODE,44883916,0,1,1
145,Prohexadione calcium,112600,Fungicide,Cyclic ketone,Fungi Growth Regulator,>100,>100,,,,,,,[Ca].[Ca+2].O=C(O)C1CC(=O)[C-](C(=O)CC)C(=O)C1,"InChI=1S/C10H11O5.2Ca/c1-2-6(11)9-7(12)3-5(10(14)15)4-8(9)13;;/h5H,2-4H2,1H3,(H,14,15);;/q-1;;+2",,CCC(=O)[C-]1C(=O)CC(C(=O)O)CC1=O.[Ca+2].[Ca],RDBCHBRIMXKNAM-UHFFFAOYSA-N,RDBCHBRIMXKNAM,BUCOQPHDYUOJSI,3,resolved,resolved,False,OFT exact name,6f0b62b2-7f93-4e5b-a5cb-b5ddd1f121b7,Prohexadione calcium,127277-53-6,,,,,False,False,True,127277-53-6,112600,True,True,True,False,Contact,LD50,100.0,>,censored,>100,F145,unique_PCCODE,44457781,0,0,0
145,Prohexadione calcium,112600,Fungicide,Cyclic ketone,Fungi Growth Regulator,>100,>100,,,,,,,[Ca].[Ca+2].O=C(O)C1CC(=O)[C-](C(=O)CC)C(=O)C1,"InChI=1S/C10H11O5.2Ca/c1-2-6(11)9-7(12)3-5(10(14)15)4-8(9)13;;/h5H,2-4H2,1H3,(H,14,15);;/q-1;;+2",,CCC(=O)[C-]1C(=O)CC(C(=O)O)CC1=O.[Ca+2].[Ca],RDBCHBRIMXKNAM-UHFFFAOYSA-N,RDBCHBRIMXKNAM,BUCOQPHDYUOJSI,3,resolved,resolved,False,OFT exact name,6f0b62b2-7f93-4e5b-a5cb-b5ddd1f121b7,Prohexadione calcium,127277-53-6,,,,,False,False,True,127277-53-6,112600,True,True,True,False,Oral,LD50,100.0,>,censored,>100,G145,unique_PCCODE,44457781,0,0,0
146,Propachlor,019101,Herbicide,Chloroacetanilide,Plant Biosynthesis inhibitors,311,>124,,,,,,,CC(C)N(C1=CC=CC=C1)C(=O)CCl,"InChI=1S/C11H14ClNO/c1-9(2)13(11(14)8-12)10-6-4-3-5-7-10/h3-7,9H,8H2,1-2H3",,CC(C)N(C(=O)CCl)c1ccccc1,MFOUDYKPLGXPGO-UHFFFAOYSA-N,MFOUDYKPLGXPGO,MFOUDYKPLGXPGO,1,resolved,resolved,False,OFT exact name,9a379a7e-e5ef-4553-aff8-8bdfa494dc39,Propachlor,1918-16-7,,,,,True,True,True,1918-16-7,019101,True,False,True,False,Contact,LD50,311.0,,exact,311,F146,unique_PCCODE,43147705,0,0,0
146,Propachlor,019101,Herbicide,Chloroacetanilide,Plant Biosynthesis inhibitors,311,>124,,,,,,,CC(C)N(C1=CC=CC=C1)C(=O)CCl,"InChI=1S/C11H14ClNO/c1-9(2)13(11(14)8-12)10-6-4-3-5-7-10/h3-7,9H,8H2,1-2H3",,CC(C)N(C(=O)CCl)c1ccccc1,MFOUDYKPLGXPGO-UHFFFAOYSA-N,MFOUDYKPLGXPGO,MFOUDYKPLGXPGO,1,resolved,resolved,False,OFT exact name,9a379a7e-e5ef-4553-aff8-8bdfa494dc39,Propachlor,1918-16-7,,,,,True,True,True,1918-16-7,019101,True,False,True,False,Oral,LD50,124.0,>,censored,>124,G146,unique_PCCODE,43147705,0,0,0
147,Propanil,028201,Herbicide,Amide,Photosynthesis,>99.8,>99.8,238.0,>99.1,>22,22,12,12.0,CCC(=O)Nc1ccc(Cl)c(Cl)c1,"InChI=1S/C9H9Cl2NO/c1-2-9(13)12-6-3-4-7(10)8(11)5-6/h3-5H,2H2,1H3,(H,12,13)",,CCC(=O)Nc1ccc(Cl)c(Cl)c1,LFULEKSKNZEWOE-UHFFFAOYSA-N,LFULEKSKNZEWOE,LFULEKSKNZEWOE,1,resolved,resolved,False,OFT exact name,8e9c226c-3a5b-4fb3-88ef-73f69361b5f3,Propanil,709-98-8,,,,,True,True,True,709-98-8,028201,True,False,True,False,Contact,LD50,99.8,>,censored,>99.8,F147,unique_PCCODE,50499402,0,0,-1
147,Propanil,028201,Herbicide,Amide,Photosynthesis,>99.8,>99.8,238.0,>99.1,>22,22,12,12.0,CCC(=O)Nc1ccc(Cl)c(Cl)c1,"InChI=1S/C9H9Cl2NO/c1-2-9(13)12-6-3-4-7(10)8(11)5-6/h3-5H,2H2,1H3,(H,12,13)",,CCC(=O)Nc1ccc(Cl)c(Cl)c1,LFULEKSKNZEWOE-UHFFFAOYSA-N,LFULEKSKNZEWOE,LFULEKSKNZEWOE,1,resolved,resolved,False,OFT exact name,8e9c226c-3a5b-4fb3-88ef-73f69361b5f3,Propanil,709-98-8,,,,,True,True,True,709-98-8,028201,True,False,True,False,Oral,LD50,99.8,>,censored,>99.8,G147,unique_PCCODE,50499401,0,0,-1
148,Propargite,097601,Insecticide,Sulfite ester,Respiration Inhibitors/Regulators,15,>100,1.0,25.31,4.8,2.5,1.3,1.3,CC(C)(C)c1ccc(cc1)OC2CCCCC2OS(=O)OCC#C,"InChI=1S/C19H26O4S/c1-5-14-21-24(20)23-18-9-7-6-8-17(18)22-16-12-10-15(11-13-16)19(2,3)4/h1,10-13,17-18H,6-9,14H2,2-4H3",,C#CCOS(=O)OC1CCCCC1Oc1ccc(C(C)(C)C)cc1,ZYHMJXZULPZUED-UHFFFAOYSA-N,ZYHMJXZULPZUED,ZYHMJXZULPZUED,1,resolved,resolved,False,OFT exact name,6b61486e-67ab-45ca-8b6d-10b1cbb47bad,Propargite,2312-35-8,,,,,True,True,True,2312-35-8,097601,True,False,True,False,Contact,LD50,15.0,,exact,15,F148,unique_PCCODE,43185001,0,0,1
148,Propargite,097601,Insecticide,Sulfite ester,Respiration Inhibitors/Regulators,15,>100,1.0,25.31,4.8,2.5,1.3,1.3,CC(C)(C)c1ccc(cc1)OC2CCCCC2OS(=O)OCC#C,"InChI=1S/C19H26O4S/c1-5-14-21-24(20)23-18-9-7-6-8-17(18)22-16-12-10-15(11-13-16)19(2,3)4/h1,10-13,17-18H,6-9,14H2,2-4H3",,C#CCOS(=O)OC1CCCCC1Oc1ccc(C(C)(C)C)cc1,ZYHMJXZULPZUED-UHFFFAOYSA-N,ZYHMJXZULPZUED,ZYHMJXZULPZUED,1,resolved,resolved,False,OFT exact name,6b61486e-67ab-45ca-8b6d-10b1cbb47bad,Propargite,2312-35-8,,,,,True,True,True,2312-35-8,097601,True,False,True,False,Oral,LD50,100.0,>,censored,>100,G148,unique_PCCODE,49454501,0,0,0
149,Propiconazole,122101,Fungicide,Triazoles,Fungi Biosynthesis inhibitors,>25,,,,34,12,12,2.6,CCCC1COC(O1)(CN2C=NC=N2)C3=C(C=C(C=C3)Cl)Cl,"InChI=1S/C15H17Cl2N3O2/c1-2-3-12-7-21-15(22-12,8-20-10-18-9-19-20)13-5-4-11(16)6-14(13)17/h4-6,9-10,12H,2-3,7-8H2,1H3",STJLVHWMYQXCPB-UHFFFAOYSA-N,CCCC1COC(Cn2cncn2)(c2ccc(Cl)cc2Cl)O1,STJLVHWMYQXCPB-UHFFFAOYSA-N,STJLVHWMYQXCPB,STJLVHWMYQXCPB,1,resolved,resolved,False,PubChem name,"https://pubchem.ncbi.nlm.nih.gov/rest/pug/compound/name/Propiconazole/property/InChIKey,InChI,IsomericSMILES/JSON",Propiconazole,,43234.0,,,,True,True,True,,122101,False,False,False,False,Contact,LD50,25.0,>,censored,>25,F149,unique_PCCODE,43420702,0,0,-1
150,Propoxycarbazone-sodium,122019,Herbicide,Sulfonylaminocarbonyltriazolinone,Plant Biosynthesis inhibitors,>200.0,>319,,,,,,,CCCOC1=NN(C(=O)N1C)C(=O)[N-]S(=O)(=O)C2=CC=CC=C2C(=O)OC.[Na+],"InChI=1S/C15H18N4O7S.Na/c1-4-9-26-14-16-19(15(22)18(14)2)13(21)17-27(23,24)11-8-6-5-7-10(11)12(20)25-3;/h5-8H,4,9H2,1-3H3,(H,17,21);/q;+1/p-1",JRQGDDUXDKCWRF-UHFFFAOYSA-M,CCCOc1nn(C(=O)[N-]S(=O)(=O)c2ccccc2C(=O)OC)c(=O)n1C.[Na+],JRQGDDUXDKCWRF-UHFFFAOYSA-M,JRQGDDUXDKCWRF,JTHMVYBOQLDDIY,2,resolved,resolved,False,PubChem name,"https://pubchem.ncbi.nlm.nih.gov/rest/pug/compound/name/Propoxycarbazone-sodium/property/InChIKey,InChI,IsomericSMILES/JSON",Propoxycarbazone-sodium,,12056759.0,,,,True,True,True,,122019,False,True,True,False,Contact,LD50,200.0,>,censored,>200.0,F150,unique_PCCODE,45012838,0,0,0
150,Propoxycarbazone-sodium,122019,Herbicide,Sulfonylaminocarbonyltriazolinone,Plant Biosynthesis inhibitors,>200.0,>319,,,,,,,CCCOC1=NN(C(=O)N1C)C(=O)[N-]S(=O)(=O)C2=CC=CC=C2C(=O)OC.[Na+],"InChI=1S/C15H18N4O7S.Na/c1-4-9-26-14-16-19(15(22)18(14)2)13(21)17-27(23,24)11-8-6-5-7-10(11)12(20)25-3;/h5-8H,4,9H2,1-3H3,(H,17,21);/q;+1/p-1",JRQGDDUXDKCWRF-UHFFFAOYSA-M,CCCOc1nn(C(=O)[N-]S(=O)(=O)c2ccccc2C(=O)OC)c(=O)n1C.[Na+],JRQGDDUXDKCWRF-UHFFFAOYSA-M,JRQGDDUXDKCWRF,JTHMVYBOQLDDIY,2,resolved,resolved,False,PubChem name,"https://pubchem.ncbi.nlm.nih.gov/rest/pug/compound/name/Propoxycarbazone-sodium/property/InChIKey,InChI,IsomericSMILES/JSON",Propoxycarbazone-sodium,,12056759.0,,,,True,True,True,,122019,False,True,True,False,Oral,LD50,319.0,>,censored,>319,G150,unique_PCCODE,45012818,0,0,0
151,Prosulfuron,129031,Herbicide,Sulfonylureas,Plant Biosynthesis inhibitors,>100,,0.6,26,21,5.8,5.8,5.8,CC1=NC(=NC(=N1)OC)NC(=O)NS(=O)(=O)C2=CC=CC=C2CCC(F)(F)F,"InChI=1S/C15H16F3N5O4S/c1-9-19-12(22-14(20-9)27-2)21-13(24)23-28(25,26)11-6-4-3-5-10(11)7-8-15(16,17)18/h3-6H,7-8H2,1-2H3,(H2,19,20,21,22,23,24)",,COc1nc(C)nc(NC(=O)NS(=O)(=O)c2ccccc2CCC(F)(F)F)n1,LTUNNEGNEKBSEH-UHFFFAOYSA-N,LTUNNEGNEKBSEH,LTUNNEGNEKBSEH,1,resolved,resolved,False,OFT exact name,ec03dad0-1b48-4e47-810c-2b4c29cafdd5,Prosulfuron,94125-34-5,,,,,True,True,True,94125-34-5,129031,True,False,True,False,Contact,LD50,100.0,>,censored,>100,F151,unique_PCCODE,42685212,0,0,0
152,Prothioconazole,113961,Fungicide,Triazoles,Fungi Biosynthesis inhibitors,>200,>71,,>58,>5.2,5.2,5.2,2.0,C1CC1(C(CC2=CC=CC=C2Cl)(CN3C(=S)N=CN3)O)Cl,"InChI=1S/C14H15Cl2N3OS/c15-11-4-2-1-3-10(11)7-14(20,13(16)5-6-13)8-19-12(21)17-9-18-19/h1-4,9,20H,5-8H2,(H,17,18,21)",,OC(Cc1ccccc1Cl)(Cn1[nH]cnc1=S)C1(Cl)CC1,MNHVNIJQQRJYDH-UHFFFAOYSA-N,MNHVNIJQQRJYDH,MNHVNIJQQRJYDH,1,resolved,resolved,False,OFT exact name,fba59798-332b-48a3-93f3-870608c89571,Prothioconazole,178928-70-6,,,,,True,True,True,178928-70-6,113961,True,False,True,False,Contact,LD50,200.0,>,censored,>200,F152,unique_PCCODE,46246048,0,0,0
152,Prothioconazole,113961,Fungicide,Triazoles,Fungi Biosynthesis inhibitors,>200,>71,,>58,>5.2,5.2,5.2,2.0,C1CC1(C(CC2=CC=CC=C2Cl)(CN3C(=S)N=CN3)O)Cl,"InChI=1S/C14H15Cl2N3OS/c15-11-4-2-1-3-10(11)7-14(20,13(16)5-6-13)8-19-12(21)17-9-18-19/h1-4,9,20H,5-8H2,(H,17,18,21)",,OC(Cc1ccccc1Cl)(Cn1[nH]cnc1=S)C1(Cl)CC1,MNHVNIJQQRJYDH-UHFFFAOYSA-N,MNHVNIJQQRJYDH,MNHVNIJQQRJYDH,1,resolved,resolved,False,OFT exact name,fba59798-332b-48a3-93f3-870608c89571,Prothioconazole,178928-70-6,,,,,True,True,True,178928-70-6,113961,True,False,True,False,Oral,LD50,71.0,>,censored,>71,G152,unique_PCCODE,46246048,0,0,-1
153,Pydiflumetofen,090110,Fungicide,Carboxamide,Respiration Inhibitors/Regulators,>100,>116,,,>0.0035,0.0035,0.0035,0.0035,CC(CC1=C(C=C(C=C1Cl)Cl)Cl)N(C(=O)C2=CN(N=C2C(F)F)C)OC,"InChI=1S/C16H16Cl3F2N3O2/c1-8(4-10-12(18)5-9(17)6-13(10)19)24(26-3)16(25)11-7-23(2)22-14(11)15(20)21/h5-8,15H,4H2,1-3H3",,CON(C(=O)c1cn(C)nc1C(F)F)C(C)Cc1c(Cl)cc(Cl)cc1Cl,DGOAXBPOVUPPEB-UHFFFAOYSA-N,DGOAXBPOVUPPEB,DGOAXBPOVUPPEB,1,resolved,resolved,False,OFT exact name,6e40d984-23b7-40a9-8ea4-a67a16aa95e1,Pydiflumetofen,1228284-64-7,,,,,True,True,True,1228284-64-7,090110,True,False,True,False,Contact,LD50,100.0,>,censored,>100,F153,unique_PCCODE,49558039,0,0,0
153,Pydiflumetofen,090110,Fungicide,Carboxamide,Respiration Inhibitors/Regulators,>100,>116,,,>0.0035,0.0035,0.0035,0.0035,CC(CC1=C(C=C(C=C1Cl)Cl)Cl)N(C(=O)C2=CN(N=C2C(F)F)C)OC,"InChI=1S/C16H16Cl3F2N3O2/c1-8(4-10-12(18)5-9(17)6-13(10)19)24(26-3)16(25)11-7-23(2)22-14(11)15(20)21/h5-8,15H,4H2,1-3H3",,CON(C(=O)c1cn(C)nc1C(F)F)C(C)Cc1c(Cl)cc(Cl)cc1Cl,DGOAXBPOVUPPEB-UHFFFAOYSA-N,DGOAXBPOVUPPEB,DGOAXBPOVUPPEB,1,resolved,resolved,False,OFT exact name,6e40d984-23b7-40a9-8ea4-a67a16aa95e1,Pydiflumetofen,1228284-64-7,,,,,True,True,True,1228284-64-7,090110,True,False,True,False,Oral,LD50,116.0,>,censored,>116,G153,unique_PCCODE,49558039,0,0,0
154,Pymetrozine,101103,Insecticide,Pyridine azomethines,Neurotoxicant,>200,>117,,,,,,,CC1=NNC(=O)N(C1)N=CC2=CN=CC=C2,"InChI=1S/C10H11N5O/c1-8-7-15(10(16)14-13-8)12-6-9-3-2-4-11-5-9/h2-6H,7H2,1H3,(H,14,16)/b12-6+",,CC1=NNC(=O)N(N=Cc2cccnc2)C1,QHMTXANCGGJZRX-UHFFFAOYSA-N,QHMTXANCGGJZRX,QHMTXANCGGJZRX,1,resolved,resolved,True,OFT exact name,b9874c33-e123-4875-9e3e-c01f5e3cdd82,Pymetrozine,123312-89-0,,,,,True,True,True,123312-89-0,101103,True,False,True,False,Contact,LD50,200.0,>,censored,>200,F154,unique_PCCODE,44024961,0,0,0
154,Pymetrozine,101103,Insecticide,Pyridine azomethines,Neurotoxicant,>200,>117,,,,,,,CC1=NNC(=O)N(C1)N=CC2=CN=CC=C2,"InChI=1S/C10H11N5O/c1-8-7-15(10(16)14-13-8)12-6-9-3-2-4-11-5-9/h2-6H,7H2,1H3,(H,14,16)/b12-6+",,CC1=NNC(=O)N(N=Cc2cccnc2)C1,QHMTXANCGGJZRX-UHFFFAOYSA-N,QHMTXANCGGJZRX,QHMTXANCGGJZRX,1,resolved,resolved,True,OFT exact name,b9874c33-e123-4875-9e3e-c01f5e3cdd82,Pymetrozine,123312-89-0,,,,,True,True,True,123312-89-0,101103,True,False,True,False,Oral,LD50,117.0,>,censored,>117,G154,unique_PCCODE,44024961,0,0,0
155,Pyraclostrobin,099100,Fungicide,Strobilurin-methoxyacrylate,Respiration Inhibitors/Regulators,>100,>110,1.0,,4.8,2.9,2.9,2.9,COC(=O)N(C1=CC=CC=C1COC2=NN(C=C2)C3=CC=C(C=C3)Cl)OC,"InChI=1S/C19H18ClN3O4/c1-25-19(24)23(26-2)17-6-4-3-5-14(17)13-27-18-11-12-22(21-18)16-9-7-15(20)8-10-16/h3-12H,13H2,1-2H3",,COC(=O)N(OC)c1ccccc1COc1ccn(-c2ccc(Cl)cc2)n1,HZRSNVGNWUDEFX-UHFFFAOYSA-N,HZRSNVGNWUDEFX,HZRSNVGNWUDEFX,1,resolved,resolved,False,OFT exact name,51259c5f-0d16-4465-895d-4124ef8b9017,Pyraclostrobin,175013-18-0,,,,,True,True,True,175013-18-0,099100,True,False,True,False,Contact,LD50,100.0,>,censored,>100,F155,unique_PCCODE,45118711,0,0,0
155,Pyraclostrobin,099100,Fungicide,Strobilurin-methoxyacrylate,Respiration Inhibitors/Regulators,>100,>110,1.0,,4.8,2.9,2.9,2.9,COC(=O)N(C1=CC=CC=C1COC2=NN(C=C2)C3=CC=C(C=C3)Cl)OC,"InChI=1S/C19H18ClN3O4/c1-25-19(24)23(26-2)17-6-4-3-5-14(17)13-27-18-11-12-22(21-18)16-9-7-15(20)8-10-16/h3-12H,13H2,1-2H3",,COC(=O)N(OC)c1ccccc1COc1ccn(-c2ccc(Cl)cc2)n1,HZRSNVGNWUDEFX-UHFFFAOYSA-N,HZRSNVGNWUDEFX,HZRSNVGNWUDEFX,1,resolved,resolved,False,OFT exact name,51259c5f-0d16-4465-895d-4124ef8b9017,Pyraclostrobin,175013-18-0,,,,,True,True,True,175013-18-0,099100,True,False,True,False,Oral,LD50,110.0,>,censored,>110,G155,unique_PCCODE,49381101,0,0,0
156,Pyraflufen-ethyl,030090,Herbicide,Phenylpyrazoles,Photosynthesis,>100,>111.99,12.0,>100,20,6,,3.0,CCOC(=O)COC1=C(C=C(C(=C1)C2=NN(C(=C2Cl)OC(F)F)C)F)Cl,"InChI=1S/C15H13Cl2F3N2O4/c1-3-24-11(23)6-25-10-4-7(9(18)5-8(10)16)13-12(17)14(22(2)21-13)26-15(19)20/h4-5,15H,3,6H2,1-2H3",,CCOC(=O)COc1cc(-c2nn(C)c(OC(F)F)c2Cl)c(F)cc1Cl,APTZNLHMIGJTEW-UHFFFAOYSA-N,APTZNLHMIGJTEW,APTZNLHMIGJTEW,1,resolved,resolved,False,OFT exact name,2805552b-0d92-42e0-b78a-b473ad09ab9c,Pyraflufen-ethyl,129630-19-9,,,,,True,True,True,129630-19-9,030090,True,False,True,False,Contact,LD50,100.0,>,censored,>100,F156,unique_PCCODE,45282732,0,0,0
156,Pyraflufen-ethyl,030090,Herbicide,Phenylpyrazoles,Photosynthesis,>100,>111.99,12.0,>100,20,6,,3.0,CCOC(=O)COC1=C(C=C(C(=C1)C2=NN(C(=C2Cl)OC(F)F)C)F)Cl,"InChI=1S/C15H13Cl2F3N2O4/c1-3-24-11(23)6-25-10-4-7(9(18)5-8(10)16)13-12(17)14(22(2)21-13)26-15(19)20/h4-5,15H,3,6H2,1-2H3",,CCOC(=O)COc1cc(-c2nn(C)c(OC(F)F)c2Cl)c(F)cc1Cl,APTZNLHMIGJTEW-UHFFFAOYSA-N,APTZNLHMIGJTEW,APTZNLHMIGJTEW,1,resolved,resolved,False,OFT exact name,2805552b-0d92-42e0-b78a-b473ad09ab9c,Pyraflufen-ethyl,129630-19-9,,,,,True,True,True,129630-19-9,030090,True,False,True,False,Oral,LD50,111.99,>,censored,>111.99,G156,unique_PCCODE,45282732,0,0,0
157,Pyrasulfotole,000692,Herbicide,Isoxazoles,Pigment Synthesis,>75,>120,,,,,,,CC1=C(C(=O)N(N1)C)C(=O)C2=C(C=C(C=C2)C(F)(F)F)S(=O)(=O)C,"InChI=1S/C14H13F3N2O4S/c1-7-11(13(21)19(2)18-7)12(20)9-5-4-8(14(15,16)17)6-10(9)24(3,22)23/h4-6,18H,1-3H3",CZRVDACSCJKRFL-UHFFFAOYSA-N,Cc1[nH]n(C)c(=O)c1C(=O)c1ccc(C(F)(F)F)cc1S(C)(=O)=O,CZRVDACSCJKRFL-UHFFFAOYSA-N,CZRVDACSCJKRFL,CZRVDACSCJKRFL,1,resolved,resolved,False,PubChem name,"https://pubchem.ncbi.nlm.nih.gov/rest/pug/compound/name/Pyrasulfotole/property/InChIKey,InChI,IsomericSMILES/JSON",Pyrasulfotole,,11693711.0,,,,True,True,True,,000692,False,False,False,False,Contact,LD50,75.0,>,censored,>75,F157,unique_PCCODE,46801735,0,0,-1
157,Pyrasulfotole,000692,Herbicide,Isoxazoles,Pigment Synthesis,>75,>120,,,,,,,CC1=C(C(=O)N(N1)C)C(=O)C2=C(C=C(C=C2)C(F)(F)F)S(=O)(=O)C,"InChI=1S/C14H13F3N2O4S/c1-7-11(13(21)19(2)18-7)12(20)9-5-4-8(14(15,16)17)6-10(9)24(3,22)23/h4-6,18H,1-3H3",CZRVDACSCJKRFL-UHFFFAOYSA-N,Cc1[nH]n(C)c(=O)c1C(=O)c1ccc(C(F)(F)F)cc1S(C)(=O)=O,CZRVDACSCJKRFL-UHFFFAOYSA-N,CZRVDACSCJKRFL,CZRVDACSCJKRFL,1,resolved,resolved,False,PubChem name,"https://pubchem.ncbi.nlm.nih.gov/rest/pug/compound/name/Pyrasulfotole/property/InChIKey,InChI,IsomericSMILES/JSON",Pyrasulfotole,,11693711.0,,,,True,True,True,,000692,False,False,False,False,Oral,LD50,120.0,>,censored,>120,G157,unique_PCCODE,46801734,0,0,0
158,Pyridaben,129105,Insecticide,Pyridazinones,Respiration Inhibitors/Regulators,0.024,2.63,,,,,,,O=C1N(C(C)(C)C)N=CC(SCC2=CC=C(C(C)(C)C)C=C2)=C1Cl,"InChI=1S/C19H25ClN2OS/c1-18(2,3)14-9-7-13(8-10-14)12-24-15-11-21-22(19(4,5)6)17(23)16(15)20/h7-11H,12H2,1-6H3",,CC(C)(C)c1ccc(CSc2cnn(C(C)(C)C)c(=O)c2Cl)cc1,DWFZBUWUXWZWKD-UHFFFAOYSA-N,DWFZBUWUXWZWKD,DWFZBUWUXWZWKD,1,resolved,resolved,False,OFT exact name,ce6dd40c-2c66-4385-bb4d-925c6d65ef0a,Pyridaben,96489-71-3,,,,,True,True,True,96489-71-3,129105,True,False,True,False,Contact,LD50,0.024,,exact,0.024,F158,unique_PCCODE,49564601,1,1,1
158,Pyridaben,129105,Insecticide,Pyridazinones,Respiration Inhibitors/Regulators,0.024,2.63,,,,,,,O=C1N(C(C)(C)C)N=CC(SCC2=CC=C(C(C)(C)C)C=C2)=C1Cl,"InChI=1S/C19H25ClN2OS/c1-18(2,3)14-9-7-13(8-10-14)12-24-15-11-21-22(19(4,5)6)17(23)16(15)20/h7-11H,12H2,1-6H3",,CC(C)(C)c1ccc(CSc2cnn(C(C)(C)C)c(=O)c2Cl)cc1,DWFZBUWUXWZWKD-UHFFFAOYSA-N,DWFZBUWUXWZWKD,DWFZBUWUXWZWKD,1,resolved,resolved,False,OFT exact name,ce6dd40c-2c66-4385-bb4d-925c6d65ef0a,Pyridaben,96489-71-3,,,,,True,True,True,96489-71-3,129105,True,False,True,False,Oral,LD50,2.63,,exact,2.63,G158,unique_PCCODE,49564601,0,1,1
160,Pyrifluquinazon,555555,Insecticide,Quinazolinone,MOA Unknown,>100,,1.2,,5.4,1.7,1.7,1.7,CC(=O)N1C2=C(CN(C1=O)NCC3=CN=CC=C3)C=C(C=C2)C(C(F)(F)F)(C(F)(F)F)F,"InChI=1S/C19H15F7N4O2/c1-11(31)30-15-5-4-14(17(20,18(21,22)23)19(24,25)26)7-13(15)10-29(16(30)32)28-9-12-3-2-6-27-8-12/h2-8,28H,9-10H2,1H3",MIOBBYRMXGNORL-UHFFFAOYSA-N,CC(=O)N1C(=O)N(NCc2cccnc2)Cc2cc(C(F)(C(F)(F)F)C(F)(F)F)ccc21,MIOBBYRMXGNORL-UHFFFAOYSA-N,MIOBBYRMXGNORL,MIOBBYRMXGNORL,1,resolved,resolved,False,PubChem name,"https://pubchem.ncbi.nlm.nih.gov/rest/pug/compound/name/Pyrifluquinazon/property/InChIKey,InChI,IsomericSMILES/JSON",Pyrifluquinazon,,11842644.0,,,,True,True,True,,555555,False,False,False,False,Contact,LD50,100.0,>,censored,>100,F160,unique_PCCODE,49083719,0,0,0
161,Pyrimethanil,288201,Fungicide,Anilinopyrimidines,Fungi Biosynthesis inhibitors,>100,>100,,,,,,,CC1=NC(NC2=CC=CC=C2)=NC(C)=C1,"InChI=1S/C12H13N3/c1-9-8-10(2)14-12(13-9)15-11-6-4-3-5-7-11/h3-8H,1-2H3,(H,13,14,15)",,Cc1cc(C)nc(Nc2ccccc2)n1,ZLIBICFPKPWGIZ-UHFFFAOYSA-N,ZLIBICFPKPWGIZ,ZLIBICFPKPWGIZ,1,resolved,resolved,False,OFT exact name,89b60bb6-ffb0-4122-be52-4832f63d51df,Pyrimethanil,53112-28-0,,,,,True,True,True,53112-28-0,288201,True,False,True,False,Contact,LD50,100.0,>,censored,>100,F161,unique_PCCODE,45657023,0,0,0
161,Pyrimethanil,288201,Fungicide,Anilinopyrimidines,Fungi Biosynthesis inhibitors,>100,>100,,,,,,,CC1=NC(NC2=CC=CC=C2)=NC(C)=C1,"InChI=1S/C12H13N3/c1-9-8-10(2)14-12(13-9)15-11-6-4-3-5-7-11/h3-8H,1-2H3,(H,13,14,15)",,Cc1cc(C)nc(Nc2ccccc2)n1,ZLIBICFPKPWGIZ-UHFFFAOYSA-N,ZLIBICFPKPWGIZ,ZLIBICFPKPWGIZ,1,resolved,resolved,False,OFT exact name,89b60bb6-ffb0-4122-be52-4832f63d51df,Pyrimethanil,53112-28-0,,,,,True,True,True,53112-28-0,288201,True,False,True,False,Oral,LD50,100.0,>,censored,>100,G161,unique_PCCODE,45657023,0,0,0
162,Pyrimisulfan,079400,Herbicide,Pyrimidinylthiobenzoates,Plant Biosynthesis inhibitors,>25,>100,36.0,>100,>20,20,20,20.0,COCC1=C(C(=CC=C1)C(C2=NC(=CC(=N2)OC)OC)O)NS(=O)(=O)C(F)F,"InChI=1S/C16H19F2N3O6S/c1-25-8-9-5-4-6-10(13(9)21-28(23,24)16(17)18)14(22)15-19-11(26-2)7-12(20-15)27-3/h4-7,14,16,21-22H,8H2,1-3H3",NTBVTCXMRYKRTB-UHFFFAOYSA-N,COCc1cccc(C(O)c2nc(OC)cc(OC)n2)c1NS(=O)(=O)C(F)F,NTBVTCXMRYKRTB-UHFFFAOYSA-N,NTBVTCXMRYKRTB,NTBVTCXMRYKRTB,1,resolved,resolved,False,PubChem name,"https://pubchem.ncbi.nlm.nih.gov/rest/pug/compound/name/Pyrimisulfan/property/InChIKey,InChI,IsomericSMILES/JSON",Pyrimisulfan,,11407474.0,,,,True,True,True,,079400,False,False,False,False,Contact,LD50,25.0,>,censored,>25,F162,unique_PCCODE,49683183,0,0,-1
162,Pyrimisulfan,079400,Herbicide,Pyrimidinylthiobenzoates,Plant Biosynthesis inhibitors,>25,>100,36.0,>100,>20,20,20,20.0,COCC1=C(C(=CC=C1)C(C2=NC(=CC(=N2)OC)OC)O)NS(=O)(=O)C(F)F,"InChI=1S/C16H19F2N3O6S/c1-25-8-9-5-4-6-10(13(9)21-28(23,24)16(17)18)14(22)15-19-11(26-2)7-12(20-15)27-3/h4-7,14,16,21-22H,8H2,1-3H3",NTBVTCXMRYKRTB-UHFFFAOYSA-N,COCc1cccc(C(O)c2nc(OC)cc(OC)n2)c1NS(=O)(=O)C(F)F,NTBVTCXMRYKRTB-UHFFFAOYSA-N,NTBVTCXMRYKRTB,NTBVTCXMRYKRTB,1,resolved,resolved,False,PubChem name,"https://pubchem.ncbi.nlm.nih.gov/rest/pug/compound/name/Pyrimisulfan/property/InChIKey,InChI,IsomericSMILES/JSON",Pyrimisulfan,,11407474.0,,,,True,True,True,,079400,False,False,False,False,Oral,LD50,100.0,>,censored,>100,G162,unique_PCCODE,49683184,0,0,0
163,Pyriofenone,028828,Fungicide,Benzoylpyridine,Fungi Growth Regulator,>100,>100,54.0,,>27.5,27.5,27.5,27.5,CC1=CC(=C(C(=C1C(=O)C2=C(C(=CN=C2OC)Cl)C)OC)OC)OC,"InChI=1S/C18H20ClNO5/c1-9-7-12(22-3)16(23-4)17(24-5)13(9)15(21)14-10(2)11(19)8-20-18(14)25-6/h7-8H,1-6H3",,COc1cc(C)c(C(=O)c2c(OC)ncc(Cl)c2C)c(OC)c1OC,NMVCBWZLCXANER-UHFFFAOYSA-N,NMVCBWZLCXANER,NMVCBWZLCXANER,1,resolved,resolved,False,OFT exact name,8f44f937-568c-41cd-ab32-510115b9e033,Pyriofenone,688046-61-9,,,,,True,True,True,688046-61-9,028828,True,False,True,False,Contact,LD50,100.0,>,censored,>100,F163,unique_PCCODE,49256161,0,0,0
163,Pyriofenone,028828,Fungicide,Benzoylpyridine,Fungi Growth Regulator,>100,>100,54.0,,>27.5,27.5,27.5,27.5,CC1=CC(=C(C(=C1C(=O)C2=C(C(=CN=C2OC)Cl)C)OC)OC)OC,"InChI=1S/C18H20ClNO5/c1-9-7-12(22-3)16(23-4)17(24-5)13(9)15(21)14-10(2)11(19)8-20-18(14)25-6/h7-8H,1-6H3",,COc1cc(C)c(C(=O)c2c(OC)ncc(Cl)c2C)c(OC)c1OC,NMVCBWZLCXANER-UHFFFAOYSA-N,NMVCBWZLCXANER,NMVCBWZLCXANER,1,resolved,resolved,False,OFT exact name,8f44f937-568c-41cd-ab32-510115b9e033,Pyriofenone,688046-61-9,,,,,True,True,True,688046-61-9,028828,True,False,True,False,Oral,LD50,100.0,>,censored,>100,G163,unique_PCCODE,49256161,0,0,0
164,Pyriproxyfen,129032,Insecticide,Pyridines,Insect Growth Regulator,>100,>72.8,26.7,,>2,2,2,0.042,CC(COC1=CC=C(C=C1)OC2=CC=CC=C2)OC3=CC=CC=N3,"InChI=1S/C20H19NO3/c1-16(23-20-9-5-6-14-21-20)15-22-17-10-12-19(13-11-17)24-18-7-3-2-4-8-18/h2-14,16H,15H2,1H3",,CC(COc1ccc(Oc2ccccc2)cc1)Oc1ccccn1,NHDHVHZZCFYRSB-UHFFFAOYSA-N,NHDHVHZZCFYRSB,NHDHVHZZCFYRSB,1,resolved,resolved,False,OFT exact name,48f24d64-64be-4e36-b9ff-5c82404fbfd6,Pyriproxyfen,95737-68-1,,,,,True,True,True,95737-68-1,129032,True,False,True,False,Contact,LD50,100.0,>,censored,>100,F164,unique_PCCODE,-,0,0,0
164,Pyriproxyfen,129032,Insecticide,Pyridines,Insect Growth Regulator,>100,>72.8,26.7,,>2,2,2,0.042,CC(COC1=CC=C(C=C1)OC2=CC=CC=C2)OC3=CC=CC=N3,"InChI=1S/C20H19NO3/c1-16(23-20-9-5-6-14-21-20)15-22-17-10-12-19(13-11-17)24-18-7-3-2-4-8-18/h2-14,16H,15H2,1H3",,CC(COc1ccc(Oc2ccccc2)cc1)Oc1ccccn1,NHDHVHZZCFYRSB-UHFFFAOYSA-N,NHDHVHZZCFYRSB,NHDHVHZZCFYRSB,1,resolved,resolved,False,OFT exact name,48f24d64-64be-4e36-b9ff-5c82404fbfd6,Pyriproxyfen,95737-68-1,,,,,True,True,True,95737-68-1,129032,True,False,True,False,Oral,LD50,72.8,>,censored,>72.8,G164,unique_PCCODE,49848101,0,0,-1
165,Pyroxsulam,108702,Herbicide,Triazolopyrimidines,Plant Biosynthesis inhibitors,>100,>107.4,,,,,,,COC1=CC(=NC2=NC(=NN12)NS(=O)(=O)C3=C(C=CN=C3OC)C(F)(F)F)OC,"InChI=1S/C14H13F3N6O5S/c1-26-8-6-9(27-2)23-13(19-8)20-12(21-23)22-29(24,25)10-7(14(15,16)17)4-5-18-11(10)28-3/h4-6H,1-3H3,(H,21,22)",,COc1cc(OC)n2nc(NS(=O)(=O)c3c(C(F)(F)F)ccnc3OC)nc2n1,GLBLPMUBLHYFCW-UHFFFAOYSA-N,GLBLPMUBLHYFCW,GLBLPMUBLHYFCW,1,resolved,resolved,False,OFT exact name,bf1c6f7f-0926-4440-8350-36c53a7f7d6d,Pyroxsulam,422556-08-9,,,,,True,True,True,422556-08-9,108702,True,False,True,False,Contact,LD50,100.0,>,censored,>100,F165,unique_PCCODE,46908508,0,0,0
165,Pyroxsulam,108702,Herbicide,Triazolopyrimidines,Plant Biosynthesis inhibitors,>100,>107.4,,,,,,,COC1=CC(=NC2=NC(=NN12)NS(=O)(=O)C3=C(C=CN=C3OC)C(F)(F)F)OC,"InChI=1S/C14H13F3N6O5S/c1-26-8-6-9(27-2)23-13(19-8)20-12(21-23)22-29(24,25)10-7(14(15,16)17)4-5-18-11(10)28-3/h4-6H,1-3H3,(H,21,22)",,COc1cc(OC)n2nc(NS(=O)(=O)c3c(C(F)(F)F)ccnc3OC)nc2n1,GLBLPMUBLHYFCW-UHFFFAOYSA-N,GLBLPMUBLHYFCW,GLBLPMUBLHYFCW,1,resolved,resolved,False,OFT exact name,bf1c6f7f-0926-4440-8350-36c53a7f7d6d,Pyroxsulam,422556-08-9,,,,,True,True,True,422556-08-9,108702,True,False,True,False,Oral,LD50,107.4,>,censored,>107.4,G165,unique_PCCODE,46908508,0,0,0
166,Quinoxyfen,055459,Fungicide,Quinoline,Signal transduction,>100,,,,>19.38,0.77,0.77,0.77,ClC2=C1C(OC3=CC=C(F)C=C3)=CC=NC1=CC(Cl)=C2,InChI=1S/C15H8Cl2FNO/c16-9-7-12(17)15-13(8-9)19-6-5-14(15)20-11-3-1-10(18)2-4-11/h1-8H,,Fc1ccc(Oc2ccnc3cc(Cl)cc(Cl)c23)cc1,WRPIRSINYZBGPK-UHFFFAOYSA-N,WRPIRSINYZBGPK,WRPIRSINYZBGPK,1,resolved,resolved,False,OFT exact name,1c1dc128-6260-45c7-9aeb-21d511486efe,Quinoxyfen,124495-18-7,,,,,True,True,True,124495-18-7,055459,True,False,True,False,Contact,LD50,100.0,>,censored,>100,F166,unique_PCCODE,45360617,0,0,0
168,Sedaxane,129223,Fungicide,Pyrazole-Carboximides,Respiration Inhibitors/Regulators,>98.2,>4.22,,,,,,,CN1C=C(C(=N1)C(F)F)C(=O)NC2=CC=CC=C2C3CC3C4CC4,"InChI=1S/C18H19F2N3O/c1-23-9-14(16(22-23)17(19)20)18(24)21-15-5-3-2-4-11(15)13-8-12(13)10-6-7-10/h2-5,9-10,12-13,17H,6-8H2,1H3,(H,21,24)",,Cn1cc(C(=O)Nc2ccccc2C2CC2C2CC2)c(C(F)F)n1,XQJQCBDIXRIYRP-UHFFFAOYSA-N,XQJQCBDIXRIYRP,XQJQCBDIXRIYRP,1,resolved,resolved,False,OFT exact name,8dfd5225-cef9-4703-9617-f778765b0903,Sedaxane,874967-67-6,,,,,True,True,True,874967-67-6,129223,True,False,True,False,Contact,LD50,98.2,>,censored,>98.2,F168,unique_PCCODE,47473492,0,0,-1
168,Sedaxane,129223,Fungicide,Pyrazole-Carboximides,Respiration Inhibitors/Regulators,>98.2,>4.22,,,,,,,CN1C=C(C(=N1)C(F)F)C(=O)NC2=CC=CC=C2C3CC3C4CC4,"InChI=1S/C18H19F2N3O/c1-23-9-14(16(22-23)17(19)20)18(24)21-15-5-3-2-4-11(15)13-8-12(13)10-6-7-10/h2-5,9-10,12-13,17H,6-8H2,1H3,(H,21,24)",,Cn1cc(C(=O)Nc2ccccc2C2CC2C2CC2)c(C(F)F)n1,XQJQCBDIXRIYRP-UHFFFAOYSA-N,XQJQCBDIXRIYRP,XQJQCBDIXRIYRP,1,resolved,resolved,False,OFT exact name,8dfd5225-cef9-4703-9617-f778765b0903,Sedaxane,874967-67-6,,,,,True,True,True,874967-67-6,129223,True,False,True,False,Oral,LD50,4.22,>,censored,>4.22,G168,unique_PCCODE,47473492,0,-1,-1
169,Sethoxydim,121001,Herbicide,Cyclohexanediones (DIMs),Plant Biosynthesis inhibitors,>10,>200.2,30.8,,>21,21,21,21.0,CCC/C(=N\OCC)/C1=C(CC(CC1=O)CC(C)SCC)O,"InChI=1S/C17H29NO3S/c1-5-8-14(18-21-6-2)17-15(19)10-13(11-16(17)20)9-12(4)22-7-3/h12-13,19H,5-11H2,1-4H3/b18-14+",CSPPKDPQLUUTND-NBVRZTHBSA-N,CCC/C(=N\OCC)C1=C(O)CC(CC(C)SCC)CC1=O,CSPPKDPQLUUTND-NBVRZTHBSA-N,CSPPKDPQLUUTND,CSPPKDPQLUUTND,1,resolved,resolved,False,PubChem name,"https://pubchem.ncbi.nlm.nih.gov/rest/pug/compound/name/Sethoxydim/property/InChIKey,InChI,IsomericSMILES/JSON",Sethoxydim,,135491830.0,,,,False,False,False,,121001,False,True,True,False,Contact,LD50,10.0,>,censored,>10,F169,unique_PCCODE,41510607,0,-1,-1
169,Sethoxydim,121001,Herbicide,Cyclohexanediones (DIMs),Plant Biosynthesis inhibitors,>10,>200.2,30.8,,>21,21,21,21.0,CCC/C(=N\OCC)/C1=C(CC(CC1=O)CC(C)SCC)O,"InChI=1S/C17H29NO3S/c1-5-8-14(18-21-6-2)17-15(19)10-13(11-16(17)20)9-12(4)22-7-3/h12-13,19H,5-11H2,1-4H3/b18-14+",CSPPKDPQLUUTND-NBVRZTHBSA-N,CCC/C(=N\OCC)C1=C(O)CC(CC(C)SCC)CC1=O,CSPPKDPQLUUTND-NBVRZTHBSA-N,CSPPKDPQLUUTND,CSPPKDPQLUUTND,1,resolved,resolved,False,PubChem name,"https://pubchem.ncbi.nlm.nih.gov/rest/pug/compound/name/Sethoxydim/property/InChIKey,InChI,IsomericSMILES/JSON",Sethoxydim,,135491830.0,,,,False,False,False,,121001,False,True,True,False,Oral,LD50,200.2,>,censored,>200.2,G169,unique_PCCODE,50420004,0,0,0
170,S-Metolachlor,108800,Herbicide,Chloroacetanilide,Plant Biosynthesis inhibitors,>200,>85,,,>14,14,6,6.0,CCC1=CC=CC(=C1N(C(C)COC)C(=O)CCl)C,"InChI=1S/C15H22ClNO2/c1-5-13-8-6-7-11(2)15(13)17(14(18)9-16)12(3)10-19-4/h6-8,12H,5,9-10H2,1-4H3",,CCc1cccc(C)c1N(C(=O)CCl)C(C)COC,WVQBLGZPHOPPFO-UHFFFAOYSA-N,WVQBLGZPHOPPFO,WVQBLGZPHOPPFO,1,resolved,resolved,False,OFT exact name,602c2161-981e-4bb1-b0e6-25879583d6e3,S-Metolachlor,,,,,,True,True,True,,108800,False,False,False,False,Contact,LD50,200.0,>,censored,>200,F170,unique_PCCODE,44718402,0,0,0
170,S-Metolachlor,108800,Herbicide,Chloroacetanilide,Plant Biosynthesis inhibitors,>200,>85,,,>14,14,6,6.0,CCC1=CC=CC(=C1N(C(C)COC)C(=O)CCl)C,"InChI=1S/C15H22ClNO2/c1-5-13-8-6-7-11(2)15(13)17(14(18)9-16)12(3)10-19-4/h6-8,12H,5,9-10H2,1-4H3",,CCc1cccc(C)c1N(C(=O)CCl)C(C)COC,WVQBLGZPHOPPFO-UHFFFAOYSA-N,WVQBLGZPHOPPFO,WVQBLGZPHOPPFO,1,resolved,resolved,False,OFT exact name,602c2161-981e-4bb1-b0e6-25879583d6e3,S-Metolachlor,,,,,,True,True,True,,108800,False,False,False,False,Oral,LD50,85.0,>,censored,>85,G170,unique_PCCODE,44718402,0,0,-1
171,Sodium 1-naphthaleneacetate,"056007, 056002",Herbicide,PAH,Plant Growth Regulator,>96.7,127,,,>25,25,25,25.0,C1=CC=C2C(=C1)C=CC=C2CC(=O)[O-].[Na+],"InChI=1S/C12H10O2.Na/c13-12(14)8-10-6-3-5-9-4-1-2-7-11(9)10;/h1-7H,8H2,(H,13,14);/q;+1/p-1",CJUUXVFWKYRHAR-UHFFFAOYSA-M,O=C([O-])Cc1cccc2ccccc12.[Na+],CJUUXVFWKYRHAR-UHFFFAOYSA-M,CJUUXVFWKYRHAR,PRPINYUDVPFIRX,2,resolved,resolved,False,PubChem name,"https://pubchem.ncbi.nlm.nih.gov/rest/pug/compound/name/Sodium%201-naphthaleneacetate/property/InChIKey,InChI,IsomericSMILES/JSON",Sodium 1-naphthaleneacetate,,23694671.0,,,,True,True,True,,"056007, 056002",False,False,False,False,Contact,LD50,96.7,>,censored,>96.7,F171,unresolved,,0,0,-1
171,Sodium 1-naphthaleneacetate,"056007, 056002",Herbicide,PAH,Plant Growth Regulator,>96.7,127,,,>25,25,25,25.0,C1=CC=C2C(=C1)C=CC=C2CC(=O)[O-].[Na+],"InChI=1S/C12H10O2.Na/c13-12(14)8-10-6-3-5-9-4-1-2-7-11(9)10;/h1-7H,8H2,(H,13,14);/q;+1/p-1",CJUUXVFWKYRHAR-UHFFFAOYSA-M,O=C([O-])Cc1cccc2ccccc12.[Na+],CJUUXVFWKYRHAR-UHFFFAOYSA-M,CJUUXVFWKYRHAR,PRPINYUDVPFIRX,2,resolved,resolved,False,PubChem name,"https://pubchem.ncbi.nlm.nih.gov/rest/pug/compound/name/Sodium%201-naphthaleneacetate/property/InChIKey,InChI,IsomericSMILES/JSON",Sodium 1-naphthaleneacetate,,23694671.0,,,,True,True,True,,"056007, 056002",False,False,False,False,Oral,LD50,127.0,,exact,127,G171,unresolved,,0,0,0
172,Sodium chlorate,073301,Herbicide,Inorganic,Multisite/Membrane,>116,>75,,,>20.8,20.8,20.8,20.8,[O-]Cl(=O)=O.[Na+],"InChI=1S/ClHO3.Na/c2-1(3)4;/h(H,2,3,4);/q;+1/p-1",YZHUMGUJCQRKBT-UHFFFAOYSA-M,[Na+].[O-][Cl+2]([O-])[O-],GQMRMFTXVUMSAU-UHFFFAOYSA-N,GQMRMFTXVUMSAU,LSUVGSGHYCLVPU,2,resolved,resolved,False,PubChem name,"https://pubchem.ncbi.nlm.nih.gov/rest/pug/compound/name/Sodium%20chlorate/property/InChIKey,InChI,IsomericSMILES/JSON",Sodium chlorate,,516902.0,,,,True,True,True,,073301,False,False,False,False,Contact,LD50,116.0,>,censored,>116,F172,unique_PCCODE,47216001,0,0,0
172,Sodium chlorate,073301,Herbicide,Inorganic,Multisite/Membrane,>116,>75,,,>20.8,20.8,20.8,20.8,[O-]Cl(=O)=O.[Na+],"InChI=1S/ClHO3.Na/c2-1(3)4;/h(H,2,3,4);/q;+1/p-1",YZHUMGUJCQRKBT-UHFFFAOYSA-M,[Na+].[O-][Cl+2]([O-])[O-],GQMRMFTXVUMSAU-UHFFFAOYSA-N,GQMRMFTXVUMSAU,LSUVGSGHYCLVPU,2,resolved,resolved,False,PubChem name,"https://pubchem.ncbi.nlm.nih.gov/rest/pug/compound/name/Sodium%20chlorate/property/InChIKey,InChI,IsomericSMILES/JSON",Sodium chlorate,,516902.0,,,,True,True,True,,073301,False,False,False,False,Oral,LD50,75.0,>,censored,>75,G172,unique_PCCODE,47216001,0,0,-1
173,Spirodiclofen,124871,Insecticide,Tetronic acid,Insect Biosynthesis inhibitors,>196,>196,,,,,,,O=C2OC1(C(OC(C(CC)(C)C)=O)=C2C3=CC(Cl)=CC(Cl)=C3)CCCCC1,"InChI=1S/C21H24Cl2O4/c1-4-20(2,3)19(25)26-17-16(13-10-14(22)12-15(23)11-13)18(24)27-21(17)8-6-5-7-9-21/h10-12H,4-9H2,1-3H3",,CCC(C)(C)C(=O)OC1=C(c2cc(Cl)cc(Cl)c2)C(=O)OC12CCCCC2,OYNVHVAEOLJJPV-UHFFFAOYSA-N,OYNVHVAEOLJJPV,OYNVHVAEOLJJPV,1,resolved,resolved,False,OFT exact name,27bd4853-cc5e-4df4-8c07-a89b05823fac,Spirodiclofen,148477-71-8,,,,,False,False,False,148477-71-8,124871,True,False,True,False,Contact,LD50,196.0,>,censored,>196,F173,unique_PCCODE,45697017,0,0,0
173,Spirodiclofen,124871,Insecticide,Tetronic acid,Insect Biosynthesis inhibitors,>196,>196,,,,,,,O=C2OC1(C(OC(C(CC)(C)C)=O)=C2C3=CC(Cl)=CC(Cl)=C3)CCCCC1,"InChI=1S/C21H24Cl2O4/c1-4-20(2,3)19(25)26-17-16(13-10-14(22)12-15(23)11-13)18(24)27-21(17)8-6-5-7-9-21/h10-12H,4-9H2,1-3H3",,CCC(C)(C)C(=O)OC1=C(c2cc(Cl)cc(Cl)c2)C(=O)OC12CCCCC2,OYNVHVAEOLJJPV-UHFFFAOYSA-N,OYNVHVAEOLJJPV,OYNVHVAEOLJJPV,1,resolved,resolved,False,OFT exact name,27bd4853-cc5e-4df4-8c07-a89b05823fac,Spirodiclofen,148477-71-8,,,,,False,False,False,148477-71-8,124871,True,False,True,False,Oral,LD50,196.0,>,censored,>196,G173,unique_PCCODE,45697017,0,0,0
174,Spiromesifen,024875,Insecticide,Tetronic acid,Insect Biosynthesis inhibitors,>200,792.4,,>0.06,>0.07,0.07,,0.07,O=C(CC(C)(C)C)OC1=C(C3=C(C)C=C(C)C=C3C)C(OC21CCCC2)=O,"InChI=1S/C23H30O4/c1-14-11-15(2)18(16(3)12-14)19-20(26-17(24)13-22(4,5)6)23(27-21(19)25)9-7-8-10-23/h11-12H,7-10,13H2,1-6H3",,Cc1cc(C)c(C2=C(OC(=O)CC(C)(C)C)C3(CCCC3)OC2=O)c(C)c1,GOLXNESZZPUPJE-UHFFFAOYSA-N,GOLXNESZZPUPJE,GOLXNESZZPUPJE,1,resolved,resolved,False,OFT exact name,b5049cb1-cfa4-4830-a28a-4324e4480154,Spiromesifen,283594-90-1,,,,,True,True,True,283594-90-1,024875,True,False,True,False,Contact,LD50,200.0,>,censored,>200,F174,unique_PCCODE,45819718,0,0,0
174,Spiromesifen,024875,Insecticide,Tetronic acid,Insect Biosynthesis inhibitors,>200,792.4,,>0.06,>0.07,0.07,,0.07,O=C(CC(C)(C)C)OC1=C(C3=C(C)C=C(C)C=C3C)C(OC21CCCC2)=O,"InChI=1S/C23H30O4/c1-14-11-15(2)18(16(3)12-14)19-20(26-17(24)13-22(4,5)6)23(27-21(19)25)9-7-8-10-23/h11-12H,7-10,13H2,1-6H3",,Cc1cc(C)c(C2=C(OC(=O)CC(C)(C)C)C3(CCCC3)OC2=O)c(C)c1,GOLXNESZZPUPJE-UHFFFAOYSA-N,GOLXNESZZPUPJE,GOLXNESZZPUPJE,1,resolved,resolved,False,OFT exact name,b5049cb1-cfa4-4830-a28a-4324e4480154,Spiromesifen,283594-90-1,,,,,True,True,True,283594-90-1,024875,True,False,True,False,Oral,LD50,792.4,,exact,792.4,G174,unique_PCCODE,45819718,0,0,0
175,Spiroxamine,120759,Fungicide,Spiroketalamines,Fungi Biosynthesis inhibitors,4.22,>100,,,,,,,CCCN(CC)CC1COC2(O1)CCC(CC2)C(C)(C)C,"InChI=1S/C18H35NO2/c1-6-12-19(7-2)13-16-14-20-18(21-16)10-8-15(9-11-18)17(3,4)5/h15-16H,6-14H2,1-5H3",PUYXTUJWRLOUCW-UHFFFAOYSA-N,CCCN(CC)CC1COC2(CCC(C(C)(C)C)CC2)O1,PUYXTUJWRLOUCW-UHFFFAOYSA-N,PUYXTUJWRLOUCW,PUYXTUJWRLOUCW,1,resolved,resolved,False,PubChem name,"https://pubchem.ncbi.nlm.nih.gov/rest/pug/compound/name/Spiroxamine/property/InChIKey,InChI,IsomericSMILES/JSON",Spiroxamine,,86160.0,,,,True,True,True,,120759,False,False,False,False,Contact,LD50,4.22,,exact,4.22,F175,unique_PCCODE,45090316,0,1,1
175,Spiroxamine,120759,Fungicide,Spiroketalamines,Fungi Biosynthesis inhibitors,4.22,>100,,,,,,,CCCN(CC)CC1COC2(O1)CCC(CC2)C(C)(C)C,"InChI=1S/C18H35NO2/c1-6-12-19(7-2)13-16-14-20-18(21-16)10-8-15(9-11-18)17(3,4)5/h15-16H,6-14H2,1-5H3",PUYXTUJWRLOUCW-UHFFFAOYSA-N,CCCN(CC)CC1COC2(CCC(C(C)(C)C)CC2)O1,PUYXTUJWRLOUCW-UHFFFAOYSA-N,PUYXTUJWRLOUCW,PUYXTUJWRLOUCW,1,resolved,resolved,False,PubChem name,"https://pubchem.ncbi.nlm.nih.gov/rest/pug/compound/name/Spiroxamine/property/InChIKey,InChI,IsomericSMILES/JSON",Spiroxamine,,86160.0,,,,True,True,True,,120759,False,False,False,False,Oral,LD50,100.0,>,censored,>100,G175,unique_PCCODE,45090316,0,0,0
176,Sulfosulfuron,085601,Herbicide,Sulfonylureas,Plant Biosynthesis inhibitors,>25,>30,,,,,,,CCS(=O)(=O)C1=C(N2C=CC=CC2=N1)S(=O)(=O)NC(=O)NC3=NC(=CC(=N3)OC)OC,"InChI=1S/C16H18N6O7S2/c1-4-30(24,25)13-14(22-8-6-5-7-10(22)17-13)31(26,27)21-16(23)20-15-18-11(28-2)9-12(19-15)29-3/h5-9H,4H2,1-3H3,(H2,18,19,20,21,23)",,CCS(=O)(=O)c1nc2ccccn2c1S(=O)(=O)NC(=O)Nc1nc(OC)cc(OC)n1,RBSXHDIPCIWOMG-UHFFFAOYSA-N,RBSXHDIPCIWOMG,RBSXHDIPCIWOMG,1,resolved,resolved,False,OFT exact name,cf6f510a-19da-4431-980f-daf6032f9908,Sulfosulfuron,141776-32-1,,,,,True,True,True,141776-32-1,085601,True,False,True,False,Contact,LD50,25.0,>,censored,>25,F176,unique_PCCODE,44295788,0,0,-1
176,Sulfosulfuron,085601,Herbicide,Sulfonylureas,Plant Biosynthesis inhibitors,>25,>30,,,,,,,CCS(=O)(=O)C1=C(N2C=CC=CC2=N1)S(=O)(=O)NC(=O)NC3=NC(=CC(=N3)OC)OC,"InChI=1S/C16H18N6O7S2/c1-4-30(24,25)13-14(22-8-6-5-7-10(22)17-13)31(26,27)21-16(23)20-15-18-11(28-2)9-12(19-15)29-3/h5-9H,4H2,1-3H3,(H2,18,19,20,21,23)",,CCS(=O)(=O)c1nc2ccccn2c1S(=O)(=O)NC(=O)Nc1nc(OC)cc(OC)n1,RBSXHDIPCIWOMG-UHFFFAOYSA-N,RBSXHDIPCIWOMG,RBSXHDIPCIWOMG,1,resolved,resolved,False,OFT exact name,cf6f510a-19da-4431-980f-daf6032f9908,Sulfosulfuron,141776-32-1,,,,,True,True,True,141776-32-1,085601,True,False,True,False,Oral,LD50,30.0,>,censored,>30,G176,unique_PCCODE,44295789,0,0,-1
177,Sulfoxaflor,005210,Insecticide,Sulfoximine,Neurotoxicant,,0.146,0.00998,2.65,0.0494,0.4147,0.4147,0.212,CC(C1=CN=C(C=C1)C(F)(F)F)S(=NC#N)(=O)C,"InChI=1S/C10H10F3N3OS/c1-7(18(2,17)16-6-14)8-3-4-9(15-5-8)10(11,12)13/h3-5,7H,1-2H3",ZVQOOHYFBIDMTQ-UHFFFAOYSA-N,CC(c1ccc(C(F)(F)F)nc1)S(C)(=O)=NC#N,ZVQOOHYFBIDMTQ-UHFFFAOYSA-N,ZVQOOHYFBIDMTQ,ZVQOOHYFBIDMTQ,1,resolved,resolved,False,PubChem name,"https://pubchem.ncbi.nlm.nih.gov/rest/pug/compound/name/Sulfoxaflor/property/InChIKey,InChI,IsomericSMILES/JSON",Sulfoxaflor,,16723172.0,,,,True,True,True,,005210,False,False,False,False,Oral,LD50,0.146,,exact,0.146,G177,unique_PCCODE,47832103,1,1,1
179,Tefluthrin,128912,Insecticide,Pyrethroid,Neurotoxicant,0.17,1.74,,,,,,,O=C(OCC2=C(F)C(F)=C(C)C(F)=C2F)C1C(C)(C)C1/C=C(Cl)/C(F)(F)F,"InChI=1S/C17H14ClF7O2/c1-6-11(19)13(21)7(14(22)12(6)20)5-27-15(26)10-8(16(10,2)3)4-9(18)17(23,24)25/h4,8,10H,5H2,1-3H3/b9-4-",,Cc1c(F)c(F)c(COC(=O)C2C(/C=C(\Cl)C(F)(F)F)C2(C)C)c(F)c1F,ZFHGXWPMULPQSE-WTKPLQERSA-N,ZFHGXWPMULPQSE,ZFHGXWPMULPQSE,1,resolved,resolved,False,OFT exact name,a3eda6ce-bfef-4db3-961e-67e4b0cc4c3b,Tefluthrin,79538-32-2,,,,,False,True,True,79538-32-2,128912,True,False,True,False,Contact,LD50,0.17,,exact,0.17,F179,unique_PCCODE,49200903,1,1,1
179,Tefluthrin,128912,Insecticide,Pyrethroid,Neurotoxicant,0.17,1.74,,,,,,,O=C(OCC2=C(F)C(F)=C(C)C(F)=C2F)C1C(C)(C)C1/C=C(Cl)/C(F)(F)F,"InChI=1S/C17H14ClF7O2/c1-6-11(19)13(21)7(14(22)12(6)20)5-27-15(26)10-8(16(10,2)3)4-9(18)17(23,24)25/h4,8,10H,5H2,1-3H3/b9-4-",,Cc1c(F)c(F)c(COC(=O)C2C(/C=C(\Cl)C(F)(F)F)C2(C)C)c(F)c1F,ZFHGXWPMULPQSE-WTKPLQERSA-N,ZFHGXWPMULPQSE,ZFHGXWPMULPQSE,1,resolved,resolved,False,OFT exact name,a3eda6ce-bfef-4db3-961e-67e4b0cc4c3b,Tefluthrin,79538-32-2,,,,,False,True,True,79538-32-2,128912,True,False,True,False,Oral,LD50,1.74,,exact,1.74,G179,unique_PCCODE,49200903,0,1,1
181,Tetraniliprole,090097,Insecticide,Diamide,Neurotoxicant,1.249,0.0103,,0.013,0.0046,0.0027,,0.00088,CC1=CC(=CC(=C1NC(=O)C2=CC(=NN2C3=C(C=CC=N3)Cl)CN4N=C(N=N4)C(F)(F)F)C(=O)NC)C#N,"InChI=1S/C22H16ClF3N10O2/c1-11-6-12(9-27)7-14(19(37)28-2)17(11)30-20(38)16-8-13(10-35-33-21(31-34-35)22(24,25)26)32-36(16)18-15(23)4-3-5-29-18/h3-8H,10H2,1-2H3,(H,28,37)(H,30,38)",KNDVJPKNBVIKML-UHFFFAOYSA-N,CNC(=O)c1cc(C#N)cc(C)c1NC(=O)c1cc(Cn2nnc(C(F)(F)F)n2)nn1-c1ncccc1Cl,KNDVJPKNBVIKML-UHFFFAOYSA-N,KNDVJPKNBVIKML,KNDVJPKNBVIKML,1,resolved,resolved,False,PubChem name,"https://pubchem.ncbi.nlm.nih.gov/rest/pug/compound/name/Tetraniliprole/property/InChIKey,InChI,IsomericSMILES/JSON",Tetraniliprole,,56602311.0,,,,True,True,True,,090097,False,False,False,False,Contact,LD50,1.249,,exact,1.249,F181,unique_PCCODE,50170135,0,1,1
181,Tetraniliprole,090097,Insecticide,Diamide,Neurotoxicant,1.249,0.0103,,0.013,0.0046,0.0027,,0.00088,CC1=CC(=CC(=C1NC(=O)C2=CC(=NN2C3=C(C=CC=N3)Cl)CN4N=C(N=N4)C(F)(F)F)C(=O)NC)C#N,"InChI=1S/C22H16ClF3N10O2/c1-11-6-12(9-27)7-14(19(37)28-2)17(11)30-20(38)16-8-13(10-35-33-21(31-34-35)22(24,25)26)32-36(16)18-15(23)4-3-5-29-18/h3-8H,10H2,1-2H3,(H,28,37)(H,30,38)",KNDVJPKNBVIKML-UHFFFAOYSA-N,CNC(=O)c1cc(C#N)cc(C)c1NC(=O)c1cc(Cn2nnc(C(F)(F)F)n2)nn1-c1ncccc1Cl,KNDVJPKNBVIKML-UHFFFAOYSA-N,KNDVJPKNBVIKML,KNDVJPKNBVIKML,1,resolved,resolved,False,PubChem name,"https://pubchem.ncbi.nlm.nih.gov/rest/pug/compound/name/Tetraniliprole/property/InChIKey,InChI,IsomericSMILES/JSON",Tetraniliprole,,56602311.0,,,,True,True,True,,090097,False,False,False,False,Oral,LD50,0.0103,,exact,0.0103,G181,unique_PCCODE,50170135,1,1,1
182,Thiabendazole,060101,Fungicide,Benzimidazole,Fungi Biosynthesis inhibitors,>34,>4,2.57,>7.26,>0.98,0.98,0.98,0.98,C1=CC=C2C(=C1)NC(=N2)C3=CSC=N3,"InChI=1S/C10H7N3S/c1-2-4-8-7(3-1)12-10(13-8)9-5-14-6-11-9/h1-6H,(H,12,13)",,c1ccc2[nH]c(-c3cscn3)nc2c1,WJCNZQLZVWNLKY-UHFFFAOYSA-N,WJCNZQLZVWNLKY,WJCNZQLZVWNLKY,1,resolved,resolved,False,OFT exact name,d81ff768-9f8a-4f6e-9c0f-d23eadb5081e,Thiabendazole,148-79-8,,,,,True,True,True,148-79-8,060101,True,False,True,False,Contact,LD50,34.0,>,censored,>34,F182,unique_PCCODE,48996305,0,0,-1
182,Thiabendazole,060101,Fungicide,Benzimidazole,Fungi Biosynthesis inhibitors,>34,>4,2.57,>7.26,>0.98,0.98,0.98,0.98,C1=CC=C2C(=C1)NC(=N2)C3=CSC=N3,"InChI=1S/C10H7N3S/c1-2-4-8-7(3-1)12-10(13-8)9-5-14-6-11-9/h1-6H,(H,12,13)",,c1ccc2[nH]c(-c3cscn3)nc2c1,WJCNZQLZVWNLKY-UHFFFAOYSA-N,WJCNZQLZVWNLKY,WJCNZQLZVWNLKY,1,resolved,resolved,False,OFT exact name,d81ff768-9f8a-4f6e-9c0f-d23eadb5081e,Thiabendazole,148-79-8,,,,,True,True,True,148-79-8,060101,True,False,True,False,Oral,LD50,4.0,>,censored,>4,G182,unique_PCCODE,48996305,0,-1,-1
183,Thiacloprid,014019,Insecticide,Neonicotinoids,Neurotoxicant,37.83,17.94,,,,,,,C1CSC(=NC#N)N1CC2=CN=C(C=C2)Cl,"InChI=1S/C10H9ClN4S/c11-9-2-1-8(5-13-9)6-15-3-4-16-10(15)14-7-12/h1-2,5H,3-4,6H2",,N#CN=C1SCCN1Cc1ccc(Cl)nc1,HOKKPVIRMVDYPB-UHFFFAOYSA-N,HOKKPVIRMVDYPB,HOKKPVIRMVDYPB,1,resolved,resolved,False,OFT exact name,327aa586-8594-4d73-8272-7d1ac0ee4707,Thiacloprid,111988-49-9,,,,,True,True,True,111988-49-9,014019,True,False,True,False,Contact,LD50,37.83,,exact,37.83,F183,unique_PCCODE,45159306,0,0,1
183,Thiacloprid,014019,Insecticide,Neonicotinoids,Neurotoxicant,37.83,17.94,,,,,,,C1CSC(=NC#N)N1CC2=CN=C(C=C2)Cl,"InChI=1S/C10H9ClN4S/c11-9-2-1-8(5-13-9)6-15-3-4-16-10(15)14-7-12/h1-2,5H,3-4,6H2",,N#CN=C1SCCN1Cc1ccc(Cl)nc1,HOKKPVIRMVDYPB-UHFFFAOYSA-N,HOKKPVIRMVDYPB,HOKKPVIRMVDYPB,1,resolved,resolved,False,OFT exact name,327aa586-8594-4d73-8272-7d1ac0ee4707,Thiacloprid,111988-49-9,,,,,True,True,True,111988-49-9,014019,True,False,True,False,Oral,LD50,17.94,,exact,17.94,G183,unique_PCCODE,45159306,0,0,1
184,Thiamethoxam,060109,Insecticide,Neonicotinoids,Neurotoxicant,0.024,0.005,0.00251,,0.78,0.004,0.028,0.004,CN\1COCN(/C1=N/[N+](=O)[O-])CC2=CN=C(S2)Cl,"InChI=1S/C8H10ClN5O3S/c1-12-4-17-5-13(8(12)11-14(15)16)3-6-2-10-7(9)18-6/h2H,3-5H2,1H3/b11-8+",,CN1COCN(Cc2cnc(Cl)s2)/C1=N/[N+](=O)[O-],NWWZPOKUUAIXIW-DHZHZOJOSA-N,NWWZPOKUUAIXIW,NWWZPOKUUAIXIW,1,resolved,resolved,False,OFT exact name,e63cc611-77aa-46b3-a39c-2d7cda4986b6,Thiamethoxam,153719-23-4,,,,,False,True,True,153719-23-4,060109,True,False,True,False,Contact,LD50,0.024,,exact,0.024,F184,unique_PCCODE,44714927,1,1,1
184,Thiamethoxam,060109,Insecticide,Neonicotinoids,Neurotoxicant,0.024,0.005,0.00251,,0.78,0.004,0.028,0.004,CN\1COCN(/C1=N/[N+](=O)[O-])CC2=CN=C(S2)Cl,"InChI=1S/C8H10ClN5O3S/c1-12-4-17-5-13(8(12)11-14(15)16)3-6-2-10-7(9)18-6/h2H,3-5H2,1H3/b11-8+",,CN1COCN(Cc2cnc(Cl)s2)/C1=N/[N+](=O)[O-],NWWZPOKUUAIXIW-DHZHZOJOSA-N,NWWZPOKUUAIXIW,NWWZPOKUUAIXIW,1,resolved,resolved,False,OFT exact name,e63cc611-77aa-46b3-a39c-2d7cda4986b6,Thiamethoxam,153719-23-4,,,,,False,True,True,153719-23-4,060109,True,False,True,False,Oral,LD50,0.005,,exact,0.005,G184,unique_PCCODE,44714927,1,1,1
185,Thidiazuron,120301,Herbicide,Thiadiazolylurea,Plant Growth Regulator,>100,>105.25,,,,,,,C1=CC=C(C=C1)NC(=O)NC2=CN=NS2,"InChI=1S/C9H8N4OS/c14-9(12-8-6-10-13-15-8)11-7-4-2-1-3-5-7/h1-6H,(H2,11,12,14)",,O=C(Nc1ccccc1)Nc1cnns1,HFCYZXMHUIHAQI-UHFFFAOYSA-N,HFCYZXMHUIHAQI,HFCYZXMHUIHAQI,1,resolved,resolved,False,OFT exact name,5e426034-4b17-4601-a25d-7ba15cadf714,Thidiazuron,51707-55-2,,,,,True,True,True,51707-55-2,120301,True,False,True,False,Contact,LD50,100.0,>,censored,>100,F185,unique_PCCODE,46203501,0,0,0
185,Thidiazuron,120301,Herbicide,Thiadiazolylurea,Plant Growth Regulator,>100,>105.25,,,,,,,C1=CC=C(C=C1)NC(=O)NC2=CN=NS2,"InChI=1S/C9H8N4OS/c14-9(12-8-6-10-13-15-8)11-7-4-2-1-3-5-7/h1-6H,(H2,11,12,14)",,O=C(Nc1ccccc1)Nc1cnns1,HFCYZXMHUIHAQI-UHFFFAOYSA-N,HFCYZXMHUIHAQI,HFCYZXMHUIHAQI,1,resolved,resolved,False,OFT exact name,5e426034-4b17-4601-a25d-7ba15cadf714,Thidiazuron,51707-55-2,,,,,True,True,True,51707-55-2,120301,True,False,True,False,Oral,LD50,105.25,>,censored,>105.25,G185,unique_PCCODE,46203501,0,0,0
186,Thiobencarb,108401,Herbicide,Thiocarbamate,Plant Biosynthesis inhibitors,>100,>100,,,,,,,CCN(CC)C(=O)SCC1=CC=C(C=C1)Cl,"InChI=1S/C12H16ClNOS/c1-3-14(4-2)12(15)16-9-10-5-7-11(13)8-6-10/h5-8H,3-4,9H2,1-2H3",,CCN(CC)C(=O)SCc1ccc(Cl)cc1,QHTQREMOGMZHJV-UHFFFAOYSA-N,QHTQREMOGMZHJV,QHTQREMOGMZHJV,1,resolved,resolved,False,OFT exact name,7bdfa78e-ece6-43d9-b96b-c740c98c71c8,Thiobencarb,28249-77-6,,,,,True,True,True,28249-77-6,108401,True,False,True,False,Contact,LD50,100.0,>,censored,>100,F186,unique_PCCODE,46059804,0,0,0
186,Thiobencarb,108401,Herbicide,Thiocarbamate,Plant Biosynthesis inhibitors,>100,>100,,,,,,,CCN(CC)C(=O)SCC1=CC=C(C=C1)Cl,"InChI=1S/C12H16ClNOS/c1-3-14(4-2)12(15)16-9-10-5-7-11(13)8-6-10/h5-8H,3-4,9H2,1-2H3",,CCN(CC)C(=O)SCc1ccc(Cl)cc1,QHTQREMOGMZHJV-UHFFFAOYSA-N,QHTQREMOGMZHJV,QHTQREMOGMZHJV,1,resolved,resolved,False,OFT exact name,7bdfa78e-ece6-43d9-b96b-c740c98c71c8,Thiobencarb,28249-77-6,,,,,True,True,True,28249-77-6,108401,True,False,True,False,Oral,LD50,100.0,>,censored,>100,G186,unique_PCCODE,46059804,0,0,0
187,Thiodicarb,114501,Insecticide,Carbamate,Neurotoxicant,2.11,0.13,,,,,,,CC(=NOC(=O)N(C)SN(C)C(=O)ON=C(C)SC)SC,InChI=1S/C10H18N4O4S3/c1-7(19-5)11-17-9(15)13(3)21-14(4)10(16)18-12-8(2)20-6/h1-6H3,,CSC(C)=NOC(=O)N(C)SN(C)C(=O)ON=C(C)SC,XDOTVMNBCQVZKG-UHFFFAOYSA-N,XDOTVMNBCQVZKG,XDOTVMNBCQVZKG,1,resolved,resolved,False,OFT exact name,24e08315-b0b6-42ce-a2a5-ec5af7e9e0ff,Thiodicarb,59669-26-0,,,,,True,True,True,59669-26-0,114501,True,False,True,False,Contact,LD50,2.11,,exact,2.11,F187,unique_PCCODE,42528501,0,1,1
187,Thiodicarb,114501,Insecticide,Carbamate,Neurotoxicant,2.11,0.13,,,,,,,CC(=NOC(=O)N(C)SN(C)C(=O)ON=C(C)SC)SC,InChI=1S/C10H18N4O4S3/c1-7(19-5)11-17-9(15)13(3)21-14(4)10(16)18-12-8(2)20-6/h1-6H3,,CSC(C)=NOC(=O)N(C)SN(C)C(=O)ON=C(C)SC,XDOTVMNBCQVZKG-UHFFFAOYSA-N,XDOTVMNBCQVZKG,XDOTVMNBCQVZKG,1,resolved,resolved,False,OFT exact name,24e08315-b0b6-42ce-a2a5-ec5af7e9e0ff,Thiodicarb,59669-26-0,,,,,True,True,True,59669-26-0,114501,True,False,True,False,Oral,LD50,0.13,,exact,0.13,G187,unique_PCCODE,48548503,1,1,1
188,Thiophanate-methyl,102001,Fungicide,Benzimidazole,Fungi Biosynthesis inhibitors,,>88,47.29,52,>4.16,4.16,,4.16,COC(=O)NC(=S)NC1=CC=CC=C1NC(=S)NC(=O)OC,"InChI=1/C12H14N4O4S2/c1-19-11(17)15-9(21)13-7-5-3-4-6-8(7)14-10(22)16-12(18)20-2/h3-6H,1-2H3,(H2,13,15,17,21)(H2,14,16,18,22)",,COC(=O)NC(=S)Nc1ccccc1NC(=S)NC(=O)OC,QGHREAKMXXNCOA-UHFFFAOYSA-N,QGHREAKMXXNCOA,QGHREAKMXXNCOA,1,resolved,resolved,False,OFT exact name,5e1abe84-579f-4d13-beda-ee3d89b10cb4,Thiophanate-methyl,23564-05-8,,,,,True,True,True,23564-05-8,102001,True,False,True,False,Oral,LD50,88.0,>,censored,>88,G188,unique_PCCODE,50438606,0,0,-1
190,Tioxazafen,074752,Nematicide,Phenyl oxadiazole,MOA Unknown,>100,>0.41,,,,,,,C1=CC=C(C=C1)C2=NOC(=N2)C3=CC=CS3,InChI=1S/C12H8N2OS/c1-2-5-9(6-3-1)11-13-12(15-14-11)10-7-4-8-16-10/h1-8H,IHNSIFFSNUQGQN-UHFFFAOYSA-N,c1ccc(-c2noc(-c3cccs3)n2)cc1,IHNSIFFSNUQGQN-UHFFFAOYSA-N,IHNSIFFSNUQGQN,IHNSIFFSNUQGQN,1,resolved,resolved,False,PubChem name,"https://pubchem.ncbi.nlm.nih.gov/rest/pug/compound/name/Tioxazafen/property/InChIKey,InChI,IsomericSMILES/JSON",Tioxazafen,,695679.0,,,,True,True,True,,074752,False,False,False,False,Contact,LD50,100.0,>,censored,>100,F190,unique_PCCODE,49066909,0,0,0
190,Tioxazafen,074752,Nematicide,Phenyl oxadiazole,MOA Unknown,>100,>0.41,,,,,,,C1=CC=C(C=C1)C2=NOC(=N2)C3=CC=CS3,InChI=1S/C12H8N2OS/c1-2-5-9(6-3-1)11-13-12(15-14-11)10-7-4-8-16-10/h1-8H,IHNSIFFSNUQGQN-UHFFFAOYSA-N,c1ccc(-c2noc(-c3cccs3)n2)cc1,IHNSIFFSNUQGQN-UHFFFAOYSA-N,IHNSIFFSNUQGQN,IHNSIFFSNUQGQN,1,resolved,resolved,False,PubChem name,"https://pubchem.ncbi.nlm.nih.gov/rest/pug/compound/name/Tioxazafen/property/InChIKey,InChI,IsomericSMILES/JSON",Tioxazafen,,695679.0,,,,True,True,True,,074752,False,False,False,False,Oral,LD50,0.41,>,censored,>0.41,G190,unique_PCCODE,49304243,-1,-1,-1
191,Tolfenpyrad,090111,Insecticide,Pyrazole,Respiration Inhibitors/Regulators,0.47,0.63,0.075,0.044,0.014,0.013,0.0275,0.013,CCC1=NN(C(=C1Cl)C(=O)NCC2=CC=C(C=C2)OC3=CC=C(C=C3)C)C,"InChI=1S/C21H22ClN3O2/c1-4-18-19(22)20(25(3)24-18)21(26)23-13-15-7-11-17(12-8-15)27-16-9-5-14(2)6-10-16/h5-12H,4,13H2,1-3H3,(H,23,26)",WPALTCMYPARVNV-UHFFFAOYSA-N,CCc1nn(C)c(C(=O)NCc2ccc(Oc3ccc(C)cc3)cc2)c1Cl,WPALTCMYPARVNV-UHFFFAOYSA-N,WPALTCMYPARVNV,WPALTCMYPARVNV,1,resolved,resolved,False,PubChem name,"https://pubchem.ncbi.nlm.nih.gov/rest/pug/compound/name/Tolfenpyrad/property/InChIKey,InChI,IsomericSMILES/JSON",Tolfenpyrad,,10110536.0,,,,True,True,True,,090111,False,False,False,False,Contact,LD50,0.47,,exact,0.47,F191,unique_PCCODE,48250432,1,1,1
191,Tolfenpyrad,090111,Insecticide,Pyrazole,Respiration Inhibitors/Regulators,0.47,0.63,0.075,0.044,0.014,0.013,0.0275,0.013,CCC1=NN(C(=C1Cl)C(=O)NCC2=CC=C(C=C2)OC3=CC=C(C=C3)C)C,"InChI=1S/C21H22ClN3O2/c1-4-18-19(22)20(25(3)24-18)21(26)23-13-15-7-11-17(12-8-15)27-16-9-5-14(2)6-10-16/h5-12H,4,13H2,1-3H3,(H,23,26)",WPALTCMYPARVNV-UHFFFAOYSA-N,CCc1nn(C)c(C(=O)NCc2ccc(Oc3ccc(C)cc3)cc2)c1Cl,WPALTCMYPARVNV-UHFFFAOYSA-N,WPALTCMYPARVNV,WPALTCMYPARVNV,1,resolved,resolved,False,PubChem name,"https://pubchem.ncbi.nlm.nih.gov/rest/pug/compound/name/Tolfenpyrad/property/InChIKey,InChI,IsomericSMILES/JSON",Tolfenpyrad,,10110536.0,,,,True,True,True,,090111,False,False,False,False,Oral,LD50,0.63,,exact,0.63,G191,unique_PCCODE,48250432,1,1,1
193,Topramezone,123009,Herbicide,Triketones,Pigment Synthesis,>100,,,,62.8,27.7,13.8,6.46,CC1=C(C=CC(=C1C2=NOCC2)S(=O)(=O)C)C(=O)C3=CNN(C3=O)C,"InChI=1S/C16H17N3O5S/c1-9-10(15(20)11-8-17-19(2)16(11)21)4-5-13(25(3,22)23)14(9)12-6-7-24-18-12/h4-5,8,17H,6-7H2,1-3H3",,Cc1c(C(=O)c2c[nH]n(C)c2=O)ccc(S(C)(=O)=O)c1C1=NOCC1,BPPVUXSMLBXYGG-UHFFFAOYSA-N,BPPVUXSMLBXYGG,BPPVUXSMLBXYGG,1,resolved,resolved,False,OFT exact name,7f441f43-8a8d-46a8-9996-b459106f0513,Topramezone,210631-68-8,,,,,True,True,True,210631-68-8,123009,True,False,True,False,Contact,LD50,100.0,>,censored,>100,F193,unique_PCCODE,45902325,0,0,0
194,Transfluthrin,129140,Insecticide,Pyrethroid,Neurotoxicant,0.0239,>0.5,,,,,,,CC1([C@@H]([C@H]1C(=O)OCC2=C(C(=CC(=C2F)F)F)F)C=C(Cl)Cl)C,"InChI=1S/C15H12Cl2F4O2/c1-15(2)7(3-10(16)17)11(15)14(22)23-5-6-12(20)8(18)4-9(19)13(6)21/h3-4,7,11H,5H2,1-2H3/t7-,11+/m1/s1",DDVNRFNDOPPVQJ-HQJQHLMTSA-N,CC1(C)[C@H](C=C(Cl)Cl)[C@H]1C(=O)OCc1c(F)c(F)cc(F)c1F,DDVNRFNDOPPVQJ-HQJQHLMTSA-N,DDVNRFNDOPPVQJ,DDVNRFNDOPPVQJ,1,resolved,resolved,False,PubChem name,"https://pubchem.ncbi.nlm.nih.gov/rest/pug/compound/name/Transfluthrin/property/InChIKey,InChI,IsomericSMILES/JSON",Transfluthrin,,656612.0,,,,False,True,True,,129140,False,False,False,False,Contact,LD50,0.0239,,exact,0.0239,F194,unique_PCCODE,49617841,1,1,1
194,Transfluthrin,129140,Insecticide,Pyrethroid,Neurotoxicant,0.0239,>0.5,,,,,,,CC1([C@@H]([C@H]1C(=O)OCC2=C(C(=CC(=C2F)F)F)F)C=C(Cl)Cl)C,"InChI=1S/C15H12Cl2F4O2/c1-15(2)7(3-10(16)17)11(15)14(22)23-5-6-12(20)8(18)4-9(19)13(6)21/h3-4,7,11H,5H2,1-2H3/t7-,11+/m1/s1",DDVNRFNDOPPVQJ-HQJQHLMTSA-N,CC1(C)[C@H](C=C(Cl)Cl)[C@H]1C(=O)OCc1c(F)c(F)cc(F)c1F,DDVNRFNDOPPVQJ-HQJQHLMTSA-N,DDVNRFNDOPPVQJ,DDVNRFNDOPPVQJ,1,resolved,resolved,False,PubChem name,"https://pubchem.ncbi.nlm.nih.gov/rest/pug/compound/name/Transfluthrin/property/InChIKey,InChI,IsomericSMILES/JSON",Transfluthrin,,656612.0,,,,False,True,True,,129140,False,False,False,False,Oral,LD50,0.5,>,censored,>0.5,G194,unique_PCCODE,49617844,-1,-1,-1
195,Triadimenol,127201,Fungicide,Triazoles,Fungi Biosynthesis inhibitors,>200,>224.8,,,,,,,OC(C(C)(C)C)C(N2N=CN=C2)OC1=CC=C(Cl)C=C1,"InChI=1S/C14H18ClN3O2/c1-14(2,3)12(19)13(18-9-16-8-17-18)20-11-6-4-10(15)5-7-11/h4-9,12-13,19H,1-3H3",,CC(C)(C)C(O)C(Oc1ccc(Cl)cc1)n1cncn1,BAZVSMNPJJMILC-UHFFFAOYSA-N,BAZVSMNPJJMILC,BAZVSMNPJJMILC,1,resolved,resolved,False,OFT exact name,67d76cac-f18f-4968-bad1-11cb313befa7,Triadimenol,55219-65-3,,,,,True,True,True,55219-65-3,127201,True,False,True,False,Contact,LD50,200.0,>,censored,>200,F195,unique_PCCODE,46736703,0,0,0
195,Triadimenol,127201,Fungicide,Triazoles,Fungi Biosynthesis inhibitors,>200,>224.8,,,,,,,OC(C(C)(C)C)C(N2N=CN=C2)OC1=CC=C(Cl)C=C1,"InChI=1S/C14H18ClN3O2/c1-14(2,3)12(19)13(18-9-16-8-17-18)20-11-6-4-10(15)5-7-11/h4-9,12-13,19H,1-3H3",,CC(C)(C)C(O)C(Oc1ccc(Cl)cc1)n1cncn1,BAZVSMNPJJMILC-UHFFFAOYSA-N,BAZVSMNPJJMILC,BAZVSMNPJJMILC,1,resolved,resolved,False,OFT exact name,67d76cac-f18f-4968-bad1-11cb313befa7,Triadimenol,55219-65-3,,,,,True,True,True,55219-65-3,127201,True,False,True,False,Oral,LD50,224.8,>,censored,>224.8,G195,unique_PCCODE,46736703,0,0,0
196,Triclopyr,116001,Herbicide,Pyridine carboxylic acids,Plant Growth Regulator,>100,>99,22.3,,22,3.6,0.58,1.5,Clc1cc(Cl)c(Cl)nc1OCC(=O)O,"InChI=1S/C7H4Cl3NO3/c8-3-1-4(9)7(11-6(3)10)14-2-5(12)13/h1H,2H2,(H,12,13)",,O=C(O)COc1nc(Cl)c(Cl)cc1Cl,REEQLXCGVXDJSQ-UHFFFAOYSA-N,REEQLXCGVXDJSQ,REEQLXCGVXDJSQ,1,resolved,resolved,False,OFT exact name,fda62c90-57df-4d94-bdf5-d5afcf5e714c,Triclopyr,55335-06-3,,,,,True,True,True,55335-06-3,116001,True,False,True,False,Contact,LD50,100.0,>,censored,>100,F196,unique_PCCODE,40356602,0,0,0
196,Triclopyr,116001,Herbicide,Pyridine carboxylic acids,Plant Growth Regulator,>100,>99,22.3,,22,3.6,0.58,1.5,Clc1cc(Cl)c(Cl)nc1OCC(=O)O,"InChI=1S/C7H4Cl3NO3/c8-3-1-4(9)7(11-6(3)10)14-2-5(12)13/h1H,2H2,(H,12,13)",,O=C(O)COc1nc(Cl)c(Cl)cc1Cl,REEQLXCGVXDJSQ-UHFFFAOYSA-N,REEQLXCGVXDJSQ,REEQLXCGVXDJSQ,1,resolved,resolved,False,OFT exact name,fda62c90-57df-4d94-bdf5-d5afcf5e714c,Triclopyr,55335-06-3,,,,,True,True,True,55335-06-3,116001,True,False,True,False,Oral,LD50,99.0,>,censored,>99,G196,unique_PCCODE,49992409,0,0,-1
197,Trifloxystrobin,129112,Fungicide,Strobilurin-Methoxyiminoacetate,Respiration Inhibitors/Regulators,>200,>200,,,,,,,CC(C1=CC(C(F)(F)F)=CC=C1)=NOCC2=C(C(C(OC)=O)=NOC)C=CC=C2,"InChI=1S/C20H19F3N2O4/c1-13(14-8-6-9-16(11-14)20(21,22)23)24-29-12-15-7-4-5-10-17(15)18(25-28-3)19(26)27-2/h4-11H,12H2,1-3H3",,CON=C(C(=O)OC)c1ccccc1CON=C(C)c1cccc(C(F)(F)F)c1,ONCZDRURRATYFI-UHFFFAOYSA-N,ONCZDRURRATYFI,ONCZDRURRATYFI,1,resolved,resolved,False,OFT exact name,f4f755e7-6aab-4238-80a3-29ee50c51f1d,Trifloxystrobin,141517-21-7,,,,,True,True,True,141517-21-7,129112,True,False,True,False,Contact,LD50,200.0,>,censored,>200,F197,unique_PCCODE,44496726,0,0,0
197,Trifloxystrobin,129112,Fungicide,Strobilurin-Methoxyiminoacetate,Respiration Inhibitors/Regulators,>200,>200,,,,,,,CC(C1=CC(C(F)(F)F)=CC=C1)=NOCC2=C(C(C(OC)=O)=NOC)C=CC=C2,"InChI=1S/C20H19F3N2O4/c1-13(14-8-6-9-16(11-14)20(21,22)23)24-29-12-15-7-4-5-10-17(15)18(25-28-3)19(26)27-2/h4-11H,12H2,1-3H3",,CON=C(C(=O)OC)c1ccccc1CON=C(C)c1cccc(C(F)(F)F)c1,ONCZDRURRATYFI-UHFFFAOYSA-N,ONCZDRURRATYFI,ONCZDRURRATYFI,1,resolved,resolved,False,OFT exact name,f4f755e7-6aab-4238-80a3-29ee50c51f1d,Trifloxystrobin,141517-21-7,,,,,True,True,True,141517-21-7,129112,True,False,True,False,Oral,LD50,200.0,>,censored,>200,G197,unique_PCCODE,44496726,0,0,0
198,Triforine,107901,Fungicide,Piperazine,Fungi Biosynthesis inhibitors,>100,>100,,,,,,,C1CN(CCN1C(C(Cl)(Cl)Cl)NC=O)C(C(Cl)(Cl)Cl)NC=O,"InChI=1S/C10H14Cl6N4O2/c11-9(12,13)7(17-5-21)19-1-2-20(4-3-19)8(18-6-22)10(14,15)16/h5-8H,1-4H2,(H,17,21)(H,18,22)",RROQIUMZODEXOR-UHFFFAOYSA-N,O=CNC(N1CCN(C(NC=O)C(Cl)(Cl)Cl)CC1)C(Cl)(Cl)Cl,RROQIUMZODEXOR-UHFFFAOYSA-N,RROQIUMZODEXOR,RROQIUMZODEXOR,1,resolved,resolved,False,PubChem name,"https://pubchem.ncbi.nlm.nih.gov/rest/pug/compound/name/Triforine/property/InChIKey,InChI,IsomericSMILES/JSON",Triforine,,33565.0,,,,True,True,True,,107901,False,False,False,False,Contact,LD50,100.0,>,censored,>100,F198,unique_PCCODE,42453101,0,0,0
198,Triforine,107901,Fungicide,Piperazine,Fungi Biosynthesis inhibitors,>100,>100,,,,,,,C1CN(CCN1C(C(Cl)(Cl)Cl)NC=O)C(C(Cl)(Cl)Cl)NC=O,"InChI=1S/C10H14Cl6N4O2/c11-9(12,13)7(17-5-21)19-1-2-20(4-3-19)8(18-6-22)10(14,15)16/h5-8H,1-4H2,(H,17,21)(H,18,22)",RROQIUMZODEXOR-UHFFFAOYSA-N,O=CNC(N1CCN(C(NC=O)C(Cl)(Cl)Cl)CC1)C(Cl)(Cl)Cl,RROQIUMZODEXOR-UHFFFAOYSA-N,RROQIUMZODEXOR,RROQIUMZODEXOR,1,resolved,resolved,False,PubChem name,"https://pubchem.ncbi.nlm.nih.gov/rest/pug/compound/name/Triforine/property/InChIKey,InChI,IsomericSMILES/JSON",Triforine,,33565.0,,,,True,True,True,,107901,False,False,False,False,Oral,LD50,100.0,>,censored,>100,G198,unique_PCCODE,42453101,0,0,0
199,Trinexapac-ethyl,112602,Herbicide,Cyclohexanecarboxylate derivative,Plant Growth Regulator,47,>193.6,,,,,,,CCOC(=O)C1CC(=O)C(=C(C2CC2)O)C(=O)C1,"InChI=1S/C13H16O5/c1-2-18-13(17)8-5-9(14)11(10(15)6-8)12(16)7-3-4-7/h7-8,16H,2-6H2,1H3",,CCOC(=O)C1CC(=O)C(=C(O)C2CC2)C(=O)C1,RVKCCVTVZORVGD-UHFFFAOYSA-N,RVKCCVTVZORVGD,RVKCCVTVZORVGD,1,resolved,resolved,False,OFT exact name,98b9e051-2ed8-4a1d-84c7-eccfc8e8b531,Trinexapac-ethyl,95266-40-3,,,,,True,True,True,95266-40-3,112602,True,False,True,False,Contact,LD50,47.0,,exact,47,F199,unique_PCCODE,41563928,0,0,1
199,Trinexapac-ethyl,112602,Herbicide,Cyclohexanecarboxylate derivative,Plant Growth Regulator,47,>193.6,,,,,,,CCOC(=O)C1CC(=O)C(=C(C2CC2)O)C(=O)C1,"InChI=1S/C13H16O5/c1-2-18-13(17)8-5-9(14)11(10(15)6-8)12(16)7-3-4-7/h7-8,16H,2-6H2,1H3",,CCOC(=O)C1CC(=O)C(=C(O)C2CC2)C(=O)C1,RVKCCVTVZORVGD-UHFFFAOYSA-N,RVKCCVTVZORVGD,RVKCCVTVZORVGD,1,resolved,resolved,False,OFT exact name,98b9e051-2ed8-4a1d-84c7-eccfc8e8b531,Trinexapac-ethyl,95266-40-3,,,,,True,True,True,95266-40-3,112602,True,False,True,False,Oral,LD50,193.6,>,censored,>193.6,G199,unique_PCCODE,49263401,0,0,0
200,Triticonazole,125620,Fungicide,Triazoles,Fungi Biosynthesis inhibitors,>24,,16.6,,7.3,2,2.1,2.1,CC1(CCC(=CC2=CC=C(C=C2)Cl)C1(CN3C=NC=N3)O)C,"InChI=1S/C17H20ClN3O/c1-16(2)8-7-14(9-13-3-5-15(18)6-4-13)17(16,22)10-21-12-19-11-20-21/h3-6,9,11-12,22H,7-8,10H2,1-2H3/b14-9+",,CC1(C)CCC(=Cc2ccc(Cl)cc2)C1(O)Cn1cncn1,PPDBOQMNKNNODG-UHFFFAOYSA-N,PPDBOQMNKNNODG,PPDBOQMNKNNODG,1,resolved,resolved,True,OFT exact name,ad033348-f1b9-434e-8b0c-30bf0e7216b0,Triticonazole,138182-18-0,,,,,True,True,True,138182-18-0,125620,False,True,True,False,Contact,LD50,24.0,>,censored,>24,F200,unique_PCCODE,44802122,0,0,-1
201,Valifenalate,128200,Fungicide,Cinnamic acid amines,Fungi Biosynthesis inhibitors,>100,>106.6,,,19.5,0.276,0.276,0.881,CC(C)[C@@H](C(=O)NC(CC(=O)OC)C1=CC=C(C=C1)Cl)NC(=O)OC(C)C,"InChI=1S/C19H27ClN2O5/c1-11(2)17(22-19(25)27-12(3)4)18(24)21-15(10-16(23)26-5)13-6-8-14(20)9-7-13/h6-9,11-12,15,17H,10H2,1-5H3,(H,21,24)(H,22,25)/t15?,17-/m0/s1",,COC(=O)CC(NC(=O)[C@@H](NC(=O)OC(C)C)C(C)C)c1ccc(Cl)cc1,DBXFMOWZRXXBRN-LWKPJOBUSA-N,DBXFMOWZRXXBRN,DBXFMOWZRXXBRN,1,resolved,resolved,False,OFT exact name,35b750ed-5cbb-4129-ba7a-8e66bf9a3cc1,Valifenalate,283159-90-0,,,,,False,True,True,283159-90-0,128200,True,False,True,False,Contact,LD50,100.0,>,censored,>100,F201,unique_PCCODE,-,0,0,0
201,Valifenalate,128200,Fungicide,Cinnamic acid amines,Fungi Biosynthesis inhibitors,>100,>106.6,,,19.5,0.276,0.276,0.881,CC(C)[C@@H](C(=O)NC(CC(=O)OC)C1=CC=C(C=C1)Cl)NC(=O)OC(C)C,"InChI=1S/C19H27ClN2O5/c1-11(2)17(22-19(25)27-12(3)4)18(24)21-15(10-16(23)26-5)13-6-8-14(20)9-7-13/h6-9,11-12,15,17H,10H2,1-5H3,(H,21,24)(H,22,25)/t15?,17-/m0/s1",,COC(=O)CC(NC(=O)[C@@H](NC(=O)OC(C)C)C(C)C)c1ccc(Cl)cc1,DBXFMOWZRXXBRN-LWKPJOBUSA-N,DBXFMOWZRXXBRN,DBXFMOWZRXXBRN,1,resolved,resolved,False,OFT exact name,35b750ed-5cbb-4129-ba7a-8e66bf9a3cc1,Valifenalate,283159-90-0,,,,,False,True,True,283159-90-0,128200,True,False,True,False,Oral,LD50,106.6,>,censored,>106.6,G201,unique_PCCODE,49807335,0,0,0
202,Zoxamide,101702,Fungicide,Toluamides,Fungi Biosynthesis inhibitors,>100,,,>97.1,>28,28,28,28.0,CCC(C)(C(=O)CCl)NC(=O)C1=CC(=C(C(=C1)Cl)C)Cl,"InChI=1S/C14H16Cl3NO2/c1-4-14(3,12(19)7-15)18-13(20)9-5-10(16)8(2)11(17)6-9/h5-6H,4,7H2,1-3H3,(H,18,20)",,CCC(C)(NC(=O)c1cc(Cl)c(C)c(Cl)c1)C(=O)CCl,SOUGWDPPRBKJEX-UHFFFAOYSA-N,SOUGWDPPRBKJEX,SOUGWDPPRBKJEX,1,resolved,resolved,False,OFT exact name,c7c80a85-39d7-4f50-9c46-95f7268f06fa,Zoxamide,156052-68-5,,,,,True,True,True,156052-68-5,101702,True,False,True,False,Contact,LD50,100.0,>,censored,>100,F202,unique_PCCODE,44731919,0,0,0
