TrainOrder,Index,CID,name,CAS,SMILES,inchikey,connectivity,parent_connectivity,parent_status,canonical_smiles,fragments,Tier,Y100,Y11,Y1
0,0,971,Ethanedioic acid,144-62-7,O=C(O)C(=O)O,MUBZPKHOEPUJKR-UHFFFAOYSA-N,MUBZPKHOEPUJKR,MUBZPKHOEPUJKR,resolved,O=C(O)C(=O)O,1,0,0,0,0
1,1,7463,Para-cymene,99-87-6,Cc1ccc(C(C)C)cc1,HFPZCAJZSCWRBC-UHFFFAOYSA-N,HFPZCAJZSCWRBC,HFPZCAJZSCWRBC,resolved,Cc1ccc(C(C)C)cc1,1,1,1,0,0
2,2,24261,Kieselguhr,61790-53-2,O=[Si]=O,VYPSYNLAJGMNEJ-UHFFFAOYSA-N,VYPSYNLAJGMNEJ,VYPSYNLAJGMNEJ,resolved,O=[Si]=O,1,0,0,0,0
3,3,243,Benzoic acid,65-85-0,O=C(O)c1ccccc1,WPYMKLBDIGXBTP-UHFFFAOYSA-N,WPYMKLBDIGXBTP,WPYMKLBDIGXBTP,resolved,O=C(O)c1ccccc1,1,1,1,0,0
4,4,8305,Tetradifon (Ref: ENT 23737),116-29-0,O=S(=O)(c1ccc(Cl)cc1)c1cc(Cl)c(Cl)cc1Cl,MLGCXEBRWGEOQX-UHFFFAOYSA-N,MLGCXEBRWGEOQX,MLGCXEBRWGEOQX,resolved,O=S(=O)(c1ccc(Cl)cc1)c1cc(Cl)c(Cl)cc1Cl,1,2,1,1,0
5,5,12901,"S-[(1,3-Dihydro-1,3-dioxo-2H-isoindol-2-yl)methyl]O,O-dimethyl ester, Phosphorodithioic acid",732-11-6,COP(=S)(OC)SCN1C(=O)c2ccccc2C1=O,LMNZTLDVJIUSHT-UHFFFAOYSA-N,LMNZTLDVJIUSHT,LMNZTLDVJIUSHT,resolved,COP(=S)(OC)SCN1C(=O)c2ccccc2C1=O,1,2,1,1,0
6,6,637566,"(2E)-3,7-Dimethyl-2,6-octadien-1-ol",106-24-1,CC(C)=CCCC(C)=CCO,GLZPCOQZEFWAFX-UHFFFAOYSA-N,GLZPCOQZEFWAFX,GLZPCOQZEFWAFX,resolved,CC(C)=CCCC(C)=CCO,1,1,1,0,0
7,7,10112,Calcium carbonate,471-34-1,O=C([O-])[O-].[Ca+2],VTYYLEPIZMXCLO-UHFFFAOYSA-L,VTYYLEPIZMXCLO,BVKZGUZCCUSVTD,resolved,O=C([O-])[O-].[Ca+2],2,0,0,0,0
8,8,22311,Orange oil,8028-48-6,C=C(C)C1CC=C(C)CC1,XMGQYMWWDOXHJM-UHFFFAOYSA-N,XMGQYMWWDOXHJM,XMGQYMWWDOXHJM,resolved,C=C(C)C1CC=C(C)CC1,1,1,1,0,0
9,9,4875,Potassium iodide,7681-11-0,[I-].[K+],NLKNQRATVPKPDG-UHFFFAOYSA-M,NLKNQRATVPKPDG,XMBWDFGMSWQBCA,resolved,[I-].[K+],2,3,1,1,1
10,10,16422,Bromophos,2104-96-3,COP(=S)(OC)Oc1cc(Cl)c(Br)cc1Cl,NYQDCVLCJXRDSK-UHFFFAOYSA-N,NYQDCVLCJXRDSK,NYQDCVLCJXRDSK,resolved,COP(=S)(OC)Oc1cc(Cl)c(Br)cc1Cl,1,3,1,1,1
11,11,89594,Nicotine,54-11-5,CN1CCCC1c1cccnc1,SNICXCGAKADSCV-UHFFFAOYSA-N,SNICXCGAKADSCV,SNICXCGAKADSCV,resolved,CN1CCCC1c1cccnc1,1,1,1,0,0
12,12,516872,Potassium thiocyanate,333-20-0,N#C[S-].[K+],ZNNZYHKDIALBAK-UHFFFAOYSA-M,ZNNZYHKDIALBAK,ZMZDMBWJUHKJPS,resolved,N#C[S-].[K+],2,3,1,1,1
13,13,24826,"Sulfuric acid, Iron(3+) salt (3:2)",10028-22-5,O=S(=O)([O-])[O-].O=S(=O)([O-])[O-].O=S(=O)([O-])[O-].[Fe+3].[Fe+3],RUTXIHLAWFEWGM-UHFFFAOYSA-H,RUTXIHLAWFEWGM,QAOWNCQODCNURD,resolved,O=S(=O)([O-])[O-].O=S(=O)([O-])[O-].O=S(=O)([O-])[O-].[Fe+3].[Fe+3],5,1,1,0,0
14,14,234,Arsenic acid,7778-39-4,O=[As](O)(O)O,DJHGAFSJWGLOIV-UHFFFAOYSA-N,DJHGAFSJWGLOIV,DJHGAFSJWGLOIV,resolved,O=[As](O)(O)O,1,2,1,1,0
15,15,727,"(1alpha,2alpha,3beta,4alpha,5alpha,6beta)-1,2,3,4,5,6-Hexachlorocyclohexane",58-89-9,ClC1C(Cl)C(Cl)C(Cl)C(Cl)C1Cl,JLYXXMFPNIAWKQ-UHFFFAOYSA-N,JLYXXMFPNIAWKQ,JLYXXMFPNIAWKQ,resolved,ClC1C(Cl)C(Cl)C(Cl)C(Cl)C1Cl,1,3,1,1,1
16,16,17345,Formothion (Ref: SAN 6913I),2540-82-1,COP(=S)(OC)SCC(=O)N(C)C=O,AIKKULXCBHRFOS-UHFFFAOYSA-N,AIKKULXCBHRFOS,AIKKULXCBHRFOS,resolved,COP(=S)(OC)SCC(=O)N(C)C=O,1,3,1,1,1
17,17,24462,Copper sulphate,12527-76-3,O=S(=O)([O-])[O-].[Cu+2],ARUVKPQLZAKDPS-UHFFFAOYSA-L,ARUVKPQLZAKDPS,QAOWNCQODCNURD,resolved,O=S(=O)([O-])[O-].[Cu+2],2,1,1,0,0
18,18,14830,Copper (I) oxide,1317-39-1,O.[Cu].[Cu],LBJNMUFDOHXDFG-UHFFFAOYSA-N,LBJNMUFDOHXDFG,XLYOFNOQVPJJNP,resolved,O.[Cu].[Cu],3,1,1,0,0
19,19,3039,"Phosphoric acid 2,2-dichloroethenyl dimethyl ester",62-73-7,COP(=O)(OC)OC=C(Cl)Cl,OEBRKCOSUFCWJD-UHFFFAOYSA-N,OEBRKCOSUFCWJD,OEBRKCOSUFCWJD,resolved,COP(=O)(OC)OC=C(Cl)Cl,1,3,1,1,1
20,20,32872,2-[[Ethoxy[(1-methylethyl)amino]phosphinothioyl]oxy]benzoic acid 1-methylethyl ester,25311-71-1,CCOP(=S)(NC(C)C)Oc1ccccc1C(=O)OC(C)C,HOQADATXFBOEGG-UHFFFAOYSA-N,HOQADATXFBOEGG,HOQADATXFBOEGG,resolved,CCOP(=S)(NC(C)C)Oc1ccccc1C(=O)OC(C)C,1,3,1,1,1
21,21,24424,"Sulfuric acid, Zinc salt (1:1)",7733-02-0,O=S(=O)([O-])[O-].[Zn+2],NWONKYPBYAMBJT-UHFFFAOYSA-L,NWONKYPBYAMBJT,QAOWNCQODCNURD,resolved,O=S(=O)([O-])[O-].[Zn+2],2,0,0,0,0
22,22,5355863,"3-[(Dimethoxyphosphinyl)oxy]-2-butenoic acid, Methyl ester",7786-34-7,COC(=O)C=C(C)OP(=O)(OC)OC,GEPDYQSQVLXLEU-UHFFFAOYSA-N,GEPDYQSQVLXLEU,GEPDYQSQVLXLEU,resolved,COC(=O)C=C(C)OP(=O)(OC)OC,1,3,1,1,1
23,23,27982,(2-Chloroethyl)phosphonic acid,16672-87-0,O=P(O)(O)CCCl,UDPGUMQDCGORJQ-UHFFFAOYSA-N,UDPGUMQDCGORJQ,UDPGUMQDCGORJQ,resolved,O=P(O)(O)CCCl,1,1,1,0,0
24,24,30332,Aluminium phosphide,20859-73-8,[Al]#P,PPNXXZIBFHTHDM-UHFFFAOYSA-N,PPNXXZIBFHTHDM,FZTWZIMSKAGPSB,resolved,[Al]#[P],1,3,1,1,1
25,25,11145,Neburon,555-37-3,CCCCN(C)C(=O)Nc1ccc(Cl)c(Cl)c1,CCGPUGMWYLICGL-UHFFFAOYSA-N,CCGPUGMWYLICGL,CCGPUGMWYLICGL,resolved,CCCCN(C)C(=O)Nc1ccc(Cl)c(Cl)c1,1,1,1,0,0
26,26,24580,"Sulfuric acid, Manganese(2+) salt (1:1)",7785-87-7,O=S(=O)([O-])[O-].[Mn+2],SQQMAOCOWKFBNP-UHFFFAOYSA-L,SQQMAOCOWKFBNP,QAOWNCQODCNURD,resolved,O=S(=O)([O-])[O-].[Mn+2],2,1,1,0,0
27,27,992,"2,3,4,5,6-Pentachlorophenol",87-86-5,Oc1c(Cl)c(Cl)c(Cl)c(Cl)c1Cl,IZUPBVBPLAPZRR-UHFFFAOYSA-N,IZUPBVBPLAPZRR,IZUPBVBPLAPZRR,resolved,Oc1c(Cl)c(Cl)c(Cl)c(Cl)c1Cl,1,1,1,0,0
28,28,985,Hexadecanoic acid,57-10-3,CCCCCCCCCCCCCCCC(=O)O,IPCSVZSSVZVIGE-UHFFFAOYSA-N,IPCSVZSSVZVIGE,IPCSVZSSVZVIGE,resolved,CCCCCCCCCCCCCCCC(=O)O,1,1,1,0,0
29,29,24014,Copper II chloride,7447-39-4,Cl[Cu]Cl,ORTQZVOHEJQUHG-UHFFFAOYSA-L,ORTQZVOHEJQUHG,JPVYNHNXODAKFH,resolved,[Cl][Cu][Cl],1,1,1,0,0
30,30,9864,"Cyanamide (Ref: LH 21,810A)",420-04-2,N#CN,XZMCDFZZKTWFGF-UHFFFAOYSA-N,XZMCDFZZKTWFGF,XZMCDFZZKTWFGF,resolved,N#CN,1,2,1,1,0
31,31,785,Hydroquinone,123-31-9,Oc1ccc(O)cc1,QIGBRXMKCJKVMJ-UHFFFAOYSA-N,QIGBRXMKCJKVMJ,QIGBRXMKCJKVMJ,resolved,Oc1ccc(O)cc1,1,0,0,0,0
32,32,54678486,Warfarin,81-81-2,CC(=O)CC(c1ccccc1)c1c(O)c2ccccc2oc1=O,PJVWKTKQMONHTI-UHFFFAOYSA-N,PJVWKTKQMONHTI,PJVWKTKQMONHTI,resolved,CC(=O)CC(c1ccccc1)c1c(O)c2ccccc2oc1=O,1,1,1,0,0
33,33,6129,1-Naphthalenol methylcarbamate,63-25-2,CNC(=O)Oc1cccc2ccccc12,CVXBEEMKQHEXEN-UHFFFAOYSA-N,CVXBEEMKQHEXEN,CVXBEEMKQHEXEN,resolved,CNC(=O)Oc1cccc2ccccc12,1,3,1,1,1
34,34,17110,N-Dodecylguanidine acetate (1:1),2439-10-3,CC(=O)O.CCCCCCCCCCCCN=C(N)N,YIKWKLYQRFRGPM-UHFFFAOYSA-N,YIKWKLYQRFRGPM,HILAYQUKKYWPJW,resolved,CC(=O)O.CCCCCCCCCCCCN=C(N)N,2,0,0,0,0
35,35,3030,"3,6-Dichloro-2-methyoxybenzoic acid",1918-00-9,COc1c(Cl)ccc(Cl)c1C(=O)O,IWEDIXLBFLAXBO-UHFFFAOYSA-N,IWEDIXLBFLAXBO,IWEDIXLBFLAXBO,resolved,COc1c(Cl)ccc(Cl)c1C(=O)O,1,1,1,0,0
36,36,30154,Copper (II) hydroxide,20427-59-2,[Cu+2].[OH-].[OH-],JJLJMEJHUUYSSY-UHFFFAOYSA-L,JJLJMEJHUUYSSY,XLYOFNOQVPJJNP,resolved,[Cu+2].[OH-].[OH-],3,1,1,0,0
37,37,27159,Cartap (Ref: TL 1258),22042-59-7,CN(C)C(CSC(N)=O)CSC(N)=O,IRUJZVNXZWPBMU-UHFFFAOYSA-N,IRUJZVNXZWPBMU,IRUJZVNXZWPBMU,resolved,CN(C)C(CSC(N)=O)CSC(N)=O,1,3,1,1,1
38,38,2758,"1,8-cineole",470-82-6,CC12CCC(CC1)C(C)(C)O2,WEEGYLXZBRQIMU-UHFFFAOYSA-N,WEEGYLXZBRQIMU,WEEGYLXZBRQIMU,resolved,CC12CCC(CC1)C(C)(C)O2,1,0,0,0,0
39,39,516893,Potassium bicarbonate,298-14-6,O=C([O-])O.[K+],TYJJADVDDVDEDZ-UHFFFAOYSA-M,TYJJADVDDVDEDZ,BVKZGUZCCUSVTD,resolved,O=C([O-])O.[K+],2,1,1,0,0
40,40,9502,"N'-(3,4-Dichlorophenyl)-N-methoxy-N-methylurea",330-55-2,CON(C)C(=O)Nc1ccc(Cl)c(Cl)c1,XKJMBINCVNINCA-UHFFFAOYSA-N,XKJMBINCVNINCA,XKJMBINCVNINCA,resolved,CON(C)C(=O)Nc1ccc(Cl)c(Cl)c1,1,0,0,0,0
41,41,3314,Eugenol,97-53-0,C=CCc1ccc(O)c(OC)c1,RRAFCDWBNXTKKO-UHFFFAOYSA-N,RRAFCDWBNXTKKO,RRAFCDWBNXTKKO,resolved,C=CCc1ccc(O)c(OC)c1,1,0,0,0,0
42,42,24456,Calcium phosphate,10103-46-5,O=P([O-])([O-])[O-].O=P([O-])([O-])[O-].[Ca+2].[Ca+2].[Ca+2],QORWJWZARLRLPR-UHFFFAOYSA-H,QORWJWZARLRLPR,NBIIXXVUZAFLBC,resolved,O=P([O-])([O-])[O-].O=P([O-])([O-])[O-].[Ca+2].[Ca+2].[Ca+2],5,1,1,0,0
43,43,6989,5-Methyl-2-(1-methylethyl)phenol,89-83-8,Cc1ccc(C(C)C)c(O)c1,MGSRCZKZVOBKFT-UHFFFAOYSA-N,MGSRCZKZVOBKFT,MGSRCZKZVOBKFT,resolved,Cc1ccc(C(C)C)c(O)c1,1,1,1,0,0
44,44,7862,Chloroethylmercury,107-27-7,CC[Hg]Cl,QWUGXIXRFGEYBD-UHFFFAOYSA-M,QWUGXIXRFGEYBD,QWUGXIXRFGEYBD,resolved,C[CH2][Hg][Cl],1,1,1,0,0
45,45,516902,"Chloric acid, Sodium salt (1:1)",7775-09-9,[Na+].[O-][Cl+2]([O-])[O-],GQMRMFTXVUMSAU-UHFFFAOYSA-N,GQMRMFTXVUMSAU,LSUVGSGHYCLVPU,resolved,[Na+].[O-][Cl+2]([O-])[O-],2,1,1,0,0
46,46,441071,Strychnine,57-24-9,O=C1CC2OCC=C3CN4CCC56c7ccccc7N1C5C2C3CC46,QMGVPVSNSZLJIA-UHFFFAOYSA-N,QMGVPVSNSZLJIA,QMGVPVSNSZLJIA,resolved,O=C1CC2OCC=C3CN4CCC56c7ccccc7N1C5C2C3CC46,1,1,1,0,0
47,47,2319,"N-Butyl-N-ethyl-2,6-dinitro-4-(trifluoromethyl)benzenamine",1861-40-1,CCCCN(CC)c1c([N+](=O)[O-])cc(C(F)(F)F)cc1[N+](=O)[O-],SMDHCQAYESWHAE-UHFFFAOYSA-N,SMDHCQAYESWHAE,SMDHCQAYESWHAE,resolved,CCCCN(CC)c1c([N+](=O)[O-])cc(C(F)(F)F)cc1[N+](=O)[O-],1,0,0,0,0
48,48,24947,Cadmium chloride (CdCl2),10108-64-2,Cl[Cd]Cl,YKYOUMDCQGMQQO-UHFFFAOYSA-L,YKYOUMDCQGMQQO,WLZRMCYVCSSEQC,resolved,[Cl][Cd][Cl],1,2,1,1,0
49,49,7150,"Benzoic acid, Methyl ester",93-58-3,COC(=O)c1ccccc1,QPJVMBTYPHYUOC-UHFFFAOYSA-N,QPJVMBTYPHYUOC,QPJVMBTYPHYUOC,resolved,COC(=O)c1ccccc1,1,0,0,0,0
50,50,8607,"2-[(Trichloromethyl)thio]-1H-isoindole-1,3(2H)dione",133-07-3,O=C1c2ccccc2C(=O)N1SC(Cl)(Cl)Cl,HKIOYBQGHSTUDB-UHFFFAOYSA-N,HKIOYBQGHSTUDB,HKIOYBQGHSTUDB,resolved,O=C1c2ccccc2C(=O)N1SC(Cl)(Cl)Cl,1,1,1,0,0
51,51,7439,Carvone,99-49-0,C=C(C)C1CC=C(C)C(=O)C1,ULDHMXUKGWMISQ-UHFFFAOYSA-N,ULDHMXUKGWMISQ,ULDHMXUKGWMISQ,resolved,C=C(C)C1CC=C(C)C(=O)C1,1,1,1,0,0
52,52,6423,Trichloronitromethane,76-06-2,O=[N+]([O-])C(Cl)(Cl)Cl,LFHISGNCFUNFFM-UHFFFAOYSA-N,LFHISGNCFUNFFM,LFHISGNCFUNFFM,resolved,O=[N+]([O-])C(Cl)(Cl)Cl,1,1,1,0,0
53,53,8174,1-decanol,112-30-1,CCCCCCCCCCO,MWKFXSUHUHTGQN-UHFFFAOYSA-N,MWKFXSUHUHTGQN,MWKFXSUHUHTGQN,resolved,CCCCCCCCCCO,1,1,1,0,0
54,54,10788,"Tetrahydro-3,5-dimethyl-2H-1,3,5-thiadiazine-2-thione",533-74-4,CN1CSC(=S)N(C)C1,QAYICIQNSGETAS-UHFFFAOYSA-N,QAYICIQNSGETAS,QAYICIQNSGETAS,resolved,CN1CSC(=S)N(C)C1,1,2,1,1,0
55,55,24861,Ferric phosphate,10045-86-0,O=P([O-])([O-])[O-].[Fe+3],WBJZTOZJJYAKHQ-UHFFFAOYSA-K,WBJZTOZJJYAKHQ,NBIIXXVUZAFLBC,resolved,O=P([O-])([O-])[O-].[Fe+3],2,1,1,0,0
56,56,4933,"N-(3,4-Dichlorophenyl)propanamide",709-98-8,CCC(=O)Nc1ccc(Cl)c(Cl)c1,LFULEKSKNZEWOE-UHFFFAOYSA-N,LFULEKSKNZEWOE,LFULEKSKNZEWOE,resolved,CCC(=O)Nc1ccc(Cl)c(Cl)c1,1,1,1,0,0
57,57,637511,Cinnamaldehyde,104-55-2,O=CC=Cc1ccccc1,KJPRLNWUNMBNBZ-UHFFFAOYSA-N,KJPRLNWUNMBNBZ,KJPRLNWUNMBNBZ,resolved,O=CC=Cc1ccccc1,1,1,1,0,0
58,58,24877,Ferric pyrophosphate,10058-44-3,O=P([O-])([O-])OP(=O)([O-])[O-].O=P([O-])([O-])OP(=O)([O-])[O-].O=P([O-])([O-])OP(=O)([O-])[O-].[Fe+3].[Fe+3].[Fe+3].[Fe+3],CADNYOZXMIKYPR-UHFFFAOYSA-B,CADNYOZXMIKYPR,XPPKVPWEQAFLFU,resolved,O=P([O-])([O-])OP(=O)([O-])[O-].O=P([O-])([O-])OP(=O)([O-])[O-].O=P([O-])([O-])OP(=O)([O-])[O-].[Fe+3].[Fe+3].[Fe+3].[Fe+3],7,1,1,0,0
59,59,24930,"Sulfuric acid, Chromium(3+)salt(3:2)",10101-53-8,O=S(=O)([O-])[O-].O=S(=O)([O-])[O-].O=S(=O)([O-])[O-].[Cr+3].[Cr+3],GRWVQDDAKZFPFI-UHFFFAOYSA-H,GRWVQDDAKZFPFI,QAOWNCQODCNURD,resolved,O=S(=O)([O-])[O-].O=S(=O)([O-])[O-].O=S(=O)([O-])[O-].[Cr+3].[Cr+3],5,1,1,0,0
60,60,23668193,"Nitrous acid, Sodium salt",7632-00-0,O=N[O-].[Na+],LPXPTNMVRIOKMN-UHFFFAOYSA-M,LPXPTNMVRIOKMN,IOVCWXUNBOPUCH,resolved,O=N[O-].[Na+],2,0,0,0,0
61,61,12232,Dimethyl disulfide,624-92-0,CSSC,WQOXQRCZOLPYPM-UHFFFAOYSA-N,WQOXQRCZOLPYPM,WQOXQRCZOLPYPM,resolved,CSSC,1,1,1,0,0
62,62,6794,Diquat dibromide,85-00-7,[Br-].[Br-].c1cc[n+]2c(c1)-c1cccc[n+]1CC2,ODPOAESBSUKMHD-UHFFFAOYSA-L,ODPOAESBSUKMHD,SYJFEGQWDCRVNX,resolved,[Br-].[Br-].c1cc[n+]2c(c1)-c1cccc[n+]1CC2,3,1,1,0,0
63,63,1923,8-hydroxyquinoline,148-24-3,Oc1cccc2cccnc12,MCJGNVYPOGVAJF-UHFFFAOYSA-N,MCJGNVYPOGVAJF,MCJGNVYPOGVAJF,resolved,Oc1cccc2cccnc12,1,1,1,0,0
64,64,3120,"N'-(3,4-Dichlorophenyl)-N,N-dimethylurea",330-54-1,CN(C)C(=O)Nc1ccc(Cl)c(Cl)c1,XMTQQYYKAHVGBJ-UHFFFAOYSA-N,XMTQQYYKAHVGBJ,XMTQQYYKAHVGBJ,resolved,CN(C)C(=O)Nc1ccc(Cl)c(Cl)c1,1,0,0,0,0
65,65,4931,2-Chloro-N-(1-methylethyl)-N-phenylacetamide,1918-16-7,CC(C)N(C(=O)CCl)c1ccccc1,MFOUDYKPLGXPGO-UHFFFAOYSA-N,MFOUDYKPLGXPGO,MFOUDYKPLGXPGO,resolved,CC(C)N(C(=O)CCl)c1ccccc1,1,0,0,0,0
66,66,637563,Anethole,4180-23-8,CC=Cc1ccc(OC)cc1,RUVINXPYWBROJD-UHFFFAOYSA-N,RUVINXPYWBROJD,RUVINXPYWBROJD,resolved,CC=Cc1ccc(OC)cc1,1,1,1,0,0
67,67,1982,"N-Acetylphosphoramidothioic acid O,S-dimethyl ester",30560-19-1,COP(=O)(NC(C)=O)SC,YASYVMFAVPKPKE-UHFFFAOYSA-N,YASYVMFAVPKPKE,YASYVMFAVPKPKE,resolved,COP(=O)(NC(C)=O)SC,1,2,1,1,0
68,68,4130,Parathion-methyl (Ref: OMS 213),298-00-0,COP(=S)(OC)Oc1ccc([N+](=O)[O-])cc1,RLBIQVVOMOPOHC-UHFFFAOYSA-N,RLBIQVVOMOPOHC,RLBIQVVOMOPOHC,resolved,COP(=S)(OC)Oc1ccc([N+](=O)[O-])cc1,1,1,1,0,0
69,69,23681045,TCA-sodium,650-51-1,O=C([O-])C(Cl)(Cl)Cl.[Na+],SAQSTQBVENFSKT-UHFFFAOYSA-M,SAQSTQBVENFSKT,YNJBWRMUSHSURL,resolved,O=C([O-])C(Cl)(Cl)Cl.[Na+],2,1,1,0,0
70,70,36324,Amitraz (Ref: ENT 27967),33089-61-1,Cc1ccc(N=CN(C)C=Nc2ccc(C)cc2C)c(C)c1,QXAITBQSYVNQDR-UHFFFAOYSA-N,QXAITBQSYVNQDR,QXAITBQSYVNQDR,resolved,Cc1ccc(N=CN(C)C=Nc2ccc(C)cc2C)c(C)c1,1,1,1,0,0
71,71,24501,Calcium arsenate,7778-44-1,O=[As]([O-])([O-])[O-].O=[As]([O-])([O-])[O-].[Ca+2].[Ca+2].[Ca+2],RMBBSOLAGVEUSI-UHFFFAOYSA-H,RMBBSOLAGVEUSI,DJHGAFSJWGLOIV,resolved,O=[As]([O-])([O-])[O-].O=[As]([O-])([O-])[O-].[Ca+2].[Ca+2].[Ca+2],5,2,1,1,0
72,72,379,Caprylic acid,124-07-2,CCCCCCCC(=O)O,WWZKQHOCKIZLMA-UHFFFAOYSA-N,WWZKQHOCKIZLMA,WWZKQHOCKIZLMA,resolved,CCCCCCCC(=O)O,1,1,1,0,0
73,73,7873,Tetraethyl ester diphosphoric acid,107-49-3,CCOP(=O)(OCC)OP(=O)(OCC)OCC,IDCBOTIENDVCBQ-UHFFFAOYSA-N,IDCBOTIENDVCBQ,IDCBOTIENDVCBQ,resolved,CCOP(=O)(OCC)OP(=O)(OCC)OCC,1,3,1,1,1
74,74,10522,Chlorobenzilate (Ref: ENT 18596),510-15-6,CCOC(=O)C(O)(c1ccc(Cl)cc1)c1ccc(Cl)cc1,RAPBNVDSDCTNRC-UHFFFAOYSA-N,RAPBNVDSDCTNRC,RAPBNVDSDCTNRC,resolved,CCOC(=O)C(O)(c1ccc(Cl)cc1)c1ccc(Cl)cc1,1,2,1,1,0
75,75,7362,2-Furancarboxaldehyde,98-01-1,O=Cc1ccco1,HYBBIBNJHNGZAN-UHFFFAOYSA-N,HYBBIBNJHNGZAN,HYBBIBNJHNGZAN,resolved,O=Cc1ccco1,1,1,1,0,0
76,76,11463,Alpha-terpinoline,586-62-9,CC1=CCC(=C(C)C)CC1,MOYAFQVGZZPNRA-UHFFFAOYSA-N,MOYAFQVGZZPNRA,MOYAFQVGZZPNRA,resolved,CC1=CCC(=C(C)C)CC1,1,1,1,0,0
77,77,15787,"2,4-Dichloro-1-(4-nitrophenoxy)benzene",1836-75-5,O=[N+]([O-])c1ccc(Oc2ccc(Cl)cc2Cl)cc1,XITQUSLLOSKDTB-UHFFFAOYSA-N,XITQUSLLOSKDTB,XITQUSLLOSKDTB,resolved,O=[N+]([O-])c1ccc(Oc2ccc(Cl)cc2Cl)cc1,1,0,0,0,0
78,78,6323,Bromomethane,74-83-9,CBr,GZUXJHMPEANEGY-UHFFFAOYSA-N,GZUXJHMPEANEGY,GZUXJHMPEANEGY,resolved,CBr,1,1,1,0,0
79,79,17100,Alpha-terpineol,98-55-5,CC1=CCC(C(C)(C)O)CC1,WUOACPNHFRMFPN-UHFFFAOYSA-N,WUOACPNHFRMFPN,WUOACPNHFRMFPN,resolved,CC1=CCC(C(C)(C)O)CC1,1,1,1,0,0
80,80,16682730,(Acetato-kappaO)phenylmercury,62-38-4,CC(=O)O[Hg]c1ccccc1,XEBWQGVWTUSTLN-UHFFFAOYSA-M,XEBWQGVWTUSTLN,BODKAQWWZBLGOU,resolved,CC(=O)[O][Hg][c]1ccccc1,1,2,1,1,0
81,81,6549,Linalool,78-70-6,C=CC(C)(O)CCC=C(C)C,CDOSHBSSFJOMGT-UHFFFAOYSA-N,CDOSHBSSFJOMGT,CDOSHBSSFJOMGT,resolved,C=CC(C)(O)CCC=C(C)C,1,1,1,0,0
82,82,8158,Nonanoic acid,112-05-0,CCCCCCCCC(=O)O,FBUKVWPVBMHYJY-UHFFFAOYSA-N,FBUKVWPVBMHYJY,FBUKVWPVBMHYJY,resolved,CCCCCCCCC(=O)O,1,1,1,0,0
83,83,33565,"N,N'-[1,4-Piperazinediylbis(2,2,2-trichloroethylidene)]bis-formamide",26644-46-2,O=CNC(N1CCN(C(NC=O)C(Cl)(Cl)Cl)CC1)C(Cl)(Cl)Cl,RROQIUMZODEXOR-UHFFFAOYSA-N,RROQIUMZODEXOR,RROQIUMZODEXOR,resolved,O=CNC(N1CCN(C(NC=O)C(Cl)(Cl)Cl)CC1)C(Cl)(Cl)Cl,1,1,1,0,0
84,84,8209,Myristyl alcohol,112-72-1,CCCCCCCCCCCCCCO,HLZKNKRTKFSKGZ-UHFFFAOYSA-N,HLZKNKRTKFSKGZ,HLZKNKRTKFSKGZ,resolved,CCCCCCCCCCCCCCO,1,1,1,0,0
85,85,7280,Dibromochloropropane (Ref: OS1897),96-12-8,ClCC(Br)CBr,WBEJYOJJBDISQU-UHFFFAOYSA-N,WBEJYOJJBDISQU,WBEJYOJJBDISQU,resolved,ClCC(Br)CBr,1,0,0,0,0
86,86,21954,"1,2-Dihydro-3,6-pyridazinedione",123-33-1,O=c1ccc(=O)[nH][nH]1,BGRDGMRNKXEXQD-UHFFFAOYSA-N,BGRDGMRNKXEXQD,BGRDGMRNKXEXQD,resolved,O=c1ccc(=O)[nH][nH]1,1,1,1,0,0
87,87,5281873,"3-(2-Chloro-3,3,3-trifluoro-1-propenyl)-2,2-dimethylcyclopropanecarboxylic acid cyano(3-phenoxyphenyl)methyl ester",68085-85-8,CC1(C)C(C=C(Cl)C(F)(F)F)C1C(=O)OC(C#N)c1cccc(Oc2ccccc2)c1,ZXQYGBMAQZUVMI-UHFFFAOYSA-N,ZXQYGBMAQZUVMI,ZXQYGBMAQZUVMI,resolved,CC1(C)C(C=C(Cl)C(F)(F)F)C1C(=O)OC(C#N)c1cccc(Oc2ccccc2)c1,1,3,1,1,1
88,88,1486,"2,4-D (Ref: L 208)",94-75-7,O=C(O)COc1ccc(Cl)cc1Cl,OVSKIKFHRZPJSS-UHFFFAOYSA-N,OVSKIKFHRZPJSS,OVSKIKFHRZPJSS,resolved,O=C(O)COc1ccc(Cl)cc1Cl,1,1,1,0,0
89,89,7127,Methyleugenol (Ref: Ent 21040),93-15-2,C=CCc1ccc(OC)c(OC)c1,ZYEMGPIYFIJGTP-UHFFFAOYSA-N,ZYEMGPIYFIJGTP,ZYEMGPIYFIJGTP,resolved,C=CCc1ccc(OC)c(OC)c1,1,1,1,0,0
90,90,38479,"N-(1-Ethylpropyl)-3,4-dimethyl-2,6-dinitro-benzenamine",40487-42-1,CCC(CC)Nc1c([N+](=O)[O-])cc(C)c(C)c1[N+](=O)[O-],CHIFOSRWCNZCFN-UHFFFAOYSA-N,CHIFOSRWCNZCFN,CHIFOSRWCNZCFN,resolved,CCC(CC)Nc1c([N+](=O)[O-])cc(C)c(C)c1[N+](=O)[O-],1,1,1,0,0
91,91,16003,Vernolate (Ref: R-106),1929-77-7,CCCSC(=O)N(CCC)CCC,OKUGPJPKMAEJOE-UHFFFAOYSA-N,OKUGPJPKMAEJOE,OKUGPJPKMAEJOE,resolved,CCCSC(=O)N(CCC)CCC,1,2,1,1,0
92,92,4004,"2-[(Dimethoxyphosphinothioyl)thio]butanedioic acid 1,4-diethyl ester",121-75-5,CCOC(=O)CC(SP(=S)(OC)OC)C(=O)OCC,JXSJBGJIGXNWCI-UHFFFAOYSA-N,JXSJBGJIGXNWCI,JXSJBGJIGXNWCI,resolved,CCOC(=O)CC(SP(=S)(OC)OC)C(=O)OCC,1,3,1,1,1
93,93,61021,Metaldehyde,108-62-3,CC1OC(C)OC(C)OC(C)O1,GKKDCARASOJPNG-UHFFFAOYSA-N,GKKDCARASOJPNG,GKKDCARASOJPNG,resolved,CC1OC(C)OC(C)OC(C)O1,1,1,1,0,0
94,94,1548943,Capsaicin (Ref: NCI-C56564),404-86-4,COc1cc(CNC(=O)CCCCC=CC(C)C)ccc1O,YKPUWZUDDOIDPM-UHFFFAOYSA-N,YKPUWZUDDOIDPM,YKPUWZUDDOIDPM,resolved,COc1cc(CNC(=O)CCCCC=CC(C)C)ccc1O,1,3,1,1,1
95,95,13387,1-Methyl-2-pyrrolidinone,872-50-4,CN1CCCC1=O,SECXISVLQFMRJM-UHFFFAOYSA-N,SECXISVLQFMRJM,SECXISVLQFMRJM,resolved,CN1CCCC1=O,1,0,0,0,0
96,96,8404,"1,2,3,4-Tetrahydronaphthalene",119-64-2,c1ccc2c(c1)CCCC2,CXWXQJXEFPUFDZ-UHFFFAOYSA-N,CXWXQJXEFPUFDZ,CXWXQJXEFPUFDZ,resolved,c1ccc2c(c1)CCCC2,1,3,1,1,1
97,97,7017,2-phenylphenol,90-43-7,Oc1ccccc1-c1ccccc1,LLEMOWNGBBNAJR-UHFFFAOYSA-N,LLEMOWNGBBNAJR,LLEMOWNGBBNAJR,resolved,Oc1ccccc1-c1ccccc1,1,1,1,0,0
98,98,2513,"As,As-Dimethylarsinic acid",75-60-5,C[As](C)(=O)O,OGGXGZAMXPVRFZ-UHFFFAOYSA-N,OGGXGZAMXPVRFZ,OGGXGZAMXPVRFZ,resolved,C[As](C)(=O)O,1,0,0,0,0
99,99,69985,Sodium o-nitrophenolate,824-39-5,O=[N+]([O-])c1ccccc1[O-].[Na+],AXKBOWBNOCUNJL-UHFFFAOYSA-M,AXKBOWBNOCUNJL,IQUPABOKLQSFBK,resolved,O=[N+]([O-])c1ccccc1[O-].[Na+],2,1,1,0,0
100,100,4944,"2-(1-Methylethoxy)phenol, 1-(N-Methylcarbamate)",114-26-1,CNC(=O)Oc1ccccc1OC(C)C,ISRUGXGCCGIOQO-UHFFFAOYSA-N,ISRUGXGCCGIOQO,ISRUGXGCCGIOQO,resolved,CNC(=O)Oc1ccccc1OC(C)C,1,3,1,1,1
101,101,16181,"N,N-Bis(2-methylpropyl)carbamothioic acid S-ethyl ester",2008-41-5,CCSC(=O)N(CC(C)C)CC(C)C,BMTAFVWTTFSTOG-UHFFFAOYSA-N,BMTAFVWTTFSTOG,BMTAFVWTTFSTOG,resolved,CCSC(=O)N(CC(C)C)CC(C)C,1,1,1,0,0
102,102,6624,4-Chloro-alpha-(4-chlorophenyl)-alpha-methylbenzenemethanol,80-06-8,CC(O)(c1ccc(Cl)cc1)c1ccc(Cl)cc1,URYAFVKLYSEINW-UHFFFAOYSA-N,URYAFVKLYSEINW,URYAFVKLYSEINW,resolved,CC(O)(c1ccc(Cl)cc1)c1ccc(Cl)cc1,1,1,1,0,0
103,103,8635,"2-Aminobenzoic acid, Methyl ester",134-20-3,COC(=O)c1ccccc1N,VAMXMNNIEUEQDV-UHFFFAOYSA-N,VAMXMNNIEUEQDV,VAMXMNNIEUEQDV,resolved,COC(=O)c1ccccc1N,1,1,1,0,0
104,104,12406,Pentacosane,629-99-2,CCCCCCCCCCCCCCCCCCCCCCCCC,YKNWIILGEFFOPE-UHFFFAOYSA-N,YKNWIILGEFFOPE,YKNWIILGEFFOPE,resolved,CCCCCCCCCCCCCCCCCCCCCCCCC,1,1,1,0,0
105,105,23664719,"Methylarsonic acid, Monosodium salt",2163-80-6,C[As](=O)([O-])O.[Na+],JITOKQVGRJSHHA-UHFFFAOYSA-M,JITOKQVGRJSHHA,QYPPRTNMGCREIM,resolved,C[As](=O)([O-])O.[Na+],2,1,1,0,0
106,106,5853,Trichlorfon (Ref: OMS 800),52-68-6,COP(=O)(OC)C(O)C(Cl)(Cl)Cl,NFACJZMKEDPNKN-UHFFFAOYSA-N,NFACJZMKEDPNKN,NFACJZMKEDPNKN,resolved,COP(=O)(OC)C(O)C(Cl)(Cl)Cl,1,3,1,1,1
107,107,4115,Methoxychlor (Ref: OMS 466),72-43-5,COc1ccc(C(c2ccc(OC)cc2)C(Cl)(Cl)Cl)cc1,IAKOZHOLGAGEJT-UHFFFAOYSA-N,IAKOZHOLGAGEJT,IAKOZHOLGAGEJT,resolved,COc1ccc(C(c2ccc(OC)cc2)C(Cl)(Cl)Cl)cc1,1,2,1,1,0
108,108,1549018,Jasmone,488-10-8,CCC=CCC1=C(C)CCC1=O,XMLSXPIVAXONDL-UHFFFAOYSA-N,XMLSXPIVAXONDL,XMLSXPIVAXONDL,resolved,CCC=CCC1=C(C)CCC1=O,1,1,1,0,0
109,109,5284507,Nerolidol,7212-44-4,C=CC(C)(O)CCC=C(C)CCC=C(C)C,FQTLCLSUCSAZDY-UHFFFAOYSA-N,FQTLCLSUCSAZDY,FQTLCLSUCSAZDY,resolved,C=CC(C)(O)CCC=C(C)CCC=C(C)C,1,1,1,0,0
110,110,32518,Tridemorph (Ref: BAS 2205-F),81412-43-3,CCCCCCCCCCCCCN1CC(C)OC(C)C1,YTOPFCCWCSOHFV-UHFFFAOYSA-N,YTOPFCCWCSOHFV,YTOPFCCWCSOHFV,resolved,CCCCCCCCCCCCCN1CC(C)OC(C)C1,1,0,0,0,0
111,111,28780,"N-[1-[(Butylamino)carbonyl]-1H-benzimidazol-2-yl]carbamic acid, Methyl ester",17804-35-2,CCCCNC(=O)n1c(NC(=O)OC)nc2ccccc21,RIOXQFHNBCKOKP-UHFFFAOYSA-N,RIOXQFHNBCKOKP,RIOXQFHNBCKOKP,resolved,CCCCNC(=O)n1c(NC(=O)OC)nc2ccccc21,1,2,1,1,0
112,112,18771,Dithianon (Ref: BAS 216F),3347-22-6,N#Cc1sc2c(=O)c3ccccc3c(=O)c=2sc1C#N,PYZSVQVRHDXQSL-UHFFFAOYSA-N,PYZSVQVRHDXQSL,PYZSVQVRHDXQSL,resolved,N#Cc1sc2c(=O)c3ccccc3c(=O)c=2sc1C#N,1,1,1,0,0
113,113,3036,DDT (Ref: OMS 16),50-29-3,Clc1ccc(C(c2ccc(Cl)cc2)C(Cl)(Cl)Cl)cc1,YVGGHNCTFXOJCH-UHFFFAOYSA-N,YVGGHNCTFXOJCH,YVGGHNCTFXOJCH,resolved,Clc1ccc(C(c2ccc(Cl)cc2)C(Cl)(Cl)Cl)cc1,1,3,1,1,1
114,114,3286,Ethion (Ref: ENT 24105),563-12-2,CCOP(=S)(OCC)SCSP(=S)(OCC)OCC,RIZMRRKBZQXFOY-UHFFFAOYSA-N,RIZMRRKBZQXFOY,RIZMRRKBZQXFOY,resolved,CCOP(=S)(OCC)SCSP(=S)(OCC)OCC,1,2,1,1,0
115,115,26124,"Phosphorothioic acid O,O-diethyl O-2-quinoxalinyl ester  ",13593-03-8,CCOP(=S)(OCC)Oc1cnc2ccccc2n1,JYQUHIFYBATCCY-UHFFFAOYSA-N,JYQUHIFYBATCCY,JYQUHIFYBATCCY,resolved,CCOP(=S)(OCC)Oc1cnc2ccccc2n1,1,3,1,1,1
116,116,17531,"Phosphorodithioic acid O,O-diethyl S-[(4-oxo-1,2,3-benzotriazin-3(4H)-yl)methyl] ester",2642-71-9,CCOP(=S)(OCC)SCn1nnc2ccccc2c1=O,RQVGAIADHNPSME-UHFFFAOYSA-N,RQVGAIADHNPSME,RQVGAIADHNPSME,resolved,CCOP(=S)(OCC)SCn1nnc2ccccc2c1=O,1,3,1,1,1
117,117,7389,As-(4-Aminophenyl)arsonic acid,98-50-0,Nc1ccc([As](=O)(O)O)cc1,XKNKHVGWJDPIRJ-UHFFFAOYSA-N,XKNKHVGWJDPIRJ,XKNKHVGWJDPIRJ,resolved,Nc1ccc([As](=O)(O)O)cc1,1,1,1,0,0
118,118,6862,1-Naphthaleneacetic acid,86-87-3,O=C(O)Cc1cccc2ccccc12,PRPINYUDVPFIRX-UHFFFAOYSA-N,PRPINYUDVPFIRX,PRPINYUDVPFIRX,resolved,O=C(O)Cc1cccc2ccccc12,1,1,1,0,0
119,119,1988,2-Chloro-N-(ethoxymethyl)-N-(2-ethyl-6-methylphenyl)acetamide,34256-82-1,CCOCN(C(=O)CCl)c1c(C)cccc1CC,VTNQPKFIQCLBDU-UHFFFAOYSA-N,VTNQPKFIQCLBDU,VTNQPKFIQCLBDU,resolved,CCOCN(C(=O)CCl)c1c(C)cccc1CC,1,1,1,0,0
120,120,32739,Chlormephos (Ref: MC 2188),24934-91-6,CCOP(=S)(OCC)SCCl,QGTYWWGEWOBMAK-UHFFFAOYSA-N,QGTYWWGEWOBMAK,QGTYWWGEWOBMAK,resolved,CCOP(=S)(OCC)SCCl,1,3,1,1,1
121,121,8268,4-Chloro-alpha-(4-chlorophenyl)-alpha-(trichloromethyl)benzenemethanol,115-32-2,OC(c1ccc(Cl)cc1)(c1ccc(Cl)cc1)C(Cl)(Cl)Cl,UOAMTSKGCBMZTC-UHFFFAOYSA-N,UOAMTSKGCBMZTC,UOAMTSKGCBMZTC,resolved,OC(c1ccc(Cl)cc1)(c1ccc(Cl)cc1)C(Cl)(Cl)Cl,1,2,1,1,0
122,122,91693,Penconazole (Ref: CGA 71818),66246-88-6,CCCC(Cn1cncn1)c1ccc(Cl)cc1Cl,WKBPZYKAUNRMKP-UHFFFAOYSA-N,WKBPZYKAUNRMKP,WKBPZYKAUNRMKP,resolved,CCCC(Cn1cncn1)c1ccc(Cl)cc1Cl,1,2,1,1,0
123,123,68245,Paraffin oils,8012-95-1,Oc1cc(O)c2cc(O)c(-c3cc(O)c(O)c(O)c3)[o+]c2c1.[Cl-],FFNDMZIBVDSQFI-UHFFFAOYSA-N,FFNDMZIBVDSQFI,JKHRCGUTYDNCLE,resolved,Oc1cc(O)c2cc(O)c(-c3cc(O)c(O)c(O)c3)[o+]c2c1.[Cl-],2,0,0,0,0
124,124,54670067,L-ascorbic acid,50-81-7,O=C1OC(C(O)CO)C(O)=C1O,CIWBSHSKHKDKBQ-UHFFFAOYSA-N,CIWBSHSKHKDKBQ,CIWBSHSKHKDKBQ,resolved,O=C1OC(C(O)CO)C(O)=C1O,1,2,1,1,0
125,125,17607,Sulfuryl fluoride,2699-79-8,O=S(=O)(F)F,OBTWBSRJZRCYQV-UHFFFAOYSA-N,OBTWBSRJZRCYQV,OBTWBSRJZRCYQV,resolved,O=S(=O)(F)F,1,2,1,1,0
126,126,8342,Dichlone (Ref: USR 604),117-80-6,O=C1C(Cl)=C(Cl)C(=O)c2ccccc21,SVPKNMBRVBMTLB-UHFFFAOYSA-N,SVPKNMBRVBMTLB,SVPKNMBRVBMTLB,resolved,O=C1C(Cl)=C(Cl)C(=O)c2ccccc21,1,0,0,0,0
127,127,13214,Sodium p-nitrophenolate,824-78-2,O=[N+]([O-])c1ccc([O-])cc1.[Na+],CURNJKLCYZZBNJ-UHFFFAOYSA-M,CURNJKLCYZZBNJ,BTJIUGUIPKRLHP,resolved,O=[N+]([O-])c1ccc([O-])cc1.[Na+],2,1,1,0,0
128,128,15546,5-Amino-4-chloro-2-phenyl-3(2H)-pyridazinone,1698-60-8,Nc1cnn(-c2ccccc2)c(=O)c1Cl,WYKYKTKDBLFHCY-UHFFFAOYSA-N,WYKYKTKDBLFHCY,WYKYKTKDBLFHCY,resolved,Nc1cnn(-c2ccccc2)c(=O)c1Cl,1,0,0,0,0
129,129,9298,"Phosphorothioic acid, O,O-Dimethyl O-(2,4,5-trichlorophenyl)ester",299-84-3,COP(=S)(OC)Oc1cc(Cl)c(Cl)cc1Cl,JHJOOSLFWRRSGU-UHFFFAOYSA-N,JHJOOSLFWRRSGU,JHJOOSLFWRRSGU,resolved,COP(=S)(OC)Oc1cc(Cl)c(Cl)cc1Cl,1,2,1,1,0
130,130,16248,"3,5-Dimethyl-4-(methylthio)phenol, Methylcarbamate",2032-65-7,CNC(=O)Oc1cc(C)c(SC)c(C)c1,YFBPRJGDJKVWAH-UHFFFAOYSA-N,YFBPRJGDJKVWAH,YFBPRJGDJKVWAH,resolved,CNC(=O)Oc1cc(C)c(SC)c(C)c1,1,3,1,1,1
131,131,29025,Verbenone,80-57-9,CC1=CC(=O)C2CC1C2(C)C,DCSCXTJOXBUFGB-UHFFFAOYSA-N,DCSCXTJOXBUFGB,DCSCXTJOXBUFGB,resolved,CC1=CC(=O)C2CC1C2(C)C,1,1,1,0,0
132,132,16682746,Tributyltin oxide (Ref: ENT 24979),56-35-9,CCCC[Sn](CCCC)(CCCC)O[Sn](CCCC)(CCCC)CCCC,APQHKWPGGHMYKJ-UHFFFAOYSA-N,APQHKWPGGHMYKJ,LSKGFBJLYWXIOF,resolved,CCC[CH2][Sn]([CH2]CCC)([CH2]CCC)[O][Sn]([CH2]CCC)([CH2]CCC)[CH2]CCC,1,3,1,1,1
133,133,3082,"O,O-Dimethyl S-[2-(methylamino)-2-oxoethyl]phosphorodithioic acid ester",60-51-5,CNC(=O)CSP(=S)(OC)OC,MCWXGJITAZMZEV-UHFFFAOYSA-N,MCWXGJITAZMZEV,MCWXGJITAZMZEV,resolved,CNC(=O)CSP(=S)(OC)OC,1,3,1,1,1
134,134,41384,Carbosulfan (Ref: OMS 3022),55285-14-8,CCCCN(CCCC)SN(C)C(=O)Oc1cccc2c1OC(C)(C)C2,JLQUFIHWVLZVTJ-UHFFFAOYSA-N,JLQUFIHWVLZVTJ,JLQUFIHWVLZVTJ,resolved,CCCCN(CCCC)SN(C)C(=O)Oc1cccc2c1OC(C)(C)C2,1,3,1,1,1
135,135,39385,"1-(4-Chlorophenoxy)-3,3-dimethyl-1-(1H-1,2,4-triazol-1-yl)-2-butanone",43121-43-3,CC(C)(C)C(=O)C(Oc1ccc(Cl)cc1)n1cncn1,WURBVZBTWMNKQT-UHFFFAOYSA-N,WURBVZBTWMNKQT,WURBVZBTWMNKQT,resolved,CC(C)(C)C(=O)C(Oc1ccc(Cl)cc1)n1cncn1,1,1,1,0,0
136,136,24744,(3-Methylphenyl)carbamic acid 3-[(methoxycarbonyl)amino]phenyl ester,13684-63-4,COC(=O)Nc1cccc(OC(=O)Nc2cccc(C)c2)c1,IDOWTHOLJBTAFI-UHFFFAOYSA-N,IDOWTHOLJBTAFI,IDOWTHOLJBTAFI,resolved,COC(=O)Nc1cccc(OC(=O)Nc2cccc(C)c2)c1,1,1,1,0,0
137,137,5281045,Pyrethrins (pyrethrin I),121-21-1,C=CC=CCC1=C(C)C(OC(=O)C2C(C=C(C)C)C2(C)C)CC1=O,ROVGZAWFACYCSP-UHFFFAOYSA-N,ROVGZAWFACYCSP,ROVGZAWFACYCSP,resolved,C=CC=CCC1=C(C)C(OC(=O)C2C(C=C(C)C)C2(C)C)CC1=O,1,3,1,1,1
138,138,24598,"Nitric acid, Chromium(3+) salt",13548-38-4,O=[N+]([O-])[O-].O=[N+]([O-])[O-].O=[N+]([O-])[O-].[Cr+3],PHFQLYPOURZARY-UHFFFAOYSA-N,PHFQLYPOURZARY,GRYLNZFGIOXLOG,resolved,O=[N+]([O-])[O-].O=[N+]([O-])[O-].O=[N+]([O-])[O-].[Cr+3],4,1,1,0,0
139,139,6758,Rotenone (Ref: ENT 133),83-79-4,C=C(C)C1Cc2c(ccc3c2OC2COc4cc(OC)c(OC)cc4C2C3=O)O1,JUVIOZPCNVVQFO-UHFFFAOYSA-N,JUVIOZPCNVVQFO,JUVIOZPCNVVQFO,resolved,C=C(C)C1Cc2c(ccc3c2OC2COc4cc(OC)c(OC)cc4C2C3=O)O1,1,3,1,1,1
140,140,16315,Garlic extract,8008-99-9,C=CCSCC=C,UBJVUCKUDDKUJF-UHFFFAOYSA-N,UBJVUCKUDDKUJF,UBJVUCKUDDKUJF,resolved,C=CCSCC=C,1,0,0,0,0
141,141,6492,Dicyclopentadiene,77-73-6,C1=CC2C3C=CC(C3)C2C1,HECLRDQVFMWTQS-UHFFFAOYSA-N,HECLRDQVFMWTQS,HECLRDQVFMWTQS,resolved,C1=CC2C3C=CC(C3)C2C1,1,0,0,0,0
142,142,5455,"N,N,N',N'-Tetramethylthioperoxydicarbonic diamide ([(H2N)C(S)]2S2)",137-26-8,CN(C)C(=S)SSC(=S)N(C)C,KUAZQDVKQLNFPE-UHFFFAOYSA-N,KUAZQDVKQLNFPE,KUAZQDVKQLNFPE,resolved,CN(C)C(=S)SSC(=S)N(C)C,1,1,1,0,0
143,143,991,"Phosphorothioic acid, O,O-Diethyl-O-(4-nitrophenyl)ester",56-38-2,CCOP(=S)(OCC)Oc1ccc([N+](=O)[O-])cc1,LCCNCVORNKJIRZ-UHFFFAOYSA-N,LCCNCVORNKJIRZ,LCCNCVORNKJIRZ,resolved,CCOP(=S)(OCC)Oc1ccc([N+](=O)[O-])cc1,1,3,1,1,1
144,144,6294,"1,1'-(2,2-Dichloroethylidene)bis[4-chlorobenzene]",72-54-8,Clc1ccc(C(c2ccc(Cl)cc2)C(Cl)Cl)cc1,AHJKRLASYNVKDZ-UHFFFAOYSA-N,AHJKRLASYNVKDZ,AHJKRLASYNVKDZ,resolved,Clc1ccc(C(c2ccc(Cl)cc2)C(Cl)Cl)cc1,1,0,0,0,0
145,145,6327657,Hydroxytriphenylstannane,76-87-9,O.c1ccc([Sn](c2ccccc2)c2ccccc2)cc1,NRHFWOJROOQKBK-UHFFFAOYSA-N,NRHFWOJROOQKBK,SBXWFLISHPUINY,resolved,O.c1cc[c]([Sn]([c]2ccccc2)[c]2ccccc2)cc1,2,0,0,0,0
146,146,6654,Alpha-pinene,80-56-8,CC1=CCC2CC1C2(C)C,GRWFGVWFFZKLTI-UHFFFAOYSA-N,GRWFGVWFFZKLTI,GRWFGVWFFZKLTI,resolved,CC1=CCC2CC1C2(C)C,1,1,1,0,0
147,147,24874,2-aminobutane,13952-84-6,CCC(C)N,BHRZNVHARXXAHW-UHFFFAOYSA-N,BHRZNVHARXXAHW,BHRZNVHARXXAHW,resolved,CCC(C)N,1,1,1,0,0
148,148,6336603,Disodium phosphonate (Ref: IKF-916 25 SC),13708-85-5 ,O=[PH]([O-])[O-].[Na+].[Na+],YPPQYORGOMWNMX-UHFFFAOYSA-L,YPPQYORGOMWNMX,ABLZXFCXXLZCGV,resolved,O=[PH]([O-])[O-].[Na+].[Na+],3,0,0,0,0
149,149,8606,Captan (Ref: SR 406),133-06-2,O=C1C2CC=CCC2C(=O)N1SC(Cl)(Cl)Cl,LDVVMCZRFWMZSG-UHFFFAOYSA-N,LDVVMCZRFWMZSG,LDVVMCZRFWMZSG,resolved,O=C1C2CC=CCC2C(=O)N1SC(Cl)(Cl)Cl,1,1,1,0,0
150,150,10800,DNOC (Ref: ENT 154),534-52-1,Cc1cc([N+](=O)[O-])cc([N+](=O)[O-])c1O,ZXVONLUNISGICL-UHFFFAOYSA-N,ZXVONLUNISGICL,ZXVONLUNISGICL,resolved,Cc1cc([N+](=O)[O-])cc([N+](=O)[O-])c1O,1,0,0,0,0
151,151,6720,"1,2,3,4,5-Pentachloro-6-nitrobenzene",82-68-8,O=[N+]([O-])c1c(Cl)c(Cl)c(Cl)c(Cl)c1Cl,LKPLKUMXSAEKID-UHFFFAOYSA-N,LKPLKUMXSAEKID,LKPLKUMXSAEKID,resolved,O=[N+]([O-])c1c(Cl)c(Cl)c(Cl)c(Cl)c1Cl,1,1,1,0,0
152,152,16559,Lenacil (Ref: DPX B634),2164-08-1,O=c1[nH]c2c(c(=O)n1C1CCCCC1)CCC2,ZTMKADLOSYKWCA-UHFFFAOYSA-N,ZTMKADLOSYKWCA,ZTMKADLOSYKWCA,resolved,O=c1[nH]c2c(c(=O)n1C1CCCCC1)CCC2,1,0,0,0,0
153,153,12541,"S-[2-(Ethylthio)ethyl]O,O-dimethyl ester phosphorodithioc acid",640-15-3,CCSCCSP(=S)(OC)OC,OPASCBHCTNRLRM-UHFFFAOYSA-N,OPASCBHCTNRLRM,OPASCBHCTNRLRM,resolved,CCSCCSP(=S)(OC)OC,1,3,1,1,1
154,154,15938,"1,1'-Dimethyl-4,4'-bipyridinium chloride (1:2)",1910-42-5,C[n+]1ccc(-c2cc[n+](C)cc2)cc1.[Cl-].[Cl-],FIKAKWIAUPDISJ-UHFFFAOYSA-L,FIKAKWIAUPDISJ,INFDPOAKFNIJBF,resolved,C[n+]1ccc(-c2cc[n+](C)cc2)cc1.[Cl-].[Cl-],3,1,1,0,0
155,155,26049,Carene,13466-78-9,CC1=CCC2C(C1)C2(C)C,BQOFWKZOCNGFEC-UHFFFAOYSA-N,BQOFWKZOCNGFEC,BQOFWKZOCNGFEC,resolved,CC1=CCC2C(C1)C2(C)C,1,1,1,0,0
156,156,6861,1-naphthylacetamide,86-86-2,NC(=O)Cc1cccc2ccccc12,XFNJVKMNNVCYEK-UHFFFAOYSA-N,XFNJVKMNNVCYEK,XFNJVKMNNVCYEK,resolved,NC(=O)Cc1cccc2ccccc12,1,1,1,0,0
157,157,5284359,Calcium chloride,10043-52-4,[Ca+2].[Cl-].[Cl-],UXVMQQNJUSDDNG-UHFFFAOYSA-L,UXVMQQNJUSDDNG,BHPQYMZQTOCNFJ,resolved,[Ca+2].[Cl-].[Cl-],3,1,1,0,0
158,158,16693908,Cryolite (Na3(AlF6)),15096-52-3,F[Al-3](F)(F)(F)(F)F.[Na+].[Na+].[Na+],REHXRBDMVPYGJX-UHFFFAOYSA-H,REHXRBDMVPYGJX,REDXJYDRNCIFBQ,resolved,[F][Al-3]([F])([F])([F])([F])[F].[Na+].[Na+].[Na+],4,0,0,0,0
159,159,153909,Tribenuron-methyl (Ref: DPX L5300),101200-48-0,COC(=O)c1ccccc1S(=O)(=O)NC(=O)N(C)c1nc(C)nc(OC)n1,VLCQZHSMCYCDJL-UHFFFAOYSA-N,VLCQZHSMCYCDJL,VLCQZHSMCYCDJL,resolved,COC(=O)c1ccccc1S(=O)(=O)NC(=O)N(C)c1nc(C)nc(OC)n1,1,2,1,1,0
160,160,44134949,Streptomycin sulphate,3810-74-0,CNC1C(OC2C(OC3C(O)C(O)C(N=C(N)N)C(O)C3N=C(N)N)OC(C)C2(O)C=O)OC(CO)C(O)C1O.CNC1C(OC2C(OC3C(O)C(O)C(N=C(N)N)C(O)C3N=C(N)N)OC(C)C2(O)C=O)OC(CO)C(O)C1O.O=S(=O)(O)O.O=S(=O)(O)O.O=S(=O)(O)O,QTENRWWVYAAPBI-UHFFFAOYSA-N,QTENRWWVYAAPBI,UCSJYZPVAKXKNQ,resolved,CNC1C(OC2C(OC3C(O)C(O)C(N=C(N)N)C(O)C3N=C(N)N)OC(C)C2(O)C=O)OC(CO)C(O)C1O.CNC1C(OC2C(OC3C(O)C(O)C(N=C(N)N)C(O)C3N=C(N)N)OC(C)C2(O)C=O)OC(CO)C(O)C1O.O=S(=O)(O)O.O=S(=O)(O)O.O=S(=O)(O)O,5,1,1,0,0
161,161,5794,Piperonyl butoxide (Ref: ENT 14250),51-03-6,CCCCOCCOCCOCc1cc2c(cc1CCC)OCO2,FIPWRIJSWJWJAI-UHFFFAOYSA-N,FIPWRIJSWJWJAI,FIPWRIJSWJWJAI,resolved,CCCCOCCOCCOCc1cc2c(cc1CCC)OCO2,1,0,0,0,0
162,162,5362487,Sulfur,7704-34-9,[S],NINIDFKCEFEMDL-UHFFFAOYSA-N,NINIDFKCEFEMDL,NINIDFKCEFEMDL,resolved,[S],1,0,0,0,0
163,163,24572,Lead arsenate,7784-40-9,O=[As]([O-])([O-])O.[Pb+2],UWRBYRMOUPAKLM-UHFFFAOYSA-L,UWRBYRMOUPAKLM,DJHGAFSJWGLOIV,resolved,O=[As]([O-])([O-])O.[Pb+2],2,2,1,1,0
164,164,8422,2-naphthyloxyacetic acid,120-23-0,O=C(O)COc1ccc2ccccc2c1,RZCJYMOBWVJQGV-UHFFFAOYSA-N,RZCJYMOBWVJQGV,RZCJYMOBWVJQGV,resolved,O=C(O)COc1ccc2ccccc2c1,1,0,0,0,0
165,165,52999,Metsulfuron-methyl (Ref: DPX T6376),74223-64-6,COC(=O)c1ccccc1S(=O)(=O)NC(=O)Nc1nc(C)nc(OC)n1,RSMUVYRMZCOLBH-UHFFFAOYSA-N,RSMUVYRMZCOLBH,RSMUVYRMZCOLBH,resolved,COC(=O)c1ccccc1S(=O)(=O)NC(=O)Nc1nc(C)nc(OC)n1,1,1,1,0,0
166,166,26229,(4-chlorophenoxy)acetic acid,122-88-3,O=C(O)COc1ccc(Cl)cc1,SODPIMGUZLOIPE-UHFFFAOYSA-N,SODPIMGUZLOIPE,SODPIMGUZLOIPE,resolved,O=C(O)COc1ccc(Cl)cc1,1,1,1,0,0
167,167,71310221,Pyrethrins and Pyrethroids,8003-34-7,C=CC=CCC1=C(C)C(OC(=O)C2C(C=C(C)C(=O)OC)C2(C)C)CC1=O.C=CC=CCC1=C(C)C(OC(=O)C2C(C=C(C)C)C2(C)C)CC1=O,VXSIXFKKSNGRRO-UHFFFAOYSA-N,VXSIXFKKSNGRRO,VJFUPGQZSXIULQ,resolved,C=CC=CCC1=C(C)C(OC(=O)C2C(C=C(C)C(=O)OC)C2(C)C)CC1=O.C=CC=CCC1=C(C)C(OC(=O)C2C(C=C(C)C)C2(C)C)CC1=O,2,3,1,1,1
168,168,583586,Pyrethrins (pyrethrin II) (Ref: ENT 7543 ),121-29-9,C=CC=CCC1=C(C)C(OC(=O)C2C(C=C(C)C(=O)OC)C2(C)C)CC1=O,VJFUPGQZSXIULQ-UHFFFAOYSA-N,VJFUPGQZSXIULQ,VJFUPGQZSXIULQ,resolved,C=CC=CCC1=C(C)C(OC(=O)C2C(C=C(C)C(=O)OC)C2(C)C)CC1=O,1,3,1,1,1
169,169,23973,Cadmium,7440-43-9,[Cd],BDOSMKKIYDKNTQ-UHFFFAOYSA-N,BDOSMKKIYDKNTQ,BDOSMKKIYDKNTQ,resolved,[Cd],1,0,0,0,0
170,170,121494065,Calcium sulfide (Ca(Sx)),1344-81-6,[Ca+2].[S-]SSS[S-],JNVCSEDACVAATK-UHFFFAOYSA-L,JNVCSEDACVAATK,FBNHIFPJXGPDIP,resolved,[Ca+2].[S-]SSS[S-],2,1,1,0,0
171,171,25670,"Phosphorodithioic acid S-[[(1,1-dimethylethyl)thio]O,O-diethylmethyl]ester",13071-79-9,CCOP(=S)(OCC)SCSC(C)(C)C,XLNZEKHULJKQBA-UHFFFAOYSA-N,XLNZEKHULJKQBA,XLNZEKHULJKQBA,resolved,CCOP(=S)(OCC)SCSC(C)(C)C,1,2,1,1,0
172,172,44073,Acifluorfen (Ref: RH 5781),50594-66-6,O=C(O)c1cc(Oc2ccc(C(F)(F)F)cc2Cl)ccc1[N+](=O)[O-],NUFNQYOELLVIPL-UHFFFAOYSA-N,NUFNQYOELLVIPL,NUFNQYOELLVIPL,resolved,O=C(O)c1cc(Oc2ccc(C(F)(F)F)cc2Cl)ccc1[N+](=O)[O-],1,1,1,0,0
173,173,6422843,[2-[[[1-(4-Chlorophenyl)-1H-pyrazol-3-yl]oxy]methyl]phenyl]methoxycarbamic acid methyl ester,175013-18-0,COC(=O)N(OC)c1ccccc1COc1ccn(-c2ccc(Cl)cc2)n1,HZRSNVGNWUDEFX-UHFFFAOYSA-N,HZRSNVGNWUDEFX,HZRSNVGNWUDEFX,resolved,COC(=O)N(OC)c1ccccc1COc1ccn(-c2ccc(Cl)cc2)n1,1,1,1,0,0
174,174,16211214,Borax,1303-96-4,O.O.O.O.O.O.O.O.O.O.O=BOB([O-])OB([O-])OB=O.[Na+].[Na+],OJPFLODMGUZMKD-UHFFFAOYSA-N,OJPFLODMGUZMKD,RTANKYMJXZNJGQ,resolved,O.O.O.O.O.O.O.O.O.O.O=BOB([O-])OB([O-])OB=O.[Na+].[Na+],13,0,0,0,0
175,175,56841936,Kaolin,1332-58-7,O.O.O=[Al]O[Si](=O)O[Si](=O)O[Al]=O,NLYAJNPCOHFWQQ-UHFFFAOYSA-N,NLYAJNPCOHFWQQ,BLWUSAVPLFNOFW,resolved,O.O.[O]=[Al][O][Si](=O)O[Si](=O)[O][Al]=[O],3,1,1,0,0
176,176,26710,"(OC-6-11)-tris(N,N-Dimethylcarbamodithioato-kappaS,kappaS')iron",14484-64-1,CN(C)C(=S)[S-].CN(C)C(=S)[S-].CN(C)C(=S)[S-].[Fe+3],WHDGWKAJBYRJJL-UHFFFAOYSA-K,WHDGWKAJBYRJJL,MZGNSEAPZQGJRB,resolved,CN(C)C(=S)[S-].CN(C)C(=S)[S-].CN(C)C(=S)[S-].[Fe+3],4,0,0,0,0
177,177,7511,Phenylmercury chloride,100-56-1,Cl[Hg]c1ccccc1,AWGTVRDHKJQFAX-UHFFFAOYSA-M,AWGTVRDHKJQFAX,AWGTVRDHKJQFAX,resolved,[Cl][Hg][c]1ccccc1,1,1,1,0,0
178,178,44072,"5-[2-Chloro-4-(trifluoromethyl)phenoxy]-2-nitrobenzoic acid, Sodium salt (1:1)",62476-59-9,O=C([O-])c1cc(Oc2ccc(C(F)(F)F)cc2Cl)ccc1[N+](=O)[O-].[Na+],RVULBHWZFCBODE-UHFFFAOYSA-M,RVULBHWZFCBODE,NUFNQYOELLVIPL,resolved,O=C([O-])c1cc(Oc2ccc(C(F)(F)F)cc2Cl)ccc1[N+](=O)[O-].[Na+],2,1,1,0,0
179,179,6435890,Abamectin (Ref: MK 936),71751-41-2,CCC(C)C1OC2(C=CC1C)CC1CC(CC=C(C)C(OC3CC(OC)C(OC4CC(OC)C(O)C(C)O4)C(C)O3)C(C)C=CC=C3COC4C(O)C(C)=CC(C(=O)O1)C34O)O2.COC1CC(OC2C(C)OC(OC3C(C)=CCC4CC(CC5(C=CC(C)C(C(C)C)O5)O4)OC(=O)C4C=C(C)C(O)C5OCC(=CC=CC3C)C45O)CC2OC)OC(C)C1O,IBSREHMXUMOFBB-UHFFFAOYSA-N,IBSREHMXUMOFBB,RRZXIRBKKLTSOM,resolved,CCC(C)C1OC2(C=CC1C)CC1CC(CC=C(C)C(OC3CC(OC)C(OC4CC(OC)C(O)C(C)O4)C(C)O3)C(C)C=CC=C3COC4C(O)C(C)=CC(C(=O)O1)C34O)O2.COC1CC(OC2C(C)OC(OC3C(C)=CCC4CC(CC5(C=CC(C)C(C(C)C)O5)O4)OC(=O)C4C=C(C)C(O)C5OCC(=CC=CC3C)C45O)CC2OC)OC(C)C1O,2,3,1,1,1
180,180,80277,"1-[2-(2,4-Dichlorophenyl)-3-(1,1,2,2-tetrafluoroethoxy)propyl]-1H-1,2,4-triazole",112281-77-3,FC(F)C(F)(F)OCC(Cn1cncn1)c1ccc(Cl)cc1Cl,LQDARGUHUSPFNL-UHFFFAOYSA-N,LQDARGUHUSPFNL,LQDARGUHUSPFNL,resolved,FC(F)C(F)(F)OCC(Cn1cncn1)c1ccc(Cl)cc1Cl,1,1,1,0,0
181,181,13089,"O,P'-DDT",789-02-6,Clc1ccc(C(c2ccccc2Cl)C(Cl)(Cl)Cl)cc1,CVUGPAFCQJIYDT-UHFFFAOYSA-N,CVUGPAFCQJIYDT,CVUGPAFCQJIYDT,resolved,Clc1ccc(C(c2ccccc2Cl)C(Cl)(Cl)Cl)cc1,1,3,1,1,1
182,182,5359596,Arsenic,7440-38-2,[As],RQNWIZPPADIBDY-UHFFFAOYSA-N,RQNWIZPPADIBDY,RQNWIZPPADIBDY,resolved,[As],1,0,0,0,0
183,183,31200,"Phosphorothioic acid O,O-dimethyl O-(3-methyl-4-nitrophenyl)ester",122-14-5,COP(=S)(OC)Oc1ccc([N+](=O)[O-])c(C)c1,ZNOLGFHPUIJIMJ-UHFFFAOYSA-N,ZNOLGFHPUIJIMJ,ZNOLGFHPUIJIMJ,resolved,COP(=S)(OC)Oc1ccc([N+](=O)[O-])c(C)c1,1,3,1,1,1
184,184,4420,"Phosphoric acid 1,2-dibromo-2,2-dichloroethyl dimethyl ester",300-76-5,COP(=O)(OC)OC(Br)C(Cl)(Cl)Br,BUYMVQAILCEWRR-UHFFFAOYSA-N,BUYMVQAILCEWRR,BUYMVQAILCEWRR,resolved,COP(=O)(OC)OC(Br)C(Cl)(Cl)Br,1,3,1,1,1
185,185,24685,"N-Phenylcarbamic acid, 1-Methylethyl ester",122-42-9,CC(C)OC(=O)Nc1ccccc1,VXPLXMJHHKHSOA-UHFFFAOYSA-N,VXPLXMJHHKHSOA,VXPLXMJHHKHSOA,resolved,CC(C)OC(=O)Nc1ccccc1,1,0,0,0,0
186,186,23677060,"Arsenic acid (H3AsO4), Sodium salt (1:?)",7631-89-2,O=[As]([O-])(O)O.[Na+],XCVRTGQHVBWRJB-UHFFFAOYSA-M,XCVRTGQHVBWRJB,DJHGAFSJWGLOIV,resolved,O=[As]([O-])(O)O.[Na+],2,2,1,1,0
187,187,4936,"2-[4-(1,1-Dimethylethyl)phenoxy]cyclohexyl 2-propynyl ester sulfurous acid",2312-35-8,C#CCOS(=O)OC1CCCCC1Oc1ccc(C(C)(C)C)cc1,ZYHMJXZULPZUED-UHFFFAOYSA-N,ZYHMJXZULPZUED,ZYHMJXZULPZUED,resolved,C#CCOS(=O)OC1CCCCC1Oc1ccc(C(C)(C)C)cc1,1,1,1,0,0
188,188,3467,Gentamicin,1403-66-3,CNC(C)C1CCC(N)C(OC2C(N)CC(N)C(OC3OCC(C)(O)C(NC)C3O)C2O)O1,CEAZRRDELHUEMR-UHFFFAOYSA-N,CEAZRRDELHUEMR,CEAZRRDELHUEMR,resolved,CNC(C)C1CCC(N)C(OC2C(N)CC(N)C(OC3OCC(C)(O)C(NC)C3O)C2O)O1,1,1,1,0,0
189,189,43234,"1-[[2-(2,4-Dichlorophenyl)-4-propyl-1,3-dioxolan-2-yl]methyl]-1H-1,2,4-triazole",60207-90-1,CCCC1COC(Cn2cncn2)(c2ccc(Cl)cc2Cl)O1,STJLVHWMYQXCPB-UHFFFAOYSA-N,STJLVHWMYQXCPB,STJLVHWMYQXCPB,resolved,CCCC1COC(Cn2cncn2)(c2ccc(Cl)cc2Cl)O1,1,1,1,0,0
190,190,7204,2-(4-Chloro-2-methylphenoxy)acetic acid,94-74-6,Cc1cc(Cl)ccc1OCC(=O)O,WHKUVVPPKQRRBV-UHFFFAOYSA-N,WHKUVVPPKQRRBV,WHKUVVPPKQRRBV,resolved,Cc1cc(Cl)ccc1OCC(=O)O,1,1,1,0,0
191,191,91677,Flurochloridone (Ref: R 40244),61213-25-0,O=C1C(Cl)C(CCl)CN1c1cccc(C(F)(F)F)c1,OQZCSNDVOWYALR-UHFFFAOYSA-N,OQZCSNDVOWYALR,OQZCSNDVOWYALR,resolved,O=C1C(Cl)C(CCl)CN1c1cccc(C(F)(F)F)c1,1,1,1,0,0
192,192,5993,Chlordane (Technical Grade),12789-03-6,ClC1=C(Cl)C2(Cl)C3C(Cl)C(Cl)CC3C1(Cl)C2(Cl)Cl,BIWJNBZANLAXMG-UHFFFAOYSA-N,BIWJNBZANLAXMG,BIWJNBZANLAXMG,resolved,ClC1=C(Cl)C2(Cl)C3C(Cl)C(Cl)CC3C1(Cl)C2(Cl)Cl,1,2,1,1,0
193,193,6197,"4-[(2R)-2-[(1S,3S,5S)-3,5-Dimethyl-2-oxocyclohexyl]-2-hydroxyethyl]-2,6-piperidinedione",66-81-9,CC1CC(C)C(=O)C(C(O)CC2CC(=O)NC(=O)C2)C1,YPHMISFOHDHNIV-UHFFFAOYSA-N,YPHMISFOHDHNIV,YPHMISFOHDHNIV,resolved,CC1CC(C)C(=O)C(C(O)CC2CC(=O)NC(=O)C2)C1,1,0,0,0,0
194,194,5053,"2,2-Dimethyl-3-(2-methyl-1-propen-1-yl)cyclopropanecarboxylic acid [5-(phenylmethyl)-3-furanyl]methyl ester",10453-86-8,CC(C)=CC1C(C(=O)OCc2coc(Cc3ccccc3)c2)C1(C)C,VEMKTZHHVJILDY-UHFFFAOYSA-N,VEMKTZHHVJILDY,VEMKTZHHVJILDY,resolved,CC(C)=CC1C(C(=O)OCc2coc(Cc3ccccc3)c2)C1(C)C,1,3,1,1,1
195,195,5125,Tribufos,78-48-8,CCCCSP(=O)(SCCCC)SCCCC,ZOKXUAHZSKEQSS-UHFFFAOYSA-N,ZOKXUAHZSKEQSS,ZOKXUAHZSKEQSS,resolved,CCCCSP(=O)(SCCCC)SCCCC,1,1,1,0,0
196,196,100633,Karanjin,521-88-0,COc1c(-c2ccccc2)oc2c(ccc3occc32)c1=O,LKPQNZRGGNOPPU-UHFFFAOYSA-N,LKPQNZRGGNOPPU,LKPQNZRGGNOPPU,resolved,COc1c(-c2ccccc2)oc2c(ccc3occc32)c1=O,1,1,1,0,0
197,197,5114,Ryanodine,15662-33-6,CC1CCC2(O)C3(C)CC4(O)OC2(C1O)C1(O)C3(O)C(OC(=O)c2ccc[nH]2)C(O)(C(C)C)C41C,JJSYXNQGLHBRRK-UHFFFAOYSA-N,JJSYXNQGLHBRRK,JJSYXNQGLHBRRK,resolved,CC1CCC2(O)C3(C)CC4(O)OC2(C1O)C1(O)C3(O)C(OC(=O)c2ccc[nH]2)C(O)(C(C)C)C41C,1,0,0,0,0
198,198,7430,"2,6-Dichloro-4-nitrobenzenamine",99-30-9,Nc1c(Cl)cc([N+](=O)[O-])cc1Cl,BIXZHMJUSMUDOQ-UHFFFAOYSA-N,BIXZHMJUSMUDOQ,BIXZHMJUSMUDOQ,resolved,Nc1c(Cl)cc([N+](=O)[O-])cc1Cl,1,0,0,0,0
199,199,23694671,"1-Naphthaleneacetic acid, Sodium salt",61-31-4,O=C([O-])Cc1cccc2ccccc12.[Na+],CJUUXVFWKYRHAR-UHFFFAOYSA-M,CJUUXVFWKYRHAR,PRPINYUDVPFIRX,resolved,O=C([O-])Cc1cccc2ccccc12.[Na+],2,1,1,0,0
200,200,24726,"1,3-dichloropropene (Ref: D D92)",542-75-6,C=CC(Cl)Cl,VRTNIWBNFSHDEB-UHFFFAOYSA-N,VRTNIWBNFSHDEB,VRTNIWBNFSHDEB,resolved,C=CC(Cl)Cl,1,2,1,1,0
201,201,6451137,Cyclosulfamuron (Ref: BAS 710H),136849-15-5,COc1cc(OC)nc(NC(=O)NS(=O)(=O)Nc2ccccc2C(=O)C2CC2)n1,OFSLKOLYLQSJPB-UHFFFAOYSA-N,OFSLKOLYLQSJPB,OFSLKOLYLQSJPB,resolved,COc1cc(OC)nc(NC(=O)NS(=O)(=O)Nc2ccccc2C(=O)C2CC2)n1,1,1,1,0,0
202,202,2724048,2-(4-Chloro-2-methylphenoxy)acetic acid sodium salt (1:1),3653-48-3,Cc1cc(Cl)ccc1OCC(=O)[O-].[Na+],STAPBGVGYWCRTF-UHFFFAOYSA-M,STAPBGVGYWCRTF,WHKUVVPPKQRRBV,resolved,Cc1cc(Cl)ccc1OCC(=O)[O-].[Na+],2,0,0,0,0
203,203,8540,"2-Cyclohexyl-4,6-dinitrophenol",131-89-5,O=[N+]([O-])c1cc(C2CCCCC2)c(O)c([N+](=O)[O-])c1,QJYHUJAGJUHXJN-UHFFFAOYSA-N,QJYHUJAGJUHXJN,QJYHUJAGJUHXJN,resolved,O=[N+]([O-])c1cc(C2CCCCC2)c(O)c([N+](=O)[O-])c1,1,0,0,0,0
204,204,50367,"2-[(1,1-Dimethylethyl)imino]tetrahydro-3-(1-methylethyl)-5-phenyl-4H-1,3,5-thiadiazin-4-one",69327-76-0,CC(C)N1C(=O)N(c2ccccc2)CSC1=NC(C)(C)C,PRLVTUNWOQKEAI-UHFFFAOYSA-N,PRLVTUNWOQKEAI,PRLVTUNWOQKEAI,resolved,CC(C)N1C(=O)N(c2ccccc2)CSC1=NC(C)(C)C,1,1,1,0,0
205,205,3589,"1,4,5,6,7,8,8-Heptachloro-3a,4,7,7a-tetrahydro-4,7-methano-1H-indene",76-44-8,ClC1=C(Cl)C2(Cl)C3C(Cl)C=CC3C1(Cl)C2(Cl)Cl,FRCCEHPWNOQAEU-UHFFFAOYSA-N,FRCCEHPWNOQAEU,FRCCEHPWNOQAEU,resolved,ClC1=C(Cl)C2(Cl)C3C(Cl)C=CC3C1(Cl)C2(Cl)Cl,1,3,1,1,1
206,206,7161,"2-(2,4,5-Trichlorophenoxy)acetic acid, Butyl ester",93-79-8,CCCCOC(=O)COc1cc(Cl)c(Cl)cc1Cl,FNEXNZUHBCBQTI-UHFFFAOYSA-N,FNEXNZUHBCBQTI,FNEXNZUHBCBQTI,resolved,CCCCOC(=O)COc1cc(Cl)c(Cl)cc1Cl,1,0,0,0,0
207,207,2087,"(1R,4S,4aS,5S,8R,8aR)-rel-1,2,3,4,10,10-Hexachloro-1,4,4a,5,8,8a-hexahydro-1,4:5,8-dimethanonaphthalene",309-00-2,ClC1=C(Cl)C2(Cl)C3C4C=CC(C4)C3C1(Cl)C2(Cl)Cl,QBYJBZPUGVGKQQ-UHFFFAOYSA-N,QBYJBZPUGVGKQQ,QBYJBZPUGVGKQQ,resolved,ClC1=C(Cl)C2(Cl)C3C4C=CC(C4)C3C1(Cl)C2(Cl)Cl,1,3,1,1,1
208,208,8330,Tecnazene,117-18-0,O=[N+]([O-])c1c(Cl)c(Cl)cc(Cl)c1Cl,XQTLDIFVVHJORV-UHFFFAOYSA-N,XQTLDIFVVHJORV,XQTLDIFVVHJORV,resolved,O=[N+]([O-])c1c(Cl)c(Cl)cc(Cl)c1Cl,1,1,1,0,0
209,209,439306,Laminarin (Ref: H11),9008-22-4,OCC1OC(OC2C(O)C(CO)OC(OC3C(O)C(O)OC(CO)C3O)C2O)C(O)C(O)C1O,DBTMGCOVALSLOR-UHFFFAOYSA-N,DBTMGCOVALSLOR,DBTMGCOVALSLOR,resolved,OCC1OC(OC2C(O)C(CO)OC(OC3C(O)C(O)OC(CO)C3O)C2O)C(O)C(O)C1O,1,1,1,0,0
210,210,13708,"Phosphoric acid, Dimethyl 4-nitrophenyl ester",950-35-6,COP(=O)(OC)Oc1ccc([N+](=O)[O-])cc1,BAFQDKPJKOLXFZ-UHFFFAOYSA-N,BAFQDKPJKOLXFZ,BAFQDKPJKOLXFZ,resolved,COP(=O)(OC)Oc1ccc([N+](=O)[O-])cc1,1,3,1,1,1
211,211,11442,Bioallethrin,260359-57-7,C=CCC1=C(C)C(OC(=O)C2C(C=C(C)C)C2(C)C)CC1=O,ZCVAOQKBXKSDMS-UHFFFAOYSA-N,ZCVAOQKBXKSDMS,ZCVAOQKBXKSDMS,resolved,C=CCC1=C(C)C(OC(=O)C2C(C=C(C)C)C2(C)C)CC1=O,1,2,1,1,0
212,212,54675779,Oxytetracycline,79-57-2,CN(C)C1C(=O)C(C(N)=O)=C(O)C2(O)C(=O)C3=C(O)c4c(O)cccc4C(C)(O)C3C(O)C12,OWFJMIVZYSDULZ-UHFFFAOYSA-N,OWFJMIVZYSDULZ,OWFJMIVZYSDULZ,resolved,CN(C)C1C(=O)C(C(N)=O)=C(O)C2(O)C(=O)C3=C(O)c4c(O)cccc4C(C)(O)C3C(O)C12,1,1,1,0,0
213,213,13783,Dinobuton (Ref: OMS 1056),973-21-7,CCC(C)c1cc([N+](=O)[O-])cc([N+](=O)[O-])c1OC(=O)OC(C)C,HDWLUGYOLUHEMN-UHFFFAOYSA-N,HDWLUGYOLUHEMN,HDWLUGYOLUHEMN,resolved,CCC(C)c1cc([N+](=O)[O-])cc([N+](=O)[O-])c1OC(=O)OC(C)C,1,1,1,0,0
214,214,969491,"(1aR,2R,2aS,3S,6R,6aR,7S,7aS)-rel-3,4,5,6,9,9-Hexachloro-1a,2,2a,3,6,6a,7,7a-octahydro-2,7:3,6-dimethanonaphth[2,3-b]oxirene ",60-57-1,ClC1=C(Cl)C2(Cl)C3C4CC(C5OC45)C3C1(Cl)C2(Cl)Cl,DFBKLUNHFCTMDC-UHFFFAOYSA-N,DFBKLUNHFCTMDC,DFBKLUNHFCTMDC,resolved,ClC1=C(Cl)C2(Cl)C3C4CC(C5OC45)C3C1(Cl)C2(Cl)Cl,1,3,1,1,1
215,215,6950,"2-(1-Methylpropyl)-4,6-dinitrophenol",88-85-7,CCC(C)c1cc([N+](=O)[O-])cc([N+](=O)[O-])c1O,OWZPCEFYPSAJFR-UHFFFAOYSA-N,OWZPCEFYPSAJFR,OWZPCEFYPSAJFR,resolved,CCC(C)c1cc([N+](=O)[O-])cc([N+](=O)[O-])c1O,1,1,1,0,0
216,216,24723,"O,O-Diethyl S-[2-(ethylsulfanyl)ethyl] phosphorothioate",126-75-0,CCOP(=O)(OCC)SCCSCC,GRPRVIYRYGLIJU-UHFFFAOYSA-N,GRPRVIYRYGLIJU,GRPRVIYRYGLIJU,resolved,CCOP(=O)(OCC)SCCSCC,1,2,1,1,0
217,217,47491,"2-Chloro-N-[[(4-methoxy-6-methyl-1,3,5-triazin-2-yl)amino]carbonyl]benzenesulfonamide",64902-72-3,COc1nc(C)nc(NC(=O)NS(=O)(=O)c2ccccc2Cl)n1,VJYIFXVZLXQVHO-UHFFFAOYSA-N,VJYIFXVZLXQVHO,VJYIFXVZLXQVHO,resolved,COc1nc(C)nc(NC(=O)NS(=O)(=O)c2ccccc2Cl)n1,1,1,1,0,0
218,218,5590,"alpha-(4-(1,1,3,3-Tetramethylbutyl)phenyl)-omega-hydroxypoly(oxy-1,2-ethanediyl)",9002-93-1,CC(C)(C)CC(C)(C)c1ccc(OCCO)cc1,JYCQQPHGFMYQCF-UHFFFAOYSA-N,JYCQQPHGFMYQCF,JYCQQPHGFMYQCF,resolved,CC(C)(C)CC(C)(C)c1ccc(OCCO)cc1,1,0,0,0,0
219,219,40326,"3-(2,2-Dichloroethenyl)-2,2-dimethylcyclopropanecarboxylic acid, (3-Phenoxyphenyl)methyl ester",52645-53-1,CC1(C)C(C=C(Cl)Cl)C1C(=O)OCc1cccc(Oc2ccccc2)c1,RLLPVAHGXHCWKJ-UHFFFAOYSA-N,RLLPVAHGXHCWKJ,RLLPVAHGXHCWKJ,resolved,CC1(C)C(C=C(Cl)Cl)C1C(=O)OCc1cccc(Oc2ccccc2)c1,1,3,1,1,1
220,220,8722,Ziram,137-30-4,CN(C)C(=S)[S-].CN(C)C(=S)[S-].[Zn+2],DUBNHZYBDBBJHD-UHFFFAOYSA-L,DUBNHZYBDBBJHD,MZGNSEAPZQGJRB,resolved,CN(C)C(=S)[S-].CN(C)C(=S)[S-].[Zn+2],3,1,1,0,0
221,221,5543,"N,N-Bis(1-methylethyl)carbamothioic acid, S-(2,3,3-trichloro-2-propen-1-yl) ester",2303-17-5,CC(C)N(C(=O)SCC(Cl)=C(Cl)Cl)C(C)C,MWBPRDONLNQCFV-UHFFFAOYSA-N,MWBPRDONLNQCFV,MWBPRDONLNQCFV,resolved,CC(C)N(C(=O)SCC(Cl)=C(Cl)Cl)C(C)C,1,1,1,0,0
222,222,40087,"N-Phenyl-N'-1,2,3-thiadiazol-5-yl-urea",51707-55-2,O=C(Nc1ccccc1)Nc1cnns1,HFCYZXMHUIHAQI-UHFFFAOYSA-N,HFCYZXMHUIHAQI,HFCYZXMHUIHAQI,resolved,O=C(Nc1ccccc1)Nc1cnns1,1,1,1,0,0
223,223,21896651,Chitosan hydrochloride,9012-76-4,COC(=O)NC1C(OC2C(CO)OC(OC3C(CO)OC(O)C(N)C3O)C(N)C2O)OC(CO)C(OC2OC(CO)C(OC3OC(CO)C(OC4OC(CO)C(OC5OC(CO)C(OC6OC(CO)C(OC7OC(CO)C(O)C(O)C7N)C(O)C6N)C(O)C5N)C(O)C4N)C(O)C3N)C(O)C2N)C1O,FLASNYPZGWUPSU-UHFFFAOYSA-N,FLASNYPZGWUPSU,FLASNYPZGWUPSU,resolved,COC(=O)NC1C(OC2C(CO)OC(OC3C(CO)OC(O)C(N)C3O)C(N)C2O)OC(CO)C(OC2OC(CO)C(OC3OC(CO)C(OC4OC(CO)C(OC5OC(CO)C(OC6OC(CO)C(OC7OC(CO)C(O)C(O)C7N)C(O)C6N)C(O)C5N)C(O)C4N)C(O)C3N)C(O)C2N)C1O,1,1,1,0,0
224,224,5392,"O,O'-(Thiodi-4,1-phenylene) O,O,O',O'-tetramethyl ester phosphorothioic acid",3383-96-8,COP(=S)(OC)Oc1ccc(Sc2ccc(OP(=S)(OC)OC)cc2)cc1,WWJZWCUNLNYYAU-UHFFFAOYSA-N,WWJZWCUNLNYYAU,WWJZWCUNLNYYAU,resolved,COP(=S)(OC)Oc1ccc(Sc2ccc(OP(=S)(OC)OC)cc2)cc1,1,2,1,1,0
225,225,12540,Chlorotriphenylstannane,639-58-7,Cl[Sn](c1ccccc1)(c1ccccc1)c1ccccc1,NJVOZLGKTAPUTQ-UHFFFAOYSA-M,NJVOZLGKTAPUTQ,NJVOZLGKTAPUTQ,resolved,[Cl][Sn]([c]1ccccc1)([c]1ccccc1)[c]1ccccc1,1,1,1,0,0
226,226,3017,"O,O-Diethyl O-[6-methyl-2-(1-methylethyl)-4-pyrimidinyl] ester phosphorothioic acid",333-41-5,CCOP(=S)(OCC)Oc1cc(C)nc(C(C)C)n1,FHIVAFMUCKRCQO-UHFFFAOYSA-N,FHIVAFMUCKRCQO,FHIVAFMUCKRCQO,resolved,CCOP(=S)(OCC)Oc1cc(C)nc(C(C)C)n1,1,3,1,1,1
227,227,6328134,Fosetyl,15845-66-6,CCOP(=O)=O,ZUNGGJHBMLMRFJ-UHFFFAOYSA-N,ZUNGGJHBMLMRFJ,ZUNGGJHBMLMRFJ,resolved,CCOP(=O)=O,1,1,1,0,0
228,228,10372,Chlorthion (Ref: BAY 22/190 ),500-28-7,COP(=S)(OC)Oc1ccc([N+](=O)[O-])c(Cl)c1,NZNRRXXETLSZRO-UHFFFAOYSA-N,NZNRRXXETLSZRO,NZNRRXXETLSZRO,resolved,COP(=S)(OC)Oc1ccc([N+](=O)[O-])c(Cl)c1,1,3,1,1,1
229,229,17334,"2-Chloro-9-hydroxy-9H-fluorene-9-carboxylic acid, Methyl ester",2536-31-4,COC(=O)C1(O)c2ccccc2-c2ccc(Cl)cc21,LINPVWIEWJTEEJ-UHFFFAOYSA-N,LINPVWIEWJTEEJ,LINPVWIEWJTEEJ,resolved,COC(=O)C1(O)c2ccccc2-c2ccc(Cl)cc21,1,1,1,0,0
230,230,15910,"2,4,5,6-Tetrachloro-1,3-benzenedicarbonitrile",1897-45-6,N#Cc1c(Cl)c(Cl)c(Cl)c(C#N)c1Cl,CRQQGFGUEAVUIL-UHFFFAOYSA-N,CRQQGFGUEAVUIL,CRQQGFGUEAVUIL,resolved,N#Cc1c(Cl)c(Cl)c(Cl)c(C#N)c1Cl,1,0,0,0,0
231,231,13346,Demeton-O-methyl (Ref: ENT 18862),867-27-6,CCSCCOP(=S)(OC)OC,ZVZQKNVMDKSGGF-UHFFFAOYSA-N,ZVZQKNVMDKSGGF,ZVZQKNVMDKSGGF,resolved,CCSCCOP(=S)(OC)OC,1,2,1,1,0
232,232,54738,Imazapyr,81334-34-1,CC(C)C1(C)N=C(c2ncccc2C(=O)O)NC1=O,CLQMBPJKHLGMQK-UHFFFAOYSA-N,CLQMBPJKHLGMQK,CLQMBPJKHLGMQK,resolved,CC(C)C1(C)N=C(c2ncccc2C(=O)O)NC1=O,1,1,1,0,0
233,233,6295,"1,1'-(2,2-Dichloroethylidene)bis[4-ethylbenzene",72-56-0,CCc1ccc(C(c2ccc(CC)cc2)C(Cl)Cl)cc1,QFMDFTQOJHFVNR-UHFFFAOYSA-N,QFMDFTQOJHFVNR,QFMDFTQOJHFVNR,resolved,CCc1ccc(C(c2ccc(CC)cc2)C(Cl)Cl)cc1,1,2,1,1,0
234,234,5284389,Dinocap (Ref: ENT 24727),39300-45-3,CC=CC(=O)Oc1c(C(C)CCCCCC)cc([N+](=O)[O-])cc1[N+](=O)[O-],NIOPZPCMRQGZCE-UHFFFAOYSA-N,NIOPZPCMRQGZCE,NIOPZPCMRQGZCE,resolved,CC=CC(=O)Oc1c(C(C)CCCCCC)cc([N+](=O)[O-])cc1[N+](=O)[O-],1,2,1,1,0
235,235,18609,"Thiodiphosphoric acid, Tetrapropyl ester",3244-90-4,CCCOP(=S)(OCCC)OP(=S)(OCCC)OCCC,IIDFEIDMIKSJSV-UHFFFAOYSA-N,IIDFEIDMIKSJSV,IIDFEIDMIKSJSV,resolved,CCCOP(=S)(OCCC)OP(=S)(OCCC)OCCC,1,1,1,0,0
236,236,7639,Chlorbenside (Ref: ENT 20696),103-17-3,Clc1ccc(CSc2ccc(Cl)cc2)cc1,ZHLKXBJTJHRTTE-UHFFFAOYSA-N,ZHLKXBJTJHRTTE,ZHLKXBJTJHRTTE,resolved,Clc1ccc(CSc2ccc(Cl)cc2)cc1,1,0,0,0,0
237,237,3032297,"N,N'-1,2-Ethanediylbiscarbamodithioic acid, Sodium salt (1:2)",142-59-6,S=C([S-])NCCNC(=S)[S-].[Na+].[Na+],UQJQVUOTMVCFHX-UHFFFAOYSA-L,UQJQVUOTMVCFHX,AWYFNIZYMPNGAI,resolved,S=C([S-])NCCNC(=S)[S-].[Na+].[Na+],3,1,1,0,0
238,238,4618,"Phosphorothioic acid, S-[2-(Ethylsulfinyl)ethyl] O,O-dimethyl ester",301-12-2,CCS(=O)CCSP(=O)(OC)OC,PMCVMORKVPSKHZ-UHFFFAOYSA-N,PMCVMORKVPSKHZ,PMCVMORKVPSKHZ,resolved,CCS(=O)CCSP(=O)(OC)OC,1,3,1,1,1
239,239,8800,"N'-(4-chlorophenyl)-N,N-dimethylurea",150-68-5,CN(C)C(=O)Nc1ccc(Cl)cc1,BMLIZLVNXIYGCK-UHFFFAOYSA-N,BMLIZLVNXIYGCK,BMLIZLVNXIYGCK,resolved,CN(C)C(=O)Nc1ccc(Cl)cc1,1,0,0,0,0
240,240,3289,"Phosphorodithioic acid O-ethyl S,S-dipropyl ester",13194-48-4,CCCSP(=O)(OCC)SCCC,VJYFKVYYMZPMAB-UHFFFAOYSA-N,VJYFKVYYMZPMAB,VJYFKVYYMZPMAB,resolved,CCCSP(=O)(OCC)SCCC,1,2,1,1,0
241,241,2728,"N-(3-Chlorophenyl)carbamic acid, 1-Methylethyl ester",101-21-3,CC(C)OC(=O)Nc1cccc(Cl)c1,CWJSHJJYOPWUGX-UHFFFAOYSA-N,CWJSHJJYOPWUGX,CWJSHJJYOPWUGX,resolved,CC(C)OC(=O)Nc1cccc(Cl)c1,1,1,1,0,0
242,242,12531,Myristyl acetate,638-59-5,CCCCCCCCCCCCCCOC(C)=O,IOUUIFSIQMVYKP-UHFFFAOYSA-N,IOUUIFSIQMVYKP,IOUUIFSIQMVYKP,resolved,CCCCCCCCCCCCCCOC(C)=O,1,1,1,0,0
243,243,1639,"1H-1,2,4-Triazol-3-amine",61-82-5,Nc1ncn[nH]1,KLSJWNVTNUYHDU-UHFFFAOYSA-N,KLSJWNVTNUYHDU,KLSJWNVTNUYHDU,resolved,Nc1ncn[nH]1,1,0,0,0,0
244,244,23677927,Lithium perfluorooctane sulfonate,29457-72-5,O=S(=O)([O-])C(F)(F)C(F)(F)C(F)(F)C(F)(F)C(F)(F)C(F)(F)C(F)(F)C(F)(F)F.[Li+],XVCUGNWRDDNCRD-UHFFFAOYSA-M,XVCUGNWRDDNCRD,YFSUTJLHUFNCNZ,resolved,O=S(=O)([O-])C(F)(F)C(F)(F)C(F)(F)C(F)(F)C(F)(F)C(F)(F)C(F)(F)C(F)(F)F.[Li+],2,3,1,1,1
245,245,24722,Demeton (Ref: ENT 17295),8065-48-3,CCOP(=S)(OCC)OCCSCC,DGLIBALSRMUQDD-UHFFFAOYSA-N,DGLIBALSRMUQDD,DGLIBALSRMUQDD,resolved,CCOP(=S)(OCC)OCCSCC,1,2,1,1,0
246,246,2268,"O,O-Dimethyl S-[(4-oxo-1,2,3-benzotriazin-3(4H)-yl)methyl] ester, Phosphorodithioic acid",86-50-0,COP(=S)(OC)SCn1nnc2ccccc2c1=O,CJJOSEISRRTUQB-UHFFFAOYSA-N,CJJOSEISRRTUQB,CJJOSEISRRTUQB,resolved,COP(=S)(OC)SCn1nnc2ccccc2c1=O,1,3,1,1,1
247,247,8264,"N,N,N',N'-Tetramethylphosphorodiamidic fluoride",115-26-4,CN(C)P(=O)(F)N(C)C,PGJBQBDNXAZHBP-UHFFFAOYSA-N,PGJBQBDNXAZHBP,PGJBQBDNXAZHBP,resolved,CN(C)P(=O)(F)N(C)C,1,2,1,1,0
248,248,6466,Gibberellic acid,77-06-5,C=C1CC23CC1(O)CCC2C12C=CC(O)C(C)(C(=O)O1)C2C3C(=O)O,IXORZMNAPKEEDV-UHFFFAOYSA-N,IXORZMNAPKEEDV,IXORZMNAPKEEDV,resolved,C=C1CC23CC1(O)CCC2C12C=CC(O)C(C)(C(=O)O1)C2C3C(=O)O,1,1,1,0,0
249,249,6418,"2,2-Dichloropropanoic acid",75-99-0,CC(Cl)(Cl)C(=O)O,NDUPDOJHUQKPAG-UHFFFAOYSA-N,NDUPDOJHUQKPAG,NDUPDOJHUQKPAG,resolved,CC(Cl)(Cl)C(=O)O,1,1,1,0,0
250,250,93357,Beta-cypermethrin (Ref: OMS 3068),65731-84-2,CC1(C)C(C=C(Cl)Cl)C1C(=O)OC(C#N)c1cccc(Oc2ccccc2)c1,KAATUXNTWXVJKI-UHFFFAOYSA-N,KAATUXNTWXVJKI,KAATUXNTWXVJKI,resolved,CC1(C)C(C=C(Cl)Cl)C1C(=O)OC(C#N)c1cccc(Oc2ccccc2)c1,1,3,1,1,1
251,251,6531,Delnav,78-34-2,CCOP(=S)(OCC)SC1OCCOC1SP(=S)(OCC)OCC,VBKKVDGJXVOLNE-UHFFFAOYSA-N,VBKKVDGJXVOLNE,VBKKVDGJXVOLNE,resolved,CCOP(=S)(OCC)SC1OCCOC1SP(=S)(OCC)OCC,1,1,1,0,0
252,252,535,ACC,22059-21-8,NC1(C(=O)O)CC1,PAJPWUMXBYXFCZ-UHFFFAOYSA-N,PAJPWUMXBYXFCZ,PAJPWUMXBYXFCZ,resolved,NC1(C(=O)O)CC1,1,0,0,0,0
253,253,3346,"O,O-Dimethyl O-[3-methyl-4-(methylthio)phenyl]ester phosphorothioic acid",55-38-9,COP(=S)(OC)Oc1ccc(SC)c(C)c1,PNVJTZOFSHSLTO-UHFFFAOYSA-N,PNVJTZOFSHSLTO,PNVJTZOFSHSLTO,resolved,COP(=S)(OC)Oc1ccc(SC)c(C)c1,1,3,1,1,1
254,254,3118,"Phosphorodithioic acid, O,O-Diethyl-S-[2-(ethylthio)ethyl] ester",298-04-4,CCOP(=S)(OCC)SCCSCC,DOFZAZXDOSGAJZ-UHFFFAOYSA-N,DOFZAZXDOSGAJZ,DOFZAZXDOSGAJZ,resolved,CCOP(=S)(OCC)SCCSCC,1,2,1,1,0
255,255,7158,"2-(2,4,5-Trichlorophenoxy)propanoic acid",93-72-1,CC(Oc1cc(Cl)c(Cl)cc1Cl)C(=O)O,ZLSWBLPERHFHIS-UHFFFAOYSA-N,ZLSWBLPERHFHIS,ZLSWBLPERHFHIS,resolved,CC(Oc1cc(Cl)c(Cl)cc1Cl)C(=O)O,1,0,0,0,0
256,256,6660,Maple lactone,80-71-7,CC1=C(O)C(=O)CC1,CFAKWWQIUFSQFU-UHFFFAOYSA-N,CFAKWWQIUFSQFU,CFAKWWQIUFSQFU,resolved,CC1=C(O)C(=O)CC1,1,1,1,0,0
257,257,5366415,Metam-sodium (Ref: N 869),137-42-8,CNC(=S)[S-].[Na+],AFCCDDWKHLHPDF-UHFFFAOYSA-M,AFCCDDWKHLHPDF,HYVVJDQGXFXBRZ,resolved,CNC(=S)[S-].[Na+],2,1,1,0,0
258,258,16682804,Fentin acetate (Ref: OMS 1020),900-95-8,CC(=O)O[Sn](c1ccccc1)(c1ccccc1)c1ccccc1,WDQNIWFZKXZFAY-UHFFFAOYSA-M,WDQNIWFZKXZFAY,XBRCDWHXULVEFB,resolved,CC(=O)[O][Sn]([c]1ccccc1)([c]1ccccc1)[c]1ccccc1,1,1,1,0,0
259,259,6857597,Barium polysulphide,50864-67-0,[Ba+2].[S-2],CJDPJFRMHVXWPT-UHFFFAOYSA-N,CJDPJFRMHVXWPT,XDFCIPNJCBUZJN,resolved,[Ba+2].[S-2],2,1,1,0,0
260,260,8594,Naptalam (Ref: ACP 322),132-66-1,O=C(O)c1ccccc1C(=O)Nc1cccc2ccccc12,JXTHEWSKYLZVJC-UHFFFAOYSA-N,JXTHEWSKYLZVJC,JXTHEWSKYLZVJC,resolved,O=C(O)c1ccccc1C(=O)Nc1cccc2ccccc12,1,0,0,0,0
261,261,5216,"6-Chloro-N,N'-diethyl-1,3,5-triazine-2,4-diamine",122-34-9,CCNc1nc(Cl)nc(NCC)n1,ODCWYMIRDDJXKW-UHFFFAOYSA-N,ODCWYMIRDDJXKW,ODCWYMIRDDJXKW,resolved,CCNc1nc(Cl)nc(NCC)n1,1,1,1,0,0
262,262,13526,"S-[2-(Ethylthio)ethyl]O,O-dimethyl ester phosphorothioic acid",919-86-8,CCSCCSP(=O)(OC)OC,WEBQKRLKWNIYKK-UHFFFAOYSA-N,WEBQKRLKWNIYKK,WEBQKRLKWNIYKK,resolved,CCSCCSP(=O)(OC)OC,1,3,1,1,1
263,263,16180,"2,4-D-dimethylammonium",2008-39-1,CNC.O=C(O)COc1ccc(Cl)cc1Cl,IUQJDHJVPLLKFL-UHFFFAOYSA-N,IUQJDHJVPLLKFL,OVSKIKFHRZPJSS,resolved,CNC.O=C(O)COc1ccc(Cl)cc1Cl,2,1,1,0,0
264,264,13709,"Phosphorodithioic acid S-[(5-methoxy-2-oxo-1,3,4-thiadiazol-3(2H)yl)methyl] O,O-dimethyl ester",950-37-8,COc1nn(CSP(=S)(OC)OC)c(=O)s1,MEBQXILRKZHVCX-UHFFFAOYSA-N,MEBQXILRKZHVCX,MEBQXILRKZHVCX,resolved,COc1nn(CSP(=S)(OC)OC)c(=O)s1,1,3,1,1,1
265,265,4937,"6-Chloro-N2,N4-bis(1-methylethyl)-1,3,5-triazine-2,4-diamine",139-40-2,CC(C)Nc1nc(Cl)nc(NC(C)C)n1,WJNRPILHGGKWCK-UHFFFAOYSA-N,WJNRPILHGGKWCK,WJNRPILHGGKWCK,resolved,CC(C)Nc1nc(Cl)nc(NC(C)C)n1,1,1,1,0,0
266,266,17435,"alpha-[(Dimethoxyphosphinothioyl)thio] benzeneacetic acid, Ethyl ester",2597-03-7,CCOC(=O)C(SP(=S)(OC)OC)c1ccccc1,XAMUDJHXFNRLCY-UHFFFAOYSA-N,XAMUDJHXFNRLCY,XAMUDJHXFNRLCY,resolved,CCOC(=O)C(SP(=S)(OC)OC)c1ccccc1,1,3,1,1,1
267,267,5759,"2,3,6-TBA (Ref: HC 1281)",50-31-7,O=C(O)c1c(Cl)ccc(Cl)c1Cl,XZIDTOHMJBOSOX-UHFFFAOYSA-N,XZIDTOHMJBOSOX,XZIDTOHMJBOSOX,resolved,O=C(O)c1c(Cl)ccc(Cl)c1Cl,1,1,1,0,0
268,268,178795,2-[4-[(6-Chloro-2-quinoxalinyl)oxy]phenoxy]propanoic acid,76578-12-6,CC(Oc1ccc(Oc2cnc3cc(Cl)ccc3n2)cc1)C(=O)O,ABOOPXYCKNFDNJ-UHFFFAOYSA-N,ABOOPXYCKNFDNJ,ABOOPXYCKNFDNJ,resolved,CC(Oc1ccc(Oc2cnc3cc(Cl)ccc3n2)cc1)C(=O)O,1,1,1,0,0
269,269,41428,"2-[(3,5,6-Trichloro-2-pyridinyl)oxy]acetic acid",55335-06-3,O=C(O)COc1nc(Cl)c(Cl)cc1Cl,REEQLXCGVXDJSQ-UHFFFAOYSA-N,REEQLXCGVXDJSQ,REEQLXCGVXDJSQ,resolved,O=C(O)COc1nc(Cl)c(Cl)cc1Cl,1,1,1,0,0
270,270,2871,"Phosphorothioic acid O-(3-chloro-4-methyl-2-oxo-2H-1-benzopyran-7-yl) O,O-diethyl ester",56-72-4,CCOP(=S)(OCC)Oc1ccc2c(C)c(Cl)c(=O)oc2c1,BXNANOICGRISHX-UHFFFAOYSA-N,BXNANOICGRISHX,BXNANOICGRISHX,resolved,CCOP(=S)(OCC)Oc1ccc2c(C)c(Cl)c(=O)oc2c1,1,2,1,1,0
271,271,4790,"O,O-Diethyl S-[(ethylthio)methyl])ester, Phosphorodithioic acid",298-02-2,CCOP(=S)(OCC)SCSCC,BULVZWIRKLYCBC-UHFFFAOYSA-N,BULVZWIRKLYCBC,BULVZWIRKLYCBC,resolved,CCOP(=S)(OCC)SCSCC,1,3,1,1,1
272,272,4690,Methazole (Ref: VCS-438),20354-26-1,Cn1c(=O)on(-c2ccc(Cl)c(Cl)c2)c1=O,LRUUNMYPIBZBQH-UHFFFAOYSA-N,LRUUNMYPIBZBQH,LRUUNMYPIBZBQH,resolved,Cn1c(=O)on(-c2ccc(Cl)c(Cl)c2)c1=O,1,0,0,0,0
273,273,12968,"N,N-dipropylcarbamothioic acid S-ethyl ester",759-94-4,CCCN(CCC)C(=O)SCC,GUVLYNGULCJVDO-UHFFFAOYSA-N,GUVLYNGULCJVDO,GUVLYNGULCJVDO,resolved,CCCN(CCC)C(=O)SCC,1,2,1,1,0
274,274,14452,Copper II carbonate,1184-64-1,O=C([O-])[O-].[Cu+2],GEZOTWYUIKXWOA-UHFFFAOYSA-L,GEZOTWYUIKXWOA,BVKZGUZCCUSVTD,resolved,O=C([O-])[O-].[Cu+2],2,1,1,0,0
275,275,10234,Binapacryl (Ref: FMC 9044),485-31-4,CCC(C)c1cc([N+](=O)[O-])cc([N+](=O)[O-])c1OC(=O)C=C(C)C,ZRDUSMYWDRPZRM-UHFFFAOYSA-N,ZRDUSMYWDRPZRM,ZRDUSMYWDRPZRM,resolved,CCC(C)c1cc([N+](=O)[O-])cc([N+](=O)[O-])c1OC(=O)C=C(C)C,1,1,1,0,0
276,276,3031,Dichlobenil (Ref: H 133),1194-65-6,N#Cc1c(Cl)cccc1Cl,YOYAIZYFCNQIRF-UHFFFAOYSA-N,YOYAIZYFCNQIRF,YOYAIZYFCNQIRF,resolved,N#Cc1c(Cl)cccc1Cl,1,2,1,1,0
277,277,7153,Mecoprop (Ref: RD 4593),7085-19-0,Cc1cc(Cl)ccc1OC(C)C(=O)O,WNTGYJSOUMFZEP-UHFFFAOYSA-N,WNTGYJSOUMFZEP,WNTGYJSOUMFZEP,resolved,Cc1cc(Cl)ccc1OC(C)C(=O)O,1,1,1,0,0
278,278,25146,Dialifos (Ref: AC 14503),10311-84-9,CCOP(=S)(OCC)SC(CCl)N1C(=O)c2ccccc2C1=O,MUMQYXACQUZOFP-UHFFFAOYSA-N,MUMQYXACQUZOFP,MUMQYXACQUZOFP,resolved,CCOP(=S)(OCC)SC(CCl)N1C(=O)c2ccccc2C1=O,1,3,1,1,1
279,279,3032604,"Phosphoric acid, 2-Chloro-3-(diethylamino)-1-methyl-3-oxo-1-propen-1-yl dimethyl ester",13171-21-6,CCN(CC)C(=O)C(Cl)=C(C)OP(=O)(OC)OC,RGCLLPNLLBQHPF-UHFFFAOYSA-N,RGCLLPNLLBQHPF,RGCLLPNLLBQHPF,resolved,CCN(CC)C(=O)C(Cl)=C(C)OP(=O)(OC)OC,1,3,1,1,1
280,280,4793,"S-[(6-Chloro-2-oxo-3(2H)-benzoxazolyl)methyl]O,O-diethyl ester phosphorodithioic acid",2310-17-0,CCOP(=S)(OCC)SCn1c(=O)oc2cc(Cl)ccc21,IOUNQDKNJZEDEP-UHFFFAOYSA-N,IOUNQDKNJZEDEP,IOUNQDKNJZEDEP,resolved,CCOP(=S)(OCC)SCn1c(=O)oc2cc(Cl)ccc21,1,2,1,1,0
281,281,4928,"6-Methoxy-N2,N4-bis(1-methylethyl)-1,3,5-triazine-2,4-diamine",1610-18-0,COc1nc(NC(C)C)nc(NC(C)C)n1,ISEUFVQQFVOBCY-UHFFFAOYSA-N,ISEUFVQQFVOBCY,ISEUFVQQFVOBCY,resolved,COc1nc(NC(C)C)nc(NC(C)C)n1,1,1,1,0,0
282,282,15331,Daminozide,1596-84-5,CN(C)NC(=O)CCC(=O)O,NOQGZXFMHARMLW-UHFFFAOYSA-N,NOQGZXFMHARMLW,NOQGZXFMHARMLW,resolved,CN(C)NC(=O)CCC(=O)O,1,0,0,0,0
283,283,15939,"1,1'-Dimethyl-4,4'-bipyridinium",4685-14-7,C[n+]1ccc(-c2cc[n+](C)cc2)cc1,INFDPOAKFNIJBF-UHFFFAOYSA-N,INFDPOAKFNIJBF,INFDPOAKFNIJBF,resolved,C[n+]1ccc(-c2cc[n+](C)cc2)cc1,1,2,1,1,0
284,284,7207,MCPB (Ref: MB 3046),94-81-5,Cc1cc(Cl)ccc1OCCCC(=O)O,LLWADFLAOKUBDR-UHFFFAOYSA-N,LLWADFLAOKUBDR,LLWADFLAOKUBDR,resolved,Cc1cc(Cl)ccc1OCCCC(=O)O,1,1,1,0,0
285,285,65420,Dikegulac,18467-77-1,CC1(C)OCC2OC3(C(=O)O)OC(C)(C)OC3C2O1,FWCBATIDXGJRMF-UHFFFAOYSA-N,FWCBATIDXGJRMF,FWCBATIDXGJRMF,resolved,CC1(C)OCC2OC3(C(=O)O)OC(C)(C)OC3C2O1,1,1,1,0,0
286,286,445070,Farnesol,4602-84-0,CC(C)=CCCC(C)=CCCC(C)=CCO,CRDAMVZIKSXKFV-UHFFFAOYSA-N,CRDAMVZIKSXKFV,CRDAMVZIKSXKFV,resolved,CC(C)=CCCC(C)=CCCC(C)=CCO,1,1,1,0,0
287,287,12572,Dimetilan,644-64-4,Cc1cc(OC(=O)N(C)C)nn1C(=O)N(C)C,RDBIYWSVMRVKSG-UHFFFAOYSA-N,RDBIYWSVMRVKSG,RDBIYWSVMRVKSG,resolved,Cc1cc(OC(=O)N(C)C)nn1C(=O)N(C)C,1,2,1,1,0
288,288,13263,"N2-Ethyl-N4-(1-methylethyl)-6-(methylthio)-1,3,5-triazine-2,4-diamine",834-12-8,CCNc1nc(NC(C)C)nc(SC)n1,RQVYBGPQFYCBGX-UHFFFAOYSA-N,RQVYBGPQFYCBGX,RQVYBGPQFYCBGX,resolved,CCNc1nc(NC(C)C)nc(SC)n1,1,1,1,0,0
289,289,2256,"6-Chloro-N-ethyl-N'-(1-methylethyl)-1,3,5-triazine-2,4-diamine",1912-24-9,CCNc1nc(Cl)nc(NC(C)C)n1,MXWJVTOOROXGIU-UHFFFAOYSA-N,MXWJVTOOROXGIU,MXWJVTOOROXGIU,resolved,CCNc1nc(Cl)nc(NC(C)C)n1,1,1,1,0,0
290,290,13836,Chlormequat,7003-89-6,C[N+](C)(C)CCCl,JUZXDNPBRPUIOR-UHFFFAOYSA-N,JUZXDNPBRPUIOR,JUZXDNPBRPUIOR,resolved,C[N+](C)(C)CCCl,1,1,1,0,0
291,291,4929,"N2,N4-Bis(1-methylethyl)-6-(methylthio)-1,3,5-triazine-2,4-diamine",7287-19-6,CSc1nc(NC(C)C)nc(NC(C)C)n1,AAEVYOVXGOFMJO-UHFFFAOYSA-N,AAEVYOVXGOFMJO,AAEVYOVXGOFMJO,resolved,CSc1nc(NC(C)C)nc(NC(C)C)n1,1,1,1,0,0
292,292,13081,Carbofenthion,786-19-6,CCOP(=S)(OCC)SCSc1ccc(Cl)cc1,VEDTXTNSFWUXGQ-UHFFFAOYSA-N,VEDTXTNSFWUXGQ,VEDTXTNSFWUXGQ,resolved,CCOP(=S)(OCC)SCSc1ccc(Cl)cc1,1,2,1,1,0
293,293,1489,"2,4-DB (Ref: ENT 8538)",94-82-6,CNC.O=C(O)CCCOc1ccc(Cl)cc1Cl,KEIXJOCOXNOKHI-UHFFFAOYSA-N,KEIXJOCOXNOKHI,YIVXMZJTEQBPQO,resolved,CNC.O=C(O)CCCOc1ccc(Cl)cc1Cl,2,1,1,0,0
294,294,79222,6-Chloro-3-pyridinecarboxylic acid,5326-23-8,O=C(O)c1ccc(Cl)nc1,UAWMVMPAYRWUFX-UHFFFAOYSA-N,UAWMVMPAYRWUFX,UAWMVMPAYRWUFX,resolved,O=C(O)c1ccc(Cl)nc1,1,1,1,0,0
295,295,13836,"2-Chloro-N,N,N-trimethylethanaminium chloride (1:1)",999-81-5,C[N+](C)(C)CCCl.[Cl-],UHZZMRAGKVHANO-UHFFFAOYSA-M,UHZZMRAGKVHANO,JUZXDNPBRPUIOR,resolved,C[N+](C)(C)CCCl.[Cl-],2,1,1,0,0
296,296,5430,2-(4-Thiazolyl)-1H-benzimidazole,148-79-8,c1ccc2[nH]c(-c3cscn3)nc2c1,WJCNZQLZVWNLKY-UHFFFAOYSA-N,WJCNZQLZVWNLKY,WJCNZQLZVWNLKY,resolved,c1ccc2[nH]c(-c3cscn3)nc2c1,1,2,1,1,0
297,297,8427,Dichlorprop (Ref: RD 406),120-36-5,CC(Oc1ccc(Cl)cc1Cl)C(=O)O,MZHCENGPTKEIGP-UHFFFAOYSA-N,MZHCENGPTKEIGP,MZHCENGPTKEIGP,resolved,CC(Oc1ccc(Cl)cc1Cl)C(=O)O,1,1,1,0,0
298,298,62389,N-(Phenylmethyl)-1H-purin-6-amine,1214-39-7,c1ccc(CNc2ncnc3nc[nH]c23)cc1,NWBJYWHLCVSVIJ-UHFFFAOYSA-N,NWBJYWHLCVSVIJ,NWBJYWHLCVSVIJ,resolved,c1ccc(CNc2ncnc3nc[nH]c23)cc1,1,1,1,0,0
299,299,16421,P-Phenylphosphonothioic acid O-ethyl O-(4-nitrophenyl) ester ,2104-64-5,CCOP(=S)(Oc1ccc([N+](=O)[O-])cc1)c1ccccc1,AIGRXSNSLVJMEA-UHFFFAOYSA-N,AIGRXSNSLVJMEA,AIGRXSNSLVJMEA,resolved,CCOP(=S)(Oc1ccc([N+](=O)[O-])cc1)c1ccccc1,1,3,1,1,1
300,300,15951,Trietazine (Ref: G 27901),1912-26-1,CCNc1nc(Cl)nc(N(CC)CC)n1,HFBWPRKWDIRYNX-UHFFFAOYSA-N,HFBWPRKWDIRYNX,HFBWPRKWDIRYNX,resolved,CCNc1nc(Cl)nc(N(CC)CC)n1,1,1,1,0,0
301,301,560193,Vamidothion (Ref: ENT 26613),2275-23-2,CNC(=O)C(C)SCCSP(=O)(OC)OC,LESVOLZBIFDZGS-UHFFFAOYSA-N,LESVOLZBIFDZGS,LESVOLZBIFDZGS,resolved,CNC(=O)C(C)SCCSP(=O)(OC)OC,1,3,1,1,1
302,302,517058,Dalapon-sodium,127-20-8,CC(Cl)(Cl)C(=O)[O-].[Na+],PDEFQWNXOUGDJR-UHFFFAOYSA-M,PDEFQWNXOUGDJR,NDUPDOJHUQKPAG,resolved,CC(Cl)(Cl)C(=O)[O-].[Na+],2,1,1,0,0
303,303,9414,"4-(Dimethylamino)-3,5-dimethylphenol, Methylcarbamate(ester)",315-18-4,CNC(=O)Oc1cc(C)c(N(C)C)c(C)c1,YNEVBPNZHBAYOA-UHFFFAOYSA-N,YNEVBPNZHBAYOA,YNEVBPNZHBAYOA,resolved,CNC(=O)Oc1cc(C)c(N(C)C)c(C)c1,1,3,1,1,1
304,304,299,"1,1a,3,3a,4,5,5,5a,5b,6-Decachlorooctahydro-1,3,4-metheno-2H-cyclobuta[cd]pentalen-2-one",143-50-0,O=C1C2(Cl)C3(Cl)C4(Cl)C(Cl)(Cl)C5(Cl)C3(Cl)C1(Cl)C5(Cl)C24Cl,LHHGDZSESBACKH-UHFFFAOYSA-N,LHHGDZSESBACKH,LHHGDZSESBACKH,resolved,O=C1C2(Cl)C3(Cl)C4(Cl)C(Cl)(Cl)C5(Cl)C3(Cl)C1(Cl)C5(Cl)C24Cl,1,2,1,1,0
305,305,6795,Diquat,2764-72-9,c1cc[n+]2c(c1)-c1cccc[n+]1CC2,SYJFEGQWDCRVNX-UHFFFAOYSA-N,SYJFEGQWDCRVNX,SYJFEGQWDCRVNX,resolved,c1cc[n+]2c(c1)-c1cccc[n+]1CC2,1,1,1,0,0
306,306,2078,"2-Chloro-N-(2,6-diethylphenyl)-N-(methoxymethyl)acetamide",15972-60-8,CCc1cccc(CC)c1N(COC)C(=O)CCl,XCSGPAVHZFQHGE-UHFFFAOYSA-N,XCSGPAVHZFQHGE,XCSGPAVHZFQHGE,resolved,CCc1cccc(CC)c1N(COC)C(=O)CCl,1,1,1,0,0
307,307,6543,"S-[(4,6-Diamino-1,3,5-triazin-2-yl)methyl]O,O-dimethyl ester phosphorodithioic acid",78-57-9,COP(=S)(OC)SCc1nc(N)nc(N)n1,SUYHYHLFUHHVJQ-UHFFFAOYSA-N,SUYHYHLFUHHVJQ,SUYHYHLFUHHVJQ,resolved,COP(=S)(OC)SCc1nc(N)nc(N)n1,1,3,1,1,1
308,308,9272,"Phosphorothioic acid, O,O-Diethyl O-2-pyrazinyl ester  ",297-97-2,CCOP(=S)(OCC)Oc1cnccn1,IRVDMKJLOCGUBJ-UHFFFAOYSA-N,IRVDMKJLOCGUBJ,IRVDMKJLOCGUBJ,resolved,CCOP(=S)(OCC)Oc1cnccn1,1,3,1,1,1
309,309,30709,"p-Phenylphosphonothioic acid, O-(4-Bromo-2,5-dichlorophenyl) O-methyl ester",21609-90-5,COP(=S)(Oc1cc(Cl)c(Br)cc1Cl)c1ccccc1,CVRALZAYCYJELZ-UHFFFAOYSA-N,CVRALZAYCYJELZ,CVRALZAYCYJELZ,resolved,COP(=S)(Oc1cc(Cl)c(Br)cc1Cl)c1ccccc1,1,2,1,1,0
310,310,16683004,"1,1,1,3,3,3-Hexakis(2-methyl-2-phenylpropyl)distannoxane",13356-08-6,CC(C)(C[Sn](CC(C)(C)c1ccccc1)(CC(C)(C)c1ccccc1)O[Sn](CC(C)(C)c1ccccc1)(CC(C)(C)c1ccccc1)CC(C)(C)c1ccccc1)c1ccccc1,HOXINJBQVZWYGZ-UHFFFAOYSA-N,HOXINJBQVZWYGZ,WCHBYUHLDNMPBA,resolved,CC(C)([CH2][Sn]([CH2]C(C)(C)c1ccccc1)([CH2]C(C)(C)c1ccccc1)[O][Sn]([CH2]C(C)(C)c1ccccc1)([CH2]C(C)(C)c1ccccc1)[CH2]C(C)(C)c1ccccc1)c1ccccc1,1,0,0,0,0
311,311,38884,Bupirimate (Ref: PP 588),41483-43-6,CCCCc1c(C)nc(NCC)nc1OS(=O)(=O)N(C)C,DSKJPMWIHSOYEA-UHFFFAOYSA-N,DSKJPMWIHSOYEA,DSKJPMWIHSOYEA,resolved,CCCCc1c(C)nc(NCC)nc1OS(=O)(=O)N(C)C,1,1,1,0,0
312,312,9411,"5-Bromo-6-methyl-3-(1-methylpropyl)-2,4(1H,3H)-pyrimidinedione",314-40-9,CCC(C)n1c(=O)[nH]c(C)c(Br)c1=O,CTSLUCNDVMMDHG-UHFFFAOYSA-N,CTSLUCNDVMMDHG,CTSLUCNDVMMDHG,resolved,CCC(C)n1c(=O)[nH]c(C)c(Br)c1=O,1,0,0,0,0
313,313,23668198,Fenaminosulf (Ref: BAY 5027),140-56-7,CN(C)c1ccc(N=NS(=O)(=O)[O-])cc1.[Na+],IWDQPCIQCXRBQP-UHFFFAOYSA-M,IWDQPCIQCXRBQP,FLTYACUMGDVPLP,resolved,CN(C)c1ccc(N=NS(=O)(=O)[O-])cc1.[Na+],2,0,0,0,0
314,314,16247,"4-(Dimethylamino)-3-methylphenol, Methylcarbamate (ester)",2032-59-9,CNC(=O)Oc1ccc(N(C)C)c(C)c1,IMIDOCRTMDIQIJ-UHFFFAOYSA-N,IMIDOCRTMDIQIJ,IMIDOCRTMDIQIJ,resolved,CNC(=O)Oc1ccc(N(C)C)c(C)c1,1,3,1,1,1
315,315,151080,1-methylcyclopropene,3100-04-7,CC1=CC1,SHDPRTQPPWIEJG-UHFFFAOYSA-N,SHDPRTQPPWIEJG,SHDPRTQPPWIEJG,resolved,CC1=CC1,1,2,1,1,0
316,316,20056429,Medlure,13929-18-5,CCC(C)OC(=O)C1CCC(Cl)CC1C,CVDTYSSDCJAEQU-UHFFFAOYSA-N,CVDTYSSDCJAEQU,CVDTYSSDCJAEQU,resolved,CCC(C)OC(=O)C1CCC(Cl)CC1C,1,1,1,0,0
317,317,47866,"N-Cyclopropyl-1,3,5-triazine-2,4,6-triamine",66215-27-8,Nc1nc(N)nc(NC2CC2)n1,LVQDKIWDGQRHTE-UHFFFAOYSA-N,LVQDKIWDGQRHTE,LVQDKIWDGQRHTE,resolved,Nc1nc(N)nc(NC2CC2)n1,1,1,1,0,0
318,318,16115,Chloroxuron (Ref: C 1983),1982-47-4,CN(C)C(=O)Nc1ccc(Oc2ccc(Cl)cc2)cc1,IVUXTESCPZUGJC-UHFFFAOYSA-N,IVUXTESCPZUGJC,IVUXTESCPZUGJC,resolved,CN(C)C(=O)Nc1ccc(Oc2ccc(Cl)cc2)cc1,1,1,1,0,0
319,319,8393,"N,N-dimethylcarbamic acid 3-methyl-1-(1-methylethyl)-1H-pyrazol-5-yl ester",119-38-0,Cc1cc(OC(=O)N(C)C)n(C(C)C)n1,RNNBHZYEKNHLKT-UHFFFAOYSA-N,RNNBHZYEKNHLKT,RNNBHZYEKNHLKT,resolved,Cc1cc(OC(=O)N(C)C)n(C(C)C)n1,1,3,1,1,1
320,320,5569,"2,6-Dinitro-N,N-dipropyl-4-(trifluoromethyl)benzenamine",1582-09-8,CCCN(CCC)c1c([N+](=O)[O-])cc(C(F)(F)F)cc1[N+](=O)[O-],ZSDSQXJSNMTJDA-UHFFFAOYSA-N,ZSDSQXJSNMTJDA,ZSDSQXJSNMTJDA,resolved,CCCN(CCC)c1c([N+](=O)[O-])cc(C(F)(F)F)cc1[N+](=O)[O-],1,1,1,0,0
321,321,161367,Nepetalactone,490-10-8,CC1=COC(=O)C2C(C)CCC12,ZDKZHVNKFOXMND-UHFFFAOYSA-N,ZDKZHVNKFOXMND,ZDKZHVNKFOXMND,resolved,CC1=COC(=O)C2C(C)CCC12,1,1,1,0,0
322,322,13721,Methyl trithion,953-17-3,COP(=S)(OC)SCSc1ccc(Cl)cc1,OUCCVXVYGFBXSV-UHFFFAOYSA-N,OUCCVXVYGFBXSV,OUCCVXVYGFBXSV,resolved,COP(=S)(OC)SCSc1ccc(Cl)cc1,1,2,1,1,0
323,323,5284484,Metiram (Ref: BAS 222F),9006-42-2,S=C([S-])NCCNC(=S)S.S=C([S-])NCCNC(=S)S.[NH2-].[Zn],VHQATEKXKUZBLS-UHFFFAOYSA-L,VHQATEKXKUZBLS,AWYFNIZYMPNGAI,resolved,S=C([S-])NCCNC(=S)S.S=C([S-])NCCNC(=S)S.[NH2-].[Zn],4,1,1,0,0
324,324,17109,"6-Methyl-1,3-dithiolo[4,5-b]quinoxalin-2-one",2439-01-2,Cc1ccc2nc3sc(=O)sc3nc2c1,FBQQHUGEACOBDN-UHFFFAOYSA-N,FBQQHUGEACOBDN,FBQQHUGEACOBDN,resolved,Cc1ccc2nc3sc(=O)sc3nc2c1,1,1,1,0,0
325,325,7159,"1,3-Dithiolo[4,5-b]quinoxaline-2-thione",93-75-4,S=c1sc2nc3ccccc3nc2s1,ILERPRJWJPJZDN-UHFFFAOYSA-N,ILERPRJWJPJZDN,ILERPRJWJPJZDN,resolved,S=c1sc2nc3ccccc3nc2s1,1,0,0,0,0
326,326,3032581,"[[2-[(Dithiocarboxy)amino]ethyl]carbamodithioato(2-)-kappaS,kappaS']manganese",12427-38-2,S=C([S-])NCCNC(=S)[S-].[Mn+2],YKSNLCVSTHTHJA-UHFFFAOYSA-L,YKSNLCVSTHTHJA,AWYFNIZYMPNGAI,resolved,S=C([S-])NCCNC(=S)[S-].[Mn+2],2,1,1,0,0
327,327,5371560,"Phosphoric acid, (1E)-3-(Dimethylamino)-1-methyl-3-oxo-1-propen-1-yl dimethyl ester",141-66-2,COP(=O)(OC)OC(C)=CC(=O)N(C)C,VEENJGZXVHKXNB-UHFFFAOYSA-N,VEENJGZXVHKXNB,VEENJGZXVHKXNB,resolved,COP(=O)(OC)OC(C)=CC(=O)N(C)C,1,3,1,1,1
328,328,5284484,Zineb (Ref: ENT 14874),12122-67-7,S=C([S-])NCCNC(=S)[S-].[Zn+2],AMHNZOICSMBGDH-UHFFFAOYSA-L,AMHNZOICSMBGDH,AWYFNIZYMPNGAI,resolved,S=C([S-])NCCNC(=S)[S-].[Zn+2],2,2,1,1,0
329,329,8947,"Methylarsonic acid, Disodium salt",144-21-8,C[As](=O)([O-])[O-].[Na+].[Na+],SDIXRDNYIMOKSG-UHFFFAOYSA-L,SDIXRDNYIMOKSG,QYPPRTNMGCREIM,resolved,C[As](=O)([O-])[O-].[Na+].[Na+],3,1,1,0,0
330,330,622971,Gibberellins,8030-53-3,C=C1CC23CC1CCC2C12CCC(O)C(C)(C(=O)O1)C2C3C(=O)O,RSQSQJNRHICNNH-UHFFFAOYSA-N,RSQSQJNRHICNNH,RSQSQJNRHICNNH,resolved,C=C1CC23CC1CCC2C12CCC(O)C(C)(C(=O)O1)C2C3C(=O)O,1,1,1,0,0
331,331,8948,Methylarsonic acid,124-58-3,C[As](=O)(O)O,QYPPRTNMGCREIM-UHFFFAOYSA-N,QYPPRTNMGCREIM,QYPPRTNMGCREIM,resolved,C[As](=O)(O)O,1,1,1,0,0
332,332,17563,XMC (Ref: H 69),2655-14-3,CNC(=O)Oc1cc(C)cc(C)c1,CVQODEWAPZVVBU-UHFFFAOYSA-N,CVQODEWAPZVVBU,CVQODEWAPZVVBU,resolved,CNC(=O)Oc1cc(C)cc(C)c1,1,3,1,1,1
333,333,15629,Monolinuron (Ref: HOE 002747),1746-81-2,CON(C)C(=O)Nc1ccc(Cl)cc1,LKJPSUCKSLORMF-UHFFFAOYSA-N,LKJPSUCKSLORMF,LKJPSUCKSLORMF,resolved,CON(C)C(=O)Nc1ccc(Cl)cc1,1,0,0,0,0
334,334,88045,Kasugamycin hydrochloride hydrate,19408-46-9,CC1OC(OC2C(O)C(O)C(O)C(O)C2O)C(N)CC1N=C(N)C(=O)O.Cl,ZDRBJJNXJOSCLR-UHFFFAOYSA-N,ZDRBJJNXJOSCLR,PVTHJAPFENJVNC,resolved,CC1OC(OC2C(O)C(O)C(O)C(O)C2O)C(N)CC1N=C(N)C(=O)O.Cl,2,1,1,0,0
335,335,15965,"4-Amino-3,5,6-trichloro-2-pyridinecarboxylic acid",1918-02-1,Nc1c(Cl)c(Cl)nc(C(=O)O)c1Cl,NQQVFXUMIDALNH-UHFFFAOYSA-N,NQQVFXUMIDALNH,NQQVFXUMIDALNH,resolved,Nc1c(Cl)c(Cl)nc(C(=O)O)c1Cl,1,1,1,0,0
336,336,13904,Desmetryn (Ref: G 34360),1014-69-3,CNc1nc(NC(C)C)nc(SC)n1,HCRWJJJUKUVORR-UHFFFAOYSA-N,HCRWJJJUKUVORR,HCRWJJJUKUVORR,resolved,CNc1nc(NC(C)C)nc(SC)n1,1,0,0,0,0
337,337,12309460,Alpha-endosulfan,959-98-8,O=S1OCC2C(CO1)C1(Cl)C(Cl)=C(Cl)C2(Cl)C1(Cl)Cl,RDYMFSUJUZBWLH-UHFFFAOYSA-N,RDYMFSUJUZBWLH,RDYMFSUJUZBWLH,resolved,O=S1OCC2C(CO1)C1(Cl)C(Cl)=C(Cl)C2(Cl)C1(Cl)Cl,1,2,1,1,0
338,338,13728,Diphenamid (Ref: L 34314),957-51-7,CN(C)C(=O)C(c1ccccc1)c1ccccc1,QAHFOPIILNICLA-UHFFFAOYSA-N,QAHFOPIILNICLA,QAHFOPIILNICLA,resolved,CN(C)C(=O)C(c1ccccc1)c1ccccc1,1,0,0,0,0
339,339,5859,"O-[4[(Dimethylamino)sulfonyl]phenyl]O,O-dimethylester phosphorothioic acid",52-85-7,COP(=S)(OC)Oc1ccc(S(=O)(=O)N(C)C)cc1,JISACBWYRJHSMG-UHFFFAOYSA-N,JISACBWYRJHSMG,JISACBWYRJHSMG,resolved,COP(=S)(OC)Oc1ccc(S(=O)(=O)N(C)C)cc1,1,3,1,1,1
340,340,16945,"1,1a,2,2,3,3a,4,5,5,5a,5b,6-Dodecachlorooctahydro-1,3,4-metheno-1H-cyclobuta[cd]pentalene",2385-85-5,ClC1(Cl)C2(Cl)C3(Cl)C4(Cl)C(Cl)(Cl)C5(Cl)C3(Cl)C1(Cl)C5(Cl)C24Cl,GVYLCNUFSHDAAW-UHFFFAOYSA-N,GVYLCNUFSHDAAW,GVYLCNUFSHDAAW,resolved,ClC1(Cl)C2(Cl)C3(Cl)C4(Cl)C(Cl)(Cl)C5(Cl)C3(Cl)C1(Cl)C5(Cl)C24Cl,1,2,1,1,0
341,341,17038,Captafol (Ref: Ortho-5865),2425-06-1,O=C1C2CC=CCC2C(=O)N1SC(Cl)(Cl)C(Cl)Cl,JHRWWRDRBPCWTF-UHFFFAOYSA-N,JHRWWRDRBPCWTF,JHRWWRDRBPCWTF,resolved,O=C1C2CC=CCC2C(=O)N1SC(Cl)(Cl)C(Cl)Cl,1,1,1,0,0
342,342,8630,Chloramben (Ref: ACP M-629),133-90-4,Nc1cc(Cl)cc(C(=O)O)c1Cl,HSSBORCLYSCBJR-UHFFFAOYSA-N,HSSBORCLYSCBJR,HSSBORCLYSCBJR,resolved,Nc1cc(Cl)cc(C(=O)O)c1Cl,1,1,1,0,0
343,343,16004,2-Chloro-6-(trichloromethyl)pyridine,1929-82-4,Clc1cccc(C(Cl)(Cl)Cl)n1,DCUJJWWUNKIJPH-UHFFFAOYSA-N,DCUJJWWUNKIJPH,DCUJJWWUNKIJPH,resolved,Clc1cccc(C(Cl)(Cl)Cl)n1,1,1,1,0,0
344,344,15530,Ioxynil (Ref: ACP 63-303),1689-83-4,N#Cc1cc(I)c(O)c(I)c1,NRXQIUSYPAHGNM-UHFFFAOYSA-N,NRXQIUSYPAHGNM,NRXQIUSYPAHGNM,resolved,N#Cc1cc(I)c(O)c(I)c1,1,2,1,1,0
345,345,2086,2-Methyl-2-(methylthio)propanol O-[(methylamino)carbonyl]oxime,116-06-3,CNC(=O)ON=CC(C)(C)SC,QGLZXHRNAYXIBU-UHFFFAOYSA-N,QGLZXHRNAYXIBU,QGLZXHRNAYXIBU,resolved,CNC(=O)ON=CC(C)(C)SC,1,3,1,1,1
346,346,10107,"Phosphoric acid, 2-Chloro-1-(2,4-dichlorophenyl)ethenyl diethyl ester",470-90-6,CCOP(=O)(OCC)OC(=CCl)c1ccc(Cl)cc1Cl,FSAVDKDHPDSCTO-UHFFFAOYSA-N,FSAVDKDHPDSCTO,FSAVDKDHPDSCTO,resolved,CCOP(=O)(OCC)OC(=CCl)c1ccc(Cl)cc1Cl,1,3,1,1,1
347,347,13689,"1,3-Dithiolan-2-ylidenephosphoramidic acid diethyl ester",947-02-4,CCOP(=O)(N=C1SCCS1)OCC,ILBONRFSLATCRE-UHFFFAOYSA-N,ILBONRFSLATCRE,ILBONRFSLATCRE,resolved,CCOP(=O)(N=C1SCCS1)OCC,1,2,1,1,0
348,348,2943,Chlorthal-dimethyl (Ref: DAC 893),1861-32-1,COC(=O)c1c(Cl)c(Cl)c(C(=O)OC)c(Cl)c1Cl,NPOJQCVWMSKXDN-UHFFFAOYSA-N,NPOJQCVWMSKXDN,NPOJQCVWMSKXDN,resolved,COC(=O)c1c(Cl)c(Cl)c(C(=O)OC)c(Cl)c1Cl,1,1,1,0,0
349,349,28936,Bromopropylate (Ref: GS 19851),18181-80-1,CC(C)OC(=O)C(O)(c1ccc(Br)cc1)c1ccc(Br)cc1,FOANIXZHAMJWOI-UHFFFAOYSA-N,FOANIXZHAMJWOI,FOANIXZHAMJWOI,resolved,CC(C)OC(=O)C(O)(c1ccc(Br)cc1)c1ccc(Br)cc1,1,0,0,0,0
350,350,31199,"3-[(Dimethoxyphosphinyl)oxy]-2-pentenedioic acid, Dimethyl ester",122-10-1,COC(=O)C=C(CC(=O)OC)OP(=O)(OC)OC,BZSSHIWHSJYWAD-UHFFFAOYSA-N,BZSSHIWHSJYWAD,BZSSHIWHSJYWAD,resolved,COC(=O)C=C(CC(=O)OC)OP(=O)(OC)OC,1,3,1,1,1
351,351,8292,"Phosphorothioic acid, O,O-Diethyl O(4-methylsulfinyl)phenyl)ester",115-90-2,CCOP(=S)(OCC)Oc1ccc(S(C)=O)cc1,XDNBJTQLKCIJBV-UHFFFAOYSA-N,XDNBJTQLKCIJBV,XDNBJTQLKCIJBV,resolved,CCOP(=S)(OCC)Oc1ccc(S(C)=O)cc1,1,3,1,1,1
352,352,2734819,Chlorthiamid (Ref: WL 5792.),1918-13-4,NC(=S)c1c(Cl)cccc1Cl,KGKGSIUWJCAFPX-UHFFFAOYSA-N,KGKGSIUWJCAFPX,KGKGSIUWJCAFPX,resolved,NC(=S)c1c(Cl)cccc1Cl,1,1,1,0,0
353,353,22206,Terbuthylazine,5915-41-3,CCNc1nc(Cl)nc(NC(C)(C)C)n1,FZXISNSWEXTPMF-UHFFFAOYSA-N,FZXISNSWEXTPMF,FZXISNSWEXTPMF,resolved,CCNc1nc(Cl)nc(NC(C)(C)C)n1,1,1,1,0,0
354,354,13307026,Mancozeb,8018-01-7,S=C([S-])NCCNC(=S)[S-].S=C([S-])NCCNC(=S)[S-].[Mn+2].[Zn+2],CHNQZRKUZPNOOH-UHFFFAOYSA-J,CHNQZRKUZPNOOH,AWYFNIZYMPNGAI,resolved,S=C([S-])NCCNC(=S)[S-].S=C([S-])NCCNC(=S)[S-].[Mn+2].[Zn+2],4,1,1,0,0
355,355,2566,"2,3-Dihydro-2,2-dimethyl-7-benzofuranol 7-(N-methylcarbamate)",1563-66-2,CNC(=O)Oc1cccc2c1OC(C)(C)C2,DUEPRVBVGDRKAG-UHFFFAOYSA-N,DUEPRVBVGDRKAG,DUEPRVBVGDRKAG,resolved,CNC(=O)Oc1cccc2c1OC(C)(C)C2,1,3,1,1,1
356,356,17748,Quinoclamine,2797-51-5,NC1=C(Cl)C(=O)c2ccccc2C1=O,OBLNWSCLAYSJJR-UHFFFAOYSA-N,OBLNWSCLAYSJJR,OBLNWSCLAYSJJR,resolved,NC1=C(Cl)C(=O)c2ccccc2C1=O,1,1,1,0,0
357,357,13290,Methoprotryne (Ref: G 36393),841-06-5,COCCCNc1nc(NC(C)C)nc(SC)n1,DDUIUBPJPOKOMV-UHFFFAOYSA-N,DDUIUBPJPOKOMV,DDUIUBPJPOKOMV,resolved,COCCCNc1nc(NC(C)C)nc(SC)n1,1,0,0,0,0
358,358,9595287,2-(Dimethylamino)-N-[[(methylamino)carbonyl]oxy]-2-oxo-ethanimidothioic acid methyl ester,23135-22-0,CNC(=O)ON=C(SC)C(=O)N(C)C,KZAUOCCYDRDERY-UHFFFAOYSA-N,KZAUOCCYDRDERY,KZAUOCCYDRDERY,resolved,CNC(=O)ON=C(SC)C(=O)N(C)C,1,3,1,1,1
359,359,9477,"O-Ethyl O-(2,4,5-trichlorophenyl)ester ethylphosphonothioic acid",327-98-0,CCOP(=S)(CC)Oc1cc(Cl)c(Cl)cc1Cl,ANIAQSUBRGXWLS-UHFFFAOYSA-N,ANIAQSUBRGXWLS,ANIAQSUBRGXWLS,resolved,CCOP(=S)(CC)Oc1cc(Cl)c(Cl)cc1Cl,1,2,1,1,0
360,360,5371562,Monocrotophos (Ref: ENT 27129),6923-22-4,CNC(=O)/C=C(\C)OP(=O)(OC)OC,KRTSDMXIXPKRQR-AATRIKPKSA-N,KRTSDMXIXPKRQR,KRTSDMXIXPKRQR,resolved,CNC(=O)/C=C(\C)OP(=O)(OC)OC,1,3,1,1,1
361,361,2730,"Phosphorothioic acid, O,O-Diethyl O-(3,5,6-trichloro-2-pyridinyl) ester",2921-88-2,CCOP(=S)(OCC)Oc1nc(Cl)c(Cl)cc1Cl,SBPBAQFWLVIOKP-UHFFFAOYSA-N,SBPBAQFWLVIOKP,SBPBAQFWLVIOKP,resolved,CCOP(=S)(OCC)Oc1nc(Cl)c(Cl)cc1Cl,1,3,1,1,1
362,362,14215,Pebulate (Ref: R 2061),1114-71-2,CCCCN(CC)C(=O)SCCC,SGEJQUSYQTVSIU-UHFFFAOYSA-N,SGEJQUSYQTVSIU,SGEJQUSYQTVSIU,resolved,CCCCN(CC)C(=O)SCCC,1,2,1,1,0
363,363,39965,"3-Cyclohexyl-6-(dimethylamino)-1-methyl-1,3,5-triazine-2,4-(1H,3H)dione",51235-04-2,CN(C)c1nc(=O)n(C2CCCCC2)c(=O)n1C,CAWXEEYDBZRFPE-UHFFFAOYSA-N,CAWXEEYDBZRFPE,CAWXEEYDBZRFPE,resolved,CN(C)c1nc(=O)n(C2CCCCC2)c(=O)n1C,1,1,1,0,0
364,364,25912,Chlorbromuron (Ref: C6313),13360-45-7,CON(C)C(=O)Nc1ccc(Br)c(Cl)c1,NLYNUTMZTCLNOO-UHFFFAOYSA-N,NLYNUTMZTCLNOO,NLYNUTMZTCLNOO,resolved,CON(C)C(=O)Nc1ccc(Br)c(Cl)c1,1,1,1,0,0
365,365,83975,Tetramethrin (Ref: ENT 27339),7696-12-0,CC(C)=CC1C(C(=O)OCN2C(=O)C3=C(CCCC3)C2=O)C1(C)C,CXBMCYHAMVGWJQ-UHFFFAOYSA-N,CXBMCYHAMVGWJQ,CXBMCYHAMVGWJQ,resolved,CC(C)=CC1C(C(=O)OCN2C(=O)C3=C(CCCC3)C2=O)C1(C)C,1,3,1,1,1
366,366,4109,N-[[(Methylamino)carbonyl]oxy]ethanimidothioic acid methyl ester,16752-77-5,CNC(=O)ON=C(C)SC,UHXUZOCRWCRNSJ-UHFFFAOYSA-N,UHXUZOCRWCRNSJ,UHXUZOCRWCRNSJ,resolved,CNC(=O)ON=C(C)SC,1,3,1,1,1
367,367,17516,3-methyl-5-(1-methylethyl)phenol 1-(N-methylcarbamate)  ,2631-37-0,CNC(=O)Oc1cc(C)cc(C(C)C)c1,DTAPQAJKAFRNJB-UHFFFAOYSA-N,DTAPQAJKAFRNJB,DTAPQAJKAFRNJB,resolved,CNC(=O)Oc1cc(C)cc(C(C)C)c1,1,2,1,1,0
368,368,12932,Bensulide (Ref: R 4461),741-58-2,CC(C)OP(=S)(OC(C)C)SCCNS(=O)(=O)c1ccccc1,RRNIZKPFKNDSRS-UHFFFAOYSA-N,RRNIZKPFKNDSRS,RRNIZKPFKNDSRS,resolved,CC(C)OP(=S)(OC(C)C)SCCNS(=O)(=O)c1ccccc1,1,2,1,1,0
369,369,5371578,(2E)-3-[(Dimethoxyphosphinyl)oxy]-2-butenoic acid 1-phenylethyl ester,7700-17-6,COP(=O)(OC)OC(C)=CC(=O)OC(C)c1ccccc1,XXXSILNSXNPGKG-UHFFFAOYSA-N,XXXSILNSXNPGKG,XXXSILNSXNPGKG,resolved,COP(=O)(OC)OC(C)=CC(=O)OC(C)c1ccccc1,1,2,1,1,0
370,370,14210,"O,O-Dimethyl S-[2-(methylamino)-2-oxoethyl ester phosphorothioic acid",1113-02-6,CNC(=O)CSP(=O)(OC)OC,PZXOQEXFMJCDPG-UHFFFAOYSA-N,PZXOQEXFMJCDPG,PZXOQEXFMJCDPG,resolved,CNC(=O)CSP(=O)(OC)OC,1,3,1,1,1
371,371,16562,"N,N-Dimethyl-N'-[3-(trifluoromethyl)phenyl]urea",2164-17-2,CN(C)C(=O)Nc1cccc(C(F)(F)F)c1,RZILCCPWPBTYDO-UHFFFAOYSA-N,RZILCCPWPBTYDO,RZILCCPWPBTYDO,resolved,CN(C)C(=O)Nc1cccc(C(F)(F)F)c1,1,1,1,0,0
372,372,18290,Metobromuron (Ref: C 3216),3060-89-7,CON(C)C(=O)Nc1ccc(Br)cc1,WLFDQEVORAMCIM-UHFFFAOYSA-N,WLFDQEVORAMCIM,WLFDQEVORAMCIM,resolved,CON(C)C(=O)Nc1ccc(Br)cc1,1,0,0,0,0
373,373,5280896,S-abscisic acid,21293-29-8,CC(C=CC1(O)C(C)=CC(=O)CC1(C)C)=CC(=O)O,JLIDBLDQVAYHNE-UHFFFAOYSA-N,JLIDBLDQVAYHNE,JLIDBLDQVAYHNE,resolved,CC(C=CC1(O)C(C)=CC(=O)CC1(C)C)=CC(=O)O,1,1,1,0,0
374,374,14145,"1,1-Dichloro-N-[(dimethylamino)sulfonyl]-1-fluoro-N-phenylmethanesulfenamide",1085-98-9,CN(C)S(=O)(=O)N(SC(F)(Cl)Cl)c1ccccc1,WURGXGVFSMYFCG-UHFFFAOYSA-N,WURGXGVFSMYFCG,WURGXGVFSMYFCG,resolved,CN(C)S(=O)(=O)N(SC(F)(Cl)Cl)c1ccccc1,1,0,0,0,0
375,375,22544,Chlordimeform (Ref: ENT 27335),6164-98-3,Cc1cc(Cl)ccc1N=CN(C)C,STUSTWKEFDQFFZ-UHFFFAOYSA-N,STUSTWKEFDQFFZ,STUSTWKEFDQFFZ,resolved,Cc1cc(Cl)ccc1N=CN(C)C,1,0,0,0,0
376,376,16653,Molinate (Ref: OMS 1373),2212-67-1,CCSC(=O)N1CCCCCC1,DEDOPGXGGQYYMW-UHFFFAOYSA-N,DEDOPGXGGQYYMW,DEDOPGXGGQYYMW,resolved,CCSC(=O)N1CCCCCC1,1,2,1,1,0
377,377,4628,Oxolinic acid,14698-29-4,CCn1cc(C(=O)O)c(=O)c2cc3c(cc21)OCO3,KYGZCKSPAKDVKC-UHFFFAOYSA-N,KYGZCKSPAKDVKC,KYGZCKSPAKDVKC,resolved,CCn1cc(C(=O)O)c(=O)c2cc3c(cc21)OCO3,1,1,1,0,0
378,378,31677,Butachlor (Ref: CP 53619),23184-66-9,CCCCOCN(C(=O)CCl)c1c(CC)cccc1CC,HKPHPIREJKHECO-UHFFFAOYSA-N,HKPHPIREJKHECO,HKPHPIREJKHECO,resolved,CCCCOCN(C(=O)CCl)c1c(CC)cccc1CC,1,1,1,0,0
379,379,31070,(1-Methylethyl)phosphoramidic acid ethyl-3-methyl-4-(methylthio)phenyl ester,22224-92-6,CCOP(=O)(NC(C)C)Oc1ccc(SC)c(C)c1,ZCJPOPBZHLUFHF-UHFFFAOYSA-N,ZCJPOPBZHLUFHF,ZCJPOPBZHLUFHF,resolved,CCOP(=O)(NC(C)C)Oc1ccc(SC)c(C)c1,1,2,1,1,0
380,380,5284462,"Phosphoric acid (1Z)-2-chloro-1-(2,4,5-trichlorophenyl)ethenyl dimethyl ester",22248-79-9,COP(=O)(OC)OC(=CCl)c1cc(Cl)c(Cl)cc1Cl,UBCKGWBNUIFUST-UHFFFAOYSA-N,UBCKGWBNUIFUST,UBCKGWBNUIFUST,resolved,COP(=O)(OC)OC(=CCl)c1cc(Cl)c(Cl)cc1Cl,1,2,1,1,0
381,381,6327054,Tricyclohexylhydroxystannane,13121-70-5,C1CCC([Sn](C2CCCCC2)C2CCCCC2)CC1.O,UGCNRZFAUBJVPT-UHFFFAOYSA-N,UGCNRZFAUBJVPT,RNVJQUPAEIQUTC,resolved,C1CC[CH]([Sn]([CH]2CCCCC2)[CH]2CCCCC2)CC1.O,2,1,1,0,0
382,382,12304687,Pyrethrins (jasmolin I),4466-14-2,CCC=CCC1=C(C)C(OC(=O)C2C(C=C(C)C)C2(C)C)CC1=O,NZKIRHFOLVYKFT-UHFFFAOYSA-N,NZKIRHFOLVYKFT,NZKIRHFOLVYKFT,resolved,CCC=CCC1=C(C)C(OC(=O)C2C(C=C(C)C)C2(C)C)CC1=O,1,3,1,1,1
383,383,31099,Formetanate (Ref: SN 36056),22259-30-9,CNC(=O)Oc1cccc(N=CN(C)C)c1,RMFNNCGOSPBBAD-UHFFFAOYSA-N,RMFNNCGOSPBBAD,RMFNNCGOSPBBAD,resolved,CNC(=O)Oc1cccc(N=CN(C)C)c1,1,3,1,1,1
384,384,19756,Fuberidazole,3878-19-1,c1coc(-c2nc3ccccc3[nH]2)c1,UYJUZNLFJAWNEZ-UHFFFAOYSA-N,UYJUZNLFJAWNEZ,UYJUZNLFJAWNEZ,resolved,c1coc(-c2nc3ccccc3[nH]2)c1,1,0,0,0,0
385,385,12304690,Pyrethrins (jasmolin II),1172-63-0,CCC=CCC1=C(C)C(OC(=O)C2C(C=C(C)C(=O)OC)C2(C)C)CC1=O,WKNSDDMJXANVMK-UHFFFAOYSA-N,WKNSDDMJXANVMK,WKNSDDMJXANVMK,resolved,CCC=CCC1=C(C)C(OC(=O)C2C(C=C(C)C(=O)OC)C2(C)C)CC1=O,1,3,1,1,1
386,386,39985,Diclofop-methyl (Ref: HOE 023408),51338-27-3,COC(=O)C(C)Oc1ccc(Oc2ccc(Cl)cc2Cl)cc1,BACHBFVBHLGWSL-UHFFFAOYSA-N,BACHBFVBHLGWSL,BACHBFVBHLGWSL,resolved,COC(=O)C(C)Oc1ccc(Oc2ccc(Cl)cc2Cl)cc1,1,1,1,0,0
387,387,21307,"5,6-Dihydro-2-methyl-N-phenyl-1,4-oxathiin-3-carboxamide",5234-68-4,CC1=C(C(=O)Nc2ccccc2)SCCO1,GYSSRZJIHXQEHQ-UHFFFAOYSA-N,GYSSRZJIHXQEHQ,GYSSRZJIHXQEHQ,resolved,CC1=C(C(=O)Nc2ccccc2)SCCO1,1,1,1,0,0
388,388,25429,N-1H-Benzimidazol-2-yl carbamic acid methyl ester,10605-21-7,COC(=O)Nc1nc2ccccc2[nH]1,TWFZGCMQGLPBSX-UHFFFAOYSA-N,TWFZGCMQGLPBSX,TWFZGCMQGLPBSX,resolved,COC(=O)Nc1nc2ccccc2[nH]1,1,1,1,0,0
389,389,28935,"Phosphorothioic acid, O-(2,5-Dichloro-4-iodophenyl) O,O-dimethyl ester",18181-70-9,COP(=S)(OC)Oc1cc(Cl)c(I)cc1Cl,LFVLUOAHQIVABZ-UHFFFAOYSA-N,LFVLUOAHQIVABZ,LFVLUOAHQIVABZ,resolved,COP(=S)(OC)Oc1cc(Cl)c(I)cc1Cl,1,2,1,1,0
390,390,13676,"Ethylphosphonodithioic acid, O-Ethyl S-phenyl ester",944-22-9,CCOP(=S)(CC)Sc1ccccc1,KVGLBTYUCJYMND-UHFFFAOYSA-N,KVGLBTYUCJYMND,KVGLBTYUCJYMND,resolved,CCOP(=S)(CC)Sc1ccccc1,1,2,1,1,0
391,391,19662,Benazolin (Ref: RD 7693),3813-05-6,O=C(O)Cn1c(=O)sc2cccc(Cl)c21,HYJSGOXICXYZGS-UHFFFAOYSA-N,HYJSGOXICXYZGS,HYJSGOXICXYZGS,resolved,O=C(O)Cn1c(=O)sc2cccc(Cl)c21,1,0,0,0,0
392,392,62712,"Sulfuric acid, Iron(2+) salt(1:1), Monohydrate",17375-41-6,O.O=S(=O)([O-])[O-].[Fe+2],XBDUTCVQJHJTQZ-UHFFFAOYSA-L,XBDUTCVQJHJTQZ,QAOWNCQODCNURD,resolved,O.O=S(=O)([O-])[O-].[Fe+2],3,1,1,0,0
393,393,14119,"Benzo[b]thiophene-4-ol, 4-(N-methylcarbamate)",1079-33-0,CNC(=O)Oc1cccc2sccc12,BOTUVXISJHKZKJ-UHFFFAOYSA-N,BOTUVXISJHKZKJ,BOTUVXISJHKZKJ,resolved,CNC(=O)Oc1cccc2sccc12,1,3,1,1,1
394,394,13450,Terbutryn (Ref: GS 14260),886-50-0,CCNc1nc(NC(C)(C)C)nc(SC)n1,IROINLKCQGIITA-UHFFFAOYSA-N,IROINLKCQGIITA,IROINLKCQGIITA,resolved,CCNc1nc(NC(C)(C)C)nc(SC)n1,1,3,1,1,1
395,395,77338,Fenclorim (Ref: CGA 123407),3740-92-9,Clc1cc(Cl)nc(-c2ccccc2)n1,NRFQZTCQAYEXEE-UHFFFAOYSA-N,NRFQZTCQAYEXEE,NRFQZTCQAYEXEE,resolved,Clc1cc(Cl)nc(-c2ccccc2)n1,1,1,1,0,0
396,396,15531,"3,5-Dibromo-4-hydroxybenzonitrile",1689-84-5,N#Cc1cc(Br)c(O)c(Br)c1,UPMXNNIRAGDFEH-UHFFFAOYSA-N,UPMXNNIRAGDFEH,UPMXNNIRAGDFEH,resolved,N#Cc1cc(Br)c(O)c(Br)c1,1,2,1,1,0
397,397,23421,"2-(1,3-Dioxolan-2-yl)phenol 1-(N-methylcarbamate)",6988-21-2,CNC(=O)Oc1ccccc1C1OCCO1,SDKQRNRRDYRQKY-UHFFFAOYSA-N,SDKQRNRRDYRQKY,SDKQRNRRDYRQKY,resolved,CNC(=O)Oc1ccccc1C1OCCO1,1,2,1,1,0
398,398,31899,"N,N-Dimethyl-N'-[3[[(methylamino)carbonyl]oxy]phenyl]methanimidamide hydrochloride (1:1)",23422-53-9,CNC(=O)Oc1cccc(N=CN(C)C)c1.Cl,MYPKGPZHHQEODQ-UHFFFAOYSA-N,MYPKGPZHHQEODQ,RMFNNCGOSPBBAD,resolved,CNC(=O)Oc1cccc(N=CN(C)C)c1.Cl,2,3,1,1,1
399,399,5363527,Looplure (Ref: ENT 33266),14959-86-5,CCCCC=CCCCCCCOC(C)=O,MUZGQHWTRUVFLG-UHFFFAOYSA-N,MUZGQHWTRUVFLG,MUZGQHWTRUVFLG,resolved,CCCCC=CCCCCCCOC(C)=O,1,1,1,0,0
400,400,22188,"5-Chloro-3-(1,1-dimethylethyl)-6-methyl-2,4(1H,3H)-pyrimidinedione",5902-51-2,Cc1[nH]c(=O)n(C(C)(C)C)c(=O)c1Cl,NBQCNZYJJMBDKY-UHFFFAOYSA-N,NBQCNZYJJMBDKY,NBQCNZYJJMBDKY,resolved,Cc1[nH]c(=O)n(C(C)(C)C)c(=O)c1Cl,1,0,0,0,0
401,401,19402,Chlorophacinone (Ref: LM 91),3691-35-8,O=C1c2ccccc2C(=O)C1C(=O)C(c1ccccc1)c1ccc(Cl)cc1,UDHXJZHVNHGCEC-UHFFFAOYSA-N,UDHXJZHVNHGCEC,UDHXJZHVNHGCEC,resolved,O=C1c2ccccc2C(=O)C1C(=O)C(c1ccccc1)c1ccc(Cl)cc1,1,2,1,1,0
402,402,20226,Kelevan (Ref: GC-9160),4234-79-1,CCOC(=O)CCC(=O)CC1(O)C2(Cl)C3(Cl)C4(Cl)C(Cl)(Cl)C5(Cl)C3(Cl)C1(Cl)C5(Cl)C42Cl,POSKOXIJDWDKPH-UHFFFAOYSA-N,POSKOXIJDWDKPH,POSKOXIJDWDKPH,resolved,CCOC(=O)CCC(=O)CC1(O)C2(Cl)C3(Cl)C4(Cl)C(Cl)(Cl)C5(Cl)C3(Cl)C1(Cl)C5(Cl)C42Cl,1,0,0,0,0
403,403,84224,Picloram-methyl,14143-55-6,COC(=O)c1nc(Cl)c(Cl)c(N)c1Cl,RJQUHEYNLDNJLN-UHFFFAOYSA-N,RJQUHEYNLDNJLN,RJQUHEYNLDNJLN,resolved,COC(=O)c1nc(Cl)c(Cl)c(N)c1Cl,1,1,1,0,0
404,404,7541,Anilazine (Ref: ENT 26 058),101-05-3,Clc1nc(Cl)nc(Nc2ccccc2Cl)n1,IMHBYKMAHXWHRP-UHFFFAOYSA-N,IMHBYKMAHXWHRP,IMHBYKMAHXWHRP,resolved,Clc1nc(Cl)nc(Nc2ccccc2Cl)n1,1,1,1,0,0
405,405,3032791,"N,N'-[1,2-Phenylenebis(iminocarbonothioyl)]bis-C,C'- dimethyl ester carbamic acid",23564-05-8,COC(=O)NC(=S)Nc1ccccc1NC(=S)NC(=O)OC,QGHREAKMXXNCOA-UHFFFAOYSA-N,QGHREAKMXXNCOA,QGHREAKMXXNCOA,resolved,COC(=O)NC(=S)Nc1ccccc1NC(=S)NC(=O)OC,1,1,1,0,0
406,406,9570093,Aldoxycarb,1646-88-4,CNC(=O)ON=CC(C)(C)S(C)(=O)=O,YRRKLBAKDXSTNC-UHFFFAOYSA-N,YRRKLBAKDXSTNC,YRRKLBAKDXSTNC,resolved,CNC(=O)ON=CC(C)(C)S(C)(=O)=O,1,1,1,0,0
407,407,15533,"Octanoic acid, 2,6-Dibromo-4-cyanophenyl ester",1689-99-2,CCCCCCCC(=O)Oc1c(Br)cc(C#N)cc1Br,DQKWXTIYGWPGOO-UHFFFAOYSA-N,DQKWXTIYGWPGOO,DQKWXTIYGWPGOO,resolved,CCCCCCCC(=O)Oc1c(Br)cc(C#N)cc1Br,1,1,1,0,0
408,408,443629,Validamycin A,37248-47-8,OCC1=CC(NC2CC(CO)C(OC3OC(CO)C(O)C(O)C3O)C(O)C2O)C(O)C(O)C1O,JARYYMUOCXVXNK-UHFFFAOYSA-N,JARYYMUOCXVXNK,JARYYMUOCXVXNK,resolved,OCC1=CC(NC2CC(CO)C(OC3OC(CO)C(O)C(O)C3O)C(O)C2O)C(O)C(O)C1O,1,3,1,1,1
409,409,21330,Oxycarboxin (Ref: F 461),5259-88-1,CC1=C(C(=O)Nc2ccccc2)S(=O)(=O)CCO1,AMEKQAFGQBKLKX-UHFFFAOYSA-N,AMEKQAFGQBKLKX,AMEKQAFGQBKLKX,resolved,CC1=C(C(=O)Nc2ccccc2)S(=O)(=O)CCO1,1,0,0,0,0
410,410,28213,"S-[2-(Ethylsulfonyl)ethyl]O,O-dimethyl ester phosphorothioic acid",17040-19-6,CCS(=O)(=O)CCSP(=O)(OC)OC,PZIRJMYRYORVIT-UHFFFAOYSA-N,PZIRJMYRYORVIT,PZIRJMYRYORVIT,resolved,CCS(=O)(=O)CCSP(=O)(OC)OC,1,3,1,1,1
411,411,18752,Asulam (Ref: M&B 9057),3337-71-1,COC(=O)NS(=O)(=O)c1ccc(N)cc1,VGPYEHKOIGNJKV-UHFFFAOYSA-N,VGPYEHKOIGNJKV,VGPYEHKOIGNJKV,resolved,COC(=O)NS(=O)(=O)c1ccc(N)cc1,1,1,1,0,0
412,412,3032792,Thiophanate,23564-06-9,CCOC(=O)NC(=S)Nc1ccccc1NC(=S)NC(=O)OCC,YFNCATAIYKQPOO-UHFFFAOYSA-N,YFNCATAIYKQPOO,YFNCATAIYKQPOO,resolved,CCOC(=O)NC(=S)Nc1ccccc1NC(=S)NC(=O)OCC,1,1,1,0,0
413,413,16116,Silthiofam (Ref: MON 65500),175217-20-6,C=CCNC(=O)c1c([Si](C)(C)C)sc(C)c1C,MXMXHPPIGKYTAR-UHFFFAOYSA-N,MXMXHPPIGKYTAR,MXMXHPPIGKYTAR,resolved,C=CCNC(=O)c1c([Si](C)(C)C)sc(C)c1C,1,1,1,0,0
414,414,29863,Metoxuron (Ref: SAN 6915H),19937-59-8,COc1ccc(NC(=O)N(C)C)cc1Cl,DSRNRYQBBJQVCW-UHFFFAOYSA-N,DSRNRYQBBJQVCW,DSRNRYQBBJQVCW,resolved,COc1ccc(NC(=O)N(C)C)cc1Cl,1,1,1,0,0
415,415,28768,"alpha, alpha-bis(4-Chlorophenyl)-3-pyridinemethanol",17781-31-6,OC(c1ccc(Cl)cc1)(c1ccc(Cl)cc1)c1cccnc1,NBNTWDUNCHRWMT-UHFFFAOYSA-N,NBNTWDUNCHRWMT,NBNTWDUNCHRWMT,resolved,OC(c1ccc(Cl)cc1)(c1ccc(Cl)cc1)c1cccnc1,1,2,1,1,0
416,416,16116,N-(2-Methylcyclohexyl)-N'-phenylurea,1982-49-6,CC1CCCCC1NC(=O)Nc1ccccc1,JXVIIQLNUPXOII-UHFFFAOYSA-N,JXVIIQLNUPXOII,JXVIIQLNUPXOII,resolved,CC1CCCCC1NC(=O)Nc1ccccc1,1,0,0,0,0
417,417,61286,"2-(2,4-Dichlorophenoxy)acetic acid, 2-Ethylhexyl ester",1928-43-4,CCCCC(CC)COC(=O)COc1ccc(Cl)cc1Cl,QZSFJRIWRPJUOH-UHFFFAOYSA-N,QZSFJRIWRPJUOH,QZSFJRIWRPJUOH,resolved,CCCCC(CC)COC(=O)COc1ccc(Cl)cc1Cl,1,1,1,0,0
418,418,26927,"4-Ethoxy-7-phenyl-3,5-dioxa-6-aza-4-phosphaoct-6-ene-8-nitrile 4-sulfide",14816-18-3,CCOP(=S)(OCC)ON=C(C#N)c1ccccc1,ATROHALUCMTWTB-UHFFFAOYSA-N,ATROHALUCMTWTB,ATROHALUCMTWTB,resolved,CCOP(=S)(OCC)ON=C(C#N)c1ccccc1,1,3,1,1,1
419,419,23715,Monalide (Ref: SN 35830),7287-36-7,CCCC(C)(C)C(=O)Nc1ccc(Cl)cc1,KXGYBSNVFXBPNO-UHFFFAOYSA-N,KXGYBSNVFXBPNO,KXGYBSNVFXBPNO,resolved,CCCC(C)(C)C(=O)Nc1ccc(Cl)cc1,1,0,0,0,0
420,420,30479,Metribuzin (Ref: DPX G2504),21087-64-9,CSc1nnc(C(C)(C)C)c(=O)n1N,FOXFZRUHNHCZPX-UHFFFAOYSA-N,FOXFZRUHNHCZPX,FOXFZRUHNHCZPX,resolved,CSc1nnc(C(C)(C)C)c(=O)n1N,1,1,1,0,0
421,421,14337,Cyclohexylethylcarbamothioic acid S-ethyl ester,1134-23-2,CCSC(=O)N(CC)C1CCCCC1,DFCAFRGABIXSDS-UHFFFAOYSA-N,DFCAFRGABIXSDS,DFCAFRGABIXSDS,resolved,CCSC(=O)N(CC)C1CCCCC1,1,2,1,1,0
422,422,20965,Bromophos-ethyl (Ref: SHG-2225),4824-78-6,CCOP(=S)(OCC)Oc1cc(Cl)c(Br)cc1Cl,KWGUFOITWDSNQY-UHFFFAOYSA-N,KWGUFOITWDSNQY,KWGUFOITWDSNQY,resolved,CCOP(=S)(OCC)Oc1cc(Cl)c(Br)cc1Cl,1,3,1,1,1
423,423,29216,Methabenzthiazuron (Ref: BAY 74283 ),18691-97-9,CNC(=O)N(C)c1nc2ccccc2s1,RRVIAQKBTUQODI-UHFFFAOYSA-N,RRVIAQKBTUQODI,RRVIAQKBTUQODI,resolved,CNC(=O)N(C)c1nc2ccccc2s1,1,3,1,1,1
424,424,23664718,"4-Amino-3,5,6-trichloro-2-pyridinecarboxylic acid, Potassium salt (1:1)",2545-60-0,Nc1c(Cl)c(Cl)nc(C(=O)[O-])c1Cl.[K+],ZRHANBBTXQZFSP-UHFFFAOYSA-M,ZRHANBBTXQZFSP,NQQVFXUMIDALNH,resolved,Nc1c(Cl)c(Cl)nc(C(=O)[O-])c1Cl.[K+],2,1,1,0,0
425,425,115122,"O,O-Dimethyl O-[2-(methylthio)ethyl]ester phosphorothioic acid mixt. with O,O-dimethyl S-[2-(methylthio)ethyl]phosphorothioate",8065-62-1,COP(=O)(OC)SCCSC.COP(=S)(OC)OCCSC,ZIBCESDMUREVIU-UHFFFAOYSA-N,ZIBCESDMUREVIU,PSTWJANBJOHFQJ,resolved,COP(=O)(OC)SCCSC.COP(=S)(OC)OCCSC,2,3,1,1,1
426,426,30773,Cyanazine,21725-46-2,CCNc1nc(Cl)nc(NC(C)(C)C#N)n1,MZZBPDKVEFVLFF-UHFFFAOYSA-N,MZZBPDKVEFVLFF,MZZBPDKVEFVLFF,resolved,CCNc1nc(Cl)nc(NC(C)(C)C#N)n1,1,1,1,0,0
427,427,29393,Oryzalin (Ref: EL 119),19044-88-3,CCCN(CCC)c1c([N+](=O)[O-])cc(S(N)(=O)=O)cc1[N+](=O)[O-],UNAHYJYOSSSJHH-UHFFFAOYSA-N,UNAHYJYOSSSJHH,UNAHYJYOSSSJHH,resolved,CCCN(CCC)c1c([N+](=O)[O-])cc(S(N)(=O)=O)cc1[N+](=O)[O-],1,1,1,0,0
428,428,4794,Glufosinate (Ref: HOE 00661),51276-47-2,CP(=O)(O)CCC(N)C(=O)O,IAJOBQBIJHVGMQ-UHFFFAOYSA-N,IAJOBQBIJHVGMQ,IAJOBQBIJHVGMQ,resolved,CP(=O)(O)CCC(N)C(=O)O,1,0,0,0,0
429,429,24743,"N-[3-[[(Phenylamino)carbonyl]oxy]phenyl]carbamic acid, Ethyl ester",13684-56-5,CCOC(=O)Nc1cccc(OC(=O)Nc2ccccc2)c1,WZJZMXBKUWKXTQ-UHFFFAOYSA-N,WZJZMXBKUWKXTQ,WZJZMXBKUWKXTQ,resolved,CCOC(=O)Nc1cccc(OC(=O)Nc2ccccc2)c1,1,1,1,0,0
430,430,2328,Bentazone,25057-89-0,CC(C)N1C(=O)c2ccccc2NS1(=O)=O,ZOMSMJKLGFBRBS-UHFFFAOYSA-N,ZOMSMJKLGFBRBS,ZOMSMJKLGFBRBS,resolved,CC(C)N1C(=O)c2ccccc2NS1(=O)=O,1,0,0,0,0
431,431,18621,Dimethyl 4-(methylsulfanyl)phenyl phosphate,3254-63-5,COP(=O)(OC)Oc1ccc(SC)cc1,BUDNNLHZOCBLAU-UHFFFAOYSA-N,BUDNNLHZOCBLAU,BUDNNLHZOCBLAU,resolved,COP(=O)(OC)Oc1ccc(SC)cc1,1,3,1,1,1
432,432,53597,Glufosinate-ammonium (Ref: HOE 039866),77182-82-2,CP(=O)(O)CCC(N)C(=O)[O-].[NH4+],ZBMRKNMTMPPMMK-UHFFFAOYSA-N,ZBMRKNMTMPPMMK,IAJOBQBIJHVGMQ,resolved,CP(=O)(O)CCC(N)C(=O)[O-].[NH4+],2,0,0,0,0
433,433,27689,Carbetamide (Ref: RP 11561),16118-49-3,CCNC(=O)C(C)OC(=O)Nc1ccccc1,AMRQXHFXNZFDCH-UHFFFAOYSA-N,AMRQXHFXNZFDCH,AMRQXHFXNZFDCH,resolved,CCNC(=O)C(C)OC(=O)Nc1ccccc1,1,1,1,0,0
434,434,26033,"2-[(Diethoxyphosphinothionyl)oxy]-5-methylpyrazolo[1,5-a]pyrimidine-6-carboxylic acid ethyl ester",13457-18-6,CCOC(=O)c1cn2nc(OP(=S)(OCC)OCC)cc2nc1C,JOOMJVFZQRQWKR-UHFFFAOYSA-N,JOOMJVFZQRQWKR,JOOMJVFZQRQWKR,resolved,CCOC(=O)c1cn2nc(OP(=S)(OCC)OCC)cc2nc1C,1,2,1,1,0
435,435,5365075,Muscalure,27519-02-4,CCCCCCCCC=CCCCCCCCCCCCCC,IGOWHGRNPLFNDJ-UHFFFAOYSA-N,IGOWHGRNPLFNDJ,IGOWHGRNPLFNDJ,resolved,CCCCCCCCC=CCCCCCCCCCCCCC,1,1,1,0,0
436,436,20288,"2-Fluoroethyl ([1,1'-biphenyl]-4-yl)acetate",4301-50-2,O=C(Cc1ccc(-c2ccccc2)cc1)OCCF,XAERLJMOUYEBAB-UHFFFAOYSA-N,XAERLJMOUYEBAB,XAERLJMOUYEBAB,resolved,O=C(Cc1ccc(-c2ccccc2)cc1)OCCF,1,1,1,0,0
437,437,31645,Pirimicarb (Ref: OMS 1330),23103-98-2,Cc1nc(N(C)C)nc(OC(=O)N(C)C)c1C,YFGYUFNIOHWBOB-UHFFFAOYSA-N,YFGYUFNIOHWBOB,YFGYUFNIOHWBOB,resolved,Cc1nc(N(C)C)nc(OC(=O)N(C)C)c1C,1,2,1,1,0
438,438,5281303,"2aR,3S,4S,4aR,5S,7aS,8S,10R,10aS,10bR)-10-(Acetyloxy)octahydro-3,5-dihydroxy-4-methyl-8-[[(2E)-2-methyl-1-oxo-2-buten-1-yl]oxy]-4-[(1aR,2S,3aS,6aS,7S,7aS)-3a,6a,7,7a-tetrahydro-6a-hydroxy-7a-methyl-2,7-methanofuro[2,3-b]oxireno[e]oxepin-1a(2H)-yl]-1H,7H-naptho[1,8-bc:4,4a-c']difuran-5,10a(8H)-dicarboxylic acid 5-10a-dimethyl ester",11141-17-6,CC=C(C)C(=O)OC1CC(OC(C)=O)C2(C(=O)OC)COC3C2C12COC(O)(C(=O)OC)C2C(C)(C12OC1(C)C1CC2OC2OC=CC21O)C3O,FTNJWQUOZFUQQJ-UHFFFAOYSA-N,FTNJWQUOZFUQQJ,FTNJWQUOZFUQQJ,resolved,CC=C(C)C(=O)OC1CC(OC(C)=O)C2(C(=O)OC)COC3C2C12COC(O)(C(=O)OC)C2C(C)(C12OC1(C)C1CC2OC2OC=CC21O)C3O,1,2,1,1,0
439,439,19137,4-[4-(Acetyloxy)phenyl]-2-butanone,3572-06-3,CC(=O)CCc1ccc(OC(C)=O)cc1,UMIKWXDGXDJQJK-UHFFFAOYSA-N,UMIKWXDGXDJQJK,UMIKWXDGXDJQJK,resolved,CC(=O)CCc1ccc(OC(C)=O)cc1,1,1,1,0,0
440,440,3496,N-(Phosphonomethyl)glycine,1071-83-6,O=C(O)CNCP(=O)(O)O,XDDAORKBJWWYJS-UHFFFAOYSA-N,XDDAORKBJWWYJS,XDDAORKBJWWYJS,resolved,O=C(O)CNCP(=O)(O)O,1,1,1,0,0
441,441,34526,"O-[2-(Diethylamino)-6-methyl-4-pyrimidinyl]O,O-dimethyl ester, Phosphorothioic acid",29232-93-7,CCN(CC)c1nc(C)cc(OP(=S)(OC)OC)n1,QHOQHJPRIBSPCY-UHFFFAOYSA-N,QHOQHJPRIBSPCY,QHOQHJPRIBSPCY,resolved,CCN(CC)c1nc(C)cc(OP(=S)(OC)OC)n1,1,3,1,1,1
442,442,4096,"Phosphoramidothioic acid, O,S-Dimethyl ester",10265-92-6,COP(N)(=O)SC,NNKVPIKMPCQWCG-UHFFFAOYSA-N,NNKVPIKMPCQWCG,NNKVPIKMPCQWCG,resolved,COP(N)(=O)SC,1,3,1,1,1
443,443,29732,"3-[2,4-Dichloro-5-(1-methylethoxy)phenyl]-5-(1,1-dimethylethyl)-1,3,4-oxadiazol-2(3H)-one",19666-30-9,CC(C)Oc1cc(-n2nc(C(C)(C)C)oc2=O)c(Cl)cc1Cl,CHNUNORXWHYHNE-UHFFFAOYSA-N,CHNUNORXWHYHNE,CHNUNORXWHYHNE,resolved,CC(C)Oc1cc(-n2nc(C(C)(C)C)oc2=O)c(Cl)cc1Cl,1,1,1,0,0
444,444,58167,Camphechlor (Ref: Hercules 3956),8001-35-2,ClCC1(C(Cl)Cl)C2CC(Cl)(Cl)C1(CCl)C(Cl)C2Cl,YNEKMCSWRMRXIR-UHFFFAOYSA-N,YNEKMCSWRMRXIR,YNEKMCSWRMRXIR,resolved,ClCC1(C(Cl)Cl)C2CC(Cl)(Cl)C1(CCl)C(Cl)C2Cl,1,3,1,1,1
445,445,36606,Isopropalin (Ref: EL-179),33820-53-0,CCCN(CCC)c1c([N+](=O)[O-])cc(C(C)C)cc1[N+](=O)[O-],NEKOXWSIMFDGMA-UHFFFAOYSA-N,NEKOXWSIMFDGMA,NEKOXWSIMFDGMA,resolved,CCCN(CCC)c1c([N+](=O)[O-])cc(C(C)C)cc1[N+](=O)[O-],1,3,1,1,1
446,446,32184,Triazophos (Ref: HOE 002960 ),24017-47-8,CCOP(=S)(OCC)Oc1ncn(-c2ccccc2)n1,AMFGTOFWMRQMEM-UHFFFAOYSA-N,AMFGTOFWMRQMEM,AMFGTOFWMRQMEM,resolved,CCOP(=S)(OCC)Oc1ncn(-c2ccccc2)n1,1,1,1,0,0
447,447,32154,Propyzamide (Ref: RH 315),23950-58-5,C#CC(C)(C)NC(=O)c1cc(Cl)cc(Cl)c1,PHNUZKMIPFFYSO-UHFFFAOYSA-N,PHNUZKMIPFFYSO,PHNUZKMIPFFYSO,resolved,C#CC(C)(C)NC(=O)c1cc(Cl)cc(Cl)c1,1,1,1,0,0
448,448,2314,"2,2-Dimethyl-1,3-benzodioxol-4-ol 4-(N-methylcarbamate)",22781-23-3,CNC(=O)Oc1cccc2c1OC(C)(C)O2,XEGGRYVFLWGFHI-UHFFFAOYSA-N,XEGGRYVFLWGFHI,XEGGRYVFLWGFHI,resolved,CNC(=O)Oc1cccc2c1OC(C)(C)O2,1,3,1,1,1
449,449,31957,"Phosphorothioic acid O-[2-(diethylamino)-6-methyl-4-pyrimidinyl] O,O-diethyl ester",23505-41-1,CCOP(=S)(OCC)Oc1cc(C)nc(N(CC)CC)n1,TZBPRYIIJAJUOY-UHFFFAOYSA-N,TZBPRYIIJAJUOY,TZBPRYIIJAJUOY,resolved,CCOP(=S)(OCC)Oc1cc(C)nc(N(CC)CC)n1,1,3,1,1,1
450,450,27375,Chlorotoluron (Ref: C 2242),15545-48-9,Cc1ccc(NC(=O)N(C)C)cc1Cl,JXCGFZXSOMJFOA-UHFFFAOYSA-N,JXCGFZXSOMJFOA,JXCGFZXSOMJFOA,resolved,Cc1ccc(NC(=O)N(C)C)cc1Cl,1,0,0,0,0
451,451,5283295,8-dodecenol,40642-40-8,CCCC=CCCCCCCCO,YEQONIQGGSENJQ-UHFFFAOYSA-N,YEQONIQGGSENJQ,YEQONIQGGSENJQ,resolved,CCCC=CCCCCCCCO,1,3,1,1,1
452,452,27189,Napropamide (Ref: R 7465),15299-99-7,CCN(CC)C(=O)C(C)Oc1cccc2ccccc12,WXZVAROIGSFCFJ-UHFFFAOYSA-N,WXZVAROIGSFCFJ,WXZVAROIGSFCFJ,resolved,CCN(CC)C(=O)C(C)Oc1cccc2ccccc12,1,1,1,0,0
453,453,9568700,2-Methyl-2-(methylsulfinyl)propanal O-[(methylamino)carbonyl]oxime,1646-87-3,CNC(=O)ON=CC(C)(C)S(C)=O,BXPMAGSOWXBZHS-UHFFFAOYSA-N,BXPMAGSOWXBZHS,BXPMAGSOWXBZHS,resolved,CNC(=O)ON=CC(C)(C)S(C)=O,1,3,1,1,1
454,454,34192,"N,N-Diethylcarbamothioic acid S-[(4-chlorophenyl)methyl] ester",28249-77-6,CCN(CC)C(=O)SCc1ccc(Cl)cc1,QHTQREMOGMZHJV-UHFFFAOYSA-N,QHTQREMOGMZHJV,QHTQREMOGMZHJV,resolved,CCN(CC)C(=O)SCc1ccc(Cl)cc1,1,1,1,0,0
455,455,37123,Diflubenzuron (Ref: OMS 1804),35367-38-5,O=C(NC(=O)c1c(F)cccc1F)Nc1ccc(Cl)cc1,QQQYTWIFVNKMRW-UHFFFAOYSA-N,QQQYTWIFVNKMRW,QQQYTWIFVNKMRW,resolved,O=C(NC(=O)c1c(F)cccc1F)Nc1ccc(Cl)cc1,1,2,1,1,0
456,456,33246,"Benzoyl chloride, (2,4,6-Trichlorophenyl)hydrazone",25939-05-3,ClC(=NNc1c(Cl)cc(Cl)cc1Cl)c1ccccc1,QVMATSPQIBFRPZ-UHFFFAOYSA-N,QVMATSPQIBFRPZ,QVMATSPQIBFRPZ,resolved,ClC(=NNc1c(Cl)cc(Cl)cc1Cl)c1ccccc1,1,2,1,1,0
457,457,17808,Proximpham,2828-42-4,CC(C)=NOC(=O)Nc1ccccc1,LATYTXGNKNKTDS-UHFFFAOYSA-N,LATYTXGNKNKTDS,LATYTXGNKNKTDS,resolved,CC(C)=NOC(=O)Nc1ccccc1,1,0,0,0,0
458,458,18996,Piperalin (Ref: HSDB 7058),3478-94-2,CC1CCCCN1CCCOC(=O)c1ccc(Cl)c(Cl)c1,BZGLBXYQOMFXAU-UHFFFAOYSA-N,BZGLBXYQOMFXAU,BZGLBXYQOMFXAU,resolved,CC1CCCCN1CCCOC(=O)c1ccc(Cl)c(Cl)c1,1,1,1,0,0
459,459,21803,"O,O-Dimethyl O-(3,5,6-trichloro-2-pyridinyl) ester phosphorothioic acid",5598-13-0,COP(=S)(OC)Oc1nc(Cl)c(Cl)cc1Cl,HRBKVYFZANMGRE-UHFFFAOYSA-N,HRBKVYFZANMGRE,HRBKVYFZANMGRE,resolved,COP(=S)(OC)Oc1nc(Cl)c(Cl)cc1Cl,1,3,1,1,1
460,460,61899,Dodemorph,1593-77-7,CC1CN(C2CCCCCCCCCCC2)CC(C)O1,JMXKCYUTURMERF-UHFFFAOYSA-N,JMXKCYUTURMERF,JMXKCYUTURMERF,resolved,CC1CN(C2CCCCCCCCCCC2)CC(C)O1,1,1,1,0,0
461,461,36392,Fluchloralin (Ref: BAS 392H),33245-39-5,CCCN(CCCl)c1c([N+](=O)[O-])cc(C(F)(F)F)cc1[N+](=O)[O-],MNFMIVVPXOGUMX-UHFFFAOYSA-N,MNFMIVVPXOGUMX,MNFMIVVPXOGUMX,resolved,CCCN(CCCl)c1c([N+](=O)[O-])cc(C(F)(F)F)cc1[N+](=O)[O-],1,1,1,0,0
462,462,36565,"4-(1,1-Dimethylethyl)-N-(1-methylpropyl)-2,6-dinitrobenzenamine",33629-47-9,CCC(C)Nc1c([N+](=O)[O-])cc(C(C)(C)C)cc1[N+](=O)[O-],SPNQRCTZKIBOAX-UHFFFAOYSA-N,SPNQRCTZKIBOAX,SPNQRCTZKIBOAX,resolved,CCC(C)Nc1c([N+](=O)[O-])cc(C(C)(C)C)cc1[N+](=O)[O-],1,1,1,0,0
463,463,23690427,2-[(1-Naphthalenylamino)carbonyl]benzoic acid sodium salt (1:1),132-67-2,O=C([O-])c1ccccc1C(=O)Nc1cccc2ccccc12.[Na+],CLHHSSXFXYAXDB-UHFFFAOYSA-M,CLHHSSXFXYAXDB,JXTHEWSKYLZVJC,resolved,O=C([O-])c1ccccc1C(=O)Nc1cccc2ccccc12.[Na+],2,0,0,0,0
464,464,5363237,(E)-dodec-8-enyl acetate,38363-29-0,CCCC=CCCCCCCCOC(C)=O,SUCYDSJQVVGOIW-UHFFFAOYSA-N,SUCYDSJQVVGOIW,SUCYDSJQVVGOIW,resolved,CCCC=CCCCCCCCOC(C)=O,1,1,1,0,0
465,465,1787910,Codlemone (Ref: BAS 2851),33956-49-9,CC=CC=CCCCCCCCO,CSWBSLXBXRFNST-UHFFFAOYSA-N,CSWBSLXBXRFNST,CSWBSLXBXRFNST,resolved,CC=CC=CCCCCCCCO,1,1,1,0,0
466,466,38235,"3,3-Dimethyl-1-(methylthio)-2-butanone O-[(methylamino)carbonyl]oxime",39196-18-4,CNC(=O)ON=C(CSC)C(C)(C)C,FZSVSABTBYGOQH-UHFFFAOYSA-N,FZSVSABTBYGOQH,FZSVSABTBYGOQH,resolved,CNC(=O)ON=C(CSC)C(C)(C)C,1,3,1,1,1
467,467,14511,Methyl cyclohexenone,1193-18-6,CC1=CC(=O)CCC1,IITQJMYAYSNIMI-UHFFFAOYSA-N,IITQJMYAYSNIMI,IITQJMYAYSNIMI,resolved,CC1=CC(=O)CCC1,1,1,1,0,0
468,468,5372477,Hydroprene (Ref: OMS 1696),41096-46-2,CCOC(=O)C=C(C)C=CCC(C)CCCC(C)C,FYQGBXGJFWXIPP-UHFFFAOYSA-N,FYQGBXGJFWXIPP,FYQGBXGJFWXIPP,resolved,CCOC(=O)C=C(C)C=CCC(C)CCCC(C)C,1,3,1,1,1
469,469,5366546,Methoprene (Ref: OMS 1697),40596-69-8,COC(C)(C)CCCC(C)CC=CC(C)=CC(=O)OC(C)C,NFGXHKASABOEEW-UHFFFAOYSA-N,NFGXHKASABOEEW,NFGXHKASABOEEW,resolved,COC(C)(C)CCCC(C)CC=CC(C)=CC(=O)OC(C)C,1,3,1,1,1
470,470,37175,"1-[2-(2,4-Dichlorophenyl)-2-(2-propenyloxy)ethyl]-1H-imidazole",35554-44-0,C=CCOC(Cn1ccnc1)c1ccc(Cl)cc1Cl,PZBPKYOVPCNPJY-UHFFFAOYSA-N,PZBPKYOVPCNPJY,PZBPKYOVPCNPJY,resolved,C=CCOC(Cn1ccnc1)c1ccc(Cl)cc1Cl,1,1,1,0,0
471,471,39230,Bifenox,42576-02-3,COC(=O)c1cc(Oc2ccc(Cl)cc2Cl)ccc1[N+](=O)[O-],SUSRORUBZHMPCO-UHFFFAOYSA-N,SUSRORUBZHMPCO,SUSRORUBZHMPCO,resolved,COC(=O)c1cc(Oc2ccc(Cl)cc2Cl)ccc1[N+](=O)[O-],1,0,0,0,0
472,472,20105,Dipropetryn (Ref: GC 16068),4147-51-7,CCSc1nc(NC(C)C)nc(NC(C)C)n1,NPWMZOGDXOFZIN-UHFFFAOYSA-N,NPWMZOGDXOFZIN,NPWMZOGDXOFZIN,resolved,CCSc1nc(NC(C)C)nc(NC(C)C)n1,1,1,1,0,0
473,473,33775,Norflurazon (Ref: H 52143),27314-13-2,CNc1cnn(-c2cccc(C(F)(F)F)c2)c(=O)c1Cl,NVGOPFQZYCNLDU-UHFFFAOYSA-N,NVGOPFQZYCNLDU,NVGOPFQZYCNLDU,resolved,CNc1cnn(-c2cccc(C(F)(F)F)c2)c(=O)c1Cl,1,0,0,0,0
474,474,29307,Isoxathion (Ref: SL 6711),18854-01-8,CCOP(=S)(OCC)Oc1cc(-c2ccccc2)on1,SDMSCIWHRZJSRN-UHFFFAOYSA-N,SDMSCIWHRZJSRN,SDMSCIWHRZJSRN,resolved,CCOP(=S)(OCC)Oc1cc(-c2ccccc2)on1,1,3,1,1,1
475,475,11534927,"5-Chloro-2-(3,4,4-trifluorobut-3-ene-1-sulfonyl)-1,3-thiazole",318290-98-1,O=S(=O)(CCC(F)=C(F)F)c1ncc(Cl)s1,XSNMWAPKHUGZGQ-UHFFFAOYSA-N,XSNMWAPKHUGZGQ,XSNMWAPKHUGZGQ,resolved,O=S(=O)(CCC(F)=C(F)F)c1ncc(Cl)s1,1,0,0,0,0
476,476,5281166,Jasmonic acid,6894-38-8,CCC=CCC1C(=O)CCC1CC(=O)O,ZNJFBWYDHIGLCU-UHFFFAOYSA-N,ZNJFBWYDHIGLCU,ZNJFBWYDHIGLCU,resolved,CCC=CCC1C(=O)CCC1CC(=O)O,1,1,1,0,0
477,477,93379,N-(2-Chloro-4-pyridinyl)-N'-phenylurea  ,68157-60-8,O=C(Nc1ccccc1)Nc1ccnc(Cl)c1,GPXLRLUVLMHHIK-UHFFFAOYSA-N,GPXLRLUVLMHHIK,GPXLRLUVLMHHIK,resolved,O=C(Nc1ccccc1)Nc1ccnc(Cl)c1,1,1,1,0,0
478,478,5281548,Pyrethrins (cinerin II),121-20-0,CC=CCC1=C(C)C(OC(=O)C2C(C=C(C)C(=O)OC)C2(C)C)CC1=O,SHCRDCOTRILILT-UHFFFAOYSA-N,SHCRDCOTRILILT,SHCRDCOTRILILT,resolved,CC=CCC1=C(C)C(OC(=O)C2C(C=C(C)C(=O)OC)C2(C)C)CC1=O,1,3,1,1,1
479,479,5281547,Pyrethrins (cinerin I),25402-06-6,CC=CCC1=C(C)C(OC(=O)C2C(C=C(C)C)C2(C)C)CC1=O,FMTFEIJHMMQUJI-UHFFFAOYSA-N,FMTFEIJHMMQUJI,FMTFEIJHMMQUJI,resolved,CC=CCC1=C(C)C(OC(=O)C2C(C=C(C)C)C2(C)C)CC1=O,1,3,1,1,1
480,480,38078,N-(Phosphonomethyl)glycine compd. with 2-propanamine (1:1),38641-94-0,CC(C)N.O=C(O)CNCP(=O)(O)O,ZEKANFGSDXODPD-UHFFFAOYSA-N,ZEKANFGSDXODPD,XDDAORKBJWWYJS,resolved,CC(C)N.O=C(O)CNCP(=O)(O)O,2,1,1,0,0
481,481,16211101,Aviglycine-HCl (Ref: ABG 3097),55720-26-8,Cl.NCCOC=CC(N)C(=O)O,ZDCPLYVEFATMJF-UHFFFAOYSA-N,ZDCPLYVEFATMJF,USGUVNUTPWXWBA,resolved,Cl.NCCOC=CC(N)C(=O)O,2,1,1,0,0
482,482,10888022,Frontalin,28401-39-0,CC12CCCC(C)(OC1)O2,AZWKCIZRVUVZPX-UHFFFAOYSA-N,AZWKCIZRVUVZPX,AZWKCIZRVUVZPX,resolved,CC12CCCC(C)(OC1)O2,1,1,1,0,0
483,483,41381,"N-Ethyl-N-(2-methyl-2-propenyl)-2,6-dinitro-4-(trifluoromethyl)benzenamine",55283-68-6,C=C(C)CN(CC)c1c([N+](=O)[O-])cc(C(F)(F)F)cc1[N+](=O)[O-],PTFJIKYUEPWBMS-UHFFFAOYSA-N,PTFJIKYUEPWBMS,PTFJIKYUEPWBMS,resolved,C=C(C)CN(CC)c1c([N+](=O)[O-])cc(C(F)(F)F)cc1[N+](=O)[O-],1,1,1,0,0
484,484,36584,Terbumeton (Ref: GS 14259),33693-04-8,CCNc1nc(NC(C)(C)C)nc(OC)n1,BCQMBFHBDZVHKU-UHFFFAOYSA-N,BCQMBFHBDZVHKU,BCQMBFHBDZVHKU,resolved,CCNc1nc(NC(C)(C)C)nc(OC)n1,1,1,1,0,0
485,485,3034411,Piproctanyl bromide (Ref: ACR-1222),56717-11-4,C=CC[N+]1(CCC(C)CCCC(C)C)CCCCC1.[Br-],LNJLLOLFPPCXOR-UHFFFAOYSA-M,LNJLLOLFPPCXOR,NTHCPJMKRGXODE,resolved,C=CC[N+]1(CCC(C)CCCC(C)C)CCCCC1.[Br-],2,1,1,0,0
486,486,5383,"N-[5-(1,1-Dimethylethyl)-1,3,4-thiadiazol-2-yl]-N,N'-dimethylurea",34014-18-1,CNC(=O)N(C)c1nnc(C(C)(C)C)s1,HBPDKDSFLXWOAE-UHFFFAOYSA-N,HBPDKDSFLXWOAE,HBPDKDSFLXWOAE,resolved,CNC(=O)N(C)c1nnc(C(C)(C)C)s1,1,1,1,0,0
487,487,13199930,Multistriatin,54815-06-4,CCC12OCC(O1)C(C)CC2C,YMBRJMLOGNZRFY-UHFFFAOYSA-N,YMBRJMLOGNZRFY,YMBRJMLOGNZRFY,resolved,CCC12OCC(O1)C(C)CC2C,1,1,1,0,0
488,488,34766,2-[(Ethylthio)methyl]phenol 1-(N-methylcarbamate),29973-13-5,CCSCc1ccccc1OC(=O)NC,HEZNVIYQEUHLNI-UHFFFAOYSA-N,HEZNVIYQEUHLNI,HEZNVIYQEUHLNI,resolved,CCSCc1ccccc1OC(=O)NC,1,2,1,1,0
489,489,11556911,Tembotrione (Ref: AE 0172747),335104-84-2,CS(=O)(=O)c1ccc(C(=O)C2C(=O)CCCC2=O)c(Cl)c1COCC(F)(F)F,IUQAXCIUEPFPSF-UHFFFAOYSA-N,IUQAXCIUEPFPSF,IUQAXCIUEPFPSF,resolved,CS(=O)(=O)c1ccc(C(=O)C2C(=O)CCCC2=O)c(Cl)c1COCC(F)(F)F,1,1,1,0,0
490,490,6100711,Propineb (Ref: BAY 46131),12071-83-9,CC(CNC(=S)[S-])NC(=S)[S-].[Zn+2],KKMLIVYBGSAJPM-UHFFFAOYSA-L,KKMLIVYBGSAJPM,IJIHYLHFNAWUGR,resolved,CC(CNC(=S)[S-])NC(=S)[S-].[Zn+2],2,1,1,0,0
491,491,6449788,Grandlure (Ref: SHA 112401),11104-05-5,CC1(C)CCCC(=CC=O)C1,TYHKWUGMKWVPDI-UHFFFAOYSA-N,TYHKWUGMKWVPDI,TYHKWUGMKWVPDI,resolved,CC1(C)CCCC(=CC=O)C1,1,1,1,0,0
492,492,3526,Guazatine (Ref: EM 379),13516-27-3,NC(N)=NCCCCCCCCNCCCCCCCCN=C(N)N,RONFGUROBZGJKP-UHFFFAOYSA-N,RONFGUROBZGJKP,RONFGUROBZGJKP,resolved,NC(N)=NCCCCCCCCNCCCCCCCCN=C(N)N,1,1,1,0,0
493,493,47326,Fenpropathrin (Ref: OMS 1999),39515-41-8,CC1(C)C(C(=O)OC(C#N)c2cccc(Oc3ccccc3)c2)C1(C)C,XQUXKZZNEFRCAW-UHFFFAOYSA-N,XQUXKZZNEFRCAW,XQUXKZZNEFRCAW,resolved,CC1(C)C(C(=O)OC(C#N)c2cccc(Oc3ccccc3)c2)C1(C)C,1,3,1,1,1
494,494,155682,Lineatin,71899-16-6,CC12CC3OC(C1)C2C(C)(C)O3,SHTFZHTWSLHVEB-UHFFFAOYSA-N,SHTFZHTWSLHVEB,SHTFZHTWSLHVEB,resolved,CC12CC3OC(C1)C2C(C)(C)O3,1,1,1,0,0
495,495,3352,"5-Amino-1-[2,6-dichloro-4-(trifluoromethyl)phenyl]-4-[(trifluoromethyl)sulfinyl]-1H-pyrazole-3-carbonitrile",120068-37-3,N#Cc1nn(-c2c(Cl)cc(C(F)(F)F)cc2Cl)c(N)c1S(=O)C(F)(F)F,ZOCSXAVNDGMNBV-UHFFFAOYSA-N,ZOCSXAVNDGMNBV,ZOCSXAVNDGMNBV,resolved,N#Cc1nn(-c2c(Cl)cc(C(F)(F)F)cc2Cl)c(N)c1S(=O)C(F)(F)F,1,3,1,1,1
496,496,43079,1-Methyl-3-phenyl-5-[3-(trifluoromethyl)phenyl]-4(1H)pyridinone,59756-60-4,Cn1cc(-c2ccccc2)c(=O)c(-c2cccc(C(F)(F)F)c2)c1,YWBVHLJPRPCRSD-UHFFFAOYSA-N,YWBVHLJPRPCRSD,YWBVHLJPRPCRSD,resolved,Cn1cc(-c2ccccc2)c(=O)c(-c2cccc(C(F)(F)F)c2)c1,1,1,1,0,0
497,497,25572,alpha-Cyclopropyl-alpha-(4-methoxyphenyl)-5-pyrimidinemethanol,12771-68-5,COc1ccc(C(O)(c2cncnc2)C2CC2)cc1,HUTDUHSNJYTCAR-UHFFFAOYSA-N,HUTDUHSNJYTCAR,HUTDUHSNJYTCAR,resolved,COc1ccc(C(O)(c2cncnc2)C2CC2)cc1,1,1,1,0,0
498,498,38854,Metamitron (Ref: BAY DRW 1139),41394-05-2,Cc1nnc(-c2ccccc2)c(=O)n1N,VHCNQEUWZYOAEV-UHFFFAOYSA-N,VHCNQEUWZYOAEV,VHCNQEUWZYOAEV,resolved,Cc1nnc(-c2ccccc2)c(=O)n1N,1,1,1,0,0
499,499,6434236,Kinoprene,42588-37-4,C#CCOC(=O)C=C(C)C=CCC(C)CCCC(C)C,FZRBKIRIBLNOAM-UHFFFAOYSA-N,FZRBKIRIBLNOAM,FZRBKIRIBLNOAM,resolved,C#CCOC(=O)C=C(C)C=CCC(C)CCCC(C)C,1,1,1,0,0
500,500,71777,Lufenuron (Ref: CGA 184699),103055-07-8,O=C(NC(=O)c1c(F)cccc1F)Nc1cc(Cl)c(OC(F)(F)C(F)C(F)(F)F)cc1Cl,PWPJGUXAGUPAHP-UHFFFAOYSA-N,PWPJGUXAGUPAHP,PWPJGUXAGUPAHP,resolved,O=C(NC(=O)c1c(F)cccc1F)Nc1cc(Cl)c(OC(F)(F)C(F)C(F)(F)F)cc1Cl,1,0,0,0,0
501,501,9809914,"2,2-Dimethyl-3-(1,1,2,2-tetrabromoethyl)cyclopropanecarboxylic acid cyano(3-phenoxyphenyl)methyl ester",66841-25-6,CC1(C)C(C(=O)OC(C#N)c2cccc(Oc3ccccc3)c2)C1C(Br)C(Br)(Br)Br,YWSCPYYRJXKUDB-UHFFFAOYSA-N,YWSCPYYRJXKUDB,YWSCPYYRJXKUDB,resolved,CC1(C)C(C(=O)OC(C#N)c2cccc(Oc3ccccc3)c2)C1C(Br)C(Br)(Br)Br,1,3,1,1,1
502,502,56160,"2-[[[[(4-Chloro-6-methoxy-2-pyrimidinyl)amino]carbonyl]amino]sulfonyl]benzoic acid, Ethyl ester",90982-32-4,CCOC(=O)c1ccccc1S(=O)(=O)NC(=O)Nc1nc(Cl)cc(OC)n1,NSWAMPCUPHPTTC-UHFFFAOYSA-N,NSWAMPCUPHPTTC,NSWAMPCUPHPTTC,resolved,CCOC(=O)c1ccccc1S(=O)(=O)NC(=O)Nc1nc(Cl)cc(OC)n1,1,1,1,0,0
503,503,86132,"alpha-(4-Chlorophenyl)-alpha-(1-cyclopropylethyl)-1H-1,2,4-triazole-1-ethanol",94361-06-5,CC(C1CC1)C(O)(Cn1cncn1)c1ccc(Cl)cc1,UFNOUKDBUJZYDE-UHFFFAOYSA-N,UFNOUKDBUJZYDE,UFNOUKDBUJZYDE,resolved,CC(C1CC1)C(O)(Cn1cncn1)c1ccc(Cl)cc1,1,1,1,0,0
504,504,43226,alpha-(2-Chlorophenyl)-alpha-(4-chlorophenyl)-5-pyrimidinemethanol,60168-88-9,OC(c1ccc(Cl)cc1)(c1cncnc1)c1ccccc1Cl,NHOWDZOIZKMVAI-UHFFFAOYSA-N,NHOWDZOIZKMVAI,NHOWDZOIZKMVAI,resolved,OC(c1ccc(Cl)cc1)(c1cncnc1)c1ccccc1Cl,1,2,1,1,0
505,505,23675729,4-(4-Chloro-2-methylphenoxy)butanoic acid sodium salt (1:1),6062-26-6,Cc1cc(Cl)ccc1OCCCC(=O)[O-].[Na+],GABUSZPTCJGKGB-UHFFFAOYSA-M,GABUSZPTCJGKGB,LLWADFLAOKUBDR,resolved,Cc1cc(Cl)ccc1OCCCC(=O)[O-].[Na+],2,0,0,0,0
506,506,19079,2-(Octylsulfanyl)ethan-1-ol,3547-33-9,CCCCCCCCSCCO,KXPXKNBDCUOENF-UHFFFAOYSA-N,KXPXKNBDCUOENF,KXPXKNBDCUOENF,resolved,CCCCCCCCSCCO,1,1,1,0,0
507,507,37125,Sulprofos (Ref: NTN 9306),35400-43-2,CCCSP(=S)(OCC)Oc1ccc(SC)cc1,JXHJNEJVUNHLKO-UHFFFAOYSA-N,JXHJNEJVUNHLKO,JXHJNEJVUNHLKO,resolved,CCCSP(=S)(OCC)Oc1ccc(SC)cc1,1,2,1,1,0
508,508,11158353,N-[2-[3-Chloro-5-(trifluoromethyl)-2-pyridinyl]ethyl]-2-(trifluoromethyl)benzamide,658066-35-4,O=C(NCCc1ncc(C(F)(F)F)cc1Cl)c1ccccc1C(F)(F)F,KVDJTXBXMWJJEF-UHFFFAOYSA-N,KVDJTXBXMWJJEF,KVDJTXBXMWJJEF,resolved,O=C(NCCc1ncc(C(F)(F)F)cc1Cl)c1ccccc1C(F)(F)F,1,1,1,0,0
509,509,39327,2-Chloro-1-(3-ethoxy-4-nitrophenoxy)-4-(trifluoromethyl)benzene,42874-03-3,CCOc1cc(Oc2ccc(C(F)(F)F)cc2Cl)ccc1[N+](=O)[O-],OQMBBFQZGJFLBU-UHFFFAOYSA-N,OQMBBFQZGJFLBU,OQMBBFQZGJFLBU,resolved,CCOc1cc(Oc2ccc(C(F)(F)F)cc2Cl)ccc1[N+](=O)[O-],1,1,1,0,0
510,510,3347,4-Chloro-alpha-(1-methylethyl)benzeneacetic acid cyano(3-phenoxyphenyl)methyl ester,51630-58-1,CC(C)C(C(=O)OC(C#N)c1cccc(Oc2ccccc2)c1)c1ccc(Cl)cc1,NYPJDWWKZLNGGM-UHFFFAOYSA-N,NYPJDWWKZLNGGM,NYPJDWWKZLNGGM,resolved,CC(C)C(C(=O)OC(C#N)c1cccc(Oc2ccccc2)c1)c1ccc(Cl)cc1,1,3,1,1,1
511,511,91778,4-Bromo-2-(4-chlorophenyl)-1-(ethoxymethyl)-5-(trifluoromethyl)-1H-pyrrole-3-carbonitrile,122453-73-0,CCOCn1c(-c2ccc(Cl)cc2)c(C#N)c(Br)c1C(F)(F)F,CWFOCCVIPCEQCK-UHFFFAOYSA-N,CWFOCCVIPCEQCK,CWFOCCVIPCEQCK,resolved,CCOCn1c(-c2ccc(Cl)cc2)c(C#N)c(Br)c1C(F)(F)F,1,3,1,1,1
512,512,24781,5-Methyl-3(2H)-isoxazolone,10004-44-1,Cc1cc(=O)[nH]o1,KGVPNLBXJKTABS-UHFFFAOYSA-N,KGVPNLBXJKTABS,KGVPNLBXJKTABS,resolved,Cc1cc(=O)[nH]o1,1,1,1,0,0
513,513,23667639,"2,3:4,6-bis-O-(1-Methylethylidene)-alpha-L-xylo-2-hexulofuranosonic acid, Sodium salt",52508-35-7,CC1(C)OCC2OC3(C(=O)[O-])OC(C)(C)OC3C2O1.[Na+],DEWVPZYHFVYXMZ-UHFFFAOYSA-M,DEWVPZYHFVYXMZ,FWCBATIDXGJRMF,resolved,CC1(C)OCC2OC3(C(=O)[O-])OC(C)(C)OC3C2O1.[Na+],2,1,1,0,0
514,514,39676,Vinclozolin (Ref: BAS 352F),50471-44-8,C=CC1(C)OC(=O)N(c2cc(Cl)cc(Cl)c2)C1=O,FSCWZHGZWWDELK-UHFFFAOYSA-N,FSCWZHGZWWDELK,FSCWZHGZWWDELK,resolved,C=CC1(C)OC(=O)N(c2cc(Cl)cc(Cl)c2)C1=O,1,1,1,0,0
515,515,15553,"3,6-Dichloro-2-pyridinecarboxylic acid",1702-17-6,O=C(O)c1nc(Cl)ccc1Cl,HUBANNPOLNYSAD-UHFFFAOYSA-N,HUBANNPOLNYSAD,HUBANNPOLNYSAD,resolved,O=C(O)c1nc(Cl)ccc1Cl,1,1,1,0,0
516,516,37517,"3-(3,5-Dichlorophenyl)-N-(1-methylethyl)-2,4-dioxo-1-imidazolidinecarboxamide",36734-19-7,CC(C)NC(=O)N1CC(=O)N(c2cc(Cl)cc(Cl)c2)C1=O,ONUFESLQCSAYKA-UHFFFAOYSA-N,ONUFESLQCSAYKA,ONUFESLQCSAYKA,resolved,CC(C)NC(=O)N1CC(=O)N(c2cc(Cl)cc(Cl)c2)C1=O,1,0,0,0,0
517,517,36242,Procymidone (Ref: S 7131),32809-16-8,CC12CC1(C)C(=O)N(c1cc(Cl)cc(Cl)c1)C2=O,QXJKBPAVAHBARF-UHFFFAOYSA-N,QXJKBPAVAHBARF,QXJKBPAVAHBARF,resolved,CC12CC1(C)C(=O)N(c1cc(Cl)cc(Cl)c1)C2=O,1,1,1,0,0
518,518,91683,Nuarimol (Ref: EL 228),63284-71-9,OC(c1ccc(F)cc1)(c1cncnc1)c1ccccc1Cl,SAPGTCDSBGMXCD-UHFFFAOYSA-N,SAPGTCDSBGMXCD,SAPGTCDSBGMXCD,resolved,OC(c1ccc(F)cc1)(c1cncnc1)c1ccccc1Cl,1,1,1,0,0
519,519,15649,Akton,1757-18-2,CCOP(=S)(OCC)OC(=CCl)c1cc(Cl)ccc1Cl,QCKIOHMRUZJYQZ-UHFFFAOYSA-N,QCKIOHMRUZJYQZ,QCKIOHMRUZJYQZ,resolved,CCOP(=S)(OCC)OC(=CCl)c1cc(Cl)ccc1Cl,1,2,1,1,0
520,520,40585,"(1R,3R)-3-(2,2-Dibromoethenyl)-2,2-dimethylcyclopropanecarboxylic acid (S)cyano(3-phenoxyphenyl)methyl ester",52918-63-5,CC1(C)C(C=C(Br)Br)C1C(=O)OC(C#N)c1cccc(Oc2ccccc2)c1,OWZREIFADZCYQD-UHFFFAOYSA-N,OWZREIFADZCYQD,OWZREIFADZCYQD,resolved,CC1(C)C(C=C(Br)Br)C1C(=O)OC(C#N)c1cccc(Oc2ccccc2)c1,1,3,1,1,1
521,521,91634,Azocyclotin (Ref: BAY BUE 1452),41083-11-8,c1ncn([Sn](C2CCCCC2)(C2CCCCC2)C2CCCCC2)n1,ONHBDDJJTDTLIR-UHFFFAOYSA-N,ONHBDDJJTDTLIR,WSSWKXSQIKBUQR,resolved,c1nc[n]([Sn]([CH]2CCCCC2)([CH]2CCCCC2)[CH]2CCCCC2)n1,1,1,1,0,0
522,522,91727,Flutriafol (Ref: PP 450),76674-21-0,OC(Cn1cncn1)(c1ccc(F)cc1)c1ccccc1F,JWUCHKBSVLQQCO-UHFFFAOYSA-N,JWUCHKBSVLQQCO,JWUCHKBSVLQQCO,resolved,OC(Cn1cncn1)(c1ccc(F)cc1)c1ccccc1F,1,2,1,1,0
523,523,39722,Dimethachlor (Ref: CGA 17020),50563-36-5,COCCN(C(=O)CCl)c1c(C)cccc1C,SCCDDNKJYDZXMM-UHFFFAOYSA-N,SCCDDNKJYDZXMM,SCCDDNKJYDZXMM,resolved,COCCN(C(=O)CCl)c1c(C)cccc1C,1,0,0,0,0
524,524,36679,Isoproturon (Ref: HOE 16410),34123-59-6,CC(C)c1ccc(NC(=O)N(C)C)cc1,PUIYMUZLKQOUOZ-UHFFFAOYSA-N,PUIYMUZLKQOUOZ,PUIYMUZLKQOUOZ,resolved,CC(C)c1ccc(NC(=O)N(C)C)cc1,1,0,0,0,0
525,525,42504,Furalaxyl (Ref: IPE 134),57646-30-7,COC(=O)C(C)N(C(=O)c1ccco1)c1c(C)cccc1C,CIEXPHRYOLIQQD-UHFFFAOYSA-N,CIEXPHRYOLIQQD,CIEXPHRYOLIQQD,resolved,COC(=O)C(C)N(C(=O)c1ccco1)c1c(C)cccc1C,1,2,1,1,0
526,526,26576,Difenoxuron (Ref: C3470),14214-32-5,COc1ccc(Oc2ccc(NC(=O)N(C)C)cc2)cc1,AMVYOVYGIJXTQB-UHFFFAOYSA-N,AMVYOVYGIJXTQB,AMVYOVYGIJXTQB,resolved,COc1ccc(Oc2ccc(NC(=O)N(C)C)cc2)cc1,1,0,0,0,0
527,527,17517,Isoprocarb (Ref: OMS 32),2631-40-5,CNC(=O)Oc1ccccc1C(C)C,QBSJMKIUCUGGNG-UHFFFAOYSA-N,QBSJMKIUCUGGNG,QBSJMKIUCUGGNG,resolved,CNC(=O)Oc1ccccc1C(C)C,1,2,1,1,0
528,528,40896,Mefluidide (Ref: MBR 12325),53780-34-0,CC(=O)Nc1cc(NS(=O)(=O)C(F)(F)F)c(C)cc1C,OKIBNKKYNPBDRS-UHFFFAOYSA-N,OKIBNKKYNPBDRS,OKIBNKKYNPBDRS,resolved,CC(=O)Nc1cc(NS(=O)(=O)C(F)(F)F)c(C)cc1C,1,1,1,0,0
529,529,5363095,(E)-dec-5-enyl acetate,38421-90-8,CCCCC=CCCCCOC(C)=O,VTUFOIHYMMMNOM-UHFFFAOYSA-N,VTUFOIHYMMMNOM,VTUFOIHYMMMNOM,resolved,CCCCC=CCCCCOC(C)=O,1,1,1,0,0
530,530,4169,2-Chloro-N-(2-ethyl-6-methylphenyl)-N-(2-methoxy-1-methylethyl)acetamide,51218-45-2,CCc1cccc(C)c1N(C(=O)CCl)C(C)COC,WVQBLGZPHOPPFO-UHFFFAOYSA-N,WVQBLGZPHOPPFO,WVQBLGZPHOPPFO,resolved,CCc1cccc(C)c1N(C(=O)CCl)C(C)COC,1,0,0,0,0
531,531,38779,O-(4-bromo-2-chlorophenyl) O-ethyl S-propyl ester phosphorothioic acid,41198-08-7,CCCSP(=O)(OCC)Oc1ccc(Br)cc1Cl,QYMMJNLHFKGANY-UHFFFAOYSA-N,QYMMJNLHFKGANY,QYMMJNLHFKGANY,resolved,CCCSP(=O)(OCC)Oc1ccc(Br)cc1Cl,1,3,1,1,1
532,532,107651,"2,6-Difluoro-N-[[[4-(trifluoromethyl)phenyl]amino]carbonyl]benzamide",35367-31-8,O=C(NC(=O)c1c(F)cccc1F)Nc1ccc(C(F)(F)F)cc1,JTHMHWAHAKLCKT-UHFFFAOYSA-N,JTHMHWAHAKLCKT,JTHMHWAHAKLCKT,resolved,O=C(NC(=O)c1c(F)cccc1F)Nc1ccc(C(F)(F)F)cc1,1,2,1,1,0
533,533,39040,Tricyclazole (Ref: EL 291),41814-78-2,Cc1cccc2sc3nncn3c12,DQJCHOQLCLEDLL-UHFFFAOYSA-N,DQJCHOQLCLEDLL,DQJCHOQLCLEDLL,resolved,Cc1cccc2sc3nncn3c12,1,1,1,0,0
534,534,41368,"beta-(4-Chlorophenoxy)-alpha-(1,1-dimethylethyl)-1H-1,2,4-triazole-1-ethanol",55219-65-3,CC(C)(C)C(O)C(Oc1ccc(Cl)cc1)n1cncn1,BAZVSMNPJJMILC-UHFFFAOYSA-N,BAZVSMNPJJMILC,BAZVSMNPJJMILC,resolved,CC(C)(C)C(O)C(Oc1ccc(Cl)cc1)n1cncn1,1,0,0,0,0
535,535,33256,P-(Aminocarbonyl)phosphonic acid monoethyl ester ammonium salt (1:1),25954-13-6,CCOP(=O)([O-])C(N)=O.[NH4+],OTSAMNSACVKIOJ-UHFFFAOYSA-N,OTSAMNSACVKIOJ,UCHDFLNGIZUADY,resolved,CCOP(=O)([O-])C(N)=O.[NH4+],2,0,0,0,0
536,536,47445,Triflumuron (Ref: OMS 2015),64628-44-0,O=C(NC(=O)c1ccccc1Cl)Nc1ccc(OC(F)(F)F)cc1,XAIPTRIXGHTTNT-UHFFFAOYSA-N,XAIPTRIXGHTTNT,XAIPTRIXGHTTNT,resolved,O=C(NC(=O)c1ccccc1Cl)Nc1ccc(OC(F)(F)F)cc1,1,0,0,0,0
537,537,91656,Bitertanol (Ref: KWG 0599),55179-31-2,CC(C)(C)C(O)C(Oc1ccc(-c2ccccc2)cc1)n1cncn1,VGPIBGGRCVEHQZ-UHFFFAOYSA-N,VGPIBGGRCVEHQZ,VGPIBGGRCVEHQZ,resolved,CC(C)(C)C(O)C(Oc1ccc(-c2ccccc2)cc1)n1cncn1,1,0,0,0,0
538,538,34469,"2,6-Dinitro-N1,N1-dipropyl-4-(trifluoromethyl)-1,3-benzenediamine",29091-21-2,CCCN(CCC)c1c([N+](=O)[O-])cc(C(F)(F)F)c(N)c1[N+](=O)[O-],RSVPPPHXAASNOL-UHFFFAOYSA-N,RSVPPPHXAASNOL,RSVPPPHXAASNOL,resolved,CCCN(CCC)c1c([N+](=O)[O-])cc(C(F)(F)F)c(N)c1[N+](=O)[O-],1,1,1,0,0
539,539,16686,Dienochlor (Ref: SAN 804),2227-17-0,ClC1=C(Cl)C(Cl)(C2(Cl)C(Cl)=C(Cl)C(Cl)=C2Cl)C(Cl)=C1Cl,LWLJUMBEZJHXHV-UHFFFAOYSA-N,LWLJUMBEZJHXHV,LWLJUMBEZJHXHV,resolved,ClC1=C(Cl)C(Cl)(C2(Cl)C(Cl)=C(Cl)C(Cl)=C2Cl)C(Cl)=C1Cl,1,1,1,0,0
540,540,42586,"N-(2,6-Dimethylphenyl)-N-(methoxyacetyl)alanine methyl ester",57837-19-1,COCC(=O)N(c1c(C)cccc1C)C(C)C(=O)OC,ZQEIXNIJLIKNTD-UHFFFAOYSA-N,ZQEIXNIJLIKNTD,ZQEIXNIJLIKNTD,resolved,COCC(=O)N(c1c(C)cccc1C)C(C)C(=O)OC,1,1,1,0,0
541,541,33257,Fosamine (Ref: DPX 1108),59682-52-9,CCOP(=O)(O)C(N)=O,UCHDFLNGIZUADY-UHFFFAOYSA-N,UCHDFLNGIZUADY,UCHDFLNGIZUADY,resolved,CCOP(=O)(O)C(N)=O,1,0,0,0,0
542,542,41463,Pyridate (Ref: CL 11344),55512-33-9,CCCCCCCCSC(=O)Oc1cc(Cl)nnc1-c1ccccc1,JTZCTMAVMHRNTR-UHFFFAOYSA-N,JTZCTMAVMHRNTR,JTZCTMAVMHRNTR,resolved,CCCCCCCCSC(=O)Oc1cc(Cl)nnc1-c1ccccc1,1,1,1,0,0
543,543,50980,Flucythrinate (Ref: OMS 2007),70124-77-5,CC(C)C(C(=O)OC(C#N)c1cccc(Oc2ccccc2)c1)c1ccc(OC(F)F)cc1,GBIHOLCMZGAKNG-UHFFFAOYSA-N,GBIHOLCMZGAKNG,GBIHOLCMZGAKNG,resolved,CC(C)C(C(=O)OC(C#N)c1cccc(Oc2ccccc2)c1)c1ccc(OC(F)F)cc1,1,3,1,1,1
544,544,62781,Mepiquat chloride (Ref: BAS 083W),24307-26-4,C[N+]1(C)CCCCC1.[Cl-],VHOVSQVSAAQANU-UHFFFAOYSA-M,VHOVSQVSAAQANU,NNCAWEWCFVZOGF,resolved,C[N+]1(C)CCCCC1.[Cl-],2,1,1,0,0
545,545,8895,Copper II acetate,142-71-2,CC(=O)[O-].CC(=O)[O-].[Cu+2],OPQARKPSCNTWTJ-UHFFFAOYSA-L,OPQARKPSCNTWTJ,QTBSBXVTEAMEQO,resolved,CC(=O)[O-].CC(=O)[O-].[Cu+2],3,1,1,0,0
546,546,73665,Prochloraz (Ref: BTS 40542),67747-09-5,CCCN(CCOc1c(Cl)cc(Cl)cc1Cl)C(=O)n1ccnc1,TVLSRXXIMLFWEO-UHFFFAOYSA-N,TVLSRXXIMLFWEO,TVLSRXXIMLFWEO,resolved,CCCN(CCOc1c(Cl)cc(Cl)cc1Cl)C(=O)n1ccnc1,1,0,0,0,0
547,547,57369723,Milbemectin (Ref: SL 8601),51596-11-3 (MA4),CC1=CCC2CC(CC3(CCC(C)C(C)O3)O2)OC(=O)C2C=C(C)C(O)C3OCC(=CC=CC(C)C1)C23O,ZLBGSRMUSVULIE-UHFFFAOYSA-N,ZLBGSRMUSVULIE,ZLBGSRMUSVULIE,resolved,CC1=CCC2CC(CC3(CCC(C)C(C)O3)O2)OC(=O)C2C=C(C)C(O)C3OCC(=CC=CC(C)C1)C23O,1,3,1,1,1
548,548,9959038,Milbemycin A4,51596-11-3,CCC1OC2(CCC1C)CC1CC(CC=C(C)CC(C)C=CC=C3COC4C(O)C(C)=CC(C(=O)O1)C34O)O2,VOZIAWLUULBIPN-UHFFFAOYSA-N,VOZIAWLUULBIPN,VOZIAWLUULBIPN,resolved,CCC1OC2(CCC1C)CC1CC(CC=C(C)CC(C)C=CC=C3COC4C(O)C(C)=CC(C(=O)O1)C34O)O2,1,3,1,1,1
549,549,37995,Etrimfos,38260-54-7,CCOc1cc(OP(=S)(OC)OC)nc(CC)n1,FGIWFCGDPUIBEZ-UHFFFAOYSA-N,FGIWFCGDPUIBEZ,FGIWFCGDPUIBEZ,resolved,CCOc1cc(OP(=S)(OC)OC)nc(CC)n1,1,3,1,1,1
550,550,93186,Ipsenol,35628-05-8,C=CC(=C)CC(O)CC(C)C,RHAXCOKCIAVHPB-UHFFFAOYSA-N,RHAXCOKCIAVHPB,RHAXCOKCIAVHPB,resolved,C=CC(=C)CC(O)CC(C)C,1,1,1,0,0
551,551,62155,"N,N'-[Thiobis[(methylimino)carbonyloxy]]bisethanimidothioic acid dimethyl ester",59669-26-0,CSC(C)=NOC(=O)N(C)SN(C)C(=O)ON=C(C)SC,XDOTVMNBCQVZKG-UHFFFAOYSA-N,XDOTVMNBCQVZKG,XDOTVMNBCQVZKG,resolved,CSC(C)=NOC(=O)N(C)SN(C)C(=O)ON=C(C)SC,1,3,1,1,1
552,552,12898,"1,1-Dichloro-N-[(dimethylamino)sulfonyl]-1-fluoro-N-(4-methylphenyl)methanesulfenamide",731-27-1,Cc1ccc(N(SC(F)(Cl)Cl)S(=O)(=O)N(C)C)cc1,HYVWIQDYBVKITD-UHFFFAOYSA-N,HYVWIQDYBVKITD,HYVWIQDYBVKITD,resolved,Cc1ccc(N(SC(F)(Cl)Cl)S(=O)(=O)N(C)C)cc1,1,1,1,0,0
553,553,42614,2-Cyano-N-[(ethylamino)carbonyl]-2-(methoxyimino)acetamide,57966-95-7,CCNC(=O)NC(=O)C(C#N)=NOC,XERJKGMBORTKEO-UHFFFAOYSA-N,XERJKGMBORTKEO,XERJKGMBORTKEO,resolved,CCNC(=O)NC(=O)C(C#N)=NOC,1,1,1,0,0
554,554,13707,"N-(4-Methyl-1,3-dithiolan-2-ylidene)phosphoramidic acid diethyl ester",950-10-7,CCOP(=O)(N=C1SCC(C)S1)OCC,LTQSAUHRSCMPLD-UHFFFAOYSA-N,LTQSAUHRSCMPLD,LTQSAUHRSCMPLD,resolved,CCOP(=O)(N=C1SCC(C)S1)OCC,1,2,1,1,0
555,555,67437,"1,7-dioxaspiro(5.5)undecane",180-84-7,C1CCC2(CCCCO2)OC1,GBBVHDGKDQAEOT-UHFFFAOYSA-N,GBBVHDGKDQAEOT,GBBVHDGKDQAEOT,resolved,C1CCC2(CCCCO2)OC1,1,1,1,0,0
556,556,37907,Climbazole (Ref: 106162),38083-17-9,CC(C)(C)C(=O)C(Oc1ccc(Cl)cc1)n1ccnc1,OWEGWHBOCFMBLP-UHFFFAOYSA-N,OWEGWHBOCFMBLP,OWEGWHBOCFMBLP,resolved,CC(C)(C)C(=O)C(Oc1ccc(Cl)cc1)n1ccnc1,1,3,1,1,1
557,557,443055,24-epibrassinolide,78821-43-9,CC(C)C(C)C(O)C(O)C(C)C1CCC2C3COC(=O)C4CC(O)C(O)CC4(C)C3CCC12C,IXVMHGVQKLDRKH-UHFFFAOYSA-N,IXVMHGVQKLDRKH,IXVMHGVQKLDRKH,resolved,CC(C)C(C)C(O)C(O)C(C)C1CCC2C3COC(=O)C4CC(O)C(O)CC4(C)C3CCC12C,1,2,1,1,0
558,558,39424,Difenzoquat metilsulfate (Ref: AC 84777),43222-48-6,COS(=O)(=O)[O-].Cn1c(-c2ccccc2)cc(-c2ccccc2)[n+]1C,XQEMNBNCQVQXMO-UHFFFAOYSA-M,XQEMNBNCQVQXMO,LBGPXIPGGRQBJW,resolved,COS(=O)(=O)[O-].Cn1c(-c2ccccc2)cc(-c2ccccc2)[n+]1C,2,1,1,0,0
559,559,91694,Fenpropidin (Ref: CGA 114900),67306-00-7,CC(Cc1ccc(C(C)(C)C)cc1)CN1CCCCC1,MGNFYQILYYYUBS-UHFFFAOYSA-N,MGNFYQILYYYUBS,MGNFYQILYYYUBS,resolved,CC(Cc1ccc(C(C)(C)C)cc1)CN1CCCCC1,1,2,1,1,0
560,560,32490,Propamocarb (Ref: SN 39744),24579-73-5,CCCOC(=O)NCCCN(C)C,WZZLDXDUQPOXNW-UHFFFAOYSA-N,WZZLDXDUQPOXNW,WZZLDXDUQPOXNW,resolved,CCCOC(=O)NCCCN(C)C,1,1,1,0,0
561,561,53309,Diclobutrazol (Ref: PP296),75736-33-3,CC(C)(C)C(O)C(Cc1ccc(Cl)cc1Cl)n1cncn1.CC(C)(C)C(O)C(Cc1ccc(Cl)cc1Cl)n1cncn1,PLPRPHZNQBHGSP-UHFFFAOYSA-N,PLPRPHZNQBHGSP,URDNHJIVMYZFRT,resolved,CC(C)(C)C(O)C(Cc1ccc(Cl)cc1Cl)n1cncn1.CC(C)(C)C(O)C(Cc1ccc(Cl)cc1Cl)n1cncn1,2,3,1,1,1
562,562,15575641,N-[3-(Dimethylamino)propyl]carbamic acid propyl ester hydrochloride (1:1),25606-41-1,CCCOC(=O)NCCCN(C)C.Cl,MKIMSXGUTQTKJU-UHFFFAOYSA-N,MKIMSXGUTQTKJU,WZZLDXDUQPOXNW,resolved,CCCOC(=O)NCCCN(C)C.Cl,2,1,1,0,0
563,563,42163,Triclopyr-triethylammonium,57213-69-1,CCN(CC)CC.O=C(O)COc1nc(Cl)c(Cl)cc1Cl,ROKVVMOXSZIDEG-UHFFFAOYSA-N,ROKVVMOXSZIDEG,ZMANZCXQSJIPKH,resolved,CCN(CC)CC.O=C(O)COc1nc(Cl)c(Cl)cc1Cl,2,1,1,0,0
564,564,23669238,"1,1,2,2,3,3,4,4,5,5,6,6,7,7,8,8,8-Heptadecafluoro-1-octanesulfonic acid potassium salt",2795-39-3,O=S(=O)([O-])C(F)(F)C(F)(F)C(F)(F)C(F)(F)C(F)(F)C(F)(F)C(F)(F)C(F)(F)F.[K+],WFRUBUQWJYMMRQ-UHFFFAOYSA-M,WFRUBUQWJYMMRQ,YFSUTJLHUFNCNZ,resolved,O=S(=O)([O-])C(F)(F)C(F)(F)C(F)(F)C(F)(F)C(F)(F)C(F)(F)C(F)(F)C(F)(F)F.[K+],2,3,1,1,1
565,565,30913,Cartap hydrochloride,15263-52-2,CN(C)C(CSC(N)=O)CSC(N)=O.Cl,MSHXTAQSSIEBQS-UHFFFAOYSA-N,MSHXTAQSSIEBQS,IRUJZVNXZWPBMU,resolved,CN(C)C(CSC(N)=O)CSC(N)=O.Cl,2,2,1,1,0
566,566,42850,Ofurace (Ref: AE F057623),58810-48-3,Cc1cccc(C)c1N(C(=O)CCl)C1CCOC1=O,OWDLFBLNMPCXSD-UHFFFAOYSA-N,OWDLFBLNMPCXSD,OWDLFBLNMPCXSD,resolved,Cc1cccc(C)c1N(C(=O)CCl)C1CCOC1=O,1,1,1,0,0
567,567,41385,"2,3-Dihydro-5,6-dimethyl-1,4-dithiin 1,1,4,4-tetraoxide",55290-64-7,CC1=C(C)S(=O)(=O)CCS1(=O)=O,PHVNLLCAQHGNKU-UHFFFAOYSA-N,PHVNLLCAQHGNKU,PHVNLLCAQHGNKU,resolved,CC1=C(C)S(=O)(=O)CCS1(=O)=O,1,1,1,0,0
568,568,35969,Thiocyclam oxalate (Ref: SAN 1551),31895-22-4,CN(C)C1CSSSC1.O=C(O)C(=O)O,ICTQUFQQEYSGGJ-UHFFFAOYSA-N,ICTQUFQQEYSGGJ,DNVLJEWNNDHELH,resolved,CN(C)C1CSSSC1.O=C(O)C(=O)O,2,1,1,0,0
569,569,38283,Cyphenothrin (Ref: S 2703),39515-40-7,CC(C)=CC1C(C(=O)OC(C#N)c2cccc(Oc3ccccc3)c2)C1(C)C,FJDPATXIBIBRIM-UHFFFAOYSA-N,FJDPATXIBIBRIM,FJDPATXIBIBRIM,resolved,CC(C)=CC1C(C(=O)OC(C#N)c2cccc(Oc3ccccc3)c2)C1(C)C,1,2,1,1,0
570,570,38687,Diclofop (Ref: AE F021079),40843-25-2,CC(Oc1ccc(Oc2ccc(Cl)cc2Cl)cc1)C(=O)O,OOLBCHYXZDXLDS-UHFFFAOYSA-N,OOLBCHYXZDXLDS,OOLBCHYXZDXLDS,resolved,CC(Oc1ccc(Oc2ccc(Cl)cc2Cl)cc1)C(=O)O,1,1,1,0,0
571,571,50897,Fluazifop-butyl (Ref: SL 236),69806-50-4,CCCCOC(=O)C(C)Oc1ccc(Oc2ccc(C(F)(F)F)cn2)cc1,VAIZTNZGPYBOGF-UHFFFAOYSA-N,VAIZTNZGPYBOGF,VAIZTNZGPYBOGF,resolved,CCCCOC(=O)C(C)Oc1ccc(Oc2ccc(C(F)(F)F)cn2)cc1,1,1,1,0,0
572,572,19730,Ioxynil octanoate,3861-47-0,CCCCCCCC(=O)Oc1c(I)cc(C#N)cc1I,QBEXFUOWUYCXNI-UHFFFAOYSA-N,QBEXFUOWUYCXNI,QBEXFUOWUYCXNI,resolved,CCCCCCCC(=O)Oc1c(I)cc(C#N)cc1I,1,2,1,1,0
573,573,91612,Dimefuron (Ref: RP 23465),34205-21-5,CN(C)C(=O)Nc1ccc(-n2nc(C(C)(C)C)oc2=O)c(Cl)c1,DHWRNDJOGMTCPB-UHFFFAOYSA-N,DHWRNDJOGMTCPB,DHWRNDJOGMTCPB,resolved,CN(C)C(=O)Nc1ccc(-n2nc(C(C)(C)C)oc2=O)c(Cl)c1,1,0,0,0,0
574,574,91692,Pencycuron (Ref: NTN 19701),66063-05-6,O=C(Nc1ccccc1)N(Cc1ccc(Cl)cc1)C1CCCC1,OGYFATSSENRIKG-UHFFFAOYSA-N,OGYFATSSENRIKG,OGYFATSSENRIKG,resolved,O=C(Nc1ccccc1)N(Cc1ccc(Cl)cc1)C1CCCC1,1,1,1,0,0
575,575,8381,Pyridafenthion (Ref: ENT 23968)),119-12-0,CCOP(=S)(OCC)Oc1ccc(=O)n(-c2ccccc2)n1,CXJSOEPQXUCJSA-UHFFFAOYSA-N,CXJSOEPQXUCJSA,CXJSOEPQXUCJSA,resolved,CCOP(=S)(OCC)Oc1ccc(=O)n(-c2ccccc2)n1,1,3,1,1,1
576,576,72476,Polyoxorim,22976-86-9,NC(=O)OCC(O)C(O)C(N)C(=O)NC(C(=O)O)C1OC(n2cc(C(=O)O)c(=O)[nH]c2=O)C(O)C1O,JPFWJDMDPLEUBD-UHFFFAOYSA-N,JPFWJDMDPLEUBD,JPFWJDMDPLEUBD,resolved,NC(=O)OCC(O)C(O)C(N)C(=O)NC(C(=O)O)C1OC(n2cc(C(=O)O)c(=O)[nH]c2=O)C(O)C1O,1,1,1,0,0
577,577,71482,Azamethiphos (Ref: GCA 18809),35575-96-3,COP(=O)(OC)SCn1c(=O)oc2cc(Cl)cnc21,VNKBTWQZTQIWDV-UHFFFAOYSA-N,VNKBTWQZTQIWDV,VNKBTWQZTQIWDV,resolved,COP(=O)(OC)SCn1c(=O)oc2cc(Cl)cnc21,1,3,1,1,1
578,578,90479,2-[(Aminomethoxyphosphinothioyl)oxy]benzoic acid 1-methylethyl ester,24353-61-5,COP(N)(=S)Oc1ccccc1C(=O)OC(C)C,YFVOXLJXJBQDEF-UHFFFAOYSA-N,YFVOXLJXJBQDEF,YFVOXLJXJBQDEF,resolved,COP(N)(=S)Oc1ccccc1C(=O)OC(C)C,1,3,1,1,1
579,579,43704,Nitrothal-isopropyl (Ref: BAS 300 OOF),10552-74-6,CC(C)OC(=O)c1cc(C(=O)OC(C)C)cc([N+](=O)[O-])c1,VJAWBEFMCIINFU-UHFFFAOYSA-N,VJAWBEFMCIINFU,VJAWBEFMCIINFU,resolved,CC(C)OC(=O)c1cc(C(=O)OC(C)C)cc([N+](=O)[O-])c1,1,1,1,0,0
580,580,51574,Chlozolinate (Ref: M 8164),84332-86-5,CCOC(=O)C1(C)OC(=O)N(c2cc(Cl)cc(Cl)c2)C1=O,IGUYEXXAGBDLLX-UHFFFAOYSA-N,IGUYEXXAGBDLLX,IGUYEXXAGBDLLX,resolved,CCOC(=O)C1(C)OC(=O)N(c2cc(Cl)cc(Cl)c2)C1=O,1,1,1,0,0
581,581,9839306,"2,2-Dimethyl-3-(2-methyl-1-propenyl)cyclopropanecarboxylic acid 2-methyl-4-oxo-3-(2-propynyl)-2-cyclopenten-1-yl ester",23031-36-9,C#CCC1=C(C)C(OC(=O)C2C(C=C(C)C)C2(C)C)CC1=O,SMKRKQBMYOFFMU-UHFFFAOYSA-N,SMKRKQBMYOFFMU,SMKRKQBMYOFFMU,resolved,C#CCC1=C(C)C(OC(=O)C2C(C=C(C)C)C2(C)C)CC1=O,1,3,1,1,1
582,582,91664,"Phosphorothioic acid O-(2,6-dichloro-4-methylphenyl) O,O-dimethyl ester",57018-04-9,COP(=S)(OC)Oc1c(Cl)cc(C)cc1Cl,OBZIQQJJIKNWNO-UHFFFAOYSA-N,OBZIQQJJIKNWNO,OBZIQQJJIKNWNO,resolved,COP(=S)(OC)Oc1c(Cl)cc(C)cc1Cl,1,1,1,0,0
583,583,5360962,Butocarboxim (Ref: Co 755),34681-10-2,CNC(=O)ON=C(C)C(C)SC,SFNPDDSJBGRXLW-UHFFFAOYSA-N,SFNPDDSJBGRXLW,SFNPDDSJBGRXLW,resolved,CNC(=O)ON=C(C)C(C)SC,1,3,1,1,1
584,584,91734,Teflubenzuron (Ref: CME 13406),83121-18-0,O=C(NC(=O)c1c(F)cccc1F)Nc1cc(Cl)c(F)c(Cl)c1F,CJDWRQLODFKPEL-UHFFFAOYSA-N,CJDWRQLODFKPEL,CJDWRQLODFKPEL,resolved,O=C(NC(=O)c1c(F)cccc1F)Nc1cc(Cl)c(F)c(Cl)c1F,1,1,1,0,0
585,585,107720,"(4aS)-7-Chloro-2,5-dihydro-2-[[(methoxycarbonyl)[4-(trifluoromethoxy)phenyl]amino]carbonyl]indeno[1,2-e][1,3,4]oxadiazine-4a(3H)-carboxylic acid methyl ester",173584-44-6,COC(=O)N(C(=O)N1COC2(C(=O)OC)Cc3cc(Cl)ccc3C2=N1)c1ccc(OC(F)(F)F)cc1,VBCVPMMZEGZULK-UHFFFAOYSA-N,VBCVPMMZEGZULK,VBCVPMMZEGZULK,resolved,COC(=O)N(C(=O)N1COC2(C(=O)OC)Cc3cc(Cl)ccc3C2=N1)c1ccc(OC(F)(F)F)cc1,1,3,1,1,1
586,586,54382,"(1R,3R)-rel-3-[(1Z)-2-Chloro-3,3,3-trifluoro-1-propen-1-yl]-2,2-dimethylcyclopropanecarboxylic acid (2,3,5,6-tetrafluoro-4-methylphenyl)methyl ester",79538-32-2,Cc1c(F)c(F)c(COC(=O)C2C(C=C(Cl)C(F)(F)F)C2(C)C)c(F)c1F,ZFHGXWPMULPQSE-UHFFFAOYSA-N,ZFHGXWPMULPQSE,ZFHGXWPMULPQSE,resolved,Cc1c(F)c(F)c(COC(=O)C2C(C=C(Cl)C(F)(F)F)C2(C)C)c(F)c1F,1,3,1,1,1
587,587,51605,Fenoxycarb (Ref: OMS 3010),79127-80-3,CCOC(=O)NCCOc1ccc(Oc2ccccc2)cc1,HJUFTIJOISQSKQ-UHFFFAOYSA-N,HJUFTIJOISQSKQ,HJUFTIJOISQSKQ,resolved,CCOC(=O)NCCOc1ccc(Oc2ccccc2)cc1,1,0,0,0,0
588,588,92431,Clodinafop propargyl (Ref: CGA 184927),105512-06-9,C#CCOC(=O)C(C)Oc1ccc(Oc2ncc(Cl)cc2F)cc1,JBDHZKLJNAIJNC-UHFFFAOYSA-N,JBDHZKLJNAIJNC,JBDHZKLJNAIJNC,resolved,C#CCOC(=O)C(C)Oc1ccc(Oc2ncc(Cl)cc2F)cc1,1,1,1,0,0
589,589,6442842,Bifenthrin (Ref: FMC 54800),82657-04-3,Cc1c(COC(=O)C2C(C=C(Cl)C(F)(F)F)C2(C)C)cccc1-c1ccccc1,OMFRMAHOUUJSGP-UHFFFAOYSA-N,OMFRMAHOUUJSGP,OMFRMAHOUUJSGP,resolved,Cc1c(COC(=O)C2C(C=C(Cl)C(F)(F)F)C2(C)C)cccc1-c1ccccc1,1,3,1,1,1
590,590,6033664,"3-[2-Chloro-2-(4-chlorophenyl)ethenyl]-2,2-dimethylcyclopropanecarboxylic acid cyano(4-fluoro-3-phenoxyphenyl)methyl ester",69770-45-2,CC1(C)C(C=C(Cl)c2ccc(Cl)cc2)C1C(=O)OC(C#N)c1ccc(F)c(Oc2ccccc2)c1,YXWCBRDRVXHABN-UHFFFAOYSA-N,YXWCBRDRVXHABN,YXWCBRDRVXHABN,resolved,CC1(C)C(C=C(Cl)c2ccc(Cl)cc2)C1C(=O)OC(C#N)c1ccc(F)c(Oc2ccccc2)c1,1,3,1,1,1
591,591,52997,"2-[[[[(4,6-Dimethyl-2-pyrimidinyl)amino]carbonyl]amino]sulfonyl]benzoic acid, Methyl ester",74222-97-2,COC(=O)c1ccccc1S(=O)(=O)NC(=O)Nc1nc(C)cc(C)n1,ZDXMLEQEMNLCQG-UHFFFAOYSA-N,ZDXMLEQEMNLCQG,ZDXMLEQEMNLCQG,resolved,COC(=O)c1ccccc1S(=O)(=O)NC(=O)Nc1nc(C)cc(C)n1,1,1,1,0,0
592,592,9907412,"3,3-Dimethylbutanoic acid 2-oxo-3-(2,4,6-trimethylphenyl)-1-oaxspiro[4.4]non-3-en-4-yl ester",283594-90-1,Cc1cc(C)c(C2=C(OC(=O)CC(C)(C)C)C3(CCCC3)OC2=O)c(C)c1,GOLXNESZZPUPJE-UHFFFAOYSA-N,GOLXNESZZPUPJE,GOLXNESZZPUPJE,resolved,Cc1cc(C)c(C2=C(OC(=O)CC(C)(C)C)C3(CCCC3)OC2=O)c(C)c1,1,0,0,0,0
593,593,5281875,"Tetrahydro-5,5-dimethyl-2(1H)-pyrimidio[3-[4-trifluoromethyl)phenyl]-1-[2-[4-(trifluoromethyl)phenyl]ethenyl]-2-propenylidene]hydrazone",67485-29-4,CC1(C)CN=C(NN=C(C=Cc2ccc(C(F)(F)F)cc2)C=Cc2ccc(C(F)(F)F)cc2)NC1,IQVNEKKDSLOHHK-UHFFFAOYSA-N,IQVNEKKDSLOHHK,IQVNEKKDSLOHHK,resolved,CC1(C)CN=C(NN=C(C=Cc2ccc(C(F)(F)F)cc2)C=Cc2ccc(C(F)(F)F)cc2)NC1,1,1,1,0,0
594,594,51369,Benalaxyl (Ref: M 9834),71626-11-4,COC(=O)C(C)N(C(=O)Cc1ccccc1)c1c(C)cccc1C,CJPQIRJHIZUAQP-UHFFFAOYSA-N,CJPQIRJHIZUAQP,CJPQIRJHIZUAQP,resolved,COC(=O)C(C)N(C(=O)Cc1ccccc1)c1c(C)cccc1C,1,1,1,0,0
595,595,6436272,Aviglycine,49669-74-1,NCCOC=CC(N)C(=O)O,USGUVNUTPWXWBA-UHFFFAOYSA-N,USGUVNUTPWXWBA,USGUVNUTPWXWBA,resolved,NCCOC=CC(N)C(=O)O,1,1,1,0,0
596,596,31573,Dimethametryn (Ref: C 18898),22936-75-0,CCNc1nc(NC(C)C(C)C)nc(SC)n1,IKYICRRUVNIHPP-UHFFFAOYSA-N,IKYICRRUVNIHPP,IKYICRRUVNIHPP,resolved,CCNc1nc(NC(C)C(C)C)nc(SC)n1,1,1,1,0,0
597,597,52998,Sulfometuron,74223-56-6,Cc1cc(C)nc(NC(=O)NS(=O)(=O)c2ccccc2C(=O)O)n1,FZMKKCQHDROFNI-UHFFFAOYSA-N,FZMKKCQHDROFNI,FZMKKCQHDROFNI,resolved,Cc1cc(C)nc(NC(=O)NS(=O)(=O)c2ccccc2C(=O)O)n1,1,1,1,0,0
598,598,32230,Piperophos (Ref: C 19 490),24151-93-7,CCCOP(=S)(OCCC)SCC(=O)N1CCCCC1C,UNLYSVIDNRIVFJ-UHFFFAOYSA-N,UNLYSVIDNRIVFJ,UNLYSVIDNRIVFJ,resolved,CCCOP(=S)(OCCC)SCC(=O)N1CCCCC1C,1,1,1,0,0
599,599,53518,Quizalofop-ethyl (Ref: DPX Y6202),76578-14-8,CCOC(=O)C(C)Oc1ccc(Oc2cnc3cc(Cl)ccc3n2)cc1,OSUHJPCHFDQAIT-UHFFFAOYSA-N,OSUHJPCHFDQAIT,OSUHJPCHFDQAIT,resolved,CCOC(=O)C(C)Oc1ccc(Oc2cnc3cc(Cl)ccc3n2)cc1,1,2,1,1,0
600,600,5283292,5-decenol (Ref: BAS 287 1),56578-18-8,CCCCC=CCCCCO,WYPQHXVMNVEVEB-UHFFFAOYSA-N,WYPQHXVMNVEVEB,WYPQHXVMNVEVEB,resolved,CCCCC=CCCCCO,1,1,1,0,0
601,601,12850205,Mildiomycin (Ref: AR-1F1870),67527-71-3,NC(N)=NCC(O)CC(O)(C(=O)O)C1OC(n2cc(CO)c(N)nc2=O)C=CC1NC(=O)C(N)CO,QKJJCZYFXJCKRX-UHFFFAOYSA-N,QKJJCZYFXJCKRX,QKJJCZYFXJCKRX,resolved,NC(N)=NCC(O)CC(O)(C(=O)O)C1OC(n2cc(CO)c(N)nc2=O)C=CC1NC(=O)C(N)CO,1,1,1,0,0
602,602,50895,Haloxyfop (Ref: DOWCO 453),69806-34-4,CC(Oc1ccc(Oc2ncc(C(F)(F)F)cc2Cl)cc1)C(=O)O,GOCUAJYOYBLQRH-UHFFFAOYSA-N,GOCUAJYOYBLQRH,GOCUAJYOYBLQRH,resolved,CC(Oc1ccc(Oc2ncc(C(F)(F)F)cc2Cl)cc1)C(=O)O,1,1,1,0,0
603,603,51556,Fomesafen (Ref: PP 021),72178-02-0,CS(=O)(=O)NC(=O)c1cc(Oc2ccc(C(F)(F)F)cc2Cl)ccc1[N+](=O)[O-],BGZZWXTVIYUUEY-UHFFFAOYSA-N,BGZZWXTVIYUUEY,BGZZWXTVIYUUEY,resolved,CS(=O)(=O)NC(=O)c1cc(Oc2ccc(C(F)(F)F)cc2Cl)ccc1[N+](=O)[O-],1,1,1,0,0
604,604,93422,Triazoxide (Ref: SAS 9244),72459-58-6,[O-][n+]1nc(-n2ccnc2)nc2ccc(Cl)cc21,IQGKIPDJXCAMSM-UHFFFAOYSA-N,IQGKIPDJXCAMSM,IQGKIPDJXCAMSM,resolved,[O-][n+]1nc(-n2ccnc2)nc2ccc(Cl)cc21,1,0,0,0,0
605,605,53735,Oxadixyl (Ref: SAN 371F),77732-09-3,COCC(=O)N(c1c(C)cccc1C)N1CCOC1=O,UWVQIROCRJWDKL-UHFFFAOYSA-N,UWVQIROCRJWDKL,UWVQIROCRJWDKL,resolved,COCC(=O)N(c1c(C)cccc1C)N1CCOC1=O,1,1,1,0,0
606,606,50465,Fluroxypyr (Ref: DOW 43304-H),69377-81-7,Nc1c(Cl)c(F)nc(OCC(=O)O)c1Cl,MEFQWPUMEMWTJP-UHFFFAOYSA-N,MEFQWPUMEMWTJP,MEFQWPUMEMWTJP,resolved,Nc1c(Cl)c(F)nc(OCC(=O)O)c1Cl,1,1,1,0,0
607,607,49384,Metazachlor (Ref: BAS 47900H),67129-08-2,Cc1cccc(C)c1N(Cn1cccn1)C(=O)CCl,STEPQTYSZVCJPV-UHFFFAOYSA-N,STEPQTYSZVCJPV,STEPQTYSZVCJPV,resolved,Cc1cccc(C)c1N(Cn1cccn1)C(=O)CCl,1,1,1,0,0
608,608,35970,Thiocyclam,31895-21-3,CN(C)C1CSSSC1,DNVLJEWNNDHELH-UHFFFAOYSA-N,DNVLJEWNNDHELH,DNVLJEWNNDHELH,resolved,CN(C)C1CSSSC1,1,1,1,0,0
609,609,164964,Siglure,2425-20-9,CCC(C)OC(=O)C1CC=CCC1C,AJKDXAOKNSFWAA-UHFFFAOYSA-N,AJKDXAOKNSFWAA,AJKDXAOKNSFWAA,resolved,CCC(C)OC(=O)C1CC=CCC1C,1,1,1,0,0
610,610,33360,"2-Ethoxy-2,3-dihydro-3,3-dimethyl-5-benzofuranol 5-methanesulfonate",26225-79-6,CCOC1Oc2ccc(OS(C)(=O)=O)cc2C1(C)C,IRCMYGHHKLLGHV-UHFFFAOYSA-N,IRCMYGHHKLLGHV,IRCMYGHHKLLGHV,resolved,CCOC1Oc2ccc(OS(C)(=O)=O)cc2C1(C)C,1,1,1,0,0
611,611,56608859,Beta-cyfluthrin (Ref: OMS 3051),1820573-27-0,CC1(C)C(C=C(Cl)Cl)C1C(=O)OC(C#N)c1ccc(F)c(Oc2ccccc2)c1,QQODLKZGRKWIFG-UHFFFAOYSA-N,QQODLKZGRKWIFG,QQODLKZGRKWIFG,resolved,CC1(C)C(C=C(Cl)Cl)C1C(=O)OC(C#N)c1ccc(F)c(Oc2ccccc2)c1,1,3,1,1,1
612,612,18743,Mepiquat,15302-91-7,C[N+]1(C)CCCCC1,NNCAWEWCFVZOGF-UHFFFAOYSA-N,NNCAWEWCFVZOGF,NNCAWEWCFVZOGF,resolved,C[N+]1(C)CCCCC1,1,1,1,0,0
613,613,6436605,Diniconazole (Ref: XE-779),83657-24-3,CC(C)(C)C(O)C(=Cc1ccc(Cl)cc1Cl)n1cncn1,FBOUIAKEJMZPQG-UHFFFAOYSA-N,FBOUIAKEJMZPQG,FBOUIAKEJMZPQG,resolved,CC(C)(C)C(O)C(=Cc1ccc(Cl)cc1Cl)n1cncn1,1,1,1,0,0
614,614,91753,2-[1-Methyl-2-(4-phenoxyphenoxy)ethoxy]pyridine,95737-68-1,CC(COc1ccc(Oc2ccccc2)cc1)Oc1ccccn1,NHDHVHZZCFYRSB-UHFFFAOYSA-N,NHDHVHZZCFYRSB,NHDHVHZZCFYRSB,resolved,CC(COc1ccc(Oc2ccccc2)cc1)Oc1ccccn1,1,1,1,0,0
615,615,91708,Chlorfluazuron (Ref: CGA 112913),71422-67-8,O=C(NC(=O)c1c(F)cccc1F)Nc1cc(Cl)c(Oc2ncc(C(F)(F)F)cc2Cl)c(Cl)c1,UISUNVFOGSJSKD-UHFFFAOYSA-N,UISUNVFOGSJSKD,UISUNVFOGSJSKD,resolved,O=C(NC(=O)c1c(F)cccc1F)Nc1cc(Cl)c(Oc2ncc(C(F)(F)F)cc2Cl)c(Cl)c1,1,1,1,0,0
616,616,9576081,Oxabetrinil (Ref: CGA 92194),94593-79-0,N#CC(=NOCC1OCCO1)c1ccccc1,WFVUIONFJOAYPK-UHFFFAOYSA-N,WFVUIONFJOAYPK,WFVUIONFJOAYPK,resolved,N#CC(=NOCC1OCCO1)c1ccccc1,1,1,1,0,0
617,617,93365,"(2R,6S)-rel-4-[3-[4-(1,1-Dimethylethyl)phenyl]-2-methylpropyl]-2,6-dimethylmorpholine  ",67564-91-4,CC(Cc1ccc(C(C)(C)C)cc1)CN1CC(C)OC(C)C1,RYAUSSKQMZRMAI-UHFFFAOYSA-N,RYAUSSKQMZRMAI,RYAUSSKQMZRMAI,resolved,CC(Cc1ccc(C(C)(C)C)cc1)CN1CC(C)OC(C)C1,1,1,1,0,0
618,618,54739,Imazaquin (Ref: BAS 725H),81335-37-7,CC(C)C1(C)N=C(c2nc3ccccc3cc2C(=O)O)NC1=O,CABMTIJINOIHOD-UHFFFAOYSA-N,CABMTIJINOIHOD,CABMTIJINOIHOD,resolved,CC(C)C1(C)N=C(c2nc3ccccc3cc2C(=O)O)NC1=O,1,2,1,1,0
619,619,73670,"3,6-Bis(2-chlorophenyl)-1,2,4,5-tetrazine",74115-24-5,Clc1ccccc1-c1nnc(-c2ccccc2Cl)nn1,UXADOQPNKNTIHB-UHFFFAOYSA-N,UXADOQPNKNTIHB,UXADOQPNKNTIHB,resolved,Clc1ccccc1-c1nnc(-c2ccccc2Cl)nn1,1,1,1,0,0
620,620,61898,Dodemorph acetate (Ref: BAS 238F),31717-87-0,CC(=O)O.CC1CN(C2CCCCCCCCCCC2)CC(C)O1,YLJLLELGHSWIDU-UHFFFAOYSA-N,YLJLLELGHSWIDU,JMXKCYUTURMERF,resolved,CC(=O)O.CC1CN(C2CCCCCCCCCCC2)CC(C)O1,2,1,1,0,0
621,621,91699,Triflumizole (Ref: NF 114 ),99387-89-0,CCCOCC(=Nc1ccc(Cl)cc1C(F)(F)F)n1ccnc1,HSMVPDGQOIQYSR-UHFFFAOYSA-N,HSMVPDGQOIQYSR,HSMVPDGQOIQYSR,resolved,CCCOCC(=Nc1ccc(Cl)cc1C(F)(F)F)n1ccnc1,1,1,1,0,0
622,622,91741,Hexaflumuron (Ref: XRD 473),86479-06-3,O=C(NC(=O)c1c(F)cccc1F)Nc1cc(Cl)c(OC(F)(F)C(F)F)c(Cl)c1,RGNPBRKPHBKNKX-UHFFFAOYSA-N,RGNPBRKPHBKNKX,RGNPBRKPHBKNKX,resolved,O=C(NC(=O)c1c(F)cccc1F)Nc1cc(Cl)c(OC(F)(F)C(F)F)c(Cl)c1,1,1,1,0,0
623,623,87176,Bensultap (Ref: OMS 3011),17606-31-4,CN(C)C(CSS(=O)(=O)c1ccccc1)CSS(=O)(=O)c1ccccc1,YFXPPSKYMBTNAV-UHFFFAOYSA-N,YFXPPSKYMBTNAV,YFXPPSKYMBTNAV,resolved,CN(C)C(CSS(=O)(=O)c1ccccc1)CSS(=O)(=O)c1ccccc1,1,1,1,0,0
624,624,23681922,Haloxyfop-sodium,69806-86-6,CC(Oc1ccc(Oc2ncc(C(F)(F)F)cc2Cl)cc1)C(=O)[O-].[Na+],DUZVBQWEFKXWJM-UHFFFAOYSA-M,DUZVBQWEFKXWJM,GOCUAJYOYBLQRH,resolved,CC(Oc1ccc(Oc2ncc(C(F)(F)F)cc2Cl)cc1)C(=O)[O-].[Na+],2,1,1,0,0
625,625,91665,Pyroquilon (Ref: CGA 49104),57369-32-1,O=C1CCc2cccc3c2N1CC3,XRJLAOUDSILTFT-UHFFFAOYSA-N,XRJLAOUDSILTFT,XRJLAOUDSILTFT,resolved,O=C1CCc2cccc3c2N1CC3,1,1,1,0,0
626,626,71245,1-[[2-(4-Ethoxyphenyl)-2-methylpropoxy]methyl]-3-phenoxybenzene,80844-07-1,CCOc1ccc(C(C)(C)COCc2cccc(Oc3ccccc3)c2)cc1,YREQHYQNNWYQCJ-UHFFFAOYSA-N,YREQHYQNNWYQCJ,YREQHYQNNWYQCJ,resolved,CCOc1ccc(C(C)(C)COCc2cccc(Oc3ccccc3)c2)cc1,1,3,1,1,1
627,627,47455,"[(3,5,6-Trichloro-2-pyridinyl)oxy]acetic acid, 2-Butoxyethyl ester",64700-56-7,CCCCOCCOC(=O)COc1nc(Cl)c(Cl)cc1Cl,IVDRCZNHVGQBHZ-UHFFFAOYSA-N,IVDRCZNHVGQBHZ,IVDRCZNHVGQBHZ,resolved,CCCCOCCOC(=O)COc1nc(Cl)c(Cl)cc1Cl,1,1,1,0,0
628,628,91730,Metsulfuron (Ref: IN F5438),79510-48-8,COc1nc(C)nc(NC(=O)NS(=O)(=O)c2ccccc2C(=O)O)n1,UWHURBUBIHUHSU-UHFFFAOYSA-N,UWHURBUBIHUHSU,UWHURBUBIHUHSU,resolved,COc1nc(C)nc(NC(=O)NS(=O)(=O)c2ccccc2C(=O)O)n1,1,1,1,0,0
629,629,73671,Paclobutrazol (Ref: PP 333),76738-62-0,CC(C)(C)C(O)C(Cc1ccc(Cl)cc1)n1cncn1,RMOGWMIKYWRTKW-UHFFFAOYSA-N,RMOGWMIKYWRTKW,RMOGWMIKYWRTKW,resolved,CC(C)(C)C(O)C(Cc1ccc(Cl)cc1)n1cncn1,1,2,1,1,0
630,630,6336,"alpha-Butyl-alpha-(4-chlorophenyl)-1H-1,2,4-triazole-1-propanenitrile",88671-89-0,CCCCC(C#N)(Cn1cncn1)c1ccc(Cl)cc1,HZJKXKUJVSEEFU-UHFFFAOYSA-N,HZJKXKUJVSEEFU,HZJKXKUJVSEEFU,resolved,CCCCC(C#N)(Cn1cncn1)c1ccc(Cl)cc1,1,0,0,0,0
631,631,73668,alpha-(1-Methylethyl)-alpha-[4-(trifluoromethoxy)phenyl]-5-pyrimidinemethanol,56425-91-3,CC(C)C(O)(c1ccc(OC(F)(F)F)cc1)c1cncnc1,VEVZCONIUDBCDC-UHFFFAOYSA-N,VEVZCONIUDBCDC,VEVZCONIUDBCDC,resolved,CC(C)C(O)(c1ccc(OC(F)(F)F)cc1)c1cncnc1,1,1,1,0,0
632,632,6328269,Fosetyl-aluminium (Ref: RP 32545),39148-24-8,CCOP(=O)=O.CCOP(=O)=O.CCOP(=O)=O.[Al+3],OIPMQULDKWSNGX-UHFFFAOYSA-N,OIPMQULDKWSNGX,ZUNGGJHBMLMRFJ,resolved,CCOP(=O)=O.CCOP(=O)=O.CCOP(=O)=O.[Al+3],4,1,1,0,0
633,633,91742,Diethofencarb (Ref: S 1605),87130-20-9,CCOc1ccc(NC(=O)OC(C)C)cc1OCC,LNJNFVJKDJYTEU-UHFFFAOYSA-N,LNJNFVJKDJYTEU,LNJNFVJKDJYTEU,resolved,CCOc1ccc(NC(=O)OC(C)C)cc1OCC,1,1,1,0,0
634,634,41632,Mepronil (Ref: B1 2459),55814-41-0,Cc1ccccc1C(=O)Nc1cccc(OC(C)C)c1,BCTQJXQXJVLSIG-UHFFFAOYSA-N,BCTQJXQXJVLSIG,BCTQJXQXJVLSIG,resolved,Cc1ccccc1C(=O)Nc1cccc(OC(C)C)c1,1,1,1,0,0
635,635,91745,Cinmethylin (Ref: BAS 684 H),87818-31-3,Cc1ccccc1COC1CC2(C(C)C)CCC1(C)O2,QMTNOLKHSWIQBE-UHFFFAOYSA-N,QMTNOLKHSWIQBE,QMTNOLKHSWIQBE,resolved,Cc1ccccc1COC1CC2(C(C)C)CCC1(C)O2,1,0,0,0,0
636,636,62276,"5-[2-Chloro-4-(trifluoromethyl)phenoxy]-2-nitrobenzoic acid, 2-Ethoxy-1-methyl-2-oxoethyl ester",77501-63-4,CCOC(=O)C(C)OC(=O)c1cc(Oc2ccc(C(F)(F)F)cc2Cl)ccc1[N+](=O)[O-],CONWAEURSVPLRM-UHFFFAOYSA-N,CONWAEURSVPLRM,CONWAEURSVPLRM,resolved,CCOC(=O)C(C)OC(=O)c1cc(Oc2ccc(C(F)(F)F)cc2Cl)ccc1[N+](=O)[O-],1,0,0,0,0
637,637,6436604,Uniconazole (Ref: XE 1019),83657-22-1,CC(C)(C)C(O)C(=Cc1ccc(Cl)cc1)n1cncn1,YNWVFADWVLCOPU-UHFFFAOYSA-N,YNWVFADWVLCOPU,YNWVFADWVLCOPU,resolved,CC(C)(C)C(O)C(=Cc1ccc(Cl)cc1)n1cncn1,1,1,1,0,0
638,638,13218777,"(4R,5R)-rel-5-(4-Chlorophenyl)-N-cyclohexyl-4-methyl-2-oxo-3-thiazolidinecarboxamide",78587-05-0,CC1C(c2ccc(Cl)cc2)SC(=O)N1C(=O)NC1CCCCC1,XGWIJUOSCAQSSV-UHFFFAOYSA-N,XGWIJUOSCAQSSV,XGWIJUOSCAQSSV,resolved,CC1C(c2ccc(Cl)cc2)SC(=O)N1C(=O)NC1CCCCC1,1,1,1,0,0
639,639,73672,Isoxaben (Ref: EAF 496),82558-50-7,CCC(C)(CC)c1cc(NC(=O)c2c(OC)cccc2OC)on1,PMHURSZHKKJGBM-UHFFFAOYSA-N,PMHURSZHKKJGBM,PMHURSZHKKJGBM,resolved,CCC(C)(CC)c1cc(NC(=O)c2c(OC)cccc2OC)on1,1,1,1,0,0
640,640,21889738,Dipotassium phosphonate,13492-26-7,[K+].[K+].[O-]P([O-])O,XBMOWLAOINHDLR-UHFFFAOYSA-N,XBMOWLAOINHDLR,OJMIONKXNSYLSR,resolved,[K+].[K+].[O-]P([O-])O,3,0,0,0,0
641,641,127394,Isofenphos-methyl,99675-03-3,COP(=S)(NC(C)C)Oc1ccccc1C(=O)OC(C)C,IXTOWLKEARFCCP-UHFFFAOYSA-N,IXTOWLKEARFCCP,IXTOWLKEARFCCP,resolved,COP(=S)(NC(C)C)Oc1ccccc1C(=O)OC(C)C,1,3,1,1,1
642,642,91766,Flufenoxuron (Ref: BAS 3071),101463-69-8,O=C(NC(=O)c1c(F)cccc1F)Nc1ccc(Oc2ccc(C(F)(F)F)cc2Cl)cc1F,RYLHNOVXKPXDIP-UHFFFAOYSA-N,RYLHNOVXKPXDIP,RYLHNOVXKPXDIP,resolved,O=C(NC(=O)c1c(F)cccc1F)Nc1ccc(Oc2ccc(C(F)(F)F)cc2Cl)cc1F,1,1,1,0,0
643,643,54886,Benfuracarb,82560-54-1,CCOC(=O)CCN(SN(C)C(=O)Oc1cccc2c1OC(C)(C)C2)C(C)C,FYZBOYWSHKHDMT-UHFFFAOYSA-N,FYZBOYWSHKHDMT,FYZBOYWSHKHDMT,resolved,CCOC(=O)CCN(SN(C)C(=O)Oc1cccc2c1OC(C)(C)C2)C(C)C,1,3,1,1,1
644,644,3034380,Diafenthiuron (Ref: CGA 106630),80060-09-9,CC(C)c1cc(Oc2ccccc2)cc(C(C)C)c1NC(=S)NC(C)(C)C,WOWBFOBYOAGEEA-UHFFFAOYSA-N,WOWBFOBYOAGEEA,WOWBFOBYOAGEEA,resolved,CC(C)c1cc(Oc2ccccc2)cc(C(C)C)c1NC(=S)NC(C)(C)C,1,2,1,1,0
645,645,73282,"2-(2-Chloroethoxy)-N-[[(4-methoxy-6-methyl-1,3,5-triazin-2-yl)amino]carbonyl]benzenesulfonamide",82097-50-5,COc1nc(C)nc(NC(=O)NS(=O)(=O)c2ccccc2OCCCl)n1,XOPFESVZMSQIKC-UHFFFAOYSA-N,XOPFESVZMSQIKC,XOPFESVZMSQIKC,resolved,COc1nc(C)nc(NC(=O)NS(=O)(=O)c2ccccc2OCCCl)n1,1,1,1,0,0
646,646,54740,Imazethapyr (Ref: AC 252925),81335-77-5,CCc1cnc(C2=NC(C)(C(C)C)C(=O)N2)c(C(=O)O)c1,XVOKUMIPKHGGTN-UHFFFAOYSA-N,XVOKUMIPKHGGTN,XVOKUMIPKHGGTN,resolved,CCc1cnc(C2=NC(C)(C(C)C)C(=O)N2)c(C(=O)O)c1,1,1,1,0,0
647,647,86102,Tebuconazole (Ref: HWG 1608),107534-96-3,CC(C)(C)C(O)(CCc1ccc(Cl)cc1)Cn1cncn1,PXMNMQRDXWABCY-UHFFFAOYSA-N,PXMNMQRDXWABCY,PXMNMQRDXWABCY,resolved,CC(C)(C)C(O)(CCc1ccc(Cl)cc1)Cn1cncn1,1,1,1,0,0
648,648,92389,Aclonifen (Ref: AE F068300),74070-46-5,Nc1c([N+](=O)[O-])ccc(Oc2ccccc2)c1Cl,DDBMQDADIHOWIC-UHFFFAOYSA-N,DDBMQDADIHOWIC,DDBMQDADIHOWIC,resolved,Nc1c([N+](=O)[O-])ccc(Oc2ccccc2)c1Cl,1,1,1,0,0
649,649,47938,Fenoxaprop-ethyl,66441-23-4,CCOC(=O)C(C)Oc1ccc(Oc2nc3ccc(Cl)cc3o2)cc1,PQKBPHSEKWERTG-UHFFFAOYSA-N,PQKBPHSEKWERTG,PQKBPHSEKWERTG,resolved,CCOC(=O)C(C)Oc1ccc(Oc2nc3ccc(Cl)cc3o2)cc1,1,0,0,0,0
650,650,54778,"2-[(2-Chlorophenyl)methyl]-4,4-dimethyl-3-isoxazolidinone",81777-89-1,CC1(C)CON(Cc2ccccc2Cl)C1=O,KIEDNEWSYUYDSN-UHFFFAOYSA-N,KIEDNEWSYUYDSN,KIEDNEWSYUYDSN,resolved,CC1(C)CON(Cc2ccccc2Cl)C1=O,1,1,1,0,0
651,651,44178,Fenothiocarb (Ref: KCO 3001),62850-32-2,CN(C)C(=O)SCCCCOc1ccccc1,HMIBKHHNXANVHR-UHFFFAOYSA-N,HMIBKHHNXANVHR,HMIBKHHNXANVHR,resolved,CN(C)C(=O)SCCCCOc1ccccc1,1,0,0,0,0
652,652,73675,Flusilazole (Ref: DPX H6573),85509-19-9,C[Si](Cn1cncn1)(c1ccc(F)cc1)c1ccc(F)cc1,FQKUGOMFVDPBIZ-UHFFFAOYSA-N,FQKUGOMFVDPBIZ,FQKUGOMFVDPBIZ,resolved,C[Si](Cn1cncn1)(c1ccc(F)cc1)c1ccc(F)cc1,1,1,1,0,0
653,653,77797,Sulfluramid (Ref: GX 071),4151-50-2,CCNS(=O)(=O)C(F)(F)C(F)(F)C(F)(F)C(F)(F)C(F)(F)C(F)(F)C(F)(F)C(F)(F)F,CCEKAJIANROZEO-UHFFFAOYSA-N,CCEKAJIANROZEO,CCEKAJIANROZEO,resolved,CCNS(=O)(=O)C(F)(F)C(F)(F)C(F)(F)C(F)(F)C(F)(F)C(F)(F)C(F)(F)C(F)(F)F,1,2,1,1,0
654,654,104150,"3-(N-butyl-N-acetyl)-aminopropionic acid, ethyl ester (Ref: OMS 3065)",52304-36-6,CCCCN(CCC(=O)OCC)C(C)=O,VZRKEAFHFMSHCD-UHFFFAOYSA-N,VZRKEAFHFMSHCD,VZRKEAFHFMSHCD,resolved,CCCCN(CCC(=O)OCC)C(C)=O,1,0,0,0,0
655,655,91755,Flurtamone (Ref: RPA 590515),96525-23-4,CNC1=C(c2cccc(C(F)(F)F)c2)C(=O)C(c2ccccc2)O1,NYRMIJKDBAQCHC-UHFFFAOYSA-N,NYRMIJKDBAQCHC,NYRMIJKDBAQCHC,resolved,CNC1=C(c2cccc(C(F)(F)F)c2)C(=O)C(c2ccccc2)O1,1,1,1,0,0
656,656,91750,Pyrazosulfuron-ethyl (Ref: NC 311),93697-74-6,CCOC(=O)c1cnn(C)c1S(=O)(=O)NC(=O)Nc1nc(OC)cc(OC)n1,BGNQYGRXEXDAIQ-UHFFFAOYSA-N,BGNQYGRXEXDAIQ,BGNQYGRXEXDAIQ,resolved,CCOC(=O)c1cnn(C)c1S(=O)(=O)NC(=O)Nc1nc(OC)cc(OC)n1,1,1,1,0,0
657,657,91735,Diflufenican (Ref: AE 088657),83164-33-4,O=C(Nc1ccc(F)cc1F)c1cccnc1Oc1cccc(C(F)(F)F)c1,WYEHFWKAOXOVJD-UHFFFAOYSA-N,WYEHFWKAOXOVJD,WYEHFWKAOXOVJD,resolved,O=C(Nc1ccc(F)cc1F)c1cccnc1Oc1cccc(C(F)(F)F)c1,1,1,1,0,0
658,658,91757,"2-(Difluoromethyl)-4-(2-methylpropyl)-6-(trifluoromethyl)-3,5-pyridinedicarbothioic acid, S3,S5-Dimethyl ester",97886-45-8,CSC(=O)c1c(C(F)F)nc(C(F)(F)F)c(C(=O)SC)c1CC(C)C,YUBJPYNSGLJZPQ-UHFFFAOYSA-N,YUBJPYNSGLJZPQ,YUBJPYNSGLJZPQ,resolved,CSC(=O)c1c(C(F)F)nc(C(F)(F)F)c(C(=O)SC)c1CC(C)C,1,1,1,0,0
659,659,91749,Quinmerac (Ref: BAS 518H),90717-03-6,Cc1cnc2c(C(=O)O)c(Cl)ccc2c1,ALZOLUNSQWINIR-UHFFFAOYSA-N,ALZOLUNSQWINIR,ALZOLUNSQWINIR,resolved,Cc1cnc2c(C(=O)O)c(Cl)ccc2c1,1,1,1,0,0
660,660,91739,"3,7-Dichloro-8-quinolinecarboxylic acidZ",84087-01-4,O=C(O)c1c(Cl)ccc2cc(Cl)cnc12,FFSSWMQPCJRCRV-UHFFFAOYSA-N,FFSSWMQPCJRCRV,FFSSWMQPCJRCRV,resolved,O=C(O)c1c(Cl)ccc2cc(Cl)cnc12,1,0,0,0,0
661,661,3034382,Imazamethabenz (Ref: AC 263840),100728-84-5,Cc1ccc(C(=O)O)c(C2=NC(C)(C(C)C)C(=O)N2)c1,KFEFNHNXZQYTEW-UHFFFAOYSA-N,KFEFNHNXZQYTEW,KFEFNHNXZQYTEW,resolved,Cc1ccc(C(=O)O)c(C2=NC(C)(C(C)C)C(=O)N2)c1,1,1,1,0,0
662,662,93460,Pyraclofos (Ref: OMS 3040),89784-60-1,CCCSP(=O)(OCC)Oc1cnn(-c2ccc(Cl)cc2)c1,QHGVXILFMXYDRS-UHFFFAOYSA-N,QHGVXILFMXYDRS,QHGVXILFMXYDRS,resolved,CCCSP(=O)(OCC)Oc1cnn(-c2ccc(Cl)cc2)c1,1,3,1,1,1
663,663,93532,Pefurazoate (Ref: UR-0003),101903-30-4,C=CCCCOC(=O)C(CC)N(Cc1ccco1)C(=O)n1ccnc1,WBTYBAGIHOISOQ-UHFFFAOYSA-N,WBTYBAGIHOISOQ,WBTYBAGIHOISOQ,resolved,C=CCCCOC(=O)C(CC)N(Cc1ccco1)C(=O)n1ccnc1,1,1,1,0,0
664,664,73674,Thifensulfuron-methyl (Ref: DPX M6316),79277-27-3,COC(=O)c1sccc1S(=O)(=O)NC(=O)Nc1nc(C)nc(OC)n1,AHTPATJNIAFOLR-UHFFFAOYSA-N,AHTPATJNIAFOLR,AHTPATJNIAFOLR,resolved,COC(=O)c1sccc1S(=O)(=O)NC(=O)Nc1nc(C)nc(OC)n1,1,2,1,1,0
665,665,54960,Bensulfuron-methyl (Ref: DPX F5384),83055-99-6,COC(=O)c1ccccc1CS(=O)(=O)NC(=O)Nc1nc(OC)cc(OC)n1,XMQFTWRPUQYINF-UHFFFAOYSA-N,XMQFTWRPUQYINF,XMQFTWRPUQYINF,resolved,COC(=O)c1ccccc1CS(=O)(=O)NC(=O)Nc1nc(OC)cc(OC)n1,1,1,1,0,0
666,666,47898,Flutolanil (Ref: NNF 136),66332-96-5,CC(C)Oc1cccc(NC(=O)c2ccccc2C(F)(F)F)c1,PTCGDEVVHUXTMP-UHFFFAOYSA-N,PTCGDEVVHUXTMP,PTCGDEVVHUXTMP,resolved,CC(C)Oc1cccc(NC(=O)c2ccccc2C(F)(F)F)c1,1,0,0,0,0
667,667,92430,Silafluofen (Ref: HOE 084498),105024-66-6,CCOc1ccc([Si](C)(C)CCCc2ccc(F)c(Oc3ccccc3)c2)cc1,HPYNBECUCCGGPA-UHFFFAOYSA-N,HPYNBECUCCGGPA,HPYNBECUCCGGPA,resolved,CCOc1ccc([Si](C)(C)CCCc2ccc(F)c(Oc3ccccc3)c2)cc1,1,3,1,1,1
668,668,62210,"2-Chloro-N-[2,6-dinitro-4-(trifluoromethyl)phenyl]-N-ethyl-6-fluorobenzenemethanamine",62924-70-3,CCN(Cc1c(F)cccc1Cl)c1c([N+](=O)[O-])cc(C(F)(F)F)cc1[N+](=O)[O-],PWNAWOCHVWERAR-UHFFFAOYSA-N,PWNAWOCHVWERAR,PWNAWOCHVWERAR,resolved,CCN(Cc1c(F)cccc1Cl)c1c([N+](=O)[O-])cc(C(F)(F)F)cc1[N+](=O)[O-],1,1,1,0,0
669,669,107828,Bensulfuron (Ref: IN R9419),99283-01-9,COc1cc(OC)nc(NC(=O)NS(=O)(=O)Cc2ccccc2C(=O)O)n1,PPWBRCCBKOWDNB-UHFFFAOYSA-N,PPWBRCCBKOWDNB,PPWBRCCBKOWDNB,resolved,COc1cc(OC)nc(NC(=O)NS(=O)(=O)Cc2ccccc2C(=O)O)n1,1,1,1,0,0
670,670,93341,Diclomezine (Ref: F-850),62865-36-5,Cc1c(Cl)cc(-c2ccc(=O)[nH]n2)cc1Cl,UWQMKVBQKFHLCE-UHFFFAOYSA-N,UWQMKVBQKFHLCE,UWQMKVBQKFHLCE,resolved,Cc1c(Cl)cc(-c2ccc(=O)[nH]n2)cc1Cl,1,1,1,0,0
671,671,101525,"2-[[[[[4,6-Bis(difluoromethoxy)-2-pyrimidinyl]amino]carbonyl]amino]sulfonyl]benzoic acid, Methyl ester",86209-51-0,COC(=O)c1ccccc1S(=O)(=O)NC(=O)Nc1nc(OC(F)F)cc(OC(F)F)n1,ZTYVMAQSHCZXLF-UHFFFAOYSA-N,ZTYVMAQSHCZXLF,ZTYVMAQSHCZXLF,resolved,COC(=O)c1ccccc1S(=O)(=O)NC(=O)Nc1nc(OC(F)F)cc(OC(F)F)n1,1,1,1,0,0
672,672,93341,Diflumetorim (Ref: UBF 002),130339-07-0,CCC(Nc1ncnc(C)c1Cl)c1ccc(OC(F)F)cc1,NEKULYKCZPJMMJ-UHFFFAOYSA-N,NEKULYKCZPJMMJ,NEKULYKCZPJMMJ,resolved,CCC(Nc1ncnc(C)c1Cl)c1ccc(OC(F)F)cc1,1,2,1,1,0
673,673,91644,Pretilachlor (Ref: CGA 26423),51218-49-6,CCCOCCN(C(=O)CCl)c1c(CC)cccc1CC,YLPGTOIOYRQOHV-UHFFFAOYSA-N,YLPGTOIOYRQOHV,YLPGTOIOYRQOHV,resolved,CCCOCCN(C(=O)CCl)c1c(CC)cccc1CC,1,1,1,0,0
674,674,54744,Imazamethabenz-methyl (Ref: AC 222293),81405-85-8,COC(=O)c1cc(C)ccc1C1=NC(C)(C(C)C)C(=O)N1.COC(=O)c1ccc(C)cc1C1=NC(C)(C(C)C)C(=O)N1,WXUNXXKSYBUHMK-UHFFFAOYSA-N,WXUNXXKSYBUHMK,TYIHVCIQMMTVHE,resolved,COC(=O)c1cc(C)ccc1C1=NC(C)(C(C)C)C(=O)N1.COC(=O)c1ccc(C)cc1C1=NC(C)(C(C)C)C(=O)N1,2,1,1,0,0
675,675,105010,Methoxyfenozide (Ref: RH 2485),161050-58-4,COc1cccc(C(=O)NN(C(=O)c2cc(C)cc(C)c2)C(C)(C)C)c1C,QCAWEPFNJXQPAN-UHFFFAOYSA-N,QCAWEPFNJXQPAN,QCAWEPFNJXQPAN,resolved,COc1cccc(C(=O)NN(C(=O)c2cc(C)cc(C)c2)C(C)(C)C)c1C,1,1,1,0,0
676,676,86137,Imazamox (Ref: BAS 720H),114311-32-9,COCc1cnc(C2=NC(C)(C(C)C)C(=O)N2)c(C(=O)O)c1,NUPJIGQFXCQJBK-UHFFFAOYSA-N,NUPJIGQFXCQJBK,NUPJIGQFXCQJBK,resolved,COCc1cnc(C2=NC(C)(C(C)C)C(=O)N2)c(C(=O)O)c1,1,1,1,0,0
677,677,6506618,Rhyncolure,83212-30-0,CC=CC(O)CC(C)C,RQAFKZOPSRTJDU-UHFFFAOYSA-N,RQAFKZOPSRTJDU,RQAFKZOPSRTJDU,resolved,CC=CC(O)CC(C)C,1,1,1,0,0
678,678,12056759,Propoxycarbazone-sodium (Ref: MKH 6561),181274-15-7,CCCOc1nn(C([O-])=NS(=O)(=O)c2ccccc2C(=O)OC)c(=O)n1C.[Na+],JRQGDDUXDKCWRF-UHFFFAOYSA-M,JRQGDDUXDKCWRF,JTHMVYBOQLDDIY,resolved,CCCOc1nn(C([O-])=NS(=O)(=O)c2ccccc2C(=O)OC)c(=O)n1C.[Na+],2,0,0,0,0
679,679,114994,Halofenozide (Ref: RH 0345),112226-61-6,CC(C)(C)N(NC(=O)c1ccc(Cl)cc1)C(=O)c1ccccc1,CNKHSLKYRMDDNQ-UHFFFAOYSA-N,CNKHSLKYRMDDNQ,CNKHSLKYRMDDNQ,resolved,CC(C)(C)N(NC(=O)c1ccc(Cl)cc1)C(=O)c1ccccc1,1,1,1,0,0
680,680,66461,Hexaconazole (Ref: PP 523),79983-71-4,CCCCC(O)(Cn1cncn1)c1ccc(Cl)cc1Cl,STMIIPIFODONDC-UHFFFAOYSA-N,STMIIPIFODONDC,STMIIPIFODONDC,resolved,CCCCC(O)(Cn1cncn1)c1ccc(Cl)cc1Cl,1,1,1,0,0
681,681,91754,"4-Chloro-2-(1,1-dimethylethyl)-5-[[[4-(1,1-dimethylethyl)phenyl]methyl]thio]-3(2H)pyridazinene",96489-71-3,CC(C)(C)c1ccc(CSc2cnn(C(C)(C)C)c(=O)c2Cl)cc1,DWFZBUWUXWZWKD-UHFFFAOYSA-N,DWFZBUWUXWZWKD,DWFZBUWUXWZWKD,resolved,CC(C)(C)c1ccc(CSc2cnn(C(C)(C)C)c(=O)c2Cl)cc1,1,3,1,1,1
682,682,10140464,Halfenprox (Ref: MTI 732),111872-58-3,CC(C)(COCc1cccc(Oc2ccccc2)c1)c1ccc(OC(F)(F)Br)cc1,WIFXJBMOTMKRMM-UHFFFAOYSA-N,WIFXJBMOTMKRMM,WIFXJBMOTMKRMM,resolved,CC(C)(COCc1cccc(Oc2ccccc2)c1)c1ccc(OC(F)(F)Br)cc1,1,3,1,1,1
683,683,3391107,"5,7-Dichloro-4-(4-fluorophenoxy)quinoline",124495-18-7,Fc1ccc(Oc2ccnc3cc(Cl)cc(Cl)c23)cc1,WRPIRSINYZBGPK-UHFFFAOYSA-N,WRPIRSINYZBGPK,WRPIRSINYZBGPK,resolved,Fc1ccc(Oc2ccnc3cc(Cl)cc(Cl)c23)cc1,1,1,1,0,0
684,684,93542,"[[2-Chloro-4-fluoro-5-[(tetrahydro-3-oxo-1H,3H-[1,3,4]thiadiazolo [3,4-a]pyridazin-1-ylidine)amino]phenyl]thioacetic acid methyl ester",117337-19-6,COC(=O)CSc1cc(N=c2sc(=O)n3n2CCCC3)c(F)cc1Cl,ZCNQYNHDVRPZIH-UHFFFAOYSA-N,ZCNQYNHDVRPZIH,ZCNQYNHDVRPZIH,resolved,COC(=O)CSc1cc(N=c2sc(=O)n3n2CCCC3)c(F)cc1Cl,1,1,1,0,0
685,685,213012,Aminopyralid (Ref: XDE 750),150114-71-9,Nc1cc(Cl)nc(C(=O)O)c1Cl,NIXXQNOQHKNPEJ-UHFFFAOYSA-N,NIXXQNOQHKNPEJ,NIXXQNOQHKNPEJ,resolved,Nc1cc(Cl)nc(C(=O)O)c1Cl,1,2,1,1,0
686,686,93539,"N-[[4,6-Dimethoxy-2-pyrimidinyl)amino]carbonyl]-3-(trifluoromethyl)-2-pyridinesulfonamide",104040-78-0,COc1cc(OC)nc(NC(=O)NS(=O)(=O)c2ncccc2C(F)(F)F)n1,HWATZEJQIXKWQS-UHFFFAOYSA-N,HWATZEJQIXKWQS,HWATZEJQIXKWQS,resolved,COc1cc(OC)nc(NC(=O)NS(=O)(=O)c2ncccc2C(F)(F)F)n1,1,1,1,0,0
687,687,11271640,Chlorantraniliprole (Ref: DPX E2Y45),500008-45-7,CNC(=O)c1cc(Cl)cc(C)c1NC(=O)c1cc(Br)nn1-c1ncccc1Cl,PSOVNZZNOMJUBI-UHFFFAOYSA-N,PSOVNZZNOMJUBI,PSOVNZZNOMJUBI,resolved,CNC(=O)c1cc(Cl)cc(C)c1NC(=O)c1cc(Br)nn1-c1ncccc1Cl,1,2,1,1,0
688,688,86354,Tebufenpyrad (Ref: AC 801757),119168-77-3,CCc1nn(C)c(C(=O)NCc2ccc(C(C)(C)C)cc2)c1Cl,ZZYSLNWGKKDOML-UHFFFAOYSA-N,ZZYSLNWGKKDOML,ZZYSLNWGKKDOML,resolved,CCc1nn(C)c(C(=O)NCc2ccc(C(C)(C)C)cc2)c1Cl,1,2,1,1,0
689,689,6537961,Triticonazole (Ref: RPA 400727),131983-72-7,CC1(C)CCC(=Cc2ccc(Cl)cc2)C1(O)Cn1cncn1,PPDBOQMNKNNODG-UHFFFAOYSA-N,PPDBOQMNKNNODG,PPDBOQMNKNNODG,resolved,CC1(C)CCC(=Cc2ccc(Cl)cc2)C1(O)Cn1cncn1,1,1,1,0,0
690,690,91650,"4,6-Dimethyl-N-phenyl-2-pyrimidinamine",53112-28-0,Cc1cc(C)nc(Nc2ccccc2)n1,ZLIBICFPKPWGIZ-UHFFFAOYSA-N,ZLIBICFPKPWGIZ,ZLIBICFPKPWGIZ,resolved,Cc1cc(C)nc(Nc2ccccc2)n1,1,1,1,0,0
691,691,10238657,Amisulbrom,348635-87-0,Cc1c(Br)c2ccc(F)cc2n1S(=O)(=O)c1ncn(S(=O)(=O)N(C)C)n1,BREATYVWRHIPIY-UHFFFAOYSA-N,BREATYVWRHIPIY,BREATYVWRHIPIY,resolved,Cc1c(Br)c2ccc(F)cc2n1S(=O)(=O)c1ncn(S(=O)(=O)N(C)C)n1,1,1,1,0,0
692,692,37523,Tiocarbazil (Ref: M 3432),36756-79-3,CCC(C)N(C(=O)SCc1ccccc1)C(C)CC,PHSUVQBHRAWOQD-UHFFFAOYSA-N,PHSUVQBHRAWOQD,PHSUVQBHRAWOQD,resolved,CCC(C)N(C(=O)SCc1ccccc1)C(C)CC,1,1,1,0,0
693,693,122087,"3,5-Dichloro-N-(3-chloro-1-ethyl-1-methyl-2-oxopropyl)-4-methylbenzamide",156052-68-5,CCC(C)(NC(=O)c1cc(Cl)c(C)c(Cl)c1)C(=O)CCl,SOUGWDPPRBKJEX-UHFFFAOYSA-N,SOUGWDPPRBKJEX,SOUGWDPPRBKJEX,resolved,CCC(C)(NC(=O)c1cc(Cl)c(C)c(Cl)c1)C(=O)CCl,1,1,1,0,0
694,694,135491728,Clethodim (Ref: RE 45601),99129-21-2,CCSC(C)CC1CC(=O)C(=C(CC)NOCC=CCl)C(=O)C1,INNPZTGYZSAJFN-UHFFFAOYSA-N,INNPZTGYZSAJFN,INNPZTGYZSAJFN,resolved,CCSC(C)CC1CC(=O)C(=C(CC)NOCC=CCl)C(=O)C1,1,0,0,0,0
695,695,11302979,"[3-(4,5-Dihydro-3-isoxazolyl)-2-methyl-4-(methylsulfonyl)phenyl](5-hydroxy-1-methyl-1H-pyrazol-4-yl)methanone",210631-68-8,Cc1c(C(=O)c2c[nH]n(C)c2=O)ccc(S(C)(=O)=O)c1C1=NOCC1,BPPVUXSMLBXYGG-UHFFFAOYSA-N,BPPVUXSMLBXYGG,BPPVUXSMLBXYGG,resolved,Cc1c(C(=O)c2c[nH]n(C)c2=O)ccc(S(C)(=O)=O)c1C1=NOCC1,1,1,1,0,0
696,696,184900,Prohexadione,88805-35-0,CCC(=O)C1C(=O)CC(C(=O)O)CC1=O,BUCOQPHDYUOJSI-UHFFFAOYSA-N,BUCOQPHDYUOJSI,BUCOQPHDYUOJSI,resolved,CCC(=O)C1C(=O)CC(C(=O)O)CC1=O,1,1,1,0,0
697,697,38090,Diethatyl ethyl (Ref: BAY NNT 6867),38727-55-8,CCOC(=O)CN(C(=O)CCl)c1c(CC)cccc1CC,WFKSADNZWSKCRZ-UHFFFAOYSA-N,WFKSADNZWSKCRZ,WFKSADNZWSKCRZ,resolved,CCOC(=O)CN(C(=O)CCl)c1c(CC)cccc1CC,1,1,1,0,0
698,698,91762,Chlorimuron,99283-00-8,COc1cc(Cl)nc(NC(=O)NS(=O)(=O)c2ccccc2C(=O)O)n1,RIUXZHMCCFLRBI-UHFFFAOYSA-N,RIUXZHMCCFLRBI,RIUXZHMCCFLRBI,resolved,COc1cc(Cl)nc(NC(=O)NS(=O)(=O)c2ccccc2C(=O)O)n1,1,1,1,0,0
699,699,86298,"3-(4-Chlorophenyl)-3-(3,4-dimethoxyphenyl)-1-(4-morpholinyl)-2-propen-1-one",110488-70-5,COc1ccc(C(=CC(=O)N2CCOCC2)c2ccc(Cl)cc2)cc1OC,QNBTYORWCCMPQP-UHFFFAOYSA-N,QNBTYORWCCMPQP,QNBTYORWCCMPQP,resolved,COc1ccc(C(=CC(=O)N2CCOCC2)c2ccc(Cl)cc2)cc1OC,1,1,1,0,0
700,700,91655,"Phosphorothioic acid O,O-diethyl-O-(1,2,2,2-tetrachloroethyl) ester",54593-83-8,CCOP(=S)(OCC)OC(Cl)C(Cl)(Cl)Cl,XFDJMIHUAHSGKG-UHFFFAOYSA-N,XFDJMIHUAHSGKG,XFDJMIHUAHSGKG,resolved,CCOP(=S)(OCC)OC(Cl)C(Cl)(Cl)Cl,1,3,1,1,1
701,701,92425,"2-[7-Fluoro-3,4-dihydro-3-oxo-4-(2-propynyl)-2H-1,4-benzoxazin-6-yl]-4,5,6,7-tetrahydro-1H-isoindole-1,3(2H)-dione",103361-09-7,C#CCN1C(=O)COc2cc(F)c(N3C(=O)C4=C(CCCC4)C3=O)cc21,FOUWCSDKDDHKQP-UHFFFAOYSA-N,FOUWCSDKDDHKQP,FOUWCSDKDDHKQP,resolved,C#CCN1C(=O)COc2cc(F)c(N3C(=O)C4=C(CCCC4)C3=O)cc21,1,0,0,0,0
702,702,16213016,Propaquizafop (Ref: CGA 233380),111479-05-1,CC(C)=NOCCOC(=O)C(C)Oc1ccc(Oc2cnc3cc(Cl)ccc3n2)cc1,FROBCXTULYFHEJ-UHFFFAOYSA-N,FROBCXTULYFHEJ,FROBCXTULYFHEJ,resolved,CC(C)=NOCCOC(=O)C(C)Oc1ccc(Oc2cnc3cc(Cl)ccc3n2)cc1,1,1,1,0,0
703,703,443048,"2-[2-Chloro-4-fluoro-5-(1,3,4,5,6,7-hexahydro-1,3-dioxo-2H-isoindol-2-yl)phenoxy]acetic acid pentyl ester",87546-18-7,CCCCCOC(=O)COc1cc(N2C(=O)C3=C(CCCC3)C2=O)c(F)cc1Cl,IRECWLYBCAZIJM-UHFFFAOYSA-N,IRECWLYBCAZIJM,IRECWLYBCAZIJM,resolved,CCCCCOC(=O)COc1cc(N2C(=O)C3=C(CCCC3)C2=O)c(F)cc1Cl,1,0,0,0,0
704,704,6537963,Flucycloxuron (Ref: OMS 3041),113036-88-7,O=C(NC(=O)c1c(F)cccc1F)Nc1ccc(CON=C(c2ccc(Cl)cc2)C2CC2)cc1,PCKNFPQPGUWFHO-UHFFFAOYSA-N,PCKNFPQPGUWFHO,PCKNFPQPGUWFHO,resolved,O=C(NC(=O)c1c(F)cccc1F)Nc1ccc(CON=C(c2ccc(Cl)cc2)C2CC2)cc1,1,1,1,0,0
705,705,92366,Flamprop-M-isopropyl (Ref: WL 43425),63782-90-1,CC(C)OC(=O)C(C)N(C(=O)c1ccccc1)c1ccc(F)c(Cl)c1,IKVXBIIHQGXQRQ-UHFFFAOYSA-N,IKVXBIIHQGXQRQ,IKVXBIIHQGXQRQ,resolved,CC(C)OC(=O)C(C)N(C(=O)c1ccccc1)c1ccc(F)c(Cl)c1,1,1,1,0,0
706,706,92420,Cinosulfuron (Ref: CGA 142464),94593-91-6,COCCOc1ccccc1S(=O)(=O)NC(=O)Nc1nc(OC)nc(OC)n1,WMLPCIHUFDKWJU-UHFFFAOYSA-N,WMLPCIHUFDKWJU,WMLPCIHUFDKWJU,resolved,COCCOc1ccccc1S(=O)(=O)NC(=O)Nc1nc(OC)nc(OC)n1,1,1,1,0,0
707,707,91759,"N-(2,6-Difluorophenyl)-5-methyl-[1,2,4]triazolo[1,5-a]pyrimidine-2-sulfonamide",98967-40-9,Cc1ccn2nc(S(=O)(=O)Nc3c(F)cccc3F)nc2n1,RXCPQSJAVKGONC-UHFFFAOYSA-N,RXCPQSJAVKGONC,RXCPQSJAVKGONC,resolved,Cc1ccn2nc(S(=O)(=O)Nc3c(F)cccc3F)nc2n1,1,1,1,0,0
708,708,3032540,Aluminium ammonium sulphate,7784-26-1,O=S(=O)([O-])[O-].O=S(=O)([O-])[O-].[Al+3].[NH4+],LCQXXBOSCBRNNT-UHFFFAOYSA-K,LCQXXBOSCBRNNT,QAOWNCQODCNURD,resolved,O=S(=O)([O-])[O-].O=S(=O)([O-])[O-].[Al+3].[NH4+],4,1,1,0,0
709,709,213029,Ecolyst (Ref: HSDB 7282),274671-61-3,CC[NH+](CC)CCOCc1ccc(C)cc1.[Cl-],JNPUCJSASHXMFN-UHFFFAOYSA-N,JNPUCJSASHXMFN,DUPRTBOVJMCXIM,resolved,CC[NH+](CC)CCOCc1ccc(C)cc1.[Cl-],2,1,1,0,0
710,710,86173,"1-[[2-[2-Chloro-4-(4-chlorophenoxyl)phenyl]-4-methyl-1,3-dioxolan-2-yl]methyl]-1H-1,2,4-triazole",119446-68-3,CC1COC(Cn2cncn2)(c2ccc(Oc3ccc(Cl)cc3)cc2Cl)O1,BQYJATMQXGBDHF-UHFFFAOYSA-N,BQYJATMQXGBDHF,BQYJATMQXGBDHF,resolved,CC1COC(Cn2cncn2)(c2ccc(Oc3ccc(Cl)cc3)cc2Cl)O1,1,1,1,0,0
711,711,91773,"1-(1,1-Dimethylethyl)-2-(4-ethylbenzoyl)hydrazide-3,5-dimethylbenzoic acid",112410-23-8,CCc1ccc(C(=O)NN(C(=O)c2cc(C)cc(C)c2)C(C)(C)C)cc1,QYPNKSZPJQQLRK-UHFFFAOYSA-N,QYPNKSZPJQQLRK,QYPNKSZPJQQLRK,resolved,CCc1ccc(C(=O)NN(C(=O)c2cc(C)cc(C)c2)C(C)(C)C)cc1,1,0,0,0,0
712,712,91731,Fluazinam (Ref: IKF 1216),79622-59-6,O=[N+]([O-])c1cc(C(F)(F)F)c(Cl)c([N+](=O)[O-])c1Nc1ncc(C(F)(F)F)cc1Cl,UZCGKGPEKUCDTF-UHFFFAOYSA-N,UZCGKGPEKUCDTF,UZCGKGPEKUCDTF,resolved,O=[N+]([O-])c1cc(C(F)(F)F)c(Cl)c([N+](=O)[O-])c1Nc1ncc(C(F)(F)F)cc1Cl,1,1,1,0,0
713,713,86418,Imidacloprid (Ref: BAY NTN 33893),138261-41-3,O=[N+]([O-])NC1=NCCN1Cc1ccc(Cl)nc1,YWTYJOPNNQFBPC-UHFFFAOYSA-N,YWTYJOPNNQFBPC,YWTYJOPNNQFBPC,resolved,O=[N+]([O-])NC1=NCCN1Cc1ccc(Cl)nc1,1,3,1,1,1
714,714,86138,"alpha-[2-(4-Chlorophenyl)ethyl]-alpha-phenyl-1H-1,2,4-triazole-1-propanenitrile",114369-43-6,N#CC(CCc1ccc(Cl)cc1)(Cn1cncn1)c1ccccc1,RQDJADAKIFFEKQ-UHFFFAOYSA-N,RQDJADAKIFFEKQ,RQDJADAKIFFEKQ,resolved,N#CC(CCc1ccc(Cl)cc1)(Cn1cncn1)c1ccccc1,1,2,1,1,0
715,715,54745,"2-[(4-Amino-3,5-dichloro-6-fluoro-2-pyridinyl)oxy]acetic acid 1-methylheptyl ester",81406-37-3,CCCCCCC(C)OC(=O)COc1nc(F)c(Cl)c(N)c1Cl,OLZQTUCTGLHFTQ-UHFFFAOYSA-N,OLZQTUCTGLHFTQ,OLZQTUCTGLHFTQ,resolved,CCCCCCC(C)OC(=O)COc1nc(F)c(Cl)c(N)c1Cl,1,1,1,0,0
716,716,86175,Quizalofop-P-tefuryl (Ref: UBI C4874 ),119738-06-6,CC(Oc1ccc(Oc2cnc3cc(Cl)ccc3n2)cc1)C(=O)OCC1CCCO1,BBKDWPHJZANJGB-UHFFFAOYSA-N,BBKDWPHJZANJGB,BBKDWPHJZANJGB,resolved,CC(Oc1ccc(Oc2cnc3cc(Cl)ccc3n2)cc1)C(=O)OCC1CCCO1,1,1,1,0,0
717,717,86426,"N-[[(4,6-Dimethoxy-2-pyrimidinyl)amino]carbonyl]-2-(ethylsulfonyl)imidazo[1,2-a]pyridine-3-sulfonamide",141776-32-1,CCS(=O)(=O)c1nc2ccccn2c1S(=O)(=O)NC(=O)Nc1nc(OC)cc(OC)n1,RBSXHDIPCIWOMG-UHFFFAOYSA-N,RBSXHDIPCIWOMG,RBSXHDIPCIWOMG,resolved,CCS(=O)(=O)c1nc2ccccn2c1S(=O)(=O)NC(=O)Nc1nc(OC)cc(OC)n1,1,1,1,0,0
718,718,92395,Fluoroglycofen,77501-60-1,O=C(O)COC(=O)c1cc(Oc2ccc(C(F)(F)F)cc2Cl)ccc1[N+](=O)[O-],DHAHEVIQIYRFRG-UHFFFAOYSA-N,DHAHEVIQIYRFRG,DHAHEVIQIYRFRG,resolved,O=C(O)COC(=O)c1cc(Oc2ccc(C(F)(F)F)cc2Cl)ccc1[N+](=O)[O-],1,1,1,0,0
719,719,91729,Thifensulfuron (Ref: IN L9225),79277-67-1,COc1nc(C)nc(NC(=O)NS(=O)(=O)c2ccsc2C(=O)O)n1,LOQQVLXUKHKNIA-UHFFFAOYSA-N,LOQQVLXUKHKNIA,LOQQVLXUKHKNIA,resolved,COc1nc(C)nc(NC(=O)NS(=O)(=O)c2ccsc2C(=O)O)n1,1,2,1,1,0
720,720,11700495,Florasulam (Ref: DE 570),145701-23-1,COc1ncc(F)c2nc(S(=O)(=O)Nc3c(F)cccc3F)nn12,QZXATCCPQKOEIH-UHFFFAOYSA-N,QZXATCCPQKOEIH,QZXATCCPQKOEIH,resolved,COc1ncc(F)c2nc(S(=O)(=O)Nc3c(F)cccc3F)nn12,1,1,1,0,0
721,721,73281,Nicosulfuron (Ref: DPX V9360),111991-09-4,COc1cc(OC)nc(NC(=O)NS(=O)(=O)c2ncccc2C(=O)N(C)C)n1,RTCOGUMHFFWOJV-UHFFFAOYSA-N,RTCOGUMHFFWOJV,RTCOGUMHFFWOJV,resolved,COc1cc(OC)nc(NC(=O)NS(=O)(=O)c2ncccc2C(=O)N(C)C)n1,1,2,1,1,0
722,722,3033865,Fenchlorazole-ethyl (Ref: HOE 070542),103112-35-2,O=C(Oc1ccccc1)n1c(C(F)(F)F)nc2cc(Cl)c(Cl)cc21,ISVQSVPUDBVFFU-UHFFFAOYSA-N,ISVQSVPUDBVFFU,ISVQSVPUDBVFFU,resolved,O=C(Oc1ccccc1)n1c(C(F)(F)F)nc2cc(Cl)c(Cl)cc21,1,0,0,0,0
723,723,13363033,Haloxyfop-P-methyl (Ref: DE 535),72619-32-0,COC(=O)C(C)Oc1ccc(Oc2ncc(C(F)(F)F)cc2Cl)cc1,MFSWTRQUCLNFOM-UHFFFAOYSA-N,MFSWTRQUCLNFOM,MFSWTRQUCLNFOM,resolved,COC(=O)C(C)Oc1ccc(Oc2ncc(C(F)(F)F)cc2Cl)cc1,1,1,1,0,0
724,724,91776,"2-(Difluoromethyl)-5-(4,5-dihydro-2-thiazolyl)-4-(2-methylpropyl)-6-(trifluoromethyl)-3-pyridinecarboxylic acid methyl ester",117718-60-2,COC(=O)c1c(C(F)F)nc(C(F)(F)F)c(C2=NCCS2)c1CC(C)C,YIJZJEYQBAAWRJ-UHFFFAOYSA-N,YIJZJEYQBAAWRJ,YIJZJEYQBAAWRJ,resolved,COC(=O)c1c(C(F)F)nc(C(F)(F)F)c(C2=NCCS2)c1CC(C)C,1,1,1,0,0
725,725,86306,Triazamate (Ref: RH 7988),110895-43-7,CCOC(=O)CSc1nc(C(C)(C)C)nn1C(=O)N(C)C,NKNFWVNSBIXGLL-UHFFFAOYSA-N,NKNFWVNSBIXGLL,NKNFWVNSBIXGLL,resolved,CCOC(=O)CSc1nc(C(C)(C)C)nn1C(=O)N(C)C,1,1,1,0,0
726,726,213016,(alphaE)-alpha-(Methoxyimino)-2-[[[(E)-[1-[3-(trifluoromethyl)phenyl]ethylidene]amino]oxy]methyl]benzeneacteic acid methyl ester,141517-21-7,CON=C(C(=O)OC)c1ccccc1CON=C(C)c1cccc(C(F)(F)F)c1,ONCZDRURRATYFI-UHFFFAOYSA-N,ONCZDRURRATYFI,ONCZDRURRATYFI,resolved,CON=C(C(=O)OC)c1ccccc1CON=C(C)c1cccc(C(F)(F)F)c1,1,0,0,0,0
727,727,91770,Imazapic (Ref: AC 263222),104098-48-8,Cc1cnc(C2=NC(C)(C(C)C)C(=O)N2)c(C(=O)O)c1,PVSGXWMWNRGTKE-UHFFFAOYSA-N,PVSGXWMWNRGTKE,PVSGXWMWNRGTKE,resolved,Cc1cnc(C2=NC(C)(C(C)C)C(=O)N2)c(C(=O)O)c1,1,0,0,0,0
728,728,91724,Fenpiclonil (Ref: CGA 142705),74738-17-3,N#Cc1c[nH]cc1-c1cccc(Cl)c1Cl,FKLFBQCQQYDUAM-UHFFFAOYSA-N,FKLFBQCQQYDUAM,FKLFBQCQQYDUAM,resolved,N#Cc1c[nH]cc1-c1cccc(Cl)c1Cl,1,2,1,1,0
729,729,86356,"4-[2-[4-(1,1-Dimethylethyl)phenyl]ethoxy]quinazoline",120928-09-8,CC(C)(C)c1ccc(CCOc2ncnc3ccccc23)cc1,DMYHGDXADUDKCQ-UHFFFAOYSA-N,DMYHGDXADUDKCQ,DMYHGDXADUDKCQ,resolved,CC(C)(C)c1ccc(CCOc2ncnc3ccccc23)cc1,1,2,1,1,0
730,730,86429,"N-(4-Fluorophenyl)-N-(1-methylethyl)-2-[[5-(trifluoromethyl)-1,3,4-thiadiazol-2-yl]oxy]acetamide",142459-58-3,CC(C)N(C(=O)COc1nnc(C(F)(F)F)s1)c1ccc(F)cc1,IANUJLZYFUDJIH-UHFFFAOYSA-N,IANUJLZYFUDJIH,IANUJLZYFUDJIH,resolved,CC(C)N(C(=O)COc1nnc(C(F)(F)F)s1)c1ccc(F)cc1,1,0,0,0,0
731,731,86438,(alphaE)-alpha-(Methoxyimino)-2-[(2-methylphenoxy)methyl]benzeneacetic acid methyl ester,143390-89-0,CON=C(C(=O)OC)c1ccccc1COc1ccccc1C,ZOTBXTZVPHCKPN-UHFFFAOYSA-N,ZOTBXTZVPHCKPN,ZOTBXTZVPHCKPN,resolved,CON=C(C(=O)OC)c1ccccc1COc1ccccc1C,1,1,1,0,0
732,732,91760,Sulcotrione (Ref: SC 0051),99105-77-8,CS(=O)(=O)c1ccc(C(=O)C2C(=O)CCCC2=O)c(Cl)c1,PQTBTIFWAXVEPB-UHFFFAOYSA-N,PQTBTIFWAXVEPB,PQTBTIFWAXVEPB,resolved,CS(=O)(=O)c1ccc(C(=O)C2C(=O)CCCC2=O)c(Cl)c1,1,1,1,0,0
733,733,86398,"4-(2,2-Difluoro-1,3-benzodioxol-4-yl)-1H-pyrrole-3-carbonitrile",131341-86-1,N#Cc1c[nH]cc1-c1cccc2c1OC(F)(F)O2,MUJOIMFVNIBMKC-UHFFFAOYSA-N,MUJOIMFVNIBMKC,MUJOIMFVNIBMKC,resolved,N#Cc1c[nH]cc1-c1cccc2c1OC(F)(F)O2,1,1,1,0,0
734,734,180089,"(2R)-2-[4-(4-Cyano-2-fluorophenoxy)phenoxy]propanoic acid, Butyl ester",122008-85-9,CCCCOC(=O)C(C)Oc1ccc(Oc2ccc(C#N)cc2F)cc1,TYIYMOAHACZAMQ-UHFFFAOYSA-N,TYIYMOAHACZAMQ,TYIYMOAHACZAMQ,resolved,CCCCOC(=O)C(C)Oc1ccc(Oc2ccc(C#N)cc2F)cc1,1,1,1,0,0
735,735,91687,Anilofos (Ref: HOE 30374),64249-01-0,COP(=S)(OC)SCC(=O)N(c1ccc(Cl)cc1)C(C)C,NXQDBZGWYSEGFL-UHFFFAOYSA-N,NXQDBZGWYSEGFL,NXQDBZGWYSEGFL,resolved,COP(=S)(OC)SCC(=O)N(c1ccc(Cl)cc1)C(C)C,1,2,1,1,0
736,736,11193251,"N2-[1,1-Dimethyl-2-(methylsulfonyl)ethyl]-3-iodo-N1-[2-methyl-4-[1,2,2,2-tetrafluoro-1-(trifluoromethyl)ethyl]phenyl]-1,2-benzenedicarboxamide",272451-65-7,Cc1cc(C(F)(C(F)(F)F)C(F)(F)F)ccc1NC(=O)c1cccc(I)c1C(=O)NC(C)(C)CS(C)(=O)=O,ZGNITFSDLCMLGI-UHFFFAOYSA-N,ZGNITFSDLCMLGI,ZGNITFSDLCMLGI,resolved,Cc1cc(C(F)(C(F)(F)F)C(F)(F)F)ccc1NC(=O)c1cccc(I)c1C(=O)NC(C)(C)CS(C)(=O)=O,1,0,0,0,0
737,737,93315,"2-(Acetyloxy)-3-dodecyl-1,4-naphthalenedione",57960-19-7,CCCCCCCCCCCCC1=C(OC(C)=O)C(=O)c2ccccc2C1=O,QDRXWCAVUNHOGA-UHFFFAOYSA-N,QDRXWCAVUNHOGA,QDRXWCAVUNHOGA,resolved,CCCCCCCCCCCCC1=C(OC(C)=O)C(=O)c2ccccc2C1=O,1,0,0,0,0
738,738,93536,Fenchlorazole (Ref: HOE 072829),103112-36-3,O=C(O)c1nc(C(Cl)(Cl)Cl)n(-c2ccc(Cl)cc2Cl)n1,HKELWJONQIFBPO-UHFFFAOYSA-N,HKELWJONQIFBPO,HKELWJONQIFBPO,resolved,O=C(O)c1nc(C(Cl)(Cl)Cl)n(-c2ccc(Cl)cc2Cl)n1,1,0,0,0,0
739,739,91758,(2-Oxo-3-thiazolidinyl)phosphonothioic acid O-ethyl S-(1-methylpropyl)ester,98886-44-3,CCOP(=O)(SC(C)CC)N1CCSC1=O,DUFVKSUJRWYZQP-UHFFFAOYSA-N,DUFVKSUJRWYZQP,DUFVKSUJRWYZQP,resolved,CCOP(=O)(SC(C)CC)N1CCSC1=O,1,3,1,1,1
740,740,162366,Iminoctadine triacetate (Ref: DF 125),57520-17-9,CC(=O)O.CC(=O)O.CC(=O)O.NC(N)=NCCCCCCCCNCCCCCCCCN=C(N)N,FKWDSATZSMJRLC-UHFFFAOYSA-N,FKWDSATZSMJRLC,RONFGUROBZGJKP,resolved,CC(=O)O.CC(=O)O.CC(=O)O.NC(N)=NCCCCCCCCNCCCCCCCCN=C(N)N,4,1,1,0,0
741,741,9576412,Fenpyroximate (Ref: NNI 850),134098-61-6,Cc1nn(C)c(Oc2ccccc2)c1C=NOCc1ccc(C(=O)OC(C)(C)C)cc1,YYJNOYZRYGDPNH-UHFFFAOYSA-N,YYJNOYZRYGDPNH,YYJNOYZRYGDPNH,resolved,Cc1nn(C)c(Oc2ccccc2)c1C=NOCc1ccc(C(=O)OC(C)(C)C)cc1,1,1,1,0,0
742,742,91756,Ethametsulfuron-methyl (Ref: DPX-A7881),97780-06-8,CCOc1nc(NC)nc(NC(=O)NS(=O)(=O)c2ccccc2C(=O)OC)n1,ZINJLDJMHCUBIP-UHFFFAOYSA-N,ZINJLDJMHCUBIP,ZINJLDJMHCUBIP,resolved,CCOc1nc(NC)nc(NC(=O)NS(=O)(=O)c2ccccc2C(=O)OC)n1,1,2,1,1,0
743,743,86369,Sulfentrazone (Ref: FMC 97285),122836-35-5,Cc1nn(-c2cc(NS(C)(=O)=O)c(Cl)cc2Cl)c(=O)n1C(F)F,OORLZFUTLGXMEF-UHFFFAOYSA-N,OORLZFUTLGXMEF,OORLZFUTLGXMEF,resolved,Cc1nn(-c2cc(NS(C)(=O)=O)c(Cl)cc2Cl)c(=O)n1C(F)F,1,1,1,0,0
744,744,62020,Prosulfocarb (Ref: SC 0574),52888-80-9,CCCN(CCC)C(=O)SCc1ccccc1,NQLVQOSNDJXLKG-UHFFFAOYSA-N,NQLVQOSNDJXLKG,NQLVQOSNDJXLKG,resolved,CCCN(CCC)C(=O)SCc1ccccc1,1,1,1,0,0
745,745,17747875,Aminocyclopyrachlor (Ref: DPX-MAT28),858956-08-8,Nc1nc(C2CC2)nc(C(=O)O)c1Cl,KWAIHLIXESXTJL-UHFFFAOYSA-N,KWAIHLIXESXTJL,KWAIHLIXESXTJL,resolved,Nc1nc(C2CC2)nc(C(=O)O)c1Cl,1,1,1,0,0
746,746,123627,Clofencet (Ref: MON 21250 ),129025-54-3,CCc1c(C(=O)O)c(=O)cnn1-c1ccc(Cl)cc1,PIZCXVUFSNPNON-UHFFFAOYSA-N,PIZCXVUFSNPNON,PIZCXVUFSNPNON,resolved,CCc1c(C(=O)O)c(=O)cnn1-c1ccc(Cl)cc1,1,1,1,0,0
747,747,86412,"1,2,3-Benzothiadiazole-7-carbothioic acid S-methyl ester",135158-54-2,CSC(=O)c1cccc2nnsc12,UELITFHSCLAHKR-UHFFFAOYSA-N,UELITFHSCLAHKR,UELITFHSCLAHKR,resolved,CSC(=O)c1cccc2nnsc12,1,1,1,0,0
748,748,86222,"alpha,2-Dichloro-5-[4-(difluoromethyl)-4,5-dihydro-3-methyl-5-oxo-1H-1,2,4-triazol-1-yl]-4-fluorobenzenepropanoic acid, Ethyl ester",128639-02-1,CCOC(=O)C(Cl)Cc1cc(-n2nc(C)n(C(F)F)c2=O)c(F)cc1Cl,MLKCGVHIFJBRCD-UHFFFAOYSA-N,MLKCGVHIFJBRCD,MLKCGVHIFJBRCD,resolved,CCOC(=O)C(Cl)Cc1cc(-n2nc(C)n(C(F)F)c2=O)c(F)cc1Cl,1,1,1,0,0
749,749,62306,Benoxacor (Ref: CGA 154281),98730-04-2,CC1COc2ccccc2N1C(=O)C(Cl)Cl,PFJJMJDEVDLPNE-UHFFFAOYSA-N,PFJJMJDEVDLPNE,PFJJMJDEVDLPNE,resolved,CC1COc2ccccc2N1C(=O)C(Cl)Cl,1,1,1,0,0
750,750,92299,Tebutam (Ref: GPC-5544),35256-85-0,CC(C)N(Cc1ccccc1)C(=O)C(C)(C)C,RJKCKKDSSSRYCB-UHFFFAOYSA-N,RJKCKKDSSSRYCB,RJKCKKDSSSRYCB,resolved,CC(C)N(Cc1ccccc1)C(=O)C(C)(C)C,1,1,1,0,0
751,751,6451142,"2-[2-(1-Chlorocyclopropyl)-3-(2-chlorophenyl)-2-hydroxypropyl]-1,2-dihydro-3H-1,2,4-triazole-3-thione",178928-70-6,OC(Cc1ccccc1Cl)(Cn1[nH]cnc1=S)C1(Cl)CC1,MNHVNIJQQRJYDH-UHFFFAOYSA-N,MNHVNIJQQRJYDH,MNHVNIJQQRJYDH,resolved,OC(Cc1ccccc1Cl)(Cn1[nH]cnc1=S)C1(Cl)CC1,1,0,0,0,0
752,752,9576037,"4,5-Dihydro-6-methyl-4-[(E)-(3-pyridinylmethylene)amino]-1,2,4-triazin-3(2H)-one",123312-89-0,CC1=NNC(=O)N(N=Cc2cccnc2)C1,QHMTXANCGGJZRX-UHFFFAOYSA-N,QHMTXANCGGJZRX,QHMTXANCGGJZRX,resolved,CC1=NNC(=O)N(N=Cc2cccnc2)C1,1,1,1,0,0
753,753,43714,Cymiazol (Ref: CGA 50439),61676-87-7,Cc1ccc(N=c2sccn2C)c(C)c1,YUAUPYJCVKNAEC-UHFFFAOYSA-N,YUAUPYJCVKNAEC,YUAUPYJCVKNAEC,resolved,Cc1ccc(N=c2sccn2C)c(C)c1,1,1,1,0,0
754,754,91752,Cadusafos (Ref: FMC 67825),95465-99-9,CCOP(=O)(SC(C)CC)SC(C)CC,KXRPCFINVWWFHQ-UHFFFAOYSA-N,KXRPCFINVWWFHQ,KXRPCFINVWWFHQ,resolved,CCOP(=O)(SC(C)CC)SC(C)CC,1,2,1,1,0
755,755,91779,"N-[[(4,6-Dimethoxy-2-pyrimidinyl)amino]carbonyl]-3-(ethylsulfonyl)-2-pyridine sulfonamide",122931-48-0,CCS(=O)(=O)c1cccnc1S(=O)(=O)NC(=O)Nc1nc(OC)cc(OC)n1,MEFOUWRMVYJCQC-UHFFFAOYSA-N,MEFOUWRMVYJCQC,MEFOUWRMVYJCQC,resolved,CCS(=O)(=O)c1cccnc1S(=O)(=O)NC(=O)Nc1nc(OC)cc(OC)n1,1,1,1,0,0
756,756,11091168,"2-[[[[[(4,6-Dimethoxy-2-pyrimidinyl)amino]carbonyl]amino]sulfonyl]amino]-N,N-dimethylbenzamide",213464-77-8,COc1cc(OC)nc(NC(=O)NS(=O)(=O)Nc2ccccc2C(=O)N(C)C)n1,UCDPMNSCCRBWIC-UHFFFAOYSA-N,UCDPMNSCCRBWIC,UCDPMNSCCRBWIC,resolved,COc1cc(OC)nc(NC(=O)NS(=O)(=O)Nc2ccccc2C(=O)N(C)C)n1,1,1,1,0,0
757,757,86417,Fluquinconazole (Ref: AE C597265),136426-54-5,O=c1c2cc(F)ccc2nc(-n2cncn2)n1-c1ccc(Cl)cc1Cl,IJJVMEJXYNJXOJ-UHFFFAOYSA-N,IJJVMEJXYNJXOJ,IJJVMEJXYNJXOJ,resolved,O=c1c2cc(F)ccc2nc(-n2cncn2)n1-c1ccc(Cl)cc1Cl,1,1,1,0,0
758,758,91772,Tribenuron (Ref: IN R9803),106040-48-6,COc1nc(C)nc(N(C)C(=O)NS(=O)(=O)c2ccccc2C(=O)O)n1,BQZXUHDXIARLEO-UHFFFAOYSA-N,BQZXUHDXIARLEO,BQZXUHDXIARLEO,resolved,COc1nc(C)nc(N(C)C(=O)NS(=O)(=O)c2ccccc2C(=O)O)n1,1,2,1,1,0
759,759,91777,Amidosulfuron,120923-37-7,COc1cc(OC)nc(NC(=O)NS(=O)(=O)N(C)S(C)(=O)=O)n1,CTTHWASMBLQOFR-UHFFFAOYSA-N,CTTHWASMBLQOFR,CTTHWASMBLQOFR,resolved,COc1cc(OC)nc(NC(=O)NS(=O)(=O)N(C)S(C)(=O)=O)n1,1,1,1,0,0
760,760,92434,Triflusulfuron-methyl (Ref: DPX 66037),126535-15-7,COC(=O)c1cccc(C)c1S(=O)(=O)NC(=O)Nc1nc(OCC(F)(F)F)nc(N(C)C)n1,IMEVJVISCHQJRM-UHFFFAOYSA-N,IMEVJVISCHQJRM,IMEVJVISCHQJRM,resolved,COC(=O)c1cccc(C)c1S(=O)(=O)NC(=O)Nc1nc(OCC(F)(F)F)nc(N(C)C)n1,1,1,1,0,0
761,761,92433,"2-Chloro-N-[[(4,6-dimethoxy-2-pyrimidinyl)amino]carbonyl]imidazo[1,2-a]pyridine-3-sulfonamide",122548-33-8,COc1cc(OC)nc(NC(=O)NS(=O)(=O)c2c(Cl)nc3ccccn23)n1,NAGRVUXEKKZNHT-UHFFFAOYSA-N,NAGRVUXEKKZNHT,NAGRVUXEKKZNHT,resolved,COc1cc(OC)nc(NC(=O)NS(=O)(=O)c2c(Cl)nc3ccccn23)n1,1,1,1,0,0
762,762,86416,Triflusulfuron,135990-29-3,Cc1cccc(C(=O)O)c1S(=O)(=O)NC(=O)Nc1nc(OCC(F)(F)F)nc(N(C)C)n1,AKTQJCBOGPBERP-UHFFFAOYSA-N,AKTQJCBOGPBERP,AKTQJCBOGPBERP,resolved,Cc1cccc(C(=O)O)c1S(=O)(=O)NC(=O)Nc1nc(OCC(F)(F)F)nc(N(C)C)n1,1,1,1,0,0
763,763,86422,Metosulam (Ref: XDE 511),139528-85-1,COc1cc(OC)n2nc(S(=O)(=O)Nc3c(Cl)ccc(C)c3Cl)nc2n1,VGHPMIFEKOFHHQ-UHFFFAOYSA-N,VGHPMIFEKOFHHQ,VGHPMIFEKOFHHQ,resolved,COc1cc(OC)n2nc(S(=O)(=O)Nc3c(Cl)ccc(C)c3Cl)nc2n1,1,1,1,0,0
764,764,3034285,(alphaE)-2-[[6-(2-Cyanophenoxy)-4-pyrimidinyl]oxy]-alpha-(methoxymethylene)benzeneacetic acid methyl ester,131860-33-8,COC=C(C(=O)OC)c1ccccc1Oc1cc(Oc2ccccc2C#N)ncn1,WFDXOXNFNRHQEC-UHFFFAOYSA-N,WFDXOXNFNRHQEC,WFDXOXNFNRHQEC,resolved,COC=C(C(=O)OC)c1ccccc1Oc1cc(Oc2ccccc2C#N)ncn1,1,0,0,0,0
765,765,93528,Cloquintocet-mexyl (Ref: CGA 185072),99607-70-2,CCCCCC(C)OC(=O)COc1ccc(Cl)c2cccnc12,COYBRKAVBMYYSF-UHFFFAOYSA-N,COYBRKAVBMYYSF,COYBRKAVBMYYSF,resolved,CCCCCC(C)OC(=O)COc1ccc(Cl)c2cccnc12,1,1,1,0,0
766,766,86187,Furilazole (Ref: MON 13900),121776-33-8,CC1(C)OC(c2ccco2)CN1C(=O)C(Cl)Cl,MCNOFYBITGAAGM-UHFFFAOYSA-N,MCNOFYBITGAAGM,MCNOFYBITGAAGM,resolved,CC1(C)OC(c2ccco2)CN1C(=O)C(Cl)Cl,1,1,1,0,0
767,767,86304,"2-[[[[[4-Ethoxy-6-(methylamino)-1,3,5-triazin-2-yl]amino]carbonyl]amino]sulfonyl]benzoic acid",111353-84-5,CCOc1nc(NC)nc(NC(=O)NS(=O)(=O)c2ccccc2C(=O)O)n1,IRLGCAJYYKDTCG-UHFFFAOYSA-N,IRLGCAJYYKDTCG,IRLGCAJYYKDTCG,resolved,CCOc1nc(NC)nc(NC(=O)NS(=O)(=O)c2ccccc2C(=O)O)n1,1,1,1,0,0
768,768,23682187,"2-Chloro-6-[(4,6-dimethoxy-2-pyrimidinyl)thio]benzoic acid sodium salt (1:1)",123343-16-8,COc1cc(OC)nc(Sc2cccc(Cl)c2C(=O)[O-])n1.[Na+],CNILNQMBAHKMFS-UHFFFAOYSA-M,CNILNQMBAHKMFS,QEGVVEOAVNHRAA,resolved,COc1cc(OC)nc(Sc2cccc(Cl)c2C(=O)[O-])n1.[Na+],2,1,1,0,0
769,769,5483847,Clodinafop (Ref: CGA 193469),114420-56-3,CC(Oc1ccc(Oc2ncc(Cl)cc2F)cc1)C(=O)O,YUIKUTLBPMDDNQ-UHFFFAOYSA-N,YUIKUTLBPMDDNQ,YUIKUTLBPMDDNQ,resolved,CC(Oc1ccc(Oc2ncc(Cl)cc2F)cc1)C(=O)O,1,1,1,0,0
770,770,123622,"2,2-Dimethyl-3-(2-methyl-1-propenyl)cyclopropanecarboxylic acid, [2,5-dioxo-3-(2-propynyl)-1-imidazolidinyl]methyl ester",72963-72-5,C#CCN1CC(=O)N(COC(=O)C2C(C=C(C)C)C2(C)C)C1=O,VPRAQYXPZIFIOH-UHFFFAOYSA-N,VPRAQYXPZIFIOH,VPRAQYXPZIFIOH,resolved,C#CCN1CC(=O)N(COC(=O)C2C(C=C(C)C)C2(C)C)C1=O,1,3,1,1,1
771,771,86268,Flusulfamide (Ref: MTF 651),106917-52-6,O=[N+]([O-])c1ccc(NS(=O)(=O)c2ccc(Cl)c(C(F)(F)F)c2)c(Cl)c1,GNVDAZSPJWCIQZ-UHFFFAOYSA-N,GNVDAZSPJWCIQZ,GNVDAZSPJWCIQZ,resolved,O=[N+]([O-])c1ccc(NS(=O)(=O)c2ccc(Cl)c(C(F)(F)F)c2)c(Cl)c1,1,1,1,0,0
772,772,177161,6-chloro-3-pyridinemethanol,21543-49-7,OCc1ccc(Cl)nc1,GOXYBEXWMJZLJB-UHFFFAOYSA-N,GOXYBEXWMJZLJB,GOXYBEXWMJZLJB,resolved,OCc1ccc(Cl)nc1,1,1,1,0,0
773,773,3444,Bromuconazole (Ref: LS 860263),116255-48-2,Clc1ccc(C2(Cn3cncn3)CC(Br)CO2)c(Cl)c1,HJJVPARKXDDIQD-UHFFFAOYSA-N,HJJVPARKXDDIQD,HJJVPARKXDDIQD,resolved,Clc1ccc(C2(Cn3cncn3)CC(Br)CO2)c(Cl)c1,1,1,1,0,0
774,774,86296,Mepanipyrim (Ref: KUF 6201),110235-47-7,CC#Cc1cc(C)nc(Nc2ccccc2)n1,CIFWZNRJIBNXRE-UHFFFAOYSA-N,CIFWZNRJIBNXRE,CIFWZNRJIBNXRE,resolved,CC#Cc1cc(C)nc(Nc2ccccc2)n1,1,1,1,0,0
775,775,36867,Orbencarb (Ref: B-3356),34622-58-7,CCN(CC)C(=O)SCc1ccccc1Cl,LLLFASISUZUJEQ-UHFFFAOYSA-N,LLLFASISUZUJEQ,LLLFASISUZUJEQ,resolved,CCN(CC)C(=O)SCc1ccccc1Cl,1,0,0,0,0
776,776,92058,Oryctalure,56196-53-3,CCCCC(C)CCC(=O)OCC,GXARNRCIGKRBAP-UHFFFAOYSA-N,GXARNRCIGKRBAP,GXARNRCIGKRBAP,resolved,CCCCC(C)CCC(=O)OCC,1,1,1,0,0
777,777,9576091,Alanycarb,83130-01-2,CCOC(=O)CCN(Cc1ccccc1)SN(C)C(=O)ON=C(C)SC,GMAUQNJOSOMMHI-UHFFFAOYSA-N,GMAUQNJOSOMMHI,GMAUQNJOSOMMHI,resolved,CCOC(=O)CCN(Cc1ccccc1)SN(C)C(=O)ON=C(C)SC,1,3,1,1,1
778,778,11057755,Flumorph (Ref: SYP L190),211867-47-9,COc1ccc(C(=CC(=O)N2CCOCC2)c2ccc(F)cc2)cc1OC,BKBSMMUEEAWFRX-UHFFFAOYSA-N,BKBSMMUEEAWFRX,BKBSMMUEEAWFRX,resolved,COc1ccc(C(=CC(=O)N2CCOCC2)c2ccc(F)cc2)cc1OC,1,0,0,0,0
779,779,11949285,Fenoxaprop-P (Ref: AE-F088406),113158-40-0,CC(Oc1ccc(Oc2nc3ccc(Cl)cc3o2)cc1)C(=O)O,MPPOHAUSNPTFAJ-UHFFFAOYSA-N,MPPOHAUSNPTFAJ,MPPOHAUSNPTFAJ,resolved,CC(Oc1ccc(Oc2nc3ccc(Cl)cc3o2)cc1)C(=O)O,1,1,1,0,0
780,780,4578030,Diofenolan (Ref: CGA 059205),63837-33-2,CCC1OCC(COc2ccc(Oc3ccccc3)cc2)O1,ZDOOQPFIGYHZFV-UHFFFAOYSA-N,ZDOOQPFIGYHZFV,ZDOOQPFIGYHZFV,resolved,CCC1OCC(COc2ccc(Oc3ccccc3)cc2)O1,1,1,1,0,0
781,781,86453,"3-Chloro-2-[[(5-ethoxy-7-fluoro[1,2,4]triazolo[1,5-c]pyrimidin-2-yl)sulfonyl]amino]benzoic acid, Methyl ester",147150-35-4,CCOc1nc(F)cc2nc(S(=O)(=O)Nc3c(Cl)cccc3C(=O)OC)nn12,BIKACRYIQSLICJ-UHFFFAOYSA-N,BIKACRYIQSLICJ,BIKACRYIQSLICJ,resolved,CCOc1nc(F)cc2nc(S(=O)(=O)Nc3c(Cl)cccc3C(=O)OC)nn12,1,1,1,0,0
782,782,93541,"N-[[[3-Chloro-4-[1,1,2-trifluoro-2-(trifluoromethoxy)ethoxy]phenyl]amino]carbonyl]-2,6-difluorobenzamide",116714-46-6,O=C(NC(=O)c1c(F)cccc1F)Nc1ccc(OC(F)(F)C(F)OC(F)(F)F)c(Cl)c1,NJPPVKZQTLUDBO-UHFFFAOYSA-N,NJPPVKZQTLUDBO,NJPPVKZQTLUDBO,resolved,O=C(NC(=O)c1c(F)cccc1F)Nc1ccc(OC(F)(F)C(F)OC(F)(F)F)c(Cl)c1,1,0,0,0,0
783,783,94498,Oxadiargyl (Ref: RP 020630 ),39807-15-3,C#CCOc1cc(-n2nc(C(C)(C)C)oc2=O)c(Cl)cc1Cl,DVOODWOZJVJKQR-UHFFFAOYSA-N,DVOODWOZJVJKQR,DVOODWOZJVJKQR,resolved,C#CCOc1cc(-n2nc(C(C)(C)C)oc2=O)c(Cl)cc1Cl,1,0,0,0,0
784,784,6451139,Pyrimidifen,105779-78-0,CCOCCc1ccc(OCCNc2ncnc(CC)c2Cl)c(C)c1C,ITKAIUGKVKDENI-UHFFFAOYSA-N,ITKAIUGKVKDENI,ITKAIUGKVKDENI,resolved,CCOCCc1ccc(OCCNc2ncnc(CC)c2Cl)c(C)c1C,1,3,1,1,1
785,785,3317081,Epoxiconazole (Ref: BAS 480F),135319-73-2,Fc1ccc(C2(Cn3cncn3)OC2c2ccccc2Cl)cc1,ZMYFCFLJBGAQRS-UHFFFAOYSA-N,ZMYFCFLJBGAQRS,ZMYFCFLJBGAQRS,resolved,Fc1ccc(C2(Cn3cncn3)OC2c2ccccc2Cl)cc1,1,1,1,0,0
786,786,86367,Cyprodinil (Ref: CGA 219417),121552-61-2,Cc1cc(C2CC2)nc(Nc2ccccc2)n1,HAORKNGNJCEJBX-UHFFFAOYSA-N,HAORKNGNJCEJBX,HAORKNGNJCEJBX,resolved,Cc1cc(C2CC2)nc(Nc2ccccc2)n1,1,1,1,0,0
787,787,86160,"8-(1,1-Dimethylethyl)-N-ethyl-N-propyl-1,4-dioxaspiro[4.5]decane-2-methanamine",118134-30-8,CCCN(CC)CC1COC2(CCC(C(C)(C)C)CC2)O1,PUYXTUJWRLOUCW-UHFFFAOYSA-N,PUYXTUJWRLOUCW,PUYXTUJWRLOUCW,resolved,CCCN(CC)CC1COC2(CCC(C(C)(C)C)CC2)O1,1,2,1,1,0
788,788,91751,"N-[[(4-Methoxy-6-methyl-1,3,5-triazin-2-yl)amino]carbonyl]-2-(3,3,3-trifluoropropyl)benzenesulfonamide",94125-34-5,COc1nc(C)nc(NC(=O)NS(=O)(=O)c2ccccc2CCC(F)(F)F)n1,LTUNNEGNEKBSEH-UHFFFAOYSA-N,LTUNNEGNEKBSEH,LTUNNEGNEKBSEH,resolved,COc1nc(C)nc(NC(=O)NS(=O)(=O)c2ccccc2CCC(F)(F)F)n1,1,1,1,0,0
789,789,185020,Butathiofos (Ref: Dowco 429),90338-20-8,CCOP(=S)(OCC)Oc1cnc(C(C)(C)C)nc1,YMTQHWMPGDSBOD-UHFFFAOYSA-N,YMTQHWMPGDSBOD,YMTQHWMPGDSBOD,resolved,CCOP(=S)(OCC)Oc1cnc(C(C)(C)C)nc1,1,3,1,1,1
790,790,213021,Acetamiprid,135410-20-7,CC(=NC#N)N(C)Cc1ccc(Cl)nc1,WCXDHFDTOYPNIE-UHFFFAOYSA-N,WCXDHFDTOYPNIE,WCXDHFDTOYPNIE,resolved,CC(=NC#N)N(C)Cc1ccc(Cl)nc1,1,2,1,1,0
791,791,213032,"5-Methyl-5-(4-phenoxyphenyl)-3-(phenylamino)-2,4-oxazolidinedione",131807-57-3,CC1(c2ccc(Oc3ccccc3)cc2)OC(=O)N(Nc2ccccc2)C1=O,PCCSBWNGDMYFCW-UHFFFAOYSA-N,PCCSBWNGDMYFCW,PCCSBWNGDMYFCW,resolved,CC1(c2ccc(Oc3ccccc3)cc2)OC(=O)N(Nc2ccccc2)C1=O,1,2,1,1,0
792,792,3034287,"(1E)-N-[(6-Chloro-3-pyridinyl)methyl]-N-ethyl-N'-methyl-2-nitro-1,1-ethenediamine",150824-47-8,CCN(Cc1ccc(Cl)nc1)C(=C[N+](=O)[O-])NC,CFRPSFYHXJZSBI-UHFFFAOYSA-N,CFRPSFYHXJZSBI,CFRPSFYHXJZSBI,resolved,CCN(Cc1ccc(Cl)nc1)C(=C[N+](=O)[O-])NC,1,3,1,1,1
793,793,92421,"4-(Cyclopropylhydroxymethylene)-3,5-dioxocyclohexanecarboxylic acid ethyl ester",95266-40-3,CCOC(=O)C1CC(=O)C(=C(O)C2CC2)C(=O)C1,RVKCCVTVZORVGD-UHFFFAOYSA-N,RVKCCVTVZORVGD,RVKCCVTVZORVGD,resolved,CCOC(=O)C1CC(=O)C(=C(O)C2CC2)C(=O)C1,1,0,0,0,0
794,794,153974,"2-(2,6-Difluorophenyl)-4-[4-(1,1-dimethylethyl)-2-ethoxyphenyl]-4,5-dihydrooxazole",153233-91-1,CCOc1cc(C(C)(C)C)ccc1C1COC(c2c(F)cccc2F)=N1,IXSZQYVWNJNRAL-UHFFFAOYSA-N,IXSZQYVWNJNRAL,IXSZQYVWNJNRAL,resolved,CCOc1cc(C(C)(C)C)ccc1C1COC(c2c(F)cccc2F)=N1,1,0,0,0,0
795,795,84098,Isoxaflutole (Ref: RPA 201772),141112-29-0,CS(=O)(=O)c1cc(C(F)(F)F)ccc1C(=O)c1cnoc1C1CC1,OYIKARCXOQLFHF-UHFFFAOYSA-N,OYIKARCXOQLFHF,OYIKARCXOQLFHF,resolved,CS(=O)(=O)c1cc(C(F)(F)F)ccc1C(=O)c1cnoc1C1CC1,1,1,1,0,0
796,796,92414,Flumiclorac,87547-04-4,O=C(O)COc1cc(N2C(=O)C3=C(CCCC3)C2=O)c(F)cc1Cl,GQQIAHNFBAFBCS-UHFFFAOYSA-N,GQQIAHNFBAFBCS,GQQIAHNFBAFBCS,resolved,O=C(O)COc1cc(N2C(=O)C3=C(CCCC3)C2=O)c(F)cc1Cl,1,0,0,0,0
797,797,53395436,"(1E)-[2-[[6-(2-Chlorophenoxy)-5-fluoro-4-pyrimidinyl]oxy]phenyl](5,6-dihydro-1,4,2-dioxazin-3-yl)-methanone, O-Methyloxime",361377-29-9,CON=C(C1=NOCCO1)c1ccccc1Oc1ncnc(Oc2ccccc2Cl)c1F,UFEODZBUAFNAEU-UHFFFAOYSA-N,UFEODZBUAFNAEU,UFEODZBUAFNAEU,resolved,CON=C(C1=NOCCO1)c1ccccc1Oc1ncnc(Oc2ccccc2Cl)c1F,1,1,1,0,0
798,798,86353,Flupoxam (Ref: MON 18500),119126-15-7,NC(=O)c1nc(-c2ccccc2)n(-c2ccc(Cl)c(COCC(F)(F)C(F)(F)F)c2)n1,AOQMRUTZEYVDIL-UHFFFAOYSA-N,AOQMRUTZEYVDIL,AOQMRUTZEYVDIL,resolved,NC(=O)c1nc(-c2ccccc2)n(-c2ccc(Cl)c(COCC(F)(F)C(F)(F)F)c2)n1,1,1,1,0,0
799,799,153920,"4-Amino-N-(1,1-dimethylethyl)-4,5-dihydro-3-(1-methylethyl)-5-oxo-1H-1,2,4-triazole-1-carboxamide",129909-90-6,CC(C)c1nn(C(=O)NC(C)(C)C)c(=O)n1N,ORFPWVRKFLOQHK-UHFFFAOYSA-N,ORFPWVRKFLOQHK,ORFPWVRKFLOQHK,resolved,CC(C)c1nn(C(=O)NC(C)(C)C)c(=O)n1N,1,0,0,0,0
800,800,10130527,"1-[(6-Chloro-3-pyridinyl)methyl]-4,5-dihydro-1H-imidazol-2-amine",115970-17-7,NC1=NCCN1Cc1ccc(Cl)nc1,UEQZFAGVRGWPDK-UHFFFAOYSA-N,UEQZFAGVRGWPDK,UEQZFAGVRGWPDK,resolved,NC1=NCCN1Cc1ccc(Cl)nc1,1,3,1,1,1
801,801,11693711,"(5-Hydroxy-1,3-dimethyl-1H-pyrazol-4-yl)[2-(methylsulfonyl)-4-(trifluoromethyl)phenyl]methanone",365400-11-9,Cc1[nH]n(C)c(=O)c1C(=O)c1ccc(C(F)(F)F)cc1S(C)(=O)=O,CZRVDACSCJKRFL-UHFFFAOYSA-N,CZRVDACSCJKRFL,CZRVDACSCJKRFL,resolved,Cc1[nH]n(C)c(=O)c1C(=O)c1ccc(C(F)(F)F)cc1S(C)(=O)=O,1,1,1,0,0
802,802,11409499,Mesosulfuron-methyl (Ref: AE F130060),208465-21-8,COC(=O)c1ccc(CNS(C)(=O)=O)cc1S(=O)(=O)NC(=O)Nc1nc(OC)cc(OC)n1,NIFKBBMCXCMCAO-UHFFFAOYSA-N,NIFKBBMCXCMCAO,NIFKBBMCXCMCAO,resolved,COC(=O)c1ccc(CNS(C)(=O)=O)cc1S(=O)(=O)NC(=O)Nc1nc(OC)cc(OC)n1,1,1,1,0,0
803,803,132910,Flupyrsulfuron,150315-10-9,COc1cc(OC)nc(NC(=O)NS(=O)(=O)c2nc(C(F)(F)F)ccc2C(=O)O)n1,HCNBYBFTNHEQQJ-UHFFFAOYSA-N,HCNBYBFTNHEQQJ,HCNBYBFTNHEQQJ,resolved,COc1cc(OC)nc(NC(=O)NS(=O)(=O)c2nc(C(F)(F)F)ccc2C(=O)O)n1,1,1,1,0,0
804,804,11292824,4-Chloro-N-[2-[3-methoxy-4-(2-propynyloxy)phenyl]ethyl]-alpha-(2-propynyloxy)benzeneacetamide,374726-62-2,C#CCOc1ccc(CCNC(=O)C(OCC#C)c2ccc(Cl)cc2)cc1OC,KWLVWJPJKJMCSH-UHFFFAOYSA-N,KWLVWJPJKJMCSH,KWLVWJPJKJMCSH,resolved,C#CCOc1ccc(CCNC(=O)C(OCC#C)c2ccc(Cl)cc2)cc1OC,1,0,0,0,0
805,805,182951,2-[2-Chloro-5-[4-chloro-5-(difluoromethoxy)-1-methyl-1H-pyrazol-3-yl]-4-fluorophenoxy]acetic acid ethyl ester,129630-19-9,CCOC(=O)COc1cc(-c2nn(C)c(OC(F)F)c2Cl)c(F)cc1Cl,APTZNLHMIGJTEW-UHFFFAOYSA-N,APTZNLHMIGJTEW,APTZNLHMIGJTEW,resolved,CCOC(=O)COc1cc(-c2nn(C)c(OC(F)F)c2Cl)c(F)cc1Cl,1,1,1,0,0
806,806,53297381,Benthiavalicarb-isopropyl (Ref: KIF-230),177406-68-7,CC(C)OC(=O)NC(C(=O)NC(C)c1nc2ccc(F)cc2s1)C(C)C,USRKFGIXLGKMKU-UHFFFAOYSA-N,USRKFGIXLGKMKU,USRKFGIXLGKMKU,resolved,CC(C)OC(=O)NC(C(=O)NC(C)c1nc2ccc(F)cc2s1)C(C)C,1,1,1,0,0
807,807,18772468,Fluthiacet,149253-65-6,O=C(O)CSc1cc(N=c2sc(=O)n3n2CCCC3)c(F)cc1Cl,XWROTTLWMHCFEC-UHFFFAOYSA-N,XWROTTLWMHCFEC,XWROTTLWMHCFEC,resolved,O=C(O)CSc1cc(N=c2sc(=O)n3n2CCCC3)c(F)cc1Cl,1,1,1,0,0
808,808,443029,Azafenidin,68049-83-2,C#CCOc1cc(-n2nc3n(c2=O)CCCC3)c(Cl)cc1Cl,XOEMATDHVZOBSG-UHFFFAOYSA-N,XOEMATDHVZOBSG,XOEMATDHVZOBSG,resolved,C#CCOc1cc(-n2nc3n(c2=O)CCCC3)c(Cl)cc1Cl,1,1,1,0,0
809,809,213031,Fenhexamid (Ref: KBR 2738),126833-17-8,CC1(C(=O)Nc2ccc(O)c(Cl)c2Cl)CCCCC1,VDLGAVXLJYLFDH-UHFFFAOYSA-N,VDLGAVXLJYLFDH,VDLGAVXLJYLFDH,resolved,CC1(C(=O)Nc2ccc(O)c(Cl)c2Cl)CCCCC1,1,0,0,0,0
810,810,105048,Glyphosate-trimesium,81591-81-3,C[S+](C)C.O=C(O)CNCP(=O)([O-])O,RUCAXVJJQQJZGU-UHFFFAOYSA-M,RUCAXVJJQQJZGU,XDDAORKBJWWYJS,resolved,C[S+](C)C.O=C(O)CNCP(=O)([O-])O,2,0,0,0,0
811,811,5851439,Cinidon-ethyl (Ref: BAS 615H),142891-20-1,CCOC(=O)C(Cl)=Cc1cc(N2C(=O)C3=C(CCCC3)C2=O)ccc1Cl,NNKKTZOEKDFTBU-UHFFFAOYSA-N,NNKKTZOEKDFTBU,NNKKTZOEKDFTBU,resolved,CCOC(=O)C(Cl)=Cc1cc(N2C(=O)C3=C(CCCC3)C2=O)ccc1Cl,1,0,0,0,0
812,812,12001831,Prohexadione-calcium (Ref: BAS 125W),127277-53-6,CCC([O-])=C1C(=O)CC(C(=O)[O-])CC1=O.[Ca+2],NLKUPINTOLSSLD-UHFFFAOYSA-L,NLKUPINTOLSSLD,HLVQZEMFVYGIGH,resolved,CCC([O-])=C1C(=O)CC(C(=O)[O-])CC1=O.[Ca+2],2,1,1,0,0
813,813,210326,"2,2-Dimethylpropanoic acid  8-(2,6-diethyl-4-methylphenyl)-1,2,4,5- tetrahydro-7-oxo-7H-pyrazolo[1,2-d][1,4,5]oxadiazepin-9-yl ester",243973-20-8,CCc1cc(C)cc(CC)c1-c1c(OC(=O)C(C)(C)C)n2n(c1=O)CCOCC2,MGOHCFMYLBAPRN-UHFFFAOYSA-N,MGOHCFMYLBAPRN,MGOHCFMYLBAPRN,resolved,CCc1cc(C)cc(CC)c1-c1c(OC(=O)C(C)(C)C)n2n(c1=O)CCOCC2,1,1,1,0,0
814,814,6436606,Acrinathrin (Ref: RU 38702),101007-06-1,CC1(C)C(C=CC(=O)OC(C(F)(F)F)C(F)(F)F)C1C(=O)OC(C#N)c1cccc(Oc2ccccc2)c1,YLFSVIMMRPNPFK-UHFFFAOYSA-N,YLFSVIMMRPNPFK,YLFSVIMMRPNPFK,resolved,CC1(C)C(C=CC(=O)OC(C(F)(F)F)C(F)(F)F)C1C(=O)OC(C#N)c1cccc(Oc2ccccc2)c1,1,3,1,1,1
815,815,11714234,Pentoxazone (Ref: KPP-314),110956-75-7,CC(C)=C1OC(=O)N(c2cc(OC3CCCC3)c(Cl)cc2F)C1=O,JZPKLLLUDLHCEL-UHFFFAOYSA-N,JZPKLLLUDLHCEL,JZPKLLLUDLHCEL,resolved,CC(C)=C1OC(=O)N(c2cc(OC3CCCC3)c(Cl)cc2F)C1=O,1,1,1,0,0
816,816,12056760,Flucarbazone-sodium (Ref: BAY MKH 6562),181274-17-9,COc1nn(C([O-])=NS(=O)(=O)c2ccccc2OC(F)(F)F)c(=O)n1C.[Na+],UOUXAYAIONPXDH-UHFFFAOYSA-M,UOUXAYAIONPXDH,GINFBXXYGUODAT,resolved,COc1nn(C([O-])=NS(=O)(=O)c2ccccc2OC(F)(F)F)c(=O)n1C.[Na+],2,0,0,0,0
817,817,9862076,"4-Chloro-2-cyano-N,N-dimethyl-5-(4-methylphenyl)-1H-imidazole-1-sulfonamide",120116-88-3,Cc1ccc(-c2c(Cl)nc(C#N)n2S(=O)(=O)N(C)C)cc1,YXKMMRDKEKCERS-UHFFFAOYSA-N,YXKMMRDKEKCERS,YXKMMRDKEKCERS,resolved,Cc1ccc(-c2c(Cl)nc(C#N)n2S(=O)(=O)N(C)C)cc1,1,1,1,0,0
818,818,443229,"alpha,2-Dichloro-5-[4-(difluoromethyl)-4,5-dihydro-3-methyl-5-oxo-1H-1,2,4-triazol-1-yl]-4-fluorobenzenepropanoic acid",128621-72-7,Cc1nn(-c2cc(CC(Cl)C(=O)O)c(Cl)cc2F)c(=O)n1C(F)F,YHKBGVDUSSWOAB-UHFFFAOYSA-N,YHKBGVDUSSWOAB,YHKBGVDUSSWOAB,resolved,Cc1nn(-c2cc(CC(Cl)C(=O)O)c(Cl)cc2F)c(=O)n1C(F)F,1,0,0,0,0
819,819,11784975,"2-(2,2-Difluoroethoxy)-N-(5,8-dimethoxy[1,2,4]triazolo[1,5-c]pyrimidin-2-yl)-6-(trifluoromethyl)benzenesulfonamide",219714-96-2,COc1cnc(OC)n2nc(NS(=O)(=O)c3c(OCC(F)F)cccc3C(F)(F)F)nc12,SYJGKVOENHZYMQ-UHFFFAOYSA-N,SYJGKVOENHZYMQ,SYJGKVOENHZYMQ,resolved,COc1cnc(OC)n2nc(NS(=O)(=O)c3c(OCC(F)F)cccc3C(F)(F)F)nc12,1,1,1,0,0
820,820,11419598,Foramsulfuron (Ref: AE F130360),173159-57-4,COc1cc(OC)nc(NC(=O)NS(=O)(=O)c2cc(NC=O)ccc2C(=O)N(C)C)n1,PXDNXJSDGQBLKS-UHFFFAOYSA-N,PXDNXJSDGQBLKS,PXDNXJSDGQBLKS,resolved,COc1cc(OC)nc(NC(=O)NS(=O)(=O)c2cc(NC=O)ccc2C(=O)N(C)C)n1,1,1,1,0,0
821,821,11097730,"1-[[(2,4-Dichlorophenyl)amino]carbonyl]cyclopropane carboxylic acid",113136-77-9,O=C(O)C1(C(=O)Nc2ccc(Cl)cc2Cl)CC1,GLWWLNJJJCTFMZ-UHFFFAOYSA-N,GLWWLNJJJCTFMZ,GLWWLNJJJCTFMZ,resolved,O=C(O)C1(C(=O)Nc2ccc(Cl)cc2Cl)CC1,1,1,1,0,0
822,828,86211,"2-[(4-Chlorophenyl)methyl]-5-(1-methylethyl)-1-(1H-1,2,4-triazol-1-ylmethyl)cyclopentanol",125225-28-7,CC(C)C1CCC(Cc2ccc(Cl)cc2)C1(O)Cn1cncn1,QTYCMDBMOLSEAM-UHFFFAOYSA-N,QTYCMDBMOLSEAM,QTYCMDBMOLSEAM,resolved,CC(C)C1CCC(Cc2ccc(Cl)cc2)C1(O)Cn1cncn1,1,1,1,0,0
823,829,11488729,Pyridalyl (Ref: S-1812),179101-81-6,FC(F)(F)c1ccc(OCCCOc2c(Cl)cc(OCC=C(Cl)Cl)cc2Cl)nc1,AEHJMNVBLRLZKK-UHFFFAOYSA-N,AEHJMNVBLRLZKK,AEHJMNVBLRLZKK,resolved,FC(F)(F)c1ccc(OCCCOc2c(Cl)cc(OCC=C(Cl)Cl)cc2Cl)nc1,1,1,1,0,0
824,830,107646,"3-[(2-Chloro-5-thiazolyl)methyl]tetrahydro-5-methyl-N-nitro-4H-1,3,5-oxadiazin-4-imine",153719-23-4,CN1COCN(Cc2cnc(Cl)s2)C1=N[N+](=O)[O-],NWWZPOKUUAIXIW-UHFFFAOYSA-N,NWWZPOKUUAIXIW,NWWZPOKUUAIXIW,resolved,CN1COCN(Cc2cnc(Cl)s2)C1=N[N+](=O)[O-],1,3,1,1,1
825,831,115224,[N(Z)]-N-[3-[(6-Chloro-3-pyridinyl)methyl]-2-thiazolidinylidene]cyanamide,111988-49-9,N#CN=C1SCCN1Cc1ccc(Cl)nc1,HOKKPVIRMVDYPB-UHFFFAOYSA-N,HOKKPVIRMVDYPB,HOKKPVIRMVDYPB,resolved,N#CN=C1SCCN1Cc1ccc(Cl)nc1,1,1,1,0,0
826,832,5483872,Phthalide (Ref: BAY 96610),27355-22-2,O=C1OCc2c(Cl)c(Cl)c(Cl)c(Cl)c21,NMWKWBPNKPGATC-UHFFFAOYSA-N,NMWKWBPNKPGATC,NMWKWBPNKPGATC,resolved,O=C1OCc2c(Cl)c(Cl)c(Cl)c(Cl)c21,1,0,0,0,0
827,833,86210,"5-[(4-Chlorophenyl)methyl]-2,2-dimethyl-1-(1H-1,2,4-triazol-1-ylmethyl)cyclopentanol",125116-23-6,CC1(C)CCC(Cc2ccc(Cl)cc2)C1(O)Cn1cncn1,XWPZUHJBOLQNMN-UHFFFAOYSA-N,XWPZUHJBOLQNMN,XWPZUHJBOLQNMN,resolved,CC1(C)CCC(Cc2ccc(Cl)cc2)C1(O)Cn1cncn1,1,1,1,0,0
