TrainOrder,Index,CID,name,CAS,SMILES,inchikey,connectivity,parent_connectivity,parent_status,canonical_smiles,fragments,Tier,Y100,Y11,Y1
0,0,971,Ethanedioic acid,144-62-7,O=C(O)C(=O)O,MUBZPKHOEPUJKR-UHFFFAOYSA-N,MUBZPKHOEPUJKR,MUBZPKHOEPUJKR,resolved,O=C(O)C(=O)O,1,0,0,0,0
1,1,7463,Para-cymene,99-87-6,Cc1ccc(C(C)C)cc1,HFPZCAJZSCWRBC-UHFFFAOYSA-N,HFPZCAJZSCWRBC,HFPZCAJZSCWRBC,resolved,Cc1ccc(C(C)C)cc1,1,1,1,0,0
2,2,24261,Kieselguhr,61790-53-2,O=[Si]=O,VYPSYNLAJGMNEJ-UHFFFAOYSA-N,VYPSYNLAJGMNEJ,VYPSYNLAJGMNEJ,resolved,O=[Si]=O,1,0,0,0,0
3,3,243,Benzoic acid,65-85-0,O=C(O)c1ccccc1,WPYMKLBDIGXBTP-UHFFFAOYSA-N,WPYMKLBDIGXBTP,WPYMKLBDIGXBTP,resolved,O=C(O)c1ccccc1,1,1,1,0,0
4,5,12901,"S-[(1,3-Dihydro-1,3-dioxo-2H-isoindol-2-yl)methyl]O,O-dimethyl ester, Phosphorodithioic acid",732-11-6,COP(=S)(OC)SCN1C(=O)c2ccccc2C1=O,LMNZTLDVJIUSHT-UHFFFAOYSA-N,LMNZTLDVJIUSHT,LMNZTLDVJIUSHT,resolved,COP(=S)(OC)SCN1C(=O)c2ccccc2C1=O,1,2,1,1,0
5,6,637566,"(2E)-3,7-Dimethyl-2,6-octadien-1-ol",106-24-1,CC(C)=CCCC(C)=CCO,GLZPCOQZEFWAFX-UHFFFAOYSA-N,GLZPCOQZEFWAFX,GLZPCOQZEFWAFX,resolved,CC(C)=CCCC(C)=CCO,1,1,1,0,0
6,7,10112,Calcium carbonate,471-34-1,O=C([O-])[O-].[Ca+2],VTYYLEPIZMXCLO-UHFFFAOYSA-L,VTYYLEPIZMXCLO,BVKZGUZCCUSVTD,resolved,O=C([O-])[O-].[Ca+2],2,0,0,0,0
7,8,22311,Orange oil,8028-48-6,C=C(C)C1CC=C(C)CC1,XMGQYMWWDOXHJM-UHFFFAOYSA-N,XMGQYMWWDOXHJM,XMGQYMWWDOXHJM,resolved,C=C(C)C1CC=C(C)CC1,1,1,1,0,0
8,9,4875,Potassium iodide,7681-11-0,[I-].[K+],NLKNQRATVPKPDG-UHFFFAOYSA-M,NLKNQRATVPKPDG,XMBWDFGMSWQBCA,resolved,[I-].[K+],2,3,1,1,1
9,10,16422,Bromophos,2104-96-3,COP(=S)(OC)Oc1cc(Cl)c(Br)cc1Cl,NYQDCVLCJXRDSK-UHFFFAOYSA-N,NYQDCVLCJXRDSK,NYQDCVLCJXRDSK,resolved,COP(=S)(OC)Oc1cc(Cl)c(Br)cc1Cl,1,3,1,1,1
10,11,89594,Nicotine,54-11-5,CN1CCCC1c1cccnc1,SNICXCGAKADSCV-UHFFFAOYSA-N,SNICXCGAKADSCV,SNICXCGAKADSCV,resolved,CN1CCCC1c1cccnc1,1,1,1,0,0
11,12,516872,Potassium thiocyanate,333-20-0,N#C[S-].[K+],ZNNZYHKDIALBAK-UHFFFAOYSA-M,ZNNZYHKDIALBAK,ZMZDMBWJUHKJPS,resolved,N#C[S-].[K+],2,3,1,1,1
12,13,24826,"Sulfuric acid, Iron(3+) salt (3:2)",10028-22-5,O=S(=O)([O-])[O-].O=S(=O)([O-])[O-].O=S(=O)([O-])[O-].[Fe+3].[Fe+3],RUTXIHLAWFEWGM-UHFFFAOYSA-H,RUTXIHLAWFEWGM,QAOWNCQODCNURD,resolved,O=S(=O)([O-])[O-].O=S(=O)([O-])[O-].O=S(=O)([O-])[O-].[Fe+3].[Fe+3],5,1,1,0,0
13,14,234,Arsenic acid,7778-39-4,O=[As](O)(O)O,DJHGAFSJWGLOIV-UHFFFAOYSA-N,DJHGAFSJWGLOIV,DJHGAFSJWGLOIV,resolved,O=[As](O)(O)O,1,2,1,1,0
14,15,727,"(1alpha,2alpha,3beta,4alpha,5alpha,6beta)-1,2,3,4,5,6-Hexachlorocyclohexane",58-89-9,ClC1C(Cl)C(Cl)C(Cl)C(Cl)C1Cl,JLYXXMFPNIAWKQ-UHFFFAOYSA-N,JLYXXMFPNIAWKQ,JLYXXMFPNIAWKQ,resolved,ClC1C(Cl)C(Cl)C(Cl)C(Cl)C1Cl,1,3,1,1,1
15,18,14830,Copper (I) oxide,1317-39-1,O.[Cu].[Cu],LBJNMUFDOHXDFG-UHFFFAOYSA-N,LBJNMUFDOHXDFG,XLYOFNOQVPJJNP,resolved,O.[Cu].[Cu],3,1,1,0,0
16,19,3039,"Phosphoric acid 2,2-dichloroethenyl dimethyl ester",62-73-7,COP(=O)(OC)OC=C(Cl)Cl,OEBRKCOSUFCWJD-UHFFFAOYSA-N,OEBRKCOSUFCWJD,OEBRKCOSUFCWJD,resolved,COP(=O)(OC)OC=C(Cl)Cl,1,3,1,1,1
17,22,5355863,"3-[(Dimethoxyphosphinyl)oxy]-2-butenoic acid, Methyl ester",7786-34-7,COC(=O)C=C(C)OP(=O)(OC)OC,GEPDYQSQVLXLEU-UHFFFAOYSA-N,GEPDYQSQVLXLEU,GEPDYQSQVLXLEU,resolved,COC(=O)C=C(C)OP(=O)(OC)OC,1,3,1,1,1
18,23,27982,(2-Chloroethyl)phosphonic acid,16672-87-0,O=P(O)(O)CCCl,UDPGUMQDCGORJQ-UHFFFAOYSA-N,UDPGUMQDCGORJQ,UDPGUMQDCGORJQ,resolved,O=P(O)(O)CCCl,1,1,1,0,0
19,25,11145,Neburon,555-37-3,CCCCN(C)C(=O)Nc1ccc(Cl)c(Cl)c1,CCGPUGMWYLICGL-UHFFFAOYSA-N,CCGPUGMWYLICGL,CCGPUGMWYLICGL,resolved,CCCCN(C)C(=O)Nc1ccc(Cl)c(Cl)c1,1,1,1,0,0
20,26,24580,"Sulfuric acid, Manganese(2+) salt (1:1)",7785-87-7,O=S(=O)([O-])[O-].[Mn+2],SQQMAOCOWKFBNP-UHFFFAOYSA-L,SQQMAOCOWKFBNP,QAOWNCQODCNURD,resolved,O=S(=O)([O-])[O-].[Mn+2],2,1,1,0,0
21,27,992,"2,3,4,5,6-Pentachlorophenol",87-86-5,Oc1c(Cl)c(Cl)c(Cl)c(Cl)c1Cl,IZUPBVBPLAPZRR-UHFFFAOYSA-N,IZUPBVBPLAPZRR,IZUPBVBPLAPZRR,resolved,Oc1c(Cl)c(Cl)c(Cl)c(Cl)c1Cl,1,1,1,0,0
22,28,985,Hexadecanoic acid,57-10-3,CCCCCCCCCCCCCCCC(=O)O,IPCSVZSSVZVIGE-UHFFFAOYSA-N,IPCSVZSSVZVIGE,IPCSVZSSVZVIGE,resolved,CCCCCCCCCCCCCCCC(=O)O,1,1,1,0,0
23,29,24014,Copper II chloride,7447-39-4,Cl[Cu]Cl,ORTQZVOHEJQUHG-UHFFFAOYSA-L,ORTQZVOHEJQUHG,JPVYNHNXODAKFH,resolved,[Cl][Cu][Cl],1,1,1,0,0
24,30,9864,"Cyanamide (Ref: LH 21,810A)",420-04-2,N#CN,XZMCDFZZKTWFGF-UHFFFAOYSA-N,XZMCDFZZKTWFGF,XZMCDFZZKTWFGF,resolved,N#CN,1,2,1,1,0
25,31,785,Hydroquinone,123-31-9,Oc1ccc(O)cc1,QIGBRXMKCJKVMJ-UHFFFAOYSA-N,QIGBRXMKCJKVMJ,QIGBRXMKCJKVMJ,resolved,Oc1ccc(O)cc1,1,0,0,0,0
26,34,17110,N-Dodecylguanidine acetate (1:1),2439-10-3,CC(=O)O.CCCCCCCCCCCCN=C(N)N,YIKWKLYQRFRGPM-UHFFFAOYSA-N,YIKWKLYQRFRGPM,HILAYQUKKYWPJW,resolved,CC(=O)O.CCCCCCCCCCCCN=C(N)N,2,0,0,0,0
27,35,3030,"3,6-Dichloro-2-methyoxybenzoic acid",1918-00-9,COc1c(Cl)ccc(Cl)c1C(=O)O,IWEDIXLBFLAXBO-UHFFFAOYSA-N,IWEDIXLBFLAXBO,IWEDIXLBFLAXBO,resolved,COc1c(Cl)ccc(Cl)c1C(=O)O,1,1,1,0,0
28,36,30154,Copper (II) hydroxide,20427-59-2,[Cu+2].[OH-].[OH-],JJLJMEJHUUYSSY-UHFFFAOYSA-L,JJLJMEJHUUYSSY,XLYOFNOQVPJJNP,resolved,[Cu+2].[OH-].[OH-],3,1,1,0,0
29,37,27159,Cartap (Ref: TL 1258),22042-59-7,CN(C)C(CSC(N)=O)CSC(N)=O,IRUJZVNXZWPBMU-UHFFFAOYSA-N,IRUJZVNXZWPBMU,IRUJZVNXZWPBMU,resolved,CN(C)C(CSC(N)=O)CSC(N)=O,1,3,1,1,1
30,39,516893,Potassium bicarbonate,298-14-6,O=C([O-])O.[K+],TYJJADVDDVDEDZ-UHFFFAOYSA-M,TYJJADVDDVDEDZ,BVKZGUZCCUSVTD,resolved,O=C([O-])O.[K+],2,1,1,0,0
31,40,9502,"N'-(3,4-Dichlorophenyl)-N-methoxy-N-methylurea",330-55-2,CON(C)C(=O)Nc1ccc(Cl)c(Cl)c1,XKJMBINCVNINCA-UHFFFAOYSA-N,XKJMBINCVNINCA,XKJMBINCVNINCA,resolved,CON(C)C(=O)Nc1ccc(Cl)c(Cl)c1,1,0,0,0,0
32,41,3314,Eugenol,97-53-0,C=CCc1ccc(O)c(OC)c1,RRAFCDWBNXTKKO-UHFFFAOYSA-N,RRAFCDWBNXTKKO,RRAFCDWBNXTKKO,resolved,C=CCc1ccc(O)c(OC)c1,1,0,0,0,0
33,42,24456,Calcium phosphate,10103-46-5,O=P([O-])([O-])[O-].O=P([O-])([O-])[O-].[Ca+2].[Ca+2].[Ca+2],QORWJWZARLRLPR-UHFFFAOYSA-H,QORWJWZARLRLPR,NBIIXXVUZAFLBC,resolved,O=P([O-])([O-])[O-].O=P([O-])([O-])[O-].[Ca+2].[Ca+2].[Ca+2],5,1,1,0,0
34,44,7862,Chloroethylmercury,107-27-7,CC[Hg]Cl,QWUGXIXRFGEYBD-UHFFFAOYSA-M,QWUGXIXRFGEYBD,QWUGXIXRFGEYBD,resolved,C[CH2][Hg][Cl],1,1,1,0,0
35,45,516902,"Chloric acid, Sodium salt (1:1)",7775-09-9,[Na+].[O-][Cl+2]([O-])[O-],GQMRMFTXVUMSAU-UHFFFAOYSA-N,GQMRMFTXVUMSAU,LSUVGSGHYCLVPU,resolved,[Na+].[O-][Cl+2]([O-])[O-],2,1,1,0,0
36,46,441071,Strychnine,57-24-9,O=C1CC2OCC=C3CN4CCC56c7ccccc7N1C5C2C3CC46,QMGVPVSNSZLJIA-UHFFFAOYSA-N,QMGVPVSNSZLJIA,QMGVPVSNSZLJIA,resolved,O=C1CC2OCC=C3CN4CCC56c7ccccc7N1C5C2C3CC46,1,1,1,0,0
37,48,24947,Cadmium chloride (CdCl2),10108-64-2,Cl[Cd]Cl,YKYOUMDCQGMQQO-UHFFFAOYSA-L,YKYOUMDCQGMQQO,WLZRMCYVCSSEQC,resolved,[Cl][Cd][Cl],1,2,1,1,0
38,49,7150,"Benzoic acid, Methyl ester",93-58-3,COC(=O)c1ccccc1,QPJVMBTYPHYUOC-UHFFFAOYSA-N,QPJVMBTYPHYUOC,QPJVMBTYPHYUOC,resolved,COC(=O)c1ccccc1,1,0,0,0,0
39,50,8607,"2-[(Trichloromethyl)thio]-1H-isoindole-1,3(2H)dione",133-07-3,O=C1c2ccccc2C(=O)N1SC(Cl)(Cl)Cl,HKIOYBQGHSTUDB-UHFFFAOYSA-N,HKIOYBQGHSTUDB,HKIOYBQGHSTUDB,resolved,O=C1c2ccccc2C(=O)N1SC(Cl)(Cl)Cl,1,1,1,0,0
40,51,7439,Carvone,99-49-0,C=C(C)C1CC=C(C)C(=O)C1,ULDHMXUKGWMISQ-UHFFFAOYSA-N,ULDHMXUKGWMISQ,ULDHMXUKGWMISQ,resolved,C=C(C)C1CC=C(C)C(=O)C1,1,1,1,0,0
41,53,8174,1-decanol,112-30-1,CCCCCCCCCCO,MWKFXSUHUHTGQN-UHFFFAOYSA-N,MWKFXSUHUHTGQN,MWKFXSUHUHTGQN,resolved,CCCCCCCCCCO,1,1,1,0,0
42,54,10788,"Tetrahydro-3,5-dimethyl-2H-1,3,5-thiadiazine-2-thione",533-74-4,CN1CSC(=S)N(C)C1,QAYICIQNSGETAS-UHFFFAOYSA-N,QAYICIQNSGETAS,QAYICIQNSGETAS,resolved,CN1CSC(=S)N(C)C1,1,2,1,1,0
43,55,24861,Ferric phosphate,10045-86-0,O=P([O-])([O-])[O-].[Fe+3],WBJZTOZJJYAKHQ-UHFFFAOYSA-K,WBJZTOZJJYAKHQ,NBIIXXVUZAFLBC,resolved,O=P([O-])([O-])[O-].[Fe+3],2,1,1,0,0
44,56,4933,"N-(3,4-Dichlorophenyl)propanamide",709-98-8,CCC(=O)Nc1ccc(Cl)c(Cl)c1,LFULEKSKNZEWOE-UHFFFAOYSA-N,LFULEKSKNZEWOE,LFULEKSKNZEWOE,resolved,CCC(=O)Nc1ccc(Cl)c(Cl)c1,1,1,1,0,0
45,57,637511,Cinnamaldehyde,104-55-2,O=CC=Cc1ccccc1,KJPRLNWUNMBNBZ-UHFFFAOYSA-N,KJPRLNWUNMBNBZ,KJPRLNWUNMBNBZ,resolved,O=CC=Cc1ccccc1,1,1,1,0,0
46,61,12232,Dimethyl disulfide,624-92-0,CSSC,WQOXQRCZOLPYPM-UHFFFAOYSA-N,WQOXQRCZOLPYPM,WQOXQRCZOLPYPM,resolved,CSSC,1,1,1,0,0
47,62,6794,Diquat dibromide,85-00-7,[Br-].[Br-].c1cc[n+]2c(c1)-c1cccc[n+]1CC2,ODPOAESBSUKMHD-UHFFFAOYSA-L,ODPOAESBSUKMHD,SYJFEGQWDCRVNX,resolved,[Br-].[Br-].c1cc[n+]2c(c1)-c1cccc[n+]1CC2,3,1,1,0,0
48,63,1923,8-hydroxyquinoline,148-24-3,Oc1cccc2cccnc12,MCJGNVYPOGVAJF-UHFFFAOYSA-N,MCJGNVYPOGVAJF,MCJGNVYPOGVAJF,resolved,Oc1cccc2cccnc12,1,1,1,0,0
49,65,4931,2-Chloro-N-(1-methylethyl)-N-phenylacetamide,1918-16-7,CC(C)N(C(=O)CCl)c1ccccc1,MFOUDYKPLGXPGO-UHFFFAOYSA-N,MFOUDYKPLGXPGO,MFOUDYKPLGXPGO,resolved,CC(C)N(C(=O)CCl)c1ccccc1,1,0,0,0,0
50,66,637563,Anethole,4180-23-8,CC=Cc1ccc(OC)cc1,RUVINXPYWBROJD-UHFFFAOYSA-N,RUVINXPYWBROJD,RUVINXPYWBROJD,resolved,CC=Cc1ccc(OC)cc1,1,1,1,0,0
51,67,1982,"N-Acetylphosphoramidothioic acid O,S-dimethyl ester",30560-19-1,COP(=O)(NC(C)=O)SC,YASYVMFAVPKPKE-UHFFFAOYSA-N,YASYVMFAVPKPKE,YASYVMFAVPKPKE,resolved,COP(=O)(NC(C)=O)SC,1,2,1,1,0
52,68,4130,Parathion-methyl (Ref: OMS 213),298-00-0,COP(=S)(OC)Oc1ccc([N+](=O)[O-])cc1,RLBIQVVOMOPOHC-UHFFFAOYSA-N,RLBIQVVOMOPOHC,RLBIQVVOMOPOHC,resolved,COP(=S)(OC)Oc1ccc([N+](=O)[O-])cc1,1,1,1,0,0
53,69,23681045,TCA-sodium,650-51-1,O=C([O-])C(Cl)(Cl)Cl.[Na+],SAQSTQBVENFSKT-UHFFFAOYSA-M,SAQSTQBVENFSKT,YNJBWRMUSHSURL,resolved,O=C([O-])C(Cl)(Cl)Cl.[Na+],2,1,1,0,0
54,70,36324,Amitraz (Ref: ENT 27967),33089-61-1,Cc1ccc(N=CN(C)C=Nc2ccc(C)cc2C)c(C)c1,QXAITBQSYVNQDR-UHFFFAOYSA-N,QXAITBQSYVNQDR,QXAITBQSYVNQDR,resolved,Cc1ccc(N=CN(C)C=Nc2ccc(C)cc2C)c(C)c1,1,1,1,0,0
55,71,24501,Calcium arsenate,7778-44-1,O=[As]([O-])([O-])[O-].O=[As]([O-])([O-])[O-].[Ca+2].[Ca+2].[Ca+2],RMBBSOLAGVEUSI-UHFFFAOYSA-H,RMBBSOLAGVEUSI,DJHGAFSJWGLOIV,resolved,O=[As]([O-])([O-])[O-].O=[As]([O-])([O-])[O-].[Ca+2].[Ca+2].[Ca+2],5,2,1,1,0
56,74,10522,Chlorobenzilate (Ref: ENT 18596),510-15-6,CCOC(=O)C(O)(c1ccc(Cl)cc1)c1ccc(Cl)cc1,RAPBNVDSDCTNRC-UHFFFAOYSA-N,RAPBNVDSDCTNRC,RAPBNVDSDCTNRC,resolved,CCOC(=O)C(O)(c1ccc(Cl)cc1)c1ccc(Cl)cc1,1,2,1,1,0
57,75,7362,2-Furancarboxaldehyde,98-01-1,O=Cc1ccco1,HYBBIBNJHNGZAN-UHFFFAOYSA-N,HYBBIBNJHNGZAN,HYBBIBNJHNGZAN,resolved,O=Cc1ccco1,1,1,1,0,0
58,76,11463,Alpha-terpinoline,586-62-9,CC1=CCC(=C(C)C)CC1,MOYAFQVGZZPNRA-UHFFFAOYSA-N,MOYAFQVGZZPNRA,MOYAFQVGZZPNRA,resolved,CC1=CCC(=C(C)C)CC1,1,1,1,0,0
59,77,15787,"2,4-Dichloro-1-(4-nitrophenoxy)benzene",1836-75-5,O=[N+]([O-])c1ccc(Oc2ccc(Cl)cc2Cl)cc1,XITQUSLLOSKDTB-UHFFFAOYSA-N,XITQUSLLOSKDTB,XITQUSLLOSKDTB,resolved,O=[N+]([O-])c1ccc(Oc2ccc(Cl)cc2Cl)cc1,1,0,0,0,0
60,80,16682730,(Acetato-kappaO)phenylmercury,62-38-4,CC(=O)O[Hg]c1ccccc1,XEBWQGVWTUSTLN-UHFFFAOYSA-M,XEBWQGVWTUSTLN,BODKAQWWZBLGOU,resolved,CC(=O)[O][Hg][c]1ccccc1,1,2,1,1,0
61,81,6549,Linalool,78-70-6,C=CC(C)(O)CCC=C(C)C,CDOSHBSSFJOMGT-UHFFFAOYSA-N,CDOSHBSSFJOMGT,CDOSHBSSFJOMGT,resolved,C=CC(C)(O)CCC=C(C)C,1,1,1,0,0
62,82,8158,Nonanoic acid,112-05-0,CCCCCCCCC(=O)O,FBUKVWPVBMHYJY-UHFFFAOYSA-N,FBUKVWPVBMHYJY,FBUKVWPVBMHYJY,resolved,CCCCCCCCC(=O)O,1,1,1,0,0
63,83,33565,"N,N'-[1,4-Piperazinediylbis(2,2,2-trichloroethylidene)]bis-formamide",26644-46-2,O=CNC(N1CCN(C(NC=O)C(Cl)(Cl)Cl)CC1)C(Cl)(Cl)Cl,RROQIUMZODEXOR-UHFFFAOYSA-N,RROQIUMZODEXOR,RROQIUMZODEXOR,resolved,O=CNC(N1CCN(C(NC=O)C(Cl)(Cl)Cl)CC1)C(Cl)(Cl)Cl,1,1,1,0,0
64,84,8209,Myristyl alcohol,112-72-1,CCCCCCCCCCCCCCO,HLZKNKRTKFSKGZ-UHFFFAOYSA-N,HLZKNKRTKFSKGZ,HLZKNKRTKFSKGZ,resolved,CCCCCCCCCCCCCCO,1,1,1,0,0
65,85,7280,Dibromochloropropane (Ref: OS1897),96-12-8,ClCC(Br)CBr,WBEJYOJJBDISQU-UHFFFAOYSA-N,WBEJYOJJBDISQU,WBEJYOJJBDISQU,resolved,ClCC(Br)CBr,1,0,0,0,0
66,86,21954,"1,2-Dihydro-3,6-pyridazinedione",123-33-1,O=c1ccc(=O)[nH][nH]1,BGRDGMRNKXEXQD-UHFFFAOYSA-N,BGRDGMRNKXEXQD,BGRDGMRNKXEXQD,resolved,O=c1ccc(=O)[nH][nH]1,1,1,1,0,0
67,87,5281873,"3-(2-Chloro-3,3,3-trifluoro-1-propenyl)-2,2-dimethylcyclopropanecarboxylic acid cyano(3-phenoxyphenyl)methyl ester",68085-85-8,CC1(C)C(C=C(Cl)C(F)(F)F)C1C(=O)OC(C#N)c1cccc(Oc2ccccc2)c1,ZXQYGBMAQZUVMI-UHFFFAOYSA-N,ZXQYGBMAQZUVMI,ZXQYGBMAQZUVMI,resolved,CC1(C)C(C=C(Cl)C(F)(F)F)C1C(=O)OC(C#N)c1cccc(Oc2ccccc2)c1,1,3,1,1,1
68,88,1486,"2,4-D (Ref: L 208)",94-75-7,O=C(O)COc1ccc(Cl)cc1Cl,OVSKIKFHRZPJSS-UHFFFAOYSA-N,OVSKIKFHRZPJSS,OVSKIKFHRZPJSS,resolved,O=C(O)COc1ccc(Cl)cc1Cl,1,1,1,0,0
69,89,7127,Methyleugenol (Ref: Ent 21040),93-15-2,C=CCc1ccc(OC)c(OC)c1,ZYEMGPIYFIJGTP-UHFFFAOYSA-N,ZYEMGPIYFIJGTP,ZYEMGPIYFIJGTP,resolved,C=CCc1ccc(OC)c(OC)c1,1,1,1,0,0
70,90,38479,"N-(1-Ethylpropyl)-3,4-dimethyl-2,6-dinitro-benzenamine",40487-42-1,CCC(CC)Nc1c([N+](=O)[O-])cc(C)c(C)c1[N+](=O)[O-],CHIFOSRWCNZCFN-UHFFFAOYSA-N,CHIFOSRWCNZCFN,CHIFOSRWCNZCFN,resolved,CCC(CC)Nc1c([N+](=O)[O-])cc(C)c(C)c1[N+](=O)[O-],1,1,1,0,0
71,91,16003,Vernolate (Ref: R-106),1929-77-7,CCCSC(=O)N(CCC)CCC,OKUGPJPKMAEJOE-UHFFFAOYSA-N,OKUGPJPKMAEJOE,OKUGPJPKMAEJOE,resolved,CCCSC(=O)N(CCC)CCC,1,2,1,1,0
72,92,4004,"2-[(Dimethoxyphosphinothioyl)thio]butanedioic acid 1,4-diethyl ester",121-75-5,CCOC(=O)CC(SP(=S)(OC)OC)C(=O)OCC,JXSJBGJIGXNWCI-UHFFFAOYSA-N,JXSJBGJIGXNWCI,JXSJBGJIGXNWCI,resolved,CCOC(=O)CC(SP(=S)(OC)OC)C(=O)OCC,1,3,1,1,1
73,93,61021,Metaldehyde,108-62-3,CC1OC(C)OC(C)OC(C)O1,GKKDCARASOJPNG-UHFFFAOYSA-N,GKKDCARASOJPNG,GKKDCARASOJPNG,resolved,CC1OC(C)OC(C)OC(C)O1,1,1,1,0,0
74,94,1548943,Capsaicin (Ref: NCI-C56564),404-86-4,COc1cc(CNC(=O)CCCCC=CC(C)C)ccc1O,YKPUWZUDDOIDPM-UHFFFAOYSA-N,YKPUWZUDDOIDPM,YKPUWZUDDOIDPM,resolved,COc1cc(CNC(=O)CCCCC=CC(C)C)ccc1O,1,3,1,1,1
75,95,13387,1-Methyl-2-pyrrolidinone,872-50-4,CN1CCCC1=O,SECXISVLQFMRJM-UHFFFAOYSA-N,SECXISVLQFMRJM,SECXISVLQFMRJM,resolved,CN1CCCC1=O,1,0,0,0,0
76,96,8404,"1,2,3,4-Tetrahydronaphthalene",119-64-2,c1ccc2c(c1)CCCC2,CXWXQJXEFPUFDZ-UHFFFAOYSA-N,CXWXQJXEFPUFDZ,CXWXQJXEFPUFDZ,resolved,c1ccc2c(c1)CCCC2,1,3,1,1,1
77,98,2513,"As,As-Dimethylarsinic acid",75-60-5,C[As](C)(=O)O,OGGXGZAMXPVRFZ-UHFFFAOYSA-N,OGGXGZAMXPVRFZ,OGGXGZAMXPVRFZ,resolved,C[As](C)(=O)O,1,0,0,0,0
78,100,4944,"2-(1-Methylethoxy)phenol, 1-(N-Methylcarbamate)",114-26-1,CNC(=O)Oc1ccccc1OC(C)C,ISRUGXGCCGIOQO-UHFFFAOYSA-N,ISRUGXGCCGIOQO,ISRUGXGCCGIOQO,resolved,CNC(=O)Oc1ccccc1OC(C)C,1,3,1,1,1
79,101,16181,"N,N-Bis(2-methylpropyl)carbamothioic acid S-ethyl ester",2008-41-5,CCSC(=O)N(CC(C)C)CC(C)C,BMTAFVWTTFSTOG-UHFFFAOYSA-N,BMTAFVWTTFSTOG,BMTAFVWTTFSTOG,resolved,CCSC(=O)N(CC(C)C)CC(C)C,1,1,1,0,0
80,102,6624,4-Chloro-alpha-(4-chlorophenyl)-alpha-methylbenzenemethanol,80-06-8,CC(O)(c1ccc(Cl)cc1)c1ccc(Cl)cc1,URYAFVKLYSEINW-UHFFFAOYSA-N,URYAFVKLYSEINW,URYAFVKLYSEINW,resolved,CC(O)(c1ccc(Cl)cc1)c1ccc(Cl)cc1,1,1,1,0,0
81,103,8635,"2-Aminobenzoic acid, Methyl ester",134-20-3,COC(=O)c1ccccc1N,VAMXMNNIEUEQDV-UHFFFAOYSA-N,VAMXMNNIEUEQDV,VAMXMNNIEUEQDV,resolved,COC(=O)c1ccccc1N,1,1,1,0,0
82,104,12406,Pentacosane,629-99-2,CCCCCCCCCCCCCCCCCCCCCCCCC,YKNWIILGEFFOPE-UHFFFAOYSA-N,YKNWIILGEFFOPE,YKNWIILGEFFOPE,resolved,CCCCCCCCCCCCCCCCCCCCCCCCC,1,1,1,0,0
83,105,23664719,"Methylarsonic acid, Monosodium salt",2163-80-6,C[As](=O)([O-])O.[Na+],JITOKQVGRJSHHA-UHFFFAOYSA-M,JITOKQVGRJSHHA,QYPPRTNMGCREIM,resolved,C[As](=O)([O-])O.[Na+],2,1,1,0,0
84,106,5853,Trichlorfon (Ref: OMS 800),52-68-6,COP(=O)(OC)C(O)C(Cl)(Cl)Cl,NFACJZMKEDPNKN-UHFFFAOYSA-N,NFACJZMKEDPNKN,NFACJZMKEDPNKN,resolved,COP(=O)(OC)C(O)C(Cl)(Cl)Cl,1,3,1,1,1
85,107,4115,Methoxychlor (Ref: OMS 466),72-43-5,COc1ccc(C(c2ccc(OC)cc2)C(Cl)(Cl)Cl)cc1,IAKOZHOLGAGEJT-UHFFFAOYSA-N,IAKOZHOLGAGEJT,IAKOZHOLGAGEJT,resolved,COc1ccc(C(c2ccc(OC)cc2)C(Cl)(Cl)Cl)cc1,1,2,1,1,0
86,108,1549018,Jasmone,488-10-8,CCC=CCC1=C(C)CCC1=O,XMLSXPIVAXONDL-UHFFFAOYSA-N,XMLSXPIVAXONDL,XMLSXPIVAXONDL,resolved,CCC=CCC1=C(C)CCC1=O,1,1,1,0,0
87,109,5284507,Nerolidol,7212-44-4,C=CC(C)(O)CCC=C(C)CCC=C(C)C,FQTLCLSUCSAZDY-UHFFFAOYSA-N,FQTLCLSUCSAZDY,FQTLCLSUCSAZDY,resolved,C=CC(C)(O)CCC=C(C)CCC=C(C)C,1,1,1,0,0
88,112,18771,Dithianon (Ref: BAS 216F),3347-22-6,N#Cc1sc2c(=O)c3ccccc3c(=O)c=2sc1C#N,PYZSVQVRHDXQSL-UHFFFAOYSA-N,PYZSVQVRHDXQSL,PYZSVQVRHDXQSL,resolved,N#Cc1sc2c(=O)c3ccccc3c(=O)c=2sc1C#N,1,1,1,0,0
89,113,3036,DDT (Ref: OMS 16),50-29-3,Clc1ccc(C(c2ccc(Cl)cc2)C(Cl)(Cl)Cl)cc1,YVGGHNCTFXOJCH-UHFFFAOYSA-N,YVGGHNCTFXOJCH,YVGGHNCTFXOJCH,resolved,Clc1ccc(C(c2ccc(Cl)cc2)C(Cl)(Cl)Cl)cc1,1,3,1,1,1
90,114,3286,Ethion (Ref: ENT 24105),563-12-2,CCOP(=S)(OCC)SCSP(=S)(OCC)OCC,RIZMRRKBZQXFOY-UHFFFAOYSA-N,RIZMRRKBZQXFOY,RIZMRRKBZQXFOY,resolved,CCOP(=S)(OCC)SCSP(=S)(OCC)OCC,1,2,1,1,0
91,115,26124,"Phosphorothioic acid O,O-diethyl O-2-quinoxalinyl ester  ",13593-03-8,CCOP(=S)(OCC)Oc1cnc2ccccc2n1,JYQUHIFYBATCCY-UHFFFAOYSA-N,JYQUHIFYBATCCY,JYQUHIFYBATCCY,resolved,CCOP(=S)(OCC)Oc1cnc2ccccc2n1,1,3,1,1,1
92,118,6862,1-Naphthaleneacetic acid,86-87-3,O=C(O)Cc1cccc2ccccc12,PRPINYUDVPFIRX-UHFFFAOYSA-N,PRPINYUDVPFIRX,PRPINYUDVPFIRX,resolved,O=C(O)Cc1cccc2ccccc12,1,1,1,0,0
93,120,32739,Chlormephos (Ref: MC 2188),24934-91-6,CCOP(=S)(OCC)SCCl,QGTYWWGEWOBMAK-UHFFFAOYSA-N,QGTYWWGEWOBMAK,QGTYWWGEWOBMAK,resolved,CCOP(=S)(OCC)SCCl,1,3,1,1,1
94,121,8268,4-Chloro-alpha-(4-chlorophenyl)-alpha-(trichloromethyl)benzenemethanol,115-32-2,OC(c1ccc(Cl)cc1)(c1ccc(Cl)cc1)C(Cl)(Cl)Cl,UOAMTSKGCBMZTC-UHFFFAOYSA-N,UOAMTSKGCBMZTC,UOAMTSKGCBMZTC,resolved,OC(c1ccc(Cl)cc1)(c1ccc(Cl)cc1)C(Cl)(Cl)Cl,1,2,1,1,0
95,122,91693,Penconazole (Ref: CGA 71818),66246-88-6,CCCC(Cn1cncn1)c1ccc(Cl)cc1Cl,WKBPZYKAUNRMKP-UHFFFAOYSA-N,WKBPZYKAUNRMKP,WKBPZYKAUNRMKP,resolved,CCCC(Cn1cncn1)c1ccc(Cl)cc1Cl,1,2,1,1,0
96,123,68245,Paraffin oils,8012-95-1,Oc1cc(O)c2cc(O)c(-c3cc(O)c(O)c(O)c3)[o+]c2c1.[Cl-],FFNDMZIBVDSQFI-UHFFFAOYSA-N,FFNDMZIBVDSQFI,JKHRCGUTYDNCLE,resolved,Oc1cc(O)c2cc(O)c(-c3cc(O)c(O)c(O)c3)[o+]c2c1.[Cl-],2,0,0,0,0
97,124,54670067,L-ascorbic acid,50-81-7,O=C1OC(C(O)CO)C(O)=C1O,CIWBSHSKHKDKBQ-UHFFFAOYSA-N,CIWBSHSKHKDKBQ,CIWBSHSKHKDKBQ,resolved,O=C1OC(C(O)CO)C(O)=C1O,1,2,1,1,0
98,125,17607,Sulfuryl fluoride,2699-79-8,O=S(=O)(F)F,OBTWBSRJZRCYQV-UHFFFAOYSA-N,OBTWBSRJZRCYQV,OBTWBSRJZRCYQV,resolved,O=S(=O)(F)F,1,2,1,1,0
99,128,15546,5-Amino-4-chloro-2-phenyl-3(2H)-pyridazinone,1698-60-8,Nc1cnn(-c2ccccc2)c(=O)c1Cl,WYKYKTKDBLFHCY-UHFFFAOYSA-N,WYKYKTKDBLFHCY,WYKYKTKDBLFHCY,resolved,Nc1cnn(-c2ccccc2)c(=O)c1Cl,1,0,0,0,0
100,129,9298,"Phosphorothioic acid, O,O-Dimethyl O-(2,4,5-trichlorophenyl)ester",299-84-3,COP(=S)(OC)Oc1cc(Cl)c(Cl)cc1Cl,JHJOOSLFWRRSGU-UHFFFAOYSA-N,JHJOOSLFWRRSGU,JHJOOSLFWRRSGU,resolved,COP(=S)(OC)Oc1cc(Cl)c(Cl)cc1Cl,1,2,1,1,0
101,130,16248,"3,5-Dimethyl-4-(methylthio)phenol, Methylcarbamate",2032-65-7,CNC(=O)Oc1cc(C)c(SC)c(C)c1,YFBPRJGDJKVWAH-UHFFFAOYSA-N,YFBPRJGDJKVWAH,YFBPRJGDJKVWAH,resolved,CNC(=O)Oc1cc(C)c(SC)c(C)c1,1,3,1,1,1
102,131,29025,Verbenone,80-57-9,CC1=CC(=O)C2CC1C2(C)C,DCSCXTJOXBUFGB-UHFFFAOYSA-N,DCSCXTJOXBUFGB,DCSCXTJOXBUFGB,resolved,CC1=CC(=O)C2CC1C2(C)C,1,1,1,0,0
103,132,16682746,Tributyltin oxide (Ref: ENT 24979),56-35-9,CCCC[Sn](CCCC)(CCCC)O[Sn](CCCC)(CCCC)CCCC,APQHKWPGGHMYKJ-UHFFFAOYSA-N,APQHKWPGGHMYKJ,LSKGFBJLYWXIOF,resolved,CCC[CH2][Sn]([CH2]CCC)([CH2]CCC)[O][Sn]([CH2]CCC)([CH2]CCC)[CH2]CCC,1,3,1,1,1
104,133,3082,"O,O-Dimethyl S-[2-(methylamino)-2-oxoethyl]phosphorodithioic acid ester",60-51-5,CNC(=O)CSP(=S)(OC)OC,MCWXGJITAZMZEV-UHFFFAOYSA-N,MCWXGJITAZMZEV,MCWXGJITAZMZEV,resolved,CNC(=O)CSP(=S)(OC)OC,1,3,1,1,1
105,134,41384,Carbosulfan (Ref: OMS 3022),55285-14-8,CCCCN(CCCC)SN(C)C(=O)Oc1cccc2c1OC(C)(C)C2,JLQUFIHWVLZVTJ-UHFFFAOYSA-N,JLQUFIHWVLZVTJ,JLQUFIHWVLZVTJ,resolved,CCCCN(CCCC)SN(C)C(=O)Oc1cccc2c1OC(C)(C)C2,1,3,1,1,1
106,135,39385,"1-(4-Chlorophenoxy)-3,3-dimethyl-1-(1H-1,2,4-triazol-1-yl)-2-butanone",43121-43-3,CC(C)(C)C(=O)C(Oc1ccc(Cl)cc1)n1cncn1,WURBVZBTWMNKQT-UHFFFAOYSA-N,WURBVZBTWMNKQT,WURBVZBTWMNKQT,resolved,CC(C)(C)C(=O)C(Oc1ccc(Cl)cc1)n1cncn1,1,1,1,0,0
107,137,5281045,Pyrethrins (pyrethrin I),121-21-1,C=CC=CCC1=C(C)C(OC(=O)C2C(C=C(C)C)C2(C)C)CC1=O,ROVGZAWFACYCSP-UHFFFAOYSA-N,ROVGZAWFACYCSP,ROVGZAWFACYCSP,resolved,C=CC=CCC1=C(C)C(OC(=O)C2C(C=C(C)C)C2(C)C)CC1=O,1,3,1,1,1
108,138,24598,"Nitric acid, Chromium(3+) salt",13548-38-4,O=[N+]([O-])[O-].O=[N+]([O-])[O-].O=[N+]([O-])[O-].[Cr+3],PHFQLYPOURZARY-UHFFFAOYSA-N,PHFQLYPOURZARY,GRYLNZFGIOXLOG,resolved,O=[N+]([O-])[O-].O=[N+]([O-])[O-].O=[N+]([O-])[O-].[Cr+3],4,1,1,0,0
109,139,6758,Rotenone (Ref: ENT 133),83-79-4,C=C(C)C1Cc2c(ccc3c2OC2COc4cc(OC)c(OC)cc4C2C3=O)O1,JUVIOZPCNVVQFO-UHFFFAOYSA-N,JUVIOZPCNVVQFO,JUVIOZPCNVVQFO,resolved,C=C(C)C1Cc2c(ccc3c2OC2COc4cc(OC)c(OC)cc4C2C3=O)O1,1,3,1,1,1
110,140,16315,Garlic extract,8008-99-9,C=CCSCC=C,UBJVUCKUDDKUJF-UHFFFAOYSA-N,UBJVUCKUDDKUJF,UBJVUCKUDDKUJF,resolved,C=CCSCC=C,1,0,0,0,0
111,144,6294,"1,1'-(2,2-Dichloroethylidene)bis[4-chlorobenzene]",72-54-8,Clc1ccc(C(c2ccc(Cl)cc2)C(Cl)Cl)cc1,AHJKRLASYNVKDZ-UHFFFAOYSA-N,AHJKRLASYNVKDZ,AHJKRLASYNVKDZ,resolved,Clc1ccc(C(c2ccc(Cl)cc2)C(Cl)Cl)cc1,1,0,0,0,0
112,145,6327657,Hydroxytriphenylstannane,76-87-9,O.c1ccc([Sn](c2ccccc2)c2ccccc2)cc1,NRHFWOJROOQKBK-UHFFFAOYSA-N,NRHFWOJROOQKBK,SBXWFLISHPUINY,resolved,O.c1cc[c]([Sn]([c]2ccccc2)[c]2ccccc2)cc1,2,0,0,0,0
113,148,6336603,Disodium phosphonate (Ref: IKF-916 25 SC),13708-85-5 ,O=[PH]([O-])[O-].[Na+].[Na+],YPPQYORGOMWNMX-UHFFFAOYSA-L,YPPQYORGOMWNMX,ABLZXFCXXLZCGV,resolved,O=[PH]([O-])[O-].[Na+].[Na+],3,0,0,0,0
114,149,8606,Captan (Ref: SR 406),133-06-2,O=C1C2CC=CCC2C(=O)N1SC(Cl)(Cl)Cl,LDVVMCZRFWMZSG-UHFFFAOYSA-N,LDVVMCZRFWMZSG,LDVVMCZRFWMZSG,resolved,O=C1C2CC=CCC2C(=O)N1SC(Cl)(Cl)Cl,1,1,1,0,0
115,150,10800,DNOC (Ref: ENT 154),534-52-1,Cc1cc([N+](=O)[O-])cc([N+](=O)[O-])c1O,ZXVONLUNISGICL-UHFFFAOYSA-N,ZXVONLUNISGICL,ZXVONLUNISGICL,resolved,Cc1cc([N+](=O)[O-])cc([N+](=O)[O-])c1O,1,0,0,0,0
116,151,6720,"1,2,3,4,5-Pentachloro-6-nitrobenzene",82-68-8,O=[N+]([O-])c1c(Cl)c(Cl)c(Cl)c(Cl)c1Cl,LKPLKUMXSAEKID-UHFFFAOYSA-N,LKPLKUMXSAEKID,LKPLKUMXSAEKID,resolved,O=[N+]([O-])c1c(Cl)c(Cl)c(Cl)c(Cl)c1Cl,1,1,1,0,0
117,152,16559,Lenacil (Ref: DPX B634),2164-08-1,O=c1[nH]c2c(c(=O)n1C1CCCCC1)CCC2,ZTMKADLOSYKWCA-UHFFFAOYSA-N,ZTMKADLOSYKWCA,ZTMKADLOSYKWCA,resolved,O=c1[nH]c2c(c(=O)n1C1CCCCC1)CCC2,1,0,0,0,0
118,154,15938,"1,1'-Dimethyl-4,4'-bipyridinium chloride (1:2)",1910-42-5,C[n+]1ccc(-c2cc[n+](C)cc2)cc1.[Cl-].[Cl-],FIKAKWIAUPDISJ-UHFFFAOYSA-L,FIKAKWIAUPDISJ,INFDPOAKFNIJBF,resolved,C[n+]1ccc(-c2cc[n+](C)cc2)cc1.[Cl-].[Cl-],3,1,1,0,0
119,155,26049,Carene,13466-78-9,CC1=CCC2C(C1)C2(C)C,BQOFWKZOCNGFEC-UHFFFAOYSA-N,BQOFWKZOCNGFEC,BQOFWKZOCNGFEC,resolved,CC1=CCC2C(C1)C2(C)C,1,1,1,0,0
120,156,6861,1-naphthylacetamide,86-86-2,NC(=O)Cc1cccc2ccccc12,XFNJVKMNNVCYEK-UHFFFAOYSA-N,XFNJVKMNNVCYEK,XFNJVKMNNVCYEK,resolved,NC(=O)Cc1cccc2ccccc12,1,1,1,0,0
121,157,5284359,Calcium chloride,10043-52-4,[Ca+2].[Cl-].[Cl-],UXVMQQNJUSDDNG-UHFFFAOYSA-L,UXVMQQNJUSDDNG,BHPQYMZQTOCNFJ,resolved,[Ca+2].[Cl-].[Cl-],3,1,1,0,0
122,158,16693908,Cryolite (Na3(AlF6)),15096-52-3,F[Al-3](F)(F)(F)(F)F.[Na+].[Na+].[Na+],REHXRBDMVPYGJX-UHFFFAOYSA-H,REHXRBDMVPYGJX,REDXJYDRNCIFBQ,resolved,[F][Al-3]([F])([F])([F])([F])[F].[Na+].[Na+].[Na+],4,0,0,0,0
123,159,153909,Tribenuron-methyl (Ref: DPX L5300),101200-48-0,COC(=O)c1ccccc1S(=O)(=O)NC(=O)N(C)c1nc(C)nc(OC)n1,VLCQZHSMCYCDJL-UHFFFAOYSA-N,VLCQZHSMCYCDJL,VLCQZHSMCYCDJL,resolved,COC(=O)c1ccccc1S(=O)(=O)NC(=O)N(C)c1nc(C)nc(OC)n1,1,2,1,1,0
124,160,44134949,Streptomycin sulphate,3810-74-0,CNC1C(OC2C(OC3C(O)C(O)C(N=C(N)N)C(O)C3N=C(N)N)OC(C)C2(O)C=O)OC(CO)C(O)C1O.CNC1C(OC2C(OC3C(O)C(O)C(N=C(N)N)C(O)C3N=C(N)N)OC(C)C2(O)C=O)OC(CO)C(O)C1O.O=S(=O)(O)O.O=S(=O)(O)O.O=S(=O)(O)O,QTENRWWVYAAPBI-UHFFFAOYSA-N,QTENRWWVYAAPBI,UCSJYZPVAKXKNQ,resolved,CNC1C(OC2C(OC3C(O)C(O)C(N=C(N)N)C(O)C3N=C(N)N)OC(C)C2(O)C=O)OC(CO)C(O)C1O.CNC1C(OC2C(OC3C(O)C(O)C(N=C(N)N)C(O)C3N=C(N)N)OC(C)C2(O)C=O)OC(CO)C(O)C1O.O=S(=O)(O)O.O=S(=O)(O)O.O=S(=O)(O)O,5,1,1,0,0
125,161,5794,Piperonyl butoxide (Ref: ENT 14250),51-03-6,CCCCOCCOCCOCc1cc2c(cc1CCC)OCO2,FIPWRIJSWJWJAI-UHFFFAOYSA-N,FIPWRIJSWJWJAI,FIPWRIJSWJWJAI,resolved,CCCCOCCOCCOCc1cc2c(cc1CCC)OCO2,1,0,0,0,0
126,162,5362487,Sulfur,7704-34-9,[S],NINIDFKCEFEMDL-UHFFFAOYSA-N,NINIDFKCEFEMDL,NINIDFKCEFEMDL,resolved,[S],1,0,0,0,0
127,163,24572,Lead arsenate,7784-40-9,O=[As]([O-])([O-])O.[Pb+2],UWRBYRMOUPAKLM-UHFFFAOYSA-L,UWRBYRMOUPAKLM,DJHGAFSJWGLOIV,resolved,O=[As]([O-])([O-])O.[Pb+2],2,2,1,1,0
128,164,8422,2-naphthyloxyacetic acid,120-23-0,O=C(O)COc1ccc2ccccc2c1,RZCJYMOBWVJQGV-UHFFFAOYSA-N,RZCJYMOBWVJQGV,RZCJYMOBWVJQGV,resolved,O=C(O)COc1ccc2ccccc2c1,1,0,0,0,0
129,165,52999,Metsulfuron-methyl (Ref: DPX T6376),74223-64-6,COC(=O)c1ccccc1S(=O)(=O)NC(=O)Nc1nc(C)nc(OC)n1,RSMUVYRMZCOLBH-UHFFFAOYSA-N,RSMUVYRMZCOLBH,RSMUVYRMZCOLBH,resolved,COC(=O)c1ccccc1S(=O)(=O)NC(=O)Nc1nc(C)nc(OC)n1,1,1,1,0,0
130,167,71310221,Pyrethrins and Pyrethroids,8003-34-7,C=CC=CCC1=C(C)C(OC(=O)C2C(C=C(C)C(=O)OC)C2(C)C)CC1=O.C=CC=CCC1=C(C)C(OC(=O)C2C(C=C(C)C)C2(C)C)CC1=O,VXSIXFKKSNGRRO-UHFFFAOYSA-N,VXSIXFKKSNGRRO,VJFUPGQZSXIULQ,resolved,C=CC=CCC1=C(C)C(OC(=O)C2C(C=C(C)C(=O)OC)C2(C)C)CC1=O.C=CC=CCC1=C(C)C(OC(=O)C2C(C=C(C)C)C2(C)C)CC1=O,2,3,1,1,1
131,168,583586,Pyrethrins (pyrethrin II) (Ref: ENT 7543 ),121-29-9,C=CC=CCC1=C(C)C(OC(=O)C2C(C=C(C)C(=O)OC)C2(C)C)CC1=O,VJFUPGQZSXIULQ-UHFFFAOYSA-N,VJFUPGQZSXIULQ,VJFUPGQZSXIULQ,resolved,C=CC=CCC1=C(C)C(OC(=O)C2C(C=C(C)C(=O)OC)C2(C)C)CC1=O,1,3,1,1,1
132,169,23973,Cadmium,7440-43-9,[Cd],BDOSMKKIYDKNTQ-UHFFFAOYSA-N,BDOSMKKIYDKNTQ,BDOSMKKIYDKNTQ,resolved,[Cd],1,0,0,0,0
133,170,121494065,Calcium sulfide (Ca(Sx)),1344-81-6,[Ca+2].[S-]SSS[S-],JNVCSEDACVAATK-UHFFFAOYSA-L,JNVCSEDACVAATK,FBNHIFPJXGPDIP,resolved,[Ca+2].[S-]SSS[S-],2,1,1,0,0
134,171,25670,"Phosphorodithioic acid S-[[(1,1-dimethylethyl)thio]O,O-diethylmethyl]ester",13071-79-9,CCOP(=S)(OCC)SCSC(C)(C)C,XLNZEKHULJKQBA-UHFFFAOYSA-N,XLNZEKHULJKQBA,XLNZEKHULJKQBA,resolved,CCOP(=S)(OCC)SCSC(C)(C)C,1,2,1,1,0
135,172,44073,Acifluorfen (Ref: RH 5781),50594-66-6,O=C(O)c1cc(Oc2ccc(C(F)(F)F)cc2Cl)ccc1[N+](=O)[O-],NUFNQYOELLVIPL-UHFFFAOYSA-N,NUFNQYOELLVIPL,NUFNQYOELLVIPL,resolved,O=C(O)c1cc(Oc2ccc(C(F)(F)F)cc2Cl)ccc1[N+](=O)[O-],1,1,1,0,0
136,174,16211214,Borax,1303-96-4,O.O.O.O.O.O.O.O.O.O.O=BOB([O-])OB([O-])OB=O.[Na+].[Na+],OJPFLODMGUZMKD-UHFFFAOYSA-N,OJPFLODMGUZMKD,RTANKYMJXZNJGQ,resolved,O.O.O.O.O.O.O.O.O.O.O=BOB([O-])OB([O-])OB=O.[Na+].[Na+],13,0,0,0,0
137,175,56841936,Kaolin,1332-58-7,O.O.O=[Al]O[Si](=O)O[Si](=O)O[Al]=O,NLYAJNPCOHFWQQ-UHFFFAOYSA-N,NLYAJNPCOHFWQQ,BLWUSAVPLFNOFW,resolved,O.O.[O]=[Al][O][Si](=O)O[Si](=O)[O][Al]=[O],3,1,1,0,0
138,176,26710,"(OC-6-11)-tris(N,N-Dimethylcarbamodithioato-kappaS,kappaS')iron",14484-64-1,CN(C)C(=S)[S-].CN(C)C(=S)[S-].CN(C)C(=S)[S-].[Fe+3],WHDGWKAJBYRJJL-UHFFFAOYSA-K,WHDGWKAJBYRJJL,MZGNSEAPZQGJRB,resolved,CN(C)C(=S)[S-].CN(C)C(=S)[S-].CN(C)C(=S)[S-].[Fe+3],4,0,0,0,0
139,178,44072,"5-[2-Chloro-4-(trifluoromethyl)phenoxy]-2-nitrobenzoic acid, Sodium salt (1:1)",62476-59-9,O=C([O-])c1cc(Oc2ccc(C(F)(F)F)cc2Cl)ccc1[N+](=O)[O-].[Na+],RVULBHWZFCBODE-UHFFFAOYSA-M,RVULBHWZFCBODE,NUFNQYOELLVIPL,resolved,O=C([O-])c1cc(Oc2ccc(C(F)(F)F)cc2Cl)ccc1[N+](=O)[O-].[Na+],2,1,1,0,0
140,180,80277,"1-[2-(2,4-Dichlorophenyl)-3-(1,1,2,2-tetrafluoroethoxy)propyl]-1H-1,2,4-triazole",112281-77-3,FC(F)C(F)(F)OCC(Cn1cncn1)c1ccc(Cl)cc1Cl,LQDARGUHUSPFNL-UHFFFAOYSA-N,LQDARGUHUSPFNL,LQDARGUHUSPFNL,resolved,FC(F)C(F)(F)OCC(Cn1cncn1)c1ccc(Cl)cc1Cl,1,1,1,0,0
141,181,13089,"O,P'-DDT",789-02-6,Clc1ccc(C(c2ccccc2Cl)C(Cl)(Cl)Cl)cc1,CVUGPAFCQJIYDT-UHFFFAOYSA-N,CVUGPAFCQJIYDT,CVUGPAFCQJIYDT,resolved,Clc1ccc(C(c2ccccc2Cl)C(Cl)(Cl)Cl)cc1,1,3,1,1,1
142,182,5359596,Arsenic,7440-38-2,[As],RQNWIZPPADIBDY-UHFFFAOYSA-N,RQNWIZPPADIBDY,RQNWIZPPADIBDY,resolved,[As],1,0,0,0,0
143,183,31200,"Phosphorothioic acid O,O-dimethyl O-(3-methyl-4-nitrophenyl)ester",122-14-5,COP(=S)(OC)Oc1ccc([N+](=O)[O-])c(C)c1,ZNOLGFHPUIJIMJ-UHFFFAOYSA-N,ZNOLGFHPUIJIMJ,ZNOLGFHPUIJIMJ,resolved,COP(=S)(OC)Oc1ccc([N+](=O)[O-])c(C)c1,1,3,1,1,1
144,184,4420,"Phosphoric acid 1,2-dibromo-2,2-dichloroethyl dimethyl ester",300-76-5,COP(=O)(OC)OC(Br)C(Cl)(Cl)Br,BUYMVQAILCEWRR-UHFFFAOYSA-N,BUYMVQAILCEWRR,BUYMVQAILCEWRR,resolved,COP(=O)(OC)OC(Br)C(Cl)(Cl)Br,1,3,1,1,1
145,185,24685,"N-Phenylcarbamic acid, 1-Methylethyl ester",122-42-9,CC(C)OC(=O)Nc1ccccc1,VXPLXMJHHKHSOA-UHFFFAOYSA-N,VXPLXMJHHKHSOA,VXPLXMJHHKHSOA,resolved,CC(C)OC(=O)Nc1ccccc1,1,0,0,0,0
146,186,23677060,"Arsenic acid (H3AsO4), Sodium salt (1:?)",7631-89-2,O=[As]([O-])(O)O.[Na+],XCVRTGQHVBWRJB-UHFFFAOYSA-M,XCVRTGQHVBWRJB,DJHGAFSJWGLOIV,resolved,O=[As]([O-])(O)O.[Na+],2,2,1,1,0
147,188,3467,Gentamicin,1403-66-3,CNC(C)C1CCC(N)C(OC2C(N)CC(N)C(OC3OCC(C)(O)C(NC)C3O)C2O)O1,CEAZRRDELHUEMR-UHFFFAOYSA-N,CEAZRRDELHUEMR,CEAZRRDELHUEMR,resolved,CNC(C)C1CCC(N)C(OC2C(N)CC(N)C(OC3OCC(C)(O)C(NC)C3O)C2O)O1,1,1,1,0,0
148,191,91677,Flurochloridone (Ref: R 40244),61213-25-0,O=C1C(Cl)C(CCl)CN1c1cccc(C(F)(F)F)c1,OQZCSNDVOWYALR-UHFFFAOYSA-N,OQZCSNDVOWYALR,OQZCSNDVOWYALR,resolved,O=C1C(Cl)C(CCl)CN1c1cccc(C(F)(F)F)c1,1,1,1,0,0
149,193,6197,"4-[(2R)-2-[(1S,3S,5S)-3,5-Dimethyl-2-oxocyclohexyl]-2-hydroxyethyl]-2,6-piperidinedione",66-81-9,CC1CC(C)C(=O)C(C(O)CC2CC(=O)NC(=O)C2)C1,YPHMISFOHDHNIV-UHFFFAOYSA-N,YPHMISFOHDHNIV,YPHMISFOHDHNIV,resolved,CC1CC(C)C(=O)C(C(O)CC2CC(=O)NC(=O)C2)C1,1,0,0,0,0
150,194,5053,"2,2-Dimethyl-3-(2-methyl-1-propen-1-yl)cyclopropanecarboxylic acid [5-(phenylmethyl)-3-furanyl]methyl ester",10453-86-8,CC(C)=CC1C(C(=O)OCc2coc(Cc3ccccc3)c2)C1(C)C,VEMKTZHHVJILDY-UHFFFAOYSA-N,VEMKTZHHVJILDY,VEMKTZHHVJILDY,resolved,CC(C)=CC1C(C(=O)OCc2coc(Cc3ccccc3)c2)C1(C)C,1,3,1,1,1
151,195,5125,Tribufos,78-48-8,CCCCSP(=O)(SCCCC)SCCCC,ZOKXUAHZSKEQSS-UHFFFAOYSA-N,ZOKXUAHZSKEQSS,ZOKXUAHZSKEQSS,resolved,CCCCSP(=O)(SCCCC)SCCCC,1,1,1,0,0
152,196,100633,Karanjin,521-88-0,COc1c(-c2ccccc2)oc2c(ccc3occc32)c1=O,LKPQNZRGGNOPPU-UHFFFAOYSA-N,LKPQNZRGGNOPPU,LKPQNZRGGNOPPU,resolved,COc1c(-c2ccccc2)oc2c(ccc3occc32)c1=O,1,1,1,0,0
153,197,5114,Ryanodine,15662-33-6,CC1CCC2(O)C3(C)CC4(O)OC2(C1O)C1(O)C3(O)C(OC(=O)c2ccc[nH]2)C(O)(C(C)C)C41C,JJSYXNQGLHBRRK-UHFFFAOYSA-N,JJSYXNQGLHBRRK,JJSYXNQGLHBRRK,resolved,CC1CCC2(O)C3(C)CC4(O)OC2(C1O)C1(O)C3(O)C(OC(=O)c2ccc[nH]2)C(O)(C(C)C)C41C,1,0,0,0,0
154,198,7430,"2,6-Dichloro-4-nitrobenzenamine",99-30-9,Nc1c(Cl)cc([N+](=O)[O-])cc1Cl,BIXZHMJUSMUDOQ-UHFFFAOYSA-N,BIXZHMJUSMUDOQ,BIXZHMJUSMUDOQ,resolved,Nc1c(Cl)cc([N+](=O)[O-])cc1Cl,1,0,0,0,0
155,199,23694671,"1-Naphthaleneacetic acid, Sodium salt",61-31-4,O=C([O-])Cc1cccc2ccccc12.[Na+],CJUUXVFWKYRHAR-UHFFFAOYSA-M,CJUUXVFWKYRHAR,PRPINYUDVPFIRX,resolved,O=C([O-])Cc1cccc2ccccc12.[Na+],2,1,1,0,0
156,202,2724048,2-(4-Chloro-2-methylphenoxy)acetic acid sodium salt (1:1),3653-48-3,Cc1cc(Cl)ccc1OCC(=O)[O-].[Na+],STAPBGVGYWCRTF-UHFFFAOYSA-M,STAPBGVGYWCRTF,WHKUVVPPKQRRBV,resolved,Cc1cc(Cl)ccc1OCC(=O)[O-].[Na+],2,0,0,0,0
157,203,8540,"2-Cyclohexyl-4,6-dinitrophenol",131-89-5,O=[N+]([O-])c1cc(C2CCCCC2)c(O)c([N+](=O)[O-])c1,QJYHUJAGJUHXJN-UHFFFAOYSA-N,QJYHUJAGJUHXJN,QJYHUJAGJUHXJN,resolved,O=[N+]([O-])c1cc(C2CCCCC2)c(O)c([N+](=O)[O-])c1,1,0,0,0,0
158,204,50367,"2-[(1,1-Dimethylethyl)imino]tetrahydro-3-(1-methylethyl)-5-phenyl-4H-1,3,5-thiadiazin-4-one",69327-76-0,CC(C)N1C(=O)N(c2ccccc2)CSC1=NC(C)(C)C,PRLVTUNWOQKEAI-UHFFFAOYSA-N,PRLVTUNWOQKEAI,PRLVTUNWOQKEAI,resolved,CC(C)N1C(=O)N(c2ccccc2)CSC1=NC(C)(C)C,1,1,1,0,0
159,207,2087,"(1R,4S,4aS,5S,8R,8aR)-rel-1,2,3,4,10,10-Hexachloro-1,4,4a,5,8,8a-hexahydro-1,4:5,8-dimethanonaphthalene",309-00-2,ClC1=C(Cl)C2(Cl)C3C4C=CC(C4)C3C1(Cl)C2(Cl)Cl,QBYJBZPUGVGKQQ-UHFFFAOYSA-N,QBYJBZPUGVGKQQ,QBYJBZPUGVGKQQ,resolved,ClC1=C(Cl)C2(Cl)C3C4C=CC(C4)C3C1(Cl)C2(Cl)Cl,1,3,1,1,1
160,208,8330,Tecnazene,117-18-0,O=[N+]([O-])c1c(Cl)c(Cl)cc(Cl)c1Cl,XQTLDIFVVHJORV-UHFFFAOYSA-N,XQTLDIFVVHJORV,XQTLDIFVVHJORV,resolved,O=[N+]([O-])c1c(Cl)c(Cl)cc(Cl)c1Cl,1,1,1,0,0
161,209,439306,Laminarin (Ref: H11),9008-22-4,OCC1OC(OC2C(O)C(CO)OC(OC3C(O)C(O)OC(CO)C3O)C2O)C(O)C(O)C1O,DBTMGCOVALSLOR-UHFFFAOYSA-N,DBTMGCOVALSLOR,DBTMGCOVALSLOR,resolved,OCC1OC(OC2C(O)C(CO)OC(OC3C(O)C(O)OC(CO)C3O)C2O)C(O)C(O)C1O,1,1,1,0,0
162,210,13708,"Phosphoric acid, Dimethyl 4-nitrophenyl ester",950-35-6,COP(=O)(OC)Oc1ccc([N+](=O)[O-])cc1,BAFQDKPJKOLXFZ-UHFFFAOYSA-N,BAFQDKPJKOLXFZ,BAFQDKPJKOLXFZ,resolved,COP(=O)(OC)Oc1ccc([N+](=O)[O-])cc1,1,3,1,1,1
163,211,11442,Bioallethrin,260359-57-7,C=CCC1=C(C)C(OC(=O)C2C(C=C(C)C)C2(C)C)CC1=O,ZCVAOQKBXKSDMS-UHFFFAOYSA-N,ZCVAOQKBXKSDMS,ZCVAOQKBXKSDMS,resolved,C=CCC1=C(C)C(OC(=O)C2C(C=C(C)C)C2(C)C)CC1=O,1,2,1,1,0
164,212,54675779,Oxytetracycline,79-57-2,CN(C)C1C(=O)C(C(N)=O)=C(O)C2(O)C(=O)C3=C(O)c4c(O)cccc4C(C)(O)C3C(O)C12,OWFJMIVZYSDULZ-UHFFFAOYSA-N,OWFJMIVZYSDULZ,OWFJMIVZYSDULZ,resolved,CN(C)C1C(=O)C(C(N)=O)=C(O)C2(O)C(=O)C3=C(O)c4c(O)cccc4C(C)(O)C3C(O)C12,1,1,1,0,0
165,214,969491,"(1aR,2R,2aS,3S,6R,6aR,7S,7aS)-rel-3,4,5,6,9,9-Hexachloro-1a,2,2a,3,6,6a,7,7a-octahydro-2,7:3,6-dimethanonaphth[2,3-b]oxirene ",60-57-1,ClC1=C(Cl)C2(Cl)C3C4CC(C5OC45)C3C1(Cl)C2(Cl)Cl,DFBKLUNHFCTMDC-UHFFFAOYSA-N,DFBKLUNHFCTMDC,DFBKLUNHFCTMDC,resolved,ClC1=C(Cl)C2(Cl)C3C4CC(C5OC45)C3C1(Cl)C2(Cl)Cl,1,3,1,1,1
166,216,24723,"O,O-Diethyl S-[2-(ethylsulfanyl)ethyl] phosphorothioate",126-75-0,CCOP(=O)(OCC)SCCSCC,GRPRVIYRYGLIJU-UHFFFAOYSA-N,GRPRVIYRYGLIJU,GRPRVIYRYGLIJU,resolved,CCOP(=O)(OCC)SCCSCC,1,2,1,1,0
167,217,47491,"2-Chloro-N-[[(4-methoxy-6-methyl-1,3,5-triazin-2-yl)amino]carbonyl]benzenesulfonamide",64902-72-3,COc1nc(C)nc(NC(=O)NS(=O)(=O)c2ccccc2Cl)n1,VJYIFXVZLXQVHO-UHFFFAOYSA-N,VJYIFXVZLXQVHO,VJYIFXVZLXQVHO,resolved,COc1nc(C)nc(NC(=O)NS(=O)(=O)c2ccccc2Cl)n1,1,1,1,0,0
168,218,5590,"alpha-(4-(1,1,3,3-Tetramethylbutyl)phenyl)-omega-hydroxypoly(oxy-1,2-ethanediyl)",9002-93-1,CC(C)(C)CC(C)(C)c1ccc(OCCO)cc1,JYCQQPHGFMYQCF-UHFFFAOYSA-N,JYCQQPHGFMYQCF,JYCQQPHGFMYQCF,resolved,CC(C)(C)CC(C)(C)c1ccc(OCCO)cc1,1,0,0,0,0
169,221,5543,"N,N-Bis(1-methylethyl)carbamothioic acid, S-(2,3,3-trichloro-2-propen-1-yl) ester",2303-17-5,CC(C)N(C(=O)SCC(Cl)=C(Cl)Cl)C(C)C,MWBPRDONLNQCFV-UHFFFAOYSA-N,MWBPRDONLNQCFV,MWBPRDONLNQCFV,resolved,CC(C)N(C(=O)SCC(Cl)=C(Cl)Cl)C(C)C,1,1,1,0,0
170,222,40087,"N-Phenyl-N'-1,2,3-thiadiazol-5-yl-urea",51707-55-2,O=C(Nc1ccccc1)Nc1cnns1,HFCYZXMHUIHAQI-UHFFFAOYSA-N,HFCYZXMHUIHAQI,HFCYZXMHUIHAQI,resolved,O=C(Nc1ccccc1)Nc1cnns1,1,1,1,0,0
171,223,21896651,Chitosan hydrochloride,9012-76-4,COC(=O)NC1C(OC2C(CO)OC(OC3C(CO)OC(O)C(N)C3O)C(N)C2O)OC(CO)C(OC2OC(CO)C(OC3OC(CO)C(OC4OC(CO)C(OC5OC(CO)C(OC6OC(CO)C(OC7OC(CO)C(O)C(O)C7N)C(O)C6N)C(O)C5N)C(O)C4N)C(O)C3N)C(O)C2N)C1O,FLASNYPZGWUPSU-UHFFFAOYSA-N,FLASNYPZGWUPSU,FLASNYPZGWUPSU,resolved,COC(=O)NC1C(OC2C(CO)OC(OC3C(CO)OC(O)C(N)C3O)C(N)C2O)OC(CO)C(OC2OC(CO)C(OC3OC(CO)C(OC4OC(CO)C(OC5OC(CO)C(OC6OC(CO)C(OC7OC(CO)C(O)C(O)C7N)C(O)C6N)C(O)C5N)C(O)C4N)C(O)C3N)C(O)C2N)C1O,1,1,1,0,0
172,224,5392,"O,O'-(Thiodi-4,1-phenylene) O,O,O',O'-tetramethyl ester phosphorothioic acid",3383-96-8,COP(=S)(OC)Oc1ccc(Sc2ccc(OP(=S)(OC)OC)cc2)cc1,WWJZWCUNLNYYAU-UHFFFAOYSA-N,WWJZWCUNLNYYAU,WWJZWCUNLNYYAU,resolved,COP(=S)(OC)Oc1ccc(Sc2ccc(OP(=S)(OC)OC)cc2)cc1,1,2,1,1,0
173,225,12540,Chlorotriphenylstannane,639-58-7,Cl[Sn](c1ccccc1)(c1ccccc1)c1ccccc1,NJVOZLGKTAPUTQ-UHFFFAOYSA-M,NJVOZLGKTAPUTQ,NJVOZLGKTAPUTQ,resolved,[Cl][Sn]([c]1ccccc1)([c]1ccccc1)[c]1ccccc1,1,1,1,0,0
174,226,3017,"O,O-Diethyl O-[6-methyl-2-(1-methylethyl)-4-pyrimidinyl] ester phosphorothioic acid",333-41-5,CCOP(=S)(OCC)Oc1cc(C)nc(C(C)C)n1,FHIVAFMUCKRCQO-UHFFFAOYSA-N,FHIVAFMUCKRCQO,FHIVAFMUCKRCQO,resolved,CCOP(=S)(OCC)Oc1cc(C)nc(C(C)C)n1,1,3,1,1,1
175,227,6328134,Fosetyl,15845-66-6,CCOP(=O)=O,ZUNGGJHBMLMRFJ-UHFFFAOYSA-N,ZUNGGJHBMLMRFJ,ZUNGGJHBMLMRFJ,resolved,CCOP(=O)=O,1,1,1,0,0
176,229,17334,"2-Chloro-9-hydroxy-9H-fluorene-9-carboxylic acid, Methyl ester",2536-31-4,COC(=O)C1(O)c2ccccc2-c2ccc(Cl)cc21,LINPVWIEWJTEEJ-UHFFFAOYSA-N,LINPVWIEWJTEEJ,LINPVWIEWJTEEJ,resolved,COC(=O)C1(O)c2ccccc2-c2ccc(Cl)cc21,1,1,1,0,0
177,230,15910,"2,4,5,6-Tetrachloro-1,3-benzenedicarbonitrile",1897-45-6,N#Cc1c(Cl)c(Cl)c(Cl)c(C#N)c1Cl,CRQQGFGUEAVUIL-UHFFFAOYSA-N,CRQQGFGUEAVUIL,CRQQGFGUEAVUIL,resolved,N#Cc1c(Cl)c(Cl)c(Cl)c(C#N)c1Cl,1,0,0,0,0
178,231,13346,Demeton-O-methyl (Ref: ENT 18862),867-27-6,CCSCCOP(=S)(OC)OC,ZVZQKNVMDKSGGF-UHFFFAOYSA-N,ZVZQKNVMDKSGGF,ZVZQKNVMDKSGGF,resolved,CCSCCOP(=S)(OC)OC,1,2,1,1,0
179,232,54738,Imazapyr,81334-34-1,CC(C)C1(C)N=C(c2ncccc2C(=O)O)NC1=O,CLQMBPJKHLGMQK-UHFFFAOYSA-N,CLQMBPJKHLGMQK,CLQMBPJKHLGMQK,resolved,CC(C)C1(C)N=C(c2ncccc2C(=O)O)NC1=O,1,1,1,0,0
180,233,6295,"1,1'-(2,2-Dichloroethylidene)bis[4-ethylbenzene",72-56-0,CCc1ccc(C(c2ccc(CC)cc2)C(Cl)Cl)cc1,QFMDFTQOJHFVNR-UHFFFAOYSA-N,QFMDFTQOJHFVNR,QFMDFTQOJHFVNR,resolved,CCc1ccc(C(c2ccc(CC)cc2)C(Cl)Cl)cc1,1,2,1,1,0
181,234,5284389,Dinocap (Ref: ENT 24727),39300-45-3,CC=CC(=O)Oc1c(C(C)CCCCCC)cc([N+](=O)[O-])cc1[N+](=O)[O-],NIOPZPCMRQGZCE-UHFFFAOYSA-N,NIOPZPCMRQGZCE,NIOPZPCMRQGZCE,resolved,CC=CC(=O)Oc1c(C(C)CCCCCC)cc([N+](=O)[O-])cc1[N+](=O)[O-],1,2,1,1,0
182,235,18609,"Thiodiphosphoric acid, Tetrapropyl ester",3244-90-4,CCCOP(=S)(OCCC)OP(=S)(OCCC)OCCC,IIDFEIDMIKSJSV-UHFFFAOYSA-N,IIDFEIDMIKSJSV,IIDFEIDMIKSJSV,resolved,CCCOP(=S)(OCCC)OP(=S)(OCCC)OCCC,1,1,1,0,0
183,236,7639,Chlorbenside (Ref: ENT 20696),103-17-3,Clc1ccc(CSc2ccc(Cl)cc2)cc1,ZHLKXBJTJHRTTE-UHFFFAOYSA-N,ZHLKXBJTJHRTTE,ZHLKXBJTJHRTTE,resolved,Clc1ccc(CSc2ccc(Cl)cc2)cc1,1,0,0,0,0
184,237,3032297,"N,N'-1,2-Ethanediylbiscarbamodithioic acid, Sodium salt (1:2)",142-59-6,S=C([S-])NCCNC(=S)[S-].[Na+].[Na+],UQJQVUOTMVCFHX-UHFFFAOYSA-L,UQJQVUOTMVCFHX,AWYFNIZYMPNGAI,resolved,S=C([S-])NCCNC(=S)[S-].[Na+].[Na+],3,1,1,0,0
185,238,4618,"Phosphorothioic acid, S-[2-(Ethylsulfinyl)ethyl] O,O-dimethyl ester",301-12-2,CCS(=O)CCSP(=O)(OC)OC,PMCVMORKVPSKHZ-UHFFFAOYSA-N,PMCVMORKVPSKHZ,PMCVMORKVPSKHZ,resolved,CCS(=O)CCSP(=O)(OC)OC,1,3,1,1,1
186,239,8800,"N'-(4-chlorophenyl)-N,N-dimethylurea",150-68-5,CN(C)C(=O)Nc1ccc(Cl)cc1,BMLIZLVNXIYGCK-UHFFFAOYSA-N,BMLIZLVNXIYGCK,BMLIZLVNXIYGCK,resolved,CN(C)C(=O)Nc1ccc(Cl)cc1,1,0,0,0,0
187,240,3289,"Phosphorodithioic acid O-ethyl S,S-dipropyl ester",13194-48-4,CCCSP(=O)(OCC)SCCC,VJYFKVYYMZPMAB-UHFFFAOYSA-N,VJYFKVYYMZPMAB,VJYFKVYYMZPMAB,resolved,CCCSP(=O)(OCC)SCCC,1,2,1,1,0
188,241,2728,"N-(3-Chlorophenyl)carbamic acid, 1-Methylethyl ester",101-21-3,CC(C)OC(=O)Nc1cccc(Cl)c1,CWJSHJJYOPWUGX-UHFFFAOYSA-N,CWJSHJJYOPWUGX,CWJSHJJYOPWUGX,resolved,CC(C)OC(=O)Nc1cccc(Cl)c1,1,1,1,0,0
189,242,12531,Myristyl acetate,638-59-5,CCCCCCCCCCCCCCOC(C)=O,IOUUIFSIQMVYKP-UHFFFAOYSA-N,IOUUIFSIQMVYKP,IOUUIFSIQMVYKP,resolved,CCCCCCCCCCCCCCOC(C)=O,1,1,1,0,0
190,243,1639,"1H-1,2,4-Triazol-3-amine",61-82-5,Nc1ncn[nH]1,KLSJWNVTNUYHDU-UHFFFAOYSA-N,KLSJWNVTNUYHDU,KLSJWNVTNUYHDU,resolved,Nc1ncn[nH]1,1,0,0,0,0
191,244,23677927,Lithium perfluorooctane sulfonate,29457-72-5,O=S(=O)([O-])C(F)(F)C(F)(F)C(F)(F)C(F)(F)C(F)(F)C(F)(F)C(F)(F)C(F)(F)F.[Li+],XVCUGNWRDDNCRD-UHFFFAOYSA-M,XVCUGNWRDDNCRD,YFSUTJLHUFNCNZ,resolved,O=S(=O)([O-])C(F)(F)C(F)(F)C(F)(F)C(F)(F)C(F)(F)C(F)(F)C(F)(F)C(F)(F)F.[Li+],2,3,1,1,1
192,248,6466,Gibberellic acid,77-06-5,C=C1CC23CC1(O)CCC2C12C=CC(O)C(C)(C(=O)O1)C2C3C(=O)O,IXORZMNAPKEEDV-UHFFFAOYSA-N,IXORZMNAPKEEDV,IXORZMNAPKEEDV,resolved,C=C1CC23CC1(O)CCC2C12C=CC(O)C(C)(C(=O)O1)C2C3C(=O)O,1,1,1,0,0
193,249,6418,"2,2-Dichloropropanoic acid",75-99-0,CC(Cl)(Cl)C(=O)O,NDUPDOJHUQKPAG-UHFFFAOYSA-N,NDUPDOJHUQKPAG,NDUPDOJHUQKPAG,resolved,CC(Cl)(Cl)C(=O)O,1,1,1,0,0
194,252,535,ACC,22059-21-8,NC1(C(=O)O)CC1,PAJPWUMXBYXFCZ-UHFFFAOYSA-N,PAJPWUMXBYXFCZ,PAJPWUMXBYXFCZ,resolved,NC1(C(=O)O)CC1,1,0,0,0,0
195,253,3346,"O,O-Dimethyl O-[3-methyl-4-(methylthio)phenyl]ester phosphorothioic acid",55-38-9,COP(=S)(OC)Oc1ccc(SC)c(C)c1,PNVJTZOFSHSLTO-UHFFFAOYSA-N,PNVJTZOFSHSLTO,PNVJTZOFSHSLTO,resolved,COP(=S)(OC)Oc1ccc(SC)c(C)c1,1,3,1,1,1
196,255,7158,"2-(2,4,5-Trichlorophenoxy)propanoic acid",93-72-1,CC(Oc1cc(Cl)c(Cl)cc1Cl)C(=O)O,ZLSWBLPERHFHIS-UHFFFAOYSA-N,ZLSWBLPERHFHIS,ZLSWBLPERHFHIS,resolved,CC(Oc1cc(Cl)c(Cl)cc1Cl)C(=O)O,1,0,0,0,0
197,256,6660,Maple lactone,80-71-7,CC1=C(O)C(=O)CC1,CFAKWWQIUFSQFU-UHFFFAOYSA-N,CFAKWWQIUFSQFU,CFAKWWQIUFSQFU,resolved,CC1=C(O)C(=O)CC1,1,1,1,0,0
198,257,5366415,Metam-sodium (Ref: N 869),137-42-8,CNC(=S)[S-].[Na+],AFCCDDWKHLHPDF-UHFFFAOYSA-M,AFCCDDWKHLHPDF,HYVVJDQGXFXBRZ,resolved,CNC(=S)[S-].[Na+],2,1,1,0,0
199,259,6857597,Barium polysulphide,50864-67-0,[Ba+2].[S-2],CJDPJFRMHVXWPT-UHFFFAOYSA-N,CJDPJFRMHVXWPT,XDFCIPNJCBUZJN,resolved,[Ba+2].[S-2],2,1,1,0,0
200,260,8594,Naptalam (Ref: ACP 322),132-66-1,O=C(O)c1ccccc1C(=O)Nc1cccc2ccccc12,JXTHEWSKYLZVJC-UHFFFAOYSA-N,JXTHEWSKYLZVJC,JXTHEWSKYLZVJC,resolved,O=C(O)c1ccccc1C(=O)Nc1cccc2ccccc12,1,0,0,0,0
201,263,16180,"2,4-D-dimethylammonium",2008-39-1,CNC.O=C(O)COc1ccc(Cl)cc1Cl,IUQJDHJVPLLKFL-UHFFFAOYSA-N,IUQJDHJVPLLKFL,OVSKIKFHRZPJSS,resolved,CNC.O=C(O)COc1ccc(Cl)cc1Cl,2,1,1,0,0
202,264,13709,"Phosphorodithioic acid S-[(5-methoxy-2-oxo-1,3,4-thiadiazol-3(2H)yl)methyl] O,O-dimethyl ester",950-37-8,COc1nn(CSP(=S)(OC)OC)c(=O)s1,MEBQXILRKZHVCX-UHFFFAOYSA-N,MEBQXILRKZHVCX,MEBQXILRKZHVCX,resolved,COc1nn(CSP(=S)(OC)OC)c(=O)s1,1,3,1,1,1
203,265,4937,"6-Chloro-N2,N4-bis(1-methylethyl)-1,3,5-triazine-2,4-diamine",139-40-2,CC(C)Nc1nc(Cl)nc(NC(C)C)n1,WJNRPILHGGKWCK-UHFFFAOYSA-N,WJNRPILHGGKWCK,WJNRPILHGGKWCK,resolved,CC(C)Nc1nc(Cl)nc(NC(C)C)n1,1,1,1,0,0
204,266,17435,"alpha-[(Dimethoxyphosphinothioyl)thio] benzeneacetic acid, Ethyl ester",2597-03-7,CCOC(=O)C(SP(=S)(OC)OC)c1ccccc1,XAMUDJHXFNRLCY-UHFFFAOYSA-N,XAMUDJHXFNRLCY,XAMUDJHXFNRLCY,resolved,CCOC(=O)C(SP(=S)(OC)OC)c1ccccc1,1,3,1,1,1
205,268,178795,2-[4-[(6-Chloro-2-quinoxalinyl)oxy]phenoxy]propanoic acid,76578-12-6,CC(Oc1ccc(Oc2cnc3cc(Cl)ccc3n2)cc1)C(=O)O,ABOOPXYCKNFDNJ-UHFFFAOYSA-N,ABOOPXYCKNFDNJ,ABOOPXYCKNFDNJ,resolved,CC(Oc1ccc(Oc2cnc3cc(Cl)ccc3n2)cc1)C(=O)O,1,1,1,0,0
206,270,2871,"Phosphorothioic acid O-(3-chloro-4-methyl-2-oxo-2H-1-benzopyran-7-yl) O,O-diethyl ester",56-72-4,CCOP(=S)(OCC)Oc1ccc2c(C)c(Cl)c(=O)oc2c1,BXNANOICGRISHX-UHFFFAOYSA-N,BXNANOICGRISHX,BXNANOICGRISHX,resolved,CCOP(=S)(OCC)Oc1ccc2c(C)c(Cl)c(=O)oc2c1,1,2,1,1,0
207,271,4790,"O,O-Diethyl S-[(ethylthio)methyl])ester, Phosphorodithioic acid",298-02-2,CCOP(=S)(OCC)SCSCC,BULVZWIRKLYCBC-UHFFFAOYSA-N,BULVZWIRKLYCBC,BULVZWIRKLYCBC,resolved,CCOP(=S)(OCC)SCSCC,1,3,1,1,1
208,273,12968,"N,N-dipropylcarbamothioic acid S-ethyl ester",759-94-4,CCCN(CCC)C(=O)SCC,GUVLYNGULCJVDO-UHFFFAOYSA-N,GUVLYNGULCJVDO,GUVLYNGULCJVDO,resolved,CCCN(CCC)C(=O)SCC,1,2,1,1,0
209,275,10234,Binapacryl (Ref: FMC 9044),485-31-4,CCC(C)c1cc([N+](=O)[O-])cc([N+](=O)[O-])c1OC(=O)C=C(C)C,ZRDUSMYWDRPZRM-UHFFFAOYSA-N,ZRDUSMYWDRPZRM,ZRDUSMYWDRPZRM,resolved,CCC(C)c1cc([N+](=O)[O-])cc([N+](=O)[O-])c1OC(=O)C=C(C)C,1,1,1,0,0
210,277,7153,Mecoprop (Ref: RD 4593),7085-19-0,Cc1cc(Cl)ccc1OC(C)C(=O)O,WNTGYJSOUMFZEP-UHFFFAOYSA-N,WNTGYJSOUMFZEP,WNTGYJSOUMFZEP,resolved,Cc1cc(Cl)ccc1OC(C)C(=O)O,1,1,1,0,0
211,278,25146,Dialifos (Ref: AC 14503),10311-84-9,CCOP(=S)(OCC)SC(CCl)N1C(=O)c2ccccc2C1=O,MUMQYXACQUZOFP-UHFFFAOYSA-N,MUMQYXACQUZOFP,MUMQYXACQUZOFP,resolved,CCOP(=S)(OCC)SC(CCl)N1C(=O)c2ccccc2C1=O,1,3,1,1,1
212,279,3032604,"Phosphoric acid, 2-Chloro-3-(diethylamino)-1-methyl-3-oxo-1-propen-1-yl dimethyl ester",13171-21-6,CCN(CC)C(=O)C(Cl)=C(C)OP(=O)(OC)OC,RGCLLPNLLBQHPF-UHFFFAOYSA-N,RGCLLPNLLBQHPF,RGCLLPNLLBQHPF,resolved,CCN(CC)C(=O)C(Cl)=C(C)OP(=O)(OC)OC,1,3,1,1,1
213,281,4928,"6-Methoxy-N2,N4-bis(1-methylethyl)-1,3,5-triazine-2,4-diamine",1610-18-0,COc1nc(NC(C)C)nc(NC(C)C)n1,ISEUFVQQFVOBCY-UHFFFAOYSA-N,ISEUFVQQFVOBCY,ISEUFVQQFVOBCY,resolved,COc1nc(NC(C)C)nc(NC(C)C)n1,1,1,1,0,0
214,282,15331,Daminozide,1596-84-5,CN(C)NC(=O)CCC(=O)O,NOQGZXFMHARMLW-UHFFFAOYSA-N,NOQGZXFMHARMLW,NOQGZXFMHARMLW,resolved,CN(C)NC(=O)CCC(=O)O,1,0,0,0,0
215,283,15939,"1,1'-Dimethyl-4,4'-bipyridinium",4685-14-7,C[n+]1ccc(-c2cc[n+](C)cc2)cc1,INFDPOAKFNIJBF-UHFFFAOYSA-N,INFDPOAKFNIJBF,INFDPOAKFNIJBF,resolved,C[n+]1ccc(-c2cc[n+](C)cc2)cc1,1,2,1,1,0
216,284,7207,MCPB (Ref: MB 3046),94-81-5,Cc1cc(Cl)ccc1OCCCC(=O)O,LLWADFLAOKUBDR-UHFFFAOYSA-N,LLWADFLAOKUBDR,LLWADFLAOKUBDR,resolved,Cc1cc(Cl)ccc1OCCCC(=O)O,1,1,1,0,0
217,285,65420,Dikegulac,18467-77-1,CC1(C)OCC2OC3(C(=O)O)OC(C)(C)OC3C2O1,FWCBATIDXGJRMF-UHFFFAOYSA-N,FWCBATIDXGJRMF,FWCBATIDXGJRMF,resolved,CC1(C)OCC2OC3(C(=O)O)OC(C)(C)OC3C2O1,1,1,1,0,0
218,286,445070,Farnesol,4602-84-0,CC(C)=CCCC(C)=CCCC(C)=CCO,CRDAMVZIKSXKFV-UHFFFAOYSA-N,CRDAMVZIKSXKFV,CRDAMVZIKSXKFV,resolved,CC(C)=CCCC(C)=CCCC(C)=CCO,1,1,1,0,0
219,287,12572,Dimetilan,644-64-4,Cc1cc(OC(=O)N(C)C)nn1C(=O)N(C)C,RDBIYWSVMRVKSG-UHFFFAOYSA-N,RDBIYWSVMRVKSG,RDBIYWSVMRVKSG,resolved,Cc1cc(OC(=O)N(C)C)nn1C(=O)N(C)C,1,2,1,1,0
220,289,2256,"6-Chloro-N-ethyl-N'-(1-methylethyl)-1,3,5-triazine-2,4-diamine",1912-24-9,CCNc1nc(Cl)nc(NC(C)C)n1,MXWJVTOOROXGIU-UHFFFAOYSA-N,MXWJVTOOROXGIU,MXWJVTOOROXGIU,resolved,CCNc1nc(Cl)nc(NC(C)C)n1,1,1,1,0,0
221,290,13836,Chlormequat,7003-89-6,C[N+](C)(C)CCCl,JUZXDNPBRPUIOR-UHFFFAOYSA-N,JUZXDNPBRPUIOR,JUZXDNPBRPUIOR,resolved,C[N+](C)(C)CCCl,1,1,1,0,0
222,291,4929,"N2,N4-Bis(1-methylethyl)-6-(methylthio)-1,3,5-triazine-2,4-diamine",7287-19-6,CSc1nc(NC(C)C)nc(NC(C)C)n1,AAEVYOVXGOFMJO-UHFFFAOYSA-N,AAEVYOVXGOFMJO,AAEVYOVXGOFMJO,resolved,CSc1nc(NC(C)C)nc(NC(C)C)n1,1,1,1,0,0
223,292,13081,Carbofenthion,786-19-6,CCOP(=S)(OCC)SCSc1ccc(Cl)cc1,VEDTXTNSFWUXGQ-UHFFFAOYSA-N,VEDTXTNSFWUXGQ,VEDTXTNSFWUXGQ,resolved,CCOP(=S)(OCC)SCSc1ccc(Cl)cc1,1,2,1,1,0
224,293,1489,"2,4-DB (Ref: ENT 8538)",94-82-6,CNC.O=C(O)CCCOc1ccc(Cl)cc1Cl,KEIXJOCOXNOKHI-UHFFFAOYSA-N,KEIXJOCOXNOKHI,YIVXMZJTEQBPQO,resolved,CNC.O=C(O)CCCOc1ccc(Cl)cc1Cl,2,1,1,0,0
225,295,13836,"2-Chloro-N,N,N-trimethylethanaminium chloride (1:1)",999-81-5,C[N+](C)(C)CCCl.[Cl-],UHZZMRAGKVHANO-UHFFFAOYSA-M,UHZZMRAGKVHANO,JUZXDNPBRPUIOR,resolved,C[N+](C)(C)CCCl.[Cl-],2,1,1,0,0
226,296,5430,2-(4-Thiazolyl)-1H-benzimidazole,148-79-8,c1ccc2[nH]c(-c3cscn3)nc2c1,WJCNZQLZVWNLKY-UHFFFAOYSA-N,WJCNZQLZVWNLKY,WJCNZQLZVWNLKY,resolved,c1ccc2[nH]c(-c3cscn3)nc2c1,1,2,1,1,0
227,297,8427,Dichlorprop (Ref: RD 406),120-36-5,CC(Oc1ccc(Cl)cc1Cl)C(=O)O,MZHCENGPTKEIGP-UHFFFAOYSA-N,MZHCENGPTKEIGP,MZHCENGPTKEIGP,resolved,CC(Oc1ccc(Cl)cc1Cl)C(=O)O,1,1,1,0,0
228,298,62389,N-(Phenylmethyl)-1H-purin-6-amine,1214-39-7,c1ccc(CNc2ncnc3nc[nH]c23)cc1,NWBJYWHLCVSVIJ-UHFFFAOYSA-N,NWBJYWHLCVSVIJ,NWBJYWHLCVSVIJ,resolved,c1ccc(CNc2ncnc3nc[nH]c23)cc1,1,1,1,0,0
229,299,16421,P-Phenylphosphonothioic acid O-ethyl O-(4-nitrophenyl) ester ,2104-64-5,CCOP(=S)(Oc1ccc([N+](=O)[O-])cc1)c1ccccc1,AIGRXSNSLVJMEA-UHFFFAOYSA-N,AIGRXSNSLVJMEA,AIGRXSNSLVJMEA,resolved,CCOP(=S)(Oc1ccc([N+](=O)[O-])cc1)c1ccccc1,1,3,1,1,1
230,301,560193,Vamidothion (Ref: ENT 26613),2275-23-2,CNC(=O)C(C)SCCSP(=O)(OC)OC,LESVOLZBIFDZGS-UHFFFAOYSA-N,LESVOLZBIFDZGS,LESVOLZBIFDZGS,resolved,CNC(=O)C(C)SCCSP(=O)(OC)OC,1,3,1,1,1
231,302,517058,Dalapon-sodium,127-20-8,CC(Cl)(Cl)C(=O)[O-].[Na+],PDEFQWNXOUGDJR-UHFFFAOYSA-M,PDEFQWNXOUGDJR,NDUPDOJHUQKPAG,resolved,CC(Cl)(Cl)C(=O)[O-].[Na+],2,1,1,0,0
232,303,9414,"4-(Dimethylamino)-3,5-dimethylphenol, Methylcarbamate(ester)",315-18-4,CNC(=O)Oc1cc(C)c(N(C)C)c(C)c1,YNEVBPNZHBAYOA-UHFFFAOYSA-N,YNEVBPNZHBAYOA,YNEVBPNZHBAYOA,resolved,CNC(=O)Oc1cc(C)c(N(C)C)c(C)c1,1,3,1,1,1
233,306,2078,"2-Chloro-N-(2,6-diethylphenyl)-N-(methoxymethyl)acetamide",15972-60-8,CCc1cccc(CC)c1N(COC)C(=O)CCl,XCSGPAVHZFQHGE-UHFFFAOYSA-N,XCSGPAVHZFQHGE,XCSGPAVHZFQHGE,resolved,CCc1cccc(CC)c1N(COC)C(=O)CCl,1,1,1,0,0
234,307,6543,"S-[(4,6-Diamino-1,3,5-triazin-2-yl)methyl]O,O-dimethyl ester phosphorodithioic acid",78-57-9,COP(=S)(OC)SCc1nc(N)nc(N)n1,SUYHYHLFUHHVJQ-UHFFFAOYSA-N,SUYHYHLFUHHVJQ,SUYHYHLFUHHVJQ,resolved,COP(=S)(OC)SCc1nc(N)nc(N)n1,1,3,1,1,1
235,308,9272,"Phosphorothioic acid, O,O-Diethyl O-2-pyrazinyl ester  ",297-97-2,CCOP(=S)(OCC)Oc1cnccn1,IRVDMKJLOCGUBJ-UHFFFAOYSA-N,IRVDMKJLOCGUBJ,IRVDMKJLOCGUBJ,resolved,CCOP(=S)(OCC)Oc1cnccn1,1,3,1,1,1
236,309,30709,"p-Phenylphosphonothioic acid, O-(4-Bromo-2,5-dichlorophenyl) O-methyl ester",21609-90-5,COP(=S)(Oc1cc(Cl)c(Br)cc1Cl)c1ccccc1,CVRALZAYCYJELZ-UHFFFAOYSA-N,CVRALZAYCYJELZ,CVRALZAYCYJELZ,resolved,COP(=S)(Oc1cc(Cl)c(Br)cc1Cl)c1ccccc1,1,2,1,1,0
237,310,16683004,"1,1,1,3,3,3-Hexakis(2-methyl-2-phenylpropyl)distannoxane",13356-08-6,CC(C)(C[Sn](CC(C)(C)c1ccccc1)(CC(C)(C)c1ccccc1)O[Sn](CC(C)(C)c1ccccc1)(CC(C)(C)c1ccccc1)CC(C)(C)c1ccccc1)c1ccccc1,HOXINJBQVZWYGZ-UHFFFAOYSA-N,HOXINJBQVZWYGZ,WCHBYUHLDNMPBA,resolved,CC(C)([CH2][Sn]([CH2]C(C)(C)c1ccccc1)([CH2]C(C)(C)c1ccccc1)[O][Sn]([CH2]C(C)(C)c1ccccc1)([CH2]C(C)(C)c1ccccc1)[CH2]C(C)(C)c1ccccc1)c1ccccc1,1,0,0,0,0
238,311,38884,Bupirimate (Ref: PP 588),41483-43-6,CCCCc1c(C)nc(NCC)nc1OS(=O)(=O)N(C)C,DSKJPMWIHSOYEA-UHFFFAOYSA-N,DSKJPMWIHSOYEA,DSKJPMWIHSOYEA,resolved,CCCCc1c(C)nc(NCC)nc1OS(=O)(=O)N(C)C,1,1,1,0,0
239,312,9411,"5-Bromo-6-methyl-3-(1-methylpropyl)-2,4(1H,3H)-pyrimidinedione",314-40-9,CCC(C)n1c(=O)[nH]c(C)c(Br)c1=O,CTSLUCNDVMMDHG-UHFFFAOYSA-N,CTSLUCNDVMMDHG,CTSLUCNDVMMDHG,resolved,CCC(C)n1c(=O)[nH]c(C)c(Br)c1=O,1,0,0,0,0
240,313,23668198,Fenaminosulf (Ref: BAY 5027),140-56-7,CN(C)c1ccc(N=NS(=O)(=O)[O-])cc1.[Na+],IWDQPCIQCXRBQP-UHFFFAOYSA-M,IWDQPCIQCXRBQP,FLTYACUMGDVPLP,resolved,CN(C)c1ccc(N=NS(=O)(=O)[O-])cc1.[Na+],2,0,0,0,0
241,314,16247,"4-(Dimethylamino)-3-methylphenol, Methylcarbamate (ester)",2032-59-9,CNC(=O)Oc1ccc(N(C)C)c(C)c1,IMIDOCRTMDIQIJ-UHFFFAOYSA-N,IMIDOCRTMDIQIJ,IMIDOCRTMDIQIJ,resolved,CNC(=O)Oc1ccc(N(C)C)c(C)c1,1,3,1,1,1
242,315,151080,1-methylcyclopropene,3100-04-7,CC1=CC1,SHDPRTQPPWIEJG-UHFFFAOYSA-N,SHDPRTQPPWIEJG,SHDPRTQPPWIEJG,resolved,CC1=CC1,1,2,1,1,0
243,317,47866,"N-Cyclopropyl-1,3,5-triazine-2,4,6-triamine",66215-27-8,Nc1nc(N)nc(NC2CC2)n1,LVQDKIWDGQRHTE-UHFFFAOYSA-N,LVQDKIWDGQRHTE,LVQDKIWDGQRHTE,resolved,Nc1nc(N)nc(NC2CC2)n1,1,1,1,0,0
244,318,16115,Chloroxuron (Ref: C 1983),1982-47-4,CN(C)C(=O)Nc1ccc(Oc2ccc(Cl)cc2)cc1,IVUXTESCPZUGJC-UHFFFAOYSA-N,IVUXTESCPZUGJC,IVUXTESCPZUGJC,resolved,CN(C)C(=O)Nc1ccc(Oc2ccc(Cl)cc2)cc1,1,1,1,0,0
245,319,8393,"N,N-dimethylcarbamic acid 3-methyl-1-(1-methylethyl)-1H-pyrazol-5-yl ester",119-38-0,Cc1cc(OC(=O)N(C)C)n(C(C)C)n1,RNNBHZYEKNHLKT-UHFFFAOYSA-N,RNNBHZYEKNHLKT,RNNBHZYEKNHLKT,resolved,Cc1cc(OC(=O)N(C)C)n(C(C)C)n1,1,3,1,1,1
246,320,5569,"2,6-Dinitro-N,N-dipropyl-4-(trifluoromethyl)benzenamine",1582-09-8,CCCN(CCC)c1c([N+](=O)[O-])cc(C(F)(F)F)cc1[N+](=O)[O-],ZSDSQXJSNMTJDA-UHFFFAOYSA-N,ZSDSQXJSNMTJDA,ZSDSQXJSNMTJDA,resolved,CCCN(CCC)c1c([N+](=O)[O-])cc(C(F)(F)F)cc1[N+](=O)[O-],1,1,1,0,0
247,321,161367,Nepetalactone,490-10-8,CC1=COC(=O)C2C(C)CCC12,ZDKZHVNKFOXMND-UHFFFAOYSA-N,ZDKZHVNKFOXMND,ZDKZHVNKFOXMND,resolved,CC1=COC(=O)C2C(C)CCC12,1,1,1,0,0
248,322,13721,Methyl trithion,953-17-3,COP(=S)(OC)SCSc1ccc(Cl)cc1,OUCCVXVYGFBXSV-UHFFFAOYSA-N,OUCCVXVYGFBXSV,OUCCVXVYGFBXSV,resolved,COP(=S)(OC)SCSc1ccc(Cl)cc1,1,2,1,1,0
249,323,5284484,Metiram (Ref: BAS 222F),9006-42-2,S=C([S-])NCCNC(=S)S.S=C([S-])NCCNC(=S)S.[NH2-].[Zn],VHQATEKXKUZBLS-UHFFFAOYSA-L,VHQATEKXKUZBLS,AWYFNIZYMPNGAI,resolved,S=C([S-])NCCNC(=S)S.S=C([S-])NCCNC(=S)S.[NH2-].[Zn],4,1,1,0,0
250,324,17109,"6-Methyl-1,3-dithiolo[4,5-b]quinoxalin-2-one",2439-01-2,Cc1ccc2nc3sc(=O)sc3nc2c1,FBQQHUGEACOBDN-UHFFFAOYSA-N,FBQQHUGEACOBDN,FBQQHUGEACOBDN,resolved,Cc1ccc2nc3sc(=O)sc3nc2c1,1,1,1,0,0
251,325,7159,"1,3-Dithiolo[4,5-b]quinoxaline-2-thione",93-75-4,S=c1sc2nc3ccccc3nc2s1,ILERPRJWJPJZDN-UHFFFAOYSA-N,ILERPRJWJPJZDN,ILERPRJWJPJZDN,resolved,S=c1sc2nc3ccccc3nc2s1,1,0,0,0,0
252,326,3032581,"[[2-[(Dithiocarboxy)amino]ethyl]carbamodithioato(2-)-kappaS,kappaS']manganese",12427-38-2,S=C([S-])NCCNC(=S)[S-].[Mn+2],YKSNLCVSTHTHJA-UHFFFAOYSA-L,YKSNLCVSTHTHJA,AWYFNIZYMPNGAI,resolved,S=C([S-])NCCNC(=S)[S-].[Mn+2],2,1,1,0,0
253,328,5284484,Zineb (Ref: ENT 14874),12122-67-7,S=C([S-])NCCNC(=S)[S-].[Zn+2],AMHNZOICSMBGDH-UHFFFAOYSA-L,AMHNZOICSMBGDH,AWYFNIZYMPNGAI,resolved,S=C([S-])NCCNC(=S)[S-].[Zn+2],2,2,1,1,0
254,329,8947,"Methylarsonic acid, Disodium salt",144-21-8,C[As](=O)([O-])[O-].[Na+].[Na+],SDIXRDNYIMOKSG-UHFFFAOYSA-L,SDIXRDNYIMOKSG,QYPPRTNMGCREIM,resolved,C[As](=O)([O-])[O-].[Na+].[Na+],3,1,1,0,0
255,330,622971,Gibberellins,8030-53-3,C=C1CC23CC1CCC2C12CCC(O)C(C)(C(=O)O1)C2C3C(=O)O,RSQSQJNRHICNNH-UHFFFAOYSA-N,RSQSQJNRHICNNH,RSQSQJNRHICNNH,resolved,C=C1CC23CC1CCC2C12CCC(O)C(C)(C(=O)O1)C2C3C(=O)O,1,1,1,0,0
256,331,8948,Methylarsonic acid,124-58-3,C[As](=O)(O)O,QYPPRTNMGCREIM-UHFFFAOYSA-N,QYPPRTNMGCREIM,QYPPRTNMGCREIM,resolved,C[As](=O)(O)O,1,1,1,0,0
257,332,17563,XMC (Ref: H 69),2655-14-3,CNC(=O)Oc1cc(C)cc(C)c1,CVQODEWAPZVVBU-UHFFFAOYSA-N,CVQODEWAPZVVBU,CVQODEWAPZVVBU,resolved,CNC(=O)Oc1cc(C)cc(C)c1,1,3,1,1,1
258,333,15629,Monolinuron (Ref: HOE 002747),1746-81-2,CON(C)C(=O)Nc1ccc(Cl)cc1,LKJPSUCKSLORMF-UHFFFAOYSA-N,LKJPSUCKSLORMF,LKJPSUCKSLORMF,resolved,CON(C)C(=O)Nc1ccc(Cl)cc1,1,0,0,0,0
259,334,88045,Kasugamycin hydrochloride hydrate,19408-46-9,CC1OC(OC2C(O)C(O)C(O)C(O)C2O)C(N)CC1N=C(N)C(=O)O.Cl,ZDRBJJNXJOSCLR-UHFFFAOYSA-N,ZDRBJJNXJOSCLR,PVTHJAPFENJVNC,resolved,CC1OC(OC2C(O)C(O)C(O)C(O)C2O)C(N)CC1N=C(N)C(=O)O.Cl,2,1,1,0,0
260,335,15965,"4-Amino-3,5,6-trichloro-2-pyridinecarboxylic acid",1918-02-1,Nc1c(Cl)c(Cl)nc(C(=O)O)c1Cl,NQQVFXUMIDALNH-UHFFFAOYSA-N,NQQVFXUMIDALNH,NQQVFXUMIDALNH,resolved,Nc1c(Cl)c(Cl)nc(C(=O)O)c1Cl,1,1,1,0,0
261,336,13904,Desmetryn (Ref: G 34360),1014-69-3,CNc1nc(NC(C)C)nc(SC)n1,HCRWJJJUKUVORR-UHFFFAOYSA-N,HCRWJJJUKUVORR,HCRWJJJUKUVORR,resolved,CNc1nc(NC(C)C)nc(SC)n1,1,0,0,0,0
262,338,13728,Diphenamid (Ref: L 34314),957-51-7,CN(C)C(=O)C(c1ccccc1)c1ccccc1,QAHFOPIILNICLA-UHFFFAOYSA-N,QAHFOPIILNICLA,QAHFOPIILNICLA,resolved,CN(C)C(=O)C(c1ccccc1)c1ccccc1,1,0,0,0,0
263,339,5859,"O-[4[(Dimethylamino)sulfonyl]phenyl]O,O-dimethylester phosphorothioic acid",52-85-7,COP(=S)(OC)Oc1ccc(S(=O)(=O)N(C)C)cc1,JISACBWYRJHSMG-UHFFFAOYSA-N,JISACBWYRJHSMG,JISACBWYRJHSMG,resolved,COP(=S)(OC)Oc1ccc(S(=O)(=O)N(C)C)cc1,1,3,1,1,1
264,343,16004,2-Chloro-6-(trichloromethyl)pyridine,1929-82-4,Clc1cccc(C(Cl)(Cl)Cl)n1,DCUJJWWUNKIJPH-UHFFFAOYSA-N,DCUJJWWUNKIJPH,DCUJJWWUNKIJPH,resolved,Clc1cccc(C(Cl)(Cl)Cl)n1,1,1,1,0,0
265,344,15530,Ioxynil (Ref: ACP 63-303),1689-83-4,N#Cc1cc(I)c(O)c(I)c1,NRXQIUSYPAHGNM-UHFFFAOYSA-N,NRXQIUSYPAHGNM,NRXQIUSYPAHGNM,resolved,N#Cc1cc(I)c(O)c(I)c1,1,2,1,1,0
266,346,10107,"Phosphoric acid, 2-Chloro-1-(2,4-dichlorophenyl)ethenyl diethyl ester",470-90-6,CCOP(=O)(OCC)OC(=CCl)c1ccc(Cl)cc1Cl,FSAVDKDHPDSCTO-UHFFFAOYSA-N,FSAVDKDHPDSCTO,FSAVDKDHPDSCTO,resolved,CCOP(=O)(OCC)OC(=CCl)c1ccc(Cl)cc1Cl,1,3,1,1,1
267,347,13689,"1,3-Dithiolan-2-ylidenephosphoramidic acid diethyl ester",947-02-4,CCOP(=O)(N=C1SCCS1)OCC,ILBONRFSLATCRE-UHFFFAOYSA-N,ILBONRFSLATCRE,ILBONRFSLATCRE,resolved,CCOP(=O)(N=C1SCCS1)OCC,1,2,1,1,0
268,348,2943,Chlorthal-dimethyl (Ref: DAC 893),1861-32-1,COC(=O)c1c(Cl)c(Cl)c(C(=O)OC)c(Cl)c1Cl,NPOJQCVWMSKXDN-UHFFFAOYSA-N,NPOJQCVWMSKXDN,NPOJQCVWMSKXDN,resolved,COC(=O)c1c(Cl)c(Cl)c(C(=O)OC)c(Cl)c1Cl,1,1,1,0,0
269,349,28936,Bromopropylate (Ref: GS 19851),18181-80-1,CC(C)OC(=O)C(O)(c1ccc(Br)cc1)c1ccc(Br)cc1,FOANIXZHAMJWOI-UHFFFAOYSA-N,FOANIXZHAMJWOI,FOANIXZHAMJWOI,resolved,CC(C)OC(=O)C(O)(c1ccc(Br)cc1)c1ccc(Br)cc1,1,0,0,0,0
270,350,31199,"3-[(Dimethoxyphosphinyl)oxy]-2-pentenedioic acid, Dimethyl ester",122-10-1,COC(=O)C=C(CC(=O)OC)OP(=O)(OC)OC,BZSSHIWHSJYWAD-UHFFFAOYSA-N,BZSSHIWHSJYWAD,BZSSHIWHSJYWAD,resolved,COC(=O)C=C(CC(=O)OC)OP(=O)(OC)OC,1,3,1,1,1
271,351,8292,"Phosphorothioic acid, O,O-Diethyl O(4-methylsulfinyl)phenyl)ester",115-90-2,CCOP(=S)(OCC)Oc1ccc(S(C)=O)cc1,XDNBJTQLKCIJBV-UHFFFAOYSA-N,XDNBJTQLKCIJBV,XDNBJTQLKCIJBV,resolved,CCOP(=S)(OCC)Oc1ccc(S(C)=O)cc1,1,3,1,1,1
272,352,2734819,Chlorthiamid (Ref: WL 5792.),1918-13-4,NC(=S)c1c(Cl)cccc1Cl,KGKGSIUWJCAFPX-UHFFFAOYSA-N,KGKGSIUWJCAFPX,KGKGSIUWJCAFPX,resolved,NC(=S)c1c(Cl)cccc1Cl,1,1,1,0,0
273,353,22206,Terbuthylazine,5915-41-3,CCNc1nc(Cl)nc(NC(C)(C)C)n1,FZXISNSWEXTPMF-UHFFFAOYSA-N,FZXISNSWEXTPMF,FZXISNSWEXTPMF,resolved,CCNc1nc(Cl)nc(NC(C)(C)C)n1,1,1,1,0,0
274,354,13307026,Mancozeb,8018-01-7,S=C([S-])NCCNC(=S)[S-].S=C([S-])NCCNC(=S)[S-].[Mn+2].[Zn+2],CHNQZRKUZPNOOH-UHFFFAOYSA-J,CHNQZRKUZPNOOH,AWYFNIZYMPNGAI,resolved,S=C([S-])NCCNC(=S)[S-].S=C([S-])NCCNC(=S)[S-].[Mn+2].[Zn+2],4,1,1,0,0
275,355,2566,"2,3-Dihydro-2,2-dimethyl-7-benzofuranol 7-(N-methylcarbamate)",1563-66-2,CNC(=O)Oc1cccc2c1OC(C)(C)C2,DUEPRVBVGDRKAG-UHFFFAOYSA-N,DUEPRVBVGDRKAG,DUEPRVBVGDRKAG,resolved,CNC(=O)Oc1cccc2c1OC(C)(C)C2,1,3,1,1,1
276,356,17748,Quinoclamine,2797-51-5,NC1=C(Cl)C(=O)c2ccccc2C1=O,OBLNWSCLAYSJJR-UHFFFAOYSA-N,OBLNWSCLAYSJJR,OBLNWSCLAYSJJR,resolved,NC1=C(Cl)C(=O)c2ccccc2C1=O,1,1,1,0,0
277,357,13290,Methoprotryne (Ref: G 36393),841-06-5,COCCCNc1nc(NC(C)C)nc(SC)n1,DDUIUBPJPOKOMV-UHFFFAOYSA-N,DDUIUBPJPOKOMV,DDUIUBPJPOKOMV,resolved,COCCCNc1nc(NC(C)C)nc(SC)n1,1,0,0,0,0
278,358,9595287,2-(Dimethylamino)-N-[[(methylamino)carbonyl]oxy]-2-oxo-ethanimidothioic acid methyl ester,23135-22-0,CNC(=O)ON=C(SC)C(=O)N(C)C,KZAUOCCYDRDERY-UHFFFAOYSA-N,KZAUOCCYDRDERY,KZAUOCCYDRDERY,resolved,CNC(=O)ON=C(SC)C(=O)N(C)C,1,3,1,1,1
279,359,9477,"O-Ethyl O-(2,4,5-trichlorophenyl)ester ethylphosphonothioic acid",327-98-0,CCOP(=S)(CC)Oc1cc(Cl)c(Cl)cc1Cl,ANIAQSUBRGXWLS-UHFFFAOYSA-N,ANIAQSUBRGXWLS,ANIAQSUBRGXWLS,resolved,CCOP(=S)(CC)Oc1cc(Cl)c(Cl)cc1Cl,1,2,1,1,0
280,360,5371562,Monocrotophos (Ref: ENT 27129),6923-22-4,CNC(=O)/C=C(\C)OP(=O)(OC)OC,KRTSDMXIXPKRQR-AATRIKPKSA-N,KRTSDMXIXPKRQR,KRTSDMXIXPKRQR,resolved,CNC(=O)/C=C(\C)OP(=O)(OC)OC,1,3,1,1,1
281,361,2730,"Phosphorothioic acid, O,O-Diethyl O-(3,5,6-trichloro-2-pyridinyl) ester",2921-88-2,CCOP(=S)(OCC)Oc1nc(Cl)c(Cl)cc1Cl,SBPBAQFWLVIOKP-UHFFFAOYSA-N,SBPBAQFWLVIOKP,SBPBAQFWLVIOKP,resolved,CCOP(=S)(OCC)Oc1nc(Cl)c(Cl)cc1Cl,1,3,1,1,1
282,362,14215,Pebulate (Ref: R 2061),1114-71-2,CCCCN(CC)C(=O)SCCC,SGEJQUSYQTVSIU-UHFFFAOYSA-N,SGEJQUSYQTVSIU,SGEJQUSYQTVSIU,resolved,CCCCN(CC)C(=O)SCCC,1,2,1,1,0
283,363,39965,"3-Cyclohexyl-6-(dimethylamino)-1-methyl-1,3,5-triazine-2,4-(1H,3H)dione",51235-04-2,CN(C)c1nc(=O)n(C2CCCCC2)c(=O)n1C,CAWXEEYDBZRFPE-UHFFFAOYSA-N,CAWXEEYDBZRFPE,CAWXEEYDBZRFPE,resolved,CN(C)c1nc(=O)n(C2CCCCC2)c(=O)n1C,1,1,1,0,0
284,364,25912,Chlorbromuron (Ref: C6313),13360-45-7,CON(C)C(=O)Nc1ccc(Br)c(Cl)c1,NLYNUTMZTCLNOO-UHFFFAOYSA-N,NLYNUTMZTCLNOO,NLYNUTMZTCLNOO,resolved,CON(C)C(=O)Nc1ccc(Br)c(Cl)c1,1,1,1,0,0
285,366,4109,N-[[(Methylamino)carbonyl]oxy]ethanimidothioic acid methyl ester,16752-77-5,CNC(=O)ON=C(C)SC,UHXUZOCRWCRNSJ-UHFFFAOYSA-N,UHXUZOCRWCRNSJ,UHXUZOCRWCRNSJ,resolved,CNC(=O)ON=C(C)SC,1,3,1,1,1
286,367,17516,3-methyl-5-(1-methylethyl)phenol 1-(N-methylcarbamate)  ,2631-37-0,CNC(=O)Oc1cc(C)cc(C(C)C)c1,DTAPQAJKAFRNJB-UHFFFAOYSA-N,DTAPQAJKAFRNJB,DTAPQAJKAFRNJB,resolved,CNC(=O)Oc1cc(C)cc(C(C)C)c1,1,2,1,1,0
287,368,12932,Bensulide (Ref: R 4461),741-58-2,CC(C)OP(=S)(OC(C)C)SCCNS(=O)(=O)c1ccccc1,RRNIZKPFKNDSRS-UHFFFAOYSA-N,RRNIZKPFKNDSRS,RRNIZKPFKNDSRS,resolved,CC(C)OP(=S)(OC(C)C)SCCNS(=O)(=O)c1ccccc1,1,2,1,1,0
288,370,14210,"O,O-Dimethyl S-[2-(methylamino)-2-oxoethyl ester phosphorothioic acid",1113-02-6,CNC(=O)CSP(=O)(OC)OC,PZXOQEXFMJCDPG-UHFFFAOYSA-N,PZXOQEXFMJCDPG,PZXOQEXFMJCDPG,resolved,CNC(=O)CSP(=O)(OC)OC,1,3,1,1,1
289,371,16562,"N,N-Dimethyl-N'-[3-(trifluoromethyl)phenyl]urea",2164-17-2,CN(C)C(=O)Nc1cccc(C(F)(F)F)c1,RZILCCPWPBTYDO-UHFFFAOYSA-N,RZILCCPWPBTYDO,RZILCCPWPBTYDO,resolved,CN(C)C(=O)Nc1cccc(C(F)(F)F)c1,1,1,1,0,0
290,372,18290,Metobromuron (Ref: C 3216),3060-89-7,CON(C)C(=O)Nc1ccc(Br)cc1,WLFDQEVORAMCIM-UHFFFAOYSA-N,WLFDQEVORAMCIM,WLFDQEVORAMCIM,resolved,CON(C)C(=O)Nc1ccc(Br)cc1,1,0,0,0,0
291,373,5280896,S-abscisic acid,21293-29-8,CC(C=CC1(O)C(C)=CC(=O)CC1(C)C)=CC(=O)O,JLIDBLDQVAYHNE-UHFFFAOYSA-N,JLIDBLDQVAYHNE,JLIDBLDQVAYHNE,resolved,CC(C=CC1(O)C(C)=CC(=O)CC1(C)C)=CC(=O)O,1,1,1,0,0
292,374,14145,"1,1-Dichloro-N-[(dimethylamino)sulfonyl]-1-fluoro-N-phenylmethanesulfenamide",1085-98-9,CN(C)S(=O)(=O)N(SC(F)(Cl)Cl)c1ccccc1,WURGXGVFSMYFCG-UHFFFAOYSA-N,WURGXGVFSMYFCG,WURGXGVFSMYFCG,resolved,CN(C)S(=O)(=O)N(SC(F)(Cl)Cl)c1ccccc1,1,0,0,0,0
293,375,22544,Chlordimeform (Ref: ENT 27335),6164-98-3,Cc1cc(Cl)ccc1N=CN(C)C,STUSTWKEFDQFFZ-UHFFFAOYSA-N,STUSTWKEFDQFFZ,STUSTWKEFDQFFZ,resolved,Cc1cc(Cl)ccc1N=CN(C)C,1,0,0,0,0
294,376,16653,Molinate (Ref: OMS 1373),2212-67-1,CCSC(=O)N1CCCCCC1,DEDOPGXGGQYYMW-UHFFFAOYSA-N,DEDOPGXGGQYYMW,DEDOPGXGGQYYMW,resolved,CCSC(=O)N1CCCCCC1,1,2,1,1,0
295,377,4628,Oxolinic acid,14698-29-4,CCn1cc(C(=O)O)c(=O)c2cc3c(cc21)OCO3,KYGZCKSPAKDVKC-UHFFFAOYSA-N,KYGZCKSPAKDVKC,KYGZCKSPAKDVKC,resolved,CCn1cc(C(=O)O)c(=O)c2cc3c(cc21)OCO3,1,1,1,0,0
296,379,31070,(1-Methylethyl)phosphoramidic acid ethyl-3-methyl-4-(methylthio)phenyl ester,22224-92-6,CCOP(=O)(NC(C)C)Oc1ccc(SC)c(C)c1,ZCJPOPBZHLUFHF-UHFFFAOYSA-N,ZCJPOPBZHLUFHF,ZCJPOPBZHLUFHF,resolved,CCOP(=O)(NC(C)C)Oc1ccc(SC)c(C)c1,1,2,1,1,0
297,381,6327054,Tricyclohexylhydroxystannane,13121-70-5,C1CCC([Sn](C2CCCCC2)C2CCCCC2)CC1.O,UGCNRZFAUBJVPT-UHFFFAOYSA-N,UGCNRZFAUBJVPT,RNVJQUPAEIQUTC,resolved,C1CC[CH]([Sn]([CH]2CCCCC2)[CH]2CCCCC2)CC1.O,2,1,1,0,0
298,382,12304687,Pyrethrins (jasmolin I),4466-14-2,CCC=CCC1=C(C)C(OC(=O)C2C(C=C(C)C)C2(C)C)CC1=O,NZKIRHFOLVYKFT-UHFFFAOYSA-N,NZKIRHFOLVYKFT,NZKIRHFOLVYKFT,resolved,CCC=CCC1=C(C)C(OC(=O)C2C(C=C(C)C)C2(C)C)CC1=O,1,3,1,1,1
299,383,31099,Formetanate (Ref: SN 36056),22259-30-9,CNC(=O)Oc1cccc(N=CN(C)C)c1,RMFNNCGOSPBBAD-UHFFFAOYSA-N,RMFNNCGOSPBBAD,RMFNNCGOSPBBAD,resolved,CNC(=O)Oc1cccc(N=CN(C)C)c1,1,3,1,1,1
300,384,19756,Fuberidazole,3878-19-1,c1coc(-c2nc3ccccc3[nH]2)c1,UYJUZNLFJAWNEZ-UHFFFAOYSA-N,UYJUZNLFJAWNEZ,UYJUZNLFJAWNEZ,resolved,c1coc(-c2nc3ccccc3[nH]2)c1,1,0,0,0,0
301,385,12304690,Pyrethrins (jasmolin II),1172-63-0,CCC=CCC1=C(C)C(OC(=O)C2C(C=C(C)C(=O)OC)C2(C)C)CC1=O,WKNSDDMJXANVMK-UHFFFAOYSA-N,WKNSDDMJXANVMK,WKNSDDMJXANVMK,resolved,CCC=CCC1=C(C)C(OC(=O)C2C(C=C(C)C(=O)OC)C2(C)C)CC1=O,1,3,1,1,1
302,386,39985,Diclofop-methyl (Ref: HOE 023408),51338-27-3,COC(=O)C(C)Oc1ccc(Oc2ccc(Cl)cc2Cl)cc1,BACHBFVBHLGWSL-UHFFFAOYSA-N,BACHBFVBHLGWSL,BACHBFVBHLGWSL,resolved,COC(=O)C(C)Oc1ccc(Oc2ccc(Cl)cc2Cl)cc1,1,1,1,0,0
303,388,25429,N-1H-Benzimidazol-2-yl carbamic acid methyl ester,10605-21-7,COC(=O)Nc1nc2ccccc2[nH]1,TWFZGCMQGLPBSX-UHFFFAOYSA-N,TWFZGCMQGLPBSX,TWFZGCMQGLPBSX,resolved,COC(=O)Nc1nc2ccccc2[nH]1,1,1,1,0,0
304,389,28935,"Phosphorothioic acid, O-(2,5-Dichloro-4-iodophenyl) O,O-dimethyl ester",18181-70-9,COP(=S)(OC)Oc1cc(Cl)c(I)cc1Cl,LFVLUOAHQIVABZ-UHFFFAOYSA-N,LFVLUOAHQIVABZ,LFVLUOAHQIVABZ,resolved,COP(=S)(OC)Oc1cc(Cl)c(I)cc1Cl,1,2,1,1,0
305,390,13676,"Ethylphosphonodithioic acid, O-Ethyl S-phenyl ester",944-22-9,CCOP(=S)(CC)Sc1ccccc1,KVGLBTYUCJYMND-UHFFFAOYSA-N,KVGLBTYUCJYMND,KVGLBTYUCJYMND,resolved,CCOP(=S)(CC)Sc1ccccc1,1,2,1,1,0
306,391,19662,Benazolin (Ref: RD 7693),3813-05-6,O=C(O)Cn1c(=O)sc2cccc(Cl)c21,HYJSGOXICXYZGS-UHFFFAOYSA-N,HYJSGOXICXYZGS,HYJSGOXICXYZGS,resolved,O=C(O)Cn1c(=O)sc2cccc(Cl)c21,1,0,0,0,0
307,392,62712,"Sulfuric acid, Iron(2+) salt(1:1), Monohydrate",17375-41-6,O.O=S(=O)([O-])[O-].[Fe+2],XBDUTCVQJHJTQZ-UHFFFAOYSA-L,XBDUTCVQJHJTQZ,QAOWNCQODCNURD,resolved,O.O=S(=O)([O-])[O-].[Fe+2],3,1,1,0,0
308,393,14119,"Benzo[b]thiophene-4-ol, 4-(N-methylcarbamate)",1079-33-0,CNC(=O)Oc1cccc2sccc12,BOTUVXISJHKZKJ-UHFFFAOYSA-N,BOTUVXISJHKZKJ,BOTUVXISJHKZKJ,resolved,CNC(=O)Oc1cccc2sccc12,1,3,1,1,1
309,394,13450,Terbutryn (Ref: GS 14260),886-50-0,CCNc1nc(NC(C)(C)C)nc(SC)n1,IROINLKCQGIITA-UHFFFAOYSA-N,IROINLKCQGIITA,IROINLKCQGIITA,resolved,CCNc1nc(NC(C)(C)C)nc(SC)n1,1,3,1,1,1
310,395,77338,Fenclorim (Ref: CGA 123407),3740-92-9,Clc1cc(Cl)nc(-c2ccccc2)n1,NRFQZTCQAYEXEE-UHFFFAOYSA-N,NRFQZTCQAYEXEE,NRFQZTCQAYEXEE,resolved,Clc1cc(Cl)nc(-c2ccccc2)n1,1,1,1,0,0
311,396,15531,"3,5-Dibromo-4-hydroxybenzonitrile",1689-84-5,N#Cc1cc(Br)c(O)c(Br)c1,UPMXNNIRAGDFEH-UHFFFAOYSA-N,UPMXNNIRAGDFEH,UPMXNNIRAGDFEH,resolved,N#Cc1cc(Br)c(O)c(Br)c1,1,2,1,1,0
312,399,5363527,Looplure (Ref: ENT 33266),14959-86-5,CCCCC=CCCCCCCOC(C)=O,MUZGQHWTRUVFLG-UHFFFAOYSA-N,MUZGQHWTRUVFLG,MUZGQHWTRUVFLG,resolved,CCCCC=CCCCCCCOC(C)=O,1,1,1,0,0
313,400,22188,"5-Chloro-3-(1,1-dimethylethyl)-6-methyl-2,4(1H,3H)-pyrimidinedione",5902-51-2,Cc1[nH]c(=O)n(C(C)(C)C)c(=O)c1Cl,NBQCNZYJJMBDKY-UHFFFAOYSA-N,NBQCNZYJJMBDKY,NBQCNZYJJMBDKY,resolved,Cc1[nH]c(=O)n(C(C)(C)C)c(=O)c1Cl,1,0,0,0,0
314,401,19402,Chlorophacinone (Ref: LM 91),3691-35-8,O=C1c2ccccc2C(=O)C1C(=O)C(c1ccccc1)c1ccc(Cl)cc1,UDHXJZHVNHGCEC-UHFFFAOYSA-N,UDHXJZHVNHGCEC,UDHXJZHVNHGCEC,resolved,O=C1c2ccccc2C(=O)C1C(=O)C(c1ccccc1)c1ccc(Cl)cc1,1,2,1,1,0
315,402,20226,Kelevan (Ref: GC-9160),4234-79-1,CCOC(=O)CCC(=O)CC1(O)C2(Cl)C3(Cl)C4(Cl)C(Cl)(Cl)C5(Cl)C3(Cl)C1(Cl)C5(Cl)C42Cl,POSKOXIJDWDKPH-UHFFFAOYSA-N,POSKOXIJDWDKPH,POSKOXIJDWDKPH,resolved,CCOC(=O)CCC(=O)CC1(O)C2(Cl)C3(Cl)C4(Cl)C(Cl)(Cl)C5(Cl)C3(Cl)C1(Cl)C5(Cl)C42Cl,1,0,0,0,0
316,405,3032791,"N,N'-[1,2-Phenylenebis(iminocarbonothioyl)]bis-C,C'- dimethyl ester carbamic acid",23564-05-8,COC(=O)NC(=S)Nc1ccccc1NC(=S)NC(=O)OC,QGHREAKMXXNCOA-UHFFFAOYSA-N,QGHREAKMXXNCOA,QGHREAKMXXNCOA,resolved,COC(=O)NC(=S)Nc1ccccc1NC(=S)NC(=O)OC,1,1,1,0,0
317,406,9570093,Aldoxycarb,1646-88-4,CNC(=O)ON=CC(C)(C)S(C)(=O)=O,YRRKLBAKDXSTNC-UHFFFAOYSA-N,YRRKLBAKDXSTNC,YRRKLBAKDXSTNC,resolved,CNC(=O)ON=CC(C)(C)S(C)(=O)=O,1,1,1,0,0
318,408,443629,Validamycin A,37248-47-8,OCC1=CC(NC2CC(CO)C(OC3OC(CO)C(O)C(O)C3O)C(O)C2O)C(O)C(O)C1O,JARYYMUOCXVXNK-UHFFFAOYSA-N,JARYYMUOCXVXNK,JARYYMUOCXVXNK,resolved,OCC1=CC(NC2CC(CO)C(OC3OC(CO)C(O)C(O)C3O)C(O)C2O)C(O)C(O)C1O,1,3,1,1,1
319,409,21330,Oxycarboxin (Ref: F 461),5259-88-1,CC1=C(C(=O)Nc2ccccc2)S(=O)(=O)CCO1,AMEKQAFGQBKLKX-UHFFFAOYSA-N,AMEKQAFGQBKLKX,AMEKQAFGQBKLKX,resolved,CC1=C(C(=O)Nc2ccccc2)S(=O)(=O)CCO1,1,0,0,0,0
320,410,28213,"S-[2-(Ethylsulfonyl)ethyl]O,O-dimethyl ester phosphorothioic acid",17040-19-6,CCS(=O)(=O)CCSP(=O)(OC)OC,PZIRJMYRYORVIT-UHFFFAOYSA-N,PZIRJMYRYORVIT,PZIRJMYRYORVIT,resolved,CCS(=O)(=O)CCSP(=O)(OC)OC,1,3,1,1,1
321,411,18752,Asulam (Ref: M&B 9057),3337-71-1,COC(=O)NS(=O)(=O)c1ccc(N)cc1,VGPYEHKOIGNJKV-UHFFFAOYSA-N,VGPYEHKOIGNJKV,VGPYEHKOIGNJKV,resolved,COC(=O)NS(=O)(=O)c1ccc(N)cc1,1,1,1,0,0
322,412,3032792,Thiophanate,23564-06-9,CCOC(=O)NC(=S)Nc1ccccc1NC(=S)NC(=O)OCC,YFNCATAIYKQPOO-UHFFFAOYSA-N,YFNCATAIYKQPOO,YFNCATAIYKQPOO,resolved,CCOC(=O)NC(=S)Nc1ccccc1NC(=S)NC(=O)OCC,1,1,1,0,0
323,413,16116,Silthiofam (Ref: MON 65500),175217-20-6,C=CCNC(=O)c1c([Si](C)(C)C)sc(C)c1C,MXMXHPPIGKYTAR-UHFFFAOYSA-N,MXMXHPPIGKYTAR,MXMXHPPIGKYTAR,resolved,C=CCNC(=O)c1c([Si](C)(C)C)sc(C)c1C,1,1,1,0,0
324,415,28768,"alpha, alpha-bis(4-Chlorophenyl)-3-pyridinemethanol",17781-31-6,OC(c1ccc(Cl)cc1)(c1ccc(Cl)cc1)c1cccnc1,NBNTWDUNCHRWMT-UHFFFAOYSA-N,NBNTWDUNCHRWMT,NBNTWDUNCHRWMT,resolved,OC(c1ccc(Cl)cc1)(c1ccc(Cl)cc1)c1cccnc1,1,2,1,1,0
325,416,16116,N-(2-Methylcyclohexyl)-N'-phenylurea,1982-49-6,CC1CCCCC1NC(=O)Nc1ccccc1,JXVIIQLNUPXOII-UHFFFAOYSA-N,JXVIIQLNUPXOII,JXVIIQLNUPXOII,resolved,CC1CCCCC1NC(=O)Nc1ccccc1,1,0,0,0,0
326,417,61286,"2-(2,4-Dichlorophenoxy)acetic acid, 2-Ethylhexyl ester",1928-43-4,CCCCC(CC)COC(=O)COc1ccc(Cl)cc1Cl,QZSFJRIWRPJUOH-UHFFFAOYSA-N,QZSFJRIWRPJUOH,QZSFJRIWRPJUOH,resolved,CCCCC(CC)COC(=O)COc1ccc(Cl)cc1Cl,1,1,1,0,0
327,419,23715,Monalide (Ref: SN 35830),7287-36-7,CCCC(C)(C)C(=O)Nc1ccc(Cl)cc1,KXGYBSNVFXBPNO-UHFFFAOYSA-N,KXGYBSNVFXBPNO,KXGYBSNVFXBPNO,resolved,CCCC(C)(C)C(=O)Nc1ccc(Cl)cc1,1,0,0,0,0
328,421,14337,Cyclohexylethylcarbamothioic acid S-ethyl ester,1134-23-2,CCSC(=O)N(CC)C1CCCCC1,DFCAFRGABIXSDS-UHFFFAOYSA-N,DFCAFRGABIXSDS,DFCAFRGABIXSDS,resolved,CCSC(=O)N(CC)C1CCCCC1,1,2,1,1,0
329,422,20965,Bromophos-ethyl (Ref: SHG-2225),4824-78-6,CCOP(=S)(OCC)Oc1cc(Cl)c(Br)cc1Cl,KWGUFOITWDSNQY-UHFFFAOYSA-N,KWGUFOITWDSNQY,KWGUFOITWDSNQY,resolved,CCOP(=S)(OCC)Oc1cc(Cl)c(Br)cc1Cl,1,3,1,1,1
330,423,29216,Methabenzthiazuron (Ref: BAY 74283 ),18691-97-9,CNC(=O)N(C)c1nc2ccccc2s1,RRVIAQKBTUQODI-UHFFFAOYSA-N,RRVIAQKBTUQODI,RRVIAQKBTUQODI,resolved,CNC(=O)N(C)c1nc2ccccc2s1,1,3,1,1,1
331,424,23664718,"4-Amino-3,5,6-trichloro-2-pyridinecarboxylic acid, Potassium salt (1:1)",2545-60-0,Nc1c(Cl)c(Cl)nc(C(=O)[O-])c1Cl.[K+],ZRHANBBTXQZFSP-UHFFFAOYSA-M,ZRHANBBTXQZFSP,NQQVFXUMIDALNH,resolved,Nc1c(Cl)c(Cl)nc(C(=O)[O-])c1Cl.[K+],2,1,1,0,0
332,426,30773,Cyanazine,21725-46-2,CCNc1nc(Cl)nc(NC(C)(C)C#N)n1,MZZBPDKVEFVLFF-UHFFFAOYSA-N,MZZBPDKVEFVLFF,MZZBPDKVEFVLFF,resolved,CCNc1nc(Cl)nc(NC(C)(C)C#N)n1,1,1,1,0,0
333,427,29393,Oryzalin (Ref: EL 119),19044-88-3,CCCN(CCC)c1c([N+](=O)[O-])cc(S(N)(=O)=O)cc1[N+](=O)[O-],UNAHYJYOSSSJHH-UHFFFAOYSA-N,UNAHYJYOSSSJHH,UNAHYJYOSSSJHH,resolved,CCCN(CCC)c1c([N+](=O)[O-])cc(S(N)(=O)=O)cc1[N+](=O)[O-],1,1,1,0,0
334,429,24743,"N-[3-[[(Phenylamino)carbonyl]oxy]phenyl]carbamic acid, Ethyl ester",13684-56-5,CCOC(=O)Nc1cccc(OC(=O)Nc2ccccc2)c1,WZJZMXBKUWKXTQ-UHFFFAOYSA-N,WZJZMXBKUWKXTQ,WZJZMXBKUWKXTQ,resolved,CCOC(=O)Nc1cccc(OC(=O)Nc2ccccc2)c1,1,1,1,0,0
335,432,53597,Glufosinate-ammonium (Ref: HOE 039866),77182-82-2,CP(=O)(O)CCC(N)C(=O)[O-].[NH4+],ZBMRKNMTMPPMMK-UHFFFAOYSA-N,ZBMRKNMTMPPMMK,IAJOBQBIJHVGMQ,resolved,CP(=O)(O)CCC(N)C(=O)[O-].[NH4+],2,0,0,0,0
336,434,26033,"2-[(Diethoxyphosphinothionyl)oxy]-5-methylpyrazolo[1,5-a]pyrimidine-6-carboxylic acid ethyl ester",13457-18-6,CCOC(=O)c1cn2nc(OP(=S)(OCC)OCC)cc2nc1C,JOOMJVFZQRQWKR-UHFFFAOYSA-N,JOOMJVFZQRQWKR,JOOMJVFZQRQWKR,resolved,CCOC(=O)c1cn2nc(OP(=S)(OCC)OCC)cc2nc1C,1,2,1,1,0
337,435,5365075,Muscalure,27519-02-4,CCCCCCCCC=CCCCCCCCCCCCCC,IGOWHGRNPLFNDJ-UHFFFAOYSA-N,IGOWHGRNPLFNDJ,IGOWHGRNPLFNDJ,resolved,CCCCCCCCC=CCCCCCCCCCCCCC,1,1,1,0,0
338,436,20288,"2-Fluoroethyl ([1,1'-biphenyl]-4-yl)acetate",4301-50-2,O=C(Cc1ccc(-c2ccccc2)cc1)OCCF,XAERLJMOUYEBAB-UHFFFAOYSA-N,XAERLJMOUYEBAB,XAERLJMOUYEBAB,resolved,O=C(Cc1ccc(-c2ccccc2)cc1)OCCF,1,1,1,0,0
339,437,31645,Pirimicarb (Ref: OMS 1330),23103-98-2,Cc1nc(N(C)C)nc(OC(=O)N(C)C)c1C,YFGYUFNIOHWBOB-UHFFFAOYSA-N,YFGYUFNIOHWBOB,YFGYUFNIOHWBOB,resolved,Cc1nc(N(C)C)nc(OC(=O)N(C)C)c1C,1,2,1,1,0
340,440,3496,N-(Phosphonomethyl)glycine,1071-83-6,O=C(O)CNCP(=O)(O)O,XDDAORKBJWWYJS-UHFFFAOYSA-N,XDDAORKBJWWYJS,XDDAORKBJWWYJS,resolved,O=C(O)CNCP(=O)(O)O,1,1,1,0,0
341,441,34526,"O-[2-(Diethylamino)-6-methyl-4-pyrimidinyl]O,O-dimethyl ester, Phosphorothioic acid",29232-93-7,CCN(CC)c1nc(C)cc(OP(=S)(OC)OC)n1,QHOQHJPRIBSPCY-UHFFFAOYSA-N,QHOQHJPRIBSPCY,QHOQHJPRIBSPCY,resolved,CCN(CC)c1nc(C)cc(OP(=S)(OC)OC)n1,1,3,1,1,1
342,442,4096,"Phosphoramidothioic acid, O,S-Dimethyl ester",10265-92-6,COP(N)(=O)SC,NNKVPIKMPCQWCG-UHFFFAOYSA-N,NNKVPIKMPCQWCG,NNKVPIKMPCQWCG,resolved,COP(N)(=O)SC,1,3,1,1,1
343,443,29732,"3-[2,4-Dichloro-5-(1-methylethoxy)phenyl]-5-(1,1-dimethylethyl)-1,3,4-oxadiazol-2(3H)-one",19666-30-9,CC(C)Oc1cc(-n2nc(C(C)(C)C)oc2=O)c(Cl)cc1Cl,CHNUNORXWHYHNE-UHFFFAOYSA-N,CHNUNORXWHYHNE,CHNUNORXWHYHNE,resolved,CC(C)Oc1cc(-n2nc(C(C)(C)C)oc2=O)c(Cl)cc1Cl,1,1,1,0,0
344,444,58167,Camphechlor (Ref: Hercules 3956),8001-35-2,ClCC1(C(Cl)Cl)C2CC(Cl)(Cl)C1(CCl)C(Cl)C2Cl,YNEKMCSWRMRXIR-UHFFFAOYSA-N,YNEKMCSWRMRXIR,YNEKMCSWRMRXIR,resolved,ClCC1(C(Cl)Cl)C2CC(Cl)(Cl)C1(CCl)C(Cl)C2Cl,1,3,1,1,1
345,445,36606,Isopropalin (Ref: EL-179),33820-53-0,CCCN(CCC)c1c([N+](=O)[O-])cc(C(C)C)cc1[N+](=O)[O-],NEKOXWSIMFDGMA-UHFFFAOYSA-N,NEKOXWSIMFDGMA,NEKOXWSIMFDGMA,resolved,CCCN(CCC)c1c([N+](=O)[O-])cc(C(C)C)cc1[N+](=O)[O-],1,3,1,1,1
346,446,32184,Triazophos (Ref: HOE 002960 ),24017-47-8,CCOP(=S)(OCC)Oc1ncn(-c2ccccc2)n1,AMFGTOFWMRQMEM-UHFFFAOYSA-N,AMFGTOFWMRQMEM,AMFGTOFWMRQMEM,resolved,CCOP(=S)(OCC)Oc1ncn(-c2ccccc2)n1,1,1,1,0,0
347,447,32154,Propyzamide (Ref: RH 315),23950-58-5,C#CC(C)(C)NC(=O)c1cc(Cl)cc(Cl)c1,PHNUZKMIPFFYSO-UHFFFAOYSA-N,PHNUZKMIPFFYSO,PHNUZKMIPFFYSO,resolved,C#CC(C)(C)NC(=O)c1cc(Cl)cc(Cl)c1,1,1,1,0,0
348,449,31957,"Phosphorothioic acid O-[2-(diethylamino)-6-methyl-4-pyrimidinyl] O,O-diethyl ester",23505-41-1,CCOP(=S)(OCC)Oc1cc(C)nc(N(CC)CC)n1,TZBPRYIIJAJUOY-UHFFFAOYSA-N,TZBPRYIIJAJUOY,TZBPRYIIJAJUOY,resolved,CCOP(=S)(OCC)Oc1cc(C)nc(N(CC)CC)n1,1,3,1,1,1
349,450,27375,Chlorotoluron (Ref: C 2242),15545-48-9,Cc1ccc(NC(=O)N(C)C)cc1Cl,JXCGFZXSOMJFOA-UHFFFAOYSA-N,JXCGFZXSOMJFOA,JXCGFZXSOMJFOA,resolved,Cc1ccc(NC(=O)N(C)C)cc1Cl,1,0,0,0,0
350,453,9568700,2-Methyl-2-(methylsulfinyl)propanal O-[(methylamino)carbonyl]oxime,1646-87-3,CNC(=O)ON=CC(C)(C)S(C)=O,BXPMAGSOWXBZHS-UHFFFAOYSA-N,BXPMAGSOWXBZHS,BXPMAGSOWXBZHS,resolved,CNC(=O)ON=CC(C)(C)S(C)=O,1,3,1,1,1
351,454,34192,"N,N-Diethylcarbamothioic acid S-[(4-chlorophenyl)methyl] ester",28249-77-6,CCN(CC)C(=O)SCc1ccc(Cl)cc1,QHTQREMOGMZHJV-UHFFFAOYSA-N,QHTQREMOGMZHJV,QHTQREMOGMZHJV,resolved,CCN(CC)C(=O)SCc1ccc(Cl)cc1,1,1,1,0,0
352,455,37123,Diflubenzuron (Ref: OMS 1804),35367-38-5,O=C(NC(=O)c1c(F)cccc1F)Nc1ccc(Cl)cc1,QQQYTWIFVNKMRW-UHFFFAOYSA-N,QQQYTWIFVNKMRW,QQQYTWIFVNKMRW,resolved,O=C(NC(=O)c1c(F)cccc1F)Nc1ccc(Cl)cc1,1,2,1,1,0
353,456,33246,"Benzoyl chloride, (2,4,6-Trichlorophenyl)hydrazone",25939-05-3,ClC(=NNc1c(Cl)cc(Cl)cc1Cl)c1ccccc1,QVMATSPQIBFRPZ-UHFFFAOYSA-N,QVMATSPQIBFRPZ,QVMATSPQIBFRPZ,resolved,ClC(=NNc1c(Cl)cc(Cl)cc1Cl)c1ccccc1,1,2,1,1,0
354,458,18996,Piperalin (Ref: HSDB 7058),3478-94-2,CC1CCCCN1CCCOC(=O)c1ccc(Cl)c(Cl)c1,BZGLBXYQOMFXAU-UHFFFAOYSA-N,BZGLBXYQOMFXAU,BZGLBXYQOMFXAU,resolved,CC1CCCCN1CCCOC(=O)c1ccc(Cl)c(Cl)c1,1,1,1,0,0
355,459,21803,"O,O-Dimethyl O-(3,5,6-trichloro-2-pyridinyl) ester phosphorothioic acid",5598-13-0,COP(=S)(OC)Oc1nc(Cl)c(Cl)cc1Cl,HRBKVYFZANMGRE-UHFFFAOYSA-N,HRBKVYFZANMGRE,HRBKVYFZANMGRE,resolved,COP(=S)(OC)Oc1nc(Cl)c(Cl)cc1Cl,1,3,1,1,1
356,460,61899,Dodemorph,1593-77-7,CC1CN(C2CCCCCCCCCCC2)CC(C)O1,JMXKCYUTURMERF-UHFFFAOYSA-N,JMXKCYUTURMERF,JMXKCYUTURMERF,resolved,CC1CN(C2CCCCCCCCCCC2)CC(C)O1,1,1,1,0,0
357,463,23690427,2-[(1-Naphthalenylamino)carbonyl]benzoic acid sodium salt (1:1),132-67-2,O=C([O-])c1ccccc1C(=O)Nc1cccc2ccccc12.[Na+],CLHHSSXFXYAXDB-UHFFFAOYSA-M,CLHHSSXFXYAXDB,JXTHEWSKYLZVJC,resolved,O=C([O-])c1ccccc1C(=O)Nc1cccc2ccccc12.[Na+],2,0,0,0,0
358,464,5363237,(E)-dodec-8-enyl acetate,38363-29-0,CCCC=CCCCCCCCOC(C)=O,SUCYDSJQVVGOIW-UHFFFAOYSA-N,SUCYDSJQVVGOIW,SUCYDSJQVVGOIW,resolved,CCCC=CCCCCCCCOC(C)=O,1,1,1,0,0
359,465,1787910,Codlemone (Ref: BAS 2851),33956-49-9,CC=CC=CCCCCCCCO,CSWBSLXBXRFNST-UHFFFAOYSA-N,CSWBSLXBXRFNST,CSWBSLXBXRFNST,resolved,CC=CC=CCCCCCCCO,1,1,1,0,0
360,466,38235,"3,3-Dimethyl-1-(methylthio)-2-butanone O-[(methylamino)carbonyl]oxime",39196-18-4,CNC(=O)ON=C(CSC)C(C)(C)C,FZSVSABTBYGOQH-UHFFFAOYSA-N,FZSVSABTBYGOQH,FZSVSABTBYGOQH,resolved,CNC(=O)ON=C(CSC)C(C)(C)C,1,3,1,1,1
361,468,5372477,Hydroprene (Ref: OMS 1696),41096-46-2,CCOC(=O)C=C(C)C=CCC(C)CCCC(C)C,FYQGBXGJFWXIPP-UHFFFAOYSA-N,FYQGBXGJFWXIPP,FYQGBXGJFWXIPP,resolved,CCOC(=O)C=C(C)C=CCC(C)CCCC(C)C,1,3,1,1,1
362,469,5366546,Methoprene (Ref: OMS 1697),40596-69-8,COC(C)(C)CCCC(C)CC=CC(C)=CC(=O)OC(C)C,NFGXHKASABOEEW-UHFFFAOYSA-N,NFGXHKASABOEEW,NFGXHKASABOEEW,resolved,COC(C)(C)CCCC(C)CC=CC(C)=CC(=O)OC(C)C,1,3,1,1,1
363,470,37175,"1-[2-(2,4-Dichlorophenyl)-2-(2-propenyloxy)ethyl]-1H-imidazole",35554-44-0,C=CCOC(Cn1ccnc1)c1ccc(Cl)cc1Cl,PZBPKYOVPCNPJY-UHFFFAOYSA-N,PZBPKYOVPCNPJY,PZBPKYOVPCNPJY,resolved,C=CCOC(Cn1ccnc1)c1ccc(Cl)cc1Cl,1,1,1,0,0
364,471,39230,Bifenox,42576-02-3,COC(=O)c1cc(Oc2ccc(Cl)cc2Cl)ccc1[N+](=O)[O-],SUSRORUBZHMPCO-UHFFFAOYSA-N,SUSRORUBZHMPCO,SUSRORUBZHMPCO,resolved,COC(=O)c1cc(Oc2ccc(Cl)cc2Cl)ccc1[N+](=O)[O-],1,0,0,0,0
365,472,20105,Dipropetryn (Ref: GC 16068),4147-51-7,CCSc1nc(NC(C)C)nc(NC(C)C)n1,NPWMZOGDXOFZIN-UHFFFAOYSA-N,NPWMZOGDXOFZIN,NPWMZOGDXOFZIN,resolved,CCSc1nc(NC(C)C)nc(NC(C)C)n1,1,1,1,0,0
366,473,33775,Norflurazon (Ref: H 52143),27314-13-2,CNc1cnn(-c2cccc(C(F)(F)F)c2)c(=O)c1Cl,NVGOPFQZYCNLDU-UHFFFAOYSA-N,NVGOPFQZYCNLDU,NVGOPFQZYCNLDU,resolved,CNc1cnn(-c2cccc(C(F)(F)F)c2)c(=O)c1Cl,1,0,0,0,0
367,474,29307,Isoxathion (Ref: SL 6711),18854-01-8,CCOP(=S)(OCC)Oc1cc(-c2ccccc2)on1,SDMSCIWHRZJSRN-UHFFFAOYSA-N,SDMSCIWHRZJSRN,SDMSCIWHRZJSRN,resolved,CCOP(=S)(OCC)Oc1cc(-c2ccccc2)on1,1,3,1,1,1
368,475,11534927,"5-Chloro-2-(3,4,4-trifluorobut-3-ene-1-sulfonyl)-1,3-thiazole",318290-98-1,O=S(=O)(CCC(F)=C(F)F)c1ncc(Cl)s1,XSNMWAPKHUGZGQ-UHFFFAOYSA-N,XSNMWAPKHUGZGQ,XSNMWAPKHUGZGQ,resolved,O=S(=O)(CCC(F)=C(F)F)c1ncc(Cl)s1,1,0,0,0,0
369,476,5281166,Jasmonic acid,6894-38-8,CCC=CCC1C(=O)CCC1CC(=O)O,ZNJFBWYDHIGLCU-UHFFFAOYSA-N,ZNJFBWYDHIGLCU,ZNJFBWYDHIGLCU,resolved,CCC=CCC1C(=O)CCC1CC(=O)O,1,1,1,0,0
370,477,93379,N-(2-Chloro-4-pyridinyl)-N'-phenylurea  ,68157-60-8,O=C(Nc1ccccc1)Nc1ccnc(Cl)c1,GPXLRLUVLMHHIK-UHFFFAOYSA-N,GPXLRLUVLMHHIK,GPXLRLUVLMHHIK,resolved,O=C(Nc1ccccc1)Nc1ccnc(Cl)c1,1,1,1,0,0
371,478,5281548,Pyrethrins (cinerin II),121-20-0,CC=CCC1=C(C)C(OC(=O)C2C(C=C(C)C(=O)OC)C2(C)C)CC1=O,SHCRDCOTRILILT-UHFFFAOYSA-N,SHCRDCOTRILILT,SHCRDCOTRILILT,resolved,CC=CCC1=C(C)C(OC(=O)C2C(C=C(C)C(=O)OC)C2(C)C)CC1=O,1,3,1,1,1
372,479,5281547,Pyrethrins (cinerin I),25402-06-6,CC=CCC1=C(C)C(OC(=O)C2C(C=C(C)C)C2(C)C)CC1=O,FMTFEIJHMMQUJI-UHFFFAOYSA-N,FMTFEIJHMMQUJI,FMTFEIJHMMQUJI,resolved,CC=CCC1=C(C)C(OC(=O)C2C(C=C(C)C)C2(C)C)CC1=O,1,3,1,1,1
373,480,38078,N-(Phosphonomethyl)glycine compd. with 2-propanamine (1:1),38641-94-0,CC(C)N.O=C(O)CNCP(=O)(O)O,ZEKANFGSDXODPD-UHFFFAOYSA-N,ZEKANFGSDXODPD,XDDAORKBJWWYJS,resolved,CC(C)N.O=C(O)CNCP(=O)(O)O,2,1,1,0,0
374,482,10888022,Frontalin,28401-39-0,CC12CCCC(C)(OC1)O2,AZWKCIZRVUVZPX-UHFFFAOYSA-N,AZWKCIZRVUVZPX,AZWKCIZRVUVZPX,resolved,CC12CCCC(C)(OC1)O2,1,1,1,0,0
375,484,36584,Terbumeton (Ref: GS 14259),33693-04-8,CCNc1nc(NC(C)(C)C)nc(OC)n1,BCQMBFHBDZVHKU-UHFFFAOYSA-N,BCQMBFHBDZVHKU,BCQMBFHBDZVHKU,resolved,CCNc1nc(NC(C)(C)C)nc(OC)n1,1,1,1,0,0
376,485,3034411,Piproctanyl bromide (Ref: ACR-1222),56717-11-4,C=CC[N+]1(CCC(C)CCCC(C)C)CCCCC1.[Br-],LNJLLOLFPPCXOR-UHFFFAOYSA-M,LNJLLOLFPPCXOR,NTHCPJMKRGXODE,resolved,C=CC[N+]1(CCC(C)CCCC(C)C)CCCCC1.[Br-],2,1,1,0,0
377,486,5383,"N-[5-(1,1-Dimethylethyl)-1,3,4-thiadiazol-2-yl]-N,N'-dimethylurea",34014-18-1,CNC(=O)N(C)c1nnc(C(C)(C)C)s1,HBPDKDSFLXWOAE-UHFFFAOYSA-N,HBPDKDSFLXWOAE,HBPDKDSFLXWOAE,resolved,CNC(=O)N(C)c1nnc(C(C)(C)C)s1,1,1,1,0,0
378,487,13199930,Multistriatin,54815-06-4,CCC12OCC(O1)C(C)CC2C,YMBRJMLOGNZRFY-UHFFFAOYSA-N,YMBRJMLOGNZRFY,YMBRJMLOGNZRFY,resolved,CCC12OCC(O1)C(C)CC2C,1,1,1,0,0
379,488,34766,2-[(Ethylthio)methyl]phenol 1-(N-methylcarbamate),29973-13-5,CCSCc1ccccc1OC(=O)NC,HEZNVIYQEUHLNI-UHFFFAOYSA-N,HEZNVIYQEUHLNI,HEZNVIYQEUHLNI,resolved,CCSCc1ccccc1OC(=O)NC,1,2,1,1,0
380,489,11556911,Tembotrione (Ref: AE 0172747),335104-84-2,CS(=O)(=O)c1ccc(C(=O)C2C(=O)CCCC2=O)c(Cl)c1COCC(F)(F)F,IUQAXCIUEPFPSF-UHFFFAOYSA-N,IUQAXCIUEPFPSF,IUQAXCIUEPFPSF,resolved,CS(=O)(=O)c1ccc(C(=O)C2C(=O)CCCC2=O)c(Cl)c1COCC(F)(F)F,1,1,1,0,0
381,490,6100711,Propineb (Ref: BAY 46131),12071-83-9,CC(CNC(=S)[S-])NC(=S)[S-].[Zn+2],KKMLIVYBGSAJPM-UHFFFAOYSA-L,KKMLIVYBGSAJPM,IJIHYLHFNAWUGR,resolved,CC(CNC(=S)[S-])NC(=S)[S-].[Zn+2],2,1,1,0,0
382,492,3526,Guazatine (Ref: EM 379),13516-27-3,NC(N)=NCCCCCCCCNCCCCCCCCN=C(N)N,RONFGUROBZGJKP-UHFFFAOYSA-N,RONFGUROBZGJKP,RONFGUROBZGJKP,resolved,NC(N)=NCCCCCCCCNCCCCCCCCN=C(N)N,1,1,1,0,0
383,493,47326,Fenpropathrin (Ref: OMS 1999),39515-41-8,CC1(C)C(C(=O)OC(C#N)c2cccc(Oc3ccccc3)c2)C1(C)C,XQUXKZZNEFRCAW-UHFFFAOYSA-N,XQUXKZZNEFRCAW,XQUXKZZNEFRCAW,resolved,CC1(C)C(C(=O)OC(C#N)c2cccc(Oc3ccccc3)c2)C1(C)C,1,3,1,1,1
384,494,155682,Lineatin,71899-16-6,CC12CC3OC(C1)C2C(C)(C)O3,SHTFZHTWSLHVEB-UHFFFAOYSA-N,SHTFZHTWSLHVEB,SHTFZHTWSLHVEB,resolved,CC12CC3OC(C1)C2C(C)(C)O3,1,1,1,0,0
385,495,3352,"5-Amino-1-[2,6-dichloro-4-(trifluoromethyl)phenyl]-4-[(trifluoromethyl)sulfinyl]-1H-pyrazole-3-carbonitrile",120068-37-3,N#Cc1nn(-c2c(Cl)cc(C(F)(F)F)cc2Cl)c(N)c1S(=O)C(F)(F)F,ZOCSXAVNDGMNBV-UHFFFAOYSA-N,ZOCSXAVNDGMNBV,ZOCSXAVNDGMNBV,resolved,N#Cc1nn(-c2c(Cl)cc(C(F)(F)F)cc2Cl)c(N)c1S(=O)C(F)(F)F,1,3,1,1,1
386,496,43079,1-Methyl-3-phenyl-5-[3-(trifluoromethyl)phenyl]-4(1H)pyridinone,59756-60-4,Cn1cc(-c2ccccc2)c(=O)c(-c2cccc(C(F)(F)F)c2)c1,YWBVHLJPRPCRSD-UHFFFAOYSA-N,YWBVHLJPRPCRSD,YWBVHLJPRPCRSD,resolved,Cn1cc(-c2ccccc2)c(=O)c(-c2cccc(C(F)(F)F)c2)c1,1,1,1,0,0
387,497,25572,alpha-Cyclopropyl-alpha-(4-methoxyphenyl)-5-pyrimidinemethanol,12771-68-5,COc1ccc(C(O)(c2cncnc2)C2CC2)cc1,HUTDUHSNJYTCAR-UHFFFAOYSA-N,HUTDUHSNJYTCAR,HUTDUHSNJYTCAR,resolved,COc1ccc(C(O)(c2cncnc2)C2CC2)cc1,1,1,1,0,0
388,498,38854,Metamitron (Ref: BAY DRW 1139),41394-05-2,Cc1nnc(-c2ccccc2)c(=O)n1N,VHCNQEUWZYOAEV-UHFFFAOYSA-N,VHCNQEUWZYOAEV,VHCNQEUWZYOAEV,resolved,Cc1nnc(-c2ccccc2)c(=O)n1N,1,1,1,0,0
389,499,6434236,Kinoprene,42588-37-4,C#CCOC(=O)C=C(C)C=CCC(C)CCCC(C)C,FZRBKIRIBLNOAM-UHFFFAOYSA-N,FZRBKIRIBLNOAM,FZRBKIRIBLNOAM,resolved,C#CCOC(=O)C=C(C)C=CCC(C)CCCC(C)C,1,1,1,0,0
390,501,9809914,"2,2-Dimethyl-3-(1,1,2,2-tetrabromoethyl)cyclopropanecarboxylic acid cyano(3-phenoxyphenyl)methyl ester",66841-25-6,CC1(C)C(C(=O)OC(C#N)c2cccc(Oc3ccccc3)c2)C1C(Br)C(Br)(Br)Br,YWSCPYYRJXKUDB-UHFFFAOYSA-N,YWSCPYYRJXKUDB,YWSCPYYRJXKUDB,resolved,CC1(C)C(C(=O)OC(C#N)c2cccc(Oc3ccccc3)c2)C1C(Br)C(Br)(Br)Br,1,3,1,1,1
391,502,56160,"2-[[[[(4-Chloro-6-methoxy-2-pyrimidinyl)amino]carbonyl]amino]sulfonyl]benzoic acid, Ethyl ester",90982-32-4,CCOC(=O)c1ccccc1S(=O)(=O)NC(=O)Nc1nc(Cl)cc(OC)n1,NSWAMPCUPHPTTC-UHFFFAOYSA-N,NSWAMPCUPHPTTC,NSWAMPCUPHPTTC,resolved,CCOC(=O)c1ccccc1S(=O)(=O)NC(=O)Nc1nc(Cl)cc(OC)n1,1,1,1,0,0
392,506,19079,2-(Octylsulfanyl)ethan-1-ol,3547-33-9,CCCCCCCCSCCO,KXPXKNBDCUOENF-UHFFFAOYSA-N,KXPXKNBDCUOENF,KXPXKNBDCUOENF,resolved,CCCCCCCCSCCO,1,1,1,0,0
393,508,11158353,N-[2-[3-Chloro-5-(trifluoromethyl)-2-pyridinyl]ethyl]-2-(trifluoromethyl)benzamide,658066-35-4,O=C(NCCc1ncc(C(F)(F)F)cc1Cl)c1ccccc1C(F)(F)F,KVDJTXBXMWJJEF-UHFFFAOYSA-N,KVDJTXBXMWJJEF,KVDJTXBXMWJJEF,resolved,O=C(NCCc1ncc(C(F)(F)F)cc1Cl)c1ccccc1C(F)(F)F,1,1,1,0,0
394,509,39327,2-Chloro-1-(3-ethoxy-4-nitrophenoxy)-4-(trifluoromethyl)benzene,42874-03-3,CCOc1cc(Oc2ccc(C(F)(F)F)cc2Cl)ccc1[N+](=O)[O-],OQMBBFQZGJFLBU-UHFFFAOYSA-N,OQMBBFQZGJFLBU,OQMBBFQZGJFLBU,resolved,CCOc1cc(Oc2ccc(C(F)(F)F)cc2Cl)ccc1[N+](=O)[O-],1,1,1,0,0
395,510,3347,4-Chloro-alpha-(1-methylethyl)benzeneacetic acid cyano(3-phenoxyphenyl)methyl ester,51630-58-1,CC(C)C(C(=O)OC(C#N)c1cccc(Oc2ccccc2)c1)c1ccc(Cl)cc1,NYPJDWWKZLNGGM-UHFFFAOYSA-N,NYPJDWWKZLNGGM,NYPJDWWKZLNGGM,resolved,CC(C)C(C(=O)OC(C#N)c1cccc(Oc2ccccc2)c1)c1ccc(Cl)cc1,1,3,1,1,1
396,511,91778,4-Bromo-2-(4-chlorophenyl)-1-(ethoxymethyl)-5-(trifluoromethyl)-1H-pyrrole-3-carbonitrile,122453-73-0,CCOCn1c(-c2ccc(Cl)cc2)c(C#N)c(Br)c1C(F)(F)F,CWFOCCVIPCEQCK-UHFFFAOYSA-N,CWFOCCVIPCEQCK,CWFOCCVIPCEQCK,resolved,CCOCn1c(-c2ccc(Cl)cc2)c(C#N)c(Br)c1C(F)(F)F,1,3,1,1,1
397,513,23667639,"2,3:4,6-bis-O-(1-Methylethylidene)-alpha-L-xylo-2-hexulofuranosonic acid, Sodium salt",52508-35-7,CC1(C)OCC2OC3(C(=O)[O-])OC(C)(C)OC3C2O1.[Na+],DEWVPZYHFVYXMZ-UHFFFAOYSA-M,DEWVPZYHFVYXMZ,FWCBATIDXGJRMF,resolved,CC1(C)OCC2OC3(C(=O)[O-])OC(C)(C)OC3C2O1.[Na+],2,1,1,0,0
398,514,39676,Vinclozolin (Ref: BAS 352F),50471-44-8,C=CC1(C)OC(=O)N(c2cc(Cl)cc(Cl)c2)C1=O,FSCWZHGZWWDELK-UHFFFAOYSA-N,FSCWZHGZWWDELK,FSCWZHGZWWDELK,resolved,C=CC1(C)OC(=O)N(c2cc(Cl)cc(Cl)c2)C1=O,1,1,1,0,0
399,515,15553,"3,6-Dichloro-2-pyridinecarboxylic acid",1702-17-6,O=C(O)c1nc(Cl)ccc1Cl,HUBANNPOLNYSAD-UHFFFAOYSA-N,HUBANNPOLNYSAD,HUBANNPOLNYSAD,resolved,O=C(O)c1nc(Cl)ccc1Cl,1,1,1,0,0
400,516,37517,"3-(3,5-Dichlorophenyl)-N-(1-methylethyl)-2,4-dioxo-1-imidazolidinecarboxamide",36734-19-7,CC(C)NC(=O)N1CC(=O)N(c2cc(Cl)cc(Cl)c2)C1=O,ONUFESLQCSAYKA-UHFFFAOYSA-N,ONUFESLQCSAYKA,ONUFESLQCSAYKA,resolved,CC(C)NC(=O)N1CC(=O)N(c2cc(Cl)cc(Cl)c2)C1=O,1,0,0,0,0
401,517,36242,Procymidone (Ref: S 7131),32809-16-8,CC12CC1(C)C(=O)N(c1cc(Cl)cc(Cl)c1)C2=O,QXJKBPAVAHBARF-UHFFFAOYSA-N,QXJKBPAVAHBARF,QXJKBPAVAHBARF,resolved,CC12CC1(C)C(=O)N(c1cc(Cl)cc(Cl)c1)C2=O,1,1,1,0,0
402,518,91683,Nuarimol (Ref: EL 228),63284-71-9,OC(c1ccc(F)cc1)(c1cncnc1)c1ccccc1Cl,SAPGTCDSBGMXCD-UHFFFAOYSA-N,SAPGTCDSBGMXCD,SAPGTCDSBGMXCD,resolved,OC(c1ccc(F)cc1)(c1cncnc1)c1ccccc1Cl,1,1,1,0,0
403,519,15649,Akton,1757-18-2,CCOP(=S)(OCC)OC(=CCl)c1cc(Cl)ccc1Cl,QCKIOHMRUZJYQZ-UHFFFAOYSA-N,QCKIOHMRUZJYQZ,QCKIOHMRUZJYQZ,resolved,CCOP(=S)(OCC)OC(=CCl)c1cc(Cl)ccc1Cl,1,2,1,1,0
404,520,40585,"(1R,3R)-3-(2,2-Dibromoethenyl)-2,2-dimethylcyclopropanecarboxylic acid (S)cyano(3-phenoxyphenyl)methyl ester",52918-63-5,CC1(C)C(C=C(Br)Br)C1C(=O)OC(C#N)c1cccc(Oc2ccccc2)c1,OWZREIFADZCYQD-UHFFFAOYSA-N,OWZREIFADZCYQD,OWZREIFADZCYQD,resolved,CC1(C)C(C=C(Br)Br)C1C(=O)OC(C#N)c1cccc(Oc2ccccc2)c1,1,3,1,1,1
405,522,91727,Flutriafol (Ref: PP 450),76674-21-0,OC(Cn1cncn1)(c1ccc(F)cc1)c1ccccc1F,JWUCHKBSVLQQCO-UHFFFAOYSA-N,JWUCHKBSVLQQCO,JWUCHKBSVLQQCO,resolved,OC(Cn1cncn1)(c1ccc(F)cc1)c1ccccc1F,1,2,1,1,0
406,523,39722,Dimethachlor (Ref: CGA 17020),50563-36-5,COCCN(C(=O)CCl)c1c(C)cccc1C,SCCDDNKJYDZXMM-UHFFFAOYSA-N,SCCDDNKJYDZXMM,SCCDDNKJYDZXMM,resolved,COCCN(C(=O)CCl)c1c(C)cccc1C,1,0,0,0,0
407,524,36679,Isoproturon (Ref: HOE 16410),34123-59-6,CC(C)c1ccc(NC(=O)N(C)C)cc1,PUIYMUZLKQOUOZ-UHFFFAOYSA-N,PUIYMUZLKQOUOZ,PUIYMUZLKQOUOZ,resolved,CC(C)c1ccc(NC(=O)N(C)C)cc1,1,0,0,0,0
408,525,42504,Furalaxyl (Ref: IPE 134),57646-30-7,COC(=O)C(C)N(C(=O)c1ccco1)c1c(C)cccc1C,CIEXPHRYOLIQQD-UHFFFAOYSA-N,CIEXPHRYOLIQQD,CIEXPHRYOLIQQD,resolved,COC(=O)C(C)N(C(=O)c1ccco1)c1c(C)cccc1C,1,2,1,1,0
409,526,26576,Difenoxuron (Ref: C3470),14214-32-5,COc1ccc(Oc2ccc(NC(=O)N(C)C)cc2)cc1,AMVYOVYGIJXTQB-UHFFFAOYSA-N,AMVYOVYGIJXTQB,AMVYOVYGIJXTQB,resolved,COc1ccc(Oc2ccc(NC(=O)N(C)C)cc2)cc1,1,0,0,0,0
410,527,17517,Isoprocarb (Ref: OMS 32),2631-40-5,CNC(=O)Oc1ccccc1C(C)C,QBSJMKIUCUGGNG-UHFFFAOYSA-N,QBSJMKIUCUGGNG,QBSJMKIUCUGGNG,resolved,CNC(=O)Oc1ccccc1C(C)C,1,2,1,1,0
411,528,40896,Mefluidide (Ref: MBR 12325),53780-34-0,CC(=O)Nc1cc(NS(=O)(=O)C(F)(F)F)c(C)cc1C,OKIBNKKYNPBDRS-UHFFFAOYSA-N,OKIBNKKYNPBDRS,OKIBNKKYNPBDRS,resolved,CC(=O)Nc1cc(NS(=O)(=O)C(F)(F)F)c(C)cc1C,1,1,1,0,0
412,529,5363095,(E)-dec-5-enyl acetate,38421-90-8,CCCCC=CCCCCOC(C)=O,VTUFOIHYMMMNOM-UHFFFAOYSA-N,VTUFOIHYMMMNOM,VTUFOIHYMMMNOM,resolved,CCCCC=CCCCCOC(C)=O,1,1,1,0,0
413,530,4169,2-Chloro-N-(2-ethyl-6-methylphenyl)-N-(2-methoxy-1-methylethyl)acetamide,51218-45-2,CCc1cccc(C)c1N(C(=O)CCl)C(C)COC,WVQBLGZPHOPPFO-UHFFFAOYSA-N,WVQBLGZPHOPPFO,WVQBLGZPHOPPFO,resolved,CCc1cccc(C)c1N(C(=O)CCl)C(C)COC,1,0,0,0,0
414,531,38779,O-(4-bromo-2-chlorophenyl) O-ethyl S-propyl ester phosphorothioic acid,41198-08-7,CCCSP(=O)(OCC)Oc1ccc(Br)cc1Cl,QYMMJNLHFKGANY-UHFFFAOYSA-N,QYMMJNLHFKGANY,QYMMJNLHFKGANY,resolved,CCCSP(=O)(OCC)Oc1ccc(Br)cc1Cl,1,3,1,1,1
415,533,39040,Tricyclazole (Ref: EL 291),41814-78-2,Cc1cccc2sc3nncn3c12,DQJCHOQLCLEDLL-UHFFFAOYSA-N,DQJCHOQLCLEDLL,DQJCHOQLCLEDLL,resolved,Cc1cccc2sc3nncn3c12,1,1,1,0,0
416,534,41368,"beta-(4-Chlorophenoxy)-alpha-(1,1-dimethylethyl)-1H-1,2,4-triazole-1-ethanol",55219-65-3,CC(C)(C)C(O)C(Oc1ccc(Cl)cc1)n1cncn1,BAZVSMNPJJMILC-UHFFFAOYSA-N,BAZVSMNPJJMILC,BAZVSMNPJJMILC,resolved,CC(C)(C)C(O)C(Oc1ccc(Cl)cc1)n1cncn1,1,0,0,0,0
417,535,33256,P-(Aminocarbonyl)phosphonic acid monoethyl ester ammonium salt (1:1),25954-13-6,CCOP(=O)([O-])C(N)=O.[NH4+],OTSAMNSACVKIOJ-UHFFFAOYSA-N,OTSAMNSACVKIOJ,UCHDFLNGIZUADY,resolved,CCOP(=O)([O-])C(N)=O.[NH4+],2,0,0,0,0
418,536,47445,Triflumuron (Ref: OMS 2015),64628-44-0,O=C(NC(=O)c1ccccc1Cl)Nc1ccc(OC(F)(F)F)cc1,XAIPTRIXGHTTNT-UHFFFAOYSA-N,XAIPTRIXGHTTNT,XAIPTRIXGHTTNT,resolved,O=C(NC(=O)c1ccccc1Cl)Nc1ccc(OC(F)(F)F)cc1,1,0,0,0,0
419,537,91656,Bitertanol (Ref: KWG 0599),55179-31-2,CC(C)(C)C(O)C(Oc1ccc(-c2ccccc2)cc1)n1cncn1,VGPIBGGRCVEHQZ-UHFFFAOYSA-N,VGPIBGGRCVEHQZ,VGPIBGGRCVEHQZ,resolved,CC(C)(C)C(O)C(Oc1ccc(-c2ccccc2)cc1)n1cncn1,1,0,0,0,0
420,538,34469,"2,6-Dinitro-N1,N1-dipropyl-4-(trifluoromethyl)-1,3-benzenediamine",29091-21-2,CCCN(CCC)c1c([N+](=O)[O-])cc(C(F)(F)F)c(N)c1[N+](=O)[O-],RSVPPPHXAASNOL-UHFFFAOYSA-N,RSVPPPHXAASNOL,RSVPPPHXAASNOL,resolved,CCCN(CCC)c1c([N+](=O)[O-])cc(C(F)(F)F)c(N)c1[N+](=O)[O-],1,1,1,0,0
421,539,16686,Dienochlor (Ref: SAN 804),2227-17-0,ClC1=C(Cl)C(Cl)(C2(Cl)C(Cl)=C(Cl)C(Cl)=C2Cl)C(Cl)=C1Cl,LWLJUMBEZJHXHV-UHFFFAOYSA-N,LWLJUMBEZJHXHV,LWLJUMBEZJHXHV,resolved,ClC1=C(Cl)C(Cl)(C2(Cl)C(Cl)=C(Cl)C(Cl)=C2Cl)C(Cl)=C1Cl,1,1,1,0,0
422,540,42586,"N-(2,6-Dimethylphenyl)-N-(methoxyacetyl)alanine methyl ester",57837-19-1,COCC(=O)N(c1c(C)cccc1C)C(C)C(=O)OC,ZQEIXNIJLIKNTD-UHFFFAOYSA-N,ZQEIXNIJLIKNTD,ZQEIXNIJLIKNTD,resolved,COCC(=O)N(c1c(C)cccc1C)C(C)C(=O)OC,1,1,1,0,0
423,541,33257,Fosamine (Ref: DPX 1108),59682-52-9,CCOP(=O)(O)C(N)=O,UCHDFLNGIZUADY-UHFFFAOYSA-N,UCHDFLNGIZUADY,UCHDFLNGIZUADY,resolved,CCOP(=O)(O)C(N)=O,1,0,0,0,0
424,542,41463,Pyridate (Ref: CL 11344),55512-33-9,CCCCCCCCSC(=O)Oc1cc(Cl)nnc1-c1ccccc1,JTZCTMAVMHRNTR-UHFFFAOYSA-N,JTZCTMAVMHRNTR,JTZCTMAVMHRNTR,resolved,CCCCCCCCSC(=O)Oc1cc(Cl)nnc1-c1ccccc1,1,1,1,0,0
425,543,50980,Flucythrinate (Ref: OMS 2007),70124-77-5,CC(C)C(C(=O)OC(C#N)c1cccc(Oc2ccccc2)c1)c1ccc(OC(F)F)cc1,GBIHOLCMZGAKNG-UHFFFAOYSA-N,GBIHOLCMZGAKNG,GBIHOLCMZGAKNG,resolved,CC(C)C(C(=O)OC(C#N)c1cccc(Oc2ccccc2)c1)c1ccc(OC(F)F)cc1,1,3,1,1,1
426,544,62781,Mepiquat chloride (Ref: BAS 083W),24307-26-4,C[N+]1(C)CCCCC1.[Cl-],VHOVSQVSAAQANU-UHFFFAOYSA-M,VHOVSQVSAAQANU,NNCAWEWCFVZOGF,resolved,C[N+]1(C)CCCCC1.[Cl-],2,1,1,0,0
427,545,8895,Copper II acetate,142-71-2,CC(=O)[O-].CC(=O)[O-].[Cu+2],OPQARKPSCNTWTJ-UHFFFAOYSA-L,OPQARKPSCNTWTJ,QTBSBXVTEAMEQO,resolved,CC(=O)[O-].CC(=O)[O-].[Cu+2],3,1,1,0,0
428,546,73665,Prochloraz (Ref: BTS 40542),67747-09-5,CCCN(CCOc1c(Cl)cc(Cl)cc1Cl)C(=O)n1ccnc1,TVLSRXXIMLFWEO-UHFFFAOYSA-N,TVLSRXXIMLFWEO,TVLSRXXIMLFWEO,resolved,CCCN(CCOc1c(Cl)cc(Cl)cc1Cl)C(=O)n1ccnc1,1,0,0,0,0
429,547,57369723,Milbemectin (Ref: SL 8601),51596-11-3 (MA4),CC1=CCC2CC(CC3(CCC(C)C(C)O3)O2)OC(=O)C2C=C(C)C(O)C3OCC(=CC=CC(C)C1)C23O,ZLBGSRMUSVULIE-UHFFFAOYSA-N,ZLBGSRMUSVULIE,ZLBGSRMUSVULIE,resolved,CC1=CCC2CC(CC3(CCC(C)C(C)O3)O2)OC(=O)C2C=C(C)C(O)C3OCC(=CC=CC(C)C1)C23O,1,3,1,1,1
430,548,9959038,Milbemycin A4,51596-11-3,CCC1OC2(CCC1C)CC1CC(CC=C(C)CC(C)C=CC=C3COC4C(O)C(C)=CC(C(=O)O1)C34O)O2,VOZIAWLUULBIPN-UHFFFAOYSA-N,VOZIAWLUULBIPN,VOZIAWLUULBIPN,resolved,CCC1OC2(CCC1C)CC1CC(CC=C(C)CC(C)C=CC=C3COC4C(O)C(C)=CC(C(=O)O1)C34O)O2,1,3,1,1,1
431,549,37995,Etrimfos,38260-54-7,CCOc1cc(OP(=S)(OC)OC)nc(CC)n1,FGIWFCGDPUIBEZ-UHFFFAOYSA-N,FGIWFCGDPUIBEZ,FGIWFCGDPUIBEZ,resolved,CCOc1cc(OP(=S)(OC)OC)nc(CC)n1,1,3,1,1,1
432,550,93186,Ipsenol,35628-05-8,C=CC(=C)CC(O)CC(C)C,RHAXCOKCIAVHPB-UHFFFAOYSA-N,RHAXCOKCIAVHPB,RHAXCOKCIAVHPB,resolved,C=CC(=C)CC(O)CC(C)C,1,1,1,0,0
433,551,62155,"N,N'-[Thiobis[(methylimino)carbonyloxy]]bisethanimidothioic acid dimethyl ester",59669-26-0,CSC(C)=NOC(=O)N(C)SN(C)C(=O)ON=C(C)SC,XDOTVMNBCQVZKG-UHFFFAOYSA-N,XDOTVMNBCQVZKG,XDOTVMNBCQVZKG,resolved,CSC(C)=NOC(=O)N(C)SN(C)C(=O)ON=C(C)SC,1,3,1,1,1
434,552,12898,"1,1-Dichloro-N-[(dimethylamino)sulfonyl]-1-fluoro-N-(4-methylphenyl)methanesulfenamide",731-27-1,Cc1ccc(N(SC(F)(Cl)Cl)S(=O)(=O)N(C)C)cc1,HYVWIQDYBVKITD-UHFFFAOYSA-N,HYVWIQDYBVKITD,HYVWIQDYBVKITD,resolved,Cc1ccc(N(SC(F)(Cl)Cl)S(=O)(=O)N(C)C)cc1,1,1,1,0,0
435,553,42614,2-Cyano-N-[(ethylamino)carbonyl]-2-(methoxyimino)acetamide,57966-95-7,CCNC(=O)NC(=O)C(C#N)=NOC,XERJKGMBORTKEO-UHFFFAOYSA-N,XERJKGMBORTKEO,XERJKGMBORTKEO,resolved,CCNC(=O)NC(=O)C(C#N)=NOC,1,1,1,0,0
436,554,13707,"N-(4-Methyl-1,3-dithiolan-2-ylidene)phosphoramidic acid diethyl ester",950-10-7,CCOP(=O)(N=C1SCC(C)S1)OCC,LTQSAUHRSCMPLD-UHFFFAOYSA-N,LTQSAUHRSCMPLD,LTQSAUHRSCMPLD,resolved,CCOP(=O)(N=C1SCC(C)S1)OCC,1,2,1,1,0
437,555,67437,"1,7-dioxaspiro(5.5)undecane",180-84-7,C1CCC2(CCCCO2)OC1,GBBVHDGKDQAEOT-UHFFFAOYSA-N,GBBVHDGKDQAEOT,GBBVHDGKDQAEOT,resolved,C1CCC2(CCCCO2)OC1,1,1,1,0,0
438,556,37907,Climbazole (Ref: 106162),38083-17-9,CC(C)(C)C(=O)C(Oc1ccc(Cl)cc1)n1ccnc1,OWEGWHBOCFMBLP-UHFFFAOYSA-N,OWEGWHBOCFMBLP,OWEGWHBOCFMBLP,resolved,CC(C)(C)C(=O)C(Oc1ccc(Cl)cc1)n1ccnc1,1,3,1,1,1
439,557,443055,24-epibrassinolide,78821-43-9,CC(C)C(C)C(O)C(O)C(C)C1CCC2C3COC(=O)C4CC(O)C(O)CC4(C)C3CCC12C,IXVMHGVQKLDRKH-UHFFFAOYSA-N,IXVMHGVQKLDRKH,IXVMHGVQKLDRKH,resolved,CC(C)C(C)C(O)C(O)C(C)C1CCC2C3COC(=O)C4CC(O)C(O)CC4(C)C3CCC12C,1,2,1,1,0
440,559,91694,Fenpropidin (Ref: CGA 114900),67306-00-7,CC(Cc1ccc(C(C)(C)C)cc1)CN1CCCCC1,MGNFYQILYYYUBS-UHFFFAOYSA-N,MGNFYQILYYYUBS,MGNFYQILYYYUBS,resolved,CC(Cc1ccc(C(C)(C)C)cc1)CN1CCCCC1,1,2,1,1,0
441,560,32490,Propamocarb (Ref: SN 39744),24579-73-5,CCCOC(=O)NCCCN(C)C,WZZLDXDUQPOXNW-UHFFFAOYSA-N,WZZLDXDUQPOXNW,WZZLDXDUQPOXNW,resolved,CCCOC(=O)NCCCN(C)C,1,1,1,0,0
442,561,53309,Diclobutrazol (Ref: PP296),75736-33-3,CC(C)(C)C(O)C(Cc1ccc(Cl)cc1Cl)n1cncn1.CC(C)(C)C(O)C(Cc1ccc(Cl)cc1Cl)n1cncn1,PLPRPHZNQBHGSP-UHFFFAOYSA-N,PLPRPHZNQBHGSP,URDNHJIVMYZFRT,resolved,CC(C)(C)C(O)C(Cc1ccc(Cl)cc1Cl)n1cncn1.CC(C)(C)C(O)C(Cc1ccc(Cl)cc1Cl)n1cncn1,2,3,1,1,1
443,562,15575641,N-[3-(Dimethylamino)propyl]carbamic acid propyl ester hydrochloride (1:1),25606-41-1,CCCOC(=O)NCCCN(C)C.Cl,MKIMSXGUTQTKJU-UHFFFAOYSA-N,MKIMSXGUTQTKJU,WZZLDXDUQPOXNW,resolved,CCCOC(=O)NCCCN(C)C.Cl,2,1,1,0,0
444,563,42163,Triclopyr-triethylammonium,57213-69-1,CCN(CC)CC.O=C(O)COc1nc(Cl)c(Cl)cc1Cl,ROKVVMOXSZIDEG-UHFFFAOYSA-N,ROKVVMOXSZIDEG,ZMANZCXQSJIPKH,resolved,CCN(CC)CC.O=C(O)COc1nc(Cl)c(Cl)cc1Cl,2,1,1,0,0
445,564,23669238,"1,1,2,2,3,3,4,4,5,5,6,6,7,7,8,8,8-Heptadecafluoro-1-octanesulfonic acid potassium salt",2795-39-3,O=S(=O)([O-])C(F)(F)C(F)(F)C(F)(F)C(F)(F)C(F)(F)C(F)(F)C(F)(F)C(F)(F)F.[K+],WFRUBUQWJYMMRQ-UHFFFAOYSA-M,WFRUBUQWJYMMRQ,YFSUTJLHUFNCNZ,resolved,O=S(=O)([O-])C(F)(F)C(F)(F)C(F)(F)C(F)(F)C(F)(F)C(F)(F)C(F)(F)C(F)(F)F.[K+],2,3,1,1,1
446,565,30913,Cartap hydrochloride,15263-52-2,CN(C)C(CSC(N)=O)CSC(N)=O.Cl,MSHXTAQSSIEBQS-UHFFFAOYSA-N,MSHXTAQSSIEBQS,IRUJZVNXZWPBMU,resolved,CN(C)C(CSC(N)=O)CSC(N)=O.Cl,2,2,1,1,0
447,566,42850,Ofurace (Ref: AE F057623),58810-48-3,Cc1cccc(C)c1N(C(=O)CCl)C1CCOC1=O,OWDLFBLNMPCXSD-UHFFFAOYSA-N,OWDLFBLNMPCXSD,OWDLFBLNMPCXSD,resolved,Cc1cccc(C)c1N(C(=O)CCl)C1CCOC1=O,1,1,1,0,0
448,567,41385,"2,3-Dihydro-5,6-dimethyl-1,4-dithiin 1,1,4,4-tetraoxide",55290-64-7,CC1=C(C)S(=O)(=O)CCS1(=O)=O,PHVNLLCAQHGNKU-UHFFFAOYSA-N,PHVNLLCAQHGNKU,PHVNLLCAQHGNKU,resolved,CC1=C(C)S(=O)(=O)CCS1(=O)=O,1,1,1,0,0
449,568,35969,Thiocyclam oxalate (Ref: SAN 1551),31895-22-4,CN(C)C1CSSSC1.O=C(O)C(=O)O,ICTQUFQQEYSGGJ-UHFFFAOYSA-N,ICTQUFQQEYSGGJ,DNVLJEWNNDHELH,resolved,CN(C)C1CSSSC1.O=C(O)C(=O)O,2,1,1,0,0
450,569,38283,Cyphenothrin (Ref: S 2703),39515-40-7,CC(C)=CC1C(C(=O)OC(C#N)c2cccc(Oc3ccccc3)c2)C1(C)C,FJDPATXIBIBRIM-UHFFFAOYSA-N,FJDPATXIBIBRIM,FJDPATXIBIBRIM,resolved,CC(C)=CC1C(C(=O)OC(C#N)c2cccc(Oc3ccccc3)c2)C1(C)C,1,2,1,1,0
451,570,38687,Diclofop (Ref: AE F021079),40843-25-2,CC(Oc1ccc(Oc2ccc(Cl)cc2Cl)cc1)C(=O)O,OOLBCHYXZDXLDS-UHFFFAOYSA-N,OOLBCHYXZDXLDS,OOLBCHYXZDXLDS,resolved,CC(Oc1ccc(Oc2ccc(Cl)cc2Cl)cc1)C(=O)O,1,1,1,0,0
452,571,50897,Fluazifop-butyl (Ref: SL 236),69806-50-4,CCCCOC(=O)C(C)Oc1ccc(Oc2ccc(C(F)(F)F)cn2)cc1,VAIZTNZGPYBOGF-UHFFFAOYSA-N,VAIZTNZGPYBOGF,VAIZTNZGPYBOGF,resolved,CCCCOC(=O)C(C)Oc1ccc(Oc2ccc(C(F)(F)F)cn2)cc1,1,1,1,0,0
453,572,19730,Ioxynil octanoate,3861-47-0,CCCCCCCC(=O)Oc1c(I)cc(C#N)cc1I,QBEXFUOWUYCXNI-UHFFFAOYSA-N,QBEXFUOWUYCXNI,QBEXFUOWUYCXNI,resolved,CCCCCCCC(=O)Oc1c(I)cc(C#N)cc1I,1,2,1,1,0
454,574,91692,Pencycuron (Ref: NTN 19701),66063-05-6,O=C(Nc1ccccc1)N(Cc1ccc(Cl)cc1)C1CCCC1,OGYFATSSENRIKG-UHFFFAOYSA-N,OGYFATSSENRIKG,OGYFATSSENRIKG,resolved,O=C(Nc1ccccc1)N(Cc1ccc(Cl)cc1)C1CCCC1,1,1,1,0,0
455,575,8381,Pyridafenthion (Ref: ENT 23968)),119-12-0,CCOP(=S)(OCC)Oc1ccc(=O)n(-c2ccccc2)n1,CXJSOEPQXUCJSA-UHFFFAOYSA-N,CXJSOEPQXUCJSA,CXJSOEPQXUCJSA,resolved,CCOP(=S)(OCC)Oc1ccc(=O)n(-c2ccccc2)n1,1,3,1,1,1
456,580,51574,Chlozolinate (Ref: M 8164),84332-86-5,CCOC(=O)C1(C)OC(=O)N(c2cc(Cl)cc(Cl)c2)C1=O,IGUYEXXAGBDLLX-UHFFFAOYSA-N,IGUYEXXAGBDLLX,IGUYEXXAGBDLLX,resolved,CCOC(=O)C1(C)OC(=O)N(c2cc(Cl)cc(Cl)c2)C1=O,1,1,1,0,0
457,581,9839306,"2,2-Dimethyl-3-(2-methyl-1-propenyl)cyclopropanecarboxylic acid 2-methyl-4-oxo-3-(2-propynyl)-2-cyclopenten-1-yl ester",23031-36-9,C#CCC1=C(C)C(OC(=O)C2C(C=C(C)C)C2(C)C)CC1=O,SMKRKQBMYOFFMU-UHFFFAOYSA-N,SMKRKQBMYOFFMU,SMKRKQBMYOFFMU,resolved,C#CCC1=C(C)C(OC(=O)C2C(C=C(C)C)C2(C)C)CC1=O,1,3,1,1,1
458,583,5360962,Butocarboxim (Ref: Co 755),34681-10-2,CNC(=O)ON=C(C)C(C)SC,SFNPDDSJBGRXLW-UHFFFAOYSA-N,SFNPDDSJBGRXLW,SFNPDDSJBGRXLW,resolved,CNC(=O)ON=C(C)C(C)SC,1,3,1,1,1
459,584,91734,Teflubenzuron (Ref: CME 13406),83121-18-0,O=C(NC(=O)c1c(F)cccc1F)Nc1cc(Cl)c(F)c(Cl)c1F,CJDWRQLODFKPEL-UHFFFAOYSA-N,CJDWRQLODFKPEL,CJDWRQLODFKPEL,resolved,O=C(NC(=O)c1c(F)cccc1F)Nc1cc(Cl)c(F)c(Cl)c1F,1,1,1,0,0
460,585,107720,"(4aS)-7-Chloro-2,5-dihydro-2-[[(methoxycarbonyl)[4-(trifluoromethoxy)phenyl]amino]carbonyl]indeno[1,2-e][1,3,4]oxadiazine-4a(3H)-carboxylic acid methyl ester",173584-44-6,COC(=O)N(C(=O)N1COC2(C(=O)OC)Cc3cc(Cl)ccc3C2=N1)c1ccc(OC(F)(F)F)cc1,VBCVPMMZEGZULK-UHFFFAOYSA-N,VBCVPMMZEGZULK,VBCVPMMZEGZULK,resolved,COC(=O)N(C(=O)N1COC2(C(=O)OC)Cc3cc(Cl)ccc3C2=N1)c1ccc(OC(F)(F)F)cc1,1,3,1,1,1
461,586,54382,"(1R,3R)-rel-3-[(1Z)-2-Chloro-3,3,3-trifluoro-1-propen-1-yl]-2,2-dimethylcyclopropanecarboxylic acid (2,3,5,6-tetrafluoro-4-methylphenyl)methyl ester",79538-32-2,Cc1c(F)c(F)c(COC(=O)C2C(C=C(Cl)C(F)(F)F)C2(C)C)c(F)c1F,ZFHGXWPMULPQSE-UHFFFAOYSA-N,ZFHGXWPMULPQSE,ZFHGXWPMULPQSE,resolved,Cc1c(F)c(F)c(COC(=O)C2C(C=C(Cl)C(F)(F)F)C2(C)C)c(F)c1F,1,3,1,1,1
462,587,51605,Fenoxycarb (Ref: OMS 3010),79127-80-3,CCOC(=O)NCCOc1ccc(Oc2ccccc2)cc1,HJUFTIJOISQSKQ-UHFFFAOYSA-N,HJUFTIJOISQSKQ,HJUFTIJOISQSKQ,resolved,CCOC(=O)NCCOc1ccc(Oc2ccccc2)cc1,1,0,0,0,0
463,588,92431,Clodinafop propargyl (Ref: CGA 184927),105512-06-9,C#CCOC(=O)C(C)Oc1ccc(Oc2ncc(Cl)cc2F)cc1,JBDHZKLJNAIJNC-UHFFFAOYSA-N,JBDHZKLJNAIJNC,JBDHZKLJNAIJNC,resolved,C#CCOC(=O)C(C)Oc1ccc(Oc2ncc(Cl)cc2F)cc1,1,1,1,0,0
464,589,6442842,Bifenthrin (Ref: FMC 54800),82657-04-3,Cc1c(COC(=O)C2C(C=C(Cl)C(F)(F)F)C2(C)C)cccc1-c1ccccc1,OMFRMAHOUUJSGP-UHFFFAOYSA-N,OMFRMAHOUUJSGP,OMFRMAHOUUJSGP,resolved,Cc1c(COC(=O)C2C(C=C(Cl)C(F)(F)F)C2(C)C)cccc1-c1ccccc1,1,3,1,1,1
465,590,6033664,"3-[2-Chloro-2-(4-chlorophenyl)ethenyl]-2,2-dimethylcyclopropanecarboxylic acid cyano(4-fluoro-3-phenoxyphenyl)methyl ester",69770-45-2,CC1(C)C(C=C(Cl)c2ccc(Cl)cc2)C1C(=O)OC(C#N)c1ccc(F)c(Oc2ccccc2)c1,YXWCBRDRVXHABN-UHFFFAOYSA-N,YXWCBRDRVXHABN,YXWCBRDRVXHABN,resolved,CC1(C)C(C=C(Cl)c2ccc(Cl)cc2)C1C(=O)OC(C#N)c1ccc(F)c(Oc2ccccc2)c1,1,3,1,1,1
466,592,9907412,"3,3-Dimethylbutanoic acid 2-oxo-3-(2,4,6-trimethylphenyl)-1-oaxspiro[4.4]non-3-en-4-yl ester",283594-90-1,Cc1cc(C)c(C2=C(OC(=O)CC(C)(C)C)C3(CCCC3)OC2=O)c(C)c1,GOLXNESZZPUPJE-UHFFFAOYSA-N,GOLXNESZZPUPJE,GOLXNESZZPUPJE,resolved,Cc1cc(C)c(C2=C(OC(=O)CC(C)(C)C)C3(CCCC3)OC2=O)c(C)c1,1,0,0,0,0
467,593,5281875,"Tetrahydro-5,5-dimethyl-2(1H)-pyrimidio[3-[4-trifluoromethyl)phenyl]-1-[2-[4-(trifluoromethyl)phenyl]ethenyl]-2-propenylidene]hydrazone",67485-29-4,CC1(C)CN=C(NN=C(C=Cc2ccc(C(F)(F)F)cc2)C=Cc2ccc(C(F)(F)F)cc2)NC1,IQVNEKKDSLOHHK-UHFFFAOYSA-N,IQVNEKKDSLOHHK,IQVNEKKDSLOHHK,resolved,CC1(C)CN=C(NN=C(C=Cc2ccc(C(F)(F)F)cc2)C=Cc2ccc(C(F)(F)F)cc2)NC1,1,1,1,0,0
468,594,51369,Benalaxyl (Ref: M 9834),71626-11-4,COC(=O)C(C)N(C(=O)Cc1ccccc1)c1c(C)cccc1C,CJPQIRJHIZUAQP-UHFFFAOYSA-N,CJPQIRJHIZUAQP,CJPQIRJHIZUAQP,resolved,COC(=O)C(C)N(C(=O)Cc1ccccc1)c1c(C)cccc1C,1,1,1,0,0
469,595,6436272,Aviglycine,49669-74-1,NCCOC=CC(N)C(=O)O,USGUVNUTPWXWBA-UHFFFAOYSA-N,USGUVNUTPWXWBA,USGUVNUTPWXWBA,resolved,NCCOC=CC(N)C(=O)O,1,1,1,0,0
470,596,31573,Dimethametryn (Ref: C 18898),22936-75-0,CCNc1nc(NC(C)C(C)C)nc(SC)n1,IKYICRRUVNIHPP-UHFFFAOYSA-N,IKYICRRUVNIHPP,IKYICRRUVNIHPP,resolved,CCNc1nc(NC(C)C(C)C)nc(SC)n1,1,1,1,0,0
471,598,32230,Piperophos (Ref: C 19 490),24151-93-7,CCCOP(=S)(OCCC)SCC(=O)N1CCCCC1C,UNLYSVIDNRIVFJ-UHFFFAOYSA-N,UNLYSVIDNRIVFJ,UNLYSVIDNRIVFJ,resolved,CCCOP(=S)(OCCC)SCC(=O)N1CCCCC1C,1,1,1,0,0
472,599,53518,Quizalofop-ethyl (Ref: DPX Y6202),76578-14-8,CCOC(=O)C(C)Oc1ccc(Oc2cnc3cc(Cl)ccc3n2)cc1,OSUHJPCHFDQAIT-UHFFFAOYSA-N,OSUHJPCHFDQAIT,OSUHJPCHFDQAIT,resolved,CCOC(=O)C(C)Oc1ccc(Oc2cnc3cc(Cl)ccc3n2)cc1,1,2,1,1,0
473,600,5283292,5-decenol (Ref: BAS 287 1),56578-18-8,CCCCC=CCCCCO,WYPQHXVMNVEVEB-UHFFFAOYSA-N,WYPQHXVMNVEVEB,WYPQHXVMNVEVEB,resolved,CCCCC=CCCCCO,1,1,1,0,0
474,601,12850205,Mildiomycin (Ref: AR-1F1870),67527-71-3,NC(N)=NCC(O)CC(O)(C(=O)O)C1OC(n2cc(CO)c(N)nc2=O)C=CC1NC(=O)C(N)CO,QKJJCZYFXJCKRX-UHFFFAOYSA-N,QKJJCZYFXJCKRX,QKJJCZYFXJCKRX,resolved,NC(N)=NCC(O)CC(O)(C(=O)O)C1OC(n2cc(CO)c(N)nc2=O)C=CC1NC(=O)C(N)CO,1,1,1,0,0
475,604,93422,Triazoxide (Ref: SAS 9244),72459-58-6,[O-][n+]1nc(-n2ccnc2)nc2ccc(Cl)cc21,IQGKIPDJXCAMSM-UHFFFAOYSA-N,IQGKIPDJXCAMSM,IQGKIPDJXCAMSM,resolved,[O-][n+]1nc(-n2ccnc2)nc2ccc(Cl)cc21,1,0,0,0,0
476,605,53735,Oxadixyl (Ref: SAN 371F),77732-09-3,COCC(=O)N(c1c(C)cccc1C)N1CCOC1=O,UWVQIROCRJWDKL-UHFFFAOYSA-N,UWVQIROCRJWDKL,UWVQIROCRJWDKL,resolved,COCC(=O)N(c1c(C)cccc1C)N1CCOC1=O,1,1,1,0,0
477,606,50465,Fluroxypyr (Ref: DOW 43304-H),69377-81-7,Nc1c(Cl)c(F)nc(OCC(=O)O)c1Cl,MEFQWPUMEMWTJP-UHFFFAOYSA-N,MEFQWPUMEMWTJP,MEFQWPUMEMWTJP,resolved,Nc1c(Cl)c(F)nc(OCC(=O)O)c1Cl,1,1,1,0,0
478,607,49384,Metazachlor (Ref: BAS 47900H),67129-08-2,Cc1cccc(C)c1N(Cn1cccn1)C(=O)CCl,STEPQTYSZVCJPV-UHFFFAOYSA-N,STEPQTYSZVCJPV,STEPQTYSZVCJPV,resolved,Cc1cccc(C)c1N(Cn1cccn1)C(=O)CCl,1,1,1,0,0
479,608,35970,Thiocyclam,31895-21-3,CN(C)C1CSSSC1,DNVLJEWNNDHELH-UHFFFAOYSA-N,DNVLJEWNNDHELH,DNVLJEWNNDHELH,resolved,CN(C)C1CSSSC1,1,1,1,0,0
480,609,164964,Siglure,2425-20-9,CCC(C)OC(=O)C1CC=CCC1C,AJKDXAOKNSFWAA-UHFFFAOYSA-N,AJKDXAOKNSFWAA,AJKDXAOKNSFWAA,resolved,CCC(C)OC(=O)C1CC=CCC1C,1,1,1,0,0
481,610,33360,"2-Ethoxy-2,3-dihydro-3,3-dimethyl-5-benzofuranol 5-methanesulfonate",26225-79-6,CCOC1Oc2ccc(OS(C)(=O)=O)cc2C1(C)C,IRCMYGHHKLLGHV-UHFFFAOYSA-N,IRCMYGHHKLLGHV,IRCMYGHHKLLGHV,resolved,CCOC1Oc2ccc(OS(C)(=O)=O)cc2C1(C)C,1,1,1,0,0
482,613,6436605,Diniconazole (Ref: XE-779),83657-24-3,CC(C)(C)C(O)C(=Cc1ccc(Cl)cc1Cl)n1cncn1,FBOUIAKEJMZPQG-UHFFFAOYSA-N,FBOUIAKEJMZPQG,FBOUIAKEJMZPQG,resolved,CC(C)(C)C(O)C(=Cc1ccc(Cl)cc1Cl)n1cncn1,1,1,1,0,0
483,615,91708,Chlorfluazuron (Ref: CGA 112913),71422-67-8,O=C(NC(=O)c1c(F)cccc1F)Nc1cc(Cl)c(Oc2ncc(C(F)(F)F)cc2Cl)c(Cl)c1,UISUNVFOGSJSKD-UHFFFAOYSA-N,UISUNVFOGSJSKD,UISUNVFOGSJSKD,resolved,O=C(NC(=O)c1c(F)cccc1F)Nc1cc(Cl)c(Oc2ncc(C(F)(F)F)cc2Cl)c(Cl)c1,1,1,1,0,0
484,616,9576081,Oxabetrinil (Ref: CGA 92194),94593-79-0,N#CC(=NOCC1OCCO1)c1ccccc1,WFVUIONFJOAYPK-UHFFFAOYSA-N,WFVUIONFJOAYPK,WFVUIONFJOAYPK,resolved,N#CC(=NOCC1OCCO1)c1ccccc1,1,1,1,0,0
485,617,93365,"(2R,6S)-rel-4-[3-[4-(1,1-Dimethylethyl)phenyl]-2-methylpropyl]-2,6-dimethylmorpholine  ",67564-91-4,CC(Cc1ccc(C(C)(C)C)cc1)CN1CC(C)OC(C)C1,RYAUSSKQMZRMAI-UHFFFAOYSA-N,RYAUSSKQMZRMAI,RYAUSSKQMZRMAI,resolved,CC(Cc1ccc(C(C)(C)C)cc1)CN1CC(C)OC(C)C1,1,1,1,0,0
486,618,54739,Imazaquin (Ref: BAS 725H),81335-37-7,CC(C)C1(C)N=C(c2nc3ccccc3cc2C(=O)O)NC1=O,CABMTIJINOIHOD-UHFFFAOYSA-N,CABMTIJINOIHOD,CABMTIJINOIHOD,resolved,CC(C)C1(C)N=C(c2nc3ccccc3cc2C(=O)O)NC1=O,1,2,1,1,0
487,619,73670,"3,6-Bis(2-chlorophenyl)-1,2,4,5-tetrazine",74115-24-5,Clc1ccccc1-c1nnc(-c2ccccc2Cl)nn1,UXADOQPNKNTIHB-UHFFFAOYSA-N,UXADOQPNKNTIHB,UXADOQPNKNTIHB,resolved,Clc1ccccc1-c1nnc(-c2ccccc2Cl)nn1,1,1,1,0,0
488,620,61898,Dodemorph acetate (Ref: BAS 238F),31717-87-0,CC(=O)O.CC1CN(C2CCCCCCCCCCC2)CC(C)O1,YLJLLELGHSWIDU-UHFFFAOYSA-N,YLJLLELGHSWIDU,JMXKCYUTURMERF,resolved,CC(=O)O.CC1CN(C2CCCCCCCCCCC2)CC(C)O1,2,1,1,0,0
489,621,91699,Triflumizole (Ref: NF 114 ),99387-89-0,CCCOCC(=Nc1ccc(Cl)cc1C(F)(F)F)n1ccnc1,HSMVPDGQOIQYSR-UHFFFAOYSA-N,HSMVPDGQOIQYSR,HSMVPDGQOIQYSR,resolved,CCCOCC(=Nc1ccc(Cl)cc1C(F)(F)F)n1ccnc1,1,1,1,0,0
490,622,91741,Hexaflumuron (Ref: XRD 473),86479-06-3,O=C(NC(=O)c1c(F)cccc1F)Nc1cc(Cl)c(OC(F)(F)C(F)F)c(Cl)c1,RGNPBRKPHBKNKX-UHFFFAOYSA-N,RGNPBRKPHBKNKX,RGNPBRKPHBKNKX,resolved,O=C(NC(=O)c1c(F)cccc1F)Nc1cc(Cl)c(OC(F)(F)C(F)F)c(Cl)c1,1,1,1,0,0
491,623,87176,Bensultap (Ref: OMS 3011),17606-31-4,CN(C)C(CSS(=O)(=O)c1ccccc1)CSS(=O)(=O)c1ccccc1,YFXPPSKYMBTNAV-UHFFFAOYSA-N,YFXPPSKYMBTNAV,YFXPPSKYMBTNAV,resolved,CN(C)C(CSS(=O)(=O)c1ccccc1)CSS(=O)(=O)c1ccccc1,1,1,1,0,0
492,624,23681922,Haloxyfop-sodium,69806-86-6,CC(Oc1ccc(Oc2ncc(C(F)(F)F)cc2Cl)cc1)C(=O)[O-].[Na+],DUZVBQWEFKXWJM-UHFFFAOYSA-M,DUZVBQWEFKXWJM,GOCUAJYOYBLQRH,resolved,CC(Oc1ccc(Oc2ncc(C(F)(F)F)cc2Cl)cc1)C(=O)[O-].[Na+],2,1,1,0,0
493,625,91665,Pyroquilon (Ref: CGA 49104),57369-32-1,O=C1CCc2cccc3c2N1CC3,XRJLAOUDSILTFT-UHFFFAOYSA-N,XRJLAOUDSILTFT,XRJLAOUDSILTFT,resolved,O=C1CCc2cccc3c2N1CC3,1,1,1,0,0
494,626,71245,1-[[2-(4-Ethoxyphenyl)-2-methylpropoxy]methyl]-3-phenoxybenzene,80844-07-1,CCOc1ccc(C(C)(C)COCc2cccc(Oc3ccccc3)c2)cc1,YREQHYQNNWYQCJ-UHFFFAOYSA-N,YREQHYQNNWYQCJ,YREQHYQNNWYQCJ,resolved,CCOc1ccc(C(C)(C)COCc2cccc(Oc3ccccc3)c2)cc1,1,3,1,1,1
495,627,47455,"[(3,5,6-Trichloro-2-pyridinyl)oxy]acetic acid, 2-Butoxyethyl ester",64700-56-7,CCCCOCCOC(=O)COc1nc(Cl)c(Cl)cc1Cl,IVDRCZNHVGQBHZ-UHFFFAOYSA-N,IVDRCZNHVGQBHZ,IVDRCZNHVGQBHZ,resolved,CCCCOCCOC(=O)COc1nc(Cl)c(Cl)cc1Cl,1,1,1,0,0
496,629,73671,Paclobutrazol (Ref: PP 333),76738-62-0,CC(C)(C)C(O)C(Cc1ccc(Cl)cc1)n1cncn1,RMOGWMIKYWRTKW-UHFFFAOYSA-N,RMOGWMIKYWRTKW,RMOGWMIKYWRTKW,resolved,CC(C)(C)C(O)C(Cc1ccc(Cl)cc1)n1cncn1,1,2,1,1,0
497,631,73668,alpha-(1-Methylethyl)-alpha-[4-(trifluoromethoxy)phenyl]-5-pyrimidinemethanol,56425-91-3,CC(C)C(O)(c1ccc(OC(F)(F)F)cc1)c1cncnc1,VEVZCONIUDBCDC-UHFFFAOYSA-N,VEVZCONIUDBCDC,VEVZCONIUDBCDC,resolved,CC(C)C(O)(c1ccc(OC(F)(F)F)cc1)c1cncnc1,1,1,1,0,0
498,632,6328269,Fosetyl-aluminium (Ref: RP 32545),39148-24-8,CCOP(=O)=O.CCOP(=O)=O.CCOP(=O)=O.[Al+3],OIPMQULDKWSNGX-UHFFFAOYSA-N,OIPMQULDKWSNGX,ZUNGGJHBMLMRFJ,resolved,CCOP(=O)=O.CCOP(=O)=O.CCOP(=O)=O.[Al+3],4,1,1,0,0
499,633,91742,Diethofencarb (Ref: S 1605),87130-20-9,CCOc1ccc(NC(=O)OC(C)C)cc1OCC,LNJNFVJKDJYTEU-UHFFFAOYSA-N,LNJNFVJKDJYTEU,LNJNFVJKDJYTEU,resolved,CCOc1ccc(NC(=O)OC(C)C)cc1OCC,1,1,1,0,0
500,634,41632,Mepronil (Ref: B1 2459),55814-41-0,Cc1ccccc1C(=O)Nc1cccc(OC(C)C)c1,BCTQJXQXJVLSIG-UHFFFAOYSA-N,BCTQJXQXJVLSIG,BCTQJXQXJVLSIG,resolved,Cc1ccccc1C(=O)Nc1cccc(OC(C)C)c1,1,1,1,0,0
501,635,91745,Cinmethylin (Ref: BAS 684 H),87818-31-3,Cc1ccccc1COC1CC2(C(C)C)CCC1(C)O2,QMTNOLKHSWIQBE-UHFFFAOYSA-N,QMTNOLKHSWIQBE,QMTNOLKHSWIQBE,resolved,Cc1ccccc1COC1CC2(C(C)C)CCC1(C)O2,1,0,0,0,0
502,636,62276,"5-[2-Chloro-4-(trifluoromethyl)phenoxy]-2-nitrobenzoic acid, 2-Ethoxy-1-methyl-2-oxoethyl ester",77501-63-4,CCOC(=O)C(C)OC(=O)c1cc(Oc2ccc(C(F)(F)F)cc2Cl)ccc1[N+](=O)[O-],CONWAEURSVPLRM-UHFFFAOYSA-N,CONWAEURSVPLRM,CONWAEURSVPLRM,resolved,CCOC(=O)C(C)OC(=O)c1cc(Oc2ccc(C(F)(F)F)cc2Cl)ccc1[N+](=O)[O-],1,0,0,0,0
503,637,6436604,Uniconazole (Ref: XE 1019),83657-22-1,CC(C)(C)C(O)C(=Cc1ccc(Cl)cc1)n1cncn1,YNWVFADWVLCOPU-UHFFFAOYSA-N,YNWVFADWVLCOPU,YNWVFADWVLCOPU,resolved,CC(C)(C)C(O)C(=Cc1ccc(Cl)cc1)n1cncn1,1,1,1,0,0
504,638,13218777,"(4R,5R)-rel-5-(4-Chlorophenyl)-N-cyclohexyl-4-methyl-2-oxo-3-thiazolidinecarboxamide",78587-05-0,CC1C(c2ccc(Cl)cc2)SC(=O)N1C(=O)NC1CCCCC1,XGWIJUOSCAQSSV-UHFFFAOYSA-N,XGWIJUOSCAQSSV,XGWIJUOSCAQSSV,resolved,CC1C(c2ccc(Cl)cc2)SC(=O)N1C(=O)NC1CCCCC1,1,1,1,0,0
505,639,73672,Isoxaben (Ref: EAF 496),82558-50-7,CCC(C)(CC)c1cc(NC(=O)c2c(OC)cccc2OC)on1,PMHURSZHKKJGBM-UHFFFAOYSA-N,PMHURSZHKKJGBM,PMHURSZHKKJGBM,resolved,CCC(C)(CC)c1cc(NC(=O)c2c(OC)cccc2OC)on1,1,1,1,0,0
506,640,21889738,Dipotassium phosphonate,13492-26-7,[K+].[K+].[O-]P([O-])O,XBMOWLAOINHDLR-UHFFFAOYSA-N,XBMOWLAOINHDLR,OJMIONKXNSYLSR,resolved,[K+].[K+].[O-]P([O-])O,3,0,0,0,0
507,641,127394,Isofenphos-methyl,99675-03-3,COP(=S)(NC(C)C)Oc1ccccc1C(=O)OC(C)C,IXTOWLKEARFCCP-UHFFFAOYSA-N,IXTOWLKEARFCCP,IXTOWLKEARFCCP,resolved,COP(=S)(NC(C)C)Oc1ccccc1C(=O)OC(C)C,1,3,1,1,1
508,642,91766,Flufenoxuron (Ref: BAS 3071),101463-69-8,O=C(NC(=O)c1c(F)cccc1F)Nc1ccc(Oc2ccc(C(F)(F)F)cc2Cl)cc1F,RYLHNOVXKPXDIP-UHFFFAOYSA-N,RYLHNOVXKPXDIP,RYLHNOVXKPXDIP,resolved,O=C(NC(=O)c1c(F)cccc1F)Nc1ccc(Oc2ccc(C(F)(F)F)cc2Cl)cc1F,1,1,1,0,0
509,643,54886,Benfuracarb,82560-54-1,CCOC(=O)CCN(SN(C)C(=O)Oc1cccc2c1OC(C)(C)C2)C(C)C,FYZBOYWSHKHDMT-UHFFFAOYSA-N,FYZBOYWSHKHDMT,FYZBOYWSHKHDMT,resolved,CCOC(=O)CCN(SN(C)C(=O)Oc1cccc2c1OC(C)(C)C2)C(C)C,1,3,1,1,1
510,644,3034380,Diafenthiuron (Ref: CGA 106630),80060-09-9,CC(C)c1cc(Oc2ccccc2)cc(C(C)C)c1NC(=S)NC(C)(C)C,WOWBFOBYOAGEEA-UHFFFAOYSA-N,WOWBFOBYOAGEEA,WOWBFOBYOAGEEA,resolved,CC(C)c1cc(Oc2ccccc2)cc(C(C)C)c1NC(=S)NC(C)(C)C,1,2,1,1,0
511,646,54740,Imazethapyr (Ref: AC 252925),81335-77-5,CCc1cnc(C2=NC(C)(C(C)C)C(=O)N2)c(C(=O)O)c1,XVOKUMIPKHGGTN-UHFFFAOYSA-N,XVOKUMIPKHGGTN,XVOKUMIPKHGGTN,resolved,CCc1cnc(C2=NC(C)(C(C)C)C(=O)N2)c(C(=O)O)c1,1,1,1,0,0
512,647,86102,Tebuconazole (Ref: HWG 1608),107534-96-3,CC(C)(C)C(O)(CCc1ccc(Cl)cc1)Cn1cncn1,PXMNMQRDXWABCY-UHFFFAOYSA-N,PXMNMQRDXWABCY,PXMNMQRDXWABCY,resolved,CC(C)(C)C(O)(CCc1ccc(Cl)cc1)Cn1cncn1,1,1,1,0,0
513,648,92389,Aclonifen (Ref: AE F068300),74070-46-5,Nc1c([N+](=O)[O-])ccc(Oc2ccccc2)c1Cl,DDBMQDADIHOWIC-UHFFFAOYSA-N,DDBMQDADIHOWIC,DDBMQDADIHOWIC,resolved,Nc1c([N+](=O)[O-])ccc(Oc2ccccc2)c1Cl,1,1,1,0,0
514,649,47938,Fenoxaprop-ethyl,66441-23-4,CCOC(=O)C(C)Oc1ccc(Oc2nc3ccc(Cl)cc3o2)cc1,PQKBPHSEKWERTG-UHFFFAOYSA-N,PQKBPHSEKWERTG,PQKBPHSEKWERTG,resolved,CCOC(=O)C(C)Oc1ccc(Oc2nc3ccc(Cl)cc3o2)cc1,1,0,0,0,0
515,650,54778,"2-[(2-Chlorophenyl)methyl]-4,4-dimethyl-3-isoxazolidinone",81777-89-1,CC1(C)CON(Cc2ccccc2Cl)C1=O,KIEDNEWSYUYDSN-UHFFFAOYSA-N,KIEDNEWSYUYDSN,KIEDNEWSYUYDSN,resolved,CC1(C)CON(Cc2ccccc2Cl)C1=O,1,1,1,0,0
516,651,44178,Fenothiocarb (Ref: KCO 3001),62850-32-2,CN(C)C(=O)SCCCCOc1ccccc1,HMIBKHHNXANVHR-UHFFFAOYSA-N,HMIBKHHNXANVHR,HMIBKHHNXANVHR,resolved,CN(C)C(=O)SCCCCOc1ccccc1,1,0,0,0,0
517,653,77797,Sulfluramid (Ref: GX 071),4151-50-2,CCNS(=O)(=O)C(F)(F)C(F)(F)C(F)(F)C(F)(F)C(F)(F)C(F)(F)C(F)(F)C(F)(F)F,CCEKAJIANROZEO-UHFFFAOYSA-N,CCEKAJIANROZEO,CCEKAJIANROZEO,resolved,CCNS(=O)(=O)C(F)(F)C(F)(F)C(F)(F)C(F)(F)C(F)(F)C(F)(F)C(F)(F)C(F)(F)F,1,2,1,1,0
518,655,91755,Flurtamone (Ref: RPA 590515),96525-23-4,CNC1=C(c2cccc(C(F)(F)F)c2)C(=O)C(c2ccccc2)O1,NYRMIJKDBAQCHC-UHFFFAOYSA-N,NYRMIJKDBAQCHC,NYRMIJKDBAQCHC,resolved,CNC1=C(c2cccc(C(F)(F)F)c2)C(=O)C(c2ccccc2)O1,1,1,1,0,0
519,656,91750,Pyrazosulfuron-ethyl (Ref: NC 311),93697-74-6,CCOC(=O)c1cnn(C)c1S(=O)(=O)NC(=O)Nc1nc(OC)cc(OC)n1,BGNQYGRXEXDAIQ-UHFFFAOYSA-N,BGNQYGRXEXDAIQ,BGNQYGRXEXDAIQ,resolved,CCOC(=O)c1cnn(C)c1S(=O)(=O)NC(=O)Nc1nc(OC)cc(OC)n1,1,1,1,0,0
520,657,91735,Diflufenican (Ref: AE 088657),83164-33-4,O=C(Nc1ccc(F)cc1F)c1cccnc1Oc1cccc(C(F)(F)F)c1,WYEHFWKAOXOVJD-UHFFFAOYSA-N,WYEHFWKAOXOVJD,WYEHFWKAOXOVJD,resolved,O=C(Nc1ccc(F)cc1F)c1cccnc1Oc1cccc(C(F)(F)F)c1,1,1,1,0,0
521,658,91757,"2-(Difluoromethyl)-4-(2-methylpropyl)-6-(trifluoromethyl)-3,5-pyridinedicarbothioic acid, S3,S5-Dimethyl ester",97886-45-8,CSC(=O)c1c(C(F)F)nc(C(F)(F)F)c(C(=O)SC)c1CC(C)C,YUBJPYNSGLJZPQ-UHFFFAOYSA-N,YUBJPYNSGLJZPQ,YUBJPYNSGLJZPQ,resolved,CSC(=O)c1c(C(F)F)nc(C(F)(F)F)c(C(=O)SC)c1CC(C)C,1,1,1,0,0
522,659,91749,Quinmerac (Ref: BAS 518H),90717-03-6,Cc1cnc2c(C(=O)O)c(Cl)ccc2c1,ALZOLUNSQWINIR-UHFFFAOYSA-N,ALZOLUNSQWINIR,ALZOLUNSQWINIR,resolved,Cc1cnc2c(C(=O)O)c(Cl)ccc2c1,1,1,1,0,0
523,660,91739,"3,7-Dichloro-8-quinolinecarboxylic acidZ",84087-01-4,O=C(O)c1c(Cl)ccc2cc(Cl)cnc12,FFSSWMQPCJRCRV-UHFFFAOYSA-N,FFSSWMQPCJRCRV,FFSSWMQPCJRCRV,resolved,O=C(O)c1c(Cl)ccc2cc(Cl)cnc12,1,0,0,0,0
524,661,3034382,Imazamethabenz (Ref: AC 263840),100728-84-5,Cc1ccc(C(=O)O)c(C2=NC(C)(C(C)C)C(=O)N2)c1,KFEFNHNXZQYTEW-UHFFFAOYSA-N,KFEFNHNXZQYTEW,KFEFNHNXZQYTEW,resolved,Cc1ccc(C(=O)O)c(C2=NC(C)(C(C)C)C(=O)N2)c1,1,1,1,0,0
525,662,93460,Pyraclofos (Ref: OMS 3040),89784-60-1,CCCSP(=O)(OCC)Oc1cnn(-c2ccc(Cl)cc2)c1,QHGVXILFMXYDRS-UHFFFAOYSA-N,QHGVXILFMXYDRS,QHGVXILFMXYDRS,resolved,CCCSP(=O)(OCC)Oc1cnn(-c2ccc(Cl)cc2)c1,1,3,1,1,1
526,663,93532,Pefurazoate (Ref: UR-0003),101903-30-4,C=CCCCOC(=O)C(CC)N(Cc1ccco1)C(=O)n1ccnc1,WBTYBAGIHOISOQ-UHFFFAOYSA-N,WBTYBAGIHOISOQ,WBTYBAGIHOISOQ,resolved,C=CCCCOC(=O)C(CC)N(Cc1ccco1)C(=O)n1ccnc1,1,1,1,0,0
527,664,73674,Thifensulfuron-methyl (Ref: DPX M6316),79277-27-3,COC(=O)c1sccc1S(=O)(=O)NC(=O)Nc1nc(C)nc(OC)n1,AHTPATJNIAFOLR-UHFFFAOYSA-N,AHTPATJNIAFOLR,AHTPATJNIAFOLR,resolved,COC(=O)c1sccc1S(=O)(=O)NC(=O)Nc1nc(C)nc(OC)n1,1,2,1,1,0
528,665,54960,Bensulfuron-methyl (Ref: DPX F5384),83055-99-6,COC(=O)c1ccccc1CS(=O)(=O)NC(=O)Nc1nc(OC)cc(OC)n1,XMQFTWRPUQYINF-UHFFFAOYSA-N,XMQFTWRPUQYINF,XMQFTWRPUQYINF,resolved,COC(=O)c1ccccc1CS(=O)(=O)NC(=O)Nc1nc(OC)cc(OC)n1,1,1,1,0,0
529,666,47898,Flutolanil (Ref: NNF 136),66332-96-5,CC(C)Oc1cccc(NC(=O)c2ccccc2C(F)(F)F)c1,PTCGDEVVHUXTMP-UHFFFAOYSA-N,PTCGDEVVHUXTMP,PTCGDEVVHUXTMP,resolved,CC(C)Oc1cccc(NC(=O)c2ccccc2C(F)(F)F)c1,1,0,0,0,0
530,667,92430,Silafluofen (Ref: HOE 084498),105024-66-6,CCOc1ccc([Si](C)(C)CCCc2ccc(F)c(Oc3ccccc3)c2)cc1,HPYNBECUCCGGPA-UHFFFAOYSA-N,HPYNBECUCCGGPA,HPYNBECUCCGGPA,resolved,CCOc1ccc([Si](C)(C)CCCc2ccc(F)c(Oc3ccccc3)c2)cc1,1,3,1,1,1
531,669,107828,Bensulfuron (Ref: IN R9419),99283-01-9,COc1cc(OC)nc(NC(=O)NS(=O)(=O)Cc2ccccc2C(=O)O)n1,PPWBRCCBKOWDNB-UHFFFAOYSA-N,PPWBRCCBKOWDNB,PPWBRCCBKOWDNB,resolved,COc1cc(OC)nc(NC(=O)NS(=O)(=O)Cc2ccccc2C(=O)O)n1,1,1,1,0,0
532,671,101525,"2-[[[[[4,6-Bis(difluoromethoxy)-2-pyrimidinyl]amino]carbonyl]amino]sulfonyl]benzoic acid, Methyl ester",86209-51-0,COC(=O)c1ccccc1S(=O)(=O)NC(=O)Nc1nc(OC(F)F)cc(OC(F)F)n1,ZTYVMAQSHCZXLF-UHFFFAOYSA-N,ZTYVMAQSHCZXLF,ZTYVMAQSHCZXLF,resolved,COC(=O)c1ccccc1S(=O)(=O)NC(=O)Nc1nc(OC(F)F)cc(OC(F)F)n1,1,1,1,0,0
533,672,93341,Diflumetorim (Ref: UBF 002),130339-07-0,CCC(Nc1ncnc(C)c1Cl)c1ccc(OC(F)F)cc1,NEKULYKCZPJMMJ-UHFFFAOYSA-N,NEKULYKCZPJMMJ,NEKULYKCZPJMMJ,resolved,CCC(Nc1ncnc(C)c1Cl)c1ccc(OC(F)F)cc1,1,2,1,1,0
534,673,91644,Pretilachlor (Ref: CGA 26423),51218-49-6,CCCOCCN(C(=O)CCl)c1c(CC)cccc1CC,YLPGTOIOYRQOHV-UHFFFAOYSA-N,YLPGTOIOYRQOHV,YLPGTOIOYRQOHV,resolved,CCCOCCN(C(=O)CCl)c1c(CC)cccc1CC,1,1,1,0,0
535,674,54744,Imazamethabenz-methyl (Ref: AC 222293),81405-85-8,COC(=O)c1cc(C)ccc1C1=NC(C)(C(C)C)C(=O)N1.COC(=O)c1ccc(C)cc1C1=NC(C)(C(C)C)C(=O)N1,WXUNXXKSYBUHMK-UHFFFAOYSA-N,WXUNXXKSYBUHMK,TYIHVCIQMMTVHE,resolved,COC(=O)c1cc(C)ccc1C1=NC(C)(C(C)C)C(=O)N1.COC(=O)c1ccc(C)cc1C1=NC(C)(C(C)C)C(=O)N1,2,1,1,0,0
536,676,86137,Imazamox (Ref: BAS 720H),114311-32-9,COCc1cnc(C2=NC(C)(C(C)C)C(=O)N2)c(C(=O)O)c1,NUPJIGQFXCQJBK-UHFFFAOYSA-N,NUPJIGQFXCQJBK,NUPJIGQFXCQJBK,resolved,COCc1cnc(C2=NC(C)(C(C)C)C(=O)N2)c(C(=O)O)c1,1,1,1,0,0
537,678,12056759,Propoxycarbazone-sodium (Ref: MKH 6561),181274-15-7,CCCOc1nn(C([O-])=NS(=O)(=O)c2ccccc2C(=O)OC)c(=O)n1C.[Na+],JRQGDDUXDKCWRF-UHFFFAOYSA-M,JRQGDDUXDKCWRF,JTHMVYBOQLDDIY,resolved,CCCOc1nn(C([O-])=NS(=O)(=O)c2ccccc2C(=O)OC)c(=O)n1C.[Na+],2,0,0,0,0
538,679,114994,Halofenozide (Ref: RH 0345),112226-61-6,CC(C)(C)N(NC(=O)c1ccc(Cl)cc1)C(=O)c1ccccc1,CNKHSLKYRMDDNQ-UHFFFAOYSA-N,CNKHSLKYRMDDNQ,CNKHSLKYRMDDNQ,resolved,CC(C)(C)N(NC(=O)c1ccc(Cl)cc1)C(=O)c1ccccc1,1,1,1,0,0
539,680,66461,Hexaconazole (Ref: PP 523),79983-71-4,CCCCC(O)(Cn1cncn1)c1ccc(Cl)cc1Cl,STMIIPIFODONDC-UHFFFAOYSA-N,STMIIPIFODONDC,STMIIPIFODONDC,resolved,CCCCC(O)(Cn1cncn1)c1ccc(Cl)cc1Cl,1,1,1,0,0
540,681,91754,"4-Chloro-2-(1,1-dimethylethyl)-5-[[[4-(1,1-dimethylethyl)phenyl]methyl]thio]-3(2H)pyridazinene",96489-71-3,CC(C)(C)c1ccc(CSc2cnn(C(C)(C)C)c(=O)c2Cl)cc1,DWFZBUWUXWZWKD-UHFFFAOYSA-N,DWFZBUWUXWZWKD,DWFZBUWUXWZWKD,resolved,CC(C)(C)c1ccc(CSc2cnn(C(C)(C)C)c(=O)c2Cl)cc1,1,3,1,1,1
541,683,3391107,"5,7-Dichloro-4-(4-fluorophenoxy)quinoline",124495-18-7,Fc1ccc(Oc2ccnc3cc(Cl)cc(Cl)c23)cc1,WRPIRSINYZBGPK-UHFFFAOYSA-N,WRPIRSINYZBGPK,WRPIRSINYZBGPK,resolved,Fc1ccc(Oc2ccnc3cc(Cl)cc(Cl)c23)cc1,1,1,1,0,0
542,684,93542,"[[2-Chloro-4-fluoro-5-[(tetrahydro-3-oxo-1H,3H-[1,3,4]thiadiazolo [3,4-a]pyridazin-1-ylidine)amino]phenyl]thioacetic acid methyl ester",117337-19-6,COC(=O)CSc1cc(N=c2sc(=O)n3n2CCCC3)c(F)cc1Cl,ZCNQYNHDVRPZIH-UHFFFAOYSA-N,ZCNQYNHDVRPZIH,ZCNQYNHDVRPZIH,resolved,COC(=O)CSc1cc(N=c2sc(=O)n3n2CCCC3)c(F)cc1Cl,1,1,1,0,0
543,686,93539,"N-[[4,6-Dimethoxy-2-pyrimidinyl)amino]carbonyl]-3-(trifluoromethyl)-2-pyridinesulfonamide",104040-78-0,COc1cc(OC)nc(NC(=O)NS(=O)(=O)c2ncccc2C(F)(F)F)n1,HWATZEJQIXKWQS-UHFFFAOYSA-N,HWATZEJQIXKWQS,HWATZEJQIXKWQS,resolved,COc1cc(OC)nc(NC(=O)NS(=O)(=O)c2ncccc2C(F)(F)F)n1,1,1,1,0,0
544,689,6537961,Triticonazole (Ref: RPA 400727),131983-72-7,CC1(C)CCC(=Cc2ccc(Cl)cc2)C1(O)Cn1cncn1,PPDBOQMNKNNODG-UHFFFAOYSA-N,PPDBOQMNKNNODG,PPDBOQMNKNNODG,resolved,CC1(C)CCC(=Cc2ccc(Cl)cc2)C1(O)Cn1cncn1,1,1,1,0,0
545,690,91650,"4,6-Dimethyl-N-phenyl-2-pyrimidinamine",53112-28-0,Cc1cc(C)nc(Nc2ccccc2)n1,ZLIBICFPKPWGIZ-UHFFFAOYSA-N,ZLIBICFPKPWGIZ,ZLIBICFPKPWGIZ,resolved,Cc1cc(C)nc(Nc2ccccc2)n1,1,1,1,0,0
546,692,37523,Tiocarbazil (Ref: M 3432),36756-79-3,CCC(C)N(C(=O)SCc1ccccc1)C(C)CC,PHSUVQBHRAWOQD-UHFFFAOYSA-N,PHSUVQBHRAWOQD,PHSUVQBHRAWOQD,resolved,CCC(C)N(C(=O)SCc1ccccc1)C(C)CC,1,1,1,0,0
547,694,135491728,Clethodim (Ref: RE 45601),99129-21-2,CCSC(C)CC1CC(=O)C(=C(CC)NOCC=CCl)C(=O)C1,INNPZTGYZSAJFN-UHFFFAOYSA-N,INNPZTGYZSAJFN,INNPZTGYZSAJFN,resolved,CCSC(C)CC1CC(=O)C(=C(CC)NOCC=CCl)C(=O)C1,1,0,0,0,0
548,695,11302979,"[3-(4,5-Dihydro-3-isoxazolyl)-2-methyl-4-(methylsulfonyl)phenyl](5-hydroxy-1-methyl-1H-pyrazol-4-yl)methanone",210631-68-8,Cc1c(C(=O)c2c[nH]n(C)c2=O)ccc(S(C)(=O)=O)c1C1=NOCC1,BPPVUXSMLBXYGG-UHFFFAOYSA-N,BPPVUXSMLBXYGG,BPPVUXSMLBXYGG,resolved,Cc1c(C(=O)c2c[nH]n(C)c2=O)ccc(S(C)(=O)=O)c1C1=NOCC1,1,1,1,0,0
549,696,184900,Prohexadione,88805-35-0,CCC(=O)C1C(=O)CC(C(=O)O)CC1=O,BUCOQPHDYUOJSI-UHFFFAOYSA-N,BUCOQPHDYUOJSI,BUCOQPHDYUOJSI,resolved,CCC(=O)C1C(=O)CC(C(=O)O)CC1=O,1,1,1,0,0
550,697,38090,Diethatyl ethyl (Ref: BAY NNT 6867),38727-55-8,CCOC(=O)CN(C(=O)CCl)c1c(CC)cccc1CC,WFKSADNZWSKCRZ-UHFFFAOYSA-N,WFKSADNZWSKCRZ,WFKSADNZWSKCRZ,resolved,CCOC(=O)CN(C(=O)CCl)c1c(CC)cccc1CC,1,1,1,0,0
551,698,91762,Chlorimuron,99283-00-8,COc1cc(Cl)nc(NC(=O)NS(=O)(=O)c2ccccc2C(=O)O)n1,RIUXZHMCCFLRBI-UHFFFAOYSA-N,RIUXZHMCCFLRBI,RIUXZHMCCFLRBI,resolved,COc1cc(Cl)nc(NC(=O)NS(=O)(=O)c2ccccc2C(=O)O)n1,1,1,1,0,0
552,699,86298,"3-(4-Chlorophenyl)-3-(3,4-dimethoxyphenyl)-1-(4-morpholinyl)-2-propen-1-one",110488-70-5,COc1ccc(C(=CC(=O)N2CCOCC2)c2ccc(Cl)cc2)cc1OC,QNBTYORWCCMPQP-UHFFFAOYSA-N,QNBTYORWCCMPQP,QNBTYORWCCMPQP,resolved,COc1ccc(C(=CC(=O)N2CCOCC2)c2ccc(Cl)cc2)cc1OC,1,1,1,0,0
553,700,91655,"Phosphorothioic acid O,O-diethyl-O-(1,2,2,2-tetrachloroethyl) ester",54593-83-8,CCOP(=S)(OCC)OC(Cl)C(Cl)(Cl)Cl,XFDJMIHUAHSGKG-UHFFFAOYSA-N,XFDJMIHUAHSGKG,XFDJMIHUAHSGKG,resolved,CCOP(=S)(OCC)OC(Cl)C(Cl)(Cl)Cl,1,3,1,1,1
554,701,92425,"2-[7-Fluoro-3,4-dihydro-3-oxo-4-(2-propynyl)-2H-1,4-benzoxazin-6-yl]-4,5,6,7-tetrahydro-1H-isoindole-1,3(2H)-dione",103361-09-7,C#CCN1C(=O)COc2cc(F)c(N3C(=O)C4=C(CCCC4)C3=O)cc21,FOUWCSDKDDHKQP-UHFFFAOYSA-N,FOUWCSDKDDHKQP,FOUWCSDKDDHKQP,resolved,C#CCN1C(=O)COc2cc(F)c(N3C(=O)C4=C(CCCC4)C3=O)cc21,1,0,0,0,0
555,702,16213016,Propaquizafop (Ref: CGA 233380),111479-05-1,CC(C)=NOCCOC(=O)C(C)Oc1ccc(Oc2cnc3cc(Cl)ccc3n2)cc1,FROBCXTULYFHEJ-UHFFFAOYSA-N,FROBCXTULYFHEJ,FROBCXTULYFHEJ,resolved,CC(C)=NOCCOC(=O)C(C)Oc1ccc(Oc2cnc3cc(Cl)ccc3n2)cc1,1,1,1,0,0
556,703,443048,"2-[2-Chloro-4-fluoro-5-(1,3,4,5,6,7-hexahydro-1,3-dioxo-2H-isoindol-2-yl)phenoxy]acetic acid pentyl ester",87546-18-7,CCCCCOC(=O)COc1cc(N2C(=O)C3=C(CCCC3)C2=O)c(F)cc1Cl,IRECWLYBCAZIJM-UHFFFAOYSA-N,IRECWLYBCAZIJM,IRECWLYBCAZIJM,resolved,CCCCCOC(=O)COc1cc(N2C(=O)C3=C(CCCC3)C2=O)c(F)cc1Cl,1,0,0,0,0
557,704,6537963,Flucycloxuron (Ref: OMS 3041),113036-88-7,O=C(NC(=O)c1c(F)cccc1F)Nc1ccc(CON=C(c2ccc(Cl)cc2)C2CC2)cc1,PCKNFPQPGUWFHO-UHFFFAOYSA-N,PCKNFPQPGUWFHO,PCKNFPQPGUWFHO,resolved,O=C(NC(=O)c1c(F)cccc1F)Nc1ccc(CON=C(c2ccc(Cl)cc2)C2CC2)cc1,1,1,1,0,0
558,706,92420,Cinosulfuron (Ref: CGA 142464),94593-91-6,COCCOc1ccccc1S(=O)(=O)NC(=O)Nc1nc(OC)nc(OC)n1,WMLPCIHUFDKWJU-UHFFFAOYSA-N,WMLPCIHUFDKWJU,WMLPCIHUFDKWJU,resolved,COCCOc1ccccc1S(=O)(=O)NC(=O)Nc1nc(OC)nc(OC)n1,1,1,1,0,0
559,707,91759,"N-(2,6-Difluorophenyl)-5-methyl-[1,2,4]triazolo[1,5-a]pyrimidine-2-sulfonamide",98967-40-9,Cc1ccn2nc(S(=O)(=O)Nc3c(F)cccc3F)nc2n1,RXCPQSJAVKGONC-UHFFFAOYSA-N,RXCPQSJAVKGONC,RXCPQSJAVKGONC,resolved,Cc1ccn2nc(S(=O)(=O)Nc3c(F)cccc3F)nc2n1,1,1,1,0,0
560,708,3032540,Aluminium ammonium sulphate,7784-26-1,O=S(=O)([O-])[O-].O=S(=O)([O-])[O-].[Al+3].[NH4+],LCQXXBOSCBRNNT-UHFFFAOYSA-K,LCQXXBOSCBRNNT,QAOWNCQODCNURD,resolved,O=S(=O)([O-])[O-].O=S(=O)([O-])[O-].[Al+3].[NH4+],4,1,1,0,0
561,709,213029,Ecolyst (Ref: HSDB 7282),274671-61-3,CC[NH+](CC)CCOCc1ccc(C)cc1.[Cl-],JNPUCJSASHXMFN-UHFFFAOYSA-N,JNPUCJSASHXMFN,DUPRTBOVJMCXIM,resolved,CC[NH+](CC)CCOCc1ccc(C)cc1.[Cl-],2,1,1,0,0
562,710,86173,"1-[[2-[2-Chloro-4-(4-chlorophenoxyl)phenyl]-4-methyl-1,3-dioxolan-2-yl]methyl]-1H-1,2,4-triazole",119446-68-3,CC1COC(Cn2cncn2)(c2ccc(Oc3ccc(Cl)cc3)cc2Cl)O1,BQYJATMQXGBDHF-UHFFFAOYSA-N,BQYJATMQXGBDHF,BQYJATMQXGBDHF,resolved,CC1COC(Cn2cncn2)(c2ccc(Oc3ccc(Cl)cc3)cc2Cl)O1,1,1,1,0,0
563,711,91773,"1-(1,1-Dimethylethyl)-2-(4-ethylbenzoyl)hydrazide-3,5-dimethylbenzoic acid",112410-23-8,CCc1ccc(C(=O)NN(C(=O)c2cc(C)cc(C)c2)C(C)(C)C)cc1,QYPNKSZPJQQLRK-UHFFFAOYSA-N,QYPNKSZPJQQLRK,QYPNKSZPJQQLRK,resolved,CCc1ccc(C(=O)NN(C(=O)c2cc(C)cc(C)c2)C(C)(C)C)cc1,1,0,0,0,0
564,712,91731,Fluazinam (Ref: IKF 1216),79622-59-6,O=[N+]([O-])c1cc(C(F)(F)F)c(Cl)c([N+](=O)[O-])c1Nc1ncc(C(F)(F)F)cc1Cl,UZCGKGPEKUCDTF-UHFFFAOYSA-N,UZCGKGPEKUCDTF,UZCGKGPEKUCDTF,resolved,O=[N+]([O-])c1cc(C(F)(F)F)c(Cl)c([N+](=O)[O-])c1Nc1ncc(C(F)(F)F)cc1Cl,1,1,1,0,0
565,713,86418,Imidacloprid (Ref: BAY NTN 33893),138261-41-3,O=[N+]([O-])NC1=NCCN1Cc1ccc(Cl)nc1,YWTYJOPNNQFBPC-UHFFFAOYSA-N,YWTYJOPNNQFBPC,YWTYJOPNNQFBPC,resolved,O=[N+]([O-])NC1=NCCN1Cc1ccc(Cl)nc1,1,3,1,1,1
566,714,86138,"alpha-[2-(4-Chlorophenyl)ethyl]-alpha-phenyl-1H-1,2,4-triazole-1-propanenitrile",114369-43-6,N#CC(CCc1ccc(Cl)cc1)(Cn1cncn1)c1ccccc1,RQDJADAKIFFEKQ-UHFFFAOYSA-N,RQDJADAKIFFEKQ,RQDJADAKIFFEKQ,resolved,N#CC(CCc1ccc(Cl)cc1)(Cn1cncn1)c1ccccc1,1,2,1,1,0
567,715,54745,"2-[(4-Amino-3,5-dichloro-6-fluoro-2-pyridinyl)oxy]acetic acid 1-methylheptyl ester",81406-37-3,CCCCCCC(C)OC(=O)COc1nc(F)c(Cl)c(N)c1Cl,OLZQTUCTGLHFTQ-UHFFFAOYSA-N,OLZQTUCTGLHFTQ,OLZQTUCTGLHFTQ,resolved,CCCCCCC(C)OC(=O)COc1nc(F)c(Cl)c(N)c1Cl,1,1,1,0,0
568,716,86175,Quizalofop-P-tefuryl (Ref: UBI C4874 ),119738-06-6,CC(Oc1ccc(Oc2cnc3cc(Cl)ccc3n2)cc1)C(=O)OCC1CCCO1,BBKDWPHJZANJGB-UHFFFAOYSA-N,BBKDWPHJZANJGB,BBKDWPHJZANJGB,resolved,CC(Oc1ccc(Oc2cnc3cc(Cl)ccc3n2)cc1)C(=O)OCC1CCCO1,1,1,1,0,0
569,717,86426,"N-[[(4,6-Dimethoxy-2-pyrimidinyl)amino]carbonyl]-2-(ethylsulfonyl)imidazo[1,2-a]pyridine-3-sulfonamide",141776-32-1,CCS(=O)(=O)c1nc2ccccn2c1S(=O)(=O)NC(=O)Nc1nc(OC)cc(OC)n1,RBSXHDIPCIWOMG-UHFFFAOYSA-N,RBSXHDIPCIWOMG,RBSXHDIPCIWOMG,resolved,CCS(=O)(=O)c1nc2ccccn2c1S(=O)(=O)NC(=O)Nc1nc(OC)cc(OC)n1,1,1,1,0,0
570,718,92395,Fluoroglycofen,77501-60-1,O=C(O)COC(=O)c1cc(Oc2ccc(C(F)(F)F)cc2Cl)ccc1[N+](=O)[O-],DHAHEVIQIYRFRG-UHFFFAOYSA-N,DHAHEVIQIYRFRG,DHAHEVIQIYRFRG,resolved,O=C(O)COC(=O)c1cc(Oc2ccc(C(F)(F)F)cc2Cl)ccc1[N+](=O)[O-],1,1,1,0,0
571,719,91729,Thifensulfuron (Ref: IN L9225),79277-67-1,COc1nc(C)nc(NC(=O)NS(=O)(=O)c2ccsc2C(=O)O)n1,LOQQVLXUKHKNIA-UHFFFAOYSA-N,LOQQVLXUKHKNIA,LOQQVLXUKHKNIA,resolved,COc1nc(C)nc(NC(=O)NS(=O)(=O)c2ccsc2C(=O)O)n1,1,2,1,1,0
572,720,11700495,Florasulam (Ref: DE 570),145701-23-1,COc1ncc(F)c2nc(S(=O)(=O)Nc3c(F)cccc3F)nn12,QZXATCCPQKOEIH-UHFFFAOYSA-N,QZXATCCPQKOEIH,QZXATCCPQKOEIH,resolved,COc1ncc(F)c2nc(S(=O)(=O)Nc3c(F)cccc3F)nn12,1,1,1,0,0
573,721,73281,Nicosulfuron (Ref: DPX V9360),111991-09-4,COc1cc(OC)nc(NC(=O)NS(=O)(=O)c2ncccc2C(=O)N(C)C)n1,RTCOGUMHFFWOJV-UHFFFAOYSA-N,RTCOGUMHFFWOJV,RTCOGUMHFFWOJV,resolved,COc1cc(OC)nc(NC(=O)NS(=O)(=O)c2ncccc2C(=O)N(C)C)n1,1,2,1,1,0
574,722,3033865,Fenchlorazole-ethyl (Ref: HOE 070542),103112-35-2,O=C(Oc1ccccc1)n1c(C(F)(F)F)nc2cc(Cl)c(Cl)cc21,ISVQSVPUDBVFFU-UHFFFAOYSA-N,ISVQSVPUDBVFFU,ISVQSVPUDBVFFU,resolved,O=C(Oc1ccccc1)n1c(C(F)(F)F)nc2cc(Cl)c(Cl)cc21,1,0,0,0,0
575,724,91776,"2-(Difluoromethyl)-5-(4,5-dihydro-2-thiazolyl)-4-(2-methylpropyl)-6-(trifluoromethyl)-3-pyridinecarboxylic acid methyl ester",117718-60-2,COC(=O)c1c(C(F)F)nc(C(F)(F)F)c(C2=NCCS2)c1CC(C)C,YIJZJEYQBAAWRJ-UHFFFAOYSA-N,YIJZJEYQBAAWRJ,YIJZJEYQBAAWRJ,resolved,COC(=O)c1c(C(F)F)nc(C(F)(F)F)c(C2=NCCS2)c1CC(C)C,1,1,1,0,0
576,726,213016,(alphaE)-alpha-(Methoxyimino)-2-[[[(E)-[1-[3-(trifluoromethyl)phenyl]ethylidene]amino]oxy]methyl]benzeneacteic acid methyl ester,141517-21-7,CON=C(C(=O)OC)c1ccccc1CON=C(C)c1cccc(C(F)(F)F)c1,ONCZDRURRATYFI-UHFFFAOYSA-N,ONCZDRURRATYFI,ONCZDRURRATYFI,resolved,CON=C(C(=O)OC)c1ccccc1CON=C(C)c1cccc(C(F)(F)F)c1,1,0,0,0,0
577,727,91770,Imazapic (Ref: AC 263222),104098-48-8,Cc1cnc(C2=NC(C)(C(C)C)C(=O)N2)c(C(=O)O)c1,PVSGXWMWNRGTKE-UHFFFAOYSA-N,PVSGXWMWNRGTKE,PVSGXWMWNRGTKE,resolved,Cc1cnc(C2=NC(C)(C(C)C)C(=O)N2)c(C(=O)O)c1,1,0,0,0,0
578,728,91724,Fenpiclonil (Ref: CGA 142705),74738-17-3,N#Cc1c[nH]cc1-c1cccc(Cl)c1Cl,FKLFBQCQQYDUAM-UHFFFAOYSA-N,FKLFBQCQQYDUAM,FKLFBQCQQYDUAM,resolved,N#Cc1c[nH]cc1-c1cccc(Cl)c1Cl,1,2,1,1,0
579,729,86356,"4-[2-[4-(1,1-Dimethylethyl)phenyl]ethoxy]quinazoline",120928-09-8,CC(C)(C)c1ccc(CCOc2ncnc3ccccc23)cc1,DMYHGDXADUDKCQ-UHFFFAOYSA-N,DMYHGDXADUDKCQ,DMYHGDXADUDKCQ,resolved,CC(C)(C)c1ccc(CCOc2ncnc3ccccc23)cc1,1,2,1,1,0
580,730,86429,"N-(4-Fluorophenyl)-N-(1-methylethyl)-2-[[5-(trifluoromethyl)-1,3,4-thiadiazol-2-yl]oxy]acetamide",142459-58-3,CC(C)N(C(=O)COc1nnc(C(F)(F)F)s1)c1ccc(F)cc1,IANUJLZYFUDJIH-UHFFFAOYSA-N,IANUJLZYFUDJIH,IANUJLZYFUDJIH,resolved,CC(C)N(C(=O)COc1nnc(C(F)(F)F)s1)c1ccc(F)cc1,1,0,0,0,0
581,731,86438,(alphaE)-alpha-(Methoxyimino)-2-[(2-methylphenoxy)methyl]benzeneacetic acid methyl ester,143390-89-0,CON=C(C(=O)OC)c1ccccc1COc1ccccc1C,ZOTBXTZVPHCKPN-UHFFFAOYSA-N,ZOTBXTZVPHCKPN,ZOTBXTZVPHCKPN,resolved,CON=C(C(=O)OC)c1ccccc1COc1ccccc1C,1,1,1,0,0
582,732,91760,Sulcotrione (Ref: SC 0051),99105-77-8,CS(=O)(=O)c1ccc(C(=O)C2C(=O)CCCC2=O)c(Cl)c1,PQTBTIFWAXVEPB-UHFFFAOYSA-N,PQTBTIFWAXVEPB,PQTBTIFWAXVEPB,resolved,CS(=O)(=O)c1ccc(C(=O)C2C(=O)CCCC2=O)c(Cl)c1,1,1,1,0,0
583,733,86398,"4-(2,2-Difluoro-1,3-benzodioxol-4-yl)-1H-pyrrole-3-carbonitrile",131341-86-1,N#Cc1c[nH]cc1-c1cccc2c1OC(F)(F)O2,MUJOIMFVNIBMKC-UHFFFAOYSA-N,MUJOIMFVNIBMKC,MUJOIMFVNIBMKC,resolved,N#Cc1c[nH]cc1-c1cccc2c1OC(F)(F)O2,1,1,1,0,0
584,734,180089,"(2R)-2-[4-(4-Cyano-2-fluorophenoxy)phenoxy]propanoic acid, Butyl ester",122008-85-9,CCCCOC(=O)C(C)Oc1ccc(Oc2ccc(C#N)cc2F)cc1,TYIYMOAHACZAMQ-UHFFFAOYSA-N,TYIYMOAHACZAMQ,TYIYMOAHACZAMQ,resolved,CCCCOC(=O)C(C)Oc1ccc(Oc2ccc(C#N)cc2F)cc1,1,1,1,0,0
585,735,91687,Anilofos (Ref: HOE 30374),64249-01-0,COP(=S)(OC)SCC(=O)N(c1ccc(Cl)cc1)C(C)C,NXQDBZGWYSEGFL-UHFFFAOYSA-N,NXQDBZGWYSEGFL,NXQDBZGWYSEGFL,resolved,COP(=S)(OC)SCC(=O)N(c1ccc(Cl)cc1)C(C)C,1,2,1,1,0
586,736,11193251,"N2-[1,1-Dimethyl-2-(methylsulfonyl)ethyl]-3-iodo-N1-[2-methyl-4-[1,2,2,2-tetrafluoro-1-(trifluoromethyl)ethyl]phenyl]-1,2-benzenedicarboxamide",272451-65-7,Cc1cc(C(F)(C(F)(F)F)C(F)(F)F)ccc1NC(=O)c1cccc(I)c1C(=O)NC(C)(C)CS(C)(=O)=O,ZGNITFSDLCMLGI-UHFFFAOYSA-N,ZGNITFSDLCMLGI,ZGNITFSDLCMLGI,resolved,Cc1cc(C(F)(C(F)(F)F)C(F)(F)F)ccc1NC(=O)c1cccc(I)c1C(=O)NC(C)(C)CS(C)(=O)=O,1,0,0,0,0
587,737,93315,"2-(Acetyloxy)-3-dodecyl-1,4-naphthalenedione",57960-19-7,CCCCCCCCCCCCC1=C(OC(C)=O)C(=O)c2ccccc2C1=O,QDRXWCAVUNHOGA-UHFFFAOYSA-N,QDRXWCAVUNHOGA,QDRXWCAVUNHOGA,resolved,CCCCCCCCCCCCC1=C(OC(C)=O)C(=O)c2ccccc2C1=O,1,0,0,0,0
588,738,93536,Fenchlorazole (Ref: HOE 072829),103112-36-3,O=C(O)c1nc(C(Cl)(Cl)Cl)n(-c2ccc(Cl)cc2Cl)n1,HKELWJONQIFBPO-UHFFFAOYSA-N,HKELWJONQIFBPO,HKELWJONQIFBPO,resolved,O=C(O)c1nc(C(Cl)(Cl)Cl)n(-c2ccc(Cl)cc2Cl)n1,1,0,0,0,0
589,739,91758,(2-Oxo-3-thiazolidinyl)phosphonothioic acid O-ethyl S-(1-methylpropyl)ester,98886-44-3,CCOP(=O)(SC(C)CC)N1CCSC1=O,DUFVKSUJRWYZQP-UHFFFAOYSA-N,DUFVKSUJRWYZQP,DUFVKSUJRWYZQP,resolved,CCOP(=O)(SC(C)CC)N1CCSC1=O,1,3,1,1,1
590,740,162366,Iminoctadine triacetate (Ref: DF 125),57520-17-9,CC(=O)O.CC(=O)O.CC(=O)O.NC(N)=NCCCCCCCCNCCCCCCCCN=C(N)N,FKWDSATZSMJRLC-UHFFFAOYSA-N,FKWDSATZSMJRLC,RONFGUROBZGJKP,resolved,CC(=O)O.CC(=O)O.CC(=O)O.NC(N)=NCCCCCCCCNCCCCCCCCN=C(N)N,4,1,1,0,0
591,741,9576412,Fenpyroximate (Ref: NNI 850),134098-61-6,Cc1nn(C)c(Oc2ccccc2)c1C=NOCc1ccc(C(=O)OC(C)(C)C)cc1,YYJNOYZRYGDPNH-UHFFFAOYSA-N,YYJNOYZRYGDPNH,YYJNOYZRYGDPNH,resolved,Cc1nn(C)c(Oc2ccccc2)c1C=NOCc1ccc(C(=O)OC(C)(C)C)cc1,1,1,1,0,0
592,743,86369,Sulfentrazone (Ref: FMC 97285),122836-35-5,Cc1nn(-c2cc(NS(C)(=O)=O)c(Cl)cc2Cl)c(=O)n1C(F)F,OORLZFUTLGXMEF-UHFFFAOYSA-N,OORLZFUTLGXMEF,OORLZFUTLGXMEF,resolved,Cc1nn(-c2cc(NS(C)(=O)=O)c(Cl)cc2Cl)c(=O)n1C(F)F,1,1,1,0,0
593,744,62020,Prosulfocarb (Ref: SC 0574),52888-80-9,CCCN(CCC)C(=O)SCc1ccccc1,NQLVQOSNDJXLKG-UHFFFAOYSA-N,NQLVQOSNDJXLKG,NQLVQOSNDJXLKG,resolved,CCCN(CCC)C(=O)SCc1ccccc1,1,1,1,0,0
594,745,17747875,Aminocyclopyrachlor (Ref: DPX-MAT28),858956-08-8,Nc1nc(C2CC2)nc(C(=O)O)c1Cl,KWAIHLIXESXTJL-UHFFFAOYSA-N,KWAIHLIXESXTJL,KWAIHLIXESXTJL,resolved,Nc1nc(C2CC2)nc(C(=O)O)c1Cl,1,1,1,0,0
595,746,123627,Clofencet (Ref: MON 21250 ),129025-54-3,CCc1c(C(=O)O)c(=O)cnn1-c1ccc(Cl)cc1,PIZCXVUFSNPNON-UHFFFAOYSA-N,PIZCXVUFSNPNON,PIZCXVUFSNPNON,resolved,CCc1c(C(=O)O)c(=O)cnn1-c1ccc(Cl)cc1,1,1,1,0,0
596,747,86412,"1,2,3-Benzothiadiazole-7-carbothioic acid S-methyl ester",135158-54-2,CSC(=O)c1cccc2nnsc12,UELITFHSCLAHKR-UHFFFAOYSA-N,UELITFHSCLAHKR,UELITFHSCLAHKR,resolved,CSC(=O)c1cccc2nnsc12,1,1,1,0,0
597,748,86222,"alpha,2-Dichloro-5-[4-(difluoromethyl)-4,5-dihydro-3-methyl-5-oxo-1H-1,2,4-triazol-1-yl]-4-fluorobenzenepropanoic acid, Ethyl ester",128639-02-1,CCOC(=O)C(Cl)Cc1cc(-n2nc(C)n(C(F)F)c2=O)c(F)cc1Cl,MLKCGVHIFJBRCD-UHFFFAOYSA-N,MLKCGVHIFJBRCD,MLKCGVHIFJBRCD,resolved,CCOC(=O)C(Cl)Cc1cc(-n2nc(C)n(C(F)F)c2=O)c(F)cc1Cl,1,1,1,0,0
598,749,62306,Benoxacor (Ref: CGA 154281),98730-04-2,CC1COc2ccccc2N1C(=O)C(Cl)Cl,PFJJMJDEVDLPNE-UHFFFAOYSA-N,PFJJMJDEVDLPNE,PFJJMJDEVDLPNE,resolved,CC1COc2ccccc2N1C(=O)C(Cl)Cl,1,1,1,0,0
599,750,92299,Tebutam (Ref: GPC-5544),35256-85-0,CC(C)N(Cc1ccccc1)C(=O)C(C)(C)C,RJKCKKDSSSRYCB-UHFFFAOYSA-N,RJKCKKDSSSRYCB,RJKCKKDSSSRYCB,resolved,CC(C)N(Cc1ccccc1)C(=O)C(C)(C)C,1,1,1,0,0
600,751,6451142,"2-[2-(1-Chlorocyclopropyl)-3-(2-chlorophenyl)-2-hydroxypropyl]-1,2-dihydro-3H-1,2,4-triazole-3-thione",178928-70-6,OC(Cc1ccccc1Cl)(Cn1[nH]cnc1=S)C1(Cl)CC1,MNHVNIJQQRJYDH-UHFFFAOYSA-N,MNHVNIJQQRJYDH,MNHVNIJQQRJYDH,resolved,OC(Cc1ccccc1Cl)(Cn1[nH]cnc1=S)C1(Cl)CC1,1,0,0,0,0
601,753,43714,Cymiazol (Ref: CGA 50439),61676-87-7,Cc1ccc(N=c2sccn2C)c(C)c1,YUAUPYJCVKNAEC-UHFFFAOYSA-N,YUAUPYJCVKNAEC,YUAUPYJCVKNAEC,resolved,Cc1ccc(N=c2sccn2C)c(C)c1,1,1,1,0,0
602,754,91752,Cadusafos (Ref: FMC 67825),95465-99-9,CCOP(=O)(SC(C)CC)SC(C)CC,KXRPCFINVWWFHQ-UHFFFAOYSA-N,KXRPCFINVWWFHQ,KXRPCFINVWWFHQ,resolved,CCOP(=O)(SC(C)CC)SC(C)CC,1,2,1,1,0
603,756,11091168,"2-[[[[[(4,6-Dimethoxy-2-pyrimidinyl)amino]carbonyl]amino]sulfonyl]amino]-N,N-dimethylbenzamide",213464-77-8,COc1cc(OC)nc(NC(=O)NS(=O)(=O)Nc2ccccc2C(=O)N(C)C)n1,UCDPMNSCCRBWIC-UHFFFAOYSA-N,UCDPMNSCCRBWIC,UCDPMNSCCRBWIC,resolved,COc1cc(OC)nc(NC(=O)NS(=O)(=O)Nc2ccccc2C(=O)N(C)C)n1,1,1,1,0,0
604,757,86417,Fluquinconazole (Ref: AE C597265),136426-54-5,O=c1c2cc(F)ccc2nc(-n2cncn2)n1-c1ccc(Cl)cc1Cl,IJJVMEJXYNJXOJ-UHFFFAOYSA-N,IJJVMEJXYNJXOJ,IJJVMEJXYNJXOJ,resolved,O=c1c2cc(F)ccc2nc(-n2cncn2)n1-c1ccc(Cl)cc1Cl,1,1,1,0,0
605,758,91772,Tribenuron (Ref: IN R9803),106040-48-6,COc1nc(C)nc(N(C)C(=O)NS(=O)(=O)c2ccccc2C(=O)O)n1,BQZXUHDXIARLEO-UHFFFAOYSA-N,BQZXUHDXIARLEO,BQZXUHDXIARLEO,resolved,COc1nc(C)nc(N(C)C(=O)NS(=O)(=O)c2ccccc2C(=O)O)n1,1,2,1,1,0
606,760,92434,Triflusulfuron-methyl (Ref: DPX 66037),126535-15-7,COC(=O)c1cccc(C)c1S(=O)(=O)NC(=O)Nc1nc(OCC(F)(F)F)nc(N(C)C)n1,IMEVJVISCHQJRM-UHFFFAOYSA-N,IMEVJVISCHQJRM,IMEVJVISCHQJRM,resolved,COC(=O)c1cccc(C)c1S(=O)(=O)NC(=O)Nc1nc(OCC(F)(F)F)nc(N(C)C)n1,1,1,1,0,0
607,761,92433,"2-Chloro-N-[[(4,6-dimethoxy-2-pyrimidinyl)amino]carbonyl]imidazo[1,2-a]pyridine-3-sulfonamide",122548-33-8,COc1cc(OC)nc(NC(=O)NS(=O)(=O)c2c(Cl)nc3ccccn23)n1,NAGRVUXEKKZNHT-UHFFFAOYSA-N,NAGRVUXEKKZNHT,NAGRVUXEKKZNHT,resolved,COc1cc(OC)nc(NC(=O)NS(=O)(=O)c2c(Cl)nc3ccccn23)n1,1,1,1,0,0
608,762,86416,Triflusulfuron,135990-29-3,Cc1cccc(C(=O)O)c1S(=O)(=O)NC(=O)Nc1nc(OCC(F)(F)F)nc(N(C)C)n1,AKTQJCBOGPBERP-UHFFFAOYSA-N,AKTQJCBOGPBERP,AKTQJCBOGPBERP,resolved,Cc1cccc(C(=O)O)c1S(=O)(=O)NC(=O)Nc1nc(OCC(F)(F)F)nc(N(C)C)n1,1,1,1,0,0
609,763,86422,Metosulam (Ref: XDE 511),139528-85-1,COc1cc(OC)n2nc(S(=O)(=O)Nc3c(Cl)ccc(C)c3Cl)nc2n1,VGHPMIFEKOFHHQ-UHFFFAOYSA-N,VGHPMIFEKOFHHQ,VGHPMIFEKOFHHQ,resolved,COc1cc(OC)n2nc(S(=O)(=O)Nc3c(Cl)ccc(C)c3Cl)nc2n1,1,1,1,0,0
610,764,3034285,(alphaE)-2-[[6-(2-Cyanophenoxy)-4-pyrimidinyl]oxy]-alpha-(methoxymethylene)benzeneacetic acid methyl ester,131860-33-8,COC=C(C(=O)OC)c1ccccc1Oc1cc(Oc2ccccc2C#N)ncn1,WFDXOXNFNRHQEC-UHFFFAOYSA-N,WFDXOXNFNRHQEC,WFDXOXNFNRHQEC,resolved,COC=C(C(=O)OC)c1ccccc1Oc1cc(Oc2ccccc2C#N)ncn1,1,0,0,0,0
611,765,93528,Cloquintocet-mexyl (Ref: CGA 185072),99607-70-2,CCCCCC(C)OC(=O)COc1ccc(Cl)c2cccnc12,COYBRKAVBMYYSF-UHFFFAOYSA-N,COYBRKAVBMYYSF,COYBRKAVBMYYSF,resolved,CCCCCC(C)OC(=O)COc1ccc(Cl)c2cccnc12,1,1,1,0,0
612,766,86187,Furilazole (Ref: MON 13900),121776-33-8,CC1(C)OC(c2ccco2)CN1C(=O)C(Cl)Cl,MCNOFYBITGAAGM-UHFFFAOYSA-N,MCNOFYBITGAAGM,MCNOFYBITGAAGM,resolved,CC1(C)OC(c2ccco2)CN1C(=O)C(Cl)Cl,1,1,1,0,0
613,767,86304,"2-[[[[[4-Ethoxy-6-(methylamino)-1,3,5-triazin-2-yl]amino]carbonyl]amino]sulfonyl]benzoic acid",111353-84-5,CCOc1nc(NC)nc(NC(=O)NS(=O)(=O)c2ccccc2C(=O)O)n1,IRLGCAJYYKDTCG-UHFFFAOYSA-N,IRLGCAJYYKDTCG,IRLGCAJYYKDTCG,resolved,CCOc1nc(NC)nc(NC(=O)NS(=O)(=O)c2ccccc2C(=O)O)n1,1,1,1,0,0
614,768,23682187,"2-Chloro-6-[(4,6-dimethoxy-2-pyrimidinyl)thio]benzoic acid sodium salt (1:1)",123343-16-8,COc1cc(OC)nc(Sc2cccc(Cl)c2C(=O)[O-])n1.[Na+],CNILNQMBAHKMFS-UHFFFAOYSA-M,CNILNQMBAHKMFS,QEGVVEOAVNHRAA,resolved,COc1cc(OC)nc(Sc2cccc(Cl)c2C(=O)[O-])n1.[Na+],2,1,1,0,0
615,769,5483847,Clodinafop (Ref: CGA 193469),114420-56-3,CC(Oc1ccc(Oc2ncc(Cl)cc2F)cc1)C(=O)O,YUIKUTLBPMDDNQ-UHFFFAOYSA-N,YUIKUTLBPMDDNQ,YUIKUTLBPMDDNQ,resolved,CC(Oc1ccc(Oc2ncc(Cl)cc2F)cc1)C(=O)O,1,1,1,0,0
616,770,123622,"2,2-Dimethyl-3-(2-methyl-1-propenyl)cyclopropanecarboxylic acid, [2,5-dioxo-3-(2-propynyl)-1-imidazolidinyl]methyl ester",72963-72-5,C#CCN1CC(=O)N(COC(=O)C2C(C=C(C)C)C2(C)C)C1=O,VPRAQYXPZIFIOH-UHFFFAOYSA-N,VPRAQYXPZIFIOH,VPRAQYXPZIFIOH,resolved,C#CCN1CC(=O)N(COC(=O)C2C(C=C(C)C)C2(C)C)C1=O,1,3,1,1,1
617,771,86268,Flusulfamide (Ref: MTF 651),106917-52-6,O=[N+]([O-])c1ccc(NS(=O)(=O)c2ccc(Cl)c(C(F)(F)F)c2)c(Cl)c1,GNVDAZSPJWCIQZ-UHFFFAOYSA-N,GNVDAZSPJWCIQZ,GNVDAZSPJWCIQZ,resolved,O=[N+]([O-])c1ccc(NS(=O)(=O)c2ccc(Cl)c(C(F)(F)F)c2)c(Cl)c1,1,1,1,0,0
618,772,177161,6-chloro-3-pyridinemethanol,21543-49-7,OCc1ccc(Cl)nc1,GOXYBEXWMJZLJB-UHFFFAOYSA-N,GOXYBEXWMJZLJB,GOXYBEXWMJZLJB,resolved,OCc1ccc(Cl)nc1,1,1,1,0,0
619,773,3444,Bromuconazole (Ref: LS 860263),116255-48-2,Clc1ccc(C2(Cn3cncn3)CC(Br)CO2)c(Cl)c1,HJJVPARKXDDIQD-UHFFFAOYSA-N,HJJVPARKXDDIQD,HJJVPARKXDDIQD,resolved,Clc1ccc(C2(Cn3cncn3)CC(Br)CO2)c(Cl)c1,1,1,1,0,0
620,774,86296,Mepanipyrim (Ref: KUF 6201),110235-47-7,CC#Cc1cc(C)nc(Nc2ccccc2)n1,CIFWZNRJIBNXRE-UHFFFAOYSA-N,CIFWZNRJIBNXRE,CIFWZNRJIBNXRE,resolved,CC#Cc1cc(C)nc(Nc2ccccc2)n1,1,1,1,0,0
621,775,36867,Orbencarb (Ref: B-3356),34622-58-7,CCN(CC)C(=O)SCc1ccccc1Cl,LLLFASISUZUJEQ-UHFFFAOYSA-N,LLLFASISUZUJEQ,LLLFASISUZUJEQ,resolved,CCN(CC)C(=O)SCc1ccccc1Cl,1,0,0,0,0
622,776,92058,Oryctalure,56196-53-3,CCCCC(C)CCC(=O)OCC,GXARNRCIGKRBAP-UHFFFAOYSA-N,GXARNRCIGKRBAP,GXARNRCIGKRBAP,resolved,CCCCC(C)CCC(=O)OCC,1,1,1,0,0
623,777,9576091,Alanycarb,83130-01-2,CCOC(=O)CCN(Cc1ccccc1)SN(C)C(=O)ON=C(C)SC,GMAUQNJOSOMMHI-UHFFFAOYSA-N,GMAUQNJOSOMMHI,GMAUQNJOSOMMHI,resolved,CCOC(=O)CCN(Cc1ccccc1)SN(C)C(=O)ON=C(C)SC,1,3,1,1,1
624,778,11057755,Flumorph (Ref: SYP L190),211867-47-9,COc1ccc(C(=CC(=O)N2CCOCC2)c2ccc(F)cc2)cc1OC,BKBSMMUEEAWFRX-UHFFFAOYSA-N,BKBSMMUEEAWFRX,BKBSMMUEEAWFRX,resolved,COc1ccc(C(=CC(=O)N2CCOCC2)c2ccc(F)cc2)cc1OC,1,0,0,0,0
625,779,11949285,Fenoxaprop-P (Ref: AE-F088406),113158-40-0,CC(Oc1ccc(Oc2nc3ccc(Cl)cc3o2)cc1)C(=O)O,MPPOHAUSNPTFAJ-UHFFFAOYSA-N,MPPOHAUSNPTFAJ,MPPOHAUSNPTFAJ,resolved,CC(Oc1ccc(Oc2nc3ccc(Cl)cc3o2)cc1)C(=O)O,1,1,1,0,0
626,780,4578030,Diofenolan (Ref: CGA 059205),63837-33-2,CCC1OCC(COc2ccc(Oc3ccccc3)cc2)O1,ZDOOQPFIGYHZFV-UHFFFAOYSA-N,ZDOOQPFIGYHZFV,ZDOOQPFIGYHZFV,resolved,CCC1OCC(COc2ccc(Oc3ccccc3)cc2)O1,1,1,1,0,0
627,781,86453,"3-Chloro-2-[[(5-ethoxy-7-fluoro[1,2,4]triazolo[1,5-c]pyrimidin-2-yl)sulfonyl]amino]benzoic acid, Methyl ester",147150-35-4,CCOc1nc(F)cc2nc(S(=O)(=O)Nc3c(Cl)cccc3C(=O)OC)nn12,BIKACRYIQSLICJ-UHFFFAOYSA-N,BIKACRYIQSLICJ,BIKACRYIQSLICJ,resolved,CCOc1nc(F)cc2nc(S(=O)(=O)Nc3c(Cl)cccc3C(=O)OC)nn12,1,1,1,0,0
628,782,93541,"N-[[[3-Chloro-4-[1,1,2-trifluoro-2-(trifluoromethoxy)ethoxy]phenyl]amino]carbonyl]-2,6-difluorobenzamide",116714-46-6,O=C(NC(=O)c1c(F)cccc1F)Nc1ccc(OC(F)(F)C(F)OC(F)(F)F)c(Cl)c1,NJPPVKZQTLUDBO-UHFFFAOYSA-N,NJPPVKZQTLUDBO,NJPPVKZQTLUDBO,resolved,O=C(NC(=O)c1c(F)cccc1F)Nc1ccc(OC(F)(F)C(F)OC(F)(F)F)c(Cl)c1,1,0,0,0,0
629,785,3317081,Epoxiconazole (Ref: BAS 480F),135319-73-2,Fc1ccc(C2(Cn3cncn3)OC2c2ccccc2Cl)cc1,ZMYFCFLJBGAQRS-UHFFFAOYSA-N,ZMYFCFLJBGAQRS,ZMYFCFLJBGAQRS,resolved,Fc1ccc(C2(Cn3cncn3)OC2c2ccccc2Cl)cc1,1,1,1,0,0
630,786,86367,Cyprodinil (Ref: CGA 219417),121552-61-2,Cc1cc(C2CC2)nc(Nc2ccccc2)n1,HAORKNGNJCEJBX-UHFFFAOYSA-N,HAORKNGNJCEJBX,HAORKNGNJCEJBX,resolved,Cc1cc(C2CC2)nc(Nc2ccccc2)n1,1,1,1,0,0
631,787,86160,"8-(1,1-Dimethylethyl)-N-ethyl-N-propyl-1,4-dioxaspiro[4.5]decane-2-methanamine",118134-30-8,CCCN(CC)CC1COC2(CCC(C(C)(C)C)CC2)O1,PUYXTUJWRLOUCW-UHFFFAOYSA-N,PUYXTUJWRLOUCW,PUYXTUJWRLOUCW,resolved,CCCN(CC)CC1COC2(CCC(C(C)(C)C)CC2)O1,1,2,1,1,0
632,788,91751,"N-[[(4-Methoxy-6-methyl-1,3,5-triazin-2-yl)amino]carbonyl]-2-(3,3,3-trifluoropropyl)benzenesulfonamide",94125-34-5,COc1nc(C)nc(NC(=O)NS(=O)(=O)c2ccccc2CCC(F)(F)F)n1,LTUNNEGNEKBSEH-UHFFFAOYSA-N,LTUNNEGNEKBSEH,LTUNNEGNEKBSEH,resolved,COc1nc(C)nc(NC(=O)NS(=O)(=O)c2ccccc2CCC(F)(F)F)n1,1,1,1,0,0
633,789,185020,Butathiofos (Ref: Dowco 429),90338-20-8,CCOP(=S)(OCC)Oc1cnc(C(C)(C)C)nc1,YMTQHWMPGDSBOD-UHFFFAOYSA-N,YMTQHWMPGDSBOD,YMTQHWMPGDSBOD,resolved,CCOP(=S)(OCC)Oc1cnc(C(C)(C)C)nc1,1,3,1,1,1
634,790,213021,Acetamiprid,135410-20-7,CC(=NC#N)N(C)Cc1ccc(Cl)nc1,WCXDHFDTOYPNIE-UHFFFAOYSA-N,WCXDHFDTOYPNIE,WCXDHFDTOYPNIE,resolved,CC(=NC#N)N(C)Cc1ccc(Cl)nc1,1,2,1,1,0
635,791,213032,"5-Methyl-5-(4-phenoxyphenyl)-3-(phenylamino)-2,4-oxazolidinedione",131807-57-3,CC1(c2ccc(Oc3ccccc3)cc2)OC(=O)N(Nc2ccccc2)C1=O,PCCSBWNGDMYFCW-UHFFFAOYSA-N,PCCSBWNGDMYFCW,PCCSBWNGDMYFCW,resolved,CC1(c2ccc(Oc3ccccc3)cc2)OC(=O)N(Nc2ccccc2)C1=O,1,2,1,1,0
636,792,3034287,"(1E)-N-[(6-Chloro-3-pyridinyl)methyl]-N-ethyl-N'-methyl-2-nitro-1,1-ethenediamine",150824-47-8,CCN(Cc1ccc(Cl)nc1)C(=C[N+](=O)[O-])NC,CFRPSFYHXJZSBI-UHFFFAOYSA-N,CFRPSFYHXJZSBI,CFRPSFYHXJZSBI,resolved,CCN(Cc1ccc(Cl)nc1)C(=C[N+](=O)[O-])NC,1,3,1,1,1
637,793,92421,"4-(Cyclopropylhydroxymethylene)-3,5-dioxocyclohexanecarboxylic acid ethyl ester",95266-40-3,CCOC(=O)C1CC(=O)C(=C(O)C2CC2)C(=O)C1,RVKCCVTVZORVGD-UHFFFAOYSA-N,RVKCCVTVZORVGD,RVKCCVTVZORVGD,resolved,CCOC(=O)C1CC(=O)C(=C(O)C2CC2)C(=O)C1,1,0,0,0,0
638,794,153974,"2-(2,6-Difluorophenyl)-4-[4-(1,1-dimethylethyl)-2-ethoxyphenyl]-4,5-dihydrooxazole",153233-91-1,CCOc1cc(C(C)(C)C)ccc1C1COC(c2c(F)cccc2F)=N1,IXSZQYVWNJNRAL-UHFFFAOYSA-N,IXSZQYVWNJNRAL,IXSZQYVWNJNRAL,resolved,CCOc1cc(C(C)(C)C)ccc1C1COC(c2c(F)cccc2F)=N1,1,0,0,0,0
639,797,53395436,"(1E)-[2-[[6-(2-Chlorophenoxy)-5-fluoro-4-pyrimidinyl]oxy]phenyl](5,6-dihydro-1,4,2-dioxazin-3-yl)-methanone, O-Methyloxime",361377-29-9,CON=C(C1=NOCCO1)c1ccccc1Oc1ncnc(Oc2ccccc2Cl)c1F,UFEODZBUAFNAEU-UHFFFAOYSA-N,UFEODZBUAFNAEU,UFEODZBUAFNAEU,resolved,CON=C(C1=NOCCO1)c1ccccc1Oc1ncnc(Oc2ccccc2Cl)c1F,1,1,1,0,0
640,798,86353,Flupoxam (Ref: MON 18500),119126-15-7,NC(=O)c1nc(-c2ccccc2)n(-c2ccc(Cl)c(COCC(F)(F)C(F)(F)F)c2)n1,AOQMRUTZEYVDIL-UHFFFAOYSA-N,AOQMRUTZEYVDIL,AOQMRUTZEYVDIL,resolved,NC(=O)c1nc(-c2ccccc2)n(-c2ccc(Cl)c(COCC(F)(F)C(F)(F)F)c2)n1,1,1,1,0,0
641,799,153920,"4-Amino-N-(1,1-dimethylethyl)-4,5-dihydro-3-(1-methylethyl)-5-oxo-1H-1,2,4-triazole-1-carboxamide",129909-90-6,CC(C)c1nn(C(=O)NC(C)(C)C)c(=O)n1N,ORFPWVRKFLOQHK-UHFFFAOYSA-N,ORFPWVRKFLOQHK,ORFPWVRKFLOQHK,resolved,CC(C)c1nn(C(=O)NC(C)(C)C)c(=O)n1N,1,0,0,0,0
642,801,11693711,"(5-Hydroxy-1,3-dimethyl-1H-pyrazol-4-yl)[2-(methylsulfonyl)-4-(trifluoromethyl)phenyl]methanone",365400-11-9,Cc1[nH]n(C)c(=O)c1C(=O)c1ccc(C(F)(F)F)cc1S(C)(=O)=O,CZRVDACSCJKRFL-UHFFFAOYSA-N,CZRVDACSCJKRFL,CZRVDACSCJKRFL,resolved,Cc1[nH]n(C)c(=O)c1C(=O)c1ccc(C(F)(F)F)cc1S(C)(=O)=O,1,1,1,0,0
643,802,11409499,Mesosulfuron-methyl (Ref: AE F130060),208465-21-8,COC(=O)c1ccc(CNS(C)(=O)=O)cc1S(=O)(=O)NC(=O)Nc1nc(OC)cc(OC)n1,NIFKBBMCXCMCAO-UHFFFAOYSA-N,NIFKBBMCXCMCAO,NIFKBBMCXCMCAO,resolved,COC(=O)c1ccc(CNS(C)(=O)=O)cc1S(=O)(=O)NC(=O)Nc1nc(OC)cc(OC)n1,1,1,1,0,0
644,805,182951,2-[2-Chloro-5-[4-chloro-5-(difluoromethoxy)-1-methyl-1H-pyrazol-3-yl]-4-fluorophenoxy]acetic acid ethyl ester,129630-19-9,CCOC(=O)COc1cc(-c2nn(C)c(OC(F)F)c2Cl)c(F)cc1Cl,APTZNLHMIGJTEW-UHFFFAOYSA-N,APTZNLHMIGJTEW,APTZNLHMIGJTEW,resolved,CCOC(=O)COc1cc(-c2nn(C)c(OC(F)F)c2Cl)c(F)cc1Cl,1,1,1,0,0
645,806,53297381,Benthiavalicarb-isopropyl (Ref: KIF-230),177406-68-7,CC(C)OC(=O)NC(C(=O)NC(C)c1nc2ccc(F)cc2s1)C(C)C,USRKFGIXLGKMKU-UHFFFAOYSA-N,USRKFGIXLGKMKU,USRKFGIXLGKMKU,resolved,CC(C)OC(=O)NC(C(=O)NC(C)c1nc2ccc(F)cc2s1)C(C)C,1,1,1,0,0
646,809,213031,Fenhexamid (Ref: KBR 2738),126833-17-8,CC1(C(=O)Nc2ccc(O)c(Cl)c2Cl)CCCCC1,VDLGAVXLJYLFDH-UHFFFAOYSA-N,VDLGAVXLJYLFDH,VDLGAVXLJYLFDH,resolved,CC1(C(=O)Nc2ccc(O)c(Cl)c2Cl)CCCCC1,1,0,0,0,0
647,810,105048,Glyphosate-trimesium,81591-81-3,C[S+](C)C.O=C(O)CNCP(=O)([O-])O,RUCAXVJJQQJZGU-UHFFFAOYSA-M,RUCAXVJJQQJZGU,XDDAORKBJWWYJS,resolved,C[S+](C)C.O=C(O)CNCP(=O)([O-])O,2,0,0,0,0
648,811,5851439,Cinidon-ethyl (Ref: BAS 615H),142891-20-1,CCOC(=O)C(Cl)=Cc1cc(N2C(=O)C3=C(CCCC3)C2=O)ccc1Cl,NNKKTZOEKDFTBU-UHFFFAOYSA-N,NNKKTZOEKDFTBU,NNKKTZOEKDFTBU,resolved,CCOC(=O)C(Cl)=Cc1cc(N2C(=O)C3=C(CCCC3)C2=O)ccc1Cl,1,0,0,0,0
649,814,6436606,Acrinathrin (Ref: RU 38702),101007-06-1,CC1(C)C(C=CC(=O)OC(C(F)(F)F)C(F)(F)F)C1C(=O)OC(C#N)c1cccc(Oc2ccccc2)c1,YLFSVIMMRPNPFK-UHFFFAOYSA-N,YLFSVIMMRPNPFK,YLFSVIMMRPNPFK,resolved,CC1(C)C(C=CC(=O)OC(C(F)(F)F)C(F)(F)F)C1C(=O)OC(C#N)c1cccc(Oc2ccccc2)c1,1,3,1,1,1
650,815,11714234,Pentoxazone (Ref: KPP-314),110956-75-7,CC(C)=C1OC(=O)N(c2cc(OC3CCCC3)c(Cl)cc2F)C1=O,JZPKLLLUDLHCEL-UHFFFAOYSA-N,JZPKLLLUDLHCEL,JZPKLLLUDLHCEL,resolved,CC(C)=C1OC(=O)N(c2cc(OC3CCCC3)c(Cl)cc2F)C1=O,1,1,1,0,0
651,817,9862076,"4-Chloro-2-cyano-N,N-dimethyl-5-(4-methylphenyl)-1H-imidazole-1-sulfonamide",120116-88-3,Cc1ccc(-c2c(Cl)nc(C#N)n2S(=O)(=O)N(C)C)cc1,YXKMMRDKEKCERS-UHFFFAOYSA-N,YXKMMRDKEKCERS,YXKMMRDKEKCERS,resolved,Cc1ccc(-c2c(Cl)nc(C#N)n2S(=O)(=O)N(C)C)cc1,1,1,1,0,0
652,818,443229,"alpha,2-Dichloro-5-[4-(difluoromethyl)-4,5-dihydro-3-methyl-5-oxo-1H-1,2,4-triazol-1-yl]-4-fluorobenzenepropanoic acid",128621-72-7,Cc1nn(-c2cc(CC(Cl)C(=O)O)c(Cl)cc2F)c(=O)n1C(F)F,YHKBGVDUSSWOAB-UHFFFAOYSA-N,YHKBGVDUSSWOAB,YHKBGVDUSSWOAB,resolved,Cc1nn(-c2cc(CC(Cl)C(=O)O)c(Cl)cc2F)c(=O)n1C(F)F,1,0,0,0,0
653,820,11419598,Foramsulfuron (Ref: AE F130360),173159-57-4,COc1cc(OC)nc(NC(=O)NS(=O)(=O)c2cc(NC=O)ccc2C(=O)N(C)C)n1,PXDNXJSDGQBLKS-UHFFFAOYSA-N,PXDNXJSDGQBLKS,PXDNXJSDGQBLKS,resolved,COc1cc(OC)nc(NC(=O)NS(=O)(=O)c2cc(NC=O)ccc2C(=O)N(C)C)n1,1,1,1,0,0
654,821,11097730,"1-[[(2,4-Dichlorophenyl)amino]carbonyl]cyclopropane carboxylic acid",113136-77-9,O=C(O)C1(C(=O)Nc2ccc(Cl)cc2Cl)CC1,GLWWLNJJJCTFMZ-UHFFFAOYSA-N,GLWWLNJJJCTFMZ,GLWWLNJJJCTFMZ,resolved,O=C(O)C1(C(=O)Nc2ccc(Cl)cc2Cl)CC1,1,1,1,0,0
655,822,153985,Diflovidazin (Ref: SZ1 121),162320-67-4,Fc1cccc(F)c1-c1nnc(-c2ccccc2Cl)nn1,SWBHWUYHHJCADA-UHFFFAOYSA-N,SWBHWUYHHJCADA,SWBHWUYHHJCADA,resolved,Fc1cccc(F)c1-c1nnc(-c2ccccc2Cl)nn1,1,1,1,0,0
656,823,175967,Mesotrione (Ref: ZA 1296),104206-82-8,CS(=O)(=O)c1ccc(C(=O)C2C(=O)CCCC2=O)c([N+](=O)[O-])c1,KPUREKXXPHOJQT-UHFFFAOYSA-N,KPUREKXXPHOJQT,KPUREKXXPHOJQT,resolved,CS(=O)(=O)c1ccc(C(=O)C2C(=O)CCCC2=O)c([N+](=O)[O-])c1,1,2,1,1,0
657,824,5483872,Metominostrobin (Ref: SSF 126),133408-50-1,CNC(=O)C(=NOC)c1ccccc1Oc1ccccc1,HIIRDDUVRXCDBN-UHFFFAOYSA-N,HIIRDDUVRXCDBN,HIIRDDUVRXCDBN,resolved,CNC(=O)C(=NOC)c1ccccc1Oc1ccccc1,1,1,1,0,0
658,825,91774,Primisulfuron,113036-87-6,O=C(Nc1nc(OC(F)F)cc(OC(F)F)n1)NS(=O)(=O)c1ccccc1C(=O)O,GPGLBXMQFQQXDV-UHFFFAOYSA-N,GPGLBXMQFQQXDV,GPGLBXMQFQQXDV,resolved,O=C(Nc1nc(OC(F)F)cc(OC(F)F)n1)NS(=O)(=O)c1ccccc1C(=O)O,1,1,1,0,0
659,826,3081304,"N-(2,6-Dichlorophenyl)-5-ethoxy-7-fluoro-[1,2,4-triazolo[1,5-c]pyrimidine-2-sulfonamide",145701-21-9,CCOc1nc(F)cc2nc(S(=O)(=O)Nc3c(Cl)cccc3Cl)nn12,QNXAVFXEJCPCJO-UHFFFAOYSA-N,QNXAVFXEJCPCJO,QNXAVFXEJCPCJO,resolved,CCOc1nc(F)cc2nc(S(=O)(=O)Nc3c(Cl)cccc3Cl)nn12,1,1,1,0,0
660,828,86211,"2-[(4-Chlorophenyl)methyl]-5-(1-methylethyl)-1-(1H-1,2,4-triazol-1-ylmethyl)cyclopentanol",125225-28-7,CC(C)C1CCC(Cc2ccc(Cl)cc2)C1(O)Cn1cncn1,QTYCMDBMOLSEAM-UHFFFAOYSA-N,QTYCMDBMOLSEAM,QTYCMDBMOLSEAM,resolved,CC(C)C1CCC(Cc2ccc(Cl)cc2)C1(O)Cn1cncn1,1,1,1,0,0
661,829,11488729,Pyridalyl (Ref: S-1812),179101-81-6,FC(F)(F)c1ccc(OCCCOc2c(Cl)cc(OCC=C(Cl)Cl)cc2Cl)nc1,AEHJMNVBLRLZKK-UHFFFAOYSA-N,AEHJMNVBLRLZKK,AEHJMNVBLRLZKK,resolved,FC(F)(F)c1ccc(OCCCOc2c(Cl)cc(OCC=C(Cl)Cl)cc2Cl)nc1,1,1,1,0,0
662,830,107646,"3-[(2-Chloro-5-thiazolyl)methyl]tetrahydro-5-methyl-N-nitro-4H-1,3,5-oxadiazin-4-imine",153719-23-4,CN1COCN(Cc2cnc(Cl)s2)C1=N[N+](=O)[O-],NWWZPOKUUAIXIW-UHFFFAOYSA-N,NWWZPOKUUAIXIW,NWWZPOKUUAIXIW,resolved,CN1COCN(Cc2cnc(Cl)s2)C1=N[N+](=O)[O-],1,3,1,1,1
663,832,5483872,Phthalide (Ref: BAY 96610),27355-22-2,O=C1OCc2c(Cl)c(Cl)c(Cl)c(Cl)c21,NMWKWBPNKPGATC-UHFFFAOYSA-N,NMWKWBPNKPGATC,NMWKWBPNKPGATC,resolved,O=C1OCc2c(Cl)c(Cl)c(Cl)c(Cl)c21,1,0,0,0,0
664,833,86210,"5-[(4-Chlorophenyl)methyl]-2,2-dimethyl-1-(1H-1,2,4-triazol-1-ylmethyl)cyclopentanol",125116-23-6,CC1(C)CCC(Cc2ccc(Cl)cc2)C1(O)Cn1cncn1,XWPZUHJBOLQNMN-UHFFFAOYSA-N,XWPZUHJBOLQNMN,XWPZUHJBOLQNMN,resolved,CC1(C)CCC(Cc2ccc(Cl)cc2)C1(O)Cn1cncn1,1,1,1,0,0
665,834,11458968,Verbutin (Ref: MB-599),185676-84-0,CC#CCOC(C)c1ccc(OC)c(OC)c1,LABQLTFAPITERI-UHFFFAOYSA-N,LABQLTFAPITERI,LABQLTFAPITERI,resolved,CC#CCOC(C)c1ccc(OC)c(OC)c1,1,1,1,0,0
666,835,91768,Tau-fluvalinate (Ref: SAN 527l),102851-06-9,CC(C)C(Nc1ccc(C(F)(F)F)cc1Cl)C(=O)OC(C#N)c1cccc(Oc2ccccc2)c1,INISTDXBRIBGOC-UHFFFAOYSA-N,INISTDXBRIBGOC,INISTDXBRIBGOC,resolved,CC(C)C(Nc1ccc(C(F)(F)F)cc1Cl)C(=O)OC(C#N)c1cccc(Oc2ccccc2)c1,1,1,1,0,0
667,836,10157484,Chromafenozide (Ref: ANS 118),143807-66-3,Cc1cc(C)cc(C(=O)N(NC(=O)c2ccc3c(c2C)CCCO3)C(C)(C)C)c1,HPNSNYBUADCFDR-UHFFFAOYSA-N,HPNSNYBUADCFDR,HPNSNYBUADCFDR,resolved,Cc1cc(C)cc(C(=O)N(NC(=O)c2ccc3c(c2C)CCCO3)C(C)(C)C)c1,1,1,1,0,0
668,837,167454,Propisochlor,86763-47-5,CCc1cccc(C)c1N(COC(C)C)C(=O)CCl,KZNDFYDURHAESM-UHFFFAOYSA-N,KZNDFYDURHAESM,KZNDFYDURHAESM,resolved,CCc1cccc(C)c1N(COC(C)C)C(=O)CCl,1,1,1,0,0
669,839,656612,"(1R,3S)-3-(2,2-Dichloroethenyl)-2,2-dimethyl-(2,3,5,6-tetrafluorophenyl)methyl ester cyclopropanecarboxylic acid",118712-89-3,CC1(C)C(C=C(Cl)Cl)C1C(=O)OCc1c(F)c(F)cc(F)c1F,DDVNRFNDOPPVQJ-UHFFFAOYSA-N,DDVNRFNDOPPVQJ,DDVNRFNDOPPVQJ,resolved,CC1(C)C(C=C(Cl)Cl)C1C(=O)OCc1c(F)c(F)cc(F)c1F,1,3,1,1,1
670,840,13633097,Dimethenamid-P,163515-14-8,COCC(C)N(C(=O)CCl)c1c(C)csc1C,JLYFCTQDENRSOL-UHFFFAOYSA-N,JLYFCTQDENRSOL,JLYFCTQDENRSOL,resolved,COCC(C)N(C(=O)CCl)c1c(C)csc1C,1,0,0,0,0
671,841,3294375,Picolinafen (Ref: BAS 700H),137641-05-5,O=C(Nc1ccc(F)cc1)c1cccc(Oc2cccc(C(F)(F)F)c2)n1,CWKFPEBMTGKLKX-UHFFFAOYSA-N,CWKFPEBMTGKLKX,CWKFPEBMTGKLKX,resolved,O=C(Nc1ccc(F)cc1)c1cccc(Oc2cccc(C(F)(F)F)c2)n1,1,0,0,0,0
672,842,195429,Cafenstrole (Ref: CH 900),125306-83-4,CCN(CC)C(=O)n1cnc(S(=O)(=O)c2c(C)cc(C)cc2C)n1,HFEJHAAIJZXXRE-UHFFFAOYSA-N,HFEJHAAIJZXXRE,HFEJHAAIJZXXRE,resolved,CCN(CC)C(=O)n1cnc(S(=O)(=O)c2c(C)cc(C)cc2C)n1,1,0,0,0,0
673,843,9948894,Pyriftalid (Ref: CGA 279233),135186-78-6,COc1cc(OC)nc(Sc2cccc3c2C(=O)OC3C)n1,RRKHIAYNPVQKEF-UHFFFAOYSA-N,RRKHIAYNPVQKEF,RRKHIAYNPVQKEF,resolved,COc1cc(OC)nc(Sc2cccc3c2C(=O)OC3C)n1,1,1,1,0,0
674,844,178117,Pyribenzoxim (Ref: LGC 40863 ),168088-61-7,COc1cc(OC)nc(Oc2cccc(Oc3nc(OC)cc(OC)n3)c2C(=O)ON=C(c2ccccc2)c2ccccc2)n1,OVXMBIVWNJDDSM-UHFFFAOYSA-N,OVXMBIVWNJDDSM,OVXMBIVWNJDDSM,resolved,COc1cc(OC)nc(Oc2cccc(Oc3nc(OC)cc(OC)n3)c2C(=O)ON=C(c2ccccc2)c2ccccc2)n1,1,1,1,0,0
675,845,213027,Clothianidin (Ref: CGA 322704),210880-92-5,CN=C(NCc1cnc(Cl)s1)N[N+](=O)[O-],PGOOBECODWQEAB-UHFFFAOYSA-N,PGOOBECODWQEAB,PGOOBECODWQEAB,resolved,CN=C(NCc1cnc(Cl)s1)N[N+](=O)[O-],1,3,1,1,1
676,846,177355,Propoxycarbazone,145026-81-9,CCCOc1nn(C(=O)NS(=O)(=O)c2ccccc2C(=O)OC)c(=O)n1C,JTHMVYBOQLDDIY-UHFFFAOYSA-N,JTHMVYBOQLDDIY,JTHMVYBOQLDDIY,resolved,CCCOc1nn(C(=O)NS(=O)(=O)c2ccccc2C(=O)OC)c(=O)n1C,1,0,0,0,0
677,847,176879,"2-(4-Methoxy[1,1'-biphenyl]-3-yl)hydrazinecarboxylic acid, 1-Methylethyl ester",149877-41-8,COc1ccc(-c2ccccc2)cc1NNC(=O)OC(C)C,VHLKTXFWDRXILV-UHFFFAOYSA-N,VHLKTXFWDRXILV,VHLKTXFWDRXILV,resolved,COc1ccc(-c2ccccc2)cc1NNC(=O)OC(C)C,1,2,1,1,0
678,848,23677848,Glyphosate-sodium,34494-03-6,O=C(O)CNCP(=O)([O-])O.[Na+],YWICANUUQPYHOW-UHFFFAOYSA-M,YWICANUUQPYHOW,XDDAORKBJWWYJS,resolved,O=C(O)CNCP(=O)([O-])O.[Na+],2,1,1,0,0
679,850,15118048,Cyhalofop,122008-78-0,CC(Oc1ccc(Oc2ccc(C#N)cc2F)cc1)C(=O)O,ROBSGBGTWRRYSK-UHFFFAOYSA-N,ROBSGBGTWRRYSK,ROBSGBGTWRRYSK,resolved,CC(Oc1ccc(Oc2ccc(C#N)cc2F)cc1)C(=O)O,1,1,1,0,0
680,851,91763,"3-Chloro-5-[[[[(4,6-dimethoxy-2-pyrimidinyl)amino]carbonyl]amino]sulfonyl]-1-methyl-1H-pyrazole-4-carboxylic acid, Methyl ester",100784-20-1,COC(=O)c1c(Cl)nn(C)c1S(=O)(=O)NC(=O)Nc1nc(OC)cc(OC)n1,FMGZEUWROYGLAY-UHFFFAOYSA-N,FMGZEUWROYGLAY,FMGZEUWROYGLAY,resolved,COC(=O)c1c(Cl)nn(C)c1S(=O)(=O)NC(=O)Nc1nc(OC)cc(OC)n1,1,1,1,0,0
681,852,3081363,Fentrazamide (Ref: BAY YRC 2388),158237-07-1,CCN(C(=O)n1nnn(-c2ccccc2Cl)c1=O)C1CCCCC1,LLQPHQFNMLZJMP-UHFFFAOYSA-N,LLQPHQFNMLZJMP,LLQPHQFNMLZJMP,resolved,CCN(C(=O)n1nnn(-c2ccccc2Cl)c1=O)C1CCCCC1,1,0,0,0,0
682,853,9604652,Pyriminobac-methyl (Ref: KIH-6127),136191-64-5,CON=C(C)c1cccc(Oc2nc(OC)cc(OC)n2)c1C(=O)OC,USSIUIGPBLPCDF-UHFFFAOYSA-N,USSIUIGPBLPCDF,USSIUIGPBLPCDF,resolved,CON=C(C)c1cccc(Oc2nc(OC)cc(OC)n2)c1C(=O)OC,1,0,0,0,0
683,855,3623881,Ethoxysulfuron (Ref: AE F095404),126801-58-9,CCOc1ccccc1OS(=O)(=O)NC(=O)Nc1nc(OC)cc(OC)n1,UWVKRNOCDUPIDM-UHFFFAOYSA-N,UWVKRNOCDUPIDM,UWVKRNOCDUPIDM,resolved,CCOc1ccccc1OS(=O)(=O)NC(=O)Nc1nc(OC)cc(OC)n1,1,0,0,0,0
684,856,11174640,N-(Cyano-2-thienylmethyl)-4-ethyl-2-(ethylamino)-5-thiazolecarboxamide,162650-77-3,CCNc1nc(CC)c(C(=O)NC(C#N)c2cccs2)s1,NQRFDNJEBWAUBL-UHFFFAOYSA-N,NQRFDNJEBWAUBL,NQRFDNJEBWAUBL,resolved,CCNc1nc(CC)c(C(=O)NC(C#N)c2cccs2)s1,1,0,0,0,0
685,857,11236201,3-[2-Chloro-4-(methanesulfonyl)benzoyl]-4-(phenylsulfanyl)bicyclo[3.2.1]oct-3-en-2-one,156963-66-5,CS(=O)(=O)c1ccc(C(=O)C2=C(Sc3ccccc3)C3CCC(C3)C2=O)c(Cl)c1,VIXCLRUCUMWJFF-UHFFFAOYSA-N,VIXCLRUCUMWJFF,VIXCLRUCUMWJFF,resolved,CS(=O)(=O)c1ccc(C(=O)C2=C(Sc3ccccc3)C3CCC(C3)C2=O)c(Cl)c1,1,0,0,0,0
686,858,23691011,Bromoxynil-potassium,2961-68-4,N#Cc1cc(Br)c([O-])c(Br)c1.[K+],HKSBGIRAPYUOPP-UHFFFAOYSA-M,HKSBGIRAPYUOPP,UPMXNNIRAGDFEH,resolved,N#Cc1cc(Br)c([O-])c(Br)c1.[K+],2,1,1,0,0
687,861,14626249,1-[(6-Chloro-3-pyridinyl)methyl]-N-nitro-1H-imidazol-2-amine,115086-54-9,O=[N+]([O-])Nc1nccn1Cc1ccc(Cl)nc1,TYLCDJYHUVCRBH-UHFFFAOYSA-N,TYLCDJYHUVCRBH,TYLCDJYHUVCRBH,resolved,O=[N+]([O-])Nc1nccn1Cc1ccc(Cl)nc1,1,3,1,1,1
688,862,11046097,Indanofan (Ref: MK 243),133220-30-1,CCC1(CC2(c3cccc(Cl)c3)CO2)C(=O)c2ccccc2C1=O,PMAAYIYCDXGUAP-UHFFFAOYSA-N,PMAAYIYCDXGUAP,PMAAYIYCDXGUAP,resolved,CCC1(CC2(c3cccc(Cl)c3)CO2)C(=O)c2ccccc2C1=O,1,1,1,0,0
689,863,3083546,"2-[2-Chloro-4-fluoro-5-[5-methyl-6-oxo-4-(trifluoromethyl)-1(6H)-pyridazinyl]phenoxy]acetic acid, Ethyl ester",188489-07-8,CCOC(=O)COc1cc(-n2ncc(C(F)(F)F)c(C)c2=O)c(F)cc1Cl,DNUAYCRATWAJQE-UHFFFAOYSA-N,DNUAYCRATWAJQE,DNUAYCRATWAJQE,resolved,CCOC(=O)COc1cc(-n2ncc(C(F)(F)F)c(C)c2=O)c(F)cc1Cl,1,1,1,0,0
690,864,16760189,Iodosulfuron-methyl-sodium (Ref: AE F115008),144550-36-7,COC(=O)c1ccc(I)cc1S(=O)(=O)[N-]C(=O)Nc1nc(C)nc(OC)n1.[Na+],JUJFQMPKBJPSFZ-UHFFFAOYSA-M,JUJFQMPKBJPSFZ,VWGAYSCWLXQJBQ,resolved,COC(=O)c1ccc(I)cc1S(=O)(=O)[N-]C(=O)Nc1nc(C)nc(OC)n1.[Na+],2,1,1,0,0
691,865,6451159,Beflubutamid (Ref: UBH 820),113614-08-7,CCC(Oc1ccc(F)c(C(F)(F)F)c1)C(=O)NCc1ccccc1,FFQPZWRNXKPNPX-UHFFFAOYSA-N,FFQPZWRNXKPNPX,FFQPZWRNXKPNPX,resolved,CCC(Oc1ccc(F)c(C(F)(F)F)c1)C(=O)NCc1ccccc1,1,0,0,0,0
692,866,86355,Azimsulfuron,120162-55-2,COc1cc(OC)nc(NC(=O)NS(=O)(=O)c2c(-c3nnn(C)n3)cnn2C)n1,MAHPNPYYQAIOJN-UHFFFAOYSA-N,MAHPNPYYQAIOJN,MAHPNPYYQAIOJN,resolved,COc1cc(OC)nc(NC(=O)NS(=O)(=O)c2c(-c3nnn(C)n3)cnn2C)n1,1,1,1,0,0
693,868,62526,Bromoxynil-butanoate,3861-41-4,CCCC(=O)Oc1c(Br)cc(C#N)cc1Br,PGMZYNZXIYOOHJ-UHFFFAOYSA-N,PGMZYNZXIYOOHJ,PGMZYNZXIYOOHJ,resolved,CCCC(=O)Oc1c(Br)cc(C#N)cc1Br,1,1,1,0,0
694,870,11826859,"2-Chloro-5-[3,6-dihydro-3-methyl-2,6-dioxo-4-(trifluoromethyl)-1(2H)-pyrimidinyl]benzoic acid 1,1-dimethyl-2-oxo-2-(2-propenyloxy)ethyl ester",134605-64-4,C=CCOC(=O)C(C)(C)OC(=O)c1cc(-n2c(=O)cc(C(F)(F)F)n(C)c2=O)ccc1Cl,JEDYYFXHPAIBGR-UHFFFAOYSA-N,JEDYYFXHPAIBGR,JEDYYFXHPAIBGR,resolved,C=CCOC(=O)C(C)(C)OC(=O)c1cc(-n2c(=O)cc(C(F)(F)F)n(C)c2=O)ccc1Cl,1,1,1,0,0
695,871,177863,"2,2-Dimethylbutanoic acid, 3-(2,4-Dichlorophenyl)-2-oxo-1-oxaspiro[4.5]dec-3-en-4-yl ester",148477-71-8,CCC(C)(C)C(=O)OC1=C(c2ccc(Cl)cc2Cl)C(=O)OC12CCCCC2,DTDSAWVUFPGDMX-UHFFFAOYSA-N,DTDSAWVUFPGDMX,DTDSAWVUFPGDMX,resolved,CCC(C)(C)C(=O)OC1=C(c2ccc(Cl)cc2Cl)C(=O)OC12CCCCC2,1,0,0,0,0
696,874,213013,"2-Chloro-N-(4'-chloro[1,1'-biphenyl]-2-yl)-3-pyridinecarboxamide",188425-85-6,O=C(Nc1ccccc1-c1ccc(Cl)cc1)c1cccnc1Cl,WYEMLYFITZORAB-UHFFFAOYSA-N,WYEMLYFITZORAB,WYEMLYFITZORAB,resolved,O=C(Nc1ccccc1-c1ccc(Cl)cc1)c1cccnc1Cl,1,1,1,0,0
697,875,86443,Oxasulfuron (Ref: CGA 277476 ),144651-06-9,Cc1cc(C)nc(NC(=O)NS(=O)(=O)c2ccccc2C(=O)OC2COC2)n1,IOXAXYHXMLCCJJ-UHFFFAOYSA-N,IOXAXYHXMLCCJJ,IOXAXYHXMLCCJJ,resolved,Cc1cc(C)nc(NC(=O)NS(=O)(=O)c2ccccc2C(=O)OC2COC2)n1,1,1,1,0,0
698,876,5484222,Sucrose octanoate,42922-74-7,CCCCCCCC(=O)OC1(C2(CO)OC(CO)C(O)C2O)OC(CO)C(O)C(O)C1O,CTSXEBOMCAJECV-UHFFFAOYSA-N,CTSXEBOMCAJECV,CTSXEBOMCAJECV,resolved,CCCCCCCC(=O)OC1(C2(CO)OC(CO)C(O)C2O)OC(CO)C(O)C(O)C1O,1,1,1,0,0
699,877,86389,Thifluzamide (Ref: MON 24000),130000-40-7,Cc1nc(C(F)(F)F)c(C(=O)Nc2c(Br)cc(OC(F)(F)F)cc2Br)s1,WOSNCVAPUOFXEH-UHFFFAOYSA-N,WOSNCVAPUOFXEH,WOSNCVAPUOFXEH,resolved,Cc1nc(C(F)(F)F)c(C(=O)Nc2c(Br)cc(OC(F)(F)F)cc2Br)s1,1,1,1,0,0
700,878,10958189,Iprovalicarb (Ref: SZX 0722),140923-17-7,Cc1ccc(C(C)NC(=O)C(NC(=O)OC(C)C)C(C)C)cc1,NWUWYYSKZYIQAE-UHFFFAOYSA-N,NWUWYYSKZYIQAE,NWUWYYSKZYIQAE,resolved,Cc1ccc(C(C)NC(=O)C(NC(=O)OC(C)C)C(C)C)cc1,1,0,0,0,0
701,880,158659,Zarilamid (Ref: ICIA001),84527-51-5,CCOC(C#N)NC(=O)c1ccc(Cl)cc1,NNPRCLUGHFXSOU-UHFFFAOYSA-N,NNPRCLUGHFXSOU,NNPRCLUGHFXSOU,resolved,CCOC(C#N)NC(=O)c1ccc(Cl)cc1,1,3,1,1,1
702,881,91765,Cycloxydim (Ref: BAS 517H),101205-02-1,CCCC(NOCC)=C1C(=O)CC(C2CCCSC2)CC1=O,HAHCNFVGRVWFIP-UHFFFAOYSA-N,HAHCNFVGRVWFIP,HAHCNFVGRVWFIP,resolved,CCCC(NOCC)=C1C(=O)CC(C2CCCSC2)CC1=O,1,1,1,0,0
703,882,10275455,Bistrifluron (Ref: DBI-3204),201593-84-2,O=C(NC(=O)c1c(F)cccc1F)Nc1cc(C(F)(F)F)cc(C(F)(F)F)c1Cl,YNKFZRGTXAPYFD-UHFFFAOYSA-N,YNKFZRGTXAPYFD,YNKFZRGTXAPYFD,resolved,O=C(NC(=O)c1c(F)cccc1F)Nc1cc(C(F)(F)F)cc(C(F)(F)F)c1Cl,1,1,1,0,0
704,883,62067,"N-[2,4-Dimethyl-5-[[(trifluoromethyl)sulfonyl]amino]phenyl]acetamide compd. with 2,2'-Iminobis[ethanol](1:1)",53780-36-2,CC(=O)Nc1cc(NS(=O)(=O)C(F)(F)F)c(C)cc1C.OCCNCCO,JDMXBYDZNLFFCJ-UHFFFAOYSA-N,JDMXBYDZNLFFCJ,OKIBNKKYNPBDRS,resolved,CC(=O)Nc1cc(NS(=O)(=O)C(F)(F)F)c(C)cc1C.OCCNCCO,2,1,1,0,0
705,884,61928,Di-1-p-menthene,34363-01-4,CC1=CCC(CCC(C)(C)C2CC=C(C)CC2)CC1,JBRANTKBDBCMNJ-UHFFFAOYSA-N,JBRANTKBDBCMNJ,JBRANTKBDBCMNJ,resolved,CC1=CCC(CCC(C)(C)C2CC=C(C)CC2)CC1,1,0,0,0,0
706,885,21290,Dimethirimol (Ref: PP675),5221-53-4,CCCCc1c(C)[nH]c(N(C)C)nc1=O,CJHXCRMKMMBYJQ-UHFFFAOYSA-N,CJHXCRMKMMBYJQ,CJHXCRMKMMBYJQ,resolved,CCCCc1c(C)[nH]c(N(C)C)nc1=O,1,0,0,0,0
707,886,61949,Picloram-triethylammonium,35832-11-2,CCN(CC)CC.Nc1c(Cl)c(Cl)nc(C(=O)O)c1Cl,WFMULRZXIUQYFV-UHFFFAOYSA-N,WFMULRZXIUQYFV,ZMANZCXQSJIPKH,resolved,CCN(CC)CC.Nc1c(Cl)c(Cl)nc(C(=O)O)c1Cl,2,1,1,0,0
708,887,187827,Sumithrin ,51186-88-0,CC(C)=CC1C(C(=O)OCc2cccc(Oc3ccccc3)c2)C1(C)C,SBNFWQZLDJGRLK-UHFFFAOYSA-N,SBNFWQZLDJGRLK,SBNFWQZLDJGRLK,resolved,CC(C)=CC1C(C(=O)OCc2cccc(Oc3ccccc3)c2)C1(C)C,1,3,1,1,1
709,888,11500973,"5-[[(2,6-Difluorophenyl)methoxy]methyl]-4,5-dihydro-5-methyl(3-methyl-2-thienyl)isoxazole",403640-27-7,Cc1ccsc1C1=NOC(C)(COCc2c(F)cccc2F)C1,OPEJGICLTMWFNQ-UHFFFAOYSA-N,OPEJGICLTMWFNQ,OPEJGICLTMWFNQ,resolved,Cc1ccsc1C1=NOC(C)(COCc2c(F)cccc2F)C1,1,1,1,0,0
710,889,3034433,Alloxydim,55634-91-8,C=CCONC(CCC)=C1C(=O)CC(C)(C)C(C(=O)OC)C1=O,CBLVUXPPNHUKDE-UHFFFAOYSA-N,CBLVUXPPNHUKDE,CBLVUXPPNHUKDE,resolved,C=CCONC(CCC)=C1C(=O)CC(C)(C)C(C(=O)OC)C1=O,1,1,1,0,0
711,890,197395,Profoxydim (Ref: BAS 625H),139001-49-3,CCCC(NOCC(C)Oc1ccc(Cl)cc1)=C1C(=O)CC(C2CCCSC2)CC1=O,NZYQPWCHQXECMD-UHFFFAOYSA-N,NZYQPWCHQXECMD,NZYQPWCHQXECMD,resolved,CCCC(NOCC(C)Oc1ccc(Cl)cc1)=C1C(=O)CC(C2CCCSC2)CC1=O,1,0,0,0,0
712,891,64742,Kaolin calcined (Ref: SIK6463.5),92704-41-1,[Al+3].[Al+3].[O-][Si]([O-])([O-])O[Si]([O-])([O-])[O-],RUYJNKYXOHIGPH-UHFFFAOYSA-N,RUYJNKYXOHIGPH,KDJOAYSYCXTQGG,resolved,[Al+3].[Al+3].[O-][Si]([O-])([O-])O[Si]([O-])([O-])[O-],3,1,1,0,0
713,892,62620,Picloram-tripromine,6753-47-5,CC(O)CN(CC(C)O)CC(C)O.Nc1c(Cl)c(Cl)nc(C(=O)O)c1Cl,XQVYHLBQRMKACP-UHFFFAOYSA-N,XQVYHLBQRMKACP,SLINHMUFWFWBMU,resolved,CC(O)CN(CC(C)O)CC(C)O.Nc1c(Cl)c(Cl)nc(C(=O)O)c1Cl,2,1,1,0,0
714,894,92514,Piproctanyl,69309-47-3,C=CC[N+]1(CCC(C)CCCC(C)C)CCCCC1,NTHCPJMKRGXODE-UHFFFAOYSA-N,NTHCPJMKRGXODE,NTHCPJMKRGXODE,resolved,C=CC[N+]1(CCC(C)CCCC(C)C)CCCCC1,1,1,1,0,0
715,895,155203,Prochloraz manganese complex (Ref: BTS 46828),69192-23-0,CCCN(CCOc1c(Cl)cc(Cl)cc1Cl)C(=O)n1ccnc1.CCCN(CCOc1c(Cl)cc(Cl)cc1Cl)C(=O)n1ccnc1.Cl[Mn]Cl,CERKEZZZEAJIBS-UHFFFAOYSA-L,CERKEZZZEAJIBS,TVLSRXXIMLFWEO,resolved,CCCN(CCOc1c(Cl)cc(Cl)cc1Cl)C(=O)n1ccnc1.CCCN(CCOc1c(Cl)cc(Cl)cc1Cl)C(=O)n1ccnc1.[Cl][Mn][Cl],3,0,0,0,0
716,896,32152,Ethirimol (Ref: PP149),23947-60-6,CCCCc1c(C)[nH]c(NCC)nc1=O,BBXXLROWFHWFQY-UHFFFAOYSA-N,BBXXLROWFHWFQY,BBXXLROWFHWFQY,resolved,CCCCc1c(C)[nH]c(NCC)nc1=O,1,2,1,1,0
717,897,6023583,Pyrifenox (Ref: CGA 179945),88283-41-4,CON=C(Cc1cccnc1)c1ccc(Cl)cc1Cl,CKPCAYZTYMHQEX-UHFFFAOYSA-N,CKPCAYZTYMHQEX,CKPCAYZTYMHQEX,resolved,CON=C(Cc1cccnc1)c1ccc(Cl)cc1Cl,1,1,1,0,0
718,899,598095,Mecoprop etexyl,71526-69-7,CCCCC(CC)COC(=O)C(C)Oc1ccc(Cl)cc1C,NWTKQOOQEPXMMW-UHFFFAOYSA-N,NWTKQOOQEPXMMW,NWTKQOOQEPXMMW,resolved,CCCCC(CC)COC(=O)C(C)Oc1ccc(Cl)cc1C,1,0,0,0,0
719,900,52923,Sethoxydim (Ref: BAS 9052H),74051-80-2,CCCC(NOCC)=C1C(=O)CC(CC(C)SCC)CC1=O,JEFHGYSGNIFAEY-UHFFFAOYSA-N,JEFHGYSGNIFAEY,JEFHGYSGNIFAEY,resolved,CCCC(NOCC)=C1C(=O)CC(CC(C)SCC)CC1=O,1,2,1,1,0
720,901,17580,"S-[(5-Ethoxy-2-oxo-1,3,4-thiadiazol-3(2H)-yl)methyl] O,O-dimethyl phosphorodithioate",2669-32-1,CCOc1nn(CSP(=S)(OC)OC)c(=O)s1,FPMIAGPUNXEUCZ-UHFFFAOYSA-N,FPMIAGPUNXEUCZ,FPMIAGPUNXEUCZ,resolved,CCOc1nn(CSP(=S)(OC)OC)c(=O)s1,1,3,1,1,1
721,902,197160,"alpha-Methyl-omega-[3-[1,3,3,3-tetramethyl-1-[(trimethylsilyl)oxy]-1-disiloxanyl]propoxy]poly(oxy-1,2-ethanediyl)",27306-78-1,COCCOCCC[Si](C)(O[Si](C)(C)C)O[Si](C)(C)C,JQRXTVACLHSVTF-UHFFFAOYSA-N,JQRXTVACLHSVTF,JQRXTVACLHSVTF,resolved,COCCOCCC[Si](C)(O[Si](C)(C)C)O[Si](C)(C)C,1,0,0,0,0
722,903,14152665,"N'-[4-[(3,4-Dihydro-2-methoxy-2,4,4-trimethyl-2H-1-benzopyran-7-yl)oxy]phenyl]-N-methoxy-N-methylurea",111578-32-6,CON(C)C(=O)Nc1ccc(Oc2ccc3c(c2)OC(C)(OC)CC3(C)C)cc1,BXKKQFGRMSOANI-UHFFFAOYSA-N,BXKKQFGRMSOANI,BXKKQFGRMSOANI,resolved,CON(C)C(=O)Nc1ccc(Oc2ccc3c(c2)OC(C)(OC)CC3(C)C)cc1,1,1,1,0,0
723,904,22193,Calcium acid methanearsonate,5902-95-4 ,C[As](=O)([O-])[O-].C[As](=O)([O-])[O-].[Ca+2],PKOMXLRKGNITKG-UHFFFAOYSA-J,PKOMXLRKGNITKG,QYPPRTNMGCREIM,resolved,C[As](=O)([O-])[O-].C[As](=O)([O-])[O-].[Ca+2],3,1,1,0,0
724,905,9955886,Trifloxysulfuron (Ref: CGA 292230),145099-21-4,COc1cc(OC)nc(NC(=O)NS(=O)(=O)c2ncccc2OCC(F)(F)F)n1,AIMMSOZBPYFASU-UHFFFAOYSA-N,AIMMSOZBPYFASU,AIMMSOZBPYFASU,resolved,COc1cc(OC)nc(NC(=O)NS(=O)(=O)c2ncccc2OCC(F)(F)F)n1,1,1,1,0,0
725,906,153881,"Cyclopropanecarboxylic acid, 3-(2,2-Dichloroethenyl)-2,2-dimethylcyano(4-fluoro-3-phenoxyphenyl)methyl ester mixt. with 1-[(6-chloro-3-pyridinyl)methyl]-N-nitro-2-imidizolidinimide",116475-12-8,CC1(C)C(C=C(Cl)Cl)C1C(=O)OC(C#N)c1ccc(F)c(Oc2ccccc2)c1.O=[N+]([O-])NC1=NCCN1Cc1ccc(Cl)nc1,WMEXEQPOZNBUCQ-UHFFFAOYSA-N,WMEXEQPOZNBUCQ,QQODLKZGRKWIFG,resolved,CC1(C)C(C=C(Cl)Cl)C1C(=O)OC(C#N)c1ccc(F)c(Oc2ccccc2)c1.O=[N+]([O-])NC1=NCCN1Cc1ccc(Cl)nc1,2,3,1,1,1
726,908,91746,Tralkoxydim (Ref: PP 604),87820-88-0,CCONC(CC)=C1C(=O)CC(c2c(C)cc(C)cc2C)CC1=O,SOTLWPHEAQOHHC-UHFFFAOYSA-N,SOTLWPHEAQOHHC,SOTLWPHEAQOHHC,resolved,CCONC(CC)=C1C(=O)CC(c2c(C)cc(C)cc2C)CC1=O,1,1,1,0,0
727,909,418922,Polyoxin B,19396-06-6,NC(=O)OCC(O)C(O)C(N)C(=O)NC(C(=O)O)C1OC(n2cc(CO)c(=O)[nH]c2=O)C(O)C1O,YFZNSPMAOIVQRP-UHFFFAOYSA-N,YFZNSPMAOIVQRP,YFZNSPMAOIVQRP,resolved,NC(=O)OCC(O)C(O)C(N)C(=O)NC(C(=O)O)C1OC(n2cc(CO)c(=O)[nH]c2=O)C(O)C1O,1,1,1,0,0
728,910,24721,"3-(1-Ethylpropyl)phenol, 1-(N-Methylcarbamate) mixt. with 3-(1-Methylbutyl)phenyl N-methylcarbamate",8065-36-9,CCC(CC)c1cccc(OC(=O)NC)c1.CCCC(C)c1cccc(OC(=O)NC)c1,MYTVVMGUDBRCDJ-UHFFFAOYSA-N,MYTVVMGUDBRCDJ,SMSFWBAOKCZZBF,resolved,CCC(CC)c1cccc(OC(=O)NC)c1.CCCC(C)c1cccc(OC(=O)NC)c1,2,2,1,1,0
729,912,6451057,"(3-Bromo-6-methoxy-2-methylphenyl)(2,3,4-trimethoxy-6-methylphenyl)methanone",220899-03-6,COc1cc(C)c(C(=O)c2c(OC)ccc(Br)c2C)c(OC)c1OC,AMSPWOYQQAWRRM-UHFFFAOYSA-N,AMSPWOYQQAWRRM,AMSPWOYQQAWRRM,resolved,COc1cc(C)c(C(=O)c2c(OC)ccc(Br)c2C)c(OC)c1OC,1,1,1,0,0
730,913,93483,Imibenconazole (Ref: HF 6305),86598-92-7,Clc1ccc(CSC(Cn2cncn2)=Nc2ccc(Cl)cc2Cl)cc1,AGKSTYPVMZODRV-UHFFFAOYSA-N,AGKSTYPVMZODRV,AGKSTYPVMZODRV,resolved,Clc1ccc(CSC(Cn2cncn2)=Nc2ccc(Cl)cc2Cl)cc1,1,0,0,0,0
731,915,9954185,Fluacrypyrim,229977-93-9,COC=C(C(=O)OC)c1ccccc1COc1cc(C(F)(F)F)nc(OC(C)C)n1,MXWAGQASUDSFBG-UHFFFAOYSA-N,MXWAGQASUDSFBG,MXWAGQASUDSFBG,resolved,COC=C(C(=O)OC)c1ccccc1COc1cc(C(F)(F)F)nc(OC(C)C)n1,1,2,1,1,0
732,916,10110536,4-Chloro-3-ethyl-1-methyl-N-[[4-(4-methylphenoxy)phenyl]methyl]-1H-pyrazole-5-carboxamide,129558-76-5,CCc1nn(C)c(C(=O)NCc2ccc(Oc3ccc(C)cc3)cc2)c1Cl,WPALTCMYPARVNV-UHFFFAOYSA-N,WPALTCMYPARVNV,WPALTCMYPARVNV,resolved,CCc1nn(C)c(C(=O)NCc2ccc(Oc3ccc(C)cc3)cc2)c1Cl,1,3,1,1,1
733,917,32876,MCPA-thioethyl,25319-90-8,CCSC(=O)COc1ccc(Cl)cc1C,AZFKQCNGMSSWDS-UHFFFAOYSA-N,AZFKQCNGMSSWDS,AZFKQCNGMSSWDS,resolved,CCSC(=O)COc1ccc(Cl)cc1C,1,1,1,0,0
734,918,10936292,Dimoxystrobin (Ref: BAS 505F),149961-52-4,CNC(=O)C(=NOC)c1ccccc1COc1cc(C)ccc1C,WXUZAHCNPWONDH-UHFFFAOYSA-N,WXUZAHCNPWONDH,WXUZAHCNPWONDH,resolved,CNC(=O)C(=NOC)c1ccccc1COc1cc(C)ccc1C,1,1,1,0,0
735,919,9834513,N-(Cyanomethyl)-4-(trifluoromethyl)-3-pyridinecarboxamide,158062-67-0,N#CCNC(=O)c1cnccc1C(F)(F)F,RLQJEEJISHYWON-UHFFFAOYSA-N,RLQJEEJISHYWON,RLQJEEJISHYWON,resolved,N#CCNC(=O)c1cnccc1C(F)(F)F,1,1,1,0,0
736,920,91596,Ethidimuron (Ref: MET 1486 ),30043-49-3,CCS(=O)(=O)c1nnc(N(C)C(=O)NC)s1,KCOCSOWTADCKOL-UHFFFAOYSA-N,KCOCSOWTADCKOL,KCOCSOWTADCKOL,resolved,CCS(=O)(=O)c1nnc(N(C)C(=O)NC)s1,1,0,0,0,0
737,921,10915750,Sintofen (Ref: SC 2053),130561-48-7,COCCOc1cccc2c1c(=O)c(C(=O)O)nn2-c1ccc(C)cc1,IMJSULNCZVBNRB-UHFFFAOYSA-N,IMJSULNCZVBNRB,IMJSULNCZVBNRB,resolved,COCCOc1cccc2c1c(=O)c(C(=O)O)nn2-c1ccc(C)cc1,1,1,1,0,0
738,922,91743,Haloxyfop-etotyl (Ref: DOWCO 453EE),87237-48-7,CCOCCOC(=O)C(C)Oc1ccc(Oc2ncc(C(F)(F)F)cc2Cl)cc1,MIJLZGZLQLAQCM-UHFFFAOYSA-N,MIJLZGZLQLAQCM,MIJLZGZLQLAQCM,resolved,CCOCCOC(=O)C(C)Oc1ccc(Oc2ncc(C(F)(F)F)cc2Cl)cc1,1,1,1,0,0
739,923,11571555,"N-(5,7-Dimethoxy[1,2,4]triazolo[1,5-a]pyrimidin-2-yl)-2-methoxy-4-(trifluoromethyl)-3-pyridinesulfonamide",422556-08-9,COc1cc(OC)n2nc(NS(=O)(=O)c3c(C(F)(F)F)ccnc3OC)nc2n1,GLBLPMUBLHYFCW-UHFFFAOYSA-N,GLBLPMUBLHYFCW,GLBLPMUBLHYFCW,resolved,COc1cc(OC)n2nc(NS(=O)(=O)c3c(C(F)(F)F)ccnc3OC)nc2n1,1,1,1,0,0
740,924,11657899,Tritosulfuron,142469-14-5,COc1nc(NC(=O)NS(=O)(=O)c2ccccc2C(F)(F)F)nc(C(F)(F)F)n1,KVEQCVKVIFQSGC-UHFFFAOYSA-N,KVEQCVKVIFQSGC,KVEQCVKVIFQSGC,resolved,COc1nc(NC(=O)NS(=O)(=O)c2ccccc2C(F)(F)F)nc(C(F)(F)F)n1,1,0,0,0,0
741,925,18629822,Copper oxychloride,1332-40-7,ClOCl.[Cu+2],KDFQKLQJCQJLJP-UHFFFAOYSA-N,KDFQKLQJCQJLJP,RCJVRSBWZCNNQT,resolved,ClOCl.[Cu+2],2,1,1,0,0
742,926,18772482,Cyenopyrafen (Ref: NC-512 ),560121-52-0,Cc1nn(C)c(C(OC(=O)C(C)(C)C)=C(C#N)c2ccc(C(C)(C)C)cc2)c1C,APJLTUBHYCOZJI-UHFFFAOYSA-N,APJLTUBHYCOZJI,APJLTUBHYCOZJI,resolved,Cc1nn(C)c(C(OC(=O)C(C)(C)C)=C(C#N)c2ccc(C(C)(C)C)cc2)c1C,1,1,1,0,0
743,927,20056430,2-[2-(4-Cyanophenyl)-1-[3-(trifluoromethyl)phenyl]ethylidene]-N-[4-(trifluoromethoxy)phenyl]hydrazinecarboxamide,139968-49-3,N#Cc1ccc(CC(=NNC(=O)Nc2ccc(OC(F)(F)F)cc2)c2cccc(C(F)(F)F)c2)cc1,MIFOMMKAVSCNKQ-UHFFFAOYSA-N,MIFOMMKAVSCNKQ,MIFOMMKAVSCNKQ,resolved,N#Cc1ccc(CC(=NNC(=O)Nc2ccc(OC(F)(F)F)cc2)c2cccc(C(F)(F)F)c2)cc1,1,2,1,1,0
744,928,18772488,"4-Amino-3,5,6-trichloro-2-pyridinecarboxylic acid, Isooctyl ester",26952-20-5,CC(C)CCCCCOC(=O)c1nc(Cl)c(Cl)c(N)c1Cl,NGZWZIAGFHOSDS-UHFFFAOYSA-N,NGZWZIAGFHOSDS,NGZWZIAGFHOSDS,resolved,CC(C)CCCCCOC(=O)c1nc(Cl)c(Cl)c(N)c1Cl,1,1,1,0,0
745,929,59558935,Metamifop (Ref: DBH-129),256412-89-2,CC(Oc1ccc(Oc2nc3ccc(Cl)cc3o2)cc1)C(=O)N(C)c1ccccc1F,ADDQHLREJDZPMT-UHFFFAOYSA-N,ADDQHLREJDZPMT,ADDQHLREJDZPMT,resolved,CC(Oc1ccc(Oc2nc3ccc(Cl)cc3o2)cc1)C(=O)N(C)c1ccccc1F,1,1,1,0,0
746,930,16204500,"C6-12 Fatty acids, Me esters",67762-39-4,CCCCCCCC(=O)OC.CCCCCCCCCC(=O)OC,YJBSVLMGKHFEAY-UHFFFAOYSA-N,YJBSVLMGKHFEAY,YRHYCMZPEVDGFQ,resolved,CCCCCCCC(=O)OC.CCCCCCCCCC(=O)OC,2,1,1,0,0
747,933,21871655,Spinosad (Ref: XDE 105),168316-95-8,CCC1CCCC(OC2CCC(N(C)C)C(C)O2)C(C)C(=O)C2=CC3C(C=C(C)C4CC(OC5OC(C)C(OC)C(OC)C5OC)CC43)C2CC(=O)O1.CCC1CCCC(OC2CCC(N(C)C)C(C)O2)C(C)C(=O)C2=CC3C(C=CC4CC(OC5OC(C)C(OC)C(OC)C5OC)CC43)C2CC(=O)O1,JFLRKDZMHNBDQS-UHFFFAOYSA-N,JFLRKDZMHNBDQS,RDECBWLKMPEKPM,resolved,CCC1CCCC(OC2CCC(N(C)C)C(C)O2)C(C)C(=O)C2=CC3C(C=C(C)C4CC(OC5OC(C)C(OC)C(OC)C5OC)CC43)C2CC(=O)O1.CCC1CCCC(OC2CCC(N(C)C)C(C)O2)C(C)C(=O)C2=CC3C(C=CC4CC(OC5OC(C)C(OC)C(OC)C5OC)CC43)C2CC(=O)O1,2,3,1,1,1
748,934,18772439,"2-[4,5-Dihydro-4-methyl-4-(1-methylethyl)-5-oxo-1H-imidazol-2-yl]-5-methyl-3-pyridinecarboxylic acid ammonium salt (1:1)",115136-53-3,Cc1cnc(C2=NC(C)(C(C)C)C(=O)N2)c(C(=O)[O-])c1.[NH4+],FBJUTZMAUXJMMH-UHFFFAOYSA-N,FBJUTZMAUXJMMH,PVSGXWMWNRGTKE,resolved,Cc1cnc(C2=NC(C)(C(C)C)C(=O)N2)c(C(=O)[O-])c1.[NH4+],2,1,1,0,0
749,936,11285653,(alphaE)-alpha-(Methoxymethylene)-2-[[[6-(trifluoromethyl)-2-pyridinyl]oxy]methyl]benzeneacetic acid methyl ester,117428-22-5,COC=C(C(=O)OC)c1ccccc1COc1cccc(C(F)(F)F)n1,IBSNKSODLGJUMQ-UHFFFAOYSA-N,IBSNKSODLGJUMQ,IBSNKSODLGJUMQ,resolved,COC=C(C(=O)OC)c1ccccc1COc1cccc(C(F)(F)F)n1,1,0,0,0,0
750,937,85099697,Sordidin,162490-88-2,CCC12OC(C)CC(C)(CC1C)O2,LOGJGKGBKZOEKZ-UHFFFAOYSA-N,LOGJGKGBKZOEKZ,LOGJGKGBKZOEKZ,resolved,CCC12OC(C)CC(C)(CC1C)O2,1,1,1,0,0
751,938,23666695,Ioxynil-sodium,2961-62-8,N#Cc1cc(I)c([O-])c(I)c1.[Na+],QGKPUZOFTJQTHL-UHFFFAOYSA-M,QGKPUZOFTJQTHL,NRXQIUSYPAHGNM,resolved,N#Cc1cc(I)c([O-])c(I)c1.[Na+],2,2,1,1,0
752,939,23691010,Ioxynil-lithium,2961-61-7,N#Cc1cc(I)c([O-])c(I)c1.[Li+],WMMYHMKUTCMAIJ-UHFFFAOYSA-M,WMMYHMKUTCMAIJ,NRXQIUSYPAHGNM,resolved,N#Cc1cc(I)c([O-])c(I)c1.[Li+],2,2,1,1,0
753,940,11388558,"N-[2-(1,3-Dimethylbutyl)-3-thienyl]-1-methyl-3-(trifluoromethyl)-1H-pyrazole-4-carboxamide",183675-82-3,CC(C)CC(C)c1sccc1NC(=O)c1cn(C)nc1C(F)(F)F,PFFIDZXUXFLSSR-UHFFFAOYSA-N,PFFIDZXUXFLSSR,PFFIDZXUXFLSSR,resolved,CC(C)CC(C)c1sccc1NC(=O)c1cn(C)nc1C(F)(F)F,1,1,1,0,0
754,941,23701737,Potassium hydrogen phosphonate,13977-65-6,[K+].[O-]P(O)O,BZHCGFBZBPVRFE-UHFFFAOYSA-N,BZHCGFBZBPVRFE,OJMIONKXNSYLSR,resolved,[K+].[O-]P(O)O,2,0,0,0,0
755,942,23681559,"2-(4-Chlorophenyl)-3-ethyl-2,5-dihydro-5-oxo-4-pyridazinecarboxylic acid potassium salt",82697-71-0,CCc1c(C(=O)[O-])c(=O)cnn1-c1ccc(Cl)cc1.[K+],NUUZKOFSZIWYSC-UHFFFAOYSA-M,NUUZKOFSZIWYSC,PIZCXVUFSNPNON,resolved,CCc1c(C(=O)[O-])c(=O)cnn1-c1ccc(Cl)cc1.[K+],2,1,1,0,0
756,943,23674747,"2-(4-Chlorophenyl)-1-ethyl-1,4-dihydro-6-methyl-4-oxo-3-pyridinecarboxylic acid, Potassium salt",81052-29-1,CCn1c(C)cc(=O)c(C(=O)[O-])c1-c1ccc(Cl)cc1.[K+],IUUMSKQPWAMVQI-UHFFFAOYSA-M,IUUMSKQPWAMVQI,GQFJDWYHPRLNHR,resolved,CCn1c(C)cc(=O)c(C(=O)[O-])c1-c1ccc(Cl)cc1.[K+],2,1,1,0,0
757,944,24843409,"(2R)-2-(2,4-Dichlorophenoxy)propanoic acid 2-ethylhexyl ester",865363-39-9,CCCCC(CC)COC(=O)C(C)Oc1ccc(Cl)cc1Cl,CEEDFYRUPAWDOU-UHFFFAOYSA-N,CEEDFYRUPAWDOU,CEEDFYRUPAWDOU,resolved,CCCCC(CC)COC(=O)C(C)Oc1ccc(Cl)cc1Cl,1,1,1,0,0
758,945,11486133,Orysastrobin,248593-16-0,CNC(=O)C(=NOC)c1ccccc1CON=C(C)C(=NOC)C(C)=NOC,JHIPUJPTQJYEQK-UHFFFAOYSA-N,JHIPUJPTQJYEQK,JHIPUJPTQJYEQK,resolved,CNC(=O)C(=NOC)c1ccccc1CON=C(C)C(=NOC)C(C)=NOC,1,0,0,0,0
759,946,9969573,"Carbonic acid, cis-3-(2,5-Dimethylphenyl)-8-methoxy-2-oxo-1-azaspiro[4.5]dec-3-en-4-yl ethyl ester",203313-25-1,CCOC(=O)OC1=C(c2cc(C)ccc2C)C(=O)NC12CCC(OC)CC2,CLSVJBIHYWPGQY-UHFFFAOYSA-N,CLSVJBIHYWPGQY,CLSVJBIHYWPGQY,resolved,CCOC(=O)OC1=C(c2cc(C)ccc2C)C(=O)NC12CCC(OC)CC2,1,1,1,0,0
760,947,44147467,"2,4,5-trichlorophenol",95-95-4,Oc1cc(Cl)c(Cl)cc1Cl,LHJGJYXLEPZJPM-UHFFFAOYSA-N,LHJGJYXLEPZJPM,LHJGJYXLEPZJPM,resolved,Oc1cc(Cl)c(Cl)cc1Cl,1,1,1,0,0
761,948,3034198,Sodium tetrathiocarbonate (Ref: GY-81),7345-69-9,S=C([S-])S[S-].[Na+].[Na+],HZBLLTXMVMMHRJ-UHFFFAOYSA-L,HZBLLTXMVMMHRJ,YLMCXNYRFRRKDI,resolved,S=C([S-])S[S-].[Na+].[Na+],3,1,1,0,0
762,949,23716553,Glyphosate-monopotassium,39600-42-5,O=C(O)CNCP(=O)([O-])O.[K+],LIOPHZNMBKHGAV-UHFFFAOYSA-M,LIOPHZNMBKHGAV,XDDAORKBJWWYJS,resolved,O=C(O)CNCP(=O)([O-])O.[K+],2,1,1,0,0
763,951,695679,"3-Phenyl-5-(2-thienyl)-1,2,4-oxadiazole",330459-31-9,c1ccc(-c2noc(-c3cccs3)n2)cc1,IHNSIFFSNUQGQN-UHFFFAOYSA-N,IHNSIFFSNUQGQN,IHNSIFFSNUQGQN,resolved,c1ccc(-c2noc(-c3cccs3)n2)cc1,1,3,1,1,1
764,952,11571392,"2-Chloro-5-[3,6-dihydro-3-methyl-2,6-dioxo-4-(trifluoromethyl-1(2H)-pyrimidinyl]-4-fluoro-N-[[methyl(1-methylethyl)amino]sulfonyl]benzamide",372137-35-4,CC(C)N(C)S(=O)(=O)NC(=O)c1cc(-n2c(=O)cc(C(F)(F)F)n(C)c2=O)c(F)cc1Cl,GNHDVXLWBQYPJE-UHFFFAOYSA-N,GNHDVXLWBQYPJE,GNHDVXLWBQYPJE,resolved,CC(C)N(C)S(=O)(=O)NC(=O)c1cc(-n2c(=O)cc(C(F)(F)F)n(C)c2=O)c(F)cc1Cl,1,1,1,0,0
765,953,11578610,3-Bromo-1-(3-chloro-2-pyridinyl)-N-[4-cyano-2-methyl-6-[(methylamino)carbonyl]phenyl]-1H-pyrazole-5-carboxamide,736994-63-1,CNC(=O)c1cc(C#N)cc(C)c1NC(=O)c1cc(Br)nn1-c1ncccc1Cl,DVBUIBGJRQBEDP-UHFFFAOYSA-N,DVBUIBGJRQBEDP,DVBUIBGJRQBEDP,resolved,CNC(=O)c1cc(C#N)cc(C)c1NC(=O)c1cc(Br)nn1-c1ncccc1Cl,1,3,1,1,1
766,955,44631173,Dihydroazadirachtin,108189-58-8,CC=C(C)C(=O)OC1CC(OC(C)=O)C2(C(=O)OC)COC3C2C12COC(O)(C(=O)OC)C2C(C)(C12OC1(C)C1CC2OC2OCCC21O)C3O,YYUQYZBOLGNTQG-UHFFFAOYSA-N,YYUQYZBOLGNTQG,YYUQYZBOLGNTQG,resolved,CC=C(C)C(=O)OC1CC(OC(C)=O)C2(C(=O)OC)COC3C2C12COC(O)(C(=O)OC)C2C(C)(C12OC1(C)C1CC2OC2OCCC21O)C3O,1,1,1,0,0
767,956,265071,Kasugamycin,6980-18-3,CC1OC(OC2C(O)C(O)C(O)C(O)C2O)C(N)CC1N=C(N)C(=O)O,PVTHJAPFENJVNC-UHFFFAOYSA-N,PVTHJAPFENJVNC,PVTHJAPFENJVNC,resolved,CC1OC(OC2C(O)C(O)C(O)C(O)C2O)C(N)CC1N=C(N)C(=O)O,1,1,1,0,0
768,957,16723172,N-[Methyloxido[1-[6-(trifluoromethyl)-3-pyridinyl]ethyl]-lambda4-sulfanylidene]cyanamide,946578-00-3,CC(c1ccc(C(F)(F)F)nc1)S(C)(=O)=NC#N,ZVQOOHYFBIDMTQ-UHFFFAOYSA-N,ZVQOOHYFBIDMTQ,ZVQOOHYFBIDMTQ,resolved,CC(c1ccc(C(F)(F)F)nc1)S(C)(=O)=NC#N,1,3,1,1,1
769,958,25271089,Isopyrazam (Ref: SYN 520453),881685-58-1,CC(C)C1C2CCC1c1c(NC(=O)c3cn(C)nc3C(F)F)cccc12,XTDZGXBTXBEZDN-UHFFFAOYSA-N,XTDZGXBTXBEZDN,XTDZGXBTXBEZDN,resolved,CC(C)C1C2CCC1c1c(NC(=O)c3cn(C)nc3C(F)F)cccc12,1,0,0,0,0
770,959,93128,"2-(4-Chloro-2-methylphenoxy)acetic acid, 2-Ethylhexyl ester",29450-45-1,CCCCC(CC)COC(=O)COc1ccc(Cl)cc1C,IDGRPSMONFWWEK-UHFFFAOYSA-N,IDGRPSMONFWWEK,IDGRPSMONFWWEK,resolved,CCCCC(CC)COC(=O)COc1ccc(Cl)cc1C,1,1,1,0,0
771,960,44146693,"N2-[(1R,2S)-2,3-Dihydro-2,6-dimethyl-1H-inden-1-yl]-6-(1-fluoroethyl)-1,3,5-triazine-2,4-diamine",950782-86-2,Cc1ccc2c(c1)C(Nc1nc(N)nc(C(C)F)n1)C(C)C2,YFONKFDEZLYQDH-UHFFFAOYSA-N,YFONKFDEZLYQDH,YFONKFDEZLYQDH,resolved,Cc1ccc2c(c1)C(Nc1nc(N)nc(C(C)F)n1)C(C)C2,1,1,1,0,0
772,961,53394847,Emamectin benzoate (Ref: MK 244),155569-91-8,CCC(C)C1OC2(C=CC1C)CC1CC(CC=C(C)C(OC3CC(OC)C(OC4CC(OC)C(NC)C(C)O4)C(C)O3)C(C)C=CC=C3COC4C(O)C(C)=CC(C(=O)O1)C34O)O2.O=C(O)c1ccccc1,GCKZANITAMOIAR-UHFFFAOYSA-N,GCKZANITAMOIAR,CXEGAUYXQAKHKJ,resolved,CCC(C)C1OC2(C=CC1C)CC1CC(CC=C(C)C(OC3CC(OC)C(OC4CC(OC)C(NC)C(C)O4)C(C)O3)C(C)C=CC=C3COC4C(O)C(C)=CC(C(=O)O1)C34O)O2.O=C(O)c1ccccc1,2,3,1,1,1
773,962,11556910,"3-[[[5-(Difluoromethoxy)-1-methyl-3-(trifluoromethyl)-1H-pyrazol-4-yl]methyl]sulfonyl]-4,5-dihydro-5,5-dimethyl-isoxazole",447399-55-5,Cn1nc(C(F)(F)F)c(CS(=O)(=O)C2=NOC(C)(C)C2)c1OC(F)F,CASLETQIYIQFTQ-UHFFFAOYSA-N,CASLETQIYIQFTQ,CASLETQIYIQFTQ,resolved,Cn1nc(C(F)(F)F)c(CS(=O)(=O)C2=NOC(C)(C)C2)c1OC(F)F,1,1,1,0,0
774,964,54687415,Oxytetracycline hydrochloride,2-58-46-0,CN(C)C1C(=O)C(C(N)=O)=C(O)C2(O)C(=O)C3=C(O)c4c(O)cccc4C(C)(O)C3C(O)C12.Cl,SVDOODSCHVSYEK-UHFFFAOYSA-N,SVDOODSCHVSYEK,OWFJMIVZYSDULZ,resolved,CN(C)C1C(=O)C(C(N)=O)=C(O)C2(O)C(=O)C3=C(O)c4c(O)cccc4C(C)(O)C3C(O)C12.Cl,2,1,1,0,0
775,965,49831143,Trifludimoxazin,1258836-72-4,C#CCN1C(=O)C(F)(F)Oc2cc(F)c(-n3c(=O)n(C)c(=S)n(C)c3=O)cc21,AZHZOGYUMMIAOF-UHFFFAOYSA-N,AZHZOGYUMMIAOF,AZHZOGYUMMIAOF,resolved,C#CCN1C(=O)C(F)(F)Oc2cc(F)c(-n3c(=O)n(C)c(=S)n(C)c3=O)cc21,1,1,1,0,0
776,966,123626,"2-[1-[2-[[(3,5-Difluorophenyl)amino]carbonyl]hydrazinylidene]ethyl]-3-pyridinecarboxylic acid",109293-97-2,CC(=NNC(=O)Nc1cc(F)cc(F)c1)c1ncccc1C(=O)O,IRJQWZWMQCVOLA-UHFFFAOYSA-N,IRJQWZWMQCVOLA,IRJQWZWMQCVOLA,resolved,CC(=NNC(=O)Nc1cc(F)cc(F)c1)c1ncccc1C(=O)O,1,1,1,0,0
777,967,86103,Flufenprox (Ref: ICIA5682),107713-58-6,CCOc1ccc(C(COCc2cccc(Oc3ccc(Cl)cc3)c2)C(F)(F)F)cc1,RURQAJURNPMSSK-UHFFFAOYSA-N,RURQAJURNPMSSK,RURQAJURNPMSSK,resolved,CCOc1ccc(C(COCc2cccc(Oc3ccc(Cl)cc3)c2)C(F)(F)F)cc1,1,3,1,1,1
778,969,76325977,Guadipyr,1376342-13-0,CCCCC=NN(Cc1ccc(Cl)nc1)C(N)=N[N+](=O)[O-],KMIVUNBKDYDWES-UHFFFAOYSA-N,KMIVUNBKDYDWES,KMIVUNBKDYDWES,resolved,CCCCC=NN(Cc1ccc(Cl)nc1)C(N)=N[N+](=O)[O-],1,1,1,0,0
779,970,56842817,"N,N'-[1,2-Phenylenebis(iminocarbonothioyl)]bis-C,C'-dimethyl ester carbamic acid mixt. with 2,4,5,6-tetrachloro-1,3-benzenedicarbonitrile",8077-21-2,COC(=O)NC(=S)Nc1ccccc1NC(=S)NC(=O)OC.N#Cc1c(Cl)c(Cl)c(Cl)c(C#N)c1Cl,FZHDOWHTHCGDOE-UHFFFAOYSA-N,FZHDOWHTHCGDOE,QGHREAKMXXNCOA,resolved,COC(=O)NC(=S)Nc1ccccc1NC(=S)NC(=O)OC.N#Cc1c(Cl)c(Cl)c(Cl)c(C#N)c1Cl,2,3,1,1,1
780,971,16095400,Fluxapyroxad (Ref: BAS 700F),907204-31-3,Cn1cc(C(=O)Nc2ccccc2-c2cc(F)c(F)c(F)c2)c(C(F)F)n1,SXSGXWCSHSVPGB-UHFFFAOYSA-N,SXSGXWCSHSVPGB,SXSGXWCSHSVPGB,resolved,Cn1cc(C(=O)Nc2ccccc2-c2cc(F)c(F)c(F)c2)c(C(F)F)n1,1,1,1,0,0
781,975,71306902,Prochloraz manganese chloride complex,75747-77-2,CCCN(CCOc1c(Cl)cc(Cl)cc1Cl)C(=O)n1ccnc1.CCCN(CCOc1c(Cl)cc(Cl)cc1Cl)C(=O)n1ccnc1.CCCN(CCOc1c(Cl)cc(Cl)cc1Cl)C(=O)n1ccnc1.CCCN(CCOc1c(Cl)cc(Cl)cc1Cl)C(=O)n1ccnc1.Cl[Mn]Cl,OXOKTPUZOHPXSA-UHFFFAOYSA-L,OXOKTPUZOHPXSA,TVLSRXXIMLFWEO,resolved,CCCN(CCOc1c(Cl)cc(Cl)cc1Cl)C(=O)n1ccnc1.CCCN(CCOc1c(Cl)cc(Cl)cc1Cl)C(=O)n1ccnc1.CCCN(CCOc1c(Cl)cc(Cl)cc1Cl)C(=O)n1ccnc1.CCCN(CCOc1c(Cl)cc(Cl)cc1Cl)C(=O)n1ccnc1.[Cl][Mn][Cl],5,0,0,0,0
782,976,162839,"3,6-Dichloro-2-pyridinecarboxylic acid compd. with 2-aminoethanol (1:1)",57754-85-5,NCCO.O=C(O)c1nc(Cl)ccc1Cl,NQQBTWVFKDDVIB-UHFFFAOYSA-N,NQQBTWVFKDDVIB,HUBANNPOLNYSAD,resolved,NCCO.O=C(O)c1nc(Cl)ccc1Cl,2,1,1,0,0
783,977,11842644,"1-Acetyl-3,4-dihydro-3-[(3-pyridinylmethyl)amino]-6-[1,2,2,2-tetrafluoro-1-(trifluoromethyl)ethyl]-2(1H)-quinazolinone",337458-27-2,CC(=O)N1C(=O)N(NCc2cccnc2)Cc2cc(C(F)(C(F)(F)F)C(F)(F)F)ccc21,MIOBBYRMXGNORL-UHFFFAOYSA-N,MIOBBYRMXGNORL,MIOBBYRMXGNORL,resolved,CC(=O)N1C(=O)N(NCc2cccnc2)Cc2cc(C(F)(C(F)(F)F)C(F)(F)F)ccc21,1,2,1,1,0
784,978,71306767,Sodium tetraborate pentahydrate,11130-12-4,O.O.O.O.O.OB(O)O.[Na+],OPBPQNWVXFJUKS-UHFFFAOYSA-N,OPBPQNWVXFJUKS,KGBXLFKZBHKPEV,resolved,O.O.O.O.O.OB(O)O.[Na+],7,0,0,0,0
785,979,23676736,"N-[[(4,6-Dimethoxy-2-pyrimidinyl)amino]carbonyl]-(2,2,2-trifluoroethoxy)-2-pyridinesulfonamide sodium salt (1:1)",199119-58-9,COc1cc(OC)nc(NC(=O)[N-]S(=O)(=O)c2ncccc2OCC(F)(F)F)n1.[Na+],UFEIWEXHHOXPGP-UHFFFAOYSA-M,UFEIWEXHHOXPGP,AIMMSOZBPYFASU,resolved,COc1cc(OC)nc(NC(=O)[N-]S(=O)(=O)c2ncccc2OCC(F)(F)F)n1.[Na+],2,1,1,0,0
786,982,74087703,Alloxydim sodium,55635-13-7,C=CCON=C(CCC)C1=C([O-])CC(C)(C)C(C(=O)OC)C1=O.[Na+],SZXAJDQTPWYNBN-UHFFFAOYSA-M,SZXAJDQTPWYNBN,ORFLOUYIJLPLPL,resolved,C=CCON=C(CCC)C1=C([O-])CC(C)(C)C(C(=O)OC)C1=O.[Na+],2,1,1,0,0
787,983,11407474,"N-{2-[(4,6-Dimethoxypyrimidin-2-yl)(hydroxy)methyl]-6-(methoxymethyl)phenyl}-1,1-difluoromethanesulfonamide",221205-90-9,COCc1cccc(C(O)c2nc(OC)cc(OC)n2)c1NS(=O)(=O)C(F)F,NTBVTCXMRYKRTB-UHFFFAOYSA-N,NTBVTCXMRYKRTB,NTBVTCXMRYKRTB,resolved,COCc1cccc(C(O)c2nc(OC)cc(OC)n2)c1NS(=O)(=O)C(F)F,1,1,1,0,0
788,984,72720419,Copper acetoarsenite (Ref: ENT 884),12002-03-8,CC(=O)[O-].CC(=O)[O-].[Cu+2].[Cu+2].[Cu+2].[Cu+2].[O-][As]1O[As]([O-])O[As]([O-])O1.[O-][As]1O[As]([O-])O[As]([O-])O1,BPJYAXCTOHRFDQ-UHFFFAOYSA-L,BPJYAXCTOHRFDQ,WGTKLJDFWHJSAW,resolved,CC(=O)[O-].CC(=O)[O-].[Cu+2].[Cu+2].[Cu+2].[Cu+2].[O-][As]1O[As]([O-])O[As]([O-])O1.[O-][As]1O[As]([O-])O[As]([O-])O1,8,2,1,1,0
789,986,16752772,"4-[[(6-Chloro-3-pyridinyl)methyl](2,2-difluoroethyl)amino]-2(5H)-furanone",951659-40-8,O=C1C=C(N(Cc2ccc(Cl)nc2)CC(F)F)CO1,QOIYTRGFOFZNKF-UHFFFAOYSA-N,QOIYTRGFOFZNKF,QOIYTRGFOFZNKF,resolved,O=C1C=C(N(Cc2ccc(Cl)nc2)CC(F)F)CO1,1,2,1,1,0
790,987,56945145,"1-[4-[4-[5-(2,6-Difluorophenyl)-4,5-dihydro-3-isoxazolyl]-2-thiazolyl]-1-piperidinyl]-2-[5-methyl-3-(trifluoromethyl)-1H-pyrazol-1-yl]ethanone",1003318-67-9,Cc1cc(C(F)(F)F)nn1CC(=O)N1CCC(c2nc(C3=NOC(c4c(F)cccc4F)C3)cs2)CC1,IAQLCKZJGNTRDO-UHFFFAOYSA-N,IAQLCKZJGNTRDO,IAQLCKZJGNTRDO,resolved,Cc1cc(C(F)(F)F)nn1CC(=O)N1CCC(c2nc(C3=NOC(c4c(F)cccc4F)C3)cs2)CC1,1,0,0,0,0
791,989,73462741,Spinetoram,935545-74-7,CCOC1C(OC)C(C)OC(OC2CC3CCC4C5CC(=O)OC(CC)CCCC(OC6CCC(N(C)C)C(C)O6)C(C)C(=O)C5=CC4C3C2)C1OC,GOENIMGKWNZVDA-UHFFFAOYSA-N,GOENIMGKWNZVDA,GOENIMGKWNZVDA,resolved,CCOC1C(OC)C(C)OC(OC2CC3CCC4C5CC(=O)OC(CC)CCCC(OC6CCC(N(C)C)C(C)O6)C(C)C(=O)C5=CC4C3C2)C1OC,1,3,1,1,1
792,990,87148380,Picloram-dimethylammonium,55870-98-9,CNC.Nc1c(Cl)c(Cl)nc(C(=O)O)c1Cl,NPLPNFIMSLUIMN-UHFFFAOYSA-N,NPLPNFIMSLUIMN,NQQVFXUMIDALNH,resolved,CNC.Nc1c(Cl)c(Cl)nc(C(=O)O)c1Cl,2,1,1,0,0
793,991,53491464,"N-[9-(Dichloromethylene)-1,2,3,4-tetrahydro-1,4-1H-pyrazole-4-carboxamide",1072957-71-1,Cn1cc(C(=O)Nc2cccc3c2C2CCC3C2=C(Cl)Cl)c(C(F)F)n1,CCCGEKHKTPTUHJ-UHFFFAOYSA-N,CCCGEKHKTPTUHJ,CCCGEKHKTPTUHJ,resolved,Cn1cc(C(=O)Nc2cccc3c2C2CCC3C2=C(Cl)Cl)c(C(F)F)n1,1,1,1,0,0
794,993,135993077,Butroxydim (Ref: ICIA0500),138164-12-2,CCCC(=O)c1c(C)cc(C)c(C2CC(=O)C(=C(CC)NOCC)C(=O)C2)c1C,LQNKITCRDAZSGT-UHFFFAOYSA-N,LQNKITCRDAZSGT,LQNKITCRDAZSGT,resolved,CCCC(=O)c1c(C)cc(C)c(C2CC(=O)C(=C(CC)NOCC)C(=O)C2)c1C,1,0,0,0,0
795,994,16722122,Brofluthrinate (Ref: ZXI 8901),160791-64-0,CC(C)C(C(=O)OC(C#N)c1cccc(Oc2ccc(Br)cc2)c1)c1ccc(OC(F)F)cc1,BUHNCQOJJZAOMJ-UHFFFAOYSA-N,BUHNCQOJJZAOMJ,BUHNCQOJJZAOMJ,resolved,CC(C)C(C(=O)OC(C#N)c1cccc(Oc2ccc(Br)cc2)c1)c1ccc(OC(F)F)cc1,1,3,1,1,1
796,996,15604010,Ametoctradin (Ref: BAS 650F),865318-97-4,CCCCCCCCc1c(CC)nc2ncnn2c1N,GGKQIOFASHYUJZ-UHFFFAOYSA-N,GGKQIOFASHYUJZ,GGKQIOFASHYUJZ,resolved,CCCCCCCCc1c(CC)nc2ncnn2c1N,1,1,1,0,0
797,998,56602311,1-(3-Chloropyridin-2-yl)-N-[4-cyano-2-methyl-6-(methylcarbamoyl)phenyl]-3-{[5-(trifluoromethyl)-2H-tetrazol-2-yl]methyl}-1H-pyrazole-5-carboxamide,1229654-66-3,CNC(=O)c1cc(C#N)cc(C)c1NC(=O)c1cc(Cn2nnc(C(F)(F)F)n2)nn1-c1ncccc1Cl,KNDVJPKNBVIKML-UHFFFAOYSA-N,KNDVJPKNBVIKML,KNDVJPKNBVIKML,resolved,CNC(=O)c1cc(C#N)cc(C)c1NC(=O)c1cc(Cn2nnc(C(F)(F)F)n2)nn1-c1ncccc1Cl,1,3,1,1,1
798,999,57414497,Triflumezopyrim (Ref: DPX-RAB55),1263133-33-0,O=c1c(-c2cccc(C(F)(F)F)c2)c([O-])n(Cc2cncnc2)c2cccc[n+]12,LHZOTJOOBRODLL-UHFFFAOYSA-N,LHZOTJOOBRODLL,,failed,O=c1c(-c2cccc(C(F)(F)F)c2)c([O-])n(Cc2cncnc2)c2cccc[n+]12,1,3,1,1,1
799,1000,11709249,N-[(2-Chlorophenyl)methyl]-N'-(1-methyl-1-phenylethyl)urea,99485-76-4,CC(C)(NC(=O)NCc1ccccc1Cl)c1ccccc1,VYNOULHXXDFBLU-UHFFFAOYSA-N,VYNOULHXXDFBLU,VYNOULHXXDFBLU,resolved,CC(C)(NC(=O)NCc1ccccc1Cl)c1ccccc1,1,1,1,0,0
800,1001,53341374,Broflanilide (Ref: MCI-8007),1207727-04-5,CN(C(=O)c1ccccc1)c1cccc(C(=O)Nc2c(Br)cc(C(F)(C(F)(F)F)C(F)(F)F)cc2C(F)(F)F)c1F,QSLZKWPYTWEWHC-UHFFFAOYSA-N,QSLZKWPYTWEWHC,QSLZKWPYTWEWHC,resolved,CN(C(=O)c1ccccc1)c1cccc(C(=O)Nc2c(Br)cc(C(F)(C(F)(F)F)C(F)(F)F)cc2C(F)(F)F)c1F,1,3,1,1,1
801,1003,11674113,Penflufen (Ref: BYF-14182),494793-67-8,Cc1nn(C)c(F)c1C(=O)Nc1ccccc1C(C)CC(C)C,GOFJDXZZHFNFLV-UHFFFAOYSA-N,GOFJDXZZHFNFLV,GOFJDXZZHFNFLV,resolved,Cc1nn(C)c(F)c1C(=O)Nc1ccccc1C(C)CC(C)C,1,1,1,0,0
802,1005,3017748,Sodium 5-nitroguaiacolate,67233-85-6,COc1ccc([N+](=O)[O-])cc1[O-].[Na+],KBRKFTKQRMYINW-UHFFFAOYSA-M,KBRKFTKQRMYINW,KXKCTSZYNCDFFG,resolved,COc1ccc([N+](=O)[O-])cc1[O-].[Na+],2,1,1,0,0
803,1006,56945144,"N-[6-[[[(Z)-[(1-Methyl-1H-tetrazol-5-yl)phenylmethylene]amino]oxy]methyl]-2-pyridinyl]-1,1-dimethylethyl ester carbamic acid",500207-04-5,Cn1nnnc1C(=NOCc1cccc(NC(=O)OC(C)(C)C)n1)c1ccccc1,URHWNXDZOULUHC-UHFFFAOYSA-N,URHWNXDZOULUHC,URHWNXDZOULUHC,resolved,Cn1nnnc1C(=NOCc1cccc(NC(=O)OC(C)(C)C)n1)c1ccccc1,1,1,1,0,0
804,1007,46944253,Fluazaindolizine (Ref: DPX-Q8U80),1254304-22-7,COc1ccc(Cl)c(S(=O)(=O)NC(=O)c2cn3cc(C(F)(F)F)cc(Cl)c3n2)c1,PHCCDUCBMCYSNQ-UHFFFAOYSA-N,PHCCDUCBMCYSNQ,PHCCDUCBMCYSNQ,resolved,COc1ccc(Cl)c(S(=O)(=O)NC(=O)c2cn3cc(C(F)(F)F)cc(Cl)c3n2)c1,1,1,1,0,0
805,1008,11205153,Thiencarbazone-methyl (Ref: BYH 18636 ),317815-83-1,COC(=O)c1csc(C)c1S(=O)(=O)NC(=O)n1nc(OC)n(C)c1=O,XSKZXGDFSCCXQX-UHFFFAOYSA-N,XSKZXGDFSCCXQX,XSKZXGDFSCCXQX,resolved,COC(=O)c1csc(C)c1S(=O)(=O)NC(=O)n1nc(OC)n(C)c1=O,1,0,0,0,0
806,1009,71657865,"N-[1,1-Dimethyl-2-[2-methyl-4-(1-methylethoxy)phenyl]-2-oxoethyl]-3-methyl-2-thiophenecarboxamide",875915-78-9,Cc1cc(OC(C)C)ccc1C(=O)C(C)(C)NC(=O)c1sccc1C,WMKZDPFZIZQROT-UHFFFAOYSA-N,WMKZDPFZIZQROT,WMKZDPFZIZQROT,resolved,Cc1cc(OC(C)C)ccc1C(=O)C(C)(C)NC(=O)c1sccc1C,1,1,1,0,0
807,1010,44473182,1-({1-Ethyl-4-[4-(methanesulfonyl)-3-(2-methoxyethoxy)-2-methylbenzoyl]-1H-pyrazol-5-yl}oxy)ethyl methyl carbonate,1101132-67-5,CCn1ncc(C(=O)c2ccc(S(C)(=O)=O)c(OCCOC)c2C)c1OC(C)OC(=O)OC,GHLCSCRDVVEUQD-UHFFFAOYSA-N,GHLCSCRDVVEUQD,GHLCSCRDVVEUQD,resolved,CCn1ncc(C(=O)c2ccc(S(C)(=O)=O)c(OCCOC)c2C)c1OC(C)OC(=O)OC,1,1,1,0,0
808,1013,44151818,(2Z)-2-[[2-Fluoro-5-(trifluoromethyl)phenyl]thio]-2-[3-(2-methoxyphenyl)-2-thiazolidinylidene]acetonitrile,958647-10-4,COc1ccccc1N1CCSC1=C(C#N)Sc1cc(C(F)(F)F)ccc1F,KGXUEPOHGFWQKF-UHFFFAOYSA-N,KGXUEPOHGFWQKF,KGXUEPOHGFWQKF,resolved,COc1ccccc1N1CCSC1=C(C#N)Sc1cc(C(F)(F)F)ccc1F,1,1,1,0,0
809,1014,20056440,Thiencarbazone,936331-72-5,COc1nn(C(=O)NS(=O)(=O)c2c(C(=O)O)csc2C)c(=O)n1C,GLDAZAQRGCSFNP-UHFFFAOYSA-N,GLDAZAQRGCSFNP,GLDAZAQRGCSFNP,resolved,COc1nn(C(=O)NS(=O)(=O)c2c(C(=O)O)csc2C)c(=O)n1C,1,0,0,0,0
810,1015,54589430,"Cyclopropanecarboxylic acid, [(3S,4R,4aR,6S,6aS,12R,12aS,12bS)-3-[(Cyclopropylcarbonyl)oxy]-1,3,4,4a,5,6,6a,12,12a,12b-decahydro-6,12-dihydroxy-4,6a,12b-trimethyl-11-oxo-9-(3-pyridinyl)-2H,11H-naphtho[2,1-b]pyrano[3,4-e]pyran-4-yl]methyl ester",915972-17-7,CC1(COC(=O)C2CC2)C(OC(=O)C2CC2)CCC2(C)C1CC(O)C1(C)Oc3cc(-c4cccnc4)oc(=O)c3C(O)C21,LRZWFURXIMFONG-UHFFFAOYSA-N,LRZWFURXIMFONG,LRZWFURXIMFONG,resolved,CC1(COC(=O)C2CC2)C(OC(=O)C2CC2)CCC2(C)C1CC(O)C1(C)Oc3cc(-c4cccnc4)oc(=O)c3C(O)C21,1,1,1,0,0
811,1017,167155,Zinc borate,10361-94-1,[O-]B([O-])[O-].[O-]B([O-])[O-].[Zn+2].[Zn+2].[Zn+2],BIKXLKXABVUSMH-UHFFFAOYSA-N,BIKXLKXABVUSMH,KGBXLFKZBHKPEV,resolved,[O-]B([O-])[O-].[O-]B([O-])[O-].[Zn+2].[Zn+2].[Zn+2],5,0,0,0,0
812,1018,56933411,"3-(Difluoromethyl)-N-methoxy-1-methyl-N-[1-(2,4,6-trichlorophenyl)propan-2-yl]-1H-pyrazole-4-carboxamide",1228284-64-7,CON(C(=O)c1cn(C)nc1C(F)F)C(C)Cc1c(Cl)cc(Cl)cc1Cl,DGOAXBPOVUPPEB-UHFFFAOYSA-N,DGOAXBPOVUPPEB,DGOAXBPOVUPPEB,resolved,CON(C(=O)c1cn(C)nc1C(F)F)C(C)Cc1c(Cl)cc(Cl)cc1Cl,1,1,1,0,0
813,1020,121494114,Fenpicoxamid (Ref: XDE 777),517875-34-2,COc1ccnc(C(=O)NC2COC(=O)C(Cc3ccccc3)C(OC(=O)C(C)C)C(C)OC2=O)c1OCOC(=O)C(C)C,QGTOTYJSCYHYFK-UHFFFAOYSA-N,QGTOTYJSCYHYFK,QGTOTYJSCYHYFK,resolved,COc1ccnc(C(=O)NC2COC(=O)C(Cc3ccccc3)C(OC(=O)C(C)C)C(C)OC2=O)c1OCOC(=O)C(C)C,1,0,0,0,0
814,1021,14127920,Flupyrimin,1689566-03-7,O=C(N=c1ccccn1Cc1ccc(Cl)nc1)C(F)(F)F,DHQKLWKZSFCKTA-UHFFFAOYSA-N,DHQKLWKZSFCKTA,DHQKLWKZSFCKTA,resolved,O=C(N=c1ccccn1Cc1ccc(Cl)nc1)C(F)(F)F,1,1,1,0,0
815,1022,67295585,"Methyl N-[2-({2-chloro-4-fluoro-5-[3-methyl-2,6-dioxo-4-(trifluoromethyl)-3,6-dihydropyrimidin-1(2H)-yl]phenyl}sulfanyl)propanoyl]-beta-alaninate",1220411-29-9,COC(=O)CCNC(=O)C(C)Sc1cc(-n2c(=O)cc(C(F)(F)F)n(C)c2=O)c(F)cc1Cl,QPTPZPIXUPELRM-UHFFFAOYSA-N,QPTPZPIXUPELRM,QPTPZPIXUPELRM,resolved,COC(=O)CCNC(=O)C(C)Sc1cc(-n2c(=O)cc(C(F)(F)F)n(C)c2=O)c(F)cc1Cl,1,2,1,1,0
816,1023,44146828,Glyphosate-diammonium,69254-40-6,O=C(O)CNCP(=O)([O-])[O-].[NH4+].[NH4+],CPHCYTUHSKEDOI-UHFFFAOYSA-N,CPHCYTUHSKEDOI,XDDAORKBJWWYJS,resolved,O=C(O)CNCP(=O)([O-])[O-].[NH4+].[NH4+],3,1,1,0,0
817,1024,66553206,Isoflucypram (Ref: BCS-CN88460),1255734-28-1,CC(C)c1ccc(Cl)cc1CN(C(=O)c1c(C(F)F)nn(C)c1F)C1CC1,JEFUQUGZXLEHLD-UHFFFAOYSA-N,JEFUQUGZXLEHLD,JEFUQUGZXLEHLD,resolved,CC(C)c1ccc(Cl)cc1CN(C(=O)c1c(C(F)F)nn(C)c1F)C1CC1,1,1,1,0,0
818,1025,57343740,Fluindapyr (Ref: IR9792),1383809-87-7,CC1CC(C)(C)c2c(F)ccc(N=C(O)c3cn(C)nc3C(F)F)c21,XCGBHLLWJZOLEM-UHFFFAOYSA-N,XCGBHLLWJZOLEM,XCGBHLLWJZOLEM,resolved,CC1CC(C)(C)c2c(F)ccc(N=C(O)c3cn(C)nc3C(F)F)c21,1,1,1,0,0
819,1026,162179169,Maltodextrin,9050-36-6,O=CC(O)C(O)C(O)C(O)CO,GZCGUPFRVQAUEE-UHFFFAOYSA-N,GZCGUPFRVQAUEE,GZCGUPFRVQAUEE,resolved,O=CC(O)C(O)C(O)C(O)CO,1,0,0,0,0
820,1027,25181547,Halauxifen (Ref: X11393729),943832-60-8,COc1c(Cl)ccc(-c2cc(N)c(Cl)c(C(=O)O)n2)c1F,KKLBEFSLWYDQFI-UHFFFAOYSA-N,KKLBEFSLWYDQFI,KKLBEFSLWYDQFI,resolved,COc1c(Cl)ccc(-c2cc(N)c(Cl)c(C(=O)O)n2)c1F,1,1,1,0,0
821,1028,163360625,"(1R,3R)-rel-3-[(1Z)-2-Chloro-3,3,3-trifluoro-1-propen-1-yl]-2,2-dimethylcyclopropanecarboxylic acid (2-methyl[1,1'-biphenyl]-3-yl)methyl ester mixt. with cyano(3-phenoxyphenyl)methyl 3-(2,2-dichloroethenyl)-2,2-dimethylcyclopropanecarboxylate",943012-36-0,CC1(C)C(C=C(Cl)Cl)C1C(=O)OC(C#N)c1cccc(Oc2ccccc2)c1.Cc1c(COC(=O)C2C(C=C(Cl)C(F)(F)F)C2(C)C)cccc1-c1ccccc1,QNWJLBDLBGENHC-UHFFFAOYSA-N,QNWJLBDLBGENHC,OMFRMAHOUUJSGP,resolved,CC1(C)C(C=C(Cl)Cl)C1C(=O)OC(C#N)c1cccc(Oc2ccccc2)c1.Cc1c(COC(=O)C2C(C=C(Cl)C(F)(F)F)C2(C)C)cccc1-c1ccccc1,2,3,1,1,1
822,1029,163360624,"(1S,3S)-rel-3-[(1Z)-2-Chloro-3,3,3-trifluoro-1-propen-1-yl]-2,2-dimethyl-(R)-cyano(3-phenoxyphenyl)methyl ester cyclopropanecarboxylic acid mixt. with 3-bromo-N-[4-chloro-2-methyl-6-[(methylamino)carbonyl]phenyl]-1-(3-chloro-2-pyridinyl)-1H-pyrazole-5-carboxamide",873330-19-9,CC1(C)C(C=C(Cl)C(F)(F)F)C1C(=O)OC(C#N)c1cccc(Oc2ccccc2)c1.CNC(=O)c1cc(Cl)cc(C)c1NC(=O)c1cc(Br)nn1-c1ncccc1Cl,ILQDGEITZXFVGY-UHFFFAOYSA-N,ILQDGEITZXFVGY,ZXQYGBMAQZUVMI,resolved,CC1(C)C(C=C(Cl)C(F)(F)F)C1C(=O)OC(C#N)c1cccc(Oc2ccccc2)c1.CNC(=O)c1cc(Cl)cc(C)c1NC(=O)c1cc(Br)nn1-c1ncccc1Cl,2,2,1,1,0
823,1030,70495450,Benzyl 4-amino-3-chloro-6-(4-chloro-2-fluoro-3-methoxyphenyl)-5-fluoropyridine-2-carboxylate,1390661-72-9,COc1c(Cl)ccc(-c2nc(C(=O)OCc3ccccc3)c(Cl)c(N)c2F)c1F,WNZCDFOXYNRBRB-UHFFFAOYSA-N,WNZCDFOXYNRBRB,WNZCDFOXYNRBRB,resolved,COc1c(Cl)ccc(-c2nc(C(=O)OCc3ccccc3)c(Cl)c(N)c2F)c1F,1,1,1,0,0
824,1031,13208144,Glyphosate-dimethylammonium,34494-04-7,CNC.O=C(O)CNCP(=O)(O)O,VDCHTAFVUAPYGO-UHFFFAOYSA-N,VDCHTAFVUAPYGO,XDDAORKBJWWYJS,resolved,CNC.O=C(O)CNCP(=O)(O)O,2,1,1,0,0
825,1032,11615303,Glyphosate-monoammonium,114370-14-8,N.O=C(O)CNCP(=O)(O)O,PDYXIVPKOMYDOK-UHFFFAOYSA-N,PDYXIVPKOMYDOK,XDDAORKBJWWYJS,resolved,N.O=C(O)CNCP(=O)(O)O,2,1,1,0,0
826,1033,15056663,Bixlozone (Ref: F9600),81777-95-9,CC1(C)CON(Cc2ccc(Cl)cc2Cl)C1=O,FHUKASKVKWSLCY-UHFFFAOYSA-N,FHUKASKVKWSLCY,FHUKASKVKWSLCY,resolved,CC1(C)CON(Cc2ccc(Cl)cc2Cl)C1=O,1,1,1,0,0
827,1034,62420,2-(4-Chloro-2-methylphenoxy)acetic acid compd. with N-methylmethanamine (1:1),2039-46-5,CNC.Cc1cc(Cl)ccc1OCC(=O)O,PKAUICCNAWQPAU-UHFFFAOYSA-N,PKAUICCNAWQPAU,WHKUVVPPKQRRBV,resolved,CNC.Cc1cc(Cl)ccc1OCC(=O)O,2,1,1,0,0
