HeldOutSource,Threshold,Model,TestOrder,Index,Scaffold,Y,Score
BPDB,100,ECFPStructure,0,1,c1ccccc1,1,0.31925637326880096
BPDB,100,ECFPStructure,1,8,C1=CCCCC1,1,0.15509227801117942
BPDB,100,ECFPStructure,2,11,c1cncc(C2CCCN2)c1,1,0.6967497666168514
BPDB,100,ECFPStructure,3,38,C1CC2CCC1CO2,0,1.0142375280947047
BPDB,100,ECFPStructure,4,41,c1ccccc1,0,0.43922244113355
BPDB,100,ECFPStructure,5,46,O=C1CC2OCC=C3CN4CCC56c7ccccc7N1C5C2C3CC46,1,0.19046994455784635
BPDB,100,ECFPStructure,6,51,O=C1C=CCCC1,1,0.14720988133213891
BPDB,100,ECFPStructure,7,57,c1ccccc1,1,0.1603141612060271
BPDB,100,ECFPStructure,8,66,c1ccccc1,1,0.4450335588730611
BPDB,100,ECFPStructure,9,72,ACYCLIC:CCCCCCCC(=O)O,1,0.4836081664036206
BPDB,100,ECFPStructure,10,76,C=C1CC=CCC1,1,0.6655271073681048
BPDB,100,ECFPStructure,11,79,C1=CCCCC1,1,-0.11208372590554999
BPDB,100,ECFPStructure,12,81,ACYCLIC:C=CC(C)(O)CCC=C(C)C,1,1.0462151178117505
BPDB,100,ECFPStructure,13,84,ACYCLIC:CCCCCCCCCCCCCCO,1,0.8328580974037614
BPDB,100,ECFPStructure,14,89,c1ccccc1,1,0.620903056953807
BPDB,100,ECFPStructure,15,94,c1ccccc1,1,0.6711205342043902
BPDB,100,ECFPStructure,16,104,ACYCLIC:CCCCCCCCCCCCCCCCCCCCCCCCC,1,0.5661261101118826
BPDB,100,ECFPStructure,17,108,O=C1C=CCC1,1,0.11865170757804083
BPDB,100,ECFPStructure,18,109,ACYCLIC:C=CC(C)(O)CCC=C(C)CCC=C(C)C,1,0.9445029142240164
BPDB,100,ECFPStructure,19,124,O=C1C=CCO1,1,-0.6053166190633699
BPDB,100,ECFPStructure,20,131,O=C1C=CC2CC1C2,1,0.5590430697477549
BPDB,100,ECFPStructure,21,137,O=C1C=CC(OC(=O)C2CC2)C1,1,1.234665025294171
BPDB,100,ECFPStructure,22,139,O=C1c2ccc3c(c2OC2COc4ccccc4C12)CCO3,1,0.3263682589436333
BPDB,100,ECFPStructure,23,140,ACYCLIC:C=CCSCC=C,0,1.2079750721761062
BPDB,100,ECFPStructure,24,146,C1=CC2CC(C1)C2,1,0.4358593077809763
BPDB,100,ECFPStructure,25,155,C1=CCC2CC2C1,1,0.3431457862906013
BPDB,100,ECFPStructure,26,160,C1CCC(OC2OCCC2OC2CCCCO2)CC1.C1CCC(OC2OCCC2OC2CCCCO2)CC1,1,0.5436816326294084
BPDB,100,ECFPStructure,27,168,O=C1C=CC(OC(=O)C2CC2)C1,1,0.84502726961033
BPDB,100,ECFPStructure,28,174,ACYCLIC:O.O.O.O.O.O.O.O.O.O.O=BOB([O-])OB([O-])OB=O.[Na+].[Na+],0,-0.169722011905112
BPDB,100,ECFPStructure,29,179,O=C1OC2CC(CC=CC(OC3CCC(OC4CCCCO4)CO3)CC=CC=C3COC4CC=CC1C34)OC1(C=CCCO1)C2.O=C1OC2CC(CC=CC(OC3CCC(OC4CCCCO4)CO3)CC=CC=C3COC4CC=CC1C34)OC1(C=CCCO1)C2,1,0.5184889808523276
BPDB,100,ECFPStructure,30,196,O=c1cc(-c2ccccc2)oc2c1ccc1occc12,1,0.8606227180877655
BPDB,100,ECFPStructure,31,197,O=C(OC1CC2C3CC4C1C2C1(CCCCC41)O3)c1ccc[nH]1,0,0.5005497865520558
BPDB,100,ECFPStructure,32,209,C1CCC(OC2CCOC(OC3CCOCC3)C2)OC1,1,0.5673743437611206
BPDB,100,ECFPStructure,33,212,O=C1C=CC2C(=O)C3=Cc4ccccc4CC3CC2C1,1,0.4368992852534387
BPDB,100,ECFPStructure,34,223,C1CCC(OC2CCC(OC3CCC(OC4CCC(OC5CCC(OC6CCC(OC7CCC(OC8CCC(OC9CCCOC9)OC8)OC7)OC6)OC5)OC4)OC3)OC2)OC1,1,0.7379341496904102
BPDB,100,ECFPStructure,35,242,ACYCLIC:CCCCCCCCCCCCCCOC(C)=O,1,-0.14606704163473266
BPDB,100,ECFPStructure,36,248,C=C1CC23CC1CCC2C12C=CCC(C(=O)O1)C2C3,1,0.2510578797944988
BPDB,100,ECFPStructure,37,256,O=C1C=CCC1,1,-0.2790752058913372
BPDB,100,ECFPStructure,38,286,ACYCLIC:CC(C)=CCCC(C)=CCCC(C)=CCO,1,1.1277552771182109
BPDB,100,ECFPStructure,39,316,C1CCCCC1,1,0.49356726705934256
BPDB,100,ECFPStructure,40,321,O=C1OC=CC2CCCC12,1,-0.05914641020661732
BPDB,100,ECFPStructure,41,330,C=C1CC23CC1CCC2C12CCCC(C(=O)O1)C2C3,1,0.37546977290041733
BPDB,100,ECFPStructure,42,334,C1CCC(OC2CCCCO2)CC1,1,0.05375813290954945
BPDB,100,ECFPStructure,43,373,O=C1C=CCCC1,1,0.4741157995708688
BPDB,100,ECFPStructure,44,382,O=C1C=CC(OC(=O)C2CC2)C1,1,0.8889246239873012
BPDB,100,ECFPStructure,45,385,O=C1C=CC(OC(=O)C2CC2)C1,1,0.4929443700525594
BPDB,100,ECFPStructure,46,399,ACYCLIC:CCCCC=CCCCCCCOC(C)=O,1,0.1454907837093698
BPDB,100,ECFPStructure,47,408,C1=CC(NC2CCC(OC3CCCCO3)CC2)CCC1,1,0.46757229750918117
BPDB,100,ECFPStructure,48,435,ACYCLIC:CCCCCCCCC=CCCCCCCCCCCCCC,1,0.6626210289577994
BPDB,100,ECFPStructure,49,451,ACYCLIC:CCCC=CCCCCCCCO,1,0.7517804807981636
BPDB,100,ECFPStructure,50,464,ACYCLIC:CCCC=CCCCCCCCOC(C)=O,1,0.07162178052929796
BPDB,100,ECFPStructure,51,465,ACYCLIC:CC=CC=CCCCCCCCO,1,1.126320740238537
BPDB,100,ECFPStructure,52,467,O=C1C=CCCC1,1,0.045247110013651726
BPDB,100,ECFPStructure,53,476,O=C1CCCC1,1,0.14217781167697752
BPDB,100,ECFPStructure,54,478,O=C1C=CC(OC(=O)C2CC2)C1,1,0.34350016408886513
BPDB,100,ECFPStructure,55,479,O=C1C=CC(OC(=O)C2CC2)C1,1,0.7317505911448925
BPDB,100,ECFPStructure,56,481,ACYCLIC:Cl.NCCOC=CC(N)C(=O)O,1,0.48895973393847136
BPDB,100,ECFPStructure,57,482,C1CC2COC(C1)O2,1,0.7587777288754841
BPDB,100,ECFPStructure,58,487,C1CC2COC(C1)O2,1,0.8661609631493185
BPDB,100,ECFPStructure,59,491,C=C1CCCCC1,1,0.7689577296770058
BPDB,100,ECFPStructure,60,494,C1C2OCC3C1CC3O2,1,0.9917045552753303
BPDB,100,ECFPStructure,61,529,ACYCLIC:CCCCC=CCCCCOC(C)=O,1,0.1738284980128334
BPDB,100,ECFPStructure,62,547,O=C1OC2CC(CC=CCCC=CC=C3COC4CC=CC1C34)OC1(CCCCO1)C2,1,-0.0527150850341257
BPDB,100,ECFPStructure,63,548,O=C1OC2CC(CC=CCCC=CC=C3COC4CC=CC1C34)OC1(CCCCO1)C2,1,0.006157003998462918
BPDB,100,ECFPStructure,64,550,ACYCLIC:C=CC(=C)CC(O)CC(C)C,1,0.40389407928095344
BPDB,100,ECFPStructure,65,555,C1CCC2(CCCCO2)OC1,1,0.11878056674504678
BPDB,100,ECFPStructure,66,576,O=c1ccn(C2CCCO2)c(=O)[nH]1,1,0.31088668108413264
BPDB,100,ECFPStructure,67,595,ACYCLIC:NCCOC=CC(N)C(=O)O,1,0.46799748786614115
BPDB,100,ECFPStructure,68,600,ACYCLIC:CCCCC=CCCCCO,1,0.8762843513484587
BPDB,100,ECFPStructure,69,601,O=c1ncccn1C1C=CCCO1,1,-0.23002054202128547
BPDB,100,ECFPStructure,70,609,C1=CCCCC1,1,0.3140788015903344
BPDB,100,ECFPStructure,71,654,ACYCLIC:CCCCN(CCC(=O)OCC)C(C)=O,0,-0.13967974709601122
BPDB,100,ECFPStructure,72,677,ACYCLIC:CC=CC(O)CC(C)C,1,0.7771449069152838
BPDB,100,ECFPStructure,73,776,ACYCLIC:CCCCC(C)CCC(=O)OCC,1,-0.059180686749710054
BPDB,100,ECFPStructure,74,876,C1CCC(C2CCCO2)OC1,1,0.5063770118900781
BPDB,100,ECFPStructure,75,909,O=c1ccn(C2CCCO2)c(=O)[nH]1,1,0.30858444109462746
BPDB,100,ECFPStructure,76,933,O=C1CC2C(=CC3C2C=CC2CC(OC4CCCCO4)CC23)C(=O)CC(OC2CCCCO2)CCCCO1.O=C1CC2C(=CC3C2C=CC2CC(OC4CCCCO4)CC23)C(=O)CC(OC2CCCCO2)CCCCO1,1,0.7304902823870574
BPDB,100,ECFPStructure,77,937,C1CC2CCC(O1)O2,1,1.0473945534163414
BPDB,100,ECFPStructure,78,955,C1CC2COC3CC(C45OC4C4CC5OC5OCCC54)C4COCC4(C1)C23,1,0.7395781669672752
BPDB,100,ECFPStructure,79,956,C1CCC(OC2CCCCO2)CC1,1,0.032942634007504246
BPDB,100,ECFPStructure,80,961,O=C1OC2CC(CC=CC(OC3CCC(OC4CCCCO4)CO3)CC=CC=C3COC4CC=CC1C34)OC1(C=CCCO1)C2.c1ccccc1,1,0.4712616407190258
BPDB,100,ECFPStructure,81,964,O=C1C=CC2C(=O)C3=Cc4ccccc4CC3CC2C1,1,0.4433490548975704
BPDB,100,ECFPStructure,82,981,C1CCN2CC3C(CCC4C3CC35OC6CCCC3C6CCC45)CC2C1.O=C(OC1CCC2C3CCC4C5CCC6CC7CCCCN7CC6C5CC42OC13)c1ccccc1,1,0.4979784438973084
BPDB,100,ECFPStructure,83,1026,ACYCLIC:O=CC(O)C(O)C(O)C(O)CO,0,0.28919824140633565
BPDB,100,Route+Agrochemical,0,1,c1ccccc1,1,-0.3113457982683101
BPDB,100,Route+Agrochemical,1,8,C1=CCCCC1,1,1.1418160157721275
BPDB,100,Route+Agrochemical,2,11,c1cncc(C2CCCN2)c1,1,0.9694070392910057
BPDB,100,Route+Agrochemical,3,38,C1CC2CCC1CO2,0,0.1655200711557807
BPDB,100,Route+Agrochemical,4,41,c1ccccc1,0,-0.29629795641921836
BPDB,100,Route+Agrochemical,5,46,O=C1CC2OCC=C3CN4CCC56c7ccccc7N1C5C2C3CC46,1,-0.3113457982683101
BPDB,100,Route+Agrochemical,6,51,O=C1C=CCCC1,1,-0.7038646285688791
BPDB,100,Route+Agrochemical,7,57,c1ccccc1,1,0.1655200711557807
BPDB,100,Route+Agrochemical,8,66,c1ccccc1,1,-0.3113457982683101
BPDB,100,Route+Agrochemical,9,72,ACYCLIC:CCCCCCCC(=O)O,1,0.3379290476369026
BPDB,100,Route+Agrochemical,10,76,C=C1CC=CCC1,1,-0.3113457982683101
BPDB,100,Route+Agrochemical,11,79,C1=CCCCC1,1,0.1655200711557807
BPDB,100,Route+Agrochemical,12,81,ACYCLIC:C=CC(C)(O)CCC=C(C)C,1,0.1655200711557807
BPDB,100,Route+Agrochemical,13,84,ACYCLIC:CCCCCCCCCCCCCCO,1,0.3379290476369026
BPDB,100,Route+Agrochemical,14,89,c1ccccc1,1,0.1655200711557807
BPDB,100,Route+Agrochemical,15,94,c1ccccc1,1,-0.3113457982683101
BPDB,100,Route+Agrochemical,16,104,ACYCLIC:CCCCCCCCCCCCCCCCCCCCCCCCC,1,0.1655200711557807
BPDB,100,Route+Agrochemical,17,108,O=C1C=CCC1,1,-0.3113457982683101
BPDB,100,Route+Agrochemical,18,109,ACYCLIC:C=CC(C)(O)CCC=C(C)CCC=C(C)C,1,-0.3113457982683101
BPDB,100,Route+Agrochemical,19,124,O=C1C=CCO1,1,-0.2269987591447883
BPDB,100,Route+Agrochemical,20,131,O=C1C=CC2CC1C2,1,0.1655200711557807
BPDB,100,Route+Agrochemical,21,137,O=C1C=CC(OC(=O)C2CC2)C1,1,0.9694070392910057
BPDB,100,Route+Agrochemical,22,139,O=C1c2ccc3c(c2OC2COc4ccccc4C12)CCO3,1,0.9694070392910057
BPDB,100,Route+Agrochemical,23,140,ACYCLIC:C=CCSCC=C,0,0.3379290476369026
BPDB,100,Route+Agrochemical,24,146,C1=CC2CC(C1)C2,1,-0.3113457982683101
BPDB,100,Route+Agrochemical,25,155,C1=CCC2CC2C1,1,-0.3113457982683101
BPDB,100,Route+Agrochemical,26,160,C1CCC(OC2OCCC2OC2CCCCO2)CC1.C1CCC(OC2OCCC2OC2CCCCO2)CC1,1,0.1655200711557807
BPDB,100,Route+Agrochemical,27,168,O=C1C=CC(OC(=O)C2CC2)C1,1,0.9694070392910057
BPDB,100,Route+Agrochemical,28,174,ACYCLIC:O.O.O.O.O.O.O.O.O.O.O=BOB([O-])OB([O-])OB=O.[Na+].[Na+],0,0.1655200711557807
BPDB,100,Route+Agrochemical,29,179,O=C1OC2CC(CC=CC(OC3CCC(OC4CCCCO4)CO3)CC=CC=C3COC4CC=CC1C34)OC1(C=CCCO1)C2.O=C1OC2CC(CC=CC(OC3CCC(OC4CCCCO4)CO3)CC=CC=C3COC4CC=CC1C34)OC1(C=CCCO1)C2,1,0.9694070392910057
BPDB,100,Route+Agrochemical,30,196,O=c1cc(-c2ccccc2)oc2c1ccc1occc12,1,-0.3113457982683101
BPDB,100,Route+Agrochemical,31,197,O=C(OC1CC2C3CC4C1C2C1(CCCCC41)O3)c1ccc[nH]1,0,-0.3113457982683101
BPDB,100,Route+Agrochemical,32,209,C1CCC(OC2CCOC(OC3CCOCC3)C2)OC1,1,0.1655200711557807
BPDB,100,Route+Agrochemical,33,212,O=C1C=CC2C(=O)C3=Cc4ccccc4CC3CC2C1,1,-0.3113457982683101
BPDB,100,Route+Agrochemical,34,223,C1CCC(OC2CCC(OC3CCC(OC4CCC(OC5CCC(OC6CCC(OC7CCC(OC8CCC(OC9CCCOC9)OC8)OC7)OC6)OC5)OC4)OC3)OC2)OC1,1,-0.7038646285688791
BPDB,100,Route+Agrochemical,35,242,ACYCLIC:CCCCCCCCCCCCCCOC(C)=O,1,-0.3113457982683101
BPDB,100,Route+Agrochemical,36,248,C=C1CC23CC1CCC2C12C=CCC(C(=O)O1)C2C3,1,0.1655200711557807
BPDB,100,Route+Agrochemical,37,256,O=C1C=CCC1,1,-0.3113457982683101
BPDB,100,Route+Agrochemical,38,286,ACYCLIC:CC(C)=CCCC(C)=CCCC(C)=CCO,1,-0.3113457982683101
BPDB,100,Route+Agrochemical,39,316,C1CCCCC1,1,-0.3113457982683101
BPDB,100,Route+Agrochemical,40,321,O=C1OC=CC2CCCC12,1,-0.3113457982683101
BPDB,100,Route+Agrochemical,41,330,C=C1CC23CC1CCC2C12CCCC(C(=O)O1)C2C3,1,0.3379290476369026
BPDB,100,Route+Agrochemical,42,334,C1CCC(OC2CCCCO2)CC1,1,0.1655200711557807
BPDB,100,Route+Agrochemical,43,373,O=C1C=CCCC1,1,0.1655200711557807
BPDB,100,Route+Agrochemical,44,382,O=C1C=CC(OC(=O)C2CC2)C1,1,0.9694070392910057
BPDB,100,Route+Agrochemical,45,385,O=C1C=CC(OC(=O)C2CC2)C1,1,0.9694070392910057
BPDB,100,Route+Agrochemical,46,399,ACYCLIC:CCCCC=CCCCCCCOC(C)=O,1,-0.3113457982683101
BPDB,100,Route+Agrochemical,47,408,C1=CC(NC2CCC(OC3CCCCO3)CC2)CCC1,1,-0.05458978266366632
BPDB,100,Route+Agrochemical,48,435,ACYCLIC:CCCCCCCCC=CCCCCCCCCCCCCC,1,-0.3113457982683101
BPDB,100,Route+Agrochemical,49,451,ACYCLIC:CCCC=CCCCCCCCO,1,0.3379290476369026
BPDB,100,Route+Agrochemical,50,464,ACYCLIC:CCCC=CCCCCCCCOC(C)=O,1,0.3379290476369026
BPDB,100,Route+Agrochemical,51,465,ACYCLIC:CC=CC=CCCCCCCCO,1,0.3379290476369026
BPDB,100,Route+Agrochemical,52,467,O=C1C=CCCC1,1,-0.3113457982683101
BPDB,100,Route+Agrochemical,53,476,O=C1CCCC1,1,-0.3113457982683101
BPDB,100,Route+Agrochemical,54,478,O=C1C=CC(OC(=O)C2CC2)C1,1,1.1418160157721275
BPDB,100,Route+Agrochemical,55,479,O=C1C=CC(OC(=O)C2CC2)C1,1,0.9694070392910057
BPDB,100,Route+Agrochemical,56,481,ACYCLIC:Cl.NCCOC=CC(N)C(=O)O,1,0.3379290476369026
BPDB,100,Route+Agrochemical,57,482,C1CC2COC(C1)O2,1,-0.3113457982683101
BPDB,100,Route+Agrochemical,58,487,C1CC2COC(C1)O2,1,-0.3113457982683101
BPDB,100,Route+Agrochemical,59,491,C=C1CCCCC1,1,-0.3113457982683101
BPDB,100,Route+Agrochemical,60,494,C1C2OCC3C1CC3O2,1,-0.3113457982683101
BPDB,100,Route+Agrochemical,61,529,ACYCLIC:CCCCC=CCCCCOC(C)=O,1,0.3379290476369026
BPDB,100,Route+Agrochemical,62,547,O=C1OC2CC(CC=CCCC=CC=C3COC4CC=CC1C34)OC1(CCCCO1)C2,1,0.9694070392910057
BPDB,100,Route+Agrochemical,63,548,O=C1OC2CC(CC=CCCC=CC=C3COC4CC=CC1C34)OC1(CCCCO1)C2,1,0.1655200711557807
BPDB,100,Route+Agrochemical,64,550,ACYCLIC:C=CC(=C)CC(O)CC(C)C,1,-0.3113457982683101
BPDB,100,Route+Agrochemical,65,555,C1CCC2(CCCCO2)OC1,1,-0.3113457982683101
BPDB,100,Route+Agrochemical,66,576,O=c1ccn(C2CCCO2)c(=O)[nH]1,1,0.1655200711557807
BPDB,100,Route+Agrochemical,67,595,ACYCLIC:NCCOC=CC(N)C(=O)O,1,0.3379290476369026
BPDB,100,Route+Agrochemical,68,600,ACYCLIC:CCCCC=CCCCCO,1,0.3379290476369026
BPDB,100,Route+Agrochemical,69,601,O=c1ncccn1C1C=CCCO1,1,0.1655200711557807
BPDB,100,Route+Agrochemical,70,609,C1=CCCCC1,1,-0.3113457982683101
BPDB,100,Route+Agrochemical,71,654,ACYCLIC:CCCCN(CCC(=O)OCC)C(C)=O,0,-0.3113457982683101
BPDB,100,Route+Agrochemical,72,677,ACYCLIC:CC=CC(O)CC(C)C,1,-0.3113457982683101
BPDB,100,Route+Agrochemical,73,776,ACYCLIC:CCCCC(C)CCC(=O)OCC,1,-0.3113457982683101
BPDB,100,Route+Agrochemical,74,876,C1CCC(C2CCCO2)OC1,1,0.1655200711557807
BPDB,100,Route+Agrochemical,75,909,O=c1ccn(C2CCCO2)c(=O)[nH]1,1,-0.05458978266366632
BPDB,100,Route+Agrochemical,76,933,O=C1CC2C(=CC3C2C=CC2CC(OC4CCCCO4)CC23)C(=O)CC(OC2CCCCO2)CCCCO1.O=C1CC2C(=CC3C2C=CC2CC(OC4CCCCO4)CC23)C(=O)CC(OC2CCCCO2)CCCCO1,1,0.9694070392910057
BPDB,100,Route+Agrochemical,77,937,C1CC2CCC(O1)O2,1,-0.3113457982683101
BPDB,100,Route+Agrochemical,78,955,C1CC2COC3CC(C45OC4C4CC5OC5OCCC54)C4COCC4(C1)C23,1,0.9694070392910057
BPDB,100,Route+Agrochemical,79,956,C1CCC(OC2CCCCO2)CC1,1,0.1655200711557807
BPDB,100,Route+Agrochemical,80,961,O=C1OC2CC(CC=CC(OC3CCC(OC4CCCCO4)CO3)CC=CC=C3COC4CC=CC1C34)OC1(C=CCCO1)C2.c1ccccc1,1,0.1655200711557807
BPDB,100,Route+Agrochemical,81,964,O=C1C=CC2C(=O)C3=Cc4ccccc4CC3CC2C1,1,-0.3113457982683101
BPDB,100,Route+Agrochemical,82,981,C1CCN2CC3C(CCC4C3CC35OC6CCCC3C6CCC45)CC2C1.O=C(OC1CCC2C3CCC4C5CCC6CC7CCCCN7CC6C5CC42OC13)c1ccccc1,1,0.1655200711557807
BPDB,100,Route+Agrochemical,83,1026,ACYCLIC:O=CC(O)C(O)C(O)C(O)CO,0,0.1655200711557807
BPDB,11,ECFPStructure,0,1,c1ccccc1,0,-0.5415472683443632
BPDB,11,ECFPStructure,1,8,C1=CCCCC1,0,-0.6748838294317627
BPDB,11,ECFPStructure,2,11,c1cncc(C2CCCN2)c1,0,-0.644609302613492
BPDB,11,ECFPStructure,3,38,C1CC2CCC1CO2,0,-0.7740602786705344
BPDB,11,ECFPStructure,4,41,c1ccccc1,0,-0.46895933674119405
BPDB,11,ECFPStructure,5,46,O=C1CC2OCC=C3CN4CCC56c7ccccc7N1C5C2C3CC46,0,-0.3514166744921396
BPDB,11,ECFPStructure,6,51,O=C1C=CCCC1,0,-0.7687821732063946
BPDB,11,ECFPStructure,7,57,c1ccccc1,0,-0.896660944306811
BPDB,11,ECFPStructure,8,66,c1ccccc1,0,-0.32525946840192643
BPDB,11,ECFPStructure,9,72,ACYCLIC:CCCCCCCC(=O)O,0,-1.1984390692415017
BPDB,11,ECFPStructure,10,76,C=C1CC=CCC1,0,0.13891883835803503
BPDB,11,ECFPStructure,11,79,C1=CCCCC1,0,-0.6302442363467914
BPDB,11,ECFPStructure,12,81,ACYCLIC:C=CC(C)(O)CCC=C(C)C,0,-0.3576393429699528
BPDB,11,ECFPStructure,13,84,ACYCLIC:CCCCCCCCCCCCCCO,0,-1.0000302828040442
BPDB,11,ECFPStructure,14,89,c1ccccc1,0,-0.49604488124284335
BPDB,11,ECFPStructure,15,94,c1ccccc1,1,-0.18609513239540976
BPDB,11,ECFPStructure,16,104,ACYCLIC:CCCCCCCCCCCCCCCCCCCCCCCCC,0,-0.9395519286764011
BPDB,11,ECFPStructure,17,108,O=C1C=CCC1,0,-1.178952510495171
BPDB,11,ECFPStructure,18,109,ACYCLIC:C=CC(C)(O)CCC=C(C)CCC=C(C)C,0,-0.30632040883586703
BPDB,11,ECFPStructure,19,124,O=C1C=CCO1,1,-0.7676967570026916
BPDB,11,ECFPStructure,20,131,O=C1C=CC2CC1C2,0,-0.4803097936539793
BPDB,11,ECFPStructure,21,137,O=C1C=CC(OC(=O)C2CC2)C1,1,1.1618028227212251
BPDB,11,ECFPStructure,22,139,O=C1c2ccc3c(c2OC2COc4ccccc4C12)CCO3,1,-0.7975988646439836
BPDB,11,ECFPStructure,23,140,ACYCLIC:C=CCSCC=C,0,-0.06257287628962055
BPDB,11,ECFPStructure,24,146,C1=CC2CC(C1)C2,0,-0.21793161978496714
BPDB,11,ECFPStructure,25,155,C1=CCC2CC2C1,0,-0.3588213029509934
BPDB,11,ECFPStructure,26,160,C1CCC(OC2OCCC2OC2CCCCO2)CC1.C1CCC(OC2OCCC2OC2CCCCO2)CC1,0,-0.21824657635870792
BPDB,11,ECFPStructure,27,168,O=C1C=CC(OC(=O)C2CC2)C1,1,0.8973599439292985
BPDB,11,ECFPStructure,28,174,ACYCLIC:O.O.O.O.O.O.O.O.O.O.O=BOB([O-])OB([O-])OB=O.[Na+].[Na+],0,-0.6113712888724385
BPDB,11,ECFPStructure,29,179,O=C1OC2CC(CC=CC(OC3CCC(OC4CCCCO4)CO3)CC=CC=C3COC4CC=CC1C34)OC1(C=CCCO1)C2.O=C1OC2CC(CC=CC(OC3CCC(OC4CCCCO4)CO3)CC=CC=C3COC4CC=CC1C34)OC1(C=CCCO1)C2,1,-0.1530364833412422
BPDB,11,ECFPStructure,30,196,O=c1cc(-c2ccccc2)oc2c1ccc1occc12,0,-0.307233768528261
BPDB,11,ECFPStructure,31,197,O=C(OC1CC2C3CC4C1C2C1(CCCCC41)O3)c1ccc[nH]1,0,-0.602399006556475
BPDB,11,ECFPStructure,32,209,C1CCC(OC2CCOC(OC3CCOCC3)C2)OC1,0,-0.7668928809528464
BPDB,11,ECFPStructure,33,212,O=C1C=CC2C(=O)C3=Cc4ccccc4CC3CC2C1,0,-0.7147064638540122
BPDB,11,ECFPStructure,34,223,C1CCC(OC2CCC(OC3CCC(OC4CCC(OC5CCC(OC6CCC(OC7CCC(OC8CCC(OC9CCCOC9)OC8)OC7)OC6)OC5)OC4)OC3)OC2)OC1,0,-0.3921920754629277
BPDB,11,ECFPStructure,35,242,ACYCLIC:CCCCCCCCCCCCCCOC(C)=O,0,-0.9369138770568335
BPDB,11,ECFPStructure,36,248,C=C1CC23CC1CCC2C12C=CCC(C(=O)O1)C2C3,0,-0.37380988561713513
BPDB,11,ECFPStructure,37,256,O=C1C=CCC1,0,-1.0504586884211666
BPDB,11,ECFPStructure,38,286,ACYCLIC:CC(C)=CCCC(C)=CCCC(C)=CCO,0,-0.8640717578464971
BPDB,11,ECFPStructure,39,316,C1CCCCC1,0,-0.536931029258058
BPDB,11,ECFPStructure,40,321,O=C1OC=CC2CCCC12,0,-1.105930655138277
BPDB,11,ECFPStructure,41,330,C=C1CC23CC1CCC2C12CCCC(C(=O)O1)C2C3,0,-0.21006127193334634
BPDB,11,ECFPStructure,42,334,C1CCC(OC2CCCCO2)CC1,0,-0.4109810237111191
BPDB,11,ECFPStructure,43,373,O=C1C=CCCC1,0,-0.29509884465469316
BPDB,11,ECFPStructure,44,382,O=C1C=CC(OC(=O)C2CC2)C1,1,0.770194873583075
BPDB,11,ECFPStructure,45,385,O=C1C=CC(OC(=O)C2CC2)C1,1,0.5198176978768969
BPDB,11,ECFPStructure,46,399,ACYCLIC:CCCCC=CCCCCCCOC(C)=O,0,-0.8327493524377185
BPDB,11,ECFPStructure,47,408,C1=CC(NC2CCC(OC3CCCCO3)CC2)CCC1,1,-0.7589254475929912
BPDB,11,ECFPStructure,48,435,ACYCLIC:CCCCCCCCC=CCCCCCCCCCCCCC,0,-0.7154486059230054
BPDB,11,ECFPStructure,49,451,ACYCLIC:CCCC=CCCCCCCCO,1,-0.8292463707985513
BPDB,11,ECFPStructure,50,464,ACYCLIC:CCCC=CCCCCCCCOC(C)=O,0,-0.8473816484803589
BPDB,11,ECFPStructure,51,465,ACYCLIC:CC=CC=CCCCCCCCO,0,-0.7812109189370195
BPDB,11,ECFPStructure,52,467,O=C1C=CCCC1,0,-0.5783499512158605
BPDB,11,ECFPStructure,53,476,O=C1CCCC1,0,-1.035663496554626
BPDB,11,ECFPStructure,54,478,O=C1C=CC(OC(=O)C2CC2)C1,1,0.6393951266003961
BPDB,11,ECFPStructure,55,479,O=C1C=CC(OC(=O)C2CC2)C1,1,0.9095171168460978
BPDB,11,ECFPStructure,56,481,ACYCLIC:Cl.NCCOC=CC(N)C(=O)O,0,-0.44284328955912466
BPDB,11,ECFPStructure,57,482,C1CC2COC(C1)O2,0,-0.24153881826764909
BPDB,11,ECFPStructure,58,487,C1CC2COC(C1)O2,0,0.05835734067760889
BPDB,11,ECFPStructure,59,491,C=C1CCCCC1,0,-0.31570569845779567
BPDB,11,ECFPStructure,60,494,C1C2OCC3C1CC3O2,0,-0.09890877962131661
BPDB,11,ECFPStructure,61,529,ACYCLIC:CCCCC=CCCCCOC(C)=O,0,-0.7781735778923708
BPDB,11,ECFPStructure,62,547,O=C1OC2CC(CC=CCCC=CC=C3COC4CC=CC1C34)OC1(CCCCO1)C2,1,-0.052797902068196734
BPDB,11,ECFPStructure,63,548,O=C1OC2CC(CC=CCCC=CC=C3COC4CC=CC1C34)OC1(CCCCO1)C2,1,-0.1717104015803333
BPDB,11,ECFPStructure,64,550,ACYCLIC:C=CC(=C)CC(O)CC(C)C,0,-0.7165034855875778
BPDB,11,ECFPStructure,65,555,C1CCC2(CCCCO2)OC1,0,-0.052047437762771265
BPDB,11,ECFPStructure,66,576,O=c1ccn(C2CCCO2)c(=O)[nH]1,0,-0.5077390102064595
BPDB,11,ECFPStructure,67,595,ACYCLIC:NCCOC=CC(N)C(=O)O,0,-0.478369495703206
BPDB,11,ECFPStructure,68,600,ACYCLIC:CCCCC=CCCCCO,0,-0.7597230990314738
BPDB,11,ECFPStructure,69,601,O=c1ncccn1C1C=CCCO1,0,-0.9319215246433226
BPDB,11,ECFPStructure,70,609,C1=CCCCC1,0,-0.32335338254422386
BPDB,11,ECFPStructure,71,654,ACYCLIC:CCCCN(CCC(=O)OCC)C(C)=O,0,-0.10063897347262929
BPDB,11,ECFPStructure,72,677,ACYCLIC:CC=CC(O)CC(C)C,0,-0.4863269603251148
BPDB,11,ECFPStructure,73,776,ACYCLIC:CCCCC(C)CCC(=O)OCC,0,-0.17299869808074247
BPDB,11,ECFPStructure,74,876,C1CCC(C2CCCO2)OC1,0,-0.4504349927118496
BPDB,11,ECFPStructure,75,909,O=c1ccn(C2CCCO2)c(=O)[nH]1,0,-0.5887584117483045
BPDB,11,ECFPStructure,76,933,O=C1CC2C(=CC3C2C=CC2CC(OC4CCCCO4)CC23)C(=O)CC(OC2CCCCO2)CCCCO1.O=C1CC2C(=CC3C2C=CC2CC(OC4CCCCO4)CC23)C(=O)CC(OC2CCCCO2)CCCCO1,1,0.523338696557744
BPDB,11,ECFPStructure,77,937,C1CC2CCC(O1)O2,0,-0.3492389867539093
BPDB,11,ECFPStructure,78,955,C1CC2COC3CC(C45OC4C4CC5OC5OCCC54)C4COCC4(C1)C23,0,0.6125857327882929
BPDB,11,ECFPStructure,79,956,C1CCC(OC2CCCCO2)CC1,0,-0.42505789038123903
BPDB,11,ECFPStructure,80,961,O=C1OC2CC(CC=CC(OC3CCC(OC4CCCCO4)CO3)CC=CC=C3COC4CC=CC1C34)OC1(C=CCCO1)C2.c1ccccc1,1,-0.03873128454137231
BPDB,11,ECFPStructure,81,964,O=C1C=CC2C(=O)C3=Cc4ccccc4CC3CC2C1,0,-0.7012421436878042
BPDB,11,ECFPStructure,82,981,C1CCN2CC3C(CCC4C3CC35OC6CCCC3C6CCC45)CC2C1.O=C(OC1CCC2C3CCC4C5CCC6CC7CCCCN7CC6C5CC42OC13)c1ccccc1,0,-0.15197462399377148
BPDB,11,ECFPStructure,83,1026,ACYCLIC:O=CC(O)C(O)C(O)C(O)CO,0,-0.7312695751383242
BPDB,11,Route+Agrochemical,0,1,c1ccccc1,0,0.49689499524440595
BPDB,11,Route+Agrochemical,1,8,C1=CCCCC1,0,2.405461051831614
BPDB,11,Route+Agrochemical,2,11,c1cncc(C2CCCN2)c1,0,1.6694503993438745
BPDB,11,Route+Agrochemical,3,38,C1CC2CCC1CO2,0,-0.0984396327847511
BPDB,11,Route+Agrochemical,4,41,c1ccccc1,0,-1.8127123997177113
BPDB,11,Route+Agrochemical,5,46,O=C1CC2OCC=C3CN4CCC56c7ccccc7N1C5C2C3CC46,0,0.49689499524440595
BPDB,11,Route+Agrochemical,6,51,O=C1C=CCCC1,0,-0.85997213921122
BPDB,11,Route+Agrochemical,7,57,c1ccccc1,0,-0.0984396327847511
BPDB,11,Route+Agrochemical,8,66,c1ccccc1,0,0.49689499524440595
BPDB,11,Route+Agrochemical,9,72,ACYCLIC:CCCCCCCC(=O)O,0,0.6375710197029885
BPDB,11,Route+Agrochemical,10,76,C=C1CC=CCC1,0,0.49689499524440595
BPDB,11,Route+Agrochemical,11,79,C1=CCCCC1,0,-0.0984396327847511
BPDB,11,Route+Agrochemical,12,81,ACYCLIC:C=CC(C)(O)CCC=C(C)C,0,-0.0984396327847511
BPDB,11,Route+Agrochemical,13,84,ACYCLIC:CCCCCCCCCCCCCCO,0,0.6375710197029885
BPDB,11,Route+Agrochemical,14,89,c1ccccc1,0,-0.0984396327847511
BPDB,11,Route+Agrochemical,15,94,c1ccccc1,1,0.49689499524440595
BPDB,11,Route+Agrochemical,16,104,ACYCLIC:CCCCCCCCCCCCCCCCCCCCCCCCC,0,-0.0984396327847511
BPDB,11,Route+Agrochemical,17,108,O=C1C=CCC1,0,0.49689499524440595
BPDB,11,Route+Agrochemical,18,109,ACYCLIC:C=CC(C)(O)CCC=C(C)CCC=C(C)C,0,0.49689499524440595
BPDB,11,Route+Agrochemical,19,124,O=C1C=CCO1,1,-1.4553067672403768
BPDB,11,Route+Agrochemical,20,131,O=C1C=CC2CC1C2,0,-0.0984396327847511
BPDB,11,Route+Agrochemical,21,137,O=C1C=CC(OC(=O)C2CC2)C1,1,1.6694503993438745
BPDB,11,Route+Agrochemical,22,139,O=C1c2ccc3c(c2OC2COc4ccccc4C12)CCO3,1,1.6694503993438745
BPDB,11,Route+Agrochemical,23,140,ACYCLIC:C=CCSCC=C,0,0.6375710197029885
BPDB,11,Route+Agrochemical,24,146,C1=CC2CC(C1)C2,0,0.49689499524440595
BPDB,11,Route+Agrochemical,25,155,C1=CCC2CC2C1,0,0.49689499524440595
BPDB,11,Route+Agrochemical,26,160,C1CCC(OC2OCCC2OC2CCCCO2)CC1.C1CCC(OC2OCCC2OC2CCCCO2)CC1,0,-0.0984396327847511
BPDB,11,Route+Agrochemical,27,168,O=C1C=CC(OC(=O)C2CC2)C1,1,1.6694503993438745
BPDB,11,Route+Agrochemical,28,174,ACYCLIC:O.O.O.O.O.O.O.O.O.O.O=BOB([O-])OB([O-])OB=O.[Na+].[Na+],0,-0.0984396327847511
BPDB,11,Route+Agrochemical,29,179,O=C1OC2CC(CC=CC(OC3CCC(OC4CCCCO4)CO3)CC=CC=C3COC4CC=CC1C34)OC1(C=CCCO1)C2.O=C1OC2CC(CC=CC(OC3CCC(OC4CCCCO4)CO3)CC=CC=C3COC4CC=CC1C34)OC1(C=CCCO1)C2,1,1.6694503993438745
BPDB,11,Route+Agrochemical,30,196,O=c1cc(-c2ccccc2)oc2c1ccc1occc12,0,0.49689499524440595
BPDB,11,Route+Agrochemical,31,197,O=C(OC1CC2C3CC4C1C2C1(CCCCC41)O3)c1ccc[nH]1,0,0.49689499524440595
BPDB,11,Route+Agrochemical,32,209,C1CCC(OC2CCOC(OC3CCOCC3)C2)OC1,0,-0.0984396327847511
BPDB,11,Route+Agrochemical,33,212,O=C1C=CC2C(=O)C3=Cc4ccccc4CC3CC2C1,0,0.49689499524440595
BPDB,11,Route+Agrochemical,34,223,C1CCC(OC2CCC(OC3CCC(OC4CCC(OC5CCC(OC6CCC(OC7CCC(OC8CCC(OC9CCCOC9)OC8)OC7)OC6)OC5)OC4)OC3)OC2)OC1,0,-0.85997213921122
BPDB,11,Route+Agrochemical,35,242,ACYCLIC:CCCCCCCCCCCCCCOC(C)=O,0,0.49689499524440595
BPDB,11,Route+Agrochemical,36,248,C=C1CC23CC1CCC2C12C=CCC(C(=O)O1)C2C3,0,-0.0984396327847511
BPDB,11,Route+Agrochemical,37,256,O=C1C=CCC1,0,0.49689499524440595
BPDB,11,Route+Agrochemical,38,286,ACYCLIC:CC(C)=CCCC(C)=CCCC(C)=CCO,0,0.49689499524440595
BPDB,11,Route+Agrochemical,39,316,C1CCCCC1,0,0.49689499524440595
BPDB,11,Route+Agrochemical,40,321,O=C1OC=CC2CCCC12,0,0.49689499524440595
BPDB,11,Route+Agrochemical,41,330,C=C1CC23CC1CCC2C12CCCC(C(=O)O1)C2C3,0,0.6375710197029885
BPDB,11,Route+Agrochemical,42,334,C1CCC(OC2CCCCO2)CC1,0,-0.0984396327847511
BPDB,11,Route+Agrochemical,43,373,O=C1C=CCCC1,0,-0.0984396327847511
BPDB,11,Route+Agrochemical,44,382,O=C1C=CC(OC(=O)C2CC2)C1,1,1.6694503993438745
BPDB,11,Route+Agrochemical,45,385,O=C1C=CC(OC(=O)C2CC2)C1,1,1.6694503993438745
BPDB,11,Route+Agrochemical,46,399,ACYCLIC:CCCCC=CCCCCCCOC(C)=O,0,0.49689499524440595
BPDB,11,Route+Agrochemical,47,408,C1=CC(NC2CCC(OC3CCCCO3)CC2)CCC1,1,-0.7192961147526374
BPDB,11,Route+Agrochemical,48,435,ACYCLIC:CCCCCCCCC=CCCCCCCCCCCCCC,0,0.49689499524440595
BPDB,11,Route+Agrochemical,49,451,ACYCLIC:CCCC=CCCCCCCCO,1,0.6375710197029885
BPDB,11,Route+Agrochemical,50,464,ACYCLIC:CCCC=CCCCCCCCOC(C)=O,0,0.6375710197029885
BPDB,11,Route+Agrochemical,51,465,ACYCLIC:CC=CC=CCCCCCCCO,0,0.6375710197029885
BPDB,11,Route+Agrochemical,52,467,O=C1C=CCCC1,0,0.49689499524440595
BPDB,11,Route+Agrochemical,53,476,O=C1CCCC1,0,0.49689499524440595
BPDB,11,Route+Agrochemical,54,478,O=C1C=CC(OC(=O)C2CC2)C1,1,2.405461051831614
BPDB,11,Route+Agrochemical,55,479,O=C1C=CC(OC(=O)C2CC2)C1,1,1.6694503993438745
BPDB,11,Route+Agrochemical,56,481,ACYCLIC:Cl.NCCOC=CC(N)C(=O)O,0,0.6375710197029885
BPDB,11,Route+Agrochemical,57,482,C1CC2COC(C1)O2,0,0.49689499524440595
BPDB,11,Route+Agrochemical,58,487,C1CC2COC(C1)O2,0,0.49689499524440595
BPDB,11,Route+Agrochemical,59,491,C=C1CCCCC1,0,0.49689499524440595
BPDB,11,Route+Agrochemical,60,494,C1C2OCC3C1CC3O2,0,0.49689499524440595
BPDB,11,Route+Agrochemical,61,529,ACYCLIC:CCCCC=CCCCCOC(C)=O,0,0.6375710197029885
BPDB,11,Route+Agrochemical,62,547,O=C1OC2CC(CC=CCCC=CC=C3COC4CC=CC1C34)OC1(CCCCO1)C2,1,1.6694503993438745
BPDB,11,Route+Agrochemical,63,548,O=C1OC2CC(CC=CCCC=CC=C3COC4CC=CC1C34)OC1(CCCCO1)C2,1,-0.0984396327847511
BPDB,11,Route+Agrochemical,64,550,ACYCLIC:C=CC(=C)CC(O)CC(C)C,0,0.49689499524440595
BPDB,11,Route+Agrochemical,65,555,C1CCC2(CCCCO2)OC1,0,0.49689499524440595
BPDB,11,Route+Agrochemical,66,576,O=c1ccn(C2CCCO2)c(=O)[nH]1,0,-0.0984396327847511
BPDB,11,Route+Agrochemical,67,595,ACYCLIC:NCCOC=CC(N)C(=O)O,0,0.6375710197029885
BPDB,11,Route+Agrochemical,68,600,ACYCLIC:CCCCC=CCCCCO,0,0.6375710197029885
BPDB,11,Route+Agrochemical,69,601,O=c1ncccn1C1C=CCCO1,0,-0.0984396327847511
BPDB,11,Route+Agrochemical,70,609,C1=CCCCC1,0,0.49689499524440595
BPDB,11,Route+Agrochemical,71,654,ACYCLIC:CCCCN(CCC(=O)OCC)C(C)=O,0,0.49689499524440595
BPDB,11,Route+Agrochemical,72,677,ACYCLIC:CC=CC(O)CC(C)C,0,0.49689499524440595
BPDB,11,Route+Agrochemical,73,776,ACYCLIC:CCCCC(C)CCC(=O)OCC,0,0.49689499524440595
BPDB,11,Route+Agrochemical,74,876,C1CCC(C2CCCO2)OC1,0,-0.0984396327847511
BPDB,11,Route+Agrochemical,75,909,O=c1ccn(C2CCCO2)c(=O)[nH]1,0,-0.7192961147526374
BPDB,11,Route+Agrochemical,76,933,O=C1CC2C(=CC3C2C=CC2CC(OC4CCCCO4)CC23)C(=O)CC(OC2CCCCO2)CCCCO1.O=C1CC2C(=CC3C2C=CC2CC(OC4CCCCO4)CC23)C(=O)CC(OC2CCCCO2)CCCCO1,1,1.6694503993438745
BPDB,11,Route+Agrochemical,77,937,C1CC2CCC(O1)O2,0,0.49689499524440595
BPDB,11,Route+Agrochemical,78,955,C1CC2COC3CC(C45OC4C4CC5OC5OCCC54)C4COCC4(C1)C23,0,1.6694503993438745
BPDB,11,Route+Agrochemical,79,956,C1CCC(OC2CCCCO2)CC1,0,-0.0984396327847511
BPDB,11,Route+Agrochemical,80,961,O=C1OC2CC(CC=CC(OC3CCC(OC4CCCCO4)CO3)CC=CC=C3COC4CC=CC1C34)OC1(C=CCCO1)C2.c1ccccc1,1,-0.0984396327847511
BPDB,11,Route+Agrochemical,81,964,O=C1C=CC2C(=O)C3=Cc4ccccc4CC3CC2C1,0,0.49689499524440595
BPDB,11,Route+Agrochemical,82,981,C1CCN2CC3C(CCC4C3CC35OC6CCCC3C6CCC45)CC2C1.O=C(OC1CCC2C3CCC4C5CCC6CC7CCCCN7CC6C5CC42OC13)c1ccccc1,0,-0.0984396327847511
BPDB,11,Route+Agrochemical,83,1026,ACYCLIC:O=CC(O)C(O)C(O)C(O)CO,0,-0.0984396327847511
BPDB,1,ECFPStructure,0,1,c1ccccc1,0,-0.8629315736292033
BPDB,1,ECFPStructure,1,8,C1=CCCCC1,0,-0.9453507846209679
BPDB,1,ECFPStructure,2,11,c1cncc(C2CCCN2)c1,0,-1.000292467160468
BPDB,1,ECFPStructure,3,38,C1CC2CCC1CO2,0,-1.0694807210828998
BPDB,1,ECFPStructure,4,41,c1ccccc1,0,-0.9210165358827745
BPDB,1,ECFPStructure,5,46,O=C1CC2OCC=C3CN4CCC56c7ccccc7N1C5C2C3CC46,0,-0.6044855042548679
BPDB,1,ECFPStructure,6,51,O=C1C=CCCC1,0,-1.146030167270268
BPDB,1,ECFPStructure,7,57,c1ccccc1,0,-1.139692798794961
BPDB,1,ECFPStructure,8,66,c1ccccc1,0,-0.7823781000860348
BPDB,1,ECFPStructure,9,72,ACYCLIC:CCCCCCCC(=O)O,0,-1.4457511906274603
BPDB,1,ECFPStructure,10,76,C=C1CC=CCC1,0,-0.5280591094057387
BPDB,1,ECFPStructure,11,79,C1=CCCCC1,0,-0.963958383547934
BPDB,1,ECFPStructure,12,81,ACYCLIC:C=CC(C)(O)CCC=C(C)C,0,-0.8504648544115403
BPDB,1,ECFPStructure,13,84,ACYCLIC:CCCCCCCCCCCCCCO,0,-1.000115459326295
BPDB,1,ECFPStructure,14,89,c1ccccc1,0,-0.778255136832758
BPDB,1,ECFPStructure,15,94,c1ccccc1,1,-0.7262759749523919
BPDB,1,ECFPStructure,16,104,ACYCLIC:CCCCCCCCCCCCCCCCCCCCCCCCC,0,-0.9972270945463089
BPDB,1,ECFPStructure,17,108,O=C1C=CCC1,0,-1.1997436506154908
BPDB,1,ECFPStructure,18,109,ACYCLIC:C=CC(C)(O)CCC=C(C)CCC=C(C)C,0,-0.8432448675158659
BPDB,1,ECFPStructure,19,124,O=C1C=CCO1,0,-1.1457842539362364
BPDB,1,ECFPStructure,20,131,O=C1C=CC2CC1C2,0,-0.7207242523779187
BPDB,1,ECFPStructure,21,137,O=C1C=CC(OC(=O)C2CC2)C1,1,0.9398786030927346
BPDB,1,ECFPStructure,22,139,O=C1c2ccc3c(c2OC2COc4ccccc4C12)CCO3,1,-1.0592388476635077
BPDB,1,ECFPStructure,23,140,ACYCLIC:C=CCSCC=C,0,-0.76088868276368
BPDB,1,ECFPStructure,24,146,C1=CC2CC(C1)C2,0,-0.6236284528926892
BPDB,1,ECFPStructure,25,155,C1=CCC2CC2C1,0,-0.5773188802102173
BPDB,1,ECFPStructure,26,160,C1CCC(OC2OCCC2OC2CCCCO2)CC1.C1CCC(OC2OCCC2OC2CCCCO2)CC1,0,-0.18844987657568285
BPDB,1,ECFPStructure,27,168,O=C1C=CC(OC(=O)C2CC2)C1,1,0.8709698321218948
BPDB,1,ECFPStructure,28,174,ACYCLIC:O.O.O.O.O.O.O.O.O.O.O=BOB([O-])OB([O-])OB=O.[Na+].[Na+],0,-0.7528526944897147
BPDB,1,ECFPStructure,29,179,O=C1OC2CC(CC=CC(OC3CCC(OC4CCCCO4)CO3)CC=CC=C3COC4CC=CC1C34)OC1(C=CCCO1)C2.O=C1OC2CC(CC=CC(OC3CCC(OC4CCCCO4)CO3)CC=CC=C3COC4CC=CC1C34)OC1(C=CCCO1)C2,1,-0.5252668401602689
BPDB,1,ECFPStructure,30,196,O=c1cc(-c2ccccc2)oc2c1ccc1occc12,0,-0.6363148280660741
BPDB,1,ECFPStructure,31,197,O=C(OC1CC2C3CC4C1C2C1(CCCCC41)O3)c1ccc[nH]1,0,-0.945864041853216
BPDB,1,ECFPStructure,32,209,C1CCC(OC2CCOC(OC3CCOCC3)C2)OC1,0,-0.8152388104238345
BPDB,1,ECFPStructure,33,212,O=C1C=CC2C(=O)C3=Cc4ccccc4CC3CC2C1,0,-0.7703880008033703
BPDB,1,ECFPStructure,34,223,C1CCC(OC2CCC(OC3CCC(OC4CCC(OC5CCC(OC6CCC(OC7CCC(OC8CCC(OC9CCCOC9)OC8)OC7)OC6)OC5)OC4)OC3)OC2)OC1,0,-0.4542555389287382
BPDB,1,ECFPStructure,35,242,ACYCLIC:CCCCCCCCCCCCCCOC(C)=O,0,-1.2199315089726663
BPDB,1,ECFPStructure,36,248,C=C1CC23CC1CCC2C12C=CCC(C(=O)O1)C2C3,0,-0.8404315975723987
BPDB,1,ECFPStructure,37,256,O=C1C=CCC1,0,-1.365490737557736
BPDB,1,ECFPStructure,38,286,ACYCLIC:CC(C)=CCCC(C)=CCCC(C)=CCO,0,-0.9717551056613951
BPDB,1,ECFPStructure,39,316,C1CCCCC1,0,-0.4985154463548599
BPDB,1,ECFPStructure,40,321,O=C1OC=CC2CCCC12,0,-1.1979315916462643
BPDB,1,ECFPStructure,41,330,C=C1CC23CC1CCC2C12CCCC(C(=O)O1)C2C3,0,-0.9016835543117695
BPDB,1,ECFPStructure,42,334,C1CCC(OC2CCCCO2)CC1,0,-0.6847417157358632
BPDB,1,ECFPStructure,43,373,O=C1C=CCCC1,0,-0.7196526771312702
BPDB,1,ECFPStructure,44,382,O=C1C=CC(OC(=O)C2CC2)C1,1,0.6083757799200904
BPDB,1,ECFPStructure,45,385,O=C1C=CC(OC(=O)C2CC2)C1,1,0.5251550542886703
BPDB,1,ECFPStructure,46,399,ACYCLIC:CCCCC=CCCCCCCOC(C)=O,0,-1.1931744630787708
BPDB,1,ECFPStructure,47,408,C1=CC(NC2CCC(OC3CCCCO3)CC2)CCC1,1,-0.7832672026006953
BPDB,1,ECFPStructure,48,435,ACYCLIC:CCCCCCCCC=CCCCCCCCCCCCCC,0,-1.0864512772021142
BPDB,1,ECFPStructure,49,451,ACYCLIC:CCCC=CCCCCCCCO,1,-1.0313685912136843
BPDB,1,ECFPStructure,50,464,ACYCLIC:CCCC=CCCCCCCCOC(C)=O,0,-1.179718115110894
BPDB,1,ECFPStructure,51,465,ACYCLIC:CC=CC=CCCCCCCCO,0,-0.8452322092894002
BPDB,1,ECFPStructure,52,467,O=C1C=CCCC1,0,-0.9572418907435413
BPDB,1,ECFPStructure,53,476,O=C1CCCC1,0,-1.0638532993373881
BPDB,1,ECFPStructure,54,478,O=C1C=CC(OC(=O)C2CC2)C1,1,0.6373636062269932
BPDB,1,ECFPStructure,55,479,O=C1C=CC(OC(=O)C2CC2)C1,1,0.7360758796871074
BPDB,1,ECFPStructure,56,481,ACYCLIC:Cl.NCCOC=CC(N)C(=O)O,0,-0.5910596257431158
BPDB,1,ECFPStructure,57,482,C1CC2COC(C1)O2,0,-0.6804394215859397
BPDB,1,ECFPStructure,58,487,C1CC2COC(C1)O2,0,-0.3075202561790847
BPDB,1,ECFPStructure,59,491,C=C1CCCCC1,0,-0.6803649130162077
BPDB,1,ECFPStructure,60,494,C1C2OCC3C1CC3O2,0,-0.5657731031770135
BPDB,1,ECFPStructure,61,529,ACYCLIC:CCCCC=CCCCCOC(C)=O,0,-1.1889541279947715
BPDB,1,ECFPStructure,62,547,O=C1OC2CC(CC=CCCC=CC=C3COC4CC=CC1C34)OC1(CCCCO1)C2,1,-0.5980075172572905
BPDB,1,ECFPStructure,63,548,O=C1OC2CC(CC=CCCC=CC=C3COC4CC=CC1C34)OC1(CCCCO1)C2,1,-0.6237800651195369
BPDB,1,ECFPStructure,64,550,ACYCLIC:C=CC(=C)CC(O)CC(C)C,0,-0.9379352438760143
BPDB,1,ECFPStructure,65,555,C1CCC2(CCCCO2)OC1,0,-0.6989530192227439
BPDB,1,ECFPStructure,66,576,O=c1ccn(C2CCCO2)c(=O)[nH]1,0,-0.5973487773057842
BPDB,1,ECFPStructure,67,595,ACYCLIC:NCCOC=CC(N)C(=O)O,0,-0.5784001716776039
BPDB,1,ECFPStructure,68,600,ACYCLIC:CCCCC=CCCCCO,0,-1.029557021842491
BPDB,1,ECFPStructure,69,601,O=c1ncccn1C1C=CCCO1,0,-0.8467519778595491
BPDB,1,ECFPStructure,70,609,C1=CCCCC1,0,-0.8140020169151113
BPDB,1,ECFPStructure,71,654,ACYCLIC:CCCCN(CCC(=O)OCC)C(C)=O,0,-0.5260880927305898
BPDB,1,ECFPStructure,72,677,ACYCLIC:CC=CC(O)CC(C)C,0,-0.7398129494964989
BPDB,1,ECFPStructure,73,776,ACYCLIC:CCCCC(C)CCC(=O)OCC,0,-0.5505557524068478
BPDB,1,ECFPStructure,74,876,C1CCC(C2CCCO2)OC1,0,-0.7212894181166232
BPDB,1,ECFPStructure,75,909,O=c1ccn(C2CCCO2)c(=O)[nH]1,0,-0.5846211617654459
BPDB,1,ECFPStructure,76,933,O=C1CC2C(=CC3C2C=CC2CC(OC4CCCCO4)CC23)C(=O)CC(OC2CCCCO2)CCCCO1.O=C1CC2C(=CC3C2C=CC2CC(OC4CCCCO4)CC23)C(=O)CC(OC2CCCCO2)CCCCO1,1,0.31390152495812984
BPDB,1,ECFPStructure,77,937,C1CC2CCC(O1)O2,0,-0.6133248122075632
BPDB,1,ECFPStructure,78,955,C1CC2COC3CC(C45OC4C4CC5OC5OCCC54)C4COCC4(C1)C23,0,-0.8257700652410993
BPDB,1,ECFPStructure,79,956,C1CCC(OC2CCCCO2)CC1,0,-0.6735166424936454
BPDB,1,ECFPStructure,80,961,O=C1OC2CC(CC=CC(OC3CCC(OC4CCCCO4)CO3)CC=CC=C3COC4CC=CC1C34)OC1(C=CCCO1)C2.c1ccccc1,1,-0.49949827700538996
BPDB,1,ECFPStructure,81,964,O=C1C=CC2C(=O)C3=Cc4ccccc4CC3CC2C1,0,-0.7769871002646991
BPDB,1,ECFPStructure,82,981,C1CCN2CC3C(CCC4C3CC35OC6CCCC3C6CCC45)CC2C1.O=C(OC1CCC2C3CCC4C5CCC6CC7CCCCN7CC6C5CC42OC13)c1ccccc1,0,-0.6165699321373821
BPDB,1,ECFPStructure,83,1026,ACYCLIC:O=CC(O)C(O)C(O)C(O)CO,0,-0.8697076218273091
BPDB,1,Route+Agrochemical,0,1,c1ccccc1,0,-0.23553897961146497
BPDB,1,Route+Agrochemical,1,8,C1=CCCCC1,0,1.7895969240148881
BPDB,1,Route+Agrochemical,2,11,c1cncc(C2CCCN2)c1,0,1.759370556081619
BPDB,1,Route+Agrochemical,3,38,C1CC2CCC1CO2,0,-0.2956432541712738
BPDB,1,Route+Agrochemical,4,41,c1ccccc1,0,-2.8013514581924137
BPDB,1,Route+Agrochemical,5,46,O=C1CC2OCC=C3CN4CCC56c7ccccc7N1C5C2C3CC46,0,-0.23553897961146497
BPDB,1,Route+Agrochemical,6,51,O=C1C=CCCC1,0,-2.1777388848364145
BPDB,1,Route+Agrochemical,7,57,c1ccccc1,0,-0.2956432541712738
BPDB,1,Route+Agrochemical,8,66,c1ccccc1,0,-0.23553897961146497
BPDB,1,Route+Agrochemical,9,72,ACYCLIC:CCCCCCCC(=O)O,0,-0.2654168862380045
BPDB,1,Route+Agrochemical,10,76,C=C1CC=CCC1,0,-0.23553897961146497
BPDB,1,Route+Agrochemical,11,79,C1=CCCCC1,0,-0.2956432541712738
BPDB,1,Route+Agrochemical,12,81,ACYCLIC:C=CC(C)(O)CCC=C(C)C,0,-0.2956432541712738
BPDB,1,Route+Agrochemical,13,84,ACYCLIC:CCCCCCCCCCCCCCO,0,-0.2654168862380045
BPDB,1,Route+Agrochemical,14,89,c1ccccc1,0,-0.2956432541712738
BPDB,1,Route+Agrochemical,15,94,c1ccccc1,1,-0.23553897961146497
BPDB,1,Route+Agrochemical,16,104,ACYCLIC:CCCCCCCCCCCCCCCCCCCCCCCCC,0,-0.2956432541712738
BPDB,1,Route+Agrochemical,17,108,O=C1C=CCC1,0,-0.23553897961146497
BPDB,1,Route+Agrochemical,18,109,ACYCLIC:C=CC(C)(O)CCC=C(C)CCC=C(C)C,0,-0.23553897961146497
BPDB,1,Route+Agrochemical,19,124,O=C1C=CCO1,0,-2.237843159396223
BPDB,1,Route+Agrochemical,20,131,O=C1C=CC2CC1C2,0,-0.2956432541712738
BPDB,1,Route+Agrochemical,21,137,O=C1C=CC(OC(=O)C2CC2)C1,1,1.759370556081619
BPDB,1,Route+Agrochemical,22,139,O=C1c2ccc3c(c2OC2COc4ccccc4C12)CCO3,1,1.759370556081619
BPDB,1,Route+Agrochemical,23,140,ACYCLIC:C=CCSCC=C,0,-0.2654168862380045
BPDB,1,Route+Agrochemical,24,146,C1=CC2CC(C1)C2,0,-0.23553897961146497
BPDB,1,Route+Agrochemical,25,155,C1=CCC2CC2C1,0,-0.23553897961146497
BPDB,1,Route+Agrochemical,26,160,C1CCC(OC2OCCC2OC2CCCCO2)CC1.C1CCC(OC2OCCC2OC2CCCCO2)CC1,0,-0.2956432541712738
BPDB,1,Route+Agrochemical,27,168,O=C1C=CC(OC(=O)C2CC2)C1,1,1.759370556081619
BPDB,1,Route+Agrochemical,28,174,ACYCLIC:O.O.O.O.O.O.O.O.O.O.O=BOB([O-])OB([O-])OB=O.[Na+].[Na+],0,-0.2956432541712738
BPDB,1,Route+Agrochemical,29,179,O=C1OC2CC(CC=CC(OC3CCC(OC4CCCCO4)CO3)CC=CC=C3COC4CC=CC1C34)OC1(C=CCCO1)C2.O=C1OC2CC(CC=CC(OC3CCC(OC4CCCCO4)CO3)CC=CC=C3COC4CC=CC1C34)OC1(C=CCCO1)C2,1,1.759370556081619
BPDB,1,Route+Agrochemical,30,196,O=c1cc(-c2ccccc2)oc2c1ccc1occc12,0,-0.23553897961146497
BPDB,1,Route+Agrochemical,31,197,O=C(OC1CC2C3CC4C1C2C1(CCCCC41)O3)c1ccc[nH]1,0,-0.23553897961146497
BPDB,1,Route+Agrochemical,32,209,C1CCC(OC2CCOC(OC3CCOCC3)C2)OC1,0,-0.2956432541712738
BPDB,1,Route+Agrochemical,33,212,O=C1C=CC2C(=O)C3=Cc4ccccc4CC3CC2C1,0,-0.23553897961146497
BPDB,1,Route+Agrochemical,34,223,C1CCC(OC2CCC(OC3CCC(OC4CCC(OC5CCC(OC6CCC(OC7CCC(OC8CCC(OC9CCCOC9)OC8)OC7)OC6)OC5)OC4)OC3)OC2)OC1,0,-2.1777388848364145
BPDB,1,Route+Agrochemical,35,242,ACYCLIC:CCCCCCCCCCCCCCOC(C)=O,0,-0.23553897961146497
BPDB,1,Route+Agrochemical,36,248,C=C1CC23CC1CCC2C12C=CCC(C(=O)O1)C2C3,0,-0.2956432541712738
BPDB,1,Route+Agrochemical,37,256,O=C1C=CCC1,0,-0.23553897961146497
BPDB,1,Route+Agrochemical,38,286,ACYCLIC:CC(C)=CCCC(C)=CCCC(C)=CCO,0,-0.23553897961146497
BPDB,1,Route+Agrochemical,39,316,C1CCCCC1,0,-0.23553897961146497
BPDB,1,Route+Agrochemical,40,321,O=C1OC=CC2CCCC12,0,-0.23553897961146497
BPDB,1,Route+Agrochemical,41,330,C=C1CC23CC1CCC2C12CCCC(C(=O)O1)C2C3,0,-0.2654168862380045
BPDB,1,Route+Agrochemical,42,334,C1CCC(OC2CCCCO2)CC1,0,-0.2956432541712738
BPDB,1,Route+Agrochemical,43,373,O=C1C=CCCC1,0,-0.2956432541712738
BPDB,1,Route+Agrochemical,44,382,O=C1C=CC(OC(=O)C2CC2)C1,1,1.759370556081619
BPDB,1,Route+Agrochemical,45,385,O=C1C=CC(OC(=O)C2CC2)C1,1,1.759370556081619
BPDB,1,Route+Agrochemical,46,399,ACYCLIC:CCCCC=CCCCCCCOC(C)=O,0,-0.23553897961146497
BPDB,1,Route+Agrochemical,47,408,C1=CC(NC2CCC(OC3CCCCO3)CC2)CCC1,1,-2.207616791462954
BPDB,1,Route+Agrochemical,48,435,ACYCLIC:CCCCCCCCC=CCCCCCCCCCCCCC,0,-0.23553897961146497
BPDB,1,Route+Agrochemical,49,451,ACYCLIC:CCCC=CCCCCCCCO,1,-0.2654168862380045
BPDB,1,Route+Agrochemical,50,464,ACYCLIC:CCCC=CCCCCCCCOC(C)=O,0,-0.2654168862380045
BPDB,1,Route+Agrochemical,51,465,ACYCLIC:CC=CC=CCCCCCCCO,0,-0.2654168862380045
BPDB,1,Route+Agrochemical,52,467,O=C1C=CCCC1,0,-0.23553897961146497
BPDB,1,Route+Agrochemical,53,476,O=C1CCCC1,0,-0.23553897961146497
BPDB,1,Route+Agrochemical,54,478,O=C1C=CC(OC(=O)C2CC2)C1,1,1.7895969240148881
BPDB,1,Route+Agrochemical,55,479,O=C1C=CC(OC(=O)C2CC2)C1,1,1.759370556081619
BPDB,1,Route+Agrochemical,56,481,ACYCLIC:Cl.NCCOC=CC(N)C(=O)O,0,-0.2654168862380045
BPDB,1,Route+Agrochemical,57,482,C1CC2COC(C1)O2,0,-0.23553897961146497
BPDB,1,Route+Agrochemical,58,487,C1CC2COC(C1)O2,0,-0.23553897961146497
BPDB,1,Route+Agrochemical,59,491,C=C1CCCCC1,0,-0.23553897961146497
BPDB,1,Route+Agrochemical,60,494,C1C2OCC3C1CC3O2,0,-0.23553897961146497
BPDB,1,Route+Agrochemical,61,529,ACYCLIC:CCCCC=CCCCCOC(C)=O,0,-0.2654168862380045
BPDB,1,Route+Agrochemical,62,547,O=C1OC2CC(CC=CCCC=CC=C3COC4CC=CC1C34)OC1(CCCCO1)C2,1,1.759370556081619
BPDB,1,Route+Agrochemical,63,548,O=C1OC2CC(CC=CCCC=CC=C3COC4CC=CC1C34)OC1(CCCCO1)C2,1,-0.2956432541712738
BPDB,1,Route+Agrochemical,64,550,ACYCLIC:C=CC(=C)CC(O)CC(C)C,0,-0.23553897961146497
BPDB,1,Route+Agrochemical,65,555,C1CCC2(CCCCO2)OC1,0,-0.23553897961146497
BPDB,1,Route+Agrochemical,66,576,O=c1ccn(C2CCCO2)c(=O)[nH]1,0,-0.2956432541712738
BPDB,1,Route+Agrochemical,67,595,ACYCLIC:NCCOC=CC(N)C(=O)O,0,-0.2654168862380045
BPDB,1,Route+Agrochemical,68,600,ACYCLIC:CCCCC=CCCCCO,0,-0.2654168862380045
BPDB,1,Route+Agrochemical,69,601,O=c1ncccn1C1C=CCCO1,0,-0.2956432541712738
BPDB,1,Route+Agrochemical,70,609,C1=CCCCC1,0,-0.23553897961146497
BPDB,1,Route+Agrochemical,71,654,ACYCLIC:CCCCN(CCC(=O)OCC)C(C)=O,0,-0.23553897961146497
BPDB,1,Route+Agrochemical,72,677,ACYCLIC:CC=CC(O)CC(C)C,0,-0.23553897961146497
BPDB,1,Route+Agrochemical,73,776,ACYCLIC:CCCCC(C)CCC(=O)OCC,0,-0.23553897961146497
BPDB,1,Route+Agrochemical,74,876,C1CCC(C2CCCO2)OC1,0,-0.2956432541712738
BPDB,1,Route+Agrochemical,75,909,O=c1ccn(C2CCCO2)c(=O)[nH]1,0,-2.207616791462954
BPDB,1,Route+Agrochemical,76,933,O=C1CC2C(=CC3C2C=CC2CC(OC4CCCCO4)CC23)C(=O)CC(OC2CCCCO2)CCCCO1.O=C1CC2C(=CC3C2C=CC2CC(OC4CCCCO4)CC23)C(=O)CC(OC2CCCCO2)CCCCO1,1,1.759370556081619
BPDB,1,Route+Agrochemical,77,937,C1CC2CCC(O1)O2,0,-0.23553897961146497
BPDB,1,Route+Agrochemical,78,955,C1CC2COC3CC(C45OC4C4CC5OC5OCCC54)C4COCC4(C1)C23,0,1.759370556081619
BPDB,1,Route+Agrochemical,79,956,C1CCC(OC2CCCCO2)CC1,0,-0.2956432541712738
BPDB,1,Route+Agrochemical,80,961,O=C1OC2CC(CC=CC(OC3CCC(OC4CCCCO4)CO3)CC=CC=C3COC4CC=CC1C34)OC1(C=CCCO1)C2.c1ccccc1,1,-0.2956432541712738
BPDB,1,Route+Agrochemical,81,964,O=C1C=CC2C(=O)C3=Cc4ccccc4CC3CC2C1,0,-0.23553897961146497
BPDB,1,Route+Agrochemical,82,981,C1CCN2CC3C(CCC4C3CC35OC6CCCC3C6CCC45)CC2C1.O=C(OC1CCC2C3CCC4C5CCC6CC7CCCCN7CC6C5CC42OC13)c1ccccc1,0,-0.2956432541712738
BPDB,1,Route+Agrochemical,83,1026,ACYCLIC:O=CC(O)C(O)C(O)C(O)CO,0,-0.2956432541712738
ECOTOX,100,ECFPStructure,0,0,ACYCLIC:O=C(O)C(=O)O,0,0.40384946070900263
ECOTOX,100,ECFPStructure,1,2,ACYCLIC:O=[Si]=O,0,0.6965721997788885
ECOTOX,100,ECFPStructure,2,3,c1ccccc1,1,0.35052004539993703
ECOTOX,100,ECFPStructure,3,5,O=C1NC(=O)c2ccccc21,1,0.6508994112378078
ECOTOX,100,ECFPStructure,4,6,ACYCLIC:CC(C)=CCCC(C)=CCO,1,0.9334560701292675
ECOTOX,100,ECFPStructure,5,13,ACYCLIC:O=S(=O)([O-])[O-].O=S(=O)([O-])[O-].O=S(=O)([O-])[O-].[Fe+3].[Fe+3],1,0.8296130417616041
ECOTOX,100,ECFPStructure,6,15,C1CCCCC1,1,0.5153096286515533
ECOTOX,100,ECFPStructure,7,19,ACYCLIC:COP(=O)(OC)OC=C(Cl)Cl,1,0.6506976157649437
ECOTOX,100,ECFPStructure,8,20,c1ccccc1,1,0.2686319189894702
ECOTOX,100,ECFPStructure,9,21,ACYCLIC:O=S(=O)([O-])[O-].[Zn+2],0,0.7249734074564891
ECOTOX,100,ECFPStructure,10,22,ACYCLIC:COC(=O)C=C(C)OP(=O)(OC)OC,1,0.7295902727592452
ECOTOX,100,ECFPStructure,11,23,ACYCLIC:O=P(O)(O)CCCl,1,0.3105421596670185
ECOTOX,100,ECFPStructure,12,26,ACYCLIC:O=S(=O)([O-])[O-].[Mn+2],1,0.7679048979185317
ECOTOX,100,ECFPStructure,13,27,c1ccccc1,1,0.004761201932524495
ECOTOX,100,ECFPStructure,14,33,c1ccc2ccccc2c1,1,0.2597925192077931
ECOTOX,100,ECFPStructure,15,34,ACYCLIC:CC(=O)O.CCCCCCCCCCCCN=C(N)N,0,0.9322483866647135
ECOTOX,100,ECFPStructure,16,35,c1ccccc1,1,0.9878878284332201
ECOTOX,100,ECFPStructure,17,40,c1ccccc1,0,-0.47934634460135983
ECOTOX,100,ECFPStructure,18,43,c1ccccc1,1,0.7368854874699764
ECOTOX,100,ECFPStructure,19,44,ACYCLIC:C[CH2][Hg][Cl],1,0.6574475619348247
ECOTOX,100,ECFPStructure,20,45,ACYCLIC:[Na+].[O-][Cl+2]([O-])[O-],1,0.2220146402490466
ECOTOX,100,ECFPStructure,21,47,c1ccccc1,0,0.9750632462291402
ECOTOX,100,ECFPStructure,22,48,ACYCLIC:[Cl][Cd][Cl],1,0.6634870969006026
ECOTOX,100,ECFPStructure,23,49,c1ccccc1,0,0.299244992790119
ECOTOX,100,ECFPStructure,24,50,O=C1NC(=O)c2ccccc21,1,0.4016143536226024
ECOTOX,100,ECFPStructure,25,52,ACYCLIC:O=[N+]([O-])C(Cl)(Cl)Cl,1,0.8792015610408295
ECOTOX,100,ECFPStructure,26,54,S=C1NCNCS1,1,0.24445021780512116
ECOTOX,100,ECFPStructure,27,56,c1ccccc1,1,-0.36276257075966545
ECOTOX,100,ECFPStructure,28,59,ACYCLIC:O=S(=O)([O-])[O-].O=S(=O)([O-])[O-].O=S(=O)([O-])[O-].[Cr+3].[Cr+3],1,0.8406504659533716
ECOTOX,100,ECFPStructure,29,60,ACYCLIC:O=N[O-].[Na+],0,0.26015822404306016
ECOTOX,100,ECFPStructure,30,61,ACYCLIC:CSSC,1,0.9306863795284962
ECOTOX,100,ECFPStructure,31,64,c1ccccc1,0,-0.5499385698555616
ECOTOX,100,ECFPStructure,32,65,c1ccccc1,0,-0.1668294324568934
ECOTOX,100,ECFPStructure,33,67,ACYCLIC:COP(=O)(NC(C)=O)SC,1,1.2910602930357735
ECOTOX,100,ECFPStructure,34,73,ACYCLIC:CCOP(=O)(OCC)OP(=O)(OCC)OCC,1,0.4495460243460771
ECOTOX,100,ECFPStructure,35,75,c1ccoc1,1,0.43009256123441714
ECOTOX,100,ECFPStructure,36,77,c1ccc(Oc2ccccc2)cc1,0,0.7149398335419781
ECOTOX,100,ECFPStructure,37,80,c1ccccc1,1,0.7169600459801662
ECOTOX,100,ECFPStructure,38,82,ACYCLIC:CCCCCCCCC(=O)O,1,0.9995634569480651
ECOTOX,100,ECFPStructure,39,83,C1CNCCN1,1,0.6157703586877693
ECOTOX,100,ECFPStructure,40,86,O=c1ccc(=O)[nH][nH]1,1,0.0807745334798875
ECOTOX,100,ECFPStructure,41,87,O=C(OCc1cccc(Oc2ccccc2)c1)C1CC1,1,1.1321089681022651
ECOTOX,100,ECFPStructure,42,90,c1ccccc1,1,0.4820529758196806
ECOTOX,100,ECFPStructure,43,92,ACYCLIC:CCOC(=O)CC(SP(=S)(OC)OC)C(=O)OCC,1,0.7633985550165818
ECOTOX,100,ECFPStructure,44,95,O=C1CCCN1,0,0.4670470230510677
ECOTOX,100,ECFPStructure,45,96,c1ccc2c(c1)CCCC2,1,0.26298266263544956
ECOTOX,100,ECFPStructure,46,98,ACYCLIC:C[As](C)(=O)O,0,1.040415364908798
ECOTOX,100,ECFPStructure,47,100,c1ccccc1,1,0.3443399982149785
ECOTOX,100,ECFPStructure,48,101,ACYCLIC:CCSC(=O)N(CC(C)C)CC(C)C,1,0.5521938820630531
ECOTOX,100,ECFPStructure,49,102,c1ccc(Cc2ccccc2)cc1,1,0.8654564340059487
ECOTOX,100,ECFPStructure,50,103,c1ccccc1,1,0.386400148102123
ECOTOX,100,ECFPStructure,51,105,ACYCLIC:C[As](=O)([O-])O.[Na+],1,0.9861372430520997
ECOTOX,100,ECFPStructure,52,111,c1ccc2[nH]cnc2c1,1,0.27931519304238805
ECOTOX,100,ECFPStructure,53,115,c1ccc2nccnc2c1,1,0.8845147164452952
ECOTOX,100,ECFPStructure,54,116,O=c1[nH]nnc2ccccc12,1,0.6380197330912442
ECOTOX,100,ECFPStructure,55,117,c1ccccc1,1,0.7282293413806795
ECOTOX,100,ECFPStructure,56,118,c1ccc2ccccc2c1,1,0.048361532063380896
ECOTOX,100,ECFPStructure,57,119,c1ccccc1,1,0.6974717781090545
ECOTOX,100,ECFPStructure,58,121,c1ccc(Cc2ccccc2)cc1,1,1.0728440770165817
ECOTOX,100,ECFPStructure,59,123,c1ccc(-c2ccc3ccccc3[o+]2)cc1,0,0.04128380359076411
ECOTOX,100,ECFPStructure,60,128,O=c1cccnn1-c1ccccc1,0,0.3755194692274284
ECOTOX,100,ECFPStructure,61,129,c1ccccc1,1,1.1230484745026963
ECOTOX,100,ECFPStructure,62,130,c1ccccc1,1,0.4505108570345917
ECOTOX,100,ECFPStructure,63,133,ACYCLIC:CNC(=O)CSP(=S)(OC)OC,1,1.0271145683755651
ECOTOX,100,ECFPStructure,64,135,c1ccc(OCn2cncn2)cc1,1,0.5557000154514123
ECOTOX,100,ECFPStructure,65,136,O=C(Nc1ccccc1)Oc1ccccc1,1,0.25948720363592714
ECOTOX,100,ECFPStructure,66,138,ACYCLIC:O=[N+]([O-])[O-].O=[N+]([O-])[O-].O=[N+]([O-])[O-].[Cr+3],1,0.766231051675682
ECOTOX,100,ECFPStructure,67,142,ACYCLIC:CN(C)C(=S)SSC(=S)N(C)C,1,0.8669339776530289
ECOTOX,100,ECFPStructure,68,143,c1ccccc1,1,1.0899565033256777
ECOTOX,100,ECFPStructure,69,144,c1ccc(Cc2ccccc2)cc1,0,0.504055161879956
ECOTOX,100,ECFPStructure,70,145,c1cc[c]([Sn]([c]2ccccc2)[c]2ccccc2)cc1,0,0.4461367810083728
ECOTOX,100,ECFPStructure,71,151,c1ccccc1,1,0.9212746450590117
ECOTOX,100,ECFPStructure,72,153,ACYCLIC:CCSCCSP(=S)(OC)OC,1,1.3012813298840051
ECOTOX,100,ECFPStructure,73,154,c1cc(-c2cc[nH+]cc2)cc[nH+]1,1,0.8172484956179021
ECOTOX,100,ECFPStructure,74,158,ACYCLIC:[F][Al-3]([F])([F])([F])([F])[F].[Na+].[Na+].[Na+],0,0.6469409919039875
ECOTOX,100,ECFPStructure,75,162,ACYCLIC:[S],0,0.6642646148875868
ECOTOX,100,ECFPStructure,76,167,O=C1C=CC(OC(=O)C2CC2)C1.O=C1C=CC(OC(=O)C2CC2)C1,1,1.07277732646928
ECOTOX,100,ECFPStructure,77,169,ACYCLIC:[Cd],0,0.7159985042278418
ECOTOX,100,ECFPStructure,78,170,ACYCLIC:[Ca+2].[S-]SSS[S-],1,0.6522556928891496
ECOTOX,100,ECFPStructure,79,171,ACYCLIC:CCOP(=S)(OCC)SCSC(C)(C)C,1,1.268575381307759
ECOTOX,100,ECFPStructure,80,173,c1ccc(COc2ccn(-c3ccccc3)n2)cc1,1,0.5305297771794774
ECOTOX,100,ECFPStructure,81,176,ACYCLIC:CN(C)C(=S)[S-].CN(C)C(=S)[S-].CN(C)C(=S)[S-].[Fe+3],0,0.9390625696139685
ECOTOX,100,ECFPStructure,82,178,c1ccc(Oc2ccccc2)cc1,1,0.5816590721601337
ECOTOX,100,ECFPStructure,83,180,c1ccc(CCn2cncn2)cc1,1,0.6852536427454876
ECOTOX,100,ECFPStructure,84,182,ACYCLIC:[As],0,0.6440102529901557
ECOTOX,100,ECFPStructure,85,183,c1ccccc1,1,0.6083980380518579
ECOTOX,100,ECFPStructure,86,184,ACYCLIC:COP(=O)(OC)OC(Br)C(Cl)(Cl)Br,1,0.9625416491210304
ECOTOX,100,ECFPStructure,87,185,c1ccccc1,0,-0.44040157750742426
ECOTOX,100,ECFPStructure,88,186,ACYCLIC:O=[As]([O-])(O)O.[Na+],1,0.7650021669513376
ECOTOX,100,ECFPStructure,89,187,c1ccc(OC2CCCCC2)cc1,1,0.5727948900784603
ECOTOX,100,ECFPStructure,90,188,C1CCC(OC2CCCC(OC3CCCCO3)C2)OC1,1,0.7592488800157091
ECOTOX,100,ECFPStructure,91,189,c1ccc(C2(Cn3cncn3)OCCO2)cc1,1,0.5013057379358474
ECOTOX,100,ECFPStructure,92,190,c1ccccc1,1,0.6221161569589593
ECOTOX,100,ECFPStructure,93,192,C1=CC2CC1C1CCCC21,1,1.0087482636713232
ECOTOX,100,ECFPStructure,94,193,O=C1CC(CCC2CCCCC2=O)CC(=O)N1,0,0.6763410111642161
ECOTOX,100,ECFPStructure,95,194,O=C(OCc1coc(Cc2ccccc2)c1)C1CC1,1,1.3270603876616427
ECOTOX,100,ECFPStructure,96,198,c1ccccc1,0,0.8068359060626629
ECOTOX,100,ECFPStructure,97,199,c1ccc2ccccc2c1,1,-0.2651227643663585
ECOTOX,100,ECFPStructure,98,202,c1ccccc1,0,0.1411664600663214
ECOTOX,100,ECFPStructure,99,203,c1ccc(C2CCCCC2)cc1,0,0.06667434831526842
ECOTOX,100,ECFPStructure,100,204,N=C1NC(=O)N(c2ccccc2)CS1,1,0.6061520952919531
ECOTOX,100,ECFPStructure,101,205,C1=CC2C3C=CC(C3)C2C1,1,0.8247310952486104
ECOTOX,100,ECFPStructure,102,206,c1ccccc1,0,-0.07374386356886575
ECOTOX,100,ECFPStructure,103,207,C1=CC2CC1C1C3C=CC(C3)C21,1,0.748970310481908
ECOTOX,100,ECFPStructure,104,210,c1ccccc1,1,1.0759620595154917
ECOTOX,100,ECFPStructure,105,214,C1=CC2CC1C1C3CC(C4OC34)C21,1,0.956709638029942
ECOTOX,100,ECFPStructure,106,215,c1ccccc1,1,0.4515344431075086
ECOTOX,100,ECFPStructure,107,216,ACYCLIC:CCOP(=O)(OCC)SCCSCC,1,0.7371999507326847
ECOTOX,100,ECFPStructure,108,217,O=C(Nc1ncncn1)NS(=O)(=O)c1ccccc1,1,0.8142303001655313
ECOTOX,100,ECFPStructure,109,218,c1ccccc1,0,0.6615791608704636
ECOTOX,100,ECFPStructure,110,219,O=C(OCc1cccc(Oc2ccccc2)c1)C1CC1,1,1.0296274819621627
ECOTOX,100,ECFPStructure,111,221,ACYCLIC:CC(C)N(C(=O)SCC(Cl)=C(Cl)Cl)C(C)C,1,0.3635628811063169
ECOTOX,100,ECFPStructure,112,222,O=C(Nc1ccccc1)Nc1cnns1,1,0.0015521241492274518
ECOTOX,100,ECFPStructure,113,224,c1ccc(Sc2ccccc2)cc1,1,0.6488505189267704
ECOTOX,100,ECFPStructure,114,225,c1cc[c]([SnH]([c]2ccccc2)[c]2ccccc2)cc1,1,0.8139970232885951
ECOTOX,100,ECFPStructure,115,226,c1cncnc1,1,1.2434974675171033
ECOTOX,100,ECFPStructure,116,229,c1ccc2c(c1)Cc1ccccc1-2,1,0.22557164488794712
ECOTOX,100,ECFPStructure,117,230,c1ccccc1,0,1.2646731577440982
ECOTOX,100,ECFPStructure,118,233,c1ccc(Cc2ccccc2)cc1,1,0.696228004213826
ECOTOX,100,ECFPStructure,119,235,ACYCLIC:CCCOP(=S)(OCCC)OP(=S)(OCCC)OCCC,1,1.0044037561876222
ECOTOX,100,ECFPStructure,120,237,ACYCLIC:S=C([S-])NCCNC(=S)[S-].[Na+].[Na+],1,0.8839845705961702
ECOTOX,100,ECFPStructure,121,238,ACYCLIC:CCS(=O)CCSP(=O)(OC)OC,1,0.9912579801937351
ECOTOX,100,ECFPStructure,122,239,c1ccccc1,0,-0.8956448429983231
ECOTOX,100,ECFPStructure,123,240,ACYCLIC:CCCSP(=O)(OCC)SCCC,1,0.7379191585986071
ECOTOX,100,ECFPStructure,124,241,c1ccccc1,1,-0.037931963910711186
ECOTOX,100,ECFPStructure,125,243,c1nc[nH]n1,0,0.746317987646749
ECOTOX,100,ECFPStructure,126,246,O=c1[nH]nnc2ccccc12,1,0.782865350809169
ECOTOX,100,ECFPStructure,127,247,ACYCLIC:CN(C)P(=O)(F)N(C)C,1,0.7678029036471798
ECOTOX,100,ECFPStructure,128,249,ACYCLIC:CC(Cl)(Cl)C(=O)O,1,0.8555928568103766
ECOTOX,100,ECFPStructure,129,251,C1COCCO1,1,1.1140701210529809
ECOTOX,100,ECFPStructure,130,253,c1ccccc1,1,0.5997494289946272
ECOTOX,100,ECFPStructure,131,254,ACYCLIC:CCOP(=S)(OCC)SCCSCC,1,1.0864070690052934
ECOTOX,100,ECFPStructure,132,255,c1ccccc1,0,1.1169023902139061
ECOTOX,100,ECFPStructure,133,261,c1ncncn1,1,1.0284483951075558
ECOTOX,100,ECFPStructure,134,262,ACYCLIC:CCSCCSP(=O)(OC)OC,1,1.1468684054864364
ECOTOX,100,ECFPStructure,135,264,O=c1[nH]ncs1,1,0.9535047691815981
ECOTOX,100,ECFPStructure,136,265,c1ncncn1,1,0.2327826191255331
ECOTOX,100,ECFPStructure,137,266,c1ccccc1,1,0.9546164191188218
ECOTOX,100,ECFPStructure,138,268,c1ccc(Oc2cnc3ccccc3n2)cc1,1,1.0478192646128215
ECOTOX,100,ECFPStructure,139,269,c1ccncc1,1,0.6092280022844443
ECOTOX,100,ECFPStructure,140,270,O=c1ccc2ccccc2o1,1,0.617447967169024
ECOTOX,100,ECFPStructure,141,271,ACYCLIC:CCOP(=S)(OCC)SCSCC,1,1.0559063796054629
ECOTOX,100,ECFPStructure,142,273,ACYCLIC:CCCN(CCC)C(=O)SCC,1,0.4772042518975773
ECOTOX,100,ECFPStructure,143,279,ACYCLIC:CCN(CC)C(=O)C(Cl)=C(C)OP(=O)(OC)OC,1,0.6597124768333812
ECOTOX,100,ECFPStructure,144,280,O=c1[nH]c2ccccc2o1,1,0.4463201402125716
ECOTOX,100,ECFPStructure,145,281,c1ncncn1,1,0.1638861181429349
ECOTOX,100,ECFPStructure,146,283,c1cc(-c2cc[nH+]cc2)cc[nH+]1,1,0.7198105964113416
ECOTOX,100,ECFPStructure,147,287,c1cn[nH]c1,1,0.6792365641369645
ECOTOX,100,ECFPStructure,148,288,c1ncncn1,1,-0.016452856682508954
ECOTOX,100,ECFPStructure,149,289,c1ncncn1,1,0.5185218277614144
ECOTOX,100,ECFPStructure,150,291,c1ncncn1,1,-0.5790544563049597
ECOTOX,100,ECFPStructure,151,292,c1ccccc1,1,0.7432777228897499
ECOTOX,100,ECFPStructure,152,294,c1ccncc1,1,0.9222486449394997
ECOTOX,100,ECFPStructure,153,295,ACYCLIC:C[N+](C)(C)CCCl.[Cl-],1,1.0750240690562332
ECOTOX,100,ECFPStructure,154,296,c1ccc2[nH]c(-c3cscn3)nc2c1,1,-0.18955513872151097
ECOTOX,100,ECFPStructure,155,298,c1ccc(CNc2ncnc3nc[nH]c23)cc1,1,0.7640256074959644
ECOTOX,100,ECFPStructure,156,299,S=[PH](Oc1ccccc1)c1ccccc1,1,0.9248557544226941
ECOTOX,100,ECFPStructure,157,303,c1ccccc1,1,0.279927422134898
ECOTOX,100,ECFPStructure,158,304,O=C1C2C3C4CC5C3C1C5C42,1,0.32562104843326534
ECOTOX,100,ECFPStructure,159,306,c1ccccc1,1,0.6186943733832795
ECOTOX,100,ECFPStructure,160,307,c1ncncn1,1,1.1941526947105274
ECOTOX,100,ECFPStructure,161,308,c1cnccn1,1,1.3468854044917582
ECOTOX,100,ECFPStructure,162,309,S=[PH](Oc1ccccc1)c1ccccc1,1,0.8206361310710746
ECOTOX,100,ECFPStructure,163,310,c1ccc(C[CH2][Sn]([CH2]Cc2ccccc2)([CH2]Cc2ccccc2)[O][Sn]([CH2]Cc2ccccc2)([CH2]Cc2ccccc2)[CH2]Cc2ccccc2)cc1,0,0.811312899419259
ECOTOX,100,ECFPStructure,164,312,O=c1cc[nH]c(=O)[nH]1,0,0.0790132740601891
ECOTOX,100,ECFPStructure,165,314,c1ccccc1,1,0.07605275509575415
ECOTOX,100,ECFPStructure,166,317,c1ncnc(NC2CC2)n1,1,1.1229119226546644
ECOTOX,100,ECFPStructure,167,319,c1cn[nH]c1,1,0.45558358018935696
ECOTOX,100,ECFPStructure,168,320,c1ccccc1,1,1.110013585677891
ECOTOX,100,ECFPStructure,169,322,c1ccccc1,1,0.8863323412068334
ECOTOX,100,ECFPStructure,170,324,O=c1sc2nc3ccccc3nc2s1,1,0.6252201051884867
ECOTOX,100,ECFPStructure,171,325,S=c1sc2nc3ccccc3nc2s1,0,0.727227047666452
ECOTOX,100,ECFPStructure,172,326,ACYCLIC:S=C([S-])NCCNC(=S)[S-].[Mn+2],1,0.9853538625821017
ECOTOX,100,ECFPStructure,173,327,ACYCLIC:COP(=O)(OC)OC(C)=CC(=O)N(C)C,1,0.6298627129288688
ECOTOX,100,ECFPStructure,174,329,ACYCLIC:C[As](=O)([O-])[O-].[Na+].[Na+],1,0.9251737227508198
ECOTOX,100,ECFPStructure,175,335,c1ccncc1,1,1.1039401981320753
ECOTOX,100,ECFPStructure,176,339,c1ccccc1,1,0.8469363456521661
ECOTOX,100,ECFPStructure,177,340,C1C2C3C4CC5C3C1C5C24,1,0.45283396805267073
ECOTOX,100,ECFPStructure,178,343,c1ccncc1,1,0.9396315574708174
ECOTOX,100,ECFPStructure,179,345,ACYCLIC:CNC(=O)ON=CC(C)(C)SC,1,0.696071489180164
ECOTOX,100,ECFPStructure,180,346,c1ccccc1,1,0.4671772077570453
ECOTOX,100,ECFPStructure,181,347,N=C1SCCS1,1,0.368315158229997
ECOTOX,100,ECFPStructure,182,350,ACYCLIC:COC(=O)C=C(CC(=O)OC)OP(=O)(OC)OC,1,0.48554245504863003
ECOTOX,100,ECFPStructure,183,351,c1ccccc1,1,0.7773062266371117
ECOTOX,100,ECFPStructure,184,355,c1ccc2c(c1)CCO2,1,1.0858587830520856
ECOTOX,100,ECFPStructure,185,358,ACYCLIC:CNC(=O)ON=C(SC)C(=O)N(C)C,1,0.31776845316409413
ECOTOX,100,ECFPStructure,186,359,c1ccccc1,1,0.8403164372687937
ECOTOX,100,ECFPStructure,187,361,c1ccncc1,1,1.0789512730749518
ECOTOX,100,ECFPStructure,188,363,O=c1nc[nH]c(=O)n1C1CCCCC1,1,0.10568787472090768
ECOTOX,100,ECFPStructure,189,366,ACYCLIC:CNC(=O)ON=C(C)SC,1,0.7807287867700121
ECOTOX,100,ECFPStructure,190,367,c1ccccc1,1,0.8476944188054794
ECOTOX,100,ECFPStructure,191,369,c1ccccc1,1,0.5638384075083256
ECOTOX,100,ECFPStructure,192,370,ACYCLIC:CNC(=O)CSP(=O)(OC)OC,1,0.7760184993491108
ECOTOX,100,ECFPStructure,193,371,c1ccccc1,1,-0.17056279811866515
ECOTOX,100,ECFPStructure,194,374,c1ccccc1,0,0.3386361218759993
ECOTOX,100,ECFPStructure,195,379,c1ccccc1,1,0.14596738337291626
ECOTOX,100,ECFPStructure,196,380,c1ccccc1,1,0.7157006561962275
ECOTOX,100,ECFPStructure,197,381,C1CC[CH]([Sn]([CH]2CCCCC2)[CH]2CCCCC2)CC1,1,0.8661052571557308
ECOTOX,100,ECFPStructure,198,387,O=C(Nc1ccccc1)C1=COCCS1,1,-0.4919563032998565
ECOTOX,100,ECFPStructure,199,388,c1ccc2[nH]cnc2c1,1,0.0073644609558181084
ECOTOX,100,ECFPStructure,200,389,c1ccccc1,1,0.8908632228844973
ECOTOX,100,ECFPStructure,201,390,c1ccccc1,1,0.850614790598527
ECOTOX,100,ECFPStructure,202,392,ACYCLIC:O.O=S(=O)([O-])[O-].[Fe+2],1,0.7921316366156523
ECOTOX,100,ECFPStructure,203,393,c1ccc2sccc2c1,1,0.6574163838207041
ECOTOX,100,ECFPStructure,204,396,c1ccccc1,1,0.7512389612563287
ECOTOX,100,ECFPStructure,205,397,c1ccc(C2OCCO2)cc1,1,0.40465806409754634
ECOTOX,100,ECFPStructure,206,398,c1ccccc1,1,0.6888680226627194
ECOTOX,100,ECFPStructure,207,400,O=c1cc[nH]c(=O)[nH]1,0,0.04285232819012397
ECOTOX,100,ECFPStructure,208,405,c1ccccc1,1,0.6925282224333537
ECOTOX,100,ECFPStructure,209,407,c1ccccc1,1,1.066663977736884
ECOTOX,100,ECFPStructure,210,410,ACYCLIC:CCS(=O)(=O)CCSP(=O)(OC)OC,1,1.0380043822573752
ECOTOX,100,ECFPStructure,211,415,c1ccc(C(c2ccccc2)c2cccnc2)cc1,1,0.7534972845125667
ECOTOX,100,ECFPStructure,212,416,O=C(Nc1ccccc1)NC1CCCCC1,0,-0.027115542302915574
ECOTOX,100,ECFPStructure,213,417,c1ccccc1,1,-0.015529423001171772
ECOTOX,100,ECFPStructure,214,418,c1ccccc1,1,1.1095742734417644
ECOTOX,100,ECFPStructure,215,421,C1CCCCC1,1,0.3430259571932543
ECOTOX,100,ECFPStructure,216,424,c1ccncc1,1,0.5876259353804906
ECOTOX,100,ECFPStructure,217,425,ACYCLIC:COP(=O)(OC)SCCSC.COP(=S)(OC)OCCSC,1,1.2719379781371813
ECOTOX,100,ECFPStructure,218,429,O=C(Nc1ccccc1)Oc1ccccc1,1,-0.3346728493114638
ECOTOX,100,ECFPStructure,219,431,c1ccccc1,1,0.8051642373669385
ECOTOX,100,ECFPStructure,220,434,c1cnc2ccnn2c1,1,0.49097495282979725
ECOTOX,100,ECFPStructure,221,436,c1ccc(-c2ccccc2)cc1,1,0.0966797345265683
ECOTOX,100,ECFPStructure,222,438,C1=CC2C(O1)OC1CC2C2OC12C1CC2OCC3CCCC4(COCC14)C32,1,1.1353596164919773
ECOTOX,100,ECFPStructure,223,439,c1ccccc1,1,0.1541457122511634
ECOTOX,100,ECFPStructure,224,440,ACYCLIC:O=C(O)CNCP(=O)(O)O,1,0.7514118960087601
ECOTOX,100,ECFPStructure,225,441,c1cncnc1,1,0.9230175327440668
ECOTOX,100,ECFPStructure,226,442,ACYCLIC:COP(N)(=O)SC,1,0.9213078089508364
ECOTOX,100,ECFPStructure,227,443,O=c1ocnn1-c1ccccc1,1,-0.6270426683093594
ECOTOX,100,ECFPStructure,228,448,c1ccc2c(c1)OCO2,1,0.7712142377410047
ECOTOX,100,ECFPStructure,229,449,c1cncnc1,1,1.0222749074042148
ECOTOX,100,ECFPStructure,230,453,ACYCLIC:CNC(=O)ON=CC(C)(C)S(C)=O,1,0.7314937684912032
ECOTOX,100,ECFPStructure,231,454,c1ccccc1,1,-0.4115861993764597
ECOTOX,100,ECFPStructure,232,456,C(=NNc1ccccc1)c1ccccc1,1,0.23611469640430993
ECOTOX,100,ECFPStructure,233,459,c1ccncc1,1,1.1133087019441577
ECOTOX,100,ECFPStructure,234,462,c1ccccc1,1,0.9391588170014153
ECOTOX,100,ECFPStructure,235,463,O=C(Nc1cccc2ccccc12)c1ccccc1,0,-0.8888526149198787
ECOTOX,100,ECFPStructure,236,466,ACYCLIC:CNC(=O)ON=C(CSC)C(C)(C)C,1,0.8916252400604079
ECOTOX,100,ECFPStructure,237,470,c1ccc(CCn2ccnc2)cc1,1,0.3831805478935263
ECOTOX,100,ECFPStructure,238,475,c1cscn1,0,0.47835341005455284
ECOTOX,100,ECFPStructure,239,477,O=C(Nc1ccccc1)Nc1ccncc1,1,0.15662943656286465
ECOTOX,100,ECFPStructure,240,480,ACYCLIC:CC(C)N.O=C(O)CNCP(=O)(O)O,1,0.9360481462800523
ECOTOX,100,ECFPStructure,241,483,c1ccccc1,1,0.6615088530850353
ECOTOX,100,ECFPStructure,242,486,c1nncs1,1,0.07975708033374207
ECOTOX,100,ECFPStructure,243,488,c1ccccc1,1,0.2100856189828455
ECOTOX,100,ECFPStructure,244,495,c1ccc(-n2cccn2)cc1,1,0.6285723895111724
ECOTOX,100,ECFPStructure,245,496,O=c1c(-c2ccccc2)c[nH]cc1-c1ccccc1,1,0.8042901497279181
ECOTOX,100,ECFPStructure,246,497,c1ccc(C(c2cncnc2)C2CC2)cc1,1,0.7950430788532488
ECOTOX,100,ECFPStructure,247,501,O=C(OCc1cccc(Oc2ccccc2)c1)C1CC1,1,1.0538710128372832
ECOTOX,100,ECFPStructure,248,502,O=C(Nc1ncccn1)NS(=O)(=O)c1ccccc1,1,0.7567086368831251
ECOTOX,100,ECFPStructure,249,503,c1ccc(C(CC2CC2)Cn2cncn2)cc1,1,1.0821789238605677
ECOTOX,100,ECFPStructure,250,504,c1ccc(C(c2ccccc2)c2cncnc2)cc1,1,0.8542973914558385
ECOTOX,100,ECFPStructure,251,505,c1ccccc1,0,0.09701329920508306
ECOTOX,100,ECFPStructure,252,506,ACYCLIC:CCCCCCCCSCCO,1,0.9736356122093122
ECOTOX,100,ECFPStructure,253,508,O=C(NCCc1ccccn1)c1ccccc1,1,0.06141635017935709
ECOTOX,100,ECFPStructure,254,509,c1ccc(Oc2ccccc2)cc1,1,1.0896993834751536
ECOTOX,100,ECFPStructure,255,510,O=C(Cc1ccccc1)OCc1cccc(Oc2ccccc2)c1,1,1.1889751202296892
ECOTOX,100,ECFPStructure,256,511,c1ccc(-c2ccc[nH]2)cc1,1,0.8278121817005082
ECOTOX,100,ECFPStructure,257,512,O=c1cco[nH]1,1,0.3655028308163379
ECOTOX,100,ECFPStructure,258,513,C1OCC2OC3OCOC3C2O1,1,0.7891638632032514
ECOTOX,100,ECFPStructure,259,515,c1ccncc1,1,0.5034146524577808
ECOTOX,100,ECFPStructure,260,516,O=C1CNC(=O)N1c1ccccc1,0,0.5968920476110129
ECOTOX,100,ECFPStructure,261,519,c1ccccc1,1,0.7676318799553367
ECOTOX,100,ECFPStructure,262,520,O=C(OCc1cccc(Oc2ccccc2)c1)C1CC1,1,1.258602453914639
ECOTOX,100,ECFPStructure,263,530,c1ccccc1,0,-0.0667840382582906
ECOTOX,100,ECFPStructure,264,531,c1ccccc1,1,0.6599369637451692
ECOTOX,100,ECFPStructure,265,532,O=C(NC(=O)c1ccccc1)Nc1ccccc1,1,0.5867359063357646
ECOTOX,100,ECFPStructure,266,534,c1ccc(OCn2cncn2)cc1,0,-0.2523635205751158
ECOTOX,100,ECFPStructure,267,535,ACYCLIC:CCOP(=O)([O-])C(N)=O.[NH4+],0,-0.013932456688262929
ECOTOX,100,ECFPStructure,268,538,c1ccccc1,1,1.0611125998433542
ECOTOX,100,ECFPStructure,269,540,c1ccccc1,1,0.7480026857357098
ECOTOX,100,ECFPStructure,270,551,ACYCLIC:CSC(C)=NOC(=O)N(C)SN(C)C(=O)ON=C(C)SC,1,0.49800293695480813
ECOTOX,100,ECFPStructure,271,552,c1ccccc1,1,0.4182263700173451
ECOTOX,100,ECFPStructure,272,553,ACYCLIC:CCNC(=O)NC(=O)C(C#N)=NOC,1,1.0498864352538095
ECOTOX,100,ECFPStructure,273,554,N=C1SCCS1,1,0.5729193762014794
ECOTOX,100,ECFPStructure,274,562,ACYCLIC:CCCOC(=O)NCCCN(C)C.Cl,1,0.4473691528816464
ECOTOX,100,ECFPStructure,275,564,ACYCLIC:O=S(=O)([O-])C(F)(F)C(F)(F)C(F)(F)C(F)(F)C(F)(F)C(F)(F)C(F)(F)C(F)(F)F.[K+],1,1.0027568499860382
ECOTOX,100,ECFPStructure,276,567,O=S1(=O)C=CS(=O)(=O)CC1,1,0.5911877772141996
ECOTOX,100,ECFPStructure,277,578,c1ccccc1,1,0.4913137493435445
ECOTOX,100,ECFPStructure,278,581,O=C1C=CC(OC(=O)C2CC2)C1,1,1.1639086544314128
ECOTOX,100,ECFPStructure,279,582,c1ccccc1,1,1.002863782517459
ECOTOX,100,ECFPStructure,280,585,O=C(Nc1ccccc1)N1COC2Cc3ccccc3C2=N1,1,0.47882854830161314
ECOTOX,100,ECFPStructure,281,586,O=C(OCc1ccccc1)C1CC1,1,0.7585825216734203
ECOTOX,100,ECFPStructure,282,590,O=C(OCc1cccc(Oc2ccccc2)c1)C1CC1C=Cc1ccccc1,1,1.251880614073765
ECOTOX,100,ECFPStructure,283,591,O=C(Nc1ncccn1)NS(=O)(=O)c1ccccc1,1,0.9270622434471201
ECOTOX,100,ECFPStructure,284,592,O=C1OC2(C=C1c1ccccc1)CCCC2,0,0.3462722980907523
ECOTOX,100,ECFPStructure,285,593,C(=Cc1ccccc1)C(C=Cc1ccccc1)=NNC1=NCCCN1,1,0.9106641867980927
ECOTOX,100,ECFPStructure,286,610,c1ccc2c(c1)CCO2,1,0.2999008926971509
ECOTOX,100,ECFPStructure,287,614,c1ccc(Oc2ccc(OCCOc3ccccn3)cc2)cc1,1,0.4532450027307621
ECOTOX,100,ECFPStructure,288,617,c1ccc(CCCN2CCOCC2)cc1,1,0.7172206806383312
ECOTOX,100,ECFPStructure,289,619,c1ccc(-c2nnc(-c3ccccc3)nn2)cc1,1,0.6094236179368315
ECOTOX,100,ECFPStructure,290,626,c1ccc(CCOCc2cccc(Oc3ccccc3)c2)cc1,1,1.0505304100007749
ECOTOX,100,ECFPStructure,291,627,c1ccncc1,1,0.08804883030755728
ECOTOX,100,ECFPStructure,292,630,c1ccc(CCn2cncn2)cc1,0,1.1026459744366912
ECOTOX,100,ECFPStructure,293,631,c1ccc(Cc2cncnc2)cc1,1,0.49484687699045576
ECOTOX,100,ECFPStructure,294,636,c1ccc(Oc2ccccc2)cc1,0,0.6032787337132445
ECOTOX,100,ECFPStructure,295,638,O=C(NC1CCCCC1)N1CC(c2ccccc2)SC1=O,1,0.34638247962411434
ECOTOX,100,ECFPStructure,296,645,O=C(Nc1ncncn1)NS(=O)(=O)c1ccccc1,1,0.6423325786241244
ECOTOX,100,ECFPStructure,297,650,O=C1CCON1Cc1ccccc1,1,0.34550577656463777
ECOTOX,100,ECFPStructure,298,658,c1ccncc1,1,0.5094273741747364
ECOTOX,100,ECFPStructure,299,660,c1ccc2ncccc2c1,0,0.979157812755008
ECOTOX,100,ECFPStructure,300,668,c1ccc(CNc2ccccc2)cc1,1,0.7923207745039487
ECOTOX,100,ECFPStructure,301,671,O=C(Nc1ncccn1)NS(=O)(=O)c1ccccc1,1,0.9649982352430202
ECOTOX,100,ECFPStructure,302,681,O=c1cc(SCc2ccccc2)cn[nH]1,1,0.34609306865474554
ECOTOX,100,ECFPStructure,303,683,c1ccc(Oc2ccnc3ccccc23)cc1,1,0.5928004714845554
ECOTOX,100,ECFPStructure,304,684,O=c1sc(=Nc2ccccc2)n2n1CCCC2,1,0.37759609240703124
ECOTOX,100,ECFPStructure,305,686,O=C(Nc1ncccn1)NS(=O)(=O)c1ccccn1,1,0.6446488489874336
ECOTOX,100,ECFPStructure,306,690,c1ccc(Nc2ncccn2)cc1,1,0.6446860101289478
ECOTOX,100,ECFPStructure,307,693,c1ccccc1,1,0.18527870005117808
ECOTOX,100,ECFPStructure,308,695,O=C(c1cccc(C2=NOCC2)c1)c1c[nH][nH]c1=O,1,0.3004454317333809
ECOTOX,100,ECFPStructure,309,699,O=C(C=C(c1ccccc1)c1ccccc1)N1CCOCC1,1,-0.516410920535256
ECOTOX,100,ECFPStructure,310,700,ACYCLIC:CCOP(=S)(OCC)OC(Cl)C(Cl)(Cl)Cl,1,1.1896883773054117
ECOTOX,100,ECFPStructure,311,701,O=C1COc2ccc(N3C(=O)C4=C(CCCC4)C3=O)cc2N1,0,-0.21842609359842435
ECOTOX,100,ECFPStructure,312,703,O=C1C2=C(CCCC2)C(=O)N1c1ccccc1,0,-0.8128108872833016
ECOTOX,100,ECFPStructure,313,707,O=S(=O)(Nc1ccccc1)c1nc2ncccn2n1,1,0.8025949638142628
ECOTOX,100,ECFPStructure,314,710,c1ccc(Oc2ccc(C3(Cn4cncn4)OCCO3)cc2)cc1,1,0.8534747281776451
ECOTOX,100,ECFPStructure,315,711,O=C(NNC(=O)c1ccccc1)c1ccccc1,0,1.0524809822685521
ECOTOX,100,ECFPStructure,316,714,c1ccc(CCC(Cn2cncn2)c2ccccc2)cc1,1,0.7294246610052866
ECOTOX,100,ECFPStructure,317,715,c1ccncc1,1,1.0283767777193484
ECOTOX,100,ECFPStructure,318,717,O=C(Nc1ncccn1)NS(=O)(=O)c1cnc2ccccn12,1,0.3638473341179195
ECOTOX,100,ECFPStructure,319,724,c1cncc(C2=NCCS2)c1,1,0.5285668730636381
ECOTOX,100,ECFPStructure,320,726,C(=NOCc1ccccc1)c1ccccc1,0,-0.13822238733282743
ECOTOX,100,ECFPStructure,321,729,c1ccc(CCOc2ncnc3ccccc23)cc1,1,0.35192846149184415
ECOTOX,100,ECFPStructure,322,730,O=C(COc1nncs1)Nc1ccccc1,0,0.48204851603774695
ECOTOX,100,ECFPStructure,323,731,c1ccc(COc2ccccc2)cc1,1,-0.5332347944131958
ECOTOX,100,ECFPStructure,324,733,c1cc2c(c(-c3cc[nH]c3)c1)OCO2,1,0.9079772503807647
ECOTOX,100,ECFPStructure,325,734,c1ccc(Oc2ccccc2)cc1,1,0.7630503151204011
ECOTOX,100,ECFPStructure,326,736,O=C(Nc1ccccc1)c1ccccc1,0,0.6069917769998014
ECOTOX,100,ECFPStructure,327,737,O=C1C=CC(=O)c2ccccc21,0,0.06715883458321592
ECOTOX,100,ECFPStructure,328,739,O=C1NCCS1,1,0.7344453121096043
ECOTOX,100,ECFPStructure,329,747,c1ccc2snnc2c1,1,0.26032574734265007
ECOTOX,100,ECFPStructure,330,748,O=c1[nH]cnn1-c1ccccc1,1,0.3334808217963519
ECOTOX,100,ECFPStructure,331,751,S=c1nc[nH]n1CC(Cc1ccccc1)C1CC1,0,0.16305439213831424
ECOTOX,100,ECFPStructure,332,752,O=C1NN=CCN1N=Cc1cccnc1,1,0.29487283413452825
ECOTOX,100,ECFPStructure,333,755,O=C(Nc1ncccn1)NS(=O)(=O)c1ccccn1,1,0.7230451557148256
ECOTOX,100,ECFPStructure,334,756,O=C(Nc1ncccn1)NS(=O)(=O)Nc1ccccc1,1,0.6589862179055247
ECOTOX,100,ECFPStructure,335,761,O=C(Nc1ncccn1)NS(=O)(=O)c1cnc2ccccn12,1,0.6161853316863521
ECOTOX,100,ECFPStructure,336,764,c1ccc(Oc2cc(Oc3ccccc3)ncn2)cc1,0,0.48015593088270336
ECOTOX,100,ECFPStructure,337,767,O=C(Nc1ncncn1)NS(=O)(=O)c1ccccc1,1,0.5329976379745325
ECOTOX,100,ECFPStructure,338,768,c1ccc(Sc2ncccn2)cc1,1,0.3951749143621819
ECOTOX,100,ECFPStructure,339,770,O=C(OCN1C(=O)CNC1=O)C1CC1,1,0.9855463575380199
ECOTOX,100,ECFPStructure,340,772,c1ccncc1,1,0.8757607509740255
ECOTOX,100,ECFPStructure,341,781,O=S(=O)(Nc1ccccc1)c1nc2ccncn2n1,1,0.562292242117787
ECOTOX,100,ECFPStructure,342,782,O=C(NC(=O)c1ccccc1)Nc1ccccc1,0,0.44245574120799347
ECOTOX,100,ECFPStructure,343,787,C1CCC2(CC1)OCCO2,1,0.710703277001429
ECOTOX,100,ECFPStructure,344,788,O=C(Nc1ncncn1)NS(=O)(=O)c1ccccc1,1,0.6386208444924678
ECOTOX,100,ECFPStructure,345,791,O=C1OC(c2ccc(Oc3ccccc3)cc2)C(=O)N1Nc1ccccc1,1,-0.15979638739401492
ECOTOX,100,ECFPStructure,346,792,c1ccncc1,1,0.8932034168849818
ECOTOX,100,ECFPStructure,347,793,O=C1CCCC(=O)C1=CC1CC1,0,0.24038533255028116
ECOTOX,100,ECFPStructure,348,794,c1ccc(C2=NC(c3ccccc3)CO2)cc1,0,1.0042659944811807
ECOTOX,100,ECFPStructure,349,797,N=C(C1=NOCCO1)c1ccccc1Oc1cc(Oc2ccccc2)ncn1,1,0.49252729259820804
ECOTOX,100,ECFPStructure,350,799,O=c1[nH]cn[nH]1,0,0.34052666370151147
ECOTOX,100,ECFPStructure,351,800,C1=NCCN1Cc1cccnc1,1,1.1221563160731038
ECOTOX,100,ECFPStructure,352,801,O=C(c1ccccc1)c1c[nH][nH]c1=O,1,0.44913589697329515
ECOTOX,100,ECFPStructure,353,804,O=C(Cc1ccccc1)NCCc1ccccc1,0,0.26363407142342554
ECOTOX,100,ECFPStructure,354,805,c1ccc(-c2cc[nH]n2)cc1,1,0.5409437527449081
ECOTOX,100,ECFPStructure,355,813,O=c1c(-c2ccccc2)cn2n1CCOCC2,1,0.2447200840000862
ECOTOX,100,ECFPStructure,356,817,c1ccc(-c2cnc[nH]2)cc1,1,0.7973099747255588
ECOTOX,100,ECFPStructure,357,818,O=c1[nH]cnn1-c1ccccc1,0,0.47615808269240567
ECOTOX,100,ECFPStructure,358,819,O=S(=O)(Nc1nc2ccncn2n1)c1ccccc1,1,0.7645286235057555
ECOTOX,100,ECFPStructure,359,821,O=C(Nc1ccccc1)C1CC1,1,-0.08422649674835514
ECOTOX,100,ECFPStructure,360,826,O=S(=O)(Nc1ccccc1)c1nc2ccncn2n1,1,0.7624393659962003
ECOTOX,100,ECFPStructure,361,828,c1ccc(CC2CCCC2Cn2cncn2)cc1,1,0.9708073778649677
ECOTOX,100,ECFPStructure,362,830,N=C1NCOCN1Cc1cncs1,1,0.23601133907200045
ECOTOX,100,ECFPStructure,363,831,N=C1SCCN1Cc1cccnc1,1,1.1260802750164192
ECOTOX,100,ECFPStructure,364,833,c1ccc(CC2CCCC2Cn2cncn2)cc1,1,0.5644376933841416
ECOTOX,100,ECFPStructure,365,838,O=C1C(c2ccccc2)N=CN1Nc1ccccc1,1,0.36821100270937507
ECOTOX,100,ECFPStructure,366,839,O=C(OCc1ccccc1)C1CC1,1,1.1411613766126272
ECOTOX,100,ECFPStructure,367,847,c1ccc(-c2ccccc2)cc1,1,0.355980410786635
ECOTOX,100,ECFPStructure,368,849,c1ccccc1,1,-0.08564452105377529
ECOTOX,100,ECFPStructure,369,851,O=C(Nc1ncccn1)NS(=O)(=O)c1ccn[nH]1,1,0.7485714766861757
ECOTOX,100,ECFPStructure,370,856,O=C(NCc1cccs1)c1cncs1,0,0.44156485903042253
ECOTOX,100,ECFPStructure,371,857,O=C(C1=C(Sc2ccccc2)C2CCC(C2)C1=O)c1ccccc1,0,0.5170961434845777
ECOTOX,100,ECFPStructure,372,861,c1cncc(Cn2ccnc2)c1,1,0.9595381427720935
ECOTOX,100,ECFPStructure,373,863,O=c1cccnn1-c1ccccc1,1,-0.06247981840627459
ECOTOX,100,ECFPStructure,374,870,O=c1cc[nH]c(=O)n1-c1ccccc1,1,0.07939298203109824
ECOTOX,100,ECFPStructure,375,871,O=C1OC2(C=C1c1ccccc1)CCCCC2,0,0.07401484038562234
ECOTOX,100,ECFPStructure,376,874,O=C(Nc1ccccc1-c1ccccc1)c1cccnc1,1,0.2838163972982747
ECOTOX,100,ECFPStructure,377,883,c1ccccc1,1,0.9253793870858156
ECOTOX,100,ECFPStructure,378,888,c1ccc(COCC2CC(c3cccs3)=NO2)cc1,1,0.5121155030253062
ECOTOX,100,ECFPStructure,379,898,ACYCLIC:CNC(=O)ON=C(C)SCCC#N,1,0.9619391768779599
ECOTOX,100,ECFPStructure,380,901,O=c1[nH]ncs1,1,0.9810440780260528
ECOTOX,100,ECFPStructure,381,902,ACYCLIC:COCCOCCC[Si](C)(O[Si](C)(C)C)O[Si](C)(C)C,0,0.2509587536407029
ECOTOX,100,ECFPStructure,382,903,c1ccc(Oc2ccc3c(c2)OCCC3)cc1,1,-0.2533741985019635
ECOTOX,100,ECFPStructure,383,906,C1=NCCN1Cc1cccnc1.O=C(OCc1cccc(Oc2ccccc2)c1)C1CC1,1,1.3462311800483808
ECOTOX,100,ECFPStructure,384,907,c1ccc(Cc2ccccc2)cc1.c1ccc(Cc2ccccc2)cc1,1,0.7209442322136834
ECOTOX,100,ECFPStructure,385,910,c1ccccc1.c1ccccc1,1,0.5009675326884485
ECOTOX,100,ECFPStructure,386,912,O=C(c1ccccc1)c1ccccc1,1,0.45886505360406493
ECOTOX,100,ECFPStructure,387,916,O=C(NCc1ccc(Oc2ccccc2)cc1)c1ccn[nH]1,1,0.4636721643350864
ECOTOX,100,ECFPStructure,388,919,c1ccncc1,1,0.31836623355713844
ECOTOX,100,ECFPStructure,389,923,O=S(=O)(Nc1nc2ncccn2n1)c1cccnc1,1,0.8978060974361822
ECOTOX,100,ECFPStructure,390,927,O=C(NN=C(Cc1ccccc1)c1ccccc1)Nc1ccccc1,1,0.5360293424460107
ECOTOX,100,ECFPStructure,391,928,c1ccncc1,1,0.8295705094493783
ECOTOX,100,ECFPStructure,392,930,ACYCLIC:CCCCCCCC(=O)OC.CCCCCCCCCC(=O)OC,1,0.502593249682596
ECOTOX,100,ECFPStructure,393,931,O=C(NCc1ccccn1)c1ccccc1,1,0.7643185409891532
ECOTOX,100,ECFPStructure,394,934,O=C1CN=C(c2ccccn2)N1,1,0.04540319104430357
ECOTOX,100,ECFPStructure,395,936,c1ccc(COc2ccccn2)cc1,0,0.26920650858114015
ECOTOX,100,ECFPStructure,396,940,O=C(Nc1ccsc1)c1cn[nH]c1,1,-0.08253050258478545
ECOTOX,100,ECFPStructure,397,942,O=c1ccn(-c2ccccc2)nc1,1,0.6938310851014841
ECOTOX,100,ECFPStructure,398,943,O=c1cc[nH]c(-c2ccccc2)c1,1,0.24422665503984198
ECOTOX,100,ECFPStructure,399,944,c1ccccc1,1,-0.5335999036690137
ECOTOX,100,ECFPStructure,400,946,O=C1NC2(C=C1c1ccccc1)CCCCC2,1,0.8078421585978972
ECOTOX,100,ECFPStructure,401,950,c1cnc(Oc2cccc(Oc3ncccn3)c2)nc1,1,0.23621243397967007
ECOTOX,100,ECFPStructure,402,951,c1ccc(-c2noc(-c3cccs3)n2)cc1,1,0.423616929765948
ECOTOX,100,ECFPStructure,403,952,O=c1cc[nH]c(=O)n1-c1ccccc1,1,0.008262885583390722
ECOTOX,100,ECFPStructure,404,953,O=C(Nc1ccccc1)c1ccnn1-c1ccccn1,1,1.143241929525865
ECOTOX,100,ECFPStructure,405,957,c1ccncc1,1,1.0446467959544299
ECOTOX,100,ECFPStructure,406,959,c1ccccc1,1,-0.2732605632688866
ECOTOX,100,ECFPStructure,407,960,c1ccc2c(c1)CCC2Nc1ncncn1,1,0.8794866283523822
ECOTOX,100,ECFPStructure,408,962,O=S(=O)(Cc1cn[nH]c1)C1=NOCC1,1,0.5793893908301675
ECOTOX,100,ECFPStructure,409,966,O=C(NN=Cc1ccccn1)Nc1ccccc1,1,0.43233980640208836
ECOTOX,100,ECFPStructure,410,968,O=C(Nc1ccccc1-c1ccccc1)c1cn[nH]c1,1,-0.07065223349522698
ECOTOX,100,ECFPStructure,411,970,c1ccccc1.c1ccccc1,1,1.1046235290540638
ECOTOX,100,ECFPStructure,412,973,O=C(Nc1ccccc1C1CC1C1CC1)c1cn[nH]c1,1,-0.43889106932199884
ECOTOX,100,ECFPStructure,413,976,c1ccncc1,1,0.5955559347690753
ECOTOX,100,ECFPStructure,414,977,O=C1Nc2ccccc2CN1NCc1cccnc1,1,1.1044207497480838
ECOTOX,100,ECFPStructure,415,979,O=C([N-]S(=O)(=O)c1ccccn1)Nc1ncccn1,1,0.8608954908978894
ECOTOX,100,ECFPStructure,416,983,c1ccc(Cc2ncccn2)cc1,1,0.7523265503351768
ECOTOX,100,ECFPStructure,417,985,O=c1[nH][nH]cc1-c1ccccc1,1,0.09117782905438199
ECOTOX,100,ECFPStructure,418,986,O=C1C=C(NCc2cccnc2)CO1,1,0.863274225556076
ECOTOX,100,ECFPStructure,419,987,O=C(Cn1cccn1)N1CCC(c2nc(C3=NOC(c4ccccc4)C3)cs2)CC1,0,0.49003567352401023
ECOTOX,100,ECFPStructure,420,989,O=C1CC2C(=CC3C4CC(OC5CCCCO5)CC4CCC23)C(=O)CC(OC2CCCCO2)CCCCO1,1,0.9245562280074124
ECOTOX,100,ECFPStructure,421,991,C=C1C2CCC1c1c(NC(=O)c3cn[nH]c3)cccc12,1,-0.29941606145729427
ECOTOX,100,ECFPStructure,422,992,O=C1C(=Cc2cccnc2)C(=O)C2CCC1C2,0,0.5698302460437322
ECOTOX,100,ECFPStructure,423,995,O=C(c1ccccc1)c1cccnc1,1,0.5914787916940445
ECOTOX,100,ECFPStructure,424,997,c1ccc(COc2ccccc2)cc1,1,0.21350807205047095
ECOTOX,100,ECFPStructure,425,998,O=C(Nc1ccccc1)c1cc(Cn2ncnn2)nn1-c1ccccn1,1,0.8166348940996664
ECOTOX,100,ECFPStructure,426,1000,O=C(NCc1ccccc1)NCc1ccccc1,1,0.4713287192364005
ECOTOX,100,ECFPStructure,427,1002,c1ccc(-c2ccccn2)cc1,1,1.0096936745921807
ECOTOX,100,ECFPStructure,428,1006,c1ccc(C(=NOCc2ccccn2)c2nnn[nH]2)cc1,1,0.23696792492275348
ECOTOX,100,ECFPStructure,429,1009,O=C(CNC(=O)c1cccs1)c1ccccc1,1,-0.08721339457178645
ECOTOX,100,ECFPStructure,430,1010,O=C(c1ccccc1)c1cn[nH]c1,1,0.5634104405764461
ECOTOX,100,ECFPStructure,431,1013,C(Sc1ccccc1)=C1SCCN1c1ccccc1,1,0.6450652163447179
ECOTOX,100,ECFPStructure,432,1015,O=C(OCC1C(OC(=O)C2CC2)CCC2C3Cc4c(cc(-c5cccnc5)oc4=O)OC3CCC12)C1CC1,1,0.5405373499606791
ECOTOX,100,ECFPStructure,433,1016,c1ccccc1,1,-0.13946906910494594
ECOTOX,100,ECFPStructure,434,1018,O=C(NCCc1ccccc1)c1cn[nH]c1,1,0.05086819597140679
ECOTOX,100,ECFPStructure,435,1019,c1ccc(Oc2ccc(CCn3cncn3)cc2)cc1,1,0.5409620776720363
ECOTOX,100,ECFPStructure,436,1022,O=c1cc[nH]c(=O)n1-c1ccccc1,1,0.02431305039744558
ECOTOX,100,ECFPStructure,437,1028,O=C(OCc1cccc(-c2ccccc2)c1)C1CC1.O=C(OCc1cccc(Oc2ccccc2)c1)C1CC1,1,1.2698249044847918
ECOTOX,100,ECFPStructure,438,1029,O=C(Nc1ccccc1)c1ccnn1-c1ccccn1.O=C(OCc1cccc(Oc2ccccc2)c1)C1CC1,1,1.232665064398141
ECOTOX,100,ECFPStructure,439,1030,O=C(OCc1ccccc1)c1cccc(-c2ccccc2)n1,1,0.836139457053377
ECOTOX,100,ECFPStructure,440,1034,c1ccccc1,1,0.6361852094638079
ECOTOX,100,Route+Agrochemical,0,0,ACYCLIC:O=C(O)C(=O)O,0,0.30621591026301387
ECOTOX,100,Route+Agrochemical,1,2,ACYCLIC:O=[Si]=O,0,0.30621591026301387
ECOTOX,100,Route+Agrochemical,2,3,c1ccccc1,1,0.4184382398723857
ECOTOX,100,Route+Agrochemical,3,5,O=C1NC(=O)c2ccccc21,1,1.348388265972515
ECOTOX,100,Route+Agrochemical,4,6,ACYCLIC:CC(C)=CCCC(C)=CCO,1,0.25769941297464094
ECOTOX,100,Route+Agrochemical,5,13,ACYCLIC:O=S(=O)([O-])[O-].O=S(=O)([O-])[O-].O=S(=O)([O-])[O-].[Fe+3].[Fe+3],1,-0.40646126026516816
ECOTOX,100,Route+Agrochemical,6,15,C1CCCCC1,1,1.348388265972515
ECOTOX,100,Route+Agrochemical,7,19,ACYCLIC:COP(=O)(OC)OC=C(Cl)Cl,1,1.348388265972515
ECOTOX,100,Route+Agrochemical,8,20,c1ccccc1,1,1.348388265972515
ECOTOX,100,Route+Agrochemical,9,21,ACYCLIC:O=S(=O)([O-])[O-].[Zn+2],0,0.011841760366864074
ECOTOX,100,Route+Agrochemical,10,22,ACYCLIC:COC(=O)C=C(C)OP(=O)(OC)OC,1,1.2712869716483126
ECOTOX,100,Route+Agrochemical,11,23,ACYCLIC:O=P(O)(O)CCCl,1,-0.40646126026516816
ECOTOX,100,Route+Agrochemical,12,26,ACYCLIC:O=S(=O)([O-])[O-].[Mn+2],1,0.22911461593881144
ECOTOX,100,Route+Agrochemical,13,27,c1ccccc1,1,0.33480070729884337
ECOTOX,100,Route+Agrochemical,14,33,c1ccc2ccccc2c1,1,1.348388265972515
ECOTOX,100,Route+Agrochemical,15,34,ACYCLIC:CC(=O)O.CCCCCCCCCCCCN=C(N)N,0,0.08894305469106653
ECOTOX,100,Route+Agrochemical,16,35,c1ccccc1,1,-0.40646126026516816
ECOTOX,100,Route+Agrochemical,17,40,c1ccccc1,0,-0.40646126026516816
ECOTOX,100,Route+Agrochemical,18,43,c1ccccc1,1,0.33480070729884337
ECOTOX,100,Route+Agrochemical,19,44,ACYCLIC:C[CH2][Hg][Cl],1,0.22911461593881144
ECOTOX,100,Route+Agrochemical,20,45,ACYCLIC:[Na+].[O-][Cl+2]([O-])[O-],1,-0.4835625545893707
ECOTOX,100,Route+Agrochemical,21,47,c1ccccc1,0,-0.40646126026516816
ECOTOX,100,Route+Agrochemical,22,48,ACYCLIC:[Cl][Cd][Cl],1,0.011841760366864074
ECOTOX,100,Route+Agrochemical,23,49,c1ccccc1,0,-0.03663338383236911
ECOTOX,100,Route+Agrochemical,24,50,O=C1NC(=O)c2ccccc21,1,0.08894305469106653
ECOTOX,100,Route+Agrochemical,25,52,ACYCLIC:O=[N+]([O-])C(Cl)(Cl)Cl,1,0.33480070729884337
ECOTOX,100,Route+Agrochemical,26,54,S=C1NCNCS1,1,0.34133694554818317
ECOTOX,100,Route+Agrochemical,27,56,c1ccccc1,1,-0.40646126026516816
ECOTOX,100,Route+Agrochemical,28,59,ACYCLIC:O=S(=O)([O-])[O-].O=S(=O)([O-])[O-].O=S(=O)([O-])[O-].[Cr+3].[Cr+3],1,0.22911461593881144
ECOTOX,100,Route+Agrochemical,29,60,ACYCLIC:O=N[O-].[Na+],0,0.30621591026301387
ECOTOX,100,Route+Agrochemical,30,61,ACYCLIC:CSSC,1,0.33480070729884337
ECOTOX,100,Route+Agrochemical,31,64,c1ccccc1,0,-0.40646126026516816
ECOTOX,100,Route+Agrochemical,32,65,c1ccccc1,0,-0.40646126026516816
ECOTOX,100,Route+Agrochemical,33,67,ACYCLIC:COP(=O)(NC(C)=O)SC,1,1.348388265972515
ECOTOX,100,Route+Agrochemical,34,73,ACYCLIC:CCOP(=O)(OCC)OP(=O)(OCC)OCC,1,1.348388265972515
ECOTOX,100,Route+Agrochemical,35,75,c1ccoc1,1,0.08894305469106653
ECOTOX,100,Route+Agrochemical,36,77,c1ccc(Oc2ccccc2)cc1,0,0.33480070729884337
ECOTOX,100,Route+Agrochemical,37,80,c1ccccc1,1,0.22911461593881144
ECOTOX,100,Route+Agrochemical,38,82,ACYCLIC:CCCCCCCCC(=O)O,1,0.4184382398723857
ECOTOX,100,Route+Agrochemical,39,83,C1CNCCN1,1,0.08894305469106653
ECOTOX,100,Route+Agrochemical,40,86,O=c1ccc(=O)[nH][nH]1,1,-0.40646126026516816
ECOTOX,100,Route+Agrochemical,41,87,O=C(OCc1cccc(Oc2ccccc2)c1)C1CC1,1,1.348388265972515
ECOTOX,100,Route+Agrochemical,42,90,c1ccccc1,1,-0.40646126026516816
ECOTOX,100,Route+Agrochemical,43,92,ACYCLIC:CCOC(=O)CC(SP(=S)(OC)OC)C(=O)OCC,1,1.348388265972515
ECOTOX,100,Route+Agrochemical,44,95,O=C1CCCN1,0,0.33480070729884337
ECOTOX,100,Route+Agrochemical,45,96,c1ccc2c(c1)CCCC2,1,0.30621591026301387
ECOTOX,100,Route+Agrochemical,46,98,ACYCLIC:C[As](C)(=O)O,0,-0.40646126026516816
ECOTOX,100,Route+Agrochemical,47,100,c1ccccc1,1,1.348388265972515
ECOTOX,100,Route+Agrochemical,48,101,ACYCLIC:CCSC(=O)N(CC(C)C)CC(C)C,1,-0.40646126026516816
ECOTOX,100,Route+Agrochemical,49,102,c1ccc(Cc2ccccc2)cc1,1,0.30621591026301387
ECOTOX,100,Route+Agrochemical,50,103,c1ccccc1,1,0.33480070729884337
ECOTOX,100,Route+Agrochemical,51,105,ACYCLIC:C[As](=O)([O-])O.[Na+],1,-0.40646126026516816
ECOTOX,100,Route+Agrochemical,52,111,c1ccc2[nH]cnc2c1,1,0.011841760366864074
ECOTOX,100,Route+Agrochemical,53,115,c1ccc2nccnc2c1,1,0.33480070729884337
ECOTOX,100,Route+Agrochemical,54,116,O=c1[nH]nnc2ccccc12,1,0.33480070729884337
ECOTOX,100,Route+Agrochemical,55,117,c1ccccc1,1,0.33480070729884337
ECOTOX,100,Route+Agrochemical,56,118,c1ccc2ccccc2c1,1,0.25769941297464094
ECOTOX,100,Route+Agrochemical,57,119,c1ccccc1,1,-0.4835625545893707
ECOTOX,100,Route+Agrochemical,58,121,c1ccc(Cc2ccccc2)cc1,1,0.25769941297464094
ECOTOX,100,Route+Agrochemical,59,123,c1ccc(-c2ccc3ccccc3[o+]2)cc1,0,0.08894305469106653
ECOTOX,100,Route+Agrochemical,60,128,O=c1cccnn1-c1ccccc1,0,-0.40646126026516816
ECOTOX,100,Route+Agrochemical,61,129,c1ccccc1,1,0.33480070729884337
ECOTOX,100,Route+Agrochemical,62,130,c1ccccc1,1,1.348388265972515
ECOTOX,100,Route+Agrochemical,63,133,ACYCLIC:CNC(=O)CSP(=S)(OC)OC,1,1.348388265972515
ECOTOX,100,Route+Agrochemical,64,135,c1ccc(OCn2cncn2)cc1,1,0.08894305469106653
ECOTOX,100,Route+Agrochemical,65,136,O=C(Nc1ccccc1)Oc1ccccc1,1,-0.40646126026516816
ECOTOX,100,Route+Agrochemical,66,138,ACYCLIC:O=[N+]([O-])[O-].O=[N+]([O-])[O-].O=[N+]([O-])[O-].[Cr+3],1,0.22911461593881144
ECOTOX,100,Route+Agrochemical,67,142,ACYCLIC:CN(C)C(=S)SSC(=S)N(C)C,1,0.08894305469106653
ECOTOX,100,Route+Agrochemical,68,143,c1ccccc1,1,1.348388265972515
ECOTOX,100,Route+Agrochemical,69,144,c1ccc(Cc2ccccc2)cc1,0,1.348388265972515
ECOTOX,100,Route+Agrochemical,70,145,c1cc[c]([Sn]([c]2ccccc2)[c]2ccccc2)cc1,0,0.08894305469106653
ECOTOX,100,Route+Agrochemical,71,151,c1ccccc1,1,0.08894305469106653
ECOTOX,100,Route+Agrochemical,72,153,ACYCLIC:CCSCCSP(=S)(OC)OC,1,0.33480070729884337
ECOTOX,100,Route+Agrochemical,73,154,c1cc(-c2cc[nH+]cc2)cc[nH+]1,1,-0.4835625545893707
ECOTOX,100,Route+Agrochemical,74,158,ACYCLIC:[F][Al-3]([F])([F])([F])([F])[F].[Na+].[Na+].[Na+],0,1.348388265972515
ECOTOX,100,Route+Agrochemical,75,162,ACYCLIC:[S],0,0.08894305469106653
ECOTOX,100,Route+Agrochemical,76,167,O=C1C=CC(OC(=O)C2CC2)C1.O=C1C=CC(OC(=O)C2CC2)C1,1,1.2712869716483126
ECOTOX,100,Route+Agrochemical,77,169,ACYCLIC:[Cd],0,0.22911461593881144
ECOTOX,100,Route+Agrochemical,78,170,ACYCLIC:[Ca+2].[S-]SSS[S-],1,1.348388265972515
ECOTOX,100,Route+Agrochemical,79,171,ACYCLIC:CCOP(=S)(OCC)SCSC(C)(C)C,1,1.348388265972515
ECOTOX,100,Route+Agrochemical,80,173,c1ccc(COc2ccn(-c3ccccc3)n2)cc1,1,0.08894305469106653
ECOTOX,100,Route+Agrochemical,81,176,ACYCLIC:CN(C)C(=S)[S-].CN(C)C(=S)[S-].CN(C)C(=S)[S-].[Fe+3],0,0.011841760366864074
ECOTOX,100,Route+Agrochemical,82,178,c1ccc(Oc2ccccc2)cc1,1,-0.40646126026516816
ECOTOX,100,Route+Agrochemical,83,180,c1ccc(CCn2cncn2)cc1,1,0.011841760366864074
ECOTOX,100,Route+Agrochemical,84,182,ACYCLIC:[As],0,0.22911461593881144
ECOTOX,100,Route+Agrochemical,85,183,c1ccccc1,1,1.2712869716483126
ECOTOX,100,Route+Agrochemical,86,184,ACYCLIC:COP(=O)(OC)OC(Br)C(Cl)(Cl)Br,1,1.348388265972515
ECOTOX,100,Route+Agrochemical,87,185,c1ccccc1,0,0.33480070729884337
ECOTOX,100,Route+Agrochemical,88,186,ACYCLIC:O=[As]([O-])(O)O.[Na+],1,0.22911461593881144
ECOTOX,100,Route+Agrochemical,89,187,c1ccc(OC2CCCCC2)cc1,1,1.348388265972515
ECOTOX,100,Route+Agrochemical,90,188,C1CCC(OC2CCCC(OC3CCCCO3)C2)OC1,1,0.30621591026301387
ECOTOX,100,Route+Agrochemical,91,189,c1ccc(C2(Cn3cncn3)OCCO2)cc1,1,0.08894305469106653
ECOTOX,100,Route+Agrochemical,92,190,c1ccccc1,1,-0.40646126026516816
ECOTOX,100,Route+Agrochemical,93,192,C1=CC2CC1C1CCCC21,1,1.2712869716483126
ECOTOX,100,Route+Agrochemical,94,193,O=C1CC(CCC2CCCCC2=O)CC(=O)N1,0,0.30621591026301387
ECOTOX,100,Route+Agrochemical,95,194,O=C(OCc1coc(Cc2ccccc2)c1)C1CC1,1,1.348388265972515
ECOTOX,100,Route+Agrochemical,96,198,c1ccccc1,0,0.08894305469106653
ECOTOX,100,Route+Agrochemical,97,199,c1ccc2ccccc2c1,1,0.33480070729884337
ECOTOX,100,Route+Agrochemical,98,202,c1ccccc1,0,-0.4835625545893707
ECOTOX,100,Route+Agrochemical,99,203,c1ccc(C2CCCCC2)cc1,0,0.30621591026301387
ECOTOX,100,Route+Agrochemical,100,204,N=C1NC(=O)N(c2ccccc2)CS1,1,1.2712869716483126
ECOTOX,100,Route+Agrochemical,101,205,C1=CC2C3C=CC(C3)C2C1,1,1.348388265972515
ECOTOX,100,Route+Agrochemical,102,206,c1ccccc1,0,0.22911461593881144
ECOTOX,100,Route+Agrochemical,103,207,C1=CC2CC1C1C3C=CC(C3)C21,1,0.30621591026301387
ECOTOX,100,Route+Agrochemical,104,210,c1ccccc1,1,0.22911461593881144
ECOTOX,100,Route+Agrochemical,105,214,C1=CC2CC1C1C3CC(C4OC34)C21,1,1.348388265972515
ECOTOX,100,Route+Agrochemical,106,215,c1ccccc1,1,-0.40646126026516816
ECOTOX,100,Route+Agrochemical,107,216,ACYCLIC:CCOP(=O)(OCC)SCCSCC,1,0.33480070729884337
ECOTOX,100,Route+Agrochemical,108,217,O=C(Nc1ncncn1)NS(=O)(=O)c1ccccc1,1,-0.40646126026516816
ECOTOX,100,Route+Agrochemical,109,218,c1ccccc1,0,0.30621591026301387
ECOTOX,100,Route+Agrochemical,110,219,O=C(OCc1cccc(Oc2ccccc2)c1)C1CC1,1,1.348388265972515
ECOTOX,100,Route+Agrochemical,111,221,ACYCLIC:CC(C)N(C(=O)SCC(Cl)=C(Cl)Cl)C(C)C,1,-0.40646126026516816
ECOTOX,100,Route+Agrochemical,112,222,O=C(Nc1ccccc1)Nc1cnns1,1,-0.40646126026516816
ECOTOX,100,Route+Agrochemical,113,224,c1ccc(Sc2ccccc2)cc1,1,1.348388265972515
ECOTOX,100,Route+Agrochemical,114,225,c1cc[c]([SnH]([c]2ccccc2)[c]2ccccc2)cc1,1,0.30621591026301387
ECOTOX,100,Route+Agrochemical,115,226,c1cncnc1,1,1.0055389718771321
ECOTOX,100,Route+Agrochemical,116,229,c1ccc2c(c1)Cc1ccccc1-2,1,-0.40646126026516816
ECOTOX,100,Route+Agrochemical,117,230,c1ccccc1,0,0.08894305469106653
ECOTOX,100,Route+Agrochemical,118,233,c1ccc(Cc2ccccc2)cc1,1,0.33480070729884337
ECOTOX,100,Route+Agrochemical,119,235,ACYCLIC:CCCOP(=S)(OCCC)OP(=S)(OCCC)OCCC,1,1.348388265972515
ECOTOX,100,Route+Agrochemical,120,237,ACYCLIC:S=C([S-])NCCNC(=S)[S-].[Na+].[Na+],1,0.08894305469106653
ECOTOX,100,Route+Agrochemical,121,238,ACYCLIC:CCS(=O)CCSP(=O)(OC)OC,1,1.2712869716483126
ECOTOX,100,Route+Agrochemical,122,239,c1ccccc1,0,-0.40646126026516816
ECOTOX,100,Route+Agrochemical,123,240,ACYCLIC:CCCSP(=O)(OCC)SCCC,1,1.348388265972515
ECOTOX,100,Route+Agrochemical,124,241,c1ccccc1,1,-0.40646126026516816
ECOTOX,100,Route+Agrochemical,125,243,c1nc[nH]n1,0,-0.40646126026516816
ECOTOX,100,Route+Agrochemical,126,246,O=c1[nH]nnc2ccccc12,1,1.2712869716483126
ECOTOX,100,Route+Agrochemical,127,247,ACYCLIC:CN(C)P(=O)(F)N(C)C,1,0.25769941297464094
ECOTOX,100,Route+Agrochemical,128,249,ACYCLIC:CC(Cl)(Cl)C(=O)O,1,0.33480070729884337
ECOTOX,100,Route+Agrochemical,129,251,C1COCCO1,1,0.33480070729884337
ECOTOX,100,Route+Agrochemical,130,253,c1ccccc1,1,1.348388265972515
ECOTOX,100,Route+Agrochemical,131,254,ACYCLIC:CCOP(=S)(OCC)SCCSCC,1,1.348388265972515
ECOTOX,100,Route+Agrochemical,132,255,c1ccccc1,0,0.33480070729884337
ECOTOX,100,Route+Agrochemical,133,261,c1ncncn1,1,-0.40646126026516816
ECOTOX,100,Route+Agrochemical,134,262,ACYCLIC:CCSCCSP(=O)(OC)OC,1,0.25769941297464094
ECOTOX,100,Route+Agrochemical,135,264,O=c1[nH]ncs1,1,1.348388265972515
ECOTOX,100,Route+Agrochemical,136,265,c1ncncn1,1,-0.40646126026516816
ECOTOX,100,Route+Agrochemical,137,266,c1ccccc1,1,1.348388265972515
ECOTOX,100,Route+Agrochemical,138,268,c1ccc(Oc2cnc3ccccc3n2)cc1,1,0.33480070729884337
ECOTOX,100,Route+Agrochemical,139,269,c1ccncc1,1,-0.4835625545893707
ECOTOX,100,Route+Agrochemical,140,270,O=c1ccc2ccccc2o1,1,1.2712869716483126
ECOTOX,100,Route+Agrochemical,141,271,ACYCLIC:CCOP(=S)(OCC)SCSCC,1,1.2712869716483126
ECOTOX,100,Route+Agrochemical,142,273,ACYCLIC:CCCN(CCC)C(=O)SCC,1,-0.4835625545893707
ECOTOX,100,Route+Agrochemical,143,279,ACYCLIC:CCN(CC)C(=O)C(Cl)=C(C)OP(=O)(OC)OC,1,1.348388265972515
ECOTOX,100,Route+Agrochemical,144,280,O=c1[nH]c2ccccc2o1,1,1.348388265972515
ECOTOX,100,Route+Agrochemical,145,281,c1ncncn1,1,-0.40646126026516816
ECOTOX,100,Route+Agrochemical,146,283,c1cc(-c2cc[nH+]cc2)cc[nH+]1,1,0.33480070729884337
ECOTOX,100,Route+Agrochemical,147,287,c1cn[nH]c1,1,0.33480070729884337
ECOTOX,100,Route+Agrochemical,148,288,c1ncncn1,1,-0.40646126026516816
ECOTOX,100,Route+Agrochemical,149,289,c1ncncn1,1,-0.40646126026516816
ECOTOX,100,Route+Agrochemical,150,291,c1ncncn1,1,-0.40646126026516816
ECOTOX,100,Route+Agrochemical,151,292,c1ccccc1,1,0.33480070729884337
ECOTOX,100,Route+Agrochemical,152,294,c1ccncc1,1,0.33480070729884337
ECOTOX,100,Route+Agrochemical,153,295,ACYCLIC:C[N+](C)(C)CCCl.[Cl-],1,-0.40646126026516816
ECOTOX,100,Route+Agrochemical,154,296,c1ccc2[nH]c(-c3cscn3)nc2c1,1,0.011841760366864074
ECOTOX,100,Route+Agrochemical,155,298,c1ccc(CNc2ncnc3nc[nH]c23)cc1,1,0.33480070729884337
ECOTOX,100,Route+Agrochemical,156,299,S=[PH](Oc1ccccc1)c1ccccc1,1,1.348388265972515
ECOTOX,100,Route+Agrochemical,157,303,c1ccccc1,1,1.348388265972515
ECOTOX,100,Route+Agrochemical,158,304,O=C1C2C3C4CC5C3C1C5C42,1,1.348388265972515
ECOTOX,100,Route+Agrochemical,159,306,c1ccccc1,1,-0.40646126026516816
ECOTOX,100,Route+Agrochemical,160,307,c1ncncn1,1,0.22911461593881144
ECOTOX,100,Route+Agrochemical,161,308,c1cnccn1,1,0.33480070729884337
ECOTOX,100,Route+Agrochemical,162,309,S=[PH](Oc1ccccc1)c1ccccc1,1,0.30621591026301387
ECOTOX,100,Route+Agrochemical,163,310,c1ccc(C[CH2][Sn]([CH2]Cc2ccccc2)([CH2]Cc2ccccc2)[O][Sn]([CH2]Cc2ccccc2)([CH2]Cc2ccccc2)[CH2]Cc2ccccc2)cc1,0,1.348388265972515
ECOTOX,100,Route+Agrochemical,164,312,O=c1cc[nH]c(=O)[nH]1,0,-0.40646126026516816
ECOTOX,100,Route+Agrochemical,165,314,c1ccccc1,1,1.348388265972515
ECOTOX,100,Route+Agrochemical,166,317,c1ncnc(NC2CC2)n1,1,-0.40646126026516816
ECOTOX,100,Route+Agrochemical,167,319,c1cn[nH]c1,1,0.33480070729884337
ECOTOX,100,Route+Agrochemical,168,320,c1ccccc1,1,-0.4835625545893707
ECOTOX,100,Route+Agrochemical,169,322,c1ccccc1,1,0.30621591026301387
ECOTOX,100,Route+Agrochemical,170,324,O=c1sc2nc3ccccc3nc2s1,1,0.08894305469106653
ECOTOX,100,Route+Agrochemical,171,325,S=c1sc2nc3ccccc3nc2s1,0,0.30621591026301387
ECOTOX,100,Route+Agrochemical,172,326,ACYCLIC:S=C([S-])NCCNC(=S)[S-].[Mn+2],1,0.08894305469106653
ECOTOX,100,Route+Agrochemical,173,327,ACYCLIC:COP(=O)(OC)OC(C)=CC(=O)N(C)C,1,1.0055389718771321
ECOTOX,100,Route+Agrochemical,174,329,ACYCLIC:C[As](=O)([O-])[O-].[Na+].[Na+],1,-0.40646126026516816
ECOTOX,100,Route+Agrochemical,175,335,c1ccncc1,1,-0.40646126026516816
ECOTOX,100,Route+Agrochemical,176,339,c1ccccc1,1,1.348388265972515
ECOTOX,100,Route+Agrochemical,177,340,C1C2C3C4CC5C3C1C5C24,1,1.348388265972515
ECOTOX,100,Route+Agrochemical,178,343,c1ccncc1,1,0.33480070729884337
ECOTOX,100,Route+Agrochemical,179,345,ACYCLIC:CNC(=O)ON=CC(C)(C)SC,1,1.348388265972515
ECOTOX,100,Route+Agrochemical,180,346,c1ccccc1,1,1.2712869716483126
ECOTOX,100,Route+Agrochemical,181,347,N=C1SCCS1,1,0.30621591026301387
ECOTOX,100,Route+Agrochemical,182,350,ACYCLIC:COC(=O)C=C(CC(=O)OC)OP(=O)(OC)OC,1,0.30621591026301387
ECOTOX,100,Route+Agrochemical,183,351,c1ccccc1,1,1.348388265972515
ECOTOX,100,Route+Agrochemical,184,355,c1ccc2c(c1)CCO2,1,1.348388265972515
ECOTOX,100,Route+Agrochemical,185,358,ACYCLIC:CNC(=O)ON=C(SC)C(=O)N(C)C,1,1.0055389718771321
ECOTOX,100,Route+Agrochemical,186,359,c1ccccc1,1,0.33480070729884337
ECOTOX,100,Route+Agrochemical,187,361,c1ccncc1,1,1.348388265972515
ECOTOX,100,Route+Agrochemical,188,363,O=c1nc[nH]c(=O)n1C1CCCCC1,1,-0.40646126026516816
ECOTOX,100,Route+Agrochemical,189,366,ACYCLIC:CNC(=O)ON=C(C)SC,1,1.2712869716483126
ECOTOX,100,Route+Agrochemical,190,367,c1ccccc1,1,0.33480070729884337
ECOTOX,100,Route+Agrochemical,191,369,c1ccccc1,1,1.348388265972515
ECOTOX,100,Route+Agrochemical,192,370,ACYCLIC:CNC(=O)CSP(=O)(OC)OC,1,1.2712869716483126
ECOTOX,100,Route+Agrochemical,193,371,c1ccccc1,1,-0.40646126026516816
ECOTOX,100,Route+Agrochemical,194,374,c1ccccc1,0,0.011841760366864074
ECOTOX,100,Route+Agrochemical,195,379,c1ccccc1,1,1.348388265972515
ECOTOX,100,Route+Agrochemical,196,380,c1ccccc1,1,1.348388265972515
ECOTOX,100,Route+Agrochemical,197,381,C1CC[CH]([Sn]([CH]2CCCCC2)[CH]2CCCCC2)CC1,1,0.33480070729884337
ECOTOX,100,Route+Agrochemical,198,387,O=C(Nc1ccccc1)C1=COCCS1,1,0.011841760366864074
ECOTOX,100,Route+Agrochemical,199,388,c1ccc2[nH]cnc2c1,1,0.08894305469106653
ECOTOX,100,Route+Agrochemical,200,389,c1ccccc1,1,0.33480070729884337
ECOTOX,100,Route+Agrochemical,201,390,c1ccccc1,1,1.348388265972515
ECOTOX,100,Route+Agrochemical,202,392,ACYCLIC:O.O=S(=O)([O-])[O-].[Fe+2],1,-0.40646126026516816
ECOTOX,100,Route+Agrochemical,203,393,c1ccc2sccc2c1,1,0.30621591026301387
ECOTOX,100,Route+Agrochemical,204,396,c1ccccc1,1,-0.4835625545893707
ECOTOX,100,Route+Agrochemical,205,397,c1ccc(C2OCCO2)cc1,1,0.33480070729884337
ECOTOX,100,Route+Agrochemical,206,398,c1ccccc1,1,1.2712869716483126
ECOTOX,100,Route+Agrochemical,207,400,O=c1cc[nH]c(=O)[nH]1,0,-0.40646126026516816
ECOTOX,100,Route+Agrochemical,208,405,c1ccccc1,1,0.08894305469106653
ECOTOX,100,Route+Agrochemical,209,407,c1ccccc1,1,-0.4835625545893707
ECOTOX,100,Route+Agrochemical,210,410,ACYCLIC:CCS(=O)(=O)CCSP(=O)(OC)OC,1,0.22911461593881144
ECOTOX,100,Route+Agrochemical,211,415,c1ccc(C(c2ccccc2)c2cccnc2)cc1,1,0.08894305469106653
ECOTOX,100,Route+Agrochemical,212,416,O=C(Nc1ccccc1)NC1CCCCC1,0,-0.40646126026516816
ECOTOX,100,Route+Agrochemical,213,417,c1ccccc1,1,-0.40646126026516816
ECOTOX,100,Route+Agrochemical,214,418,c1ccccc1,1,0.30621591026301387
ECOTOX,100,Route+Agrochemical,215,421,C1CCCCC1,1,-0.4835625545893707
ECOTOX,100,Route+Agrochemical,216,424,c1ccncc1,1,-0.40646126026516816
ECOTOX,100,Route+Agrochemical,217,425,ACYCLIC:COP(=O)(OC)SCCSC.COP(=S)(OC)OCCSC,1,0.22911461593881144
ECOTOX,100,Route+Agrochemical,218,429,O=C(Nc1ccccc1)Oc1ccccc1,1,-0.40646126026516816
ECOTOX,100,Route+Agrochemical,219,431,c1ccccc1,1,0.30621591026301387
ECOTOX,100,Route+Agrochemical,220,434,c1cnc2ccnn2c1,1,0.33480070729884337
ECOTOX,100,Route+Agrochemical,221,436,c1ccc(-c2ccccc2)cc1,1,0.30621591026301387
ECOTOX,100,Route+Agrochemical,222,438,C1=CC2C(O1)OC1CC2C2OC12C1CC2OCC3CCCC4(COCC14)C32,1,1.1311154104005676
ECOTOX,100,Route+Agrochemical,223,439,c1ccccc1,1,0.33480070729884337
ECOTOX,100,Route+Agrochemical,224,440,ACYCLIC:O=C(O)CNCP(=O)(O)O,1,-0.40646126026516816
ECOTOX,100,Route+Agrochemical,225,441,c1cncnc1,1,1.2712869716483126
ECOTOX,100,Route+Agrochemical,226,442,ACYCLIC:COP(N)(=O)SC,1,1.0055389718771321
ECOTOX,100,Route+Agrochemical,227,443,O=c1ocnn1-c1ccccc1,1,-0.40646126026516816
ECOTOX,100,Route+Agrochemical,228,448,c1ccc2c(c1)OCO2,1,1.348388265972515
ECOTOX,100,Route+Agrochemical,229,449,c1cncnc1,1,1.2712869716483126
ECOTOX,100,Route+Agrochemical,230,453,ACYCLIC:CNC(=O)ON=CC(C)(C)S(C)=O,1,-0.008048586796539636
ECOTOX,100,Route+Agrochemical,231,454,c1ccccc1,1,-0.40646126026516816
ECOTOX,100,Route+Agrochemical,232,456,C(=NNc1ccccc1)c1ccccc1,1,0.30621591026301387
ECOTOX,100,Route+Agrochemical,233,459,c1ccncc1,1,1.2712869716483126
ECOTOX,100,Route+Agrochemical,234,462,c1ccccc1,1,-0.4835625545893707
ECOTOX,100,Route+Agrochemical,235,463,O=C(Nc1cccc2ccccc12)c1ccccc1,0,-0.40646126026516816
ECOTOX,100,Route+Agrochemical,236,466,ACYCLIC:CNC(=O)ON=C(CSC)C(C)(C)C,1,0.33480070729884337
ECOTOX,100,Route+Agrochemical,237,470,c1ccc(CCn2ccnc2)cc1,1,0.011841760366864074
ECOTOX,100,Route+Agrochemical,238,475,c1cscn1,0,1.2712869716483126
ECOTOX,100,Route+Agrochemical,239,477,O=C(Nc1ccccc1)Nc1ccncc1,1,0.33480070729884337
ECOTOX,100,Route+Agrochemical,240,480,ACYCLIC:CC(C)N.O=C(O)CNCP(=O)(O)O,1,-0.40646126026516816
ECOTOX,100,Route+Agrochemical,241,483,c1ccccc1,1,-0.4835625545893707
ECOTOX,100,Route+Agrochemical,242,486,c1nncs1,1,-0.40646126026516816
ECOTOX,100,Route+Agrochemical,243,488,c1ccccc1,1,0.25769941297464094
ECOTOX,100,Route+Agrochemical,244,495,c1ccc(-n2cccn2)cc1,1,1.348388265972515
ECOTOX,100,Route+Agrochemical,245,496,O=c1c(-c2ccccc2)c[nH]cc1-c1ccccc1,1,-0.40646126026516816
ECOTOX,100,Route+Agrochemical,246,497,c1ccc(C(c2cncnc2)C2CC2)cc1,1,-0.40646126026516816
ECOTOX,100,Route+Agrochemical,247,501,O=C(OCc1cccc(Oc2ccccc2)c1)C1CC1,1,1.348388265972515
ECOTOX,100,Route+Agrochemical,248,502,O=C(Nc1ncccn1)NS(=O)(=O)c1ccccc1,1,-0.40646126026516816
ECOTOX,100,Route+Agrochemical,249,503,c1ccc(C(CC2CC2)Cn2cncn2)cc1,1,0.011841760366864074
ECOTOX,100,Route+Agrochemical,250,504,c1ccc(C(c2ccccc2)c2cncnc2)cc1,1,0.011841760366864074
ECOTOX,100,Route+Agrochemical,251,505,c1ccccc1,0,-0.40646126026516816
ECOTOX,100,Route+Agrochemical,252,506,ACYCLIC:CCCCCCCCSCCO,1,1.348388265972515
ECOTOX,100,Route+Agrochemical,253,508,O=C(NCCc1ccccn1)c1ccccc1,1,0.08894305469106653
ECOTOX,100,Route+Agrochemical,254,509,c1ccc(Oc2ccccc2)cc1,1,-0.4835625545893707
ECOTOX,100,Route+Agrochemical,255,510,O=C(Cc1ccccc1)OCc1cccc(Oc2ccccc2)c1,1,1.0055389718771321
ECOTOX,100,Route+Agrochemical,256,511,c1ccc(-c2ccc[nH]2)cc1,1,1.348388265972515
ECOTOX,100,Route+Agrochemical,257,512,O=c1cco[nH]1,1,0.08894305469106653
ECOTOX,100,Route+Agrochemical,258,513,C1OCC2OC3OCOC3C2O1,1,-0.6237341158371156
ECOTOX,100,Route+Agrochemical,259,515,c1ccncc1,1,-0.4835625545893707
ECOTOX,100,Route+Agrochemical,260,516,O=C1CNC(=O)N1c1ccccc1,0,0.011841760366864074
ECOTOX,100,Route+Agrochemical,261,519,c1ccccc1,1,0.30621591026301387
ECOTOX,100,Route+Agrochemical,262,520,O=C(OCc1cccc(Oc2ccccc2)c1)C1CC1,1,1.0055389718771321
ECOTOX,100,Route+Agrochemical,263,530,c1ccccc1,0,-0.40646126026516816
ECOTOX,100,Route+Agrochemical,264,531,c1ccccc1,1,1.0055389718771321
ECOTOX,100,Route+Agrochemical,265,532,O=C(NC(=O)c1ccccc1)Nc1ccccc1,1,0.30621591026301387
ECOTOX,100,Route+Agrochemical,266,534,c1ccc(OCn2cncn2)cc1,0,0.08894305469106653
ECOTOX,100,Route+Agrochemical,267,535,ACYCLIC:CCOP(=O)([O-])C(N)=O.[NH4+],0,-0.40646126026516816
ECOTOX,100,Route+Agrochemical,268,538,c1ccccc1,1,-0.40646126026516816
ECOTOX,100,Route+Agrochemical,269,540,c1ccccc1,1,0.08894305469106653
ECOTOX,100,Route+Agrochemical,270,551,ACYCLIC:CSC(C)=NOC(=O)N(C)SN(C)C(=O)ON=C(C)SC,1,1.2712869716483126
ECOTOX,100,Route+Agrochemical,271,552,c1ccccc1,1,0.011841760366864074
ECOTOX,100,Route+Agrochemical,272,553,ACYCLIC:CCNC(=O)NC(=O)C(C#N)=NOC,1,0.08894305469106653
ECOTOX,100,Route+Agrochemical,273,554,N=C1SCCS1,1,0.33480070729884337
ECOTOX,100,Route+Agrochemical,274,562,ACYCLIC:CCCOC(=O)NCCCN(C)C.Cl,1,0.08894305469106653
ECOTOX,100,Route+Agrochemical,275,564,ACYCLIC:O=S(=O)([O-])C(F)(F)C(F)(F)C(F)(F)C(F)(F)C(F)(F)C(F)(F)C(F)(F)C(F)(F)F.[K+],1,0.22911461593881144
ECOTOX,100,Route+Agrochemical,276,567,O=S1(=O)C=CS(=O)(=O)CC1,1,-0.40646126026516816
ECOTOX,100,Route+Agrochemical,277,578,c1ccccc1,1,0.33480070729884337
ECOTOX,100,Route+Agrochemical,278,581,O=C1C=CC(OC(=O)C2CC2)C1,1,1.348388265972515
ECOTOX,100,Route+Agrochemical,279,582,c1ccccc1,1,0.08894305469106653
ECOTOX,100,Route+Agrochemical,280,585,O=C(Nc1ccccc1)N1COC2Cc3ccccc3C2=N1,1,1.348388265972515
ECOTOX,100,Route+Agrochemical,281,586,O=C(OCc1ccccc1)C1CC1,1,1.348388265972515
ECOTOX,100,Route+Agrochemical,282,590,O=C(OCc1cccc(Oc2ccccc2)c1)C1CC1C=Cc1ccccc1,1,0.30621591026301387
ECOTOX,100,Route+Agrochemical,283,591,O=C(Nc1ncccn1)NS(=O)(=O)c1ccccc1,1,-0.40646126026516816
ECOTOX,100,Route+Agrochemical,284,592,O=C1OC2(C=C1c1ccccc1)CCCC2,0,1.348388265972515
ECOTOX,100,Route+Agrochemical,285,593,C(=Cc1ccccc1)C(C=Cc1ccccc1)=NNC1=NCCCN1,1,1.348388265972515
ECOTOX,100,Route+Agrochemical,286,610,c1ccc2c(c1)CCO2,1,-0.4835625545893707
ECOTOX,100,Route+Agrochemical,287,614,c1ccc(Oc2ccc(OCCOc3ccccn3)cc2)cc1,1,1.348388265972515
ECOTOX,100,Route+Agrochemical,288,617,c1ccc(CCCN2CCOCC2)cc1,1,0.011841760366864074
ECOTOX,100,Route+Agrochemical,289,619,c1ccc(-c2nnc(-c3ccccc3)nn2)cc1,1,0.25769941297464094
ECOTOX,100,Route+Agrochemical,290,626,c1ccc(CCOCc2cccc(Oc3ccccc3)c2)cc1,1,1.348388265972515
ECOTOX,100,Route+Agrochemical,291,627,c1ccncc1,1,-0.40646126026516816
ECOTOX,100,Route+Agrochemical,292,630,c1ccc(CCn2cncn2)cc1,0,0.011841760366864074
ECOTOX,100,Route+Agrochemical,293,631,c1ccc(Cc2cncnc2)cc1,1,0.33480070729884337
ECOTOX,100,Route+Agrochemical,294,636,c1ccc(Oc2ccccc2)cc1,0,-0.40646126026516816
ECOTOX,100,Route+Agrochemical,295,638,O=C(NC1CCCCC1)N1CC(c2ccccc2)SC1=O,1,0.25769941297464094
ECOTOX,100,Route+Agrochemical,296,645,O=C(Nc1ncncn1)NS(=O)(=O)c1ccccc1,1,-0.40646126026516816
ECOTOX,100,Route+Agrochemical,297,650,O=C1CCON1Cc1ccccc1,1,-0.4835625545893707
ECOTOX,100,Route+Agrochemical,298,658,c1ccncc1,1,-0.40646126026516816
ECOTOX,100,Route+Agrochemical,299,660,c1ccc2ncccc2c1,0,-0.40646126026516816
ECOTOX,100,Route+Agrochemical,300,668,c1ccc(CNc2ccccc2)cc1,1,0.33480070729884337
ECOTOX,100,Route+Agrochemical,301,671,O=C(Nc1ncccn1)NS(=O)(=O)c1ccccc1,1,-0.40646126026516816
ECOTOX,100,Route+Agrochemical,302,681,O=c1cc(SCc2ccccc2)cn[nH]1,1,1.348388265972515
ECOTOX,100,Route+Agrochemical,303,683,c1ccc(Oc2ccnc3ccccc23)cc1,1,0.011841760366864074
ECOTOX,100,Route+Agrochemical,304,684,O=c1sc(=Nc2ccccc2)n2n1CCCC2,1,-0.40646126026516816
ECOTOX,100,Route+Agrochemical,305,686,O=C(Nc1ncccn1)NS(=O)(=O)c1ccccn1,1,-0.40646126026516816
ECOTOX,100,Route+Agrochemical,306,690,c1ccc(Nc2ncccn2)cc1,1,0.08894305469106653
ECOTOX,100,Route+Agrochemical,307,693,c1ccccc1,1,0.011841760366864074
ECOTOX,100,Route+Agrochemical,308,695,O=C(c1cccc(C2=NOCC2)c1)c1c[nH][nH]c1=O,1,-0.4835625545893707
ECOTOX,100,Route+Agrochemical,309,699,O=C(C=C(c1ccccc1)c1ccccc1)N1CCOCC1,1,0.08894305469106653
ECOTOX,100,Route+Agrochemical,310,700,ACYCLIC:CCOP(=S)(OCC)OC(Cl)C(Cl)(Cl)Cl,1,1.348388265972515
ECOTOX,100,Route+Agrochemical,311,701,O=C1COc2ccc(N3C(=O)C4=C(CCCC4)C3=O)cc2N1,0,-0.40646126026516816
ECOTOX,100,Route+Agrochemical,312,703,O=C1C2=C(CCCC2)C(=O)N1c1ccccc1,0,-0.40646126026516816
ECOTOX,100,Route+Agrochemical,313,707,O=S(=O)(Nc1ccccc1)c1nc2ncccn2n1,1,-0.40646126026516816
ECOTOX,100,Route+Agrochemical,314,710,c1ccc(Oc2ccc(C3(Cn4cncn4)OCCO3)cc2)cc1,1,0.08894305469106653
ECOTOX,100,Route+Agrochemical,315,711,O=C(NNC(=O)c1ccccc1)c1ccccc1,0,1.348388265972515
ECOTOX,100,Route+Agrochemical,316,714,c1ccc(CCC(Cn2cncn2)c2ccccc2)cc1,1,0.011841760366864074
ECOTOX,100,Route+Agrochemical,317,715,c1ccncc1,1,-0.40646126026516816
ECOTOX,100,Route+Agrochemical,318,717,O=C(Nc1ncccn1)NS(=O)(=O)c1cnc2ccccn12,1,-0.40646126026516816
ECOTOX,100,Route+Agrochemical,319,724,c1cncc(C2=NCCS2)c1,1,-0.40646126026516816
ECOTOX,100,Route+Agrochemical,320,726,C(=NOCc1ccccc1)c1ccccc1,0,0.08894305469106653
ECOTOX,100,Route+Agrochemical,321,729,c1ccc(CCOc2ncnc3ccccc23)cc1,1,1.348388265972515
ECOTOX,100,Route+Agrochemical,322,730,O=C(COc1nncs1)Nc1ccccc1,0,-0.40646126026516816
ECOTOX,100,Route+Agrochemical,323,731,c1ccc(COc2ccccc2)cc1,1,0.08894305469106653
ECOTOX,100,Route+Agrochemical,324,733,c1cc2c(c(-c3cc[nH]c3)c1)OCO2,1,0.08894305469106653
ECOTOX,100,Route+Agrochemical,325,734,c1ccc(Oc2ccccc2)cc1,1,-0.40646126026516816
ECOTOX,100,Route+Agrochemical,326,736,O=C(Nc1ccccc1)c1ccccc1,0,1.348388265972515
ECOTOX,100,Route+Agrochemical,327,737,O=C1C=CC(=O)c2ccccc21,0,0.33480070729884337
ECOTOX,100,Route+Agrochemical,328,739,O=C1NCCS1,1,0.33480070729884337
ECOTOX,100,Route+Agrochemical,329,747,c1ccc2snnc2c1,1,1.0540141160763652
ECOTOX,100,Route+Agrochemical,330,748,O=c1[nH]cnn1-c1ccccc1,1,-0.40646126026516816
ECOTOX,100,Route+Agrochemical,331,751,S=c1nc[nH]n1CC(Cc1ccccc1)C1CC1,0,0.08894305469106653
ECOTOX,100,Route+Agrochemical,332,752,O=C1NN=CCN1N=Cc1cccnc1,1,1.2712869716483126
ECOTOX,100,Route+Agrochemical,333,755,O=C(Nc1ncccn1)NS(=O)(=O)c1ccccn1,1,-0.4835625545893707
ECOTOX,100,Route+Agrochemical,334,756,O=C(Nc1ncccn1)NS(=O)(=O)Nc1ccccc1,1,-0.40646126026516816
ECOTOX,100,Route+Agrochemical,335,761,O=C(Nc1ncccn1)NS(=O)(=O)c1cnc2ccccn12,1,-0.4835625545893707
ECOTOX,100,Route+Agrochemical,336,764,c1ccc(Oc2cc(Oc3ccccc3)ncn2)cc1,0,0.08894305469106653
ECOTOX,100,Route+Agrochemical,337,767,O=C(Nc1ncncn1)NS(=O)(=O)c1ccccc1,1,0.30621591026301387
ECOTOX,100,Route+Agrochemical,338,768,c1ccc(Sc2ncccn2)cc1,1,-0.40646126026516816
ECOTOX,100,Route+Agrochemical,339,770,O=C(OCN1C(=O)CNC1=O)C1CC1,1,1.348388265972515
ECOTOX,100,Route+Agrochemical,340,772,c1ccncc1,1,0.30621591026301387
ECOTOX,100,Route+Agrochemical,341,781,O=S(=O)(Nc1ccccc1)c1nc2ccncn2n1,1,-0.40646126026516816
ECOTOX,100,Route+Agrochemical,342,782,O=C(NC(=O)c1ccccc1)Nc1ccccc1,0,1.348388265972515
ECOTOX,100,Route+Agrochemical,343,787,C1CCC2(CC1)OCCO2,1,0.08894305469106653
ECOTOX,100,Route+Agrochemical,344,788,O=C(Nc1ncncn1)NS(=O)(=O)c1ccccc1,1,-0.4835625545893707
ECOTOX,100,Route+Agrochemical,345,791,O=C1OC(c2ccc(Oc3ccccc3)cc2)C(=O)N1Nc1ccccc1,1,0.011841760366864074
ECOTOX,100,Route+Agrochemical,346,792,c1ccncc1,1,0.33480070729884337
ECOTOX,100,Route+Agrochemical,347,793,O=C1CCCC(=O)C1=CC1CC1,0,0.33480070729884337
ECOTOX,100,Route+Agrochemical,348,794,c1ccc(C2=NC(c3ccccc3)CO2)cc1,0,1.348388265972515
ECOTOX,100,Route+Agrochemical,349,797,N=C(C1=NOCCO1)c1ccccc1Oc1cc(Oc2ccccc2)ncn1,1,0.011841760366864074
ECOTOX,100,Route+Agrochemical,350,799,O=c1[nH]cn[nH]1,0,-0.40646126026516816
ECOTOX,100,Route+Agrochemical,351,800,C1=NCCN1Cc1cccnc1,1,1.2712869716483126
ECOTOX,100,Route+Agrochemical,352,801,O=C(c1ccccc1)c1c[nH][nH]c1=O,1,-0.40646126026516816
ECOTOX,100,Route+Agrochemical,353,804,O=C(Cc1ccccc1)NCCc1ccccc1,0,0.011841760366864074
ECOTOX,100,Route+Agrochemical,354,805,c1ccc(-c2cc[nH]n2)cc1,1,-0.40646126026516816
ECOTOX,100,Route+Agrochemical,355,813,O=c1c(-c2ccccc2)cn2n1CCOCC2,1,-0.40646126026516816
ECOTOX,100,Route+Agrochemical,356,817,c1ccc(-c2cnc[nH]2)cc1,1,0.011841760366864074
ECOTOX,100,Route+Agrochemical,357,818,O=c1[nH]cnn1-c1ccccc1,0,0.33480070729884337
ECOTOX,100,Route+Agrochemical,358,819,O=S(=O)(Nc1nc2ccncn2n1)c1ccccc1,1,-0.40646126026516816
ECOTOX,100,Route+Agrochemical,359,821,O=C(Nc1ccccc1)C1CC1,1,-0.4835625545893707
ECOTOX,100,Route+Agrochemical,360,826,O=S(=O)(Nc1ccccc1)c1nc2ccncn2n1,1,-0.40646126026516816
ECOTOX,100,Route+Agrochemical,361,828,c1ccc(CC2CCCC2Cn2cncn2)cc1,1,0.011841760366864074
ECOTOX,100,Route+Agrochemical,362,830,N=C1NCOCN1Cc1cncs1,1,1.2712869716483126
ECOTOX,100,Route+Agrochemical,363,831,N=C1SCCN1Cc1cccnc1,1,1.2712869716483126
ECOTOX,100,Route+Agrochemical,364,833,c1ccc(CC2CCCC2Cn2cncn2)cc1,1,0.011841760366864074
ECOTOX,100,Route+Agrochemical,365,838,O=C1C(c2ccccc2)N=CN1Nc1ccccc1,1,0.08894305469106653
ECOTOX,100,Route+Agrochemical,366,839,O=C(OCc1ccccc1)C1CC1,1,1.348388265972515
ECOTOX,100,Route+Agrochemical,367,847,c1ccc(-c2ccccc2)cc1,1,1.348388265972515
ECOTOX,100,Route+Agrochemical,368,849,c1ccccc1,1,-0.4835625545893707
ECOTOX,100,Route+Agrochemical,369,851,O=C(Nc1ncccn1)NS(=O)(=O)c1ccn[nH]1,1,-0.40646126026516816
ECOTOX,100,Route+Agrochemical,370,856,O=C(NCc1cccs1)c1cncs1,0,0.011841760366864074
ECOTOX,100,Route+Agrochemical,371,857,O=C(C1=C(Sc2ccccc2)C2CCC(C2)C1=O)c1ccccc1,0,-0.40646126026516816
ECOTOX,100,Route+Agrochemical,372,861,c1cncc(Cn2ccnc2)c1,1,0.25769941297464094
ECOTOX,100,Route+Agrochemical,373,863,O=c1cccnn1-c1ccccc1,1,-0.40646126026516816
ECOTOX,100,Route+Agrochemical,374,870,O=c1cc[nH]c(=O)n1-c1ccccc1,1,-0.40646126026516816
ECOTOX,100,Route+Agrochemical,375,871,O=C1OC2(C=C1c1ccccc1)CCCCC2,0,1.2712869716483126
ECOTOX,100,Route+Agrochemical,376,874,O=C(Nc1ccccc1-c1ccccc1)c1cccnc1,1,0.011841760366864074
ECOTOX,100,Route+Agrochemical,377,883,c1ccccc1,1,-0.40646126026516816
ECOTOX,100,Route+Agrochemical,378,888,c1ccc(COCC2CC(c3cccs3)=NO2)cc1,1,0.22911461593881144
ECOTOX,100,Route+Agrochemical,379,898,ACYCLIC:CNC(=O)ON=C(C)SCCC#N,1,0.30621591026301387
ECOTOX,100,Route+Agrochemical,380,901,O=c1[nH]ncs1,1,0.30621591026301387
ECOTOX,100,Route+Agrochemical,381,902,ACYCLIC:COCCOCCC[Si](C)(O[Si](C)(C)C)O[Si](C)(C)C,0,0.30621591026301387
ECOTOX,100,Route+Agrochemical,382,903,c1ccc(Oc2ccc3c(c2)OCCC3)cc1,1,-0.40646126026516816
ECOTOX,100,Route+Agrochemical,383,906,C1=NCCN1Cc1cccnc1.O=C(OCc1cccc(Oc2ccccc2)c1)C1CC1,1,-0.03663338383236911
ECOTOX,100,Route+Agrochemical,384,907,c1ccc(Cc2ccccc2)cc1.c1ccc(Cc2ccccc2)cc1,1,0.30621591026301387
ECOTOX,100,Route+Agrochemical,385,910,c1ccccc1.c1ccccc1,1,0.30621591026301387
ECOTOX,100,Route+Agrochemical,386,912,O=C(c1ccccc1)c1ccccc1,1,0.011841760366864074
ECOTOX,100,Route+Agrochemical,387,916,O=C(NCc1ccc(Oc2ccccc2)cc1)c1ccn[nH]1,1,1.2712869716483126
ECOTOX,100,Route+Agrochemical,388,919,c1ccncc1,1,1.2712869716483126
ECOTOX,100,Route+Agrochemical,389,923,O=S(=O)(Nc1nc2ncccn2n1)c1cccnc1,1,-0.40646126026516816
ECOTOX,100,Route+Agrochemical,390,927,O=C(NN=C(Cc1ccccc1)c1ccccc1)Nc1ccccc1,1,1.2712869716483126
ECOTOX,100,Route+Agrochemical,391,928,c1ccncc1,1,-0.40646126026516816
ECOTOX,100,Route+Agrochemical,392,930,ACYCLIC:CCCCCCCC(=O)OC.CCCCCCCCCC(=O)OC,1,0.33480070729884337
ECOTOX,100,Route+Agrochemical,393,931,O=C(NCc1ccccn1)c1ccccc1,1,0.08894305469106653
ECOTOX,100,Route+Agrochemical,394,934,O=C1CN=C(c2ccccn2)N1,1,0.30621591026301387
ECOTOX,100,Route+Agrochemical,395,936,c1ccc(COc2ccccn2)cc1,0,0.08894305469106653
ECOTOX,100,Route+Agrochemical,396,940,O=C(Nc1ccsc1)c1cn[nH]c1,1,0.011841760366864074
ECOTOX,100,Route+Agrochemical,397,942,O=c1ccn(-c2ccccc2)nc1,1,0.33480070729884337
ECOTOX,100,Route+Agrochemical,398,943,O=c1cc[nH]c(-c2ccccc2)c1,1,0.25769941297464094
ECOTOX,100,Route+Agrochemical,399,944,c1ccccc1,1,-0.40646126026516816
ECOTOX,100,Route+Agrochemical,400,946,O=C1NC2(C=C1c1ccccc1)CCCCC2,1,1.348388265972515
ECOTOX,100,Route+Agrochemical,401,950,c1cnc(Oc2cccc(Oc3ncccn3)c2)nc1,1,-0.40646126026516816
ECOTOX,100,Route+Agrochemical,402,951,c1ccc(-c2noc(-c3cccs3)n2)cc1,1,1.2712869716483126
ECOTOX,100,Route+Agrochemical,403,952,O=c1cc[nH]c(=O)n1-c1ccccc1,1,-0.40646126026516816
ECOTOX,100,Route+Agrochemical,404,953,O=C(Nc1ccccc1)c1ccnn1-c1ccccn1,1,1.2712869716483126
ECOTOX,100,Route+Agrochemical,405,957,c1ccncc1,1,1.348388265972515
ECOTOX,100,Route+Agrochemical,406,959,c1ccccc1,1,-0.40646126026516816
ECOTOX,100,Route+Agrochemical,407,960,c1ccc2c(c1)CCC2Nc1ncncn1,1,-0.40646126026516816
ECOTOX,100,Route+Agrochemical,408,962,O=S(=O)(Cc1cn[nH]c1)C1=NOCC1,1,-0.40646126026516816
ECOTOX,100,Route+Agrochemical,409,966,O=C(NN=Cc1ccccn1)Nc1ccccc1,1,-0.40646126026516816
ECOTOX,100,Route+Agrochemical,410,968,O=C(Nc1ccccc1-c1ccccc1)c1cn[nH]c1,1,0.08894305469106653
ECOTOX,100,Route+Agrochemical,411,970,c1ccccc1.c1ccccc1,1,0.22911461593881144
ECOTOX,100,Route+Agrochemical,412,973,O=C(Nc1ccccc1C1CC1C1CC1)c1cn[nH]c1,1,0.011841760366864074
ECOTOX,100,Route+Agrochemical,413,976,c1ccncc1,1,-0.40646126026516816
ECOTOX,100,Route+Agrochemical,414,977,O=C1Nc2ccccc2CN1NCc1cccnc1,1,1.2712869716483126
ECOTOX,100,Route+Agrochemical,415,979,O=C([N-]S(=O)(=O)c1ccccn1)Nc1ncccn1,1,-0.40646126026516816
ECOTOX,100,Route+Agrochemical,416,983,c1ccc(Cc2ncccn2)cc1,1,-0.40646126026516816
ECOTOX,100,Route+Agrochemical,417,985,O=c1[nH][nH]cc1-c1ccccc1,1,0.08894305469106653
ECOTOX,100,Route+Agrochemical,418,986,O=C1C=C(NCc2cccnc2)CO1,1,1.2712869716483126
ECOTOX,100,Route+Agrochemical,419,987,O=C(Cn1cccn1)N1CCC(c2nc(C3=NOC(c4ccccc4)C3)cs2)CC1,0,0.08894305469106653
ECOTOX,100,Route+Agrochemical,420,989,O=C1CC2C(=CC3C4CC(OC5CCCCO5)CC4CCC23)C(=O)CC(OC2CCCCO2)CCCCO1,1,0.30621591026301387
ECOTOX,100,Route+Agrochemical,421,991,C=C1C2CCC1c1c(NC(=O)c3cn[nH]c3)cccc12,1,0.08894305469106653
ECOTOX,100,Route+Agrochemical,422,992,O=C1C(=Cc2cccnc2)C(=O)C2CCC1C2,0,-0.4835625545893707
ECOTOX,100,Route+Agrochemical,423,995,O=C(c1ccccc1)c1cccnc1,1,0.011841760366864074
ECOTOX,100,Route+Agrochemical,424,997,c1ccc(COc2ccccc2)cc1,1,0.011841760366864074
ECOTOX,100,Route+Agrochemical,425,998,O=C(Nc1ccccc1)c1cc(Cn2ncnn2)nn1-c1ccccn1,1,0.22911461593881144
ECOTOX,100,Route+Agrochemical,426,1000,O=C(NCc1ccccc1)NCc1ccccc1,1,0.33480070729884337
ECOTOX,100,Route+Agrochemical,427,1002,c1ccc(-c2ccccn2)cc1,1,-0.40646126026516816
ECOTOX,100,Route+Agrochemical,428,1006,c1ccc(C(=NOCc2ccccn2)c2nnn[nH]2)cc1,1,0.25769941297464094
ECOTOX,100,Route+Agrochemical,429,1009,O=C(CNC(=O)c1cccs1)c1ccccc1,1,0.011841760366864074
ECOTOX,100,Route+Agrochemical,430,1010,O=C(c1ccccc1)c1cn[nH]c1,1,-0.4835625545893707
ECOTOX,100,Route+Agrochemical,431,1013,C(Sc1ccccc1)=C1SCCN1c1ccccc1,1,0.08894305469106653
ECOTOX,100,Route+Agrochemical,432,1015,O=C(OCC1C(OC(=O)C2CC2)CCC2C3Cc4c(cc(-c5cccnc5)oc4=O)OC3CCC12)C1CC1,1,1.2712869716483126
ECOTOX,100,Route+Agrochemical,433,1016,c1ccccc1,1,0.011841760366864074
ECOTOX,100,Route+Agrochemical,434,1018,O=C(NCCc1ccccc1)c1cn[nH]c1,1,0.08894305469106653
ECOTOX,100,Route+Agrochemical,435,1019,c1ccc(Oc2ccc(CCn3cncn3)cc2)cc1,1,0.011841760366864074
ECOTOX,100,Route+Agrochemical,436,1022,O=c1cc[nH]c(=O)n1-c1ccccc1,1,0.22911461593881144
ECOTOX,100,Route+Agrochemical,437,1028,O=C(OCc1cccc(-c2ccccc2)c1)C1CC1.O=C(OCc1cccc(Oc2ccccc2)c1)C1CC1,1,-0.03663338383236911
ECOTOX,100,Route+Agrochemical,438,1029,O=C(Nc1ccccc1)c1ccnn1-c1ccccn1.O=C(OCc1cccc(Oc2ccccc2)c1)C1CC1,1,-0.03663338383236911
ECOTOX,100,Route+Agrochemical,439,1030,O=C(OCc1ccccc1)c1cccc(-c2ccccc2)n1,1,-0.40646126026516816
ECOTOX,100,Route+Agrochemical,440,1034,c1ccccc1,1,-0.40646126026516816
ECOTOX,11,ECFPStructure,0,0,ACYCLIC:O=C(O)C(=O)O,0,-0.7731197940715033
ECOTOX,11,ECFPStructure,1,2,ACYCLIC:O=[Si]=O,0,-0.3553043705431629
ECOTOX,11,ECFPStructure,2,3,c1ccccc1,0,-1.0167907696496628
ECOTOX,11,ECFPStructure,3,5,O=C1NC(=O)c2ccccc21,1,0.5596565165538878
ECOTOX,11,ECFPStructure,4,6,ACYCLIC:CC(C)=CCCC(C)=CCO,0,-1.2574943147481839
ECOTOX,11,ECFPStructure,5,13,ACYCLIC:O=S(=O)([O-])[O-].O=S(=O)([O-])[O-].O=S(=O)([O-])[O-].[Fe+3].[Fe+3],0,-0.7444491403491924
ECOTOX,11,ECFPStructure,6,15,C1CCCCC1,1,-0.5503249599112401
ECOTOX,11,ECFPStructure,7,19,ACYCLIC:COP(=O)(OC)OC=C(Cl)Cl,1,0.1957697418422853
ECOTOX,11,ECFPStructure,8,20,c1ccccc1,1,0.9575581621227742
ECOTOX,11,ECFPStructure,9,21,ACYCLIC:O=S(=O)([O-])[O-].[Zn+2],0,-0.714656181436568
ECOTOX,11,ECFPStructure,10,22,ACYCLIC:COC(=O)C=C(C)OP(=O)(OC)OC,1,0.2421442838488404
ECOTOX,11,ECFPStructure,11,23,ACYCLIC:O=P(O)(O)CCCl,0,-0.24071048395063585
ECOTOX,11,ECFPStructure,12,26,ACYCLIC:O=S(=O)([O-])[O-].[Mn+2],0,-0.6910379950491177
ECOTOX,11,ECFPStructure,13,27,c1ccccc1,0,-0.4107672020967827
ECOTOX,11,ECFPStructure,14,33,c1ccc2ccccc2c1,1,0.18679333690794325
ECOTOX,11,ECFPStructure,15,34,ACYCLIC:CC(=O)O.CCCCCCCCCCCCN=C(N)N,0,-0.9488178697638789
ECOTOX,11,ECFPStructure,16,35,c1ccccc1,0,-1.4379384004919977
ECOTOX,11,ECFPStructure,17,40,c1ccccc1,0,-1.2141644086159167
ECOTOX,11,ECFPStructure,18,43,c1ccccc1,0,-0.4534982932508396
ECOTOX,11,ECFPStructure,19,44,ACYCLIC:C[CH2][Hg][Cl],0,-0.7301694407955959
ECOTOX,11,ECFPStructure,20,45,ACYCLIC:[Na+].[O-][Cl+2]([O-])[O-],0,-0.9342244416304784
ECOTOX,11,ECFPStructure,21,47,c1ccccc1,0,-0.40219800898176866
ECOTOX,11,ECFPStructure,22,48,ACYCLIC:[Cl][Cd][Cl],1,-0.5585167481929374
ECOTOX,11,ECFPStructure,23,49,c1ccccc1,0,-1.217496810086959
ECOTOX,11,ECFPStructure,24,50,O=C1NC(=O)c2ccccc21,0,-0.49602880003814354
ECOTOX,11,ECFPStructure,25,52,ACYCLIC:O=[N+]([O-])C(Cl)(Cl)Cl,0,-0.11989314801307677
ECOTOX,11,ECFPStructure,26,54,S=C1NCNCS1,1,-0.6524644078736255
ECOTOX,11,ECFPStructure,27,56,c1ccccc1,0,-1.1370120655824765
ECOTOX,11,ECFPStructure,28,59,ACYCLIC:O=S(=O)([O-])[O-].O=S(=O)([O-])[O-].O=S(=O)([O-])[O-].[Cr+3].[Cr+3],0,-0.6572176396507146
ECOTOX,11,ECFPStructure,29,60,ACYCLIC:O=N[O-].[Na+],0,-0.8490959304381565
ECOTOX,11,ECFPStructure,30,61,ACYCLIC:CSSC,0,-0.3982723658874414
ECOTOX,11,ECFPStructure,31,64,c1ccccc1,0,-1.3556713402223473
ECOTOX,11,ECFPStructure,32,65,c1ccccc1,0,-0.7981546703341107
ECOTOX,11,ECFPStructure,33,67,ACYCLIC:COP(=O)(NC(C)=O)SC,1,0.40703947498637466
ECOTOX,11,ECFPStructure,34,73,ACYCLIC:CCOP(=O)(OCC)OP(=O)(OCC)OCC,1,0.22395786446479554
ECOTOX,11,ECFPStructure,35,75,c1ccoc1,0,-0.8607883317360382
ECOTOX,11,ECFPStructure,36,77,c1ccc(Oc2ccccc2)cc1,0,-0.709502866366744
ECOTOX,11,ECFPStructure,37,80,c1ccccc1,1,-1.0373808086611418
ECOTOX,11,ECFPStructure,38,82,ACYCLIC:CCCCCCCCC(=O)O,0,-1.0002852779577416
ECOTOX,11,ECFPStructure,39,83,C1CNCCN1,0,-0.27271681954802485
ECOTOX,11,ECFPStructure,40,86,O=c1ccc(=O)[nH][nH]1,0,-0.9458734626444039
ECOTOX,11,ECFPStructure,41,87,O=C(OCc1cccc(Oc2ccccc2)c1)C1CC1,1,1.3286145302816617
ECOTOX,11,ECFPStructure,42,90,c1ccccc1,0,-0.3665527035380002
ECOTOX,11,ECFPStructure,43,92,ACYCLIC:CCOC(=O)CC(SP(=S)(OC)OC)C(=O)OCC,1,0.8243647163856445
ECOTOX,11,ECFPStructure,44,95,O=C1CCCN1,0,-0.8815303043340157
ECOTOX,11,ECFPStructure,45,96,c1ccc2c(c1)CCCC2,1,-1.1602821921417992
ECOTOX,11,ECFPStructure,46,98,ACYCLIC:C[As](C)(=O)O,0,-0.05715087418081799
ECOTOX,11,ECFPStructure,47,100,c1ccccc1,1,0.6553530220178914
ECOTOX,11,ECFPStructure,48,101,ACYCLIC:CCSC(=O)N(CC(C)C)CC(C)C,0,0.5457924720784055
ECOTOX,11,ECFPStructure,49,102,c1ccc(Cc2ccccc2)cc1,0,-0.09385436336026509
ECOTOX,11,ECFPStructure,50,103,c1ccccc1,0,-0.8206694015308716
ECOTOX,11,ECFPStructure,51,105,ACYCLIC:C[As](=O)([O-])O.[Na+],0,-0.22431042043417443
ECOTOX,11,ECFPStructure,52,111,c1ccc2[nH]cnc2c1,1,-0.14466257310633585
ECOTOX,11,ECFPStructure,53,115,c1ccc2nccnc2c1,1,0.8292391424367351
ECOTOX,11,ECFPStructure,54,116,O=c1[nH]nnc2ccccc12,1,0.5724929178963594
ECOTOX,11,ECFPStructure,55,117,c1ccccc1,0,-0.13382576545511826
ECOTOX,11,ECFPStructure,56,118,c1ccc2ccccc2c1,0,-1.1483065912133987
ECOTOX,11,ECFPStructure,57,119,c1ccccc1,0,-0.7872029386741846
ECOTOX,11,ECFPStructure,58,121,c1ccc(Cc2ccccc2)cc1,1,0.22794521966471887
ECOTOX,11,ECFPStructure,59,123,c1ccc(-c2ccc3ccccc3[o+]2)cc1,0,-0.4023137741581888
ECOTOX,11,ECFPStructure,60,128,O=c1cccnn1-c1ccccc1,0,-0.9707221293372772
ECOTOX,11,ECFPStructure,61,129,c1ccccc1,1,0.7060455753274928
ECOTOX,11,ECFPStructure,62,130,c1ccccc1,1,0.7246658855694526
ECOTOX,11,ECFPStructure,63,133,ACYCLIC:CNC(=O)CSP(=S)(OC)OC,1,1.08810846793038
ECOTOX,11,ECFPStructure,64,135,c1ccc(OCn2cncn2)cc1,0,0.4932837126445175
ECOTOX,11,ECFPStructure,65,136,O=C(Nc1ccccc1)Oc1ccccc1,0,-0.2658149118448365
ECOTOX,11,ECFPStructure,66,138,ACYCLIC:O=[N+]([O-])[O-].O=[N+]([O-])[O-].O=[N+]([O-])[O-].[Cr+3],0,-0.32242456227471855
ECOTOX,11,ECFPStructure,67,142,ACYCLIC:CN(C)C(=S)SSC(=S)N(C)C,0,-0.3217205602003093
ECOTOX,11,ECFPStructure,68,143,c1ccccc1,1,0.7517717836770947
ECOTOX,11,ECFPStructure,69,144,c1ccc(Cc2ccccc2)cc1,0,0.15690634979260448
ECOTOX,11,ECFPStructure,70,145,c1cc[c]([Sn]([c]2ccccc2)[c]2ccccc2)cc1,0,-0.9287191450508911
ECOTOX,11,ECFPStructure,71,151,c1ccccc1,0,-0.6734413615730124
ECOTOX,11,ECFPStructure,72,153,ACYCLIC:CCSCCSP(=S)(OC)OC,1,0.9450545305210678
ECOTOX,11,ECFPStructure,73,154,c1cc(-c2cc[nH+]cc2)cc[nH+]1,0,-0.6900406827795368
ECOTOX,11,ECFPStructure,74,158,ACYCLIC:[F][Al-3]([F])([F])([F])([F])[F].[Na+].[Na+].[Na+],0,-0.31828782177374243
ECOTOX,11,ECFPStructure,75,162,ACYCLIC:[S],0,-0.36938485443429003
ECOTOX,11,ECFPStructure,76,167,O=C1C=CC(OC(=O)C2CC2)C1.O=C1C=CC(OC(=O)C2CC2)C1,1,1.1147649759611409
ECOTOX,11,ECFPStructure,77,169,ACYCLIC:[Cd],0,-0.3290967115424763
ECOTOX,11,ECFPStructure,78,170,ACYCLIC:[Ca+2].[S-]SSS[S-],0,-0.17439666580933805
ECOTOX,11,ECFPStructure,79,171,ACYCLIC:CCOP(=S)(OCC)SCSC(C)(C)C,1,1.0877653683932749
ECOTOX,11,ECFPStructure,80,173,c1ccc(COc2ccn(-c3ccccc3)n2)cc1,0,-0.3625692954086013
ECOTOX,11,ECFPStructure,81,176,ACYCLIC:CN(C)C(=S)[S-].CN(C)C(=S)[S-].CN(C)C(=S)[S-].[Fe+3],0,-0.9710442684023024
ECOTOX,11,ECFPStructure,82,178,c1ccc(Oc2ccccc2)cc1,0,-1.0316073310985896
ECOTOX,11,ECFPStructure,83,180,c1ccc(CCn2cncn2)cc1,0,0.10910589276669513
ECOTOX,11,ECFPStructure,84,182,ACYCLIC:[As],0,-0.4152655466898676
ECOTOX,11,ECFPStructure,85,183,c1ccccc1,1,0.6835254477791632
ECOTOX,11,ECFPStructure,86,184,ACYCLIC:COP(=O)(OC)OC(Br)C(Cl)(Cl)Br,1,0.41364364732193043
ECOTOX,11,ECFPStructure,87,185,c1ccccc1,0,-1.0903598834863528
ECOTOX,11,ECFPStructure,88,186,ACYCLIC:O=[As]([O-])(O)O.[Na+],1,0.43921619101283876
ECOTOX,11,ECFPStructure,89,187,c1ccc(OC2CCCCC2)cc1,0,-0.2457514775603784
ECOTOX,11,ECFPStructure,90,188,C1CCC(OC2CCCC(OC3CCCCO3)C2)OC1,0,-0.4821571116081098
ECOTOX,11,ECFPStructure,91,189,c1ccc(C2(Cn3cncn3)OCCO2)cc1,0,-0.6291889113043339
ECOTOX,11,ECFPStructure,92,190,c1ccccc1,0,-1.6486478281296344
ECOTOX,11,ECFPStructure,93,192,C1=CC2CC1C1CCCC21,1,-0.22431040157599014
ECOTOX,11,ECFPStructure,94,193,O=C1CC(CCC2CCCCC2=O)CC(=O)N1,0,-0.057627163125361924
ECOTOX,11,ECFPStructure,95,194,O=C(OCc1coc(Cc2ccccc2)c1)C1CC1,1,0.7496373228071931
ECOTOX,11,ECFPStructure,96,198,c1ccccc1,0,-0.9946306572520933
ECOTOX,11,ECFPStructure,97,199,c1ccc2ccccc2c1,0,-1.2707868878062614
ECOTOX,11,ECFPStructure,98,202,c1ccccc1,0,-1.6094447111816566
ECOTOX,11,ECFPStructure,99,203,c1ccc(C2CCCCC2)cc1,0,-0.7142022279515292
ECOTOX,11,ECFPStructure,100,204,N=C1NC(=O)N(c2ccccc2)CS1,0,-0.6264662808600983
ECOTOX,11,ECFPStructure,101,205,C1=CC2C3C=CC(C3)C2C1,1,-0.484095026622822
ECOTOX,11,ECFPStructure,102,206,c1ccccc1,0,-1.2157009421927862
ECOTOX,11,ECFPStructure,103,207,C1=CC2CC1C1C3C=CC(C3)C21,1,-0.4569663187823437
ECOTOX,11,ECFPStructure,104,210,c1ccccc1,1,0.057551051698301936
ECOTOX,11,ECFPStructure,105,214,C1=CC2CC1C1C3CC(C4OC34)C21,1,-0.39937409107445954
ECOTOX,11,ECFPStructure,106,215,c1ccccc1,0,-0.12173199836204504
ECOTOX,11,ECFPStructure,107,216,ACYCLIC:CCOP(=O)(OCC)SCCSCC,1,0.6316143443025903
ECOTOX,11,ECFPStructure,108,217,O=C(Nc1ncncn1)NS(=O)(=O)c1ccccc1,0,-0.16197726971356957
ECOTOX,11,ECFPStructure,109,218,c1ccccc1,0,-0.07264580356950046
ECOTOX,11,ECFPStructure,110,219,O=C(OCc1cccc(Oc2ccccc2)c1)C1CC1,1,0.8331617505375974
ECOTOX,11,ECFPStructure,111,221,ACYCLIC:CC(C)N(C(=O)SCC(Cl)=C(Cl)Cl)C(C)C,0,0.013776598323561207
ECOTOX,11,ECFPStructure,112,222,O=C(Nc1ccccc1)Nc1cnns1,0,-1.0188618816503185
ECOTOX,11,ECFPStructure,113,224,c1ccc(Sc2ccccc2)cc1,1,0.5408798284555736
ECOTOX,11,ECFPStructure,114,225,c1cc[c]([SnH]([c]2ccccc2)[c]2ccccc2)cc1,0,-1.0912390819370577
ECOTOX,11,ECFPStructure,115,226,c1cncnc1,1,0.8491936213782547
ECOTOX,11,ECFPStructure,116,229,c1ccc2c(c1)Cc1ccccc1-2,0,-0.5810723044427923
ECOTOX,11,ECFPStructure,117,230,c1ccccc1,0,0.6782731896900602
ECOTOX,11,ECFPStructure,118,233,c1ccc(Cc2ccccc2)cc1,1,-0.13922085774910958
ECOTOX,11,ECFPStructure,119,235,ACYCLIC:CCCOP(=S)(OCCC)OP(=S)(OCCC)OCCC,0,0.3536765018858575
ECOTOX,11,ECFPStructure,120,237,ACYCLIC:S=C([S-])NCCNC(=S)[S-].[Na+].[Na+],0,-0.22139557396883797
ECOTOX,11,ECFPStructure,121,238,ACYCLIC:CCS(=O)CCSP(=O)(OC)OC,1,0.6079604657458861
ECOTOX,11,ECFPStructure,122,239,c1ccccc1,0,-1.137034151977172
ECOTOX,11,ECFPStructure,123,240,ACYCLIC:CCCSP(=O)(OCC)SCCC,1,0.7970569354887551
ECOTOX,11,ECFPStructure,124,241,c1ccccc1,0,-0.9268089221098148
ECOTOX,11,ECFPStructure,125,243,c1nc[nH]n1,0,-0.7339440860893938
ECOTOX,11,ECFPStructure,126,246,O=c1[nH]nnc2ccccc12,1,0.540846852662082
ECOTOX,11,ECFPStructure,127,247,ACYCLIC:CN(C)P(=O)(F)N(C)C,1,-0.2770286882682695
ECOTOX,11,ECFPStructure,128,249,ACYCLIC:CC(Cl)(Cl)C(=O)O,0,-0.6988048771181428
ECOTOX,11,ECFPStructure,129,251,C1COCCO1,0,0.6096846443570592
ECOTOX,11,ECFPStructure,130,253,c1ccccc1,1,0.6883625159120037
ECOTOX,11,ECFPStructure,131,254,ACYCLIC:CCOP(=S)(OCC)SCCSCC,1,0.9113032654582769
ECOTOX,11,ECFPStructure,132,255,c1ccccc1,0,-1.0364556484998533
ECOTOX,11,ECFPStructure,133,261,c1ncncn1,0,-1.1690531269192186
ECOTOX,11,ECFPStructure,134,262,ACYCLIC:CCSCCSP(=O)(OC)OC,1,0.7490671659626362
ECOTOX,11,ECFPStructure,135,264,O=c1[nH]ncs1,1,0.6735905282591421
ECOTOX,11,ECFPStructure,136,265,c1ncncn1,0,-1.2290235783679053
ECOTOX,11,ECFPStructure,137,266,c1ccccc1,1,0.7602934706661435
ECOTOX,11,ECFPStructure,138,268,c1ccc(Oc2cnc3ccccc3n2)cc1,0,-0.5862754151947864
ECOTOX,11,ECFPStructure,139,269,c1ccncc1,0,-1.2986499085421879
ECOTOX,11,ECFPStructure,140,270,O=c1ccc2ccccc2o1,1,0.6768728567985856
ECOTOX,11,ECFPStructure,141,271,ACYCLIC:CCOP(=S)(OCC)SCSCC,1,0.9680188206558666
ECOTOX,11,ECFPStructure,142,273,ACYCLIC:CCCN(CCC)C(=O)SCC,1,0.46418405678247504
ECOTOX,11,ECFPStructure,143,279,ACYCLIC:CCN(CC)C(=O)C(Cl)=C(C)OP(=O)(OC)OC,1,-0.011145417382623424
ECOTOX,11,ECFPStructure,144,280,O=c1[nH]c2ccccc2o1,1,0.5709761005954985
ECOTOX,11,ECFPStructure,145,281,c1ncncn1,0,-0.8186593626719101
ECOTOX,11,ECFPStructure,146,283,c1cc(-c2cc[nH+]cc2)cc[nH+]1,1,-0.6895019754248323
ECOTOX,11,ECFPStructure,147,287,c1cn[nH]c1,1,-0.2746703933639381
ECOTOX,11,ECFPStructure,148,288,c1ncncn1,0,-0.780647518490068
ECOTOX,11,ECFPStructure,149,289,c1ncncn1,0,-1.131569664577923
ECOTOX,11,ECFPStructure,150,291,c1ncncn1,0,-1.0722221772600862
ECOTOX,11,ECFPStructure,151,292,c1ccccc1,1,0.7191678922598468
ECOTOX,11,ECFPStructure,152,294,c1ccncc1,0,-0.6012760673909776
ECOTOX,11,ECFPStructure,153,295,ACYCLIC:C[N+](C)(C)CCCl.[Cl-],0,-0.9565019233168643
ECOTOX,11,ECFPStructure,154,296,c1ccc2[nH]c(-c3cscn3)nc2c1,1,-0.5276551607077029
ECOTOX,11,ECFPStructure,155,298,c1ccc(CNc2ncnc3nc[nH]c23)cc1,0,-0.3251127260851705
ECOTOX,11,ECFPStructure,156,299,S=[PH](Oc1ccccc1)c1ccccc1,1,0.5783765221156927
ECOTOX,11,ECFPStructure,157,303,c1ccccc1,1,0.6278239880163388
ECOTOX,11,ECFPStructure,158,304,O=C1C2C3C4CC5C3C1C5C42,1,-0.21382187754747112
ECOTOX,11,ECFPStructure,159,306,c1ccccc1,0,-0.8155582451004362
ECOTOX,11,ECFPStructure,160,307,c1ncncn1,1,0.4507267723815252
ECOTOX,11,ECFPStructure,161,308,c1cnccn1,1,0.8080562081760227
ECOTOX,11,ECFPStructure,162,309,S=[PH](Oc1ccccc1)c1ccccc1,1,0.49998962334676283
ECOTOX,11,ECFPStructure,163,310,c1ccc(C[CH2][Sn]([CH2]Cc2ccccc2)([CH2]Cc2ccccc2)[O][Sn]([CH2]Cc2ccccc2)([CH2]Cc2ccccc2)[CH2]Cc2ccccc2)cc1,0,-0.34782513835749823
ECOTOX,11,ECFPStructure,164,312,O=c1cc[nH]c(=O)[nH]1,0,-0.3320001213806675
ECOTOX,11,ECFPStructure,165,314,c1ccccc1,1,0.6644751911716476
ECOTOX,11,ECFPStructure,166,317,c1ncnc(NC2CC2)n1,0,-0.8720747566415807
ECOTOX,11,ECFPStructure,167,319,c1cn[nH]c1,1,-0.05554215553080061
ECOTOX,11,ECFPStructure,168,320,c1ccccc1,0,-0.3082065600502266
ECOTOX,11,ECFPStructure,169,322,c1ccccc1,1,0.6672199851143863
ECOTOX,11,ECFPStructure,170,324,O=c1sc2nc3ccccc3nc2s1,0,-0.6140737339758018
ECOTOX,11,ECFPStructure,171,325,S=c1sc2nc3ccccc3nc2s1,0,-0.1423868074786564
ECOTOX,11,ECFPStructure,172,326,ACYCLIC:S=C([S-])NCCNC(=S)[S-].[Mn+2],0,-0.10943270490002122
ECOTOX,11,ECFPStructure,173,327,ACYCLIC:COP(=O)(OC)OC(C)=CC(=O)N(C)C,1,0.12538643063192795
ECOTOX,11,ECFPStructure,174,329,ACYCLIC:C[As](=O)([O-])[O-].[Na+].[Na+],0,-0.5356981794971586
ECOTOX,11,ECFPStructure,175,335,c1ccncc1,0,-1.0595536318832408
ECOTOX,11,ECFPStructure,176,339,c1ccccc1,1,0.6199915073454552
ECOTOX,11,ECFPStructure,177,340,C1C2C3C4CC5C3C1C5C24,1,-0.17067518707927684
ECOTOX,11,ECFPStructure,178,343,c1ccncc1,0,-0.5599684949475734
ECOTOX,11,ECFPStructure,179,345,ACYCLIC:CNC(=O)ON=CC(C)(C)SC,1,0.22157263102586883
ECOTOX,11,ECFPStructure,180,346,c1ccccc1,1,-0.23093952636967632
ECOTOX,11,ECFPStructure,181,347,N=C1SCCS1,1,0.2627166447915327
ECOTOX,11,ECFPStructure,182,350,ACYCLIC:COC(=O)C=C(CC(=O)OC)OP(=O)(OC)OC,1,0.1060491453215412
ECOTOX,11,ECFPStructure,183,351,c1ccccc1,1,0.5793389651433716
ECOTOX,11,ECFPStructure,184,355,c1ccc2c(c1)CCO2,1,0.6760128616085972
ECOTOX,11,ECFPStructure,185,358,ACYCLIC:CNC(=O)ON=C(SC)C(=O)N(C)C,1,0.2981722764806429
ECOTOX,11,ECFPStructure,186,359,c1ccccc1,1,0.6196935935661085
ECOTOX,11,ECFPStructure,187,361,c1ccncc1,1,0.4301861808584377
ECOTOX,11,ECFPStructure,188,363,O=c1nc[nH]c(=O)n1C1CCCCC1,0,-0.9712905090626158
ECOTOX,11,ECFPStructure,189,366,ACYCLIC:CNC(=O)ON=C(C)SC,1,0.6810636741303864
ECOTOX,11,ECFPStructure,190,367,c1ccccc1,1,0.9426465400780188
ECOTOX,11,ECFPStructure,191,369,c1ccccc1,1,0.2191268699623668
ECOTOX,11,ECFPStructure,192,370,ACYCLIC:CNC(=O)CSP(=O)(OC)OC,1,0.6719136580378362
ECOTOX,11,ECFPStructure,193,371,c1ccccc1,0,-1.1575144317087769
ECOTOX,11,ECFPStructure,194,374,c1ccccc1,0,-0.5193157596674323
ECOTOX,11,ECFPStructure,195,379,c1ccccc1,1,0.45789437165750063
ECOTOX,11,ECFPStructure,196,380,c1ccccc1,1,-0.16047268883547738
ECOTOX,11,ECFPStructure,197,381,C1CC[CH]([Sn]([CH]2CCCCC2)[CH]2CCCCC2)CC1,0,-0.5580132008328589
ECOTOX,11,ECFPStructure,198,387,O=C(Nc1ccccc1)C1=COCCS1,0,-0.9397425917291244
ECOTOX,11,ECFPStructure,199,388,c1ccc2[nH]cnc2c1,0,-0.3609356675882188
ECOTOX,11,ECFPStructure,200,389,c1ccccc1,1,0.8062417116570066
ECOTOX,11,ECFPStructure,201,390,c1ccccc1,1,0.3875896644330567
ECOTOX,11,ECFPStructure,202,392,ACYCLIC:O.O=S(=O)([O-])[O-].[Fe+2],0,-0.5393348408206259
ECOTOX,11,ECFPStructure,203,393,c1ccc2sccc2c1,1,0.4666729997094386
ECOTOX,11,ECFPStructure,204,396,c1ccccc1,1,0.5196503011045606
ECOTOX,11,ECFPStructure,205,397,c1ccc(C2OCCO2)cc1,1,0.0788295733980876
ECOTOX,11,ECFPStructure,206,398,c1ccccc1,1,0.9520394258184546
ECOTOX,11,ECFPStructure,207,400,O=c1cc[nH]c(=O)[nH]1,0,-0.3430229515448202
ECOTOX,11,ECFPStructure,208,405,c1ccccc1,0,-1.017775166976837
ECOTOX,11,ECFPStructure,209,407,c1ccccc1,0,0.5297771415026422
ECOTOX,11,ECFPStructure,210,410,ACYCLIC:CCS(=O)(=O)CCSP(=O)(OC)OC,1,0.6069280336471223
ECOTOX,11,ECFPStructure,211,415,c1ccc(C(c2ccccc2)c2cccnc2)cc1,1,-0.41280844306560416
ECOTOX,11,ECFPStructure,212,416,O=C(Nc1ccccc1)NC1CCCCC1,0,-1.3461200928561856
ECOTOX,11,ECFPStructure,213,417,c1ccccc1,0,-0.9058293168036513
ECOTOX,11,ECFPStructure,214,418,c1ccccc1,1,0.41677824348946496
ECOTOX,11,ECFPStructure,215,421,C1CCCCC1,1,-0.7039872901535039
ECOTOX,11,ECFPStructure,216,424,c1ccncc1,0,-1.1109688822913217
ECOTOX,11,ECFPStructure,217,425,ACYCLIC:COP(=O)(OC)SCCSC.COP(=S)(OC)OCCSC,1,1.2139659951920014
ECOTOX,11,ECFPStructure,218,429,O=C(Nc1ccccc1)Oc1ccccc1,0,-0.40591346585778104
ECOTOX,11,ECFPStructure,219,431,c1ccccc1,1,0.19052811914737627
ECOTOX,11,ECFPStructure,220,434,c1cnc2ccnn2c1,1,0.1464396391527149
ECOTOX,11,ECFPStructure,221,436,c1ccc(-c2ccccc2)cc1,0,-1.1753767543943292
ECOTOX,11,ECFPStructure,222,438,C1=CC2C(O1)OC1CC2C2OC12C1CC2OCC3CCCC4(COCC14)C32,1,-0.7642855109666613
ECOTOX,11,ECFPStructure,223,439,c1ccccc1,0,0.005115464464006847
ECOTOX,11,ECFPStructure,224,440,ACYCLIC:O=C(O)CNCP(=O)(O)O,0,-1.077148429605937
ECOTOX,11,ECFPStructure,225,441,c1cncnc1,1,0.3442923645649861
ECOTOX,11,ECFPStructure,226,442,ACYCLIC:COP(N)(=O)SC,1,-0.09061071949416566
ECOTOX,11,ECFPStructure,227,443,O=c1ocnn1-c1ccccc1,0,-0.6647248833152963
ECOTOX,11,ECFPStructure,228,448,c1ccc2c(c1)OCO2,1,0.5468069259458646
ECOTOX,11,ECFPStructure,229,449,c1cncnc1,1,0.5665646514164451
ECOTOX,11,ECFPStructure,230,453,ACYCLIC:CNC(=O)ON=CC(C)(C)S(C)=O,1,-0.1540789485330141
ECOTOX,11,ECFPStructure,231,454,c1ccccc1,0,-0.36718308796726074
ECOTOX,11,ECFPStructure,232,456,C(=NNc1ccccc1)c1ccccc1,1,-0.8179043935068377
ECOTOX,11,ECFPStructure,233,459,c1ccncc1,1,0.2191086007542405
ECOTOX,11,ECFPStructure,234,462,c1ccccc1,0,0.1760035366374923
ECOTOX,11,ECFPStructure,235,463,O=C(Nc1cccc2ccccc12)c1ccccc1,0,-0.7678471720653333
ECOTOX,11,ECFPStructure,236,466,ACYCLIC:CNC(=O)ON=C(CSC)C(C)(C)C,1,0.29049644943990244
ECOTOX,11,ECFPStructure,237,470,c1ccc(CCn2ccnc2)cc1,0,-0.343998727142251
ECOTOX,11,ECFPStructure,238,475,c1cscn1,0,-0.48293366588042497
ECOTOX,11,ECFPStructure,239,477,O=C(Nc1ccccc1)Nc1ccncc1,0,-1.1393983416842974
ECOTOX,11,ECFPStructure,240,480,ACYCLIC:CC(C)N.O=C(O)CNCP(=O)(O)O,0,-0.6852206287675557
ECOTOX,11,ECFPStructure,241,483,c1ccccc1,0,-0.47272070784305037
ECOTOX,11,ECFPStructure,242,486,c1nncs1,0,0.092743304699822
ECOTOX,11,ECFPStructure,243,488,c1ccccc1,1,0.11911845496776685
ECOTOX,11,ECFPStructure,244,495,c1ccc(-n2cccn2)cc1,1,-0.46753384110656027
ECOTOX,11,ECFPStructure,245,496,O=c1c(-c2ccccc2)c[nH]cc1-c1ccccc1,0,-0.7168710989896098
ECOTOX,11,ECFPStructure,246,497,c1ccc(C(c2cncnc2)C2CC2)cc1,0,-0.3387030846694623
ECOTOX,11,ECFPStructure,247,501,O=C(OCc1cccc(Oc2ccccc2)c1)C1CC1,1,0.832255632336871
ECOTOX,11,ECFPStructure,248,502,O=C(Nc1ncccn1)NS(=O)(=O)c1ccccc1,0,-0.6479475846899717
ECOTOX,11,ECFPStructure,249,503,c1ccc(C(CC2CC2)Cn2cncn2)cc1,0,-0.05822465591761106
ECOTOX,11,ECFPStructure,250,504,c1ccc(C(c2ccccc2)c2cncnc2)cc1,1,-0.44198160374974116
ECOTOX,11,ECFPStructure,251,505,c1ccccc1,0,-1.497629145280428
ECOTOX,11,ECFPStructure,252,506,ACYCLIC:CCCCCCCCSCCO,0,-0.2615948412924823
ECOTOX,11,ECFPStructure,253,508,O=C(NCCc1ccccn1)c1ccccc1,0,-0.8878121244598933
ECOTOX,11,ECFPStructure,254,509,c1ccc(Oc2ccccc2)cc1,0,-0.38319462119069025
ECOTOX,11,ECFPStructure,255,510,O=C(Cc1ccccc1)OCc1cccc(Oc2ccccc2)c1,1,0.9286885378328915
ECOTOX,11,ECFPStructure,256,511,c1ccc(-c2ccc[nH]2)cc1,1,0.20049633101084746
ECOTOX,11,ECFPStructure,257,512,O=c1cco[nH]1,0,-0.976045420857373
ECOTOX,11,ECFPStructure,258,513,C1OCC2OC3OCOC3C2O1,0,-0.8400458157970674
ECOTOX,11,ECFPStructure,259,515,c1ccncc1,0,-0.8170297309960779
ECOTOX,11,ECFPStructure,260,516,O=C1CNC(=O)N1c1ccccc1,0,-0.4801732471850849
ECOTOX,11,ECFPStructure,261,519,c1ccccc1,1,0.3858234833107847
ECOTOX,11,ECFPStructure,262,520,O=C(OCc1cccc(Oc2ccccc2)c1)C1CC1,1,1.23324959616682
ECOTOX,11,ECFPStructure,263,530,c1ccccc1,0,-0.7691779841737868
ECOTOX,11,ECFPStructure,264,531,c1ccccc1,1,0.4347901209725245
ECOTOX,11,ECFPStructure,265,532,O=C(NC(=O)c1ccccc1)Nc1ccccc1,1,-0.7709051295450129
ECOTOX,11,ECFPStructure,266,534,c1ccc(OCn2cncn2)cc1,0,0.30561678608309056
ECOTOX,11,ECFPStructure,267,535,ACYCLIC:CCOP(=O)([O-])C(N)=O.[NH4+],0,-0.6167590370151874
ECOTOX,11,ECFPStructure,268,538,c1ccccc1,0,-0.6655973924964591
ECOTOX,11,ECFPStructure,269,540,c1ccccc1,0,0.11600105215455031
ECOTOX,11,ECFPStructure,270,551,ACYCLIC:CSC(C)=NOC(=O)N(C)SN(C)C(=O)ON=C(C)SC,1,0.48312738464882804
ECOTOX,11,ECFPStructure,271,552,c1ccccc1,0,-0.5585130473073783
ECOTOX,11,ECFPStructure,272,553,ACYCLIC:CCNC(=O)NC(=O)C(C#N)=NOC,0,0.06020334783823089
ECOTOX,11,ECFPStructure,273,554,N=C1SCCS1,1,0.21445703863832938
ECOTOX,11,ECFPStructure,274,562,ACYCLIC:CCCOC(=O)NCCCN(C)C.Cl,0,-0.745684927319784
ECOTOX,11,ECFPStructure,275,564,ACYCLIC:O=S(=O)([O-])C(F)(F)C(F)(F)C(F)(F)C(F)(F)C(F)(F)C(F)(F)C(F)(F)C(F)(F)F.[K+],1,0.9251642740011086
ECOTOX,11,ECFPStructure,276,567,O=S1(=O)C=CS(=O)(=O)CC1,0,-0.6243010442702641
ECOTOX,11,ECFPStructure,277,578,c1ccccc1,1,0.5088868290083086
ECOTOX,11,ECFPStructure,278,581,O=C1C=CC(OC(=O)C2CC2)C1,1,1.0554986977417993
ECOTOX,11,ECFPStructure,279,582,c1ccccc1,0,0.3747171607807422
ECOTOX,11,ECFPStructure,280,585,O=C(Nc1ccccc1)N1COC2Cc3ccccc3C2=N1,1,-0.2878705167856618
ECOTOX,11,ECFPStructure,281,586,O=C(OCc1ccccc1)C1CC1,1,0.6934569341863541
ECOTOX,11,ECFPStructure,282,590,O=C(OCc1cccc(Oc2ccccc2)c1)C1CC1C=Cc1ccccc1,1,0.9262274159116044
ECOTOX,11,ECFPStructure,283,591,O=C(Nc1ncccn1)NS(=O)(=O)c1ccccc1,0,-0.7473997912789254
ECOTOX,11,ECFPStructure,284,592,O=C1OC2(C=C1c1ccccc1)CCCC2,0,-0.5914813381963128
ECOTOX,11,ECFPStructure,285,593,C(=Cc1ccccc1)C(C=Cc1ccccc1)=NNC1=NCCCN1,0,-0.5372984106331928
ECOTOX,11,ECFPStructure,286,610,c1ccc2c(c1)CCO2,0,-0.6106583087916837
ECOTOX,11,ECFPStructure,287,614,c1ccc(Oc2ccc(OCCOc3ccccn3)cc2)cc1,0,-0.3140995668839131
ECOTOX,11,ECFPStructure,288,617,c1ccc(CCCN2CCOCC2)cc1,0,0.5356758474766385
ECOTOX,11,ECFPStructure,289,619,c1ccc(-c2nnc(-c3ccccc3)nn2)cc1,0,-0.6037134224494637
ECOTOX,11,ECFPStructure,290,626,c1ccc(CCOCc2cccc(Oc3ccccc3)c2)cc1,1,1.177116927711115
ECOTOX,11,ECFPStructure,291,627,c1ccncc1,0,-1.1870607824363795
ECOTOX,11,ECFPStructure,292,630,c1ccc(CCn2cncn2)cc1,0,0.17422813284185262
ECOTOX,11,ECFPStructure,293,631,c1ccc(Cc2cncnc2)cc1,0,-0.22592573113634595
ECOTOX,11,ECFPStructure,294,636,c1ccc(Oc2ccccc2)cc1,0,-0.7694662003091057
ECOTOX,11,ECFPStructure,295,638,O=C(NC1CCCCC1)N1CC(c2ccccc2)SC1=O,0,-0.8000118140565728
ECOTOX,11,ECFPStructure,296,645,O=C(Nc1ncncn1)NS(=O)(=O)c1ccccc1,0,-0.49422629063921575
ECOTOX,11,ECFPStructure,297,650,O=C1CCON1Cc1ccccc1,0,-1.023394248023286
ECOTOX,11,ECFPStructure,298,658,c1ccncc1,0,-0.22989340127130345
ECOTOX,11,ECFPStructure,299,660,c1ccc2ncccc2c1,0,-1.1389895939819974
ECOTOX,11,ECFPStructure,300,668,c1ccc(CNc2ccccc2)cc1,0,-0.632124763226791
ECOTOX,11,ECFPStructure,301,671,O=C(Nc1ncccn1)NS(=O)(=O)c1ccccc1,0,-0.5577492428711492
ECOTOX,11,ECFPStructure,302,681,O=c1cc(SCc2ccccc2)cn[nH]1,1,-0.10874074172679576
ECOTOX,11,ECFPStructure,303,683,c1ccc(Oc2ccnc3ccccc23)cc1,0,-0.4671630689543701
ECOTOX,11,ECFPStructure,304,684,O=c1sc(=Nc2ccccc2)n2n1CCCC2,0,-0.6324940282826903
ECOTOX,11,ECFPStructure,305,686,O=C(Nc1ncccn1)NS(=O)(=O)c1ccccn1,0,-0.883609540618159
ECOTOX,11,ECFPStructure,306,690,c1ccc(Nc2ncccn2)cc1,0,-1.2555557279788594
ECOTOX,11,ECFPStructure,307,693,c1ccccc1,0,-0.7120756390674162
ECOTOX,11,ECFPStructure,308,695,O=C(c1cccc(C2=NOCC2)c1)c1c[nH][nH]c1=O,0,-0.6817295219928925
ECOTOX,11,ECFPStructure,309,699,O=C(C=C(c1ccccc1)c1ccccc1)N1CCOCC1,0,-0.7372332493476821
ECOTOX,11,ECFPStructure,310,700,ACYCLIC:CCOP(=S)(OCC)OC(Cl)C(Cl)(Cl)Cl,1,0.9923234106416077
ECOTOX,11,ECFPStructure,311,701,O=C1COc2ccc(N3C(=O)C4=C(CCCC4)C3=O)cc2N1,0,-0.6345265664347546
ECOTOX,11,ECFPStructure,312,703,O=C1C2=C(CCCC2)C(=O)N1c1ccccc1,0,-1.3375510212892692
ECOTOX,11,ECFPStructure,313,707,O=S(=O)(Nc1ccccc1)c1nc2ncccn2n1,0,-0.8797043989006237
ECOTOX,11,ECFPStructure,314,710,c1ccc(Oc2ccc(C3(Cn4cncn4)OCCO3)cc2)cc1,0,-0.5035488261617476
ECOTOX,11,ECFPStructure,315,711,O=C(NNC(=O)c1ccccc1)c1ccccc1,0,-0.22266835968821824
ECOTOX,11,ECFPStructure,316,714,c1ccc(CCC(Cn2cncn2)c2ccccc2)cc1,1,0.18636732454926236
ECOTOX,11,ECFPStructure,317,715,c1ccncc1,0,-0.5789012886937039
ECOTOX,11,ECFPStructure,318,717,O=C(Nc1ncccn1)NS(=O)(=O)c1cnc2ccccn12,0,-0.5763449945152894
ECOTOX,11,ECFPStructure,319,724,c1cncc(C2=NCCS2)c1,0,-0.454847233119669
ECOTOX,11,ECFPStructure,320,726,C(=NOCc1ccccc1)c1ccccc1,0,-0.6191419743573714
ECOTOX,11,ECFPStructure,321,729,c1ccc(CCOc2ncnc3ccccc23)cc1,1,-0.13301951564617592
ECOTOX,11,ECFPStructure,322,730,O=C(COc1nncs1)Nc1ccccc1,0,-0.47968686750812933
ECOTOX,11,ECFPStructure,323,731,c1ccc(COc2ccccc2)cc1,0,-0.9352871843938229
ECOTOX,11,ECFPStructure,324,733,c1cc2c(c(-c3cc[nH]c3)c1)OCO2,0,0.4170005378639264
ECOTOX,11,ECFPStructure,325,734,c1ccc(Oc2ccccc2)cc1,0,-0.6360126946597533
ECOTOX,11,ECFPStructure,326,736,O=C(Nc1ccccc1)c1ccccc1,0,-0.28124323857759703
ECOTOX,11,ECFPStructure,327,737,O=C1C=CC(=O)c2ccccc21,0,0.11393352738292456
ECOTOX,11,ECFPStructure,328,739,O=C1NCCS1,1,0.33643143204454845
ECOTOX,11,ECFPStructure,329,747,c1ccc2snnc2c1,0,-0.182027782294656
ECOTOX,11,ECFPStructure,330,748,O=c1[nH]cnn1-c1ccccc1,0,-0.4316585533262606
ECOTOX,11,ECFPStructure,331,751,S=c1nc[nH]n1CC(Cc1ccccc1)C1CC1,0,-0.761230074078182
ECOTOX,11,ECFPStructure,332,752,O=C1NN=CCN1N=Cc1cccnc1,0,-0.586347611106707
ECOTOX,11,ECFPStructure,333,755,O=C(Nc1ncccn1)NS(=O)(=O)c1ccccn1,0,-0.3707226041615427
ECOTOX,11,ECFPStructure,334,756,O=C(Nc1ncccn1)NS(=O)(=O)Nc1ccccc1,0,-0.5078223094403959
ECOTOX,11,ECFPStructure,335,761,O=C(Nc1ncccn1)NS(=O)(=O)c1cnc2ccccn12,0,-0.9050099449521898
ECOTOX,11,ECFPStructure,336,764,c1ccc(Oc2cc(Oc3ccccc3)ncn2)cc1,0,0.20555587410598036
ECOTOX,11,ECFPStructure,337,767,O=C(Nc1ncncn1)NS(=O)(=O)c1ccccc1,0,0.21892180794031907
ECOTOX,11,ECFPStructure,338,768,c1ccc(Sc2ncccn2)cc1,0,-1.1091485718641372
ECOTOX,11,ECFPStructure,339,770,O=C(OCN1C(=O)CNC1=O)C1CC1,1,0.5621543201428747
ECOTOX,11,ECFPStructure,340,772,c1ccncc1,0,-0.1106324198859458
ECOTOX,11,ECFPStructure,341,781,O=S(=O)(Nc1ccccc1)c1nc2ccncn2n1,0,-0.5787295709371191
ECOTOX,11,ECFPStructure,342,782,O=C(NC(=O)c1ccccc1)Nc1ccccc1,0,-0.7265661407596458
ECOTOX,11,ECFPStructure,343,787,C1CCC2(CC1)OCCO2,1,-0.11242965624276685
ECOTOX,11,ECFPStructure,344,788,O=C(Nc1ncncn1)NS(=O)(=O)c1ccccc1,0,-0.2246307085955703
ECOTOX,11,ECFPStructure,345,791,O=C1OC(c2ccc(Oc3ccccc3)cc2)C(=O)N1Nc1ccccc1,1,-0.7767669314173682
ECOTOX,11,ECFPStructure,346,792,c1ccncc1,1,0.5050115480686814
ECOTOX,11,ECFPStructure,347,793,O=C1CCCC(=O)C1=CC1CC1,0,-0.6895499765499922
ECOTOX,11,ECFPStructure,348,794,c1ccc(C2=NC(c3ccccc3)CO2)cc1,0,-0.0012861440889035958
ECOTOX,11,ECFPStructure,349,797,N=C(C1=NOCCO1)c1ccccc1Oc1cc(Oc2ccccc2)ncn1,0,-0.9420886062776781
ECOTOX,11,ECFPStructure,350,799,O=c1[nH]cn[nH]1,0,-0.49944752789207714
ECOTOX,11,ECFPStructure,351,800,C1=NCCN1Cc1cccnc1,1,-0.059357549762188544
ECOTOX,11,ECFPStructure,352,801,O=C(c1ccccc1)c1c[nH][nH]c1=O,0,-0.5033133056853007
ECOTOX,11,ECFPStructure,353,804,O=C(Cc1ccccc1)NCCc1ccccc1,0,-0.061622078782913425
ECOTOX,11,ECFPStructure,354,805,c1ccc(-c2cc[nH]n2)cc1,0,-0.7441732443058631
ECOTOX,11,ECFPStructure,355,813,O=c1c(-c2ccccc2)cn2n1CCOCC2,0,-0.05920267450684902
ECOTOX,11,ECFPStructure,356,817,c1ccc(-c2cnc[nH]2)cc1,0,-0.3833319073046763
ECOTOX,11,ECFPStructure,357,818,O=c1[nH]cnn1-c1ccccc1,0,-0.7658464414750763
ECOTOX,11,ECFPStructure,358,819,O=S(=O)(Nc1nc2ccncn2n1)c1ccccc1,0,-0.5742727351237531
ECOTOX,11,ECFPStructure,359,821,O=C(Nc1ccccc1)C1CC1,0,-1.272314025045089
ECOTOX,11,ECFPStructure,360,826,O=S(=O)(Nc1ccccc1)c1nc2ccncn2n1,0,-0.5197812320413742
ECOTOX,11,ECFPStructure,361,828,c1ccc(CC2CCCC2Cn2cncn2)cc1,0,-0.3005566172449773
ECOTOX,11,ECFPStructure,362,830,N=C1NCOCN1Cc1cncs1,1,-0.3065449472997882
ECOTOX,11,ECFPStructure,363,831,N=C1SCCN1Cc1cccnc1,0,0.48080775846193796
ECOTOX,11,ECFPStructure,364,833,c1ccc(CC2CCCC2Cn2cncn2)cc1,0,-0.732532782739874
ECOTOX,11,ECFPStructure,365,838,O=C1C(c2ccccc2)N=CN1Nc1ccccc1,0,-0.8309461088651097
ECOTOX,11,ECFPStructure,366,839,O=C(OCc1ccccc1)C1CC1,1,0.5437120998120855
ECOTOX,11,ECFPStructure,367,847,c1ccc(-c2ccccc2)cc1,1,-0.8999620175959084
ECOTOX,11,ECFPStructure,368,849,c1ccccc1,0,-0.63783754376446
ECOTOX,11,ECFPStructure,369,851,O=C(Nc1ncccn1)NS(=O)(=O)c1ccn[nH]1,0,-1.1479292573311843
ECOTOX,11,ECFPStructure,370,856,O=C(NCc1cccs1)c1cncs1,0,0.38391519478191866
ECOTOX,11,ECFPStructure,371,857,O=C(C1=C(Sc2ccccc2)C2CCC(C2)C1=O)c1ccccc1,0,-1.016759728793457
ECOTOX,11,ECFPStructure,372,861,c1cncc(Cn2ccnc2)c1,1,0.4064023967325074
ECOTOX,11,ECFPStructure,373,863,O=c1cccnn1-c1ccccc1,0,-1.1024166585827357
ECOTOX,11,ECFPStructure,374,870,O=c1cc[nH]c(=O)n1-c1ccccc1,0,-1.064927039509008
ECOTOX,11,ECFPStructure,375,871,O=C1OC2(C=C1c1ccccc1)CCCCC2,0,-0.44793034272082505
ECOTOX,11,ECFPStructure,376,874,O=C(Nc1ccccc1-c1ccccc1)c1cccnc1,0,-0.39130730383891954
ECOTOX,11,ECFPStructure,377,883,c1ccccc1,0,-1.0101726914748155
ECOTOX,11,ECFPStructure,378,888,c1ccc(COCC2CC(c3cccs3)=NO2)cc1,0,-0.8173558061355379
ECOTOX,11,ECFPStructure,379,898,ACYCLIC:CNC(=O)ON=C(C)SCCC#N,0,0.85476685388549
ECOTOX,11,ECFPStructure,380,901,O=c1[nH]ncs1,1,0.9781999873318619
ECOTOX,11,ECFPStructure,381,902,ACYCLIC:COCCOCCC[Si](C)(O[Si](C)(C)C)O[Si](C)(C)C,0,-0.6708326610518462
ECOTOX,11,ECFPStructure,382,903,c1ccc(Oc2ccc3c(c2)OCCC3)cc1,0,-0.6523736053386666
ECOTOX,11,ECFPStructure,383,906,C1=NCCN1Cc1cccnc1.O=C(OCc1cccc(Oc2ccccc2)c1)C1CC1,1,1.217451186419625
ECOTOX,11,ECFPStructure,384,907,c1ccc(Cc2ccccc2)cc1.c1ccc(Cc2ccccc2)cc1,0,-0.14346853176200464
ECOTOX,11,ECFPStructure,385,910,c1ccccc1.c1ccccc1,1,0.7781598489460675
ECOTOX,11,ECFPStructure,386,912,O=C(c1ccccc1)c1ccccc1,0,-0.9572059204241687
ECOTOX,11,ECFPStructure,387,916,O=C(NCc1ccc(Oc2ccccc2)cc1)c1ccn[nH]1,1,0.393440576213875
ECOTOX,11,ECFPStructure,388,919,c1ccncc1,0,-0.511150132169912
ECOTOX,11,ECFPStructure,389,923,O=S(=O)(Nc1nc2ncccn2n1)c1cccnc1,0,-0.8902138346388044
ECOTOX,11,ECFPStructure,390,927,O=C(NN=C(Cc1ccccc1)c1ccccc1)Nc1ccccc1,1,-0.1212363526759615
ECOTOX,11,ECFPStructure,391,928,c1ccncc1,0,-1.0562765977298256
ECOTOX,11,ECFPStructure,392,930,ACYCLIC:CCCCCCCC(=O)OC.CCCCCCCCCC(=O)OC,0,-0.4094455161449736
ECOTOX,11,ECFPStructure,393,931,O=C(NCc1ccccn1)c1ccccc1,0,-0.778621010358729
ECOTOX,11,ECFPStructure,394,934,O=C1CN=C(c2ccccn2)N1,0,-0.8790365975726726
ECOTOX,11,ECFPStructure,395,936,c1ccc(COc2ccccn2)cc1,0,0.07644833372240317
ECOTOX,11,ECFPStructure,396,940,O=C(Nc1ccsc1)c1cn[nH]c1,0,-0.8509461473410207
ECOTOX,11,ECFPStructure,397,942,O=c1ccn(-c2ccccc2)nc1,0,-0.9773961332950472
ECOTOX,11,ECFPStructure,398,943,O=c1cc[nH]c(-c2ccccc2)c1,0,-0.5307329921438789
ECOTOX,11,ECFPStructure,399,944,c1ccccc1,0,-0.927638628635185
ECOTOX,11,ECFPStructure,400,946,O=C1NC2(C=C1c1ccccc1)CCCCC2,0,-0.7455859065402977
ECOTOX,11,ECFPStructure,401,950,c1cnc(Oc2cccc(Oc3ncccn3)c2)nc1,0,-1.2254484170132465
ECOTOX,11,ECFPStructure,402,951,c1ccc(-c2noc(-c3cccs3)n2)cc1,1,-0.6570408917804531
ECOTOX,11,ECFPStructure,403,952,O=c1cc[nH]c(=O)n1-c1ccccc1,0,-0.9539657070543823
ECOTOX,11,ECFPStructure,404,953,O=C(Nc1ccccc1)c1ccnn1-c1ccccn1,1,1.001582573561611
ECOTOX,11,ECFPStructure,405,957,c1ccncc1,1,0.14768375384306104
ECOTOX,11,ECFPStructure,406,959,c1ccccc1,0,-1.0329541241748506
ECOTOX,11,ECFPStructure,407,960,c1ccc2c(c1)CCC2Nc1ncncn1,0,-1.0006855296523847
ECOTOX,11,ECFPStructure,408,962,O=S(=O)(Cc1cn[nH]c1)C1=NOCC1,0,-0.43893554539263674
ECOTOX,11,ECFPStructure,409,966,O=C(NN=Cc1ccccn1)Nc1ccccc1,0,-0.9821634767123162
ECOTOX,11,ECFPStructure,410,968,O=C(Nc1ccccc1-c1ccccc1)c1cn[nH]c1,0,-1.1366358989097947
ECOTOX,11,ECFPStructure,411,970,c1ccccc1.c1ccccc1,1,-0.18475782360721038
ECOTOX,11,ECFPStructure,412,973,O=C(Nc1ccccc1C1CC1C1CC1)c1cn[nH]c1,1,-1.210065923866833
ECOTOX,11,ECFPStructure,413,976,c1ccncc1,0,-1.0244780322724447
ECOTOX,11,ECFPStructure,414,977,O=C1Nc2ccccc2CN1NCc1cccnc1,1,-0.17929041278406763
ECOTOX,11,ECFPStructure,415,979,O=C([N-]S(=O)(=O)c1ccccn1)Nc1ncccn1,0,-1.3019924744835545
ECOTOX,11,ECFPStructure,416,983,c1ccc(Cc2ncccn2)cc1,0,-0.526777765184269
ECOTOX,11,ECFPStructure,417,985,O=c1[nH][nH]cc1-c1ccccc1,0,-0.19139436999147585
ECOTOX,11,ECFPStructure,418,986,O=C1C=C(NCc2cccnc2)CO1,1,0.047102486366137064
ECOTOX,11,ECFPStructure,419,987,O=C(Cn1cccn1)N1CCC(c2nc(C3=NOC(c4ccccc4)C3)cs2)CC1,0,-0.7785165052273627
ECOTOX,11,ECFPStructure,420,989,O=C1CC2C(=CC3C4CC(OC5CCCCO5)CC4CCC23)C(=O)CC(OC2CCCCO2)CCCCO1,1,0.5666269749725659
ECOTOX,11,ECFPStructure,421,991,C=C1C2CCC1c1c(NC(=O)c3cn[nH]c3)cccc12,0,-1.021829739564366
ECOTOX,11,ECFPStructure,422,992,O=C1C(=Cc2cccnc2)C(=O)C2CCC1C2,0,-1.279437106126194
ECOTOX,11,ECFPStructure,423,995,O=C(c1ccccc1)c1cccnc1,0,-0.8382507629060114
ECOTOX,11,ECFPStructure,424,997,c1ccc(COc2ccccc2)cc1,0,-0.4967368716486774
ECOTOX,11,ECFPStructure,425,998,O=C(Nc1ccccc1)c1cc(Cn2ncnn2)nn1-c1ccccn1,1,0.04342668093264884
ECOTOX,11,ECFPStructure,426,1000,O=C(NCc1ccccc1)NCc1ccccc1,0,-0.3137130448775972
ECOTOX,11,ECFPStructure,427,1002,c1ccc(-c2ccccn2)cc1,0,-1.0590182583468395
ECOTOX,11,ECFPStructure,428,1006,c1ccc(C(=NOCc2ccccn2)c2nnn[nH]2)cc1,0,-0.9925542001148682
ECOTOX,11,ECFPStructure,429,1009,O=C(CNC(=O)c1cccs1)c1ccccc1,0,0.07959447305961692
ECOTOX,11,ECFPStructure,430,1010,O=C(c1ccccc1)c1cn[nH]c1,0,-0.3779017073970557
ECOTOX,11,ECFPStructure,431,1013,C(Sc1ccccc1)=C1SCCN1c1ccccc1,0,-0.25104473262399957
ECOTOX,11,ECFPStructure,432,1015,O=C(OCC1C(OC(=O)C2CC2)CCC2C3Cc4c(cc(-c5cccnc5)oc4=O)OC3CCC12)C1CC1,0,-0.2970924540907338
ECOTOX,11,ECFPStructure,433,1016,c1ccccc1,0,-0.5922161178140606
ECOTOX,11,ECFPStructure,434,1018,O=C(NCCc1ccccc1)c1cn[nH]c1,0,-0.5676812300170089
ECOTOX,11,ECFPStructure,435,1019,c1ccc(Oc2ccc(CCn3cncn3)cc2)cc1,0,-0.18782384583055514
ECOTOX,11,ECFPStructure,436,1022,O=c1cc[nH]c(=O)n1-c1ccccc1,1,-0.7037948819553839
ECOTOX,11,ECFPStructure,437,1028,O=C(OCc1cccc(-c2ccccc2)c1)C1CC1.O=C(OCc1cccc(Oc2ccccc2)c1)C1CC1,1,1.5178214605031664
ECOTOX,11,ECFPStructure,438,1029,O=C(Nc1ccccc1)c1ccnn1-c1ccccn1.O=C(OCc1cccc(Oc2ccccc2)c1)C1CC1,1,1.4521927667933388
ECOTOX,11,ECFPStructure,439,1030,O=C(OCc1ccccc1)c1cccc(-c2ccccc2)n1,0,-1.2857730637684792
ECOTOX,11,ECFPStructure,440,1034,c1ccccc1,0,-1.3493254514122743
ECOTOX,11,Route+Agrochemical,0,0,ACYCLIC:O=C(O)C(=O)O,0,0.03965625447953511
ECOTOX,11,Route+Agrochemical,1,2,ACYCLIC:O=[Si]=O,0,0.03965625447953511
ECOTOX,11,Route+Agrochemical,2,3,c1ccccc1,0,-0.4315728682901374
ECOTOX,11,Route+Agrochemical,3,5,O=C1NC(=O)c2ccccc21,1,1.7173301502333813
ECOTOX,11,Route+Agrochemical,4,6,ACYCLIC:CC(C)=CCCC(C)=CCO,0,-0.02454543221498076
ECOTOX,11,Route+Agrochemical,5,13,ACYCLIC:O=S(=O)([O-])[O-].O=S(=O)([O-])[O-].O=S(=O)([O-])[O-].[Fe+3].[Fe+3],0,-1.0867715024053868
ECOTOX,11,Route+Agrochemical,6,15,C1CCCCC1,1,1.7173301502333813
ECOTOX,11,Route+Agrochemical,7,19,ACYCLIC:COP(=O)(OC)OC=C(Cl)Cl,1,1.7173301502333813
ECOTOX,11,Route+Agrochemical,8,20,c1ccccc1,1,1.7173301502333813
ECOTOX,11,Route+Agrochemical,9,21,ACYCLIC:O=S(=O)([O-])[O-].[Zn+2],0,-0.4165757540549928
ECOTOX,11,Route+Agrochemical,10,22,ACYCLIC:COC(=O)C=C(C)OP(=O)(OC)OC,1,2.28357340333745
ECOTOX,11,Route+Agrochemical,11,23,ACYCLIC:O=P(O)(O)CCCl,0,-1.0867715024053868
ECOTOX,11,Route+Agrochemical,12,26,ACYCLIC:O=S(=O)([O-])[O-].[Mn+2],0,0.605899507583604
ECOTOX,11,Route+Agrochemical,13,27,c1ccccc1,0,-0.5907886853190496
ECOTOX,11,Route+Agrochemical,14,33,c1ccc2ccccc2c1,1,1.7173301502333813
ECOTOX,11,Route+Agrochemical,15,34,ACYCLIC:CC(=O)O.CCCCCCCCCCCCN=C(N)N,0,-0.9828190071590617
ECOTOX,11,Route+Agrochemical,16,35,c1ccccc1,0,-1.0867715024053868
ECOTOX,11,Route+Agrochemical,17,40,c1ccccc1,0,-1.0867715024053868
ECOTOX,11,Route+Agrochemical,18,43,c1ccccc1,0,-0.5907886853190496
ECOTOX,11,Route+Agrochemical,19,44,ACYCLIC:C[CH2][Hg][Cl],0,0.605899507583604
ECOTOX,11,Route+Agrochemical,20,45,ACYCLIC:[Na+].[O-][Cl+2]([O-])[O-],0,-0.5205282493013179
ECOTOX,11,Route+Agrochemical,21,47,c1ccccc1,0,-1.0867715024053868
ECOTOX,11,Route+Agrochemical,22,48,ACYCLIC:[Cl][Cd][Cl],1,-0.4165757540549928
ECOTOX,11,Route+Agrochemical,23,49,c1ccccc1,0,0.08740262022564362
ECOTOX,11,Route+Agrochemical,24,50,O=C1NC(=O)c2ccccc21,0,-0.9828190071590617
ECOTOX,11,Route+Agrochemical,25,52,ACYCLIC:O=[N+]([O-])C(Cl)(Cl)Cl,0,-0.5907886853190496
ECOTOX,11,Route+Agrochemical,26,54,S=C1NCNCS1,1,0.13467038481393143
ECOTOX,11,Route+Agrochemical,27,56,c1ccccc1,0,-1.0867715024053868
ECOTOX,11,Route+Agrochemical,28,59,ACYCLIC:O=S(=O)([O-])[O-].O=S(=O)([O-])[O-].O=S(=O)([O-])[O-].[Cr+3].[Cr+3],0,0.605899507583604
ECOTOX,11,Route+Agrochemical,29,60,ACYCLIC:O=N[O-].[Na+],0,0.03965625447953511
ECOTOX,11,Route+Agrochemical,30,61,ACYCLIC:CSSC,0,-0.5907886853190496
ECOTOX,11,Route+Agrochemical,31,64,c1ccccc1,0,-1.0867715024053868
ECOTOX,11,Route+Agrochemical,32,65,c1ccccc1,0,-1.0867715024053868
ECOTOX,11,Route+Agrochemical,33,67,ACYCLIC:COP(=O)(NC(C)=O)SC,1,1.7173301502333813
ECOTOX,11,Route+Agrochemical,34,73,ACYCLIC:CCOP(=O)(OCC)OP(=O)(OCC)OCC,1,1.7173301502333813
ECOTOX,11,Route+Agrochemical,35,75,c1ccoc1,0,-0.9828190071590617
ECOTOX,11,Route+Agrochemical,36,77,c1ccc(Oc2ccccc2)cc1,0,-0.5907886853190496
ECOTOX,11,Route+Agrochemical,37,80,c1ccccc1,1,0.605899507583604
ECOTOX,11,Route+Agrochemical,38,82,ACYCLIC:CCCCCCCCC(=O)O,0,-0.4315728682901374
ECOTOX,11,Route+Agrochemical,39,83,C1CNCCN1,0,-0.9828190071590617
ECOTOX,11,Route+Agrochemical,40,86,O=c1ccc(=O)[nH][nH]1,0,-1.0867715024053868
ECOTOX,11,Route+Agrochemical,41,87,O=C(OCc1cccc(Oc2ccccc2)c1)C1CC1,1,1.7173301502333813
ECOTOX,11,Route+Agrochemical,42,90,c1ccccc1,0,-1.0867715024053868
ECOTOX,11,Route+Agrochemical,43,92,ACYCLIC:CCOC(=O)CC(SP(=S)(OC)OC)C(=O)OCC,1,1.7173301502333813
ECOTOX,11,Route+Agrochemical,44,95,O=C1CCCN1,0,-0.5907886853190496
ECOTOX,11,Route+Agrochemical,45,96,c1ccc2c(c1)CCCC2,1,0.03965625447953511
ECOTOX,11,Route+Agrochemical,46,98,ACYCLIC:C[As](C)(=O)O,0,-1.0867715024053868
ECOTOX,11,Route+Agrochemical,47,100,c1ccccc1,1,1.7173301502333813
ECOTOX,11,Route+Agrochemical,48,101,ACYCLIC:CCSC(=O)N(CC(C)C)CC(C)C,0,-1.0867715024053868
ECOTOX,11,Route+Agrochemical,49,102,c1ccc(Cc2ccccc2)cc1,0,0.03965625447953511
ECOTOX,11,Route+Agrochemical,50,103,c1ccccc1,0,-0.5907886853190496
ECOTOX,11,Route+Agrochemical,51,105,ACYCLIC:C[As](=O)([O-])O.[Na+],0,-1.0867715024053868
ECOTOX,11,Route+Agrochemical,52,111,c1ccc2[nH]cnc2c1,1,-0.4165757540549928
ECOTOX,11,Route+Agrochemical,53,115,c1ccc2nccnc2c1,1,-0.5907886853190496
ECOTOX,11,Route+Agrochemical,54,116,O=c1[nH]nnc2ccccc12,1,-0.5907886853190496
ECOTOX,11,Route+Agrochemical,55,117,c1ccccc1,0,-0.5907886853190496
ECOTOX,11,Route+Agrochemical,56,118,c1ccc2ccccc2c1,0,-0.02454543221498076
ECOTOX,11,Route+Agrochemical,57,119,c1ccccc1,0,-0.5205282493013179
ECOTOX,11,Route+Agrochemical,58,121,c1ccc(Cc2ccccc2)cc1,1,-0.02454543221498076
ECOTOX,11,Route+Agrochemical,59,123,c1ccc(-c2ccc3ccccc3[o+]2)cc1,0,-0.9828190071590617
ECOTOX,11,Route+Agrochemical,60,128,O=c1cccnn1-c1ccccc1,0,-1.0867715024053868
ECOTOX,11,Route+Agrochemical,61,129,c1ccccc1,1,-0.5907886853190496
ECOTOX,11,Route+Agrochemical,62,130,c1ccccc1,1,1.7173301502333813
ECOTOX,11,Route+Agrochemical,63,133,ACYCLIC:CNC(=O)CSP(=S)(OC)OC,1,1.7173301502333813
ECOTOX,11,Route+Agrochemical,64,135,c1ccc(OCn2cncn2)cc1,0,-0.9828190071590617
ECOTOX,11,Route+Agrochemical,65,136,O=C(Nc1ccccc1)Oc1ccccc1,0,-1.0867715024053868
ECOTOX,11,Route+Agrochemical,66,138,ACYCLIC:O=[N+]([O-])[O-].O=[N+]([O-])[O-].O=[N+]([O-])[O-].[Cr+3],0,0.605899507583604
ECOTOX,11,Route+Agrochemical,67,142,ACYCLIC:CN(C)C(=S)SSC(=S)N(C)C,0,-0.9828190071590617
ECOTOX,11,Route+Agrochemical,68,143,c1ccccc1,1,1.7173301502333813
ECOTOX,11,Route+Agrochemical,69,144,c1ccc(Cc2ccccc2)cc1,0,1.7173301502333813
ECOTOX,11,Route+Agrochemical,70,145,c1cc[c]([Sn]([c]2ccccc2)[c]2ccccc2)cc1,0,-0.9828190071590617
ECOTOX,11,Route+Agrochemical,71,151,c1ccccc1,0,-0.9828190071590617
ECOTOX,11,Route+Agrochemical,72,153,ACYCLIC:CCSCCSP(=S)(OC)OC,1,-0.5907886853190496
ECOTOX,11,Route+Agrochemical,73,154,c1cc(-c2cc[nH+]cc2)cc[nH+]1,0,-0.5205282493013179
ECOTOX,11,Route+Agrochemical,74,158,ACYCLIC:[F][Al-3]([F])([F])([F])([F])[F].[Na+].[Na+].[Na+],0,1.7173301502333813
ECOTOX,11,Route+Agrochemical,75,162,ACYCLIC:[S],0,-0.9828190071590617
ECOTOX,11,Route+Agrochemical,76,167,O=C1C=CC(OC(=O)C2CC2)C1.O=C1C=CC(OC(=O)C2CC2)C1,1,2.28357340333745
ECOTOX,11,Route+Agrochemical,77,169,ACYCLIC:[Cd],0,0.605899507583604
ECOTOX,11,Route+Agrochemical,78,170,ACYCLIC:[Ca+2].[S-]SSS[S-],0,1.7173301502333813
ECOTOX,11,Route+Agrochemical,79,171,ACYCLIC:CCOP(=S)(OCC)SCSC(C)(C)C,1,1.7173301502333813
ECOTOX,11,Route+Agrochemical,80,173,c1ccc(COc2ccn(-c3ccccc3)n2)cc1,0,-0.9828190071590617
ECOTOX,11,Route+Agrochemical,81,176,ACYCLIC:CN(C)C(=S)[S-].CN(C)C(=S)[S-].CN(C)C(=S)[S-].[Fe+3],0,-0.4165757540549928
ECOTOX,11,Route+Agrochemical,82,178,c1ccc(Oc2ccccc2)cc1,0,-1.0867715024053868
ECOTOX,11,Route+Agrochemical,83,180,c1ccc(CCn2cncn2)cc1,0,-0.4165757540549928
ECOTOX,11,Route+Agrochemical,84,182,ACYCLIC:[As],0,0.605899507583604
ECOTOX,11,Route+Agrochemical,85,183,c1ccccc1,1,2.28357340333745
ECOTOX,11,Route+Agrochemical,86,184,ACYCLIC:COP(=O)(OC)OC(Br)C(Cl)(Cl)Br,1,1.7173301502333813
ECOTOX,11,Route+Agrochemical,87,185,c1ccccc1,0,-0.5907886853190496
ECOTOX,11,Route+Agrochemical,88,186,ACYCLIC:O=[As]([O-])(O)O.[Na+],1,0.605899507583604
ECOTOX,11,Route+Agrochemical,89,187,c1ccc(OC2CCCCC2)cc1,0,1.7173301502333813
ECOTOX,11,Route+Agrochemical,90,188,C1CCC(OC2CCCC(OC3CCCCO3)C2)OC1,0,0.03965625447953511
ECOTOX,11,Route+Agrochemical,91,189,c1ccc(C2(Cn3cncn3)OCCO2)cc1,0,-0.9828190071590617
ECOTOX,11,Route+Agrochemical,92,190,c1ccccc1,0,-1.0867715024053868
ECOTOX,11,Route+Agrochemical,93,192,C1=CC2CC1C1CCCC21,1,2.28357340333745
ECOTOX,11,Route+Agrochemical,94,193,O=C1CC(CCC2CCCCC2=O)CC(=O)N1,0,0.03965625447953511
ECOTOX,11,Route+Agrochemical,95,194,O=C(OCc1coc(Cc2ccccc2)c1)C1CC1,1,1.7173301502333813
ECOTOX,11,Route+Agrochemical,96,198,c1ccccc1,0,-0.9828190071590617
ECOTOX,11,Route+Agrochemical,97,199,c1ccc2ccccc2c1,0,-0.5907886853190496
ECOTOX,11,Route+Agrochemical,98,202,c1ccccc1,0,-0.5205282493013179
ECOTOX,11,Route+Agrochemical,99,203,c1ccc(C2CCCCC2)cc1,0,0.03965625447953511
ECOTOX,11,Route+Agrochemical,100,204,N=C1NC(=O)N(c2ccccc2)CS1,0,2.28357340333745
ECOTOX,11,Route+Agrochemical,101,205,C1=CC2C3C=CC(C3)C2C1,1,1.7173301502333813
ECOTOX,11,Route+Agrochemical,102,206,c1ccccc1,0,0.605899507583604
ECOTOX,11,Route+Agrochemical,103,207,C1=CC2CC1C1C3C=CC(C3)C21,1,0.03965625447953511
ECOTOX,11,Route+Agrochemical,104,210,c1ccccc1,1,0.605899507583604
ECOTOX,11,Route+Agrochemical,105,214,C1=CC2CC1C1C3CC(C4OC34)C21,1,1.7173301502333813
ECOTOX,11,Route+Agrochemical,106,215,c1ccccc1,0,-1.0867715024053868
ECOTOX,11,Route+Agrochemical,107,216,ACYCLIC:CCOP(=O)(OCC)SCCSCC,1,-0.5907886853190496
ECOTOX,11,Route+Agrochemical,108,217,O=C(Nc1ncncn1)NS(=O)(=O)c1ccccc1,0,-1.0867715024053868
ECOTOX,11,Route+Agrochemical,109,218,c1ccccc1,0,0.03965625447953511
ECOTOX,11,Route+Agrochemical,110,219,O=C(OCc1cccc(Oc2ccccc2)c1)C1CC1,1,1.7173301502333813
ECOTOX,11,Route+Agrochemical,111,221,ACYCLIC:CC(C)N(C(=O)SCC(Cl)=C(Cl)Cl)C(C)C,0,-1.0867715024053868
ECOTOX,11,Route+Agrochemical,112,222,O=C(Nc1ccccc1)Nc1cnns1,0,-1.0867715024053868
ECOTOX,11,Route+Agrochemical,113,224,c1ccc(Sc2ccccc2)cc1,1,1.7173301502333813
ECOTOX,11,Route+Agrochemical,114,225,c1cc[c]([SnH]([c]2ccccc2)[c]2ccccc2)cc1,0,0.03965625447953511
ECOTOX,11,Route+Agrochemical,115,226,c1cncnc1,1,1.76507651597949
ECOTOX,11,Route+Agrochemical,116,229,c1ccc2c(c1)Cc1ccccc1-2,0,-1.0867715024053868
ECOTOX,11,Route+Agrochemical,117,230,c1ccccc1,0,-0.9828190071590617
ECOTOX,11,Route+Agrochemical,118,233,c1ccc(Cc2ccccc2)cc1,1,-0.5907886853190496
ECOTOX,11,Route+Agrochemical,119,235,ACYCLIC:CCCOP(=S)(OCCC)OP(=S)(OCCC)OCCC,0,1.7173301502333813
ECOTOX,11,Route+Agrochemical,120,237,ACYCLIC:S=C([S-])NCCNC(=S)[S-].[Na+].[Na+],0,-0.9828190071590617
ECOTOX,11,Route+Agrochemical,121,238,ACYCLIC:CCS(=O)CCSP(=O)(OC)OC,1,2.28357340333745
ECOTOX,11,Route+Agrochemical,122,239,c1ccccc1,0,-1.0867715024053868
ECOTOX,11,Route+Agrochemical,123,240,ACYCLIC:CCCSP(=O)(OCC)SCCC,1,1.7173301502333813
ECOTOX,11,Route+Agrochemical,124,241,c1ccccc1,0,-1.0867715024053868
ECOTOX,11,Route+Agrochemical,125,243,c1nc[nH]n1,0,-1.0867715024053868
ECOTOX,11,Route+Agrochemical,126,246,O=c1[nH]nnc2ccccc12,1,2.28357340333745
ECOTOX,11,Route+Agrochemical,127,247,ACYCLIC:CN(C)P(=O)(F)N(C)C,1,-0.02454543221498076
ECOTOX,11,Route+Agrochemical,128,249,ACYCLIC:CC(Cl)(Cl)C(=O)O,0,-0.5907886853190496
ECOTOX,11,Route+Agrochemical,129,251,C1COCCO1,0,-0.5907886853190496
ECOTOX,11,Route+Agrochemical,130,253,c1ccccc1,1,1.7173301502333813
ECOTOX,11,Route+Agrochemical,131,254,ACYCLIC:CCOP(=S)(OCC)SCCSCC,1,1.7173301502333813
ECOTOX,11,Route+Agrochemical,132,255,c1ccccc1,0,-0.5907886853190496
ECOTOX,11,Route+Agrochemical,133,261,c1ncncn1,0,-1.0867715024053868
ECOTOX,11,Route+Agrochemical,134,262,ACYCLIC:CCSCCSP(=O)(OC)OC,1,-0.02454543221498076
ECOTOX,11,Route+Agrochemical,135,264,O=c1[nH]ncs1,1,1.7173301502333813
ECOTOX,11,Route+Agrochemical,136,265,c1ncncn1,0,-1.0867715024053868
ECOTOX,11,Route+Agrochemical,137,266,c1ccccc1,1,1.7173301502333813
ECOTOX,11,Route+Agrochemical,138,268,c1ccc(Oc2cnc3ccccc3n2)cc1,0,-0.5907886853190496
ECOTOX,11,Route+Agrochemical,139,269,c1ccncc1,0,-0.5205282493013179
ECOTOX,11,Route+Agrochemical,140,270,O=c1ccc2ccccc2o1,1,2.28357340333745
ECOTOX,11,Route+Agrochemical,141,271,ACYCLIC:CCOP(=S)(OCC)SCSCC,1,2.28357340333745
ECOTOX,11,Route+Agrochemical,142,273,ACYCLIC:CCCN(CCC)C(=O)SCC,1,-0.5205282493013179
ECOTOX,11,Route+Agrochemical,143,279,ACYCLIC:CCN(CC)C(=O)C(Cl)=C(C)OP(=O)(OC)OC,1,1.7173301502333813
ECOTOX,11,Route+Agrochemical,144,280,O=c1[nH]c2ccccc2o1,1,1.7173301502333813
ECOTOX,11,Route+Agrochemical,145,281,c1ncncn1,0,-1.0867715024053868
ECOTOX,11,Route+Agrochemical,146,283,c1cc(-c2cc[nH+]cc2)cc[nH+]1,1,-0.5907886853190496
ECOTOX,11,Route+Agrochemical,147,287,c1cn[nH]c1,1,-0.5907886853190496
ECOTOX,11,Route+Agrochemical,148,288,c1ncncn1,0,-1.0867715024053868
ECOTOX,11,Route+Agrochemical,149,289,c1ncncn1,0,-1.0867715024053868
ECOTOX,11,Route+Agrochemical,150,291,c1ncncn1,0,-1.0867715024053868
ECOTOX,11,Route+Agrochemical,151,292,c1ccccc1,1,-0.5907886853190496
ECOTOX,11,Route+Agrochemical,152,294,c1ccncc1,0,-0.5907886853190496
ECOTOX,11,Route+Agrochemical,153,295,ACYCLIC:C[N+](C)(C)CCCl.[Cl-],0,-1.0867715024053868
ECOTOX,11,Route+Agrochemical,154,296,c1ccc2[nH]c(-c3cscn3)nc2c1,1,-0.4165757540549928
ECOTOX,11,Route+Agrochemical,155,298,c1ccc(CNc2ncnc3nc[nH]c23)cc1,0,-0.5907886853190496
ECOTOX,11,Route+Agrochemical,156,299,S=[PH](Oc1ccccc1)c1ccccc1,1,1.7173301502333813
ECOTOX,11,Route+Agrochemical,157,303,c1ccccc1,1,1.7173301502333813
ECOTOX,11,Route+Agrochemical,158,304,O=C1C2C3C4CC5C3C1C5C42,1,1.7173301502333813
ECOTOX,11,Route+Agrochemical,159,306,c1ccccc1,0,-1.0867715024053868
ECOTOX,11,Route+Agrochemical,160,307,c1ncncn1,1,0.605899507583604
ECOTOX,11,Route+Agrochemical,161,308,c1cnccn1,1,-0.5907886853190496
ECOTOX,11,Route+Agrochemical,162,309,S=[PH](Oc1ccccc1)c1ccccc1,1,0.03965625447953511
ECOTOX,11,Route+Agrochemical,163,310,c1ccc(C[CH2][Sn]([CH2]Cc2ccccc2)([CH2]Cc2ccccc2)[O][Sn]([CH2]Cc2ccccc2)([CH2]Cc2ccccc2)[CH2]Cc2ccccc2)cc1,0,1.7173301502333813
ECOTOX,11,Route+Agrochemical,164,312,O=c1cc[nH]c(=O)[nH]1,0,-1.0867715024053868
ECOTOX,11,Route+Agrochemical,165,314,c1ccccc1,1,1.7173301502333813
ECOTOX,11,Route+Agrochemical,166,317,c1ncnc(NC2CC2)n1,0,-1.0867715024053868
ECOTOX,11,Route+Agrochemical,167,319,c1cn[nH]c1,1,-0.5907886853190496
ECOTOX,11,Route+Agrochemical,168,320,c1ccccc1,0,-0.5205282493013179
ECOTOX,11,Route+Agrochemical,169,322,c1ccccc1,1,0.03965625447953511
ECOTOX,11,Route+Agrochemical,170,324,O=c1sc2nc3ccccc3nc2s1,0,-0.9828190071590617
ECOTOX,11,Route+Agrochemical,171,325,S=c1sc2nc3ccccc3nc2s1,0,0.03965625447953511
ECOTOX,11,Route+Agrochemical,172,326,ACYCLIC:S=C([S-])NCCNC(=S)[S-].[Mn+2],0,-0.9828190071590617
ECOTOX,11,Route+Agrochemical,173,327,ACYCLIC:COP(=O)(OC)OC(C)=CC(=O)N(C)C,1,1.76507651597949
ECOTOX,11,Route+Agrochemical,174,329,ACYCLIC:C[As](=O)([O-])[O-].[Na+].[Na+],0,-1.0867715024053868
ECOTOX,11,Route+Agrochemical,175,335,c1ccncc1,0,-1.0867715024053868
ECOTOX,11,Route+Agrochemical,176,339,c1ccccc1,1,1.7173301502333813
ECOTOX,11,Route+Agrochemical,177,340,C1C2C3C4CC5C3C1C5C24,1,1.7173301502333813
ECOTOX,11,Route+Agrochemical,178,343,c1ccncc1,0,-0.5907886853190496
ECOTOX,11,Route+Agrochemical,179,345,ACYCLIC:CNC(=O)ON=CC(C)(C)SC,1,1.7173301502333813
ECOTOX,11,Route+Agrochemical,180,346,c1ccccc1,1,2.28357340333745
ECOTOX,11,Route+Agrochemical,181,347,N=C1SCCS1,1,0.03965625447953511
ECOTOX,11,Route+Agrochemical,182,350,ACYCLIC:COC(=O)C=C(CC(=O)OC)OP(=O)(OC)OC,1,0.03965625447953511
ECOTOX,11,Route+Agrochemical,183,351,c1ccccc1,1,1.7173301502333813
ECOTOX,11,Route+Agrochemical,184,355,c1ccc2c(c1)CCO2,1,1.7173301502333813
ECOTOX,11,Route+Agrochemical,185,358,ACYCLIC:CNC(=O)ON=C(SC)C(=O)N(C)C,1,1.76507651597949
ECOTOX,11,Route+Agrochemical,186,359,c1ccccc1,1,-0.5907886853190496
ECOTOX,11,Route+Agrochemical,187,361,c1ccncc1,1,1.7173301502333813
ECOTOX,11,Route+Agrochemical,188,363,O=c1nc[nH]c(=O)n1C1CCCCC1,0,-1.0867715024053868
ECOTOX,11,Route+Agrochemical,189,366,ACYCLIC:CNC(=O)ON=C(C)SC,1,2.28357340333745
ECOTOX,11,Route+Agrochemical,190,367,c1ccccc1,1,-0.5907886853190496
ECOTOX,11,Route+Agrochemical,191,369,c1ccccc1,1,1.7173301502333813
ECOTOX,11,Route+Agrochemical,192,370,ACYCLIC:CNC(=O)CSP(=O)(OC)OC,1,2.28357340333745
ECOTOX,11,Route+Agrochemical,193,371,c1ccccc1,0,-1.0867715024053868
ECOTOX,11,Route+Agrochemical,194,374,c1ccccc1,0,-0.4165757540549928
ECOTOX,11,Route+Agrochemical,195,379,c1ccccc1,1,1.7173301502333813
ECOTOX,11,Route+Agrochemical,196,380,c1ccccc1,1,1.7173301502333813
ECOTOX,11,Route+Agrochemical,197,381,C1CC[CH]([Sn]([CH]2CCCCC2)[CH]2CCCCC2)CC1,0,-0.5907886853190496
ECOTOX,11,Route+Agrochemical,198,387,O=C(Nc1ccccc1)C1=COCCS1,0,-0.4165757540549928
ECOTOX,11,Route+Agrochemical,199,388,c1ccc2[nH]cnc2c1,0,-0.9828190071590617
ECOTOX,11,Route+Agrochemical,200,389,c1ccccc1,1,-0.5907886853190496
ECOTOX,11,Route+Agrochemical,201,390,c1ccccc1,1,1.7173301502333813
ECOTOX,11,Route+Agrochemical,202,392,ACYCLIC:O.O=S(=O)([O-])[O-].[Fe+2],0,-1.0867715024053868
ECOTOX,11,Route+Agrochemical,203,393,c1ccc2sccc2c1,1,0.03965625447953511
ECOTOX,11,Route+Agrochemical,204,396,c1ccccc1,1,-0.5205282493013179
ECOTOX,11,Route+Agrochemical,205,397,c1ccc(C2OCCO2)cc1,1,-0.5907886853190496
ECOTOX,11,Route+Agrochemical,206,398,c1ccccc1,1,2.28357340333745
ECOTOX,11,Route+Agrochemical,207,400,O=c1cc[nH]c(=O)[nH]1,0,-1.0867715024053868
ECOTOX,11,Route+Agrochemical,208,405,c1ccccc1,0,-0.9828190071590617
ECOTOX,11,Route+Agrochemical,209,407,c1ccccc1,0,-0.5205282493013179
ECOTOX,11,Route+Agrochemical,210,410,ACYCLIC:CCS(=O)(=O)CCSP(=O)(OC)OC,1,0.605899507583604
ECOTOX,11,Route+Agrochemical,211,415,c1ccc(C(c2ccccc2)c2cccnc2)cc1,1,-0.9828190071590617
ECOTOX,11,Route+Agrochemical,212,416,O=C(Nc1ccccc1)NC1CCCCC1,0,-1.0867715024053868
ECOTOX,11,Route+Agrochemical,213,417,c1ccccc1,0,-1.0867715024053868
ECOTOX,11,Route+Agrochemical,214,418,c1ccccc1,1,0.03965625447953511
ECOTOX,11,Route+Agrochemical,215,421,C1CCCCC1,1,-0.5205282493013179
ECOTOX,11,Route+Agrochemical,216,424,c1ccncc1,0,-1.0867715024053868
ECOTOX,11,Route+Agrochemical,217,425,ACYCLIC:COP(=O)(OC)SCCSC.COP(=S)(OC)OCCSC,1,0.605899507583604
ECOTOX,11,Route+Agrochemical,218,429,O=C(Nc1ccccc1)Oc1ccccc1,0,-1.0867715024053868
ECOTOX,11,Route+Agrochemical,219,431,c1ccccc1,1,0.03965625447953511
ECOTOX,11,Route+Agrochemical,220,434,c1cnc2ccnn2c1,1,-0.5907886853190496
ECOTOX,11,Route+Agrochemical,221,436,c1ccc(-c2ccccc2)cc1,0,0.03965625447953511
ECOTOX,11,Route+Agrochemical,222,438,C1=CC2C(O1)OC1CC2C2OC12C1CC2OCC3CCCC4(COCC14)C32,1,0.6948548885947845
ECOTOX,11,Route+Agrochemical,223,439,c1ccccc1,0,-0.5907886853190496
ECOTOX,11,Route+Agrochemical,224,440,ACYCLIC:O=C(O)CNCP(=O)(O)O,0,-1.0867715024053868
ECOTOX,11,Route+Agrochemical,225,441,c1cncnc1,1,2.28357340333745
ECOTOX,11,Route+Agrochemical,226,442,ACYCLIC:COP(N)(=O)SC,1,1.76507651597949
ECOTOX,11,Route+Agrochemical,227,443,O=c1ocnn1-c1ccccc1,0,-1.0867715024053868
ECOTOX,11,Route+Agrochemical,228,448,c1ccc2c(c1)OCO2,1,1.7173301502333813
ECOTOX,11,Route+Agrochemical,229,449,c1cncnc1,1,2.28357340333745
ECOTOX,11,Route+Agrochemical,230,453,ACYCLIC:CNC(=O)ON=CC(C)(C)S(C)=O,1,-0.5430423195729411
ECOTOX,11,Route+Agrochemical,231,454,c1ccccc1,0,-1.0867715024053868
ECOTOX,11,Route+Agrochemical,232,456,C(=NNc1ccccc1)c1ccccc1,1,0.03965625447953511
ECOTOX,11,Route+Agrochemical,233,459,c1ccncc1,1,2.28357340333745
ECOTOX,11,Route+Agrochemical,234,462,c1ccccc1,0,-0.5205282493013179
ECOTOX,11,Route+Agrochemical,235,463,O=C(Nc1cccc2ccccc12)c1ccccc1,0,-1.0867715024053868
ECOTOX,11,Route+Agrochemical,236,466,ACYCLIC:CNC(=O)ON=C(CSC)C(C)(C)C,1,-0.5907886853190496
ECOTOX,11,Route+Agrochemical,237,470,c1ccc(CCn2ccnc2)cc1,0,-0.4165757540549928
ECOTOX,11,Route+Agrochemical,238,475,c1cscn1,0,2.28357340333745
ECOTOX,11,Route+Agrochemical,239,477,O=C(Nc1ccccc1)Nc1ccncc1,0,-0.5907886853190496
ECOTOX,11,Route+Agrochemical,240,480,ACYCLIC:CC(C)N.O=C(O)CNCP(=O)(O)O,0,-1.0867715024053868
ECOTOX,11,Route+Agrochemical,241,483,c1ccccc1,0,-0.5205282493013179
ECOTOX,11,Route+Agrochemical,242,486,c1nncs1,0,-1.0867715024053868
ECOTOX,11,Route+Agrochemical,243,488,c1ccccc1,1,-0.02454543221498076
ECOTOX,11,Route+Agrochemical,244,495,c1ccc(-n2cccn2)cc1,1,1.7173301502333813
ECOTOX,11,Route+Agrochemical,245,496,O=c1c(-c2ccccc2)c[nH]cc1-c1ccccc1,0,-1.0867715024053868
ECOTOX,11,Route+Agrochemical,246,497,c1ccc(C(c2cncnc2)C2CC2)cc1,0,-1.0867715024053868
ECOTOX,11,Route+Agrochemical,247,501,O=C(OCc1cccc(Oc2ccccc2)c1)C1CC1,1,1.7173301502333813
ECOTOX,11,Route+Agrochemical,248,502,O=C(Nc1ncccn1)NS(=O)(=O)c1ccccc1,0,-1.0867715024053868
ECOTOX,11,Route+Agrochemical,249,503,c1ccc(C(CC2CC2)Cn2cncn2)cc1,0,-0.4165757540549928
ECOTOX,11,Route+Agrochemical,250,504,c1ccc(C(c2ccccc2)c2cncnc2)cc1,1,-0.4165757540549928
ECOTOX,11,Route+Agrochemical,251,505,c1ccccc1,0,-1.0867715024053868
ECOTOX,11,Route+Agrochemical,252,506,ACYCLIC:CCCCCCCCSCCO,0,1.7173301502333813
ECOTOX,11,Route+Agrochemical,253,508,O=C(NCCc1ccccn1)c1ccccc1,0,-0.9828190071590617
ECOTOX,11,Route+Agrochemical,254,509,c1ccc(Oc2ccccc2)cc1,0,-0.5205282493013179
ECOTOX,11,Route+Agrochemical,255,510,O=C(Cc1ccccc1)OCc1cccc(Oc2ccccc2)c1,1,1.76507651597949
ECOTOX,11,Route+Agrochemical,256,511,c1ccc(-c2ccc[nH]2)cc1,1,1.7173301502333813
ECOTOX,11,Route+Agrochemical,257,512,O=c1cco[nH]1,0,-0.9828190071590617
ECOTOX,11,Route+Agrochemical,258,513,C1OCC2OC3OCOC3C2O1,0,-2.1092467640439834
ECOTOX,11,Route+Agrochemical,259,515,c1ccncc1,0,-0.5205282493013179
ECOTOX,11,Route+Agrochemical,260,516,O=C1CNC(=O)N1c1ccccc1,0,-0.4165757540549928
ECOTOX,11,Route+Agrochemical,261,519,c1ccccc1,1,0.03965625447953511
ECOTOX,11,Route+Agrochemical,262,520,O=C(OCc1cccc(Oc2ccccc2)c1)C1CC1,1,1.76507651597949
ECOTOX,11,Route+Agrochemical,263,530,c1ccccc1,0,-1.0867715024053868
ECOTOX,11,Route+Agrochemical,264,531,c1ccccc1,1,1.76507651597949
ECOTOX,11,Route+Agrochemical,265,532,O=C(NC(=O)c1ccccc1)Nc1ccccc1,1,0.03965625447953511
ECOTOX,11,Route+Agrochemical,266,534,c1ccc(OCn2cncn2)cc1,0,-0.9828190071590617
ECOTOX,11,Route+Agrochemical,267,535,ACYCLIC:CCOP(=O)([O-])C(N)=O.[NH4+],0,-1.0867715024053868
ECOTOX,11,Route+Agrochemical,268,538,c1ccccc1,0,-1.0867715024053868
ECOTOX,11,Route+Agrochemical,269,540,c1ccccc1,0,-0.9828190071590617
ECOTOX,11,Route+Agrochemical,270,551,ACYCLIC:CSC(C)=NOC(=O)N(C)SN(C)C(=O)ON=C(C)SC,1,2.28357340333745
ECOTOX,11,Route+Agrochemical,271,552,c1ccccc1,0,-0.4165757540549928
ECOTOX,11,Route+Agrochemical,272,553,ACYCLIC:CCNC(=O)NC(=O)C(C#N)=NOC,0,-0.9828190071590617
ECOTOX,11,Route+Agrochemical,273,554,N=C1SCCS1,1,-0.5907886853190496
ECOTOX,11,Route+Agrochemical,274,562,ACYCLIC:CCCOC(=O)NCCCN(C)C.Cl,0,-0.9828190071590617
ECOTOX,11,Route+Agrochemical,275,564,ACYCLIC:O=S(=O)([O-])C(F)(F)C(F)(F)C(F)(F)C(F)(F)C(F)(F)C(F)(F)C(F)(F)C(F)(F)F.[K+],1,0.605899507583604
ECOTOX,11,Route+Agrochemical,276,567,O=S1(=O)C=CS(=O)(=O)CC1,0,-1.0867715024053868
ECOTOX,11,Route+Agrochemical,277,578,c1ccccc1,1,-0.5907886853190496
ECOTOX,11,Route+Agrochemical,278,581,O=C1C=CC(OC(=O)C2CC2)C1,1,1.7173301502333813
ECOTOX,11,Route+Agrochemical,279,582,c1ccccc1,0,-0.9828190071590617
ECOTOX,11,Route+Agrochemical,280,585,O=C(Nc1ccccc1)N1COC2Cc3ccccc3C2=N1,1,1.7173301502333813
ECOTOX,11,Route+Agrochemical,281,586,O=C(OCc1ccccc1)C1CC1,1,1.7173301502333813
ECOTOX,11,Route+Agrochemical,282,590,O=C(OCc1cccc(Oc2ccccc2)c1)C1CC1C=Cc1ccccc1,1,0.03965625447953511
ECOTOX,11,Route+Agrochemical,283,591,O=C(Nc1ncccn1)NS(=O)(=O)c1ccccc1,0,-1.0867715024053868
ECOTOX,11,Route+Agrochemical,284,592,O=C1OC2(C=C1c1ccccc1)CCCC2,0,1.7173301502333813
ECOTOX,11,Route+Agrochemical,285,593,C(=Cc1ccccc1)C(C=Cc1ccccc1)=NNC1=NCCCN1,0,1.7173301502333813
ECOTOX,11,Route+Agrochemical,286,610,c1ccc2c(c1)CCO2,0,-0.5205282493013179
ECOTOX,11,Route+Agrochemical,287,614,c1ccc(Oc2ccc(OCCOc3ccccn3)cc2)cc1,0,1.7173301502333813
ECOTOX,11,Route+Agrochemical,288,617,c1ccc(CCCN2CCOCC2)cc1,0,-0.4165757540549928
ECOTOX,11,Route+Agrochemical,289,619,c1ccc(-c2nnc(-c3ccccc3)nn2)cc1,0,-0.02454543221498076
ECOTOX,11,Route+Agrochemical,290,626,c1ccc(CCOCc2cccc(Oc3ccccc3)c2)cc1,1,1.7173301502333813
ECOTOX,11,Route+Agrochemical,291,627,c1ccncc1,0,-1.0867715024053868
ECOTOX,11,Route+Agrochemical,292,630,c1ccc(CCn2cncn2)cc1,0,-0.4165757540549928
ECOTOX,11,Route+Agrochemical,293,631,c1ccc(Cc2cncnc2)cc1,0,-0.5907886853190496
ECOTOX,11,Route+Agrochemical,294,636,c1ccc(Oc2ccccc2)cc1,0,-1.0867715024053868
ECOTOX,11,Route+Agrochemical,295,638,O=C(NC1CCCCC1)N1CC(c2ccccc2)SC1=O,0,-0.02454543221498076
ECOTOX,11,Route+Agrochemical,296,645,O=C(Nc1ncncn1)NS(=O)(=O)c1ccccc1,0,-1.0867715024053868
ECOTOX,11,Route+Agrochemical,297,650,O=C1CCON1Cc1ccccc1,0,-0.5205282493013179
ECOTOX,11,Route+Agrochemical,298,658,c1ccncc1,0,-1.0867715024053868
ECOTOX,11,Route+Agrochemical,299,660,c1ccc2ncccc2c1,0,-1.0867715024053868
ECOTOX,11,Route+Agrochemical,300,668,c1ccc(CNc2ccccc2)cc1,0,-0.5907886853190496
ECOTOX,11,Route+Agrochemical,301,671,O=C(Nc1ncccn1)NS(=O)(=O)c1ccccc1,0,-1.0867715024053868
ECOTOX,11,Route+Agrochemical,302,681,O=c1cc(SCc2ccccc2)cn[nH]1,1,1.7173301502333813
ECOTOX,11,Route+Agrochemical,303,683,c1ccc(Oc2ccnc3ccccc23)cc1,0,-0.4165757540549928
ECOTOX,11,Route+Agrochemical,304,684,O=c1sc(=Nc2ccccc2)n2n1CCCC2,0,-1.0867715024053868
ECOTOX,11,Route+Agrochemical,305,686,O=C(Nc1ncccn1)NS(=O)(=O)c1ccccn1,0,-1.0867715024053868
ECOTOX,11,Route+Agrochemical,306,690,c1ccc(Nc2ncccn2)cc1,0,-0.9828190071590617
ECOTOX,11,Route+Agrochemical,307,693,c1ccccc1,0,-0.4165757540549928
ECOTOX,11,Route+Agrochemical,308,695,O=C(c1cccc(C2=NOCC2)c1)c1c[nH][nH]c1=O,0,-0.5205282493013179
ECOTOX,11,Route+Agrochemical,309,699,O=C(C=C(c1ccccc1)c1ccccc1)N1CCOCC1,0,-0.9828190071590617
ECOTOX,11,Route+Agrochemical,310,700,ACYCLIC:CCOP(=S)(OCC)OC(Cl)C(Cl)(Cl)Cl,1,1.7173301502333813
ECOTOX,11,Route+Agrochemical,311,701,O=C1COc2ccc(N3C(=O)C4=C(CCCC4)C3=O)cc2N1,0,-1.0867715024053868
ECOTOX,11,Route+Agrochemical,312,703,O=C1C2=C(CCCC2)C(=O)N1c1ccccc1,0,-1.0867715024053868
ECOTOX,11,Route+Agrochemical,313,707,O=S(=O)(Nc1ccccc1)c1nc2ncccn2n1,0,-1.0867715024053868
ECOTOX,11,Route+Agrochemical,314,710,c1ccc(Oc2ccc(C3(Cn4cncn4)OCCO3)cc2)cc1,0,-0.9828190071590617
ECOTOX,11,Route+Agrochemical,315,711,O=C(NNC(=O)c1ccccc1)c1ccccc1,0,1.7173301502333813
ECOTOX,11,Route+Agrochemical,316,714,c1ccc(CCC(Cn2cncn2)c2ccccc2)cc1,1,-0.4165757540549928
ECOTOX,11,Route+Agrochemical,317,715,c1ccncc1,0,-1.0867715024053868
ECOTOX,11,Route+Agrochemical,318,717,O=C(Nc1ncccn1)NS(=O)(=O)c1cnc2ccccn12,0,-1.0867715024053868
ECOTOX,11,Route+Agrochemical,319,724,c1cncc(C2=NCCS2)c1,0,-1.0867715024053868
ECOTOX,11,Route+Agrochemical,320,726,C(=NOCc1ccccc1)c1ccccc1,0,-0.9828190071590617
ECOTOX,11,Route+Agrochemical,321,729,c1ccc(CCOc2ncnc3ccccc23)cc1,1,1.7173301502333813
ECOTOX,11,Route+Agrochemical,322,730,O=C(COc1nncs1)Nc1ccccc1,0,-1.0867715024053868
ECOTOX,11,Route+Agrochemical,323,731,c1ccc(COc2ccccc2)cc1,0,-0.9828190071590617
ECOTOX,11,Route+Agrochemical,324,733,c1cc2c(c(-c3cc[nH]c3)c1)OCO2,0,-0.9828190071590617
ECOTOX,11,Route+Agrochemical,325,734,c1ccc(Oc2ccccc2)cc1,0,-1.0867715024053868
ECOTOX,11,Route+Agrochemical,326,736,O=C(Nc1ccccc1)c1ccccc1,0,1.7173301502333813
ECOTOX,11,Route+Agrochemical,327,737,O=C1C=CC(=O)c2ccccc21,0,-0.5907886853190496
ECOTOX,11,Route+Agrochemical,328,739,O=C1NCCS1,1,-0.5907886853190496
ECOTOX,11,Route+Agrochemical,329,747,c1ccc2snnc2c1,0,1.2610981416988534
ECOTOX,11,Route+Agrochemical,330,748,O=c1[nH]cnn1-c1ccccc1,0,-1.0867715024053868
ECOTOX,11,Route+Agrochemical,331,751,S=c1nc[nH]n1CC(Cc1ccccc1)C1CC1,0,-0.9828190071590617
ECOTOX,11,Route+Agrochemical,332,752,O=C1NN=CCN1N=Cc1cccnc1,0,2.28357340333745
ECOTOX,11,Route+Agrochemical,333,755,O=C(Nc1ncccn1)NS(=O)(=O)c1ccccn1,0,-0.5205282493013179
ECOTOX,11,Route+Agrochemical,334,756,O=C(Nc1ncccn1)NS(=O)(=O)Nc1ccccc1,0,-1.0867715024053868
ECOTOX,11,Route+Agrochemical,335,761,O=C(Nc1ncccn1)NS(=O)(=O)c1cnc2ccccn12,0,-0.5205282493013179
ECOTOX,11,Route+Agrochemical,336,764,c1ccc(Oc2cc(Oc3ccccc3)ncn2)cc1,0,-0.9828190071590617
ECOTOX,11,Route+Agrochemical,337,767,O=C(Nc1ncncn1)NS(=O)(=O)c1ccccc1,0,0.03965625447953511
ECOTOX,11,Route+Agrochemical,338,768,c1ccc(Sc2ncccn2)cc1,0,-1.0867715024053868
ECOTOX,11,Route+Agrochemical,339,770,O=C(OCN1C(=O)CNC1=O)C1CC1,1,1.7173301502333813
ECOTOX,11,Route+Agrochemical,340,772,c1ccncc1,0,0.03965625447953511
ECOTOX,11,Route+Agrochemical,341,781,O=S(=O)(Nc1ccccc1)c1nc2ccncn2n1,0,-1.0867715024053868
ECOTOX,11,Route+Agrochemical,342,782,O=C(NC(=O)c1ccccc1)Nc1ccccc1,0,1.7173301502333813
ECOTOX,11,Route+Agrochemical,343,787,C1CCC2(CC1)OCCO2,1,-0.9828190071590617
ECOTOX,11,Route+Agrochemical,344,788,O=C(Nc1ncncn1)NS(=O)(=O)c1ccccc1,0,-0.5205282493013179
ECOTOX,11,Route+Agrochemical,345,791,O=C1OC(c2ccc(Oc3ccccc3)cc2)C(=O)N1Nc1ccccc1,1,-0.4165757540549928
ECOTOX,11,Route+Agrochemical,346,792,c1ccncc1,1,-0.5907886853190496
ECOTOX,11,Route+Agrochemical,347,793,O=C1CCCC(=O)C1=CC1CC1,0,-0.5907886853190496
ECOTOX,11,Route+Agrochemical,348,794,c1ccc(C2=NC(c3ccccc3)CO2)cc1,0,1.7173301502333813
ECOTOX,11,Route+Agrochemical,349,797,N=C(C1=NOCCO1)c1ccccc1Oc1cc(Oc2ccccc2)ncn1,0,-0.4165757540549928
ECOTOX,11,Route+Agrochemical,350,799,O=c1[nH]cn[nH]1,0,-1.0867715024053868
ECOTOX,11,Route+Agrochemical,351,800,C1=NCCN1Cc1cccnc1,1,2.28357340333745
ECOTOX,11,Route+Agrochemical,352,801,O=C(c1ccccc1)c1c[nH][nH]c1=O,0,-1.0867715024053868
ECOTOX,11,Route+Agrochemical,353,804,O=C(Cc1ccccc1)NCCc1ccccc1,0,-0.4165757540549928
ECOTOX,11,Route+Agrochemical,354,805,c1ccc(-c2cc[nH]n2)cc1,0,-1.0867715024053868
ECOTOX,11,Route+Agrochemical,355,813,O=c1c(-c2ccccc2)cn2n1CCOCC2,0,-1.0867715024053868
ECOTOX,11,Route+Agrochemical,356,817,c1ccc(-c2cnc[nH]2)cc1,0,-0.4165757540549928
ECOTOX,11,Route+Agrochemical,357,818,O=c1[nH]cnn1-c1ccccc1,0,-0.5907886853190496
ECOTOX,11,Route+Agrochemical,358,819,O=S(=O)(Nc1nc2ccncn2n1)c1ccccc1,0,-1.0867715024053868
ECOTOX,11,Route+Agrochemical,359,821,O=C(Nc1ccccc1)C1CC1,0,-0.5205282493013179
ECOTOX,11,Route+Agrochemical,360,826,O=S(=O)(Nc1ccccc1)c1nc2ccncn2n1,0,-1.0867715024053868
ECOTOX,11,Route+Agrochemical,361,828,c1ccc(CC2CCCC2Cn2cncn2)cc1,0,-0.4165757540549928
ECOTOX,11,Route+Agrochemical,362,830,N=C1NCOCN1Cc1cncs1,1,2.28357340333745
ECOTOX,11,Route+Agrochemical,363,831,N=C1SCCN1Cc1cccnc1,0,2.28357340333745
ECOTOX,11,Route+Agrochemical,364,833,c1ccc(CC2CCCC2Cn2cncn2)cc1,0,-0.4165757540549928
ECOTOX,11,Route+Agrochemical,365,838,O=C1C(c2ccccc2)N=CN1Nc1ccccc1,0,-0.9828190071590617
ECOTOX,11,Route+Agrochemical,366,839,O=C(OCc1ccccc1)C1CC1,1,1.7173301502333813
ECOTOX,11,Route+Agrochemical,367,847,c1ccc(-c2ccccc2)cc1,1,1.7173301502333813
ECOTOX,11,Route+Agrochemical,368,849,c1ccccc1,0,-0.5205282493013179
ECOTOX,11,Route+Agrochemical,369,851,O=C(Nc1ncccn1)NS(=O)(=O)c1ccn[nH]1,0,-1.0867715024053868
ECOTOX,11,Route+Agrochemical,370,856,O=C(NCc1cccs1)c1cncs1,0,-0.4165757540549928
ECOTOX,11,Route+Agrochemical,371,857,O=C(C1=C(Sc2ccccc2)C2CCC(C2)C1=O)c1ccccc1,0,-1.0867715024053868
ECOTOX,11,Route+Agrochemical,372,861,c1cncc(Cn2ccnc2)c1,1,-0.02454543221498076
ECOTOX,11,Route+Agrochemical,373,863,O=c1cccnn1-c1ccccc1,0,-1.0867715024053868
ECOTOX,11,Route+Agrochemical,374,870,O=c1cc[nH]c(=O)n1-c1ccccc1,0,-1.0867715024053868
ECOTOX,11,Route+Agrochemical,375,871,O=C1OC2(C=C1c1ccccc1)CCCCC2,0,2.28357340333745
ECOTOX,11,Route+Agrochemical,376,874,O=C(Nc1ccccc1-c1ccccc1)c1cccnc1,0,-0.4165757540549928
ECOTOX,11,Route+Agrochemical,377,883,c1ccccc1,0,-1.0867715024053868
ECOTOX,11,Route+Agrochemical,378,888,c1ccc(COCC2CC(c3cccs3)=NO2)cc1,0,0.605899507583604
ECOTOX,11,Route+Agrochemical,379,898,ACYCLIC:CNC(=O)ON=C(C)SCCC#N,0,0.03965625447953511
ECOTOX,11,Route+Agrochemical,380,901,O=c1[nH]ncs1,1,0.03965625447953511
ECOTOX,11,Route+Agrochemical,381,902,ACYCLIC:COCCOCCC[Si](C)(O[Si](C)(C)C)O[Si](C)(C)C,0,0.03965625447953511
ECOTOX,11,Route+Agrochemical,382,903,c1ccc(Oc2ccc3c(c2)OCCC3)cc1,0,-1.0867715024053868
ECOTOX,11,Route+Agrochemical,383,906,C1=NCCN1Cc1cccnc1.O=C(OCc1cccc(Oc2ccccc2)c1)C1CC1,1,0.08740262022564362
ECOTOX,11,Route+Agrochemical,384,907,c1ccc(Cc2ccccc2)cc1.c1ccc(Cc2ccccc2)cc1,0,0.03965625447953511
ECOTOX,11,Route+Agrochemical,385,910,c1ccccc1.c1ccccc1,1,0.03965625447953511
ECOTOX,11,Route+Agrochemical,386,912,O=C(c1ccccc1)c1ccccc1,0,-0.4165757540549928
ECOTOX,11,Route+Agrochemical,387,916,O=C(NCc1ccc(Oc2ccccc2)cc1)c1ccn[nH]1,1,2.28357340333745
ECOTOX,11,Route+Agrochemical,388,919,c1ccncc1,0,2.28357340333745
ECOTOX,11,Route+Agrochemical,389,923,O=S(=O)(Nc1nc2ncccn2n1)c1cccnc1,0,-1.0867715024053868
ECOTOX,11,Route+Agrochemical,390,927,O=C(NN=C(Cc1ccccc1)c1ccccc1)Nc1ccccc1,1,2.28357340333745
ECOTOX,11,Route+Agrochemical,391,928,c1ccncc1,0,-1.0867715024053868
ECOTOX,11,Route+Agrochemical,392,930,ACYCLIC:CCCCCCCC(=O)OC.CCCCCCCCCC(=O)OC,0,-0.5907886853190496
ECOTOX,11,Route+Agrochemical,393,931,O=C(NCc1ccccn1)c1ccccc1,0,-0.9828190071590617
ECOTOX,11,Route+Agrochemical,394,934,O=C1CN=C(c2ccccn2)N1,0,0.03965625447953511
ECOTOX,11,Route+Agrochemical,395,936,c1ccc(COc2ccccn2)cc1,0,-0.9828190071590617
ECOTOX,11,Route+Agrochemical,396,940,O=C(Nc1ccsc1)c1cn[nH]c1,0,-0.4165757540549928
ECOTOX,11,Route+Agrochemical,397,942,O=c1ccn(-c2ccccc2)nc1,0,-0.5907886853190496
ECOTOX,11,Route+Agrochemical,398,943,O=c1cc[nH]c(-c2ccccc2)c1,0,-0.02454543221498076
ECOTOX,11,Route+Agrochemical,399,944,c1ccccc1,0,-1.0867715024053868
ECOTOX,11,Route+Agrochemical,400,946,O=C1NC2(C=C1c1ccccc1)CCCCC2,0,1.7173301502333813
ECOTOX,11,Route+Agrochemical,401,950,c1cnc(Oc2cccc(Oc3ncccn3)c2)nc1,0,-1.0867715024053868
ECOTOX,11,Route+Agrochemical,402,951,c1ccc(-c2noc(-c3cccs3)n2)cc1,1,2.28357340333745
ECOTOX,11,Route+Agrochemical,403,952,O=c1cc[nH]c(=O)n1-c1ccccc1,0,-1.0867715024053868
ECOTOX,11,Route+Agrochemical,404,953,O=C(Nc1ccccc1)c1ccnn1-c1ccccn1,1,2.28357340333745
ECOTOX,11,Route+Agrochemical,405,957,c1ccncc1,1,1.7173301502333813
ECOTOX,11,Route+Agrochemical,406,959,c1ccccc1,0,-1.0867715024053868
ECOTOX,11,Route+Agrochemical,407,960,c1ccc2c(c1)CCC2Nc1ncncn1,0,-1.0867715024053868
ECOTOX,11,Route+Agrochemical,408,962,O=S(=O)(Cc1cn[nH]c1)C1=NOCC1,0,-1.0867715024053868
ECOTOX,11,Route+Agrochemical,409,966,O=C(NN=Cc1ccccn1)Nc1ccccc1,0,-1.0867715024053868
ECOTOX,11,Route+Agrochemical,410,968,O=C(Nc1ccccc1-c1ccccc1)c1cn[nH]c1,0,-0.9828190071590617
ECOTOX,11,Route+Agrochemical,411,970,c1ccccc1.c1ccccc1,1,0.605899507583604
ECOTOX,11,Route+Agrochemical,412,973,O=C(Nc1ccccc1C1CC1C1CC1)c1cn[nH]c1,1,-0.4165757540549928
ECOTOX,11,Route+Agrochemical,413,976,c1ccncc1,0,-1.0867715024053868
ECOTOX,11,Route+Agrochemical,414,977,O=C1Nc2ccccc2CN1NCc1cccnc1,1,2.28357340333745
ECOTOX,11,Route+Agrochemical,415,979,O=C([N-]S(=O)(=O)c1ccccn1)Nc1ncccn1,0,-1.0867715024053868
ECOTOX,11,Route+Agrochemical,416,983,c1ccc(Cc2ncccn2)cc1,0,-1.0867715024053868
ECOTOX,11,Route+Agrochemical,417,985,O=c1[nH][nH]cc1-c1ccccc1,0,-0.9828190071590617
ECOTOX,11,Route+Agrochemical,418,986,O=C1C=C(NCc2cccnc2)CO1,1,2.28357340333745
ECOTOX,11,Route+Agrochemical,419,987,O=C(Cn1cccn1)N1CCC(c2nc(C3=NOC(c4ccccc4)C3)cs2)CC1,0,-0.9828190071590617
ECOTOX,11,Route+Agrochemical,420,989,O=C1CC2C(=CC3C4CC(OC5CCCCO5)CC4CCC23)C(=O)CC(OC2CCCCO2)CCCCO1,1,0.03965625447953511
ECOTOX,11,Route+Agrochemical,421,991,C=C1C2CCC1c1c(NC(=O)c3cn[nH]c3)cccc12,0,-0.9828190071590617
ECOTOX,11,Route+Agrochemical,422,992,O=C1C(=Cc2cccnc2)C(=O)C2CCC1C2,0,-0.5205282493013179
ECOTOX,11,Route+Agrochemical,423,995,O=C(c1ccccc1)c1cccnc1,0,-0.4165757540549928
ECOTOX,11,Route+Agrochemical,424,997,c1ccc(COc2ccccc2)cc1,0,-0.4165757540549928
ECOTOX,11,Route+Agrochemical,425,998,O=C(Nc1ccccc1)c1cc(Cn2ncnn2)nn1-c1ccccn1,1,0.605899507583604
ECOTOX,11,Route+Agrochemical,426,1000,O=C(NCc1ccccc1)NCc1ccccc1,0,-0.5907886853190496
ECOTOX,11,Route+Agrochemical,427,1002,c1ccc(-c2ccccn2)cc1,0,-1.0867715024053868
ECOTOX,11,Route+Agrochemical,428,1006,c1ccc(C(=NOCc2ccccn2)c2nnn[nH]2)cc1,0,-0.02454543221498076
ECOTOX,11,Route+Agrochemical,429,1009,O=C(CNC(=O)c1cccs1)c1ccccc1,0,-0.4165757540549928
ECOTOX,11,Route+Agrochemical,430,1010,O=C(c1ccccc1)c1cn[nH]c1,0,-0.5205282493013179
ECOTOX,11,Route+Agrochemical,431,1013,C(Sc1ccccc1)=C1SCCN1c1ccccc1,0,-0.9828190071590617
ECOTOX,11,Route+Agrochemical,432,1015,O=C(OCC1C(OC(=O)C2CC2)CCC2C3Cc4c(cc(-c5cccnc5)oc4=O)OC3CCC12)C1CC1,0,2.28357340333745
ECOTOX,11,Route+Agrochemical,433,1016,c1ccccc1,0,-0.4165757540549928
ECOTOX,11,Route+Agrochemical,434,1018,O=C(NCCc1ccccc1)c1cn[nH]c1,0,-0.9828190071590617
ECOTOX,11,Route+Agrochemical,435,1019,c1ccc(Oc2ccc(CCn3cncn3)cc2)cc1,0,-0.4165757540549928
ECOTOX,11,Route+Agrochemical,436,1022,O=c1cc[nH]c(=O)n1-c1ccccc1,1,0.605899507583604
ECOTOX,11,Route+Agrochemical,437,1028,O=C(OCc1cccc(-c2ccccc2)c1)C1CC1.O=C(OCc1cccc(Oc2ccccc2)c1)C1CC1,1,0.08740262022564362
ECOTOX,11,Route+Agrochemical,438,1029,O=C(Nc1ccccc1)c1ccnn1-c1ccccn1.O=C(OCc1cccc(Oc2ccccc2)c1)C1CC1,1,0.08740262022564362
ECOTOX,11,Route+Agrochemical,439,1030,O=C(OCc1ccccc1)c1cccc(-c2ccccc2)n1,0,-1.0867715024053868
ECOTOX,11,Route+Agrochemical,440,1034,c1ccccc1,0,-1.0867715024053868
ECOTOX,1,ECFPStructure,0,0,ACYCLIC:O=C(O)C(=O)O,0,-1.223238044410159
ECOTOX,1,ECFPStructure,1,2,ACYCLIC:O=[Si]=O,0,-0.9119018429880053
ECOTOX,1,ECFPStructure,2,3,c1ccccc1,0,-1.2483867679672334
ECOTOX,1,ECFPStructure,3,5,O=C1NC(=O)c2ccccc21,0,0.28211234548685304
ECOTOX,1,ECFPStructure,4,6,ACYCLIC:CC(C)=CCCC(C)=CCO,0,-1.0487650750009732
ECOTOX,1,ECFPStructure,5,13,ACYCLIC:O=S(=O)([O-])[O-].O=S(=O)([O-])[O-].O=S(=O)([O-])[O-].[Fe+3].[Fe+3],0,-0.9664936310066916
ECOTOX,1,ECFPStructure,6,15,C1CCCCC1,1,-0.7651155351595307
ECOTOX,1,ECFPStructure,7,19,ACYCLIC:COP(=O)(OC)OC=C(Cl)Cl,1,0.04210238498775032
ECOTOX,1,ECFPStructure,8,20,c1ccccc1,1,0.7412889907749893
ECOTOX,1,ECFPStructure,9,21,ACYCLIC:O=S(=O)([O-])[O-].[Zn+2],0,-0.9671565700852427
ECOTOX,1,ECFPStructure,10,22,ACYCLIC:COC(=O)C=C(C)OP(=O)(OC)OC,1,0.14741448599760854
ECOTOX,1,ECFPStructure,11,23,ACYCLIC:O=P(O)(O)CCCl,0,-0.6843535721799506
ECOTOX,1,ECFPStructure,12,26,ACYCLIC:O=S(=O)([O-])[O-].[Mn+2],0,-0.909336909602342
ECOTOX,1,ECFPStructure,13,27,c1ccccc1,0,-1.072962577696993
ECOTOX,1,ECFPStructure,14,33,c1ccc2ccccc2c1,1,-0.07608528437214346
ECOTOX,1,ECFPStructure,15,34,ACYCLIC:CC(=O)O.CCCCCCCCCCCCN=C(N)N,0,-1.201988447134937
ECOTOX,1,ECFPStructure,16,35,c1ccccc1,0,-1.6445785103512918
ECOTOX,1,ECFPStructure,17,40,c1ccccc1,0,-1.0913256911973799
ECOTOX,1,ECFPStructure,18,43,c1ccccc1,0,-1.0791266447798973
ECOTOX,1,ECFPStructure,19,44,ACYCLIC:C[CH2][Hg][Cl],0,-0.9087991720008755
ECOTOX,1,ECFPStructure,20,45,ACYCLIC:[Na+].[O-][Cl+2]([O-])[O-],0,-1.0174649434852725
ECOTOX,1,ECFPStructure,21,47,c1ccccc1,0,-0.5217158404837302
ECOTOX,1,ECFPStructure,22,48,ACYCLIC:[Cl][Cd][Cl],0,-0.8436644200502823
ECOTOX,1,ECFPStructure,23,49,c1ccccc1,0,-1.3270401392466284
ECOTOX,1,ECFPStructure,24,50,O=C1NC(=O)c2ccccc21,0,-0.665827497413493
ECOTOX,1,ECFPStructure,25,52,ACYCLIC:O=[N+]([O-])C(Cl)(Cl)Cl,0,-0.2747256463944433
ECOTOX,1,ECFPStructure,26,54,S=C1NCNCS1,0,-0.8234879025150399
ECOTOX,1,ECFPStructure,27,56,c1ccccc1,0,-1.0749816952042464
ECOTOX,1,ECFPStructure,28,59,ACYCLIC:O=S(=O)([O-])[O-].O=S(=O)([O-])[O-].O=S(=O)([O-])[O-].[Cr+3].[Cr+3],0,-0.9530905907662031
ECOTOX,1,ECFPStructure,29,60,ACYCLIC:O=N[O-].[Na+],0,-0.9688071979046841
ECOTOX,1,ECFPStructure,30,61,ACYCLIC:CSSC,0,-0.6291465520202185
ECOTOX,1,ECFPStructure,31,64,c1ccccc1,0,-1.2559774460735278
ECOTOX,1,ECFPStructure,32,65,c1ccccc1,0,-1.2112522152653034
ECOTOX,1,ECFPStructure,33,67,ACYCLIC:COP(=O)(NC(C)=O)SC,0,0.1726136281762114
ECOTOX,1,ECFPStructure,34,73,ACYCLIC:CCOP(=O)(OCC)OP(=O)(OCC)OCC,1,-0.08721476797565075
ECOTOX,1,ECFPStructure,35,75,c1ccoc1,0,-1.0545179309958699
ECOTOX,1,ECFPStructure,36,77,c1ccc(Oc2ccccc2)cc1,0,-0.7598720751968155
ECOTOX,1,ECFPStructure,37,80,c1ccccc1,0,-1.2095759835578426
ECOTOX,1,ECFPStructure,38,82,ACYCLIC:CCCCCCCCC(=O)O,0,-1.4362680105993237
ECOTOX,1,ECFPStructure,39,83,C1CNCCN1,0,-0.47386291862805907
ECOTOX,1,ECFPStructure,40,86,O=c1ccc(=O)[nH][nH]1,0,-1.3251575218377942
ECOTOX,1,ECFPStructure,41,87,O=C(OCc1cccc(Oc2ccccc2)c1)C1CC1,1,1.337027320397538
ECOTOX,1,ECFPStructure,42,90,c1ccccc1,0,-0.6108952072575788
ECOTOX,1,ECFPStructure,43,92,ACYCLIC:CCOC(=O)CC(SP(=S)(OC)OC)C(=O)OCC,1,0.12439888107070307
ECOTOX,1,ECFPStructure,44,95,O=C1CCCN1,0,-1.1869234981479253
ECOTOX,1,ECFPStructure,45,96,c1ccc2c(c1)CCCC2,1,-1.191324505011337
ECOTOX,1,ECFPStructure,46,98,ACYCLIC:C[As](C)(=O)O,0,-1.0701145465255593
ECOTOX,1,ECFPStructure,47,100,c1ccccc1,1,-0.04201481928383499
ECOTOX,1,ECFPStructure,48,101,ACYCLIC:CCSC(=O)N(CC(C)C)CC(C)C,0,-0.5594939879835391
ECOTOX,1,ECFPStructure,49,102,c1ccc(Cc2ccccc2)cc1,0,-0.8569086755278212
ECOTOX,1,ECFPStructure,50,103,c1ccccc1,0,-1.1239208801263232
ECOTOX,1,ECFPStructure,51,105,ACYCLIC:C[As](=O)([O-])O.[Na+],0,-1.0059961989070472
ECOTOX,1,ECFPStructure,52,111,c1ccc2[nH]cnc2c1,0,-0.5957161190911616
ECOTOX,1,ECFPStructure,53,115,c1ccc2nccnc2c1,1,0.49551949783242355
ECOTOX,1,ECFPStructure,54,116,O=c1[nH]nnc2ccccc12,1,0.039257158742742604
ECOTOX,1,ECFPStructure,55,117,c1ccccc1,0,-1.0767148777660076
ECOTOX,1,ECFPStructure,56,118,c1ccc2ccccc2c1,0,-1.397344879123001
ECOTOX,1,ECFPStructure,57,119,c1ccccc1,0,-0.9699313151364379
ECOTOX,1,ECFPStructure,58,121,c1ccc(Cc2ccccc2)cc1,0,-0.42771898211551923
ECOTOX,1,ECFPStructure,59,123,c1ccc(-c2ccc3ccccc3[o+]2)cc1,0,-0.6874627074250326
ECOTOX,1,ECFPStructure,60,128,O=c1cccnn1-c1ccccc1,0,-1.192537991123325
ECOTOX,1,ECFPStructure,61,129,c1ccccc1,0,0.608054593441695
ECOTOX,1,ECFPStructure,62,130,c1ccccc1,1,0.40693751298757297
ECOTOX,1,ECFPStructure,63,133,ACYCLIC:CNC(=O)CSP(=S)(OC)OC,1,0.7716600031817635
ECOTOX,1,ECFPStructure,64,135,c1ccc(OCn2cncn2)cc1,0,0.21763699016194427
ECOTOX,1,ECFPStructure,65,136,O=C(Nc1ccccc1)Oc1ccccc1,0,-0.29017153544256197
ECOTOX,1,ECFPStructure,66,138,ACYCLIC:O=[N+]([O-])[O-].O=[N+]([O-])[O-].O=[N+]([O-])[O-].[Cr+3],0,-0.6934030104341483
ECOTOX,1,ECFPStructure,67,142,ACYCLIC:CN(C)C(=S)SSC(=S)N(C)C,0,-0.7801891597125565
ECOTOX,1,ECFPStructure,68,143,c1ccccc1,1,0.43029010600468953
ECOTOX,1,ECFPStructure,69,144,c1ccc(Cc2ccccc2)cc1,0,-0.34044728433233284
ECOTOX,1,ECFPStructure,70,145,c1cc[c]([Sn]([c]2ccccc2)[c]2ccccc2)cc1,0,-1.1608044393046522
ECOTOX,1,ECFPStructure,71,151,c1ccccc1,0,-0.9050228368606235
ECOTOX,1,ECFPStructure,72,153,ACYCLIC:CCSCCSP(=S)(OC)OC,1,0.10632464115706386
ECOTOX,1,ECFPStructure,73,154,c1cc(-c2cc[nH+]cc2)cc[nH+]1,0,-0.9003496327781132
ECOTOX,1,ECFPStructure,74,158,ACYCLIC:[F][Al-3]([F])([F])([F])([F])[F].[Na+].[Na+].[Na+],0,-0.4539332472182688
ECOTOX,1,ECFPStructure,75,162,ACYCLIC:[S],0,-0.6767517995889634
ECOTOX,1,ECFPStructure,76,167,O=C1C=CC(OC(=O)C2CC2)C1.O=C1C=CC(OC(=O)C2CC2)C1,1,1.052349083529465
ECOTOX,1,ECFPStructure,77,169,ACYCLIC:[Cd],0,-0.5521440775062563
ECOTOX,1,ECFPStructure,78,170,ACYCLIC:[Ca+2].[S-]SSS[S-],0,-0.47515163860437565
ECOTOX,1,ECFPStructure,79,171,ACYCLIC:CCOP(=S)(OCC)SCSC(C)(C)C,0,0.37379270514547946
ECOTOX,1,ECFPStructure,80,173,c1ccc(COc2ccn(-c3ccccc3)n2)cc1,0,-0.5548073371903217
ECOTOX,1,ECFPStructure,81,176,ACYCLIC:CN(C)C(=S)[S-].CN(C)C(=S)[S-].CN(C)C(=S)[S-].[Fe+3],0,-0.9570877280483546
ECOTOX,1,ECFPStructure,82,178,c1ccc(Oc2ccccc2)cc1,0,-0.9549342611524301
ECOTOX,1,ECFPStructure,83,180,c1ccc(CCn2cncn2)cc1,0,-0.600240805182584
ECOTOX,1,ECFPStructure,84,182,ACYCLIC:[As],0,-0.6424198174389335
ECOTOX,1,ECFPStructure,85,183,c1ccccc1,1,0.569689356414635
ECOTOX,1,ECFPStructure,86,184,ACYCLIC:COP(=O)(OC)OC(Br)C(Cl)(Cl)Br,1,0.2847181453520038
ECOTOX,1,ECFPStructure,87,185,c1ccccc1,0,-1.0756389534705286
ECOTOX,1,ECFPStructure,88,186,ACYCLIC:O=[As]([O-])(O)O.[Na+],0,-1.0832221892663656
ECOTOX,1,ECFPStructure,89,187,c1ccc(OC2CCCCC2)cc1,0,-0.685937808054848
ECOTOX,1,ECFPStructure,90,188,C1CCC(OC2CCCC(OC3CCCCO3)C2)OC1,0,-0.4496294621703425
ECOTOX,1,ECFPStructure,91,189,c1ccc(C2(Cn3cncn3)OCCO2)cc1,0,-0.9381491037180909
ECOTOX,1,ECFPStructure,92,190,c1ccccc1,0,-1.4404380892676338
ECOTOX,1,ECFPStructure,93,192,C1=CC2CC1C1CCCC21,0,-0.654741061386168
ECOTOX,1,ECFPStructure,94,193,O=C1CC(CCC2CCCCC2=O)CC(=O)N1,0,-0.5161135746658578
ECOTOX,1,ECFPStructure,95,194,O=C(OCc1coc(Cc2ccccc2)c1)C1CC1,1,0.6300456950811968
ECOTOX,1,ECFPStructure,96,198,c1ccccc1,0,-0.9792687375860651
ECOTOX,1,ECFPStructure,97,199,c1ccc2ccccc2c1,0,-1.4509573708609258
ECOTOX,1,ECFPStructure,98,202,c1ccccc1,0,-1.5179884310653495
ECOTOX,1,ECFPStructure,99,203,c1ccc(C2CCCCC2)cc1,0,-0.891587885285519
ECOTOX,1,ECFPStructure,100,204,N=C1NC(=O)N(c2ccccc2)CS1,0,-0.6870681363749875
ECOTOX,1,ECFPStructure,101,205,C1=CC2C3C=CC(C3)C2C1,1,-0.7992302604123342
ECOTOX,1,ECFPStructure,102,206,c1ccccc1,0,-1.3257255843018765
ECOTOX,1,ECFPStructure,103,207,C1=CC2CC1C1C3C=CC(C3)C21,1,-0.8817656562334091
ECOTOX,1,ECFPStructure,104,210,c1ccccc1,1,-0.004415546541813531
ECOTOX,1,ECFPStructure,105,214,C1=CC2CC1C1C3CC(C4OC34)C21,1,-0.7699419477960681
ECOTOX,1,ECFPStructure,106,215,c1ccccc1,0,-0.8415236877595259
ECOTOX,1,ECFPStructure,107,216,ACYCLIC:CCOP(=O)(OCC)SCCSCC,0,-0.18615704850435466
ECOTOX,1,ECFPStructure,108,217,O=C(Nc1ncncn1)NS(=O)(=O)c1ccccc1,0,-1.409074209835553
ECOTOX,1,ECFPStructure,109,218,c1ccccc1,0,-0.3466393838197882
ECOTOX,1,ECFPStructure,110,219,O=C(OCc1cccc(Oc2ccccc2)c1)C1CC1,1,0.8602710874210642
ECOTOX,1,ECFPStructure,111,221,ACYCLIC:CC(C)N(C(=O)SCC(Cl)=C(Cl)Cl)C(C)C,0,-0.6427155005660957
ECOTOX,1,ECFPStructure,112,222,O=C(Nc1ccccc1)Nc1cnns1,0,-1.0423880310700233
ECOTOX,1,ECFPStructure,113,224,c1ccc(Sc2ccccc2)cc1,0,0.2799527170164896
ECOTOX,1,ECFPStructure,114,225,c1cc[c]([SnH]([c]2ccccc2)[c]2ccccc2)cc1,0,-0.9550585292570255
ECOTOX,1,ECFPStructure,115,226,c1cncnc1,1,0.644631390284172
ECOTOX,1,ECFPStructure,116,229,c1ccc2c(c1)Cc1ccccc1-2,0,-0.6526191813372547
ECOTOX,1,ECFPStructure,117,230,c1ccccc1,0,-0.8852014968075512
ECOTOX,1,ECFPStructure,118,233,c1ccc(Cc2ccccc2)cc1,0,-0.5222027850942091
ECOTOX,1,ECFPStructure,119,235,ACYCLIC:CCCOP(=S)(OCCC)OP(=S)(OCCC)OCCC,0,-0.2724807229532311
ECOTOX,1,ECFPStructure,120,237,ACYCLIC:S=C([S-])NCCNC(=S)[S-].[Na+].[Na+],0,-1.0941080979739088
ECOTOX,1,ECFPStructure,121,238,ACYCLIC:CCS(=O)CCSP(=O)(OC)OC,1,0.17975139842732835
ECOTOX,1,ECFPStructure,122,239,c1ccccc1,0,-1.1897909508387827
ECOTOX,1,ECFPStructure,123,240,ACYCLIC:CCCSP(=O)(OCC)SCCC,0,-0.2774695865581885
ECOTOX,1,ECFPStructure,124,241,c1ccccc1,0,-1.05905743148176
ECOTOX,1,ECFPStructure,125,243,c1nc[nH]n1,0,-0.9518064584522805
ECOTOX,1,ECFPStructure,126,246,O=c1[nH]nnc2ccccc12,1,0.033008935876014056
ECOTOX,1,ECFPStructure,127,247,ACYCLIC:CN(C)P(=O)(F)N(C)C,0,-0.5340442386979218
ECOTOX,1,ECFPStructure,128,249,ACYCLIC:CC(Cl)(Cl)C(=O)O,0,-1.041727664472237
ECOTOX,1,ECFPStructure,129,251,C1COCCO1,0,0.27416415970381103
ECOTOX,1,ECFPStructure,130,253,c1ccccc1,1,0.3853863899095258
ECOTOX,1,ECFPStructure,131,254,ACYCLIC:CCOP(=S)(OCC)SCCSCC,0,0.029382109029036374
ECOTOX,1,ECFPStructure,132,255,c1ccccc1,0,-1.3368131078587615
ECOTOX,1,ECFPStructure,133,261,c1ncncn1,0,-1.1289004003163838
ECOTOX,1,ECFPStructure,134,262,ACYCLIC:CCSCCSP(=O)(OC)OC,1,0.11859976126783789
ECOTOX,1,ECFPStructure,135,264,O=c1[nH]ncs1,1,-0.12429515669912972
ECOTOX,1,ECFPStructure,136,265,c1ncncn1,0,-1.608192733648695
ECOTOX,1,ECFPStructure,137,266,c1ccccc1,1,0.18181333647180908
ECOTOX,1,ECFPStructure,138,268,c1ccc(Oc2cnc3ccccc3n2)cc1,0,-1.2334755864555027
ECOTOX,1,ECFPStructure,139,269,c1ccncc1,0,-1.2769807081253146
ECOTOX,1,ECFPStructure,140,270,O=c1ccc2ccccc2o1,0,0.29648828936626426
ECOTOX,1,ECFPStructure,141,271,ACYCLIC:CCOP(=S)(OCC)SCSCC,1,0.07785646854359873
ECOTOX,1,ECFPStructure,142,273,ACYCLIC:CCCN(CCC)C(=O)SCC,0,-1.0899564660827095
ECOTOX,1,ECFPStructure,143,279,ACYCLIC:CCN(CC)C(=O)C(Cl)=C(C)OP(=O)(OC)OC,1,-0.22636938573413107
ECOTOX,1,ECFPStructure,144,280,O=c1[nH]c2ccccc2o1,0,0.3161642836751761
ECOTOX,1,ECFPStructure,145,281,c1ncncn1,0,-1.4695527059674625
ECOTOX,1,ECFPStructure,146,283,c1cc(-c2cc[nH+]cc2)cc[nH+]1,0,-0.9598226501701734
ECOTOX,1,ECFPStructure,147,287,c1cn[nH]c1,0,-0.7118519904644719
ECOTOX,1,ECFPStructure,148,288,c1ncncn1,0,-0.5745581587709969
ECOTOX,1,ECFPStructure,149,289,c1ncncn1,0,-1.4107414905355642
ECOTOX,1,ECFPStructure,150,291,c1ncncn1,0,-0.9815404648661983
ECOTOX,1,ECFPStructure,151,292,c1ccccc1,0,0.2494243106476962
ECOTOX,1,ECFPStructure,152,294,c1ccncc1,0,-1.1464655859019497
ECOTOX,1,ECFPStructure,153,295,ACYCLIC:C[N+](C)(C)CCCl.[Cl-],0,-0.9130233064557345
ECOTOX,1,ECFPStructure,154,296,c1ccc2[nH]c(-c3cscn3)nc2c1,0,-0.6494013859161488
ECOTOX,1,ECFPStructure,155,298,c1ccc(CNc2ncnc3nc[nH]c23)cc1,0,-0.6938533328948776
ECOTOX,1,ECFPStructure,156,299,S=[PH](Oc1ccccc1)c1ccccc1,1,0.2857068946982284
ECOTOX,1,ECFPStructure,157,303,c1ccccc1,1,0.3328538355838617
ECOTOX,1,ECFPStructure,158,304,O=C1C2C3C4CC5C3C1C5C42,0,-0.6552911457321269
ECOTOX,1,ECFPStructure,159,306,c1ccccc1,0,-0.9284314866224874
ECOTOX,1,ECFPStructure,160,307,c1ncncn1,1,0.188102603816103
ECOTOX,1,ECFPStructure,161,308,c1cnccn1,1,0.6389724852252225
ECOTOX,1,ECFPStructure,162,309,S=[PH](Oc1ccccc1)c1ccccc1,0,0.5415717269817268
ECOTOX,1,ECFPStructure,163,310,c1ccc(C[CH2][Sn]([CH2]Cc2ccccc2)([CH2]Cc2ccccc2)[O][Sn]([CH2]Cc2ccccc2)([CH2]Cc2ccccc2)[CH2]Cc2ccccc2)cc1,0,-0.33119994093467486
ECOTOX,1,ECFPStructure,164,312,O=c1cc[nH]c(=O)[nH]1,0,-0.9067373800028864
ECOTOX,1,ECFPStructure,165,314,c1ccccc1,1,0.30054100878498213
ECOTOX,1,ECFPStructure,166,317,c1ncnc(NC2CC2)n1,0,-0.9113731817540192
ECOTOX,1,ECFPStructure,167,319,c1cn[nH]c1,1,-0.645097678449592
ECOTOX,1,ECFPStructure,168,320,c1ccccc1,0,-0.07218021610156666
ECOTOX,1,ECFPStructure,169,322,c1ccccc1,0,0.2145026956929027
ECOTOX,1,ECFPStructure,170,324,O=c1sc2nc3ccccc3nc2s1,0,-1.0365537017162108
ECOTOX,1,ECFPStructure,171,325,S=c1sc2nc3ccccc3nc2s1,0,-0.538355638039527
ECOTOX,1,ECFPStructure,172,326,ACYCLIC:S=C([S-])NCCNC(=S)[S-].[Mn+2],0,-1.0045247562269903
ECOTOX,1,ECFPStructure,173,327,ACYCLIC:COP(=O)(OC)OC(C)=CC(=O)N(C)C,1,0.20336534033333264
ECOTOX,1,ECFPStructure,174,329,ACYCLIC:C[As](=O)([O-])[O-].[Na+].[Na+],0,-1.1126312991676128
ECOTOX,1,ECFPStructure,175,335,c1ccncc1,0,-1.6188234289760124
ECOTOX,1,ECFPStructure,176,339,c1ccccc1,1,-0.0547524716510146
ECOTOX,1,ECFPStructure,177,340,C1C2C3C4CC5C3C1C5C24,0,-0.6439213644962084
ECOTOX,1,ECFPStructure,178,343,c1ccncc1,0,-1.1418020242269187
ECOTOX,1,ECFPStructure,179,345,ACYCLIC:CNC(=O)ON=CC(C)(C)SC,1,0.30452412476879587
ECOTOX,1,ECFPStructure,180,346,c1ccccc1,1,-0.3028984586442555
ECOTOX,1,ECFPStructure,181,347,N=C1SCCS1,0,-0.03348003327645743
ECOTOX,1,ECFPStructure,182,350,ACYCLIC:COC(=O)C=C(CC(=O)OC)OP(=O)(OC)OC,1,-0.10268974315258628
ECOTOX,1,ECFPStructure,183,351,c1ccccc1,1,0.2595590428008292
ECOTOX,1,ECFPStructure,184,355,c1ccc2c(c1)CCO2,1,0.6013243184929453
ECOTOX,1,ECFPStructure,185,358,ACYCLIC:CNC(=O)ON=C(SC)C(=O)N(C)C,1,0.3478120038095156
ECOTOX,1,ECFPStructure,186,359,c1ccccc1,0,0.22920953233258368
ECOTOX,1,ECFPStructure,187,361,c1ccncc1,1,0.39660986946489585
ECOTOX,1,ECFPStructure,188,363,O=c1nc[nH]c(=O)n1C1CCCCC1,0,-1.0274715785416568
ECOTOX,1,ECFPStructure,189,366,ACYCLIC:CNC(=O)ON=C(C)SC,1,0.708023214366309
ECOTOX,1,ECFPStructure,190,367,c1ccccc1,0,0.8615084187808191
ECOTOX,1,ECFPStructure,191,369,c1ccccc1,0,0.05572015108734807
ECOTOX,1,ECFPStructure,192,370,ACYCLIC:CNC(=O)CSP(=O)(OC)OC,1,0.5808770507829981
ECOTOX,1,ECFPStructure,193,371,c1ccccc1,0,-1.0124633513039898
ECOTOX,1,ECFPStructure,194,374,c1ccccc1,0,-0.80887284521552
ECOTOX,1,ECFPStructure,195,379,c1ccccc1,0,0.09810445951630498
ECOTOX,1,ECFPStructure,196,380,c1ccccc1,0,-0.21191977878259616
ECOTOX,1,ECFPStructure,197,381,C1CC[CH]([Sn]([CH]2CCCCC2)[CH]2CCCCC2)CC1,0,-0.8266385174401711
ECOTOX,1,ECFPStructure,198,387,O=C(Nc1ccccc1)C1=COCCS1,0,-1.1101159448372315
ECOTOX,1,ECFPStructure,199,388,c1ccc2[nH]cnc2c1,0,-0.8067882945207334
ECOTOX,1,ECFPStructure,200,389,c1ccccc1,0,0.5863496215007609
ECOTOX,1,ECFPStructure,201,390,c1ccccc1,0,-0.1451668136528776
ECOTOX,1,ECFPStructure,202,392,ACYCLIC:O.O=S(=O)([O-])[O-].[Fe+2],0,-0.9196237585102223
ECOTOX,1,ECFPStructure,203,393,c1ccc2sccc2c1,1,0.02227366138487219
ECOTOX,1,ECFPStructure,204,396,c1ccccc1,0,-0.7954382435340832
ECOTOX,1,ECFPStructure,205,397,c1ccc(C2OCCO2)cc1,0,-0.03395380324321329
ECOTOX,1,ECFPStructure,206,398,c1ccccc1,1,0.9253508693770702
ECOTOX,1,ECFPStructure,207,400,O=c1cc[nH]c(=O)[nH]1,0,-0.9040497532425734
ECOTOX,1,ECFPStructure,208,405,c1ccccc1,0,-1.0066824605873954
ECOTOX,1,ECFPStructure,209,407,c1ccccc1,0,-0.8875839978001248
ECOTOX,1,ECFPStructure,210,410,ACYCLIC:CCS(=O)(=O)CCSP(=O)(OC)OC,1,0.0481961525883875
ECOTOX,1,ECFPStructure,211,415,c1ccc(C(c2ccccc2)c2cccnc2)cc1,0,-0.8788073743199162
ECOTOX,1,ECFPStructure,212,416,O=C(Nc1ccccc1)NC1CCCCC1,0,-1.0338461005316415
ECOTOX,1,ECFPStructure,213,417,c1ccccc1,0,-1.0851822771162398
ECOTOX,1,ECFPStructure,214,418,c1ccccc1,1,0.03675265748032941
ECOTOX,1,ECFPStructure,215,421,C1CCCCC1,0,-1.2472984161603218
ECOTOX,1,ECFPStructure,216,424,c1ccncc1,0,-1.387162873552564
ECOTOX,1,ECFPStructure,217,425,ACYCLIC:COP(=O)(OC)SCCSC.COP(=S)(OC)OCCSC,1,0.5885699381354927
ECOTOX,1,ECFPStructure,218,429,O=C(Nc1ccccc1)Oc1ccccc1,0,-0.3724025050064179
ECOTOX,1,ECFPStructure,219,431,c1ccccc1,1,0.08021830048630851
ECOTOX,1,ECFPStructure,220,434,c1cnc2ccnn2c1,0,0.05919993201249585
ECOTOX,1,ECFPStructure,221,436,c1ccc(-c2ccccc2)cc1,0,-1.2304812589359795
ECOTOX,1,ECFPStructure,222,438,C1=CC2C(O1)OC1CC2C2OC12C1CC2OCC3CCCC4(COCC14)C32,0,-0.7664699834012146
ECOTOX,1,ECFPStructure,223,439,c1ccccc1,0,-0.35718638115455403
ECOTOX,1,ECFPStructure,224,440,ACYCLIC:O=C(O)CNCP(=O)(O)O,0,-1.1703273085875832
ECOTOX,1,ECFPStructure,225,441,c1cncnc1,1,0.4447936954219984
ECOTOX,1,ECFPStructure,226,442,ACYCLIC:COP(N)(=O)SC,1,-0.19286266695845344
ECOTOX,1,ECFPStructure,227,443,O=c1ocnn1-c1ccccc1,0,-0.8507481611090804
ECOTOX,1,ECFPStructure,228,448,c1ccc2c(c1)OCO2,1,0.29885293721056894
ECOTOX,1,ECFPStructure,229,449,c1cncnc1,1,0.5799042322875709
ECOTOX,1,ECFPStructure,230,453,ACYCLIC:CNC(=O)ON=CC(C)(C)S(C)=O,1,-0.12750367386861106
ECOTOX,1,ECFPStructure,231,454,c1ccccc1,0,-0.9274822677547274
ECOTOX,1,ECFPStructure,232,456,C(=NNc1ccccc1)c1ccccc1,0,-0.956034586359886
ECOTOX,1,ECFPStructure,233,459,c1ccncc1,1,0.24983509139785331
ECOTOX,1,ECFPStructure,234,462,c1ccccc1,0,-0.5832283800757259
ECOTOX,1,ECFPStructure,235,463,O=C(Nc1cccc2ccccc12)c1ccccc1,0,-0.9162577905774452
ECOTOX,1,ECFPStructure,236,466,ACYCLIC:CNC(=O)ON=C(CSC)C(C)(C)C,1,0.3589792793843156
ECOTOX,1,ECFPStructure,237,470,c1ccc(CCn2ccnc2)cc1,0,-0.6118428222213274
ECOTOX,1,ECFPStructure,238,475,c1cscn1,0,-0.6515284208122873
ECOTOX,1,ECFPStructure,239,477,O=C(Nc1ccccc1)Nc1ccncc1,0,-1.3030139575556094
ECOTOX,1,ECFPStructure,240,480,ACYCLIC:CC(C)N.O=C(O)CNCP(=O)(O)O,0,-0.9902981381766344
ECOTOX,1,ECFPStructure,241,483,c1ccccc1,0,-0.3505576562883562
ECOTOX,1,ECFPStructure,242,486,c1nncs1,0,-0.12451805558598406
ECOTOX,1,ECFPStructure,243,488,c1ccccc1,0,-0.2264242429471252
ECOTOX,1,ECFPStructure,244,495,c1ccc(-n2cccn2)cc1,1,-0.9007688412933768
ECOTOX,1,ECFPStructure,245,496,O=c1c(-c2ccccc2)c[nH]cc1-c1ccccc1,0,-0.8298795199544959
ECOTOX,1,ECFPStructure,246,497,c1ccc(C(c2cncnc2)C2CC2)cc1,0,-0.9126879992675782
ECOTOX,1,ECFPStructure,247,501,O=C(OCc1cccc(Oc2ccccc2)c1)C1CC1,1,0.7750544557208774
ECOTOX,1,ECFPStructure,248,502,O=C(Nc1ncccn1)NS(=O)(=O)c1ccccc1,0,-1.155355747768541
ECOTOX,1,ECFPStructure,249,503,c1ccc(C(CC2CC2)Cn2cncn2)cc1,0,-0.8649990088247361
ECOTOX,1,ECFPStructure,250,504,c1ccc(C(c2ccccc2)c2cncnc2)cc1,0,-0.7132642414483896
ECOTOX,1,ECFPStructure,251,505,c1ccccc1,0,-1.3452000949455032
ECOTOX,1,ECFPStructure,252,506,ACYCLIC:CCCCCCCCSCCO,0,-0.8303295901922136
ECOTOX,1,ECFPStructure,253,508,O=C(NCCc1ccccn1)c1ccccc1,0,-0.9586992967702581
ECOTOX,1,ECFPStructure,254,509,c1ccc(Oc2ccccc2)cc1,0,-0.42767825579750063
ECOTOX,1,ECFPStructure,255,510,O=C(Cc1ccccc1)OCc1cccc(Oc2ccccc2)c1,1,0.8050288181154783
ECOTOX,1,ECFPStructure,256,511,c1ccc(-c2ccc[nH]2)cc1,1,-0.11273101655853068
ECOTOX,1,ECFPStructure,257,512,O=c1cco[nH]1,0,-1.0602707568239598
ECOTOX,1,ECFPStructure,258,513,C1OCC2OC3OCOC3C2O1,0,-0.9200106513490763
ECOTOX,1,ECFPStructure,259,515,c1ccncc1,0,-1.453470893423575
ECOTOX,1,ECFPStructure,260,516,O=C1CNC(=O)N1c1ccccc1,0,-0.6511056015574387
ECOTOX,1,ECFPStructure,261,519,c1ccccc1,0,0.01857651071198474
ECOTOX,1,ECFPStructure,262,520,O=C(OCc1cccc(Oc2ccccc2)c1)C1CC1,1,1.20679449963652
ECOTOX,1,ECFPStructure,263,530,c1ccccc1,0,-1.1196146565895342
ECOTOX,1,ECFPStructure,264,531,c1ccccc1,1,0.19326641384920717
ECOTOX,1,ECFPStructure,265,532,O=C(NC(=O)c1ccccc1)Nc1ccccc1,0,-1.3249202047958377
ECOTOX,1,ECFPStructure,266,534,c1ccc(OCn2cncn2)cc1,0,-0.07880411126665954
ECOTOX,1,ECFPStructure,267,535,ACYCLIC:CCOP(=O)([O-])C(N)=O.[NH4+],0,-0.743726158139866
ECOTOX,1,ECFPStructure,268,538,c1ccccc1,0,-0.25644987264465924
ECOTOX,1,ECFPStructure,269,540,c1ccccc1,0,-0.9128809662604284
ECOTOX,1,ECFPStructure,270,551,ACYCLIC:CSC(C)=NOC(=O)N(C)SN(C)C(=O)ON=C(C)SC,1,0.4234450491767061
ECOTOX,1,ECFPStructure,271,552,c1ccccc1,0,-0.7824823629029917
ECOTOX,1,ECFPStructure,272,553,ACYCLIC:CCNC(=O)NC(=O)C(C#N)=NOC,0,-0.4290801080586977
ECOTOX,1,ECFPStructure,273,554,N=C1SCCS1,0,-0.0524715400320821
ECOTOX,1,ECFPStructure,274,562,ACYCLIC:CCCOC(=O)NCCCN(C)C.Cl,0,-1.0153879872449987
ECOTOX,1,ECFPStructure,275,564,ACYCLIC:O=S(=O)([O-])C(F)(F)C(F)(F)C(F)(F)C(F)(F)C(F)(F)C(F)(F)C(F)(F)C(F)(F)F.[K+],1,0.982516755711405
ECOTOX,1,ECFPStructure,276,567,O=S1(=O)C=CS(=O)(=O)CC1,0,-1.1466752543156131
ECOTOX,1,ECFPStructure,277,578,c1ccccc1,1,0.4179213995081652
ECOTOX,1,ECFPStructure,278,581,O=C1C=CC(OC(=O)C2CC2)C1,1,0.7278737521585041
ECOTOX,1,ECFPStructure,279,582,c1ccccc1,0,0.3470816810083034
ECOTOX,1,ECFPStructure,280,585,O=C(Nc1ccccc1)N1COC2Cc3ccccc3C2=N1,1,-0.3783079436679932
ECOTOX,1,ECFPStructure,281,586,O=C(OCc1ccccc1)C1CC1,1,0.7357584746361803
ECOTOX,1,ECFPStructure,282,590,O=C(OCc1cccc(Oc2ccccc2)c1)C1CC1C=Cc1ccccc1,1,0.9817923904364725
ECOTOX,1,ECFPStructure,283,591,O=C(Nc1ncccn1)NS(=O)(=O)c1ccccc1,0,-1.2451565877879107
ECOTOX,1,ECFPStructure,284,592,O=C1OC2(C=C1c1ccccc1)CCCC2,0,-0.48169833500709336
ECOTOX,1,ECFPStructure,285,593,C(=Cc1ccccc1)C(C=Cc1ccccc1)=NNC1=NCCCN1,0,-0.48386101135695203
ECOTOX,1,ECFPStructure,286,610,c1ccc2c(c1)CCO2,0,-0.7002916315107189
ECOTOX,1,ECFPStructure,287,614,c1ccc(Oc2ccc(OCCOc3ccccn3)cc2)cc1,0,-0.5625637028988227
ECOTOX,1,ECFPStructure,288,617,c1ccc(CCCN2CCOCC2)cc1,0,-0.6942366109978547
ECOTOX,1,ECFPStructure,289,619,c1ccc(-c2nnc(-c3ccccc3)nn2)cc1,0,-0.7597575975937358
ECOTOX,1,ECFPStructure,290,626,c1ccc(CCOCc2cccc(Oc3ccccc3)c2)cc1,1,0.8667319503030808
ECOTOX,1,ECFPStructure,291,627,c1ccncc1,0,-1.2547358686062693
ECOTOX,1,ECFPStructure,292,630,c1ccc(CCn2cncn2)cc1,0,-0.7758539835032845
ECOTOX,1,ECFPStructure,293,631,c1ccc(Cc2cncnc2)cc1,0,-0.6082483563785047
ECOTOX,1,ECFPStructure,294,636,c1ccc(Oc2ccccc2)cc1,0,-0.868524979777674
ECOTOX,1,ECFPStructure,295,638,O=C(NC1CCCCC1)N1CC(c2ccccc2)SC1=O,0,-1.0183055922555266
ECOTOX,1,ECFPStructure,296,645,O=C(Nc1ncncn1)NS(=O)(=O)c1ccccc1,0,-1.2748165217184446
ECOTOX,1,ECFPStructure,297,650,O=C1CCON1Cc1ccccc1,0,-1.046280864528455
ECOTOX,1,ECFPStructure,298,658,c1ccncc1,0,-0.43244076009269017
ECOTOX,1,ECFPStructure,299,660,c1ccc2ncccc2c1,0,-1.3105991256887926
ECOTOX,1,ECFPStructure,300,668,c1ccc(CNc2ccccc2)cc1,0,-0.6479291760074061
ECOTOX,1,ECFPStructure,301,671,O=C(Nc1ncccn1)NS(=O)(=O)c1ccccc1,0,-1.163384261850231
ECOTOX,1,ECFPStructure,302,681,O=c1cc(SCc2ccccc2)cn[nH]1,1,-0.7802554079231874
ECOTOX,1,ECFPStructure,303,683,c1ccc(Oc2ccnc3ccccc23)cc1,0,-0.43964201362812755
ECOTOX,1,ECFPStructure,304,684,O=c1sc(=Nc2ccccc2)n2n1CCCC2,0,-0.6852806992539595
ECOTOX,1,ECFPStructure,305,686,O=C(Nc1ncccn1)NS(=O)(=O)c1ccccn1,0,-1.2042037776559793
ECOTOX,1,ECFPStructure,306,690,c1ccc(Nc2ncccn2)cc1,0,-1.0397698632799612
ECOTOX,1,ECFPStructure,307,693,c1ccccc1,0,-0.8286147168761395
ECOTOX,1,ECFPStructure,308,695,O=C(c1cccc(C2=NOCC2)c1)c1c[nH][nH]c1=O,0,-1.0682022994414202
ECOTOX,1,ECFPStructure,309,699,O=C(C=C(c1ccccc1)c1ccccc1)N1CCOCC1,0,-0.8358018893372896
ECOTOX,1,ECFPStructure,310,700,ACYCLIC:CCOP(=S)(OCC)OC(Cl)C(Cl)(Cl)Cl,1,0.6192036258752625
ECOTOX,1,ECFPStructure,311,701,O=C1COc2ccc(N3C(=O)C4=C(CCCC4)C3=O)cc2N1,0,-0.7457154595936142
ECOTOX,1,ECFPStructure,312,703,O=C1C2=C(CCCC2)C(=O)N1c1ccccc1,0,-1.1641627222160684
ECOTOX,1,ECFPStructure,313,707,O=S(=O)(Nc1ccccc1)c1nc2ncccn2n1,0,-1.0848010888691748
ECOTOX,1,ECFPStructure,314,710,c1ccc(Oc2ccc(C3(Cn4cncn4)OCCO3)cc2)cc1,0,-0.4404269296135852
ECOTOX,1,ECFPStructure,315,711,O=C(NNC(=O)c1ccccc1)c1ccccc1,0,-0.6770569492233386
ECOTOX,1,ECFPStructure,316,714,c1ccc(CCC(Cn2cncn2)c2ccccc2)cc1,0,-0.7117163217065178
ECOTOX,1,ECFPStructure,317,715,c1ccncc1,0,-1.0078917434204944
ECOTOX,1,ECFPStructure,318,717,O=C(Nc1ncccn1)NS(=O)(=O)c1cnc2ccccn12,0,-0.8343720773475534
ECOTOX,1,ECFPStructure,319,724,c1cncc(C2=NCCS2)c1,0,-0.5047220182856647
ECOTOX,1,ECFPStructure,320,726,C(=NOCc1ccccc1)c1ccccc1,0,-0.8111255840606786
ECOTOX,1,ECFPStructure,321,729,c1ccc(CCOc2ncnc3ccccc23)cc1,0,-0.8676934721182064
ECOTOX,1,ECFPStructure,322,730,O=C(COc1nncs1)Nc1ccccc1,0,-0.7215481432081637
ECOTOX,1,ECFPStructure,323,731,c1ccc(COc2ccccc2)cc1,0,-1.1551518888034165
ECOTOX,1,ECFPStructure,324,733,c1cc2c(c(-c3cc[nH]c3)c1)OCO2,0,-0.5409392224783408
ECOTOX,1,ECFPStructure,325,734,c1ccc(Oc2ccccc2)cc1,0,-0.9612094784167067
ECOTOX,1,ECFPStructure,326,736,O=C(Nc1ccccc1)c1ccccc1,0,-0.7258774741771002
ECOTOX,1,ECFPStructure,327,737,O=C1C=CC(=O)c2ccccc21,0,-0.6150408878979325
ECOTOX,1,ECFPStructure,328,739,O=C1NCCS1,1,-0.34899438490670875
ECOTOX,1,ECFPStructure,329,747,c1ccc2snnc2c1,0,-0.42504315897827066
ECOTOX,1,ECFPStructure,330,748,O=c1[nH]cnn1-c1ccccc1,0,-0.5004160761666256
ECOTOX,1,ECFPStructure,331,751,S=c1nc[nH]n1CC(Cc1ccccc1)C1CC1,0,-0.8444136081016449
ECOTOX,1,ECFPStructure,332,752,O=C1NN=CCN1N=Cc1cccnc1,0,-0.691487049632384
ECOTOX,1,ECFPStructure,333,755,O=C(Nc1ncccn1)NS(=O)(=O)c1ccccn1,0,-1.095772504980327
ECOTOX,1,ECFPStructure,334,756,O=C(Nc1ncccn1)NS(=O)(=O)Nc1ccccc1,0,-1.0382964236825574
ECOTOX,1,ECFPStructure,335,761,O=C(Nc1ncccn1)NS(=O)(=O)c1cnc2ccccn12,0,-1.012526590860508
ECOTOX,1,ECFPStructure,336,764,c1ccc(Oc2cc(Oc3ccccc3)ncn2)cc1,0,-0.5593764886130754
ECOTOX,1,ECFPStructure,337,767,O=C(Nc1ncncn1)NS(=O)(=O)c1ccccc1,0,-1.170192142309265
ECOTOX,1,ECFPStructure,338,768,c1ccc(Sc2ncccn2)cc1,0,-1.203699605301281
ECOTOX,1,ECFPStructure,339,770,O=C(OCN1C(=O)CNC1=O)C1CC1,1,0.4245411520178526
ECOTOX,1,ECFPStructure,340,772,c1ccncc1,0,-0.7328274646344503
ECOTOX,1,ECFPStructure,341,781,O=S(=O)(Nc1ccccc1)c1nc2ccncn2n1,0,-0.8128044957953363
ECOTOX,1,ECFPStructure,342,782,O=C(NC(=O)c1ccccc1)Nc1ccccc1,0,-0.7768976990397438
ECOTOX,1,ECFPStructure,343,787,C1CCC2(CC1)OCCO2,0,-0.3557327815114848
ECOTOX,1,ECFPStructure,344,788,O=C(Nc1ncncn1)NS(=O)(=O)c1ccccc1,0,-1.1676789676609762
ECOTOX,1,ECFPStructure,345,791,O=C1OC(c2ccc(Oc3ccccc3)cc2)C(=O)N1Nc1ccccc1,0,-0.7831688131520269
ECOTOX,1,ECFPStructure,346,792,c1ccncc1,1,-0.01756894744395887
ECOTOX,1,ECFPStructure,347,793,O=C1CCCC(=O)C1=CC1CC1,0,-1.0918692735481126
ECOTOX,1,ECFPStructure,348,794,c1ccc(C2=NC(c3ccccc3)CO2)cc1,0,-0.28545967801835903
ECOTOX,1,ECFPStructure,349,797,N=C(C1=NOCCO1)c1ccccc1Oc1cc(Oc2ccccc2)ncn1,0,-0.964651265683665
ECOTOX,1,ECFPStructure,350,799,O=c1[nH]cn[nH]1,0,-0.9189666490758978
ECOTOX,1,ECFPStructure,351,800,C1=NCCN1Cc1cccnc1,1,-0.3055609372835104
ECOTOX,1,ECFPStructure,352,801,O=C(c1ccccc1)c1c[nH][nH]c1=O,0,-1.02219185913917
ECOTOX,1,ECFPStructure,353,804,O=C(Cc1ccccc1)NCCc1ccccc1,0,-0.38977670601507275
ECOTOX,1,ECFPStructure,354,805,c1ccc(-c2cc[nH]n2)cc1,0,-0.8713134175163737
ECOTOX,1,ECFPStructure,355,813,O=c1c(-c2ccccc2)cn2n1CCOCC2,0,-0.3400153872464303
ECOTOX,1,ECFPStructure,356,817,c1ccc(-c2cnc[nH]2)cc1,0,-1.0883560808598822
ECOTOX,1,ECFPStructure,357,818,O=c1[nH]cnn1-c1ccccc1,0,-0.5481525655239725
ECOTOX,1,ECFPStructure,358,819,O=S(=O)(Nc1nc2ccncn2n1)c1ccccc1,0,-0.7012401070584158
ECOTOX,1,ECFPStructure,359,821,O=C(Nc1ccccc1)C1CC1,0,-1.4017729722202787
ECOTOX,1,ECFPStructure,360,826,O=S(=O)(Nc1ccccc1)c1nc2ccncn2n1,0,-0.7728047148101655
ECOTOX,1,ECFPStructure,361,828,c1ccc(CC2CCCC2Cn2cncn2)cc1,0,-0.9387687905309621
ECOTOX,1,ECFPStructure,362,830,N=C1NCOCN1Cc1cncs1,1,-0.2533329541208418
ECOTOX,1,ECFPStructure,363,831,N=C1SCCN1Cc1cccnc1,0,-0.10473741589825736
ECOTOX,1,ECFPStructure,364,833,c1ccc(CC2CCCC2Cn2cncn2)cc1,0,-0.9797854745060739
ECOTOX,1,ECFPStructure,365,838,O=C1C(c2ccccc2)N=CN1Nc1ccccc1,0,-0.7399958680860357
ECOTOX,1,ECFPStructure,366,839,O=C(OCc1ccccc1)C1CC1,1,0.4679988311908565
ECOTOX,1,ECFPStructure,367,847,c1ccc(-c2ccccc2)cc1,0,-0.9791553768135345
ECOTOX,1,ECFPStructure,368,849,c1ccccc1,0,-0.7283663116432746
ECOTOX,1,ECFPStructure,369,851,O=C(Nc1ncccn1)NS(=O)(=O)c1ccn[nH]1,0,-1.3898610502471214
ECOTOX,1,ECFPStructure,370,856,O=C(NCc1cccs1)c1cncs1,0,-0.23555105824397754
ECOTOX,1,ECFPStructure,371,857,O=C(C1=C(Sc2ccccc2)C2CCC(C2)C1=O)c1ccccc1,0,-1.1894869758788422
ECOTOX,1,ECFPStructure,372,861,c1cncc(Cn2ccnc2)c1,1,0.10398248427561463
ECOTOX,1,ECFPStructure,373,863,O=c1cccnn1-c1ccccc1,0,-0.8856830420716841
ECOTOX,1,ECFPStructure,374,870,O=c1cc[nH]c(=O)n1-c1ccccc1,0,-1.0236796865979958
ECOTOX,1,ECFPStructure,375,871,O=C1OC2(C=C1c1ccccc1)CCCCC2,0,-0.6580358793560365
ECOTOX,1,ECFPStructure,376,874,O=C(Nc1ccccc1-c1ccccc1)c1cccnc1,0,-0.6712459565753075
ECOTOX,1,ECFPStructure,377,883,c1ccccc1,0,-0.9095888400671716
ECOTOX,1,ECFPStructure,378,888,c1ccc(COCC2CC(c3cccs3)=NO2)cc1,0,-0.881104959742836
ECOTOX,1,ECFPStructure,379,898,ACYCLIC:CNC(=O)ON=C(C)SCCC#N,0,0.45159208708636256
ECOTOX,1,ECFPStructure,380,901,O=c1[nH]ncs1,1,0.16553926020714538
ECOTOX,1,ECFPStructure,381,902,ACYCLIC:COCCOCCC[Si](C)(O[Si](C)(C)C)O[Si](C)(C)C,0,-0.8352535339761291
ECOTOX,1,ECFPStructure,382,903,c1ccc(Oc2ccc3c(c2)OCCC3)cc1,0,-0.48223606207457226
ECOTOX,1,ECFPStructure,383,906,C1=NCCN1Cc1cccnc1.O=C(OCc1cccc(Oc2ccccc2)c1)C1CC1,1,1.2851649788388209
ECOTOX,1,ECFPStructure,384,907,c1ccc(Cc2ccccc2)cc1.c1ccc(Cc2ccccc2)cc1,0,-0.5180963168611163
ECOTOX,1,ECFPStructure,385,910,c1ccccc1.c1ccccc1,0,0.1271183153679727
ECOTOX,1,ECFPStructure,386,912,O=C(c1ccccc1)c1ccccc1,0,-0.9868514679121483
ECOTOX,1,ECFPStructure,387,916,O=C(NCc1ccc(Oc2ccccc2)cc1)c1ccn[nH]1,1,-0.6643016644034613
ECOTOX,1,ECFPStructure,388,919,c1ccncc1,0,-0.7096739788579317
ECOTOX,1,ECFPStructure,389,923,O=S(=O)(Nc1nc2ncccn2n1)c1cccnc1,0,-0.6900951118505556
ECOTOX,1,ECFPStructure,390,927,O=C(NN=C(Cc1ccccc1)c1ccccc1)Nc1ccccc1,0,-0.6240299400134821
ECOTOX,1,ECFPStructure,391,928,c1ccncc1,0,-1.1927306258883752
ECOTOX,1,ECFPStructure,392,930,ACYCLIC:CCCCCCCC(=O)OC.CCCCCCCCCC(=O)OC,0,-0.9995746569944092
ECOTOX,1,ECFPStructure,393,931,O=C(NCc1ccccn1)c1ccccc1,0,-0.9706058240873531
ECOTOX,1,ECFPStructure,394,934,O=C1CN=C(c2ccccn2)N1,0,-0.9256754545345265
ECOTOX,1,ECFPStructure,395,936,c1ccc(COc2ccccn2)cc1,0,-0.9193263063484509
ECOTOX,1,ECFPStructure,396,940,O=C(Nc1ccsc1)c1cn[nH]c1,0,-0.9767760163638317
ECOTOX,1,ECFPStructure,397,942,O=c1ccn(-c2ccccc2)nc1,0,-0.7828573884355114
ECOTOX,1,ECFPStructure,398,943,O=c1cc[nH]c(-c2ccccc2)c1,0,-0.6754668849671689
ECOTOX,1,ECFPStructure,399,944,c1ccccc1,0,-1.071257329878144
ECOTOX,1,ECFPStructure,400,946,O=C1NC2(C=C1c1ccccc1)CCCCC2,0,-0.5868139948033985
ECOTOX,1,ECFPStructure,401,950,c1cnc(Oc2cccc(Oc3ncccn3)c2)nc1,0,-1.191139721323001
ECOTOX,1,ECFPStructure,402,951,c1ccc(-c2noc(-c3cccs3)n2)cc1,1,-0.9027008152477971
ECOTOX,1,ECFPStructure,403,952,O=c1cc[nH]c(=O)n1-c1ccccc1,0,-0.7384470844348547
ECOTOX,1,ECFPStructure,404,953,O=C(Nc1ccccc1)c1ccnn1-c1ccccn1,1,-0.20259734588086137
ECOTOX,1,ECFPStructure,405,957,c1ccncc1,1,-0.5884482800194376
ECOTOX,1,ECFPStructure,406,959,c1ccccc1,0,-1.1847311960095432
ECOTOX,1,ECFPStructure,407,960,c1ccc2c(c1)CCC2Nc1ncncn1,0,-1.0220037825865473
ECOTOX,1,ECFPStructure,408,962,O=S(=O)(Cc1cn[nH]c1)C1=NOCC1,0,-0.763658176431264
ECOTOX,1,ECFPStructure,409,966,O=C(NN=Cc1ccccn1)Nc1ccccc1,0,-0.963591130069374
ECOTOX,1,ECFPStructure,410,968,O=C(Nc1ccccc1-c1ccccc1)c1cn[nH]c1,0,-0.97132724793788
ECOTOX,1,ECFPStructure,411,970,c1ccccc1.c1ccccc1,1,-0.9053473676358741
ECOTOX,1,ECFPStructure,412,973,O=C(Nc1ccccc1C1CC1C1CC1)c1cn[nH]c1,0,-1.1911313555405991
ECOTOX,1,ECFPStructure,413,976,c1ccncc1,0,-1.4575315374955904
ECOTOX,1,ECFPStructure,414,977,O=C1Nc2ccccc2CN1NCc1cccnc1,0,-0.35963887754987633
ECOTOX,1,ECFPStructure,415,979,O=C([N-]S(=O)(=O)c1ccccn1)Nc1ncccn1,0,-1.0027423380409284
ECOTOX,1,ECFPStructure,416,983,c1ccc(Cc2ncccn2)cc1,0,-0.8338171562405889
ECOTOX,1,ECFPStructure,417,985,O=c1[nH][nH]cc1-c1ccccc1,0,-0.6580900155032755
ECOTOX,1,ECFPStructure,418,986,O=C1C=C(NCc2cccnc2)CO1,0,-0.6330408806516442
ECOTOX,1,ECFPStructure,419,987,O=C(Cn1cccn1)N1CCC(c2nc(C3=NOC(c4ccccc4)C3)cs2)CC1,0,-0.8627563709190155
ECOTOX,1,ECFPStructure,420,989,O=C1CC2C(=CC3C4CC(OC5CCCCO5)CC4CCC23)C(=O)CC(OC2CCCCO2)CCCCO1,1,0.6178760238819221
ECOTOX,1,ECFPStructure,421,991,C=C1C2CCC1c1c(NC(=O)c3cn[nH]c3)cccc12,0,-1.0018787618522529
ECOTOX,1,ECFPStructure,422,992,O=C1C(=Cc2cccnc2)C(=O)C2CCC1C2,0,-1.0929802827022392
ECOTOX,1,ECFPStructure,423,995,O=C(c1ccccc1)c1cccnc1,0,-0.8207723579846775
ECOTOX,1,ECFPStructure,424,997,c1ccc(COc2ccccc2)cc1,0,-0.6075857461143053
ECOTOX,1,ECFPStructure,425,998,O=C(Nc1ccccc1)c1cc(Cn2ncnn2)nn1-c1ccccn1,1,-0.4774743305651625
ECOTOX,1,ECFPStructure,426,1000,O=C(NCc1ccccc1)NCc1ccccc1,0,-0.860230098270063
ECOTOX,1,ECFPStructure,427,1002,c1ccc(-c2ccccn2)cc1,0,-1.190013946561832
ECOTOX,1,ECFPStructure,428,1006,c1ccc(C(=NOCc2ccccn2)c2nnn[nH]2)cc1,0,-0.8915509425481466
ECOTOX,1,ECFPStructure,429,1009,O=C(CNC(=O)c1cccs1)c1ccccc1,0,-0.45189381619027286
ECOTOX,1,ECFPStructure,430,1010,O=C(c1ccccc1)c1cn[nH]c1,0,-0.6869686466730336
ECOTOX,1,ECFPStructure,431,1013,C(Sc1ccccc1)=C1SCCN1c1ccccc1,0,-0.4229430776167334
ECOTOX,1,ECFPStructure,432,1015,O=C(OCC1C(OC(=O)C2CC2)CCC2C3Cc4c(cc(-c5cccnc5)oc4=O)OC3CCC12)C1CC1,0,-0.4966947634363805
ECOTOX,1,ECFPStructure,433,1016,c1ccccc1,0,-0.7451787192645988
ECOTOX,1,ECFPStructure,434,1018,O=C(NCCc1ccccc1)c1cn[nH]c1,0,-0.8930078229456512
ECOTOX,1,ECFPStructure,435,1019,c1ccc(Oc2ccc(CCn3cncn3)cc2)cc1,0,-0.515223242881579
ECOTOX,1,ECFPStructure,436,1022,O=c1cc[nH]c(=O)n1-c1ccccc1,0,-0.6508651885145903
ECOTOX,1,ECFPStructure,437,1028,O=C(OCc1cccc(-c2ccccc2)c1)C1CC1.O=C(OCc1cccc(Oc2ccccc2)c1)C1CC1,1,1.4903535463971447
ECOTOX,1,ECFPStructure,438,1029,O=C(Nc1ccccc1)c1ccnn1-c1ccccn1.O=C(OCc1cccc(Oc2ccccc2)c1)C1CC1,0,1.0763944672551768
ECOTOX,1,ECFPStructure,439,1030,O=C(OCc1ccccc1)c1cccc(-c2ccccc2)n1,0,-1.2056309958124551
ECOTOX,1,ECFPStructure,440,1034,c1ccccc1,0,-1.1777120869404727
ECOTOX,1,Route+Agrochemical,0,0,ACYCLIC:O=C(O)C(=O)O,0,-0.1910508950025483
ECOTOX,1,Route+Agrochemical,1,2,ACYCLIC:O=[Si]=O,0,-0.1910508950025483
ECOTOX,1,Route+Agrochemical,2,3,c1ccccc1,0,-0.8218470704253988
ECOTOX,1,Route+Agrochemical,3,5,O=C1NC(=O)c2ccccc21,0,2.021163212674101
ECOTOX,1,Route+Agrochemical,4,6,ACYCLIC:CC(C)=CCCC(C)=CCO,0,-0.5363066120894628
ECOTOX,1,Route+Agrochemical,5,13,ACYCLIC:O=S(=O)([O-])[O-].O=S(=O)([O-])[O-].O=S(=O)([O-])[O-].[Fe+3].[Fe+3],0,-2.0418798049863724
ECOTOX,1,Route+Agrochemical,6,15,C1CCCCC1,1,2.021163212674101
ECOTOX,1,Route+Agrochemical,7,19,ACYCLIC:COP(=O)(OC)OC=C(Cl)Cl,1,2.021163212674101
ECOTOX,1,Route+Agrochemical,8,20,c1ccccc1,1,2.021163212674101
ECOTOX,1,Route+Agrochemical,9,21,ACYCLIC:O=S(=O)([O-])[O-].[Zn+2],0,-1.3102243705220917
ECOTOX,1,Route+Agrochemical,10,22,ACYCLIC:COC(=O)C=C(C)OP(=O)(OC)OC,1,1.8941711102702332
ECOTOX,1,Route+Agrochemical,11,23,ACYCLIC:O=P(O)(O)CCCl,0,-2.0418798049863724
ECOTOX,1,Route+Agrochemical,12,26,ACYCLIC:O=S(=O)([O-])[O-].[Mn+2],0,-0.3180429974064163
ECOTOX,1,Route+Agrochemical,13,27,c1ccccc1,0,-0.4093145096855948
ECOTOX,1,Route+Agrochemical,14,33,c1ccc2ccccc2c1,1,2.021163212674101
ECOTOX,1,Route+Agrochemical,15,34,ACYCLIC:CC(=O)O.CCCCCCCCCCCCN=C(N)N,0,-1.183232268118224
ECOTOX,1,Route+Agrochemical,16,35,c1ccccc1,0,-2.0418798049863724
ECOTOX,1,Route+Agrochemical,17,40,c1ccccc1,0,-2.0418798049863724
ECOTOX,1,Route+Agrochemical,18,43,c1ccccc1,0,-0.4093145096855948
ECOTOX,1,Route+Agrochemical,19,44,ACYCLIC:C[CH2][Hg][Cl],0,-0.3180429974064163
ECOTOX,1,Route+Agrochemical,20,45,ACYCLIC:[Na+].[O-][Cl+2]([O-])[O-],0,-2.1688719073902405
ECOTOX,1,Route+Agrochemical,21,47,c1ccccc1,0,-2.0418798049863724
ECOTOX,1,Route+Agrochemical,22,48,ACYCLIC:[Cl][Cd][Cl],0,-1.3102243705220917
ECOTOX,1,Route+Agrochemical,23,49,c1ccccc1,0,-0.948034782730705
ECOTOX,1,Route+Agrochemical,24,50,O=C1NC(=O)c2ccccc21,0,-1.183232268118224
ECOTOX,1,Route+Agrochemical,25,52,ACYCLIC:O=[N+]([O-])C(Cl)(Cl)Cl,0,-0.4093145096855948
ECOTOX,1,Route+Agrochemical,26,54,S=C1NCNCS1,0,-0.9488391728292669
ECOTOX,1,Route+Agrochemical,27,56,c1ccccc1,0,-2.0418798049863724
ECOTOX,1,Route+Agrochemical,28,59,ACYCLIC:O=S(=O)([O-])[O-].O=S(=O)([O-])[O-].O=S(=O)([O-])[O-].[Cr+3].[Cr+3],0,-0.3180429974064163
ECOTOX,1,Route+Agrochemical,29,60,ACYCLIC:O=N[O-].[Na+],0,-0.1910508950025483
ECOTOX,1,Route+Agrochemical,30,61,ACYCLIC:CSSC,0,-0.4093145096855948
ECOTOX,1,Route+Agrochemical,31,64,c1ccccc1,0,-2.0418798049863724
ECOTOX,1,Route+Agrochemical,32,65,c1ccccc1,0,-2.0418798049863724
ECOTOX,1,Route+Agrochemical,33,67,ACYCLIC:COP(=O)(NC(C)=O)SC,0,2.021163212674101
ECOTOX,1,Route+Agrochemical,34,73,ACYCLIC:CCOP(=O)(OCC)OP(=O)(OCC)OCC,1,2.021163212674101
ECOTOX,1,Route+Agrochemical,35,75,c1ccoc1,0,-1.183232268118224
ECOTOX,1,Route+Agrochemical,36,77,c1ccc(Oc2ccccc2)cc1,0,-0.4093145096855948
ECOTOX,1,Route+Agrochemical,37,80,c1ccccc1,0,-0.3180429974064163
ECOTOX,1,Route+Agrochemical,38,82,ACYCLIC:CCCCCCCCC(=O)O,0,-0.8218470704253988
ECOTOX,1,Route+Agrochemical,39,83,C1CNCCN1,0,-1.183232268118224
ECOTOX,1,Route+Agrochemical,40,86,O=c1ccc(=O)[nH][nH]1,0,-2.0418798049863724
ECOTOX,1,Route+Agrochemical,41,87,O=C(OCc1cccc(Oc2ccccc2)c1)C1CC1,1,2.021163212674101
ECOTOX,1,Route+Agrochemical,42,90,c1ccccc1,0,-2.0418798049863724
ECOTOX,1,Route+Agrochemical,43,92,ACYCLIC:CCOC(=O)CC(SP(=S)(OC)OC)C(=O)OCC,1,2.021163212674101
ECOTOX,1,Route+Agrochemical,44,95,O=C1CCCN1,0,-0.4093145096855948
ECOTOX,1,Route+Agrochemical,45,96,c1ccc2c(c1)CCCC2,1,-0.1910508950025483
ECOTOX,1,Route+Agrochemical,46,98,ACYCLIC:C[As](C)(=O)O,0,-2.0418798049863724
ECOTOX,1,Route+Agrochemical,47,100,c1ccccc1,1,2.021163212674101
ECOTOX,1,Route+Agrochemical,48,101,ACYCLIC:CCSC(=O)N(CC(C)C)CC(C)C,0,-2.0418798049863724
ECOTOX,1,Route+Agrochemical,49,102,c1ccc(Cc2ccccc2)cc1,0,-0.1910508950025483
ECOTOX,1,Route+Agrochemical,50,103,c1ccccc1,0,-0.4093145096855948
ECOTOX,1,Route+Agrochemical,51,105,ACYCLIC:C[As](=O)([O-])O.[Na+],0,-2.0418798049863724
ECOTOX,1,Route+Agrochemical,52,111,c1ccc2[nH]cnc2c1,0,-1.3102243705220917
ECOTOX,1,Route+Agrochemical,53,115,c1ccc2nccnc2c1,1,-0.4093145096855948
ECOTOX,1,Route+Agrochemical,54,116,O=c1[nH]nnc2ccccc12,1,-0.4093145096855948
ECOTOX,1,Route+Agrochemical,55,117,c1ccccc1,0,-0.4093145096855948
ECOTOX,1,Route+Agrochemical,56,118,c1ccc2ccccc2c1,0,-0.5363066120894628
ECOTOX,1,Route+Agrochemical,57,119,c1ccccc1,0,-2.1688719073902405
ECOTOX,1,Route+Agrochemical,58,121,c1ccc(Cc2ccccc2)cc1,0,-0.5363066120894628
ECOTOX,1,Route+Agrochemical,59,123,c1ccc(-c2ccc3ccccc3[o+]2)cc1,0,-1.183232268118224
ECOTOX,1,Route+Agrochemical,60,128,O=c1cccnn1-c1ccccc1,0,-2.0418798049863724
ECOTOX,1,Route+Agrochemical,61,129,c1ccccc1,0,-0.4093145096855948
ECOTOX,1,Route+Agrochemical,62,130,c1ccccc1,1,2.021163212674101
ECOTOX,1,Route+Agrochemical,63,133,ACYCLIC:CNC(=O)CSP(=S)(OC)OC,1,2.021163212674101
ECOTOX,1,Route+Agrochemical,64,135,c1ccc(OCn2cncn2)cc1,0,-1.183232268118224
ECOTOX,1,Route+Agrochemical,65,136,O=C(Nc1ccccc1)Oc1ccccc1,0,-2.0418798049863724
ECOTOX,1,Route+Agrochemical,66,138,ACYCLIC:O=[N+]([O-])[O-].O=[N+]([O-])[O-].O=[N+]([O-])[O-].[Cr+3],0,-0.3180429974064163
ECOTOX,1,Route+Agrochemical,67,142,ACYCLIC:CN(C)C(=S)SSC(=S)N(C)C,0,-1.183232268118224
ECOTOX,1,Route+Agrochemical,68,143,c1ccccc1,1,2.021163212674101
ECOTOX,1,Route+Agrochemical,69,144,c1ccc(Cc2ccccc2)cc1,0,2.021163212674101
ECOTOX,1,Route+Agrochemical,70,145,c1cc[c]([Sn]([c]2ccccc2)[c]2ccccc2)cc1,0,-1.183232268118224
ECOTOX,1,Route+Agrochemical,71,151,c1ccccc1,0,-1.183232268118224
ECOTOX,1,Route+Agrochemical,72,153,ACYCLIC:CCSCCSP(=S)(OC)OC,1,-0.4093145096855948
ECOTOX,1,Route+Agrochemical,73,154,c1cc(-c2cc[nH+]cc2)cc[nH+]1,0,-2.1688719073902405
ECOTOX,1,Route+Agrochemical,74,158,ACYCLIC:[F][Al-3]([F])([F])([F])([F])[F].[Na+].[Na+].[Na+],0,2.021163212674101
ECOTOX,1,Route+Agrochemical,75,162,ACYCLIC:[S],0,-1.183232268118224
ECOTOX,1,Route+Agrochemical,76,167,O=C1C=CC(OC(=O)C2CC2)C1.O=C1C=CC(OC(=O)C2CC2)C1,1,1.8941711102702332
ECOTOX,1,Route+Agrochemical,77,169,ACYCLIC:[Cd],0,-0.3180429974064163
ECOTOX,1,Route+Agrochemical,78,170,ACYCLIC:[Ca+2].[S-]SSS[S-],0,2.021163212674101
ECOTOX,1,Route+Agrochemical,79,171,ACYCLIC:CCOP(=S)(OCC)SCSC(C)(C)C,0,2.021163212674101
ECOTOX,1,Route+Agrochemical,80,173,c1ccc(COc2ccn(-c3ccccc3)n2)cc1,0,-1.183232268118224
ECOTOX,1,Route+Agrochemical,81,176,ACYCLIC:CN(C)C(=S)[S-].CN(C)C(=S)[S-].CN(C)C(=S)[S-].[Fe+3],0,-1.3102243705220917
ECOTOX,1,Route+Agrochemical,82,178,c1ccc(Oc2ccccc2)cc1,0,-2.0418798049863724
ECOTOX,1,Route+Agrochemical,83,180,c1ccc(CCn2cncn2)cc1,0,-1.3102243705220917
ECOTOX,1,Route+Agrochemical,84,182,ACYCLIC:[As],0,-0.3180429974064163
ECOTOX,1,Route+Agrochemical,85,183,c1ccccc1,1,1.8941711102702332
ECOTOX,1,Route+Agrochemical,86,184,ACYCLIC:COP(=O)(OC)OC(Br)C(Cl)(Cl)Br,1,2.021163212674101
ECOTOX,1,Route+Agrochemical,87,185,c1ccccc1,0,-0.4093145096855948
ECOTOX,1,Route+Agrochemical,88,186,ACYCLIC:O=[As]([O-])(O)O.[Na+],0,-0.3180429974064163
ECOTOX,1,Route+Agrochemical,89,187,c1ccc(OC2CCCCC2)cc1,0,2.021163212674101
ECOTOX,1,Route+Agrochemical,90,188,C1CCC(OC2CCCC(OC3CCCCO3)C2)OC1,0,-0.1910508950025483
ECOTOX,1,Route+Agrochemical,91,189,c1ccc(C2(Cn3cncn3)OCCO2)cc1,0,-1.183232268118224
ECOTOX,1,Route+Agrochemical,92,190,c1ccccc1,0,-2.0418798049863724
ECOTOX,1,Route+Agrochemical,93,192,C1=CC2CC1C1CCCC21,0,1.8941711102702332
ECOTOX,1,Route+Agrochemical,94,193,O=C1CC(CCC2CCCCC2=O)CC(=O)N1,0,-0.1910508950025483
ECOTOX,1,Route+Agrochemical,95,194,O=C(OCc1coc(Cc2ccccc2)c1)C1CC1,1,2.021163212674101
ECOTOX,1,Route+Agrochemical,96,198,c1ccccc1,0,-1.183232268118224
ECOTOX,1,Route+Agrochemical,97,199,c1ccc2ccccc2c1,0,-0.4093145096855948
ECOTOX,1,Route+Agrochemical,98,202,c1ccccc1,0,-2.1688719073902405
ECOTOX,1,Route+Agrochemical,99,203,c1ccc(C2CCCCC2)cc1,0,-0.1910508950025483
ECOTOX,1,Route+Agrochemical,100,204,N=C1NC(=O)N(c2ccccc2)CS1,0,1.8941711102702332
ECOTOX,1,Route+Agrochemical,101,205,C1=CC2C3C=CC(C3)C2C1,1,2.021163212674101
ECOTOX,1,Route+Agrochemical,102,206,c1ccccc1,0,-0.3180429974064163
ECOTOX,1,Route+Agrochemical,103,207,C1=CC2CC1C1C3C=CC(C3)C21,1,-0.1910508950025483
ECOTOX,1,Route+Agrochemical,104,210,c1ccccc1,1,-0.3180429974064163
ECOTOX,1,Route+Agrochemical,105,214,C1=CC2CC1C1C3CC(C4OC34)C21,1,2.021163212674101
ECOTOX,1,Route+Agrochemical,106,215,c1ccccc1,0,-2.0418798049863724
ECOTOX,1,Route+Agrochemical,107,216,ACYCLIC:CCOP(=O)(OCC)SCCSCC,0,-0.4093145096855948
ECOTOX,1,Route+Agrochemical,108,217,O=C(Nc1ncncn1)NS(=O)(=O)c1ccccc1,0,-2.0418798049863724
ECOTOX,1,Route+Agrochemical,109,218,c1ccccc1,0,-0.1910508950025483
ECOTOX,1,Route+Agrochemical,110,219,O=C(OCc1cccc(Oc2ccccc2)c1)C1CC1,1,2.021163212674101
ECOTOX,1,Route+Agrochemical,111,221,ACYCLIC:CC(C)N(C(=O)SCC(Cl)=C(Cl)Cl)C(C)C,0,-2.0418798049863724
ECOTOX,1,Route+Agrochemical,112,222,O=C(Nc1ccccc1)Nc1cnns1,0,-2.0418798049863724
ECOTOX,1,Route+Agrochemical,113,224,c1ccc(Sc2ccccc2)cc1,0,2.021163212674101
ECOTOX,1,Route+Agrochemical,114,225,c1cc[c]([SnH]([c]2ccccc2)[c]2ccccc2)cc1,0,-0.1910508950025483
ECOTOX,1,Route+Agrochemical,115,226,c1cncnc1,1,1.2641793249459445
ECOTOX,1,Route+Agrochemical,116,229,c1ccc2c(c1)Cc1ccccc1-2,0,-2.0418798049863724
ECOTOX,1,Route+Agrochemical,117,230,c1ccccc1,0,-1.183232268118224
ECOTOX,1,Route+Agrochemical,118,233,c1ccc(Cc2ccccc2)cc1,0,-0.4093145096855948
ECOTOX,1,Route+Agrochemical,119,235,ACYCLIC:CCCOP(=S)(OCCC)OP(=S)(OCCC)OCCC,0,2.021163212674101
ECOTOX,1,Route+Agrochemical,120,237,ACYCLIC:S=C([S-])NCCNC(=S)[S-].[Na+].[Na+],0,-1.183232268118224
ECOTOX,1,Route+Agrochemical,121,238,ACYCLIC:CCS(=O)CCSP(=O)(OC)OC,1,1.8941711102702332
ECOTOX,1,Route+Agrochemical,122,239,c1ccccc1,0,-2.0418798049863724
ECOTOX,1,Route+Agrochemical,123,240,ACYCLIC:CCCSP(=O)(OCC)SCCC,0,2.021163212674101
ECOTOX,1,Route+Agrochemical,124,241,c1ccccc1,0,-2.0418798049863724
ECOTOX,1,Route+Agrochemical,125,243,c1nc[nH]n1,0,-2.0418798049863724
ECOTOX,1,Route+Agrochemical,126,246,O=c1[nH]nnc2ccccc12,1,1.8941711102702332
ECOTOX,1,Route+Agrochemical,127,247,ACYCLIC:CN(C)P(=O)(F)N(C)C,0,-0.5363066120894628
ECOTOX,1,Route+Agrochemical,128,249,ACYCLIC:CC(Cl)(Cl)C(=O)O,0,-0.4093145096855948
ECOTOX,1,Route+Agrochemical,129,251,C1COCCO1,0,-0.4093145096855948
ECOTOX,1,Route+Agrochemical,130,253,c1ccccc1,1,2.021163212674101
ECOTOX,1,Route+Agrochemical,131,254,ACYCLIC:CCOP(=S)(OCC)SCCSCC,0,2.021163212674101
ECOTOX,1,Route+Agrochemical,132,255,c1ccccc1,0,-0.4093145096855948
ECOTOX,1,Route+Agrochemical,133,261,c1ncncn1,0,-2.0418798049863724
ECOTOX,1,Route+Agrochemical,134,262,ACYCLIC:CCSCCSP(=O)(OC)OC,1,-0.5363066120894628
ECOTOX,1,Route+Agrochemical,135,264,O=c1[nH]ncs1,1,2.021163212674101
ECOTOX,1,Route+Agrochemical,136,265,c1ncncn1,0,-2.0418798049863724
ECOTOX,1,Route+Agrochemical,137,266,c1ccccc1,1,2.021163212674101
ECOTOX,1,Route+Agrochemical,138,268,c1ccc(Oc2cnc3ccccc3n2)cc1,0,-0.4093145096855948
ECOTOX,1,Route+Agrochemical,139,269,c1ccncc1,0,-2.1688719073902405
ECOTOX,1,Route+Agrochemical,140,270,O=c1ccc2ccccc2o1,0,1.8941711102702332
ECOTOX,1,Route+Agrochemical,141,271,ACYCLIC:CCOP(=S)(OCC)SCSCC,1,1.8941711102702332
ECOTOX,1,Route+Agrochemical,142,273,ACYCLIC:CCCN(CCC)C(=O)SCC,0,-2.1688719073902405
ECOTOX,1,Route+Agrochemical,143,279,ACYCLIC:CCN(CC)C(=O)C(Cl)=C(C)OP(=O)(OC)OC,1,2.021163212674101
ECOTOX,1,Route+Agrochemical,144,280,O=c1[nH]c2ccccc2o1,0,2.021163212674101
ECOTOX,1,Route+Agrochemical,145,281,c1ncncn1,0,-2.0418798049863724
ECOTOX,1,Route+Agrochemical,146,283,c1cc(-c2cc[nH+]cc2)cc[nH+]1,0,-0.4093145096855948
ECOTOX,1,Route+Agrochemical,147,287,c1cn[nH]c1,0,-0.4093145096855948
ECOTOX,1,Route+Agrochemical,148,288,c1ncncn1,0,-2.0418798049863724
ECOTOX,1,Route+Agrochemical,149,289,c1ncncn1,0,-2.0418798049863724
ECOTOX,1,Route+Agrochemical,150,291,c1ncncn1,0,-2.0418798049863724
ECOTOX,1,Route+Agrochemical,151,292,c1ccccc1,0,-0.4093145096855948
ECOTOX,1,Route+Agrochemical,152,294,c1ccncc1,0,-0.4093145096855948
ECOTOX,1,Route+Agrochemical,153,295,ACYCLIC:C[N+](C)(C)CCCl.[Cl-],0,-2.0418798049863724
ECOTOX,1,Route+Agrochemical,154,296,c1ccc2[nH]c(-c3cscn3)nc2c1,0,-1.3102243705220917
ECOTOX,1,Route+Agrochemical,155,298,c1ccc(CNc2ncnc3nc[nH]c23)cc1,0,-0.4093145096855948
ECOTOX,1,Route+Agrochemical,156,299,S=[PH](Oc1ccccc1)c1ccccc1,1,2.021163212674101
ECOTOX,1,Route+Agrochemical,157,303,c1ccccc1,1,2.021163212674101
ECOTOX,1,Route+Agrochemical,158,304,O=C1C2C3C4CC5C3C1C5C42,0,2.021163212674101
ECOTOX,1,Route+Agrochemical,159,306,c1ccccc1,0,-2.0418798049863724
ECOTOX,1,Route+Agrochemical,160,307,c1ncncn1,1,-0.3180429974064163
ECOTOX,1,Route+Agrochemical,161,308,c1cnccn1,1,-0.4093145096855948
ECOTOX,1,Route+Agrochemical,162,309,S=[PH](Oc1ccccc1)c1ccccc1,0,-0.1910508950025483
ECOTOX,1,Route+Agrochemical,163,310,c1ccc(C[CH2][Sn]([CH2]Cc2ccccc2)([CH2]Cc2ccccc2)[O][Sn]([CH2]Cc2ccccc2)([CH2]Cc2ccccc2)[CH2]Cc2ccccc2)cc1,0,2.021163212674101
ECOTOX,1,Route+Agrochemical,164,312,O=c1cc[nH]c(=O)[nH]1,0,-2.0418798049863724
ECOTOX,1,Route+Agrochemical,165,314,c1ccccc1,1,2.021163212674101
ECOTOX,1,Route+Agrochemical,166,317,c1ncnc(NC2CC2)n1,0,-2.0418798049863724
ECOTOX,1,Route+Agrochemical,167,319,c1cn[nH]c1,1,-0.4093145096855948
ECOTOX,1,Route+Agrochemical,168,320,c1ccccc1,0,-2.1688719073902405
ECOTOX,1,Route+Agrochemical,169,322,c1ccccc1,0,-0.1910508950025483
ECOTOX,1,Route+Agrochemical,170,324,O=c1sc2nc3ccccc3nc2s1,0,-1.183232268118224
ECOTOX,1,Route+Agrochemical,171,325,S=c1sc2nc3ccccc3nc2s1,0,-0.1910508950025483
ECOTOX,1,Route+Agrochemical,172,326,ACYCLIC:S=C([S-])NCCNC(=S)[S-].[Mn+2],0,-1.183232268118224
ECOTOX,1,Route+Agrochemical,173,327,ACYCLIC:COP(=O)(OC)OC(C)=CC(=O)N(C)C,1,1.2641793249459445
ECOTOX,1,Route+Agrochemical,174,329,ACYCLIC:C[As](=O)([O-])[O-].[Na+].[Na+],0,-2.0418798049863724
ECOTOX,1,Route+Agrochemical,175,335,c1ccncc1,0,-2.0418798049863724
ECOTOX,1,Route+Agrochemical,176,339,c1ccccc1,1,2.021163212674101
ECOTOX,1,Route+Agrochemical,177,340,C1C2C3C4CC5C3C1C5C24,0,2.021163212674101
ECOTOX,1,Route+Agrochemical,178,343,c1ccncc1,0,-0.4093145096855948
ECOTOX,1,Route+Agrochemical,179,345,ACYCLIC:CNC(=O)ON=CC(C)(C)SC,1,2.021163212674101
ECOTOX,1,Route+Agrochemical,180,346,c1ccccc1,1,1.8941711102702332
ECOTOX,1,Route+Agrochemical,181,347,N=C1SCCS1,0,-0.1910508950025483
ECOTOX,1,Route+Agrochemical,182,350,ACYCLIC:COC(=O)C=C(CC(=O)OC)OP(=O)(OC)OC,1,-0.1910508950025483
ECOTOX,1,Route+Agrochemical,183,351,c1ccccc1,1,2.021163212674101
ECOTOX,1,Route+Agrochemical,184,355,c1ccc2c(c1)CCO2,1,2.021163212674101
ECOTOX,1,Route+Agrochemical,185,358,ACYCLIC:CNC(=O)ON=C(SC)C(=O)N(C)C,1,1.2641793249459445
ECOTOX,1,Route+Agrochemical,186,359,c1ccccc1,0,-0.4093145096855948
ECOTOX,1,Route+Agrochemical,187,361,c1ccncc1,1,2.021163212674101
ECOTOX,1,Route+Agrochemical,188,363,O=c1nc[nH]c(=O)n1C1CCCCC1,0,-2.0418798049863724
ECOTOX,1,Route+Agrochemical,189,366,ACYCLIC:CNC(=O)ON=C(C)SC,1,1.8941711102702332
ECOTOX,1,Route+Agrochemical,190,367,c1ccccc1,0,-0.4093145096855948
ECOTOX,1,Route+Agrochemical,191,369,c1ccccc1,0,2.021163212674101
ECOTOX,1,Route+Agrochemical,192,370,ACYCLIC:CNC(=O)CSP(=O)(OC)OC,1,1.8941711102702332
ECOTOX,1,Route+Agrochemical,193,371,c1ccccc1,0,-2.0418798049863724
ECOTOX,1,Route+Agrochemical,194,374,c1ccccc1,0,-1.3102243705220917
ECOTOX,1,Route+Agrochemical,195,379,c1ccccc1,0,2.021163212674101
ECOTOX,1,Route+Agrochemical,196,380,c1ccccc1,0,2.021163212674101
ECOTOX,1,Route+Agrochemical,197,381,C1CC[CH]([Sn]([CH]2CCCCC2)[CH]2CCCCC2)CC1,0,-0.4093145096855948
ECOTOX,1,Route+Agrochemical,198,387,O=C(Nc1ccccc1)C1=COCCS1,0,-1.3102243705220917
ECOTOX,1,Route+Agrochemical,199,388,c1ccc2[nH]cnc2c1,0,-1.183232268118224
ECOTOX,1,Route+Agrochemical,200,389,c1ccccc1,0,-0.4093145096855948
ECOTOX,1,Route+Agrochemical,201,390,c1ccccc1,0,2.021163212674101
ECOTOX,1,Route+Agrochemical,202,392,ACYCLIC:O.O=S(=O)([O-])[O-].[Fe+2],0,-2.0418798049863724
ECOTOX,1,Route+Agrochemical,203,393,c1ccc2sccc2c1,1,-0.1910508950025483
ECOTOX,1,Route+Agrochemical,204,396,c1ccccc1,0,-2.1688719073902405
ECOTOX,1,Route+Agrochemical,205,397,c1ccc(C2OCCO2)cc1,0,-0.4093145096855948
ECOTOX,1,Route+Agrochemical,206,398,c1ccccc1,1,1.8941711102702332
ECOTOX,1,Route+Agrochemical,207,400,O=c1cc[nH]c(=O)[nH]1,0,-2.0418798049863724
ECOTOX,1,Route+Agrochemical,208,405,c1ccccc1,0,-1.183232268118224
ECOTOX,1,Route+Agrochemical,209,407,c1ccccc1,0,-2.1688719073902405
ECOTOX,1,Route+Agrochemical,210,410,ACYCLIC:CCS(=O)(=O)CCSP(=O)(OC)OC,1,-0.3180429974064163
ECOTOX,1,Route+Agrochemical,211,415,c1ccc(C(c2ccccc2)c2cccnc2)cc1,0,-1.183232268118224
ECOTOX,1,Route+Agrochemical,212,416,O=C(Nc1ccccc1)NC1CCCCC1,0,-2.0418798049863724
ECOTOX,1,Route+Agrochemical,213,417,c1ccccc1,0,-2.0418798049863724
ECOTOX,1,Route+Agrochemical,214,418,c1ccccc1,1,-0.1910508950025483
ECOTOX,1,Route+Agrochemical,215,421,C1CCCCC1,0,-2.1688719073902405
ECOTOX,1,Route+Agrochemical,216,424,c1ccncc1,0,-2.0418798049863724
ECOTOX,1,Route+Agrochemical,217,425,ACYCLIC:COP(=O)(OC)SCCSC.COP(=S)(OC)OCCSC,1,-0.3180429974064163
ECOTOX,1,Route+Agrochemical,218,429,O=C(Nc1ccccc1)Oc1ccccc1,0,-2.0418798049863724
ECOTOX,1,Route+Agrochemical,219,431,c1ccccc1,1,-0.1910508950025483
ECOTOX,1,Route+Agrochemical,220,434,c1cnc2ccnn2c1,0,-0.4093145096855948
ECOTOX,1,Route+Agrochemical,221,436,c1ccc(-c2ccccc2)cc1,0,-0.1910508950025483
ECOTOX,1,Route+Agrochemical,222,438,C1=CC2C(O1)OC1CC2C2OC12C1CC2OCC3CCCC4(COCC14)C32,0,1.0289818395584254
ECOTOX,1,Route+Agrochemical,223,439,c1ccccc1,0,-0.4093145096855948
ECOTOX,1,Route+Agrochemical,224,440,ACYCLIC:O=C(O)CNCP(=O)(O)O,0,-2.0418798049863724
ECOTOX,1,Route+Agrochemical,225,441,c1cncnc1,1,1.8941711102702332
ECOTOX,1,Route+Agrochemical,226,442,ACYCLIC:COP(N)(=O)SC,1,1.2641793249459445
ECOTOX,1,Route+Agrochemical,227,443,O=c1ocnn1-c1ccccc1,0,-2.0418798049863724
ECOTOX,1,Route+Agrochemical,228,448,c1ccc2c(c1)OCO2,1,2.021163212674101
ECOTOX,1,Route+Agrochemical,229,449,c1cncnc1,1,1.8941711102702332
ECOTOX,1,Route+Agrochemical,230,453,ACYCLIC:CNC(=O)ON=CC(C)(C)S(C)=O,1,-1.1662983974137513
ECOTOX,1,Route+Agrochemical,231,454,c1ccccc1,0,-2.0418798049863724
ECOTOX,1,Route+Agrochemical,232,456,C(=NNc1ccccc1)c1ccccc1,0,-0.1910508950025483
ECOTOX,1,Route+Agrochemical,233,459,c1ccncc1,1,1.8941711102702332
ECOTOX,1,Route+Agrochemical,234,462,c1ccccc1,0,-2.1688719073902405
ECOTOX,1,Route+Agrochemical,235,463,O=C(Nc1cccc2ccccc12)c1ccccc1,0,-2.0418798049863724
ECOTOX,1,Route+Agrochemical,236,466,ACYCLIC:CNC(=O)ON=C(CSC)C(C)(C)C,1,-0.4093145096855948
ECOTOX,1,Route+Agrochemical,237,470,c1ccc(CCn2ccnc2)cc1,0,-1.3102243705220917
ECOTOX,1,Route+Agrochemical,238,475,c1cscn1,0,1.8941711102702332
ECOTOX,1,Route+Agrochemical,239,477,O=C(Nc1ccccc1)Nc1ccncc1,0,-0.4093145096855948
ECOTOX,1,Route+Agrochemical,240,480,ACYCLIC:CC(C)N.O=C(O)CNCP(=O)(O)O,0,-2.0418798049863724
ECOTOX,1,Route+Agrochemical,241,483,c1ccccc1,0,-2.1688719073902405
ECOTOX,1,Route+Agrochemical,242,486,c1nncs1,0,-2.0418798049863724
ECOTOX,1,Route+Agrochemical,243,488,c1ccccc1,0,-0.5363066120894628
ECOTOX,1,Route+Agrochemical,244,495,c1ccc(-n2cccn2)cc1,1,2.021163212674101
ECOTOX,1,Route+Agrochemical,245,496,O=c1c(-c2ccccc2)c[nH]cc1-c1ccccc1,0,-2.0418798049863724
ECOTOX,1,Route+Agrochemical,246,497,c1ccc(C(c2cncnc2)C2CC2)cc1,0,-2.0418798049863724
ECOTOX,1,Route+Agrochemical,247,501,O=C(OCc1cccc(Oc2ccccc2)c1)C1CC1,1,2.021163212674101
ECOTOX,1,Route+Agrochemical,248,502,O=C(Nc1ncccn1)NS(=O)(=O)c1ccccc1,0,-2.0418798049863724
ECOTOX,1,Route+Agrochemical,249,503,c1ccc(C(CC2CC2)Cn2cncn2)cc1,0,-1.3102243705220917
ECOTOX,1,Route+Agrochemical,250,504,c1ccc(C(c2ccccc2)c2cncnc2)cc1,0,-1.3102243705220917
ECOTOX,1,Route+Agrochemical,251,505,c1ccccc1,0,-2.0418798049863724
ECOTOX,1,Route+Agrochemical,252,506,ACYCLIC:CCCCCCCCSCCO,0,2.021163212674101
ECOTOX,1,Route+Agrochemical,253,508,O=C(NCCc1ccccn1)c1ccccc1,0,-1.183232268118224
ECOTOX,1,Route+Agrochemical,254,509,c1ccc(Oc2ccccc2)cc1,0,-2.1688719073902405
ECOTOX,1,Route+Agrochemical,255,510,O=C(Cc1ccccc1)OCc1cccc(Oc2ccccc2)c1,1,1.2641793249459445
ECOTOX,1,Route+Agrochemical,256,511,c1ccc(-c2ccc[nH]2)cc1,1,2.021163212674101
ECOTOX,1,Route+Agrochemical,257,512,O=c1cco[nH]1,0,-1.183232268118224
ECOTOX,1,Route+Agrochemical,258,513,C1OCC2OC3OCOC3C2O1,0,-3.034061178102048
ECOTOX,1,Route+Agrochemical,259,515,c1ccncc1,0,-2.1688719073902405
ECOTOX,1,Route+Agrochemical,260,516,O=C1CNC(=O)N1c1ccccc1,0,-1.3102243705220917
ECOTOX,1,Route+Agrochemical,261,519,c1ccccc1,0,-0.1910508950025483
ECOTOX,1,Route+Agrochemical,262,520,O=C(OCc1cccc(Oc2ccccc2)c1)C1CC1,1,1.2641793249459445
ECOTOX,1,Route+Agrochemical,263,530,c1ccccc1,0,-2.0418798049863724
ECOTOX,1,Route+Agrochemical,264,531,c1ccccc1,1,1.2641793249459445
ECOTOX,1,Route+Agrochemical,265,532,O=C(NC(=O)c1ccccc1)Nc1ccccc1,0,-0.1910508950025483
ECOTOX,1,Route+Agrochemical,266,534,c1ccc(OCn2cncn2)cc1,0,-1.183232268118224
ECOTOX,1,Route+Agrochemical,267,535,ACYCLIC:CCOP(=O)([O-])C(N)=O.[NH4+],0,-2.0418798049863724
ECOTOX,1,Route+Agrochemical,268,538,c1ccccc1,0,-2.0418798049863724
ECOTOX,1,Route+Agrochemical,269,540,c1ccccc1,0,-1.183232268118224
ECOTOX,1,Route+Agrochemical,270,551,ACYCLIC:CSC(C)=NOC(=O)N(C)SN(C)C(=O)ON=C(C)SC,1,1.8941711102702332
ECOTOX,1,Route+Agrochemical,271,552,c1ccccc1,0,-1.3102243705220917
ECOTOX,1,Route+Agrochemical,272,553,ACYCLIC:CCNC(=O)NC(=O)C(C#N)=NOC,0,-1.183232268118224
ECOTOX,1,Route+Agrochemical,273,554,N=C1SCCS1,0,-0.4093145096855948
ECOTOX,1,Route+Agrochemical,274,562,ACYCLIC:CCCOC(=O)NCCCN(C)C.Cl,0,-1.183232268118224
ECOTOX,1,Route+Agrochemical,275,564,ACYCLIC:O=S(=O)([O-])C(F)(F)C(F)(F)C(F)(F)C(F)(F)C(F)(F)C(F)(F)C(F)(F)C(F)(F)F.[K+],1,-0.3180429974064163
ECOTOX,1,Route+Agrochemical,276,567,O=S1(=O)C=CS(=O)(=O)CC1,0,-2.0418798049863724
ECOTOX,1,Route+Agrochemical,277,578,c1ccccc1,1,-0.4093145096855948
ECOTOX,1,Route+Agrochemical,278,581,O=C1C=CC(OC(=O)C2CC2)C1,1,2.021163212674101
ECOTOX,1,Route+Agrochemical,279,582,c1ccccc1,0,-1.183232268118224
ECOTOX,1,Route+Agrochemical,280,585,O=C(Nc1ccccc1)N1COC2Cc3ccccc3C2=N1,1,2.021163212674101
ECOTOX,1,Route+Agrochemical,281,586,O=C(OCc1ccccc1)C1CC1,1,2.021163212674101
ECOTOX,1,Route+Agrochemical,282,590,O=C(OCc1cccc(Oc2ccccc2)c1)C1CC1C=Cc1ccccc1,1,-0.1910508950025483
ECOTOX,1,Route+Agrochemical,283,591,O=C(Nc1ncccn1)NS(=O)(=O)c1ccccc1,0,-2.0418798049863724
ECOTOX,1,Route+Agrochemical,284,592,O=C1OC2(C=C1c1ccccc1)CCCC2,0,2.021163212674101
ECOTOX,1,Route+Agrochemical,285,593,C(=Cc1ccccc1)C(C=Cc1ccccc1)=NNC1=NCCCN1,0,2.021163212674101
ECOTOX,1,Route+Agrochemical,286,610,c1ccc2c(c1)CCO2,0,-2.1688719073902405
ECOTOX,1,Route+Agrochemical,287,614,c1ccc(Oc2ccc(OCCOc3ccccn3)cc2)cc1,0,2.021163212674101
ECOTOX,1,Route+Agrochemical,288,617,c1ccc(CCCN2CCOCC2)cc1,0,-1.3102243705220917
ECOTOX,1,Route+Agrochemical,289,619,c1ccc(-c2nnc(-c3ccccc3)nn2)cc1,0,-0.5363066120894628
ECOTOX,1,Route+Agrochemical,290,626,c1ccc(CCOCc2cccc(Oc3ccccc3)c2)cc1,1,2.021163212674101
ECOTOX,1,Route+Agrochemical,291,627,c1ccncc1,0,-2.0418798049863724
ECOTOX,1,Route+Agrochemical,292,630,c1ccc(CCn2cncn2)cc1,0,-1.3102243705220917
ECOTOX,1,Route+Agrochemical,293,631,c1ccc(Cc2cncnc2)cc1,0,-0.4093145096855948
ECOTOX,1,Route+Agrochemical,294,636,c1ccc(Oc2ccccc2)cc1,0,-2.0418798049863724
ECOTOX,1,Route+Agrochemical,295,638,O=C(NC1CCCCC1)N1CC(c2ccccc2)SC1=O,0,-0.5363066120894628
ECOTOX,1,Route+Agrochemical,296,645,O=C(Nc1ncncn1)NS(=O)(=O)c1ccccc1,0,-2.0418798049863724
ECOTOX,1,Route+Agrochemical,297,650,O=C1CCON1Cc1ccccc1,0,-2.1688719073902405
ECOTOX,1,Route+Agrochemical,298,658,c1ccncc1,0,-2.0418798049863724
ECOTOX,1,Route+Agrochemical,299,660,c1ccc2ncccc2c1,0,-2.0418798049863724
ECOTOX,1,Route+Agrochemical,300,668,c1ccc(CNc2ccccc2)cc1,0,-0.4093145096855948
ECOTOX,1,Route+Agrochemical,301,671,O=C(Nc1ncccn1)NS(=O)(=O)c1ccccc1,0,-2.0418798049863724
ECOTOX,1,Route+Agrochemical,302,681,O=c1cc(SCc2ccccc2)cn[nH]1,1,2.021163212674101
ECOTOX,1,Route+Agrochemical,303,683,c1ccc(Oc2ccnc3ccccc23)cc1,0,-1.3102243705220917
ECOTOX,1,Route+Agrochemical,304,684,O=c1sc(=Nc2ccccc2)n2n1CCCC2,0,-2.0418798049863724
ECOTOX,1,Route+Agrochemical,305,686,O=C(Nc1ncccn1)NS(=O)(=O)c1ccccn1,0,-2.0418798049863724
ECOTOX,1,Route+Agrochemical,306,690,c1ccc(Nc2ncccn2)cc1,0,-1.183232268118224
ECOTOX,1,Route+Agrochemical,307,693,c1ccccc1,0,-1.3102243705220917
ECOTOX,1,Route+Agrochemical,308,695,O=C(c1cccc(C2=NOCC2)c1)c1c[nH][nH]c1=O,0,-2.1688719073902405
ECOTOX,1,Route+Agrochemical,309,699,O=C(C=C(c1ccccc1)c1ccccc1)N1CCOCC1,0,-1.183232268118224
ECOTOX,1,Route+Agrochemical,310,700,ACYCLIC:CCOP(=S)(OCC)OC(Cl)C(Cl)(Cl)Cl,1,2.021163212674101
ECOTOX,1,Route+Agrochemical,311,701,O=C1COc2ccc(N3C(=O)C4=C(CCCC4)C3=O)cc2N1,0,-2.0418798049863724
ECOTOX,1,Route+Agrochemical,312,703,O=C1C2=C(CCCC2)C(=O)N1c1ccccc1,0,-2.0418798049863724
ECOTOX,1,Route+Agrochemical,313,707,O=S(=O)(Nc1ccccc1)c1nc2ncccn2n1,0,-2.0418798049863724
ECOTOX,1,Route+Agrochemical,314,710,c1ccc(Oc2ccc(C3(Cn4cncn4)OCCO3)cc2)cc1,0,-1.183232268118224
ECOTOX,1,Route+Agrochemical,315,711,O=C(NNC(=O)c1ccccc1)c1ccccc1,0,2.021163212674101
ECOTOX,1,Route+Agrochemical,316,714,c1ccc(CCC(Cn2cncn2)c2ccccc2)cc1,0,-1.3102243705220917
ECOTOX,1,Route+Agrochemical,317,715,c1ccncc1,0,-2.0418798049863724
ECOTOX,1,Route+Agrochemical,318,717,O=C(Nc1ncccn1)NS(=O)(=O)c1cnc2ccccn12,0,-2.0418798049863724
ECOTOX,1,Route+Agrochemical,319,724,c1cncc(C2=NCCS2)c1,0,-2.0418798049863724
ECOTOX,1,Route+Agrochemical,320,726,C(=NOCc1ccccc1)c1ccccc1,0,-1.183232268118224
ECOTOX,1,Route+Agrochemical,321,729,c1ccc(CCOc2ncnc3ccccc23)cc1,0,2.021163212674101
ECOTOX,1,Route+Agrochemical,322,730,O=C(COc1nncs1)Nc1ccccc1,0,-2.0418798049863724
ECOTOX,1,Route+Agrochemical,323,731,c1ccc(COc2ccccc2)cc1,0,-1.183232268118224
ECOTOX,1,Route+Agrochemical,324,733,c1cc2c(c(-c3cc[nH]c3)c1)OCO2,0,-1.183232268118224
ECOTOX,1,Route+Agrochemical,325,734,c1ccc(Oc2ccccc2)cc1,0,-2.0418798049863724
ECOTOX,1,Route+Agrochemical,326,736,O=C(Nc1ccccc1)c1ccccc1,0,2.021163212674101
ECOTOX,1,Route+Agrochemical,327,737,O=C1C=CC(=O)c2ccccc21,0,-0.4093145096855948
ECOTOX,1,Route+Agrochemical,328,739,O=C1NCCS1,1,-0.4093145096855948
ECOTOX,1,Route+Agrochemical,329,747,c1ccc2snnc2c1,0,0.9019897371545573
ECOTOX,1,Route+Agrochemical,330,748,O=c1[nH]cnn1-c1ccccc1,0,-2.0418798049863724
ECOTOX,1,Route+Agrochemical,331,751,S=c1nc[nH]n1CC(Cc1ccccc1)C1CC1,0,-1.183232268118224
ECOTOX,1,Route+Agrochemical,332,752,O=C1NN=CCN1N=Cc1cccnc1,0,1.8941711102702332
ECOTOX,1,Route+Agrochemical,333,755,O=C(Nc1ncccn1)NS(=O)(=O)c1ccccn1,0,-2.1688719073902405
ECOTOX,1,Route+Agrochemical,334,756,O=C(Nc1ncccn1)NS(=O)(=O)Nc1ccccc1,0,-2.0418798049863724
ECOTOX,1,Route+Agrochemical,335,761,O=C(Nc1ncccn1)NS(=O)(=O)c1cnc2ccccn12,0,-2.1688719073902405
ECOTOX,1,Route+Agrochemical,336,764,c1ccc(Oc2cc(Oc3ccccc3)ncn2)cc1,0,-1.183232268118224
ECOTOX,1,Route+Agrochemical,337,767,O=C(Nc1ncncn1)NS(=O)(=O)c1ccccc1,0,-0.1910508950025483
ECOTOX,1,Route+Agrochemical,338,768,c1ccc(Sc2ncccn2)cc1,0,-2.0418798049863724
ECOTOX,1,Route+Agrochemical,339,770,O=C(OCN1C(=O)CNC1=O)C1CC1,1,2.021163212674101
ECOTOX,1,Route+Agrochemical,340,772,c1ccncc1,0,-0.1910508950025483
ECOTOX,1,Route+Agrochemical,341,781,O=S(=O)(Nc1ccccc1)c1nc2ccncn2n1,0,-2.0418798049863724
ECOTOX,1,Route+Agrochemical,342,782,O=C(NC(=O)c1ccccc1)Nc1ccccc1,0,2.021163212674101
ECOTOX,1,Route+Agrochemical,343,787,C1CCC2(CC1)OCCO2,0,-1.183232268118224
ECOTOX,1,Route+Agrochemical,344,788,O=C(Nc1ncncn1)NS(=O)(=O)c1ccccc1,0,-2.1688719073902405
ECOTOX,1,Route+Agrochemical,345,791,O=C1OC(c2ccc(Oc3ccccc3)cc2)C(=O)N1Nc1ccccc1,0,-1.3102243705220917
ECOTOX,1,Route+Agrochemical,346,792,c1ccncc1,1,-0.4093145096855948
ECOTOX,1,Route+Agrochemical,347,793,O=C1CCCC(=O)C1=CC1CC1,0,-0.4093145096855948
ECOTOX,1,Route+Agrochemical,348,794,c1ccc(C2=NC(c3ccccc3)CO2)cc1,0,2.021163212674101
ECOTOX,1,Route+Agrochemical,349,797,N=C(C1=NOCCO1)c1ccccc1Oc1cc(Oc2ccccc2)ncn1,0,-1.3102243705220917
ECOTOX,1,Route+Agrochemical,350,799,O=c1[nH]cn[nH]1,0,-2.0418798049863724
ECOTOX,1,Route+Agrochemical,351,800,C1=NCCN1Cc1cccnc1,1,1.8941711102702332
ECOTOX,1,Route+Agrochemical,352,801,O=C(c1ccccc1)c1c[nH][nH]c1=O,0,-2.0418798049863724
ECOTOX,1,Route+Agrochemical,353,804,O=C(Cc1ccccc1)NCCc1ccccc1,0,-1.3102243705220917
ECOTOX,1,Route+Agrochemical,354,805,c1ccc(-c2cc[nH]n2)cc1,0,-2.0418798049863724
ECOTOX,1,Route+Agrochemical,355,813,O=c1c(-c2ccccc2)cn2n1CCOCC2,0,-2.0418798049863724
ECOTOX,1,Route+Agrochemical,356,817,c1ccc(-c2cnc[nH]2)cc1,0,-1.3102243705220917
ECOTOX,1,Route+Agrochemical,357,818,O=c1[nH]cnn1-c1ccccc1,0,-0.4093145096855948
ECOTOX,1,Route+Agrochemical,358,819,O=S(=O)(Nc1nc2ccncn2n1)c1ccccc1,0,-2.0418798049863724
ECOTOX,1,Route+Agrochemical,359,821,O=C(Nc1ccccc1)C1CC1,0,-2.1688719073902405
ECOTOX,1,Route+Agrochemical,360,826,O=S(=O)(Nc1ccccc1)c1nc2ccncn2n1,0,-2.0418798049863724
ECOTOX,1,Route+Agrochemical,361,828,c1ccc(CC2CCCC2Cn2cncn2)cc1,0,-1.3102243705220917
ECOTOX,1,Route+Agrochemical,362,830,N=C1NCOCN1Cc1cncs1,1,1.8941711102702332
ECOTOX,1,Route+Agrochemical,363,831,N=C1SCCN1Cc1cccnc1,0,1.8941711102702332
ECOTOX,1,Route+Agrochemical,364,833,c1ccc(CC2CCCC2Cn2cncn2)cc1,0,-1.3102243705220917
ECOTOX,1,Route+Agrochemical,365,838,O=C1C(c2ccccc2)N=CN1Nc1ccccc1,0,-1.183232268118224
ECOTOX,1,Route+Agrochemical,366,839,O=C(OCc1ccccc1)C1CC1,1,2.021163212674101
ECOTOX,1,Route+Agrochemical,367,847,c1ccc(-c2ccccc2)cc1,0,2.021163212674101
ECOTOX,1,Route+Agrochemical,368,849,c1ccccc1,0,-2.1688719073902405
ECOTOX,1,Route+Agrochemical,369,851,O=C(Nc1ncccn1)NS(=O)(=O)c1ccn[nH]1,0,-2.0418798049863724
ECOTOX,1,Route+Agrochemical,370,856,O=C(NCc1cccs1)c1cncs1,0,-1.3102243705220917
ECOTOX,1,Route+Agrochemical,371,857,O=C(C1=C(Sc2ccccc2)C2CCC(C2)C1=O)c1ccccc1,0,-2.0418798049863724
ECOTOX,1,Route+Agrochemical,372,861,c1cncc(Cn2ccnc2)c1,1,-0.5363066120894628
ECOTOX,1,Route+Agrochemical,373,863,O=c1cccnn1-c1ccccc1,0,-2.0418798049863724
ECOTOX,1,Route+Agrochemical,374,870,O=c1cc[nH]c(=O)n1-c1ccccc1,0,-2.0418798049863724
ECOTOX,1,Route+Agrochemical,375,871,O=C1OC2(C=C1c1ccccc1)CCCCC2,0,1.8941711102702332
ECOTOX,1,Route+Agrochemical,376,874,O=C(Nc1ccccc1-c1ccccc1)c1cccnc1,0,-1.3102243705220917
ECOTOX,1,Route+Agrochemical,377,883,c1ccccc1,0,-2.0418798049863724
ECOTOX,1,Route+Agrochemical,378,888,c1ccc(COCC2CC(c3cccs3)=NO2)cc1,0,-0.3180429974064163
ECOTOX,1,Route+Agrochemical,379,898,ACYCLIC:CNC(=O)ON=C(C)SCCC#N,0,-0.1910508950025483
ECOTOX,1,Route+Agrochemical,380,901,O=c1[nH]ncs1,1,-0.1910508950025483
ECOTOX,1,Route+Agrochemical,381,902,ACYCLIC:COCCOCCC[Si](C)(O[Si](C)(C)C)O[Si](C)(C)C,0,-0.1910508950025483
ECOTOX,1,Route+Agrochemical,382,903,c1ccc(Oc2ccc3c(c2)OCCC3)cc1,0,-2.0418798049863724
ECOTOX,1,Route+Agrochemical,383,906,C1=NCCN1Cc1cccnc1.O=C(OCc1cccc(Oc2ccccc2)c1)C1CC1,1,-0.948034782730705
ECOTOX,1,Route+Agrochemical,384,907,c1ccc(Cc2ccccc2)cc1.c1ccc(Cc2ccccc2)cc1,0,-0.1910508950025483
ECOTOX,1,Route+Agrochemical,385,910,c1ccccc1.c1ccccc1,0,-0.1910508950025483
ECOTOX,1,Route+Agrochemical,386,912,O=C(c1ccccc1)c1ccccc1,0,-1.3102243705220917
ECOTOX,1,Route+Agrochemical,387,916,O=C(NCc1ccc(Oc2ccccc2)cc1)c1ccn[nH]1,1,1.8941711102702332
ECOTOX,1,Route+Agrochemical,388,919,c1ccncc1,0,1.8941711102702332
ECOTOX,1,Route+Agrochemical,389,923,O=S(=O)(Nc1nc2ncccn2n1)c1cccnc1,0,-2.0418798049863724
ECOTOX,1,Route+Agrochemical,390,927,O=C(NN=C(Cc1ccccc1)c1ccccc1)Nc1ccccc1,0,1.8941711102702332
ECOTOX,1,Route+Agrochemical,391,928,c1ccncc1,0,-2.0418798049863724
ECOTOX,1,Route+Agrochemical,392,930,ACYCLIC:CCCCCCCC(=O)OC.CCCCCCCCCC(=O)OC,0,-0.4093145096855948
ECOTOX,1,Route+Agrochemical,393,931,O=C(NCc1ccccn1)c1ccccc1,0,-1.183232268118224
ECOTOX,1,Route+Agrochemical,394,934,O=C1CN=C(c2ccccn2)N1,0,-0.1910508950025483
ECOTOX,1,Route+Agrochemical,395,936,c1ccc(COc2ccccn2)cc1,0,-1.183232268118224
ECOTOX,1,Route+Agrochemical,396,940,O=C(Nc1ccsc1)c1cn[nH]c1,0,-1.3102243705220917
ECOTOX,1,Route+Agrochemical,397,942,O=c1ccn(-c2ccccc2)nc1,0,-0.4093145096855948
ECOTOX,1,Route+Agrochemical,398,943,O=c1cc[nH]c(-c2ccccc2)c1,0,-0.5363066120894628
ECOTOX,1,Route+Agrochemical,399,944,c1ccccc1,0,-2.0418798049863724
ECOTOX,1,Route+Agrochemical,400,946,O=C1NC2(C=C1c1ccccc1)CCCCC2,0,2.021163212674101
ECOTOX,1,Route+Agrochemical,401,950,c1cnc(Oc2cccc(Oc3ncccn3)c2)nc1,0,-2.0418798049863724
ECOTOX,1,Route+Agrochemical,402,951,c1ccc(-c2noc(-c3cccs3)n2)cc1,1,1.8941711102702332
ECOTOX,1,Route+Agrochemical,403,952,O=c1cc[nH]c(=O)n1-c1ccccc1,0,-2.0418798049863724
ECOTOX,1,Route+Agrochemical,404,953,O=C(Nc1ccccc1)c1ccnn1-c1ccccn1,1,1.8941711102702332
ECOTOX,1,Route+Agrochemical,405,957,c1ccncc1,1,2.021163212674101
ECOTOX,1,Route+Agrochemical,406,959,c1ccccc1,0,-2.0418798049863724
ECOTOX,1,Route+Agrochemical,407,960,c1ccc2c(c1)CCC2Nc1ncncn1,0,-2.0418798049863724
ECOTOX,1,Route+Agrochemical,408,962,O=S(=O)(Cc1cn[nH]c1)C1=NOCC1,0,-2.0418798049863724
ECOTOX,1,Route+Agrochemical,409,966,O=C(NN=Cc1ccccn1)Nc1ccccc1,0,-2.0418798049863724
ECOTOX,1,Route+Agrochemical,410,968,O=C(Nc1ccccc1-c1ccccc1)c1cn[nH]c1,0,-1.183232268118224
ECOTOX,1,Route+Agrochemical,411,970,c1ccccc1.c1ccccc1,1,-0.3180429974064163
ECOTOX,1,Route+Agrochemical,412,973,O=C(Nc1ccccc1C1CC1C1CC1)c1cn[nH]c1,0,-1.3102243705220917
ECOTOX,1,Route+Agrochemical,413,976,c1ccncc1,0,-2.0418798049863724
ECOTOX,1,Route+Agrochemical,414,977,O=C1Nc2ccccc2CN1NCc1cccnc1,0,1.8941711102702332
ECOTOX,1,Route+Agrochemical,415,979,O=C([N-]S(=O)(=O)c1ccccn1)Nc1ncccn1,0,-2.0418798049863724
ECOTOX,1,Route+Agrochemical,416,983,c1ccc(Cc2ncccn2)cc1,0,-2.0418798049863724
ECOTOX,1,Route+Agrochemical,417,985,O=c1[nH][nH]cc1-c1ccccc1,0,-1.183232268118224
ECOTOX,1,Route+Agrochemical,418,986,O=C1C=C(NCc2cccnc2)CO1,0,1.8941711102702332
ECOTOX,1,Route+Agrochemical,419,987,O=C(Cn1cccn1)N1CCC(c2nc(C3=NOC(c4ccccc4)C3)cs2)CC1,0,-1.183232268118224
ECOTOX,1,Route+Agrochemical,420,989,O=C1CC2C(=CC3C4CC(OC5CCCCO5)CC4CCC23)C(=O)CC(OC2CCCCO2)CCCCO1,1,-0.1910508950025483
ECOTOX,1,Route+Agrochemical,421,991,C=C1C2CCC1c1c(NC(=O)c3cn[nH]c3)cccc12,0,-1.183232268118224
ECOTOX,1,Route+Agrochemical,422,992,O=C1C(=Cc2cccnc2)C(=O)C2CCC1C2,0,-2.1688719073902405
ECOTOX,1,Route+Agrochemical,423,995,O=C(c1ccccc1)c1cccnc1,0,-1.3102243705220917
ECOTOX,1,Route+Agrochemical,424,997,c1ccc(COc2ccccc2)cc1,0,-1.3102243705220917
ECOTOX,1,Route+Agrochemical,425,998,O=C(Nc1ccccc1)c1cc(Cn2ncnn2)nn1-c1ccccn1,1,-0.3180429974064163
ECOTOX,1,Route+Agrochemical,426,1000,O=C(NCc1ccccc1)NCc1ccccc1,0,-0.4093145096855948
ECOTOX,1,Route+Agrochemical,427,1002,c1ccc(-c2ccccn2)cc1,0,-2.0418798049863724
ECOTOX,1,Route+Agrochemical,428,1006,c1ccc(C(=NOCc2ccccn2)c2nnn[nH]2)cc1,0,-0.5363066120894628
ECOTOX,1,Route+Agrochemical,429,1009,O=C(CNC(=O)c1cccs1)c1ccccc1,0,-1.3102243705220917
ECOTOX,1,Route+Agrochemical,430,1010,O=C(c1ccccc1)c1cn[nH]c1,0,-2.1688719073902405
ECOTOX,1,Route+Agrochemical,431,1013,C(Sc1ccccc1)=C1SCCN1c1ccccc1,0,-1.183232268118224
ECOTOX,1,Route+Agrochemical,432,1015,O=C(OCC1C(OC(=O)C2CC2)CCC2C3Cc4c(cc(-c5cccnc5)oc4=O)OC3CCC12)C1CC1,0,1.8941711102702332
ECOTOX,1,Route+Agrochemical,433,1016,c1ccccc1,0,-1.3102243705220917
ECOTOX,1,Route+Agrochemical,434,1018,O=C(NCCc1ccccc1)c1cn[nH]c1,0,-1.183232268118224
ECOTOX,1,Route+Agrochemical,435,1019,c1ccc(Oc2ccc(CCn3cncn3)cc2)cc1,0,-1.3102243705220917
ECOTOX,1,Route+Agrochemical,436,1022,O=c1cc[nH]c(=O)n1-c1ccccc1,0,-0.3180429974064163
ECOTOX,1,Route+Agrochemical,437,1028,O=C(OCc1cccc(-c2ccccc2)c1)C1CC1.O=C(OCc1cccc(Oc2ccccc2)c1)C1CC1,1,-0.948034782730705
ECOTOX,1,Route+Agrochemical,438,1029,O=C(Nc1ccccc1)c1ccnn1-c1ccccn1.O=C(OCc1cccc(Oc2ccccc2)c1)C1CC1,0,-0.948034782730705
ECOTOX,1,Route+Agrochemical,439,1030,O=C(OCc1ccccc1)c1cccc(-c2ccccc2)n1,0,-2.0418798049863724
ECOTOX,1,Route+Agrochemical,440,1034,c1ccccc1,0,-2.0418798049863724
PPDB,100,ECFPStructure,0,4,O=S(=O)(c1ccccc1)c1ccccc1,1,-0.1896237821609466
PPDB,100,ECFPStructure,1,7,ACYCLIC:O=C([O-])[O-].[Ca+2],0,-0.32553279411217734
PPDB,100,ECFPStructure,2,9,ACYCLIC:[I-].[K+],1,0.40522870910496545
PPDB,100,ECFPStructure,3,10,c1ccccc1,1,1.143631398095648
PPDB,100,ECFPStructure,4,12,ACYCLIC:N#C[S-].[K+],1,0.2266904119826158
PPDB,100,ECFPStructure,5,14,ACYCLIC:O=[As](O)(O)O,1,-0.26650863542304365
PPDB,100,ECFPStructure,6,16,ACYCLIC:COP(=S)(OC)SCC(=O)N(C)C=O,1,1.2267793799940387
PPDB,100,ECFPStructure,7,17,ACYCLIC:O=S(=O)([O-])[O-].[Cu+2],1,-0.2874906790137309
PPDB,100,ECFPStructure,8,18,ACYCLIC:O.[Cu].[Cu],1,0.30276370346429127
PPDB,100,ECFPStructure,9,24,ACYCLIC:[Al]#[P],1,0.0835358180574036
PPDB,100,ECFPStructure,10,25,c1ccccc1,1,-0.5097026968854437
PPDB,100,ECFPStructure,11,28,ACYCLIC:CCCCCCCCCCCCCCCC(=O)O,1,0.8149869200399671
PPDB,100,ECFPStructure,12,29,ACYCLIC:[Cl][Cu][Cl],1,0.5165245803263652
PPDB,100,ECFPStructure,13,30,ACYCLIC:N#CN,1,0.018647824148163683
PPDB,100,ECFPStructure,14,31,c1ccccc1,0,0.09530040678843965
PPDB,100,ECFPStructure,15,32,O=c1oc2ccccc2cc1Cc1ccccc1,1,0.2773014896546025
PPDB,100,ECFPStructure,16,36,ACYCLIC:[Cu+2].[OH-].[OH-],1,0.32920219821206387
PPDB,100,ECFPStructure,17,37,ACYCLIC:CN(C)C(CSC(N)=O)CSC(N)=O,1,0.29886713969750883
PPDB,100,ECFPStructure,18,39,ACYCLIC:O=C([O-])O.[K+],1,-0.32357272509867
PPDB,100,ECFPStructure,19,42,ACYCLIC:O=P([O-])([O-])[O-].O=P([O-])([O-])[O-].[Ca+2].[Ca+2].[Ca+2],1,0.08692516857340965
PPDB,100,ECFPStructure,20,53,ACYCLIC:CCCCCCCCCCO,1,1.000310934955542
PPDB,100,ECFPStructure,21,55,ACYCLIC:O=P([O-])([O-])[O-].[Fe+3],1,0.051501414411716046
PPDB,100,ECFPStructure,22,58,ACYCLIC:O=P([O-])([O-])OP(=O)([O-])[O-].O=P([O-])([O-])OP(=O)([O-])[O-].O=P([O-])([O-])OP(=O)([O-])[O-].[Fe+3].[Fe+3].[Fe+3].[Fe+3],1,-0.0010574027588195478
PPDB,100,ECFPStructure,23,62,c1cc[n+]2c(c1)-c1cccc[n+]1CC2,1,0.7927423352656016
PPDB,100,ECFPStructure,24,63,c1ccc2ncccc2c1,1,0.5083800232614405
PPDB,100,ECFPStructure,25,68,c1ccccc1,1,1.0181715952602097
PPDB,100,ECFPStructure,26,69,ACYCLIC:O=C([O-])C(Cl)(Cl)Cl.[Na+],1,0.08436324478037041
PPDB,100,ECFPStructure,27,70,C(=Nc1ccccc1)NC=Nc1ccccc1,1,0.7116072926973755
PPDB,100,ECFPStructure,28,71,ACYCLIC:O=[As]([O-])([O-])[O-].O=[As]([O-])([O-])[O-].[Ca+2].[Ca+2].[Ca+2],1,0.24025767282270794
PPDB,100,ECFPStructure,29,74,c1ccc(Cc2ccccc2)cc1,1,-0.28398282517080625
PPDB,100,ECFPStructure,30,78,ACYCLIC:CBr,1,0.5703783828658593
PPDB,100,ECFPStructure,31,85,ACYCLIC:ClCC(Br)CBr,0,0.34917696364221434
PPDB,100,ECFPStructure,32,88,c1ccccc1,1,-0.24917229086245635
PPDB,100,ECFPStructure,33,91,ACYCLIC:CCCSC(=O)N(CCC)CCC,1,0.603172733864749
PPDB,100,ECFPStructure,34,93,C1OCOCOCO1,1,0.731888742616782
PPDB,100,ECFPStructure,35,97,c1ccc(-c2ccccc2)cc1,1,0.1782660673069733
PPDB,100,ECFPStructure,36,99,c1ccccc1,1,-0.1940976410939838
PPDB,100,ECFPStructure,37,106,ACYCLIC:COP(=O)(OC)C(O)C(Cl)(Cl)Cl,1,0.4565826758499187
PPDB,100,ECFPStructure,38,107,c1ccc(Cc2ccccc2)cc1,1,0.6758949768080369
PPDB,100,ECFPStructure,39,110,C1COCCN1,0,0.6564885297575077
PPDB,100,ECFPStructure,40,112,O=c1c2sccsc=2c(=O)c2ccccc12,1,0.2462166535759936
PPDB,100,ECFPStructure,41,113,c1ccc(Cc2ccccc2)cc1,1,-0.018694680322963952
PPDB,100,ECFPStructure,42,114,ACYCLIC:CCOP(=S)(OCC)SCSP(=S)(OCC)OCC,1,1.2317121337444905
PPDB,100,ECFPStructure,43,120,ACYCLIC:CCOP(=S)(OCC)SCCl,1,1.1897671211525886
PPDB,100,ECFPStructure,44,122,c1ccc(CCn2cncn2)cc1,1,0.4194689651522414
PPDB,100,ECFPStructure,45,125,ACYCLIC:O=S(=O)(F)F,1,-0.09053360117780496
PPDB,100,ECFPStructure,46,126,O=C1C=CC(=O)c2ccccc21,0,-0.04022345685693979
PPDB,100,ECFPStructure,47,127,c1ccccc1,1,-0.7208661070518414
PPDB,100,ECFPStructure,48,132,ACYCLIC:CCC[CH2][Sn]([CH2]CCC)([CH2]CCC)[O][Sn]([CH2]CCC)([CH2]CCC)[CH2]CCC,1,0.5422911669098253
PPDB,100,ECFPStructure,49,134,c1ccc2c(c1)CCO2,1,0.7536833678754309
PPDB,100,ECFPStructure,50,141,C1=CC2C3C=CC(C3)C2C1,0,0.48701465754535256
PPDB,100,ECFPStructure,51,147,ACYCLIC:CCC(C)N,1,0.6106721367137584
PPDB,100,ECFPStructure,52,148,ACYCLIC:O=[PH]([O-])[O-].[Na+].[Na+],0,-0.03532965253525072
PPDB,100,ECFPStructure,53,149,O=C1NC(=O)C2CC=CCC12,1,0.8110805009530415
PPDB,100,ECFPStructure,54,150,c1ccccc1,0,-0.2678525427382464
PPDB,100,ECFPStructure,55,152,O=c1[nH]c2c(c(=O)n1C1CCCCC1)CCC2,0,0.20791826800466023
PPDB,100,ECFPStructure,56,156,c1ccc2ccccc2c1,1,0.2969850653053353
PPDB,100,ECFPStructure,57,157,ACYCLIC:[Ca+2].[Cl-].[Cl-],1,0.44085955881937844
PPDB,100,ECFPStructure,58,159,O=C(Nc1ncncn1)NS(=O)(=O)c1ccccc1,1,0.644152002460735
PPDB,100,ECFPStructure,59,161,c1ccc2c(c1)OCO2,0,0.22696454657607368
PPDB,100,ECFPStructure,60,163,ACYCLIC:O=[As]([O-])([O-])O.[Pb+2],1,-0.012730184591462745
PPDB,100,ECFPStructure,61,164,c1ccc2ccccc2c1,0,0.13214918586647556
PPDB,100,ECFPStructure,62,165,O=C(Nc1ncncn1)NS(=O)(=O)c1ccccc1,1,1.1376956462396077
PPDB,100,ECFPStructure,63,166,c1ccccc1,1,0.2060619796410686
PPDB,100,ECFPStructure,64,172,c1ccc(Oc2ccccc2)cc1,1,-0.4691237235759033
PPDB,100,ECFPStructure,65,175,ACYCLIC:O.O.[O]=[Al][O][Si](=O)O[Si](=O)[O][Al]=[O],1,-0.2944872713625302
PPDB,100,ECFPStructure,66,177,c1ccccc1,1,0.3090990281110853
PPDB,100,ECFPStructure,67,181,c1ccc(Cc2ccccc2)cc1,1,0.20861648976157776
PPDB,100,ECFPStructure,68,191,O=C1CCCN1c1ccccc1,1,0.5834627217573516
PPDB,100,ECFPStructure,69,195,ACYCLIC:CCCCSP(=O)(SCCCC)SCCCC,1,1.0410602979578227
PPDB,100,ECFPStructure,70,200,ACYCLIC:C=CC(Cl)Cl,1,0.16748305117281118
PPDB,100,ECFPStructure,71,201,O=C(Nc1ncccn1)NS(=O)(=O)Nc1ccccc1C(=O)C1CC1,1,1.0245951898117054
PPDB,100,ECFPStructure,72,208,c1ccccc1,1,0.21381978657651407
PPDB,100,ECFPStructure,73,211,O=C1C=CC(OC(=O)C2CC2)C1,1,0.9844661365323422
PPDB,100,ECFPStructure,74,213,c1ccccc1,1,0.20625811189958565
PPDB,100,ECFPStructure,75,220,ACYCLIC:CN(C)C(=S)[S-].CN(C)C(=S)[S-].[Zn+2],1,-0.8408930256746385
PPDB,100,ECFPStructure,76,227,ACYCLIC:CCOP(=O)=O,1,0.3651533941139616
PPDB,100,ECFPStructure,77,228,c1ccccc1,1,0.7348194986005723
PPDB,100,ECFPStructure,78,231,ACYCLIC:CCSCCOP(=S)(OC)OC,1,1.2855845572420077
PPDB,100,ECFPStructure,79,232,O=C1CN=C(c2ccccn2)N1,1,0.403287882413487
PPDB,100,ECFPStructure,80,234,c1ccccc1,1,0.28490482267903694
PPDB,100,ECFPStructure,81,236,c1ccc(CSc2ccccc2)cc1,0,0.5631812235034077
PPDB,100,ECFPStructure,82,244,ACYCLIC:O=S(=O)([O-])C(F)(F)C(F)(F)C(F)(F)C(F)(F)C(F)(F)C(F)(F)C(F)(F)C(F)(F)F.[Li+],1,0.3224873602013324
PPDB,100,ECFPStructure,83,245,ACYCLIC:CCOP(=S)(OCC)OCCSCC,1,1.1837194703996303
PPDB,100,ECFPStructure,84,250,O=C(OCc1cccc(Oc2ccccc2)c1)C1CC1,1,1.1394394904033145
PPDB,100,ECFPStructure,85,252,C1CC1,0,-0.10154225058599592
PPDB,100,ECFPStructure,86,257,ACYCLIC:CNC(=S)[S-].[Na+],1,0.43233322630319504
PPDB,100,ECFPStructure,87,258,c1cc[c]([SnH]([c]2ccccc2)[c]2ccccc2)cc1,1,0.5111668588371787
PPDB,100,ECFPStructure,88,259,ACYCLIC:[Ba+2].[S-2],1,0.3829324690397422
PPDB,100,ECFPStructure,89,260,O=C(Nc1cccc2ccccc12)c1ccccc1,0,-0.3600072383497604
PPDB,100,ECFPStructure,90,263,c1ccccc1,1,0.14921154342103832
PPDB,100,ECFPStructure,91,267,c1ccccc1,1,-0.0326494719117108
PPDB,100,ECFPStructure,92,272,O=c1[nH]c(=O)n(-c2ccccc2)o1,0,0.2639553082874577
PPDB,100,ECFPStructure,93,274,ACYCLIC:O=C([O-])[O-].[Cu+2],1,-0.2525068818484732
PPDB,100,ECFPStructure,94,275,c1ccccc1,1,0.5493712335785681
PPDB,100,ECFPStructure,95,276,c1ccccc1,1,0.0011959965646419768
PPDB,100,ECFPStructure,96,277,c1ccccc1,1,-0.28616393412351887
PPDB,100,ECFPStructure,97,278,O=C1NC(=O)c2ccccc21,1,0.9658653918502138
PPDB,100,ECFPStructure,98,282,ACYCLIC:CN(C)NC(=O)CCC(=O)O,0,0.4732654869186509
PPDB,100,ECFPStructure,99,284,c1ccccc1,1,-0.3013631567337908
PPDB,100,ECFPStructure,100,285,C1OCC2OC3OCOC3C2O1,1,0.9684294583662896
PPDB,100,ECFPStructure,101,290,ACYCLIC:C[N+](C)(C)CCCl,1,0.9036780356697063
PPDB,100,ECFPStructure,102,293,c1ccccc1,1,-0.009848625253962573
PPDB,100,ECFPStructure,103,297,c1ccccc1,1,-0.4761307433794913
PPDB,100,ECFPStructure,104,300,c1ncncn1,1,0.830624244994639
PPDB,100,ECFPStructure,105,301,ACYCLIC:CNC(=O)C(C)SCCSP(=O)(OC)OC,1,0.7905248789192594
PPDB,100,ECFPStructure,106,302,ACYCLIC:CC(Cl)(Cl)C(=O)[O-].[Na+],1,0.13809786293376544
PPDB,100,ECFPStructure,107,305,c1cc[n+]2c(c1)-c1cccc[n+]1CC2,1,0.7280090269426304
PPDB,100,ECFPStructure,108,311,c1cncnc1,1,0.44590430721712104
PPDB,100,ECFPStructure,109,313,c1ccccc1,0,0.023034120485481535
PPDB,100,ECFPStructure,110,315,C1=CC1,1,0.9541454120273967
PPDB,100,ECFPStructure,111,318,c1ccc(Oc2ccccc2)cc1,1,-0.46619886421940265
PPDB,100,ECFPStructure,112,323,ACYCLIC:S=C([S-])NCCNC(=S)S.S=C([S-])NCCNC(=S)S.[NH2-].[Zn],1,0.8581589647799706
PPDB,100,ECFPStructure,113,328,ACYCLIC:S=C([S-])NCCNC(=S)[S-].[Zn+2],1,0.8273504580218163
PPDB,100,ECFPStructure,114,331,ACYCLIC:C[As](=O)(O)O,1,-0.5017455763046645
PPDB,100,ECFPStructure,115,332,c1ccccc1,1,1.1327679525160395
PPDB,100,ECFPStructure,116,333,c1ccccc1,0,-0.6896324145177695
PPDB,100,ECFPStructure,117,336,c1ncncn1,0,1.164660371537879
PPDB,100,ECFPStructure,118,337,O=S1OCC2C3C=CC(C3)C2CO1,1,0.8730147063585121
PPDB,100,ECFPStructure,119,338,c1ccc(Cc2ccccc2)cc1,0,-0.5572063383192725
PPDB,100,ECFPStructure,120,341,O=C1NC(=O)C2CC=CCC12,1,0.6065599874100023
PPDB,100,ECFPStructure,121,342,c1ccccc1,1,-0.13354309390275082
PPDB,100,ECFPStructure,122,344,c1ccccc1,1,0.448317400463956
PPDB,100,ECFPStructure,123,348,c1ccccc1,1,0.3256403025138128
PPDB,100,ECFPStructure,124,349,c1ccc(Cc2ccccc2)cc1,0,-0.1809035338231711
PPDB,100,ECFPStructure,125,352,c1ccccc1,1,0.3808671822055057
PPDB,100,ECFPStructure,126,353,c1ncncn1,1,0.7042767138564608
PPDB,100,ECFPStructure,127,354,ACYCLIC:S=C([S-])NCCNC(=S)[S-].S=C([S-])NCCNC(=S)[S-].[Mn+2].[Zn+2],1,0.8662224211001361
PPDB,100,ECFPStructure,128,356,O=C1C=CC(=O)c2ccccc21,1,-0.0029780473811329977
PPDB,100,ECFPStructure,129,357,c1ncncn1,0,0.7847002656610221
PPDB,100,ECFPStructure,130,360,ACYCLIC:CNC(=O)/C=C(\C)OP(=O)(OC)OC,1,1.2974679316790318
PPDB,100,ECFPStructure,131,362,ACYCLIC:CCCCN(CC)C(=O)SCCC,1,0.14522464105378982
PPDB,100,ECFPStructure,132,364,c1ccccc1,1,-0.3495669438155827
PPDB,100,ECFPStructure,133,365,O=C(OCN1C(=O)C2=C(CCCC2)C1=O)C1CC1,1,0.7060022949537643
PPDB,100,ECFPStructure,134,368,c1ccccc1,1,0.7671127115793719
PPDB,100,ECFPStructure,135,372,c1ccccc1,0,-0.5116794291323272
PPDB,100,ECFPStructure,136,375,c1ccccc1,0,0.45170478759145233
PPDB,100,ECFPStructure,137,376,C1CCCNCC1,1,0.6364610631710728
PPDB,100,ECFPStructure,138,377,O=c1cc[nH]c2cc3c(cc12)OCO3,1,0.6168365369178603
PPDB,100,ECFPStructure,139,378,c1ccccc1,1,-0.11187587127210269
PPDB,100,ECFPStructure,140,383,c1ccccc1,1,1.5429671956518751
PPDB,100,ECFPStructure,141,384,c1coc(-c2nc3ccccc3[nH]2)c1,0,0.511858713102872
PPDB,100,ECFPStructure,142,386,c1ccc(Oc2ccccc2)cc1,1,0.2816357087964235
PPDB,100,ECFPStructure,143,391,O=c1[nH]c2ccccc2s1,0,0.25947099071073176
PPDB,100,ECFPStructure,144,394,c1ncncn1,1,0.7635404488595099
PPDB,100,ECFPStructure,145,395,c1ccc(-c2ncccn2)cc1,1,0.7599969075689164
PPDB,100,ECFPStructure,146,401,O=C1c2ccccc2C(=O)C1C(=O)C(c1ccccc1)c1ccccc1,1,0.07610810107936286
PPDB,100,ECFPStructure,147,402,C1C2C3C4CC5C3C1C5C24,0,0.7175294199753
PPDB,100,ECFPStructure,148,403,c1ccncc1,1,0.9774049535031486
PPDB,100,ECFPStructure,149,404,c1ccc(Nc2ncncn2)cc1,1,1.107023456064782
PPDB,100,ECFPStructure,150,406,ACYCLIC:CNC(=O)ON=CC(C)(C)S(C)(=O)=O,1,0.7280151684320431
PPDB,100,ECFPStructure,151,409,O=C(Nc1ccccc1)C1=COCCS1(=O)=O,0,0.3439806681430239
PPDB,100,ECFPStructure,152,411,c1ccccc1,1,0.373140983826694
PPDB,100,ECFPStructure,153,412,c1ccccc1,1,0.86800217832001
PPDB,100,ECFPStructure,154,413,c1ccsc1,1,0.6199955905625886
PPDB,100,ECFPStructure,155,414,c1ccccc1,1,-0.712449759523311
PPDB,100,ECFPStructure,156,419,c1ccccc1,0,-0.1503954383481984
PPDB,100,ECFPStructure,157,420,O=c1cnnc[nH]1,1,0.4625818184680256
PPDB,100,ECFPStructure,158,422,c1ccccc1,1,1.0429422250878975
PPDB,100,ECFPStructure,159,423,c1ccc2scnc2c1,1,0.38027399144020746
PPDB,100,ECFPStructure,160,426,c1ncncn1,1,0.6260491914935835
PPDB,100,ECFPStructure,161,427,c1ccccc1,1,-0.19800164962766864
PPDB,100,ECFPStructure,162,428,ACYCLIC:CP(=O)(O)CCC(N)C(=O)O,0,0.10571201240028205
PPDB,100,ECFPStructure,163,430,O=C1NS(=O)(=O)Nc2ccccc21,0,0.5313698746257737
PPDB,100,ECFPStructure,164,432,ACYCLIC:CP(=O)(O)CCC(N)C(=O)[O-].[NH4+],0,-0.12978708390107224
PPDB,100,ECFPStructure,165,433,c1ccccc1,1,-0.10519377922260037
PPDB,100,ECFPStructure,166,437,c1cncnc1,1,0.7354640462437168
PPDB,100,ECFPStructure,167,444,C1CC2CCC1C2,1,0.8133586892796316
PPDB,100,ECFPStructure,168,445,c1ccccc1,1,0.21407188450115006
PPDB,100,ECFPStructure,169,446,c1ccc(-n2cncn2)cc1,1,1.03506850034917
PPDB,100,ECFPStructure,170,447,c1ccccc1,1,0.2859497934270532
PPDB,100,ECFPStructure,171,450,c1ccccc1,0,-0.49909577818946765
PPDB,100,ECFPStructure,172,452,c1ccc2ccccc2c1,1,0.351021842574639
PPDB,100,ECFPStructure,173,455,O=C(NC(=O)c1ccccc1)Nc1ccccc1,1,-0.01987659705567102
PPDB,100,ECFPStructure,174,457,c1ccccc1,0,-0.09924877606005561
PPDB,100,ECFPStructure,175,458,O=C(OCCCN1CCCCC1)c1ccccc1,1,0.35657841129122503
PPDB,100,ECFPStructure,176,460,C1CCCCCC(N2CCOCC2)CCCCC1,1,0.7530594252380511
PPDB,100,ECFPStructure,177,461,c1ccccc1,1,-0.2829022870562142
PPDB,100,ECFPStructure,178,468,ACYCLIC:CCOC(=O)C=C(C)C=CCC(C)CCCC(C)C,1,0.8413659123394874
PPDB,100,ECFPStructure,179,469,ACYCLIC:COC(C)(C)CCCC(C)CC=CC(C)=CC(=O)OC(C)C,1,0.6016062901179062
PPDB,100,ECFPStructure,180,471,c1ccc(Oc2ccccc2)cc1,0,-0.28386588277197616
PPDB,100,ECFPStructure,181,472,c1ncncn1,1,1.0268732723971683
PPDB,100,ECFPStructure,182,473,O=c1cccnn1-c1ccccc1,0,0.32330695828268236
PPDB,100,ECFPStructure,183,474,c1ccc(-c2ccno2)cc1,1,1.1957965165778583
PPDB,100,ECFPStructure,184,484,c1ncncn1,1,0.7172859402085219
PPDB,100,ECFPStructure,185,485,C1CC[NH2+]CC1,1,0.5259278896447352
PPDB,100,ECFPStructure,186,489,O=C1CCCC(=O)C1C(=O)c1ccccc1,1,0.11483461355225158
PPDB,100,ECFPStructure,187,490,ACYCLIC:CC(CNC(=S)[S-])NC(=S)[S-].[Zn+2],1,0.35653355738629156
PPDB,100,ECFPStructure,188,492,ACYCLIC:NC(N)=NCCCCCCCCNCCCCCCCCN=C(N)N,1,-0.12174796330919452
PPDB,100,ECFPStructure,189,493,O=C(OCc1cccc(Oc2ccccc2)c1)C1CC1,1,0.7300761040134097
PPDB,100,ECFPStructure,190,498,O=c1[nH]cnnc1-c1ccccc1,1,0.3688591408346787
PPDB,100,ECFPStructure,191,499,ACYCLIC:C#CCOC(=O)C=C(C)C=CCC(C)CCCC(C)C,1,0.7647406018554856
PPDB,100,ECFPStructure,192,500,O=C(NC(=O)c1ccccc1)Nc1ccccc1,0,-0.30143609559172774
PPDB,100,ECFPStructure,193,507,c1ccccc1,1,1.3701675793951997
PPDB,100,ECFPStructure,194,514,O=C1COC(=O)N1c1ccccc1,1,-0.007245012240169879
PPDB,100,ECFPStructure,195,517,O=C1C2CC2C(=O)N1c1ccccc1,1,0.2325644840779006
PPDB,100,ECFPStructure,196,518,c1ccc(C(c2ccccc2)c2cncnc2)cc1,1,0.9216518574110908
PPDB,100,ECFPStructure,197,521,c1nc[n]([Sn]([CH]2CCCCC2)([CH]2CCCCC2)[CH]2CCCCC2)n1,1,0.34718459237797156
PPDB,100,ECFPStructure,198,522,c1ccc(C(Cn2cncn2)c2ccccc2)cc1,1,0.16275340237163338
PPDB,100,ECFPStructure,199,523,c1ccccc1,0,0.10091658938884943
PPDB,100,ECFPStructure,200,524,c1ccccc1,0,-0.5459834775804917
PPDB,100,ECFPStructure,201,525,O=C(Nc1ccccc1)c1ccco1,1,0.7161148169214506
PPDB,100,ECFPStructure,202,526,c1ccc(Oc2ccccc2)cc1,0,-0.04397921966019408
PPDB,100,ECFPStructure,203,527,c1ccccc1,1,1.039439270562474
PPDB,100,ECFPStructure,204,528,c1ccccc1,1,0.6729485043317407
PPDB,100,ECFPStructure,205,533,c1ccc2c(c1)sc1nncn12,1,0.7001901783458371
PPDB,100,ECFPStructure,206,536,O=C(NC(=O)c1ccccc1)Nc1ccccc1,0,0.1117359793926414
PPDB,100,ECFPStructure,207,537,c1ccc(-c2ccc(OCn3cncn3)cc2)cc1,0,-0.5225510692765916
PPDB,100,ECFPStructure,208,539,C1=CC(C2C=CC=C2)C=C1,1,0.5944658582779747
PPDB,100,ECFPStructure,209,541,ACYCLIC:CCOP(=O)(O)C(N)=O,0,0.04568618696686594
PPDB,100,ECFPStructure,210,542,c1ccc(-c2cccnn2)cc1,1,0.6657788240220816
PPDB,100,ECFPStructure,211,543,O=C(Cc1ccccc1)OCc1cccc(Oc2ccccc2)c1,1,0.8826737984800943
PPDB,100,ECFPStructure,212,544,C1CC[NH2+]CC1,1,0.5065544776354679
PPDB,100,ECFPStructure,213,545,ACYCLIC:CC(=O)[O-].CC(=O)[O-].[Cu+2],1,-0.01003497331219988
PPDB,100,ECFPStructure,214,546,O=C(NCCOc1ccccc1)n1ccnc1,0,0.3084267715301086
PPDB,100,ECFPStructure,215,549,c1cncnc1,1,1.1664000156844774
PPDB,100,ECFPStructure,216,556,c1ccc(OCn2ccnc2)cc1,1,0.5726717642029693
PPDB,100,ECFPStructure,217,557,O=C1OCC2C3CCCC3CCC2C2CCCCC12,1,0.7108823129608719
PPDB,100,ECFPStructure,218,558,c1ccc(-c2cc(-c3ccccc3)[nH+][nH]2)cc1,1,0.4743098518431613
PPDB,100,ECFPStructure,219,559,c1ccc(CCCN2CCCCC2)cc1,1,0.4689795914476843
PPDB,100,ECFPStructure,220,560,ACYCLIC:CCCOC(=O)NCCCN(C)C,1,0.6104740676610696
PPDB,100,ECFPStructure,221,561,c1ccc(CCn2cncn2)cc1.c1ccc(CCn2cncn2)cc1,1,-0.4087507263990397
PPDB,100,ECFPStructure,222,563,c1ccncc1,1,0.8450614240981764
PPDB,100,ECFPStructure,223,565,ACYCLIC:CN(C)C(CSC(N)=O)CSC(N)=O.Cl,1,0.3696555599496688
PPDB,100,ECFPStructure,224,566,O=C1OCCC1Nc1ccccc1,1,0.2876098095250401
PPDB,100,ECFPStructure,225,568,C1CSSSC1,1,0.5155363992049722
PPDB,100,ECFPStructure,226,569,O=C(OCc1cccc(Oc2ccccc2)c1)C1CC1,1,1.199308009487468
PPDB,100,ECFPStructure,227,570,c1ccc(Oc2ccccc2)cc1,1,-0.25586128556865867
PPDB,100,ECFPStructure,228,571,c1ccc(Oc2ccccn2)cc1,1,0.42362690120143426
PPDB,100,ECFPStructure,229,572,c1ccccc1,1,0.8371957471433937
PPDB,100,ECFPStructure,230,573,O=c1ocnn1-c1ccccc1,0,-0.10477488869233281
PPDB,100,ECFPStructure,231,574,O=C(Nc1ccccc1)N(Cc1ccccc1)C1CCCC1,1,-0.13001851301020678
PPDB,100,ECFPStructure,232,575,O=c1cccnn1-c1ccccc1,1,1.0269213094217327
PPDB,100,ECFPStructure,233,577,O=c1[nH]c2ncccc2o1,1,0.9710204745551014
PPDB,100,ECFPStructure,234,579,c1ccccc1,1,-0.45679689021716136
PPDB,100,ECFPStructure,235,580,O=C1COC(=O)N1c1ccccc1,1,0.2028068392990186
PPDB,100,ECFPStructure,236,583,ACYCLIC:CNC(=O)ON=C(C)C(C)SC,1,1.1411153215926075
PPDB,100,ECFPStructure,237,584,O=C(NC(=O)c1ccccc1)Nc1ccccc1,1,0.36943190850366414
PPDB,100,ECFPStructure,238,587,c1ccc(Oc2ccccc2)cc1,0,0.7941081157710348
PPDB,100,ECFPStructure,239,588,c1ccc(Oc2ccccn2)cc1,1,0.5840168930819061
PPDB,100,ECFPStructure,240,589,O=C(OCc1cccc(-c2ccccc2)c1)C1CC1,1,1.0011612324615813
PPDB,100,ECFPStructure,241,594,O=C(Cc1ccccc1)Nc1ccccc1,1,0.33557827174954646
PPDB,100,ECFPStructure,242,596,c1ncncn1,1,0.9865730642416124
PPDB,100,ECFPStructure,243,597,O=C(Nc1ncccn1)NS(=O)(=O)c1ccccc1,1,0.8319920728037982
PPDB,100,ECFPStructure,244,598,C1CCNCC1,1,0.9189347370197567
PPDB,100,ECFPStructure,245,599,c1ccc(Oc2cnc3ccccc3n2)cc1,1,0.5374367690989479
PPDB,100,ECFPStructure,246,602,c1ccc(Oc2ccccn2)cc1,1,0.6233962233909265
PPDB,100,ECFPStructure,247,603,c1ccc(Oc2ccccc2)cc1,1,-0.37730454079203807
PPDB,100,ECFPStructure,248,604,c1ccc2[nH+]nc(-n3ccnc3)nc2c1,0,0.5965596369376205
PPDB,100,ECFPStructure,249,605,O=C1OCCN1Nc1ccccc1,1,0.2820922178679306
PPDB,100,ECFPStructure,250,606,c1ccncc1,1,0.6481454884982701
PPDB,100,ECFPStructure,251,607,c1ccc(NCn2cccn2)cc1,1,0.5549060885286281
PPDB,100,ECFPStructure,252,608,C1CSSSC1,1,0.9034584388009614
PPDB,100,ECFPStructure,253,611,O=C(OCc1cccc(Oc2ccccc2)c1)C1CC1,1,0.8876665203880583
PPDB,100,ECFPStructure,254,612,C1CC[NH2+]CC1,1,0.40333534985643016
PPDB,100,ECFPStructure,255,613,C(=Cn1cncn1)c1ccccc1,1,0.20614646502591505
PPDB,100,ECFPStructure,256,615,O=C(NC(=O)c1ccccc1)Nc1ccc(Oc2ccccn2)cc1,1,0.5419973330675825
PPDB,100,ECFPStructure,257,616,C(=NOCC1OCCO1)c1ccccc1,1,0.5757424415223122
PPDB,100,ECFPStructure,258,618,O=C1CN=C(c2ccc3ccccc3n2)N1,1,0.4178178015369922
PPDB,100,ECFPStructure,259,620,C1CCCCCC(N2CCOCC2)CCCCC1,1,0.409101808451089
PPDB,100,ECFPStructure,260,621,C(=Nc1ccccc1)n1ccnc1,1,0.6757026685243461
PPDB,100,ECFPStructure,261,622,O=C(NC(=O)c1ccccc1)Nc1ccccc1,1,-0.03686421448585636
PPDB,100,ECFPStructure,262,623,O=S(=O)(SCCCSS(=O)(=O)c1ccccc1)c1ccccc1,1,0.13076996941050656
PPDB,100,ECFPStructure,263,624,c1ccc(Oc2ccccn2)cc1,1,0.5695420208045987
PPDB,100,ECFPStructure,264,625,O=C1CCc2cccc3c2N1CC3,1,0.3089652031053214
PPDB,100,ECFPStructure,265,628,O=C(Nc1ncncn1)NS(=O)(=O)c1ccccc1,1,1.0994084465523715
PPDB,100,ECFPStructure,266,629,c1ccc(CCn2cncn2)cc1,1,-0.3802514966680303
PPDB,100,ECFPStructure,267,632,ACYCLIC:CCOP(=O)=O.CCOP(=O)=O.CCOP(=O)=O.[Al+3],1,0.27958973750634264
PPDB,100,ECFPStructure,268,633,c1ccccc1,1,-0.3213616675580085
PPDB,100,ECFPStructure,269,634,O=C(Nc1ccccc1)c1ccccc1,1,0.3877126278072195
PPDB,100,ECFPStructure,270,635,c1ccc(COC2CC3CCC2O3)cc1,0,0.7488792474578367
PPDB,100,ECFPStructure,271,637,C(=Cn1cncn1)c1ccccc1,1,0.3429859074953323
PPDB,100,ECFPStructure,272,639,O=C(Nc1ccno1)c1ccccc1,1,0.05694554884815106
PPDB,100,ECFPStructure,273,640,ACYCLIC:[K+].[K+].[O-]P([O-])O,0,0.11046217295738492
PPDB,100,ECFPStructure,274,641,c1ccccc1,1,0.8976725953324154
PPDB,100,ECFPStructure,275,642,O=C(NC(=O)c1ccccc1)Nc1ccc(Oc2ccccc2)cc1,1,0.12493126685138056
PPDB,100,ECFPStructure,276,643,c1ccc2c(c1)CCO2,1,0.8029067466500421
PPDB,100,ECFPStructure,277,644,c1ccc(Oc2ccccc2)cc1,1,0.6954928959811562
PPDB,100,ECFPStructure,278,646,O=C1CN=C(c2ccccn2)N1,1,0.3835240521231412
PPDB,100,ECFPStructure,279,647,c1ccc(CCCCn2cncn2)cc1,1,0.3489574934335881
PPDB,100,ECFPStructure,280,648,c1ccc(Oc2ccccc2)cc1,1,-0.007789176199984649
PPDB,100,ECFPStructure,281,649,c1ccc(Oc2nc3ccccc3o2)cc1,0,0.8669310946205389
PPDB,100,ECFPStructure,282,651,c1ccccc1,0,-0.03505628539275274
PPDB,100,ECFPStructure,283,652,c1ccc([SiH](Cn2cncn2)c2ccccc2)cc1,1,0.6620400278613094
PPDB,100,ECFPStructure,284,653,ACYCLIC:CCNS(=O)(=O)C(F)(F)C(F)(F)C(F)(F)C(F)(F)C(F)(F)C(F)(F)C(F)(F)C(F)(F)F,1,0.6184760432727927
PPDB,100,ECFPStructure,285,655,O=C1C(c2ccccc2)=COC1c1ccccc1,1,0.6165426068861994
PPDB,100,ECFPStructure,286,656,O=C(Nc1ncccn1)NS(=O)(=O)c1ccn[nH]1,1,1.0221002101924312
PPDB,100,ECFPStructure,287,657,O=C(Nc1ccccc1)c1cccnc1Oc1ccccc1,1,0.5579492024928059
PPDB,100,ECFPStructure,288,659,c1ccc2ncccc2c1,1,-0.1277105566591374
PPDB,100,ECFPStructure,289,661,O=C1CN=C(c2ccccc2)N1,1,0.7159384089626721
PPDB,100,ECFPStructure,290,662,c1ccc(-n2cccn2)cc1,1,1.0322545949528577
PPDB,100,ECFPStructure,291,663,O=C(NCc1ccco1)n1ccnc1,1,0.7984644075286635
PPDB,100,ECFPStructure,292,664,O=C(Nc1ncncn1)NS(=O)(=O)c1ccsc1,1,1.1957846424885492
PPDB,100,ECFPStructure,293,665,O=C(Nc1ncccn1)NS(=O)(=O)Cc1ccccc1,1,0.7951725225769006
PPDB,100,ECFPStructure,294,666,O=C(Nc1ccccc1)c1ccccc1,0,0.5274341296686043
PPDB,100,ECFPStructure,295,667,c1ccc(Oc2cccc(CCC[SiH2]c3ccccc3)c2)cc1,1,0.31643670397134005
PPDB,100,ECFPStructure,296,669,O=C(Nc1ncccn1)NS(=O)(=O)Cc1ccccc1,1,0.8067495116106886
PPDB,100,ECFPStructure,297,670,O=c1ccc(-c2ccccc2)n[nH]1,1,0.5556251938119405
PPDB,100,ECFPStructure,298,672,c1ccc(CNc2ccncn2)cc1,1,0.9092703496752215
PPDB,100,ECFPStructure,299,673,c1ccccc1,1,0.16147144744527675
PPDB,100,ECFPStructure,300,674,O=C1CN=C(c2ccccc2)N1.O=C1CN=C(c2ccccc2)N1,1,0.9880869420212046
PPDB,100,ECFPStructure,301,675,O=C(NNC(=O)c1ccccc1)c1ccccc1,1,-0.3465754901031704
PPDB,100,ECFPStructure,302,676,O=C1CN=C(c2ccccn2)N1,1,0.3368867766268713
PPDB,100,ECFPStructure,303,678,O=c1[nH]cnn1C=NS(=O)(=O)c1ccccc1,0,0.1078812170766511
PPDB,100,ECFPStructure,304,679,O=C(NNC(=O)c1ccccc1)c1ccccc1,1,-0.6125943149578565
PPDB,100,ECFPStructure,305,680,c1ccc(CCn2cncn2)cc1,1,0.22636898634364172
PPDB,100,ECFPStructure,306,682,c1ccc(CCOCc2cccc(Oc3ccccc3)c2)cc1,1,0.4885274956243893
PPDB,100,ECFPStructure,307,685,c1ccncc1,1,0.6870238726102964
PPDB,100,ECFPStructure,308,687,O=C(Nc1ccccc1)c1ccnn1-c1ccccn1,1,0.7908421058963355
PPDB,100,ECFPStructure,309,688,O=C(NCc1ccccc1)c1ccn[nH]1,1,0.7453786116407255
PPDB,100,ECFPStructure,310,689,C(=C1CCCC1Cn1cncn1)c1ccccc1,1,0.6887977931953746
PPDB,100,ECFPStructure,311,691,O=S(=O)(c1nc[nH]n1)n1ccc2ccccc21,1,0.37038859363121224
PPDB,100,ECFPStructure,312,692,c1ccccc1,1,0.5066273793364953
PPDB,100,ECFPStructure,313,694,C=C1C(=O)CCCC1=O,0,0.28769824682349265
PPDB,100,ECFPStructure,314,696,O=C1CCCC(=O)C1,1,0.3520913067512316
PPDB,100,ECFPStructure,315,697,c1ccccc1,1,0.04091760002521683
PPDB,100,ECFPStructure,316,698,O=C(Nc1ncccn1)NS(=O)(=O)c1ccccc1,1,1.028599905019355
PPDB,100,ECFPStructure,317,702,c1ccc(Oc2cnc3ccccc3n2)cc1,1,0.5672524449908596
PPDB,100,ECFPStructure,318,704,O=C(NC(=O)c1ccccc1)Nc1ccc(CON=C(c2ccccc2)C2CC2)cc1,1,0.30448026492938224
PPDB,100,ECFPStructure,319,705,O=C(Nc1ccccc1)c1ccccc1,1,-0.11060588668105459
PPDB,100,ECFPStructure,320,706,O=C(Nc1ncncn1)NS(=O)(=O)c1ccccc1,1,0.8197531399985534
PPDB,100,ECFPStructure,321,708,ACYCLIC:O=S(=O)([O-])[O-].O=S(=O)([O-])[O-].[Al+3].[NH4+],1,-0.5490416646788869
PPDB,100,ECFPStructure,322,709,c1ccccc1,1,0.7881356043072576
PPDB,100,ECFPStructure,323,712,c1ccc(Nc2ccccn2)cc1,1,0.5171826643603982
PPDB,100,ECFPStructure,324,713,C1=NCCN1Cc1cccnc1,1,0.9735869504105892
PPDB,100,ECFPStructure,325,716,O=C(COc1ccc(Oc2cnc3ccccc3n2)cc1)OCC1CCCO1,1,0.6959503284555051
PPDB,100,ECFPStructure,326,718,c1ccc(Oc2ccccc2)cc1,1,-0.6336312406174038
PPDB,100,ECFPStructure,327,719,O=C(Nc1ncncn1)NS(=O)(=O)c1ccsc1,1,1.2240980248854634
PPDB,100,ECFPStructure,328,720,O=S(=O)(Nc1ccccc1)c1nc2ccncn2n1,1,0.7817993881188179
PPDB,100,ECFPStructure,329,721,O=C(Nc1ncccn1)NS(=O)(=O)c1ccccn1,1,1.029716404302072
PPDB,100,ECFPStructure,330,722,O=C(Oc1ccccc1)n1cnc2ccccc21,0,0.7818870262284783
PPDB,100,ECFPStructure,331,723,c1ccc(Oc2ccccn2)cc1,1,0.9648763472859652
PPDB,100,ECFPStructure,332,725,c1nc[nH]n1,1,0.6129695431432733
PPDB,100,ECFPStructure,333,727,O=C1CN=C(c2ccccn2)N1,0,0.6599013129549007
PPDB,100,ECFPStructure,334,728,c1ccc(-c2cc[nH]c2)cc1,1,0.025801017856685482
PPDB,100,ECFPStructure,335,732,O=C1CCCC(=O)C1C(=O)c1ccccc1,1,-0.06897565099698266
PPDB,100,ECFPStructure,336,735,c1ccccc1,1,0.4879889121689163
PPDB,100,ECFPStructure,337,738,c1ccc(-n2cncn2)cc1,0,0.14964846548015803
PPDB,100,ECFPStructure,338,740,ACYCLIC:CC(=O)O.CC(=O)O.CC(=O)O.NC(N)=NCCCCCCCCNCCCCCCCCN=C(N)N,1,-0.4171070585010053
PPDB,100,ECFPStructure,339,741,C(=NOCc1ccccc1)c1cn[nH]c1Oc1ccccc1,1,0.6446262819814612
PPDB,100,ECFPStructure,340,742,O=C(Nc1ncncn1)NS(=O)(=O)c1ccccc1,1,0.9563660862849677
PPDB,100,ECFPStructure,341,743,O=c1[nH]cnn1-c1ccccc1,1,0.04111787466523284
PPDB,100,ECFPStructure,342,744,c1ccccc1,1,0.4943183803439527
PPDB,100,ECFPStructure,343,745,c1cnc(C2CC2)nc1,1,0.2065490783824534
PPDB,100,ECFPStructure,344,746,O=c1ccn(-c2ccccc2)nc1,1,0.35282776833035584
PPDB,100,ECFPStructure,345,749,c1ccc2c(c1)NCCO2,1,0.33521212901882647
PPDB,100,ECFPStructure,346,750,c1ccccc1,1,0.08759933622627913
PPDB,100,ECFPStructure,347,753,c1ccc(N=c2[nH]ccs2)cc1,1,0.7169838825913207
PPDB,100,ECFPStructure,348,754,ACYCLIC:CCOP(=O)(SC(C)CC)SC(C)CC,1,0.8130513083748068
PPDB,100,ECFPStructure,349,757,O=c1c2ccccc2nc(-n2cncn2)n1-c1ccccc1,1,0.13969743946556304
PPDB,100,ECFPStructure,350,758,O=C(Nc1ncncn1)NS(=O)(=O)c1ccccc1,1,0.6097376049393739
PPDB,100,ECFPStructure,351,759,c1cncnc1,1,0.8943811523240845
PPDB,100,ECFPStructure,352,760,O=C(Nc1ncncn1)NS(=O)(=O)c1ccccc1,1,0.6395484714226497
PPDB,100,ECFPStructure,353,762,O=C(Nc1ncncn1)NS(=O)(=O)c1ccccc1,1,0.6084969686736387
PPDB,100,ECFPStructure,354,763,O=S(=O)(Nc1ccccc1)c1nc2ncccn2n1,1,1.0864179477717857
PPDB,100,ECFPStructure,355,765,c1ccc2ncccc2c1,1,0.3162326479454756
PPDB,100,ECFPStructure,356,766,c1coc(C2CNCO2)c1,1,0.6032116684142566
PPDB,100,ECFPStructure,357,769,c1ccc(Oc2ccccn2)cc1,1,0.4173538777502245
PPDB,100,ECFPStructure,358,771,O=S(=O)(Nc1ccccc1)c1ccccc1,1,-0.1970046254619448
PPDB,100,ECFPStructure,359,773,c1ccc(C2(Cn3cncn3)CCCO2)cc1,1,0.7519397413224577
PPDB,100,ECFPStructure,360,774,c1ccc(Nc2ncccn2)cc1,1,0.8913005857604825
PPDB,100,ECFPStructure,361,775,c1ccccc1,0,0.5283452765018251
PPDB,100,ECFPStructure,362,777,c1ccccc1,1,0.619786497096487
PPDB,100,ECFPStructure,363,778,O=C(C=C(c1ccccc1)c1ccccc1)N1CCOCC1,0,0.8051937698097673
PPDB,100,ECFPStructure,364,779,c1ccc(Oc2nc3ccccc3o2)cc1,1,0.6819045946818642
PPDB,100,ECFPStructure,365,780,c1ccc(Oc2ccc(OCC3COCO3)cc2)cc1,1,1.0215174208670241
PPDB,100,ECFPStructure,366,783,O=c1ocnn1-c1ccccc1,0,0.2789025975350779
PPDB,100,ECFPStructure,367,784,c1ccc(OCCNc2ccncn2)cc1,1,0.3676609473975275
PPDB,100,ECFPStructure,368,785,c1ccc(C2OC2(Cn2cncn2)c2ccccc2)cc1,1,0.6968857947002538
PPDB,100,ECFPStructure,369,786,c1ccc(Nc2nccc(C3CC3)n2)cc1,1,0.6574281599825837
PPDB,100,ECFPStructure,370,789,c1cncnc1,1,0.93157336511383
PPDB,100,ECFPStructure,371,790,c1ccncc1,1,0.8571458102163558
PPDB,100,ECFPStructure,372,795,O=C(c1ccccc1)c1cnoc1C1CC1,1,0.032810724587311546
PPDB,100,ECFPStructure,373,796,O=C1C2=C(CCCC2)C(=O)N1c1ccccc1,0,-0.8368553777386538
PPDB,100,ECFPStructure,374,798,c1ccc(-c2ncnn2-c2ccccc2)cc1,1,0.5510029240608885
PPDB,100,ECFPStructure,375,802,O=C(Nc1ncccn1)NS(=O)(=O)c1ccccc1,1,1.081939772661376
PPDB,100,ECFPStructure,376,803,O=C(Nc1ncccn1)NS(=O)(=O)c1ccccn1,1,0.7436467630823642
PPDB,100,ECFPStructure,377,806,c1ccc2scnc2c1,1,0.8909456419837891
PPDB,100,ECFPStructure,378,807,O=c1sc(=Nc2ccccc2)n2n1CCCC2,1,0.7054503230749862
PPDB,100,ECFPStructure,379,808,O=c1n(-c2ccccc2)nc2n1CCCC2,1,-0.10112580184926578
PPDB,100,ECFPStructure,380,809,O=C(Nc1ccccc1)C1CCCCC1,0,0.4116897351320776
PPDB,100,ECFPStructure,381,810,ACYCLIC:C[S+](C)C.O=C(O)CNCP(=O)([O-])O,0,0.9134440837096189
PPDB,100,ECFPStructure,382,811,O=C1C2=C(CCCC2)C(=O)N1c1ccccc1,0,-0.02537098398171933
PPDB,100,ECFPStructure,383,812,C=C1C(=O)CCCC1=O,1,0.006742936057361593
PPDB,100,ECFPStructure,384,814,O=C(OCc1cccc(Oc2ccccc2)c1)C1CC1,1,0.9144426015016389
PPDB,100,ECFPStructure,385,815,C=C1OC(=O)N(c2cccc(OC3CCCC3)c2)C1=O,1,-0.1804115899881642
PPDB,100,ECFPStructure,386,816,O=c1[nH]cnn1C=NS(=O)(=O)c1ccccc1,0,0.14096182154508596
PPDB,100,ECFPStructure,387,820,O=C(Nc1ncccn1)NS(=O)(=O)c1ccccc1,1,0.9401047914587379
PPDB,100,ECFPStructure,388,822,c1ccc(-c2nnc(-c3ccccc3)nn2)cc1,1,0.6425095420346207
PPDB,100,ECFPStructure,389,823,O=C1CCCC(=O)C1C(=O)c1ccccc1,1,-0.1375350530131093
PPDB,100,ECFPStructure,390,824,c1ccc(Oc2ccccc2)cc1,1,0.6117321498362509
PPDB,100,ECFPStructure,391,825,O=C(Nc1ncccn1)NS(=O)(=O)c1ccccc1,1,0.7779709689769362
PPDB,100,ECFPStructure,392,827,C1CCOC1,1,0.5606102952116502
PPDB,100,ECFPStructure,393,829,c1ccc(OCCCOc2ccccn2)cc1,1,0.4331142765818807
PPDB,100,ECFPStructure,394,832,O=C1OCc2ccccc21,0,0.2518823277180962
PPDB,100,ECFPStructure,395,834,c1ccccc1,1,0.36119763666751337
PPDB,100,ECFPStructure,396,835,O=C(CNc1ccccc1)OCc1cccc(Oc2ccccc2)c1,1,0.6468374890723749
PPDB,100,ECFPStructure,397,836,O=C(NNC(=O)c1ccc2c(c1)CCCO2)c1ccccc1,1,0.0956173837211104
PPDB,100,ECFPStructure,398,837,c1ccccc1,1,0.14614294471619038
PPDB,100,ECFPStructure,399,840,c1ccsc1,0,-0.24670163415333984
PPDB,100,ECFPStructure,400,841,O=C(Nc1ccccc1)c1cccc(Oc2ccccc2)n1,0,0.6943605579017089
PPDB,100,ECFPStructure,401,842,O=S(=O)(c1ccccc1)c1nc[nH]n1,0,0.212702555960543
PPDB,100,ECFPStructure,402,843,O=C1OCc2cccc(Sc3ncccn3)c21,1,1.0112906640582922
PPDB,100,ECFPStructure,403,844,O=C(ON=C(c1ccccc1)c1ccccc1)c1c(Oc2ncccn2)cccc1Oc1ncccn1,1,0.7167043916937048
PPDB,100,ECFPStructure,404,845,c1cscn1,1,0.33232147055739814
PPDB,100,ECFPStructure,405,846,O=C(NS(=O)(=O)c1ccccc1)n1nc[nH]c1=O,0,0.18664606523082627
PPDB,100,ECFPStructure,406,848,ACYCLIC:O=C(O)CNCP(=O)([O-])O.[Na+],1,0.6237177832022335
PPDB,100,ECFPStructure,407,850,c1ccc(Oc2ccccc2)cc1,1,0.28320542070882027
PPDB,100,ECFPStructure,408,852,O=C(NC1CCCCC1)n1nnn(-c2ccccc2)c1=O,0,0.2969220407197293
PPDB,100,ECFPStructure,409,853,c1ccc(Oc2ncccn2)cc1,0,0.8696458668092677
PPDB,100,ECFPStructure,410,854,O=C(Nc1ncccn1)NS(=O)(=O)c1ccn[nH]1,1,1.0327607940242565
PPDB,100,ECFPStructure,411,855,O=C(Nc1ncccn1)NS(=O)(=O)Oc1ccccc1,0,0.833856795229249
PPDB,100,ECFPStructure,412,858,c1ccccc1,1,0.45257690162664443
PPDB,100,ECFPStructure,413,859,O=C(NS(=O)(=O)c1ccccc1)n1nc[nH]c1=O,0,0.23478850296123488
PPDB,100,ECFPStructure,414,860,c1ccc2scnc2c1,1,0.7969689090829071
PPDB,100,ECFPStructure,415,862,O=C1c2ccccc2C(=O)C1CC1(c2ccccc2)CO1,1,1.0146691741703182
PPDB,100,ECFPStructure,416,864,O=C([N-]S(=O)(=O)c1ccccc1)Nc1ncncn1,1,0.9488681481614711
PPDB,100,ECFPStructure,417,865,O=C(COc1ccccc1)NCc1ccccc1,0,0.6733309918934469
PPDB,100,ECFPStructure,418,866,O=C(Nc1ncccn1)NS(=O)(=O)c1[nH]ncc1-c1nn[nH]n1,1,1.0736721780754248
PPDB,100,ECFPStructure,419,867,c1ccc(NCc2cccs2)cc1,1,0.27914795182796587
PPDB,100,ECFPStructure,420,868,c1ccccc1,1,1.154686328500173
PPDB,100,ECFPStructure,421,869,O=C(Nc1ncccn1)NS(=O)(=O)c1ccccc1,1,1.0445972039389648
PPDB,100,ECFPStructure,422,872,C=C1C(=O)CC(C2CCOCC2)CC1=O,0,0.6333825595003277
PPDB,100,ECFPStructure,423,873,C1=NN(c2ccccc2)CC1,0,0.5926723406678414
PPDB,100,ECFPStructure,424,875,O=C(Nc1ncccn1)NS(=O)(=O)c1ccccc1C(=O)OC1COC1,1,0.845061388659063
PPDB,100,ECFPStructure,425,877,O=C(Nc1ccccc1)c1cncs1,1,0.9237097843965418
PPDB,100,ECFPStructure,426,878,c1ccccc1,0,0.9599407726438889
PPDB,100,ECFPStructure,427,879,O=C(NC(=O)c1ccccc1)Nc1ccccc1,1,0.17551405487960792
PPDB,100,ECFPStructure,428,880,c1ccccc1,1,0.01661137464497181
PPDB,100,ECFPStructure,429,881,C=C1C(=O)CC(C2CCCSC2)CC1=O,1,0.0929870794558324
PPDB,100,ECFPStructure,430,882,O=C(NC(=O)c1ccccc1)Nc1ccccc1,1,0.2843838493426879
PPDB,100,ECFPStructure,431,884,C1=CCC(CCCC2CC=CCC2)CC1,0,0.6141858729397824
PPDB,100,ECFPStructure,432,885,O=c1cc[nH]cn1,0,0.06293047262167309
PPDB,100,ECFPStructure,433,886,c1ccncc1,1,0.8486095232037683
PPDB,100,ECFPStructure,434,887,O=C(OCc1cccc(Oc2ccccc2)c1)C1CC1,1,1.2749825836384148
PPDB,100,ECFPStructure,435,889,C=C1C(=O)CCCC1=O,1,0.7937602046480723
PPDB,100,ECFPStructure,436,890,O=C1CC(C2CCCSC2)CC(=O)C1=CNOCCOc1ccccc1,0,0.5415761523423144
PPDB,100,ECFPStructure,437,891,ACYCLIC:[Al+3].[Al+3].[O-][Si]([O-])([O-])O[Si]([O-])([O-])[O-],1,-0.1570003835258677
PPDB,100,ECFPStructure,438,892,c1ccncc1,1,0.6116249618247307
PPDB,100,ECFPStructure,439,893,c1ccccc1,1,0.1541758369452208
PPDB,100,ECFPStructure,440,894,C1CC[NH2+]CC1,1,0.48061725965226637
PPDB,100,ECFPStructure,441,895,O=C(NCCOc1ccccc1)n1ccnc1.O=C(NCCOc1ccccc1)n1ccnc1,0,0.2909180568461245
PPDB,100,ECFPStructure,442,896,O=c1cc[nH]cn1,1,0.23830737087996112
PPDB,100,ECFPStructure,443,897,N=C(Cc1cccnc1)c1ccccc1,1,1.0190718077016037
PPDB,100,ECFPStructure,444,899,c1ccccc1,0,0.7161407134720004
PPDB,100,ECFPStructure,445,900,C=C1C(=O)CCCC1=O,1,0.11009880349940498
PPDB,100,ECFPStructure,446,904,ACYCLIC:C[As](=O)([O-])[O-].C[As](=O)([O-])[O-].[Ca+2],1,0.37451340748424317
PPDB,100,ECFPStructure,447,905,O=C(Nc1ncccn1)NS(=O)(=O)c1ccccn1,1,1.0524988885058248
PPDB,100,ECFPStructure,448,908,C=C1C(=O)CC(c2ccccc2)CC1=O,1,0.030793484505991897
PPDB,100,ECFPStructure,449,911,O=c1[nH]nnn1-c1ccccc1COc1ccn(-c2ccccc2)n1,1,0.3596621258684612
PPDB,100,ECFPStructure,450,913,c1ccc(CSC(Cn2cncn2)=Nc2ccccc2)cc1,0,0.6139601658601526
PPDB,100,ECFPStructure,451,914,O=C(Cc1ccccc1)N=C(NOCC1CC1)c1ccccc1,1,0.3554052201895137
PPDB,100,ECFPStructure,452,915,c1ccc(COc2ccncn2)cc1,1,-0.5105826773626323
PPDB,100,ECFPStructure,453,917,c1ccccc1,1,-0.08888225867127653
PPDB,100,ECFPStructure,454,918,c1ccc(COc2ccccc2)cc1,1,0.31091996564476504
PPDB,100,ECFPStructure,455,920,c1nncs1,0,0.4119688664450909
PPDB,100,ECFPStructure,456,921,O=c1cnn(-c2ccccc2)c2ccccc12,1,0.6547568326128739
PPDB,100,ECFPStructure,457,922,c1ccc(Oc2ccccn2)cc1,1,0.6539489215350205
PPDB,100,ECFPStructure,458,924,O=C(Nc1ncncn1)NS(=O)(=O)c1ccccc1,0,1.1414351570256513
PPDB,100,ECFPStructure,459,925,ACYCLIC:ClOCl.[Cu+2],1,0.19837808855664535
PPDB,100,ECFPStructure,460,926,C(=Cc1ccn[nH]1)c1ccccc1,1,0.6573269539154512
PPDB,100,ECFPStructure,461,929,O=C(COc1ccc(Oc2nc3ccccc3o2)cc1)Nc1ccccc1,1,0.7986153342231588
PPDB,100,ECFPStructure,462,932,O=C([N-]c1ncccn1)NS(=O)(=O)c1ccccn1,1,0.6837880413485851
PPDB,100,ECFPStructure,463,935,O=c1[nH]cnc2ccccc12,0,0.31130089542296524
PPDB,100,ECFPStructure,464,938,c1ccccc1,1,-0.03847952723892556
PPDB,100,ECFPStructure,465,939,c1ccccc1,1,-0.020499656257210508
PPDB,100,ECFPStructure,466,941,ACYCLIC:[K+].[O-]P(O)O,0,0.12164115132529452
PPDB,100,ECFPStructure,467,945,c1ccccc1,0,0.2706291737148504
PPDB,100,ECFPStructure,468,947,c1ccccc1,1,-0.14733104586482298
PPDB,100,ECFPStructure,469,948,ACYCLIC:S=C([S-])S[S-].[Na+].[Na+],1,0.2186140351501969
PPDB,100,ECFPStructure,470,949,ACYCLIC:O=C(O)CNCP(=O)([O-])O.[K+],1,0.7815373748183898
PPDB,100,ECFPStructure,471,954,c1ccccc1,1,0.5279176224356433
PPDB,100,ECFPStructure,472,958,O=C(Nc1cccc2c1C1CCC2C1)c1cn[nH]c1,0,0.9798196670524355
PPDB,100,ECFPStructure,473,963,C1CCCCC1,1,0.8719293418798582
PPDB,100,ECFPStructure,474,965,O=C1COc2ccc(-n3c(=O)[nH]c(=S)[nH]c3=O)cc2N1,1,-0.05762984382896541
PPDB,100,ECFPStructure,475,967,c1ccc(CCOCc2cccc(Oc3ccccc3)c2)cc1,1,0.9197675385192561
PPDB,100,ECFPStructure,476,969,c1ccncc1,1,0.6179657754213017
PPDB,100,ECFPStructure,477,971,O=C(Nc1ccccc1-c1ccccc1)c1cn[nH]c1,1,0.9867045563385684
PPDB,100,ECFPStructure,478,972,O=C(Cc1ccccc1)c1ccccc1,0,0.08437443947238737
PPDB,100,ECFPStructure,479,974,ACYCLIC:O=C(O)CNCP(=O)([O-])O.O=C(O)CNCP(=O)([O-])[O-].[Na+].[Na+].[Na+],1,0.5822362309439904
PPDB,100,ECFPStructure,480,975,O=C(NCCOc1ccccc1)n1ccnc1.O=C(NCCOc1ccccc1)n1ccnc1.O=C(NCCOc1ccccc1)n1ccnc1.O=C(NCCOc1ccccc1)n1ccnc1,0,0.2909180568461245
PPDB,100,ECFPStructure,481,978,ACYCLIC:O.O.O.O.O.OB(O)O.[Na+],0,-0.09043922959240014
PPDB,100,ECFPStructure,482,980,O=C(Nc1ccccc1)c1ccc(C(=O)c2ccccc2)cc1,1,0.2976604900786528
PPDB,100,ECFPStructure,483,982,O=C1C=CCCC1,1,0.5064778590030922
PPDB,100,ECFPStructure,484,984,O1[AsH]O[AsH]O[AsH]1.O1[AsH]O[AsH]O[AsH]1,1,0.2555541989330192
PPDB,100,ECFPStructure,485,988,O=C(Nc1ncncn1)NS(=O)(=O)c1ccccc1,1,1.045986789139733
PPDB,100,ECFPStructure,486,990,c1ccncc1,1,1.1289927338969872
PPDB,100,ECFPStructure,487,993,C=C1C(=O)CC(c2ccccc2)CC1=O,0,0.2247861725156863
PPDB,100,ECFPStructure,488,994,O=C(Cc1ccccc1)OCc1cccc(Oc2ccccc2)c1,1,0.8535838916179548
PPDB,100,ECFPStructure,489,996,c1cnc2ncnn2c1,1,0.24425227662228133
PPDB,100,ECFPStructure,490,999,O=c1c(-c2ccccc2)cn(Cc2cncnc2)c2cccc[n+]12,1,0.6033681473057155
PPDB,100,ECFPStructure,491,1001,O=C(Nc1cccc(C(=O)Nc2ccccc2)c1)c1ccccc1,1,0.1488535071168003
PPDB,100,ECFPStructure,492,1003,O=C(Nc1ccccc1)c1cn[nH]c1,1,0.9510757594760164
PPDB,100,ECFPStructure,493,1004,O=C(NCC1CC1)c1ccccc1NC(=O)c1ccnn1-c1ccccn1,1,0.7903236648459167
PPDB,100,ECFPStructure,494,1005,c1ccccc1,1,-0.14779802342395648
PPDB,100,ECFPStructure,495,1007,O=C(NS(=O)(=O)c1ccccc1)c1cn2ccccc2n1,1,0.568108313400566
PPDB,100,ECFPStructure,496,1008,O=C(NS(=O)(=O)c1ccsc1)n1nc[nH]c1=O,0,0.4408879262013973
PPDB,100,ECFPStructure,497,1011,O=C(c1ccccc1)c1ncncn1,1,0.30132470551919105
PPDB,100,ECFPStructure,498,1012,O=C(OCc1ccccc1)C1CC1,1,0.9366794941966006
PPDB,100,ECFPStructure,499,1014,O=C(NS(=O)(=O)c1ccsc1)n1nc[nH]c1=O,0,0.3882966234548493
PPDB,100,ECFPStructure,500,1017,ACYCLIC:[O-]B([O-])[O-].[O-]B([O-])[O-].[Zn+2].[Zn+2].[Zn+2],0,-0.3904048540540665
PPDB,100,ECFPStructure,501,1020,O=C(NC1COC(=O)C(Cc2ccccc2)CCOC1=O)c1ccccn1,0,0.8811954180557873
PPDB,100,ECFPStructure,502,1021,N=c1ccccn1Cc1cccnc1,1,0.6538030057219675
PPDB,100,ECFPStructure,503,1023,ACYCLIC:O=C(O)CNCP(=O)([O-])[O-].[NH4+].[NH4+],1,0.4989968378386238
PPDB,100,ECFPStructure,504,1024,O=C(c1cn[nH]c1)N(Cc1ccccc1)C1CC1,1,0.8585019812493866
PPDB,100,ECFPStructure,505,1025,C(=Nc1cccc2c1CCC2)c1cn[nH]c1,1,0.9023552672183506
PPDB,100,ECFPStructure,506,1027,c1ccc(-c2ccccn2)cc1,1,0.8616048495060324
PPDB,100,ECFPStructure,507,1031,ACYCLIC:CNC.O=C(O)CNCP(=O)(O)O,1,1.1763744714944482
PPDB,100,ECFPStructure,508,1032,ACYCLIC:N.O=C(O)CNCP(=O)(O)O,1,1.0318015461127716
PPDB,100,ECFPStructure,509,1033,O=C1CCON1Cc1ccccc1,1,0.7766813024155461
PPDB,100,Route+Agrochemical,0,4,O=S(=O)(c1ccccc1)c1ccccc1,1,0.7735312555476882
PPDB,100,Route+Agrochemical,1,7,ACYCLIC:O=C([O-])[O-].[Ca+2],0,0.261677612168624
PPDB,100,Route+Agrochemical,2,9,ACYCLIC:[I-].[K+],1,0.11515886537880304
PPDB,100,Route+Agrochemical,3,10,c1ccccc1,1,0.4858614256526017
PPDB,100,Route+Agrochemical,4,12,ACYCLIC:N#C[S-].[K+],1,0.11515886537880304
PPDB,100,Route+Agrochemical,5,14,ACYCLIC:O=[As](O)(O)O,1,1.0230020508426176
PPDB,100,Route+Agrochemical,6,16,ACYCLIC:COP(=S)(OC)SCC(=O)N(C)C=O,1,0.4858614256526017
PPDB,100,Route+Agrochemical,7,17,ACYCLIC:O=S(=O)([O-])[O-].[Cu+2],1,-0.7315108509784303
PPDB,100,Route+Agrochemical,8,18,ACYCLIC:O.[Cu].[Cu],1,0.44180037452664744
PPDB,100,Route+Agrochemical,9,24,ACYCLIC:[Al]#[P],1,1.1442338158214866
PPDB,100,Route+Agrochemical,10,25,c1ccccc1,1,-0.3526337268743069
PPDB,100,Route+Agrochemical,11,28,ACYCLIC:CCCCCCCCCCCCCCCC(=O)O,1,1.3937046111164162
PPDB,100,Route+Agrochemical,12,29,ACYCLIC:[Cl][Cu][Cl],1,0.17633233448538432
PPDB,100,Route+Agrochemical,13,30,ACYCLIC:N#CN,1,1.0230020508426176
PPDB,100,Route+Agrochemical,14,31,c1ccccc1,0,1.0230020508426176
PPDB,100,Route+Agrochemical,15,32,O=c1oc2ccccc2cc1Cc1ccccc1,1,1.0230020508426176
PPDB,100,Route+Agrochemical,16,36,ACYCLIC:[Cu+2].[OH-].[OH-],1,-0.7315108509784303
PPDB,100,Route+Agrochemical,17,37,ACYCLIC:CN(C)C(CSC(N)=O)CSC(N)=O,1,1.3937046111164162
PPDB,100,Route+Agrochemical,18,39,ACYCLIC:O=C([O-])O.[K+],1,0.7735312555476882
PPDB,100,Route+Agrochemical,19,42,ACYCLIC:O=P([O-])([O-])[O-].O=P([O-])([O-])[O-].[Ca+2].[Ca+2].[Ca+2],1,0.5111484074635534
PPDB,100,Route+Agrochemical,20,53,ACYCLIC:CCCCCCCCCCO,1,0.11515886537880304
PPDB,100,Route+Agrochemical,21,55,ACYCLIC:O=P([O-])([O-])[O-].[Fe+3],1,0.11515886537880304
PPDB,100,Route+Agrochemical,22,58,ACYCLIC:O=P([O-])([O-])OP(=O)([O-])[O-].O=P([O-])([O-])OP(=O)([O-])[O-].O=P([O-])([O-])OP(=O)([O-])[O-].[Fe+3].[Fe+3].[Fe+3].[Fe+3],1,0.11515886537880304
PPDB,100,Route+Agrochemical,23,62,c1cc[n+]2c(c1)-c1cccc[n+]1CC2,1,-0.3526337268743069
PPDB,100,Route+Agrochemical,24,63,c1ccc2ncccc2c1,1,-0.07313846080954511
PPDB,100,Route+Agrochemical,25,68,c1ccccc1,1,0.4858614256526017
PPDB,100,Route+Agrochemical,26,69,ACYCLIC:O=C([O-])C(Cl)(Cl)Cl.[Na+],1,0.5552094585895077
PPDB,100,Route+Agrochemical,27,70,C(=Nc1ccccc1)NC=Nc1ccccc1,1,0.4858614256526017
PPDB,100,Route+Agrochemical,28,71,ACYCLIC:O=[As]([O-])([O-])[O-].O=[As]([O-])([O-])[O-].[Ca+2].[Ca+2].[Ca+2],1,1.1442338158214866
PPDB,100,Route+Agrochemical,29,74,c1ccc(Cc2ccccc2)cc1,1,1.3937046111164162
PPDB,100,Route+Agrochemical,30,78,ACYCLIC:CBr,1,1.0230020508426176
PPDB,100,Route+Agrochemical,31,85,ACYCLIC:ClCC(Br)CBr,0,1.0230020508426176
PPDB,100,Route+Agrochemical,32,88,c1ccccc1,1,0.3057386632945782
PPDB,100,Route+Agrochemical,33,91,ACYCLIC:CCCSC(=O)N(CCC)CCC,1,0.5552094585895077
PPDB,100,Route+Agrochemical,34,93,C1OCOCOCO1,1,0.7735312555476882
PPDB,100,Route+Agrochemical,35,97,c1ccc(-c2ccccc2)cc1,1,-0.7315108509784303
PPDB,100,Route+Agrochemical,36,99,c1ccccc1,1,0.11515886537880304
PPDB,100,Route+Agrochemical,37,106,ACYCLIC:COP(=O)(OC)C(O)C(Cl)(Cl)Cl,1,1.1442338158214866
PPDB,100,Route+Agrochemical,38,107,c1ccc(Cc2ccccc2)cc1,1,1.1442338158214866
PPDB,100,Route+Agrochemical,39,110,C1COCCN1,0,-0.07313846080954511
PPDB,100,Route+Agrochemical,40,112,O=c1c2sccsc=2c(=O)c2ccccc12,1,-0.07313846080954511
PPDB,100,Route+Agrochemical,41,113,c1ccc(Cc2ccccc2)cc1,1,0.4858614256526017
PPDB,100,Route+Agrochemical,42,114,ACYCLIC:CCOP(=S)(OCC)SCSP(=S)(OCC)OCC,1,0.4858614256526017
PPDB,100,Route+Agrochemical,43,120,ACYCLIC:CCOP(=S)(OCC)SCCl,1,1.3937046111164162
PPDB,100,Route+Agrochemical,44,122,c1ccc(CCn2cncn2)cc1,1,-0.7315108509784303
PPDB,100,Route+Agrochemical,45,125,ACYCLIC:O=S(=O)(F)F,1,0.11515886537880304
PPDB,100,Route+Agrochemical,46,126,O=C1C=CC(=O)c2ccccc21,0,0.17633233448538432
PPDB,100,Route+Agrochemical,47,127,c1ccccc1,1,0.7735312555476882
PPDB,100,Route+Agrochemical,48,132,ACYCLIC:CCC[CH2][Sn]([CH2]CCC)([CH2]CCC)[O][Sn]([CH2]CCC)([CH2]CCC)[CH2]CCC,1,0.11515886537880304
PPDB,100,Route+Agrochemical,49,134,c1ccc2c(c1)CCO2,1,0.4858614256526017
PPDB,100,Route+Agrochemical,50,141,C1=CC2C3C=CC(C3)C2C1,0,1.0230020508426176
PPDB,100,Route+Agrochemical,51,147,ACYCLIC:CCC(C)N,1,-0.7315108509784303
PPDB,100,Route+Agrochemical,52,148,ACYCLIC:O=[PH]([O-])[O-].[Na+].[Na+],0,-0.07313846080954511
PPDB,100,Route+Agrochemical,53,149,O=C1NC(=O)C2CC=CCC12,1,-0.07313846080954511
PPDB,100,Route+Agrochemical,54,150,c1ccccc1,0,0.7735312555476882
PPDB,100,Route+Agrochemical,55,152,O=c1[nH]c2c(c(=O)n1C1CCCCC1)CCC2,0,0.3057386632945782
PPDB,100,Route+Agrochemical,56,156,c1ccc2ccccc2c1,1,0.11515886537880304
PPDB,100,Route+Agrochemical,57,157,ACYCLIC:[Ca+2].[Cl-].[Cl-],1,1.0230020508426176
PPDB,100,Route+Agrochemical,58,159,O=C(Nc1ncncn1)NS(=O)(=O)c1ccccc1,1,0.3057386632945782
PPDB,100,Route+Agrochemical,59,161,c1ccc2c(c1)OCO2,0,0.4858614256526017
PPDB,100,Route+Agrochemical,60,163,ACYCLIC:O=[As]([O-])([O-])O.[Pb+2],1,1.3937046111164162
PPDB,100,Route+Agrochemical,61,164,c1ccc2ccccc2c1,0,0.11515886537880304
PPDB,100,Route+Agrochemical,62,165,O=C(Nc1ncncn1)NS(=O)(=O)c1ccccc1,1,0.3057386632945782
PPDB,100,Route+Agrochemical,63,166,c1ccccc1,1,0.11515886537880304
PPDB,100,Route+Agrochemical,64,172,c1ccc(Oc2ccccc2)cc1,1,-0.3526337268743069
PPDB,100,Route+Agrochemical,65,175,ACYCLIC:O.O.[O]=[Al][O][Si](=O)O[Si](=O)[O][Al]=[O],1,0.11515886537880304
PPDB,100,Route+Agrochemical,66,177,c1ccccc1,1,-0.07313846080954511
PPDB,100,Route+Agrochemical,67,181,c1ccc(Cc2ccccc2)cc1,1,0.4858614256526017
PPDB,100,Route+Agrochemical,68,191,O=C1CCCN1c1ccccc1,1,-0.3526337268743069
PPDB,100,Route+Agrochemical,69,195,ACYCLIC:CCCCSP(=O)(SCCCC)SCCCC,1,0.11515886537880304
PPDB,100,Route+Agrochemical,70,200,ACYCLIC:C=CC(Cl)Cl,1,0.11515886537880304
PPDB,100,Route+Agrochemical,71,201,O=C(Nc1ncccn1)NS(=O)(=O)Nc1ccccc1C(=O)C1CC1,1,0.3057386632945782
PPDB,100,Route+Agrochemical,72,208,c1ccccc1,1,0.17633233448538432
PPDB,100,Route+Agrochemical,73,211,O=C1C=CC(OC(=O)C2CC2)C1,1,0.4858614256526017
PPDB,100,Route+Agrochemical,74,213,c1ccccc1,1,0.17633233448538432
PPDB,100,Route+Agrochemical,75,220,ACYCLIC:CN(C)C(=S)[S-].CN(C)C(=S)[S-].[Zn+2],1,-0.7315108509784303
PPDB,100,Route+Agrochemical,76,227,ACYCLIC:CCOP(=O)=O,1,-0.7315108509784303
PPDB,100,Route+Agrochemical,77,228,c1ccccc1,1,1.3937046111164162
PPDB,100,Route+Agrochemical,78,231,ACYCLIC:CCSCCOP(=S)(OC)OC,1,1.3937046111164162
PPDB,100,Route+Agrochemical,79,232,O=C1CN=C(c2ccccn2)N1,1,0.3057386632945782
PPDB,100,Route+Agrochemical,80,234,c1ccccc1,1,-0.07313846080954511
PPDB,100,Route+Agrochemical,81,236,c1ccc(CSc2ccccc2)cc1,0,1.3937046111164162
PPDB,100,Route+Agrochemical,82,244,ACYCLIC:O=S(=O)([O-])C(F)(F)C(F)(F)C(F)(F)C(F)(F)C(F)(F)C(F)(F)C(F)(F)C(F)(F)F.[Li+],1,1.1442338158214866
PPDB,100,Route+Agrochemical,83,245,ACYCLIC:CCOP(=S)(OCC)OCCSCC,1,1.3937046111164162
PPDB,100,Route+Agrochemical,84,250,O=C(OCc1cccc(Oc2ccccc2)c1)C1CC1,1,0.4858614256526017
PPDB,100,Route+Agrochemical,85,252,C1CC1,0,-0.3526337268743069
PPDB,100,Route+Agrochemical,86,257,ACYCLIC:CNC(=S)[S-].[Na+],1,0.11515886537880304
PPDB,100,Route+Agrochemical,87,258,c1cc[c]([SnH]([c]2ccccc2)[c]2ccccc2)cc1,1,-0.7315108509784303
PPDB,100,Route+Agrochemical,88,259,ACYCLIC:[Ba+2].[S-2],1,0.17633233448538432
PPDB,100,Route+Agrochemical,89,260,O=C(Nc1cccc2ccccc12)c1ccccc1,0,-0.3526337268743069
PPDB,100,Route+Agrochemical,90,263,c1ccccc1,1,0.3057386632945782
PPDB,100,Route+Agrochemical,91,267,c1ccccc1,1,0.5552094585895077
PPDB,100,Route+Agrochemical,92,272,O=c1[nH]c(=O)n(-c2ccccc2)o1,0,0.5552094585895077
PPDB,100,Route+Agrochemical,93,274,ACYCLIC:O=C([O-])[O-].[Cu+2],1,1.349643559990462
PPDB,100,Route+Agrochemical,94,275,c1ccccc1,1,-0.7315108509784303
PPDB,100,Route+Agrochemical,95,276,c1ccccc1,1,-0.3526337268743069
PPDB,100,Route+Agrochemical,96,277,c1ccccc1,1,-0.3526337268743069
PPDB,100,Route+Agrochemical,97,278,O=C1NC(=O)c2ccccc21,1,0.4858614256526017
PPDB,100,Route+Agrochemical,98,282,ACYCLIC:CN(C)NC(=O)CCC(=O)O,0,0.11515886537880304
PPDB,100,Route+Agrochemical,99,284,c1ccccc1,1,0.3057386632945782
PPDB,100,Route+Agrochemical,100,285,C1OCC2OC3OCOC3C2O1,1,0.11515886537880304
PPDB,100,Route+Agrochemical,101,290,ACYCLIC:C[N+](C)(C)CCCl,1,0.11515886537880304
PPDB,100,Route+Agrochemical,102,293,c1ccccc1,1,-0.3526337268743069
PPDB,100,Route+Agrochemical,103,297,c1ccccc1,1,-0.3526337268743069
PPDB,100,Route+Agrochemical,104,300,c1ncncn1,1,0.5552094585895077
PPDB,100,Route+Agrochemical,105,301,ACYCLIC:CNC(=O)C(C)SCCSP(=O)(OC)OC,1,0.4858614256526017
PPDB,100,Route+Agrochemical,106,302,ACYCLIC:CC(Cl)(Cl)C(=O)[O-].[Na+],1,0.5552094585895077
PPDB,100,Route+Agrochemical,107,305,c1cc[n+]2c(c1)-c1cccc[n+]1CC2,1,0.3057386632945782
PPDB,100,Route+Agrochemical,108,311,c1cncnc1,1,-0.7315108509784303
PPDB,100,Route+Agrochemical,109,313,c1ccccc1,0,1.0230020508426176
PPDB,100,Route+Agrochemical,110,315,C1=CC1,1,1.0230020508426176
PPDB,100,Route+Agrochemical,111,318,c1ccc(Oc2ccccc2)cc1,1,-0.3526337268743069
PPDB,100,Route+Agrochemical,112,323,ACYCLIC:S=C([S-])NCCNC(=S)S.S=C([S-])NCCNC(=S)S.[NH2-].[Zn],1,-0.7315108509784303
PPDB,100,Route+Agrochemical,113,328,ACYCLIC:S=C([S-])NCCNC(=S)[S-].[Zn+2],1,-0.7315108509784303
PPDB,100,Route+Agrochemical,114,331,ACYCLIC:C[As](=O)(O)O,1,-0.3526337268743069
PPDB,100,Route+Agrochemical,115,332,c1ccccc1,1,1.1442338158214866
PPDB,100,Route+Agrochemical,116,333,c1ccccc1,0,0.3057386632945782
PPDB,100,Route+Agrochemical,117,336,c1ncncn1,0,-0.3526337268743069
PPDB,100,Route+Agrochemical,118,337,O=S1OCC2C3C=CC(C3)C2CO1,1,0.4858614256526017
PPDB,100,Route+Agrochemical,119,338,c1ccc(Cc2ccccc2)cc1,0,-0.3526337268743069
PPDB,100,Route+Agrochemical,120,341,O=C1NC(=O)C2CC=CCC12,1,0.17633233448538432
PPDB,100,Route+Agrochemical,121,342,c1ccccc1,1,0.5552094585895077
PPDB,100,Route+Agrochemical,122,344,c1ccccc1,1,0.3057386632945782
PPDB,100,Route+Agrochemical,123,348,c1ccccc1,1,-0.3526337268743069
PPDB,100,Route+Agrochemical,124,349,c1ccc(Cc2ccccc2)cc1,0,1.0230020508426176
PPDB,100,Route+Agrochemical,125,352,c1ccccc1,1,-0.3526337268743069
PPDB,100,Route+Agrochemical,126,353,c1ncncn1,1,0.3057386632945782
PPDB,100,Route+Agrochemical,127,354,ACYCLIC:S=C([S-])NCCNC(=S)[S-].S=C([S-])NCCNC(=S)[S-].[Mn+2].[Zn+2],1,-0.7315108509784303
PPDB,100,Route+Agrochemical,128,356,O=C1C=CC(=O)c2ccccc21,1,-0.3526337268743069
PPDB,100,Route+Agrochemical,129,357,c1ncncn1,0,0.5552094585895077
PPDB,100,Route+Agrochemical,130,360,ACYCLIC:CNC(=O)/C=C(\C)OP(=O)(OC)OC,1,0.7735312555476882
PPDB,100,Route+Agrochemical,131,362,ACYCLIC:CCCCN(CC)C(=O)SCCC,1,0.5552094585895077
PPDB,100,Route+Agrochemical,132,364,c1ccccc1,1,-0.3526337268743069
PPDB,100,Route+Agrochemical,133,365,O=C(OCN1C(=O)C2=C(CCCC2)C1=O)C1CC1,1,1.3937046111164162
PPDB,100,Route+Agrochemical,134,368,c1ccccc1,1,0.5552094585895077
PPDB,100,Route+Agrochemical,135,372,c1ccccc1,0,0.3057386632945782
PPDB,100,Route+Agrochemical,136,375,c1ccccc1,0,0.4858614256526017
PPDB,100,Route+Agrochemical,137,376,C1CCCNCC1,1,0.3057386632945782
PPDB,100,Route+Agrochemical,138,377,O=c1cc[nH]c2cc3c(cc12)OCO3,1,0.11515886537880304
PPDB,100,Route+Agrochemical,139,378,c1ccccc1,1,-0.3526337268743069
PPDB,100,Route+Agrochemical,140,383,c1ccccc1,1,1.1442338158214866
PPDB,100,Route+Agrochemical,141,384,c1coc(-c2nc3ccccc3[nH]2)c1,0,-0.07313846080954511
PPDB,100,Route+Agrochemical,142,386,c1ccc(Oc2ccccc2)cc1,1,-0.3526337268743069
PPDB,100,Route+Agrochemical,143,391,O=c1[nH]c2ccccc2s1,0,0.5552094585895077
PPDB,100,Route+Agrochemical,144,394,c1ncncn1,1,-0.3526337268743069
PPDB,100,Route+Agrochemical,145,395,c1ccc(-c2ncccn2)cc1,1,-0.3526337268743069
PPDB,100,Route+Agrochemical,146,401,O=C1c2ccccc2C(=O)C1C(=O)C(c1ccccc1)c1ccccc1,1,1.0230020508426176
PPDB,100,Route+Agrochemical,147,402,C1C2C3C4CC5C3C1C5C24,0,1.1442338158214866
PPDB,100,Route+Agrochemical,148,403,c1ccncc1,1,0.3057386632945782
PPDB,100,Route+Agrochemical,149,404,c1ccc(Nc2ncncn2)cc1,1,-0.07313846080954511
PPDB,100,Route+Agrochemical,150,406,ACYCLIC:CNC(=O)ON=CC(C)(C)S(C)(=O)=O,1,0.4858614256526017
PPDB,100,Route+Agrochemical,151,409,O=C(Nc1ccccc1)C1=COCCS1(=O)=O,0,-0.7315108509784303
PPDB,100,Route+Agrochemical,152,411,c1ccccc1,1,-0.3526337268743069
PPDB,100,Route+Agrochemical,153,412,c1ccccc1,1,-0.7315108509784303
PPDB,100,Route+Agrochemical,154,413,c1ccsc1,1,-0.7315108509784303
PPDB,100,Route+Agrochemical,155,414,c1ccccc1,1,-0.3526337268743069
PPDB,100,Route+Agrochemical,156,419,c1ccccc1,0,0.5552094585895077
PPDB,100,Route+Agrochemical,157,420,O=c1cnnc[nH]1,1,0.3057386632945782
PPDB,100,Route+Agrochemical,158,422,c1ccccc1,1,0.4858614256526017
PPDB,100,Route+Agrochemical,159,423,c1ccc2scnc2c1,1,-0.3526337268743069
PPDB,100,Route+Agrochemical,160,426,c1ncncn1,1,-0.3526337268743069
PPDB,100,Route+Agrochemical,161,427,c1ccccc1,1,0.3057386632945782
PPDB,100,Route+Agrochemical,162,428,ACYCLIC:CP(=O)(O)CCC(N)C(=O)O,0,-0.3526337268743069
PPDB,100,Route+Agrochemical,163,430,O=C1NS(=O)(=O)Nc2ccccc21,0,-0.3526337268743069
PPDB,100,Route+Agrochemical,164,432,ACYCLIC:CP(=O)(O)CCC(N)C(=O)[O-].[NH4+],0,-0.3526337268743069
PPDB,100,Route+Agrochemical,165,433,c1ccccc1,1,0.3057386632945782
PPDB,100,Route+Agrochemical,166,437,c1cncnc1,1,1.1442338158214866
PPDB,100,Route+Agrochemical,167,444,C1CC2CCC1C2,1,0.4858614256526017
PPDB,100,Route+Agrochemical,168,445,c1ccccc1,1,0.5552094585895077
PPDB,100,Route+Agrochemical,169,446,c1ccc(-n2cncn2)cc1,1,0.4858614256526017
PPDB,100,Route+Agrochemical,170,447,c1ccccc1,1,0.3057386632945782
PPDB,100,Route+Agrochemical,171,450,c1ccccc1,0,0.3057386632945782
PPDB,100,Route+Agrochemical,172,452,c1ccc2ccccc2c1,1,-0.3526337268743069
PPDB,100,Route+Agrochemical,173,455,O=C(NC(=O)c1ccccc1)Nc1ccccc1,1,1.1442338158214866
PPDB,100,Route+Agrochemical,174,457,c1ccccc1,0,0.5552094585895077
PPDB,100,Route+Agrochemical,175,458,O=C(OCCCN1CCCCC1)c1ccccc1,1,0.11515886537880304
PPDB,100,Route+Agrochemical,176,460,C1CCCCCC(N2CCOCC2)CCCCC1,1,-0.7315108509784303
PPDB,100,Route+Agrochemical,177,461,c1ccccc1,1,-0.3526337268743069
PPDB,100,Route+Agrochemical,178,468,ACYCLIC:CCOC(=O)C=C(C)C=CCC(C)CCCC(C)C,1,1.1442338158214866
PPDB,100,Route+Agrochemical,179,469,ACYCLIC:COC(C)(C)CCCC(C)CC=CC(C)=CC(=O)OC(C)C,1,0.7735312555476882
PPDB,100,Route+Agrochemical,180,471,c1ccc(Oc2ccccc2)cc1,0,-0.3526337268743069
PPDB,100,Route+Agrochemical,181,472,c1ncncn1,1,-0.3526337268743069
PPDB,100,Route+Agrochemical,182,473,O=c1cccnn1-c1ccccc1,0,0.5552094585895077
PPDB,100,Route+Agrochemical,183,474,c1ccc(-c2ccno2)cc1,1,0.4858614256526017
PPDB,100,Route+Agrochemical,184,484,c1ncncn1,1,0.5552094585895077
PPDB,100,Route+Agrochemical,185,485,C1CC[NH2+]CC1,1,0.11515886537880304
PPDB,100,Route+Agrochemical,186,489,O=C1CCCC(=O)C1C(=O)c1ccccc1,1,0.3057386632945782
PPDB,100,Route+Agrochemical,187,490,ACYCLIC:CC(CNC(=S)[S-])NC(=S)[S-].[Zn+2],1,-0.7315108509784303
PPDB,100,Route+Agrochemical,188,492,ACYCLIC:NC(N)=NCCCCCCCCNCCCCCCCCN=C(N)N,1,-0.07313846080954511
PPDB,100,Route+Agrochemical,189,493,O=C(OCc1cccc(Oc2ccccc2)c1)C1CC1,1,0.4858614256526017
PPDB,100,Route+Agrochemical,190,498,O=c1[nH]cnnc1-c1ccccc1,1,0.3057386632945782
PPDB,100,Route+Agrochemical,191,499,ACYCLIC:C#CCOC(=O)C=C(C)C=CCC(C)CCCC(C)C,1,0.11515886537880304
PPDB,100,Route+Agrochemical,192,500,O=C(NC(=O)c1ccccc1)Nc1ccccc1,0,0.7735312555476882
PPDB,100,Route+Agrochemical,193,507,c1ccccc1,1,1.3937046111164162
PPDB,100,Route+Agrochemical,194,514,O=C1COC(=O)N1c1ccccc1,1,-0.07313846080954511
PPDB,100,Route+Agrochemical,195,517,O=C1C2CC2C(=O)N1c1ccccc1,1,-0.7315108509784303
PPDB,100,Route+Agrochemical,196,518,c1ccc(C(c2ccccc2)c2cncnc2)cc1,1,-0.7315108509784303
PPDB,100,Route+Agrochemical,197,521,c1nc[n]([Sn]([CH]2CCCCC2)([CH]2CCCCC2)[CH]2CCCCC2)n1,1,1.0230020508426176
PPDB,100,Route+Agrochemical,198,522,c1ccc(C(Cn2cncn2)c2ccccc2)cc1,1,-0.07313846080954511
PPDB,100,Route+Agrochemical,199,523,c1ccccc1,0,-0.3526337268743069
PPDB,100,Route+Agrochemical,200,524,c1ccccc1,0,0.3057386632945782
PPDB,100,Route+Agrochemical,201,525,O=C(Nc1ccccc1)c1ccco1,1,-0.07313846080954511
PPDB,100,Route+Agrochemical,202,526,c1ccc(Oc2ccccc2)cc1,0,0.5552094585895077
PPDB,100,Route+Agrochemical,203,527,c1ccccc1,1,0.11515886537880304
PPDB,100,Route+Agrochemical,204,528,c1ccccc1,1,0.5552094585895077
PPDB,100,Route+Agrochemical,205,533,c1ccc2c(c1)sc1nncn12,1,-0.07313846080954511
PPDB,100,Route+Agrochemical,206,536,O=C(NC(=O)c1ccccc1)Nc1ccccc1,0,0.4858614256526017
PPDB,100,Route+Agrochemical,207,537,c1ccc(-c2ccc(OCn3cncn3)cc2)cc1,0,-0.07313846080954511
PPDB,100,Route+Agrochemical,208,539,C1=CC(C2C=CC=C2)C=C1,1,0.4858614256526017
PPDB,100,Route+Agrochemical,209,541,ACYCLIC:CCOP(=O)(O)C(N)=O,0,-0.3526337268743069
PPDB,100,Route+Agrochemical,210,542,c1ccc(-c2cccnn2)cc1,1,-0.3526337268743069
PPDB,100,Route+Agrochemical,211,543,O=C(Cc1ccccc1)OCc1cccc(Oc2ccccc2)c1,1,0.4858614256526017
PPDB,100,Route+Agrochemical,212,544,C1CC[NH2+]CC1,1,0.11515886537880304
PPDB,100,Route+Agrochemical,213,545,ACYCLIC:CC(=O)[O-].CC(=O)[O-].[Cu+2],1,0.17633233448538432
PPDB,100,Route+Agrochemical,214,546,O=C(NCCOc1ccccc1)n1ccnc1,0,-0.07313846080954511
PPDB,100,Route+Agrochemical,215,549,c1cncnc1,1,0.4858614256526017
PPDB,100,Route+Agrochemical,216,556,c1ccc(OCn2ccnc2)cc1,1,-0.7315108509784303
PPDB,100,Route+Agrochemical,217,557,O=C1OCC2C3CCCC3CCC2C2CCCCC12,1,0.11515886537880304
PPDB,100,Route+Agrochemical,218,558,c1ccc(-c2cc(-c3ccccc3)[nH+][nH]2)cc1,1,-0.3526337268743069
PPDB,100,Route+Agrochemical,219,559,c1ccc(CCCN2CCCCC2)cc1,1,-0.07313846080954511
PPDB,100,Route+Agrochemical,220,560,ACYCLIC:CCCOC(=O)NCCCN(C)C,1,-0.07313846080954511
PPDB,100,Route+Agrochemical,221,561,c1ccc(CCn2cncn2)cc1.c1ccc(CCn2cncn2)cc1,1,-0.7315108509784303
PPDB,100,Route+Agrochemical,222,563,c1ccncc1,1,-0.3526337268743069
PPDB,100,Route+Agrochemical,223,565,ACYCLIC:CN(C)C(CSC(N)=O)CSC(N)=O.Cl,1,1.3937046111164162
PPDB,100,Route+Agrochemical,224,566,O=C1OCCC1Nc1ccccc1,1,-0.07313846080954511
PPDB,100,Route+Agrochemical,225,568,C1CSSSC1,1,1.1442338158214866
PPDB,100,Route+Agrochemical,226,569,O=C(OCc1cccc(Oc2ccccc2)c1)C1CC1,1,1.3937046111164162
PPDB,100,Route+Agrochemical,227,570,c1ccc(Oc2ccccc2)cc1,1,-0.3526337268743069
PPDB,100,Route+Agrochemical,228,571,c1ccc(Oc2ccccn2)cc1,1,-0.3526337268743069
PPDB,100,Route+Agrochemical,229,572,c1ccccc1,1,0.3057386632945782
PPDB,100,Route+Agrochemical,230,573,O=c1ocnn1-c1ccccc1,0,-0.3526337268743069
PPDB,100,Route+Agrochemical,231,574,O=C(Nc1ccccc1)N(Cc1ccccc1)C1CCCC1,1,-0.07313846080954511
PPDB,100,Route+Agrochemical,232,575,O=c1cccnn1-c1ccccc1,1,1.3937046111164162
PPDB,100,Route+Agrochemical,233,577,O=c1[nH]c2ncccc2o1,1,1.1442338158214866
PPDB,100,Route+Agrochemical,234,579,c1ccccc1,1,-0.07313846080954511
PPDB,100,Route+Agrochemical,235,580,O=C1COC(=O)N1c1ccccc1,1,-0.7315108509784303
PPDB,100,Route+Agrochemical,236,583,ACYCLIC:CNC(=O)ON=C(C)C(C)SC,1,1.1442338158214866
PPDB,100,Route+Agrochemical,237,584,O=C(NC(=O)c1ccccc1)Nc1ccccc1,1,1.1442338158214866
PPDB,100,Route+Agrochemical,238,587,c1ccc(Oc2ccccc2)cc1,0,0.11515886537880304
PPDB,100,Route+Agrochemical,239,588,c1ccc(Oc2ccccn2)cc1,1,-0.3526337268743069
PPDB,100,Route+Agrochemical,240,589,O=C(OCc1cccc(-c2ccccc2)c1)C1CC1,1,0.4858614256526017
PPDB,100,Route+Agrochemical,241,594,O=C(Cc1ccccc1)Nc1ccccc1,1,-0.07313846080954511
PPDB,100,Route+Agrochemical,242,596,c1ncncn1,1,0.3057386632945782
PPDB,100,Route+Agrochemical,243,597,O=C(Nc1ncccn1)NS(=O)(=O)c1ccccc1,1,-0.3526337268743069
PPDB,100,Route+Agrochemical,244,598,C1CCNCC1,1,0.11515886537880304
PPDB,100,Route+Agrochemical,245,599,c1ccc(Oc2cnc3ccccc3n2)cc1,1,0.3057386632945782
PPDB,100,Route+Agrochemical,246,602,c1ccc(Oc2ccccn2)cc1,1,0.3057386632945782
PPDB,100,Route+Agrochemical,247,603,c1ccc(Oc2ccccc2)cc1,1,0.3057386632945782
PPDB,100,Route+Agrochemical,248,604,c1ccc2[nH+]nc(-n3ccnc3)nc2c1,0,-0.7315108509784303
PPDB,100,Route+Agrochemical,249,605,O=C1OCCN1Nc1ccccc1,1,-0.7315108509784303
PPDB,100,Route+Agrochemical,250,606,c1ccncc1,1,0.3057386632945782
PPDB,100,Route+Agrochemical,251,607,c1ccc(NCn2cccn2)cc1,1,0.3057386632945782
PPDB,100,Route+Agrochemical,252,608,C1CSSSC1,1,1.1442338158214866
PPDB,100,Route+Agrochemical,253,611,O=C(OCc1cccc(Oc2ccccc2)c1)C1CC1,1,0.4858614256526017
PPDB,100,Route+Agrochemical,254,612,C1CC[NH2+]CC1,1,0.11515886537880304
PPDB,100,Route+Agrochemical,255,613,C(=Cn1cncn1)c1ccccc1,1,-0.7315108509784303
PPDB,100,Route+Agrochemical,256,615,O=C(NC(=O)c1ccccc1)Nc1ccc(Oc2ccccn2)cc1,1,1.1442338158214866
PPDB,100,Route+Agrochemical,257,616,C(=NOCC1OCCO1)c1ccccc1,1,0.3057386632945782
PPDB,100,Route+Agrochemical,258,618,O=C1CN=C(c2ccc3ccccc3n2)N1,1,0.7735312555476882
PPDB,100,Route+Agrochemical,259,620,C1CCCCCC(N2CCOCC2)CCCCC1,1,-0.7315108509784303
PPDB,100,Route+Agrochemical,260,621,C(=Nc1ccccc1)n1ccnc1,1,-0.07313846080954511
PPDB,100,Route+Agrochemical,261,622,O=C(NC(=O)c1ccccc1)Nc1ccccc1,1,1.1442338158214866
PPDB,100,Route+Agrochemical,262,623,O=S(=O)(SCCCSS(=O)(=O)c1ccccc1)c1ccccc1,1,0.4858614256526017
PPDB,100,Route+Agrochemical,263,624,c1ccc(Oc2ccccn2)cc1,1,0.3057386632945782
PPDB,100,Route+Agrochemical,264,625,O=C1CCc2cccc3c2N1CC3,1,-0.07313846080954511
PPDB,100,Route+Agrochemical,265,628,O=C(Nc1ncncn1)NS(=O)(=O)c1ccccc1,1,-0.3526337268743069
PPDB,100,Route+Agrochemical,266,629,c1ccc(CCn2cncn2)cc1,1,0.7735312555476882
PPDB,100,Route+Agrochemical,267,632,ACYCLIC:CCOP(=O)=O.CCOP(=O)=O.CCOP(=O)=O.[Al+3],1,-0.7315108509784303
PPDB,100,Route+Agrochemical,268,633,c1ccccc1,1,-0.7315108509784303
PPDB,100,Route+Agrochemical,269,634,O=C(Nc1ccccc1)c1ccccc1,1,-0.07313846080954511
PPDB,100,Route+Agrochemical,270,635,c1ccc(COC2CC3CCC2O3)cc1,0,-0.3526337268743069
PPDB,100,Route+Agrochemical,271,637,C(=Cn1cncn1)c1ccccc1,1,0.11515886537880304
PPDB,100,Route+Agrochemical,272,639,O=C(Nc1ccno1)c1ccccc1,1,-0.3526337268743069
PPDB,100,Route+Agrochemical,273,640,ACYCLIC:[K+].[K+].[O-]P([O-])O,0,0.7735312555476882
PPDB,100,Route+Agrochemical,274,641,c1ccccc1,1,0.4858614256526017
PPDB,100,Route+Agrochemical,275,642,O=C(NC(=O)c1ccccc1)Nc1ccc(Oc2ccccc2)cc1,1,0.4858614256526017
PPDB,100,Route+Agrochemical,276,643,c1ccc2c(c1)CCO2,1,0.4858614256526017
PPDB,100,Route+Agrochemical,277,644,c1ccc(Oc2ccccc2)cc1,1,0.4858614256526017
PPDB,100,Route+Agrochemical,278,646,O=C1CN=C(c2ccccn2)N1,1,0.3057386632945782
PPDB,100,Route+Agrochemical,279,647,c1ccc(CCCCn2cncn2)cc1,1,-0.07313846080954511
PPDB,100,Route+Agrochemical,280,648,c1ccc(Oc2ccccc2)cc1,1,-0.3526337268743069
PPDB,100,Route+Agrochemical,281,649,c1ccc(Oc2nc3ccccc3o2)cc1,0,-0.3526337268743069
PPDB,100,Route+Agrochemical,282,651,c1ccccc1,0,0.11515886537880304
PPDB,100,Route+Agrochemical,283,652,c1ccc([SiH](Cn2cncn2)c2ccccc2)cc1,1,-0.07313846080954511
PPDB,100,Route+Agrochemical,284,653,ACYCLIC:CCNS(=O)(=O)C(F)(F)C(F)(F)C(F)(F)C(F)(F)C(F)(F)C(F)(F)C(F)(F)C(F)(F)F,1,1.3937046111164162
PPDB,100,Route+Agrochemical,285,655,O=C1C(c2ccccc2)=COC1c1ccccc1,1,-0.3526337268743069
PPDB,100,Route+Agrochemical,286,656,O=C(Nc1ncccn1)NS(=O)(=O)c1ccn[nH]1,1,0.11515886537880304
PPDB,100,Route+Agrochemical,287,657,O=C(Nc1ccccc1)c1cccnc1Oc1ccccc1,1,-0.3526337268743069
PPDB,100,Route+Agrochemical,288,659,c1ccc2ncccc2c1,1,-0.3526337268743069
PPDB,100,Route+Agrochemical,289,661,O=C1CN=C(c2ccccc2)N1,1,-0.3526337268743069
PPDB,100,Route+Agrochemical,290,662,c1ccc(-n2cccn2)cc1,1,0.4858614256526017
PPDB,100,Route+Agrochemical,291,663,O=C(NCc1ccco1)n1ccnc1,1,0.11515886537880304
PPDB,100,Route+Agrochemical,292,664,O=C(Nc1ncncn1)NS(=O)(=O)c1ccsc1,1,0.3057386632945782
PPDB,100,Route+Agrochemical,293,665,O=C(Nc1ncccn1)NS(=O)(=O)Cc1ccccc1,1,0.3057386632945782
PPDB,100,Route+Agrochemical,294,666,O=C(Nc1ccccc1)c1ccccc1,0,-0.7315108509784303
PPDB,100,Route+Agrochemical,295,667,c1ccc(Oc2cccc(CCC[SiH2]c3ccccc3)c2)cc1,1,0.7735312555476882
PPDB,100,Route+Agrochemical,296,669,O=C(Nc1ncccn1)NS(=O)(=O)Cc1ccccc1,1,0.3057386632945782
PPDB,100,Route+Agrochemical,297,670,O=c1ccc(-c2ccccc2)n[nH]1,1,-0.7315108509784303
PPDB,100,Route+Agrochemical,298,672,c1ccc(CNc2ccncn2)cc1,1,0.7735312555476882
PPDB,100,Route+Agrochemical,299,673,c1ccccc1,1,-0.3526337268743069
PPDB,100,Route+Agrochemical,300,674,O=C1CN=C(c2ccccc2)N1.O=C1CN=C(c2ccccc2)N1,1,0.3057386632945782
PPDB,100,Route+Agrochemical,301,675,O=C(NNC(=O)c1ccccc1)c1ccccc1,1,0.4858614256526017
PPDB,100,Route+Agrochemical,302,676,O=C1CN=C(c2ccccn2)N1,1,0.3057386632945782
PPDB,100,Route+Agrochemical,303,678,O=c1[nH]cnn1C=NS(=O)(=O)c1ccccc1,0,-0.3526337268743069
PPDB,100,Route+Agrochemical,304,679,O=C(NNC(=O)c1ccccc1)c1ccccc1,1,0.4858614256526017
PPDB,100,Route+Agrochemical,305,680,c1ccc(CCn2cncn2)cc1,1,-0.7315108509784303
PPDB,100,Route+Agrochemical,306,682,c1ccc(CCOCc2cccc(Oc3ccccc3)c2)cc1,1,0.4858614256526017
PPDB,100,Route+Agrochemical,307,685,c1ccncc1,1,0.3057386632945782
PPDB,100,Route+Agrochemical,308,687,O=C(Nc1ccccc1)c1ccnn1-c1ccccn1,1,0.4858614256526017
PPDB,100,Route+Agrochemical,309,688,O=C(NCc1ccccc1)c1ccn[nH]1,1,0.11515886537880304
PPDB,100,Route+Agrochemical,310,689,C(=C1CCCC1Cn1cncn1)c1ccccc1,1,-0.07313846080954511
PPDB,100,Route+Agrochemical,311,691,O=S(=O)(c1nc[nH]n1)n1ccc2ccccc21,1,-0.7315108509784303
PPDB,100,Route+Agrochemical,312,692,c1ccccc1,1,0.5552094585895077
PPDB,100,Route+Agrochemical,313,694,C=C1C(=O)CCCC1=O,0,-0.3526337268743069
PPDB,100,Route+Agrochemical,314,696,O=C1CCCC(=O)C1,1,0.11515886537880304
PPDB,100,Route+Agrochemical,315,697,c1ccccc1,1,0.5552094585895077
PPDB,100,Route+Agrochemical,316,698,O=C(Nc1ncccn1)NS(=O)(=O)c1ccccc1,1,-0.3526337268743069
PPDB,100,Route+Agrochemical,317,702,c1ccc(Oc2cnc3ccccc3n2)cc1,1,0.3057386632945782
PPDB,100,Route+Agrochemical,318,704,O=C(NC(=O)c1ccccc1)Nc1ccc(CON=C(c2ccccc2)C2CC2)cc1,1,0.4858614256526017
PPDB,100,Route+Agrochemical,319,705,O=C(Nc1ccccc1)c1ccccc1,1,0.5552094585895077
PPDB,100,Route+Agrochemical,320,706,O=C(Nc1ncncn1)NS(=O)(=O)c1ccccc1,1,0.3057386632945782
PPDB,100,Route+Agrochemical,321,708,ACYCLIC:O=S(=O)([O-])[O-].O=S(=O)([O-])[O-].[Al+3].[NH4+],1,0.11515886537880304
PPDB,100,Route+Agrochemical,322,709,c1ccccc1,1,1.0230020508426176
PPDB,100,Route+Agrochemical,323,712,c1ccc(Nc2ccccn2)cc1,1,-0.07313846080954511
PPDB,100,Route+Agrochemical,324,713,C1=NCCN1Cc1cccnc1,1,1.1442338158214866
PPDB,100,Route+Agrochemical,325,716,O=C(COc1ccc(Oc2cnc3ccccc3n2)cc1)OCC1CCCO1,1,-0.3526337268743069
PPDB,100,Route+Agrochemical,326,718,c1ccc(Oc2ccccc2)cc1,1,-0.3526337268743069
PPDB,100,Route+Agrochemical,327,719,O=C(Nc1ncncn1)NS(=O)(=O)c1ccsc1,1,0.3057386632945782
PPDB,100,Route+Agrochemical,328,720,O=S(=O)(Nc1ccccc1)c1nc2ccncn2n1,1,-0.3526337268743069
PPDB,100,Route+Agrochemical,329,721,O=C(Nc1ncccn1)NS(=O)(=O)c1ccccn1,1,0.3057386632945782
PPDB,100,Route+Agrochemical,330,722,O=C(Oc1ccccc1)n1cnc2ccccc21,0,-0.3526337268743069
PPDB,100,Route+Agrochemical,331,723,c1ccc(Oc2ccccn2)cc1,1,-0.3526337268743069
PPDB,100,Route+Agrochemical,332,725,c1nc[nH]n1,1,0.4858614256526017
PPDB,100,Route+Agrochemical,333,727,O=C1CN=C(c2ccccn2)N1,0,-0.3526337268743069
PPDB,100,Route+Agrochemical,334,728,c1ccc(-c2cc[nH]c2)cc1,1,-0.07313846080954511
PPDB,100,Route+Agrochemical,335,732,O=C1CCCC(=O)C1C(=O)c1ccccc1,1,0.3057386632945782
PPDB,100,Route+Agrochemical,336,735,c1ccccc1,1,-0.3526337268743069
PPDB,100,Route+Agrochemical,337,738,c1ccc(-n2cncn2)cc1,0,-0.3526337268743069
PPDB,100,Route+Agrochemical,338,740,ACYCLIC:CC(=O)O.CC(=O)O.CC(=O)O.NC(N)=NCCCCCCCCNCCCCCCCCN=C(N)N,1,-0.7315108509784303
PPDB,100,Route+Agrochemical,339,741,C(=NOCc1ccccc1)c1cn[nH]c1Oc1ccccc1,1,0.4858614256526017
PPDB,100,Route+Agrochemical,340,742,O=C(Nc1ncncn1)NS(=O)(=O)c1ccccc1,1,-0.3526337268743069
PPDB,100,Route+Agrochemical,341,743,O=c1[nH]cnn1-c1ccccc1,1,-0.3526337268743069
PPDB,100,Route+Agrochemical,342,744,c1ccccc1,1,-0.3526337268743069
PPDB,100,Route+Agrochemical,343,745,c1cnc(C2CC2)nc1,1,-0.3526337268743069
PPDB,100,Route+Agrochemical,344,746,O=c1ccn(-c2ccccc2)nc1,1,0.7735312555476882
PPDB,100,Route+Agrochemical,345,749,c1ccc2c(c1)NCCO2,1,0.3057386632945782
PPDB,100,Route+Agrochemical,346,750,c1ccccc1,1,0.3057386632945782
PPDB,100,Route+Agrochemical,347,753,c1ccc(N=c2[nH]ccs2)cc1,1,1.0230020508426176
PPDB,100,Route+Agrochemical,348,754,ACYCLIC:CCOP(=O)(SC(C)CC)SC(C)CC,1,0.4858614256526017
PPDB,100,Route+Agrochemical,349,757,O=c1c2ccccc2nc(-n2cncn2)n1-c1ccccc1,1,-0.7315108509784303
PPDB,100,Route+Agrochemical,350,758,O=C(Nc1ncncn1)NS(=O)(=O)c1ccccc1,1,-0.3526337268743069
PPDB,100,Route+Agrochemical,351,759,c1cncnc1,1,-0.3526337268743069
PPDB,100,Route+Agrochemical,352,760,O=C(Nc1ncncn1)NS(=O)(=O)c1ccccc1,1,-0.3526337268743069
PPDB,100,Route+Agrochemical,353,762,O=C(Nc1ncncn1)NS(=O)(=O)c1ccccc1,1,-0.3526337268743069
PPDB,100,Route+Agrochemical,354,763,O=S(=O)(Nc1ccccc1)c1nc2ncccn2n1,1,-0.3526337268743069
PPDB,100,Route+Agrochemical,355,765,c1ccc2ncccc2c1,1,-0.3526337268743069
PPDB,100,Route+Agrochemical,356,766,c1coc(C2CNCO2)c1,1,-0.3526337268743069
PPDB,100,Route+Agrochemical,357,769,c1ccc(Oc2ccccn2)cc1,1,-0.3526337268743069
PPDB,100,Route+Agrochemical,358,771,O=S(=O)(Nc1ccccc1)c1ccccc1,1,-0.07313846080954511
PPDB,100,Route+Agrochemical,359,773,c1ccc(C2(Cn3cncn3)CCCO2)cc1,1,-0.07313846080954511
PPDB,100,Route+Agrochemical,360,774,c1ccc(Nc2ncccn2)cc1,1,-0.07313846080954511
PPDB,100,Route+Agrochemical,361,775,c1ccccc1,0,0.3057386632945782
PPDB,100,Route+Agrochemical,362,777,c1ccccc1,1,0.4858614256526017
PPDB,100,Route+Agrochemical,363,778,O=C(C=C(c1ccccc1)c1ccccc1)N1CCOCC1,0,0.11515886537880304
PPDB,100,Route+Agrochemical,364,779,c1ccc(Oc2nc3ccccc3o2)cc1,1,0.11515886537880304
PPDB,100,Route+Agrochemical,365,780,c1ccc(Oc2ccc(OCC3COCO3)cc2)cc1,1,0.11515886537880304
PPDB,100,Route+Agrochemical,366,783,O=c1ocnn1-c1ccccc1,0,-0.3526337268743069
PPDB,100,Route+Agrochemical,367,784,c1ccc(OCCNc2ccncn2)cc1,1,1.1442338158214866
PPDB,100,Route+Agrochemical,368,785,c1ccc(C2OC2(Cn2cncn2)c2ccccc2)cc1,1,-0.07313846080954511
PPDB,100,Route+Agrochemical,369,786,c1ccc(Nc2nccc(C3CC3)n2)cc1,1,-0.7315108509784303
PPDB,100,Route+Agrochemical,370,789,c1cncnc1,1,1.3937046111164162
PPDB,100,Route+Agrochemical,371,790,c1ccncc1,1,0.4858614256526017
PPDB,100,Route+Agrochemical,372,795,O=C(c1ccccc1)c1cnoc1C1CC1,1,-0.3526337268743069
PPDB,100,Route+Agrochemical,373,796,O=C1C2=C(CCCC2)C(=O)N1c1ccccc1,0,-0.3526337268743069
PPDB,100,Route+Agrochemical,374,798,c1ccc(-c2ncnn2-c2ccccc2)cc1,1,-0.3526337268743069
PPDB,100,Route+Agrochemical,375,802,O=C(Nc1ncccn1)NS(=O)(=O)c1ccccc1,1,-0.3526337268743069
PPDB,100,Route+Agrochemical,376,803,O=C(Nc1ncccn1)NS(=O)(=O)c1ccccn1,1,-0.3526337268743069
PPDB,100,Route+Agrochemical,377,806,c1ccc2scnc2c1,1,-0.7315108509784303
PPDB,100,Route+Agrochemical,378,807,O=c1sc(=Nc2ccccc2)n2n1CCCC2,1,0.11515886537880304
PPDB,100,Route+Agrochemical,379,808,O=c1n(-c2ccccc2)nc2n1CCCC2,1,0.3057386632945782
PPDB,100,Route+Agrochemical,380,809,O=C(Nc1ccccc1)C1CCCCC1,0,-0.07313846080954511
PPDB,100,Route+Agrochemical,381,810,ACYCLIC:C[S+](C)C.O=C(O)CNCP(=O)([O-])O,0,-0.3526337268743069
PPDB,100,Route+Agrochemical,382,811,O=C1C2=C(CCCC2)C(=O)N1c1ccccc1,0,-0.3526337268743069
PPDB,100,Route+Agrochemical,383,812,C=C1C(=O)CCCC1=O,1,0.11515886537880304
PPDB,100,Route+Agrochemical,384,814,O=C(OCc1cccc(Oc2ccccc2)c1)C1CC1,1,1.1442338158214866
PPDB,100,Route+Agrochemical,385,815,C=C1OC(=O)N(c2cccc(OC3CCCC3)c2)C1=O,1,-0.3526337268743069
PPDB,100,Route+Agrochemical,386,816,O=c1[nH]cnn1C=NS(=O)(=O)c1ccccc1,0,0.5552094585895077
PPDB,100,Route+Agrochemical,387,820,O=C(Nc1ncccn1)NS(=O)(=O)c1ccccc1,1,-0.3526337268743069
PPDB,100,Route+Agrochemical,388,822,c1ccc(-c2nnc(-c3ccccc3)nn2)cc1,1,0.11515886537880304
PPDB,100,Route+Agrochemical,389,823,O=C1CCCC(=O)C1C(=O)c1ccccc1,1,0.3057386632945782
PPDB,100,Route+Agrochemical,390,824,c1ccc(Oc2ccccc2)cc1,1,0.11515886537880304
PPDB,100,Route+Agrochemical,391,825,O=C(Nc1ncccn1)NS(=O)(=O)c1ccccc1,1,-0.3526337268743069
PPDB,100,Route+Agrochemical,392,827,C1CCOC1,1,0.4858614256526017
PPDB,100,Route+Agrochemical,393,829,c1ccc(OCCCOc2ccccn2)cc1,1,0.4858614256526017
PPDB,100,Route+Agrochemical,394,832,O=C1OCc2ccccc21,0,-0.7315108509784303
PPDB,100,Route+Agrochemical,395,834,c1ccccc1,1,0.4858614256526017
PPDB,100,Route+Agrochemical,396,835,O=C(CNc1ccccc1)OCc1cccc(Oc2ccccc2)c1,1,0.4858614256526017
PPDB,100,Route+Agrochemical,397,836,O=C(NNC(=O)c1ccc2c(c1)CCCO2)c1ccccc1,1,0.4858614256526017
PPDB,100,Route+Agrochemical,398,837,c1ccccc1,1,-0.3526337268743069
PPDB,100,Route+Agrochemical,399,840,c1ccsc1,0,0.3057386632945782
PPDB,100,Route+Agrochemical,400,841,O=C(Nc1ccccc1)c1cccc(Oc2ccccc2)n1,0,-0.3526337268743069
PPDB,100,Route+Agrochemical,401,842,O=S(=O)(c1ccccc1)c1nc[nH]n1,0,0.3057386632945782
PPDB,100,Route+Agrochemical,402,843,O=C1OCc2cccc(Sc3ncccn3)c21,1,-0.3526337268743069
PPDB,100,Route+Agrochemical,403,844,O=C(ON=C(c1ccccc1)c1ccccc1)c1c(Oc2ncccn2)cccc1Oc1ncccn1,1,0.5552094585895077
PPDB,100,Route+Agrochemical,404,845,c1cscn1,1,1.1442338158214866
PPDB,100,Route+Agrochemical,405,846,O=C(NS(=O)(=O)c1ccccc1)n1nc[nH]c1=O,0,-0.3526337268743069
PPDB,100,Route+Agrochemical,406,848,ACYCLIC:O=C(O)CNCP(=O)([O-])O.[Na+],1,-0.3526337268743069
PPDB,100,Route+Agrochemical,407,850,c1ccc(Oc2ccccc2)cc1,1,0.3057386632945782
PPDB,100,Route+Agrochemical,408,852,O=C(NC1CCCCC1)n1nnn(-c2ccccc2)c1=O,0,-0.3526337268743069
PPDB,100,Route+Agrochemical,409,853,c1ccc(Oc2ncccn2)cc1,0,-0.3526337268743069
PPDB,100,Route+Agrochemical,410,854,O=C(Nc1ncccn1)NS(=O)(=O)c1ccn[nH]1,1,0.11515886537880304
PPDB,100,Route+Agrochemical,411,855,O=C(Nc1ncccn1)NS(=O)(=O)Oc1ccccc1,0,-0.3526337268743069
PPDB,100,Route+Agrochemical,412,858,c1ccccc1,1,0.3057386632945782
PPDB,100,Route+Agrochemical,413,859,O=C(NS(=O)(=O)c1ccccc1)n1nc[nH]c1=O,0,0.5552094585895077
PPDB,100,Route+Agrochemical,414,860,c1ccc2scnc2c1,1,-0.3966947780002611
PPDB,100,Route+Agrochemical,415,862,O=C1c2ccccc2C(=O)C1CC1(c2ccccc2)CO1,1,0.11515886537880304
PPDB,100,Route+Agrochemical,416,864,O=C([N-]S(=O)(=O)c1ccccc1)Nc1ncncn1,1,0.3057386632945782
PPDB,100,Route+Agrochemical,417,865,O=C(COc1ccccc1)NCc1ccccc1,0,-0.3526337268743069
PPDB,100,Route+Agrochemical,418,866,O=C(Nc1ncccn1)NS(=O)(=O)c1[nH]ncc1-c1nn[nH]n1,1,-0.3526337268743069
PPDB,100,Route+Agrochemical,419,867,c1ccc(NCc2cccs2)cc1,1,1.0230020508426176
PPDB,100,Route+Agrochemical,420,868,c1ccccc1,1,0.3057386632945782
PPDB,100,Route+Agrochemical,421,869,O=C(Nc1ncccn1)NS(=O)(=O)c1ccccc1,1,0.3057386632945782
PPDB,100,Route+Agrochemical,422,872,C=C1C(=O)CC(C2CCOCC2)CC1=O,0,0.3057386632945782
PPDB,100,Route+Agrochemical,423,873,C1=NN(c2ccccc2)CC1,0,-0.3526337268743069
PPDB,100,Route+Agrochemical,424,875,O=C(Nc1ncccn1)NS(=O)(=O)c1ccccc1C(=O)OC1COC1,1,0.3057386632945782
PPDB,100,Route+Agrochemical,425,877,O=C(Nc1ccccc1)c1cncs1,1,-0.07313846080954511
PPDB,100,Route+Agrochemical,426,878,c1ccccc1,0,-0.07313846080954511
PPDB,100,Route+Agrochemical,427,879,O=C(NC(=O)c1ccccc1)Nc1ccccc1,1,0.4858614256526017
PPDB,100,Route+Agrochemical,428,880,c1ccccc1,1,-0.7315108509784303
PPDB,100,Route+Agrochemical,429,881,C=C1C(=O)CC(C2CCCSC2)CC1=O,1,-0.3526337268743069
PPDB,100,Route+Agrochemical,430,882,O=C(NC(=O)c1ccccc1)Nc1ccccc1,1,0.4858614256526017
PPDB,100,Route+Agrochemical,431,884,C1=CCC(CCCC2CC=CCC2)CC1,0,0.5552094585895077
PPDB,100,Route+Agrochemical,432,885,O=c1cc[nH]cn1,0,0.17633233448538432
PPDB,100,Route+Agrochemical,433,886,c1ccncc1,1,0.3057386632945782
PPDB,100,Route+Agrochemical,434,887,O=C(OCc1cccc(Oc2ccccc2)c1)C1CC1,1,0.4858614256526017
PPDB,100,Route+Agrochemical,435,889,C=C1C(=O)CCCC1=O,1,-0.3526337268743069
PPDB,100,Route+Agrochemical,436,890,O=C1CC(C2CCCSC2)CC(=O)C1=CNOCCOc1ccccc1,0,-0.3526337268743069
PPDB,100,Route+Agrochemical,437,891,ACYCLIC:[Al+3].[Al+3].[O-][Si]([O-])([O-])O[Si]([O-])([O-])[O-],1,0.11515886537880304
PPDB,100,Route+Agrochemical,438,892,c1ccncc1,1,0.3057386632945782
PPDB,100,Route+Agrochemical,439,893,c1ccccc1,1,-0.3526337268743069
PPDB,100,Route+Agrochemical,440,894,C1CC[NH2+]CC1,1,0.11515886537880304
PPDB,100,Route+Agrochemical,441,895,O=C(NCCOc1ccccc1)n1ccnc1.O=C(NCCOc1ccccc1)n1ccnc1,0,0.7735312555476882
PPDB,100,Route+Agrochemical,442,896,O=c1cc[nH]cn1,1,-0.07313846080954511
PPDB,100,Route+Agrochemical,443,897,N=C(Cc1cccnc1)c1ccccc1,1,-0.07313846080954511
PPDB,100,Route+Agrochemical,444,899,c1ccccc1,0,0.3057386632945782
PPDB,100,Route+Agrochemical,445,900,C=C1C(=O)CCCC1=O,1,-0.3526337268743069
PPDB,100,Route+Agrochemical,446,904,ACYCLIC:C[As](=O)([O-])[O-].C[As](=O)([O-])[O-].[Ca+2],1,-0.3526337268743069
PPDB,100,Route+Agrochemical,447,905,O=C(Nc1ncccn1)NS(=O)(=O)c1ccccn1,1,-0.3526337268743069
PPDB,100,Route+Agrochemical,448,908,C=C1C(=O)CC(c2ccccc2)CC1=O,1,-0.3526337268743069
PPDB,100,Route+Agrochemical,449,911,O=c1[nH]nnn1-c1ccccc1COc1ccn(-c2ccccc2)n1,1,-0.7315108509784303
PPDB,100,Route+Agrochemical,450,913,c1ccc(CSC(Cn2cncn2)=Nc2ccccc2)cc1,0,-0.07313846080954511
PPDB,100,Route+Agrochemical,451,914,O=C(Cc1ccccc1)N=C(NOCC1CC1)c1ccccc1,1,-0.7315108509784303
PPDB,100,Route+Agrochemical,452,915,c1ccc(COc2ccncn2)cc1,1,0.11515886537880304
PPDB,100,Route+Agrochemical,453,917,c1ccccc1,1,0.11515886537880304
PPDB,100,Route+Agrochemical,454,918,c1ccc(COc2ccccc2)cc1,1,-0.07313846080954511
PPDB,100,Route+Agrochemical,455,920,c1nncs1,0,0.5552094585895077
PPDB,100,Route+Agrochemical,456,921,O=c1cnn(-c2ccccc2)c2ccccc12,1,0.11515886537880304
PPDB,100,Route+Agrochemical,457,922,c1ccc(Oc2ccccn2)cc1,1,0.3057386632945782
PPDB,100,Route+Agrochemical,458,924,O=C(Nc1ncncn1)NS(=O)(=O)c1ccccc1,0,-0.3526337268743069
PPDB,100,Route+Agrochemical,459,925,ACYCLIC:ClOCl.[Cu+2],1,-0.07313846080954511
PPDB,100,Route+Agrochemical,460,926,C(=Cc1ccn[nH]1)c1ccccc1,1,0.4858614256526017
PPDB,100,Route+Agrochemical,461,929,O=C(COc1ccc(Oc2nc3ccccc3o2)cc1)Nc1ccccc1,1,0.3057386632945782
PPDB,100,Route+Agrochemical,462,932,O=C([N-]c1ncccn1)NS(=O)(=O)c1ccccn1,1,-0.3526337268743069
PPDB,100,Route+Agrochemical,463,935,O=c1[nH]cnc2ccccc12,0,-0.07313846080954511
PPDB,100,Route+Agrochemical,464,938,c1ccccc1,1,-0.3526337268743069
PPDB,100,Route+Agrochemical,465,939,c1ccccc1,1,-0.3526337268743069
PPDB,100,Route+Agrochemical,466,941,ACYCLIC:[K+].[O-]P(O)O,0,0.7735312555476882
PPDB,100,Route+Agrochemical,467,945,c1ccccc1,0,0.17633233448538432
PPDB,100,Route+Agrochemical,468,947,c1ccccc1,1,1.0230020508426176
PPDB,100,Route+Agrochemical,469,948,ACYCLIC:S=C([S-])S[S-].[Na+].[Na+],1,0.11515886537880304
PPDB,100,Route+Agrochemical,470,949,ACYCLIC:O=C(O)CNCP(=O)([O-])O.[K+],1,-0.3526337268743069
PPDB,100,Route+Agrochemical,471,954,c1ccccc1,1,-0.7315108509784303
PPDB,100,Route+Agrochemical,472,958,O=C(Nc1cccc2c1C1CCC2C1)c1cn[nH]c1,0,-0.07313846080954511
PPDB,100,Route+Agrochemical,473,963,C1CCCCC1,1,-0.7315108509784303
PPDB,100,Route+Agrochemical,474,965,O=C1COc2ccc(-n3c(=O)[nH]c(=S)[nH]c3=O)cc2N1,1,-0.3526337268743069
PPDB,100,Route+Agrochemical,475,967,c1ccc(CCOCc2cccc(Oc3ccccc3)c2)cc1,1,1.3937046111164162
PPDB,100,Route+Agrochemical,476,969,c1ccncc1,1,0.4858614256526017
PPDB,100,Route+Agrochemical,477,971,O=C(Nc1ccccc1-c1ccccc1)c1cn[nH]c1,1,0.11515886537880304
PPDB,100,Route+Agrochemical,478,972,O=C(Cc1ccccc1)c1ccccc1,0,0.4858614256526017
PPDB,100,Route+Agrochemical,479,974,ACYCLIC:O=C(O)CNCP(=O)([O-])O.O=C(O)CNCP(=O)([O-])[O-].[Na+].[Na+].[Na+],1,-0.3526337268743069
PPDB,100,Route+Agrochemical,480,975,O=C(NCCOc1ccccc1)n1ccnc1.O=C(NCCOc1ccccc1)n1ccnc1.O=C(NCCOc1ccccc1)n1ccnc1.O=C(NCCOc1ccccc1)n1ccnc1,0,0.7735312555476882
PPDB,100,Route+Agrochemical,481,978,ACYCLIC:O.O.O.O.O.OB(O)O.[Na+],0,0.11515886537880304
PPDB,100,Route+Agrochemical,482,980,O=C(Nc1ccccc1)c1ccc(C(=O)c2ccccc2)cc1,1,-0.7315108509784303
PPDB,100,Route+Agrochemical,483,982,O=C1C=CCCC1,1,-0.3526337268743069
PPDB,100,Route+Agrochemical,484,984,O1[AsH]O[AsH]O[AsH]1.O1[AsH]O[AsH]O[AsH]1,1,1.3937046111164162
PPDB,100,Route+Agrochemical,485,988,O=C(Nc1ncncn1)NS(=O)(=O)c1ccccc1,1,0.3057386632945782
PPDB,100,Route+Agrochemical,486,990,c1ccncc1,1,0.3057386632945782
PPDB,100,Route+Agrochemical,487,993,C=C1C(=O)CC(c2ccccc2)CC1=O,0,-0.3526337268743069
PPDB,100,Route+Agrochemical,488,994,O=C(Cc1ccccc1)OCc1cccc(Oc2ccccc2)c1,1,0.11515886537880304
PPDB,100,Route+Agrochemical,489,996,c1cnc2ncnn2c1,1,-0.7315108509784303
PPDB,100,Route+Agrochemical,490,999,O=c1c(-c2ccccc2)cn(Cc2cncnc2)c2cccc[n+]12,1,0.4858614256526017
PPDB,100,Route+Agrochemical,491,1001,O=C(Nc1cccc(C(=O)Nc2ccccc2)c1)c1ccccc1,1,0.4858614256526017
PPDB,100,Route+Agrochemical,492,1003,O=C(Nc1ccccc1)c1cn[nH]c1,1,-0.7315108509784303
PPDB,100,Route+Agrochemical,493,1004,O=C(NCC1CC1)c1ccccc1NC(=O)c1ccnn1-c1ccccn1,1,1.1442338158214866
PPDB,100,Route+Agrochemical,494,1005,c1ccccc1,1,0.11515886537880304
PPDB,100,Route+Agrochemical,495,1007,O=C(NS(=O)(=O)c1ccccc1)c1cn2ccccc2n1,1,0.7735312555476882
PPDB,100,Route+Agrochemical,496,1008,O=C(NS(=O)(=O)c1ccsc1)n1nc[nH]c1=O,0,0.3057386632945782
PPDB,100,Route+Agrochemical,497,1011,O=C(c1ccccc1)c1ncncn1,1,0.3057386632945782
PPDB,100,Route+Agrochemical,498,1012,O=C(OCc1ccccc1)C1CC1,1,0.4858614256526017
PPDB,100,Route+Agrochemical,499,1014,O=C(NS(=O)(=O)c1ccsc1)n1nc[nH]c1=O,0,0.3057386632945782
PPDB,100,Route+Agrochemical,500,1017,ACYCLIC:[O-]B([O-])[O-].[O-]B([O-])[O-].[Zn+2].[Zn+2].[Zn+2],0,-0.7315108509784303
PPDB,100,Route+Agrochemical,501,1020,O=C(NC1COC(=O)C(Cc2ccccc2)CCOC1=O)c1ccccn1,0,-0.7315108509784303
PPDB,100,Route+Agrochemical,502,1021,N=c1ccccn1Cc1cccnc1,1,0.3057386632945782
PPDB,100,Route+Agrochemical,503,1023,ACYCLIC:O=C(O)CNCP(=O)([O-])[O-].[NH4+].[NH4+],1,-0.3526337268743069
PPDB,100,Route+Agrochemical,504,1024,O=C(c1cn[nH]c1)N(Cc1ccccc1)C1CC1,1,-0.7315108509784303
PPDB,100,Route+Agrochemical,505,1025,C(=Nc1cccc2c1CCC2)c1cn[nH]c1,1,0.7735312555476882
PPDB,100,Route+Agrochemical,506,1027,c1ccc(-c2ccccn2)cc1,1,-0.3526337268743069
PPDB,100,Route+Agrochemical,507,1031,ACYCLIC:CNC.O=C(O)CNCP(=O)(O)O,1,-0.3526337268743069
PPDB,100,Route+Agrochemical,508,1032,ACYCLIC:N.O=C(O)CNCP(=O)(O)O,1,-0.3526337268743069
PPDB,100,Route+Agrochemical,509,1033,O=C1CCON1Cc1ccccc1,1,-0.3526337268743069
PPDB,11,ECFPStructure,0,4,O=S(=O)(c1ccccc1)c1ccccc1,1,-1.120466738040692
PPDB,11,ECFPStructure,1,7,ACYCLIC:O=C([O-])[O-].[Ca+2],0,-1.0179884503535577
PPDB,11,ECFPStructure,2,9,ACYCLIC:[I-].[K+],1,-0.4738245474123289
PPDB,11,ECFPStructure,3,10,c1ccccc1,1,1.0489498240050017
PPDB,11,ECFPStructure,4,12,ACYCLIC:N#C[S-].[K+],1,-0.30581494627457173
PPDB,11,ECFPStructure,5,14,ACYCLIC:O=[As](O)(O)O,1,-0.5393088212604146
PPDB,11,ECFPStructure,6,16,ACYCLIC:COP(=S)(OC)SCC(=O)N(C)C=O,1,0.9478471208663866
PPDB,11,ECFPStructure,7,17,ACYCLIC:O=S(=O)([O-])[O-].[Cu+2],0,-1.0179124310097114
PPDB,11,ECFPStructure,8,18,ACYCLIC:O.[Cu].[Cu],0,-0.6031333867816966
PPDB,11,ECFPStructure,9,24,ACYCLIC:[Al]#[P],1,-0.6617246887849966
PPDB,11,ECFPStructure,10,25,c1ccccc1,0,-1.1295827500141358
PPDB,11,ECFPStructure,11,28,ACYCLIC:CCCCCCCCCCCCCCCC(=O)O,0,-1.424560310750464
PPDB,11,ECFPStructure,12,29,ACYCLIC:[Cl][Cu][Cl],0,-0.29450138294236805
PPDB,11,ECFPStructure,13,30,ACYCLIC:N#CN,1,-0.32695788322901215
PPDB,11,ECFPStructure,14,31,c1ccccc1,0,-0.6340852419608511
PPDB,11,ECFPStructure,15,32,O=c1oc2ccccc2cc1Cc1ccccc1,0,-0.536677569393098
PPDB,11,ECFPStructure,16,36,ACYCLIC:[Cu+2].[OH-].[OH-],0,-0.4654847203091258
PPDB,11,ECFPStructure,17,37,ACYCLIC:CN(C)C(CSC(N)=O)CSC(N)=O,1,-0.7752648809470417
PPDB,11,ECFPStructure,18,39,ACYCLIC:O=C([O-])O.[K+],0,-1.08992197643089
PPDB,11,ECFPStructure,19,42,ACYCLIC:O=P([O-])([O-])[O-].O=P([O-])([O-])[O-].[Ca+2].[Ca+2].[Ca+2],0,-0.0012210292552640722
PPDB,11,ECFPStructure,20,53,ACYCLIC:CCCCCCCCCCO,0,-1.117941704861385
PPDB,11,ECFPStructure,21,55,ACYCLIC:O=P([O-])([O-])[O-].[Fe+3],0,-0.024722670782050038
PPDB,11,ECFPStructure,22,58,ACYCLIC:O=P([O-])([O-])OP(=O)([O-])[O-].O=P([O-])([O-])OP(=O)([O-])[O-].O=P([O-])([O-])OP(=O)([O-])[O-].[Fe+3].[Fe+3].[Fe+3].[Fe+3],0,0.32150385900736383
PPDB,11,ECFPStructure,23,62,c1cc[n+]2c(c1)-c1cccc[n+]1CC2,0,-0.3782185283826398
PPDB,11,ECFPStructure,24,63,c1ccc2ncccc2c1,0,-0.8631446280459126
PPDB,11,ECFPStructure,25,68,c1ccccc1,0,0.9726172328286282
PPDB,11,ECFPStructure,26,69,ACYCLIC:O=C([O-])C(Cl)(Cl)Cl.[Na+],0,-0.7718728918051996
PPDB,11,ECFPStructure,27,70,C(=Nc1ccccc1)NC=Nc1ccccc1,0,-0.6575531122212921
PPDB,11,ECFPStructure,28,71,ACYCLIC:O=[As]([O-])([O-])[O-].O=[As]([O-])([O-])[O-].[Ca+2].[Ca+2].[Ca+2],1,-0.4824091998841328
PPDB,11,ECFPStructure,29,74,c1ccc(Cc2ccccc2)cc1,1,-0.8403834107594303
PPDB,11,ECFPStructure,30,78,ACYCLIC:CBr,0,-0.728862903367869
PPDB,11,ECFPStructure,31,85,ACYCLIC:ClCC(Br)CBr,0,-0.39808584774721634
PPDB,11,ECFPStructure,32,88,c1ccccc1,0,-1.1986824021321965
PPDB,11,ECFPStructure,33,91,ACYCLIC:CCCSC(=O)N(CCC)CCC,1,-0.2279119706555003
PPDB,11,ECFPStructure,34,93,C1OCOCOCO1,0,-0.9462024250831924
PPDB,11,ECFPStructure,35,97,c1ccc(-c2ccccc2)cc1,0,-0.9329940814027786
PPDB,11,ECFPStructure,36,99,c1ccccc1,0,-1.0089768787795947
PPDB,11,ECFPStructure,37,106,ACYCLIC:COP(=O)(OC)C(O)C(Cl)(Cl)Cl,1,0.4942701770435666
PPDB,11,ECFPStructure,38,107,c1ccc(Cc2ccccc2)cc1,1,-0.5744051930469304
PPDB,11,ECFPStructure,39,110,C1COCCN1,0,-1.4251580290874248
PPDB,11,ECFPStructure,40,112,O=c1c2sccsc=2c(=O)c2ccccc12,0,0.0644200682501957
PPDB,11,ECFPStructure,41,113,c1ccc(Cc2ccccc2)cc1,1,-0.4824966337760033
PPDB,11,ECFPStructure,42,114,ACYCLIC:CCOP(=S)(OCC)SCSP(=S)(OCC)OCC,1,1.100712065110617
PPDB,11,ECFPStructure,43,120,ACYCLIC:CCOP(=S)(OCC)SCCl,1,0.9161861164527914
PPDB,11,ECFPStructure,44,122,c1ccc(CCn2cncn2)cc1,1,-1.036949459401448
PPDB,11,ECFPStructure,45,125,ACYCLIC:O=S(=O)(F)F,1,-0.8362460620435476
PPDB,11,ECFPStructure,46,126,O=C1C=CC(=O)c2ccccc21,0,-0.8244390091540581
PPDB,11,ECFPStructure,47,127,c1ccccc1,0,-1.10540472528351
PPDB,11,ECFPStructure,48,132,ACYCLIC:CCC[CH2][Sn]([CH2]CCC)([CH2]CCC)[O][Sn]([CH2]CCC)([CH2]CCC)[CH2]CCC,1,-1.017628383278896
PPDB,11,ECFPStructure,49,134,c1ccc2c(c1)CCO2,1,-0.07886595933491275
PPDB,11,ECFPStructure,50,141,C1=CC2C3C=CC(C3)C2C1,0,-0.36814557389828617
PPDB,11,ECFPStructure,51,147,ACYCLIC:CCC(C)N,0,-1.107864776026401
PPDB,11,ECFPStructure,52,148,ACYCLIC:O=[PH]([O-])[O-].[Na+].[Na+],0,-0.8594075113682866
PPDB,11,ECFPStructure,53,149,O=C1NC(=O)C2CC=CCC12,0,-0.3882867340232057
PPDB,11,ECFPStructure,54,150,c1ccccc1,0,-1.0470262940464072
PPDB,11,ECFPStructure,55,152,O=c1[nH]c2c(c(=O)n1C1CCCCC1)CCC2,0,-0.9246653441529915
PPDB,11,ECFPStructure,56,156,c1ccc2ccccc2c1,0,-1.1389053357237608
PPDB,11,ECFPStructure,57,157,ACYCLIC:[Ca+2].[Cl-].[Cl-],0,-0.5745229957932585
PPDB,11,ECFPStructure,58,159,O=C(Nc1ncncn1)NS(=O)(=O)c1ccccc1,1,-1.0814094851055767
PPDB,11,ECFPStructure,59,161,c1ccc2c(c1)OCO2,0,-0.7472494196224442
PPDB,11,ECFPStructure,60,163,ACYCLIC:O=[As]([O-])([O-])O.[Pb+2],1,-0.6701146354486269
PPDB,11,ECFPStructure,61,164,c1ccc2ccccc2c1,0,-0.9287989566086128
PPDB,11,ECFPStructure,62,165,O=C(Nc1ncncn1)NS(=O)(=O)c1ccccc1,0,-1.230727791614361
PPDB,11,ECFPStructure,63,166,c1ccccc1,0,-0.8768772585486129
PPDB,11,ECFPStructure,64,172,c1ccc(Oc2ccccc2)cc1,0,-1.129229984103144
PPDB,11,ECFPStructure,65,175,ACYCLIC:O.O.[O]=[Al][O][Si](=O)O[Si](=O)[O][Al]=[O],0,-0.4991354700460332
PPDB,11,ECFPStructure,66,177,c1ccccc1,0,-0.42453976135647986
PPDB,11,ECFPStructure,67,181,c1ccc(Cc2ccccc2)cc1,1,-0.5341400991801651
PPDB,11,ECFPStructure,68,191,O=C1CCCN1c1ccccc1,0,-0.7778238550931547
PPDB,11,ECFPStructure,69,195,ACYCLIC:CCCCSP(=O)(SCCCC)SCCCC,0,0.33491623390411257
PPDB,11,ECFPStructure,70,200,ACYCLIC:C=CC(Cl)Cl,1,-0.5752511141571472
PPDB,11,ECFPStructure,71,201,O=C(Nc1ncccn1)NS(=O)(=O)Nc1ccccc1C(=O)C1CC1,0,-1.1636154734587856
PPDB,11,ECFPStructure,72,208,c1ccccc1,0,-0.8696086595810859
PPDB,11,ECFPStructure,73,211,O=C1C=CC(OC(=O)C2CC2)C1,1,0.7731385424594799
PPDB,11,ECFPStructure,74,213,c1ccccc1,0,-0.6141018145435552
PPDB,11,ECFPStructure,75,220,ACYCLIC:CN(C)C(=S)[S-].CN(C)C(=S)[S-].[Zn+2],0,-0.9539512208110361
PPDB,11,ECFPStructure,76,227,ACYCLIC:CCOP(=O)=O,0,-0.30567129538376914
PPDB,11,ECFPStructure,77,228,c1ccccc1,1,0.8002136634901287
PPDB,11,ECFPStructure,78,231,ACYCLIC:CCSCCOP(=S)(OC)OC,1,1.012239361294918
PPDB,11,ECFPStructure,79,232,O=C1CN=C(c2ccccn2)N1,0,-1.4095657600295368
PPDB,11,ECFPStructure,80,234,c1ccccc1,1,-0.6347503507378255
PPDB,11,ECFPStructure,81,236,c1ccc(CSc2ccccc2)cc1,0,-0.000899090733993746
PPDB,11,ECFPStructure,82,244,ACYCLIC:O=S(=O)([O-])C(F)(F)C(F)(F)C(F)(F)C(F)(F)C(F)(F)C(F)(F)C(F)(F)C(F)(F)F.[Li+],1,0.1592038648903617
PPDB,11,ECFPStructure,83,245,ACYCLIC:CCOP(=S)(OCC)OCCSCC,1,0.9705838902732229
PPDB,11,ECFPStructure,84,250,O=C(OCc1cccc(Oc2ccccc2)c1)C1CC1,1,1.422029998381195
PPDB,11,ECFPStructure,85,252,C1CC1,0,-1.0997911095581723
PPDB,11,ECFPStructure,86,257,ACYCLIC:CNC(=S)[S-].[Na+],0,-0.49992170504194955
PPDB,11,ECFPStructure,87,258,c1cc[c]([SnH]([c]2ccccc2)[c]2ccccc2)cc1,0,-0.6120820931370523
PPDB,11,ECFPStructure,88,259,ACYCLIC:[Ba+2].[S-2],0,-0.4683593858443272
PPDB,11,ECFPStructure,89,260,O=C(Nc1cccc2ccccc12)c1ccccc1,0,-0.8946520336265027
PPDB,11,ECFPStructure,90,263,c1ccccc1,0,-1.0536763163124723
PPDB,11,ECFPStructure,91,267,c1ccccc1,0,-1.2339152184498998
PPDB,11,ECFPStructure,92,272,O=c1[nH]c(=O)n(-c2ccccc2)o1,0,-1.1812053696350369
PPDB,11,ECFPStructure,93,274,ACYCLIC:O=C([O-])[O-].[Cu+2],0,-1.0910169833393406
PPDB,11,ECFPStructure,94,275,c1ccccc1,0,-0.42811341144109305
PPDB,11,ECFPStructure,95,276,c1ccccc1,1,-0.2544909003675917
PPDB,11,ECFPStructure,96,277,c1ccccc1,0,-1.057712191808674
PPDB,11,ECFPStructure,97,278,O=C1NC(=O)c2ccccc21,1,0.610701751415814
PPDB,11,ECFPStructure,98,282,ACYCLIC:CN(C)NC(=O)CCC(=O)O,0,-0.9024323618334557
PPDB,11,ECFPStructure,99,284,c1ccccc1,0,-1.2722584957058236
PPDB,11,ECFPStructure,100,285,C1OCC2OC3OCOC3C2O1,0,-1.0290075963396477
PPDB,11,ECFPStructure,101,290,ACYCLIC:C[N+](C)(C)CCCl,0,-0.9406560266358375
PPDB,11,ECFPStructure,102,293,c1ccccc1,0,-1.0554197824098595
PPDB,11,ECFPStructure,103,297,c1ccccc1,0,-1.0817781463288754
PPDB,11,ECFPStructure,104,300,c1ncncn1,0,-0.6694210922251638
PPDB,11,ECFPStructure,105,301,ACYCLIC:CNC(=O)C(C)SCCSP(=O)(OC)OC,1,0.6276803443791994
PPDB,11,ECFPStructure,106,302,ACYCLIC:CC(Cl)(Cl)C(=O)[O-].[Na+],0,-1.251852204637662
PPDB,11,ECFPStructure,107,305,c1cc[n+]2c(c1)-c1cccc[n+]1CC2,0,-0.4677009600840239
PPDB,11,ECFPStructure,108,311,c1cncnc1,0,-0.927709708963605
PPDB,11,ECFPStructure,109,313,c1ccccc1,0,-0.5761778673499323
PPDB,11,ECFPStructure,110,315,C1=CC1,1,-1.1723092340179848
PPDB,11,ECFPStructure,111,318,c1ccc(Oc2ccccc2)cc1,0,-0.5639853436866546
PPDB,11,ECFPStructure,112,323,ACYCLIC:S=C([S-])NCCNC(=S)S.S=C([S-])NCCNC(=S)S.[NH2-].[Zn],0,-0.6282214564949329
PPDB,11,ECFPStructure,113,328,ACYCLIC:S=C([S-])NCCNC(=S)[S-].[Zn+2],1,-0.9587366571608116
PPDB,11,ECFPStructure,114,331,ACYCLIC:C[As](=O)(O)O,0,-0.9942179554293902
PPDB,11,ECFPStructure,115,332,c1ccccc1,1,0.8590839758934592
PPDB,11,ECFPStructure,116,333,c1ccccc1,0,-0.8531071780988682
PPDB,11,ECFPStructure,117,336,c1ncncn1,0,-0.6304140817166528
PPDB,11,ECFPStructure,118,337,O=S1OCC2C3C=CC(C3)C2CO1,1,0.18926792642991458
PPDB,11,ECFPStructure,119,338,c1ccc(Cc2ccccc2)cc1,0,-0.7903610815696258
PPDB,11,ECFPStructure,120,341,O=C1NC(=O)C2CC=CCC12,0,-0.47376271846518625
PPDB,11,ECFPStructure,121,342,c1ccccc1,0,-1.009513419856616
PPDB,11,ECFPStructure,122,344,c1ccccc1,1,-0.0065782075715244415
PPDB,11,ECFPStructure,123,348,c1ccccc1,0,-0.5128361980986247
PPDB,11,ECFPStructure,124,349,c1ccc(Cc2ccccc2)cc1,0,-0.6345280650792418
PPDB,11,ECFPStructure,125,352,c1ccccc1,0,-0.8721050207558783
PPDB,11,ECFPStructure,126,353,c1ncncn1,0,-0.9155455782606122
PPDB,11,ECFPStructure,127,354,ACYCLIC:S=C([S-])NCCNC(=S)[S-].S=C([S-])NCCNC(=S)[S-].[Mn+2].[Zn+2],0,-0.9712727979561753
PPDB,11,ECFPStructure,128,356,O=C1C=CC(=O)c2ccccc21,0,-0.9087889281607293
PPDB,11,ECFPStructure,129,357,c1ncncn1,0,-0.5794257443852144
PPDB,11,ECFPStructure,130,360,ACYCLIC:CNC(=O)/C=C(\C)OP(=O)(OC)OC,1,1.3325504690085679
PPDB,11,ECFPStructure,131,362,ACYCLIC:CCCCN(CC)C(=O)SCCC,1,-0.5070044124145631
PPDB,11,ECFPStructure,132,364,c1ccccc1,0,-0.7051225159507356
PPDB,11,ECFPStructure,133,365,O=C(OCN1C(=O)C2=C(CCCC2)C1=O)C1CC1,1,0.5212520341734688
PPDB,11,ECFPStructure,134,368,c1ccccc1,1,0.21960665322039524
PPDB,11,ECFPStructure,135,372,c1ccccc1,0,-0.7067599707993026
PPDB,11,ECFPStructure,136,375,c1ccccc1,0,-0.6371137643717735
PPDB,11,ECFPStructure,137,376,C1CCCNCC1,1,-0.8564923933444641
PPDB,11,ECFPStructure,138,377,O=c1cc[nH]c2cc3c(cc12)OCO3,0,-0.7483876101543395
PPDB,11,ECFPStructure,139,378,c1ccccc1,0,-1.2168419046112153
PPDB,11,ECFPStructure,140,383,c1ccccc1,1,1.0369400740937122
PPDB,11,ECFPStructure,141,384,c1coc(-c2nc3ccccc3[nH]2)c1,0,-0.6016512401527704
PPDB,11,ECFPStructure,142,386,c1ccc(Oc2ccccc2)cc1,0,-1.1058262645476566
PPDB,11,ECFPStructure,143,391,O=c1[nH]c2ccccc2s1,0,-0.9689781796157818
PPDB,11,ECFPStructure,144,394,c1ncncn1,1,-0.8239971693437815
PPDB,11,ECFPStructure,145,395,c1ccc(-c2ncccn2)cc1,0,-0.46980312136817864
PPDB,11,ECFPStructure,146,401,O=C1c2ccccc2C(=O)C1C(=O)C(c1ccccc1)c1ccccc1,1,-0.6037593645129573
PPDB,11,ECFPStructure,147,402,C1C2C3C4CC5C3C1C5C24,0,-0.16616753919000404
PPDB,11,ECFPStructure,148,403,c1ccncc1,0,-0.9854993077678169
PPDB,11,ECFPStructure,149,404,c1ccc(Nc2ncncn2)cc1,0,-0.6573958155122603
PPDB,11,ECFPStructure,150,406,ACYCLIC:CNC(=O)ON=CC(C)(C)S(C)(=O)=O,0,0.2642801726865584
PPDB,11,ECFPStructure,151,409,O=C(Nc1ccccc1)C1=COCCS1(=O)=O,0,-0.9718068034818832
PPDB,11,ECFPStructure,152,411,c1ccccc1,0,-0.9603596561632621
PPDB,11,ECFPStructure,153,412,c1ccccc1,0,-0.2790397215267198
PPDB,11,ECFPStructure,154,413,c1ccsc1,0,-0.9993066704345077
PPDB,11,ECFPStructure,155,414,c1ccccc1,0,-0.8971143265796807
PPDB,11,ECFPStructure,156,419,c1ccccc1,0,-1.081931227103739
PPDB,11,ECFPStructure,157,420,O=c1cnnc[nH]1,0,-0.7845447191343609
PPDB,11,ECFPStructure,158,422,c1ccccc1,1,1.1220475995454617
PPDB,11,ECFPStructure,159,423,c1ccc2scnc2c1,1,-0.4662184340734679
PPDB,11,ECFPStructure,160,426,c1ncncn1,0,-0.6219849518747256
PPDB,11,ECFPStructure,161,427,c1ccccc1,0,-0.9791600687692237
PPDB,11,ECFPStructure,162,428,ACYCLIC:CP(=O)(O)CCC(N)C(=O)O,0,-0.7898947889091107
PPDB,11,ECFPStructure,163,430,O=C1NS(=O)(=O)Nc2ccccc21,0,-0.8987389713909115
PPDB,11,ECFPStructure,164,432,ACYCLIC:CP(=O)(O)CCC(N)C(=O)[O-].[NH4+],0,-0.7314035246032095
PPDB,11,ECFPStructure,165,433,c1ccccc1,0,-1.0204774957828215
PPDB,11,ECFPStructure,166,437,c1cncnc1,1,0.013233673504036925
PPDB,11,ECFPStructure,167,444,C1CC2CCC1C2,1,-0.3468450776393134
PPDB,11,ECFPStructure,168,445,c1ccccc1,1,-0.8225371382762827
PPDB,11,ECFPStructure,169,446,c1ccc(-n2cncn2)cc1,0,0.8574403105968
PPDB,11,ECFPStructure,170,447,c1ccccc1,0,-0.4068319844209567
PPDB,11,ECFPStructure,171,450,c1ccccc1,0,-1.1267773276718673
PPDB,11,ECFPStructure,172,452,c1ccc2ccccc2c1,0,-0.555178307946416
PPDB,11,ECFPStructure,173,455,O=C(NC(=O)c1ccccc1)Nc1ccccc1,1,-0.5332623426696885
PPDB,11,ECFPStructure,174,457,c1ccccc1,0,-0.7091167099078676
PPDB,11,ECFPStructure,175,458,O=C(OCCCN1CCCCC1)c1ccccc1,0,-1.1266059708257965
PPDB,11,ECFPStructure,176,460,C1CCCCCC(N2CCOCC2)CCCCC1,0,-1.0077518570990114
PPDB,11,ECFPStructure,177,461,c1ccccc1,0,-0.9919075443954226
PPDB,11,ECFPStructure,178,468,ACYCLIC:CCOC(=O)C=C(C)C=CCC(C)CCCC(C)C,1,-0.4054500481613781
PPDB,11,ECFPStructure,179,469,ACYCLIC:COC(C)(C)CCCC(C)CC=CC(C)=CC(=O)OC(C)C,1,-0.3997079204698092
PPDB,11,ECFPStructure,180,471,c1ccc(Oc2ccccc2)cc1,0,-1.0997684750834504
PPDB,11,ECFPStructure,181,472,c1ncncn1,0,-0.8732858883332405
PPDB,11,ECFPStructure,182,473,O=c1cccnn1-c1ccccc1,0,-0.3329617588841369
PPDB,11,ECFPStructure,183,474,c1ccc(-c2ccno2)cc1,1,1.003332304043894
PPDB,11,ECFPStructure,184,484,c1ncncn1,0,-1.0189336292569626
PPDB,11,ECFPStructure,185,485,C1CC[NH2+]CC1,0,-1.0305376377505504
PPDB,11,ECFPStructure,186,489,O=C1CCCC(=O)C1C(=O)c1ccccc1,0,-0.9195650331282264
PPDB,11,ECFPStructure,187,490,ACYCLIC:CC(CNC(=S)[S-])NC(=S)[S-].[Zn+2],0,-1.113311369082658
PPDB,11,ECFPStructure,188,492,ACYCLIC:NC(N)=NCCCCCCCCNCCCCCCCCN=C(N)N,0,-0.8870514510822711
PPDB,11,ECFPStructure,189,493,O=C(OCc1cccc(Oc2ccccc2)c1)C1CC1,1,0.6473908389570804
PPDB,11,ECFPStructure,190,498,O=c1[nH]cnnc1-c1ccccc1,0,-0.8396098984427316
PPDB,11,ECFPStructure,191,499,ACYCLIC:C#CCOC(=O)C=C(C)C=CCC(C)CCCC(C)C,0,-0.49545091877962866
PPDB,11,ECFPStructure,192,500,O=C(NC(=O)c1ccccc1)Nc1ccccc1,0,-0.400605773033919
PPDB,11,ECFPStructure,193,507,c1ccccc1,1,0.9490747660909791
PPDB,11,ECFPStructure,194,514,O=C1COC(=O)N1c1ccccc1,0,-0.6860798142473643
PPDB,11,ECFPStructure,195,517,O=C1C2CC2C(=O)N1c1ccccc1,0,-0.9261015724699588
PPDB,11,ECFPStructure,196,518,c1ccc(C(c2ccccc2)c2cncnc2)cc1,0,-0.1977981817722948
PPDB,11,ECFPStructure,197,521,c1nc[n]([Sn]([CH]2CCCCC2)([CH]2CCCCC2)[CH]2CCCCC2)n1,0,-0.8510092483816087
PPDB,11,ECFPStructure,198,522,c1ccc(C(Cn2cncn2)c2ccccc2)cc1,1,-0.8392364695789563
PPDB,11,ECFPStructure,199,523,c1ccccc1,0,-0.9009635334116222
PPDB,11,ECFPStructure,200,524,c1ccccc1,0,-0.8224222977025156
PPDB,11,ECFPStructure,201,525,O=C(Nc1ccccc1)c1ccco1,1,-0.6505675904037477
PPDB,11,ECFPStructure,202,526,c1ccc(Oc2ccccc2)cc1,0,-0.6995554310865784
PPDB,11,ECFPStructure,203,527,c1ccccc1,1,0.8621033358801273
PPDB,11,ECFPStructure,204,528,c1ccccc1,0,-0.8762286076342137
PPDB,11,ECFPStructure,205,533,c1ccc2c(c1)sc1nncn12,0,-0.7203112223583339
PPDB,11,ECFPStructure,206,536,O=C(NC(=O)c1ccccc1)Nc1ccccc1,0,-0.32884947766496087
PPDB,11,ECFPStructure,207,537,c1ccc(-c2ccc(OCn3cncn3)cc2)cc1,0,-0.87825581171008
PPDB,11,ECFPStructure,208,539,C1=CC(C2C=CC=C2)C=C1,0,0.2882496282712676
PPDB,11,ECFPStructure,209,541,ACYCLIC:CCOP(=O)(O)C(N)=O,0,0.25366415430981765
PPDB,11,ECFPStructure,210,542,c1ccc(-c2cccnn2)cc1,0,-0.22442508543130002
PPDB,11,ECFPStructure,211,543,O=C(Cc1ccccc1)OCc1cccc(Oc2ccccc2)c1,1,0.49293509704005395
PPDB,11,ECFPStructure,212,544,C1CC[NH2+]CC1,0,-1.0565790994854474
PPDB,11,ECFPStructure,213,545,ACYCLIC:CC(=O)[O-].CC(=O)[O-].[Cu+2],0,-1.1469849707980686
PPDB,11,ECFPStructure,214,546,O=C(NCCOc1ccccc1)n1ccnc1,0,-0.6587900949973011
PPDB,11,ECFPStructure,215,549,c1cncnc1,1,0.9765256098487864
PPDB,11,ECFPStructure,216,556,c1ccc(OCn2ccnc2)cc1,1,-0.8303399315401829
PPDB,11,ECFPStructure,217,557,O=C1OCC2C3CCCC3CCC2C2CCCCC12,1,-0.3681320553968609
PPDB,11,ECFPStructure,218,558,c1ccc(-c2cc(-c3ccccc3)[nH+][nH]2)cc1,0,-0.510744160786984
PPDB,11,ECFPStructure,219,559,c1ccc(CCCN2CCCCC2)cc1,1,-0.8215226884358262
PPDB,11,ECFPStructure,220,560,ACYCLIC:CCCOC(=O)NCCCN(C)C,0,-0.9801501353320747
PPDB,11,ECFPStructure,221,561,c1ccc(CCn2cncn2)cc1.c1ccc(CCn2cncn2)cc1,1,-1.1765021886112532
PPDB,11,ECFPStructure,222,563,c1ccncc1,0,-0.8740513364338678
PPDB,11,ECFPStructure,223,565,ACYCLIC:CN(C)C(CSC(N)=O)CSC(N)=O.Cl,1,-0.7773722828324208
PPDB,11,ECFPStructure,224,566,O=C1OCCC1Nc1ccccc1,0,-1.168262422722725
PPDB,11,ECFPStructure,225,568,C1CSSSC1,0,-0.7687376257904498
PPDB,11,ECFPStructure,226,569,O=C(OCc1cccc(Oc2ccccc2)c1)C1CC1,1,1.379540233149127
PPDB,11,ECFPStructure,227,570,c1ccc(Oc2ccccc2)cc1,0,-1.2662330355334346
PPDB,11,ECFPStructure,228,571,c1ccc(Oc2ccccn2)cc1,0,-0.881789750518078
PPDB,11,ECFPStructure,229,572,c1ccccc1,1,-0.31395803788070065
PPDB,11,ECFPStructure,230,573,O=c1ocnn1-c1ccccc1,0,-0.9874468956398257
PPDB,11,ECFPStructure,231,574,O=C(Nc1ccccc1)N(Cc1ccccc1)C1CCCC1,0,-0.42933400340852396
PPDB,11,ECFPStructure,232,575,O=c1cccnn1-c1ccccc1,1,0.6053660374604337
PPDB,11,ECFPStructure,233,577,O=c1[nH]c2ncccc2o1,1,0.6438355190264777
PPDB,11,ECFPStructure,234,579,c1ccccc1,0,-0.7428049904139158
PPDB,11,ECFPStructure,235,580,O=C1COC(=O)N1c1ccccc1,0,-0.23224866427174742
PPDB,11,ECFPStructure,236,583,ACYCLIC:CNC(=O)ON=C(C)C(C)SC,1,0.48560420072224747
PPDB,11,ECFPStructure,237,584,O=C(NC(=O)c1ccccc1)Nc1ccccc1,0,-0.7001030463172981
PPDB,11,ECFPStructure,238,587,c1ccc(Oc2ccccc2)cc1,0,-0.4028599331593486
PPDB,11,ECFPStructure,239,588,c1ccc(Oc2ccccn2)cc1,0,-0.7445583331939891
PPDB,11,ECFPStructure,240,589,O=C(OCc1cccc(-c2ccccc2)c1)C1CC1,1,0.2853309408116785
PPDB,11,ECFPStructure,241,594,O=C(Cc1ccccc1)Nc1ccccc1,0,-0.7401200499147822
PPDB,11,ECFPStructure,242,596,c1ncncn1,0,-0.9150622950247109
PPDB,11,ECFPStructure,243,597,O=C(Nc1ncccn1)NS(=O)(=O)c1ccccc1,0,-1.3154979472550818
PPDB,11,ECFPStructure,244,598,C1CCNCC1,0,0.19856665240775834
PPDB,11,ECFPStructure,245,599,c1ccc(Oc2cnc3ccccc3n2)cc1,1,-0.8740049537304043
PPDB,11,ECFPStructure,246,602,c1ccc(Oc2ccccn2)cc1,0,-0.7619704093456205
PPDB,11,ECFPStructure,247,603,c1ccc(Oc2ccccc2)cc1,0,-0.9742520121508527
PPDB,11,ECFPStructure,248,604,c1ccc2[nH+]nc(-n3ccnc3)nc2c1,0,-0.38715109486857535
PPDB,11,ECFPStructure,249,605,O=C1OCCN1Nc1ccccc1,0,-0.9557328083859724
PPDB,11,ECFPStructure,250,606,c1ccncc1,0,-0.9767282874573846
PPDB,11,ECFPStructure,251,607,c1ccc(NCn2cccn2)cc1,0,-1.0528531374465715
PPDB,11,ECFPStructure,252,608,C1CSSSC1,0,-0.42740099461816694
PPDB,11,ECFPStructure,253,611,O=C(OCc1cccc(Oc2ccccc2)c1)C1CC1,1,1.0047897354246038
PPDB,11,ECFPStructure,254,612,C1CC[NH2+]CC1,0,-1.0095044632865413
PPDB,11,ECFPStructure,255,613,C(=Cn1cncn1)c1ccccc1,0,-0.7199483986490913
PPDB,11,ECFPStructure,256,615,O=C(NC(=O)c1ccccc1)Nc1ccc(Oc2ccccn2)cc1,0,-0.3674782027908453
PPDB,11,ECFPStructure,257,616,C(=NOCC1OCCO1)c1ccccc1,0,-0.2313284586849248
PPDB,11,ECFPStructure,258,618,O=C1CN=C(c2ccc3ccccc3n2)N1,1,-1.1695977955178507
PPDB,11,ECFPStructure,259,620,C1CCCCCC(N2CCOCC2)CCCCC1,0,-1.1691815715099398
PPDB,11,ECFPStructure,260,621,C(=Nc1ccccc1)n1ccnc1,0,-0.7673143316500497
PPDB,11,ECFPStructure,261,622,O=C(NC(=O)c1ccccc1)Nc1ccccc1,0,-0.6661626269173633
PPDB,11,ECFPStructure,262,623,O=S(=O)(SCCCSS(=O)(=O)c1ccccc1)c1ccccc1,0,-0.9822168343058588
PPDB,11,ECFPStructure,263,624,c1ccc(Oc2ccccn2)cc1,0,-0.7736237629743653
PPDB,11,ECFPStructure,264,625,O=C1CCc2cccc3c2N1CC3,0,-0.6533848230674224
PPDB,11,ECFPStructure,265,628,O=C(Nc1ncncn1)NS(=O)(=O)c1ccccc1,0,-1.3372744268526453
PPDB,11,ECFPStructure,266,629,c1ccc(CCn2cncn2)cc1,1,-0.820899429600773
PPDB,11,ECFPStructure,267,632,ACYCLIC:CCOP(=O)=O.CCOP(=O)=O.CCOP(=O)=O.[Al+3],0,-0.3007378957561956
PPDB,11,ECFPStructure,268,633,c1ccccc1,0,-0.9638157138214183
PPDB,11,ECFPStructure,269,634,O=C(Nc1ccccc1)c1ccccc1,0,-0.818708746315103
PPDB,11,ECFPStructure,270,635,c1ccc(COC2CC3CCC2O3)cc1,0,-0.6502340222880891
PPDB,11,ECFPStructure,271,637,C(=Cn1cncn1)c1ccccc1,0,-0.854690462788908
PPDB,11,ECFPStructure,272,639,O=C(Nc1ccno1)c1ccccc1,0,-0.8637547836403285
PPDB,11,ECFPStructure,273,640,ACYCLIC:[K+].[K+].[O-]P([O-])O,0,-0.681273821354264
PPDB,11,ECFPStructure,274,641,c1ccccc1,1,0.7045609109719517
PPDB,11,ECFPStructure,275,642,O=C(NC(=O)c1ccccc1)Nc1ccc(Oc2ccccc2)cc1,0,-0.5094726117678783
PPDB,11,ECFPStructure,276,643,c1ccc2c(c1)CCO2,1,-0.22950976189615171
PPDB,11,ECFPStructure,277,644,c1ccc(Oc2ccccc2)cc1,1,-0.2015706929956662
PPDB,11,ECFPStructure,278,646,O=C1CN=C(c2ccccn2)N1,0,-0.9545403489263011
PPDB,11,ECFPStructure,279,647,c1ccc(CCCCn2cncn2)cc1,0,-0.5173642870890718
PPDB,11,ECFPStructure,280,648,c1ccc(Oc2ccccc2)cc1,0,-0.29818381217652656
PPDB,11,ECFPStructure,281,649,c1ccc(Oc2nc3ccccc3o2)cc1,0,-0.5720834154553315
PPDB,11,ECFPStructure,282,651,c1ccccc1,0,-0.3451511845724257
PPDB,11,ECFPStructure,283,652,c1ccc([SiH](Cn2cncn2)c2ccccc2)cc1,0,-1.2153308432547048
PPDB,11,ECFPStructure,284,653,ACYCLIC:CCNS(=O)(=O)C(F)(F)C(F)(F)C(F)(F)C(F)(F)C(F)(F)C(F)(F)C(F)(F)C(F)(F)F,1,-0.43736026443405795
PPDB,11,ECFPStructure,285,655,O=C1C(c2ccccc2)=COC1c1ccccc1,0,-0.4686195289132552
PPDB,11,ECFPStructure,286,656,O=C(Nc1ncccn1)NS(=O)(=O)c1ccn[nH]1,0,-0.9911549246221543
PPDB,11,ECFPStructure,287,657,O=C(Nc1ccccc1)c1cccnc1Oc1ccccc1,0,-0.3092538744147663
PPDB,11,ECFPStructure,288,659,c1ccc2ncccc2c1,0,-1.187560970597557
PPDB,11,ECFPStructure,289,661,O=C1CN=C(c2ccccc2)N1,0,-1.595014836525001
PPDB,11,ECFPStructure,290,662,c1ccc(-n2cccn2)cc1,1,0.894645242819428
PPDB,11,ECFPStructure,291,663,O=C(NCc1ccco1)n1ccnc1,0,-0.7643058696331511
PPDB,11,ECFPStructure,292,664,O=C(Nc1ncncn1)NS(=O)(=O)c1ccsc1,1,-0.890915613601271
PPDB,11,ECFPStructure,293,665,O=C(Nc1ncccn1)NS(=O)(=O)Cc1ccccc1,0,-1.1841479623038238
PPDB,11,ECFPStructure,294,666,O=C(Nc1ccccc1)c1ccccc1,0,-0.9667058460675471
PPDB,11,ECFPStructure,295,667,c1ccc(Oc2cccc(CCC[SiH2]c3ccccc3)c2)cc1,1,-0.10747592731089295
PPDB,11,ECFPStructure,296,669,O=C(Nc1ncccn1)NS(=O)(=O)Cc1ccccc1,0,-1.2746591965335945
PPDB,11,ECFPStructure,297,670,O=c1ccc(-c2ccccc2)n[nH]1,0,-1.0842082353252107
PPDB,11,ECFPStructure,298,672,c1ccc(CNc2ccncn2)cc1,1,-0.674154633531077
PPDB,11,ECFPStructure,299,673,c1ccccc1,0,-1.191513766390705
PPDB,11,ECFPStructure,300,674,O=C1CN=C(c2ccccc2)N1.O=C1CN=C(c2ccccc2)N1,0,-1.0922594491071789
PPDB,11,ECFPStructure,301,675,O=C(NNC(=O)c1ccccc1)c1ccccc1,0,-0.6333962661409583
PPDB,11,ECFPStructure,302,676,O=C1CN=C(c2ccccn2)N1,0,-0.872236589826519
PPDB,11,ECFPStructure,303,678,O=c1[nH]cnn1C=NS(=O)(=O)c1ccccc1,0,-0.9209662343394054
PPDB,11,ECFPStructure,304,679,O=C(NNC(=O)c1ccccc1)c1ccccc1,0,-0.6184990430487773
PPDB,11,ECFPStructure,305,680,c1ccc(CCn2cncn2)cc1,0,-0.953124176661081
PPDB,11,ECFPStructure,306,682,c1ccc(CCOCc2cccc(Oc3ccccc3)c2)cc1,1,0.40340673288148515
PPDB,11,ECFPStructure,307,685,c1ccncc1,1,-0.7998500561723967
PPDB,11,ECFPStructure,308,687,O=C(Nc1ccccc1)c1ccnn1-c1ccccn1,1,0.2503719251601167
PPDB,11,ECFPStructure,309,688,O=C(NCc1ccccc1)c1ccn[nH]1,1,0.46819401457364446
PPDB,11,ECFPStructure,310,689,C(=C1CCCC1Cn1cncn1)c1ccccc1,0,-1.049316404802122
PPDB,11,ECFPStructure,311,691,O=S(=O)(c1nc[nH]n1)n1ccc2ccccc21,0,-0.7248617403048537
PPDB,11,ECFPStructure,312,692,c1ccccc1,0,-0.5753500355421995
PPDB,11,ECFPStructure,313,694,C=C1C(=O)CCCC1=O,0,-0.3988611850170904
PPDB,11,ECFPStructure,314,696,O=C1CCCC(=O)C1,0,-1.208162138398915
PPDB,11,ECFPStructure,315,697,c1ccccc1,0,-1.3617225225162737
PPDB,11,ECFPStructure,316,698,O=C(Nc1ncccn1)NS(=O)(=O)c1ccccc1,0,-1.1276394618196046
PPDB,11,ECFPStructure,317,702,c1ccc(Oc2cnc3ccccc3n2)cc1,0,-0.7851903740039166
PPDB,11,ECFPStructure,318,704,O=C(NC(=O)c1ccccc1)Nc1ccc(CON=C(c2ccccc2)C2CC2)cc1,0,-0.2875839181368568
PPDB,11,ECFPStructure,319,705,O=C(Nc1ccccc1)c1ccccc1,0,-0.6661830740337423
PPDB,11,ECFPStructure,320,706,O=C(Nc1ncncn1)NS(=O)(=O)c1ccccc1,0,-1.206505029293995
PPDB,11,ECFPStructure,321,708,ACYCLIC:O=S(=O)([O-])[O-].O=S(=O)([O-])[O-].[Al+3].[NH4+],0,-0.9743405877872786
PPDB,11,ECFPStructure,322,709,c1ccccc1,0,-0.20594948682090097
PPDB,11,ECFPStructure,323,712,c1ccc(Nc2ccccn2)cc1,0,-0.7225202073167447
PPDB,11,ECFPStructure,324,713,C1=NCCN1Cc1cccnc1,1,0.7463303226599525
PPDB,11,ECFPStructure,325,716,O=C(COc1ccc(Oc2cnc3ccccc3n2)cc1)OCC1CCCO1,0,-0.8512717023981542
PPDB,11,ECFPStructure,326,718,c1ccc(Oc2ccccc2)cc1,0,-1.0376533787744708
PPDB,11,ECFPStructure,327,719,O=C(Nc1ncncn1)NS(=O)(=O)c1ccsc1,1,-1.1157814444553316
PPDB,11,ECFPStructure,328,720,O=S(=O)(Nc1ccccc1)c1nc2ccncn2n1,0,-1.0218769067082705
PPDB,11,ECFPStructure,329,721,O=C(Nc1ncccn1)NS(=O)(=O)c1ccccn1,1,-0.992498555365463
PPDB,11,ECFPStructure,330,722,O=C(Oc1ccccc1)n1cnc2ccccc21,0,-0.17228036459316298
PPDB,11,ECFPStructure,331,723,c1ccc(Oc2ccccn2)cc1,0,-0.661212730600502
PPDB,11,ECFPStructure,332,725,c1nc[nH]n1,0,-0.35069362344951904
PPDB,11,ECFPStructure,333,727,O=C1CN=C(c2ccccn2)N1,0,-1.2421463995757125
PPDB,11,ECFPStructure,334,728,c1ccc(-c2cc[nH]c2)cc1,1,-0.9313280420696688
PPDB,11,ECFPStructure,335,732,O=C1CCCC(=O)C1C(=O)c1ccccc1,0,-1.1787178503086109
PPDB,11,ECFPStructure,336,735,c1ccccc1,1,0.7779963045338942
PPDB,11,ECFPStructure,337,738,c1ccc(-n2cncn2)cc1,0,-1.0900810545280886
PPDB,11,ECFPStructure,338,740,ACYCLIC:CC(=O)O.CC(=O)O.CC(=O)O.NC(N)=NCCCCCCCCNCCCCCCCCN=C(N)N,0,-1.18202955166721
PPDB,11,ECFPStructure,339,741,C(=NOCc1ccccc1)c1cn[nH]c1Oc1ccccc1,0,-0.2815082049322697
PPDB,11,ECFPStructure,340,742,O=C(Nc1ncncn1)NS(=O)(=O)c1ccccc1,1,-0.8699235392340046
PPDB,11,ECFPStructure,341,743,O=c1[nH]cnn1-c1ccccc1,0,-0.857066468065476
PPDB,11,ECFPStructure,342,744,c1ccccc1,0,-0.2644920754609474
PPDB,11,ECFPStructure,343,745,c1cnc(C2CC2)nc1,0,-1.2848693058448803
PPDB,11,ECFPStructure,344,746,O=c1ccn(-c2ccccc2)nc1,0,-1.165269805566723
PPDB,11,ECFPStructure,345,749,c1ccc2c(c1)NCCO2,0,-0.8090627130722052
PPDB,11,ECFPStructure,346,750,c1ccccc1,0,-0.9717136844923789
PPDB,11,ECFPStructure,347,753,c1ccc(N=c2[nH]ccs2)cc1,0,-0.47238615037391035
PPDB,11,ECFPStructure,348,754,ACYCLIC:CCOP(=O)(SC(C)CC)SC(C)CC,1,0.9299100690238733
PPDB,11,ECFPStructure,349,757,O=c1c2ccccc2nc(-n2cncn2)n1-c1ccccc1,0,-0.8330256804105175
PPDB,11,ECFPStructure,350,758,O=C(Nc1ncncn1)NS(=O)(=O)c1ccccc1,1,-1.1885298392648573
PPDB,11,ECFPStructure,351,759,c1cncnc1,0,-0.9694778167605241
PPDB,11,ECFPStructure,352,760,O=C(Nc1ncncn1)NS(=O)(=O)c1ccccc1,0,-0.9345389696020698
PPDB,11,ECFPStructure,353,762,O=C(Nc1ncncn1)NS(=O)(=O)c1ccccc1,0,-1.0633464465611606
PPDB,11,ECFPStructure,354,763,O=S(=O)(Nc1ccccc1)c1nc2ncccn2n1,0,-0.7113346552230323
PPDB,11,ECFPStructure,355,765,c1ccc2ncccc2c1,0,-0.9785657107648689
PPDB,11,ECFPStructure,356,766,c1coc(C2CNCO2)c1,0,-0.8172417384559689
PPDB,11,ECFPStructure,357,769,c1ccc(Oc2ccccn2)cc1,0,-0.7410676175630966
PPDB,11,ECFPStructure,358,771,O=S(=O)(Nc1ccccc1)c1ccccc1,0,-0.877266290240426
PPDB,11,ECFPStructure,359,773,c1ccc(C2(Cn3cncn3)CCCO2)cc1,0,-0.9483695707494069
PPDB,11,ECFPStructure,360,774,c1ccc(Nc2ncccn2)cc1,0,-0.7420376702575329
PPDB,11,ECFPStructure,361,775,c1ccccc1,0,-0.789282120067861
PPDB,11,ECFPStructure,362,777,c1ccccc1,1,0.2783156304205952
PPDB,11,ECFPStructure,363,778,O=C(C=C(c1ccccc1)c1ccccc1)N1CCOCC1,0,-1.1601913954916299
PPDB,11,ECFPStructure,364,779,c1ccc(Oc2nc3ccccc3o2)cc1,0,-0.6648421830689384
PPDB,11,ECFPStructure,365,780,c1ccc(Oc2ccc(OCC3COCO3)cc2)cc1,0,-0.1553030646674607
PPDB,11,ECFPStructure,366,783,O=c1ocnn1-c1ccccc1,0,-0.9216061613936164
PPDB,11,ECFPStructure,367,784,c1ccc(OCCNc2ccncn2)cc1,1,-0.727341013417698
PPDB,11,ECFPStructure,368,785,c1ccc(C2OC2(Cn2cncn2)c2ccccc2)cc1,0,-0.8271374520020236
PPDB,11,ECFPStructure,369,786,c1ccc(Nc2nccc(C3CC3)n2)cc1,0,-1.0798226320421236
PPDB,11,ECFPStructure,370,789,c1cncnc1,1,0.9911515244001325
PPDB,11,ECFPStructure,371,790,c1ccncc1,1,0.5395281824392173
PPDB,11,ECFPStructure,372,795,O=C(c1ccccc1)c1cnoc1C1CC1,0,-1.1099223713525608
PPDB,11,ECFPStructure,373,796,O=C1C2=C(CCCC2)C(=O)N1c1ccccc1,0,-1.1120116392531625
PPDB,11,ECFPStructure,374,798,c1ccc(-c2ncnn2-c2ccccc2)cc1,0,-0.5896197279752472
PPDB,11,ECFPStructure,375,802,O=C(Nc1ncccn1)NS(=O)(=O)c1ccccc1,0,-0.807779584680096
PPDB,11,ECFPStructure,376,803,O=C(Nc1ncccn1)NS(=O)(=O)c1ccccn1,0,-1.131871414270443
PPDB,11,ECFPStructure,377,806,c1ccc2scnc2c1,0,-0.6463036807457042
PPDB,11,ECFPStructure,378,807,O=c1sc(=Nc2ccccc2)n2n1CCCC2,0,-0.9320415539468647
PPDB,11,ECFPStructure,379,808,O=c1n(-c2ccccc2)nc2n1CCCC2,0,-0.6449025482739293
PPDB,11,ECFPStructure,380,809,O=C(Nc1ccccc1)C1CCCCC1,0,-0.8947059673320363
PPDB,11,ECFPStructure,381,810,ACYCLIC:C[S+](C)C.O=C(O)CNCP(=O)([O-])O,0,-0.7176963987009028
PPDB,11,ECFPStructure,382,811,O=C1C2=C(CCCC2)C(=O)N1c1ccccc1,0,-0.4795888443327417
PPDB,11,ECFPStructure,383,812,C=C1C(=O)CCCC1=O,0,-0.9782787383019298
PPDB,11,ECFPStructure,384,814,O=C(OCc1cccc(Oc2ccccc2)c1)C1CC1,1,0.8351432413661037
PPDB,11,ECFPStructure,385,815,C=C1OC(=O)N(c2cccc(OC3CCCC3)c2)C1=O,0,-0.8783977015984992
PPDB,11,ECFPStructure,386,816,O=c1[nH]cnn1C=NS(=O)(=O)c1ccccc1,0,-0.8220685699702902
PPDB,11,ECFPStructure,387,820,O=C(Nc1ncccn1)NS(=O)(=O)c1ccccc1,0,-0.9780751273073218
PPDB,11,ECFPStructure,388,822,c1ccc(-c2nnc(-c3ccccc3)nn2)cc1,0,-1.1270227921240932
PPDB,11,ECFPStructure,389,823,O=C1CCCC(=O)C1C(=O)c1ccccc1,1,-1.2140910588056715
PPDB,11,ECFPStructure,390,824,c1ccc(Oc2ccccc2)cc1,0,-0.02839558215301652
PPDB,11,ECFPStructure,391,825,O=C(Nc1ncccn1)NS(=O)(=O)c1ccccc1,0,-1.2305023297922029
PPDB,11,ECFPStructure,392,827,C1CCOC1,1,-0.8325195240285242
PPDB,11,ECFPStructure,393,829,c1ccc(OCCCOc2ccccn2)cc1,0,-0.3616214190874634
PPDB,11,ECFPStructure,394,832,O=C1OCc2ccccc21,0,-0.6733273953766556
PPDB,11,ECFPStructure,395,834,c1ccccc1,0,-0.5021412709712971
PPDB,11,ECFPStructure,396,835,O=C(CNc1ccccc1)OCc1cccc(Oc2ccccc2)c1,0,0.46010714649725987
PPDB,11,ECFPStructure,397,836,O=C(NNC(=O)c1ccc2c(c1)CCCO2)c1ccccc1,0,-0.8626052317765702
PPDB,11,ECFPStructure,398,837,c1ccccc1,0,-0.9800100767965176
PPDB,11,ECFPStructure,399,840,c1ccsc1,0,-0.5194647726578021
PPDB,11,ECFPStructure,400,841,O=C(Nc1ccccc1)c1cccc(Oc2ccccc2)n1,0,-0.38996415065768963
PPDB,11,ECFPStructure,401,842,O=S(=O)(c1ccccc1)c1nc[nH]n1,0,-0.9373541862128816
PPDB,11,ECFPStructure,402,843,O=C1OCc2cccc(Sc3ncccn3)c21,0,-0.5182954440385596
PPDB,11,ECFPStructure,403,844,O=C(ON=C(c1ccccc1)c1ccccc1)c1c(Oc2ncccn2)cccc1Oc1ncccn1,0,-1.0122048708714433
PPDB,11,ECFPStructure,404,845,c1cscn1,1,-0.601462077429172
PPDB,11,ECFPStructure,405,846,O=C(NS(=O)(=O)c1ccccc1)n1nc[nH]c1=O,0,-0.9583569906052538
PPDB,11,ECFPStructure,406,848,ACYCLIC:O=C(O)CNCP(=O)([O-])O.[Na+],0,-0.7412337960332902
PPDB,11,ECFPStructure,407,850,c1ccc(Oc2ccccc2)cc1,0,-0.7673573815377579
PPDB,11,ECFPStructure,408,852,O=C(NC1CCCCC1)n1nnn(-c2ccccc2)c1=O,0,-0.7399445132002271
PPDB,11,ECFPStructure,409,853,c1ccc(Oc2ncccn2)cc1,0,-0.9383675866953929
PPDB,11,ECFPStructure,410,854,O=C(Nc1ncccn1)NS(=O)(=O)c1ccn[nH]1,0,-1.1010144839292295
PPDB,11,ECFPStructure,411,855,O=C(Nc1ncccn1)NS(=O)(=O)Oc1ccccc1,0,-1.1025716835158825
PPDB,11,ECFPStructure,412,858,c1ccccc1,0,0.5836565705624883
PPDB,11,ECFPStructure,413,859,O=C(NS(=O)(=O)c1ccccc1)n1nc[nH]c1=O,0,-0.8619745739852831
PPDB,11,ECFPStructure,414,860,c1ccc2scnc2c1,0,-1.126425827652233
PPDB,11,ECFPStructure,415,862,O=C1c2ccccc2C(=O)C1CC1(c2ccccc2)CO1,0,-0.5686294176859663
PPDB,11,ECFPStructure,416,864,O=C([N-]S(=O)(=O)c1ccccc1)Nc1ncncn1,0,-1.085197110742778
PPDB,11,ECFPStructure,417,865,O=C(COc1ccccc1)NCc1ccccc1,0,-0.3088395087860474
PPDB,11,ECFPStructure,418,866,O=C(Nc1ncccn1)NS(=O)(=O)c1[nH]ncc1-c1nn[nH]n1,0,-1.0767987109149635
PPDB,11,ECFPStructure,419,867,c1ccc(NCc2cccs2)cc1,0,-0.6437069716164411
PPDB,11,ECFPStructure,420,868,c1ccccc1,0,0.24299709932152475
PPDB,11,ECFPStructure,421,869,O=C(Nc1ncccn1)NS(=O)(=O)c1ccccc1,1,-0.9164837395036922
PPDB,11,ECFPStructure,422,872,C=C1C(=O)CC(C2CCOCC2)CC1=O,0,-0.6146004807234888
PPDB,11,ECFPStructure,423,873,C1=NN(c2ccccc2)CC1,0,-0.7410629483988785
PPDB,11,ECFPStructure,424,875,O=C(Nc1ncccn1)NS(=O)(=O)c1ccccc1C(=O)OC1COC1,0,-0.9826699065192703
PPDB,11,ECFPStructure,425,877,O=C(Nc1ccccc1)c1cncs1,0,-0.08364860801123808
PPDB,11,ECFPStructure,426,878,c1ccccc1,0,-0.5768601382534221
PPDB,11,ECFPStructure,427,879,O=C(NC(=O)c1ccccc1)Nc1ccccc1,0,-0.4955222620877181
PPDB,11,ECFPStructure,428,880,c1ccccc1,1,-0.2139706402810329
PPDB,11,ECFPStructure,429,881,C=C1C(=O)CC(C2CCCSC2)CC1=O,0,-0.38048443308841373
PPDB,11,ECFPStructure,430,882,O=C(NC(=O)c1ccccc1)Nc1ccccc1,0,-0.5059262996174825
PPDB,11,ECFPStructure,431,884,C1=CCC(CCCC2CC=CCC2)CC1,0,-0.8506403674107199
PPDB,11,ECFPStructure,432,885,O=c1cc[nH]cn1,0,-1.0277968213086974
PPDB,11,ECFPStructure,433,886,c1ccncc1,0,-1.2501838752684118
PPDB,11,ECFPStructure,434,887,O=C(OCc1cccc(Oc2ccccc2)c1)C1CC1,1,1.1216867584906833
PPDB,11,ECFPStructure,435,889,C=C1C(=O)CCCC1=O,0,-0.6442926889862756
PPDB,11,ECFPStructure,436,890,O=C1CC(C2CCCSC2)CC(=O)C1=CNOCCOc1ccccc1,0,-0.5665667071941228
PPDB,11,ECFPStructure,437,891,ACYCLIC:[Al+3].[Al+3].[O-][Si]([O-])([O-])O[Si]([O-])([O-])[O-],0,-0.576620630449272
PPDB,11,ECFPStructure,438,892,c1ccncc1,0,-1.2969958746648653
PPDB,11,ECFPStructure,439,893,c1ccccc1,0,-0.8219887558762201
PPDB,11,ECFPStructure,440,894,C1CC[NH2+]CC1,0,-1.102028038216677
PPDB,11,ECFPStructure,441,895,O=C(NCCOc1ccccc1)n1ccnc1.O=C(NCCOc1ccccc1)n1ccnc1,0,-0.6948747860043507
PPDB,11,ECFPStructure,442,896,O=c1cc[nH]cn1,1,-1.1598625972427505
PPDB,11,ECFPStructure,443,897,N=C(Cc1cccnc1)c1ccccc1,0,-0.4901369551561998
PPDB,11,ECFPStructure,444,899,c1ccccc1,0,-0.9605162214903864
PPDB,11,ECFPStructure,445,900,C=C1C(=O)CCCC1=O,1,-0.4460255748240346
PPDB,11,ECFPStructure,446,904,ACYCLIC:C[As](=O)([O-])[O-].C[As](=O)([O-])[O-].[Ca+2],0,-0.8839114976702249
PPDB,11,ECFPStructure,447,905,O=C(Nc1ncccn1)NS(=O)(=O)c1ccccn1,0,-1.0531461664981028
PPDB,11,ECFPStructure,448,908,C=C1C(=O)CC(c2ccccc2)CC1=O,0,-0.7208946543929105
PPDB,11,ECFPStructure,449,911,O=c1[nH]nnn1-c1ccccc1COc1ccn(-c2ccccc2)n1,0,-0.6872577118812128
PPDB,11,ECFPStructure,450,913,c1ccc(CSC(Cn2cncn2)=Nc2ccccc2)cc1,0,-0.28102035376738027
PPDB,11,ECFPStructure,451,914,O=C(Cc1ccccc1)N=C(NOCC1CC1)c1ccccc1,0,-0.5388922501626845
PPDB,11,ECFPStructure,452,915,c1ccc(COc2ccncn2)cc1,1,-0.9803517354831743
PPDB,11,ECFPStructure,453,917,c1ccccc1,0,-1.067723795244658
PPDB,11,ECFPStructure,454,918,c1ccc(COc2ccccc2)cc1,0,-0.6402884744054002
PPDB,11,ECFPStructure,455,920,c1nncs1,0,-0.7529631067119622
PPDB,11,ECFPStructure,456,921,O=c1cnn(-c2ccccc2)c2ccccc12,0,-0.6841210751110389
PPDB,11,ECFPStructure,457,922,c1ccc(Oc2ccccn2)cc1,0,-0.6200616369297636
PPDB,11,ECFPStructure,458,924,O=C(Nc1ncncn1)NS(=O)(=O)c1ccccc1,0,-1.1955150576274947
PPDB,11,ECFPStructure,459,925,ACYCLIC:ClOCl.[Cu+2],0,-0.15143586849512947
PPDB,11,ECFPStructure,460,926,C(=Cc1ccn[nH]1)c1ccccc1,0,-0.37310145834198305
PPDB,11,ECFPStructure,461,929,O=C(COc1ccc(Oc2nc3ccccc3o2)cc1)Nc1ccccc1,0,-0.47156350833137295
PPDB,11,ECFPStructure,462,932,O=C([N-]c1ncccn1)NS(=O)(=O)c1ccccn1,0,-0.7332056743041271
PPDB,11,ECFPStructure,463,935,O=c1[nH]cnc2ccccc12,0,-0.7994622272668337
PPDB,11,ECFPStructure,464,938,c1ccccc1,1,-0.01936673830966923
PPDB,11,ECFPStructure,465,939,c1ccccc1,1,-0.07181646198289621
PPDB,11,ECFPStructure,466,941,ACYCLIC:[K+].[O-]P(O)O,0,-0.7947853286683229
PPDB,11,ECFPStructure,467,945,c1ccccc1,0,-0.32093780349578643
PPDB,11,ECFPStructure,468,947,c1ccccc1,0,-0.47462392684425503
PPDB,11,ECFPStructure,469,948,ACYCLIC:S=C([S-])S[S-].[Na+].[Na+],0,-0.5686465711732523
PPDB,11,ECFPStructure,470,949,ACYCLIC:O=C(O)CNCP(=O)([O-])O.[K+],0,-0.6811561061674829
PPDB,11,ECFPStructure,471,954,c1ccccc1,0,0.3859912891542528
PPDB,11,ECFPStructure,472,958,O=C(Nc1cccc2c1C1CCC2C1)c1cn[nH]c1,0,-0.9582425415757416
PPDB,11,ECFPStructure,473,963,C1CCCCC1,0,0.5694395857261803
PPDB,11,ECFPStructure,474,965,O=C1COc2ccc(-n3c(=O)[nH]c(=S)[nH]c3=O)cc2N1,0,-0.7175947466035251
PPDB,11,ECFPStructure,475,967,c1ccc(CCOCc2cccc(Oc3ccccc3)c2)cc1,1,0.5397503401700501
PPDB,11,ECFPStructure,476,969,c1ccncc1,0,0.07541517294698524
PPDB,11,ECFPStructure,477,971,O=C(Nc1ccccc1-c1ccccc1)c1cn[nH]c1,0,-0.8747000840632321
PPDB,11,ECFPStructure,478,972,O=C(Cc1ccccc1)c1ccccc1,0,-0.4886803872407512
PPDB,11,ECFPStructure,479,974,ACYCLIC:O=C(O)CNCP(=O)([O-])O.O=C(O)CNCP(=O)([O-])[O-].[Na+].[Na+].[Na+],0,-0.816568175401008
PPDB,11,ECFPStructure,480,975,O=C(NCCOc1ccccc1)n1ccnc1.O=C(NCCOc1ccccc1)n1ccnc1.O=C(NCCOc1ccccc1)n1ccnc1.O=C(NCCOc1ccccc1)n1ccnc1,0,-0.6948747860043507
PPDB,11,ECFPStructure,481,978,ACYCLIC:O.O.O.O.O.OB(O)O.[Na+],0,-0.838552161517372
PPDB,11,ECFPStructure,482,980,O=C(Nc1ccccc1)c1ccc(C(=O)c2ccccc2)cc1,1,-0.9813805566702678
PPDB,11,ECFPStructure,483,982,O=C1C=CCCC1,0,-0.5300646716748194
PPDB,11,ECFPStructure,484,984,O1[AsH]O[AsH]O[AsH]1.O1[AsH]O[AsH]O[AsH]1,1,-1.1635003948576361
PPDB,11,ECFPStructure,485,988,O=C(Nc1ncncn1)NS(=O)(=O)c1ccccc1,0,-1.3445276780195778
PPDB,11,ECFPStructure,486,990,c1ccncc1,0,-1.1963164036573444
PPDB,11,ECFPStructure,487,993,C=C1C(=O)CC(c2ccccc2)CC1=O,0,-0.6231265186486314
PPDB,11,ECFPStructure,488,994,O=C(Cc1ccccc1)OCc1cccc(Oc2ccccc2)c1,1,0.46777800134242803
PPDB,11,ECFPStructure,489,996,c1cnc2ncnn2c1,0,-0.6905052090936449
PPDB,11,ECFPStructure,490,999,O=c1c(-c2ccccc2)cn(Cc2cncnc2)c2cccc[n+]12,1,-0.1710703373169405
PPDB,11,ECFPStructure,491,1001,O=C(Nc1cccc(C(=O)Nc2ccccc2)c1)c1ccccc1,1,-0.5978363516174774
PPDB,11,ECFPStructure,492,1003,O=C(Nc1ccccc1)c1cn[nH]c1,0,-0.5538637553589005
PPDB,11,ECFPStructure,493,1004,O=C(NCC1CC1)c1ccccc1NC(=O)c1ccnn1-c1ccccn1,1,-0.48154963020234426
PPDB,11,ECFPStructure,494,1005,c1ccccc1,0,-0.9211864034477171
PPDB,11,ECFPStructure,495,1007,O=C(NS(=O)(=O)c1ccccc1)c1cn2ccccc2n1,0,-0.8473901943963811
PPDB,11,ECFPStructure,496,1008,O=C(NS(=O)(=O)c1ccsc1)n1nc[nH]c1=O,0,-0.7913507070063008
PPDB,11,ECFPStructure,497,1011,O=C(c1ccccc1)c1ncncn1,0,-1.2977686891669542
PPDB,11,ECFPStructure,498,1012,O=C(OCc1ccccc1)C1CC1,1,0.611269720951255
PPDB,11,ECFPStructure,499,1014,O=C(NS(=O)(=O)c1ccsc1)n1nc[nH]c1=O,0,-0.9610223705144385
PPDB,11,ECFPStructure,500,1017,ACYCLIC:[O-]B([O-])[O-].[O-]B([O-])[O-].[Zn+2].[Zn+2].[Zn+2],0,-0.7810998548818469
PPDB,11,ECFPStructure,501,1020,O=C(NC1COC(=O)C(Cc2ccccc2)CCOC1=O)c1ccccn1,0,-0.2906382484192715
PPDB,11,ECFPStructure,502,1021,N=c1ccccn1Cc1cccnc1,0,0.3467847122530107
PPDB,11,ECFPStructure,503,1023,ACYCLIC:O=C(O)CNCP(=O)([O-])[O-].[NH4+].[NH4+],0,-0.9506287112580296
PPDB,11,ECFPStructure,504,1024,O=C(c1cn[nH]c1)N(Cc1ccccc1)C1CC1,0,-1.0111624691285506
PPDB,11,ECFPStructure,505,1025,C(=Nc1cccc2c1CCC2)c1cn[nH]c1,0,-1.2333827780021323
PPDB,11,ECFPStructure,506,1027,c1ccc(-c2ccccn2)cc1,0,-1.1988647649683757
PPDB,11,ECFPStructure,507,1031,ACYCLIC:CNC.O=C(O)CNCP(=O)(O)O,0,-0.8536404818943026
PPDB,11,ECFPStructure,508,1032,ACYCLIC:N.O=C(O)CNCP(=O)(O)O,0,-0.8952007275998144
PPDB,11,ECFPStructure,509,1033,O=C1CCON1Cc1ccccc1,0,-0.9599193047453697
PPDB,11,Route+Agrochemical,0,4,O=S(=O)(c1ccccc1)c1ccccc1,1,0.11791991704539423
PPDB,11,Route+Agrochemical,1,7,ACYCLIC:O=C([O-])[O-].[Ca+2],0,-3.538216236623378
PPDB,11,Route+Agrochemical,2,9,ACYCLIC:[I-].[K+],1,-0.3510709684228021
PPDB,11,Route+Agrochemical,3,10,c1ccccc1,1,1.9800896616331929
PPDB,11,Route+Agrochemical,4,12,ACYCLIC:N#C[S-].[K+],1,-0.3510709684228021
PPDB,11,Route+Agrochemical,5,14,ACYCLIC:O=[As](O)(O)O,1,-0.9191354074115443
PPDB,11,Route+Agrochemical,6,16,ACYCLIC:COP(=S)(OC)SCC(=O)N(C)C=O,1,1.9800896616331929
PPDB,11,Route+Agrochemical,7,17,ACYCLIC:O=S(=O)([O-])[O-].[Cu+2],0,-1.1987983914149578
PPDB,11,Route+Agrochemical,8,18,ACYCLIC:O.[Cu].[Cu],0,0.46214864302496506
PPDB,11,Route+Agrochemical,9,24,ACYCLIC:[Al]#[P],1,2.4490805471013894
PPDB,11,Route+Agrochemical,10,25,c1ccccc1,0,-2.4892661034833465
PPDB,11,Route+Agrochemical,11,28,ACYCLIC:CCCCCCCCCCCCCCCC(=O)O,0,1.4120252226444507
PPDB,11,Route+Agrochemical,12,29,ACYCLIC:[Cl][Cu][Cl],0,-1.7668628304036997
PPDB,11,Route+Agrochemical,13,30,ACYCLIC:N#CN,1,-0.9191354074115443
PPDB,11,Route+Agrochemical,14,31,c1ccccc1,0,-0.9191354074115443
PPDB,11,Route+Agrochemical,15,32,O=c1oc2ccccc2cc1Cc1ccccc1,0,-0.9191354074115443
PPDB,11,Route+Agrochemical,16,36,ACYCLIC:[Cu+2].[OH-].[OH-],0,-1.1987983914149578
PPDB,11,Route+Agrochemical,17,37,ACYCLIC:CN(C)C(CSC(N)=O)CSC(N)=O,1,1.4120252226444507
PPDB,11,Route+Agrochemical,18,39,ACYCLIC:O=C([O-])O.[K+],0,0.11791991704539423
PPDB,11,Route+Agrochemical,19,42,ACYCLIC:O=P([O-])([O-])[O-].O=P([O-])([O-])[O-].[Ca+2].[Ca+2].[Ca+2],0,-4.575271561080316
PPDB,11,Route+Agrochemical,20,53,ACYCLIC:CCCCCCCCCCO,0,-0.3510709684228021
PPDB,11,Route+Agrochemical,21,55,ACYCLIC:O=P([O-])([O-])[O-].[Fe+3],0,-0.3510709684228021
PPDB,11,Route+Agrochemical,22,58,ACYCLIC:O=P([O-])([O-])OP(=O)([O-])[O-].O=P([O-])([O-])OP(=O)([O-])[O-].O=P([O-])([O-])OP(=O)([O-])[O-].[Fe+3].[Fe+3].[Fe+3].[Fe+3],0,-0.3510709684228021
PPDB,11,Route+Agrochemical,23,62,c1cc[n+]2c(c1)-c1cccc[n+]1CC2,0,-2.4892661034833465
PPDB,11,Route+Agrochemical,24,63,c1ccc2ncccc2c1,0,-0.7298075059467615
PPDB,11,Route+Agrochemical,25,68,c1ccccc1,0,1.9800896616331929
PPDB,11,Route+Agrochemical,26,69,ACYCLIC:O=C([O-])C(Cl)(Cl)Cl.[Na+],0,-3.0573305424720885
PPDB,11,Route+Agrochemical,27,70,C(=Nc1ccccc1)NC=Nc1ccccc1,0,1.9800896616331929
PPDB,11,Route+Agrochemical,28,71,ACYCLIC:O=[As]([O-])([O-])[O-].O=[As]([O-])([O-])[O-].[Ca+2].[Ca+2].[Ca+2],1,2.4490805471013894
PPDB,11,Route+Agrochemical,29,74,c1ccc(Cc2ccccc2)cc1,1,1.4120252226444507
PPDB,11,Route+Agrochemical,30,78,ACYCLIC:CBr,0,-0.9191354074115443
PPDB,11,Route+Agrochemical,31,85,ACYCLIC:ClCC(Br)CBr,0,-0.9191354074115443
PPDB,11,Route+Agrochemical,32,88,c1ccccc1,0,-2.02027521801515
PPDB,11,Route+Agrochemical,33,91,ACYCLIC:CCCSC(=O)N(CCC)CCC,1,-3.0573305424720885
PPDB,11,Route+Agrochemical,34,93,C1OCOCOCO1,0,0.11791991704539423
PPDB,11,Route+Agrochemical,35,97,c1ccc(-c2ccccc2)cc1,0,-1.1987983914149578
PPDB,11,Route+Agrochemical,36,99,c1ccccc1,0,-0.3510709684228021
PPDB,11,Route+Agrochemical,37,106,ACYCLIC:COP(=O)(OC)C(O)C(Cl)(Cl)Cl,1,2.4490805471013894
PPDB,11,Route+Agrochemical,38,107,c1ccc(Cc2ccccc2)cc1,1,2.4490805471013894
PPDB,11,Route+Agrochemical,39,110,C1COCCN1,0,-0.7298075059467615
PPDB,11,Route+Agrochemical,40,112,O=c1c2sccsc=2c(=O)c2ccccc12,0,-0.7298075059467615
PPDB,11,Route+Agrochemical,41,113,c1ccc(Cc2ccccc2)cc1,1,1.9800896616331929
PPDB,11,Route+Agrochemical,42,114,ACYCLIC:CCOP(=S)(OCC)SCSP(=S)(OCC)OCC,1,1.9800896616331929
PPDB,11,Route+Agrochemical,43,120,ACYCLIC:CCOP(=S)(OCC)SCCl,1,1.4120252226444507
PPDB,11,Route+Agrochemical,44,122,c1ccc(CCn2cncn2)cc1,1,-1.1987983914149578
PPDB,11,Route+Agrochemical,45,125,ACYCLIC:O=S(=O)(F)F,1,-0.3510709684228021
PPDB,11,Route+Agrochemical,46,126,O=C1C=CC(=O)c2ccccc21,0,-1.7668628304036997
PPDB,11,Route+Agrochemical,47,127,c1ccccc1,0,0.11791991704539423
PPDB,11,Route+Agrochemical,48,132,ACYCLIC:CCC[CH2][Sn]([CH2]CCC)([CH2]CCC)[O][Sn]([CH2]CCC)([CH2]CCC)[CH2]CCC,1,-0.3510709684228021
PPDB,11,Route+Agrochemical,49,134,c1ccc2c(c1)CCO2,1,1.9800896616331929
PPDB,11,Route+Agrochemical,50,141,C1=CC2C3C=CC(C3)C2C1,0,-0.9191354074115443
PPDB,11,Route+Agrochemical,51,147,ACYCLIC:CCC(C)N,0,-1.1987983914149578
PPDB,11,Route+Agrochemical,52,148,ACYCLIC:O=[PH]([O-])[O-].[Na+].[Na+],0,-0.7298075059467615
PPDB,11,Route+Agrochemical,53,149,O=C1NC(=O)C2CC=CCC12,0,-0.7298075059467615
PPDB,11,Route+Agrochemical,54,150,c1ccccc1,0,0.11791991704539423
PPDB,11,Route+Agrochemical,55,152,O=c1[nH]c2c(c(=O)n1C1CCCCC1)CCC2,0,-2.02027521801515
PPDB,11,Route+Agrochemical,56,156,c1ccc2ccccc2c1,0,-0.3510709684228021
PPDB,11,Route+Agrochemical,57,157,ACYCLIC:[Ca+2].[Cl-].[Cl-],0,-0.9191354074115443
PPDB,11,Route+Agrochemical,58,159,O=C(Nc1ncncn1)NS(=O)(=O)c1ccccc1,1,-2.02027521801515
PPDB,11,Route+Agrochemical,59,161,c1ccc2c(c1)OCO2,0,1.9800896616331929
PPDB,11,Route+Agrochemical,60,163,ACYCLIC:O=[As]([O-])([O-])O.[Pb+2],1,1.4120252226444507
PPDB,11,Route+Agrochemical,61,164,c1ccc2ccccc2c1,0,-0.3510709684228021
PPDB,11,Route+Agrochemical,62,165,O=C(Nc1ncncn1)NS(=O)(=O)c1ccccc1,0,-2.02027521801515
PPDB,11,Route+Agrochemical,63,166,c1ccccc1,0,-0.3510709684228021
PPDB,11,Route+Agrochemical,64,172,c1ccc(Oc2ccccc2)cc1,0,-2.4892661034833465
PPDB,11,Route+Agrochemical,65,175,ACYCLIC:O.O.[O]=[Al][O][Si](=O)O[Si](=O)[O][Al]=[O],0,-0.3510709684228021
PPDB,11,Route+Agrochemical,66,177,c1ccccc1,0,-0.7298075059467615
PPDB,11,Route+Agrochemical,67,181,c1ccc(Cc2ccccc2)cc1,1,1.9800896616331929
PPDB,11,Route+Agrochemical,68,191,O=C1CCCN1c1ccccc1,0,-2.4892661034833465
PPDB,11,Route+Agrochemical,69,195,ACYCLIC:CCCCSP(=O)(SCCCC)SCCCC,0,-0.3510709684228021
PPDB,11,Route+Agrochemical,70,200,ACYCLIC:C=CC(Cl)Cl,1,-0.3510709684228021
PPDB,11,Route+Agrochemical,71,201,O=C(Nc1ncccn1)NS(=O)(=O)Nc1ccccc1C(=O)C1CC1,0,-2.02027521801515
PPDB,11,Route+Agrochemical,72,208,c1ccccc1,0,-1.7668628304036997
PPDB,11,Route+Agrochemical,73,211,O=C1C=CC(OC(=O)C2CC2)C1,1,1.9800896616331929
PPDB,11,Route+Agrochemical,74,213,c1ccccc1,0,-1.7668628304036997
PPDB,11,Route+Agrochemical,75,220,ACYCLIC:CN(C)C(=S)[S-].CN(C)C(=S)[S-].[Zn+2],0,-1.1987983914149578
PPDB,11,Route+Agrochemical,76,227,ACYCLIC:CCOP(=O)=O,0,-1.1987983914149578
PPDB,11,Route+Agrochemical,77,228,c1ccccc1,1,1.4120252226444507
PPDB,11,Route+Agrochemical,78,231,ACYCLIC:CCSCCOP(=S)(OC)OC,1,1.4120252226444507
PPDB,11,Route+Agrochemical,79,232,O=C1CN=C(c2ccccn2)N1,0,-2.02027521801515
PPDB,11,Route+Agrochemical,80,234,c1ccccc1,1,-0.7298075059467615
PPDB,11,Route+Agrochemical,81,236,c1ccc(CSc2ccccc2)cc1,0,1.4120252226444507
PPDB,11,Route+Agrochemical,82,244,ACYCLIC:O=S(=O)([O-])C(F)(F)C(F)(F)C(F)(F)C(F)(F)C(F)(F)C(F)(F)C(F)(F)C(F)(F)F.[Li+],1,2.4490805471013894
PPDB,11,Route+Agrochemical,83,245,ACYCLIC:CCOP(=S)(OCC)OCCSCC,1,1.4120252226444507
PPDB,11,Route+Agrochemical,84,250,O=C(OCc1cccc(Oc2ccccc2)c1)C1CC1,1,1.9800896616331929
PPDB,11,Route+Agrochemical,85,252,C1CC1,0,-2.4892661034833465
PPDB,11,Route+Agrochemical,86,257,ACYCLIC:CNC(=S)[S-].[Na+],0,-0.3510709684228021
PPDB,11,Route+Agrochemical,87,258,c1cc[c]([SnH]([c]2ccccc2)[c]2ccccc2)cc1,0,-1.1987983914149578
PPDB,11,Route+Agrochemical,88,259,ACYCLIC:[Ba+2].[S-2],0,-1.7668628304036997
PPDB,11,Route+Agrochemical,89,260,O=C(Nc1cccc2ccccc12)c1ccccc1,0,-2.4892661034833465
PPDB,11,Route+Agrochemical,90,263,c1ccccc1,0,-2.02027521801515
PPDB,11,Route+Agrochemical,91,267,c1ccccc1,0,-3.0573305424720885
PPDB,11,Route+Agrochemical,92,272,O=c1[nH]c(=O)n(-c2ccccc2)o1,0,-3.0573305424720885
PPDB,11,Route+Agrochemical,93,274,ACYCLIC:O=C([O-])[O-].[Cu+2],0,-0.10591579596377715
PPDB,11,Route+Agrochemical,94,275,c1ccccc1,0,-1.1987983914149578
PPDB,11,Route+Agrochemical,95,276,c1ccccc1,1,-2.4892661034833465
PPDB,11,Route+Agrochemical,96,277,c1ccccc1,0,-2.4892661034833465
PPDB,11,Route+Agrochemical,97,278,O=C1NC(=O)c2ccccc21,1,1.9800896616331929
PPDB,11,Route+Agrochemical,98,282,ACYCLIC:CN(C)NC(=O)CCC(=O)O,0,-0.3510709684228021
PPDB,11,Route+Agrochemical,99,284,c1ccccc1,0,-2.02027521801515
PPDB,11,Route+Agrochemical,100,285,C1OCC2OC3OCOC3C2O1,0,-0.3510709684228021
PPDB,11,Route+Agrochemical,101,290,ACYCLIC:C[N+](C)(C)CCCl,0,-0.3510709684228021
PPDB,11,Route+Agrochemical,102,293,c1ccccc1,0,-2.4892661034833465
PPDB,11,Route+Agrochemical,103,297,c1ccccc1,0,-2.4892661034833465
PPDB,11,Route+Agrochemical,104,300,c1ncncn1,0,-3.0573305424720885
PPDB,11,Route+Agrochemical,105,301,ACYCLIC:CNC(=O)C(C)SCCSP(=O)(OC)OC,1,1.9800896616331929
PPDB,11,Route+Agrochemical,106,302,ACYCLIC:CC(Cl)(Cl)C(=O)[O-].[Na+],0,-3.0573305424720885
PPDB,11,Route+Agrochemical,107,305,c1cc[n+]2c(c1)-c1cccc[n+]1CC2,0,-2.02027521801515
PPDB,11,Route+Agrochemical,108,311,c1cncnc1,0,-1.1987983914149578
PPDB,11,Route+Agrochemical,109,313,c1ccccc1,0,-0.9191354074115443
PPDB,11,Route+Agrochemical,110,315,C1=CC1,1,-0.9191354074115443
PPDB,11,Route+Agrochemical,111,318,c1ccc(Oc2ccccc2)cc1,0,-2.4892661034833465
PPDB,11,Route+Agrochemical,112,323,ACYCLIC:S=C([S-])NCCNC(=S)S.S=C([S-])NCCNC(=S)S.[NH2-].[Zn],0,-1.1987983914149578
PPDB,11,Route+Agrochemical,113,328,ACYCLIC:S=C([S-])NCCNC(=S)[S-].[Zn+2],1,-1.1987983914149578
PPDB,11,Route+Agrochemical,114,331,ACYCLIC:C[As](=O)(O)O,0,-2.4892661034833465
PPDB,11,Route+Agrochemical,115,332,c1ccccc1,1,2.4490805471013894
PPDB,11,Route+Agrochemical,116,333,c1ccccc1,0,-2.02027521801515
PPDB,11,Route+Agrochemical,117,336,c1ncncn1,0,-2.4892661034833465
PPDB,11,Route+Agrochemical,118,337,O=S1OCC2C3C=CC(C3)C2CO1,1,1.9800896616331929
PPDB,11,Route+Agrochemical,119,338,c1ccc(Cc2ccccc2)cc1,0,-2.4892661034833465
PPDB,11,Route+Agrochemical,120,341,O=C1NC(=O)C2CC=CCC12,0,-1.7668628304036997
PPDB,11,Route+Agrochemical,121,342,c1ccccc1,0,-3.0573305424720885
PPDB,11,Route+Agrochemical,122,344,c1ccccc1,1,-2.02027521801515
PPDB,11,Route+Agrochemical,123,348,c1ccccc1,0,-2.4892661034833465
PPDB,11,Route+Agrochemical,124,349,c1ccc(Cc2ccccc2)cc1,0,-0.9191354074115443
PPDB,11,Route+Agrochemical,125,352,c1ccccc1,0,-2.4892661034833465
PPDB,11,Route+Agrochemical,126,353,c1ncncn1,0,-2.02027521801515
PPDB,11,Route+Agrochemical,127,354,ACYCLIC:S=C([S-])NCCNC(=S)[S-].S=C([S-])NCCNC(=S)[S-].[Mn+2].[Zn+2],0,-1.1987983914149578
PPDB,11,Route+Agrochemical,128,356,O=C1C=CC(=O)c2ccccc21,0,-2.4892661034833465
PPDB,11,Route+Agrochemical,129,357,c1ncncn1,0,-3.0573305424720885
PPDB,11,Route+Agrochemical,130,360,ACYCLIC:CNC(=O)/C=C(\C)OP(=O)(OC)OC,1,0.11791991704539423
PPDB,11,Route+Agrochemical,131,362,ACYCLIC:CCCCN(CC)C(=O)SCCC,1,-3.0573305424720885
PPDB,11,Route+Agrochemical,132,364,c1ccccc1,0,-2.4892661034833465
PPDB,11,Route+Agrochemical,133,365,O=C(OCN1C(=O)C2=C(CCCC2)C1=O)C1CC1,1,1.4120252226444507
PPDB,11,Route+Agrochemical,134,368,c1ccccc1,1,-3.0573305424720885
PPDB,11,Route+Agrochemical,135,372,c1ccccc1,0,-2.02027521801515
PPDB,11,Route+Agrochemical,136,375,c1ccccc1,0,1.9800896616331929
PPDB,11,Route+Agrochemical,137,376,C1CCCNCC1,1,-2.02027521801515
PPDB,11,Route+Agrochemical,138,377,O=c1cc[nH]c2cc3c(cc12)OCO3,0,-0.3510709684228021
PPDB,11,Route+Agrochemical,139,378,c1ccccc1,0,-2.4892661034833465
PPDB,11,Route+Agrochemical,140,383,c1ccccc1,1,2.4490805471013894
PPDB,11,Route+Agrochemical,141,384,c1coc(-c2nc3ccccc3[nH]2)c1,0,-0.7298075059467615
PPDB,11,Route+Agrochemical,142,386,c1ccc(Oc2ccccc2)cc1,0,-2.4892661034833465
PPDB,11,Route+Agrochemical,143,391,O=c1[nH]c2ccccc2s1,0,-3.0573305424720885
PPDB,11,Route+Agrochemical,144,394,c1ncncn1,1,-2.4892661034833465
PPDB,11,Route+Agrochemical,145,395,c1ccc(-c2ncccn2)cc1,0,-2.4892661034833465
PPDB,11,Route+Agrochemical,146,401,O=C1c2ccccc2C(=O)C1C(=O)C(c1ccccc1)c1ccccc1,1,-0.9191354074115443
PPDB,11,Route+Agrochemical,147,402,C1C2C3C4CC5C3C1C5C24,0,2.4490805471013894
PPDB,11,Route+Agrochemical,148,403,c1ccncc1,0,-2.02027521801515
PPDB,11,Route+Agrochemical,149,404,c1ccc(Nc2ncncn2)cc1,0,-0.7298075059467615
PPDB,11,Route+Agrochemical,150,406,ACYCLIC:CNC(=O)ON=CC(C)(C)S(C)(=O)=O,0,1.9800896616331929
PPDB,11,Route+Agrochemical,151,409,O=C(Nc1ccccc1)C1=COCCS1(=O)=O,0,-1.1987983914149578
PPDB,11,Route+Agrochemical,152,411,c1ccccc1,0,-2.4892661034833465
PPDB,11,Route+Agrochemical,153,412,c1ccccc1,0,-1.1987983914149578
PPDB,11,Route+Agrochemical,154,413,c1ccsc1,0,-1.1987983914149578
PPDB,11,Route+Agrochemical,155,414,c1ccccc1,0,-2.4892661034833465
PPDB,11,Route+Agrochemical,156,419,c1ccccc1,0,-3.0573305424720885
PPDB,11,Route+Agrochemical,157,420,O=c1cnnc[nH]1,0,-2.02027521801515
PPDB,11,Route+Agrochemical,158,422,c1ccccc1,1,1.9800896616331929
PPDB,11,Route+Agrochemical,159,423,c1ccc2scnc2c1,1,-2.4892661034833465
PPDB,11,Route+Agrochemical,160,426,c1ncncn1,0,-2.4892661034833465
PPDB,11,Route+Agrochemical,161,427,c1ccccc1,0,-2.02027521801515
PPDB,11,Route+Agrochemical,162,428,ACYCLIC:CP(=O)(O)CCC(N)C(=O)O,0,-2.4892661034833465
PPDB,11,Route+Agrochemical,163,430,O=C1NS(=O)(=O)Nc2ccccc21,0,-2.4892661034833465
PPDB,11,Route+Agrochemical,164,432,ACYCLIC:CP(=O)(O)CCC(N)C(=O)[O-].[NH4+],0,-2.4892661034833465
PPDB,11,Route+Agrochemical,165,433,c1ccccc1,0,-2.02027521801515
PPDB,11,Route+Agrochemical,166,437,c1cncnc1,1,2.4490805471013894
PPDB,11,Route+Agrochemical,167,444,C1CC2CCC1C2,1,1.9800896616331929
PPDB,11,Route+Agrochemical,168,445,c1ccccc1,1,-3.0573305424720885
PPDB,11,Route+Agrochemical,169,446,c1ccc(-n2cncn2)cc1,0,1.9800896616331929
PPDB,11,Route+Agrochemical,170,447,c1ccccc1,0,-2.02027521801515
PPDB,11,Route+Agrochemical,171,450,c1ccccc1,0,-2.02027521801515
PPDB,11,Route+Agrochemical,172,452,c1ccc2ccccc2c1,0,-2.4892661034833465
PPDB,11,Route+Agrochemical,173,455,O=C(NC(=O)c1ccccc1)Nc1ccccc1,1,2.4490805471013894
PPDB,11,Route+Agrochemical,174,457,c1ccccc1,0,-3.0573305424720885
PPDB,11,Route+Agrochemical,175,458,O=C(OCCCN1CCCCC1)c1ccccc1,0,-0.3510709684228021
PPDB,11,Route+Agrochemical,176,460,C1CCCCCC(N2CCOCC2)CCCCC1,0,-1.1987983914149578
PPDB,11,Route+Agrochemical,177,461,c1ccccc1,0,-2.4892661034833465
PPDB,11,Route+Agrochemical,178,468,ACYCLIC:CCOC(=O)C=C(C)C=CCC(C)CCCC(C)C,1,2.4490805471013894
PPDB,11,Route+Agrochemical,179,469,ACYCLIC:COC(C)(C)CCCC(C)CC=CC(C)=CC(=O)OC(C)C,1,0.11791991704539423
PPDB,11,Route+Agrochemical,180,471,c1ccc(Oc2ccccc2)cc1,0,-2.4892661034833465
PPDB,11,Route+Agrochemical,181,472,c1ncncn1,0,-2.4892661034833465
PPDB,11,Route+Agrochemical,182,473,O=c1cccnn1-c1ccccc1,0,-3.0573305424720885
PPDB,11,Route+Agrochemical,183,474,c1ccc(-c2ccno2)cc1,1,1.9800896616331929
PPDB,11,Route+Agrochemical,184,484,c1ncncn1,0,-3.0573305424720885
PPDB,11,Route+Agrochemical,185,485,C1CC[NH2+]CC1,0,-0.3510709684228021
PPDB,11,Route+Agrochemical,186,489,O=C1CCCC(=O)C1C(=O)c1ccccc1,0,-2.02027521801515
PPDB,11,Route+Agrochemical,187,490,ACYCLIC:CC(CNC(=S)[S-])NC(=S)[S-].[Zn+2],0,-1.1987983914149578
PPDB,11,Route+Agrochemical,188,492,ACYCLIC:NC(N)=NCCCCCCCCNCCCCCCCCN=C(N)N,0,-0.7298075059467615
PPDB,11,Route+Agrochemical,189,493,O=C(OCc1cccc(Oc2ccccc2)c1)C1CC1,1,1.9800896616331929
PPDB,11,Route+Agrochemical,190,498,O=c1[nH]cnnc1-c1ccccc1,0,-2.02027521801515
PPDB,11,Route+Agrochemical,191,499,ACYCLIC:C#CCOC(=O)C=C(C)C=CCC(C)CCCC(C)C,0,-0.3510709684228021
PPDB,11,Route+Agrochemical,192,500,O=C(NC(=O)c1ccccc1)Nc1ccccc1,0,0.11791991704539423
PPDB,11,Route+Agrochemical,193,507,c1ccccc1,1,1.4120252226444507
PPDB,11,Route+Agrochemical,194,514,O=C1COC(=O)N1c1ccccc1,0,-0.7298075059467615
PPDB,11,Route+Agrochemical,195,517,O=C1C2CC2C(=O)N1c1ccccc1,0,-1.1987983914149578
PPDB,11,Route+Agrochemical,196,518,c1ccc(C(c2ccccc2)c2cncnc2)cc1,0,-1.1987983914149578
PPDB,11,Route+Agrochemical,197,521,c1nc[n]([Sn]([CH]2CCCCC2)([CH]2CCCCC2)[CH]2CCCCC2)n1,0,-0.9191354074115443
PPDB,11,Route+Agrochemical,198,522,c1ccc(C(Cn2cncn2)c2ccccc2)cc1,1,-0.7298075059467615
PPDB,11,Route+Agrochemical,199,523,c1ccccc1,0,-2.4892661034833465
PPDB,11,Route+Agrochemical,200,524,c1ccccc1,0,-2.02027521801515
PPDB,11,Route+Agrochemical,201,525,O=C(Nc1ccccc1)c1ccco1,1,-0.7298075059467615
PPDB,11,Route+Agrochemical,202,526,c1ccc(Oc2ccccc2)cc1,0,-3.0573305424720885
PPDB,11,Route+Agrochemical,203,527,c1ccccc1,1,-0.3510709684228021
PPDB,11,Route+Agrochemical,204,528,c1ccccc1,0,-3.0573305424720885
PPDB,11,Route+Agrochemical,205,533,c1ccc2c(c1)sc1nncn12,0,-0.7298075059467615
PPDB,11,Route+Agrochemical,206,536,O=C(NC(=O)c1ccccc1)Nc1ccccc1,0,1.9800896616331929
PPDB,11,Route+Agrochemical,207,537,c1ccc(-c2ccc(OCn3cncn3)cc2)cc1,0,-0.7298075059467615
PPDB,11,Route+Agrochemical,208,539,C1=CC(C2C=CC=C2)C=C1,0,1.9800896616331929
PPDB,11,Route+Agrochemical,209,541,ACYCLIC:CCOP(=O)(O)C(N)=O,0,-2.4892661034833465
PPDB,11,Route+Agrochemical,210,542,c1ccc(-c2cccnn2)cc1,0,-2.4892661034833465
PPDB,11,Route+Agrochemical,211,543,O=C(Cc1ccccc1)OCc1cccc(Oc2ccccc2)c1,1,1.9800896616331929
PPDB,11,Route+Agrochemical,212,544,C1CC[NH2+]CC1,0,-0.3510709684228021
PPDB,11,Route+Agrochemical,213,545,ACYCLIC:CC(=O)[O-].CC(=O)[O-].[Cu+2],0,-1.7668628304036997
PPDB,11,Route+Agrochemical,214,546,O=C(NCCOc1ccccc1)n1ccnc1,0,-0.7298075059467615
PPDB,11,Route+Agrochemical,215,549,c1cncnc1,1,1.9800896616331929
PPDB,11,Route+Agrochemical,216,556,c1ccc(OCn2ccnc2)cc1,1,-1.1987983914149578
PPDB,11,Route+Agrochemical,217,557,O=C1OCC2C3CCCC3CCC2C2CCCCC12,1,-0.3510709684228021
PPDB,11,Route+Agrochemical,218,558,c1ccc(-c2cc(-c3ccccc3)[nH+][nH]2)cc1,0,-2.4892661034833465
PPDB,11,Route+Agrochemical,219,559,c1ccc(CCCN2CCCCC2)cc1,1,-0.7298075059467615
PPDB,11,Route+Agrochemical,220,560,ACYCLIC:CCCOC(=O)NCCCN(C)C,0,-0.7298075059467615
PPDB,11,Route+Agrochemical,221,561,c1ccc(CCn2cncn2)cc1.c1ccc(CCn2cncn2)cc1,1,-1.1987983914149578
PPDB,11,Route+Agrochemical,222,563,c1ccncc1,0,-2.4892661034833465
PPDB,11,Route+Agrochemical,223,565,ACYCLIC:CN(C)C(CSC(N)=O)CSC(N)=O.Cl,1,1.4120252226444507
PPDB,11,Route+Agrochemical,224,566,O=C1OCCC1Nc1ccccc1,0,-0.7298075059467615
PPDB,11,Route+Agrochemical,225,568,C1CSSSC1,0,2.4490805471013894
PPDB,11,Route+Agrochemical,226,569,O=C(OCc1cccc(Oc2ccccc2)c1)C1CC1,1,1.4120252226444507
PPDB,11,Route+Agrochemical,227,570,c1ccc(Oc2ccccc2)cc1,0,-2.4892661034833465
PPDB,11,Route+Agrochemical,228,571,c1ccc(Oc2ccccn2)cc1,0,-2.4892661034833465
PPDB,11,Route+Agrochemical,229,572,c1ccccc1,1,-2.02027521801515
PPDB,11,Route+Agrochemical,230,573,O=c1ocnn1-c1ccccc1,0,-2.4892661034833465
PPDB,11,Route+Agrochemical,231,574,O=C(Nc1ccccc1)N(Cc1ccccc1)C1CCCC1,0,-0.7298075059467615
PPDB,11,Route+Agrochemical,232,575,O=c1cccnn1-c1ccccc1,1,1.4120252226444507
PPDB,11,Route+Agrochemical,233,577,O=c1[nH]c2ncccc2o1,1,2.4490805471013894
PPDB,11,Route+Agrochemical,234,579,c1ccccc1,0,-0.7298075059467615
PPDB,11,Route+Agrochemical,235,580,O=C1COC(=O)N1c1ccccc1,0,-1.1987983914149578
PPDB,11,Route+Agrochemical,236,583,ACYCLIC:CNC(=O)ON=C(C)C(C)SC,1,2.4490805471013894
PPDB,11,Route+Agrochemical,237,584,O=C(NC(=O)c1ccccc1)Nc1ccccc1,0,2.4490805471013894
PPDB,11,Route+Agrochemical,238,587,c1ccc(Oc2ccccc2)cc1,0,-0.3510709684228021
PPDB,11,Route+Agrochemical,239,588,c1ccc(Oc2ccccn2)cc1,0,-2.4892661034833465
PPDB,11,Route+Agrochemical,240,589,O=C(OCc1cccc(-c2ccccc2)c1)C1CC1,1,1.9800896616331929
PPDB,11,Route+Agrochemical,241,594,O=C(Cc1ccccc1)Nc1ccccc1,0,-0.7298075059467615
PPDB,11,Route+Agrochemical,242,596,c1ncncn1,0,-2.02027521801515
PPDB,11,Route+Agrochemical,243,597,O=C(Nc1ncccn1)NS(=O)(=O)c1ccccc1,0,-2.4892661034833465
PPDB,11,Route+Agrochemical,244,598,C1CCNCC1,0,-0.3510709684228021
PPDB,11,Route+Agrochemical,245,599,c1ccc(Oc2cnc3ccccc3n2)cc1,1,-2.02027521801515
PPDB,11,Route+Agrochemical,246,602,c1ccc(Oc2ccccn2)cc1,0,-2.02027521801515
PPDB,11,Route+Agrochemical,247,603,c1ccc(Oc2ccccc2)cc1,0,-2.02027521801515
PPDB,11,Route+Agrochemical,248,604,c1ccc2[nH+]nc(-n3ccnc3)nc2c1,0,-1.1987983914149578
PPDB,11,Route+Agrochemical,249,605,O=C1OCCN1Nc1ccccc1,0,-1.1987983914149578
PPDB,11,Route+Agrochemical,250,606,c1ccncc1,0,-2.02027521801515
PPDB,11,Route+Agrochemical,251,607,c1ccc(NCn2cccn2)cc1,0,-2.02027521801515
PPDB,11,Route+Agrochemical,252,608,C1CSSSC1,0,2.4490805471013894
PPDB,11,Route+Agrochemical,253,611,O=C(OCc1cccc(Oc2ccccc2)c1)C1CC1,1,1.9800896616331929
PPDB,11,Route+Agrochemical,254,612,C1CC[NH2+]CC1,0,-0.3510709684228021
PPDB,11,Route+Agrochemical,255,613,C(=Cn1cncn1)c1ccccc1,0,-1.1987983914149578
PPDB,11,Route+Agrochemical,256,615,O=C(NC(=O)c1ccccc1)Nc1ccc(Oc2ccccn2)cc1,0,2.4490805471013894
PPDB,11,Route+Agrochemical,257,616,C(=NOCC1OCCO1)c1ccccc1,0,-2.02027521801515
PPDB,11,Route+Agrochemical,258,618,O=C1CN=C(c2ccc3ccccc3n2)N1,1,0.11791991704539423
PPDB,11,Route+Agrochemical,259,620,C1CCCCCC(N2CCOCC2)CCCCC1,0,-1.1987983914149578
PPDB,11,Route+Agrochemical,260,621,C(=Nc1ccccc1)n1ccnc1,0,-0.7298075059467615
PPDB,11,Route+Agrochemical,261,622,O=C(NC(=O)c1ccccc1)Nc1ccccc1,0,2.4490805471013894
PPDB,11,Route+Agrochemical,262,623,O=S(=O)(SCCCSS(=O)(=O)c1ccccc1)c1ccccc1,0,1.9800896616331929
PPDB,11,Route+Agrochemical,263,624,c1ccc(Oc2ccccn2)cc1,0,-2.02027521801515
PPDB,11,Route+Agrochemical,264,625,O=C1CCc2cccc3c2N1CC3,0,-0.7298075059467615
PPDB,11,Route+Agrochemical,265,628,O=C(Nc1ncncn1)NS(=O)(=O)c1ccccc1,0,-2.4892661034833465
PPDB,11,Route+Agrochemical,266,629,c1ccc(CCn2cncn2)cc1,1,0.11791991704539423
PPDB,11,Route+Agrochemical,267,632,ACYCLIC:CCOP(=O)=O.CCOP(=O)=O.CCOP(=O)=O.[Al+3],0,-1.1987983914149578
PPDB,11,Route+Agrochemical,268,633,c1ccccc1,0,-1.1987983914149578
PPDB,11,Route+Agrochemical,269,634,O=C(Nc1ccccc1)c1ccccc1,0,-0.7298075059467615
PPDB,11,Route+Agrochemical,270,635,c1ccc(COC2CC3CCC2O3)cc1,0,-2.4892661034833465
PPDB,11,Route+Agrochemical,271,637,C(=Cn1cncn1)c1ccccc1,0,-0.3510709684228021
PPDB,11,Route+Agrochemical,272,639,O=C(Nc1ccno1)c1ccccc1,0,-2.4892661034833465
PPDB,11,Route+Agrochemical,273,640,ACYCLIC:[K+].[K+].[O-]P([O-])O,0,0.11791991704539423
PPDB,11,Route+Agrochemical,274,641,c1ccccc1,1,1.9800896616331929
PPDB,11,Route+Agrochemical,275,642,O=C(NC(=O)c1ccccc1)Nc1ccc(Oc2ccccc2)cc1,0,1.9800896616331929
PPDB,11,Route+Agrochemical,276,643,c1ccc2c(c1)CCO2,1,1.9800896616331929
PPDB,11,Route+Agrochemical,277,644,c1ccc(Oc2ccccc2)cc1,1,1.9800896616331929
PPDB,11,Route+Agrochemical,278,646,O=C1CN=C(c2ccccn2)N1,0,-2.02027521801515
PPDB,11,Route+Agrochemical,279,647,c1ccc(CCCCn2cncn2)cc1,0,-0.7298075059467615
PPDB,11,Route+Agrochemical,280,648,c1ccc(Oc2ccccc2)cc1,0,-2.4892661034833465
PPDB,11,Route+Agrochemical,281,649,c1ccc(Oc2nc3ccccc3o2)cc1,0,-2.4892661034833465
PPDB,11,Route+Agrochemical,282,651,c1ccccc1,0,-0.3510709684228021
PPDB,11,Route+Agrochemical,283,652,c1ccc([SiH](Cn2cncn2)c2ccccc2)cc1,0,-0.7298075059467615
PPDB,11,Route+Agrochemical,284,653,ACYCLIC:CCNS(=O)(=O)C(F)(F)C(F)(F)C(F)(F)C(F)(F)C(F)(F)C(F)(F)C(F)(F)C(F)(F)F,1,1.4120252226444507
PPDB,11,Route+Agrochemical,285,655,O=C1C(c2ccccc2)=COC1c1ccccc1,0,-2.4892661034833465
PPDB,11,Route+Agrochemical,286,656,O=C(Nc1ncccn1)NS(=O)(=O)c1ccn[nH]1,0,-0.3510709684228021
PPDB,11,Route+Agrochemical,287,657,O=C(Nc1ccccc1)c1cccnc1Oc1ccccc1,0,-2.4892661034833465
PPDB,11,Route+Agrochemical,288,659,c1ccc2ncccc2c1,0,-2.4892661034833465
PPDB,11,Route+Agrochemical,289,661,O=C1CN=C(c2ccccc2)N1,0,-2.4892661034833465
PPDB,11,Route+Agrochemical,290,662,c1ccc(-n2cccn2)cc1,1,1.9800896616331929
PPDB,11,Route+Agrochemical,291,663,O=C(NCc1ccco1)n1ccnc1,0,-0.3510709684228021
PPDB,11,Route+Agrochemical,292,664,O=C(Nc1ncncn1)NS(=O)(=O)c1ccsc1,1,-2.02027521801515
PPDB,11,Route+Agrochemical,293,665,O=C(Nc1ncccn1)NS(=O)(=O)Cc1ccccc1,0,-2.02027521801515
PPDB,11,Route+Agrochemical,294,666,O=C(Nc1ccccc1)c1ccccc1,0,-1.1987983914149578
PPDB,11,Route+Agrochemical,295,667,c1ccc(Oc2cccc(CCC[SiH2]c3ccccc3)c2)cc1,1,0.11791991704539423
PPDB,11,Route+Agrochemical,296,669,O=C(Nc1ncccn1)NS(=O)(=O)Cc1ccccc1,0,-2.02027521801515
PPDB,11,Route+Agrochemical,297,670,O=c1ccc(-c2ccccc2)n[nH]1,0,-1.1987983914149578
PPDB,11,Route+Agrochemical,298,672,c1ccc(CNc2ccncn2)cc1,1,0.11791991704539423
PPDB,11,Route+Agrochemical,299,673,c1ccccc1,0,-2.4892661034833465
PPDB,11,Route+Agrochemical,300,674,O=C1CN=C(c2ccccc2)N1.O=C1CN=C(c2ccccc2)N1,0,-2.02027521801515
PPDB,11,Route+Agrochemical,301,675,O=C(NNC(=O)c1ccccc1)c1ccccc1,0,1.9800896616331929
PPDB,11,Route+Agrochemical,302,676,O=C1CN=C(c2ccccn2)N1,0,-2.02027521801515
PPDB,11,Route+Agrochemical,303,678,O=c1[nH]cnn1C=NS(=O)(=O)c1ccccc1,0,-2.4892661034833465
PPDB,11,Route+Agrochemical,304,679,O=C(NNC(=O)c1ccccc1)c1ccccc1,0,1.9800896616331929
PPDB,11,Route+Agrochemical,305,680,c1ccc(CCn2cncn2)cc1,0,-1.1987983914149578
PPDB,11,Route+Agrochemical,306,682,c1ccc(CCOCc2cccc(Oc3ccccc3)c2)cc1,1,1.9800896616331929
PPDB,11,Route+Agrochemical,307,685,c1ccncc1,1,-2.02027521801515
PPDB,11,Route+Agrochemical,308,687,O=C(Nc1ccccc1)c1ccnn1-c1ccccn1,1,1.9800896616331929
PPDB,11,Route+Agrochemical,309,688,O=C(NCc1ccccc1)c1ccn[nH]1,1,-0.3510709684228021
PPDB,11,Route+Agrochemical,310,689,C(=C1CCCC1Cn1cncn1)c1ccccc1,0,-0.7298075059467615
PPDB,11,Route+Agrochemical,311,691,O=S(=O)(c1nc[nH]n1)n1ccc2ccccc21,0,-1.1987983914149578
PPDB,11,Route+Agrochemical,312,692,c1ccccc1,0,-3.0573305424720885
PPDB,11,Route+Agrochemical,313,694,C=C1C(=O)CCCC1=O,0,-2.4892661034833465
PPDB,11,Route+Agrochemical,314,696,O=C1CCCC(=O)C1,0,-0.3510709684228021
PPDB,11,Route+Agrochemical,315,697,c1ccccc1,0,-3.0573305424720885
PPDB,11,Route+Agrochemical,316,698,O=C(Nc1ncccn1)NS(=O)(=O)c1ccccc1,0,-2.4892661034833465
PPDB,11,Route+Agrochemical,317,702,c1ccc(Oc2cnc3ccccc3n2)cc1,0,-2.02027521801515
PPDB,11,Route+Agrochemical,318,704,O=C(NC(=O)c1ccccc1)Nc1ccc(CON=C(c2ccccc2)C2CC2)cc1,0,1.9800896616331929
PPDB,11,Route+Agrochemical,319,705,O=C(Nc1ccccc1)c1ccccc1,0,-3.0573305424720885
PPDB,11,Route+Agrochemical,320,706,O=C(Nc1ncncn1)NS(=O)(=O)c1ccccc1,0,-2.02027521801515
PPDB,11,Route+Agrochemical,321,708,ACYCLIC:O=S(=O)([O-])[O-].O=S(=O)([O-])[O-].[Al+3].[NH4+],0,-0.3510709684228021
PPDB,11,Route+Agrochemical,322,709,c1ccccc1,0,-0.9191354074115443
PPDB,11,Route+Agrochemical,323,712,c1ccc(Nc2ccccn2)cc1,0,-0.7298075059467615
PPDB,11,Route+Agrochemical,324,713,C1=NCCN1Cc1cccnc1,1,2.4490805471013894
PPDB,11,Route+Agrochemical,325,716,O=C(COc1ccc(Oc2cnc3ccccc3n2)cc1)OCC1CCCO1,0,-2.4892661034833465
PPDB,11,Route+Agrochemical,326,718,c1ccc(Oc2ccccc2)cc1,0,-2.4892661034833465
PPDB,11,Route+Agrochemical,327,719,O=C(Nc1ncncn1)NS(=O)(=O)c1ccsc1,1,-2.02027521801515
PPDB,11,Route+Agrochemical,328,720,O=S(=O)(Nc1ccccc1)c1nc2ccncn2n1,0,-2.4892661034833465
PPDB,11,Route+Agrochemical,329,721,O=C(Nc1ncccn1)NS(=O)(=O)c1ccccn1,1,-2.02027521801515
PPDB,11,Route+Agrochemical,330,722,O=C(Oc1ccccc1)n1cnc2ccccc21,0,-2.4892661034833465
PPDB,11,Route+Agrochemical,331,723,c1ccc(Oc2ccccn2)cc1,0,-2.4892661034833465
PPDB,11,Route+Agrochemical,332,725,c1nc[nH]n1,0,1.9800896616331929
PPDB,11,Route+Agrochemical,333,727,O=C1CN=C(c2ccccn2)N1,0,-2.4892661034833465
PPDB,11,Route+Agrochemical,334,728,c1ccc(-c2cc[nH]c2)cc1,1,-0.7298075059467615
PPDB,11,Route+Agrochemical,335,732,O=C1CCCC(=O)C1C(=O)c1ccccc1,0,-2.02027521801515
PPDB,11,Route+Agrochemical,336,735,c1ccccc1,1,-2.4892661034833465
PPDB,11,Route+Agrochemical,337,738,c1ccc(-n2cncn2)cc1,0,-2.4892661034833465
PPDB,11,Route+Agrochemical,338,740,ACYCLIC:CC(=O)O.CC(=O)O.CC(=O)O.NC(N)=NCCCCCCCCNCCCCCCCCN=C(N)N,0,-1.1987983914149578
PPDB,11,Route+Agrochemical,339,741,C(=NOCc1ccccc1)c1cn[nH]c1Oc1ccccc1,0,1.9800896616331929
PPDB,11,Route+Agrochemical,340,742,O=C(Nc1ncncn1)NS(=O)(=O)c1ccccc1,1,-2.4892661034833465
PPDB,11,Route+Agrochemical,341,743,O=c1[nH]cnn1-c1ccccc1,0,-2.4892661034833465
PPDB,11,Route+Agrochemical,342,744,c1ccccc1,0,-2.4892661034833465
PPDB,11,Route+Agrochemical,343,745,c1cnc(C2CC2)nc1,0,-2.4892661034833465
PPDB,11,Route+Agrochemical,344,746,O=c1ccn(-c2ccccc2)nc1,0,0.11791991704539423
PPDB,11,Route+Agrochemical,345,749,c1ccc2c(c1)NCCO2,0,-2.02027521801515
PPDB,11,Route+Agrochemical,346,750,c1ccccc1,0,-2.02027521801515
PPDB,11,Route+Agrochemical,347,753,c1ccc(N=c2[nH]ccs2)cc1,0,-0.9191354074115443
PPDB,11,Route+Agrochemical,348,754,ACYCLIC:CCOP(=O)(SC(C)CC)SC(C)CC,1,1.9800896616331929
PPDB,11,Route+Agrochemical,349,757,O=c1c2ccccc2nc(-n2cncn2)n1-c1ccccc1,0,-1.1987983914149578
PPDB,11,Route+Agrochemical,350,758,O=C(Nc1ncncn1)NS(=O)(=O)c1ccccc1,1,-2.4892661034833465
PPDB,11,Route+Agrochemical,351,759,c1cncnc1,0,-2.4892661034833465
PPDB,11,Route+Agrochemical,352,760,O=C(Nc1ncncn1)NS(=O)(=O)c1ccccc1,0,-2.4892661034833465
PPDB,11,Route+Agrochemical,353,762,O=C(Nc1ncncn1)NS(=O)(=O)c1ccccc1,0,-2.4892661034833465
PPDB,11,Route+Agrochemical,354,763,O=S(=O)(Nc1ccccc1)c1nc2ncccn2n1,0,-2.4892661034833465
PPDB,11,Route+Agrochemical,355,765,c1ccc2ncccc2c1,0,-2.4892661034833465
PPDB,11,Route+Agrochemical,356,766,c1coc(C2CNCO2)c1,0,-2.4892661034833465
PPDB,11,Route+Agrochemical,357,769,c1ccc(Oc2ccccn2)cc1,0,-2.4892661034833465
PPDB,11,Route+Agrochemical,358,771,O=S(=O)(Nc1ccccc1)c1ccccc1,0,-0.7298075059467615
PPDB,11,Route+Agrochemical,359,773,c1ccc(C2(Cn3cncn3)CCCO2)cc1,0,-0.7298075059467615
PPDB,11,Route+Agrochemical,360,774,c1ccc(Nc2ncccn2)cc1,0,-0.7298075059467615
PPDB,11,Route+Agrochemical,361,775,c1ccccc1,0,-2.02027521801515
PPDB,11,Route+Agrochemical,362,777,c1ccccc1,1,1.9800896616331929
PPDB,11,Route+Agrochemical,363,778,O=C(C=C(c1ccccc1)c1ccccc1)N1CCOCC1,0,-0.3510709684228021
PPDB,11,Route+Agrochemical,364,779,c1ccc(Oc2nc3ccccc3o2)cc1,0,-0.3510709684228021
PPDB,11,Route+Agrochemical,365,780,c1ccc(Oc2ccc(OCC3COCO3)cc2)cc1,0,-0.3510709684228021
PPDB,11,Route+Agrochemical,366,783,O=c1ocnn1-c1ccccc1,0,-2.4892661034833465
PPDB,11,Route+Agrochemical,367,784,c1ccc(OCCNc2ccncn2)cc1,1,2.4490805471013894
PPDB,11,Route+Agrochemical,368,785,c1ccc(C2OC2(Cn2cncn2)c2ccccc2)cc1,0,-0.7298075059467615
PPDB,11,Route+Agrochemical,369,786,c1ccc(Nc2nccc(C3CC3)n2)cc1,0,-1.1987983914149578
PPDB,11,Route+Agrochemical,370,789,c1cncnc1,1,1.4120252226444507
PPDB,11,Route+Agrochemical,371,790,c1ccncc1,1,1.9800896616331929
PPDB,11,Route+Agrochemical,372,795,O=C(c1ccccc1)c1cnoc1C1CC1,0,-2.4892661034833465
PPDB,11,Route+Agrochemical,373,796,O=C1C2=C(CCCC2)C(=O)N1c1ccccc1,0,-2.4892661034833465
PPDB,11,Route+Agrochemical,374,798,c1ccc(-c2ncnn2-c2ccccc2)cc1,0,-2.4892661034833465
PPDB,11,Route+Agrochemical,375,802,O=C(Nc1ncccn1)NS(=O)(=O)c1ccccc1,0,-2.4892661034833465
PPDB,11,Route+Agrochemical,376,803,O=C(Nc1ncccn1)NS(=O)(=O)c1ccccn1,0,-2.4892661034833465
PPDB,11,Route+Agrochemical,377,806,c1ccc2scnc2c1,0,-1.1987983914149578
PPDB,11,Route+Agrochemical,378,807,O=c1sc(=Nc2ccccc2)n2n1CCCC2,0,-0.3510709684228021
PPDB,11,Route+Agrochemical,379,808,O=c1n(-c2ccccc2)nc2n1CCCC2,0,-2.02027521801515
PPDB,11,Route+Agrochemical,380,809,O=C(Nc1ccccc1)C1CCCCC1,0,-0.7298075059467615
PPDB,11,Route+Agrochemical,381,810,ACYCLIC:C[S+](C)C.O=C(O)CNCP(=O)([O-])O,0,-2.4892661034833465
PPDB,11,Route+Agrochemical,382,811,O=C1C2=C(CCCC2)C(=O)N1c1ccccc1,0,-2.4892661034833465
PPDB,11,Route+Agrochemical,383,812,C=C1C(=O)CCCC1=O,0,-0.3510709684228021
PPDB,11,Route+Agrochemical,384,814,O=C(OCc1cccc(Oc2ccccc2)c1)C1CC1,1,2.4490805471013894
PPDB,11,Route+Agrochemical,385,815,C=C1OC(=O)N(c2cccc(OC3CCCC3)c2)C1=O,0,-2.4892661034833465
PPDB,11,Route+Agrochemical,386,816,O=c1[nH]cnn1C=NS(=O)(=O)c1ccccc1,0,-3.0573305424720885
PPDB,11,Route+Agrochemical,387,820,O=C(Nc1ncccn1)NS(=O)(=O)c1ccccc1,0,-2.4892661034833465
PPDB,11,Route+Agrochemical,388,822,c1ccc(-c2nnc(-c3ccccc3)nn2)cc1,0,-0.3510709684228021
PPDB,11,Route+Agrochemical,389,823,O=C1CCCC(=O)C1C(=O)c1ccccc1,1,-2.02027521801515
PPDB,11,Route+Agrochemical,390,824,c1ccc(Oc2ccccc2)cc1,0,-0.3510709684228021
PPDB,11,Route+Agrochemical,391,825,O=C(Nc1ncccn1)NS(=O)(=O)c1ccccc1,0,-2.4892661034833465
PPDB,11,Route+Agrochemical,392,827,C1CCOC1,1,1.9800896616331929
PPDB,11,Route+Agrochemical,393,829,c1ccc(OCCCOc2ccccn2)cc1,0,1.9800896616331929
PPDB,11,Route+Agrochemical,394,832,O=C1OCc2ccccc21,0,-1.1987983914149578
PPDB,11,Route+Agrochemical,395,834,c1ccccc1,0,1.9800896616331929
PPDB,11,Route+Agrochemical,396,835,O=C(CNc1ccccc1)OCc1cccc(Oc2ccccc2)c1,0,1.9800896616331929
PPDB,11,Route+Agrochemical,397,836,O=C(NNC(=O)c1ccc2c(c1)CCCO2)c1ccccc1,0,1.9800896616331929
PPDB,11,Route+Agrochemical,398,837,c1ccccc1,0,-2.4892661034833465
PPDB,11,Route+Agrochemical,399,840,c1ccsc1,0,-2.02027521801515
PPDB,11,Route+Agrochemical,400,841,O=C(Nc1ccccc1)c1cccc(Oc2ccccc2)n1,0,-2.4892661034833465
PPDB,11,Route+Agrochemical,401,842,O=S(=O)(c1ccccc1)c1nc[nH]n1,0,-2.02027521801515
PPDB,11,Route+Agrochemical,402,843,O=C1OCc2cccc(Sc3ncccn3)c21,0,-2.4892661034833465
PPDB,11,Route+Agrochemical,403,844,O=C(ON=C(c1ccccc1)c1ccccc1)c1c(Oc2ncccn2)cccc1Oc1ncccn1,0,-3.0573305424720885
PPDB,11,Route+Agrochemical,404,845,c1cscn1,1,2.4490805471013894
PPDB,11,Route+Agrochemical,405,846,O=C(NS(=O)(=O)c1ccccc1)n1nc[nH]c1=O,0,-2.4892661034833465
PPDB,11,Route+Agrochemical,406,848,ACYCLIC:O=C(O)CNCP(=O)([O-])O.[Na+],0,-2.4892661034833465
PPDB,11,Route+Agrochemical,407,850,c1ccc(Oc2ccccc2)cc1,0,-2.02027521801515
PPDB,11,Route+Agrochemical,408,852,O=C(NC1CCCCC1)n1nnn(-c2ccccc2)c1=O,0,-2.4892661034833465
PPDB,11,Route+Agrochemical,409,853,c1ccc(Oc2ncccn2)cc1,0,-2.4892661034833465
PPDB,11,Route+Agrochemical,410,854,O=C(Nc1ncccn1)NS(=O)(=O)c1ccn[nH]1,0,-0.3510709684228021
PPDB,11,Route+Agrochemical,411,855,O=C(Nc1ncccn1)NS(=O)(=O)Oc1ccccc1,0,-2.4892661034833465
PPDB,11,Route+Agrochemical,412,858,c1ccccc1,0,-2.02027521801515
PPDB,11,Route+Agrochemical,413,859,O=C(NS(=O)(=O)c1ccccc1)n1nc[nH]c1=O,0,-3.0573305424720885
PPDB,11,Route+Agrochemical,414,860,c1ccc2scnc2c1,0,-4.007207122091574
PPDB,11,Route+Agrochemical,415,862,O=C1c2ccccc2C(=O)C1CC1(c2ccccc2)CO1,0,-0.3510709684228021
PPDB,11,Route+Agrochemical,416,864,O=C([N-]S(=O)(=O)c1ccccc1)Nc1ncncn1,0,-2.02027521801515
PPDB,11,Route+Agrochemical,417,865,O=C(COc1ccccc1)NCc1ccccc1,0,-2.4892661034833465
PPDB,11,Route+Agrochemical,418,866,O=C(Nc1ncccn1)NS(=O)(=O)c1[nH]ncc1-c1nn[nH]n1,0,-2.4892661034833465
PPDB,11,Route+Agrochemical,419,867,c1ccc(NCc2cccs2)cc1,0,-0.9191354074115443
PPDB,11,Route+Agrochemical,420,868,c1ccccc1,0,-2.02027521801515
PPDB,11,Route+Agrochemical,421,869,O=C(Nc1ncccn1)NS(=O)(=O)c1ccccc1,1,-2.02027521801515
PPDB,11,Route+Agrochemical,422,872,C=C1C(=O)CC(C2CCOCC2)CC1=O,0,-2.02027521801515
PPDB,11,Route+Agrochemical,423,873,C1=NN(c2ccccc2)CC1,0,-2.4892661034833465
PPDB,11,Route+Agrochemical,424,875,O=C(Nc1ncccn1)NS(=O)(=O)c1ccccc1C(=O)OC1COC1,0,-2.02027521801515
PPDB,11,Route+Agrochemical,425,877,O=C(Nc1ccccc1)c1cncs1,0,-0.7298075059467615
PPDB,11,Route+Agrochemical,426,878,c1ccccc1,0,-0.7298075059467615
PPDB,11,Route+Agrochemical,427,879,O=C(NC(=O)c1ccccc1)Nc1ccccc1,0,1.9800896616331929
PPDB,11,Route+Agrochemical,428,880,c1ccccc1,1,-1.1987983914149578
PPDB,11,Route+Agrochemical,429,881,C=C1C(=O)CC(C2CCCSC2)CC1=O,0,-2.4892661034833465
PPDB,11,Route+Agrochemical,430,882,O=C(NC(=O)c1ccccc1)Nc1ccccc1,0,1.9800896616331929
PPDB,11,Route+Agrochemical,431,884,C1=CCC(CCCC2CC=CCC2)CC1,0,-3.0573305424720885
PPDB,11,Route+Agrochemical,432,885,O=c1cc[nH]cn1,0,-1.7668628304036997
PPDB,11,Route+Agrochemical,433,886,c1ccncc1,0,-2.02027521801515
PPDB,11,Route+Agrochemical,434,887,O=C(OCc1cccc(Oc2ccccc2)c1)C1CC1,1,1.9800896616331929
PPDB,11,Route+Agrochemical,435,889,C=C1C(=O)CCCC1=O,0,-2.4892661034833465
PPDB,11,Route+Agrochemical,436,890,O=C1CC(C2CCCSC2)CC(=O)C1=CNOCCOc1ccccc1,0,-2.4892661034833465
PPDB,11,Route+Agrochemical,437,891,ACYCLIC:[Al+3].[Al+3].[O-][Si]([O-])([O-])O[Si]([O-])([O-])[O-],0,-0.3510709684228021
PPDB,11,Route+Agrochemical,438,892,c1ccncc1,0,-2.02027521801515
PPDB,11,Route+Agrochemical,439,893,c1ccccc1,0,-2.4892661034833465
PPDB,11,Route+Agrochemical,440,894,C1CC[NH2+]CC1,0,-0.3510709684228021
PPDB,11,Route+Agrochemical,441,895,O=C(NCCOc1ccccc1)n1ccnc1.O=C(NCCOc1ccccc1)n1ccnc1,0,0.11791991704539423
PPDB,11,Route+Agrochemical,442,896,O=c1cc[nH]cn1,1,-0.7298075059467615
PPDB,11,Route+Agrochemical,443,897,N=C(Cc1cccnc1)c1ccccc1,0,-0.7298075059467615
PPDB,11,Route+Agrochemical,444,899,c1ccccc1,0,-2.02027521801515
PPDB,11,Route+Agrochemical,445,900,C=C1C(=O)CCCC1=O,1,-2.4892661034833465
PPDB,11,Route+Agrochemical,446,904,ACYCLIC:C[As](=O)([O-])[O-].C[As](=O)([O-])[O-].[Ca+2],0,-2.4892661034833465
PPDB,11,Route+Agrochemical,447,905,O=C(Nc1ncccn1)NS(=O)(=O)c1ccccn1,0,-2.4892661034833465
PPDB,11,Route+Agrochemical,448,908,C=C1C(=O)CC(c2ccccc2)CC1=O,0,-2.4892661034833465
PPDB,11,Route+Agrochemical,449,911,O=c1[nH]nnn1-c1ccccc1COc1ccn(-c2ccccc2)n1,0,-1.1987983914149578
PPDB,11,Route+Agrochemical,450,913,c1ccc(CSC(Cn2cncn2)=Nc2ccccc2)cc1,0,-0.7298075059467615
PPDB,11,Route+Agrochemical,451,914,O=C(Cc1ccccc1)N=C(NOCC1CC1)c1ccccc1,0,-1.1987983914149578
PPDB,11,Route+Agrochemical,452,915,c1ccc(COc2ccncn2)cc1,1,-0.3510709684228021
PPDB,11,Route+Agrochemical,453,917,c1ccccc1,0,-0.3510709684228021
PPDB,11,Route+Agrochemical,454,918,c1ccc(COc2ccccc2)cc1,0,-0.7298075059467615
PPDB,11,Route+Agrochemical,455,920,c1nncs1,0,-3.0573305424720885
PPDB,11,Route+Agrochemical,456,921,O=c1cnn(-c2ccccc2)c2ccccc12,0,-0.3510709684228021
PPDB,11,Route+Agrochemical,457,922,c1ccc(Oc2ccccn2)cc1,0,-2.02027521801515
PPDB,11,Route+Agrochemical,458,924,O=C(Nc1ncncn1)NS(=O)(=O)c1ccccc1,0,-2.4892661034833465
PPDB,11,Route+Agrochemical,459,925,ACYCLIC:ClOCl.[Cu+2],0,-0.7298075059467615
PPDB,11,Route+Agrochemical,460,926,C(=Cc1ccn[nH]1)c1ccccc1,0,1.9800896616331929
PPDB,11,Route+Agrochemical,461,929,O=C(COc1ccc(Oc2nc3ccccc3o2)cc1)Nc1ccccc1,0,-2.02027521801515
PPDB,11,Route+Agrochemical,462,932,O=C([N-]c1ncccn1)NS(=O)(=O)c1ccccn1,0,-2.4892661034833465
PPDB,11,Route+Agrochemical,463,935,O=c1[nH]cnc2ccccc12,0,-0.7298075059467615
PPDB,11,Route+Agrochemical,464,938,c1ccccc1,1,-2.4892661034833465
PPDB,11,Route+Agrochemical,465,939,c1ccccc1,1,-2.4892661034833465
PPDB,11,Route+Agrochemical,466,941,ACYCLIC:[K+].[O-]P(O)O,0,0.11791991704539423
PPDB,11,Route+Agrochemical,467,945,c1ccccc1,0,-1.7668628304036997
PPDB,11,Route+Agrochemical,468,947,c1ccccc1,0,-0.9191354074115443
PPDB,11,Route+Agrochemical,469,948,ACYCLIC:S=C([S-])S[S-].[Na+].[Na+],0,-0.3510709684228021
PPDB,11,Route+Agrochemical,470,949,ACYCLIC:O=C(O)CNCP(=O)([O-])O.[K+],0,-2.4892661034833465
PPDB,11,Route+Agrochemical,471,954,c1ccccc1,0,-1.1987983914149578
PPDB,11,Route+Agrochemical,472,958,O=C(Nc1cccc2c1C1CCC2C1)c1cn[nH]c1,0,-0.7298075059467615
PPDB,11,Route+Agrochemical,473,963,C1CCCCC1,0,-1.1987983914149578
PPDB,11,Route+Agrochemical,474,965,O=C1COc2ccc(-n3c(=O)[nH]c(=S)[nH]c3=O)cc2N1,0,-2.4892661034833465
PPDB,11,Route+Agrochemical,475,967,c1ccc(CCOCc2cccc(Oc3ccccc3)c2)cc1,1,1.4120252226444507
PPDB,11,Route+Agrochemical,476,969,c1ccncc1,0,1.9800896616331929
PPDB,11,Route+Agrochemical,477,971,O=C(Nc1ccccc1-c1ccccc1)c1cn[nH]c1,0,-0.3510709684228021
PPDB,11,Route+Agrochemical,478,972,O=C(Cc1ccccc1)c1ccccc1,0,1.9800896616331929
PPDB,11,Route+Agrochemical,479,974,ACYCLIC:O=C(O)CNCP(=O)([O-])O.O=C(O)CNCP(=O)([O-])[O-].[Na+].[Na+].[Na+],0,-2.4892661034833465
PPDB,11,Route+Agrochemical,480,975,O=C(NCCOc1ccccc1)n1ccnc1.O=C(NCCOc1ccccc1)n1ccnc1.O=C(NCCOc1ccccc1)n1ccnc1.O=C(NCCOc1ccccc1)n1ccnc1,0,0.11791991704539423
PPDB,11,Route+Agrochemical,481,978,ACYCLIC:O.O.O.O.O.OB(O)O.[Na+],0,-0.3510709684228021
PPDB,11,Route+Agrochemical,482,980,O=C(Nc1ccccc1)c1ccc(C(=O)c2ccccc2)cc1,1,-1.1987983914149578
PPDB,11,Route+Agrochemical,483,982,O=C1C=CCCC1,0,-2.4892661034833465
PPDB,11,Route+Agrochemical,484,984,O1[AsH]O[AsH]O[AsH]1.O1[AsH]O[AsH]O[AsH]1,1,1.4120252226444507
PPDB,11,Route+Agrochemical,485,988,O=C(Nc1ncncn1)NS(=O)(=O)c1ccccc1,0,-2.02027521801515
PPDB,11,Route+Agrochemical,486,990,c1ccncc1,0,-2.02027521801515
PPDB,11,Route+Agrochemical,487,993,C=C1C(=O)CC(c2ccccc2)CC1=O,0,-2.4892661034833465
PPDB,11,Route+Agrochemical,488,994,O=C(Cc1ccccc1)OCc1cccc(Oc2ccccc2)c1,1,-0.3510709684228021
PPDB,11,Route+Agrochemical,489,996,c1cnc2ncnn2c1,0,-1.1987983914149578
PPDB,11,Route+Agrochemical,490,999,O=c1c(-c2ccccc2)cn(Cc2cncnc2)c2cccc[n+]12,1,1.9800896616331929
PPDB,11,Route+Agrochemical,491,1001,O=C(Nc1cccc(C(=O)Nc2ccccc2)c1)c1ccccc1,1,1.9800896616331929
PPDB,11,Route+Agrochemical,492,1003,O=C(Nc1ccccc1)c1cn[nH]c1,0,-1.1987983914149578
PPDB,11,Route+Agrochemical,493,1004,O=C(NCC1CC1)c1ccccc1NC(=O)c1ccnn1-c1ccccn1,1,2.4490805471013894
PPDB,11,Route+Agrochemical,494,1005,c1ccccc1,0,-0.3510709684228021
PPDB,11,Route+Agrochemical,495,1007,O=C(NS(=O)(=O)c1ccccc1)c1cn2ccccc2n1,0,0.11791991704539423
PPDB,11,Route+Agrochemical,496,1008,O=C(NS(=O)(=O)c1ccsc1)n1nc[nH]c1=O,0,-2.02027521801515
PPDB,11,Route+Agrochemical,497,1011,O=C(c1ccccc1)c1ncncn1,0,-2.02027521801515
PPDB,11,Route+Agrochemical,498,1012,O=C(OCc1ccccc1)C1CC1,1,1.9800896616331929
PPDB,11,Route+Agrochemical,499,1014,O=C(NS(=O)(=O)c1ccsc1)n1nc[nH]c1=O,0,-2.02027521801515
PPDB,11,Route+Agrochemical,500,1017,ACYCLIC:[O-]B([O-])[O-].[O-]B([O-])[O-].[Zn+2].[Zn+2].[Zn+2],0,-1.1987983914149578
PPDB,11,Route+Agrochemical,501,1020,O=C(NC1COC(=O)C(Cc2ccccc2)CCOC1=O)c1ccccn1,0,-1.1987983914149578
PPDB,11,Route+Agrochemical,502,1021,N=c1ccccn1Cc1cccnc1,0,-2.02027521801515
PPDB,11,Route+Agrochemical,503,1023,ACYCLIC:O=C(O)CNCP(=O)([O-])[O-].[NH4+].[NH4+],0,-2.4892661034833465
PPDB,11,Route+Agrochemical,504,1024,O=C(c1cn[nH]c1)N(Cc1ccccc1)C1CC1,0,-1.1987983914149578
PPDB,11,Route+Agrochemical,505,1025,C(=Nc1cccc2c1CCC2)c1cn[nH]c1,0,0.11791991704539423
PPDB,11,Route+Agrochemical,506,1027,c1ccc(-c2ccccn2)cc1,0,-2.4892661034833465
PPDB,11,Route+Agrochemical,507,1031,ACYCLIC:CNC.O=C(O)CNCP(=O)(O)O,0,-2.4892661034833465
PPDB,11,Route+Agrochemical,508,1032,ACYCLIC:N.O=C(O)CNCP(=O)(O)O,0,-2.4892661034833465
PPDB,11,Route+Agrochemical,509,1033,O=C1CCON1Cc1ccccc1,0,-2.4892661034833465
PPDB,1,ECFPStructure,0,4,O=S(=O)(c1ccccc1)c1ccccc1,0,-1.2685320503095223
PPDB,1,ECFPStructure,1,7,ACYCLIC:O=C([O-])[O-].[Ca+2],0,-1.2531348815633052
PPDB,1,ECFPStructure,2,9,ACYCLIC:[I-].[K+],1,-0.689580838677998
PPDB,1,ECFPStructure,3,10,c1ccccc1,1,-0.1568108605842925
PPDB,1,ECFPStructure,4,12,ACYCLIC:N#C[S-].[K+],1,-0.5195038609780929
PPDB,1,ECFPStructure,5,14,ACYCLIC:O=[As](O)(O)O,0,-1.101416701079166
PPDB,1,ECFPStructure,6,16,ACYCLIC:COP(=S)(OC)SCC(=O)N(C)C=O,1,1.0380655125554608
PPDB,1,ECFPStructure,7,17,ACYCLIC:O=S(=O)([O-])[O-].[Cu+2],0,-0.9998053049093669
PPDB,1,ECFPStructure,8,18,ACYCLIC:O.[Cu].[Cu],0,-0.8553590605052257
PPDB,1,ECFPStructure,9,24,ACYCLIC:[Al]#[P],1,-0.9729784418866951
PPDB,1,ECFPStructure,10,25,c1ccccc1,0,-1.293075767394951
PPDB,1,ECFPStructure,11,28,ACYCLIC:CCCCCCCCCCCCCCCC(=O)O,0,-1.5197760887998935
PPDB,1,ECFPStructure,12,29,ACYCLIC:[Cl][Cu][Cl],0,-0.7905165017933852
PPDB,1,ECFPStructure,13,30,ACYCLIC:N#CN,0,-0.5610053850718617
PPDB,1,ECFPStructure,14,31,c1ccccc1,0,-1.0400631944937153
PPDB,1,ECFPStructure,15,32,O=c1oc2ccccc2cc1Cc1ccccc1,0,-0.9786404144854479
PPDB,1,ECFPStructure,16,36,ACYCLIC:[Cu+2].[OH-].[OH-],0,-0.6663383450707605
PPDB,1,ECFPStructure,17,37,ACYCLIC:CN(C)C(CSC(N)=O)CSC(N)=O,1,-0.7009759989745695
PPDB,1,ECFPStructure,18,39,ACYCLIC:O=C([O-])O.[K+],0,-1.2127841959773715
PPDB,1,ECFPStructure,19,42,ACYCLIC:O=P([O-])([O-])[O-].O=P([O-])([O-])[O-].[Ca+2].[Ca+2].[Ca+2],0,-0.4262914251821022
PPDB,1,ECFPStructure,20,53,ACYCLIC:CCCCCCCCCCO,0,-1.0819113991149898
PPDB,1,ECFPStructure,21,55,ACYCLIC:O=P([O-])([O-])[O-].[Fe+3],0,-0.42270904468078163
PPDB,1,ECFPStructure,22,58,ACYCLIC:O=P([O-])([O-])OP(=O)([O-])[O-].O=P([O-])([O-])OP(=O)([O-])[O-].O=P([O-])([O-])OP(=O)([O-])[O-].[Fe+3].[Fe+3].[Fe+3].[Fe+3],0,0.05606935773734789
PPDB,1,ECFPStructure,23,62,c1cc[n+]2c(c1)-c1cccc[n+]1CC2,0,-0.730795324754271
PPDB,1,ECFPStructure,24,63,c1ccc2ncccc2c1,0,-1.036668611131983
PPDB,1,ECFPStructure,25,68,c1ccccc1,0,0.9866703241598396
PPDB,1,ECFPStructure,26,69,ACYCLIC:O=C([O-])C(Cl)(Cl)Cl.[Na+],0,-1.2228949872972286
PPDB,1,ECFPStructure,27,70,C(=Nc1ccccc1)NC=Nc1ccccc1,0,-0.729953950485576
PPDB,1,ECFPStructure,28,71,ACYCLIC:O=[As]([O-])([O-])[O-].O=[As]([O-])([O-])[O-].[Ca+2].[Ca+2].[Ca+2],0,-0.8956536920652359
PPDB,1,ECFPStructure,29,74,c1ccc(Cc2ccccc2)cc1,0,-1.0363448543387674
PPDB,1,ECFPStructure,30,78,ACYCLIC:CBr,0,-0.906057601235472
PPDB,1,ECFPStructure,31,85,ACYCLIC:ClCC(Br)CBr,0,-0.7048299662947484
PPDB,1,ECFPStructure,32,88,c1ccccc1,0,-1.4273750374584127
PPDB,1,ECFPStructure,33,91,ACYCLIC:CCCSC(=O)N(CCC)CCC,0,-1.0965665972752352
PPDB,1,ECFPStructure,34,93,C1OCOCOCO1,0,-0.8655248632231594
PPDB,1,ECFPStructure,35,97,c1ccc(-c2ccccc2)cc1,0,-1.0139149144842032
PPDB,1,ECFPStructure,36,99,c1ccccc1,0,-0.9122027051334711
PPDB,1,ECFPStructure,37,106,ACYCLIC:COP(=O)(OC)C(O)C(Cl)(Cl)Cl,1,0.27291427112137945
PPDB,1,ECFPStructure,38,107,c1ccc(Cc2ccccc2)cc1,0,-0.5118351754875874
PPDB,1,ECFPStructure,39,110,C1COCCN1,0,-1.4267414069863618
PPDB,1,ECFPStructure,40,112,O=c1c2sccsc=2c(=O)c2ccccc12,0,-0.2534974530473007
PPDB,1,ECFPStructure,41,113,c1ccc(Cc2ccccc2)cc1,1,-0.835847723848334
PPDB,1,ECFPStructure,42,114,ACYCLIC:CCOP(=S)(OCC)SCSP(=S)(OCC)OCC,0,0.6284760407837426
PPDB,1,ECFPStructure,43,120,ACYCLIC:CCOP(=S)(OCC)SCCl,1,0.42158458325642867
PPDB,1,ECFPStructure,44,122,c1ccc(CCn2cncn2)cc1,0,-1.2470462498962214
PPDB,1,ECFPStructure,45,125,ACYCLIC:O=S(=O)(F)F,0,-0.978572171381634
PPDB,1,ECFPStructure,46,126,O=C1C=CC(=O)c2ccccc21,0,-0.9284393479150281
PPDB,1,ECFPStructure,47,127,c1ccccc1,0,-0.8330338819291322
PPDB,1,ECFPStructure,48,132,ACYCLIC:CCC[CH2][Sn]([CH2]CCC)([CH2]CCC)[O][Sn]([CH2]CCC)([CH2]CCC)[CH2]CCC,1,-1.1766272955808832
PPDB,1,ECFPStructure,49,134,c1ccc2c(c1)CCO2,1,-0.12311298845716412
PPDB,1,ECFPStructure,50,141,C1=CC2C3C=CC(C3)C2C1,0,-0.29047957472774527
PPDB,1,ECFPStructure,51,147,ACYCLIC:CCC(C)N,0,-0.9845516049599862
PPDB,1,ECFPStructure,52,148,ACYCLIC:O=[PH]([O-])[O-].[Na+].[Na+],0,-0.8920221444083736
PPDB,1,ECFPStructure,53,149,O=C1NC(=O)C2CC=CCC12,0,-0.6533533400914336
PPDB,1,ECFPStructure,54,150,c1ccccc1,0,-1.0185024911703808
PPDB,1,ECFPStructure,55,152,O=c1[nH]c2c(c(=O)n1C1CCCCC1)CCC2,0,-0.9439935636468787
PPDB,1,ECFPStructure,56,156,c1ccc2ccccc2c1,0,-1.068124387097341
PPDB,1,ECFPStructure,57,157,ACYCLIC:[Ca+2].[Cl-].[Cl-],0,-0.7979953825874393
PPDB,1,ECFPStructure,58,159,O=C(Nc1ncncn1)NS(=O)(=O)c1ccccc1,0,-1.0103166978962461
PPDB,1,ECFPStructure,59,161,c1ccc2c(c1)OCO2,0,-0.9409525929604222
PPDB,1,ECFPStructure,60,163,ACYCLIC:O=[As]([O-])([O-])O.[Pb+2],0,-1.0736448633575306
PPDB,1,ECFPStructure,61,164,c1ccc2ccccc2c1,0,-1.131593601140419
PPDB,1,ECFPStructure,62,165,O=C(Nc1ncncn1)NS(=O)(=O)c1ccccc1,0,-1.3150654181098216
PPDB,1,ECFPStructure,63,166,c1ccccc1,0,-1.1400371022054703
PPDB,1,ECFPStructure,64,172,c1ccc(Oc2ccccc2)cc1,0,-1.1208655674940675
PPDB,1,ECFPStructure,65,175,ACYCLIC:O.O.[O]=[Al][O][Si](=O)O[Si](=O)[O][Al]=[O],0,-0.6804004603478565
PPDB,1,ECFPStructure,66,177,c1ccccc1,0,-0.9689246902283363
PPDB,1,ECFPStructure,67,181,c1ccc(Cc2ccccc2)cc1,1,-0.9422151056421871
PPDB,1,ECFPStructure,68,191,O=C1CCCN1c1ccccc1,0,-1.030155736038954
PPDB,1,ECFPStructure,69,195,ACYCLIC:CCCCSP(=O)(SCCCC)SCCCC,0,-0.18363383850885884
PPDB,1,ECFPStructure,70,200,ACYCLIC:C=CC(Cl)Cl,0,-0.8191731951315566
PPDB,1,ECFPStructure,71,201,O=C(Nc1ncccn1)NS(=O)(=O)Nc1ccccc1C(=O)C1CC1,0,-1.19216577943413
PPDB,1,ECFPStructure,72,208,c1ccccc1,0,-1.0086966912015005
PPDB,1,ECFPStructure,73,211,O=C1C=CC(OC(=O)C2CC2)C1,0,0.7783458382677206
PPDB,1,ECFPStructure,74,213,c1ccccc1,0,-0.5608143583844029
PPDB,1,ECFPStructure,75,220,ACYCLIC:CN(C)C(=S)[S-].CN(C)C(=S)[S-].[Zn+2],0,-0.9636267012154821
PPDB,1,ECFPStructure,76,227,ACYCLIC:CCOP(=O)=O,0,-0.43450294041335547
PPDB,1,ECFPStructure,77,228,c1ccccc1,1,0.6958048439460567
PPDB,1,ECFPStructure,78,231,ACYCLIC:CCSCCOP(=S)(OC)OC,0,0.7354495746540712
PPDB,1,ECFPStructure,79,232,O=C1CN=C(c2ccccn2)N1,0,-1.3449847166143751
PPDB,1,ECFPStructure,80,234,c1ccccc1,0,-0.6982103502516928
PPDB,1,ECFPStructure,81,236,c1ccc(CSc2ccccc2)cc1,0,-0.8108251942819272
PPDB,1,ECFPStructure,82,244,ACYCLIC:O=S(=O)([O-])C(F)(F)C(F)(F)C(F)(F)C(F)(F)C(F)(F)C(F)(F)C(F)(F)C(F)(F)F.[Li+],1,0.8697509945994428
PPDB,1,ECFPStructure,83,245,ACYCLIC:CCOP(=S)(OCC)OCCSCC,0,0.6577809018167275
PPDB,1,ECFPStructure,84,250,O=C(OCc1cccc(Oc2ccccc2)c1)C1CC1,1,1.3983065573384568
PPDB,1,ECFPStructure,85,252,C1CC1,0,-1.1713510828069733
PPDB,1,ECFPStructure,86,257,ACYCLIC:CNC(=S)[S-].[Na+],0,-0.6289607633528711
PPDB,1,ECFPStructure,87,258,c1cc[c]([SnH]([c]2ccccc2)[c]2ccccc2)cc1,0,-0.739710798318992
PPDB,1,ECFPStructure,88,259,ACYCLIC:[Ba+2].[S-2],0,-0.753148676095804
PPDB,1,ECFPStructure,89,260,O=C(Nc1cccc2ccccc12)c1ccccc1,0,-0.9485616956762413
PPDB,1,ECFPStructure,90,263,c1ccccc1,0,-1.1588622162346296
PPDB,1,ECFPStructure,91,267,c1ccccc1,0,-1.3727499198871151
PPDB,1,ECFPStructure,92,272,O=c1[nH]c(=O)n(-c2ccccc2)o1,0,-1.1554919574348996
PPDB,1,ECFPStructure,93,274,ACYCLIC:O=C([O-])[O-].[Cu+2],0,-1.2632750427884558
PPDB,1,ECFPStructure,94,275,c1ccccc1,0,-0.36615206325628497
PPDB,1,ECFPStructure,95,276,c1ccccc1,0,-0.5727770069012083
PPDB,1,ECFPStructure,96,277,c1ccccc1,0,-1.1778653437728708
PPDB,1,ECFPStructure,97,278,O=C1NC(=O)c2ccccc21,1,0.17544276120398494
PPDB,1,ECFPStructure,98,282,ACYCLIC:CN(C)NC(=O)CCC(=O)O,0,-0.9109746769838536
PPDB,1,ECFPStructure,99,284,c1ccccc1,0,-1.3415253477797227
PPDB,1,ECFPStructure,100,285,C1OCC2OC3OCOC3C2O1,0,-1.0661309033070212
PPDB,1,ECFPStructure,101,290,ACYCLIC:C[N+](C)(C)CCCl,0,-0.9921609749633791
PPDB,1,ECFPStructure,102,293,c1ccccc1,0,-1.17211911138848
PPDB,1,ECFPStructure,103,297,c1ccccc1,0,-1.2657873623965579
PPDB,1,ECFPStructure,104,300,c1ncncn1,0,-0.9104676096882636
PPDB,1,ECFPStructure,105,301,ACYCLIC:CNC(=O)C(C)SCCSP(=O)(OC)OC,1,0.5208814537604176
PPDB,1,ECFPStructure,106,302,ACYCLIC:CC(Cl)(Cl)C(=O)[O-].[Na+],0,-1.224172148186863
PPDB,1,ECFPStructure,107,305,c1cc[n+]2c(c1)-c1cccc[n+]1CC2,0,-0.6970071714613779
PPDB,1,ECFPStructure,108,311,c1cncnc1,0,-0.9340253669989373
PPDB,1,ECFPStructure,109,313,c1ccccc1,0,-0.5014565589608377
PPDB,1,ECFPStructure,110,315,C1=CC1,0,-1.114340949816727
PPDB,1,ECFPStructure,111,318,c1ccc(Oc2ccccc2)cc1,0,-0.6785421587693423
PPDB,1,ECFPStructure,112,323,ACYCLIC:S=C([S-])NCCNC(=S)S.S=C([S-])NCCNC(=S)S.[NH2-].[Zn],0,-0.7735264931392839
PPDB,1,ECFPStructure,113,328,ACYCLIC:S=C([S-])NCCNC(=S)[S-].[Zn+2],0,-1.0332331336593832
PPDB,1,ECFPStructure,114,331,ACYCLIC:C[As](=O)(O)O,0,-1.2155897482694231
PPDB,1,ECFPStructure,115,332,c1ccccc1,1,0.5454991773427902
PPDB,1,ECFPStructure,116,333,c1ccccc1,0,-0.9646344321120531
PPDB,1,ECFPStructure,117,336,c1ncncn1,0,-0.6521828106267192
PPDB,1,ECFPStructure,118,337,O=S1OCC2C3C=CC(C3)C2CO1,0,-0.19907962853925742
PPDB,1,ECFPStructure,119,338,c1ccc(Cc2ccccc2)cc1,0,-0.9684272933247419
PPDB,1,ECFPStructure,120,341,O=C1NC(=O)C2CC=CCC12,0,-0.7343350127983772
PPDB,1,ECFPStructure,121,342,c1ccccc1,0,-0.9709439332598471
PPDB,1,ECFPStructure,122,344,c1ccccc1,0,-1.0140124622696698
PPDB,1,ECFPStructure,123,348,c1ccccc1,0,-0.7501204587919275
PPDB,1,ECFPStructure,124,349,c1ccc(Cc2ccccc2)cc1,0,-0.8505005301103828
PPDB,1,ECFPStructure,125,352,c1ccccc1,0,-1.002662600948799
PPDB,1,ECFPStructure,126,353,c1ncncn1,0,-0.997936484879851
PPDB,1,ECFPStructure,127,354,ACYCLIC:S=C([S-])NCCNC(=S)[S-].S=C([S-])NCCNC(=S)[S-].[Mn+2].[Zn+2],0,-1.0018685553061513
PPDB,1,ECFPStructure,128,356,O=C1C=CC(=O)c2ccccc21,0,-0.7909264100191101
PPDB,1,ECFPStructure,129,357,c1ncncn1,0,-0.642628345103385
PPDB,1,ECFPStructure,130,360,ACYCLIC:CNC(=O)/C=C(\C)OP(=O)(OC)OC,1,1.2320745851604464
PPDB,1,ECFPStructure,131,362,ACYCLIC:CCCCN(CC)C(=O)SCCC,0,-0.9617320261910413
PPDB,1,ECFPStructure,132,364,c1ccccc1,0,-1.0386765688749318
PPDB,1,ECFPStructure,133,365,O=C(OCN1C(=O)C2=C(CCCC2)C1=O)C1CC1,1,0.6855724469775002
PPDB,1,ECFPStructure,134,368,c1ccccc1,0,0.03815355348953309
PPDB,1,ECFPStructure,135,372,c1ccccc1,0,-0.7726526746423362
PPDB,1,ECFPStructure,136,375,c1ccccc1,0,-0.8007402007212213
PPDB,1,ECFPStructure,137,376,C1CCCNCC1,0,-1.2208147919323853
PPDB,1,ECFPStructure,138,377,O=c1cc[nH]c2cc3c(cc12)OCO3,0,-0.8535291047730652
PPDB,1,ECFPStructure,139,378,c1ccccc1,0,-1.2003231679875201
PPDB,1,ECFPStructure,140,383,c1ccccc1,1,1.0285269157628323
PPDB,1,ECFPStructure,141,384,c1coc(-c2nc3ccccc3[nH]2)c1,0,-1.1882268318633806
PPDB,1,ECFPStructure,142,386,c1ccc(Oc2ccccc2)cc1,0,-0.9998334636458773
PPDB,1,ECFPStructure,143,391,O=c1[nH]c2ccccc2s1,0,-1.0677404848887337
PPDB,1,ECFPStructure,144,394,c1ncncn1,1,-0.9141180532022717
PPDB,1,ECFPStructure,145,395,c1ccc(-c2ncccn2)cc1,0,-0.5865843755270006
PPDB,1,ECFPStructure,146,401,O=C1c2ccccc2C(=O)C1C(=O)C(c1ccccc1)c1ccccc1,0,-0.9833446050893745
PPDB,1,ECFPStructure,147,402,C1C2C3C4CC5C3C1C5C24,0,-0.4296947878882073
PPDB,1,ECFPStructure,148,403,c1ccncc1,0,-0.7272637827109589
PPDB,1,ECFPStructure,149,404,c1ccc(Nc2ncncn2)cc1,0,-0.942413146030356
PPDB,1,ECFPStructure,150,406,ACYCLIC:CNC(=O)ON=CC(C)(C)S(C)(=O)=O,0,0.37851767816482473
PPDB,1,ECFPStructure,151,409,O=C(Nc1ccccc1)C1=COCCS1(=O)=O,0,-1.175174907054325
PPDB,1,ECFPStructure,152,411,c1ccccc1,0,-0.705361314257457
PPDB,1,ECFPStructure,153,412,c1ccccc1,0,-0.1926012578737425
PPDB,1,ECFPStructure,154,413,c1ccsc1,0,-1.0692452288302174
PPDB,1,ECFPStructure,155,414,c1ccccc1,0,-1.0711226952425181
PPDB,1,ECFPStructure,156,419,c1ccccc1,0,-1.4464373334719607
PPDB,1,ECFPStructure,157,420,O=c1cnnc[nH]1,0,-0.6547504279666275
PPDB,1,ECFPStructure,158,422,c1ccccc1,1,0.14016390371175336
PPDB,1,ECFPStructure,159,423,c1ccc2scnc2c1,1,-0.7127507804209585
PPDB,1,ECFPStructure,160,426,c1ncncn1,0,-0.6713971845070925
PPDB,1,ECFPStructure,161,427,c1ccccc1,0,-1.069307578375056
PPDB,1,ECFPStructure,162,428,ACYCLIC:CP(=O)(O)CCC(N)C(=O)O,0,-0.9678257640912876
PPDB,1,ECFPStructure,163,430,O=C1NS(=O)(=O)Nc2ccccc21,0,-1.079378321687187
PPDB,1,ECFPStructure,164,432,ACYCLIC:CP(=O)(O)CCC(N)C(=O)[O-].[NH4+],0,-0.7178476141347425
PPDB,1,ECFPStructure,165,433,c1ccccc1,0,-1.0561592906367356
PPDB,1,ECFPStructure,166,437,c1cncnc1,0,-0.2205130564682738
PPDB,1,ECFPStructure,167,444,C1CC2CCC1C2,1,-0.7001818770197382
PPDB,1,ECFPStructure,168,445,c1ccccc1,1,-1.0442742151599456
PPDB,1,ECFPStructure,169,446,c1ccc(-n2cncn2)cc1,0,0.6375990775384897
PPDB,1,ECFPStructure,170,447,c1ccccc1,0,-0.8270408767764174
PPDB,1,ECFPStructure,171,450,c1ccccc1,0,-1.1600853698958917
PPDB,1,ECFPStructure,172,452,c1ccc2ccccc2c1,0,-0.4423001553771045
PPDB,1,ECFPStructure,173,455,O=C(NC(=O)c1ccccc1)Nc1ccccc1,0,-1.4032163556618724
PPDB,1,ECFPStructure,174,457,c1ccccc1,0,-0.7098943870962908
PPDB,1,ECFPStructure,175,458,O=C(OCCCN1CCCCC1)c1ccccc1,0,-1.0638651062249043
PPDB,1,ECFPStructure,176,460,C1CCCCCC(N2CCOCC2)CCCCC1,0,-0.9378984235937937
PPDB,1,ECFPStructure,177,461,c1ccccc1,0,-1.1038976313664635
PPDB,1,ECFPStructure,178,468,ACYCLIC:CCOC(=O)C=C(C)C=CCC(C)CCCC(C)C,1,-0.32111400929017625
PPDB,1,ECFPStructure,179,469,ACYCLIC:COC(C)(C)CCCC(C)CC=CC(C)=CC(=O)OC(C)C,1,-0.4214182103281467
PPDB,1,ECFPStructure,180,471,c1ccc(Oc2ccccc2)cc1,0,-1.1443293315636718
PPDB,1,ECFPStructure,181,472,c1ncncn1,0,-0.9523332920090993
PPDB,1,ECFPStructure,182,473,O=c1cccnn1-c1ccccc1,0,-0.3752819629375005
PPDB,1,ECFPStructure,183,474,c1ccc(-c2ccno2)cc1,1,0.8794366406456533
PPDB,1,ECFPStructure,184,484,c1ncncn1,0,-0.9447950337675511
PPDB,1,ECFPStructure,185,485,C1CC[NH2+]CC1,0,-0.9794592128684619
PPDB,1,ECFPStructure,186,489,O=C1CCCC(=O)C1C(=O)c1ccccc1,0,-0.7812601778419996
PPDB,1,ECFPStructure,187,490,ACYCLIC:CC(CNC(=S)[S-])NC(=S)[S-].[Zn+2],0,-1.1279531480712532
PPDB,1,ECFPStructure,188,492,ACYCLIC:NC(N)=NCCCCCCCCNCCCCCCCCN=C(N)N,0,-0.9799753220457612
PPDB,1,ECFPStructure,189,493,O=C(OCc1cccc(Oc2ccccc2)c1)C1CC1,1,0.4649030017320954
PPDB,1,ECFPStructure,190,498,O=c1[nH]cnnc1-c1ccccc1,0,-0.5881707333932329
PPDB,1,ECFPStructure,191,499,ACYCLIC:C#CCOC(=O)C=C(C)C=CCC(C)CCCC(C)C,0,-0.4648962527426249
PPDB,1,ECFPStructure,192,500,O=C(NC(=O)c1ccccc1)Nc1ccccc1,0,-0.7757469689226298
PPDB,1,ECFPStructure,193,507,c1ccccc1,0,0.5470428974166828
PPDB,1,ECFPStructure,194,514,O=C1COC(=O)N1c1ccccc1,0,-0.9726101986656468
PPDB,1,ECFPStructure,195,517,O=C1C2CC2C(=O)N1c1ccccc1,0,-1.0056854551529832
PPDB,1,ECFPStructure,196,518,c1ccc(C(c2ccccc2)c2cncnc2)cc1,0,-1.3710688804047442
PPDB,1,ECFPStructure,197,521,c1nc[n]([Sn]([CH]2CCCCC2)([CH]2CCCCC2)[CH]2CCCCC2)n1,0,-0.9165906615893848
PPDB,1,ECFPStructure,198,522,c1ccc(C(Cn2cncn2)c2ccccc2)cc1,0,-1.41534104946866
PPDB,1,ECFPStructure,199,523,c1ccccc1,0,-0.9022666098491463
PPDB,1,ECFPStructure,200,524,c1ccccc1,0,-0.9284719095038694
PPDB,1,ECFPStructure,201,525,O=C(Nc1ccccc1)c1ccco1,0,-0.6593788477825812
PPDB,1,ECFPStructure,202,526,c1ccc(Oc2ccccc2)cc1,0,-0.6588127774109338
PPDB,1,ECFPStructure,203,527,c1ccccc1,0,0.6091444782422903
PPDB,1,ECFPStructure,204,528,c1ccccc1,0,-0.9871018663814592
PPDB,1,ECFPStructure,205,533,c1ccc2c(c1)sc1nncn12,0,-0.752795960517685
PPDB,1,ECFPStructure,206,536,O=C(NC(=O)c1ccccc1)Nc1ccccc1,0,-0.9899707597692504
PPDB,1,ECFPStructure,207,537,c1ccc(-c2ccc(OCn3cncn3)cc2)cc1,0,-0.9238698190414283
PPDB,1,ECFPStructure,208,539,C1=CC(C2C=CC=C2)C=C1,0,-0.30732477627437393
PPDB,1,ECFPStructure,209,541,ACYCLIC:CCOP(=O)(O)C(N)=O,0,0.010801002497961898
PPDB,1,ECFPStructure,210,542,c1ccc(-c2cccnn2)cc1,0,-0.2801797201382071
PPDB,1,ECFPStructure,211,543,O=C(Cc1ccccc1)OCc1cccc(Oc2ccccc2)c1,1,0.5647009822336355
PPDB,1,ECFPStructure,212,544,C1CC[NH2+]CC1,0,-1.0426750515581162
PPDB,1,ECFPStructure,213,545,ACYCLIC:CC(=O)[O-].CC(=O)[O-].[Cu+2],0,-1.2562939225847307
PPDB,1,ECFPStructure,214,546,O=C(NCCOc1ccccc1)n1ccnc1,0,-0.915510533367365
PPDB,1,ECFPStructure,215,549,c1cncnc1,1,0.6560083398618088
PPDB,1,ECFPStructure,216,556,c1ccc(OCn2ccnc2)cc1,1,-0.8491832233458658
PPDB,1,ECFPStructure,217,557,O=C1OCC2C3CCCC3CCC2C2CCCCC12,0,-0.5172029638312557
PPDB,1,ECFPStructure,218,558,c1ccc(-c2cc(-c3ccccc3)[nH+][nH]2)cc1,0,-0.27207002135221336
PPDB,1,ECFPStructure,219,559,c1ccc(CCCN2CCCCC2)cc1,0,-1.033709702369845
PPDB,1,ECFPStructure,220,560,ACYCLIC:CCCOC(=O)NCCCN(C)C,0,-0.9850347046179535
PPDB,1,ECFPStructure,221,561,c1ccc(CCn2cncn2)cc1.c1ccc(CCn2cncn2)cc1,1,-1.341351316172692
PPDB,1,ECFPStructure,222,563,c1ccncc1,0,-0.8815103900758143
PPDB,1,ECFPStructure,223,565,ACYCLIC:CN(C)C(CSC(N)=O)CSC(N)=O.Cl,0,-0.716910736071304
PPDB,1,ECFPStructure,224,566,O=C1OCCC1Nc1ccccc1,0,-1.1210440917140425
PPDB,1,ECFPStructure,225,568,C1CSSSC1,0,-1.0027688883152934
PPDB,1,ECFPStructure,226,569,O=C(OCc1cccc(Oc2ccccc2)c1)C1CC1,0,1.330977657050522
PPDB,1,ECFPStructure,227,570,c1ccc(Oc2ccccc2)cc1,0,-1.2546974903437356
PPDB,1,ECFPStructure,228,571,c1ccc(Oc2ccccn2)cc1,0,-0.8387136896598895
PPDB,1,ECFPStructure,229,572,c1ccccc1,0,-0.8251081059044942
PPDB,1,ECFPStructure,230,573,O=c1ocnn1-c1ccccc1,0,-1.159278959567545
PPDB,1,ECFPStructure,231,574,O=C(Nc1ccccc1)N(Cc1ccccc1)C1CCCC1,0,-0.9502284573207562
PPDB,1,ECFPStructure,232,575,O=c1cccnn1-c1ccccc1,1,0.5299500892787883
PPDB,1,ECFPStructure,233,577,O=c1[nH]c2ncccc2o1,1,0.09366402172386379
PPDB,1,ECFPStructure,234,579,c1ccccc1,0,-0.7563722433864721
PPDB,1,ECFPStructure,235,580,O=C1COC(=O)N1c1ccccc1,0,-0.7755598271321789
PPDB,1,ECFPStructure,236,583,ACYCLIC:CNC(=O)ON=C(C)C(C)SC,1,0.3865571754874386
PPDB,1,ECFPStructure,237,584,O=C(NC(=O)c1ccccc1)Nc1ccccc1,0,-1.210500612409982
PPDB,1,ECFPStructure,238,587,c1ccc(Oc2ccccc2)cc1,0,-0.45435405084159763
PPDB,1,ECFPStructure,239,588,c1ccc(Oc2ccccn2)cc1,0,-0.7465961882550669
PPDB,1,ECFPStructure,240,589,O=C(OCc1cccc(-c2ccccc2)c1)C1CC1,1,0.3907347952250111
PPDB,1,ECFPStructure,241,594,O=C(Cc1ccccc1)Nc1ccccc1,0,-0.831152239642795
PPDB,1,ECFPStructure,242,596,c1ncncn1,0,-0.9963315960297339
PPDB,1,ECFPStructure,243,597,O=C(Nc1ncccn1)NS(=O)(=O)c1ccccc1,0,-1.3447071886221407
PPDB,1,ECFPStructure,244,598,C1CCNCC1,0,-0.02034678597796169
PPDB,1,ECFPStructure,245,599,c1ccc(Oc2cnc3ccccc3n2)cc1,0,-0.7829887355540683
PPDB,1,ECFPStructure,246,602,c1ccc(Oc2ccccn2)cc1,0,-0.7151621495541925
PPDB,1,ECFPStructure,247,603,c1ccc(Oc2ccccc2)cc1,0,-1.0167063006368018
PPDB,1,ECFPStructure,248,604,c1ccc2[nH+]nc(-n3ccnc3)nc2c1,0,-0.7396755280863677
PPDB,1,ECFPStructure,249,605,O=C1OCCN1Nc1ccccc1,0,-0.9356105268369952
PPDB,1,ECFPStructure,250,606,c1ccncc1,0,-0.8584067915969935
PPDB,1,ECFPStructure,251,607,c1ccc(NCn2cccn2)cc1,0,-0.8932138142659445
PPDB,1,ECFPStructure,252,608,C1CSSSC1,0,-0.7386304731940273
PPDB,1,ECFPStructure,253,611,O=C(OCc1cccc(Oc2ccccc2)c1)C1CC1,1,1.036352084875229
PPDB,1,ECFPStructure,254,612,C1CC[NH2+]CC1,0,-1.0445465081510978
PPDB,1,ECFPStructure,255,613,C(=Cn1cncn1)c1ccccc1,0,-0.8864546968944567
PPDB,1,ECFPStructure,256,615,O=C(NC(=O)c1ccccc1)Nc1ccc(Oc2ccccn2)cc1,0,-0.9242985329203361
PPDB,1,ECFPStructure,257,616,C(=NOCC1OCCO1)c1ccccc1,0,-0.29614089893416246
PPDB,1,ECFPStructure,258,618,O=C1CN=C(c2ccc3ccccc3n2)N1,0,-1.3043499211532517
PPDB,1,ECFPStructure,259,620,C1CCCCCC(N2CCOCC2)CCCCC1,0,-1.1227922719170562
PPDB,1,ECFPStructure,260,621,C(=Nc1ccccc1)n1ccnc1,0,-0.9613435423342901
PPDB,1,ECFPStructure,261,622,O=C(NC(=O)c1ccccc1)Nc1ccccc1,0,-1.1708091425429095
PPDB,1,ECFPStructure,262,623,O=S(=O)(SCCCSS(=O)(=O)c1ccccc1)c1ccccc1,0,-0.8679903746251794
PPDB,1,ECFPStructure,263,624,c1ccc(Oc2ccccn2)cc1,0,-0.6908487890260714
PPDB,1,ECFPStructure,264,625,O=C1CCc2cccc3c2N1CC3,0,-0.6402329328086198
PPDB,1,ECFPStructure,265,628,O=C(Nc1ncncn1)NS(=O)(=O)c1ccccc1,0,-1.2631250744255211
PPDB,1,ECFPStructure,266,629,c1ccc(CCn2cncn2)cc1,0,-1.0430346388188299
PPDB,1,ECFPStructure,267,632,ACYCLIC:CCOP(=O)=O.CCOP(=O)=O.CCOP(=O)=O.[Al+3],0,-0.412212757492214
PPDB,1,ECFPStructure,268,633,c1ccccc1,0,-1.0535798363142557
PPDB,1,ECFPStructure,269,634,O=C(Nc1ccccc1)c1ccccc1,0,-0.9469972594259858
PPDB,1,ECFPStructure,270,635,c1ccc(COC2CC3CCC2O3)cc1,0,-0.7836436679203327
PPDB,1,ECFPStructure,271,637,C(=Cn1cncn1)c1ccccc1,0,-0.8726325493620457
PPDB,1,ECFPStructure,272,639,O=C(Nc1ccno1)c1ccccc1,0,-0.8254759211554691
PPDB,1,ECFPStructure,273,640,ACYCLIC:[K+].[K+].[O-]P([O-])O,0,-0.8321914745383318
PPDB,1,ECFPStructure,274,641,c1ccccc1,1,0.7612734993825403
PPDB,1,ECFPStructure,275,642,O=C(NC(=O)c1ccccc1)Nc1ccc(Oc2ccccc2)cc1,0,-1.1096090819851476
PPDB,1,ECFPStructure,276,643,c1ccc2c(c1)CCO2,1,-0.06077767627961128
PPDB,1,ECFPStructure,277,644,c1ccc(Oc2ccccc2)cc1,0,-0.47625573183524195
PPDB,1,ECFPStructure,278,646,O=C1CN=C(c2ccccn2)N1,0,-1.1167275889779575
PPDB,1,ECFPStructure,279,647,c1ccc(CCCCn2cncn2)cc1,0,-1.2190272348960085
PPDB,1,ECFPStructure,280,648,c1ccc(Oc2ccccc2)cc1,0,-0.24901086228290004
PPDB,1,ECFPStructure,281,649,c1ccc(Oc2nc3ccccc3o2)cc1,0,-0.6481503489585123
PPDB,1,ECFPStructure,282,651,c1ccccc1,0,-0.5367589921896795
PPDB,1,ECFPStructure,283,652,c1ccc([SiH](Cn2cncn2)c2ccccc2)cc1,0,-1.0282073834824481
PPDB,1,ECFPStructure,284,653,ACYCLIC:CCNS(=O)(=O)C(F)(F)C(F)(F)C(F)(F)C(F)(F)C(F)(F)C(F)(F)C(F)(F)C(F)(F)F,0,-0.2947617219294904
PPDB,1,ECFPStructure,285,655,O=C1C(c2ccccc2)=COC1c1ccccc1,0,-0.6947523714902696
PPDB,1,ECFPStructure,286,656,O=C(Nc1ncccn1)NS(=O)(=O)c1ccn[nH]1,0,-0.9425146150382551
PPDB,1,ECFPStructure,287,657,O=C(Nc1ccccc1)c1cccnc1Oc1ccccc1,0,-0.8327357478977746
PPDB,1,ECFPStructure,288,659,c1ccc2ncccc2c1,0,-1.155433193235055
PPDB,1,ECFPStructure,289,661,O=C1CN=C(c2ccccc2)N1,0,-1.3774336879454832
PPDB,1,ECFPStructure,290,662,c1ccc(-n2cccn2)cc1,1,0.6421967192382605
PPDB,1,ECFPStructure,291,663,O=C(NCc1ccco1)n1ccnc1,0,-0.7065730458166071
PPDB,1,ECFPStructure,292,664,O=C(Nc1ncncn1)NS(=O)(=O)c1ccsc1,0,-0.92725397224214
PPDB,1,ECFPStructure,293,665,O=C(Nc1ncccn1)NS(=O)(=O)Cc1ccccc1,0,-1.3203046468695958
PPDB,1,ECFPStructure,294,666,O=C(Nc1ccccc1)c1ccccc1,0,-0.9905298516010396
PPDB,1,ECFPStructure,295,667,c1ccc(Oc2cccc(CCC[SiH2]c3ccccc3)c2)cc1,1,-0.3623193185562777
PPDB,1,ECFPStructure,296,669,O=C(Nc1ncccn1)NS(=O)(=O)Cc1ccccc1,0,-1.237099289639925
PPDB,1,ECFPStructure,297,670,O=c1ccc(-c2ccccc2)n[nH]1,0,-1.041778724723264
PPDB,1,ECFPStructure,298,672,c1ccc(CNc2ccncn2)cc1,0,-0.7580077233194342
PPDB,1,ECFPStructure,299,673,c1ccccc1,0,-1.25780325101092
PPDB,1,ECFPStructure,300,674,O=C1CN=C(c2ccccc2)N1.O=C1CN=C(c2ccccc2)N1,0,-0.9888298792243335
PPDB,1,ECFPStructure,301,675,O=C(NNC(=O)c1ccccc1)c1ccccc1,0,-0.5909724905072924
PPDB,1,ECFPStructure,302,676,O=C1CN=C(c2ccccn2)N1,0,-0.8622695437197767
PPDB,1,ECFPStructure,303,678,O=c1[nH]cnn1C=NS(=O)(=O)c1ccccc1,0,-1.0414135337369788
PPDB,1,ECFPStructure,304,679,O=C(NNC(=O)c1ccccc1)c1ccccc1,0,-1.1064828076665094
PPDB,1,ECFPStructure,305,680,c1ccc(CCn2cncn2)cc1,0,-1.2525233126437794
PPDB,1,ECFPStructure,306,682,c1ccc(CCOCc2cccc(Oc3ccccc3)c2)cc1,1,0.33424714655397336
PPDB,1,ECFPStructure,307,685,c1ccncc1,0,-0.7270763050975324
PPDB,1,ECFPStructure,308,687,O=C(Nc1ccccc1)c1ccnn1-c1ccccn1,0,0.27311150535602335
PPDB,1,ECFPStructure,309,688,O=C(NCc1ccccc1)c1ccn[nH]1,0,0.3592618721615848
PPDB,1,ECFPStructure,310,689,C(=C1CCCC1Cn1cncn1)c1ccccc1,0,-1.0869853344076754
PPDB,1,ECFPStructure,311,691,O=S(=O)(c1nc[nH]n1)n1ccc2ccccc21,0,-0.7183739957944676
PPDB,1,ECFPStructure,312,692,c1ccccc1,0,-0.74890586533642
PPDB,1,ECFPStructure,313,694,C=C1C(=O)CCCC1=O,0,-0.5361540786963092
PPDB,1,ECFPStructure,314,696,O=C1CCCC(=O)C1,0,-1.2779419515553438
PPDB,1,ECFPStructure,315,697,c1ccccc1,0,-1.1118152300816024
PPDB,1,ECFPStructure,316,698,O=C(Nc1ncccn1)NS(=O)(=O)c1ccccc1,0,-1.113061771076759
PPDB,1,ECFPStructure,317,702,c1ccc(Oc2cnc3ccccc3n2)cc1,0,-0.8115058951566105
PPDB,1,ECFPStructure,318,704,O=C(NC(=O)c1ccccc1)Nc1ccc(CON=C(c2ccccc2)C2CC2)cc1,0,-0.9381618640588253
PPDB,1,ECFPStructure,319,705,O=C(Nc1ccccc1)c1ccccc1,0,-0.9877833874900183
PPDB,1,ECFPStructure,320,706,O=C(Nc1ncncn1)NS(=O)(=O)c1ccccc1,0,-1.2195400262894125
PPDB,1,ECFPStructure,321,708,ACYCLIC:O=S(=O)([O-])[O-].O=S(=O)([O-])[O-].[Al+3].[NH4+],0,-0.9520014586225141
PPDB,1,ECFPStructure,322,709,c1ccccc1,0,-0.42325118644129356
PPDB,1,ECFPStructure,323,712,c1ccc(Nc2ccccn2)cc1,0,-0.7015769558816194
PPDB,1,ECFPStructure,324,713,C1=NCCN1Cc1cccnc1,1,0.8376895365104289
PPDB,1,ECFPStructure,325,716,O=C(COc1ccc(Oc2cnc3ccccc3n2)cc1)OCC1CCCO1,0,-0.7843579148179761
PPDB,1,ECFPStructure,326,718,c1ccc(Oc2ccccc2)cc1,0,-1.1119916032769466
PPDB,1,ECFPStructure,327,719,O=C(Nc1ncncn1)NS(=O)(=O)c1ccsc1,0,-1.009956803360053
PPDB,1,ECFPStructure,328,720,O=S(=O)(Nc1ccccc1)c1nc2ccncn2n1,0,-0.8424639549427138
PPDB,1,ECFPStructure,329,721,O=C(Nc1ncccn1)NS(=O)(=O)c1ccccn1,0,-0.9238086627473462
PPDB,1,ECFPStructure,330,722,O=C(Oc1ccccc1)n1cnc2ccccc21,0,-0.6943239733804663
PPDB,1,ECFPStructure,331,723,c1ccc(Oc2ccccn2)cc1,0,-0.5381042054292685
PPDB,1,ECFPStructure,332,725,c1nc[nH]n1,0,-0.4338935518244663
PPDB,1,ECFPStructure,333,727,O=C1CN=C(c2ccccn2)N1,0,-1.0976572320822497
PPDB,1,ECFPStructure,334,728,c1ccc(-c2cc[nH]c2)cc1,0,-1.0037363854670138
PPDB,1,ECFPStructure,335,732,O=C1CCCC(=O)C1C(=O)c1ccccc1,0,-1.1482335204171543
PPDB,1,ECFPStructure,336,735,c1ccccc1,0,0.41375337929623557
PPDB,1,ECFPStructure,337,738,c1ccc(-n2cncn2)cc1,0,-1.2806969660673069
PPDB,1,ECFPStructure,338,740,ACYCLIC:CC(=O)O.CC(=O)O.CC(=O)O.NC(N)=NCCCCCCCCNCCCCCCCCN=C(N)N,0,-1.1184163114174916
PPDB,1,ECFPStructure,339,741,C(=NOCc1ccccc1)c1cn[nH]c1Oc1ccccc1,0,-0.5077158672699241
PPDB,1,ECFPStructure,340,742,O=C(Nc1ncncn1)NS(=O)(=O)c1ccccc1,0,-0.9939266889319429
PPDB,1,ECFPStructure,341,743,O=c1[nH]cnn1-c1ccccc1,0,-0.7418848762505061
PPDB,1,ECFPStructure,342,744,c1ccccc1,0,-1.0351694253982164
PPDB,1,ECFPStructure,343,745,c1cnc(C2CC2)nc1,0,-1.0787875101849143
PPDB,1,ECFPStructure,344,746,O=c1ccn(-c2ccccc2)nc1,0,-1.0997314719742202
PPDB,1,ECFPStructure,345,749,c1ccc2c(c1)NCCO2,0,-0.9327278408671221
PPDB,1,ECFPStructure,346,750,c1ccccc1,0,-1.0658648174168028
PPDB,1,ECFPStructure,347,753,c1ccc(N=c2[nH]ccs2)cc1,0,-0.4994790474361437
PPDB,1,ECFPStructure,348,754,ACYCLIC:CCOP(=O)(SC(C)CC)SC(C)CC,0,0.5725032129235559
PPDB,1,ECFPStructure,349,757,O=c1c2ccccc2nc(-n2cncn2)n1-c1ccccc1,0,-1.0454627369807097
PPDB,1,ECFPStructure,350,758,O=C(Nc1ncncn1)NS(=O)(=O)c1ccccc1,0,-0.952167345645779
PPDB,1,ECFPStructure,351,759,c1cncnc1,0,-1.0097314047910526
PPDB,1,ECFPStructure,352,760,O=C(Nc1ncncn1)NS(=O)(=O)c1ccccc1,0,-0.941507308338834
PPDB,1,ECFPStructure,353,762,O=C(Nc1ncncn1)NS(=O)(=O)c1ccccc1,0,-0.8660932828523037
PPDB,1,ECFPStructure,354,763,O=S(=O)(Nc1ccccc1)c1nc2ncccn2n1,0,-0.677987267650075
PPDB,1,ECFPStructure,355,765,c1ccc2ncccc2c1,0,-1.1003867424712714
PPDB,1,ECFPStructure,356,766,c1coc(C2CNCO2)c1,0,-0.864418376927133
PPDB,1,ECFPStructure,357,769,c1ccc(Oc2ccccn2)cc1,0,-0.810528234889051
PPDB,1,ECFPStructure,358,771,O=S(=O)(Nc1ccccc1)c1ccccc1,0,-0.7555361202082694
PPDB,1,ECFPStructure,359,773,c1ccc(C2(Cn3cncn3)CCCO2)cc1,0,-0.9307954951672215
PPDB,1,ECFPStructure,360,774,c1ccc(Nc2ncccn2)cc1,0,-0.799389441276907
PPDB,1,ECFPStructure,361,775,c1ccccc1,0,-1.1952807804406187
PPDB,1,ECFPStructure,362,777,c1ccccc1,1,0.21267564558866603
PPDB,1,ECFPStructure,363,778,O=C(C=C(c1ccccc1)c1ccccc1)N1CCOCC1,0,-1.0509440063792006
PPDB,1,ECFPStructure,364,779,c1ccc(Oc2nc3ccccc3o2)cc1,0,-0.829858065553881
PPDB,1,ECFPStructure,365,780,c1ccc(Oc2ccc(OCC3COCO3)cc2)cc1,0,-0.3160074825252878
PPDB,1,ECFPStructure,366,783,O=c1ocnn1-c1ccccc1,0,-1.1326088388710591
PPDB,1,ECFPStructure,367,784,c1ccc(OCCNc2ccncn2)cc1,1,-0.6684672447990476
PPDB,1,ECFPStructure,368,785,c1ccc(C2OC2(Cn2cncn2)c2ccccc2)cc1,0,-1.1174305174469885
PPDB,1,ECFPStructure,369,786,c1ccc(Nc2nccc(C3CC3)n2)cc1,0,-1.0705209697741578
PPDB,1,ECFPStructure,370,789,c1cncnc1,1,0.9543504726653989
PPDB,1,ECFPStructure,371,790,c1ccncc1,0,0.20494921418060952
PPDB,1,ECFPStructure,372,795,O=C(c1ccccc1)c1cnoc1C1CC1,0,-1.1044557739541843
PPDB,1,ECFPStructure,373,796,O=C1C2=C(CCCC2)C(=O)N1c1ccccc1,0,-1.251541435326643
PPDB,1,ECFPStructure,374,798,c1ccc(-c2ncnn2-c2ccccc2)cc1,0,-0.5762199538559589
PPDB,1,ECFPStructure,375,802,O=C(Nc1ncccn1)NS(=O)(=O)c1ccccc1,0,-0.9595785798937168
PPDB,1,ECFPStructure,376,803,O=C(Nc1ncccn1)NS(=O)(=O)c1ccccn1,0,-0.9344834261621762
PPDB,1,ECFPStructure,377,806,c1ccc2scnc2c1,0,-0.8808154445908997
PPDB,1,ECFPStructure,378,807,O=c1sc(=Nc2ccccc2)n2n1CCCC2,0,-1.0268587227391321
PPDB,1,ECFPStructure,379,808,O=c1n(-c2ccccc2)nc2n1CCCC2,0,-0.9236216737096454
PPDB,1,ECFPStructure,380,809,O=C(Nc1ccccc1)C1CCCCC1,0,-0.8772819798643969
PPDB,1,ECFPStructure,381,810,ACYCLIC:C[S+](C)C.O=C(O)CNCP(=O)([O-])O,0,-0.7101395458095989
PPDB,1,ECFPStructure,382,811,O=C1C2=C(CCCC2)C(=O)N1c1ccccc1,0,-0.48049595218647434
PPDB,1,ECFPStructure,383,812,C=C1C(=O)CCCC1=O,0,-1.0791354477313246
PPDB,1,ECFPStructure,384,814,O=C(OCc1cccc(Oc2ccccc2)c1)C1CC1,1,0.8381972497027679
PPDB,1,ECFPStructure,385,815,C=C1OC(=O)N(c2cccc(OC3CCCC3)c2)C1=O,0,-1.2293250693665572
PPDB,1,ECFPStructure,386,816,O=c1[nH]cnn1C=NS(=O)(=O)c1ccccc1,0,-0.6440041425237029
PPDB,1,ECFPStructure,387,820,O=C(Nc1ncccn1)NS(=O)(=O)c1ccccc1,0,-0.8796744871370091
PPDB,1,ECFPStructure,388,822,c1ccc(-c2nnc(-c3ccccc3)nn2)cc1,0,-1.175845843370725
PPDB,1,ECFPStructure,389,823,O=C1CCCC(=O)C1C(=O)c1ccccc1,0,-0.9879912463830364
PPDB,1,ECFPStructure,390,824,c1ccc(Oc2ccccc2)cc1,0,-0.23648678914613752
PPDB,1,ECFPStructure,391,825,O=C(Nc1ncccn1)NS(=O)(=O)c1ccccc1,0,-1.473270676657867
PPDB,1,ECFPStructure,392,827,C1CCOC1,1,-0.887144629150248
PPDB,1,ECFPStructure,393,829,c1ccc(OCCCOc2ccccn2)cc1,0,-0.5607452604868188
PPDB,1,ECFPStructure,394,832,O=C1OCc2ccccc21,0,-0.9779478772123883
PPDB,1,ECFPStructure,395,834,c1ccccc1,0,-0.585000093707499
PPDB,1,ECFPStructure,396,835,O=C(CNc1ccccc1)OCc1cccc(Oc2ccccc2)c1,0,0.31552576870378224
PPDB,1,ECFPStructure,397,836,O=C(NNC(=O)c1ccc2c(c1)CCCO2)c1ccccc1,0,-0.9171486977175276
PPDB,1,ECFPStructure,398,837,c1ccccc1,0,-0.956024903559669
PPDB,1,ECFPStructure,399,840,c1ccsc1,0,-0.6696389106640954
PPDB,1,ECFPStructure,400,841,O=C(Nc1ccccc1)c1cccc(Oc2ccccc2)n1,0,-0.9850135762467561
PPDB,1,ECFPStructure,401,842,O=S(=O)(c1ccccc1)c1nc[nH]n1,0,-0.9600076674245868
PPDB,1,ECFPStructure,402,843,O=C1OCc2cccc(Sc3ncccn3)c21,0,-0.6513926799618859
PPDB,1,ECFPStructure,403,844,O=C(ON=C(c1ccccc1)c1ccccc1)c1c(Oc2ncccn2)cccc1Oc1ncccn1,0,-0.8441796342362137
PPDB,1,ECFPStructure,404,845,c1cscn1,1,-0.4476920989116445
PPDB,1,ECFPStructure,405,846,O=C(NS(=O)(=O)c1ccccc1)n1nc[nH]c1=O,0,-1.2508008659267151
PPDB,1,ECFPStructure,406,848,ACYCLIC:O=C(O)CNCP(=O)([O-])O.[Na+],0,-0.8186683727786797
PPDB,1,ECFPStructure,407,850,c1ccc(Oc2ccccc2)cc1,0,-0.8957697825783293
PPDB,1,ECFPStructure,408,852,O=C(NC1CCCCC1)n1nnn(-c2ccccc2)c1=O,0,-1.065794913183691
PPDB,1,ECFPStructure,409,853,c1ccc(Oc2ncccn2)cc1,0,-0.9338532712683163
PPDB,1,ECFPStructure,410,854,O=C(Nc1ncccn1)NS(=O)(=O)c1ccn[nH]1,0,-0.9750503416205638
PPDB,1,ECFPStructure,411,855,O=C(Nc1ncccn1)NS(=O)(=O)Oc1ccccc1,0,-1.0784648483464006
PPDB,1,ECFPStructure,412,858,c1ccccc1,0,-0.3947305474443264
PPDB,1,ECFPStructure,413,859,O=C(NS(=O)(=O)c1ccccc1)n1nc[nH]c1=O,0,-0.8822391704483494
PPDB,1,ECFPStructure,414,860,c1ccc2scnc2c1,0,-1.2608305058897298
PPDB,1,ECFPStructure,415,862,O=C1c2ccccc2C(=O)C1CC1(c2ccccc2)CO1,0,-0.883715967916771
PPDB,1,ECFPStructure,416,864,O=C([N-]S(=O)(=O)c1ccccc1)Nc1ncncn1,0,-1.0952093735332957
PPDB,1,ECFPStructure,417,865,O=C(COc1ccccc1)NCc1ccccc1,0,-0.6428504694589982
PPDB,1,ECFPStructure,418,866,O=C(Nc1ncccn1)NS(=O)(=O)c1[nH]ncc1-c1nn[nH]n1,0,-0.9934201394904814
PPDB,1,ECFPStructure,419,867,c1ccc(NCc2cccs2)cc1,0,-0.5886753773974909
PPDB,1,ECFPStructure,420,868,c1ccccc1,0,-0.6667044308464819
PPDB,1,ECFPStructure,421,869,O=C(Nc1ncccn1)NS(=O)(=O)c1ccccc1,0,-0.9071676496436023
PPDB,1,ECFPStructure,422,872,C=C1C(=O)CC(C2CCOCC2)CC1=O,0,-0.8575820081591954
PPDB,1,ECFPStructure,423,873,C1=NN(c2ccccc2)CC1,0,-0.8455919562724428
PPDB,1,ECFPStructure,424,875,O=C(Nc1ncccn1)NS(=O)(=O)c1ccccc1C(=O)OC1COC1,0,-1.2033698187611093
PPDB,1,ECFPStructure,425,877,O=C(Nc1ccccc1)c1cncs1,0,-0.47567540680404197
PPDB,1,ECFPStructure,426,878,c1ccccc1,0,-0.6474829751818444
PPDB,1,ECFPStructure,427,879,O=C(NC(=O)c1ccccc1)Nc1ccccc1,0,-0.7871594776369495
PPDB,1,ECFPStructure,428,880,c1ccccc1,1,-0.43904092631208413
PPDB,1,ECFPStructure,429,881,C=C1C(=O)CC(C2CCCSC2)CC1=O,0,-0.6916085547876628
PPDB,1,ECFPStructure,430,882,O=C(NC(=O)c1ccccc1)Nc1ccccc1,0,-1.0449187478893345
PPDB,1,ECFPStructure,431,884,C1=CCC(CCCC2CC=CCC2)CC1,0,-1.1099340130812987
PPDB,1,ECFPStructure,432,885,O=c1cc[nH]cn1,0,-1.2091145257087135
PPDB,1,ECFPStructure,433,886,c1ccncc1,0,-1.0502834425277427
PPDB,1,ECFPStructure,434,887,O=C(OCc1cccc(Oc2ccccc2)c1)C1CC1,1,1.0809791119550292
PPDB,1,ECFPStructure,435,889,C=C1C(=O)CCCC1=O,0,-0.7014839759774614
PPDB,1,ECFPStructure,436,890,O=C1CC(C2CCCSC2)CC(=O)C1=CNOCCOc1ccccc1,0,-0.773927422002797
PPDB,1,ECFPStructure,437,891,ACYCLIC:[Al+3].[Al+3].[O-][Si]([O-])([O-])O[Si]([O-])([O-])[O-],0,-0.4828437684594635
PPDB,1,ECFPStructure,438,892,c1ccncc1,0,-1.03925890718391
PPDB,1,ECFPStructure,439,893,c1ccccc1,0,-0.7565650724854491
PPDB,1,ECFPStructure,440,894,C1CC[NH2+]CC1,0,-0.9654191610279258
PPDB,1,ECFPStructure,441,895,O=C(NCCOc1ccccc1)n1ccnc1.O=C(NCCOc1ccccc1)n1ccnc1,0,-0.8952438091326392
PPDB,1,ECFPStructure,442,896,O=c1cc[nH]cn1,0,-1.3483732073632124
PPDB,1,ECFPStructure,443,897,N=C(Cc1cccnc1)c1ccccc1,0,-0.9438436303613121
PPDB,1,ECFPStructure,444,899,c1ccccc1,0,-0.9353784231956651
PPDB,1,ECFPStructure,445,900,C=C1C(=O)CCCC1=O,0,-0.700060298030545
PPDB,1,ECFPStructure,446,904,ACYCLIC:C[As](=O)([O-])[O-].C[As](=O)([O-])[O-].[Ca+2],0,-0.9632418154643831
PPDB,1,ECFPStructure,447,905,O=C(Nc1ncccn1)NS(=O)(=O)c1ccccn1,0,-1.0001354743553394
PPDB,1,ECFPStructure,448,908,C=C1C(=O)CC(c2ccccc2)CC1=O,0,-0.8713031258097075
PPDB,1,ECFPStructure,449,911,O=c1[nH]nnn1-c1ccccc1COc1ccn(-c2ccccc2)n1,0,-0.8825893943770395
PPDB,1,ECFPStructure,450,913,c1ccc(CSC(Cn2cncn2)=Nc2ccccc2)cc1,0,-0.7616323091923592
PPDB,1,ECFPStructure,451,914,O=C(Cc1ccccc1)N=C(NOCC1CC1)c1ccccc1,0,-0.883315733417029
PPDB,1,ECFPStructure,452,915,c1ccc(COc2ccncn2)cc1,0,-0.9684049922737483
PPDB,1,ECFPStructure,453,917,c1ccccc1,0,-1.27835555616764
PPDB,1,ECFPStructure,454,918,c1ccc(COc2ccccc2)cc1,0,-0.7045996426509612
PPDB,1,ECFPStructure,455,920,c1nncs1,0,-0.6247991607499815
PPDB,1,ECFPStructure,456,921,O=c1cnn(-c2ccccc2)c2ccccc12,0,-0.721414146567214
PPDB,1,ECFPStructure,457,922,c1ccc(Oc2ccccn2)cc1,0,-0.560335047175139
PPDB,1,ECFPStructure,458,924,O=C(Nc1ncncn1)NS(=O)(=O)c1ccccc1,0,-1.2259468158671354
PPDB,1,ECFPStructure,459,925,ACYCLIC:ClOCl.[Cu+2],0,-0.5284245536143874
PPDB,1,ECFPStructure,460,926,C(=Cc1ccn[nH]1)c1ccccc1,0,-0.3051909951484556
PPDB,1,ECFPStructure,461,929,O=C(COc1ccc(Oc2nc3ccccc3o2)cc1)Nc1ccccc1,0,-0.7185473040792804
PPDB,1,ECFPStructure,462,932,O=C([N-]c1ncccn1)NS(=O)(=O)c1ccccn1,0,-0.6686053996011183
PPDB,1,ECFPStructure,463,935,O=c1[nH]cnc2ccccc12,0,-1.0329264880593398
PPDB,1,ECFPStructure,464,938,c1ccccc1,0,-0.5874674725262486
PPDB,1,ECFPStructure,465,939,c1ccccc1,0,-0.6058746017168416
PPDB,1,ECFPStructure,466,941,ACYCLIC:[K+].[O-]P(O)O,0,-0.9552221154750382
PPDB,1,ECFPStructure,467,945,c1ccccc1,0,-0.36396288987747716
PPDB,1,ECFPStructure,468,947,c1ccccc1,0,-1.070435656666524
PPDB,1,ECFPStructure,469,948,ACYCLIC:S=C([S-])S[S-].[Na+].[Na+],0,-0.7394023591217092
PPDB,1,ECFPStructure,470,949,ACYCLIC:O=C(O)CNCP(=O)([O-])O.[K+],0,-0.7503601697263028
PPDB,1,ECFPStructure,471,954,c1ccccc1,0,0.10062161602816522
PPDB,1,ECFPStructure,472,958,O=C(Nc1cccc2c1C1CCC2C1)c1cn[nH]c1,0,-1.349652341159914
PPDB,1,ECFPStructure,473,963,C1CCCCC1,0,0.15129119838310912
PPDB,1,ECFPStructure,474,965,O=C1COc2ccc(-n3c(=O)[nH]c(=S)[nH]c3=O)cc2N1,0,-1.0817718327306223
PPDB,1,ECFPStructure,475,967,c1ccc(CCOCc2cccc(Oc3ccccc3)c2)cc1,1,0.41331568355249737
PPDB,1,ECFPStructure,476,969,c1ccncc1,0,0.12685550640236432
PPDB,1,ECFPStructure,477,971,O=C(Nc1ccccc1-c1ccccc1)c1cn[nH]c1,0,-1.2192602141290863
PPDB,1,ECFPStructure,478,972,O=C(Cc1ccccc1)c1ccccc1,0,-0.7814339326226415
PPDB,1,ECFPStructure,479,974,ACYCLIC:O=C(O)CNCP(=O)([O-])O.O=C(O)CNCP(=O)([O-])[O-].[Na+].[Na+].[Na+],0,-0.7789362420604379
PPDB,1,ECFPStructure,480,975,O=C(NCCOc1ccccc1)n1ccnc1.O=C(NCCOc1ccccc1)n1ccnc1.O=C(NCCOc1ccccc1)n1ccnc1.O=C(NCCOc1ccccc1)n1ccnc1,0,-0.8952438091326392
PPDB,1,ECFPStructure,481,978,ACYCLIC:O.O.O.O.O.OB(O)O.[Na+],0,-1.001305980951279
PPDB,1,ECFPStructure,482,980,O=C(Nc1ccccc1)c1ccc(C(=O)c2ccccc2)cc1,0,-0.9830419393410352
PPDB,1,ECFPStructure,483,982,O=C1C=CCCC1,0,-0.5303693345603528
PPDB,1,ECFPStructure,484,984,O1[AsH]O[AsH]O[AsH]1.O1[AsH]O[AsH]O[AsH]1,0,-1.1478849834395748
PPDB,1,ECFPStructure,485,988,O=C(Nc1ncncn1)NS(=O)(=O)c1ccccc1,0,-1.2324417206092138
PPDB,1,ECFPStructure,486,990,c1ccncc1,0,-0.8683491231018998
PPDB,1,ECFPStructure,487,993,C=C1C(=O)CC(c2ccccc2)CC1=O,0,-0.9446965825293036
PPDB,1,ECFPStructure,488,994,O=C(Cc1ccccc1)OCc1cccc(Oc2ccccc2)c1,1,0.4961910401718239
PPDB,1,ECFPStructure,489,996,c1cnc2ncnn2c1,0,-0.5939777596111937
PPDB,1,ECFPStructure,490,999,O=c1c(-c2ccccc2)cn(Cc2cncnc2)c2cccc[n+]12,1,-0.5768132957644426
PPDB,1,ECFPStructure,491,1001,O=C(Nc1cccc(C(=O)Nc2ccccc2)c1)c1ccccc1,1,-1.0556567056177895
PPDB,1,ECFPStructure,492,1003,O=C(Nc1ccccc1)c1cn[nH]c1,0,-0.7781620426936495
PPDB,1,ECFPStructure,493,1004,O=C(NCC1CC1)c1ccccc1NC(=O)c1ccnn1-c1ccccn1,1,-0.5677645654516821
PPDB,1,ECFPStructure,494,1005,c1ccccc1,0,-0.644401976122508
PPDB,1,ECFPStructure,495,1007,O=C(NS(=O)(=O)c1ccccc1)c1cn2ccccc2n1,0,-0.9139127451717826
PPDB,1,ECFPStructure,496,1008,O=C(NS(=O)(=O)c1ccsc1)n1nc[nH]c1=O,0,-0.8481710700646339
PPDB,1,ECFPStructure,497,1011,O=C(c1ccccc1)c1ncncn1,0,-1.160308125219141
PPDB,1,ECFPStructure,498,1012,O=C(OCc1ccccc1)C1CC1,1,0.7356025838875666
PPDB,1,ECFPStructure,499,1014,O=C(NS(=O)(=O)c1ccsc1)n1nc[nH]c1=O,0,-0.8631388774266715
PPDB,1,ECFPStructure,500,1017,ACYCLIC:[O-]B([O-])[O-].[O-]B([O-])[O-].[Zn+2].[Zn+2].[Zn+2],0,-0.860128666549203
PPDB,1,ECFPStructure,501,1020,O=C(NC1COC(=O)C(Cc2ccccc2)CCOC1=O)c1ccccn1,0,-0.49172148048501335
PPDB,1,ECFPStructure,502,1021,N=c1ccccn1Cc1cccnc1,0,0.06582409709854165
PPDB,1,ECFPStructure,503,1023,ACYCLIC:O=C(O)CNCP(=O)([O-])[O-].[NH4+].[NH4+],0,-0.9136584793881246
PPDB,1,ECFPStructure,504,1024,O=C(c1cn[nH]c1)N(Cc1ccccc1)C1CC1,0,-1.1206204086723848
PPDB,1,ECFPStructure,505,1025,C(=Nc1cccc2c1CCC2)c1cn[nH]c1,0,-1.3214347722158406
PPDB,1,ECFPStructure,506,1027,c1ccc(-c2ccccn2)cc1,0,-1.0440257344793438
PPDB,1,ECFPStructure,507,1031,ACYCLIC:CNC.O=C(O)CNCP(=O)(O)O,0,-0.767814660297427
PPDB,1,ECFPStructure,508,1032,ACYCLIC:N.O=C(O)CNCP(=O)(O)O,0,-0.9624821938371133
PPDB,1,ECFPStructure,509,1033,O=C1CCON1Cc1ccccc1,0,-1.0175053489964698
PPDB,1,Route+Agrochemical,0,4,O=S(=O)(c1ccccc1)c1ccccc1,0,-0.44035159533364676
PPDB,1,Route+Agrochemical,1,7,ACYCLIC:O=C([O-])[O-].[Ca+2],0,-5.70664977644505
PPDB,1,Route+Agrochemical,2,9,ACYCLIC:[I-].[K+],1,-0.6157835171074629
PPDB,1,Route+Agrochemical,3,10,c1ccccc1,1,1.7248915256984678
PPDB,1,Route+Agrochemical,4,12,ACYCLIC:N#C[S-].[K+],1,-0.6157835171074629
PPDB,1,Route+Agrochemical,5,14,ACYCLIC:O=[As](O)(O)O,0,-0.6413239179449008
PPDB,1,Route+Agrochemical,6,16,ACYCLIC:COP(=S)(OC)SCC(=O)N(C)C=O,1,1.7248915256984678
PPDB,1,Route+Agrochemical,7,17,ACYCLIC:O=S(=O)([O-])[O-].[Cu+2],0,-2.4652180544768623
PPDB,1,Route+Agrochemical,8,18,ACYCLIC:O.[Cu].[Cu],0,-0.9466177510147177
PPDB,1,Route+Agrochemical,9,24,ACYCLIC:[Al]#[P],1,1.9003234474722843
PPDB,1,Route+Agrochemical,10,25,c1ccccc1,0,-3.210572421505681
PPDB,1,Route+Agrochemical,11,28,ACYCLIC:CCCCCCCCCCCCCCCC(=O)O,0,1.69935112486103
PPDB,1,Route+Agrochemical,12,29,ACYCLIC:[Cl][Cu][Cl],0,-2.4907584553143005
PPDB,1,Route+Agrochemical,13,30,ACYCLIC:N#CN,0,-0.6413239179449008
PPDB,1,Route+Agrochemical,14,31,c1ccccc1,0,-0.6413239179449008
PPDB,1,Route+Agrochemical,15,32,O=c1oc2ccccc2cc1Cc1ccccc1,0,-0.6413239179449008
PPDB,1,Route+Agrochemical,16,36,ACYCLIC:[Cu+2].[OH-].[OH-],0,-2.4652180544768623
PPDB,1,Route+Agrochemical,17,37,ACYCLIC:CN(C)C(CSC(N)=O)CSC(N)=O,1,1.69935112486103
PPDB,1,Route+Agrochemical,18,39,ACYCLIC:O=C([O-])O.[K+],0,-0.44035159533364676
PPDB,1,Route+Agrochemical,19,42,ACYCLIC:O=P([O-])([O-])[O-].O=P([O-])([O-])[O-].[Ca+2].[Ca+2].[Ca+2],0,-5.907622099056305
PPDB,1,Route+Agrochemical,20,53,ACYCLIC:CCCCCCCCCCO,0,-0.6157835171074629
PPDB,1,Route+Agrochemical,21,55,ACYCLIC:O=P([O-])([O-])[O-].[Fe+3],0,-0.6157835171074629
PPDB,1,Route+Agrochemical,22,58,ACYCLIC:O=P([O-])([O-])OP(=O)([O-])[O-].O=P([O-])([O-])OP(=O)([O-])[O-].O=P([O-])([O-])OP(=O)([O-])[O-].[Fe+3].[Fe+3].[Fe+3].[Fe+3],0,-0.6157835171074629
PPDB,1,Route+Agrochemical,23,62,c1cc[n+]2c(c1)-c1cccc[n+]1CC2,0,-3.210572421505681
PPDB,1,Route+Agrochemical,24,63,c1ccc2ncccc2c1,0,-2.289786132703046
PPDB,1,Route+Agrochemical,25,68,c1ccccc1,0,1.7248915256984678
PPDB,1,Route+Agrochemical,26,69,ACYCLIC:O=C([O-])C(Cl)(Cl)Cl.[Na+],0,-3.2361128223431193
PPDB,1,Route+Agrochemical,27,70,C(=Nc1ccccc1)NC=Nc1ccccc1,0,1.7248915256984678
PPDB,1,Route+Agrochemical,28,71,ACYCLIC:O=[As]([O-])([O-])[O-].O=[As]([O-])([O-])[O-].[Ca+2].[Ca+2].[Ca+2],0,1.9003234474722843
PPDB,1,Route+Agrochemical,29,74,c1ccc(Cc2ccccc2)cc1,0,1.69935112486103
PPDB,1,Route+Agrochemical,30,78,ACYCLIC:CBr,0,-0.6413239179449008
PPDB,1,Route+Agrochemical,31,85,ACYCLIC:ClCC(Br)CBr,0,-0.6413239179449008
PPDB,1,Route+Agrochemical,32,88,c1ccccc1,0,-3.035140499731865
PPDB,1,Route+Agrochemical,33,91,ACYCLIC:CCCSC(=O)N(CCC)CCC,0,-3.2361128223431193
PPDB,1,Route+Agrochemical,34,93,C1OCOCOCO1,0,-0.44035159533364676
PPDB,1,Route+Agrochemical,35,97,c1ccc(-c2ccccc2)cc1,0,-2.4652180544768623
PPDB,1,Route+Agrochemical,36,99,c1ccccc1,0,-0.6157835171074629
PPDB,1,Route+Agrochemical,37,106,ACYCLIC:COP(=O)(OC)C(O)C(Cl)(Cl)Cl,1,1.9003234474722843
PPDB,1,Route+Agrochemical,38,107,c1ccc(Cc2ccccc2)cc1,0,1.9003234474722843
PPDB,1,Route+Agrochemical,39,110,C1COCCN1,0,-2.289786132703046
PPDB,1,Route+Agrochemical,40,112,O=c1c2sccsc=2c(=O)c2ccccc12,0,-2.289786132703046
PPDB,1,Route+Agrochemical,41,113,c1ccc(Cc2ccccc2)cc1,1,1.7248915256984678
PPDB,1,Route+Agrochemical,42,114,ACYCLIC:CCOP(=S)(OCC)SCSP(=S)(OCC)OCC,0,1.7248915256984678
PPDB,1,Route+Agrochemical,43,120,ACYCLIC:CCOP(=S)(OCC)SCCl,1,1.69935112486103
PPDB,1,Route+Agrochemical,44,122,c1ccc(CCn2cncn2)cc1,0,-2.4652180544768623
PPDB,1,Route+Agrochemical,45,125,ACYCLIC:O=S(=O)(F)F,0,-0.6157835171074629
PPDB,1,Route+Agrochemical,46,126,O=C1C=CC(=O)c2ccccc21,0,-2.4907584553143005
PPDB,1,Route+Agrochemical,47,127,c1ccccc1,0,-0.44035159533364676
PPDB,1,Route+Agrochemical,48,132,ACYCLIC:CCC[CH2][Sn]([CH2]CCC)([CH2]CCC)[O][Sn]([CH2]CCC)([CH2]CCC)[CH2]CCC,1,-0.6157835171074629
PPDB,1,Route+Agrochemical,49,134,c1ccc2c(c1)CCO2,1,1.7248915256984678
PPDB,1,Route+Agrochemical,50,141,C1=CC2C3C=CC(C3)C2C1,0,-0.6413239179449008
PPDB,1,Route+Agrochemical,51,147,ACYCLIC:CCC(C)N,0,-2.4652180544768623
PPDB,1,Route+Agrochemical,52,148,ACYCLIC:O=[PH]([O-])[O-].[Na+].[Na+],0,-2.289786132703046
PPDB,1,Route+Agrochemical,53,149,O=C1NC(=O)C2CC=CCC12,0,-2.289786132703046
PPDB,1,Route+Agrochemical,54,150,c1ccccc1,0,-0.44035159533364676
PPDB,1,Route+Agrochemical,55,152,O=c1[nH]c2c(c(=O)n1C1CCCCC1)CCC2,0,-3.035140499731865
PPDB,1,Route+Agrochemical,56,156,c1ccc2ccccc2c1,0,-0.6157835171074629
PPDB,1,Route+Agrochemical,57,157,ACYCLIC:[Ca+2].[Cl-].[Cl-],0,-0.6413239179449008
PPDB,1,Route+Agrochemical,58,159,O=C(Nc1ncncn1)NS(=O)(=O)c1ccccc1,0,-3.035140499731865
PPDB,1,Route+Agrochemical,59,161,c1ccc2c(c1)OCO2,0,1.7248915256984678
PPDB,1,Route+Agrochemical,60,163,ACYCLIC:O=[As]([O-])([O-])O.[Pb+2],0,1.69935112486103
PPDB,1,Route+Agrochemical,61,164,c1ccc2ccccc2c1,0,-0.6157835171074629
PPDB,1,Route+Agrochemical,62,165,O=C(Nc1ncncn1)NS(=O)(=O)c1ccccc1,0,-3.035140499731865
PPDB,1,Route+Agrochemical,63,166,c1ccccc1,0,-0.6157835171074629
PPDB,1,Route+Agrochemical,64,172,c1ccc(Oc2ccccc2)cc1,0,-3.210572421505681
PPDB,1,Route+Agrochemical,65,175,ACYCLIC:O.O.[O]=[Al][O][Si](=O)O[Si](=O)[O][Al]=[O],0,-0.6157835171074629
PPDB,1,Route+Agrochemical,66,177,c1ccccc1,0,-2.289786132703046
PPDB,1,Route+Agrochemical,67,181,c1ccc(Cc2ccccc2)cc1,1,1.7248915256984678
PPDB,1,Route+Agrochemical,68,191,O=C1CCCN1c1ccccc1,0,-3.210572421505681
PPDB,1,Route+Agrochemical,69,195,ACYCLIC:CCCCSP(=O)(SCCCC)SCCCC,0,-0.6157835171074629
PPDB,1,Route+Agrochemical,70,200,ACYCLIC:C=CC(Cl)Cl,0,-0.6157835171074629
PPDB,1,Route+Agrochemical,71,201,O=C(Nc1ncccn1)NS(=O)(=O)Nc1ccccc1C(=O)C1CC1,0,-3.035140499731865
PPDB,1,Route+Agrochemical,72,208,c1ccccc1,0,-2.4907584553143005
PPDB,1,Route+Agrochemical,73,211,O=C1C=CC(OC(=O)C2CC2)C1,0,1.7248915256984678
PPDB,1,Route+Agrochemical,74,213,c1ccccc1,0,-2.4907584553143005
PPDB,1,Route+Agrochemical,75,220,ACYCLIC:CN(C)C(=S)[S-].CN(C)C(=S)[S-].[Zn+2],0,-2.4652180544768623
PPDB,1,Route+Agrochemical,76,227,ACYCLIC:CCOP(=O)=O,0,-2.4652180544768623
PPDB,1,Route+Agrochemical,77,228,c1ccccc1,1,1.69935112486103
PPDB,1,Route+Agrochemical,78,231,ACYCLIC:CCSCCOP(=S)(OC)OC,0,1.69935112486103
PPDB,1,Route+Agrochemical,79,232,O=C1CN=C(c2ccccn2)N1,0,-3.035140499731865
PPDB,1,Route+Agrochemical,80,234,c1ccccc1,0,-2.289786132703046
PPDB,1,Route+Agrochemical,81,236,c1ccc(CSc2ccccc2)cc1,0,1.69935112486103
PPDB,1,Route+Agrochemical,82,244,ACYCLIC:O=S(=O)([O-])C(F)(F)C(F)(F)C(F)(F)C(F)(F)C(F)(F)C(F)(F)C(F)(F)C(F)(F)F.[Li+],1,1.9003234474722843
PPDB,1,Route+Agrochemical,83,245,ACYCLIC:CCOP(=S)(OCC)OCCSCC,0,1.69935112486103
PPDB,1,Route+Agrochemical,84,250,O=C(OCc1cccc(Oc2ccccc2)c1)C1CC1,1,1.7248915256984678
PPDB,1,Route+Agrochemical,85,252,C1CC1,0,-3.210572421505681
PPDB,1,Route+Agrochemical,86,257,ACYCLIC:CNC(=S)[S-].[Na+],0,-0.6157835171074629
PPDB,1,Route+Agrochemical,87,258,c1cc[c]([SnH]([c]2ccccc2)[c]2ccccc2)cc1,0,-2.4652180544768623
PPDB,1,Route+Agrochemical,88,259,ACYCLIC:[Ba+2].[S-2],0,-2.4907584553143005
PPDB,1,Route+Agrochemical,89,260,O=C(Nc1cccc2ccccc12)c1ccccc1,0,-3.210572421505681
PPDB,1,Route+Agrochemical,90,263,c1ccccc1,0,-3.035140499731865
PPDB,1,Route+Agrochemical,91,267,c1ccccc1,0,-3.2361128223431193
PPDB,1,Route+Agrochemical,92,272,O=c1[nH]c(=O)n(-c2ccccc2)o1,0,-3.2361128223431193
PPDB,1,Route+Agrochemical,93,274,ACYCLIC:O=C([O-])[O-].[Cu+2],0,-0.9721581518521555
PPDB,1,Route+Agrochemical,94,275,c1ccccc1,0,-2.4652180544768623
PPDB,1,Route+Agrochemical,95,276,c1ccccc1,0,-3.210572421505681
PPDB,1,Route+Agrochemical,96,277,c1ccccc1,0,-3.210572421505681
PPDB,1,Route+Agrochemical,97,278,O=C1NC(=O)c2ccccc21,1,1.7248915256984678
PPDB,1,Route+Agrochemical,98,282,ACYCLIC:CN(C)NC(=O)CCC(=O)O,0,-0.6157835171074629
PPDB,1,Route+Agrochemical,99,284,c1ccccc1,0,-3.035140499731865
PPDB,1,Route+Agrochemical,100,285,C1OCC2OC3OCOC3C2O1,0,-0.6157835171074629
PPDB,1,Route+Agrochemical,101,290,ACYCLIC:C[N+](C)(C)CCCl,0,-0.6157835171074629
PPDB,1,Route+Agrochemical,102,293,c1ccccc1,0,-3.210572421505681
PPDB,1,Route+Agrochemical,103,297,c1ccccc1,0,-3.210572421505681
PPDB,1,Route+Agrochemical,104,300,c1ncncn1,0,-3.2361128223431193
PPDB,1,Route+Agrochemical,105,301,ACYCLIC:CNC(=O)C(C)SCCSP(=O)(OC)OC,1,1.7248915256984678
PPDB,1,Route+Agrochemical,106,302,ACYCLIC:CC(Cl)(Cl)C(=O)[O-].[Na+],0,-3.2361128223431193
PPDB,1,Route+Agrochemical,107,305,c1cc[n+]2c(c1)-c1cccc[n+]1CC2,0,-3.035140499731865
PPDB,1,Route+Agrochemical,108,311,c1cncnc1,0,-2.4652180544768623
PPDB,1,Route+Agrochemical,109,313,c1ccccc1,0,-0.6413239179449008
PPDB,1,Route+Agrochemical,110,315,C1=CC1,0,-0.6413239179449008
PPDB,1,Route+Agrochemical,111,318,c1ccc(Oc2ccccc2)cc1,0,-3.210572421505681
PPDB,1,Route+Agrochemical,112,323,ACYCLIC:S=C([S-])NCCNC(=S)S.S=C([S-])NCCNC(=S)S.[NH2-].[Zn],0,-2.4652180544768623
PPDB,1,Route+Agrochemical,113,328,ACYCLIC:S=C([S-])NCCNC(=S)[S-].[Zn+2],0,-2.4652180544768623
PPDB,1,Route+Agrochemical,114,331,ACYCLIC:C[As](=O)(O)O,0,-3.210572421505681
PPDB,1,Route+Agrochemical,115,332,c1ccccc1,1,1.9003234474722843
PPDB,1,Route+Agrochemical,116,333,c1ccccc1,0,-3.035140499731865
PPDB,1,Route+Agrochemical,117,336,c1ncncn1,0,-3.210572421505681
PPDB,1,Route+Agrochemical,118,337,O=S1OCC2C3C=CC(C3)C2CO1,0,1.7248915256984678
PPDB,1,Route+Agrochemical,119,338,c1ccc(Cc2ccccc2)cc1,0,-3.210572421505681
PPDB,1,Route+Agrochemical,120,341,O=C1NC(=O)C2CC=CCC12,0,-2.4907584553143005
PPDB,1,Route+Agrochemical,121,342,c1ccccc1,0,-3.2361128223431193
PPDB,1,Route+Agrochemical,122,344,c1ccccc1,0,-3.035140499731865
PPDB,1,Route+Agrochemical,123,348,c1ccccc1,0,-3.210572421505681
PPDB,1,Route+Agrochemical,124,349,c1ccc(Cc2ccccc2)cc1,0,-0.6413239179449008
PPDB,1,Route+Agrochemical,125,352,c1ccccc1,0,-3.210572421505681
PPDB,1,Route+Agrochemical,126,353,c1ncncn1,0,-3.035140499731865
PPDB,1,Route+Agrochemical,127,354,ACYCLIC:S=C([S-])NCCNC(=S)[S-].S=C([S-])NCCNC(=S)[S-].[Mn+2].[Zn+2],0,-2.4652180544768623
PPDB,1,Route+Agrochemical,128,356,O=C1C=CC(=O)c2ccccc21,0,-3.210572421505681
PPDB,1,Route+Agrochemical,129,357,c1ncncn1,0,-3.2361128223431193
PPDB,1,Route+Agrochemical,130,360,ACYCLIC:CNC(=O)/C=C(\C)OP(=O)(OC)OC,1,-0.44035159533364676
PPDB,1,Route+Agrochemical,131,362,ACYCLIC:CCCCN(CC)C(=O)SCCC,0,-3.2361128223431193
PPDB,1,Route+Agrochemical,132,364,c1ccccc1,0,-3.210572421505681
PPDB,1,Route+Agrochemical,133,365,O=C(OCN1C(=O)C2=C(CCCC2)C1=O)C1CC1,1,1.69935112486103
PPDB,1,Route+Agrochemical,134,368,c1ccccc1,0,-3.2361128223431193
PPDB,1,Route+Agrochemical,135,372,c1ccccc1,0,-3.035140499731865
PPDB,1,Route+Agrochemical,136,375,c1ccccc1,0,1.7248915256984678
PPDB,1,Route+Agrochemical,137,376,C1CCCNCC1,0,-3.035140499731865
PPDB,1,Route+Agrochemical,138,377,O=c1cc[nH]c2cc3c(cc12)OCO3,0,-0.6157835171074629
PPDB,1,Route+Agrochemical,139,378,c1ccccc1,0,-3.210572421505681
PPDB,1,Route+Agrochemical,140,383,c1ccccc1,1,1.9003234474722843
PPDB,1,Route+Agrochemical,141,384,c1coc(-c2nc3ccccc3[nH]2)c1,0,-2.289786132703046
PPDB,1,Route+Agrochemical,142,386,c1ccc(Oc2ccccc2)cc1,0,-3.210572421505681
PPDB,1,Route+Agrochemical,143,391,O=c1[nH]c2ccccc2s1,0,-3.2361128223431193
PPDB,1,Route+Agrochemical,144,394,c1ncncn1,1,-3.210572421505681
PPDB,1,Route+Agrochemical,145,395,c1ccc(-c2ncccn2)cc1,0,-3.210572421505681
PPDB,1,Route+Agrochemical,146,401,O=C1c2ccccc2C(=O)C1C(=O)C(c1ccccc1)c1ccccc1,0,-0.6413239179449008
PPDB,1,Route+Agrochemical,147,402,C1C2C3C4CC5C3C1C5C24,0,1.9003234474722843
PPDB,1,Route+Agrochemical,148,403,c1ccncc1,0,-3.035140499731865
PPDB,1,Route+Agrochemical,149,404,c1ccc(Nc2ncncn2)cc1,0,-2.289786132703046
PPDB,1,Route+Agrochemical,150,406,ACYCLIC:CNC(=O)ON=CC(C)(C)S(C)(=O)=O,0,1.7248915256984678
PPDB,1,Route+Agrochemical,151,409,O=C(Nc1ccccc1)C1=COCCS1(=O)=O,0,-2.4652180544768623
PPDB,1,Route+Agrochemical,152,411,c1ccccc1,0,-3.210572421505681
PPDB,1,Route+Agrochemical,153,412,c1ccccc1,0,-2.4652180544768623
PPDB,1,Route+Agrochemical,154,413,c1ccsc1,0,-2.4652180544768623
PPDB,1,Route+Agrochemical,155,414,c1ccccc1,0,-3.210572421505681
PPDB,1,Route+Agrochemical,156,419,c1ccccc1,0,-3.2361128223431193
PPDB,1,Route+Agrochemical,157,420,O=c1cnnc[nH]1,0,-3.035140499731865
PPDB,1,Route+Agrochemical,158,422,c1ccccc1,1,1.7248915256984678
PPDB,1,Route+Agrochemical,159,423,c1ccc2scnc2c1,1,-3.210572421505681
PPDB,1,Route+Agrochemical,160,426,c1ncncn1,0,-3.210572421505681
PPDB,1,Route+Agrochemical,161,427,c1ccccc1,0,-3.035140499731865
PPDB,1,Route+Agrochemical,162,428,ACYCLIC:CP(=O)(O)CCC(N)C(=O)O,0,-3.210572421505681
PPDB,1,Route+Agrochemical,163,430,O=C1NS(=O)(=O)Nc2ccccc21,0,-3.210572421505681
PPDB,1,Route+Agrochemical,164,432,ACYCLIC:CP(=O)(O)CCC(N)C(=O)[O-].[NH4+],0,-3.210572421505681
PPDB,1,Route+Agrochemical,165,433,c1ccccc1,0,-3.035140499731865
PPDB,1,Route+Agrochemical,166,437,c1cncnc1,0,1.9003234474722843
PPDB,1,Route+Agrochemical,167,444,C1CC2CCC1C2,1,1.7248915256984678
PPDB,1,Route+Agrochemical,168,445,c1ccccc1,1,-3.2361128223431193
PPDB,1,Route+Agrochemical,169,446,c1ccc(-n2cncn2)cc1,0,1.7248915256984678
PPDB,1,Route+Agrochemical,170,447,c1ccccc1,0,-3.035140499731865
PPDB,1,Route+Agrochemical,171,450,c1ccccc1,0,-3.035140499731865
PPDB,1,Route+Agrochemical,172,452,c1ccc2ccccc2c1,0,-3.210572421505681
PPDB,1,Route+Agrochemical,173,455,O=C(NC(=O)c1ccccc1)Nc1ccccc1,0,1.9003234474722843
PPDB,1,Route+Agrochemical,174,457,c1ccccc1,0,-3.2361128223431193
PPDB,1,Route+Agrochemical,175,458,O=C(OCCCN1CCCCC1)c1ccccc1,0,-0.6157835171074629
PPDB,1,Route+Agrochemical,176,460,C1CCCCCC(N2CCOCC2)CCCCC1,0,-2.4652180544768623
PPDB,1,Route+Agrochemical,177,461,c1ccccc1,0,-3.210572421505681
PPDB,1,Route+Agrochemical,178,468,ACYCLIC:CCOC(=O)C=C(C)C=CCC(C)CCCC(C)C,1,1.9003234474722843
PPDB,1,Route+Agrochemical,179,469,ACYCLIC:COC(C)(C)CCCC(C)CC=CC(C)=CC(=O)OC(C)C,1,-0.44035159533364676
PPDB,1,Route+Agrochemical,180,471,c1ccc(Oc2ccccc2)cc1,0,-3.210572421505681
PPDB,1,Route+Agrochemical,181,472,c1ncncn1,0,-3.210572421505681
PPDB,1,Route+Agrochemical,182,473,O=c1cccnn1-c1ccccc1,0,-3.2361128223431193
PPDB,1,Route+Agrochemical,183,474,c1ccc(-c2ccno2)cc1,1,1.7248915256984678
PPDB,1,Route+Agrochemical,184,484,c1ncncn1,0,-3.2361128223431193
PPDB,1,Route+Agrochemical,185,485,C1CC[NH2+]CC1,0,-0.6157835171074629
PPDB,1,Route+Agrochemical,186,489,O=C1CCCC(=O)C1C(=O)c1ccccc1,0,-3.035140499731865
PPDB,1,Route+Agrochemical,187,490,ACYCLIC:CC(CNC(=S)[S-])NC(=S)[S-].[Zn+2],0,-2.4652180544768623
PPDB,1,Route+Agrochemical,188,492,ACYCLIC:NC(N)=NCCCCCCCCNCCCCCCCCN=C(N)N,0,-2.289786132703046
PPDB,1,Route+Agrochemical,189,493,O=C(OCc1cccc(Oc2ccccc2)c1)C1CC1,1,1.7248915256984678
PPDB,1,Route+Agrochemical,190,498,O=c1[nH]cnnc1-c1ccccc1,0,-3.035140499731865
PPDB,1,Route+Agrochemical,191,499,ACYCLIC:C#CCOC(=O)C=C(C)C=CCC(C)CCCC(C)C,0,-0.6157835171074629
PPDB,1,Route+Agrochemical,192,500,O=C(NC(=O)c1ccccc1)Nc1ccccc1,0,-0.44035159533364676
PPDB,1,Route+Agrochemical,193,507,c1ccccc1,0,1.69935112486103
PPDB,1,Route+Agrochemical,194,514,O=C1COC(=O)N1c1ccccc1,0,-2.289786132703046
PPDB,1,Route+Agrochemical,195,517,O=C1C2CC2C(=O)N1c1ccccc1,0,-2.4652180544768623
PPDB,1,Route+Agrochemical,196,518,c1ccc(C(c2ccccc2)c2cncnc2)cc1,0,-2.4652180544768623
PPDB,1,Route+Agrochemical,197,521,c1nc[n]([Sn]([CH]2CCCCC2)([CH]2CCCCC2)[CH]2CCCCC2)n1,0,-0.6413239179449008
PPDB,1,Route+Agrochemical,198,522,c1ccc(C(Cn2cncn2)c2ccccc2)cc1,0,-2.289786132703046
PPDB,1,Route+Agrochemical,199,523,c1ccccc1,0,-3.210572421505681
PPDB,1,Route+Agrochemical,200,524,c1ccccc1,0,-3.035140499731865
PPDB,1,Route+Agrochemical,201,525,O=C(Nc1ccccc1)c1ccco1,0,-2.289786132703046
PPDB,1,Route+Agrochemical,202,526,c1ccc(Oc2ccccc2)cc1,0,-3.2361128223431193
PPDB,1,Route+Agrochemical,203,527,c1ccccc1,0,-0.6157835171074629
PPDB,1,Route+Agrochemical,204,528,c1ccccc1,0,-3.2361128223431193
PPDB,1,Route+Agrochemical,205,533,c1ccc2c(c1)sc1nncn12,0,-2.289786132703046
PPDB,1,Route+Agrochemical,206,536,O=C(NC(=O)c1ccccc1)Nc1ccccc1,0,1.7248915256984678
PPDB,1,Route+Agrochemical,207,537,c1ccc(-c2ccc(OCn3cncn3)cc2)cc1,0,-2.289786132703046
PPDB,1,Route+Agrochemical,208,539,C1=CC(C2C=CC=C2)C=C1,0,1.7248915256984678
PPDB,1,Route+Agrochemical,209,541,ACYCLIC:CCOP(=O)(O)C(N)=O,0,-3.210572421505681
PPDB,1,Route+Agrochemical,210,542,c1ccc(-c2cccnn2)cc1,0,-3.210572421505681
PPDB,1,Route+Agrochemical,211,543,O=C(Cc1ccccc1)OCc1cccc(Oc2ccccc2)c1,1,1.7248915256984678
PPDB,1,Route+Agrochemical,212,544,C1CC[NH2+]CC1,0,-0.6157835171074629
PPDB,1,Route+Agrochemical,213,545,ACYCLIC:CC(=O)[O-].CC(=O)[O-].[Cu+2],0,-2.4907584553143005
PPDB,1,Route+Agrochemical,214,546,O=C(NCCOc1ccccc1)n1ccnc1,0,-2.289786132703046
PPDB,1,Route+Agrochemical,215,549,c1cncnc1,1,1.7248915256984678
PPDB,1,Route+Agrochemical,216,556,c1ccc(OCn2ccnc2)cc1,1,-2.4652180544768623
PPDB,1,Route+Agrochemical,217,557,O=C1OCC2C3CCCC3CCC2C2CCCCC12,0,-0.6157835171074629
PPDB,1,Route+Agrochemical,218,558,c1ccc(-c2cc(-c3ccccc3)[nH+][nH]2)cc1,0,-3.210572421505681
PPDB,1,Route+Agrochemical,219,559,c1ccc(CCCN2CCCCC2)cc1,0,-2.289786132703046
PPDB,1,Route+Agrochemical,220,560,ACYCLIC:CCCOC(=O)NCCCN(C)C,0,-2.289786132703046
PPDB,1,Route+Agrochemical,221,561,c1ccc(CCn2cncn2)cc1.c1ccc(CCn2cncn2)cc1,1,-2.4652180544768623
PPDB,1,Route+Agrochemical,222,563,c1ccncc1,0,-3.210572421505681
PPDB,1,Route+Agrochemical,223,565,ACYCLIC:CN(C)C(CSC(N)=O)CSC(N)=O.Cl,0,1.69935112486103
PPDB,1,Route+Agrochemical,224,566,O=C1OCCC1Nc1ccccc1,0,-2.289786132703046
PPDB,1,Route+Agrochemical,225,568,C1CSSSC1,0,1.9003234474722843
PPDB,1,Route+Agrochemical,226,569,O=C(OCc1cccc(Oc2ccccc2)c1)C1CC1,0,1.69935112486103
PPDB,1,Route+Agrochemical,227,570,c1ccc(Oc2ccccc2)cc1,0,-3.210572421505681
PPDB,1,Route+Agrochemical,228,571,c1ccc(Oc2ccccn2)cc1,0,-3.210572421505681
PPDB,1,Route+Agrochemical,229,572,c1ccccc1,0,-3.035140499731865
PPDB,1,Route+Agrochemical,230,573,O=c1ocnn1-c1ccccc1,0,-3.210572421505681
PPDB,1,Route+Agrochemical,231,574,O=C(Nc1ccccc1)N(Cc1ccccc1)C1CCCC1,0,-2.289786132703046
PPDB,1,Route+Agrochemical,232,575,O=c1cccnn1-c1ccccc1,1,1.69935112486103
PPDB,1,Route+Agrochemical,233,577,O=c1[nH]c2ncccc2o1,1,1.9003234474722843
PPDB,1,Route+Agrochemical,234,579,c1ccccc1,0,-2.289786132703046
PPDB,1,Route+Agrochemical,235,580,O=C1COC(=O)N1c1ccccc1,0,-2.4652180544768623
PPDB,1,Route+Agrochemical,236,583,ACYCLIC:CNC(=O)ON=C(C)C(C)SC,1,1.9003234474722843
PPDB,1,Route+Agrochemical,237,584,O=C(NC(=O)c1ccccc1)Nc1ccccc1,0,1.9003234474722843
PPDB,1,Route+Agrochemical,238,587,c1ccc(Oc2ccccc2)cc1,0,-0.6157835171074629
PPDB,1,Route+Agrochemical,239,588,c1ccc(Oc2ccccn2)cc1,0,-3.210572421505681
PPDB,1,Route+Agrochemical,240,589,O=C(OCc1cccc(-c2ccccc2)c1)C1CC1,1,1.7248915256984678
PPDB,1,Route+Agrochemical,241,594,O=C(Cc1ccccc1)Nc1ccccc1,0,-2.289786132703046
PPDB,1,Route+Agrochemical,242,596,c1ncncn1,0,-3.035140499731865
PPDB,1,Route+Agrochemical,243,597,O=C(Nc1ncccn1)NS(=O)(=O)c1ccccc1,0,-3.210572421505681
PPDB,1,Route+Agrochemical,244,598,C1CCNCC1,0,-0.6157835171074629
PPDB,1,Route+Agrochemical,245,599,c1ccc(Oc2cnc3ccccc3n2)cc1,0,-3.035140499731865
PPDB,1,Route+Agrochemical,246,602,c1ccc(Oc2ccccn2)cc1,0,-3.035140499731865
PPDB,1,Route+Agrochemical,247,603,c1ccc(Oc2ccccc2)cc1,0,-3.035140499731865
PPDB,1,Route+Agrochemical,248,604,c1ccc2[nH+]nc(-n3ccnc3)nc2c1,0,-2.4652180544768623
PPDB,1,Route+Agrochemical,249,605,O=C1OCCN1Nc1ccccc1,0,-2.4652180544768623
PPDB,1,Route+Agrochemical,250,606,c1ccncc1,0,-3.035140499731865
PPDB,1,Route+Agrochemical,251,607,c1ccc(NCn2cccn2)cc1,0,-3.035140499731865
PPDB,1,Route+Agrochemical,252,608,C1CSSSC1,0,1.9003234474722843
PPDB,1,Route+Agrochemical,253,611,O=C(OCc1cccc(Oc2ccccc2)c1)C1CC1,1,1.7248915256984678
PPDB,1,Route+Agrochemical,254,612,C1CC[NH2+]CC1,0,-0.6157835171074629
PPDB,1,Route+Agrochemical,255,613,C(=Cn1cncn1)c1ccccc1,0,-2.4652180544768623
PPDB,1,Route+Agrochemical,256,615,O=C(NC(=O)c1ccccc1)Nc1ccc(Oc2ccccn2)cc1,0,1.9003234474722843
PPDB,1,Route+Agrochemical,257,616,C(=NOCC1OCCO1)c1ccccc1,0,-3.035140499731865
PPDB,1,Route+Agrochemical,258,618,O=C1CN=C(c2ccc3ccccc3n2)N1,0,-0.44035159533364676
PPDB,1,Route+Agrochemical,259,620,C1CCCCCC(N2CCOCC2)CCCCC1,0,-2.4652180544768623
PPDB,1,Route+Agrochemical,260,621,C(=Nc1ccccc1)n1ccnc1,0,-2.289786132703046
PPDB,1,Route+Agrochemical,261,622,O=C(NC(=O)c1ccccc1)Nc1ccccc1,0,1.9003234474722843
PPDB,1,Route+Agrochemical,262,623,O=S(=O)(SCCCSS(=O)(=O)c1ccccc1)c1ccccc1,0,1.7248915256984678
PPDB,1,Route+Agrochemical,263,624,c1ccc(Oc2ccccn2)cc1,0,-3.035140499731865
PPDB,1,Route+Agrochemical,264,625,O=C1CCc2cccc3c2N1CC3,0,-2.289786132703046
PPDB,1,Route+Agrochemical,265,628,O=C(Nc1ncncn1)NS(=O)(=O)c1ccccc1,0,-3.210572421505681
PPDB,1,Route+Agrochemical,266,629,c1ccc(CCn2cncn2)cc1,0,-0.44035159533364676
PPDB,1,Route+Agrochemical,267,632,ACYCLIC:CCOP(=O)=O.CCOP(=O)=O.CCOP(=O)=O.[Al+3],0,-2.4652180544768623
PPDB,1,Route+Agrochemical,268,633,c1ccccc1,0,-2.4652180544768623
PPDB,1,Route+Agrochemical,269,634,O=C(Nc1ccccc1)c1ccccc1,0,-2.289786132703046
PPDB,1,Route+Agrochemical,270,635,c1ccc(COC2CC3CCC2O3)cc1,0,-3.210572421505681
PPDB,1,Route+Agrochemical,271,637,C(=Cn1cncn1)c1ccccc1,0,-0.6157835171074629
PPDB,1,Route+Agrochemical,272,639,O=C(Nc1ccno1)c1ccccc1,0,-3.210572421505681
PPDB,1,Route+Agrochemical,273,640,ACYCLIC:[K+].[K+].[O-]P([O-])O,0,-0.44035159533364676
PPDB,1,Route+Agrochemical,274,641,c1ccccc1,1,1.7248915256984678
PPDB,1,Route+Agrochemical,275,642,O=C(NC(=O)c1ccccc1)Nc1ccc(Oc2ccccc2)cc1,0,1.7248915256984678
PPDB,1,Route+Agrochemical,276,643,c1ccc2c(c1)CCO2,1,1.7248915256984678
PPDB,1,Route+Agrochemical,277,644,c1ccc(Oc2ccccc2)cc1,0,1.7248915256984678
PPDB,1,Route+Agrochemical,278,646,O=C1CN=C(c2ccccn2)N1,0,-3.035140499731865
PPDB,1,Route+Agrochemical,279,647,c1ccc(CCCCn2cncn2)cc1,0,-2.289786132703046
PPDB,1,Route+Agrochemical,280,648,c1ccc(Oc2ccccc2)cc1,0,-3.210572421505681
PPDB,1,Route+Agrochemical,281,649,c1ccc(Oc2nc3ccccc3o2)cc1,0,-3.210572421505681
PPDB,1,Route+Agrochemical,282,651,c1ccccc1,0,-0.6157835171074629
PPDB,1,Route+Agrochemical,283,652,c1ccc([SiH](Cn2cncn2)c2ccccc2)cc1,0,-2.289786132703046
PPDB,1,Route+Agrochemical,284,653,ACYCLIC:CCNS(=O)(=O)C(F)(F)C(F)(F)C(F)(F)C(F)(F)C(F)(F)C(F)(F)C(F)(F)C(F)(F)F,0,1.69935112486103
PPDB,1,Route+Agrochemical,285,655,O=C1C(c2ccccc2)=COC1c1ccccc1,0,-3.210572421505681
PPDB,1,Route+Agrochemical,286,656,O=C(Nc1ncccn1)NS(=O)(=O)c1ccn[nH]1,0,-0.6157835171074629
PPDB,1,Route+Agrochemical,287,657,O=C(Nc1ccccc1)c1cccnc1Oc1ccccc1,0,-3.210572421505681
PPDB,1,Route+Agrochemical,288,659,c1ccc2ncccc2c1,0,-3.210572421505681
PPDB,1,Route+Agrochemical,289,661,O=C1CN=C(c2ccccc2)N1,0,-3.210572421505681
PPDB,1,Route+Agrochemical,290,662,c1ccc(-n2cccn2)cc1,1,1.7248915256984678
PPDB,1,Route+Agrochemical,291,663,O=C(NCc1ccco1)n1ccnc1,0,-0.6157835171074629
PPDB,1,Route+Agrochemical,292,664,O=C(Nc1ncncn1)NS(=O)(=O)c1ccsc1,0,-3.035140499731865
PPDB,1,Route+Agrochemical,293,665,O=C(Nc1ncccn1)NS(=O)(=O)Cc1ccccc1,0,-3.035140499731865
PPDB,1,Route+Agrochemical,294,666,O=C(Nc1ccccc1)c1ccccc1,0,-2.4652180544768623
PPDB,1,Route+Agrochemical,295,667,c1ccc(Oc2cccc(CCC[SiH2]c3ccccc3)c2)cc1,1,-0.44035159533364676
PPDB,1,Route+Agrochemical,296,669,O=C(Nc1ncccn1)NS(=O)(=O)Cc1ccccc1,0,-3.035140499731865
PPDB,1,Route+Agrochemical,297,670,O=c1ccc(-c2ccccc2)n[nH]1,0,-2.4652180544768623
PPDB,1,Route+Agrochemical,298,672,c1ccc(CNc2ccncn2)cc1,0,-0.44035159533364676
PPDB,1,Route+Agrochemical,299,673,c1ccccc1,0,-3.210572421505681
PPDB,1,Route+Agrochemical,300,674,O=C1CN=C(c2ccccc2)N1.O=C1CN=C(c2ccccc2)N1,0,-3.035140499731865
PPDB,1,Route+Agrochemical,301,675,O=C(NNC(=O)c1ccccc1)c1ccccc1,0,1.7248915256984678
PPDB,1,Route+Agrochemical,302,676,O=C1CN=C(c2ccccn2)N1,0,-3.035140499731865
PPDB,1,Route+Agrochemical,303,678,O=c1[nH]cnn1C=NS(=O)(=O)c1ccccc1,0,-3.210572421505681
PPDB,1,Route+Agrochemical,304,679,O=C(NNC(=O)c1ccccc1)c1ccccc1,0,1.7248915256984678
PPDB,1,Route+Agrochemical,305,680,c1ccc(CCn2cncn2)cc1,0,-2.4652180544768623
PPDB,1,Route+Agrochemical,306,682,c1ccc(CCOCc2cccc(Oc3ccccc3)c2)cc1,1,1.7248915256984678
PPDB,1,Route+Agrochemical,307,685,c1ccncc1,0,-3.035140499731865
PPDB,1,Route+Agrochemical,308,687,O=C(Nc1ccccc1)c1ccnn1-c1ccccn1,0,1.7248915256984678
PPDB,1,Route+Agrochemical,309,688,O=C(NCc1ccccc1)c1ccn[nH]1,0,-0.6157835171074629
PPDB,1,Route+Agrochemical,310,689,C(=C1CCCC1Cn1cncn1)c1ccccc1,0,-2.289786132703046
PPDB,1,Route+Agrochemical,311,691,O=S(=O)(c1nc[nH]n1)n1ccc2ccccc21,0,-2.4652180544768623
PPDB,1,Route+Agrochemical,312,692,c1ccccc1,0,-3.2361128223431193
PPDB,1,Route+Agrochemical,313,694,C=C1C(=O)CCCC1=O,0,-3.210572421505681
PPDB,1,Route+Agrochemical,314,696,O=C1CCCC(=O)C1,0,-0.6157835171074629
PPDB,1,Route+Agrochemical,315,697,c1ccccc1,0,-3.2361128223431193
PPDB,1,Route+Agrochemical,316,698,O=C(Nc1ncccn1)NS(=O)(=O)c1ccccc1,0,-3.210572421505681
PPDB,1,Route+Agrochemical,317,702,c1ccc(Oc2cnc3ccccc3n2)cc1,0,-3.035140499731865
PPDB,1,Route+Agrochemical,318,704,O=C(NC(=O)c1ccccc1)Nc1ccc(CON=C(c2ccccc2)C2CC2)cc1,0,1.7248915256984678
PPDB,1,Route+Agrochemical,319,705,O=C(Nc1ccccc1)c1ccccc1,0,-3.2361128223431193
PPDB,1,Route+Agrochemical,320,706,O=C(Nc1ncncn1)NS(=O)(=O)c1ccccc1,0,-3.035140499731865
PPDB,1,Route+Agrochemical,321,708,ACYCLIC:O=S(=O)([O-])[O-].O=S(=O)([O-])[O-].[Al+3].[NH4+],0,-0.6157835171074629
PPDB,1,Route+Agrochemical,322,709,c1ccccc1,0,-0.6413239179449008
PPDB,1,Route+Agrochemical,323,712,c1ccc(Nc2ccccn2)cc1,0,-2.289786132703046
PPDB,1,Route+Agrochemical,324,713,C1=NCCN1Cc1cccnc1,1,1.9003234474722843
PPDB,1,Route+Agrochemical,325,716,O=C(COc1ccc(Oc2cnc3ccccc3n2)cc1)OCC1CCCO1,0,-3.210572421505681
PPDB,1,Route+Agrochemical,326,718,c1ccc(Oc2ccccc2)cc1,0,-3.210572421505681
PPDB,1,Route+Agrochemical,327,719,O=C(Nc1ncncn1)NS(=O)(=O)c1ccsc1,0,-3.035140499731865
PPDB,1,Route+Agrochemical,328,720,O=S(=O)(Nc1ccccc1)c1nc2ccncn2n1,0,-3.210572421505681
PPDB,1,Route+Agrochemical,329,721,O=C(Nc1ncccn1)NS(=O)(=O)c1ccccn1,0,-3.035140499731865
PPDB,1,Route+Agrochemical,330,722,O=C(Oc1ccccc1)n1cnc2ccccc21,0,-3.210572421505681
PPDB,1,Route+Agrochemical,331,723,c1ccc(Oc2ccccn2)cc1,0,-3.210572421505681
PPDB,1,Route+Agrochemical,332,725,c1nc[nH]n1,0,1.7248915256984678
PPDB,1,Route+Agrochemical,333,727,O=C1CN=C(c2ccccn2)N1,0,-3.210572421505681
PPDB,1,Route+Agrochemical,334,728,c1ccc(-c2cc[nH]c2)cc1,0,-2.289786132703046
PPDB,1,Route+Agrochemical,335,732,O=C1CCCC(=O)C1C(=O)c1ccccc1,0,-3.035140499731865
PPDB,1,Route+Agrochemical,336,735,c1ccccc1,0,-3.210572421505681
PPDB,1,Route+Agrochemical,337,738,c1ccc(-n2cncn2)cc1,0,-3.210572421505681
PPDB,1,Route+Agrochemical,338,740,ACYCLIC:CC(=O)O.CC(=O)O.CC(=O)O.NC(N)=NCCCCCCCCNCCCCCCCCN=C(N)N,0,-2.4652180544768623
PPDB,1,Route+Agrochemical,339,741,C(=NOCc1ccccc1)c1cn[nH]c1Oc1ccccc1,0,1.7248915256984678
PPDB,1,Route+Agrochemical,340,742,O=C(Nc1ncncn1)NS(=O)(=O)c1ccccc1,0,-3.210572421505681
PPDB,1,Route+Agrochemical,341,743,O=c1[nH]cnn1-c1ccccc1,0,-3.210572421505681
PPDB,1,Route+Agrochemical,342,744,c1ccccc1,0,-3.210572421505681
PPDB,1,Route+Agrochemical,343,745,c1cnc(C2CC2)nc1,0,-3.210572421505681
PPDB,1,Route+Agrochemical,344,746,O=c1ccn(-c2ccccc2)nc1,0,-0.44035159533364676
PPDB,1,Route+Agrochemical,345,749,c1ccc2c(c1)NCCO2,0,-3.035140499731865
PPDB,1,Route+Agrochemical,346,750,c1ccccc1,0,-3.035140499731865
PPDB,1,Route+Agrochemical,347,753,c1ccc(N=c2[nH]ccs2)cc1,0,-0.6413239179449008
PPDB,1,Route+Agrochemical,348,754,ACYCLIC:CCOP(=O)(SC(C)CC)SC(C)CC,0,1.7248915256984678
PPDB,1,Route+Agrochemical,349,757,O=c1c2ccccc2nc(-n2cncn2)n1-c1ccccc1,0,-2.4652180544768623
PPDB,1,Route+Agrochemical,350,758,O=C(Nc1ncncn1)NS(=O)(=O)c1ccccc1,0,-3.210572421505681
PPDB,1,Route+Agrochemical,351,759,c1cncnc1,0,-3.210572421505681
PPDB,1,Route+Agrochemical,352,760,O=C(Nc1ncncn1)NS(=O)(=O)c1ccccc1,0,-3.210572421505681
PPDB,1,Route+Agrochemical,353,762,O=C(Nc1ncncn1)NS(=O)(=O)c1ccccc1,0,-3.210572421505681
PPDB,1,Route+Agrochemical,354,763,O=S(=O)(Nc1ccccc1)c1nc2ncccn2n1,0,-3.210572421505681
PPDB,1,Route+Agrochemical,355,765,c1ccc2ncccc2c1,0,-3.210572421505681
PPDB,1,Route+Agrochemical,356,766,c1coc(C2CNCO2)c1,0,-3.210572421505681
PPDB,1,Route+Agrochemical,357,769,c1ccc(Oc2ccccn2)cc1,0,-3.210572421505681
PPDB,1,Route+Agrochemical,358,771,O=S(=O)(Nc1ccccc1)c1ccccc1,0,-2.289786132703046
PPDB,1,Route+Agrochemical,359,773,c1ccc(C2(Cn3cncn3)CCCO2)cc1,0,-2.289786132703046
PPDB,1,Route+Agrochemical,360,774,c1ccc(Nc2ncccn2)cc1,0,-2.289786132703046
PPDB,1,Route+Agrochemical,361,775,c1ccccc1,0,-3.035140499731865
PPDB,1,Route+Agrochemical,362,777,c1ccccc1,1,1.7248915256984678
PPDB,1,Route+Agrochemical,363,778,O=C(C=C(c1ccccc1)c1ccccc1)N1CCOCC1,0,-0.6157835171074629
PPDB,1,Route+Agrochemical,364,779,c1ccc(Oc2nc3ccccc3o2)cc1,0,-0.6157835171074629
PPDB,1,Route+Agrochemical,365,780,c1ccc(Oc2ccc(OCC3COCO3)cc2)cc1,0,-0.6157835171074629
PPDB,1,Route+Agrochemical,366,783,O=c1ocnn1-c1ccccc1,0,-3.210572421505681
PPDB,1,Route+Agrochemical,367,784,c1ccc(OCCNc2ccncn2)cc1,1,1.9003234474722843
PPDB,1,Route+Agrochemical,368,785,c1ccc(C2OC2(Cn2cncn2)c2ccccc2)cc1,0,-2.289786132703046
PPDB,1,Route+Agrochemical,369,786,c1ccc(Nc2nccc(C3CC3)n2)cc1,0,-2.4652180544768623
PPDB,1,Route+Agrochemical,370,789,c1cncnc1,1,1.69935112486103
PPDB,1,Route+Agrochemical,371,790,c1ccncc1,0,1.7248915256984678
PPDB,1,Route+Agrochemical,372,795,O=C(c1ccccc1)c1cnoc1C1CC1,0,-3.210572421505681
PPDB,1,Route+Agrochemical,373,796,O=C1C2=C(CCCC2)C(=O)N1c1ccccc1,0,-3.210572421505681
PPDB,1,Route+Agrochemical,374,798,c1ccc(-c2ncnn2-c2ccccc2)cc1,0,-3.210572421505681
PPDB,1,Route+Agrochemical,375,802,O=C(Nc1ncccn1)NS(=O)(=O)c1ccccc1,0,-3.210572421505681
PPDB,1,Route+Agrochemical,376,803,O=C(Nc1ncccn1)NS(=O)(=O)c1ccccn1,0,-3.210572421505681
PPDB,1,Route+Agrochemical,377,806,c1ccc2scnc2c1,0,-2.4652180544768623
PPDB,1,Route+Agrochemical,378,807,O=c1sc(=Nc2ccccc2)n2n1CCCC2,0,-0.6157835171074629
PPDB,1,Route+Agrochemical,379,808,O=c1n(-c2ccccc2)nc2n1CCCC2,0,-3.035140499731865
PPDB,1,Route+Agrochemical,380,809,O=C(Nc1ccccc1)C1CCCCC1,0,-2.289786132703046
PPDB,1,Route+Agrochemical,381,810,ACYCLIC:C[S+](C)C.O=C(O)CNCP(=O)([O-])O,0,-3.210572421505681
PPDB,1,Route+Agrochemical,382,811,O=C1C2=C(CCCC2)C(=O)N1c1ccccc1,0,-3.210572421505681
PPDB,1,Route+Agrochemical,383,812,C=C1C(=O)CCCC1=O,0,-0.6157835171074629
PPDB,1,Route+Agrochemical,384,814,O=C(OCc1cccc(Oc2ccccc2)c1)C1CC1,1,1.9003234474722843
PPDB,1,Route+Agrochemical,385,815,C=C1OC(=O)N(c2cccc(OC3CCCC3)c2)C1=O,0,-3.210572421505681
PPDB,1,Route+Agrochemical,386,816,O=c1[nH]cnn1C=NS(=O)(=O)c1ccccc1,0,-3.2361128223431193
PPDB,1,Route+Agrochemical,387,820,O=C(Nc1ncccn1)NS(=O)(=O)c1ccccc1,0,-3.210572421505681
PPDB,1,Route+Agrochemical,388,822,c1ccc(-c2nnc(-c3ccccc3)nn2)cc1,0,-0.6157835171074629
PPDB,1,Route+Agrochemical,389,823,O=C1CCCC(=O)C1C(=O)c1ccccc1,0,-3.035140499731865
PPDB,1,Route+Agrochemical,390,824,c1ccc(Oc2ccccc2)cc1,0,-0.6157835171074629
PPDB,1,Route+Agrochemical,391,825,O=C(Nc1ncccn1)NS(=O)(=O)c1ccccc1,0,-3.210572421505681
PPDB,1,Route+Agrochemical,392,827,C1CCOC1,1,1.7248915256984678
PPDB,1,Route+Agrochemical,393,829,c1ccc(OCCCOc2ccccn2)cc1,0,1.7248915256984678
PPDB,1,Route+Agrochemical,394,832,O=C1OCc2ccccc21,0,-2.4652180544768623
PPDB,1,Route+Agrochemical,395,834,c1ccccc1,0,1.7248915256984678
PPDB,1,Route+Agrochemical,396,835,O=C(CNc1ccccc1)OCc1cccc(Oc2ccccc2)c1,0,1.7248915256984678
PPDB,1,Route+Agrochemical,397,836,O=C(NNC(=O)c1ccc2c(c1)CCCO2)c1ccccc1,0,1.7248915256984678
PPDB,1,Route+Agrochemical,398,837,c1ccccc1,0,-3.210572421505681
PPDB,1,Route+Agrochemical,399,840,c1ccsc1,0,-3.035140499731865
PPDB,1,Route+Agrochemical,400,841,O=C(Nc1ccccc1)c1cccc(Oc2ccccc2)n1,0,-3.210572421505681
PPDB,1,Route+Agrochemical,401,842,O=S(=O)(c1ccccc1)c1nc[nH]n1,0,-3.035140499731865
PPDB,1,Route+Agrochemical,402,843,O=C1OCc2cccc(Sc3ncccn3)c21,0,-3.210572421505681
PPDB,1,Route+Agrochemical,403,844,O=C(ON=C(c1ccccc1)c1ccccc1)c1c(Oc2ncccn2)cccc1Oc1ncccn1,0,-3.2361128223431193
PPDB,1,Route+Agrochemical,404,845,c1cscn1,1,1.9003234474722843
PPDB,1,Route+Agrochemical,405,846,O=C(NS(=O)(=O)c1ccccc1)n1nc[nH]c1=O,0,-3.210572421505681
PPDB,1,Route+Agrochemical,406,848,ACYCLIC:O=C(O)CNCP(=O)([O-])O.[Na+],0,-3.210572421505681
PPDB,1,Route+Agrochemical,407,850,c1ccc(Oc2ccccc2)cc1,0,-3.035140499731865
PPDB,1,Route+Agrochemical,408,852,O=C(NC1CCCCC1)n1nnn(-c2ccccc2)c1=O,0,-3.210572421505681
PPDB,1,Route+Agrochemical,409,853,c1ccc(Oc2ncccn2)cc1,0,-3.210572421505681
PPDB,1,Route+Agrochemical,410,854,O=C(Nc1ncccn1)NS(=O)(=O)c1ccn[nH]1,0,-0.6157835171074629
PPDB,1,Route+Agrochemical,411,855,O=C(Nc1ncccn1)NS(=O)(=O)Oc1ccccc1,0,-3.210572421505681
PPDB,1,Route+Agrochemical,412,858,c1ccccc1,0,-3.035140499731865
PPDB,1,Route+Agrochemical,413,859,O=C(NS(=O)(=O)c1ccccc1)n1nc[nH]c1=O,0,-3.2361128223431193
PPDB,1,Route+Agrochemical,414,860,c1ccc2scnc2c1,0,-5.882081698218866
PPDB,1,Route+Agrochemical,415,862,O=C1c2ccccc2C(=O)C1CC1(c2ccccc2)CO1,0,-0.6157835171074629
PPDB,1,Route+Agrochemical,416,864,O=C([N-]S(=O)(=O)c1ccccc1)Nc1ncncn1,0,-3.035140499731865
PPDB,1,Route+Agrochemical,417,865,O=C(COc1ccccc1)NCc1ccccc1,0,-3.210572421505681
PPDB,1,Route+Agrochemical,418,866,O=C(Nc1ncccn1)NS(=O)(=O)c1[nH]ncc1-c1nn[nH]n1,0,-3.210572421505681
PPDB,1,Route+Agrochemical,419,867,c1ccc(NCc2cccs2)cc1,0,-0.6413239179449008
PPDB,1,Route+Agrochemical,420,868,c1ccccc1,0,-3.035140499731865
PPDB,1,Route+Agrochemical,421,869,O=C(Nc1ncccn1)NS(=O)(=O)c1ccccc1,0,-3.035140499731865
PPDB,1,Route+Agrochemical,422,872,C=C1C(=O)CC(C2CCOCC2)CC1=O,0,-3.035140499731865
PPDB,1,Route+Agrochemical,423,873,C1=NN(c2ccccc2)CC1,0,-3.210572421505681
PPDB,1,Route+Agrochemical,424,875,O=C(Nc1ncccn1)NS(=O)(=O)c1ccccc1C(=O)OC1COC1,0,-3.035140499731865
PPDB,1,Route+Agrochemical,425,877,O=C(Nc1ccccc1)c1cncs1,0,-2.289786132703046
PPDB,1,Route+Agrochemical,426,878,c1ccccc1,0,-2.289786132703046
PPDB,1,Route+Agrochemical,427,879,O=C(NC(=O)c1ccccc1)Nc1ccccc1,0,1.7248915256984678
PPDB,1,Route+Agrochemical,428,880,c1ccccc1,1,-2.4652180544768623
PPDB,1,Route+Agrochemical,429,881,C=C1C(=O)CC(C2CCCSC2)CC1=O,0,-3.210572421505681
PPDB,1,Route+Agrochemical,430,882,O=C(NC(=O)c1ccccc1)Nc1ccccc1,0,1.7248915256984678
PPDB,1,Route+Agrochemical,431,884,C1=CCC(CCCC2CC=CCC2)CC1,0,-3.2361128223431193
PPDB,1,Route+Agrochemical,432,885,O=c1cc[nH]cn1,0,-2.4907584553143005
PPDB,1,Route+Agrochemical,433,886,c1ccncc1,0,-3.035140499731865
PPDB,1,Route+Agrochemical,434,887,O=C(OCc1cccc(Oc2ccccc2)c1)C1CC1,1,1.7248915256984678
PPDB,1,Route+Agrochemical,435,889,C=C1C(=O)CCCC1=O,0,-3.210572421505681
PPDB,1,Route+Agrochemical,436,890,O=C1CC(C2CCCSC2)CC(=O)C1=CNOCCOc1ccccc1,0,-3.210572421505681
PPDB,1,Route+Agrochemical,437,891,ACYCLIC:[Al+3].[Al+3].[O-][Si]([O-])([O-])O[Si]([O-])([O-])[O-],0,-0.6157835171074629
PPDB,1,Route+Agrochemical,438,892,c1ccncc1,0,-3.035140499731865
PPDB,1,Route+Agrochemical,439,893,c1ccccc1,0,-3.210572421505681
PPDB,1,Route+Agrochemical,440,894,C1CC[NH2+]CC1,0,-0.6157835171074629
PPDB,1,Route+Agrochemical,441,895,O=C(NCCOc1ccccc1)n1ccnc1.O=C(NCCOc1ccccc1)n1ccnc1,0,-0.44035159533364676
PPDB,1,Route+Agrochemical,442,896,O=c1cc[nH]cn1,0,-2.289786132703046
PPDB,1,Route+Agrochemical,443,897,N=C(Cc1cccnc1)c1ccccc1,0,-2.289786132703046
PPDB,1,Route+Agrochemical,444,899,c1ccccc1,0,-3.035140499731865
PPDB,1,Route+Agrochemical,445,900,C=C1C(=O)CCCC1=O,0,-3.210572421505681
PPDB,1,Route+Agrochemical,446,904,ACYCLIC:C[As](=O)([O-])[O-].C[As](=O)([O-])[O-].[Ca+2],0,-3.210572421505681
PPDB,1,Route+Agrochemical,447,905,O=C(Nc1ncccn1)NS(=O)(=O)c1ccccn1,0,-3.210572421505681
PPDB,1,Route+Agrochemical,448,908,C=C1C(=O)CC(c2ccccc2)CC1=O,0,-3.210572421505681
PPDB,1,Route+Agrochemical,449,911,O=c1[nH]nnn1-c1ccccc1COc1ccn(-c2ccccc2)n1,0,-2.4652180544768623
PPDB,1,Route+Agrochemical,450,913,c1ccc(CSC(Cn2cncn2)=Nc2ccccc2)cc1,0,-2.289786132703046
PPDB,1,Route+Agrochemical,451,914,O=C(Cc1ccccc1)N=C(NOCC1CC1)c1ccccc1,0,-2.4652180544768623
PPDB,1,Route+Agrochemical,452,915,c1ccc(COc2ccncn2)cc1,0,-0.6157835171074629
PPDB,1,Route+Agrochemical,453,917,c1ccccc1,0,-0.6157835171074629
PPDB,1,Route+Agrochemical,454,918,c1ccc(COc2ccccc2)cc1,0,-2.289786132703046
PPDB,1,Route+Agrochemical,455,920,c1nncs1,0,-3.2361128223431193
PPDB,1,Route+Agrochemical,456,921,O=c1cnn(-c2ccccc2)c2ccccc12,0,-0.6157835171074629
PPDB,1,Route+Agrochemical,457,922,c1ccc(Oc2ccccn2)cc1,0,-3.035140499731865
PPDB,1,Route+Agrochemical,458,924,O=C(Nc1ncncn1)NS(=O)(=O)c1ccccc1,0,-3.210572421505681
PPDB,1,Route+Agrochemical,459,925,ACYCLIC:ClOCl.[Cu+2],0,-2.289786132703046
PPDB,1,Route+Agrochemical,460,926,C(=Cc1ccn[nH]1)c1ccccc1,0,1.7248915256984678
PPDB,1,Route+Agrochemical,461,929,O=C(COc1ccc(Oc2nc3ccccc3o2)cc1)Nc1ccccc1,0,-3.035140499731865
PPDB,1,Route+Agrochemical,462,932,O=C([N-]c1ncccn1)NS(=O)(=O)c1ccccn1,0,-3.210572421505681
PPDB,1,Route+Agrochemical,463,935,O=c1[nH]cnc2ccccc12,0,-2.289786132703046
PPDB,1,Route+Agrochemical,464,938,c1ccccc1,0,-3.210572421505681
PPDB,1,Route+Agrochemical,465,939,c1ccccc1,0,-3.210572421505681
PPDB,1,Route+Agrochemical,466,941,ACYCLIC:[K+].[O-]P(O)O,0,-0.44035159533364676
PPDB,1,Route+Agrochemical,467,945,c1ccccc1,0,-2.4907584553143005
PPDB,1,Route+Agrochemical,468,947,c1ccccc1,0,-0.6413239179449008
PPDB,1,Route+Agrochemical,469,948,ACYCLIC:S=C([S-])S[S-].[Na+].[Na+],0,-0.6157835171074629
PPDB,1,Route+Agrochemical,470,949,ACYCLIC:O=C(O)CNCP(=O)([O-])O.[K+],0,-3.210572421505681
PPDB,1,Route+Agrochemical,471,954,c1ccccc1,0,-2.4652180544768623
PPDB,1,Route+Agrochemical,472,958,O=C(Nc1cccc2c1C1CCC2C1)c1cn[nH]c1,0,-2.289786132703046
PPDB,1,Route+Agrochemical,473,963,C1CCCCC1,0,-2.4652180544768623
PPDB,1,Route+Agrochemical,474,965,O=C1COc2ccc(-n3c(=O)[nH]c(=S)[nH]c3=O)cc2N1,0,-3.210572421505681
PPDB,1,Route+Agrochemical,475,967,c1ccc(CCOCc2cccc(Oc3ccccc3)c2)cc1,1,1.69935112486103
PPDB,1,Route+Agrochemical,476,969,c1ccncc1,0,1.7248915256984678
PPDB,1,Route+Agrochemical,477,971,O=C(Nc1ccccc1-c1ccccc1)c1cn[nH]c1,0,-0.6157835171074629
PPDB,1,Route+Agrochemical,478,972,O=C(Cc1ccccc1)c1ccccc1,0,1.7248915256984678
PPDB,1,Route+Agrochemical,479,974,ACYCLIC:O=C(O)CNCP(=O)([O-])O.O=C(O)CNCP(=O)([O-])[O-].[Na+].[Na+].[Na+],0,-3.210572421505681
PPDB,1,Route+Agrochemical,480,975,O=C(NCCOc1ccccc1)n1ccnc1.O=C(NCCOc1ccccc1)n1ccnc1.O=C(NCCOc1ccccc1)n1ccnc1.O=C(NCCOc1ccccc1)n1ccnc1,0,-0.44035159533364676
PPDB,1,Route+Agrochemical,481,978,ACYCLIC:O.O.O.O.O.OB(O)O.[Na+],0,-0.6157835171074629
PPDB,1,Route+Agrochemical,482,980,O=C(Nc1ccccc1)c1ccc(C(=O)c2ccccc2)cc1,0,-2.4652180544768623
PPDB,1,Route+Agrochemical,483,982,O=C1C=CCCC1,0,-3.210572421505681
PPDB,1,Route+Agrochemical,484,984,O1[AsH]O[AsH]O[AsH]1.O1[AsH]O[AsH]O[AsH]1,0,1.69935112486103
PPDB,1,Route+Agrochemical,485,988,O=C(Nc1ncncn1)NS(=O)(=O)c1ccccc1,0,-3.035140499731865
PPDB,1,Route+Agrochemical,486,990,c1ccncc1,0,-3.035140499731865
PPDB,1,Route+Agrochemical,487,993,C=C1C(=O)CC(c2ccccc2)CC1=O,0,-3.210572421505681
PPDB,1,Route+Agrochemical,488,994,O=C(Cc1ccccc1)OCc1cccc(Oc2ccccc2)c1,1,-0.6157835171074629
PPDB,1,Route+Agrochemical,489,996,c1cnc2ncnn2c1,0,-2.4652180544768623
PPDB,1,Route+Agrochemical,490,999,O=c1c(-c2ccccc2)cn(Cc2cncnc2)c2cccc[n+]12,1,1.7248915256984678
PPDB,1,Route+Agrochemical,491,1001,O=C(Nc1cccc(C(=O)Nc2ccccc2)c1)c1ccccc1,1,1.7248915256984678
PPDB,1,Route+Agrochemical,492,1003,O=C(Nc1ccccc1)c1cn[nH]c1,0,-2.4652180544768623
PPDB,1,Route+Agrochemical,493,1004,O=C(NCC1CC1)c1ccccc1NC(=O)c1ccnn1-c1ccccn1,1,1.9003234474722843
PPDB,1,Route+Agrochemical,494,1005,c1ccccc1,0,-0.6157835171074629
PPDB,1,Route+Agrochemical,495,1007,O=C(NS(=O)(=O)c1ccccc1)c1cn2ccccc2n1,0,-0.44035159533364676
PPDB,1,Route+Agrochemical,496,1008,O=C(NS(=O)(=O)c1ccsc1)n1nc[nH]c1=O,0,-3.035140499731865
PPDB,1,Route+Agrochemical,497,1011,O=C(c1ccccc1)c1ncncn1,0,-3.035140499731865
PPDB,1,Route+Agrochemical,498,1012,O=C(OCc1ccccc1)C1CC1,1,1.7248915256984678
PPDB,1,Route+Agrochemical,499,1014,O=C(NS(=O)(=O)c1ccsc1)n1nc[nH]c1=O,0,-3.035140499731865
PPDB,1,Route+Agrochemical,500,1017,ACYCLIC:[O-]B([O-])[O-].[O-]B([O-])[O-].[Zn+2].[Zn+2].[Zn+2],0,-2.4652180544768623
PPDB,1,Route+Agrochemical,501,1020,O=C(NC1COC(=O)C(Cc2ccccc2)CCOC1=O)c1ccccn1,0,-2.4652180544768623
PPDB,1,Route+Agrochemical,502,1021,N=c1ccccn1Cc1cccnc1,0,-3.035140499731865
PPDB,1,Route+Agrochemical,503,1023,ACYCLIC:O=C(O)CNCP(=O)([O-])[O-].[NH4+].[NH4+],0,-3.210572421505681
PPDB,1,Route+Agrochemical,504,1024,O=C(c1cn[nH]c1)N(Cc1ccccc1)C1CC1,0,-2.4652180544768623
PPDB,1,Route+Agrochemical,505,1025,C(=Nc1cccc2c1CCC2)c1cn[nH]c1,0,-0.44035159533364676
PPDB,1,Route+Agrochemical,506,1027,c1ccc(-c2ccccn2)cc1,0,-3.210572421505681
PPDB,1,Route+Agrochemical,507,1031,ACYCLIC:CNC.O=C(O)CNCP(=O)(O)O,0,-3.210572421505681
PPDB,1,Route+Agrochemical,508,1032,ACYCLIC:N.O=C(O)CNCP(=O)(O)O,0,-3.210572421505681
PPDB,1,Route+Agrochemical,509,1033,O=C1CCON1Cc1ccccc1,0,-3.210572421505681
