Index,CAS,name,Tier,route,inchikey,n_records,median_operator_ignored,qualifier_median_interval,all_adult48,all_adult48ai,all_point,contains_exactly_gt100,contains_other_right_limit,source_data_rows_0based,source_row_sha256,ecotox_reference_numbers,source_values,stages,durations,material_dose_bases,benchmark_y_1,median_ignored_y_1,median_aware_y_1,unanimous_aware_y_1,benchmark_y_11,median_ignored_y_11,median_aware_y_11,unanimous_aware_y_11,benchmark_y_100,median_ignored_y_100,median_aware_y_100,unanimous_aware_y_100
0,144-62-7,Ethanedioic acid,0,Contact,MUBZPKHOEPUJKR-UHFFFAOYSA-N,3,372.01,"[372.01, 372.01]",False,False,True,False,False,548|551|552,a56ab2cb8d46f6d1aa910a6046b4547ff9064a1a700bd298af122f739ff197d0|80cec60d1a6cc723f693ed6f5015cf1483e90cd35c439805359ac9db93f6a75a|1421e23860cbb3d5995917de7a5a4eb57a93479ae12a3a016df323ee72045a80,88041,194.89 ug/org; 1575.85 ug/org; 372.01 ug/org,Adult,1 Day(s)|2 Day(s)|3 Day(s),Active ingredient,0,0,0,0,0,0,0,0,0,0,0,0
2,61790-53-2,Kieselguhr,0,Contact,VYPSYNLAJGMNEJ-UHFFFAOYSA-N,1,241.72,"(241.72, inf)",True,False,False,False,True,1578,661bb95478f8881ba4219406937f3fd88d269746e9651ce6926f49c0277d7fef,184644,>241.72 ug/bee,Adult,2 Day(s),Formulation,0,0,0,0,0,0,0,0,0,0,0,0
3,65-85-0,Benzoic acid,1,Contact,WPYMKLBDIGXBTP-UHFFFAOYSA-N,1,12.5,"(12.5, inf)",True,True,False,False,True,281,138f270cd034dc109360707099c2bebef6cae2fe614d10c4b209cf52b87ae87b,184644,>12.5 AI ug/org,Adult,2 Day(s),Active ingredient,0,0,0,0,0,0,0,0,1,1,-1,-1
5,732-11-6,"S-[(1,3-Dihydro-1,3-dioxo-2H-isoindol-2-yl)methyl]O,O-dimethyl ester, Phosphorodithioic acid",2,Contact,LMNZTLDVJIUSHT-UHFFFAOYSA-N,2,1.482,"[1.482, 1.482]",True,False,True,False,False,704|705,b2727c7a7767e3cf816b251529854a87b20b340804aa5823d3822822275d03b5|8a750ad258225e05ee0a1821ff47acf625ce6144366e3b9c217e87787bac99c8,168903|184644,1.9 ug/org; 1.064 ug/bee,Adult,2 Day(s),Formulation,0,0,0,0,1,1,1,1,1,1,1,1
6,106-24-1,"(2E)-3,7-Dimethyl-2,6-octadien-1-ol",1,Oral,GLZPCOQZEFWAFX-UHFFFAOYSA-N,1,43.0,"[43, 43]",False,False,True,False,False,379,11ec4cd8c4619b60e443ca247b8e38ea522d93ec9ba3271fa9f96401f6e50fdf,184478,43 ug/org,Not reported,1 Day(s),Active ingredient,0,0,0,0,0,0,0,0,1,1,1,1
13,10028-22-5,"Sulfuric acid, Iron(3+) salt (3:2)",1,Contact,RUTXIHLAWFEWGM-UHFFFAOYSA-H,1,100.0,"(100, inf)",False,False,False,True,False,1132,7866df81dbceace7b05ad00d62b57198f0298db432bfe23c9ca81071e3e75d36,184644,>100 AI ug/org,Adult,4 Day(s),Formulation,0,0,0,0,0,0,0,0,1,1,0,0
15,58-89-9,"(1alpha,2alpha,3beta,4alpha,5alpha,6beta)-1,2,3,4,5,6-Hexachlorocyclohexane",3,Contact,JLYXXMFPNIAWKQ-UHFFFAOYSA-N,4,0.33,"[0.33, 0.33]",False,False,True,False,False,119|120|123|126,92464775beb2fd2e3736dce5fab81ec62daaa17ae35bd78c410a5d424f43d66c|fe154e7034e34765572a8d09ca69cf3e3841ddc4bcd0ef938c93ea78bccdb834|3e9e97bd21e6b0d18f2e371a03265a49977da0176c87b69fdf6a542087eca35d|d18b72322cde34d016adff6108e2ee1df4977b318d79427adf4dc060c847f3b5,184644|191065|35461,0.20 ug/bee; 0.46 ug/bee; 0.035 ug/org; 0.562 ug/bee,Adult|Not reported,1 Day(s)|2 Day(s)|>=1 Day(s),Active ingredient|Formulation,1,1,1,1,1,1,1,1,1,1,1,1
19,62-73-7,"Phosphoric acid 2,2-dichloroethenyl dimethyl ester",3,Contact,OEBRKCOSUFCWJD-UHFFFAOYSA-N,1,0.495,"[0.495, 0.495]",True,False,True,False,False,220,7c480b695f2f34d59642d3ca8fd2ae6b352426bfff41d3cdebbae1fda79a982e,184644,0.495 ug/bee,Adult,2 Day(s),Formulation,1,1,1,1,1,1,1,1,1,1,1,1
20,25311-71-1,2-[[Ethoxy[(1-methylethyl)amino]phosphinothioyl]oxy]benzoic acid 1-methylethyl ester,3,Contact,HOQADATXFBOEGG-UHFFFAOYSA-N,1,0.05,"[0.05, 0.05]",True,True,True,False,False,1316,ad3cd549211be9aa2823713b4168f99fc550805668ea7e353d9dd5750d9b2c97,184644,0.05 AI ug/org,Adult,2 Day(s),Active ingredient,1,1,1,1,1,1,1,1,1,1,1,1
21,7733-02-0,"Sulfuric acid, Zinc salt (1:1)",0,Oral,NWONKYPBYAMBJT-UHFFFAOYSA-L,4,187.35,"[187.35, 187.35]",False,False,True,False,False,1060|1061|1062|1063,0a3a2c1aec5faf1cb41aa29ebb9f5dbb362a150db9bb14a3b4950742d446ebaf|e6c57613767daf9857af688727acb360a816b1d9764bb1840743618278df0f9e|17ef7bdb1e3482974394257a1992e89cbbca6666dfb089c54ea9dddcd401e13b|089cf41e0751f1c51cbffb57916416ae445915646462262cedf170dc9f2f484a,39264,125.3 ug/bee; 225.1 ug/bee; 149.6 ug/bee; 326.3 ug/bee,Not reported,1 Day(s),Total,0,0,0,0,0,0,0,0,0,0,0,0
22,7786-34-7,"3-[(Dimethoxyphosphinyl)oxy]-2-butenoic acid, Methyl ester",3,Oral,GEPDYQSQVLXLEU-UHFFFAOYSA-N,1,0.027,"[0.027, 0.027]",False,False,True,False,False,1073,8c9dce1ce7916b58164c10bf0f44ce5284a900e3eae5e56e0239102d25e6d90b,35461,0.027 ug/bee,Not reported,>=1 Day(s),Formulation,1,1,1,1,1,1,1,1,1,1,1,1
23,16672-87-0,(2-Chloroethyl)phosphonic acid,1,Contact,UDPGUMQDCGORJQ-UHFFFAOYSA-N,2,56.045,"(56.045, inf)",True,False,False,True,True,1218|1219,2a1245a2f7866009313a4e98c630ffeacf8973c3e7fe9b93f65ced86752633ce|452f36150a513946cd88cf4285223149ab50197ce247d824769c990fafface9a,184644,>100 AI ug/org; >12.09 ug/bee,Adult,2 Day(s),Formulation,0,0,0,0,0,0,0,0,1,1,-1,-1
26,7785-87-7,"Sulfuric acid, Manganese(2+) salt (1:1)",1,Oral,SQQMAOCOWKFBNP-UHFFFAOYSA-L,4,77.25,"[77.25, 77.25]",False,False,True,False,False,1068|1069|1070|1071,4b20915dfac59d9ceb6fcfd1f4e9eeb2a2446ff2b790244e834b454a21a75040|2530efd1da21996db700d1da138c4c775e5d3d9973d66c23079a130566b05700|92f3fb555f5bce8ae9db0c9a9ad0e0017a9e7d154d36f9971a9ae5f7dd9da650|1aac2903c7b1a267d73e819951bb891bd0c06b64d05392c39331aaa364468f2c,39264,72.1 ug/bee; 82.4 ug/bee; 82.9 ug/bee; 61.1 ug/bee,Not reported,1 Day(s),Total,0,0,0,0,0,0,0,0,1,1,1,1
27,87-86-5,"2,3,4,5,6-Pentachlorophenol",1,Contact,IZUPBVBPLAPZRR-UHFFFAOYSA-N,1,48.34,"(48.34, inf)",True,False,False,False,True,328,d825d37bd9703f4ba3bfaf3a6fdb1d5a77a3aa1372cc97ac4e3445db4364dfc3,184644,>48.34 ug/bee,Adult,2 Day(s),Formulation,0,0,0,0,0,0,0,0,1,1,-1,-1
33,63-25-2,1-Naphthalenol methylcarbamate,3,Contact,CVXBEEMKQHEXEN-UHFFFAOYSA-N,19,0.78,"[0.78, 0.78]",False,False,True,False,False,222|224|225|226|227|229|230|243|245|257|259|262|264|267|268|269|270|272|274,c84a6fc1c1df8c6a8839e1c0b80de56ae04a4cd981733333fc3cd88435ee76a5|5d76bc6abfcde9d8bdbe1f16443902fbe50cc25d1cd1a9e28906facb581a35f0|6b3e0760eb2c39788e9a3fe303cca5bb176fc5890759877495f5a1ef46647e6a|7b88ea206d717fb23dfca45d68ae907b7205412210ebd71092b53ecc9fcb17a8|e188d7a13cd681eebba687f08f4d513c8cf1edfebb3933a12f29c12e45b288f2|6f848647d9260e6d8986c16848e6104e4d4a9862ad5911b67b21691038d93a50|37866c89487d9abef3f4b1fe4b98302ed33dbc8b0308d94a13c657ba43b53535|7582b18da1aaf1e72c32f8d5de7908632ee7c5c340d5639ee13326e599bf3513|aff7a2fa31ed4c749d6f87dffdee2d70993ebd4b2779cb9fcb116d7fde532ea9|c0a370cabeb64b05a357b3360390fbeb354c7a500b3c5c45d6b0239518631b47|bda4a911f0f3be6d4433cd1c0fdde13a4f780c178f551008b2a6fffeb365cc19|33f0491c0c235b6c6ef38c07c6573d38d324416458da577f444ff4447415ba22|fa32340bf692d084f3c34bd3be22a2d191dde243e18493534d072b50487a81a0|b9793593295a2e3549fb9e9b0f7a241ce76bd217ba42cf7f8983e69ce59713b8|dfa5f939bd4892d5acbad36aa7255bf9c55ebcd44358a750c325c967777ace18|609d067551a05739ee0c6a705d899143cab62567626fbfa7e18fce3faa2316be|b3612ee2a72d4eafb9b36ab3632c197d94704069e634673c5bb7a4e1d306dde9|3c5c8debbc3b9cb9db4677af5c5e8d5089c36326814d38d61eeab5aa0b199346|c84a6fc1c1df8c6a8839e1c0b80de56ae04a4cd981733333fc3cd88435ee76a5,101387|104007|110800|183290|184644|191065|191066|35461|39551|67983|70542|96420,1.34 ug/bee; 1.02 ug/bee; 1.88 ug/bee; 0.212 ug/org; 0.75 ug/org; ~0.18 ug/org; ~0.14 ug/org; 1.809 AI ug/org; 0.123 ug/org; 1.1 ug/org; 1.3 ug/org; 0.385 AI ug/org; 1.3 ug/bee; 0.142 ug/org; 0.055 ug/org; 0.96 ug/org; 0.78 ug/org; 0.0428 ug/org; 1.34 ug/bee,"Adult|New, newly or recent hatch|Not reported",1 Day(s)|2 Day(s)|21 Day(s)|>=1 Day(s),Active ingredient|Formulation,1,1,1,-1,1,1,1,1,1,1,1,1
34,2439-10-3,N-Dodecylguanidine acetate (1:1),0,Contact,YIKWKLYQRFRGPM-UHFFFAOYSA-N,2,106.045,"(106.045, inf)",False,False,False,False,True,927|928,dcc8e409d56789d1e21e29c940a7f3ee63066266a17911c895652f2e2f3b5963|12e72a4c1df30f2958329f695cf7a89753c2f43b2b59d6acde5127b99fcd6898,184644,>200 AI ug/org; >12.09 ug/bee,Adult,1 Day(s)|2 Day(s),Active ingredient|Formulation,0,0,0,0,0,0,0,0,0,0,0,-1
35,1918-00-9,"3,6-Dichloro-2-methyoxybenzoic acid",1,Contact,IWEDIXLBFLAXBO-UHFFFAOYSA-N,2,95.325,"(95.325, inf)",False,False,False,True,True,865|867,3e81d62a0174f00cd4f47f2c079724b5dee3e2b7c6d4051b4750d9d4c7de8e7b|198e1f7c2fff7892e9106b352a75962d304f4462726e845bac553fd61e8d27ae,184644|35461,>90.65 ug/bee; >100 ug/bee,Adult|Not reported,2 Day(s)|>=1 Day(s),Formulation,0,0,0,0,0,0,0,0,1,1,-1,-1
40,330-55-2,"N'-(3,4-Dichlorophenyl)-N-methoxy-N-methylurea",0,Contact,XKJMBINCVNINCA-UHFFFAOYSA-N,1,120.86,"(120.86, inf)",True,False,False,False,True,645,044cf7b4a8a973ffa80b6b547e5a5db4bd87975c03bc0ecf42dec6ae014a86a6,184644,>120.86 ug/bee,Adult,2 Day(s),Formulation,0,0,0,0,0,0,0,0,0,0,0,0
43,89-83-8,5-Methyl-2-(1-methylethyl)phenol,1,Contact,MGSRCZKZVOBKFT-UHFFFAOYSA-N,1,55.1,"[55.1, 55.1]",False,False,True,False,False,331,35681b8950b2bd0ab5c2268c74c5f0c5bd0a39782fb4d30c330f2abf997430d3,167739,55.1 ug/org,Adult,1 Day(s),Active ingredient,0,0,0,0,0,0,0,0,1,1,1,1
44,107-27-7,Chloroethylmercury,1,Oral,QWUGXIXRFGEYBD-UHFFFAOYSA-M,1,13.0,"[13, 13]",False,False,True,False,False,384,2fe3224b4d7128345620a09847cc355e1a7aedcec1561185dd4b03d673b4e338,35461,13 ug/bee,Not reported,>=1 Day(s),Total,0,0,0,0,0,0,0,0,1,1,1,1
45,7775-09-9,"Chloric acid, Sodium salt (1:1)",1,Oral,GQMRMFTXVUMSAU-UHFFFAOYSA-N,2,47.9,"(47.9, inf)",False,False,False,False,True,1065|1066,4c1474dc0ddfd4a9bc474ef7c0e0192a0544c13344d93155920eb3179a2c01c5|bb2d969438f7f091bb0393c7830183f12bbd5566ebe448997cb617588f36dcc3,184644,>75 AI ug/org; >20.8 AI ug/org/d,Adult|Larva,2 Day(s)|8 Day(s),Active ingredient,0,0,0,0,0,0,0,0,1,1,-1,-1
47,1861-40-1,"N-Butyl-N-ethyl-2,6-dinitro-4-(trifluoromethyl)benzenamine",0,Contact,SMDHCQAYESWHAE-UHFFFAOYSA-N,1,101.0,"(101, inf)",True,True,False,False,True,856,b49379ac832f2be07bd4af55caddaae5cdcf6a243443b0a2b2571814311b53df,184644,>101 AI ug/org,Adult,2 Day(s),Active ingredient,0,0,0,0,0,0,0,0,0,0,0,0
48,10108-64-2,Cadmium chloride (CdCl2),2,Oral,YKYOUMDCQGMQQO-UHFFFAOYSA-L,2,1.8025,"[1.8025, 1.8025]",False,False,True,False,False,1135|1136,eb08055e86af2a7502f992568befe4969e04cedd5841e448542ffc443b5c7bfc|d4154490171911cb000659a9598038735c4dda512882b51f9fdb8da524fb8ef0,180881,0.001035 mg/bee; 0.002570 mg/bee,Adult,2 Day(s)|4 Day(s),Total,0,0,0,0,1,1,1,1,1,1,1,1
49,93-58-3,"Benzoic acid, Methyl ester",0,Other,QPJVMBTYPHYUOC-UHFFFAOYSA-N,1,370.0,"[370, 370]",True,True,True,False,False,338,0fb597a37db15cb7d4eab38960f4b728a748591c9549712df8ea51772078a7ae,184316,0.37 AI mg/org,Adult,2 Day(s),Active ingredient,0,0,0,0,0,0,0,0,0,0,0,0
50,133-07-3,"2-[(Trichloromethyl)thio]-1H-isoindole-1,3(2H)dione",1,Contact,HKIOYBQGHSTUDB-UHFFFAOYSA-N,1,12.09,"(12.09, inf)",True,False,False,False,True,518,aaafd053b202ed064fe01f9dfe1d8df6cd35b6e03c8cb9af34c46ab49324b836,184644,>12.09 ug/bee,Adult,2 Day(s),Formulation,0,0,0,0,0,0,0,0,1,1,-1,-1
52,76-06-2,Trichloronitromethane,1,Contact,LFHISGNCFUNFFM-UHFFFAOYSA-N,1,100.0,"(100, inf)",True,True,False,True,False,302,049448691ef338e309ea4a70529c89f80bab17ca87d873a0e8580e1f1446abf4,184644,>100 AI ug/org,Adult,2 Day(s),Active ingredient,0,0,0,0,0,0,0,0,1,1,0,0
54,533-74-4,"Tetrahydro-3,5-dimethyl-2H-1,3,5-thiadiazine-2-thione",2,Oral,QAYICIQNSGETAS-UHFFFAOYSA-N,1,10.0,"(10, inf)",False,False,False,False,True,675,c5daa1243c6edf0e525fb51f5812d5e2a5057db30c96e75eddf9c0d8ab920c29,35461,>10 ug/bee,Not reported,>=1 Day(s),Formulation,0,0,0,0,1,1,-1,-1,1,1,-1,-1
56,709-98-8,"N-(3,4-Dichlorophenyl)propanamide",1,Contact,LFULEKSKNZEWOE-UHFFFAOYSA-N,2,61.985,"(61.985, inf)",True,False,False,False,True,697|698,bac9fa3b317b9007b395dbc40b40b7739135c72c8982c202eab0d95666efa385|23db9dc17705a0976c0e00d90f692ff57eacefa5669d8a5390019849d8ee0eed,184644,>24.17 ug/bee; >99.8 AI ug/org,Adult,2 Day(s),Active ingredient|Formulation,0,0,0,0,0,0,0,0,1,1,-1,-1
59,10101-53-8,"Sulfuric acid, Chromium(3+)salt(3:2)",1,Oral,GRWVQDDAKZFPFI-UHFFFAOYSA-H,1,34.6,"[34.6, 34.6]",False,False,True,False,False,1133,57d761db471680e65167f2351054dac70bc6e03604178ce83db000c653f82b9f,180757,34.6 ug/org,Not reported,2 Day(s),Total,0,0,0,0,0,0,0,0,1,1,1,1
60,7632-00-0,"Nitrous acid, Sodium salt",0,Contact,LPXPTNMVRIOKMN-UHFFFAOYSA-M,1,182.0,"[182, 182]",True,True,True,False,False,1057,54a7b69877fd84ed7ccc5fba2238a00d4956795abcd929ad4d53b4b96b585f44,184644,182 AI ug/org,Adult,2 Day(s),Active ingredient,0,0,0,0,0,0,0,0,0,0,0,0
61,624-92-0,Dimethyl disulfide,1,Contact,WQOXQRCZOLPYPM-UHFFFAOYSA-N,1,100.0,"(100, inf)",True,True,False,True,False,691,149075d29a6f23f47d9e32fb4abfe8e1d9dc0e27e42f31058e3d031d61292d3c,184644,>100 AI ug/org,Adult,2 Day(s),Active ingredient,0,0,0,0,0,0,0,0,1,1,0,0
64,330-54-1,"N'-(3,4-Dichlorophenyl)-N,N-dimethylurea",0,Contact,XMTQQYYKAHVGBJ-UHFFFAOYSA-N,2,145.03,"(145.03, inf)",True,False,False,False,True,643|644,91be8dfa9c11c9b0000d9dcfc0d45faf9b96ba6ecc4bd235f1b6b793ddbec281|91be8dfa9c11c9b0000d9dcfc0d45faf9b96ba6ecc4bd235f1b6b793ddbec281,184644,>145.03 ug/bee; >145.03 ug/bee,Adult,2 Day(s),Formulation,0,0,0,0,0,0,0,0,0,0,0,0
65,1918-16-7,2-Chloro-N-(1-methylethyl)-N-phenylacetamide,0,Contact,MFOUDYKPLGXPGO-UHFFFAOYSA-N,2,168.0,"(168, inf)",True,False,False,False,True,870|871,82bcf83702c1000aca27843db24dacfb069fbd8a2a565eada80f819724ff5b48|0ee2ca7396221a54974ae9fa29982280a1b682a93236680a297c009a8751e519,184644,>25 AI ug/org; 311 AI ug/org,Adult,2 Day(s),Active ingredient|Formulation,0,0,0,0,0,0,0,0,0,0,0,-1
67,30560-19-1,"N-Acetylphosphoramidothioic acid O,S-dimethyl ester",2,Contact,YASYVMFAVPKPKE-UHFFFAOYSA-N,1,1.2,"[1.2, 1.2]",True,False,True,False,False,1358,7ae4d85a6d160859d7a1aba1100dc518e2fbe4248969345a1c27338b42b1e632,184644,1.2 ug/bee,Adult,2 Day(s),Formulation,0,0,0,0,1,1,1,1,1,1,1,1
73,107-49-3,Tetraethyl ester diphosphoric acid,3,Contact,IDCBOTIENDVCBQ-UHFFFAOYSA-N,2,0.0015,"[0.0015, 0.0015]",True,False,True,False,False,387|388,450b1326a10ae85cdee5c5993c509d2b1465ae520adc4555c92d64d7af33bd88|9434f0d1f7b6bc8fad38a7f404338953d95e997044ae795afeeb72384f7fbe91,184644|39126,0.001 ug/bee; 0.0020 ug/org,Adult,2 Day(s),Active ingredient|Formulation,1,1,1,1,1,1,1,1,1,1,1,1
75,98-01-1,2-Furancarboxaldehyde,1,Contact,HYBBIBNJHNGZAN-UHFFFAOYSA-N,1,100.0,"(100, inf)",True,True,False,True,False,373,30e80e5158eb201c3800166e1e50453007adec5a0aab0d049b937a9527e02c07,184644,>100 AI ug/org,Adult,2 Day(s),Active ingredient,0,0,0,0,0,0,0,0,1,1,0,0
77,1836-75-5,"2,4-Dichloro-1-(4-nitrophenoxy)benzene",0,Contact,XITQUSLLOSKDTB-UHFFFAOYSA-N,1,275.0,"[275, 275]",True,False,True,False,False,855,683ab82b3dee3f03bd1eb80c2be82b1329ad06b588cac8214e7394f7fefeb9fa,184644,275 AI ug/org,Adult,2 Day(s),Formulation,0,0,0,0,0,0,0,0,0,0,0,0
80,62-38-4,(Acetato-kappaO)phenylmercury,2,Oral,XEBWQGVWTUSTLN-UHFFFAOYSA-M,1,10.0,"[10, 10]",False,False,True,False,False,217,6ab88912641617ab086bcb292332c743948c4e3a3f1617cc18705803efc9793e,35461,10 ug/bee,Not reported,>=1 Day(s),Total,0,0,0,0,1,1,1,1,1,1,1,1
82,112-05-0,Nonanoic acid,1,Contact,FBUKVWPVBMHYJY-UHFFFAOYSA-N,1,25.0,"(25, inf)",True,True,False,False,True,389,86df6145154c3ddb854031b570b963d7b610d5f3c4aaf4b1fa853ec7e66894af,184644,>25 AI ug/org,Adult,2 Day(s),Active ingredient,0,0,0,0,0,0,0,0,1,1,-1,-1
83,26644-46-2,"N,N'-[1,4-Piperazinediylbis(2,2,2-trichloroethylidene)]bis-formamide",1,Contact,RROQIUMZODEXOR-UHFFFAOYSA-N,1,100.0,"(100, inf)",True,True,False,True,False,1335,55e583dffa71e31128c3cce47280f6f3f3290f75a24873ba9665748cdedd29c3,184644,>100 AI ug/org,Adult,2 Day(s),Active ingredient,0,0,0,0,0,0,0,0,1,1,0,0
86,123-33-1,"1,2-Dihydro-3,6-pyridazinedione",1,Contact,BGRDGMRNKXEXQD-UHFFFAOYSA-N,1,36.26,"(36.26, inf)",True,False,False,False,True,505,b7016d3c1883bfbb8789fa3bfcbf927b0028dc9cd439943606ea779aecbef3b4,184644,>36.26 ug/bee,Adult,2 Day(s),Formulation,0,0,0,0,0,0,0,0,1,1,-1,-1
87,68085-85-8,"3-(2-Chloro-3,3,3-trifluoro-1-propenyl)-2,2-dimethylcyclopropanecarboxylic acid cyano(3-phenoxyphenyl)methyl ester",3,Contact,ZXQYGBMAQZUVMI-UHFFFAOYSA-N,1,0.022,"[0.022, 0.022]",False,False,True,False,False,1604,4b0593309c9b5e631bc4d2d99e8754865797fb34690dbda35636dc9061c0eb61,62631,0.022 AI ug/org,Adult,1 Day(s),Active ingredient,1,1,1,1,1,1,1,1,1,1,1,1
90,40487-42-1,"N-(1-Ethylpropyl)-3,4-dimethyl-2,6-dinitro-benzenamine",1,Contact,CHIFOSRWCNZCFN-UHFFFAOYSA-N,1,100.0,"(100, inf)",True,True,False,True,False,1437,835b7d93931b4bb63b9043f3f202382d76ecc7542cb135ae209d402a276dbd5e,184644,>100 AI ug/org,Adult,2 Day(s),Active ingredient,0,0,0,0,0,0,0,0,1,1,0,0
92,121-75-5,"2-[(Dimethoxyphosphinothioyl)thio]butanedioic acid 1,4-diethyl ester",3,Contact,JXSJBGJIGXNWCI-UHFFFAOYSA-N,7,0.19,"[0.19, 0.19]",False,False,True,False,False,462|463|464|466|472|473|482,364018ae9faed3c40c1568d119345b19ad3342afed7d333935956f924bfb7b20|59be6cf91ff04c79978fdc1ad62d17ff0d8e9d32ac6c724007179bfb16096246|99c6b22f9115a63105da6d66dbff724209d3018014debac8a40f2f5c2dcca77b|cb2f5b1b30461b53c81afd16bd2e7053ce1278112adb36ae9c73298c81227715|617174575e0791d795b2a8b439c14a61a224c08d7ab22b2593b23740e22de8cf|51dbb2fad49f27b5edb8ff196d0c0fb99b2a4e1780816a16ccd29ce69076b324|53f13a865d76dde7b1a942b49d89151b120e27fff727a798461d656a6bfa4ea8,183290|184644|35461|39126|88070,0.709 ug/bee; 0.156 AI ug/org; 0.19 AI ug/org; 0.0273 ug/org; 0.231 AI ug/org; 0.27 ug/bee; 0.0020 ug/org,Adult|Not reported,1 Day(s)|2 Day(s)|4 Day(s)|>=1 Day(s),Active ingredient|Formulation,1,1,1,1,1,1,1,1,1,1,1,1
95,872-50-4,1-Methyl-2-pyrrolidinone,0,Contact,SECXISVLQFMRJM-UHFFFAOYSA-N,1,2000.0,"(2000, inf)",True,True,False,False,True,717,97d6c9b40e3f286e7dbbdda6e65fc65eee1cc1c38f15cde020fe6b7f65e6460e,187153,>2000 AI ug/org,Adult,2 Day(s),Active ingredient,0,0,0,0,0,0,0,0,0,0,0,0
96,119-64-2,"1,2,3,4-Tetrahydronaphthalene",3,Contact,CXWXQJXEFPUFDZ-UHFFFAOYSA-N,1,0.336,"(0.336, inf)",True,False,False,False,True,456,bb331fc3aa7939c3800895a5dfb6a4324eb2126c01c385794c41e415c49c0ca8,184644,>0.336 ug/bee,Adult,2 Day(s),Formulation,1,1,-1,-1,1,1,-1,-1,1,1,-1,-1
98,75-60-5,"As,As-Dimethylarsinic acid",0,Contact,OGGXGZAMXPVRFZ-UHFFFAOYSA-N,1,157.12,"(157.12, inf)",True,False,False,False,True,300,c33b0756326ce4203aa667ae4669abbc5a29e6ab333afc4a298ceb0e4e17a64d,184644,>157.12 ug/bee,Adult,2 Day(s),Formulation,0,0,0,0,0,0,0,0,0,0,0,0
100,114-26-1,"2-(1-Methylethoxy)phenol, 1-(N-Methylcarbamate)",3,Contact,ISRUGXGCCGIOQO-UHFFFAOYSA-N,3,0.112,"[0.112, 0.112]",False,False,True,False,False,391|397|398,1b72b560619f4697ee00a787d8fcc584702b3521938682bf5a7a324de113eac3|59289227d1e324293b57aed9cfc5522a0856065fab26c87ba1b37ebe616cfc4c|7d3f54608f6e5f26b820c50bd69d419aefb5154059b1e44f8a72aed2f857688c,110800|184644|67983,0.112 ug/org; ~0.07 ug/org; 1.35 ug/bee,Adult|Not reported,1 Day(s)|2 Day(s)|21 Day(s),Active ingredient|Formulation,1,1,1,-1,1,1,1,1,1,1,1,1
101,2008-41-5,"N,N-Bis(2-methylpropyl)carbamothioic acid S-ethyl ester",1,Contact,BMTAFVWTTFSTOG-UHFFFAOYSA-N,1,26.01,"(26.01, inf)",True,False,False,False,True,877,1e7fc629a98c94f9ef8eb61e24534d68e10e6d71e2fed95b9b30de9a2c1c6c53,184644,>26.01 ug/bee,Adult,2 Day(s),Formulation,0,0,0,0,0,0,0,0,1,1,-1,-1
102,80-06-8,4-Chloro-alpha-(4-chlorophenyl)-alpha-methylbenzenemethanol,1,Contact,URYAFVKLYSEINW-UHFFFAOYSA-N,1,50.0,"(50, inf)",False,False,False,False,True,312,6d7a6d6f59f63dcce8c675fd723c0493586c16c78a2c5749923d1e345fe44e2c,35461,>50 ug/bee,Not reported,>=1 Day(s),Formulation,0,0,0,0,0,0,0,0,1,1,-1,-1
103,134-20-3,"2-Aminobenzoic acid, Methyl ester",1,Contact,VAMXMNNIEUEQDV-UHFFFAOYSA-N,1,25.0,"(25, inf)",True,True,False,False,True,519,97c19f58ab466bbfc2017e340ea868c2137d4aec6b9a0e252343c0aae108a1b8,184644,>25 AI ug/org,Adult,2 Day(s),Active ingredient,0,0,0,0,0,0,0,0,1,1,-1,-1
105,2163-80-6,"Methylarsonic acid, Monosodium salt",1,Contact,JITOKQVGRJSHHA-UHFFFAOYSA-M,2,46.085,"(46.085, inf)",True,False,False,False,True,889|890,b2d4c21b1a506e095c9338dcf87ffe5c899c26a586565db4c6fd622b3aef2660|97813f9498a81c3040d482acdf1dab5660a257ad6607e4c57d96b2bea83f9888,184644,68 AI ug/org; >24.17 ug/bee,Adult,2 Day(s),Formulation,0,0,0,0,0,0,0,0,1,1,-1,-1
111,17804-35-2,"N-[1-[(Butylamino)carbonyl]-1H-benzimidazol-2-yl]carbamic acid, Methyl ester",2,Oral,RIOXQFHNBCKOKP-UHFFFAOYSA-N,1,10.0,"[0, 10)",False,False,False,False,False,1251,ab2eae4732fc9e2cc81fe241218bb1e6c2622b625c4eb8494628b2b06134a69e,35461,<10 ug/bee,Not reported,>=1 Day(s),Formulation,0,0,-1,-1,1,1,1,1,1,1,1,1
115,13593-03-8,"Phosphorothioic acid O,O-diethyl O-2-quinoxalinyl ester  ",3,Contact,JYQUHIFYBATCCY-UHFFFAOYSA-N,1,0.0292,"[0.0292, 0.0292]",False,False,True,False,False,1191,fdc120162830c6beb1f58ad287833021a3ce8ebffbad2fa077640dd8ae83c70f,183290,0.0292 ug/org,Adult,1 Day(s),Formulation,1,1,1,1,1,1,1,1,1,1,1,1
116,2642-71-9,"Phosphorodithioic acid O,O-diethyl S-[(4-oxo-1,2,3-benzotriazin-3(4H)-yl)methyl] ester",3,Contact,RQVGAIADHNPSME-UHFFFAOYSA-N,1,0.981,"[0.981, 0.981]",True,False,True,False,False,935,21fc15831e72bbef9c87f7ff83158dc9162e85adad3ff4e1100d832e3513fc23,184644,0.981 ug/bee,Adult,2 Day(s),Formulation,1,1,1,1,1,1,1,1,1,1,1,1
117,98-50-0,As-(4-Aminophenyl)arsonic acid,1,Contact,XKNKHVGWJDPIRJ-UHFFFAOYSA-N,2,100.0,"(100, inf)",False,False,False,True,False,375|376,bc52a5780f725e05436e49c0844f1cc344ff955021b33bbf2274210010dcca6e|c3ef6c2ccf067a106102998a66d90310ed2aebf07b5f5693ed447d838e230ce1,184644,>100 AI ug/org; >100 AI ug/org,Adult,2 Day(s)|4 Day(s),Active ingredient,0,0,0,0,0,0,0,0,1,1,0,0
118,86-87-3,1-Naphthaleneacetic acid,1,Oral,PRPINYUDVPFIRX-UHFFFAOYSA-N,1,25.0,"(25, inf)",False,False,False,False,True,327,9a504de5c878cb392f56df3901d2928a337ae91162aa8a097db44409eeead0ab,184644,>25 AI ug/org/d,Larva,8 Day(s),Active ingredient,0,0,0,0,0,0,0,0,1,1,-1,-1
119,34256-82-1,2-Chloro-N-(ethoxymethyl)-N-(2-ethyl-6-methylphenyl)acetamide,1,Oral,VTNQPKFIQCLBDU-UHFFFAOYSA-N,4,24.15,"[24.15, 24.15]",False,False,False,True,False,1393|1394|1395|1396,bb02c1c727659e0d53a20b6bd8d389c346460c03b152bdc7b02db66afbfb29b7|fabd5d43f8873a3179dcfdcdf97b8d9122d3c525b17d523005940e62fbf699f4|886d1a12c3107638863e4d2cfde0421c71117ef925b255d11c10e7cda922147c|ce07d533e51144c5632321791057633a637424d60979a952403f8d1b68cb956e,184644,21.8 AI ug/org/d; 26.5 AI ug/org; >100 AI ug/org; 11.8 AI ug/org/d,Adult|Larva,2 Day(s)|3 Day(s)|8 Day(s),Active ingredient,0,0,0,0,0,0,0,0,1,1,1,-1
121,115-32-2,4-Chloro-alpha-(4-chlorophenyl)-alpha-(trichloromethyl)benzenemethanol,2,Oral,UOAMTSKGCBMZTC-UHFFFAOYSA-N,1,10.0,"(10, inf)",False,False,False,False,True,441,698b127de3a275e0705b354944cd3239a5438fce1ab2b55c208d0cf6e6e7bce2,35461,>10 ug/bee,Not reported,>=1 Day(s),Formulation,0,0,0,0,1,1,-1,-1,1,1,-1,-1
123,8012-95-1,Paraffin oils,0,Contact,FFNDMZIBVDSQFI-UHFFFAOYSA-N,2,965.0,"(965, inf)",True,True,False,True,True,1103|1104,485c2b166e58e6605a228ec35b5d73e5d4a6fbfe216dd5f2f9896b4a8fd70d75|7b1bd731a1412300c4deb1494d38a8ed9832f7c59779be2289f9c0127d6d75e4,184644,>100 AI ug/org; >1830 AI ug/org,Adult,2 Day(s),Active ingredient,0,0,0,0,0,0,0,0,0,0,0,0
128,1698-60-8,5-Amino-4-chloro-2-phenyl-3(2H)-pyridazinone,0,Contact,WYKYKTKDBLFHCY-UHFFFAOYSA-N,1,193.38,"(193.38, inf)",True,False,False,False,True,852,ac1c02f892cde625c149273b27171a1c690214430a5caef222711130e4bf966f,184644,>193.38 ug/bee,Adult,2 Day(s),Formulation,0,0,0,0,0,0,0,0,0,0,0,0
129,299-84-3,"Phosphorothioic acid, O,O-Dimethyl O-(2,4,5-trichlorophenyl)ester",2,Contact,JHJOOSLFWRRSGU-UHFFFAOYSA-N,2,5.68,"[5.68, 5.68]",True,False,True,False,False,607|608,7b313ffdf792385d84aeaff0766590c9fea12a1447d4845b15d8c11192567f42|da06649abbf09050cdbd79267f33663758dbdc81078ed5513d7710a3c59f0e3e,184644,5.74 ug/bee; 5.62 ug/bee,Adult,2 Day(s),Formulation,0,0,0,0,1,1,1,1,1,1,1,1
130,2032-65-7,"3,5-Dimethyl-4-(methylthio)phenol, Methylcarbamate",3,Contact,YFBPRJGDJKVWAH-UHFFFAOYSA-N,1,0.375,"[0.375, 0.375]",True,False,True,False,False,885,6bddd1795fa984b14039f061abbcbee2d39c87d8302fa7f0fa04409632de476a,184644,0.375 AI ug/org,Adult,2 Day(s),Formulation,1,1,1,1,1,1,1,1,1,1,1,1
133,60-51-5,"O,O-Dimethyl S-[2-(methylamino)-2-oxoethyl]phosphorodithioic acid ester",3,Contact,MCWXGJITAZMZEV-UHFFFAOYSA-N,16,0.174,"[0.174, 0.174]",False,False,True,False,False,142|143|148|150|151|152|164|166|167|168|169|177|182|183|184|197,5ad566e9c533eaf362b71a1d2e91a10b863acc015cb20295d6aa0f5b48f4bc63|6e4e3deb042d8613fce4747543134e44a732ebfe81da626f0fe8bbecafac8ee3|3079c326315a298efd6484c0be2d01f17d07bc25245c5ca42a831e1e8f532941|1a98a15a0e7f40b9e6fe85e52f2825ef64aa905afc75338f41b61bba8d4d06e9|530d0b07727c7ab2f90edf79d80c15e5ee8fcd3bd73a44ac400cd85db4b5d992|a64b9e99bc6cc729e22fd28110e30c1c6ef584fa6cd27fac3fcd0f79e54978c9|ea812838971ea966ef85d66400f05dd11c9f430a10779e644df781a758febcbc|6b3d9d2aa2e5d46b4d249eef56c8f3918b56ef1395f20d32aaa8bdf9c810f6d3|68db7a6bf57d1d2e085330c7b5c1f6de784978aa136a282ae466a565a4f4eef5|67f748a970e677626ed95c16a6f2087945f95cceb7a76129542d6f4ddb38c056|52170036b2f0ed0c74e19c4a879e2316d7dc3d5d24b3a59e7dc06f25ecdc079f|7b15c6a3467caa2c860bc01ab791cef391ee69124b270db01071bd7dd466aee6|c19c3f2c0f2a6e1ceb2707026fb9a299d69bd51285ce269f14913748d9eedd18|5201d124bd369417d73e90683b816b2286d66573365952279206f14064db1d0f|b41554ab7f448502ebb2b47c26008a8a8f251191d4fdd2c20c7f77f61c829231|44a339c031fa427d1276bbff883e3da9290622a5218fa6a0434cd97b0b767b24,168903|180646|183290|184644|191052|35461|38074|39126|87252,0.31 ug/org; 0.0224 ug/org; 0.188 ug/bee; 0.16 AI ug/org; 0.16 AI ug/org; 0.19 AI ug/org; 0.12 ug/bee; 0.19 AI ug/org; 0.19 AI ug/org; 0.19 AI ug/org; 0.20 AI ug/org; 0.16 ug/org; 0.16 AI ug/org; 0.16 AI ug/org; 0.19 AI ug/org; 0.0014 ug/org,Adult|Not reported,1 Day(s)|2 Day(s)|3 Day(s)|4 Day(s)|>=1 Day(s),Active ingredient|Formulation,1,1,1,1,1,1,1,1,1,1,1,1
135,43121-43-3,"1-(4-Chlorophenoxy)-3,3-dimethyl-1-(1H-1,2,4-triazol-1-yl)-2-butanone",1,Contact,WURBVZBTWMNKQT-UHFFFAOYSA-N,2,25.0,"(25, inf)",False,False,False,False,True,1449|1450,00063a8b9cdad369b44d31811b1f48a1e933f9fd816a29d34b81a95498f50dcb|c82d48ec4425811792ff7c9b2701b06209b69fdf3c5ca6b8c40299f8d1eb1c6e,184644|35461,>25 ug/bee; >25 AI ug/org,Adult|Not reported,2 Day(s)|>=1 Day(s),Active ingredient|Formulation,0,0,0,0,0,0,0,0,1,1,-1,-1
136,13684-63-4,(3-Methylphenyl)carbamic acid 3-[(methoxycarbonyl)amino]phenyl ester,1,Contact,IDOWTHOLJBTAFI-UHFFFAOYSA-N,5,100.0,"(100, inf)",False,False,False,True,True,1196|1197|1199|1201|1202,19c7ef8d496a5212a79741eebb3da97b1d116924630750c7ae4ca6443aa6ebe7|49541d30e96b923584f4e915b6019f53bb02edabe017765de87146a72b0738ef|cf212ba8a413a74a9889b9f17d07d6b2727f97cb2a720f7c65bea8bee6e5c833|aed4e4f1968829f6d5965a4920e2426bf6830babff13a7bc2766540be3a8e430|96b31197b3d6849ef81bbe615402593fc3c2e51d4821c262900b1575175b023a,184644,>100 AI ug/org; >100 AI ug/org; >100 AI ug/org; >241.72 ug/bee; >200 AI ug/org,Adult,2 Day(s)|3 Day(s),Active ingredient|Formulation,0,0,0,0,0,0,0,0,1,1,0,0
138,13548-38-4,"Nitric acid, Chromium(3+) salt",1,Oral,PHFQLYPOURZARY-UHFFFAOYSA-N,1,20.5,"[20.5, 20.5]",False,False,True,False,False,1189,58bbf80a740fb290830656c53b5cbf828cdefc0f359f108abc07d06bbea2e5d5,180757,20.5/ ug/org,Not reported,2 Day(s),Total,0,0,0,0,0,0,0,0,1,1,1,1
142,137-26-8,"N,N,N',N'-Tetramethylthioperoxydicarbonic diamide ([(H2N)C(S)]2S2)",1,Contact,KUAZQDVKQLNFPE-UHFFFAOYSA-N,1,73.72,"[73.72, 73.72]",True,False,True,False,False,520,9226b3f4cb2bfc4f950ce5e8032c0ba26c504773672839c41d1bb3c56e2d77fb,184644,73.72 ug/bee,Adult,2 Day(s),Formulation,0,0,0,0,0,0,0,0,1,1,1,1
143,56-38-2,"Phosphorothioic acid, O,O-Diethyl-O-(4-nitrophenyl)ester",3,Contact,LCCNCVORNKJIRZ-UHFFFAOYSA-N,5,0.09,"[0.09, 0.09]",False,False,True,False,False,91|95|96|97|98,b48c1c3e28d17689a8829b64f3fdcf7d8ebaee10191913c981cf66c584343641|645931a03b3b1cf977183fd9d7d18753411b865f413a7cfadd030842b15a22a1|b3c27f06fb61a08881676a3b654141720a95562662e567ebd71b3d15a5b1e9b2|1a2b852b01de34933efc5e678e8cfa42aea55fc57994e3624d3e754b5a8e0fe9|831b204cf678f916d17a9e5dd1969f2ef2616ce3089d050e982151fae97b036b,184644|38074|39126,0.175 ug/bee; 0.10 ug/org; 0.09 ug/org; 0.07 ug/org; 0.0030 ug/org,Adult,1 Day(s)|2 Day(s),Active ingredient|Formulation,1,1,1,1,1,1,1,1,1,1,1,1
144,72-54-8,"1,1'-(2,2-Dichloroethylidene)bis[4-chlorobenzene]",0,Contact,AHJKRLASYNVKDZ-UHFFFAOYSA-N,1,161.0,"[161, 161]",True,False,True,False,False,298,ecde1c20755fb99f45a560208dabec1e8610d31585da221cfce76e70749c354b,184644,161 ug/bee,Adult,2 Day(s),Formulation,0,0,0,0,0,0,0,0,0,0,0,0
145,76-87-9,Hydroxytriphenylstannane,0,Contact,NRHFWOJROOQKBK-UHFFFAOYSA-N,1,114.82,"(114.82, inf)",True,False,False,False,True,305,56273c98a42c64c4cb295009c29ea1f1dce454b8cb5f9163bacb2dc0dbcd0ca9,184644,>114.82 ug/bee,Adult,2 Day(s),Formulation,0,0,0,0,0,0,0,0,0,0,0,0
151,82-68-8,"1,2,3,4,5-Pentachloro-6-nitrobenzene",1,Contact,LKPLKUMXSAEKID-UHFFFAOYSA-N,2,100.0,"(100, inf)",True,True,False,True,False,314|315,3c116891d292b588be771eb65c5a6c7661a0903aa4ed8ab5e2a76d3c8e7817f0|d0444506462214f37fc3267bac5fa5b878aa2cc01dc6f2cf33aa0f32763ed965,184644,>100 AI ug/org; >100 AI ug/org,Adult,2 Day(s),Active ingredient,0,0,0,0,0,0,0,0,1,1,0,0
153,640-15-3,"S-[2-(Ethylthio)ethyl]O,O-dimethyl ester phosphorodithioc acid",3,Contact,OPASCBHCTNRLRM-UHFFFAOYSA-N,1,0.55,"[0.55, 0.55]",False,False,True,False,False,694,c0769f169b062046e515e3c112433d877889be33b2cc2f1ffab4303aed31f55e,35461,0.55 ug/bee,Not reported,>=1 Day(s),Formulation,1,1,1,1,1,1,1,1,1,1,1,1
154,1910-42-5,"1,1'-Dimethyl-4,4'-bipyridinium chloride (1:2)",1,Oral,FIKAKWIAUPDISJ-UHFFFAOYSA-L,3,43.0,"[43, 70]",False,False,False,False,True,859|860|863,09dc9d92f09a7b09d2a2431cca6f07a8188d78be9b9aa17ae1142a5c645f4848|6d294943a47df5c4928bc0f4159c08a8989ecb4e51b340b6e175caaefe4af3bc|9100c9ebfef0e1ac5195b2298bf1c71ff5266fb43cf18407a9e6f7c9df857649,184644|35461,43 AI ug/org; 70 AI ug/org; >25 ug/bee,Adult|Not reported,2 Day(s)|>=1 Day(s),Active ingredient|Formulation,0,0,0,0,0,0,0,0,1,1,1,-1
158,15096-52-3,Cryolite (Na3(AlF6)),0,Contact,REHXRBDMVPYGJX-UHFFFAOYSA-H,6,2228.5,"[2228.5, 3305.5]",False,False,False,False,True,1208|1209|1210|1211|1212|1213,c7808d26841a09805770a1f7c4293b28ec1be19bd27e4c90f754cd7002e67ff1|29a00b0a97dcdb6dd0d3bd716a5e3877bbbec6a50a98cf084a13812d53a55a4d|1c1a818578d0edd7c308d1a98ea64d9ab5808ddf6062089f31f7c2d113786584|79e3171ec2aef2d8fa37938a5241f9f9aa0ba5cbfe6bfcff4ec62a4399193145|a0e5ce350dbb65a6d37f9c3a329d6a130c5653e718edc2b4eea665d3a318741a|b249bd6dc55926a8f9ef8fed3acd6b394e8266d726f3418baf55d6f6ffb0f43a,184644|70351,>217.55 ug/bee; 2245 ug/org; 8739 ug/org; 4366 ug/org; 2212 ug/org; 189.6 ug/org,Adult|Larva,2 Day(s)|NR Emergence,Formulation|Total,0,0,0,0,0,0,0,0,0,0,0,0
162,7704-34-9,Sulfur,0,Contact,NINIDFKCEFEMDL-UHFFFAOYSA-N,1,1051.0,"[1051, 1051]",True,False,True,False,False,1059,e0660b9559a5259a2bbcc67db5b5ef0a717ee79b74915bfe7a80e688a3ac5a3b,184644,1051 ug/bee,Adult,2 Day(s),Formulation,0,0,0,0,0,0,0,0,0,0,0,0
167,8003-34-7,Pyrethrins and Pyrethroids,3,Oral,VXSIXFKKSNGRRO-UHFFFAOYSA-N,1,0.15,"[0.15, 0.15]",False,False,True,False,False,1100,de6b9efcfce84065f9021db1391db0758c983275b4cfee3eda90eb4f2fe2e314,35461,0.15 ug/bee,Not reported,>=1 Day(s),Formulation,1,1,1,1,1,1,1,1,1,1,1,1
169,7440-43-9,Cadmium,0,Oral,BDOSMKKIYDKNTQ-UHFFFAOYSA-N,2,1805.0,"[1805, 1805]",False,False,True,False,False,1051|1053,01bc0c16db95bd66bd9ae5200a8921b1cc0e4244bcb47b4ec18706a7bacb2bba|cebab12f6f20bced1c37eac8fe1a3650fe191efeb2d853377a7354677e16350f,191060,1.03 mg/org; 2.58 mg/org,Adult,2 Day(s)|4 Day(s),Total,0,0,0,0,0,0,0,0,0,0,0,0
170,1344-81-6,Calcium sulfide (Ca(Sx)),1,Contact,JNVCSEDACVAATK-UHFFFAOYSA-L,1,25.0,"(25, inf)",True,False,False,False,True,829,c04343a1f9ca7b98a09305babe9a5923522811fc06ae8a4afdb93f55a80d5f09,184644,>25 AI ug/org,Adult,2 Day(s),Formulation,0,0,0,0,0,0,0,0,1,1,-1,-1
171,13071-79-9,"Phosphorodithioic acid S-[[(1,1-dimethylethyl)thio]O,O-diethylmethyl]ester",2,Contact,XLNZEKHULJKQBA-UHFFFAOYSA-N,1,4.09,"[4.09, 4.09]",True,False,True,False,False,1177,46843a41698b5351c3a368d5550c3fde9e2c79b94215facca0f165d799c33e6e,184644,4.09 ug/bee,Adult,2 Day(s),Formulation,0,0,0,0,1,1,1,1,1,1,1,1
173,175013-18-0,[2-[[[1-(4-Chlorophenyl)-1H-pyrazol-3-yl]oxy]methyl]phenyl]methoxycarbamic acid methyl ester,1,Contact,HZRSNVGNWUDEFX-UHFFFAOYSA-N,2,100.0,"(100, inf)",True,True,False,True,False,2298|2299,12caf676bf477744eaf3a3ae39e3248b7b09e1930580cbbc874262e0b4143982|6e060e2d57edbf7d8e1fc101aab0c336d4e28de707f96c276466197eade09985,184644,>100 AI ug/org; >100 AI ug/org,Adult,2 Day(s),Active ingredient,0,0,0,0,0,0,0,0,1,1,0,0
176,14484-64-1,"(OC-6-11)-tris(N,N-Dimethylcarbamodithioato-kappaS,kappaS')iron",0,Oral,WHDGWKAJBYRJJL-UHFFFAOYSA-K,1,1000.0,"(1000, inf)",False,False,False,False,True,1206,c91d87f11b459be4c837a1706666d6a71eb71e8b2f45cb17d7eb835d333c19c6,39264,>1000 ug/bee,Not reported,1 Day(s),Formulation,0,0,0,0,0,0,0,0,0,0,0,0
178,62476-59-9,"5-[2-Chloro-4-(trifluoromethyl)phenoxy]-2-nitrobenzoic acid, Sodium salt (1:1)",1,Contact,RVULBHWZFCBODE-UHFFFAOYSA-M,1,100.0,"(100, inf)",True,True,False,True,False,1579,c03b1e303ac443e2fe83a2f35f376f9bdf26de69bccf508ca11678c63ab5c803,184644,>100 AI ug/org,Adult,2 Day(s),Active ingredient,0,0,0,0,0,0,0,0,1,1,0,0
180,112281-77-3,"1-[2-(2,4-Dichlorophenyl)-3-(1,1,2,2-tetrafluoroethoxy)propyl]-1H-1,2,4-triazole",1,Oral,LQDARGUHUSPFNL-UHFFFAOYSA-N,2,52.15,"(52.15, inf)",False,False,False,False,True,1816|1817,6748ac192895a73df04fa1572eb446dadb472dfe3ab5d72ff88c55fb8cb735ab|a61872a18ef9e5e83f053254352b930021040837953ae2ad379d7801b3e7100b,184644,76 AI ug/org/d; >28.3 AI ug/org/d,Larva,8 Day(s),Active ingredient,0,0,0,0,0,0,0,0,1,1,-1,-1
182,7440-38-2,Arsenic,0,Oral,RQNWIZPPADIBDY-UHFFFAOYSA-N,3,3600.0,"[3600, 3600]",False,False,True,False,False,1044|1047|1049,d1de28344c9ef891edbfbd84c363df6bb35d3cc7e56a537e77f64be4fa073fdf|4c1fea3061e1af5bb72d22f672878a477b11a644f078b78b939d2dce4bbfaff3|fbc12dbc33e02ff85b2db69e4dbf20c70cf12e2bc16c6d7a3b7a7aa435afe780,191060,3.81 mg/org; 3.60 mg/org; 2.82 mg/org,Adult,10 Day(s)|2 Day(s)|4 Day(s),Total,0,0,0,0,0,0,0,0,0,0,0,0
183,122-14-5,"Phosphorothioic acid O,O-dimethyl O-(3-methyl-4-nitrophenyl)ester",3,Oral,ZNOLGFHPUIJIMJ-UHFFFAOYSA-N,1,0.019,"[0.019, 0.019]",False,False,True,False,False,494,a1de96f0bf848c08d9490ca7a06f3c934a2de87fcd673c52d50a01e11425e1ea,35461,0.019 ug/bee,Not reported,>=1 Day(s),Formulation,1,1,1,1,1,1,1,1,1,1,1,1
184,300-76-5,"Phosphoric acid 1,2-dibromo-2,2-dichloroethyl dimethyl ester",3,Contact,BUYMVQAILCEWRR-UHFFFAOYSA-N,2,0.2404,"[0.2404, 0.2404]",True,False,True,False,False,612|614,7d8f02baa8c3584f932867b8b257dfb9ddf2de5e7bebf025ea070bc338f4dc44|6716b7b3066cff743408a2e018f73a043603e645ef80092be270d64cc6cc8cf6,184644|39126,0.48 ug/bee; 0.0008 ug/org,Adult,2 Day(s),Formulation,1,1,1,1,1,1,1,1,1,1,1,1
185,122-42-9,"N-Phenylcarbamic acid, 1-Methylethyl ester",0,Contact,VXPLXMJHHKHSOA-UHFFFAOYSA-N,1,604.0,"[604, 604]",True,False,True,False,False,504,6b2f178e98dbfa9b4e8aabcdd3445e6213a57dc8397c29c516e2412db16aecaa,184644,604 AI ug/org,Adult,2 Day(s),Formulation,0,0,0,0,0,0,0,0,0,0,0,0
186,7631-89-2,"Arsenic acid (H3AsO4), Sodium salt (1:?)",2,Oral,XCVRTGQHVBWRJB-UHFFFAOYSA-M,3,3.584,"[3.584, 3.584]",False,False,True,False,False,1054|1055|1056,e5559fa799db1555478d1c017514b940923a6b6a72db976df0ae00753bc37e8b|2cb6622d4004a73be0a4f167aaddb52d2245e17e981433c37b9129e6330f3a21|773db7e0e474f6a7643fb686af3053778d060d84967e00e26d5ba119efdf5ba7,180881,0.003584 mg/bee; 0.002821 mg/bee; 0.003796 mg/bee,Adult,10 Day(s)|2 Day(s)|4 Day(s),Total,0,0,0,0,1,1,1,1,1,1,1,1
187,2312-35-8,"2-[4-(1,1-Dimethylethyl)phenoxy]cyclohexyl 2-propynyl ester sulfurous acid",1,Contact,ZYHMJXZULPZUED-UHFFFAOYSA-N,3,51.33,"[51.33, 51.33]",False,False,True,False,False,911|913|923,31dfb86dac64f2ada274095874e3f5e79f9013602a0e5cad3ff5ba39c7ec899b|5472432b6fc811507e25bd6ea28e469202e074157e6318e58d0fbfa130a33bd3|f2f2dc6af51dc915a0513d5a460f2efd633e9947879f6ced819985def785e80e,184644,15 ug/bee; 62.19 AI ug/org; 51.33 AI ug/org,Adult,2 Day(s)|4 Day(s),Active ingredient|Formulation,0,0,0,0,0,0,0,0,1,1,1,1
188,1403-66-3,Gentamicin,1,Contact,CEAZRRDELHUEMR-UHFFFAOYSA-N,1,25.4,"(25.4, inf)",True,False,False,False,True,830,36c1e9deb5888b0189f9d82569f4ce4156300a34f5a9d8e9535c8ee2361a213b,184644,>25.4 AI ug/org,Adult,2 Day(s),Formulation,0,0,0,0,0,0,0,0,1,1,-1,-1
189,60207-90-1,"1-[[2-(2,4-Dichlorophenyl)-4-propyl-1,3-dioxolan-2-yl]methyl]-1H-1,2,4-triazole",1,Contact,STJLVHWMYQXCPB-UHFFFAOYSA-N,1,25.0,"(25, inf)",True,True,False,False,True,1569,d51c746237c853cd5c0d68cc0deebd03e868033a43fe34ef6553298ab8252737,184644,>25 AI ug/org,Adult,2 Day(s),Active ingredient,0,0,0,0,0,0,0,0,1,1,-1,-1
190,94-74-6,2-(4-Chloro-2-methylphenoxy)acetic acid,1,Contact,WHKUVVPPKQRRBV-UHFFFAOYSA-N,3,100.0,"(100, inf)",False,False,False,True,True,363|365|368,4d22aba42f4af78724f7e0cd4442e8266362a1df824aac197b55a5b106f12f52|08908bcc468ef1c0760d5f2e0f01d42e852d08d701b0dcae5950ee94a98183ea|b045f62c48ad92f35b4027de7338042cd17f6a6e735eb70183fd753dcb71ba07,184644|35461,>194 AI ug/org; >24.17 ug/bee; >100 ug/bee,Adult|Not reported,2 Day(s)|>=1 Day(s),Active ingredient|Formulation,0,0,0,0,0,0,0,0,1,1,0,-1
192,12789-03-6,Chlordane (Technical Grade),2,Oral,BIWJNBZANLAXMG-UHFFFAOYSA-N,1,1.122,"[1.122, 1.122]",False,False,True,False,False,1176,87c23e2f18b7c293a470fc986566d299f542b86cf94b47d4c9cb9708af2c4133,64839,0.001122 mg/org,Adult,1 Day(s),Active ingredient,0,0,0,0,1,1,1,1,1,1,1,1
193,66-81-9,"4-[(2R)-2-[(1S,3S,5S)-3,5-Dimethyl-2-oxocyclohexyl]-2-hydroxyethyl]-2,6-piperidinedione",0,Contact,YPHMISFOHDHNIV-UHFFFAOYSA-N,1,241.72,"(241.72, inf)",True,False,False,False,True,282,f4f79ec1dc213a5aeddc1a3949b5f8f60fc5223075c20456c1332a81d9f86a4b,184644,>241.72 ug/bee,Adult,2 Day(s),Formulation,0,0,0,0,0,0,0,0,0,0,0,0
194,10453-86-8,"2,2-Dimethyl-3-(2-methyl-1-propen-1-yl)cyclopropanecarboxylic acid [5-(phenylmethyl)-3-furanyl]methyl ester",3,Contact,VEMKTZHHVJILDY-UHFFFAOYSA-N,4,0.054,"[0.054, 0.054]",False,False,True,False,False,1154|1155|1156|1157,353495d28ed70e11e4bb63ce128f3aada4b66263842f75d2ad802097a40e90d8|38f9dc8c200c55630a42b0747fbeb6e748554c32058a0fafe29e61208071cd70|3af7fb5efa7f3c8ea815bd515cb8140f4e3f4850f62d703865693b87b5ce1fcc|9bd94bc90d0b541c9534d401ea419a6eaa180fd5e32659967e69aa172cc76a64,184644|35461|70542,0.015 ug/bee; 0.063 ug/bee; 0.076 ug/org; 0.045 ug/org,"Adult|New, newly or recent hatch|Not reported",1 Day(s)|2 Day(s)|>=1 Day(s),Formulation,1,1,1,1,1,1,1,1,1,1,1,1
198,99-30-9,"2,6-Dichloro-4-nitrobenzenamine",0,Contact,BIXZHMJUSMUDOQ-UHFFFAOYSA-N,1,181.29,"(181.29, inf)",True,False,False,False,True,377,0e71191ff21f1d93ca6fbbf3f613ddf5d4e6341b88d5c51bfb84ba7be7acf47d,184644,>181.29 ug/bee,Adult,2 Day(s),Formulation,0,0,0,0,0,0,0,0,0,0,0,0
199,61-31-4,"1-Naphthaleneacetic acid, Sodium salt",1,Contact,CJUUXVFWKYRHAR-UHFFFAOYSA-M,1,96.7,"(96.7, inf)",True,True,False,False,True,211,4dd6b62e5308792e19f16616902450d22c1d46c0bf28e47fe12e75d8dad27a87,184644,>96.7 AI ug/org,Adult,2 Day(s),Active ingredient,0,0,0,0,0,0,0,0,1,1,-1,-1
202,3653-48-3,2-(4-Chloro-2-methylphenoxy)acetic acid sodium salt (1:1),0,Oral,STAPBGVGYWCRTF-UHFFFAOYSA-M,1,104.7,"[104.7, 104.7]",False,False,True,False,False,1016,d0a07a882e5c92d9b6c689e2544fcd0c3f3368d3c4a81b09dc500f03a3bfacf6,64839,0.10470 mg/org,Adult,1 Day(s),Formulation,0,0,0,0,0,0,0,0,0,0,0,0
203,131-89-5,"2-Cyclohexyl-4,6-dinitrophenol",0,Contact,QJYHUJAGJUHXJN-UHFFFAOYSA-N,1,2175.0,"[2175, 2175]",True,False,True,False,False,508,f8142a84634b0862804da113104b54970ca2f644857b898e6d6a8db146e6c954,184644,2175 AI ug/org,Adult,2 Day(s),Formulation,0,0,0,0,0,0,0,0,0,0,0,0
204,69327-76-0,"2-[(1,1-Dimethylethyl)imino]tetrahydro-3-(1-methylethyl)-5-phenyl-4H-1,3,5-thiadiazin-4-one",1,Oral,PRLVTUNWOQKEAI-UHFFFAOYSA-N,1,14.51,"(14.51, inf)",False,False,False,False,True,1619,15c70a319f26f3129afbec52bdd41e42c48e2d632bcbdca2eb33cae9e5ba024f,184644,>14.51 AI ug/org/d,Larva,8 Day(s),Active ingredient,0,0,0,0,0,0,0,0,1,1,-1,-1
205,76-44-8,"1,4,5,6,7,8,8-Heptachloro-3a,4,7,7a-tetrahydro-4,7-methano-1H-indene",3,Contact,FRCCEHPWNOQAEU-UHFFFAOYSA-N,1,0.526,"[0.526, 0.526]",True,False,True,False,False,303,26c05988078140147b937595dca2be348b6a26e44829a13e6d4ee9a0f685be4d,184644,0.526 ug/bee,Adult,2 Day(s),Formulation,1,1,1,1,1,1,1,1,1,1,1,1
206,93-79-8,"2-(2,4,5-Trichlorophenoxy)acetic acid, Butyl ester",0,Oral,FNEXNZUHBCBQTI-UHFFFAOYSA-N,4,534.05,"[534.05, 534.05]",False,False,True,False,False,358|359|360|361,51073f7a6780ef4eead007b5a679015de7f999ca14abcd2e9b9c3eb0659168ac|5122ad86b9f7b38cb5ade0be08aba87643b24f1a0818628bc20aecc19f6aacf4|f7e406d1202f442f0a7af76be456aa3851d4d15f456f3f461fd32115a07d37fd|101ef8681b22e206148be3f4a31e16f326286875dfcd19c99313d6ebcaf50cd2,39264,482.3 ug/bee; 421.5 ug/bee; 709.3 ug/bee; 585.8 ug/bee,Not reported,1 Day(s),Formulation,0,0,0,0,0,0,0,0,0,0,0,0
207,309-00-2,"(1R,4S,4aS,5S,8R,8aR)-rel-1,2,3,4,10,10-Hexachloro-1,4,4a,5,8,8a-hexahydro-1,4:5,8-dimethanonaphthalene",3,Contact,QBYJBZPUGVGKQQ-UHFFFAOYSA-N,6,0.18,"[0.18, 0.18]",False,False,True,False,False,628|629|631|632|634|635,40215719202b9739fb9665e475831cd49ee2fad32deecb9172ee21a38c2d4461|a8cd420bafb6c9987290358f15e22b16a07746c58ecac86b2c9a037fd58f810f|2bcd3469afe20874eec13a2b34ac6c2c26d714371b876f1a5a35fe54f6e0ade9|8deedf5c5ae8f0e218d619dc561cc5d221f7f061b3cdf4239783fad8c0ce8172|f270c3ac7ec484e4f8c4e50f95d4ef7517c4c2fd08b8838ba07013f1fff85cec|a8cd420bafb6c9987290358f15e22b16a07746c58ecac86b2c9a037fd58f810f,110800|157762|184644,~0.16 ug/org; ~0.18 ug/org; ~0.20 ug/org; 60.5 ng/org; 0.353 ug/bee; ~0.18 ug/org,Adult,1 Day(s)|2 Day(s)|21 Day(s),Active ingredient|Formulation,1,1,1,1,1,1,1,1,1,1,1,1
210,950-35-6,"Phosphoric acid, Dimethyl 4-nitrophenyl ester",3,Oral,BAFQDKPJKOLXFZ-UHFFFAOYSA-N,1,0.03,"[0.03, 0.03]",False,False,True,False,False,726,d1ee90525d019af343e713ca8e5f5a680021a21223155e83c8e9bdd732ba2544,79198,30 ng/org,Not reported,1 Day(s),Active ingredient,1,1,1,1,1,1,1,1,1,1,1,1
214,60-57-1,"(1aR,2R,2aS,3S,6R,6aR,7S,7aS)-rel-3,4,5,6,9,9-Hexachloro-1a,2,2a,3,6,6a,7,7a-octahydro-2,7:3,6-dimethanonaphth[2,3-b]oxirene ",3,Contact,DFBKLUNHFCTMDC-UHFFFAOYSA-N,4,0.0881,"[0.0881, 0.0881]",False,False,True,False,False,200|205|206|210,918d12627584a1b22eed5ae3b7e2443fbe6e56267c2ca32c3567976416b096fe|59e5f20f9c00a89b2fec54b4a14c1793a10443cefa06548a6e5e56a9bfd1f2d5|d6e0e193c4dc780b9853f62d8d58c275f68034c64daa7c0b58cf48d7824d132c|184178089605db9649cd7f92dd8a60c363e5e27303f9ee95bf04198c5661c3f7,157762|184644|35461|39126,0.16 ug/bee; 37.2 ng/org; 0.139 ug/bee; 0.0006 ug/org,Adult|Not reported,1 Day(s)|2 Day(s)|>=1 Day(s),Formulation,1,1,1,1,1,1,1,1,1,1,1,1
215,88-85-7,"2-(1-Methylpropyl)-4,6-dinitrophenol",1,Contact,OWZPCEFYPSAJFR-UHFFFAOYSA-N,1,36.26,"[36.26, 36.26]",True,False,True,False,False,329,6b01f6b328347cb5168f928a79e562c45f6dcf67fc5a6e1db4941f63218fb87d,184644,36.26 AI ug/org,Adult,2 Day(s),Formulation,0,0,0,0,0,0,0,0,1,1,1,1
216,126-75-0,"O,O-Diethyl S-[2-(ethylsulfanyl)ethyl] phosphorothioate",2,Contact,GRPRVIYRYGLIJU-UHFFFAOYSA-N,1,1.49,"[1.49, 1.49]",True,False,True,False,False,507,2ac030dd4e6d600f66c62189b0e217a04a22310570100dd7636d23f8250da266,184644,1.49 ug/bee,Adult,2 Day(s),Formulation,0,0,0,0,1,1,1,1,1,1,1,1
217,64902-72-3,"2-Chloro-N-[[(4-methoxy-6-methyl-1,3,5-triazin-2-yl)amino]carbonyl]benzenesulfonamide",1,Contact,VJYIFXVZLXQVHO-UHFFFAOYSA-N,1,25.0,"(25, inf)",True,True,False,False,True,1587,172e6546d5fc70c9cee03a6eec70180c51e554d2b2a23f95a85166f3dd1307d4,184644,>25 AI ug/org,Adult,2 Day(s),Active ingredient,0,0,0,0,0,0,0,0,1,1,-1,-1
218,9002-93-1,"alpha-(4-(1,1,3,3-Tetramethylbutyl)phenyl)-omega-hydroxypoly(oxy-1,2-ethanediyl)",0,Contact,JYCQQPHGFMYQCF-UHFFFAOYSA-N,1,1436.0,"[1436, 1436]",True,True,True,False,False,1126,55141c6108ea6e3bd990db3e31b3f47a9f9b9ff75ed3091031d3fe255da17bbf,187153,1436 AI ug/org,Adult,2 Day(s),Active ingredient,0,0,0,0,0,0,0,0,0,0,0,0
219,52645-53-1,"3-(2,2-Dichloroethenyl)-2,2-dimethylcyclopropanecarboxylic acid, (3-Phenoxyphenyl)methyl ester",3,Contact,RLLPVAHGXHCWKJ-UHFFFAOYSA-N,3,0.025,"[0.025, 0.025]",False,False,True,False,False,1508|1514|1515,673805b0a7ff6d3121453982c4ed9ad35c001f1512de59632222bce477838ee4|df8a16a8f60c9ac6c1092bd6a19b29c611eb625a0b55b4d0321d24234eb3e5c4|ca83a23ad5c50997685fcca0ace49ea1bb097b28a802ee5cb412b9e8b053a57d,184644|35461|39551,0.025 AI ug/org; 0.11 ug/bee; 0.024 AI ug/org,Adult|Not reported,2 Day(s)|>=1 Day(s),Active ingredient|Formulation,1,1,1,1,1,1,1,1,1,1,1,1
221,2303-17-5,"N,N-Bis(1-methylethyl)carbamothioic acid, S-(2,3,3-trichloro-2-propen-1-yl) ester",1,Contact,MWBPRDONLNQCFV-UHFFFAOYSA-N,2,30.63,"(30.63, inf)",True,False,False,False,True,901|902,fb4f092c637ea567b7ceeb31e958e93710b0eb4ae7c48b0ad7d6295772e60d4e|c75e7cd5072158163519c7be5a21a0f72bcb5214cdfade398d3f111269f31bf9,184644,>25 AI ug/org; >36.26 ug/bee,Adult,2 Day(s),Active ingredient|Formulation,0,0,0,0,0,0,0,0,1,1,-1,-1
222,51707-55-2,"N-Phenyl-N'-1,2,3-thiadiazol-5-yl-urea",1,Contact,HFCYZXMHUIHAQI-UHFFFAOYSA-N,2,99.05,"(99.05, inf)",False,False,False,True,True,1475|1477,52a7ed45ceb50f11386bea3918d79daa8204602532d4b32e4d961559b83659dd|501f89b02f4b6e5173856e10ece0ba4b57b04094f0ec7a946f6974b775fe28f0,184644,>100 AI ug/org; >98.1 AI ug/org,Adult,2 Day(s)|3 Day(s),Active ingredient|Formulation,0,0,0,0,0,0,0,0,1,1,-1,-1
224,3383-96-8,"O,O'-(Thiodi-4,1-phenylene) O,O,O',O'-tetramethyl ester phosphorothioic acid",2,Contact,WWJZWCUNLNYYAU-UHFFFAOYSA-N,1,1.55,"[1.55, 1.55]",True,False,True,False,False,1013,782eeda748cf946446f261db89d1a1a752ccfcea036d434f1d2f52bdd6d11eb5,184644,1.55 ug/bee,Adult,2 Day(s),Formulation,0,0,0,0,1,1,1,1,1,1,1,1
225,639-58-7,Chlorotriphenylstannane,1,Contact,NJVOZLGKTAPUTQ-UHFFFAOYSA-M,1,96.69,"[96.69, 96.69]",True,False,True,False,False,692,ee14a4a3812db4b7d45aaef30ca7e47700ff1b14c1732860cadbf89e792051ce,184644,96.69 AI ug/org,Adult,2 Day(s),Formulation,0,0,0,0,0,0,0,0,1,1,1,1
226,333-41-5,"O,O-Diethyl O-[6-methyl-2-(1-methylethyl)-4-pyrimidinyl] ester phosphorothioic acid",3,Other,FHIVAFMUCKRCQO-UHFFFAOYSA-N,5,0.000121,"[0.000121, 0.000121]",False,False,True,False,False,653|654|655|656|657,9f6f652b7385940940b744e356d701e2a6367b51f2c09c9e4d2caf011ecef798|158143127858161edc882947f3324367e367ac2b171c3a867cacc5064cdff21b|220dd0c86c8f36530b84d1d1c934e6e3c6ad926f10dd3813c9e9a260f9df2781|f50953afc84981dbddf8becbc10e6c62df7e1170ccd264290b6237cb7ebbbfc5|513827b2b735bedd65eac860c952f2defb66f618d552b83a879d726171c87417,70351,0.0000129 ug/org; 0.000407 ug/org; 0.372 ug/org; 0.000121 ug/org; 0.0000545 ug/org,Adult|Larva,NR Emergence,Active ingredient,1,1,1,1,1,1,1,1,1,1,1,1
229,2536-31-4,"2-Chloro-9-hydroxy-9H-fluorene-9-carboxylic acid, Methyl ester",1,Contact,LINPVWIEWJTEEJ-UHFFFAOYSA-N,1,25.0,"(25, inf)",True,False,False,False,True,930,ee8f7a5494c7e9b94e323e015f4ed0ef62683349527ae51ac9230f4b9c0f9fb6,184644,>25 ug/bee,Adult,2 Day(s),Formulation,0,0,0,0,0,0,0,0,1,1,-1,-1
230,1897-45-6,"2,4,5,6-Tetrachloro-1,3-benzenedicarbonitrile",0,Contact,CRQQGFGUEAVUIL-UHFFFAOYSA-N,1,181.29,"(181.29, inf)",True,False,False,False,True,857,46eab5520e04445cbd64b5e949fe517c6b960f6bbd101632d84fef975a85a190,184644,>181.29 ug/bee,Adult,2 Day(s),Formulation,0,0,0,0,0,0,0,0,0,0,0,0
233,72-56-0,"1,1'-(2,2-Dichloroethylidene)bis[4-ethylbenzene",2,Contact,QFMDFTQOJHFVNR-UHFFFAOYSA-N,1,4.47,"[4.47, 4.47]",True,False,True,False,False,299,619f83d5b2ddc9fec4c74ab0779e6a81ec756f80cf134e0e9b0c42ef11e52f22,184644,4.47 ug/bee,Adult,2 Day(s),Formulation,0,0,0,0,1,1,1,1,1,1,1,1
235,3244-90-4,"Thiodiphosphoric acid, Tetrapropyl ester",1,Contact,IIDFEIDMIKSJSV-UHFFFAOYSA-N,1,17.43,"[17.43, 17.43]",True,False,True,False,False,1011,2c2c772f91c9d6eb8927299a6baf8e5ade8f5a3a33ae63aa4639e066937a6b3c,184644,17.43 AI ug/org,Adult,2 Day(s),Formulation,0,0,0,0,0,0,0,0,1,1,1,1
237,142-59-6,"N,N'-1,2-Ethanediylbiscarbamodithioic acid, Sodium salt (1:2)",1,Contact,UQJQVUOTMVCFHX-UHFFFAOYSA-L,1,12.09,"(12.09, inf)",True,False,False,False,True,544,6ec763da80566588af6d78413abefffb4379b9515e16aad24e41dfc1fafe7428,184644,>12.09 ug/bee,Adult,2 Day(s),Formulation,0,0,0,0,0,0,0,0,1,1,-1,-1
238,301-12-2,"Phosphorothioic acid, S-[2-(Ethylsulfinyl)ethyl] O,O-dimethyl ester",3,Oral,PMCVMORKVPSKHZ-UHFFFAOYSA-N,1,0.31,"[0.31, 0.31]",False,False,True,False,False,622,125b77cd9285950e63e306067f828a26ab1c984a587a815a77fb0af023c3d912,35461,0.31 ug/bee,Not reported,>=1 Day(s),Formulation,1,1,1,1,1,1,1,1,1,1,1,1
239,150-68-5,"N'-(4-chlorophenyl)-N,N-dimethylurea",0,Contact,BMLIZLVNXIYGCK-UHFFFAOYSA-N,1,110.0,"[110, 110]",True,False,True,False,False,557,6bff111382c012e672eea222b5d97b2711a32eea70606f1cc30c76f01f08a34f,184644,110 ug/bee,Adult,2 Day(s),Formulation,0,0,0,0,0,0,0,0,0,0,0,0
240,13194-48-4,"Phosphorodithioic acid O-ethyl S,S-dipropyl ester",2,Contact,VJYFKVYYMZPMAB-UHFFFAOYSA-N,2,2.58,"[2.58, 2.58]",True,False,True,False,False,1184|1185,9c232c4db1684373f1ec6863174a312a9ca0322194306dd95e9e8e9e7454e3b5|470dba847c12e18310f7ab49e85433b23a5101602c2cbf2a1e565a6ad03bab3e,184644,2.58 ug/bee; 2.58 AI ug/org,Adult,2 Day(s),Active ingredient|Formulation,0,0,0,0,1,1,1,1,1,1,1,1
241,101-21-3,"N-(3-Chlorophenyl)carbamic acid, 1-Methylethyl ester",1,Contact,CWJSHJJYOPWUGX-UHFFFAOYSA-N,1,36.26,"(36.26, inf)",True,False,False,False,True,378,ff343e9e6e66e1b54e1df8d27175b9fdd0d58f66501c097cfd790a98a79eae52,184644,>36.26 ug/bee,Adult,2 Day(s),Formulation,0,0,0,0,0,0,0,0,1,1,-1,-1
243,61-82-5,"1H-1,2,4-Triazol-3-amine",0,Contact,KLSJWNVTNUYHDU-UHFFFAOYSA-N,2,106.045,"(106.045, inf)",False,False,False,False,True,213|214,405dac3b94495a304ebbf737dd9da9afec6ecc217ef1070110661e5e38406ab6|e03372dde0e34ca3fcb378191b67d39935aaa5d0c9db861aa6e6179c70b2daa4,184644,>200 AI ug/org; >12.09 ug/bee,Adult,2 Day(s)|3 Day(s),Formulation,0,0,0,0,0,0,0,0,0,0,0,-1
246,86-50-0,"O,O-Dimethyl S-[(4-oxo-1,2,3-benzotriazin-3(4H)-yl)methyl] ester, Phosphorodithioic acid",3,Oral,CJJOSEISRRTUQB-UHFFFAOYSA-N,1,0.15,"[0.15, 0.15]",False,False,True,False,False,325,930dbe1b1dbbc60fc3f713b34a0c68fc76125ee9d10c82ecf299249e563c572f,35461,0.15 ug/bee,Not reported,>=1 Day(s),Formulation,1,1,1,1,1,1,1,1,1,1,1,1
247,115-26-4,"N,N,N',N'-Tetramethylphosphorodiamidic fluoride",2,Oral,PGJBQBDNXAZHBP-UHFFFAOYSA-N,1,1.905,"[1.905, 1.905]",False,False,True,False,False,400,1faeaa9be8b01c548c5c2f149f49d2ce99a6b606762c4f6837e99a38a7f0c902,64839,0.001905 mg/org,Adult,1 Day(s),Formulation,0,0,0,0,1,1,1,1,1,1,1,1
249,75-99-0,"2,2-Dichloropropanoic acid",1,Contact,NDUPDOJHUQKPAG-UHFFFAOYSA-N,1,24.17,"(24.17, inf)",True,False,False,False,True,301,8c40438cda1649f496333bca6d8ea509c544988ba25eca5676678c6d6c2814c3,184644,>24.17 ug/bee,Adult,2 Day(s),Formulation,0,0,0,0,0,0,0,0,1,1,-1,-1
251,78-34-2,Delnav,1,Contact,VBKKVDGJXVOLNE-UHFFFAOYSA-N,1,21.27,"[21.27, 21.27]",True,False,True,False,False,306,d3245d14d91b96bcbc31b351ce4dd7de4ad65b33eef3576efe83899a6211c45c,184644,21.27 ug/bee,Adult,2 Day(s),Formulation,0,0,0,0,0,0,0,0,1,1,1,1
253,55-38-9,"O,O-Dimethyl O-[3-methyl-4-(methylthio)phenyl]ester phosphorothioic acid",3,Contact,PNVJTZOFSHSLTO-UHFFFAOYSA-N,1,0.308,"[0.308, 0.308]",True,False,True,False,False,87,babd12334e3ca39d172b25b2c4de5a3275e829466d46810440e54a9d8b7f3ce9,184644,0.308 ug/bee,Adult,2 Day(s),Formulation,1,1,1,1,1,1,1,1,1,1,1,1
254,298-04-4,"Phosphorodithioic acid, O,O-Diethyl-S-[2-(ethylthio)ethyl] ester",2,Contact,DOFZAZXDOSGAJZ-UHFFFAOYSA-N,4,2.705,"[2.705, 2.705]",False,False,True,False,False,591|599|603|606,e0fd1c88a32eb7a141b6aea5bddc48aec367f723b8c29c2bb9ec5aa7396fcf4b|9dbd851cd3c6f8d3d38c641f157ccdfda9fa7c720eaae7984a71e3c8fac7f24c|2076e5fd80b550b3546bc60cfe7cc78957cf0b40abd798b07fc5ee1f0d626edb|573f54e736a8d50ac289ec30e0c87abccde72be6351107f43b533d8bfd807d26,184644|35461,1.11 AI ug/org; 4.3 ug/bee; 5.14 ug/bee; 0.96 AI ug/org,Adult|Not reported,2 Day(s)|>=1 Day(s),Active ingredient|Formulation,0,0,0,-1,1,1,1,1,1,1,1,1
255,93-72-1,"2-(2,4,5-Trichlorophenoxy)propanoic acid",0,Contact,ZLSWBLPERHFHIS-UHFFFAOYSA-N,1,241.72,"(241.72, inf)",True,False,False,False,True,356,dd890383dc7bc984eb8cd2ea4768406b5fa26991ac0f498710237d84e1a0f74a,184644,>241.72 ug/bee,Adult,2 Day(s),Formulation,0,0,0,0,0,0,0,0,0,0,0,0
261,122-34-9,"6-Chloro-N,N'-diethyl-1,3,5-triazine-2,4-diamine",1,Contact,ODCWYMIRDDJXKW-UHFFFAOYSA-N,1,96.69,"(96.69, inf)",True,False,False,False,True,503,49a0cccb0eb556af44ff1d2b68be2a40be82e07438ac9bb2de13a99ae00b6cb8,184644,>96.69 ug/bee,Adult,2 Day(s),Formulation,0,0,0,0,0,0,0,0,1,1,-1,-1
262,919-86-8,"S-[2-(Ethylthio)ethyl]O,O-dimethyl ester phosphorothioic acid",3,Oral,WEBQKRLKWNIYKK-UHFFFAOYSA-N,1,0.21,"[0.21, 0.21]",False,False,True,False,False,721,b39d652ff8ed5e659e18e5305b2d61c40cea543ce93c3094666c3411c50b2b73,35461,0.21 ug/bee,Not reported,>=1 Day(s),Formulation,1,1,1,1,1,1,1,1,1,1,1,1
264,950-37-8,"Phosphorodithioic acid S-[(5-methoxy-2-oxo-1,3,4-thiadiazol-3(2H)yl)methyl] O,O-dimethyl ester",3,Contact,MEBQXILRKZHVCX-UHFFFAOYSA-N,2,0.236,"[0.236, 0.236]",True,False,True,False,False,728|733,b79a01fcdbfa20ed3e59bff73e4bc32a8d5e2b103bdb949a8f47ea48d83bbe37|89f7c0f571c6d8ae7711ea917ad2af6f99d84654ca2c432067b7547bc758c601,184644,0.236 AI ug/org; 0.236 ug/bee,Adult,2 Day(s),Formulation,1,1,1,1,1,1,1,1,1,1,1,1
265,139-40-2,"6-Chloro-N2,N4-bis(1-methylethyl)-1,3,5-triazine-2,4-diamine",1,Contact,WJNRPILHGGKWCK-UHFFFAOYSA-N,1,96.69,"(96.69, inf)",True,False,False,False,True,530,4dacff5b59003f45d482027b22baee17260faf448661674efc17742b7cf5c45e,184644,>96.69 ug/bee,Adult,2 Day(s),Formulation,0,0,0,0,0,0,0,0,1,1,-1,-1
266,2597-03-7,"alpha-[(Dimethoxyphosphinothioyl)thio] benzeneacetic acid, Ethyl ester",3,Contact,XAMUDJHXFNRLCY-UHFFFAOYSA-N,1,0.306,"[0.306, 0.306]",True,False,True,False,False,932,a553d684a315f8532cfda9eb371b8241c282e41dfd238aff5a3c4a0a4eed4db0,184644,0.306 ug/bee,Adult,2 Day(s),Formulation,1,1,1,1,1,1,1,1,1,1,1,1
268,76578-12-6,2-[4-[(6-Chloro-2-quinoxalinyl)oxy]phenoxy]propanoic acid,1,Contact,ABOOPXYCKNFDNJ-UHFFFAOYSA-N,1,50.0,"(50, inf)",True,True,False,False,True,1660,e1bc1d3220cac5063e17d95a0843949eebd116e79025adbfe27e94bf72e377d3,184644,>50 AI ug/org,Adult,2 Day(s),Active ingredient,0,0,0,0,0,0,0,0,1,1,-1,-1
269,55335-06-3,"2-[(3,5,6-Trichloro-2-pyridinyl)oxy]acetic acid",1,Oral,REEQLXCGVXDJSQ-UHFFFAOYSA-N,2,60.5,"(60.5, inf)",False,False,False,False,True,1543|1545,2c8491980bb77851ffb4da955071481f7ff2357563378a39f4b4544b0fa41e30|9ac4fd2e6a29d180ff087ea4085920e0c4818fb88ffee8aab3684bc2b8b70cce,184644,22 AI ug/org/d; >99 AI ug/org,Adult|Larva,2 Day(s)|8 Day(s),Active ingredient,0,0,0,0,0,0,0,0,1,1,-1,-1
270,56-72-4,"Phosphorothioic acid O-(3-chloro-4-methyl-2-oxo-2H-1-benzopyran-7-yl) O,O-diethyl ester",2,Oral,BXNANOICGRISHX-UHFFFAOYSA-N,5,3.1,"[3.1, 3.1]",False,False,True,False,False,101|102|103|104|105,d98f5526832a70b237e9348291fe2e4dda011cb8d0efe250b42e8ee38d37090b|ed9a20bd8ef2a922a200a1654b56622388a9b5bf7e34d4c28ff819bff890ec7f|1a5fb6a7b3140b3f8f8ec6944a0323529079e038a4c2bef2e2425e6ba846d451|6f0b30b64b4922babe103b8d0a0941229a297aa787eb7946d719a4d162058003|da371cb355f0c1c556d8e0ac04b3e32862d26415daff6e1c3e570836bd1f3699,101175|175349,3.10 ug/org; 6.3 ug/org; 6.04 ug/org; 2.99 ug/org; 2.70 ug/org,Larva|Not reported,1 Day(s)|3 Day(s),Active ingredient|Formulation,0,0,0,0,1,1,1,1,1,1,1,1
271,298-02-2,"O,O-Diethyl S-[(ethylthio)methyl])ester, Phosphorodithioic acid",3,Oral,BULVZWIRKLYCBC-UHFFFAOYSA-N,1,0.44,"[0.44, 0.44]",False,False,True,False,False,589,41c219739a811b0ac1e5fdef2c1b14a432886cdb15f7f019a9bfc53b718c90f7,35461,0.44 ug/bee,Not reported,>=1 Day(s),Formulation,1,1,1,1,1,1,1,1,1,1,1,1
273,759-94-4,"N,N-dipropylcarbamothioic acid S-ethyl ester",2,Oral,GUVLYNGULCJVDO-UHFFFAOYSA-N,1,11.0,"[11, 11]",False,False,True,False,False,707,728051352bf11765d141567cef77825061f8ec36411e9aadce8299da9112f495,184644,11 AI ug/org,Larva,3 Day(s),Active ingredient,0,0,0,0,1,1,1,1,1,1,1,1
279,13171-21-6,"Phosphoric acid, 2-Chloro-3-(diethylamino)-1-methyl-3-oxo-1-propen-1-yl dimethyl ester",3,Contact,RGCLLPNLLBQHPF-UHFFFAOYSA-N,3,0.015,"[0.015, 0.015]",False,False,True,False,False,1180|1181|1183,d61682ce96ddfb564e9deec01405bc38ec3bda2feb502bba2d6d19a52497bb7b|4858f2563394f5b919fdb8241f9f6ec94ee9d6fa5c041f0983ab9af5bf8cc7cc|f5a5d3fc544b9260ed9fa068e1ba633261c83d7baed7e888676dceec6efa4911,184644|191065|39126,0.015 ug/org; 1.46 ug/bee; 0.0020 ug/org,Adult,1 Day(s)|2 Day(s),Active ingredient|Formulation,1,1,1,-1,1,1,1,1,1,1,1,1
280,2310-17-0,"S-[(6-Chloro-2-oxo-3(2H)-benzoxazolyl)methyl]O,O-diethyl ester phosphorodithioic acid",2,Contact,IOUNQDKNJZEDEP-UHFFFAOYSA-N,1,8.94,"[8.94, 8.94]",True,False,True,False,False,903,58c69fbe8a4f40546d7b58afead46a66c08c4356a038d50a6a9f8086fc9ee4b4,184644,8.94 ug/bee,Adult,2 Day(s),Formulation,0,0,0,0,1,1,1,1,1,1,1,1
281,1610-18-0,"6-Methoxy-N2,N4-bis(1-methylethyl)-1,3,5-triazine-2,4-diamine",1,Contact,ISEUFVQQFVOBCY-UHFFFAOYSA-N,1,36.0,"[36, 36]",True,True,True,False,False,835,74da9f9740baf9e5f14006000d91cb5e7a38f0724d8bcb02dad7ef3ea094c065,184644,36 AI ug/org,Adult,2 Day(s),Active ingredient,0,0,0,0,0,0,0,0,1,1,1,1
283,4685-14-7,"1,1'-Dimethyl-4,4'-bipyridinium",2,Contact,INFDPOAKFNIJBF-UHFFFAOYSA-N,1,6.04,"(6.04, inf)",True,False,False,False,True,1018,ce1477efb576c05424c24bbc292888e758f46f2920c6a3204c975071f64437e4,184644,>6.04 ug/bee,Adult,2 Day(s),Formulation,0,0,0,0,1,1,-1,-1,1,1,-1,-1
287,644-64-4,Dimetilan,2,Contact,RDBIYWSVMRVKSG-UHFFFAOYSA-N,1,5.84,"[5.84, 5.84]",True,False,True,False,False,695,1888b89554a17359817e1d22d351de08a740f58f312d97c93ede8ab982233557,184644,5.84 ug/bee,Adult,2 Day(s),Formulation,0,0,0,0,1,1,1,1,1,1,1,1
288,834-12-8,"N2-Ethyl-N4-(1-methylethyl)-6-(methylthio)-1,3,5-triazine-2,4-diamine",1,Contact,RQVYBGPQFYCBGX-UHFFFAOYSA-N,2,98.345,"(98.345, inf)",True,False,False,True,True,715|716,9d417c2f7992ac4f289af15bdb2c7092a7e41c34ee3ce7045fc16cc132cb402e|b0996d8051898e5db861f6419c77dd65ae8e7217fc8b8a1028e82cd550461a55,184644,>96.69 ug/bee; >100 AI ug/org,Adult,2 Day(s),Active ingredient|Formulation,0,0,0,0,0,0,0,0,1,1,-1,-1
289,1912-24-9,"6-Chloro-N-ethyl-N'-(1-methylethyl)-1,3,5-triazine-2,4-diamine",1,Contact,MXWJVTOOROXGIU-UHFFFAOYSA-N,1,96.69,"(96.69, inf)",True,False,False,False,True,864,04fc249e3e9c067f463fbebfa96a61f423bcf71e017c3cdd200f1fe3bd024826,184644,>96.69 ug/bee,Adult,2 Day(s),Formulation,0,0,0,0,0,0,0,0,1,1,-1,-1
291,7287-19-6,"N2,N4-Bis(1-methylethyl)-6-(methylthio)-1,3,5-triazine-2,4-diamine",1,Contact,AAEVYOVXGOFMJO-UHFFFAOYSA-N,1,96.69,"(96.69, inf)",True,False,False,False,True,1043,01f6206171c7301f6b99ad3056d88113f10489dc589296a9ea876302961d1276,184644,>96.69 ug/bee,Adult,2 Day(s),Formulation,0,0,0,0,0,0,0,0,1,1,-1,-1
292,786-19-6,Carbofenthion,2,Contact,VEDTXTNSFWUXGQ-UHFFFAOYSA-N,2,2.935,"[2.935, 2.935]",False,False,True,False,False,712|713,44e6f7b5f0db5a29056a8b6ff8fe0cb0c7fc4bdfd6cbc4ba8985bf039b4b4e6a|b5f6cda0e94a8c9ed8b3ead725256ede4fe644cda2e15be559caa893fcc14c46,184644|35461,4.47 ug/bee; 1.4 ug/bee,Adult|Not reported,2 Day(s)|>=1 Day(s),Formulation,0,0,0,0,1,1,1,1,1,1,1,1
294,5326-23-8,6-Chloro-3-pyridinecarboxylic acid,1,Contact,UAWMVMPAYRWUFX-UHFFFAOYSA-N,1,50.0,"(50, inf)",False,False,False,False,True,1023,11a92fbe0dc6d372c8f47e15adcff6d9f175f9bc83e4ab0d359afe59a7f2e181,95986,>50 AI ug/org,Not reported,1 Day(s),Active ingredient,0,0,0,0,0,0,0,0,1,1,-1,-1
295,999-81-5,"2-Chloro-N,N,N-trimethylethanaminium chloride (1:1)",1,Contact,UHZZMRAGKVHANO-UHFFFAOYSA-M,1,100.0,"(100, inf)",True,False,False,True,False,737,a3891390e5e0b3dcc2f36eda6be6e0a81de98c6af959d673887b6d9215e8609f,184644,>100 ug/bee,Adult,2 Day(s),Formulation,0,0,0,0,0,0,0,0,1,1,0,0
296,148-79-8,2-(4-Thiazolyl)-1H-benzimidazole,2,Oral,WJCNZQLZVWNLKY-UHFFFAOYSA-N,3,4.0,"(4, inf)",False,False,False,False,True,553|554|555,a8b820a315e9cc92af619717e44c86c5b2e5dd66a210dbf46c3bc67ab1e74e4c|b70969de27a9804ac23b642238fa8a38e262f8e25a6e0d2c8e6450b88251cc83|11401a4dd4b1e3cbe4ec0c5090fbafb55e0bea173b555b13a3643735dac99e3c,184644,>0.98 AI ug/org/d; >7.26 AI ug/org; >4 AI ug/org,Adult|Larva,2 Day(s)|3 Day(s)|8 Day(s),Active ingredient,0,0,0,-1,1,1,-1,-1,1,1,-1,-1
298,1214-39-7,N-(Phenylmethyl)-1H-purin-6-amine,1,Contact,NWBJYWHLCVSVIJ-UHFFFAOYSA-N,1,25.0,"(25, inf)",False,False,False,False,True,754,048568350f0ecd2b89cde019d58b3ac07b1f9f215e3cf0b4ac696a5db6b7930d,184644,>25 AI ug/org,Adult,4 Day(s),Active ingredient,0,0,0,0,0,0,0,0,1,1,-1,-1
299,2104-64-5,P-Phenylphosphonothioic acid O-ethyl O-(4-nitrophenyl) ester ,3,Contact,AIGRXSNSLVJMEA-UHFFFAOYSA-N,1,0.245,"[0.245, 0.245]",True,False,True,False,False,887,9b5ba26a6da25547ab3bde20e993b038ead8203f2f58ff6d8ab1117b3acf1045,184644,0.245 ug/bee,Adult,2 Day(s),Formulation,1,1,1,1,1,1,1,1,1,1,1,1
303,315-18-4,"4-(Dimethylamino)-3,5-dimethylphenol, Methylcarbamate(ester)",3,Contact,YNEVBPNZHBAYOA-UHFFFAOYSA-N,2,0.1845,"[0.1845, 0.1845]",True,False,True,False,False,637|638,5579cf46fa9e969bae607545af1a69e0290efbf3ad951f16ee3be6bf6bf1f4ca|c9251df693dc408f2a66b000fe2fa7106b6e62294cc3213481f956e0c3182d09,184644|39551,0.061 AI ug/org; 0.308 ug/bee,Adult,2 Day(s),Active ingredient|Formulation,1,1,1,1,1,1,1,1,1,1,1,1
304,143-50-0,"1,1a,3,3a,4,5,5,5a,5b,6-Decachlorooctahydro-1,3,4-metheno-2H-cyclobuta[cd]pentalen-2-one",2,Contact,LHHGDZSESBACKH-UHFFFAOYSA-N,1,10.39,"[10.39, 10.39]",True,False,True,False,False,545,c925e45804881fcf2c9f6039204785e213ac62f44156d7754875242dabc92ccc,184644,10.39 ug/bee,Adult,2 Day(s),Formulation,0,0,0,0,1,1,1,1,1,1,1,1
306,15972-60-8,"2-Chloro-N-(2,6-diethylphenyl)-N-(methoxymethyl)acetamide",1,Contact,XCSGPAVHZFQHGE-UHFFFAOYSA-N,1,36.26,"(36.26, inf)",True,False,False,False,True,1216,f8c770fb2dd44aa3a7c7a7eec23121ddbe305613ff34524e027c1a45d8ccbd43,184644,>36.26 ug/bee,Adult,2 Day(s),Formulation,0,0,0,0,0,0,0,0,1,1,-1,-1
307,78-57-9,"S-[(4,6-Diamino-1,3,5-triazin-2-yl)methyl]O,O-dimethyl ester phosphorodithioic acid",3,Oral,SUYHYHLFUHHVJQ-UHFFFAOYSA-N,1,0.46,"[0.46, 0.46]",False,False,True,False,False,310,f8052460ed73048d363b552bdf1e3fbd87251e51e2c01194a0c99cd2b59ad697,35461,0.46 ug/bee,Not reported,>=1 Day(s),Formulation,1,1,1,1,1,1,1,1,1,1,1,1
308,297-97-2,"Phosphorothioic acid, O,O-Diethyl O-2-pyrazinyl ester  ",3,Contact,IRVDMKJLOCGUBJ-UHFFFAOYSA-N,1,0.042,"[0.042, 0.042]",True,False,True,False,False,558,389ac0dbb252f31882bb0cefbf1c6829ba8e6bfe3f048f353dc9dbc32c3a3463,184644,0.042 ug/bee,Adult,2 Day(s),Formulation,1,1,1,1,1,1,1,1,1,1,1,1
309,21609-90-5,"p-Phenylphosphonothioic acid, O-(4-Bromo-2,5-dichlorophenyl) O-methyl ester",2,Contact,CVRALZAYCYJELZ-UHFFFAOYSA-N,1,2.19,"[2.19, 2.19]",True,False,True,False,False,1262,873e846ca1d5d2c54fbc6a4f662b54844fa0d9c3b904ba50724428763498b7a6,184644,2.19 ug/bee,Adult,2 Day(s),Formulation,0,0,0,0,1,1,1,1,1,1,1,1
310,13356-08-6,"1,1,1,3,3,3-Hexakis(2-methyl-2-phenylpropyl)distannoxane",0,Contact,HOXINJBQVZWYGZ-UHFFFAOYSA-N,1,3982.0,"[3982, 3982]",True,False,True,False,False,1186,16f554dcfe42d74af81430adc2c6e355a9ff2d2ba7be75926663394093dc6898,184644,3982 AI ug/org,Adult,2 Day(s),Formulation,0,0,0,0,0,0,0,0,0,0,0,0
312,314-40-9,"5-Bromo-6-methyl-3-(1-methylpropyl)-2,4(1H,3H)-pyrimidinedione",0,Contact,CTSLUCNDVMMDHG-UHFFFAOYSA-N,1,193.38,"(193.38, inf)",True,False,False,False,True,636,a15e90cefc697b516a3917bfec578cfc9767adf73b5eb24a6349f279cb265d63,184644,>193.38 ug/bee,Adult,2 Day(s),Formulation,0,0,0,0,0,0,0,0,0,0,0,0
314,2032-59-9,"4-(Dimethylamino)-3-methylphenol, Methylcarbamate (ester)",3,Contact,IMIDOCRTMDIQIJ-UHFFFAOYSA-N,4,0.6205,"[0.6205, 0.6205]",False,False,True,False,False,878|880|882|883,e1b42f2cf12015a298b7e828aa686942f42ba4ad23cb9649dcea6e5fab7e5a90|44895b3d496f2c6b12a7e77dc464bd0022236db5d08bdb53474eedbd2544a6ef|89fdf906d0f5fdec95d2fcf3c2b5ac0b843289cb9669031e796d59dbf0e8d978|a80988ff6d69ab15b752f98ae81b85b9e2d0ad04b0e6be1c37dae0c251dbf0fc,184644|191065|39551,1.16 ug/bee; 1.12 ug/bee; 0.115 ug/org; 0.121 AI ug/org,Adult,1 Day(s)|2 Day(s),Active ingredient|Formulation,1,1,1,-1,1,1,1,1,1,1,1,1
317,66215-27-8,"N-Cyclopropyl-1,3,5-triazine-2,4,6-triamine",1,Contact,LVQDKIWDGQRHTE-UHFFFAOYSA-N,1,25.0,"(25, inf)",True,True,False,False,True,1588,536e671604f925e5fb0062d2017b162dffd4f0aaf8c72061e1837c554963a89b,184644,>25 AI ug/org,Adult,2 Day(s),Active ingredient,0,0,0,0,0,0,0,0,1,1,-1,-1
319,119-38-0,"N,N-dimethylcarbamic acid 3-methyl-1-(1-methylethyl)-1H-pyrazol-5-yl ester",3,Contact,RNNBHZYEKNHLKT-UHFFFAOYSA-N,1,0.471,"[0.471, 0.471]",True,False,True,False,False,455,8d1f9528ae949dcb78bf419db5885628f215a17b49bea9405c2d2197006c8c52,184644,0.471 ug/bee,Adult,2 Day(s),Formulation,1,1,1,1,1,1,1,1,1,1,1,1
320,1582-09-8,"2,6-Dinitro-N,N-dipropyl-4-(trifluoromethyl)benzenamine",1,Oral,ZSDSQXJSNMTJDA-UHFFFAOYSA-N,1,50.0,"(50, inf)",False,False,False,False,True,832,ecae667bdfd68656fdd052ae9e62cc1de422f11cdf50e68d9a844c5932a63c3a,35461,>50 ug/bee,Not reported,>=1 Day(s),Formulation,0,0,0,0,0,0,0,0,1,1,-1,-1
322,953-17-3,Methyl trithion,2,Contact,OUCCVXVYGFBXSV-UHFFFAOYSA-N,1,1.46,"[1.46, 1.46]",True,False,True,False,False,734,bfcfe0ecc1f99dffc89b8d8bcccf32a83c82e0c6c82b3364fea5e718af9d21e0,184644,1.46 ug/bee,Adult,2 Day(s),Formulation,0,0,0,0,1,1,1,1,1,1,1,1
324,2439-01-2,"6-Methyl-1,3-dithiolo[4,5-b]quinoxalin-2-one",1,Contact,FBQQHUGEACOBDN-UHFFFAOYSA-N,1,66.47,"[66.47, 66.47]",True,False,True,False,False,925,95a8f7848c13f110f2f44744586b6697e8fec8f6c2ecd968c2829863d99c45f8,184644,66.47 ug/bee,Adult,2 Day(s),Formulation,0,0,0,0,0,0,0,0,1,1,1,1
325,93-75-4,"1,3-Dithiolo[4,5-b]quinoxaline-2-thione",0,Contact,ILERPRJWJPJZDN-UHFFFAOYSA-N,1,121.0,"[121, 121]",True,False,True,False,False,357,5694f632d8eee30ae16ea2be188935c770820675a503e5c9e2b4714e4baf20a7,184644,121 AI ug/org,Adult,2 Day(s),Formulation,0,0,0,0,0,0,0,0,0,0,0,0
326,12427-38-2,"[[2-[(Dithiocarboxy)amino]ethyl]carbamodithioato(2-)-kappaS,kappaS']manganese",1,Contact,YKSNLCVSTHTHJA-UHFFFAOYSA-L,1,12.09,"(12.09, inf)",True,False,False,False,True,1164,e04f8f46cc85afa7181d411bd65a4d1f66433c99b29792a45e9c8dd26977793e,184644,>12.09 ug/bee,Adult,2 Day(s),Formulation,0,0,0,0,0,0,0,0,1,1,-1,-1
327,141-66-2,"Phosphoric acid, (1E)-3-(Dimethylamino)-1-methyl-3-oxo-1-propen-1-yl dimethyl ester",3,Other,VEENJGZXVHKXNB-UHFFFAOYSA-N,2,0.035,"[0.035, 0.035]",False,False,True,False,False,540|542,6ca76650587584f59f7c59fe1252b11bf9a832dd1d08fbb7a6ee891cfe96d49b|aa71a7eec6d75c6527c6c4514451b8af838852e78b120efbc50c122136828a63,180995,0.03 AI ug/org; 0.04 ug/bee,Not reported,2 Day(s),Active ingredient|Formulation,1,1,1,1,1,1,1,1,1,1,1,1
329,144-21-8,"Methylarsonic acid, Disodium salt",1,Contact,SDIXRDNYIMOKSG-UHFFFAOYSA-L,1,20.7,"(20.7, inf)",True,False,False,False,True,546,672c46f50bd478fae8619a4f868c59a8bf59268eb003cc1608b6f644c0884b7b,184644,>20.7 AI ug/org,Adult,2 Day(s),Formulation,0,0,0,0,0,0,0,0,1,1,-1,-1
335,1918-02-1,"4-Amino-3,5,6-trichloro-2-pyridinecarboxylic acid",1,Contact,NQQVFXUMIDALNH-UHFFFAOYSA-N,1,14.5,"(14.5, inf)",True,False,False,False,True,869,009a25f14c3d62ecea047e77c5d8aeafc0787150dfb970328d90bcca32d63c74,184644,>14.5 ug/bee,Adult,2 Day(s),Formulation,0,0,0,0,0,0,0,0,1,1,-1,-1
339,52-85-7,"O-[4[(Dimethylamino)sulfonyl]phenyl]O,O-dimethylester phosphorothioic acid",3,Contact,JISACBWYRJHSMG-UHFFFAOYSA-N,1,0.417,"[0.417, 0.417]",True,False,True,False,False,85,a10fccdfa192058b29d5cc7d4faa9baeb1717197d31a748d1008da3c489aa659,184644,0.417 ug/bee,Adult,2 Day(s),Formulation,1,1,1,1,1,1,1,1,1,1,1,1
340,2385-85-5,"1,1a,2,2,3,3a,4,5,5,5a,5b,6-Dodecachlorooctahydro-1,3,4-metheno-1H-cyclobuta[cd]pentalene",2,Contact,GVYLCNUFSHDAAW-UHFFFAOYSA-N,1,7.15,"[7.15, 7.15]",True,False,True,False,False,924,1282787030a72b7973de76d80bbfdc7004be76d0fc27c8fcb028464799c802a5,184644,7.15 ug/bee,Adult,2 Day(s),Formulation,0,0,0,0,1,1,1,1,1,1,1,1
343,1929-82-4,2-Chloro-6-(trichloromethyl)pyridine,1,Contact,DCUJJWWUNKIJPH-UHFFFAOYSA-N,1,100.0,"(100, inf)",True,True,False,True,False,873,9f64d2bcf1557528d05cd822af6ef5cd1967770273869cd1037fe7dee6204e83,184644,>100 AI ug/org,Adult,2 Day(s),Active ingredient,0,0,0,0,0,0,0,0,1,1,0,0
345,116-06-3,2-Methyl-2-(methylthio)propanol O-[(methylamino)carbonyl]oxime,3,Contact,QGLZXHRNAYXIBU-UHFFFAOYSA-N,1,0.285,"[0.285, 0.285]",True,False,True,False,False,445,49ea1e51ba7cb423261e3f0866313bae43e68f1f8275363e661d917811e10392,184644,0.285 ug/bee,Adult,2 Day(s),Formulation,1,1,1,1,1,1,1,1,1,1,1,1
346,470-90-6,"Phosphoric acid, 2-Chloro-1-(2,4-dichlorophenyl)ethenyl diethyl ester",3,Oral,FSAVDKDHPDSCTO-UHFFFAOYSA-N,1,0.55,"[0.55, 0.55]",False,False,True,False,False,671,0f480f68ffcad6f5b3adfe46259c52df2ad32f13a26542cb88bfd0040771e655,35461,0.55 ug/bee,Not reported,>=1 Day(s),Formulation,1,1,1,1,1,1,1,1,1,1,1,1
347,947-02-4,"1,3-Dithiolan-2-ylidenephosphoramidic acid diethyl ester",2,Contact,ILBONRFSLATCRE-UHFFFAOYSA-N,1,4.23,"[4.23, 4.23]",True,False,True,False,False,724,e68fbbc5663bc24bbf2846e0d6a271496184b1cd9c131daa8158984a9aad962b,184644,4.23 ug/bee,Adult,2 Day(s),Formulation,0,0,0,0,1,1,1,1,1,1,1,1
350,122-10-1,"3-[(Dimethoxyphosphinyl)oxy]-2-pentenedioic acid, Dimethyl ester",3,Contact,BZSSHIWHSJYWAD-UHFFFAOYSA-N,1,0.743,"[0.743, 0.743]",True,False,True,False,False,483,8f127be31d47659542edd373d8e6f0a2c8965f7df562331e0f08988ffada26df,184644,0.743 ug/bee,Adult,2 Day(s),Formulation,1,1,1,1,1,1,1,1,1,1,1,1
351,115-90-2,"Phosphorothioic acid, O,O-Diethyl O(4-methylsulfinyl)phenyl)ester",3,Contact,XDNBJTQLKCIJBV-UHFFFAOYSA-N,1,0.35,"[0.35, 0.35]",True,False,True,False,False,443,851a299109987c40329086fbbde500bbd2fb0f42cd66c1f4c1fb9d18c4ba3336,184644,0.35 ug/bee,Adult,2 Day(s),Formulation,1,1,1,1,1,1,1,1,1,1,1,1
355,1563-66-2,"2,3-Dihydro-2,2-dimethyl-7-benzofuranol 7-(N-methylcarbamate)",3,Contact,DUEPRVBVGDRKAG-UHFFFAOYSA-N,1,0.16,"[0.16, 0.16]",True,False,True,False,False,831,82387c95c21d99d6a22974674d172412c6c471518b5e407664ada030667c8065,184644,0.16 ug/bee,Adult,2 Day(s),Formulation,1,1,1,1,1,1,1,1,1,1,1,1
358,23135-22-0,2-(Dimethylamino)-N-[[(methylamino)carbonyl]oxy]-2-oxo-ethanimidothioic acid methyl ester,3,Other,KZAUOCCYDRDERY-UHFFFAOYSA-N,7,0.14,"[0.14, 0.14]",False,False,True,False,False,1279|1283|1284|1285|1286|1287|1293,47aafa1c914d3c628b8726407f8c1cb5f6efdc391aa144bba4e4fe879281d13b|3409441dc5cd8f89ff19b63efe869f266274fd6b5049bf943b018396fe1a234c|58934113bbb8e8e600ed47caaff7f4f14e7ddce696988043346469853f213480|a22098a83e9ea0f2768e189dea49bde46b8d16c49b68c588763ddb30c9e59c07|ca5e1a2047ff55b1485a30ed0af84d53f585f2830140b8e8d2a6fd9e3e2449e1|ce74c25c70a1e8a8732c1bad828b297becd214d041adc999edf9d566d0d6d321|bd90f6c1af6bea70b42105a35608b364bd343ed10ed1ba68a4f0ef218e2df994,180995|70351,0.34 ug/bee; 0.0226 ug/org; 0.00013 ug/org; 0.057 ug/org; 0.367 ug/org; 10.26 ug/org; 0.14 AI ug/org,Adult|Larva|Not reported,2 Day(s)|NR Emergence,Active ingredient|Formulation,1,1,1,-1,1,1,1,1,1,1,1,1
359,327-98-0,"O-Ethyl O-(2,4,5-trichlorophenyl)ester ethylphosphonothioic acid",2,Contact,ANIAQSUBRGXWLS-UHFFFAOYSA-N,1,2.33,"[2.33, 2.33]",True,False,True,False,False,642,1c97153dbe15178cfaa17cb00ccd1207c17e2b38e7452d5aff6c289914bd0a22,184644,2.33 ug/bee,Adult,2 Day(s),Formulation,0,0,0,0,1,1,1,1,1,1,1,1
361,2921-88-2,"Phosphorothioic acid, O,O-Diethyl O-(3,5,6-trichloro-2-pyridinyl) ester",3,Contact,SBPBAQFWLVIOKP-UHFFFAOYSA-N,5,0.068,"[0.068, 0.068]",False,False,True,False,False,992|996|998|1004|1010,8ebb530274913490a6d9ca96eda7ee3add834d15e146a9e102524e7124992a10|740b2d9be488711584d19e61c0224d4a29a59c523846560c24dd35d59e194210|f932b9d91368eb97bef7c48edd4b6dea648aed3f6da6907621ca889338393111|1f917232baaabe0227c92ae992d9c7a8dc727f5dc40eb1a4ae9e2c16f9cf7844|edc544dbb671158756cf911b51bcb63e4368effce9d5d73b734068d4d13b8049,167678|183290|184644|35461|67983,0.068 ug/org; 0.114 AI ug/org; 0.059 ug/bee; 0.0354 ug/org; 320.093 ng/org,Adult|Not reported,1 Day(s)|2 Day(s)|>=1 Day(s),Active ingredient|Formulation,1,1,1,1,1,1,1,1,1,1,1,1
363,51235-04-2,"3-Cyclohexyl-6-(dimethylamino)-1-methyl-1,3,5-triazine-2,4-(1H,3H)dione",1,Contact,CAWXEEYDBZRFPE-UHFFFAOYSA-N,1,100.0,"(100, inf)",True,True,False,True,False,1454,0db2bd18e1b8e5c912be0ec0f10c1d15bb27d0561361c2a0434bac54a6d66620,184644,>100 AI ug/org,Adult,2 Day(s),Active ingredient,0,0,0,0,0,0,0,0,1,1,0,0
366,16752-77-5,N-[[(Methylamino)carbonyl]oxy]ethanimidothioic acid methyl ester,3,Oral,UHXUZOCRWCRNSJ-UHFFFAOYSA-N,13,0.23,"[0.23, 0.23]",False,False,True,False,False,1222|1231|1232|1233|1234|1235|1236|1237|1238|1239|1240|1241|1242,44a98163e906725c13e5a62525e444a4cd2eaef691e326e6ee374785cfaa5007|fae8a8048b4602f2e622d3d07e36bf663ee14a116ea3c342025dd9c49c6e363b|24d41eb5644fa36eba1a4374608cf71b1c63fe9b92c673a43af4a228f6028260|38b325f9e605cb8bd2728b83656d2f861f4ddf121ad04c302d14751f2282b99a|5a645b94b7aed42de273e4d320b48f8ef015270c77b3cea4554fe3c153dc2590|9645b09b4d4be2076afcb410523af45901ac8c219bfe8c202cc8575c5853047c|0a7bbd7791103e3fb70616a9428088b4b51b7a08145886be62171ea42bc773bc|4f9009bf34424b432efa3b9c1eabc25369d4fdcf376996fd58ce88699ba1644a|85e80c48c97cadbf0b0703d38ef1592ba9fa2f25a8593efc780899dd1eb5d7d4|e06259ddd9c72b4ac36791318954559cad06523ef2a0fc8ab116a1bf89446df0|4937b1e24de14ef81e479cdcb3d9c32c159e4e0ba3b8596c84b1efe77e36f3d1|2c15e65a8fea1553efc1d90a5ba031a3e8432281dcaed01adf04614d39fe8292|030847b45a39f16667d2b5e5215160b8d16c006c578d2bd5ae156be7c93e6d41,184644|36201,3.48 AI ug/org/d; 0.17 ug/org; 0.33 ug/org; 0.23 ug/org; 0.24 ug/org; 0.36 ug/org; 0.17 ug/org; 0.21 ug/org; 0.19 ug/org; 0.26 ug/org; 0.17 ug/org; 0.27 ug/org; 0.23 ug/org,Larva|Not reported,1 Day(s)|3 Day(s),Active ingredient|Formulation,1,1,1,-1,1,1,1,1,1,1,1,1
367,2631-37-0,3-methyl-5-(1-methylethyl)phenol 1-(N-methylcarbamate)  ,2,Contact,DTAPQAJKAFRNJB-UHFFFAOYSA-N,1,1.13,"[1.13, 1.13]",True,False,True,False,False,933,89c278b0d8db496d2d0bd09c30142c236873be4f1420df4c04d9abb9f14ee68b,184644,1.13 ug/bee,Adult,2 Day(s),Formulation,0,0,0,0,1,1,1,1,1,1,1,1
369,7700-17-6,(2E)-3-[(Dimethoxyphosphinyl)oxy]-2-butenoic acid 1-phenylethyl ester,2,Contact,XXXSILNSXNPGKG-UHFFFAOYSA-N,1,2.26,"[2.26, 2.26]",True,False,True,False,False,1058,fdb3c81c920daeb75661ed889c8f60af5ca29b3d46bd2461c056d04db00903a8,184644,2.26 ug/bee,Adult,2 Day(s),Formulation,0,0,0,0,1,1,1,1,1,1,1,1
370,1113-02-6,"O,O-Dimethyl S-[2-(methylamino)-2-oxoethyl ester phosphorothioic acid",3,Oral,PZXOQEXFMJCDPG-UHFFFAOYSA-N,2,0.049,"[0.024, 0.049]",False,False,False,False,False,747|748,6840ee73fdbf9f9b3a747df13beebf4af4776c8b9f09ac746b0494b0fcf2db42|41e3224a2543208921d3a6e6d960313121f9ee024e4fe4a644304b1b86d3a20b,35461|79198,0.048 ug/bee; <=50 ng/org,Not reported,1 Day(s)|>=1 Day(s),Active ingredient|Formulation,1,1,1,1,1,1,1,1,1,1,1,1
371,2164-17-2,"N,N-Dimethyl-N'-[3-(trifluoromethyl)phenyl]urea",1,Contact,RZILCCPWPBTYDO-UHFFFAOYSA-N,3,100.0,"(100, inf)",True,False,False,True,True,891|897|899,c186c75e5b56bf6834e78041b0e016170afd06a880d82f5f842b5c54727d7e93|0f86e005b25d86618b87494a3781334736a0376aad97eb38290f83c844bdd94c|457a211d545e0a4194886eda714191e0e95ea92eaaf05c808ba54e648855102e,184644,>100 AI ug/org; >100 AI ug/org; >193.38 ug/bee,Adult,2 Day(s),Active ingredient|Formulation,0,0,0,0,0,0,0,0,1,1,0,0
374,1085-98-9,"1,1-Dichloro-N-[(dimethylamino)sulfonyl]-1-fluoro-N-phenylmethanesulfenamide",0,Oral,WURGXGVFSMYFCG-UHFFFAOYSA-N,2,535.0,"(535, inf)",False,False,False,False,True,745|746,fa1ea481179d4ca04e9a2db5fd7eac28c6dc98537ce357b7c054cb04a5e9ca6e|262b0e23c7b087607e16643b846ae54e3c794c060f4a88b7606e95f41dca616b,35461|39264,>70 ug/bee; >1000 ug/bee,Not reported,1 Day(s)|>=1 Day(s),Formulation,0,0,0,0,0,0,0,0,0,0,0,-1
379,22224-92-6,(1-Methylethyl)phosphoramidic acid ethyl-3-methyl-4-(methylthio)phenyl ester,2,Contact,ZCJPOPBZHLUFHF-UHFFFAOYSA-N,1,1.87,"[1.87, 1.87]",True,False,True,False,False,1263,6666c407fc3b900df6fd99c272e919cc952d417056e8b7c76b7f673ae0522b0f,184644,1.87 ug/bee,Adult,2 Day(s),Formulation,0,0,0,0,1,1,1,1,1,1,1,1
380,22248-79-9,"Phosphoric acid (1Z)-2-chloro-1-(2,4,5-trichlorophenyl)ethenyl dimethyl ester",2,Contact,UBCKGWBNUIFUST-UHFFFAOYSA-N,1,1.37,"[1.37, 1.37]",True,False,True,False,False,1264,6b8a7a370124f661bc6771b2fcc15b718f819248c7099c7a6b2df1d2b50c0d5e,184644,1.37 ug/bee,Adult,2 Day(s),Formulation,0,0,0,0,1,1,1,1,1,1,1,1
381,13121-70-5,Tricyclohexylhydroxystannane,1,Contact,UGCNRZFAUBJVPT-UHFFFAOYSA-N,2,39.34,"[39.34, 39.34]",True,False,True,False,False,1178|1179,5fb3846443bfff7e4279e7927fba24e1481f72e332379721d812a6262b81a59c|9ac1046473581cae54332659e467b4c6c2a1e71733e9735287348d9e5553bf37,184644,38.19 AI ug/org; 40.49 ug/bee,Adult,2 Day(s),Formulation,0,0,0,0,0,0,0,0,1,1,1,1
387,5234-68-4,"5,6-Dihydro-2-methyl-N-phenyl-1,4-oxathiin-3-carboxamide",1,Oral,GYSSRZJIHXQEHQ-UHFFFAOYSA-N,2,89.72,"(89.72, inf)",False,False,False,False,True,1019|1022,18dff6372625a29b330d720e8253494ea49c1f89911db6eb7909aa6796ff8a57|7a7eecf449cd6db362a8b846706bc29820d64790fc3b30337ba5d24593798ed2,184644,>104.44 AI ug/org; 75 AI ug/org/d,Adult|Larva,2 Day(s)|3 Day(s),Active ingredient,0,0,0,0,0,0,0,0,1,1,-1,-1
388,10605-21-7,N-1H-Benzimidazol-2-yl carbamic acid methyl ester,1,Contact,TWFZGCMQGLPBSX-UHFFFAOYSA-N,1,50.0,"(50, inf)",True,True,False,False,True,1158,9a6fa85e13e57a9a04e128b1d8257cb748dcd01bd301b769d4f4c014d7c62547,184644,>50 AI ug/org,Adult,2 Day(s),Active ingredient,0,0,0,0,0,0,0,0,1,1,-1,-1
389,18181-70-9,"Phosphorothioic acid, O-(2,5-Dichloro-4-iodophenyl) O,O-dimethyl ester",2,Contact,LFVLUOAHQIVABZ-UHFFFAOYSA-N,1,3.99,"[3.99, 3.99]",True,False,True,False,False,1257,a65869f53a69c4dfd6cfed2a4c05997b4a20fa80343f7c07922c461c00c7003c,184644,3.99 ug/bee,Adult,2 Day(s),Formulation,0,0,0,0,1,1,1,1,1,1,1,1
390,944-22-9,"Ethylphosphonodithioic acid, O-Ethyl S-phenyl ester",2,Contact,KVGLBTYUCJYMND-UHFFFAOYSA-N,1,3.3,"[3.3, 3.3]",False,False,True,False,False,722,02d264d5688fedad8d3dfdc2c3ebd60b8f1e257264df7cd26df7a6a018f6a220,35461,3.3 ug/bee,Not reported,>=1 Day(s),Formulation,0,0,0,0,1,1,1,1,1,1,1,1
392,17375-41-6,"Sulfuric acid, Iron(2+) salt(1:1), Monohydrate",1,Contact,XBDUTCVQJHJTQZ-UHFFFAOYSA-L,1,100.0,"(100, inf)",True,True,False,True,False,1248,1d2281ea00f4f3df354862491125401f3a27a13a8741837c0b7c2e6a0f4c9592,184644,>100 AI ug/org,Adult,2 Day(s),Active ingredient,0,0,0,0,0,0,0,0,1,1,0,0
393,1079-33-0,"Benzo[b]thiophene-4-ol, 4-(N-methylcarbamate)",3,Contact,BOTUVXISJHKZKJ-UHFFFAOYSA-N,1,0.423,"[0.423, 0.423]",True,False,True,False,False,744,217c3fa2e0361dfa4a2b74b34476699c0805cfccda5d72d20a3081cbafe57937,184644,0.423 ug/bee,Adult,2 Day(s),Formulation,1,1,1,1,1,1,1,1,1,1,1,1
396,1689-84-5,"3,5-Dibromo-4-hydroxybenzonitrile",2,Oral,UPMXNNIRAGDFEH-UHFFFAOYSA-N,1,3.3,"[3.3, 3.3]",True,True,True,False,False,850,fe5d1a493db03670036c73762c88b667db98c339db853f825b09200b9b11bdc5,184644,3.3 AI ug/org,Adult,2 Day(s),Active ingredient,0,0,0,0,1,1,1,1,1,1,1,1
397,6988-21-2,"2-(1,3-Dioxolan-2-yl)phenol 1-(N-methylcarbamate)",2,Contact,SDKQRNRRDYRQKY-UHFFFAOYSA-N,1,2.21,"[2.21, 2.21]",True,False,True,False,False,1042,88ca0b8733d405b7559c65cdf29919e43d3cb437f258eaaf4cf6dad323ebea7e,184644,2.21 ug/bee,Adult,2 Day(s),Formulation,0,0,0,0,1,1,1,1,1,1,1,1
398,23422-53-9,"N,N-Dimethyl-N'-[3[[(methylamino)carbonyl]oxy]phenyl]methanimidamide hydrochloride (1:1)",3,Oral,MYPKGPZHHQEODQ-UHFFFAOYSA-N,2,0.135,"[0.135, 0.135]",False,False,True,False,False,1300|1301,0cd8c10efaf12375d537e2bb6df9735fa614f4d6339ce178fdb308d880f903ed|8c0702bbf947a96d161d396b7cfc55f291ef8d63a1fbbc83de20fdb1d2680480,184644,0.16 AI ug/org; 0.11 AI ug/org/d,Adult|Larva,2 Day(s)|8 Day(s),Active ingredient,1,1,1,1,1,1,1,1,1,1,1,1
400,5902-51-2,"5-Chloro-3-(1,1-dimethylethyl)-6-methyl-2,4(1H,3H)-pyrimidinedione",0,Contact,NBQCNZYJJMBDKY-UHFFFAOYSA-N,1,193.38,"(193.38, inf)",True,False,False,False,True,1032,351a18ca9c3b07a4897d863f95bd46505bd9b69ac8e144ab9217dee5abfdc642,184644,>193.38 ug/bee,Adult,2 Day(s),Formulation,0,0,0,0,0,0,0,0,0,0,0,0
405,23564-05-8,"N,N'-[1,2-Phenylenebis(iminocarbonothioyl)]bis-C,C'- dimethyl ester carbamic acid",1,Contact,QGHREAKMXXNCOA-UHFFFAOYSA-N,1,100.0,"(100, inf)",True,False,False,True,False,1306,ed46d7defbf17e687d3f883c858bf36b07a27e60a5a5affd5b2352997e6434e2,184644,>100 AI ug/org,Adult,2 Day(s),Formulation,0,0,0,0,0,0,0,0,1,1,0,0
407,1689-99-2,"Octanoic acid, 2,6-Dibromo-4-cyanophenyl ester",1,Oral,DQKWXTIYGWPGOO-UHFFFAOYSA-N,1,60.0,"[60, 60]",False,False,True,False,False,851,83bb100107b33517c705fe09e2b2c5e8691c851d8809de262eff6b63737551db,184644,60 AI ug/org,Larva,4 Day(s),Active ingredient,0,0,0,0,0,0,0,0,1,1,1,1
410,17040-19-6,"S-[2-(Ethylsulfonyl)ethyl]O,O-dimethyl ester phosphorothioic acid",3,Oral,PZIRJMYRYORVIT-UHFFFAOYSA-N,1,0.19,"[0.19, 0.19]",False,False,True,False,False,1247,900370138b9655da6bc7e59a0c931745221942f271e36cf5b6bf903fe03b663e,35461,0.19 ug/bee,Not reported,>=1 Day(s),Formulation,1,1,1,1,1,1,1,1,1,1,1,1
415,17781-31-6,"alpha, alpha-bis(4-Chlorophenyl)-3-pyridinemethanol",2,Contact,NBNTWDUNCHRWMT-UHFFFAOYSA-N,1,2.42,"(2.42, inf)",True,False,False,False,True,1249,0432f90826115bc409ddaee24dd7d7c6174cd39218f624db4a433da17448d2a5,184644,>2.42 ug/bee,Adult,2 Day(s),Formulation,0,0,0,0,1,1,-1,-1,1,1,-1,-1
416,1982-49-6,N-(2-Methylcyclohexyl)-N'-phenylurea,0,Contact,JXVIIQLNUPXOII-UHFFFAOYSA-N,2,110.43,"(110.43, inf)",True,False,False,True,True,875|876,5909a3f22515b861594390f32339a1f843f2487b784d56f715bfdd8bf6081e4c|5ca886113ef664253b2e6df3f4bf2a06569406ff6a155d9f0649c2a8be081719,184644,>120.86 ug/bee; >100 AI ug/org,Adult,2 Day(s),Active ingredient|Formulation,0,0,0,0,0,0,0,0,0,0,0,0
417,1928-43-4,"2-(2,4-Dichlorophenoxy)acetic acid, 2-Ethylhexyl ester",1,Contact,QZSFJRIWRPJUOH-UHFFFAOYSA-N,1,100.0,"(100, inf)",False,False,False,True,False,872,f360905d47fd4e4a5e2e41e22859e1b925ef70b950d1538f0aa78680a4d0f11c,184644,>100 AI ug/org,Adult,3 Day(s),Active ingredient,0,0,0,0,0,0,0,0,1,1,0,0
418,14816-18-3,"4-Ethoxy-7-phenyl-3,5-dioxa-6-aza-4-phosphaoct-6-ene-8-nitrile 4-sulfide",3,Contact,ATROHALUCMTWTB-UHFFFAOYSA-N,1,0.305,"[0.305, 0.305]",True,False,True,False,False,1207,a4213a5c46a478a51bb69717b166f46fcf01f61f654944f863e16f1e5b752481,184644,0.305 ug/bee,Adult,2 Day(s),Formulation,1,1,1,1,1,1,1,1,1,1,1,1
421,1134-23-2,Cyclohexylethylcarbamothioic acid S-ethyl ester,2,Oral,DFCAFRGABIXSDS-UHFFFAOYSA-N,2,9.2,"[9.2, 9.2]",False,False,True,False,False,750|751,c6c9dc875df328991aa3acd74e5752c12a7f07353eacf7856bc463e4f6428a4a|d7dc72f48ebc7bca0661d8ddd81df84d6efc3ef62af689e2bd09052911e8276a,184644,8.4 AI ug/org/d; 10 AI ug/org,Larva,3 Day(s)|8 Day(s),Active ingredient,0,0,0,0,1,1,1,1,1,1,1,1
424,2545-60-0,"4-Amino-3,5,6-trichloro-2-pyridinecarboxylic acid, Potassium salt (1:1)",1,Contact,ZRHANBBTXQZFSP-UHFFFAOYSA-M,1,100.0,"(100, inf)",True,False,False,True,False,931,67e0dcf9326af2d9bd823633a5c65af45f8c8f9d44557e37504e4f903798c63b,184644,>100 AI ug/org,Adult,2 Day(s),Formulation,0,0,0,0,0,0,0,0,1,1,0,0
425,8065-62-1,"O,O-Dimethyl O-[2-(methylthio)ethyl]ester phosphorothioic acid mixt. with O,O-dimethyl S-[2-(methylthio)ethyl]phosphorothioate",3,Oral,ZIBCESDMUREVIU-UHFFFAOYSA-N,1,0.22,"[0.22, 0.22]",False,False,True,False,False,1124,0f795b3946fb5609b540cb1e21d87fd6496ece809ec0d1bdec70a2e3dfd0da39,35461,0.22 ug/bee,Not reported,>=1 Day(s),Formulation,1,1,1,1,1,1,1,1,1,1,1,1
429,13684-56-5,"N-[3-[[(Phenylamino)carbonyl]oxy]phenyl]carbamic acid, Ethyl ester",1,Contact,WZJZMXBKUWKXTQ-UHFFFAOYSA-N,1,50.0,"(50, inf)",True,True,False,False,True,1193,c5a2e6fa5b985035b3ca300a1641dc347f22304b12db1b059b2254c11187345f,184644,>50 AI ug/org,Adult,2 Day(s),Active ingredient,0,0,0,0,0,0,0,0,1,1,-1,-1
431,3254-63-5,Dimethyl 4-(methylsulfanyl)phenyl phosphate,3,Contact,BUDNNLHZOCBLAU-UHFFFAOYSA-N,1,0.178,"[0.178, 0.178]",True,False,True,False,False,1012,0c101555d5e7ef475de97f687065265786e48a79b96000058bf4b0f87c0cf028,184644,0.178 ug/bee,Adult,2 Day(s),Formulation,1,1,1,1,1,1,1,1,1,1,1,1
434,13457-18-6,"2-[(Diethoxyphosphinothionyl)oxy]-5-methylpyrazolo[1,5-a]pyrimidine-6-carboxylic acid ethyl ester",2,Contact,JOOMJVFZQRQWKR-UHFFFAOYSA-N,1,1.85,"[1.85, 1.85]",True,False,True,False,False,1187,4bcf2a6ae7acc6fd51f13c857f25736cd54a58eefa9ffd27704252d4a8aa7afb,184644,1.85 ug/bee,Adult,2 Day(s),Formulation,0,0,0,0,1,1,1,1,1,1,1,1
436,4301-50-2,"2-Fluoroethyl ([1,1'-biphenyl]-4-yl)acetate",1,Contact,XAERLJMOUYEBAB-UHFFFAOYSA-N,1,16.62,"[16.62, 16.62]",True,False,True,False,False,1017,537f2c8453f4b2efa7de166a9cf83dafb0c868b574c8b1229f7b0e930155265b,184644,16.62 AI ug/org,Adult,2 Day(s),Formulation,0,0,0,0,0,0,0,0,1,1,1,1
438,11141-17-6,"2aR,3S,4S,4aR,5S,7aS,8S,10R,10aS,10bR)-10-(Acetyloxy)octahydro-3,5-dihydroxy-4-methyl-8-[[(2E)-2-methyl-1-oxo-2-buten-1-yl]oxy]-4-[(1aR,2S,3aS,6aS,7S,7aS)-3a,6a,7,7a-tetrahydro-6a-hydroxy-7a-methyl-2,7-methanofuro[2,3-b]oxireno[e]oxepin-1a(2H)-yl]-1H,7H-naptho[1,8-bc:4,4a-c']difuran-5,10a(8H)-dicarboxylic acid 5-10a-dimethyl ester",2,Contact,FTNJWQUOZFUQQJ-UHFFFAOYSA-N,1,2.5,"(2.5, inf)",True,False,False,False,True,1160,a7882327303a01942c7c4fff6ea9852522a5cbb942cb49f4b456692ab3a3771a,184644,>2.5 AI ug/org,Adult,2 Day(s),Formulation,0,0,0,0,1,1,-1,-1,1,1,-1,-1
439,3572-06-3,4-[4-(Acetyloxy)phenyl]-2-butanone,1,Contact,UMIKWXDGXDJQJK-UHFFFAOYSA-N,1,100.0,"(100, inf)",True,False,False,True,False,1015,abe517ad957c3d90fb78a5ea84ed317de22000b2e036f79e74eb571b4aa62afe,184644,>100 AI ug/org,Adult,2 Day(s),Formulation,0,0,0,0,0,0,0,0,1,1,0,0
440,1071-83-6,N-(Phosphonomethyl)glycine,1,Contact,XDDAORKBJWWYJS-UHFFFAOYSA-N,1,100.0,"(100, inf)",True,False,False,True,False,739,0dbadcd7872170a5d47f711343b5bafec0414f2c1b7df7f60c8340944e3f899a,184644,>100 ug/bee,Adult,2 Day(s),Formulation,0,0,0,0,0,0,0,0,1,1,0,0
441,29232-93-7,"O-[2-(Diethylamino)-6-methyl-4-pyrimidinyl]O,O-dimethyl ester, Phosphorothioic acid",3,Oral,QHOQHJPRIBSPCY-UHFFFAOYSA-N,1,0.36,"[0.36, 0.36]",False,False,True,False,False,1345,2e88cf7c4a97a2c5f015a589c0645d21db2025a5fac9d892537abf6cae368eb0,35461,0.36 ug/bee,Not reported,>=1 Day(s),Formulation,1,1,1,1,1,1,1,1,1,1,1,1
442,10265-92-6,"Phosphoramidothioic acid, O,S-Dimethyl ester",3,Other,NNKVPIKMPCQWCG-UHFFFAOYSA-N,5,0.766,"[0.766, 0.766]",False,False,True,False,False,1142|1143|1144|1145|1146,4b24cc588fa5c9717050ea7587fa651895b4837c8d032aa45931554959ea0808|43a551187b7f4a2c0caa416e71be574a3b23037512e938ec0e90445cfe409337|2ef98ad39d6538fa7ca80776cbc5dd1aa10564fa86898e9c7a02ec625eb432d4|c81ed137ba4968f81c02e36e3f0d36b71a579a5269fe09ad296c369a4dc726bc|830f2b3e4c5d2cb10f6df893c47d8213e68ce8bffb768d622643ce3f786d1f42,70351,0.766 ug/org; 0.698 ug/org; 1.37 ug/org; 0.871 ug/org; 0.730 ug/org,Adult|Larva,NR Emergence,Formulation,1,1,1,-1,1,1,1,1,1,1,1,1
443,19666-30-9,"3-[2,4-Dichloro-5-(1-methylethoxy)phenyl]-5-(1,1-dimethylethyl)-1,3,4-oxadiazol-2(3H)-one",1,Contact,CHNUNORXWHYHNE-UHFFFAOYSA-N,2,23.35,"(23.35, inf)",True,False,False,False,True,1259|1260,c1779f5fccc7124acb642d77385c9be0d2518c069efc3be6867ac3c319ef8df3|951df720151cc449fd738501f6efd2f7df65e083bc02edacc2a999be8fa8101c,184644,>21.7 ug/bee; >25 AI ug/org,Adult,2 Day(s),Active ingredient|Formulation,0,0,0,0,0,0,0,0,1,1,-1,-1
448,22781-23-3,"2,2-Dimethyl-1,3-benzodioxol-4-ol 4-(N-methylcarbamate)",3,Contact,XEGGRYVFLWGFHI-UHFFFAOYSA-N,1,0.428,"[0.428, 0.428]",True,False,True,False,False,1267,0883ec1a7d0cae13af2e7b277decf210745803f4290f79c37df90dcc3b50a036,184644,0.428 ug/bee,Adult,2 Day(s),Formulation,1,1,1,1,1,1,1,1,1,1,1,1
449,23505-41-1,"Phosphorothioic acid O-[2-(diethylamino)-6-methyl-4-pyrimidinyl] O,O-diethyl ester",3,Oral,TZBPRYIIJAJUOY-UHFFFAOYSA-N,1,0.39,"[0.39, 0.39]",False,False,True,False,False,1305,28c2e634142bb005cc9f17856d7a8372ed5a985b3ca0adb2e247a9e0aefb6159,35461,0.39 ug/bee,Not reported,>=1 Day(s),Formulation,1,1,1,1,1,1,1,1,1,1,1,1
453,1646-87-3,2-Methyl-2-(methylsulfinyl)propanal O-[(methylamino)carbonyl]oxime,3,Other,BXPMAGSOWXBZHS-UHFFFAOYSA-N,5,0.854,"[0.854, 0.854]",False,False,True,False,False,836|837|838|839|840,0348ebe12fd26c026a21ecd10781c3b0d32fc052e59fcb717529c5876ccc9da6|a23136133e72561e44e4603bd378372f084b55f70cab65106b285b2d6f0f7a3b|845c86d16ff96d45e01519a44bc2066d95ad8a206eb2d2896a841541a2962a90|5761e32cfeffdae512738269ffbc5846c7a68e67d2d2133b182c36c98c1684dc|aa0d8139c3c1f7f73892bef1d90ff5af1282e78aaf483924e7c9bb22f1b37531,70351,2.211 ug/org; 0.848 ug/org; 1.788 ug/org; 0.846 ug/org; 0.854 ug/org,Adult|Larva,NR Emergence,Active ingredient,1,1,1,-1,1,1,1,1,1,1,1,1
454,28249-77-6,"N,N-Diethylcarbamothioic acid S-[(4-chlorophenyl)methyl] ester",1,Contact,QHTQREMOGMZHJV-UHFFFAOYSA-N,1,100.0,"(100, inf)",True,True,False,True,False,1339,f830ceba2fc732fc7fd03dbcabf6406718a263c12fe230cba2fc6cca7f57ede8,184644,>100 AI ug/org,Adult,2 Day(s),Active ingredient,0,0,0,0,0,0,0,0,1,1,0,0
456,25939-05-3,"Benzoyl chloride, (2,4,6-Trichlorophenyl)hydrazone",2,Contact,QVMATSPQIBFRPZ-UHFFFAOYSA-N,1,5.75,"[5.75, 5.75]",True,False,True,False,False,1318,71e36941aa1c532b30351ffde9663c18a113fef99f76acc86eee155706c428eb,184644,5.75 ug/bee,Adult,2 Day(s),Formulation,0,0,0,0,1,1,1,1,1,1,1,1
459,5598-13-0,"O,O-Dimethyl O-(3,5,6-trichloro-2-pyridinyl) ester phosphorothioic acid",3,Oral,HRBKVYFZANMGRE-UHFFFAOYSA-N,1,0.15,"[0.15, 0.15]",True,True,True,False,False,1029,08a6ed9dc3ed963c6361bbc6059bac15945fc8f5fc46e3f0e46930f5a8b7d2f7,184753,0.15 AI ug/org,Adult,2 Day(s),Active ingredient,1,1,1,1,1,1,1,1,1,1,1,1
462,33629-47-9,"4-(1,1-Dimethylethyl)-N-(1-methylpropyl)-2,6-dinitrobenzenamine",1,Oral,SPNQRCTZKIBOAX-UHFFFAOYSA-N,1,92.8,"[92.8, 92.8]",True,False,True,False,False,1390,95b10a7af495468efbb28a4c8ac4d2fd94908db97df7e78eb41482deafbf58ed,184644,92.8 AI ug/org,Adult,2 Day(s),Formulation,0,0,0,0,0,0,0,0,1,1,1,1
463,132-67-2,2-[(1-Naphthalenylamino)carbonyl]benzoic acid sodium salt (1:1),0,Contact,CLHHSSXFXYAXDB-UHFFFAOYSA-M,1,113.2,"(113.2, inf)",True,False,False,False,True,509,c9bba5fbf967bc30bf78f3de8e6d43f47e5934186b568b087f2a6b9a97df8935,184644,>113.2 ug/bee,Adult,2 Day(s),Formulation,0,0,0,0,0,0,0,0,0,0,0,0
466,39196-18-4,"3,3-Dimethyl-1-(methylthio)-2-butanone O-[(methylamino)carbonyl]oxime",3,Contact,FZSVSABTBYGOQH-UHFFFAOYSA-N,1,0.058,"[0.058, 0.058]",False,False,True,False,False,1430,4e0799b35e5d21e1ad938f6ac819fe50e4088e78a0ed1941f1c8da3e2c19e9dc,35461,0.058 ug/bee,Not reported,>=1 Day(s),Formulation,1,1,1,1,1,1,1,1,1,1,1,1
470,35554-44-0,"1-[2-(2,4-Dichlorophenyl)-2-(2-propenyloxy)ethyl]-1H-imidazole",1,Oral,PZBPKYOVPCNPJY-UHFFFAOYSA-N,1,90.0,"[90, 90]",True,True,True,False,False,1414,400b1f062df8fd8d645bc844975e5ae8b25e5ae1755dd48b4a64c9b6c8d65964,184753,90 AI ug/org,Adult,2 Day(s),Active ingredient,0,0,0,0,0,0,0,0,1,1,1,1
475,318290-98-1,"5-Chloro-2-(3,4,4-trifluorobut-3-ene-1-sulfonyl)-1,3-thiazole",0,Oral,XSNMWAPKHUGZGQ-UHFFFAOYSA-N,2,136.85,"(136.85, inf)",True,False,False,False,True,2481|2482,b22cb49dfc9931b3d46136ee6f95348e9d8b9794babc3df8d6ecd24261ef75e2|b8d0217e56addfe084f224e44a614f85b9206a64f2c4bf4448c34576fd905e87,184644,>190 AI ug/org; 83.7 AI ug/org,Adult,2 Day(s),Active ingredient|Formulation,0,0,0,0,0,0,0,0,0,0,0,-1
477,68157-60-8,N-(2-Chloro-4-pyridinyl)-N'-phenylurea  ,1,Contact,GPXLRLUVLMHHIK-UHFFFAOYSA-N,1,25.0,"(25, inf)",True,True,False,False,True,1607,a5fd3eb6602d2a9d93f9a44547dac58999fdadf4034080f04df355515e3d782d,184644,>25 AI ug/org,Adult,2 Day(s),Active ingredient,0,0,0,0,0,0,0,0,1,1,-1,-1
480,38641-94-0,N-(Phosphonomethyl)glycine compd. with 2-propanamine (1:1),1,Contact,ZEKANFGSDXODPD-UHFFFAOYSA-N,2,100.0,"(100, inf)",True,False,False,True,False,1419|1420,2e53e1089d19bf0fe1de536b44ed9a57e11de5bfd68bf40a91fe9b6d063766cb|fc4c004e82fb3e3c78b98712389d6e7a66d20884eab832d02a6c08625daee394,184644,>100 ug/bee; >100 AI ug/org,Adult,2 Day(s),Formulation,0,0,0,0,0,0,0,0,1,1,0,0
483,55283-68-6,"N-Ethyl-N-(2-methyl-2-propenyl)-2,6-dinitro-4-(trifluoromethyl)benzenamine",1,Oral,PTFJIKYUEPWBMS-UHFFFAOYSA-N,1,97.0,"(97, inf)",True,True,False,False,True,1539,07805b70a14889f70f16e12a94238101bd85c00e662bc24669201b78b2dabccd,184644,>97 AI ug/org,Adult,2 Day(s),Active ingredient,0,0,0,0,0,0,0,0,1,1,-1,-1
486,34014-18-1,"N-[5-(1,1-Dimethylethyl)-1,3,4-thiadiazol-2-yl]-N,N'-dimethylurea",1,Contact,HBPDKDSFLXWOAE-UHFFFAOYSA-N,1,100.0,"(100, inf)",True,True,False,True,False,1392,7026e0ba80f30e610b4924570cd9140606a568c5283a6a6f29915874c63a8ab0,184644,>100 AI ug/org,Adult,2 Day(s),Active ingredient,0,0,0,0,0,0,0,0,1,1,0,0
488,29973-13-5,2-[(Ethylthio)methyl]phenol 1-(N-methylcarbamate),2,Oral,HEZNVIYQEUHLNI-UHFFFAOYSA-N,1,1.5,"[1.5, 1.5]",False,False,True,False,False,1352,8297cc329c9fcf3e3ea88caf934292485352b9c0c806d8f774f5457d386e51d3,35461,1.5 ug/bee,Not reported,>=1 Day(s),Formulation,0,0,0,0,1,1,1,1,1,1,1,1
495,120068-37-3,"5-Amino-1-[2,6-dichloro-4-(trifluoromethyl)phenyl]-4-[(trifluoromethyl)sulfinyl]-1H-pyrazole-3-carbonitrile",3,Contact,ZOCSXAVNDGMNBV-UHFFFAOYSA-N,9,0.006,"[0.006, 0.006]",False,False,True,False,False,1860|1863|1865|1867|1868|1869|1871|1872|1875,86d6c2a389b03d178d52390e1d21447d04ea35c517395f1a182c4f0dca5eced6|3ba0cf7d0c2c5d67675131b28a36104e0cbb5ecd76983c9e45f4c5da58d6e2d7|a1ba9576dfb84300b724fa6176cf55bba607f9845cc859de5c955af077a49a25|85a39b64ba9c732f07ab3b8b2c61441f2897e977095b45b2354bdde576133ce6|ca17f4ec82b1d020fb9a37f32bbfe7c4dfbf3c332110afb43c9ba9d211dfe805|ba568570271593884912e65c0e6a440ebbc1783bdcfe85379896007c0c2010a9|f385932d510f19b8852c3747674685969fecf6df9d1bf26fa51ffc3b70273be2|d7b0bac638ae57bf6450c0d61fc15e53b31b2d38fe69375968df1529bd60972a|f2cae3c8746b4932a240f087479312eae430e553b4d436aea4421964f50d8947,157983|168418|171929|171933|184185|184345|184644|62630,0.0054 AI ug/org; 1.06 AI ng/org; 0.0080 AI ug/org; 0.009 AI ug/org; 5.83 ng/org; 0.013 ug/org; 3.86 ng/org; 12.1 ng/org; 0.006 AI ug/org,Adult|Not reported,1 Day(s)|2 Day(s),Active ingredient,1,1,1,1,1,1,1,1,1,1,1,1
496,59756-60-4,1-Methyl-3-phenyl-5-[3-(trifluoromethyl)phenyl]-4(1H)pyridinone,1,Contact,YWBVHLJPRPCRSD-UHFFFAOYSA-N,1,100.0,"(100, inf)",True,True,False,True,False,1566,76fd5be6039ebe905d7e548527d2ae5b83552611ee262be4478cc14cb109cf85,184644,>100 AI ug/org,Adult,2 Day(s),Active ingredient,0,0,0,0,0,0,0,0,1,1,0,0
497,12771-68-5,alpha-Cyclopropyl-alpha-(4-methoxyphenyl)-5-pyrimidinemethanol,1,Contact,HUTDUHSNJYTCAR-UHFFFAOYSA-N,1,100.0,"(100, inf)",True,True,False,True,False,1174,ba076c3b3d4b3d592fe1022f911c2e8d8a1964b90e6fe040cc8c21aff4949ba7,184644,>100 AI ug/org,Adult,2 Day(s),Active ingredient,0,0,0,0,0,0,0,0,1,1,0,0
501,66841-25-6,"2,2-Dimethyl-3-(1,1,2,2-tetrabromoethyl)cyclopropanecarboxylic acid cyano(3-phenoxyphenyl)methyl ester",3,Contact,YWSCPYYRJXKUDB-UHFFFAOYSA-N,2,0.0905,"[0.0905, 0.0905]",False,False,True,False,False,1594|1595,278fb0d46a59e0b878fa2b48a13ce6ef95c167c7f43b30d29ba62160a008a0ae|472172f9ed29fd70432ffe2c14fbd3cd40b517349d73ecc7aa2d1be5b0bcc38f,109609|184644,0.126 AI ug/org; 0.055 AI ug/org,Adult|Not reported,1 Day(s)|2 Day(s),Active ingredient,1,1,1,1,1,1,1,1,1,1,1,1
502,90982-32-4,"2-[[[[(4-Chloro-6-methoxy-2-pyrimidinyl)amino]carbonyl]amino]sulfonyl]benzoic acid, Ethyl ester",1,Contact,NSWAMPCUPHPTTC-UHFFFAOYSA-N,1,12.5,"(12.5, inf)",True,True,False,False,True,1735,4cff1a6618183e7bab390d098afd37db83a61bfef92ce75197dee3aa4005538b,184644,>12.5 ug/bee,Adult,2 Day(s),Active ingredient,0,0,0,0,0,0,0,0,1,1,-1,-1
503,94361-06-5,"alpha-(4-Chlorophenyl)-alpha-(1-cyclopropylethyl)-1H-1,2,4-triazole-1-ethanol",1,Oral,UFNOUKDBUJZYDE-UHFFFAOYSA-N,3,14.8,"[14.8, 14.8]",False,False,False,True,False,1751|1752|1753,7f812411b7944a81be1613ca29cc09ee5e4563c6e5af71340ff25bd1ae0ca431|df1cb448402aedb6974501b9ffd7a210e339d8ca5435766ae36a0df98e567a9b|76ce28cf58359573186dc3eac81574eb665ab5048aecb499c56e635c03406e4f,184644,14.8 AI ug/org/d; 11.2 AI ug/org/d; >100 AI ug/org,Adult|Larva,1 Day(s)|8 Day(s),Active ingredient|Formulation,0,0,0,0,0,0,0,0,1,1,1,-1
504,60168-88-9,alpha-(2-Chlorophenyl)-alpha-(4-chlorophenyl)-5-pyrimidinemethanol,2,Oral,NHOWDZOIZKMVAI-UHFFFAOYSA-N,1,10.0,"(10, inf)",True,True,False,False,True,1568,e5a4bba2f64e401fe2d3283eab6da1356a84323531e971514e2ee0095bf85093,184644,>10 AI ug/org,Adult,2 Day(s),Active ingredient,0,0,0,0,1,1,-1,-1,1,1,-1,-1
505,6062-26-6,4-(4-Chloro-2-methylphenoxy)butanoic acid sodium salt (1:1),0,Contact,GABUSZPTCJGKGB-UHFFFAOYSA-M,2,131.185,"(131.185, inf)",True,False,False,False,True,1034|1035,d78992eec1ab975c09735817e4c5930400535c09bfeaf986cac8aa85c92a30ed|b0972377b4ab3ce5943ea302b8ab15ce6dbd991d0affb9b31591877193ab70b1,184644,>237.37 ug/bee; >25 ug/bee,Adult,2 Day(s),Formulation,0,0,0,0,0,0,0,0,0,0,0,-1
506,3547-33-9,2-(Octylsulfanyl)ethan-1-ol,1,Contact,KXPXKNBDCUOENF-UHFFFAOYSA-N,1,56.9,"[56.9, 56.9]",True,True,True,False,False,1014,047af6cb1e13093bd390dd6cda26a9aac563d0cbed3d652db151b914eae461e3,184644,56.9 AI ug/org,Adult,2 Day(s),Active ingredient,0,0,0,0,0,0,0,0,1,1,1,1
508,658066-35-4,N-[2-[3-Chloro-5-(trifluoromethyl)-2-pyridinyl]ethyl]-2-(trifluoromethyl)benzamide,1,Contact,KVDJTXBXMWJJEF-UHFFFAOYSA-N,2,100.0,"(100, inf)",True,False,False,True,False,2536|2538,9fb74e3133311559a8e38ce8f32a45e9b89f1ea77ea936f57849969624fcc5cf|783ca2a636e14279292a9f22a1ec0d9c4972f5d95731af5b4c9a0f3d50538f96,184644,>100 AI ug/org; >100 AI ug/org,Adult,2 Day(s),Formulation,0,0,0,0,0,0,0,0,1,1,0,0
509,42874-03-3,2-Chloro-1-(3-ethoxy-4-nitrophenoxy)-4-(trifluoromethyl)benzene,1,Oral,OQMBBFQZGJFLBU-UHFFFAOYSA-N,2,66.0,"(66, inf)",False,False,False,False,True,1445|1446,2eff6f35f944d22a43597d7cce38629f2e21daf179efe23784c1cf627bfda218|9ff88378cf883ae63b1fb384507c8794a1206a07e7376552386cfd6c5e47267a,184644,>109 AI ug/org; >23 AI ug/org/d,Adult|Larva,2 Day(s)|8 Day(s),Active ingredient,0,0,0,0,0,0,0,0,1,1,-1,-1
510,51630-58-1,4-Chloro-alpha-(1-methylethyl)benzeneacetic acid cyano(3-phenoxyphenyl)methyl ester,3,Other,NYPJDWWKZLNGGM-UHFFFAOYSA-N,4,0.4265,"[0.4265, 0.4265]",False,False,True,False,False,1467|1468|1469|1470,114f1ed86efadeb9dbb6d7b0bfc2cddbd7790c8db0c6fe0e1e9cac33cce3220e|6bfc078d66bc92e7e5d99df87e16d745295a87b750f355f98f849bc74d22f3d2|32b15dbd61482c799f6ae8b10edf6ec070e02298f7614bb1891c6eb81e7d2dc6|d3d99eac93fa6af6a7e743c86e1f1ef1326a972a5968d218ff48c93ba2e2c770,70351,0.413 ug/org; 2.352 ug/org; 0.440 ug/org; 0.408 ug/org,Adult|Not reported,NR Emergence,Active ingredient,1,1,1,-1,1,1,1,1,1,1,1,1
511,122453-73-0,4-Bromo-2-(4-chlorophenyl)-1-(ethoxymethyl)-5-(trifluoromethyl)-1H-pyrrole-3-carbonitrile,3,Contact,CWFOCCVIPCEQCK-UHFFFAOYSA-N,1,0.11,"[0.11, 0.11]",True,True,True,False,False,1894,e722b2ea3b0dc4fb7d983e06dec92e95fd478c19e0dbc7488bc21a1f9d019797,184644,0.11 AI ug/org,Adult,2 Day(s),Active ingredient,1,1,1,1,1,1,1,1,1,1,1,1
512,10004-44-1,5-Methyl-3(2H)-isoxazolone,1,Contact,KGVPNLBXJKTABS-UHFFFAOYSA-N,1,100.0,"(100, inf)",True,True,False,True,False,1131,e571a381491a168f9be73f6af86f7b36d1869f3934600b0d4d74178f137a3c15,184644,>100 AI ug/org,Adult,2 Day(s),Active ingredient,0,0,0,0,0,0,0,0,1,1,0,0
513,52508-35-7,"2,3:4,6-bis-O-(1-Methylethylidene)-alpha-L-xylo-2-hexulofuranosonic acid, Sodium salt",1,Contact,DEWVPZYHFVYXMZ-UHFFFAOYSA-M,1,81.0,"(81, inf)",True,False,False,False,True,1499,75c2c0a0e33702d3c08641a3a9b2a66c6f2680d50d115e5a0adfa3b37cb618c5,184644,>81 AI ug/org,Adult,2 Day(s),Formulation,0,0,0,0,0,0,0,0,1,1,-1,-1
515,1702-17-6,"3,6-Dichloro-2-pyridinecarboxylic acid",1,Oral,HUBANNPOLNYSAD-UHFFFAOYSA-N,1,25.8,"(25.8, inf)",False,False,False,False,True,853,54400e5fc97fb3d693e2c3adfa7fca69e9af2e77af459a7550db1379cf765960,184644,>25.8 AI ug/org/d,Larva,8 Day(s),Active ingredient,0,0,0,0,0,0,0,0,1,1,-1,-1
516,36734-19-7,"3-(3,5-Dichlorophenyl)-N-(1-methylethyl)-2,4-dioxo-1-imidazolidinecarboxamide",0,Oral,ONUFESLQCSAYKA-UHFFFAOYSA-N,1,150.0,"(150, inf)",False,False,False,False,True,1415,d0d71584950a80d433c178bc0dab8f0b094597c85c2f3a90f9391c3a93a259f8,184644,>150 AI ug/org,Larva,8 Day(s),Active ingredient,0,0,0,0,0,0,0,0,0,0,0,0
519,1757-18-2,Akton,2,Contact,QCKIOHMRUZJYQZ-UHFFFAOYSA-N,1,2.66,"[2.66, 2.66]",True,False,True,False,False,854,e45a4216300c6d5d8b909799c6453b42489ed5a870635e7658c6a17d39ad2e21,184644,2.66 ug/bee,Adult,2 Day(s),Formulation,0,0,0,0,1,1,1,1,1,1,1,1
520,52918-63-5,"(1R,3R)-3-(2,2-Dibromoethenyl)-2,2-dimethylcyclopropanecarboxylic acid (S)cyano(3-phenoxyphenyl)methyl ester",3,Other,OWZREIFADZCYQD-UHFFFAOYSA-N,1,0.019,"[0.019, 0.019]",True,True,True,False,False,1523,47cb77a0671202747572e3fe44e7cdd34d7efc7d49828867fec2ae542d2ae3bd,183870,19.0 AI ng/org,Adult,2 Day(s),Active ingredient,1,1,1,1,1,1,1,1,1,1,1,1
530,51218-45-2,2-Chloro-N-(2-ethyl-6-methylphenyl)-N-(2-methoxy-1-methylethyl)acetamide,0,Contact,WVQBLGZPHOPPFO-UHFFFAOYSA-N,1,110.0,"(110, inf)",True,True,False,False,True,1453,1bec5ca4f09168f76bf6bcc942983ceeb110a52e5ecbf27b18e7521645a33406,184644,>110 AI ug/org,Adult,2 Day(s),Active ingredient,0,0,0,0,0,0,0,0,0,0,0,0
531,41198-08-7,O-(4-bromo-2-chlorophenyl) O-ethyl S-propyl ester phosphorothioic acid,3,Other,QYMMJNLHFKGANY-UHFFFAOYSA-N,5,0.01,"[0.01, 0.01]",False,False,True,False,False,1440|1441|1442|1443|1444,ae4ba6926033dac5ada8231c03fd0bbe5a1c552e3df1f3d18d711ca6e69096e9|e9795a55c70c831f99684d8a814db0748fb2d71d6393fb162153419ce9a9bb94|3fa85b400abb1061537bfa3c4e62bc7ff42aa54078aec6824e922041e4e5c88e|7a36994286419a7ff28ab00e17587a29497388dbb725012666bdab5afbce78b2|1b19023496c56cd9b1f4f1e096ca1feafb916a8a07d379883bba1e9e3e897a03,70351,0.004 ug/org; 0.01 ug/org; 0.012 ug/org; 3.46 ug/org; 0.008 ug/org,Adult|Larva,NR Emergence,Active ingredient,1,1,1,-1,1,1,1,1,1,1,1,1
532,35367-31-8,"2,6-Difluoro-N-[[[4-(trifluoromethyl)phenyl]amino]carbonyl]benzamide",2,Contact,JTHMHWAHAKLCKT-UHFFFAOYSA-N,3,3.09,"[3.09, 3.09]",False,False,True,False,False,1399|1400|1401,2a7635f560a329d103c7f0d2f636b1fc486da1e6f1d938e3793463bd4c40a12f|fce8c12d4c5c29b763e7b3e8e29a1f85d840e0218adecb53f2df237c1a9a1617|10578c9fbf93309b9aae207dac7fe0e47de85ff222ad3fcd5a3b1469cb7a82f9,174957,6.15 ug/org; 2.58 ug/org; 3.09 ug/org,Larva|Pupa,5 Day(s),Formulation,0,0,0,0,1,1,1,1,1,1,1,1
534,55219-65-3,"beta-(4-Chlorophenoxy)-alpha-(1,1-dimethylethyl)-1H-1,2,4-triazole-1-ethanol",0,Contact,BAZVSMNPJJMILC-UHFFFAOYSA-N,1,200.0,"(200, inf)",True,True,False,False,True,1537,3c5beb937b59c7c48f9d5f457b7fb4af1cecda6cc03a828eb133bef921b07edc,184644,>200 AI ug/org,Adult,2 Day(s),Active ingredient,0,0,0,0,0,0,0,0,0,0,0,0
535,25954-13-6,P-(Aminocarbonyl)phosphonic acid monoethyl ester ammonium salt (1:1),0,Contact,OTSAMNSACVKIOJ-UHFFFAOYSA-N,1,200.0,"(200, inf)",True,True,False,False,True,1319,30fcf7522f1531a1d16904a245d3b1fc3584f4c78f6bf4f1d8330a350d6c1879,184644,>200 AI ug/org,Adult,2 Day(s),Active ingredient,0,0,0,0,0,0,0,0,0,0,0,0
538,29091-21-2,"2,6-Dinitro-N1,N1-dipropyl-4-(trifluoromethyl)-1,3-benzenediamine",1,Contact,RSVPPPHXAASNOL-UHFFFAOYSA-N,1,100.0,"(100, inf)",True,True,False,True,False,1343,e14d3a27eb625f8b6c739481063afb01d07b3da2a5781ed20861bc06b8e0c4e0,184644,>100 AI ug/org,Adult,2 Day(s),Active ingredient,0,0,0,0,0,0,0,0,1,1,0,0
540,57837-19-1,"N-(2,6-Dimethylphenyl)-N-(methoxyacetyl)alanine methyl ester",1,Contact,ZQEIXNIJLIKNTD-UHFFFAOYSA-N,1,100.0,"(100, inf)",True,False,False,True,False,1551,9492eba54277ae8c0ca0ed4231e846ca5fcb2ac72552cf29ede586e438103a80,184644,>100 ug/bee,Adult,2 Day(s),Formulation,0,0,0,0,0,0,0,0,1,1,0,0
551,59669-26-0,"N,N'-[Thiobis[(methylimino)carbonyloxy]]bisethanimidothioic acid dimethyl ester",3,Oral,XDOTVMNBCQVZKG-UHFFFAOYSA-N,1,0.13,"[0.13, 0.13]",True,True,True,False,False,1563,8d8c44658f61bc8aa83e54723559aac2e4549b865482d7bfc9505a771f37879d,184644,0.13 AI ug/org,Adult,2 Day(s),Active ingredient,1,1,1,1,1,1,1,1,1,1,1,1
552,731-27-1,"1,1-Dichloro-N-[(dimethylamino)sulfonyl]-1-fluoro-N-(4-methylphenyl)methanesulfenamide",1,Oral,HYVWIQDYBVKITD-UHFFFAOYSA-N,1,43.0,"[43, 43]",False,False,True,False,False,703,0880eff8d147c811ad6de5eb623adee027c93d78515a857d2a3a5b5495f611af,35461,43 ug/bee,Not reported,>=1 Day(s),Formulation,0,0,0,0,0,0,0,0,1,1,1,1
553,57966-95-7,2-Cyano-N-[(ethylamino)carbonyl]-2-(methoxyimino)acetamide,1,Contact,XERJKGMBORTKEO-UHFFFAOYSA-N,1,25.0,"(25, inf)",True,True,False,False,True,1557,96073aa4d885c641327b52c1bba1a48c46c25b5dcf34ab2fbb09d6f25f1be404,184644,>25 AI ug/org,Adult,2 Day(s),Active ingredient,0,0,0,0,0,0,0,0,1,1,-1,-1
554,950-10-7,"N-(4-Methyl-1,3-dithiolan-2-ylidene)phosphoramidic acid diethyl ester",2,Contact,LTQSAUHRSCMPLD-UHFFFAOYSA-N,1,3.51,"[3.51, 3.51]",True,False,True,False,False,725,68244b45ef4e56660ccab158d28e67ea082808e7e61c4ff5e4b15c64fdabe05f,184644,3.51 ug/bee,Adult,2 Day(s),Formulation,0,0,0,0,1,1,1,1,1,1,1,1
562,25606-41-1,N-[3-(Dimethylamino)propyl]carbamic acid propyl ester hydrochloride (1:1),1,Contact,MKIMSXGUTQTKJU-UHFFFAOYSA-N,1,100.0,"(100, inf)",True,False,False,True,False,1317,fa57b78e20b3a8d129d76575d5efa9b119db3efa0492e2393ee202d65ece0705,184644,>100 ug/bee,Adult,2 Day(s),Formulation,0,0,0,0,0,0,0,0,1,1,0,0
564,2795-39-3,"1,1,2,2,3,3,4,4,5,5,6,6,7,7,8,8,8-Heptadecafluoro-1-octanesulfonic acid potassium salt",3,Oral,WFRUBUQWJYMMRQ-UHFFFAOYSA-M,4,0.43,"[0.43, 0.43]",False,False,True,False,False,984|986|987|988,e030cd0734f682caa7d377d9f5633beddeebc6908a2b03047f5b028e25688499|0255cab801ba80b8fea35b13db4d428c5cfefba4b900cf0aa6b124f51360bafa|4095076e103db4425982b106f5e57d48f7f6b200260e24f66fd84b4c9b589a95|4aec04d8c1b8bbad0f6f1d951f3d182448815dabb69dd1f84fb86b78d89e52d8,180375|181617,0.72 AI ug/org; 0.40 AI ug/org; 0.46 AI ug/org; 0.40 AI ug/org,Adult,1.1667 Day(s)|2.1667 Day(s)|3.1667 Day(s),Active ingredient,1,1,1,1,1,1,1,1,1,1,1,1
567,55290-64-7,"2,3-Dihydro-5,6-dimethyl-1,4-dithiin 1,1,4,4-tetraoxide",1,Contact,PHVNLLCAQHGNKU-UHFFFAOYSA-N,1,100.0,"(100, inf)",True,False,False,True,False,1542,4343a487bef43102fa60a9e1c01f7bc8e8f2910618977a4860a707ce56e127bd,184644,>100 ug/bee,Adult,2 Day(s),Formulation,0,0,0,0,0,0,0,0,1,1,0,0
578,24353-61-5,2-[(Aminomethoxyphosphinothioyl)oxy]benzoic acid 1-methylethyl ester,3,Contact,YFVOXLJXJBQDEF-UHFFFAOYSA-N,1,0.519,"[0.519, 0.519]",True,False,True,False,False,1314,835d88767743a10ce7849e59da72d294c00cfe9ca699651f977b87df2d79425a,184644,0.519 ug/bee,Adult,2 Day(s),Formulation,1,1,1,1,1,1,1,1,1,1,1,1
581,23031-36-9,"2,2-Dimethyl-3-(2-methyl-1-propenyl)cyclopropanecarboxylic acid 2-methyl-4-oxo-3-(2-propynyl)-2-cyclopenten-1-yl ester",3,Contact,SMKRKQBMYOFFMU-UHFFFAOYSA-N,2,0.1065,"[0.1065, 0.1065]",True,False,True,False,False,1268|1269,f026182d5cff503864586a8a5210a3013adc4344315ef13ba741750a69775a7b|51f8a2190ae0d3b7bcdb1405305bd5030c480c5c6662cdca95233110b98c1abc,184644,0.185 AI ug/org; 0.028 AI ug/org,Adult,2 Day(s),Active ingredient|Formulation,1,1,1,1,1,1,1,1,1,1,1,1
582,57018-04-9,"Phosphorothioic acid O-(2,6-dichloro-4-methylphenyl) O,O-dimethyl ester",1,Contact,OBZIQQJJIKNWNO-UHFFFAOYSA-N,1,100.0,"(100, inf)",True,True,False,True,False,1549,28aaa9e007c6dee763ac73c8d79fed5f4bdddb5c4085a86f25c08167081c8c5a,184644,>100 AI ug/org,Adult,2 Day(s),Active ingredient,0,0,0,0,0,0,0,0,1,1,0,0
585,173584-44-6,"(4aS)-7-Chloro-2,5-dihydro-2-[[(methoxycarbonyl)[4-(trifluoromethoxy)phenyl]amino]carbonyl]indeno[1,2-e][1,3,4]oxadiazine-4a(3H)-carboxylic acid methyl ester",3,Contact,VBCVPMMZEGZULK-UHFFFAOYSA-N,4,0.373,"[0.373, 0.373]",False,False,True,False,False,2283|2289|2293|2294,8e9c890e94ec4d17a1c748a8213b1f990c896e4eca72b727cd3fa663c4a3d116|6350a440e22f024315313e957f237669ced196d6442c2132f48286d98b28d10b|4575d23c4badfd1b4a23559735a55032b228655f7b5c8fd795b3fcddfc075a1b|256943ffe59c60685856760cbe17eba438913fa6122845051a482c0215f0fdb3,184644,0.0682 AI ug/org; 0.566 AI ug/org; 1.5 AI ug/org; 0.18 AI ug/org,Adult,2 Day(s)|3 Day(s),Active ingredient|Formulation,1,1,1,-1,1,1,1,1,1,1,1,1
586,79538-32-2,"(1R,3R)-rel-3-[(1Z)-2-Chloro-3,3,3-trifluoro-1-propen-1-yl]-2,2-dimethylcyclopropanecarboxylic acid (2,3,5,6-tetrafluoro-4-methylphenyl)methyl ester",3,Contact,ZFHGXWPMULPQSE-UHFFFAOYSA-N,1,0.17,"[0.17, 0.17]",True,True,True,False,False,1687,4dbde060a90f0aea41a95626c889db464bcadc42c651e5e32d8e496e3e42a10c,184644,0.17 AI ug/org,Adult,2 Day(s),Active ingredient,1,1,1,1,1,1,1,1,1,1,1,1
590,69770-45-2,"3-[2-Chloro-2-(4-chlorophenyl)ethenyl]-2,2-dimethylcyclopropanecarboxylic acid cyano(4-fluoro-3-phenoxyphenyl)methyl ester",3,Contact,YXWCBRDRVXHABN-UHFFFAOYSA-N,1,0.05,"[0.05, 0.05]",False,False,True,False,False,1626,594ed7d630af49ef65c3a39f2aed45b0b7302a53b57b9a1831ae61393b1b686d,64900,0.05 ug/org,Adult,1 Day(s),Formulation,1,1,1,1,1,1,1,1,1,1,1,1
591,74222-97-2,"2-[[[[(4,6-Dimethyl-2-pyrimidinyl)amino]carbonyl]amino]sulfonyl]benzoic acid, Methyl ester",1,Contact,ZDXMLEQEMNLCQG-UHFFFAOYSA-N,1,100.0,"(100, inf)",True,True,False,True,False,1657,36098300a5def2303814b95b11e35749974ddfb36e2d36b73269d3d2b6d06071,184644,>100 AI ug/org,Adult,2 Day(s),Active ingredient,0,0,0,0,0,0,0,0,1,1,0,0
592,283594-90-1,"3,3-Dimethylbutanoic acid 2-oxo-3-(2,4,6-trimethylphenyl)-1-oaxspiro[4.4]non-3-en-4-yl ester",0,Contact,GOLXNESZZPUPJE-UHFFFAOYSA-N,2,200.0,"(200, inf)",True,False,False,False,True,2473|2476,df144dbdbaf69f22d8f1a27d9b585661b2dceea51c2c95849a59097729d85e32|2256b97792760565ad7b9a3731fc64046fa3a165efbb71f6631816e7179a0590,184644,>200 AI ug/org; >200 AI ug/org,Adult,2 Day(s),Active ingredient|Formulation,0,0,0,0,0,0,0,0,0,0,0,0
593,67485-29-4,"Tetrahydro-5,5-dimethyl-2(1H)-pyrimidio[3-[4-trifluoromethyl)phenyl]-1-[2-[4-(trifluoromethyl)phenyl]ethenyl]-2-propenylidene]hydrazone",1,Contact,IQVNEKKDSLOHHK-UHFFFAOYSA-N,1,68.0,"[68, 68]",True,True,True,False,False,1600,d76a8ac347ffa59b12cafbc2a54db124aabb37e54401f9150926a55da4dfec41,184644,68 AI ug/org,Adult,2 Day(s),Active ingredient,0,0,0,0,0,0,0,0,1,1,1,1
610,26225-79-6,"2-Ethoxy-2,3-dihydro-3,3-dimethyl-5-benzofuranol 5-methanesulfonate",1,Oral,IRCMYGHHKLLGHV-UHFFFAOYSA-N,1,22.0,"(22, inf)",False,False,False,False,True,1333,4e6c10705c3d08a567a7c4a65781724c340308bf5d43162de2d4dd3ecab8f9ea,184644,>22 AI ug/org/d,Larva,8 Day(s),Active ingredient,0,0,0,0,0,0,0,0,1,1,-1,-1
614,95737-68-1,2-[1-Methyl-2-(4-phenoxyphenoxy)ethoxy]pyridine,1,Contact,NHDHVHZZCFYRSB-UHFFFAOYSA-N,1,100.0,"(100, inf)",True,True,False,True,False,1761,5d7acf569128f4698b04b6d644e335856dc7dbc4b734f8d4aa31ebec31842608,184644,>100 AI ug/org,Adult,2 Day(s),Active ingredient,0,0,0,0,0,0,0,0,1,1,0,0
617,67564-91-4,"(2R,6S)-rel-4-[3-[4-(1,1-Dimethylethyl)phenyl]-2-methylpropyl]-2,6-dimethylmorpholine  ",1,Oral,RYAUSSKQMZRMAI-UHFFFAOYSA-N,1,95.6,"(95.6, inf)",True,True,False,False,True,1601,9c6cd330ceff147a015684f4c96b4570bacd1f57f47a51174dc36cedf43091cd,184644,>95.6 AI ug/org,Adult,2 Day(s),Active ingredient,0,0,0,0,0,0,0,0,1,1,-1,-1
619,74115-24-5,"3,6-Bis(2-chlorophenyl)-1,2,4,5-tetrazine",1,Oral,UXADOQPNKNTIHB-UHFFFAOYSA-N,1,25.0,"(25, inf)",False,False,False,False,True,1656,fd7ecdf96bdaef566b22508a97d82962d2bd5d02fdcacc9ef6190066677fa608,184644,>25 AI ug/org/d,Larva,8 Day(s),Formulation,0,0,0,0,0,0,0,0,1,1,-1,-1
626,80844-07-1,1-[[2-(4-Ethoxyphenyl)-2-methylpropoxy]methyl]-3-phenoxybenzene,3,Contact,YREQHYQNNWYQCJ-UHFFFAOYSA-N,1,0.0145,"[0.0145, 0.0145]",False,False,True,False,False,1688,1782a62f46e20ca66f5dd6a2b630bd09d1971dddddb2d1bd05bd2d465d1a4c20,184644,0.0145 AI ug/org,Adult,3 Day(s),Active ingredient,1,1,1,1,1,1,1,1,1,1,1,1
627,64700-56-7,"[(3,5,6-Trichloro-2-pyridinyl)oxy]acetic acid, 2-Butoxyethyl ester",1,Contact,IVDRCZNHVGQBHZ-UHFFFAOYSA-N,1,100.0,"(100, inf)",True,True,False,True,False,1586,afdfa5163eadc355ee77f80400254ef2c5d27a0f60cfda7bee98e7f71acc2628,184644,>100 AI ug/org,Adult,2 Day(s),Active ingredient,0,0,0,0,0,0,0,0,1,1,0,0
630,88671-89-0,"alpha-Butyl-alpha-(4-chlorophenyl)-1H-1,2,4-triazole-1-propanenitrile",0,Oral,HZJKXKUJVSEEFU-UHFFFAOYSA-N,2,257.1,"(257.1, inf)",False,False,False,False,True,1733|1734,b6e6979c893cfaf2e0b8dd3d8a2894c922db68f070cd672074f80395132205a7|47edab519c6154c470967280e4d4495aede458360ea7ba69296efa3e9fd37a22,184644,>500 AI ug/org; >14.2 AI ug/org/d,Adult|Larva,2 Day(s)|8 Day(s),Active ingredient,0,0,0,0,0,0,0,0,0,0,0,-1
631,56425-91-3,alpha-(1-Methylethyl)-alpha-[4-(trifluoromethoxy)phenyl]-5-pyrimidinemethanol,1,Contact,VEVZCONIUDBCDC-UHFFFAOYSA-N,1,100.0,"(100, inf)",True,True,False,True,False,1548,60c38499748bff9c2cd76faddbc50540d526edf2d192577f6c0d102ef6f67673,184644,>100 AI ug/org,Adult,2 Day(s),Active ingredient,0,0,0,0,0,0,0,0,1,1,0,0
636,77501-63-4,"5-[2-Chloro-4-(trifluoromethyl)phenoxy]-2-nitrobenzoic acid, 2-Ethoxy-1-methyl-2-oxoethyl ester",0,Contact,CONWAEURSVPLRM-UHFFFAOYSA-N,1,124.0,"(124, inf)",True,False,False,False,True,1678,ccb8599cea89aff8387240b85f28f723001aa75815d3059a6d643dfb6622f1cd,184644,>124 AI ug/org,Adult,2 Day(s),Formulation,0,0,0,0,0,0,0,0,0,0,0,0
638,78587-05-0,"(4R,5R)-rel-5-(4-Chlorophenyl)-N-cyclohexyl-4-methyl-2-oxo-3-thiazolidinecarboxamide",1,Oral,XGWIJUOSCAQSSV-UHFFFAOYSA-N,1,71.0,"[71, 71]",False,False,True,False,False,1679,c0d19cec76cac06af571c35e33d47e7d56a60c023cd6b0f52ca64e162575d2ee,184644,71 AI ug/org,Larva,3 Day(s),Active ingredient,0,0,0,0,0,0,0,0,1,1,1,1
645,82097-50-5,"2-(2-Chloroethoxy)-N-[[(4-methoxy-6-methyl-1,3,5-triazin-2-yl)amino]carbonyl]benzenesulfonamide",1,Contact,XOPFESVZMSQIKC-UHFFFAOYSA-N,1,100.0,"(100, inf)",True,True,False,True,False,1705,8d2e0deb29094062d5bd11b9304d7cbb86126de4bc21fa3155a6a7cb5c653477,184644,>100 ug/bee,Adult,2 Day(s),Active ingredient,0,0,0,0,0,0,0,0,1,1,0,0
650,81777-89-1,"2-[(2-Chlorophenyl)methyl]-4,4-dimethyl-3-isoxazolidinone",1,Oral,KIEDNEWSYUYDSN-UHFFFAOYSA-N,1,85.29,"(85.29, inf)",True,True,False,False,True,1704,1008295e833ba15edbbcddb082370499fbdd8b6823a99fc4d7d404400702bd35,184644,>85.29 AI ug/org,Adult,2 Day(s),Active ingredient,0,0,0,0,0,0,0,0,1,1,-1,-1
658,97886-45-8,"2-(Difluoromethyl)-4-(2-methylpropyl)-6-(trifluoromethyl)-3,5-pyridinedicarbothioic acid, S3,S5-Dimethyl ester",1,Contact,YUBJPYNSGLJZPQ-UHFFFAOYSA-N,2,90.5,"(90.5, inf)",True,True,False,True,False,1765|1766,7eee2ca6c966deefc0268130660bfba39b06877c7045bf5f6097edeb22d6c0b2|b8b03403543aa89ccc0a3022e81da9f114afaec19c4d4ec4b5aa94a271803d7c,184644,81 AI ug/org; >100 AI ug/org,Adult,2 Day(s),Active ingredient,0,0,0,0,0,0,0,0,1,1,-1,-1
660,84087-01-4,"3,7-Dichloro-8-quinolinecarboxylic acidZ",0,Contact,FFSSWMQPCJRCRV-UHFFFAOYSA-N,2,269.145,"(269.145, inf)",False,False,False,False,True,1712|1713,26fcc690a11ba39a5f8a781746ca907a33f62fddc29c09d29a38435d35e2d210|7c7cf0acd644fcb162bd547cc2564243c76522038c6f503e13b3c455a71ac758,184644,>181.29 ug/bee; >357 AI ug/org,Adult,4 Day(s),Active ingredient|Formulation,0,0,0,0,0,0,0,0,0,0,0,0
668,62924-70-3,"2-Chloro-N-[2,6-dinitro-4-(trifluoromethyl)phenyl]-N-ethyl-6-fluorobenzenemethanamine",1,Contact,PWNAWOCHVWERAR-UHFFFAOYSA-N,3,17.1,"(17.1, inf)",True,False,False,False,True,1580|1582|1585,ecab59d57eced7b6beb3865f635179db6ef8d826da1531928ed4e9de11734a6c|a01a11f8a106c17b7e133e1bde355bc5cea834a86f80f6425b01c273e3b224f8|e9547234272728d9173bc2adc1cbd69201048de61f5998452a772285a9f6a7e2,184644,>11 AI ug/org; >105.3 AI ug/org; >17.1 AI ug/org,Adult,2 Day(s),Active ingredient|Formulation,0,0,0,0,0,0,0,0,1,1,-1,-1
671,86209-51-0,"2-[[[[[4,6-Bis(difluoromethoxy)-2-pyrimidinyl]amino]carbonyl]amino]sulfonyl]benzoic acid, Methyl ester",1,Contact,ZTYVMAQSHCZXLF-UHFFFAOYSA-N,1,100.0,"(100, inf)",True,True,False,True,False,1717,2eef6d4076c320263daa405e8be3e965704d66622cf5771710cd3c9d882d241c,184644,>100 AI ug/org,Adult,2 Day(s),Active ingredient,0,0,0,0,0,0,0,0,1,1,0,0
681,96489-71-3,"4-Chloro-2-(1,1-dimethylethyl)-5-[[[4-(1,1-dimethylethyl)phenyl]methyl]thio]-3(2H)pyridazinene",3,Contact,DWFZBUWUXWZWKD-UHFFFAOYSA-N,2,0.917,"[0.917, 0.917]",False,False,True,False,False,1762|1763,2fd1fd6e6445ba6f3cc35d123cbb6088a42cd82d0076dc3a5b5f0ca3cf5d3e69|740b4e9cf57392d0b4f939a1c0231acf5a520e0a744e6eb527ebae55deb577cd,184644,1.81 AI ug/org; 0.024 AI ug/org,Adult,1.8333 Day(s)|2 Day(s),Active ingredient,1,1,1,-1,1,1,1,1,1,1,1,1
683,124495-18-7,"5,7-Dichloro-4-(4-fluorophenoxy)quinoline",1,Oral,WRPIRSINYZBGPK-UHFFFAOYSA-N,1,19.38,"(19.38, inf)",False,False,False,False,True,1907,fc93d79d3d9198e47834b03525383e0ec97f3e3a3595b5b4f47e32d9cd4ba3a1,184644,>19.38 AI ug/org/d,Larva,8 Day(s),Active ingredient,0,0,0,0,0,0,0,0,1,1,-1,-1
684,117337-19-6,"[[2-Chloro-4-fluoro-5-[(tetrahydro-3-oxo-1H,3H-[1,3,4]thiadiazolo [3,4-a]pyridazin-1-ylidine)amino]phenyl]thioacetic acid methyl ester",1,Contact,ZCNQYNHDVRPZIH-UHFFFAOYSA-N,1,100.0,"(100, inf)",True,True,False,True,False,1846,1650bb94a5572adff7d04257cfed27c42c283134512936ecfc3796bf6b1f1ab7,184644,>100 AI ug/org,Adult,2 Day(s),Active ingredient,0,0,0,0,0,0,0,0,1,1,0,0
686,104040-78-0,"N-[[4,6-Dimethoxy-2-pyrimidinyl)amino]carbonyl]-3-(trifluoromethyl)-2-pyridinesulfonamide",1,Contact,HWATZEJQIXKWQS-UHFFFAOYSA-N,1,100.0,"(100, inf)",True,True,False,True,False,1783,ddf7b9aba9aea80bb2037496114d0c47d77eec04c518abfd38878092befd4f39,184644,>100 AI ug/org,Adult,2 Day(s),Active ingredient,0,0,0,0,0,0,0,0,1,1,0,0
690,53112-28-0,"4,6-Dimethyl-N-phenyl-2-pyrimidinamine",1,Contact,ZLIBICFPKPWGIZ-UHFFFAOYSA-N,1,100.0,"(100, inf)",True,True,False,True,False,1534,a8c1cc8e449e3d61d5b38638eef1a7103822bae275068ac9205054292d740282,184644,>100 AI ug/org,Adult,2 Day(s),Active ingredient,0,0,0,0,0,0,0,0,1,1,0,0
693,156052-68-5,"3,5-Dichloro-N-(3-chloro-1-ethyl-1-methyl-2-oxopropyl)-4-methylbenzamide",1,Oral,SOUGWDPPRBKJEX-UHFFFAOYSA-N,3,32.9,"(32.9, inf)",False,False,False,False,True,2222|2225|2226,2b1c229e0713d259afc7168e60246ef56a69f822a31baab7184af9d70d231503|cd398d550801574da3a6b0fe2cac5fdd309275315b3d089e9b19989fa27cd888|3bb3fdccf53d066ff2cfe00736ac2f777c16ba6d73f956d3d7ba7009dfd20e2d,184644,>28 AI ug/org/d; >32.9 AI ug/org; >97.1 AI ug/org/d,Adult|Larva,3 Day(s)|8 Day(s),Active ingredient|Formulation,0,0,0,0,0,0,0,0,1,1,-1,-1
695,210631-68-8,"[3-(4,5-Dihydro-3-isoxazolyl)-2-methyl-4-(methylsulfonyl)phenyl](5-hydroxy-1-methyl-1H-pyrazol-4-yl)methanone",1,Oral,BPPVUXSMLBXYGG-UHFFFAOYSA-N,2,85.55,"(85.55, inf)",False,False,False,False,True,2333|2336,ccafbbe893942f2ab4349421f939e3e4a6e59b4f600fdde28bf76c4824eaca85|eef11f45379a30098650effb82da1dede9e7919a2feb2ba50427ef557b512b37,184644,>108.3 ug/bee; 62.8 AI ug/org/d,Adult|Larva,2 Day(s)|8 Day(s),Active ingredient|Formulation,0,0,0,0,0,0,0,0,1,1,-1,-1
699,110488-70-5,"3-(4-Chlorophenyl)-3-(3,4-dimethoxyphenyl)-1-(4-morpholinyl)-2-propen-1-one",1,Contact,QNBTYORWCCMPQP-UHFFFAOYSA-N,2,50.0,"(50, inf)",False,False,False,False,True,1796|1798,7e466a7c6e5a0a4810d57deddc2814642ce7352efcb38f68990802fe9e5e7b1d|3830bd91cffa9585f16de3f894211c0865c5e8c67319b3e8e3c71f62745f95e0,184644,>50 AI ug/org; >50 AI ug/org,Adult,2 Day(s)|4 Day(s),Formulation,0,0,0,0,0,0,0,0,1,1,-1,-1
700,54593-83-8,"Phosphorothioic acid O,O-diethyl-O-(1,2,2,2-tetrachloroethyl) ester",3,Contact,XFDJMIHUAHSGKG-UHFFFAOYSA-N,1,0.09,"[0.09, 0.09]",True,True,True,False,False,1536,d0e073b1a0a19bd3ead32b1dc1d65b0a6801351bb44b1d1bc178510f64d8840a,184644,0.09 ug/bee,Adult,2 Day(s),Active ingredient,1,1,1,1,1,1,1,1,1,1,1,1
701,103361-09-7,"2-[7-Fluoro-3,4-dihydro-3-oxo-4-(2-propynyl)-2H-1,4-benzoxazin-6-yl]-4,5,6,7-tetrahydro-1H-isoindole-1,3(2H)-dione",0,Contact,FOUWCSDKDDHKQP-UHFFFAOYSA-N,1,105.0,"(105, inf)",True,True,False,False,True,1782,713777b71994baa4c61ebe28d9ceb806e6dfcb55f32355be4585f5bc3677b1d6,184644,>105 ug/bee,Adult,2 Day(s),Active ingredient,0,0,0,0,0,0,0,0,0,0,0,0
703,87546-18-7,"2-[2-Chloro-4-fluoro-5-(1,3,4,5,6,7-hexahydro-1,3-dioxo-2H-isoindol-2-yl)phenoxy]acetic acid pentyl ester",0,Contact,IRECWLYBCAZIJM-UHFFFAOYSA-N,1,106.0,"(106, inf)",True,True,False,False,True,1726,3c2c70e7d9397ec7d60355b3a872559a31dd82f0f5ae2f2fef3d9a8e866139f6,184644,>106 ug/bee,Adult,2 Day(s),Active ingredient,0,0,0,0,0,0,0,0,0,0,0,0
707,98967-40-9,"N-(2,6-Difluorophenyl)-5-methyl-[1,2,4]triazolo[1,5-a]pyrimidine-2-sulfonamide",1,Contact,RXCPQSJAVKGONC-UHFFFAOYSA-N,1,100.0,"(100, inf)",True,True,False,True,False,1769,b622acaedcd2e7a7f31e082d92b7225d60aa9ae946d0575fed9970d5f5d92639,184644,>100 AI ug/org,Adult,2 Day(s),Active ingredient,0,0,0,0,0,0,0,0,1,1,0,0
710,119446-68-3,"1-[[2-[2-Chloro-4-(4-chlorophenoxyl)phenyl]-4-methyl-1,3-dioxolan-2-yl]methyl]-1H-1,2,4-triazole",1,Contact,BQYJATMQXGBDHF-UHFFFAOYSA-N,1,100.0,"(100, inf)",True,True,False,True,False,1856,a03b999a645217e53ad481e2b3ea2523d73b7b69bb6b3d279c866b3208332af3,184644,>100 AI ug/org,Adult,2 Day(s),Active ingredient,0,0,0,0,0,0,0,0,1,1,0,0
711,112410-23-8,"1-(1,1-Dimethylethyl)-2-(4-ethylbenzoyl)hydrazide-3,5-dimethylbenzoic acid",0,Contact,QYPNKSZPJQQLRK-UHFFFAOYSA-N,2,234.0,"(234, inf)",False,False,False,False,True,1818|1819,074e36ab889729d565d8d4efd8b825a19b2f745b5fbafd0dde5210247378f295|146ea52bda3e7de6df43ea7298d88c1c63aeedb303a9d5370d78eba5a985a72b,184644,>234 AI ug/org; >234 AI ug/org,Adult,2 Day(s)|4 Day(s),Active ingredient,0,0,0,0,0,0,0,0,0,0,0,0
714,114369-43-6,"alpha-[2-(4-Chlorophenyl)ethyl]-alpha-phenyl-1H-1,2,4-triazole-1-propanenitrile",2,Oral,RQDJADAKIFFEKQ-UHFFFAOYSA-N,1,3.04,"(3.04, inf)",False,False,False,False,True,1826,e7e313924baad1d006171ed35f579041f83b93343f3a5b5733deb74651e131e8,184644,>3.04 AI ug/org/d,Larva,8 Day(s),Active ingredient,0,0,0,0,1,1,-1,-1,1,1,-1,-1
715,81406-37-3,"2-[(4-Amino-3,5-dichloro-6-fluoro-2-pyridinyl)oxy]acetic acid 1-methylheptyl ester",1,Contact,OLZQTUCTGLHFTQ-UHFFFAOYSA-N,4,62.5,"(62.5, inf)",True,True,False,True,True,1696|1697|1698|1701,95fbbbeb2180afd73f2ad38946c87c18dd34c5c2750bca123a41da01904918c4|95fbbbeb2180afd73f2ad38946c87c18dd34c5c2750bca123a41da01904918c4|c9cd75b1df4933d539785ed3731a10111be2c7885fce1b066ae46be97380b3c6|21a5691e4298e8232c64a80adeaeb3bba9219f1ea4ecdf0ad56572112c513286,184644,>100 AI ug/org; >100 AI ug/org; >25 AI ug/org; >25 AI ug/org,Adult,2 Day(s),Active ingredient,0,0,0,0,0,0,0,0,1,1,-1,-1
717,141776-32-1,"N-[[(4,6-Dimethoxy-2-pyrimidinyl)amino]carbonyl]-2-(ethylsulfonyl)imidazo[1,2-a]pyridine-3-sulfonamide",1,Contact,RBSXHDIPCIWOMG-UHFFFAOYSA-N,1,25.0,"(25, inf)",True,True,False,False,True,2085,6810dc4a0ee37c6a0912116bad4b1422f3e65a53684dec681e15df269c499d8a,184644,>25 AI ug/org,Adult,2 Day(s),Active ingredient,0,0,0,0,0,0,0,0,1,1,-1,-1
724,117718-60-2,"2-(Difluoromethyl)-5-(4,5-dihydro-2-thiazolyl)-4-(2-methylpropyl)-6-(trifluoromethyl)-3-pyridinecarboxylic acid methyl ester",1,Contact,YIJZJEYQBAAWRJ-UHFFFAOYSA-N,1,100.0,"(100, inf)",True,True,False,True,False,1851,3a1643429f814aba6e79a19cedc5d7ada3e176e14a493e899f7cec948253ff62,184644,>100 AI ug/org,Adult,2 Day(s),Active ingredient,0,0,0,0,0,0,0,0,1,1,0,0
726,141517-21-7,(alphaE)-alpha-(Methoxyimino)-2-[[[(E)-[1-[3-(trifluoromethyl)phenyl]ethylidene]amino]oxy]methyl]benzeneacteic acid methyl ester,0,Contact,ONCZDRURRATYFI-UHFFFAOYSA-N,1,200.0,"(200, inf)",True,True,False,False,True,2083,72c77ec0d2d2185be4e9976cadf5b8f46cd1a59dfaf76e3e3b925052a8caa853,184644,>200 AI ug/org,Adult,2 Day(s),Active ingredient,0,0,0,0,0,0,0,0,0,0,0,0
729,120928-09-8,"4-[2-[4-(1,1-Dimethylethyl)phenyl]ethoxy]quinazoline",2,Contact,DMYHGDXADUDKCQ-UHFFFAOYSA-N,2,4.6,"[4.6, 4.6]",True,True,True,False,False,1886|1889,1bd45ae58707e643988380e20bab81df9afc5fdd2c1275ad830453befc323826|e0e0ba79fbd6853856f50d871e1c4d35f6e20c4e376b23bcc2a2dde2a0650402,184644,8.1 AI ug/org; 1.1 AI ug/org,Adult,2 Day(s),Active ingredient,0,0,0,0,1,1,1,1,1,1,1,1
730,142459-58-3,"N-(4-Fluorophenyl)-N-(1-methylethyl)-2-[[5-(trifluoromethyl)-1,3,4-thiadiazol-2-yl]oxy]acetamide",0,Contact,IANUJLZYFUDJIH-UHFFFAOYSA-N,4,146.9,"(146.9, inf)",True,False,False,True,True,2087|2088|2090|2091,fec5383624cfc9d18bb7bc0a29494c6b9e163a0b03a8bc42af47b819b3345bcf|390e69b1ddcc971b645b67c7484e3e47f1588b0eb690e740c0949aa6b1dd4758|e8bd2dfa3d837382879b244724ff69778e25fb01c2ca1fefb1c99f894991ad80|ac1251f53e466476fe25a97e0326c7325525d2294432b7313e3674ffc76da632,184644,>25 AI ug/org; >100 AI ug/org; >400 AI ug/org; >193.8 AI ug/org,Adult,2 Day(s),Active ingredient|Formulation,0,0,0,0,0,0,0,0,0,0,0,-1
731,143390-89-0,(alphaE)-alpha-(Methoxyimino)-2-[(2-methylphenoxy)methyl]benzeneacetic acid methyl ester,1,Contact,ZOTBXTZVPHCKPN-UHFFFAOYSA-N,1,25.0,"(25, inf)",True,True,False,False,True,2093,15071ddc539b037c0a180cc5f4d17a407c1476893c841d6bf82a58584d5ccde2,184644,>25 ug/bee,Adult,2 Day(s),Active ingredient,0,0,0,0,0,0,0,0,1,1,-1,-1
733,131341-86-1,"4-(2,2-Difluoro-1,3-benzodioxol-4-yl)-1H-pyrrole-3-carbonitrile",1,Contact,MUJOIMFVNIBMKC-UHFFFAOYSA-N,1,25.0,"(25, inf)",True,True,False,False,True,1940,7cff77526cc6fc6d0f34633f67c62e5afef807b5cb406ba4693e11566f14a930,184644,>25 AI ug/org,Adult,2 Day(s),Active ingredient,0,0,0,0,0,0,0,0,1,1,-1,-1
734,122008-85-9,"(2R)-2-[4-(4-Cyano-2-fluorophenoxy)phenoxy]propanoic acid, Butyl ester",1,Contact,TYIYMOAHACZAMQ-UHFFFAOYSA-N,2,100.0,"(100, inf)",False,False,False,True,False,1892|1893,f595c05907eb03c62519b52327c2ad7a4f64c0d626b2df1eaa994ebab813d4e5|97aafa3efc94f85de50952154030a42d93c097e708c061ceea148fa9b5e8a8c6,184644,>100 AI ug/org; >100 AI ug/org,Adult,1 Day(s)|2 Day(s),Active ingredient,0,0,0,0,0,0,0,0,1,1,0,0
736,272451-65-7,"N2-[1,1-Dimethyl-2-(methylsulfonyl)ethyl]-3-iodo-N1-[2-methyl-4-[1,2,2,2-tetrafluoro-1-(trifluoromethyl)ethyl]phenyl]-1,2-benzenedicarboxamide",0,Contact,ZGNITFSDLCMLGI-UHFFFAOYSA-N,2,200.0,"(200, inf)",True,False,False,False,True,2456|2457,b2b4ab3448b5d0ae1f7266672112f13e97d4c7e8a08ac5771cfe9c8113014dfc|32490108c5ccd93fe574e050550b3f83d6b601cbd0e1d22d4ec061c3486a413f,184644,>200 AI ug/org; >200 AI ug/org,Adult,2 Day(s),Active ingredient|Formulation,0,0,0,0,0,0,0,0,0,0,0,0
737,57960-19-7,"2-(Acetyloxy)-3-dodecyl-1,4-naphthalenedione",0,Contact,QDRXWCAVUNHOGA-UHFFFAOYSA-N,2,225.0,"(225, inf)",False,False,False,True,True,1553|1555,30d3c67b14316aa4fc020c3b94959eadb0ed598c8ab8efc7731dc73158324436|5c3d3643b718d2ba0e7ec73a6354ad0d9ccda8de17c627b7d3a9fcd3e0d22eb4,184644,>100 AI ug/org; >350 AI ug/org,Adult,2 Day(s)|3 Day(s),Active ingredient|Formulation,0,0,0,0,0,0,0,0,0,0,0,0
739,98886-44-3,(2-Oxo-3-thiazolidinyl)phosphonothioic acid O-ethyl S-(1-methylpropyl)ester,3,Contact,DUFVKSUJRWYZQP-UHFFFAOYSA-N,1,0.247,"[0.247, 0.247]",True,True,True,False,False,1768,d3e34b6f3e87d75b23404620a4d762a5f5c44958398c60cfb8b54696e0d4f2bf,184644,0.247 AI ug/org,Adult,2 Day(s),Active ingredient,1,1,1,1,1,1,1,1,1,1,1,1
747,135158-54-2,"1,2,3-Benzothiadiazole-7-carbothioic acid S-methyl ester",1,Oral,UELITFHSCLAHKR-UHFFFAOYSA-N,2,74.65,"(74.65, inf)",False,False,False,False,True,1962|1963,8ccd8eac09928064ebae319afa8b83638a054c7114f34acd3e6fa96c0747ec6c|51009b33859244672508e639f3bec293158cfbe050a9023215e63baa1285ec30,184644,>21 AI ug/org; >128.3 AI ug/org,Adult|Larva,2 Day(s)|8 Day(s),Active ingredient,0,0,0,0,0,0,0,0,1,1,-1,-1
748,128639-02-1,"alpha,2-Dichloro-5-[4-(difluoromethyl)-4,5-dihydro-3-methyl-5-oxo-1H-1,2,4-triazol-1-yl]-4-fluorobenzenepropanoic acid, Ethyl ester",1,Contact,MLKCGVHIFJBRCD-UHFFFAOYSA-N,1,27.9,"(27.9, inf)",True,True,False,False,True,1926,e555b1ed7e5d699d8a76f25cc528cd963794ff80bf8f90852abb7e896a9ea567,184644,>27.9 AI ug/org,Adult,2 Day(s),Active ingredient,0,0,0,0,0,0,0,0,1,1,-1,-1
751,178928-70-6,"2-[2-(1-Chlorocyclopropyl)-3-(2-chlorophenyl)-2-hydroxypropyl]-1,2-dihydro-3H-1,2,4-triazole-3-thione",0,Contact,MNHVNIJQQRJYDH-UHFFFAOYSA-N,2,200.0,"(200, inf)",True,False,False,False,True,2304|2307,cf8c1942e6d2f0a08666b45241d482fdf4f8a13c668261933aaada3450d24dc5|4434a900950cdac730b125ec46b0974d7f4ed8077907a047d8f847644afa2351,184644,>200 AI ug/org; >200 ug/bee,Adult,2 Day(s),Active ingredient|Formulation,0,0,0,0,0,0,0,0,0,0,0,0
752,123312-89-0,"4,5-Dihydro-6-methyl-4-[(E)-(3-pyridinylmethylene)amino]-1,2,4-triazin-3(2H)-one",1,Oral,QHMTXANCGGJZRX-UHFFFAOYSA-N,2,89.855,"(89.855, inf)",False,False,False,False,True,1901|1904,7b2592da0d1eb0cdd2efd82fc775fd25681456f784738351fba33b5f3b166fdb|962f85f6b82bda6ced3cfcc3304d304226bebe190152dba545f0d49000e7c440,184644,>117 AI ug/org; >62.71 AI ug/org,Adult,2 Day(s)|4 Day(s),Active ingredient,0,0,0,0,0,0,0,0,1,1,-1,-1
755,122931-48-0,"N-[[(4,6-Dimethoxy-2-pyrimidinyl)amino]carbonyl]-3-(ethylsulfonyl)-2-pyridine sulfonamide",1,Oral,MEFOUWRMVYJCQC-UHFFFAOYSA-N,1,27.3,"(27.3, inf)",False,False,False,False,True,1900,660beaf6e07a41370f92888d75e3f17b5118abe63ae3732661b8a2f907b33cd0,184644,>27.3 AI ug/org,Larva,3 Day(s),Active ingredient,0,0,0,0,0,0,0,0,1,1,-1,-1
756,213464-77-8,"2-[[[[[(4,6-Dimethoxy-2-pyrimidinyl)amino]carbonyl]amino]sulfonyl]amino]-N,N-dimethylbenzamide",1,Contact,UCDPMNSCCRBWIC-UHFFFAOYSA-N,1,100.0,"(100, inf)",True,True,False,True,False,2428,c083e6068518c5075a3cd2b068f43a909b87d25f03b22df7b251523695194182,184644,>100 AI ug/org,Adult,2 Day(s),Active ingredient,0,0,0,0,0,0,0,0,1,1,0,0
761,122548-33-8,"2-Chloro-N-[[(4,6-dimethoxy-2-pyrimidinyl)amino]carbonyl]imidazo[1,2-a]pyridine-3-sulfonamide",1,Oral,NAGRVUXEKKZNHT-UHFFFAOYSA-N,2,32.95,"(32.95, inf)",True,True,False,False,True,1897|1898,3b359c23d48e08b49b473ce40441065bae03db2c4bb0189a376146f9a66fbdee|2f0c9ff451f461bebb8574867cd71c56718719e39c987e8e578544ab4caa4959,184644,45.9 AI ug/org; >20 AI ug/org,Adult,2 Day(s),Active ingredient,0,0,0,0,0,0,0,0,1,1,-1,-1
764,131860-33-8,(alphaE)-2-[[6-(2-Cyanophenoxy)-4-pyrimidinyl]oxy]-alpha-(methoxymethylene)benzeneacetic acid methyl ester,0,Contact,WFDXOXNFNRHQEC-UHFFFAOYSA-N,1,200.0,"(200, inf)",True,False,False,False,True,1946,e3d19e9e0fa050e6a79379598a86623f8bc25d3a796e695fb0c070d8f67e481d,184644,>200 AI ug/org,Adult,2 Day(s),Formulation,0,0,0,0,0,0,0,0,0,0,0,0
767,111353-84-5,"2-[[[[[4-Ethoxy-6-(methylamino)-1,3,5-triazin-2-yl]amino]carbonyl]amino]sulfonyl]benzoic acid",1,Contact,IRLGCAJYYKDTCG-UHFFFAOYSA-N,1,12.5,"(12.5, inf)",True,True,False,False,True,1799,f7b449c26fa9cd027b8585cb12e8f6d2228a1217dfc8f61071e5f76427444a22,184644,>12.5 AI ug/org,Adult,2 Day(s),Active ingredient,0,0,0,0,0,0,0,0,1,1,-1,-1
768,123343-16-8,"2-Chloro-6-[(4,6-dimethoxy-2-pyrimidinyl)thio]benzoic acid sodium salt (1:1)",1,Contact,CNILNQMBAHKMFS-UHFFFAOYSA-M,1,25.0,"(25, inf)",True,True,False,False,True,1906,52c1584a897e496ef9ee309e3e301de9891b8958957f57bb742958d8c9639efc,184644,>25 AI ug/org,Adult,2 Day(s),Active ingredient,0,0,0,0,0,0,0,0,1,1,-1,-1
770,72963-72-5,"2,2-Dimethyl-3-(2-methyl-1-propenyl)cyclopropanecarboxylic acid, [2,5-dioxo-3-(2-propynyl)-1-imidazolidinyl]methyl ester",3,Contact,VPRAQYXPZIFIOH-UHFFFAOYSA-N,1,0.52,"[0.52, 0.52]",True,True,True,False,False,1650,a10333fdf717e68642af89b4ffde378963a94c100c22902f86b5554fe6d44c8f,184644,0.52 AI ug/org,Adult,2 Day(s),Active ingredient,1,1,1,1,1,1,1,1,1,1,1,1
772,21543-49-7,6-chloro-3-pyridinemethanol,1,Contact,GOXYBEXWMJZLJB-UHFFFAOYSA-N,1,50.0,"(50, inf)",False,False,False,False,True,1261,a761d832e117c924bb15a2782a8ddee138b136d23b1a07ea3603d8aaae586b3a,95986,>50 AI ug/org,Not reported,1 Day(s),Active ingredient,0,0,0,0,0,0,0,0,1,1,-1,-1
781,147150-35-4,"3-Chloro-2-[[(5-ethoxy-7-fluoro[1,2,4]triazolo[1,5-c]pyrimidin-2-yl)sulfonyl]amino]benzoic acid, Methyl ester",1,Contact,BIKACRYIQSLICJ-UHFFFAOYSA-N,1,25.0,"(25, inf)",True,True,False,False,True,2100,db9d8b2cdeb14dea51c9ddc1f651d95bbfd6563f975f4ea639c4001f14f0d08e,184644,>25 AI ug/org,Adult,2 Day(s),Active ingredient,0,0,0,0,0,0,0,0,1,1,-1,-1
782,116714-46-6,"N-[[[3-Chloro-4-[1,1,2-trifluoro-2-(trifluoromethoxy)ethoxy]phenyl]amino]carbonyl]-2,6-difluorobenzamide",0,Contact,NJPPVKZQTLUDBO-UHFFFAOYSA-N,2,150.0,"(150, inf)",True,False,False,True,True,1841|1842,549374a387f3773609e156d232a15b441190f4075b9cf447fc08840464eb41ff|fe42b166fd743567d81527374aedc0064a580f57054e889c81ffc0baabf582ec,184644,>200 ug/bee; >100 AI ug/org,Adult,2 Day(s),Active ingredient|Formulation,0,0,0,0,0,0,0,0,0,0,0,0
787,118134-30-8,"8-(1,1-Dimethylethyl)-N-ethyl-N-propyl-1,4-dioxaspiro[4.5]decane-2-methanamine",2,Contact,PUYXTUJWRLOUCW-UHFFFAOYSA-N,1,4.22,"[4.22, 4.22]",True,True,True,False,False,1852,9ea15d3bdd8439bc5560b886164c38202e253255b2f7b58ac2a590af65fcbf9c,184644,4.22 AI ug/org,Adult,2 Day(s),Active ingredient,0,0,0,0,1,1,1,1,1,1,1,1
788,94125-34-5,"N-[[(4-Methoxy-6-methyl-1,3,5-triazin-2-yl)amino]carbonyl]-2-(3,3,3-trifluoropropyl)benzenesulfonamide",1,Oral,LTUNNEGNEKBSEH-UHFFFAOYSA-N,2,23.5,"[23.5, 23.5]",False,False,True,False,False,1748|1750,2a203e82d1e209d8d2302793fcd149f30b05fa48166277a6e44860212218a593|d9c368673e920773b8bbafc5253d4f7053c417696f0d12e07ae3d3f5e9380efc,184644,21 AI ug/org/d; 26 AI ug/org/d,Larva,3 Day(s)|8 Day(s),Active ingredient,0,0,0,0,0,0,0,0,1,1,1,1
791,131807-57-3,"5-Methyl-5-(4-phenoxyphenyl)-3-(phenylamino)-2,4-oxazolidinedione",2,Oral,PCCSBWNGDMYFCW-UHFFFAOYSA-N,2,4.215,"(4.215, inf)",False,False,False,False,True,1941|1944,2c817461da3fcd53e2b6627d57a39129215a4f9d6de02bcc320c3f4822e8b30d|8252219a03c9d95bbff119b7514fb674e6800d9f98ae3f46774dcbeab9468893,184644,>0.92 AI ug/org; >7.51 AI ug/org/d,Adult|Larva,2 Day(s)|8 Day(s),Active ingredient,0,0,0,-1,1,1,-1,-1,1,1,-1,-1
792,150824-47-8,"(1E)-N-[(6-Chloro-3-pyridinyl)methyl]-N-ethyl-N'-methyl-2-nitro-1,1-ethenediamine",3,Contact,CFRPSFYHXJZSBI-UHFFFAOYSA-N,1,0.138,"[0.138, 0.138]",False,False,True,False,False,2107,aaa7b2b7ad42b48ff18a115b74c8c1080c3411f69d9a18c800462ecc4a6838e3,95986,0.138 AI ug/org,Not reported,1 Day(s),Active ingredient,1,1,1,1,1,1,1,1,1,1,1,1
793,95266-40-3,"4-(Cyclopropylhydroxymethylene)-3,5-dioxocyclohexanecarboxylic acid ethyl ester",0,Contact,RVKCCVTVZORVGD-UHFFFAOYSA-N,2,120.3,"(120.3, inf)",True,True,False,False,True,1756|1757,93b3e7230f87830b330e007d9c1564761cb080e140624f2f5f58ea8c22d18725|f9f15ba7aba8597773ebad0035c66b6d8e1f0e5192fa39cc665a90e48ae7282f,184644,47 AI ug/org; >193.6 AI ug/org,Adult,2 Day(s),Active ingredient,0,0,0,0,0,0,0,0,0,0,0,-1
794,153233-91-1,"2-(2,6-Difluorophenyl)-4-[4-(1,1-dimethylethyl)-2-ethoxyphenyl]-4,5-dihydrooxazole",0,Contact,IXSZQYVWNJNRAL-UHFFFAOYSA-N,1,200.0,"(200, inf)",True,True,False,False,True,2109,c628ef63ad45e579ee9aadc94d604e963b9209143e0d5f36b3e60c2798e12cc4,184644,>200 AI ug/org,Adult,2 Day(s),Active ingredient,0,0,0,0,0,0,0,0,0,0,0,0
797,361377-29-9,"(1E)-[2-[[6-(2-Chlorophenoxy)-5-fluoro-4-pyrimidinyl]oxy]phenyl](5,6-dihydro-1,4,2-dioxazin-3-yl)-methanone, O-Methyloxime",1,Oral,UFEODZBUAFNAEU-UHFFFAOYSA-N,3,80.0,"(80, inf)",False,False,False,False,True,2498|2499|2501,0043f89ddb296aa35f0c4637cc2f3d2070d9b6097856c6c42c3d74175b6b78d3|d8b2e098a82881b0c31fbf0b32cfd8eda7a855ad4d43941101175fad77e214d8|395fd427db39f338beb2bb6e557218370cbdd68c3c555a0144c9127ce54ff93d,184644,>843.3 AI ug/org; >25 AI ug/org/d; >80 AI ug/org,Adult|Larva,2 Day(s)|3 Day(s)|8 Day(s),Active ingredient,0,0,0,0,0,0,0,0,1,1,-1,-1
799,129909-90-6,"4-Amino-N-(1,1-dimethylethyl)-4,5-dihydro-3-(1-methylethyl)-5-oxo-1H-1,2,4-triazole-1-carboxamide",0,Contact,ORFPWVRKFLOQHK-UHFFFAOYSA-N,1,200.0,"(200, inf)",True,True,False,False,True,1938,330d85bdb9fc347b6b6f2a439fb78e32e77a3e26bd1fdb42b7069bc4d2877e8b,184644,>200 AI ug/org,Adult,2 Day(s),Active ingredient,0,0,0,0,0,0,0,0,0,0,0,0
800,115970-17-7,"1-[(6-Chloro-3-pyridinyl)methyl]-4,5-dihydro-1H-imidazol-2-amine",3,Oral,UEQZFAGVRGWPDK-UHFFFAOYSA-N,3,1.0,"(1, inf)",False,False,False,False,True,1832|1833|1834,01a35ddc7e4004bd4d3f33399aa4265b46c1e31d0064d22b5cfc01135782112f|de389850dfca19d3e0cbe1c6f08a54850530b92c582d7e5331cfb68c18291c16|bbbb597e3670bcc502c56c8fe06145d4ca6d908e2b04a443b7efcc6c3ee79c6b,63505,>1000 ng/org; >1000 ng/org; >1000 ng/org,Not reported,2 Day(s)|3 Day(s)|4 Day(s),Active ingredient,1,1,0,0,1,1,-1,-1,1,1,-1,-1
801,365400-11-9,"(5-Hydroxy-1,3-dimethyl-1H-pyrazol-4-yl)[2-(methylsulfonyl)-4-(trifluoromethyl)phenyl]methanone",1,Contact,CZRVDACSCJKRFL-UHFFFAOYSA-N,1,75.0,"(75, inf)",False,False,False,False,True,2502,60955b9f87d1e4cddc7781897ffba46b194e4b8dcea916105b8322ca59ceaa6a,184644,>75 AI ug/org,Adult,3 Day(s),Active ingredient,0,0,0,0,0,0,0,0,1,1,-1,-1
804,374726-62-2,4-Chloro-N-[2-[3-methoxy-4-(2-propynyloxy)phenyl]ethyl]-alpha-(2-propynyloxy)benzeneacetamide,0,Oral,KWLVWJPJKJMCSH-UHFFFAOYSA-N,1,160.0,"(160, inf)",False,False,False,False,True,2508,992dec2c501853cd44850316203064c7fd54da9f25d4c024e1de47c39885b77b,184644,>160 AI ug/org,Adult,4 Day(s),Active ingredient,0,0,0,0,0,0,0,0,0,0,0,0
805,129630-19-9,2-[2-Chloro-5-[4-chloro-5-(difluoromethoxy)-1-methyl-1H-pyrazol-3-yl]-4-fluorophenoxy]acetic acid ethyl ester,1,Contact,APTZNLHMIGJTEW-UHFFFAOYSA-N,1,100.0,"(100, inf)",True,True,False,True,False,1932,f07d92b94a1999f43fa31d06b9c9a8fad05c41ddea4a754d9bc6f01c7832a755,184644,>100 AI ug/org,Adult,2 Day(s),Active ingredient,0,0,0,0,0,0,0,0,1,1,0,0
813,243973-20-8,"2,2-Dimethylpropanoic acid  8-(2,6-diethyl-4-methylphenyl)-1,2,4,5- tetrahydro-7-oxo-7H-pyrazolo[1,2-d][1,4,5]oxadiazepin-9-yl ester",1,Contact,MGOHCFMYLBAPRN-UHFFFAOYSA-N,3,100.0,"(100, inf)",True,False,False,True,True,2450|2452|2453,4851485a6b9fa5fda110ee054a8ece7e2badc9ca04870178d30d1599b8475d7c|1093aa4240b5483b26bcac4f46ebc7e3c8bfe20c737da3580a7187e7880c5a82|687d0758ffb3577fab865ed88cd4e1286b0d87467a0d757ca0d118300b9ab187,184644,>200 AI ug/org; 84 AI ug/org; >100 AI ug/org,Adult,2 Day(s),Active ingredient|Formulation,0,0,0,0,0,0,0,0,1,1,0,-1
817,120116-88-3,"4-Chloro-2-cyano-N,N-dimethyl-5-(4-methylphenyl)-1H-imidazole-1-sulfonamide",1,Oral,YXKMMRDKEKCERS-UHFFFAOYSA-N,3,66.0,"[66, inf)",False,False,False,False,True,1877|1879|1880,bb969451916d3ba8a4b0582ccccd5c9ab79508c4541ea932b71035df681f8483|f3da49afd75d6a1e765c0f3c85bd438dd78404da33039a876e3cfc538a3b97fd|8fd98f4597128eb132179e2d49dcb967fec410b6781b9c0cbc4095cfc42c80fe,184644,66 AI ug/org/d; >151.7 AI ug/org; >28 AI ug/org/d,Adult|Larva,2 Day(s)|3 Day(s)|8 Day(s),Active ingredient|Formulation,0,0,0,0,0,0,0,0,1,1,-1,-1
818,128621-72-7,"alpha,2-Dichloro-5-[4-(difluoromethyl)-4,5-dihydro-3-methyl-5-oxo-1H-1,2,4-triazol-1-yl]-4-fluorobenzenepropanoic acid",0,Contact,YHKBGVDUSSWOAB-UHFFFAOYSA-N,1,200.0,"(200, inf)",False,False,False,False,True,1925,a1dc3f01fa7b4c2f9297dff42bff97374e5a8b96eb4d37bcf7bc59989abf017c,184644,>200 AI ug/org,Adult,1 Day(s),Active ingredient,0,0,0,0,0,0,0,0,0,0,0,0
819,219714-96-2,"2-(2,2-Difluoroethoxy)-N-(5,8-dimethoxy[1,2,4]triazolo[1,5-c]pyrimidin-2-yl)-6-(trifluoromethyl)benzenesulfonamide",1,Contact,SYJGKVOENHZYMQ-UHFFFAOYSA-N,2,60.95,"(60.95, inf)",True,False,False,True,True,2434|2435,86323dab69123ca40b376375a848780fa7e6d5728d721de830c0961b9f83241a|b3b5c87397deff99dc32a48b0ecb9466e0a2c2d40d086e2a221acf73706d2e33,184644,>21.9 AI ug/org; >100 AI ug/org,Adult,2 Day(s),Active ingredient|Formulation,0,0,0,0,0,0,0,0,1,1,-1,-1
821,113136-77-9,"1-[[(2,4-Dichlorophenyl)amino]carbonyl]cyclopropane carboxylic acid",1,Oral,GLWWLNJJJCTFMZ-UHFFFAOYSA-N,1,89.5,"(89.5, inf)",True,True,False,False,True,1820,b8bca9b43362458c1b3cf5b7d2f93eacbfd83610a11fec4e254e441b77fd7d3f,184644,>89.5 AI ug/org,Adult,2 Day(s),Active ingredient,0,0,0,0,0,0,0,0,1,1,-1,-1
826,145701-21-9,"N-(2,6-Dichlorophenyl)-5-ethoxy-7-fluoro-[1,2,4-triazolo[1,5-c]pyrimidine-2-sulfonamide",1,Contact,QNXAVFXEJCPCJO-UHFFFAOYSA-N,1,25.0,"(25, inf)",True,True,False,False,True,2095,653ced25b0de222811445e40bee217c9beb8fbbfd17c2edf56d0ca4474a089ab,184644,>25 AI ug/org,Adult,2 Day(s),Active ingredient,0,0,0,0,0,0,0,0,1,1,-1,-1
828,125225-28-7,"2-[(4-Chlorophenyl)methyl]-5-(1-methylethyl)-1-(1H-1,2,4-triazol-1-ylmethyl)cyclopentanol",1,Oral,QTYCMDBMOLSEAM-UHFFFAOYSA-N,2,18.0,"[18, 18]",False,False,True,False,False,1914|1915,8e52a97547edd840a35bd1924f2e0d4aad78237360e9e5471ecd25b15bc59a3f|4d6e7f4d382b0839eed281a7170f424bd63240319205ab96687832f75984302e,184644,22 AI ug/org; 14 AI ug/org/d,Larva,8 Day(s),Active ingredient,0,0,0,0,0,0,0,0,1,1,1,1
830,153719-23-4,"3-[(2-Chloro-5-thiazolyl)methyl]tetrahydro-5-methyl-N-nitro-4H-1,3,5-oxadiazin-4-imine",3,Oral,NWWZPOKUUAIXIW-UHFFFAOYSA-N,60,0.00412,"[0.00412, 0.00412]",False,False,False,False,True,2114|2115|2116|2121|2124|2125|2127|2128|2132|2139|2140|2141|2143|2146|2147|2148|2149|2151|2152|2153|2154|2155|2156|2157|2158|2159|2160|2167|2168|2169|2173|2174|2175|2176|2177|2178|2179|2180|2181|2182|2183|2184|2185|2186|2187|2188|2189|2190|2191|2192|2193|2194|2195|2197|2198|2199|2202|2206|2207|2208,5bcfa12d9710b147aeb34f26dfc1c20b3254abadb21fb796dc976743ab87bd10|bc1395419d7bb46ead346c7a6fd24f45f83a6d8442399383d493821263a73238|b1bde0f6dcd67224eadd9ba878361c33a75136534a25ea6ca2218e1f17cfd039|2d83388777927ecdfbfb7824213f8662499872880b366bf84bf843cc441699cb|af670daa926ae287db25515cd0bbc2e20f3cc12c98dd2ef62d3e6dc5dd3af7a7|927bc91d2a341660ff813c44a0ed0354c274635f48eb39782e493c3edf1657c0|a8c49e6cd7fd47a8d628b0dd4436be8d9bea94994522abea8924116e448b1fe5|2c575165cc8c3345289de8007281fc76d9e8e607ac5b061f421c22b0d14ae46b|c9e3d4ae5d371610731455bdfacba51c0421534306f3f1171ef62ba9fff5004e|4868dba19e693159dcb3ff381dfdc7672d538432058f72e4865c2e5988f214a6|43e9b053d9d42f38e9d9ecde655ace46bd4a1371431e576394670b509b7c5d1b|aecafb270b0254fdcf3144e25f7ea0a7d2c186d0fae774490d99f28f28e79160|bd7855f049338b764c82b155c3a00a9d677cd8d2d8b35422c96ac782c6475cb8|8c3092a033c5277b071188c220b3223d6447a994ed99412f351c74d3604aa1fc|59ec60de6d492eec91f721eb4d3909b33ee985db017d85e429c3bcba9eaa7bbc|c2b72b69bdfcc54e8d717230d517f55baf5d134ca9d958849118fd36e69cca0a|49ac177bd3d2bf10239cb219d7211ed7ccf29e7e1913ef76a8325f0112c68462|dbddb365ea2d98db0999d24f54bb29c97966fd42f7b92893f57491a3be56102d|e123a83ff15df81ce4792e4f78d00bc17f7f3859d2589c9bdf9a155203c31786|1a2de068102ad695bb2bc4212bd18c725ee341c9d4793352c7f0864049845788|5169725b7ad0787e639ed34377ecbfcd3ea1ce7eecb540f46f8d28ae522052d2|268b08a747511ed04d8635d3c9c44d24322d95a12cc5611f59187ce43c3fdf51|01c555a7d227baed29a7f55794fbc5d734225c4df7ed861ff39f9eb00342184d|76ba936fb4b4004d83bfbabeda81bbf058bf05c625a7b700c5a2341b246b80d3|63f716316cc1a66644bf2c6aecc5e32cff83a68b184725075bab56dd44983a17|e46268e1cbe7d3c5a41171a4917ee09ef14f0e766cc01c2b62234657d1864530|8a66c37a1dc307f4e08fc5fd3dbd4c75149d5e0b94776c21dc792754299d5d60|611670607d7607a0fc55d5ff1124659a4fa4be05412e98cbb64ad4d003115b88|24fd5110e167cb108601905d7aaeabc46afe64ccc2b6ebbde3379907b577c4ea|f5576601d2cd6bc056ae304b8b1d2bf75b3873cb3734461289328d020521c71f|358447a9bcbd768f436567caad8c5dc2876be070ecdd6ad0fa8574bbc7ddda87|b37f9d0166fadae78b8502d031cf16139e2a12be9612400c8c15bff10fff7408|5756d660567360cd153a24593f0c75dc51ea45c4b14e7e668516c4315ed69429|05f2dfea435cc199266bfb929ddc37f8a48d837c73e707d24cbc8c836f439b11|0cb4683501b6c7f6f75a7223456d3ed9b771618bdfe47468f94232499ef6ed27|80afc0ec7426bbe0b720d85f5ad9852c3c807d6d5fe7c2b8a3f7ff925db163a1|9ee340fb0e9aca01735a87b77aa88bbd4b5ca1c8385cc21208db1107d188094a|0a97fe242d59bb5875215c5bcb73a51f10b01b7c5507dce1fbc3a6ececb3819f|9608e2badc6efd38fcf6b59ce49367a75a6d1fe65856ae89a863021df44c0e22|d1640e283a85b3c9ef58371846217ccec331d4ba7c2654f9024d11b94ec3c686|a59ff6dd50624b154536d7c8b619959d8b2cffbb8569b163aac8ec74141818b9|0b76a7b1876f268637990587fa3a4c30f5cfab570a0f2abeb98994e9be7fccaa|f3d999b1ed38d5cf6f670b9c134fab40685fca5929203619156e05bcced1157e|da94b212309bbcb440a7c01aaadb0c96d79237f6511918184e4e3df3d6adf57e|93fd499ba7b07d5919109c3b116d177e134772429cb801a91c6beae1c65dadcb|84d96a124f8db0704ee50c3c49c55547376d9cd20e211cfcd275a605ee332b7b|b06e90d44b8a4c4c344ed839eb46c0f0c11e35497230f699aad9c804e414474e|700780b397fdc28ae80429d4d62a96b939ec0232b7bff794e971d12833c72d7c|b9ede8a0e31e93c6627cee558be48eb7c4aa29ae9e9bc6adc3831e8e8460add9|5799c1ceb56efb0cad457020a497ecd42743fb5601ba3dcc9c886d4d81cac40c|257c172dfe4dd4081211f9529de2d5a3194176ddd6f1943e807682a1e588c448|e5e64429e976d9d51adbc3aaf6a28a0b824e285ec4d80bef1cdf7d8728569c08|e6329d0103ab16e22afff0acd5de9c387fe5d0f5147f210c4909ea656704fec4|e56b4b621c98004c0e6a0eaa789d29b0537ba0d9ef0a50a8218a1600348f6e65|456b126248dec020c03552284488903706f016c73eeb3157adf38b3ae336fb1a|9fc6b32575101fbcc3f30c0b2abe3dc4e23e3dff4f120ddcbc284530d4f344c8|a353e3b56d058bbbcaba6169aa09abbbf2760620dcf48c0be8f0b500e10855ef|63b4b6af513bf790bc0dd77719869478c3e40bb0f5eda94d46b3ee27b6395187|dc7f8ff396389719d9cac5a2b1e8be5ce609023559b973b142cbf174e0cf81a2|18e9e91aca9e35872b656345ebefc91f81ebc4478af3faa16227183e9088f6e9,152655|165106|168700|169012|183522|183532|183552|183570|183795|183870|183961|184644,4.411 AI ng/org; 4.679 AI ng/org; 4.316 AI ng/org; 2.48 AI ng/org; 2.9 ng/org; 0.02 pg/org; 51.4 pg/org; 34.7 pg/org; 2.66 AI ng/org; 0.0112 ug/org; 0.0641 ug/org; 0.78 AI ug/org/d; 0.005 AI ug/org; 4.4 AI ng/org; 0.00309 AI ug/org; >0.12 AI ug/org/d; 0.00411 AI ug/org; 4.546 AI ng/org; 2.48 AI ng/org; 2.44 AI ng/org; 2.44 AI ng/org; 2.31 AI ng/org; 2.26 AI ng/org; 2.15 AI ng/org; 1.65 AI ng/org; 1.64 AI ng/org; 1.99 AI ng/org; 9.02 ng/org; 229 ng/org; 118 ng/org; 5.01 AI ng/org; 4.52 AI ng/org; 5.08 AI ng/org; 3.68 AI ng/org; 4.27 AI ng/org; 4.13 AI ng/org; 3.59 AI ng/org; 3.90 AI ng/org; 4.32 AI ng/org; 3.018 AI ng/org; 2.936 AI ng/org; 3.336 AI ng/org; 2.644 AI ng/org; 2.556 AI ng/org; 2.761 AI ng/org; 4.383 AI ng/org; 3.151 AI ng/org; 8.86 AI ng/org; 9.00 AI ng/org; 5.46 AI ng/org; 5.73 AI ng/org; 5.56 AI ng/org; 5.71 AI ng/org; 0.00433 ug/org/d; 5.36 AI ng/org; 5.64 AI ng/org; 9.07 AI ng/org; 3.40 AI ng/org; 3.36 AI ng/org; 3.40 AI ng/org,Adult|Larva|Not reported|Post-emergence,1 Day(s)|10 Day(s)|14 Day(s)|19 Day(s)|2 Day(s)|2.1667 Day(s)|27 Day(s)|3 Day(s)|4 Day(s)|8 Day(s)|<=2 Day(s),Active ingredient|Formulation,1,1,1,-1,1,1,1,-1,1,1,1,-1
831,111988-49-9,[N(Z)]-N-[3-[(6-Chloro-3-pyridinyl)methyl]-2-thiazolidinylidene]cyanamide,1,Oral,HOKKPVIRMVDYPB-UHFFFAOYSA-N,3,17.94,"[17.94, 17.94]",True,False,True,False,False,1801|1803|1807,4beccf353ea83100f6050e35e67b9250e6794392ca7b6ba532f648a40007befe|4de8c5fe59cf2a8abc0d3dcc15be4f8d481dc42d6636c0582f9f81f94f3690e9|f91170730e59d67a116269ee251f065ed3595d6e6869b8034200e8b96af28992,169012|184644,17.94 AI ug/org; 22.59 ug/org; 12.8 ug/bee,Adult,2 Day(s),Active ingredient|Formulation,0,0,0,0,0,0,0,0,1,1,1,1
833,125116-23-6,"5-[(4-Chlorophenyl)methyl]-2,2-dimethyl-1-(1H-1,2,4-triazol-1-ylmethyl)cyclopentanol",1,Oral,XWPZUHJBOLQNMN-UHFFFAOYSA-N,3,88.0,"[88, inf)",False,False,False,False,True,1910|1911|1912,c82c2602e38461a4617c7f0dce9e214385a1267904121dcf93c81fbf48eee40a|aa0b2daa2f206d8a754d1f6d4a86a118a9a588411ca2c80bcb5cd1bafb26252f|ea0dbfaaa1dfb9b3fc57b703578185837602c3fe2d43027f59ee9949e16b2ac6,184644,88 AI ug/org; >101 AI ug/org/d; >21 AI ug/org/d,Adult|Larva,3 Day(s)|4 Day(s)|8 Day(s),Active ingredient,0,0,0,0,0,0,0,0,1,1,-1,-1
838,161326-34-7,"(5S)-3,5-Dihydro-5-methyl-2-(methylthio)-5-phenyl-3-(phenylamino)-4H-imidazol-4-one",1,Contact,LMVPQMGRYSRMIW-UHFFFAOYSA-N,2,64.7,"[64.7, 64.7]",False,False,True,False,False,2248|2251,ef5db773d5f93a8fcdd67ebb6853c27075873225a3bb8f4d27a6c339d41b8a7b|51a15200125c83eac6add2a69389cf1ea06d7d0472578eee1e0c7b4600904db2,184644,47.1 AI ug/org; 82.3 AI ug/org,Adult,3 Day(s)|4 Day(s),Active ingredient,0,0,0,0,0,0,0,0,1,1,1,1
839,118712-89-3,"(1R,3S)-3-(2,2-Dichloroethenyl)-2,2-dimethyl-(2,3,5,6-tetrafluorophenyl)methyl ester cyclopropanecarboxylic acid",3,Contact,DDVNRFNDOPPVQJ-UHFFFAOYSA-N,1,0.0239,"[0.0239, 0.0239]",True,True,True,False,False,1855,8bd9e70aa75f9cdd7f41e644dfb1115b602c26dcf8ed954a7b7e1dacb0fe7f3f,184644,0.0239 AI ug/org,Adult,2 Day(s),Active ingredient,1,1,1,1,1,1,1,1,1,1,1,1
847,149877-41-8,"2-(4-Methoxy[1,1'-biphenyl]-3-yl)hydrazinecarboxylic acid, 1-Methylethyl ester",2,Contact,VHLKTXFWDRXILV-UHFFFAOYSA-N,1,7.8,"[7.8, 7.8]",True,True,True,False,False,2105,5dcace3efc94b360c351f9578550408fb94395fc62345b75c7e963ed7a632035,184644,7.8 AI ug/org,Adult,2 Day(s),Active ingredient,0,0,0,0,1,1,1,1,1,1,1,1
849,106700-29-2,2-Chloro-N-(2-ethoxyethyl)-N-(2-methyl-1-phenyl-1-propen-1-yl)acetamide,1,Oral,CSWIKHNSBZVWNQ-UHFFFAOYSA-N,1,31.1,"[31.1, 31.1]",False,False,True,False,False,1791,ecdee5976540b855c2144782d5678426a72f9aea51fa309eed473bc497bae3db,184644,31.1 AI ug/org/d,Larva,8 Day(s),Formulation,0,0,0,0,0,0,0,0,1,1,1,1
851,100784-20-1,"3-Chloro-5-[[[[(4,6-dimethoxy-2-pyrimidinyl)amino]carbonyl]amino]sulfonyl]-1-methyl-1H-pyrazole-4-carboxylic acid, Methyl ester",1,Contact,FMGZEUWROYGLAY-UHFFFAOYSA-N,1,100.0,"(100, inf)",True,True,False,True,False,1771,11120581764a57f4e911dd5ce34d8ae2561d563216b4e5ec5a72f51f9af64cf8,184644,>100 AI ug/org,Adult,2 Day(s),Active ingredient,0,0,0,0,0,0,0,0,1,1,0,0
856,162650-77-3,N-(Cyano-2-thienylmethyl)-4-ethyl-2-(ethylamino)-5-thiazolecarboxamide,0,Oral,NQRFDNJEBWAUBL-UHFFFAOYSA-N,2,105.9,"(105.9, inf)",False,False,False,True,True,2254|2255,ecc2c621f5a6f6408dca619028fce6e11f94fa198b2c2c39df41598524b61bbc|8e5f6d36592cbaca971e1d97868e669cb3a626fc33819d619a283f9da660e1b4,184644,>111.8 AI ug/org; >100 AI ug/org,Adult|Larva,2 Day(s)|3 Day(s),Active ingredient,0,0,0,0,0,0,0,0,0,0,0,0
857,156963-66-5,3-[2-Chloro-4-(methanesulfonyl)benzoyl]-4-(phenylsulfanyl)bicyclo[3.2.1]oct-3-en-2-one,0,Contact,VIXCLRUCUMWJFF-UHFFFAOYSA-N,1,200.0,"(200, inf)",False,False,False,False,True,2227,a69f1093681dcb0f8ddc64965a0e3d1c8400673ec550e9240c574115a96a73b1,184644,>200 AI ug/org,Adult,3 Day(s),Active ingredient,0,0,0,0,0,0,0,0,0,0,0,0
861,115086-54-9,1-[(6-Chloro-3-pyridinyl)methyl]-N-nitro-1H-imidazol-2-amine,3,Oral,TYLCDJYHUVCRBH-UHFFFAOYSA-N,4,0.0285,"[0.0285, 0.0285]",False,False,False,False,True,1827|1828|1829|1830,6e022389f495fe79a6da170b0ceb48dd981e4241cb88ef845f2ba62a2da54bcf|66216287f1e1e257e748b6e41034a5051ce9b8882f84565a78ac6c530dc76f17|8a324aadd419e5bf77ea55638c3f10cb73b19571bfee8a286d7526d4b40c9f95|4fa94552d9b953a6612b61c4bbef705dfd8c8eff6b519bbe16b5b6c128c3eccb,62997|63505,23 ng/org; 29 ng/org; 28 ng/org; >36 AI ng/org,Adult|Not reported,2 Day(s)|3 Day(s)|4 Day(s),Active ingredient,1,1,1,-1,1,1,1,-1,1,1,1,-1
863,188489-07-8,"2-[2-Chloro-4-fluoro-5-[5-methyl-6-oxo-4-(trifluoromethyl)-1(6H)-pyridazinyl]phenoxy]acetic acid, Ethyl ester",1,Contact,DNUAYCRATWAJQE-UHFFFAOYSA-N,1,25.0,"(25, inf)",True,True,False,False,True,2327,8d88878dc4907e2be0b3351cfcd9e6ca4a08d359fac9fc3e767720fd67969809,184644,>25 AI ug/org,Adult,2 Day(s),Active ingredient,0,0,0,0,0,0,0,0,1,1,-1,-1
870,134605-64-4,"2-Chloro-5-[3,6-dihydro-3-methyl-2,6-dioxo-4-(trifluoromethyl)-1(2H)-pyrimidinyl]benzoic acid 1,1-dimethyl-2-oxo-2-(2-propenyloxy)ethyl ester",1,Contact,JEDYYFXHPAIBGR-UHFFFAOYSA-N,1,100.0,"(100, inf)",True,True,False,True,False,1960,7bad1d028a2e1753bb9351b58416655323a4e09c3d587ce3e370133ad1b58fd3,184644,>100 AI ug/org,Adult,2 Day(s),Active ingredient,0,0,0,0,0,0,0,0,1,1,0,0
871,148477-71-8,"2,2-Dimethylbutanoic acid, 3-(2,4-Dichlorophenyl)-2-oxo-1-oxaspiro[4.5]dec-3-en-4-yl ester",0,Oral,DTDSAWVUFPGDMX-UHFFFAOYSA-N,2,148.0,"(148, inf)",True,False,False,True,True,2101|2102,6baf8a46afad44a67a9146180fb5e80b3e832266d229b86d216b70258612c507|d8d26465bce338b1d1bc9feedf539233dc4556db8428b1a4072ecb69ad655a29,184644,>196 AI ug/org; >100 AI ug/org,Adult,2 Day(s),Active ingredient|Formulation,0,0,0,0,0,0,0,0,0,0,0,0
874,188425-85-6,"2-Chloro-N-(4'-chloro[1,1'-biphenyl]-2-yl)-3-pyridinecarboxamide",1,Oral,WYEMLYFITZORAB-UHFFFAOYSA-N,2,88.5,"(88.5, inf)",False,False,False,False,True,2324|2326,13b49f1ab64fde3ac1cacb3dff770980b76b6358274a0ccb28668878e1088e50|274513d0186279712ead9890c5cbf7f17a47a5f4bd1d9690e55d31b13e473f05,184644,>166 AI ug/org; >11 AI ug/org/d,Adult|Larva,2 Day(s)|8 Day(s),Active ingredient,0,0,0,0,0,0,0,0,1,1,-1,-1
883,53780-36-2,"N-[2,4-Dimethyl-5-[[(trifluoromethyl)sulfonyl]amino]phenyl]acetamide compd. with 2,2'-Iminobis[ethanol](1:1)",1,Contact,JDMXBYDZNLFFCJ-UHFFFAOYSA-N,1,25.0,"(25, inf)",True,False,False,False,True,1535,a3d0ae554f47d8a5894a3cfd66223bdc7b2b09a6fb20aaf54ba6a47fb63df544,184644,>25 AI ug/org,Adult,2 Day(s),Formulation,0,0,0,0,0,0,0,0,1,1,-1,-1
888,403640-27-7,"5-[[(2,6-Difluorophenyl)methoxy]methyl]-4,5-dihydro-5-methyl(3-methyl-2-thienyl)isoxazole",1,Oral,OPEJGICLTMWFNQ-UHFFFAOYSA-N,5,87.0,"(87, inf)",False,False,False,True,True,2512|2514|2515|2516|2517,0bb16119549c2d4e321a1860e740da5da3966254b4e7fab7cca7af2196d02b33|972ac056c28d347e4a0fbfd8bf7c4f0c985c5913b741c257ddf0cdd6a8199f9f|940bd5e4f56f84b1c9be87d5ce3d4eb7db7695ad5fcc1299077feed48b98c71d|1e29350f1a66074fdfaab4aee2be54b2dd37e35d4bdc2cdf68677e398088cc93|a1dc7dca55a5c04685cc17efd2fe50330714b5dead9a20fe58a0086284966255,184644,>42.6 AI ug/org/d; >100 AI ug/org; >87 AI ug/org/d; 76.23 AI ug/org/d; >87 AI ug/org/d,Adult|Larva,2 Day(s)|7 Day(s)|8 Day(s),Active ingredient,0,0,0,0,0,0,0,0,1,1,-1,-1
898,25171-63-5,"N-[[(Methylamino)carbonyl]oxy]ethanimidothioic acid, 2-Cyanoethylester",1,Contact,IWRFWZPCCDGEFJ-UHFFFAOYSA-N,1,12.0,"[12, 12]",True,False,True,False,False,1315,65b83e8a0e116ebbb4acb74014f54482189f114533b5cd8f8d14a5515f6913de,184644,12 AI ug/org,Adult,2 Day(s),Formulation,0,0,0,0,0,0,0,0,1,1,1,1
901,2669-32-1,"S-[(5-Ethoxy-2-oxo-1,3,4-thiadiazol-3(2H)-yl)methyl] O,O-dimethyl phosphorodithioate",3,Contact,FPMIAGPUNXEUCZ-UHFFFAOYSA-N,1,0.55,"[0.55, 0.55]",True,False,True,False,False,936,2532ebee3ba2411c2474ca3369911ee436a9d2c3a4c0226fc2db75cf91b2ee50,184644,0.55 ug/bee,Adult,2 Day(s),Formulation,1,1,1,1,1,1,1,1,1,1,1,1
902,27306-78-1,"alpha-Methyl-omega-[3-[1,3,3,3-tetramethyl-1-[(trimethylsilyl)oxy]-1-disiloxanyl]propoxy]poly(oxy-1,2-ethanediyl)",0,Contact,JQRXTVACLHSVTF-UHFFFAOYSA-N,1,357.0,"[357, 357]",True,True,True,False,False,1337,0d3366bec4952c774357f0f6149704871503fde42d75932e75ebf186c12e19bc,187153,357 AI ug/org,Adult,2 Day(s),Active ingredient,0,0,0,0,0,0,0,0,0,0,0,0
903,111578-32-6,"N'-[4-[(3,4-Dihydro-2-methoxy-2,4,4-trimethyl-2H-1-benzopyran-7-yl)oxy]phenyl]-N-methoxy-N-methylurea",1,Contact,BXKKQFGRMSOANI-UHFFFAOYSA-N,1,100.0,"(100, inf)",True,True,False,True,False,1800,44896b70ba515d506cd1bf635d89fefcc61eca3b4cd452faa90c49517f645e94,184644,>100 AI ug/org,Adult,2 Day(s),Active ingredient,0,0,0,0,0,0,0,0,1,1,0,0
906,116475-12-8,"Cyclopropanecarboxylic acid, 3-(2,2-Dichloroethenyl)-2,2-dimethylcyano(4-fluoro-3-phenoxyphenyl)methyl ester mixt. with 1-[(6-chloro-3-pyridinyl)methyl]-N-nitro-2-imidizolidinimide",3,Other,WMEXEQPOZNBUCQ-UHFFFAOYSA-N,2,0.205,"[0.205, 0.205]",False,False,True,False,False,1835|1837,fbcd0f9abd2ac079ddbc10e3e33e941f75049027dbcf8d512400bc6e983ab0e6|6e0baf0a1bf0e509ac5e7cd809b74dd471b0ad63d420b520f521640893a208be,180995,0.34 ug/bee; 0.07 AI ug/org,Not reported,2 Day(s),Active ingredient|Formulation,1,1,1,1,1,1,1,1,1,1,1,1
907,8027-00-7,"1,1'-(2-Nitrobutylidene)bis(4-chlorobenzene), Mixt. with 1,1'-(2-Nitropropylidene)bis(4-chlorobenzene)",1,Contact,MMYDYCZGYQOGRJ-UHFFFAOYSA-N,1,40.49,"[40.49, 40.49]",True,False,True,False,False,1112,7a90607db2b7ee6aa12b5308a36c816ebe4c0a0cd36135cb332a8a0d2908c454,184644,40.49 ug/bee,Adult,2 Day(s),Formulation,0,0,0,0,0,0,0,0,1,1,1,1
910,8065-36-9,"3-(1-Ethylpropyl)phenol, 1-(N-Methylcarbamate) mixt. with 3-(1-Methylbutyl)phenyl N-methylcarbamate",2,Contact,MYTVVMGUDBRCDJ-UHFFFAOYSA-N,1,1.66,"[1.66, 1.66]",True,False,True,False,False,1118,bed7135070e56d0a63cfa92edfe1383754c12cf0927d76bee2d6412449029c50,184644,1.66 ug/bee,Adult,2 Day(s),Formulation,0,0,0,0,1,1,1,1,1,1,1,1
912,220899-03-6,"(3-Bromo-6-methoxy-2-methylphenyl)(2,3,4-trimethoxy-6-methylphenyl)methanone",1,Oral,AMSPWOYQQAWRRM-UHFFFAOYSA-N,2,68.35,"(68.35, inf)",True,False,False,False,True,2440|2441,1382de5a8e0b2c7cbea65cda33b7130d32913b6b98a7fd7eb0876b9e662453cd|295c685d7b486899da00b66b6ac2f14673af474e6218cdb2c040aeb555365613,184644,>27.7 AI ug/org; >109 AI ug/org,Adult,2 Day(s),Active ingredient|Formulation,0,0,0,0,0,0,0,0,1,1,-1,-1
916,129558-76-5,4-Chloro-3-ethyl-1-methyl-N-[[4-(4-methylphenoxy)phenyl]methyl]-1H-pyrazole-5-carboxamide,3,Oral,WPALTCMYPARVNV-UHFFFAOYSA-N,3,0.044,"[0.044, 0.044]",False,False,True,False,False,1928|1929|1931,4b0072927b866ca39a982bec4e2b6515f8ff4d53d8cd6623762a34bff2d22c63|d8ed2dc1a22eeccc9738166c1927ab55e72f75a2b74283dd811f73317450cfa6|f891d896c1eafbc78ae097987e1d48c34d732faa6fcdafa5430346c44b7c93d6,184644,0.044 AI ug/org; 0.014 AI ug/org/d; 0.63 AI ug/org,Adult|Larva,2 Day(s)|3 Day(s)|8 Day(s),Active ingredient,1,1,1,1,1,1,1,1,1,1,1,1
919,158062-67-0,N-(Cyanomethyl)-4-(trifluoromethyl)-3-pyridinecarboxamide,1,Oral,RLQJEEJISHYWON-UHFFFAOYSA-N,6,49.5,"(49.5, inf)",False,False,False,False,True,2229|2230|2231|2234|2236|2240,4e83b1852d3e7ccc7b389ab18c1a10bac28f7fa53cc43224352df87a94f1823b|c724a049daf98115c1b69d46657ebe10d4ed9f914b7dc07fb4a50906d53efaff|5df86b81ae24fad4b9a001056a4a0cdae211f007858b06f153eb02644e555d02|4f37ce884626d76dbcf2fc5b13c6b636c1aee44d2dd0790a53c816ac4b51bbec|6d09f76be8f6c9eb8fce223bb2122b333037022485bbe10ce6739f6e3c5fd162|71cca5c218936f7eab8cc0d2b9569c46e98d3de8c06c19f39e9c9051df83a37c,184644,>57 AI ug/org; 63 AI ug/org; 13.6 AI ug/org; >60 AI ug/org; >42 AI ug/org; >25 AI ug/org/d,Adult|Larva,3 Day(s)|4 Day(s)|8 Day(s),Active ingredient|Formulation,0,0,0,0,0,0,0,0,1,1,-1,-1
923,422556-08-9,"N-(5,7-Dimethoxy[1,2,4]triazolo[1,5-a]pyrimidin-2-yl)-2-methoxy-4-(trifluoromethyl)-3-pyridinesulfonamide",1,Contact,GLBLPMUBLHYFCW-UHFFFAOYSA-N,1,100.0,"(100, inf)",True,True,False,True,False,2518,b33f56c85146f75691cc2a7032ab96a8ac924e5250a4ffe4817f58360e8c4d3a,184644,>100 AI ug/org,Adult,2 Day(s),Active ingredient,0,0,0,0,0,0,0,0,1,1,0,0
927,139968-49-3,2-[2-(4-Cyanophenyl)-1-[3-(trifluoromethyl)phenyl]ethylidene]-N-[4-(trifluoromethoxy)phenyl]hydrazinecarboxamide,2,Oral,MIFOMMKAVSCNKQ-UHFFFAOYSA-N,1,2.43,"[2.43, 2.43]",False,False,True,False,False,2079,88cfde7c55c4b067f9934f168485b0a609385fb97450a5cc1270a55fc2439278,184644,2.43 AI ug/org,Adult,4 Day(s),Active ingredient,0,0,0,0,1,1,1,1,1,1,1,1
928,26952-20-5,"4-Amino-3,5,6-trichloro-2-pyridinecarboxylic acid, Isooctyl ester",1,Contact,NGZWZIAGFHOSDS-UHFFFAOYSA-N,1,25.0,"(25, inf)",True,True,False,False,True,1336,0dfe3b250995667f61d06840da7bda4bf828bf8ad241e73be5c31d51ab1949f6,184644,>25 AI ug/org,Adult,2 Day(s),Active ingredient,0,0,0,0,0,0,0,0,1,1,-1,-1
930,67762-39-4,"C6-12 Fatty acids, Me esters",1,Contact,YJBSVLMGKHFEAY-UHFFFAOYSA-N,1,25.0,"(25, inf)",True,True,False,False,True,1603,b46fd523b2b7987a33f51e4c0121a20af617bd081bde2f5bf22734d394f2c91a,184644,>25 AI ug/org,Adult,2 Day(s),Active ingredient,0,0,0,0,0,0,0,0,1,1,-1,-1
931,239110-15-7,"2,6-Dichloro-N-[[3-chloro-5-(trifluoromethyl)-2-pyridinyl]methyl]benzamide",1,Contact,GBOYJIHYACSLGN-UHFFFAOYSA-N,1,100.0,"(100, inf)",False,False,False,True,False,2446,6dca1071a14e233109f5898f31769b7fd3f6c556425a612db70d051f913f1578,184644,>100 AI ug/org,Adult,3 Day(s),Active ingredient,0,0,0,0,0,0,0,0,1,1,0,0
934,115136-53-3,"2-[4,5-Dihydro-4-methyl-4-(1-methylethyl)-5-oxo-1H-imidazol-2-yl]-5-methyl-3-pyridinecarboxylic acid ammonium salt (1:1)",1,Contact,FBJUTZMAUXJMMH-UHFFFAOYSA-N,1,100.0,"(100, inf)",True,True,False,True,False,1831,c61e061e7a5e1d8ec8e90127297e3c3e93f8872e59885e3d435a7accf9b3c21b,184644,>100 AI ug/org,Adult,2 Day(s),Active ingredient,0,0,0,0,0,0,0,0,1,1,0,0
936,117428-22-5,(alphaE)-alpha-(Methoxymethylene)-2-[[[6-(trifluoromethyl)-2-pyridinyl]oxy]methyl]benzeneacetic acid methyl ester,0,Contact,IBSNKSODLGJUMQ-UHFFFAOYSA-N,2,200.0,"(200, inf)",True,False,False,False,True,1849|1850,36cd7804969170f98ba994c9f51fd1d9997cb473b23dd2880ee46248596a691b|18f00f3647bd19b7d54c4012a8d2b8ffec3e82edc51948331fd61235fb033bf8,184644,>200 AI ug/org; >200 AI ug/org,Adult,2 Day(s),Active ingredient|Formulation,0,0,0,0,0,0,0,0,0,0,0,0
940,183675-82-3,"N-[2-(1,3-Dimethylbutyl)-3-thienyl]-1-methyl-3-(trifluoromethyl)-1H-pyrazole-4-carboxamide",1,Oral,PFFIDZXUXFLSSR-UHFFFAOYSA-N,3,56.7,"[56.7, 56.7]",False,False,False,False,True,2318|2321|2323,76f1c5834df9c2819ce397800ddd48aa92b2381e3a9571b90ccb3e031adad292|4c1b62c358257e26b52637117337437cb52edd9cab466af1005aea57763e7f3d|510e4d679ae33f61f0707a2e76af69c3aedd63e22a40d1f5fea46e1f074e5322,184644,>107.21 AI ug/org; 56.7 AI ug/org; 50.68 AI ug/org,Adult,2 Day(s)|4 Day(s),Formulation,0,0,0,0,0,0,0,0,1,1,1,-1
942,82697-71-0,"2-(4-Chlorophenyl)-3-ethyl-2,5-dihydro-5-oxo-4-pyridazinecarboxylic acid potassium salt",1,Contact,NUUZKOFSZIWYSC-UHFFFAOYSA-M,1,100.0,"(100, inf)",True,False,False,True,False,1711,450026523dbb80dc71ef95952b12d0ac9394a3ef8c3ca80301a2ad55ccf716bf,184644,>100 AI ug/org,Adult,2 Day(s),Formulation,0,0,0,0,0,0,0,0,1,1,0,0
943,81052-29-1,"2-(4-Chlorophenyl)-1-ethyl-1,4-dihydro-6-methyl-4-oxo-3-pyridinecarboxylic acid, Potassium salt",1,Oral,IUUMSKQPWAMVQI-UHFFFAOYSA-M,1,100.0,"(100, inf)",True,True,False,True,False,1689,8dfdeadc9ed2bd29c402b7049c2223fd8d1391785d730a3bf076862a104c3ff0,184644,>100 AI ug/org,Adult,2 Day(s),Active ingredient,0,0,0,0,0,0,0,0,1,1,0,0
944,865363-39-9,"(2R)-2-(2,4-Dichlorophenoxy)propanoic acid 2-ethylhexyl ester",1,Contact,CEEDFYRUPAWDOU-UHFFFAOYSA-N,1,25.0,"(25, inf)",True,True,False,False,True,2558,5678d03f00f9bb6e71a5690d86b60fc9bed4e0595047ee8f4676f118d034a172,184644,>25 AI ug/org,Adult,2 Day(s),Active ingredient,0,0,0,0,0,0,0,0,1,1,-1,-1
946,203313-25-1,"Carbonic acid, cis-3-(2,5-Dimethylphenyl)-8-methoxy-2-oxo-1-azaspiro[4.5]dec-3-en-4-yl ethyl ester",1,Contact,CLSVJBIHYWPGQY-UHFFFAOYSA-N,1,100.0,"(100, inf)",True,False,False,True,False,2330,868e2fd8363bbcae999b004fe2fffce5efee55e15c78dffa0e3abe8f814b5947,184644,>100 AI ug/org,Adult,2 Day(s),Formulation,0,0,0,0,0,0,0,0,1,1,0,0
950,125401-92-5,"2,6-Bis[(4,6-dimethoxy-2-pyrimidinyl)oxy]benzoic acid sodium salt",1,Contact,FUHMZYWBSHTEDZ-UHFFFAOYSA-M,1,25.0,"(25, inf)",True,True,False,False,True,1918,5ad7dd08670e43922e9f4e2e77b50ca16a1fdbc15fbc368f5f739d73f692b584,184644,>25 AI ug/org,Adult,2 Day(s),Active ingredient,0,0,0,0,0,0,0,0,1,1,-1,-1
951,330459-31-9,"3-Phenyl-5-(2-thienyl)-1,2,4-oxadiazole",3,Oral,IHNSIFFSNUQGQN-UHFFFAOYSA-N,1,0.41,"(0.41, inf)",True,True,False,False,True,2485,dd300dc3c9ba4a18c1463a42cbcb560b426b9933d2c3576b56bf13d3e55256df,184644,>0.41 AI ug/org,Adult,2 Day(s),Active ingredient,1,1,-1,-1,1,1,-1,-1,1,1,-1,-1
952,372137-35-4,"2-Chloro-5-[3,6-dihydro-3-methyl-2,6-dioxo-4-(trifluoromethyl-1(2H)-pyrimidinyl]-4-fluoro-N-[[methyl(1-methylethyl)amino]sulfonyl]benzamide",1,Contact,GNHDVXLWBQYPJE-UHFFFAOYSA-N,2,100.0,"(100, inf)",True,False,False,True,False,2504|2505,67cf69d40828d3bf208426341cd6ba98b13d2114178174c0dca2c9bbbc548db8|8595e08ff095d91f15f8736a1e28a53d6b441af1d50246ef886fb63ca3979bb0,184644,>100 AI ug/org; >100 AI ug/org,Adult,2 Day(s),Active ingredient|Formulation,0,0,0,0,0,0,0,0,1,1,0,0
953,736994-63-1,3-Bromo-1-(3-chloro-2-pyridinyl)-N-[4-cyano-2-methyl-6-[(methylamino)carbonyl]phenyl]-1H-pyrazole-5-carboxamide,3,Oral,DVBUIBGJRQBEDP-UHFFFAOYSA-N,7,0.39,"[0.39, 0.404]",False,False,False,False,True,2544|2546|2548|2551|2552|2553|2554,0758e68147acf0ae1bb1dcddec3d8cf2b451166a8be55e3d8ee6a37d701d9ef6|9fd628d90eb60bdff768fd1a90b6584da8987cbd0b3d437abd5b813a0889b9ef|6f52370e1938a6821a21581ef8e3918ec0bd366cce387e5a24cf11e8c8182909|d7749034eb4da2be4754b820b384c42388fa709a1a7bd9260f32136d538812e0|64afcae101c829c853d65032f71facaeba3dfcc43f061cafd357c6ffbf30cc4d|99250fc5a45a969b7ebdec6635ce7cd541e1618e1485cf6bb1f8b6eec6bc5a24|e3651fa2a551c05473c2f82210b60f0f581fec46477712431fc26a0f8b46ae0b,184644,0.116 AI ug/org; 0.404 AI ug/org; 0.491 AI ug/org; 0.39 AI ug/org; >0.1055 AI ug/org; 0.0374 AI ug/org; 0.92 AI ug/org,Adult|Larva,2 Day(s)|3 Day(s)|4 Day(s),Active ingredient|Formulation,1,1,1,-1,1,1,1,-1,1,1,1,-1
957,946578-00-3,N-[Methyloxido[1-[6-(trifluoromethyl)-3-pyridinyl]ethyl]-lambda4-sulfanylidene]cyanamide,3,Contact,ZVQOOHYFBIDMTQ-UHFFFAOYSA-N,3,0.224,"[0.224, 0.224]",False,False,True,False,False,2591|2592|2594,61c7e1e5daf7e34df807defeb66e3ca3282a2f1ed8ecfd14f87269b9a417633b|64f2c306d3a2b5f4ca447f5a47c135bf4581ecb496993751b15047af0cf07667|ec52751985088a3c6b646808cd5e073c2f0d816af01b0d82d52ab18d79e7d420,184644,0.13 AI ug/org; 0.224 AI ug/org; 0.379 AI ug/org,Adult,2 Day(s)|3 Day(s),Active ingredient|Formulation,1,1,1,1,1,1,1,1,1,1,1,1
959,29450-45-1,"2-(4-Chloro-2-methylphenoxy)acetic acid, 2-Ethylhexyl ester",1,Contact,IDGRPSMONFWWEK-UHFFFAOYSA-N,1,100.0,"(100, inf)",True,False,False,True,False,1349,db7a223babd8971c4d9ecbd7c305adb42d2f89fd379d6a4253e9c43c312e4dc6,184644,>100 AI ug/org,Adult,2 Day(s),Formulation,0,0,0,0,0,0,0,0,1,1,0,0
960,950782-86-2,"N2-[(1R,2S)-2,3-Dihydro-2,6-dimethyl-1H-inden-1-yl]-6-(1-fluoroethyl)-1,3,5-triazine-2,4-diamine",1,Contact,YFONKFDEZLYQDH-UHFFFAOYSA-N,2,100.0,"(100, inf)",True,False,False,True,False,2600|2601,094d66a4d9e01a1c3296b55edb2841a9ce65f71a3571ce68eb9b0cb73585a153|abcea2c1306158f69a76e1ae4b7cadc0baad6e2f278883efbd267534f666c666,184644,>100 AI ug/org; >100 AI ug/org,Adult,2 Day(s),Active ingredient|Formulation,0,0,0,0,0,0,0,0,1,1,0,0
962,447399-55-5,"3-[[[5-(Difluoromethoxy)-1-methyl-3-(trifluoromethyl)-1H-pyrazol-4-yl]methyl]sulfonyl]-4,5-dihydro-5,5-dimethyl-isoxazole",1,Contact,CASLETQIYIQFTQ-UHFFFAOYSA-N,1,100.0,"(100, inf)",True,True,False,True,False,2520,46b1f75330b08bde4510be340ad7a5675c4bb6f14baeec4ff85784bf58e67386,184644,>100 AI ug/org,Adult,2 Day(s),Active ingredient,0,0,0,0,0,0,0,0,1,1,0,0
966,109293-97-2,"2-[1-[2-[[(3,5-Difluorophenyl)amino]carbonyl]hydrazinylidene]ethyl]-3-pyridinecarboxylic acid",1,Contact,IRJQWZWMQCVOLA-UHFFFAOYSA-N,1,25.0,"(25, inf)",True,True,False,False,True,1794,87e0c1acd2e06599079d3ae165cea952f59900e031cd629f52e4f4bc76916192,184644,>25 AI ug/org,Adult,2 Day(s),Active ingredient,0,0,0,0,0,0,0,0,1,1,-1,-1
968,581809-46-3,"N-(3',4'-Dichloro-5-fluoro[1,1'-biphenyl]-2-yl)-3-(difluoromethyl)-1-methyl-1H-pyrazole-4-carboxamide",1,Contact,LDLMOOXUCMHBMZ-UHFFFAOYSA-N,1,100.0,"(100, inf)",True,True,False,True,False,2534,1edfbadee501da0cd48a2f0adc761365a10d3ce6191e2a52f3468b395bb4e7b0,184644,>100 AI ug/org,Adult,2 Day(s),Active ingredient,0,0,0,0,0,0,0,0,1,1,0,0
970,8077-21-2,"N,N'-[1,2-Phenylenebis(iminocarbonothioyl)]bis-C,C'-dimethyl ester carbamic acid mixt. with 2,4,5,6-tetrachloro-1,3-benzenedicarbonitrile",3,Oral,FZHDOWHTHCGDOE-UHFFFAOYSA-N,1,3.9e-05,"[3.9e-05, 3.9e-05]",False,False,True,False,False,1125,844d6a2a08977157eff184ce712a4722f439daee89153d71765ed54f9027da85,177575,0.039 AI ng/org,Not reported,1.2083 Day(s),Active ingredient,1,1,1,1,1,1,1,1,1,1,1,1
973,874967-67-6,"N-(2-[1,1'-Bicyclopropyl]-2-ylphenyl)-3-(difluoromethyl)-1-methyl-1H-pyrazole-4-carboxamide",2,Oral,XQJQCBDIXRIYRP-UHFFFAOYSA-N,1,4.22,"(4.22, inf)",True,True,False,False,True,2562,c6c94bce630aea915faf01ad1047312f8d727803963ebca3b53c221fb8aabd13,184644,>4.22 AI ug/org,Adult,2 Day(s),Active ingredient,0,0,0,0,1,1,-1,-1,1,1,-1,-1
976,57754-85-5,"3,6-Dichloro-2-pyridinecarboxylic acid compd. with 2-aminoethanol (1:1)",1,Contact,NQQBTWVFKDDVIB-UHFFFAOYSA-N,1,100.0,"(100, inf)",True,False,False,True,False,1550,b2e30e7d037758f1c5dc835d683bb90485ae676954c4b68703b783ef1a5cf622,184644,>100 AI ug/org,Adult,2 Day(s),Formulation,0,0,0,0,0,0,0,0,1,1,0,0
977,337458-27-2,"1-Acetyl-3,4-dihydro-3-[(3-pyridinylmethyl)amino]-6-[1,2,2,2-tetrafluoro-1-(trifluoromethyl)ethyl]-2(1H)-quinazolinone",2,Oral,MIOBBYRMXGNORL-UHFFFAOYSA-N,2,5.05,"[5.05, 5.05]",False,False,True,False,False,2487|2489,24caaf81c5e1987dfcf5fbc1ab0ae8487f51429990bf8bb9a5391ac1410e7af8|e0b949b5cac1b8a5707cb08c3c30ad31cdd39205994a0512b8d2642bc2407130,184644,5.4 AI ug/org/d; 4.7 AI ug/org,Adult|Larva,4 Day(s)|8 Day(s),Active ingredient|Formulation,0,0,0,0,1,1,1,1,1,1,1,1
979,199119-58-9,"N-[[(4,6-Dimethoxy-2-pyrimidinyl)amino]carbonyl]-(2,2,2-trifluoroethoxy)-2-pyridinesulfonamide sodium salt (1:1)",1,Contact,UFEIWEXHHOXPGP-UHFFFAOYSA-M,1,25.0,"(25, inf)",True,True,False,False,True,2328,4632996b52ee2bf1e23c4883ba2f0e762c469d3e2ffcdf13d9665574ad2a4ac5,184644,>25 AI ug/org,Adult,2 Day(s),Active ingredient,0,0,0,0,0,0,0,0,1,1,-1,-1
983,221205-90-9,"N-{2-[(4,6-Dimethoxypyrimidin-2-yl)(hydroxy)methyl]-6-(methoxymethyl)phenyl}-1,1-difluoromethanesulfonamide",1,Contact,NTBVTCXMRYKRTB-UHFFFAOYSA-N,1,25.0,"(25, inf)",True,True,False,False,True,2445,7187a5e3fcf83e2a44bf73dac99045f85d1d48edbca7c50e59069d48f21917ba,184644,>25 AI ug/org,Adult,2 Day(s),Active ingredient,0,0,0,0,0,0,0,0,1,1,-1,-1
985,473798-59-3,"S-Prop-2-en-1-yl 5-amino-4-(2-methylphenyl)-3-oxo-2-(propan-2-yl)-2,3-dihydro-1H-pyrazole-1-carbothioate",1,Contact,UTOHZQYBSYOOGC-UHFFFAOYSA-N,1,100.0,"(100, inf)",False,False,False,True,False,2521,d2db09d5b3ebed682e3abb62d20ad5b34e7bc09adfc0908f9db05de8cc49d99d,184644,>100 AI ug/org,Adult,3 Day(s),Active ingredient,0,0,0,0,0,0,0,0,1,1,0,0
986,951659-40-8,"4-[[(6-Chloro-3-pyridinyl)methyl](2,2-difluoroethyl)amino]-2(5H)-furanone",2,Oral,QOIYTRGFOFZNKF-UHFFFAOYSA-N,6,2.951,"[2.951, 2.951]",False,False,True,False,False,2605|2606|2608|2609|2610|2611,4accc41300e525fb44f1ad926258865f884072cf559a9a7f42940a0125681aae|5d23c76104e48fed40689cf43443582d999c6aebc95b603c1f5ec72714e57816|e3919dcfae4b5301d5ae35bc2f13f90dcc77d4f8f2fca426d60787889c46bb19|da61b3ef34934c293748f6f85dce15475ed2a83ae60f897ae82c817879d22d6c|777594dfe3605095e040abc0f130937ba5d28af0e3ced5b0f7a6f405bfd3dbf0|7598a80202dd44297cee148953fe8b8827cda17f0053d2c644d9f71efcfb369a,181939|184644,1.49 AI ug/org; 3.4 AI ug/org; 2907 AI ng/org; 6823 AI ng/org; 1869 AI ng/org; 2995 AI ng/org,Adult|Not reported,1 Day(s)|2 Day(s),Active ingredient|Formulation,0,0,0,0,1,1,1,1,1,1,1,1
987,1003318-67-9,"1-[4-[4-[5-(2,6-Difluorophenyl)-4,5-dihydro-3-isoxazolyl]-2-thiazolyl]-1-piperidinyl]-2-[5-methyl-3-(trifluoromethyl)-1H-pyrazol-1-yl]ethanone",0,Contact,IAQLCKZJGNTRDO-UHFFFAOYSA-N,3,104.39,"(104.39, inf)",True,False,False,True,True,2619|2620|2622,e87a9f36ac0265e104b172a73b09fd83e4568cef723ffcc7c024288f9785034f|eb46c034537c208ff449fa2beda2d6ac5649ada230c8ce16cc3fc2a7e0588dee|35d1157af7a7faf1796f4010b301e6e0fe16740d6ba430cd85aaa0dbdfa2eeff,184644,>100 AI ug/org; >1075.3 AI ug/org; >104.39 AI ug/org,Adult,2 Day(s),Active ingredient|Formulation,0,0,0,0,0,0,0,0,0,0,0,0
989,935545-74-7,Spinetoram,3,Contact,GOENIMGKWNZVDA-UHFFFAOYSA-N,2,0.01315,"[0.01315, 0.01315]",False,False,True,False,False,2576|2580,98076fde6c06091a69804231a997da85c84b3b48dfe2c39be96957776f94369f|fe9833480dd54d030facd3fa848c8c467ca8e6362d87f464d41c790dc00c8000,182774|184644,0.024 AI ug/org; 0.0023 AI ug/org,Adult,1 Day(s)|2 Day(s),Active ingredient|Formulation,1,1,1,1,1,1,1,1,1,1,1,1
991,1072957-71-1,"N-[9-(Dichloromethylene)-1,2,3,4-tetrahydro-1,4-1H-pyrazole-4-carboxamide",1,Contact,CCCGEKHKTPTUHJ-UHFFFAOYSA-N,1,100.0,"(100, inf)",True,True,False,True,False,2632,f653b78f9408950c6450d5f0baf7c6b929db553933787f6da3d0d17410e4316f,184644,>100 AI ug/org,Adult,2 Day(s),Active ingredient,0,0,0,0,0,0,0,0,1,1,0,0
992,352010-68-5,4-Hydroxy-3-[[2-[(2-methoxyethoxy)methyl]-6-(trifluoromethyl)-3-pyridinyl]carbonyl]bicyclo[3.2.1]oct-3-en-2-one,0,Oral,AIAYSXFWIUNXRC-UHFFFAOYSA-N,4,147.6,"(147.6, inf)",False,False,False,True,True,2492|2495|2496|2497,e84136f464aa7ec1ad6ac319e9b0ad4c262793ccbe2813413f97635816f07791|f0f2a68add2a153373b1973c0d71e2da57c2ffa1b0f739be96d1530b3d456c80|46448a68574639a32e8cb1979997311cb73fe3da03f84f0937d327565294d28d|b37ad5e3b5c432f8b6e673c13cf9a8678b6b653aa6a34ef89bf213d268d30a95,184644,>212.2 AI ug/org; 11.4 AI ug/org/d; >100 AI ug/org; >195.2 AI ug/org,Adult|Larva,2 Day(s)|3 Day(s)|8 Day(s),Active ingredient|Formulation,0,0,0,0,0,0,0,0,0,0,0,-1
995,688046-61-9,"(5-Chloro-2-methoxy-4-methylpyridin-3-yl)(2,3,4-trimethoxy-6-methylphenyl)methanone",1,Oral,NMVCBWZLCXANER-UHFFFAOYSA-N,2,63.75,"(63.75, inf)",False,False,False,True,True,2541|2543,86af441f9249bf6d13af4d6ccb4fb6b63f982dda07332ec7a50dcc57a5d30f37|629ed799e13d72582d8c0ff6e56f0b04e2929b6473994e499c6718538ad9e0a8,184644,>100 AI ug/org; >27.5 AI ug/org/d,Adult|Larva,2 Day(s)|8 Day(s),Active ingredient,0,0,0,0,0,0,0,0,1,1,-1,-1
997,173662-97-0,"2-{2-[(2,5-Dimethylphenoxy)methyl]phenyl}-2-methoxy-N-methylacetamide",1,Oral,PDPWCKVFIFAQIQ-UHFFFAOYSA-N,1,28.0,"(28, inf)",False,False,False,False,True,2297,8d92de744c04f74f9c51598a1c61ddd402e89e7e7ee9878c5f20e040f4ecde39,184644,>28 AI ug/org/d,Larva,8 Day(s),Active ingredient,0,0,0,0,0,0,0,0,1,1,-1,-1
998,1229654-66-3,1-(3-Chloropyridin-2-yl)-N-[4-cyano-2-methyl-6-(methylcarbamoyl)phenyl]-3-{[5-(trifluoromethyl)-2H-tetrazol-2-yl]methyl}-1H-pyrazole-5-carboxamide,3,Oral,KNDVJPKNBVIKML-UHFFFAOYSA-N,9,0.013,"[0.013, 0.013]",False,False,True,False,False,2643|2644|2645|2646|2648|2649|2653|2655|2656,f72881d8c2fee867d4943efd306b4d4f811d3737650781f0e4dc528e483d983c|a6651684921f35cb64c9655911908d62fb1248ecd72c30f0de30deacfaba52aa|edcc5c30312de7dd6ca52862ff872d936455a469565a85366fbb0f6eec2c8e61|fa534a641ba62d3afd3a9d8440c101653471070f19f3f3114ef3dbd769c7c30e|9ecc819acd04fa5bb969a3026a42a63aa4f53c3ecbe2b90d5b93400254459eb3|396fd01faa36c54504a390858381287da92f8aba63876389a239f74811936c1c|3598e306607e85feff01a214413db55207cd2fb1c34b155a311173583edcb067|c904cff4a0f1f84ba3fe619f10ba3e423ab03363b7a25f9db1bda023ebbd1c7c|7ff7d5c05d848892b499ee0ad04d763259f4bcc2dfce96d2b3dc0f5950bdcb07,184644,0.0123 AI ug/org; 0.0479 AI ug/org; 0.0103 AI ug/org; 0.045 AI ug/org; 0.106 AI ug/org; 0.0557 AI ug/org; 0.0103 AI ug/org; 0.0046 AI ug/org/d; 0.013 AI ug/org,Adult|Larva,1 Day(s)|2 Day(s)|3 Day(s)|4 Day(s)|8 Day(s),Active ingredient|Formulation,1,1,1,1,1,1,1,1,1,1,1,1
1000,99485-76-4,N-[(2-Chlorophenyl)methyl]-N'-(1-methyl-1-phenylethyl)urea,1,Contact,VYNOULHXXDFBLU-UHFFFAOYSA-N,1,25.0,"(25, inf)",True,True,False,False,True,1770,bdd7b6b63986c0d1d7b3dbf4dc04f18f536fe72ebce8f1ff2af106eef3cd4c19,184644,>25 AI ug/org,Adult,2 Day(s),Active ingredient,0,0,0,0,0,0,0,0,1,1,-1,-1
1002,943831-98-9,4-Amino-3-chloro-6-(4-chloro-2-fluoro-3-methoxyphenyl)-2-pyridinecarboxylic acid methyl ester,1,Contact,KDHKOPYYWOHESS-UHFFFAOYSA-N,1,98.1,"(98.1, inf)",True,True,False,False,True,2585,e53e23c0a75ab48cb12e75da38079c6bf6f121d70fda78bb1dfe9bc0cbb8c9ba,184644,>98.1 AI ug/org,Adult,2 Day(s),Active ingredient,0,0,0,0,0,0,0,0,1,1,-1,-1
1006,500207-04-5,"N-[6-[[[(Z)-[(1-Methyl-1H-tetrazol-5-yl)phenylmethylene]amino]oxy]methyl]-2-pyridinyl]-1,1-dimethylethyl ester carbamic acid",1,Oral,URHWNXDZOULUHC-UHFFFAOYSA-N,3,96.8,"(96.8, inf)",False,False,False,True,True,2530|2531|2532,65d3d00fb1cc0728d1e3046ddb7476bb1d61051c16581dedb31365f9719d22a0|bfe973a985fcf029c40113f70f6b674c45adc69c62e7602e1314dee8e5bdbfea|c0433411e299978d94c53e4fe6a27e34260c306e214b311906643c896516b5ad,184644,>12.2 AI ug/org/d; >96.8 AI ug/org; >100 AI ug/org,Adult|Larva,2 Day(s)|8 Day(s),Active ingredient,0,0,0,0,0,0,0,0,1,1,-1,-1
1009,875915-78-9,"N-[1,1-Dimethyl-2-[2-methyl-4-(1-methylethoxy)phenyl]-2-oxoethyl]-3-methyl-2-thiophenecarboxamide",1,Oral,WMKZDPFZIZQROT-UHFFFAOYSA-N,1,75.5,"[75.5, 75.5]",False,False,True,False,False,2564,8059f27ae4a56f20701f3c9278dda6068ad5980aae3089e68380b6c731988cf8,184644,75.5 AI ug/org,Larva,3 Day(s),Formulation,0,0,0,0,0,0,0,0,1,1,1,1
1010,1101132-67-5,1-({1-Ethyl-4-[4-(methanesulfonyl)-3-(2-methoxyethoxy)-2-methylbenzoyl]-1H-pyrazol-5-yl}oxy)ethyl methyl carbonate,1,Oral,GHLCSCRDVVEUQD-UHFFFAOYSA-N,1,15.5,"[15.5, 15.5]",False,False,True,False,False,2634,cdfa2a054478dfff4bb0229e03525e9a205969c6309dd84512fb4dff38aa5c1c,184644,15.5 AI ug/org/d,Larva,8 Day(s),Active ingredient,0,0,0,0,0,0,0,0,1,1,1,1
1013,958647-10-4,(2Z)-2-[[2-Fluoro-5-(trifluoromethyl)phenyl]thio]-2-[3-(2-methoxyphenyl)-2-thiazolidinylidene]acetonitrile,1,Contact,KGXUEPOHGFWQKF-UHFFFAOYSA-N,2,75.0,"(75, inf)",True,False,False,True,True,2616|2617,495a0edb3970f72508990df3e40f5be76c44713216054f5a2c56a3a3e47211c0|b53845089eaaa22e887ee46c8965c6fabb7cfd8ca1cbe4f28b3fc3c6befc626c,184644,>100 AI ug/org; >50 AI ug/org,Adult,2 Day(s),Active ingredient|Formulation,0,0,0,0,0,0,0,0,1,1,-1,-1
1015,915972-17-7,"Cyclopropanecarboxylic acid, [(3S,4R,4aR,6S,6aS,12R,12aS,12bS)-3-[(Cyclopropylcarbonyl)oxy]-1,3,4,4a,5,6,6a,12,12a,12b-decahydro-6,12-dihydroxy-4,6a,12b-trimethyl-11-oxo-9-(3-pyridinyl)-2H,11H-naphtho[2,1-b]pyrano[3,4-e]pyran-4-yl]methyl ester",1,Oral,LRZWFURXIMFONG-UHFFFAOYSA-N,5,37.57,"[37.57, 37.57]",False,False,False,True,True,2567|2569|2570|2571|2572,ede860f57c7b9c4762b7109294ced3f080f4104bd0e76f85b816900855c3cc69|a0c2e4b915474bdfebae1aa93800b1c79b5d76f06460a34f8f6a1677eba31588|7b33d24fc69e7ab0f0bcecc8aa864a0812612497559917a23ed0461410f18c62|026a0142659b381069923910f3d66322a54b3f57883b1d6b1db8c00724ac0734|2d9692fefdc1bd8325c97e9fbd7eae16c97ded8e99ea050bf92f4537b18971d0,184644,>49.8 AI ug/org; >100 AI ug/org; 37.57 AI ug/org; 21.95 AI ug/org; 20.8 AI ug/org,Adult|Larva,2 Day(s)|4 Day(s)|8 Day(s),Active ingredient|Formulation,0,0,0,0,0,0,0,0,1,1,1,-1
1016,283159-90-0,Methyl 3-(4-chlorophenyl)-3-[(N-{[(propan-2-yl)oxy]carbonyl}valyl)amino]propanoate,1,Oral,DBXFMOWZRXXBRN-UHFFFAOYSA-N,3,19.5,"(19.5, inf)",False,False,False,False,True,2464|2465|2466,e91afef5f927c465b0ffe40fef8798af0a2a93610057430d060b86dae6eab8a5|ed7a6b92c724166941f9af4d5f9dfb1507f7e8ca8013a61b81031424c0a4c735|9a93c75c198923fcf47f87aacdeffaf0c1a7344d0d7e3391be37701244c69b1f,184644,>19.5 AI ug/org/d; >106.6 AI ug/org; 19.5 AI ug/org/d,Adult|Larva,2 Day(s)|8 Day(s),Active ingredient,0,0,0,0,0,0,0,0,1,1,-1,-1
1018,1228284-64-7,"3-(Difluoromethyl)-N-methoxy-1-methyl-N-[1-(2,4,6-trichlorophenyl)propan-2-yl]-1H-pyrazole-4-carboxamide",1,Contact,DGOAXBPOVUPPEB-UHFFFAOYSA-N,1,100.0,"(100, inf)",True,True,False,True,False,2639,5acdfffb6553d2dbefdce18b6580927c6b80eaf2b175a488bd21a260b03e4e40,184644,>100 AI ug/org,Adult,2 Day(s),Active ingredient,0,0,0,0,0,0,0,0,1,1,0,0
1019,1417782-03-6,"2-[4-(4-Chlorophenoxy)-2-(trifluoromethyl)phenyl]-1-(1H-1,2,4-triazol-1-yl)propan-2-ol",1,Oral,JERZEQUMJNCPRJ-UHFFFAOYSA-N,5,52.0,"[52, inf)",False,False,False,True,True,2667|2668|2669|2670|2671,773037edceaf8a8e5675d162fb663ef27e0dfdf6cb97e30de57eb2ea2c0179e0|908e0a36715420ffd3362ae587ee0da3e4245667801888c59e91ec39ba1f75c0|7b37f0431e0f494ed7fa6125eaa7d24bf6d9e2e85a4167006720527c42a48554|d7b09f7cdf2de18d0003a498dd00542d524a9bd034252d837324b8ebb6419bf8|f2751f945f7efe5eaa69c0088d4382c9914571321d36a4c58f6f377d16543de5,184644,>11 AI ug/org/d; 52 AI ug/org; >100 AI ug/org; 47.6 AI ug/org; >100 AI ug/org,Adult|Larva,2 Day(s)|3 Day(s)|8 Day(s),Active ingredient|Formulation,0,0,0,0,0,0,0,0,1,1,-1,-1
1022,1220411-29-9,"Methyl N-[2-({2-chloro-4-fluoro-5-[3-methyl-2,6-dioxo-4-(trifluoromethyl)-3,6-dihydropyrimidin-1(2H)-yl]phenyl}sulfanyl)propanoyl]-beta-alaninate",2,Oral,QPTPZPIXUPELRM-UHFFFAOYSA-N,2,5.115,"(5.115, inf)",False,False,False,False,True,2635|2636,1daa014afa7ef4a02634976e6967f1e3a10193971ad6d37ee90255cc72504e60|4467169a1adddc750f209416a4412198071568c6e06e8d36e62abc07559bbe7a,184644,>4.6 AI ug/org; >5.63 AI ug/org/d,Larva,3 Day(s)|8 Day(s),Active ingredient,0,0,0,0,1,1,-1,-1,1,1,-1,-1
1028,943012-36-0,"(1R,3R)-rel-3-[(1Z)-2-Chloro-3,3,3-trifluoro-1-propen-1-yl]-2,2-dimethylcyclopropanecarboxylic acid (2-methyl[1,1'-biphenyl]-3-yl)methyl ester mixt. with cyano(3-phenoxyphenyl)methyl 3-(2,2-dichloroethenyl)-2,2-dimethylcyclopropanecarboxylate",3,Other,QNWJLBDLBGENHC-UHFFFAOYSA-N,2,0.435,"[0.435, 0.435]",False,False,True,False,False,2581|2582,7aceb66f2b0e1ef1a71cd45bd65b9c20c402192d421875227b57edbfaa801172|0102255b924975e39c4be6f3f5e0fd129512a553e6ae42e92d3ea013dd60f87a,180995,0.78 ug/bee; 0.09 AI ug/org,Not reported,2 Day(s),Active ingredient|Formulation,1,1,1,1,1,1,1,1,1,1,1,1
1029,873330-19-9,"(1S,3S)-rel-3-[(1Z)-2-Chloro-3,3,3-trifluoro-1-propen-1-yl]-2,2-dimethyl-(R)-cyano(3-phenoxyphenyl)methyl ester cyclopropanecarboxylic acid mixt. with 3-bromo-N-[4-chloro-2-methyl-6-[(methylamino)carbonyl]phenyl]-1-(3-chloro-2-pyridinyl)-1H-pyrazole-5-carboxamide",2,Other,ILQDGEITZXFVGY-UHFFFAOYSA-N,2,1.77,"[1.77, 1.77]",False,False,True,False,False,2560|2561,b7d1ce588589f085cf290cb6eea0285944305a7aa6e1d17bc5bea0145ee50ddc|2b8b8b14410297c5efbc6dcd777c035768e0ff4ab7b928531afcd49f94c9abad,180995,3.24 ug/bee; 0.30 AI ug/org,Not reported,2 Day(s),Active ingredient|Formulation,0,0,0,-1,1,1,1,1,1,1,1,1
1030,1390661-72-9,Benzyl 4-amino-3-chloro-6-(4-chloro-2-fluoro-3-methoxyphenyl)-5-fluoropyridine-2-carboxylate,1,Contact,WNZCDFOXYNRBRB-UHFFFAOYSA-N,1,100.0,"(100, inf)",True,True,False,True,False,2661,eb16e3cb81b404809c42ee21d0571abe9910ed626659d6bcad897486b40a4e38,184644,>100 AI ug/org,Adult,2 Day(s),Active ingredient,0,0,0,0,0,0,0,0,1,1,0,0
1034,2039-46-5,2-(4-Chloro-2-methylphenoxy)acetic acid compd. with N-methylmethanamine (1:1),1,Contact,PKAUICCNAWQPAU-UHFFFAOYSA-N,1,25.0,"(25, inf)",True,False,False,False,True,886,ec209b488bace9b90e7350ece3dd6913941d6855af74444105ad93374bcfba21,184644,>25 ug/bee,Adult,2 Day(s),Formulation,0,0,0,0,0,0,0,0,1,1,-1,-1
