source,source_path,source_file_sha256,source_data_row_0based,source_row_sha256,name,CAS,inchikey,route,result_id,document_id,literature_ids,source_excel_rows_or_cell,MRID,study_id_status,citation,source_doi,literature_report_numbers,life_stage,duration_hours,test_material,dose_basis,dose_basis_other,unit,operator,value_ug_bee,upper_operator,upper_value_ug_bee,material_duration_missingness_scope,Index,benchmark_source,benchmark_CAS,benchmark_name,benchmark_original_route,benchmark_ecotox_data_rows_0based,Tier,identity_route_match,source_screen,source_48h_screen,same_study_as_benchmark,study_match_basis,main_route_matched_cohort,external_y_1,benchmark_y_1,external_y_11,benchmark_y_11,external_y_100,benchmark_y_100
OpenFoodTox,output/external_data_audit/oft_acute_endpoints_aligned.csv,ede2c6499e711854371249c4f69374fe978c0b729dbfadc6e91727048ae83ffc,0,4781b46aceea834233ba97e0a5e3e0c04f5e3b8df3f6a51c5d9683090009bd08,Metribuzin,21087-64-9,FOXFZRUHNHCZPX-UHFFFAOYSA-N,Oral,106d0efa-4603-4d21-ac63-70a83e4b6e80,03a709a0-562c-4409-beda-8fed6e1164f3,ac6e295e-e383-439e-9660-e35252fa536b,3505,,OFT document UUID; underlying trial ID not established,Peer review of the pesticide risk assessment of the active substance metribuzin,doi:10.2903/j.efsa.2023.8140,,not reported in aligned source fields,,Metribuzin SC 600,act. ingr.,,µg/bee,,34.2,,,explicit source fields,420,PPDB,21087-64-9,Metribuzin (Ref: DPX G2504),Oral,,1,True,True,False,not established,no shared trial ID supplied; chemical/route alone insufficient,True,0,0,0,0,1,1
OpenFoodTox,output/external_data_audit/oft_acute_endpoints_aligned.csv,ede2c6499e711854371249c4f69374fe978c0b729dbfadc6e91727048ae83ffc,6,60e5f4441085d71468d009e417ef32c387e3bf5fb8b3ef98737d6c1b8b226d3f,Carbaryl,63-25-2,CVXBEEMKQHEXEN-UHFFFAOYSA-N,Contact,e744861e-d638-4012-9509-925e89571a3b,40b75d9c-f2c4-43ea-8c21-c08eee28b6ea,63a51125-625a-4278-8897-c7b0dcc66db8,3513,,OFT document UUID; underlying trial ID not established,Conclusion regarding the peer review of the pesticide risk assessment of the active substance carbaryl,doi:10.2903/j.efsa.2006.80r,,not reported in aligned source fields,72.0,,,,µg/piece,>,0.14,,,explicit source fields,33,ECOTOX,63-25-2,1-Naphthalenol methylcarbamate,Contact,222|224|225|226|227|229|230|243|245|257|259|262|264|267|268|269|270|272|274,3,True,True,False,not established,no shared trial ID supplied; chemical/route alone insufficient,True,-1,1,-1,1,-1,1
OpenFoodTox,output/external_data_audit/oft_acute_endpoints_aligned.csv,ede2c6499e711854371249c4f69374fe978c0b729dbfadc6e91727048ae83ffc,8,958357237313ffa5c88bddb08ce5cf461659e2d6dc019f46e34396360cadb522,Cyproconazole,94361-06-5,UFNOUKDBUJZYDE-UHFFFAOYSA-N,Oral,08a6200f-6a8f-4758-867a-852a4b921c6a,a8d5f20c-cbb4-4b4f-9f41-fd91abaf6d3a,43f524f9-5f96-40f7-a9ba-5dc296851596,3519,,OFT document UUID; underlying trial ID not established,Conclusion on the peer review of the pesticide risk assessment of the active substance cyproconazole,doi:10.2903/j.efsa.2010.1897,,not reported in aligned source fields,48.0,,,,µg/piece,>,100.0,,,explicit source fields,503,ECOTOX,94361-06-5,"alpha-(4-Chlorophenyl)-alpha-(1-cyclopropylethyl)-1H-1,2,4-triazole-1-ethanol",Oral,1751|1752|1753,1,True,True,True,not established,no shared trial ID supplied; chemical/route alone insufficient,True,0,0,0,0,0,1
OpenFoodTox,output/external_data_audit/oft_acute_endpoints_aligned.csv,ede2c6499e711854371249c4f69374fe978c0b729dbfadc6e91727048ae83ffc,9,efe3ebf9702906fecc448f7c38fcd6ef5b11879056a5f15bafb71ed2c6904987,Clofentezine,74115-24-5,UXADOQPNKNTIHB-UHFFFAOYSA-N,Oral,e153c942-3074-4d95-bc19-f2b6f4ac20b2,7982cd8f-b6d5-4715-89a9-21e8043d138c,22662941-d804-4db2-9a5e-01e32613d3a6,3521,,OFT document UUID; underlying trial ID not established,Peer review of the pesticide risk assessment of the active substance clofentezine,doi:10.2903/j.efsa.2021.6817,,not reported in aligned source fields,,Apollo 50 SC (500 g clofentezine/L),,,µg/piece,>,252.6,,,explicit source fields,619,ECOTOX,74115-24-5,"3,6-Bis(2-chlorophenyl)-1,2,4,5-tetrazine",Oral,1656,1,True,True,False,not established,no shared trial ID supplied; chemical/route alone insufficient,True,0,0,0,0,0,1
OpenFoodTox,output/external_data_audit/oft_acute_endpoints_aligned.csv,ede2c6499e711854371249c4f69374fe978c0b729dbfadc6e91727048ae83ffc,13,5c4da4d03e9864b2954a4176a074da42ecab33631514072fef5f79ea181a297c,Cyantraniliprole,736994-63-1,DVBUIBGJRQBEDP-UHFFFAOYSA-N,Oral,3bc82970-7081-4b10-b05c-5a26f626903f,46545f51-3b36-4278-9b1c-02c6238d2d04,149b9862-29e9-421a-bce5-a6ec67ae010a,3526,,OFT document UUID; underlying trial ID not established,Conclusion on the peer review of the pesticide risk assessment of the active substance cyantraniliprole,"EFSA Journal 2014,12(9):3814, doi:10.2903/j.efsa.2014.3814",,not reported in aligned source fields,,,,,µg/piece,>,0.1055,,,explicit source fields,953,ECOTOX,736994-63-1,3-Bromo-1-(3-chloro-2-pyridinyl)-N-[4-cyano-2-methyl-6-[(methylamino)carbonyl]phenyl]-1H-pyrazole-5-carboxamide,Oral,2544|2546|2548|2551|2552|2553|2554,3,True,True,False,not established,no shared trial ID supplied; chemical/route alone insufficient,True,-1,1,-1,1,-1,1
OpenFoodTox,output/external_data_audit/oft_acute_endpoints_aligned.csv,ede2c6499e711854371249c4f69374fe978c0b729dbfadc6e91727048ae83ffc,19,da30c46c3bca6d08ae3e3ee8397676540b6ed22b4ddd9b405bab1d76d0fca8b5,Propineb,12071-83-9,KKMLIVYBGSAJPM-UHFFFAOYSA-L,Contact,af735ba2-326f-4cbb-9d64-ca192b8362d0,6521fbac-c10c-4d4a-8883-cc5771a4c4c8,3969a60b-66a6-43f0-8ea9-56850b5b3d27,3533,,OFT document UUID; underlying trial ID not established,Peer review of the pesticide risk assessment of the active substance propineb,doi:10.2903/j.efsa.2016.4605,,not reported in aligned source fields,,,,,µg/piece,>,100.0,,,explicit source fields,490,PPDB,12071-83-9,Propineb (Ref: BAY 46131),Contact,,1,True,True,False,not established,no shared trial ID supplied; chemical/route alone insufficient,True,0,0,0,0,0,1
OpenFoodTox,output/external_data_audit/oft_acute_endpoints_aligned.csv,ede2c6499e711854371249c4f69374fe978c0b729dbfadc6e91727048ae83ffc,24,f0d521fcf6371d6fe62c47fbdc7991abde0b774e4e55f3cb13be28976e8a229d,Pirimicarb,23103-98-2,YFGYUFNIOHWBOB-UHFFFAOYSA-N,Oral,876491fb-ed51-4903-90d7-bf7eab6d1e1b,955022ac-1a85-45ee-b46c-2654820bcd39,360f9c2e-10bd-4388-916e-bcb4bd678af3,3548,,OFT document UUID; underlying trial ID not established,Conclusion regarding the peer reviewof the pesticide risk assessment of the active substance pirimicarb,doi:10.2903/j.efsa.2005.43r,,not reported in aligned source fields,24.0,,,,µg/piece,,4.0,,,explicit source fields,437,PPDB,23103-98-2,Pirimicarb (Ref: OMS 1330),Oral,,2,True,True,False,not established,no shared trial ID supplied; chemical/route alone insufficient,True,0,0,1,1,1,1
OpenFoodTox,output/external_data_audit/oft_acute_endpoints_aligned.csv,ede2c6499e711854371249c4f69374fe978c0b729dbfadc6e91727048ae83ffc,26,e9682bf42fe4933bd986b3b78e8208293e280100c60a78f0bb93e9a473c99600,Potassium hydrogen carbonate,298-14-6,TYJJADVDDVDEDZ-UHFFFAOYSA-M,Oral,802bf5df-fc09-42fa-b339-7c6593467ec7,208384ce-f5dd-4159-88f7-ab51fc03ffc4,2d0929cb-aacf-47ac-879a-4d695ebf8c3d,3553,,OFT document UUID; underlying trial ID not established,Peer review of the pesticide risk assessment of the active substance potassium hydrogen carbonate,doi:10.2903/j.efsa.2021.6593,,not reported in aligned source fields,48.0,ANL-F001 (product containing 85.76% a.s.),,,µg/piece,,626.0,,,explicit source fields,39,PPDB,298-14-6,Potassium bicarbonate,Oral,,1,True,True,False,not established,no shared trial ID supplied; chemical/route alone insufficient,True,0,0,0,0,0,1
OpenFoodTox,output/external_data_audit/oft_acute_endpoints_aligned.csv,ede2c6499e711854371249c4f69374fe978c0b729dbfadc6e91727048ae83ffc,32,2b9e1254e0dfa8d5435f458d41aea42c8adeaa702afd735a458749a1d27cb2f8,Amitrole,61-82-5,KLSJWNVTNUYHDU-UHFFFAOYSA-N,Contact,e1515b5c-779a-4bcb-bdff-d6e9c5c7ccba,69ae5e41-d4e1-40ba-b8ec-fc3b7c4e2f93,91b1fabd-c891-4d35-9379-c0f6e9e5bcf2,3561,,OFT document UUID; underlying trial ID not established,Conclusion on the peer review of the pesticide risk assessment of the active substance amitrole,doi:10.2903/j.efsa.2014.3742,,not reported in aligned source fields,,,,,µg/piece,>,100.0,,,explicit source fields,243,ECOTOX,61-82-5,"1H-1,2,4-Triazol-3-amine",Contact,213|214,0,True,True,False,not established,no shared trial ID supplied; chemical/route alone insufficient,True,0,0,0,0,0,0
OpenFoodTox,output/external_data_audit/oft_acute_endpoints_aligned.csv,ede2c6499e711854371249c4f69374fe978c0b729dbfadc6e91727048ae83ffc,36,19b888f01fe1c965304ebe76dc0ea9aa383919adbd8d6ff2fb04645f0dcbe987,Imidacloprid,138261-41-3,YWTYJOPNNQFBPC-UHFFFAOYSA-N,Oral,3959c8e9-bb66-41b2-9b99-264793d4d5ac,9175ac48-aeb6-4ec0-b8cd-4b8bb8db8987,72e6d370-7cb4-4f1e-af7a-8bd7050b29d8,3569,,OFT document UUID; underlying trial ID not established,Peer review of the pesticide risk assessment for the active substance imidacloprid in light of confirmatory data submitted,doi:10.2903/j.efsa.2016.4607,,not reported in aligned source fields,48.0,,,,µg/piece,,0.0037,,,explicit source fields,713,PPDB,138261-41-3,Imidacloprid (Ref: BAY NTN 33893),Oral,,3,True,True,True,not established,no shared trial ID supplied; chemical/route alone insufficient,True,1,1,1,1,1,1
OpenFoodTox,output/external_data_audit/oft_acute_endpoints_aligned.csv,ede2c6499e711854371249c4f69374fe978c0b729dbfadc6e91727048ae83ffc,39,230fc80d93b9e08c528bee8a7c5c36d1d13bc02e5323fdbff25026d05fa3d8be,Carbofuran,1563-66-2,DUEPRVBVGDRKAG-UHFFFAOYSA-N,Contact,4085a9fe-b0af-4918-aeb3-df2b25ba3dda,8022f6a1-a37a-4a87-a6ee-e38339baf07d,b1cf7e76-8ebe-41e3-ae32-74a8abc42859,3573,,OFT document UUID; underlying trial ID not established,Conclusion regarding the peer review of the pesticide risk assessment of the active substance carbofuran,doi:10.2903/j.efsa.2006.90r,,not reported in aligned source fields,,,,,µg/piece,,0.0357,,,explicit source fields,355,ECOTOX,1563-66-2,"2,3-Dihydro-2,2-dimethyl-7-benzofuranol 7-(N-methylcarbamate)",Contact,831,3,True,True,False,not established,no shared trial ID supplied; chemical/route alone insufficient,True,1,1,1,1,1,1
OpenFoodTox,output/external_data_audit/oft_acute_endpoints_aligned.csv,ede2c6499e711854371249c4f69374fe978c0b729dbfadc6e91727048ae83ffc,42,61b884baa1d7660ec151060229b21fae5099f3d0c99cb33d143ac9ecc4e9a3a6,Propoxycarbazone,145026-81-9,JTHMVYBOQLDDIY-UHFFFAOYSA-N,Contact,290ce3b2-87dd-4bb9-ad39-1bc73ca1eb3d,92bfebb7-c5df-46ed-84bb-c272c2662ec7,e3d40140-6955-44a9-9491-5f62b312a81c,3578,,OFT document UUID; underlying trial ID not established,Peer review of the pesticide risk assessment of the active substance propoxycarbazone (variant evaluated propoxycarbazone-sodium),doi:10.2903/j.efsa.2016.4612,,not reported in aligned source fields,48.0,ATTRIBUT SG70,,,µg/piece,>,100.0,,,explicit source fields,846,PPDB,145026-81-9,Propoxycarbazone,Contact,,0,True,True,False,not established,no shared trial ID supplied; chemical/route alone insufficient,True,0,0,0,0,0,0
OpenFoodTox,output/external_data_audit/oft_acute_endpoints_aligned.csv,ede2c6499e711854371249c4f69374fe978c0b729dbfadc6e91727048ae83ffc,43,94f92ff66980631826f88395468cde7d83fad48a8e68d8c43b47ffc03ca64f7d,Isoxaflutole,141112-29-0,OYIKARCXOQLFHF-UHFFFAOYSA-N,Contact,d5f97b27-4093-4f30-a093-b5454a75f41e,851b0897-455a-43a6-aaa5-76d63c019765,2589b4d3-f597-41e7-ad6f-3cce0f50d485,3579,,OFT document UUID; underlying trial ID not established,Peer review of the pesticide risk assessment of the active substance isoxaflutole,doi:10.2903/j.efsa.2016.4416,,not reported in aligned source fields,,,,,µg/piece,>,100.0,,,explicit source fields,795,PPDB,141112-29-0,Isoxaflutole (Ref: RPA 201772),Contact,,1,True,True,False,not established,no shared trial ID supplied; chemical/route alone insufficient,True,0,0,0,0,0,1
OpenFoodTox,output/external_data_audit/oft_acute_endpoints_aligned.csv,ede2c6499e711854371249c4f69374fe978c0b729dbfadc6e91727048ae83ffc,46,55cf60704e12d104682815f7de2bd75f22e31e0865b1eca6ef4ae1c1a079d122,Oxydemeton-methyl,301-12-2,PMCVMORKVPSKHZ-UHFFFAOYSA-N,Oral,67e10a2b-a34e-46bc-8407-cb2976432366,7893feaa-153e-430d-a6d7-650a16886a3e,3cc97cb4-ccf4-473d-bf1d-6fe248c8f5b0,3583,,OFT document UUID; underlying trial ID not established,Conclusion regarding the peer review of the pesticide risk assessment of the active substance oxydemeton-methyl,doi:10.2903/j.efsa.2006.86r,,not reported in aligned source fields,48.0,Formulation: Metasystox R 250 EC,,,µg/piece,,0.2,,,explicit source fields,238,ECOTOX,301-12-2,"Phosphorothioic acid, S-[2-(Ethylsulfinyl)ethyl] O,O-dimethyl ester",Oral,622,3,True,True,False,not established,no shared trial ID supplied; chemical/route alone insufficient,True,1,1,1,1,1,1
OpenFoodTox,output/external_data_audit/oft_acute_endpoints_aligned.csv,ede2c6499e711854371249c4f69374fe978c0b729dbfadc6e91727048ae83ffc,52,55fbb7b16b51ea50790810e56d6f70c0fa4a8bebfa1ab4b4cf5db098b263b239,1-naphthylacetic acid,86-87-3,PRPINYUDVPFIRX-UHFFFAOYSA-N,Oral,a1deb3c5-b169-4840-a10b-3f906349e991,395680b2-0a50-4615-8920-afb580738de0,21e7e8a8-fabe-4a07-9819-a7516c72c58c,3592,,OFT document UUID; underlying trial ID not established,Conclusion on the peer review of the pesticide risk assessment of the active substance 1-naphthylacetic acid,"EFSA Journal 2011,9(2):2019, doi:10.2903/j.efsa.2011.2019",,not reported in aligned source fields,,,,,µg/piece,>,120.0,,,explicit source fields,118,ECOTOX,86-87-3,1-Naphthaleneacetic acid,Oral,327,1,True,True,False,not established,no shared trial ID supplied; chemical/route alone insufficient,True,0,0,0,0,0,1
OpenFoodTox,output/external_data_audit/oft_acute_endpoints_aligned.csv,ede2c6499e711854371249c4f69374fe978c0b729dbfadc6e91727048ae83ffc,53,a3e787963fa653916f1013ed1e49fb8e7b2a94aa04645f0d1608322738bc2bd9,Flupyradifurone,951659-40-8,QOIYTRGFOFZNKF-UHFFFAOYSA-N,Oral,070b4ed6-6abe-4187-b180-3651a6385198,d41eb878-9fa2-4147-9593-d06b57e5a423,c804893b-69b5-4cae-beb2-eb38b0351428,3594,,OFT document UUID; underlying trial ID not established,Conclusion on the peer review of the pesticide risk assessment of the active substance flupyradifurone,doi:10.2903/j.efsa.2015.4020,,not reported in aligned source fields,,,,,µg/piece,,1.2,,,explicit source fields,986,ECOTOX,951659-40-8,"4-[[(6-Chloro-3-pyridinyl)methyl](2,2-difluoroethyl)amino]-2(5H)-furanone",Oral,2605|2606|2608|2609|2610|2611,2,True,True,False,not established,no shared trial ID supplied; chemical/route alone insufficient,True,0,0,1,1,1,1
OpenFoodTox,output/external_data_audit/oft_acute_endpoints_aligned.csv,ede2c6499e711854371249c4f69374fe978c0b729dbfadc6e91727048ae83ffc,54,310b707659cff9c1f80909aead03b4e14d46877edf2e254d1d7dd3c7ccda6caa,Proquinazid,189278-12-4,FLVBXVXXXMLMOX-UHFFFAOYSA-N,Oral,c6de7cde-d5ef-4711-b6ab-074ab71a0a77,e12cebfb-aa70-4b1c-8e66-ce995e769f2c,5ebbfc12-ea1f-4327-b564-ccdbea3a7328,3595,,OFT document UUID; underlying trial ID not established,Conclusion on the peer review of the pesticide risk assessment of the active substance proquinazid,doi:10.2903/j.efsa.2009.1350,,not reported in aligned source fields,48.0,,,,µg/piece,>,125.0,,,explicit source fields,935,PPDB,189278-12-4,Proquinazid (Ref: DPX KQ926),Oral,,0,True,True,True,not established,no shared trial ID supplied; chemical/route alone insufficient,True,0,0,0,0,0,0
OpenFoodTox,output/external_data_audit/oft_acute_endpoints_aligned.csv,ede2c6499e711854371249c4f69374fe978c0b729dbfadc6e91727048ae83ffc,62,40df05f7e3c8bea6e4a8e663d2d1302bf391298755233c8aec8711535063405a,Phosmet,732-11-6,LMNZTLDVJIUSHT-UHFFFAOYSA-N,Contact,149edcc8-98aa-43fa-9162-dc792bd02a0c,76290334-19e8-43dc-9db3-5b38b8144825,8e1af3bc-fec6-44a3-9cd5-d7a366e349e4,3608,,OFT document UUID; underlying trial ID not established,Conclusion on the peer review of the pesticide risk assessment of the active substance phosmet,"EFSA Journal 2011,9(5):2162, doi:10.2903/j.efsa.2011.2162",,not reported in aligned source fields,48.0,,,,µg/piece,,0.22,,,explicit source fields,5,ECOTOX,732-11-6,"S-[(1,3-Dihydro-1,3-dioxo-2H-isoindol-2-yl)methyl]O,O-dimethyl ester, Phosphorodithioic acid",Contact,704|705,2,True,True,True,not established,no shared trial ID supplied; chemical/route alone insufficient,True,1,0,1,1,1,1
OpenFoodTox,output/external_data_audit/oft_acute_endpoints_aligned.csv,ede2c6499e711854371249c4f69374fe978c0b729dbfadc6e91727048ae83ffc,64,69c0d7b5ae0a61a67302cb05ab5372cad0f26f1e2b582db7d02df2c247657785,Metamitron,41394-05-2,VHCNQEUWZYOAEV-UHFFFAOYSA-N,Oral,5307d954-68ce-44cf-affd-868ba54d1c76,1a28b30b-edba-4dd2-9bad-c645139e0fe3,61ae3ccd-75ed-4f02-8875-c222a3476cee,3611,,OFT document UUID; underlying trial ID not established,Conclusion regarding the peer review of the pesticide risk assessment of the active substance metamitron,doi:10.2903/j.efsa.2008.185r,,not reported in aligned source fields,48.0,,,,µg/piece,>,97.2,,,explicit source fields,498,PPDB,41394-05-2,Metamitron (Ref: BAY DRW 1139),Oral,,1,True,True,True,not established,no shared trial ID supplied; chemical/route alone insufficient,True,0,0,0,0,-1,1
OpenFoodTox,output/external_data_audit/oft_acute_endpoints_aligned.csv,ede2c6499e711854371249c4f69374fe978c0b729dbfadc6e91727048ae83ffc,66,8a44e5ffb9610c8a683e2e30e5e6c4ac8b3c3f5730c159a63c59565f0869bc70,Triazoxide,72459-58-6,IQGKIPDJXCAMSM-UHFFFAOYSA-N,Contact,8bfc4889-2f25-4a99-a10b-e9762940411c,56bcc92a-9bc0-4e8c-9a53-690e27ee4d42,cc5ebae1-62dc-4feb-84a8-b3682839e429,3613,,OFT document UUID; underlying trial ID not established,Conclusion on the peer review of the pesticide risk assessment of the active substance triazoxide,"EFSA Journal 2011,9(3):2018, doi:10.2903/j.efsa.2011.2018",,not reported in aligned source fields,48.0,,,,µg/piece,>,200.0,,,explicit source fields,604,PPDB,72459-58-6,Triazoxide (Ref: SAS 9244),Contact,,0,True,True,True,not established,no shared trial ID supplied; chemical/route alone insufficient,True,0,0,0,0,0,0
OpenFoodTox,output/external_data_audit/oft_acute_endpoints_aligned.csv,ede2c6499e711854371249c4f69374fe978c0b729dbfadc6e91727048ae83ffc,70,0e065660d53750c54487c025a3000fdab3d0efdaf6a4b23b61b99233a85486dc,Fenazaquin,120928-09-8,DMYHGDXADUDKCQ-UHFFFAOYSA-N,Contact,d5447ae2-f684-411a-b9c4-054e89b086dc,b7451df5-a7a0-42dd-92ca-32d99abdec28,d1dec5b0-a8fb-482d-b719-682b10119226,3621,,OFT document UUID; underlying trial ID not established,Conclusion on the peer review of the pesticide risk assessment of the active substance fenazaquin,doi:10.2903/j.efsa.2010.1892,,not reported in aligned source fields,48.0,,,,µg/piece,,1.21,,,explicit source fields,729,ECOTOX,120928-09-8,"4-[2-[4-(1,1-Dimethylethyl)phenyl]ethoxy]quinazoline",Contact,1886|1889,2,True,True,True,not established,no shared trial ID supplied; chemical/route alone insufficient,True,0,0,1,1,1,1
OpenFoodTox,output/external_data_audit/oft_acute_endpoints_aligned.csv,ede2c6499e711854371249c4f69374fe978c0b729dbfadc6e91727048ae83ffc,71,70b285519d671cd5b24dd3a2634d7626da81569bf7f24fc3e96532cfa99415a1,Flufenoxuron,101463-69-8,RYLHNOVXKPXDIP-UHFFFAOYSA-N,Contact,686bb376-a097-43a1-9ad2-8025b4defb9a,e81ec868-8fb0-4b50-a49a-c3837a8d765f,5fc2529b-8c4c-4f94-bcd5-3251458e5eae,3622,,OFT document UUID; underlying trial ID not established,Conclusion on the peer review of the pesticide risk assessment of the active substance flufenoxuron,"EFSA Journal 2011,9(3):2088, doi:10.2903/j.efsa.2011.2088",,not reported in aligned source fields,48.0,,,,µg/piece,>,100.0,,,explicit source fields,642,PPDB,101463-69-8,Flufenoxuron (Ref: BAS 3071),Contact,,1,True,True,True,not established,no shared trial ID supplied; chemical/route alone insufficient,True,0,0,0,0,0,1
OpenFoodTox,output/external_data_audit/oft_acute_endpoints_aligned.csv,ede2c6499e711854371249c4f69374fe978c0b729dbfadc6e91727048ae83ffc,72,4c682f2d227af7c1ba348783a123ad0eb0e0d0be4c5c6ed6e1867856dbf9aa10,Ethephon,16672-87-0,UDPGUMQDCGORJQ-UHFFFAOYSA-N,Contact,7e23d5e0-610e-40d5-bc59-e50ffee37656,ca762758-f9e4-4a99-9778-93e6be4cf7a8,34d107db-5d41-4db3-a48f-81c7cbb7efec,3623,,OFT document UUID; underlying trial ID not established,Conclusion regarding the peer review of the pesticide risk assessment of the active substance ethephon,doi:10.2903/j.efsa.2009.174r,,not reported in aligned source fields,48.0,,,,µg/piece,>,100.0,,,explicit source fields,23,ECOTOX,16672-87-0,(2-Chloroethyl)phosphonic acid,Contact,1218|1219,1,True,True,True,not established,no shared trial ID supplied; chemical/route alone insufficient,True,0,0,0,0,0,1
OpenFoodTox,output/external_data_audit/oft_acute_endpoints_aligned.csv,ede2c6499e711854371249c4f69374fe978c0b729dbfadc6e91727048ae83ffc,75,e3ed704897d86de7657837324f374d084a7b38ff9e4d2b371a38b6f12873b230,Fludioxonil,131341-86-1,MUJOIMFVNIBMKC-UHFFFAOYSA-N,Contact,798fa6f0-5ce1-4884-9096-003813911d93,18885d8c-576a-4249-aceb-4377e5328fbc,97a7eddf-cc23-4ea2-b19d-6538771dde90,3627,,OFT document UUID; underlying trial ID not established,Peer review of the pesticide risk assessment of the active substance fludioxonil,EFSA Journal. 2024;22:e9047; doi:10.2903/j.efsa.2024.9047,,not reported in aligned source fields,48.0,A8207M,act. ingr.,,µg/bee,>,24.0,,,explicit source fields,733,ECOTOX,131341-86-1,"4-(2,2-Difluoro-1,3-benzodioxol-4-yl)-1H-pyrrole-3-carbonitrile",Contact,1940,1,True,True,False,not established,no shared trial ID supplied; chemical/route alone insufficient,True,0,0,0,0,-1,1
OpenFoodTox,output/external_data_audit/oft_acute_endpoints_aligned.csv,ede2c6499e711854371249c4f69374fe978c0b729dbfadc6e91727048ae83ffc,79,e488bc36c4383986935d033b9710bd4a2640d1e96557e1695965d49530b0fd0e,Malathion,121-75-5,JXSJBGJIGXNWCI-UHFFFAOYSA-N,Contact,1644d4b3-1225-40e1-9975-b474081f4fc6,c6988d7f-efd2-4b11-92f4-6013d9cbcd05,ae321303-c312-4d39-a423-261ce62f54a0,3642,,OFT document UUID; underlying trial ID not established,Peer review of the pesticide risk assessment of the active substance malathion,doi:10.2903/j.efsa.2009.333r,,not reported in aligned source fields,48.0,FYF 440 EW,,,µg/piece,,0.16,,,explicit source fields,92,ECOTOX,121-75-5,"2-[(Dimethoxyphosphinothioyl)thio]butanedioic acid 1,4-diethyl ester",Contact,462|463|464|466|472|473|482,3,True,True,False,not established,no shared trial ID supplied; chemical/route alone insufficient,True,1,1,1,1,1,1
OpenFoodTox,output/external_data_audit/oft_acute_endpoints_aligned.csv,ede2c6499e711854371249c4f69374fe978c0b729dbfadc6e91727048ae83ffc,81,cc0e69c1e1c22cfc2fbad53daad0072601619c9d0670bd5ac10a056d6b1719db,Metazachlor,67129-08-2,STEPQTYSZVCJPV-UHFFFAOYSA-N,Oral,26e9a201-e81d-4fbc-bcf1-1264ac56abf1,31ca24e0-9e6e-4394-8df5-ffd143b06c7d,bf653c29-13d8-43d5-b2ed-fb409206684e,3644,,OFT document UUID; underlying trial ID not established,Conclusion regarding the peer review of the pesticide risk assessment of the active substance metazachlor,doi:10.2903/j.efsa.2008.145r,,not reported in aligned source fields,48.0,,,,µg/piece,>,72.19,,,explicit source fields,607,PPDB,67129-08-2,Metazachlor (Ref: BAS 47900H),Oral,,1,True,True,True,not established,no shared trial ID supplied; chemical/route alone insufficient,True,0,0,0,0,-1,1
OpenFoodTox,output/external_data_audit/oft_acute_endpoints_aligned.csv,ede2c6499e711854371249c4f69374fe978c0b729dbfadc6e91727048ae83ffc,83,c3cee310d824be6dc9219f57e291849425c8073f55a5b234d9da78c8dafb34af,Terbuthylazine,5915-41-3,FZXISNSWEXTPMF-UHFFFAOYSA-N,Oral,0d229471-a81a-4a95-9dcd-fe6b141c27fa,a580dcd2-117b-44c2-b0bd-c5a16ffa2e1e,9455a829-d440-489a-bc7c-867cae929069,3646,,OFT document UUID; underlying trial ID not established,Conclusion on the peer review of the pesticide risk assessment of the active substance terbuthylazine,"EFSA Journal 2011, 9(1):1969, doi:10.2903/j.efsa.2011.1969",,not reported in aligned source fields,48.0,Terbuthylazine-syngenta,,,µg/piece,>,22.6,,,explicit source fields,353,PPDB,5915-41-3,Terbuthylazine,Oral,,1,True,True,False,not established,no shared trial ID supplied; chemical/route alone insufficient,True,0,0,0,0,-1,1
OpenFoodTox,output/external_data_audit/oft_acute_endpoints_aligned.csv,ede2c6499e711854371249c4f69374fe978c0b729dbfadc6e91727048ae83ffc,84,825e978fd3299de67beaadaa5f958fc4da74980e2a9bd211c7aadeff8882fb0a,Pyridate,55512-33-9,JTZCTMAVMHRNTR-UHFFFAOYSA-N,Contact,12a961d7-4a64-4796-9f75-d8e62a6aafa3,e178911c-e4cc-46be-be3b-eea647251c0c,dfd687d3-0fdd-4af1-82b2-810e93d86aa1,3648,,OFT document UUID; underlying trial ID not established,Conclusion on the peer review of the pesticide risk assessment of the active substance pyridate,"EFSA Journal 2014,12(8):3801, doi:10.2903/j.efsa.2014.3801",,not reported in aligned source fields,,,,,µg/piece,>,100.0,,,explicit source fields,542,PPDB,55512-33-9,Pyridate (Ref: CL 11344),Contact,,1,True,True,False,not established,no shared trial ID supplied; chemical/route alone insufficient,True,0,0,0,0,0,1
OpenFoodTox,output/external_data_audit/oft_acute_endpoints_aligned.csv,ede2c6499e711854371249c4f69374fe978c0b729dbfadc6e91727048ae83ffc,86,5c1fe6091d7ecb3b8b8518cf0f282dfedb027249837d3d9b148d51e9ae7fe0bd,Imazalil,35554-44-0,PZBPKYOVPCNPJY-UHFFFAOYSA-N,Oral,c4e59b76-212a-4c69-89bd-b5ab30607582,4b373501-2333-4bd2-aede-94fb3a2aa15e,05dbd7d1-259d-493d-990e-87306d388d94,3653,,OFT document UUID; underlying trial ID not established,Conclusion on the peer review of the pesticide risk assessment of the active substance imazalil,doi:10.2903/j.efsa.2010.1526,,not reported in aligned source fields,48.0,,,,µg/piece,>,35.1,,,explicit source fields,470,ECOTOX,35554-44-0,"1-[2-(2,4-Dichlorophenyl)-2-(2-propenyloxy)ethyl]-1H-imidazole",Oral,1414,1,True,True,True,not established,no shared trial ID supplied; chemical/route alone insufficient,True,0,0,0,0,-1,1
OpenFoodTox,output/external_data_audit/oft_acute_endpoints_aligned.csv,ede2c6499e711854371249c4f69374fe978c0b729dbfadc6e91727048ae83ffc,89,9bcfbb1b25fa73f04b979c0465871de4ea8ce2148bc593879a23fa0f5e73403b,Tricyclazole,41814-78-2,DQJCHOQLCLEDLL-UHFFFAOYSA-N,Oral,1238bb3d-6f30-4fab-a536-e10b51f1ec54,8b7e6ab3-449e-42d8-a4da-0f982ba48ee9,4ff94fc5-e09e-4bf4-b28b-59e25bbd4f9f,3659,,OFT document UUID; underlying trial ID not established,Conclusion on the peer review of the pesticide risk assessment of the active substance tricyclazole,doi:10.2903/j.efsa.2015.4032,,not reported in aligned source fields,,,,,µg/piece,,30.9,,,explicit source fields,533,PPDB,41814-78-2,Tricyclazole (Ref: EL 291),Oral,,1,True,True,False,not established,no shared trial ID supplied; chemical/route alone insufficient,True,0,0,0,0,1,1
OpenFoodTox,output/external_data_audit/oft_acute_endpoints_aligned.csv,ede2c6499e711854371249c4f69374fe978c0b729dbfadc6e91727048ae83ffc,102,55f9cc2ce47e3a40e023fd312660179e259a89ae0e7600e018df9e2035925e7a,Cyazofamid,120116-88-3,YXKMMRDKEKCERS-UHFFFAOYSA-N,Oral,e72c38d6-265e-42a2-bd5f-d8bc9de2e8d9,b1429837-aa13-45b6-b1c5-5947e40fc377,131a6853-8eec-4a1a-82e3-64d57124b87a,3681,,OFT document UUID; underlying trial ID not established,Updated peer review of the pesticide risk assessment of the active substance cyazofamid,doi:10.2903/j.efsa.2020.6232,,not reported in aligned source fields,,Cyazofamid formulation: IKF-916 160SC-N,,,µg/piece,>,31.8,,,explicit source fields,817,ECOTOX,120116-88-3,"4-Chloro-2-cyano-N,N-dimethyl-5-(4-methylphenyl)-1H-imidazole-1-sulfonamide",Oral,1877|1879|1880,1,True,True,False,not established,no shared trial ID supplied; chemical/route alone insufficient,True,0,0,0,0,-1,1
OpenFoodTox,output/external_data_audit/oft_acute_endpoints_aligned.csv,ede2c6499e711854371249c4f69374fe978c0b729dbfadc6e91727048ae83ffc,105,8ffc893ccca41f8b607843e65a3cd1ee301a073925bfc98416f31fb7bec03996,1-Decanol,112-30-1,MWKFXSUHUHTGQN-UHFFFAOYSA-N,Contact,ae6e4cdd-61e8-4ed5-bce9-14228983d9d1,44177e80-c427-4143-a263-85e63a916ee5,66ba7ece-362c-496e-b105-cf0a06be213c,3690,,OFT document UUID; underlying trial ID not established,Conclusion on the peer review of the pesticide risk assessment of the active substance 1-decanol,doi:10.2903/j.efsa.2010.1715,,not reported in aligned source fields,48.0,,,,µg/piece,>,13.8,,,explicit source fields,53,PPDB,112-30-1,1-decanol,Contact,,1,True,True,True,not established,no shared trial ID supplied; chemical/route alone insufficient,True,0,0,0,0,-1,1
OpenFoodTox,output/external_data_audit/oft_acute_endpoints_aligned.csv,ede2c6499e711854371249c4f69374fe978c0b729dbfadc6e91727048ae83ffc,110,72ac66772349b23f1bc0a7df2ac6934706b6a34d75f7f7382681e6d16cbdd625,Metosulam,139528-85-1,VGHPMIFEKOFHHQ-UHFFFAOYSA-N,Contact,532eb6df-5c34-4f0b-b98c-b650da02a62a,03366d29-47f8-4631-a063-81f3c0dc3596,1efef106-bae3-46a7-901d-c9e2a8e145b3,3697,,OFT document UUID; underlying trial ID not established,Conclusion on the peer review of the pesticide risk assessment of the active substance metosulam,doi:10.2903/j.efsa.2010.1592,,not reported in aligned source fields,48.0,,,,µg/piece,>,100.0,,,explicit source fields,763,PPDB,139528-85-1,Metosulam (Ref: XDE 511),Contact,,1,True,True,True,not established,no shared trial ID supplied; chemical/route alone insufficient,True,0,0,0,0,0,1
OpenFoodTox,output/external_data_audit/oft_acute_endpoints_aligned.csv,ede2c6499e711854371249c4f69374fe978c0b729dbfadc6e91727048ae83ffc,111,5f54e3364365411ecc7caa0d52bda0ef18ab87fb7834fd67960bcaf9ea5a9f01,Famoxadone,131807-57-3,PCCSBWNGDMYFCW-UHFFFAOYSA-N,Oral,8951af48-bdd1-4687-b50f-e71beab5ecb4,1cc09287-ad5d-4685-8b81-66986b67cff6,cc228e54-c2b3-4391-8c55-dcbf5fc8a504,3698,,OFT document UUID; underlying trial ID not established,Conclusion on the peer review of the pesticide risk assessment of the active substance famoxadone,doi:10.2903/j.efsa.2015.4194,,not reported in aligned source fields,48.0,Famoxadone 10 EC,,,µg/piece,>,63.0,,,explicit source fields,791,ECOTOX,131807-57-3,"5-Methyl-5-(4-phenoxyphenyl)-3-(phenylamino)-2,4-oxazolidinedione",Oral,1941|1944,2,True,True,False,not established,no shared trial ID supplied; chemical/route alone insufficient,True,0,0,0,1,-1,1
OpenFoodTox,output/external_data_audit/oft_acute_endpoints_aligned.csv,ede2c6499e711854371249c4f69374fe978c0b729dbfadc6e91727048ae83ffc,112,67bc8acbd2c205d9d4477d066ecb256e879bf3cd1e47a41ccadb530baa6dc42b,Benfuracarb,82560-54-1,FYZBOYWSHKHDMT-UHFFFAOYSA-N,Contact,4d0c7cde-09c5-4598-8b7a-5ebac3210f7b,2edcdfb6-8f97-4f1c-8f48-0553c2a5df85,c4619839-7ea2-4a87-8589-786a10667fa1,3701,,OFT document UUID; underlying trial ID not established,Conclusion regarding the peer review of the pesticide risk assessment of the active substance benfuracarb,doi:10.2903/j.efsa.2006.89r,,not reported in aligned source fields,48.0,,,,µg/piece,,0.19,,,explicit source fields,643,PPDB,82560-54-1,Benfuracarb,Contact,,3,True,True,True,not established,no shared trial ID supplied; chemical/route alone insufficient,True,1,1,1,1,1,1
OpenFoodTox,output/external_data_audit/oft_acute_endpoints_aligned.csv,ede2c6499e711854371249c4f69374fe978c0b729dbfadc6e91727048ae83ffc,114,049557ce2bc5a1bc851ccefe918cc7acc8570426bc9df60f9ba4ce4303ed1a2c,Difenoconazole,119446-68-3,BQYJATMQXGBDHF-UHFFFAOYSA-N,Contact,9353b216-3a28-441f-9603-bd47f96c17cd,8442ebf8-c626-4353-9948-0c713aec1844,a14abba6-bcf8-47f7-bb97-eaee9cfe3629,3705,,OFT document UUID; underlying trial ID not established,Conclusion on the peer review of the pesticide risk assessment of the active substance difenoconazole,doi:10.2903/j.efsa.2011.1967,,not reported in aligned source fields,48.0,,,,µg/piece,>,100.0,,,explicit source fields,710,ECOTOX,119446-68-3,"1-[[2-[2-Chloro-4-(4-chlorophenoxyl)phenyl]-4-methyl-1,3-dioxolan-2-yl]methyl]-1H-1,2,4-triazole",Contact,1856,1,True,True,True,not established,no shared trial ID supplied; chemical/route alone insufficient,True,0,0,0,0,0,1
OpenFoodTox,output/external_data_audit/oft_acute_endpoints_aligned.csv,ede2c6499e711854371249c4f69374fe978c0b729dbfadc6e91727048ae83ffc,123,ba7f41a2038555e34275088303ae13b17d1e4b142459ed193c9535dab8fb571a,Dodine,2439-10-3,YIKWKLYQRFRGPM-UHFFFAOYSA-N,Contact,38bf39e5-be13-4965-be59-ead487aea0c7,4d414b22-0b93-4ae2-851b-8114163bd9ac,325e634a-d610-482b-8de8-add0245492b2,3719,,OFT document UUID; underlying trial ID not established,Conclusion on the peer review of the pesticide risk assessment of the active substance dodine,doi:10.2903/j.efsa.2010.1631,,not reported in aligned source fields,48.0,,,,µg/piece,>,100.0,,,explicit source fields,34,ECOTOX,2439-10-3,N-Dodecylguanidine acetate (1:1),Contact,927|928,0,True,True,True,not established,no shared trial ID supplied; chemical/route alone insufficient,True,0,0,0,0,0,0
OpenFoodTox,output/external_data_audit/oft_acute_endpoints_aligned.csv,ede2c6499e711854371249c4f69374fe978c0b729dbfadc6e91727048ae83ffc,124,eb21d7ab4b3e31898283c4cc64789fa46d64dcd90026a93f79c36fa5bdea8dc9,Trinexapac-Ethyl,95266-40-3,RVKCCVTVZORVGD-UHFFFAOYSA-N,Contact,91779019-f90e-4d8b-976c-e16172068895,a332f187-bef0-4d9a-8167-142b7efaa7fb,51a94c22-175c-4440-8c49-79d4107d8f74|6557269e-ff18-4ffc-9378-f18db9662ace,3720|3721,,OFT document UUID; underlying trial ID not established,Conclusion regarding the peer review of the pesticide risk assessment of the active substance trinexapac | Updated peer review of the pesticide risk assessment of the active substance trinexapac (variant evaluated trinexapac-ethyl),"EFSA Journal 2023,21(6):8082, doi:10.2903/j.efsa.2023.8082|doi:10.2903/j.efsa.2006.57r",,not reported in aligned source fields,,"Formulation: Moddus 250 EC (""A-7725 M"")",act. ingr.,,µg/piece,,69.6,,,explicit source fields,793,ECOTOX,95266-40-3,"4-(Cyclopropylhydroxymethylene)-3,5-dioxocyclohexanecarboxylic acid ethyl ester",Contact,1756|1757,0,True,True,False,not established,no shared trial ID supplied; chemical/route alone insufficient,True,0,0,0,0,1,0
OpenFoodTox,output/external_data_audit/oft_acute_endpoints_aligned.csv,ede2c6499e711854371249c4f69374fe978c0b729dbfadc6e91727048ae83ffc,127,92d366513186246477927264c681e0d912c8e10b35791554eacfb9862161f9ac,Tritosulfuron,142469-14-5,KVEQCVKVIFQSGC-UHFFFAOYSA-N,Contact,3d641c36-6601-40c2-90a0-4fb45af3a2f6,300a7687-2557-4872-b5a3-41fd07bba415,abb5712d-4c49-4f46-aa45-5908af78aeb2,3726,,OFT document UUID; underlying trial ID not established,Peer review of the pesticide risk assessment of the active substance tritosulfuron,doi:10.2903/j.efsa.2023.8142,,not reported in aligned source fields,48.0,"BAS 635 00 H + BAS 152 00 S * * Mixture with adjuvant BAS 152 00 S or BAS 9047 0 S, respectively. Endpoints expressed in terms of tritosulfuron, BAS 9047 0 S: An adjuvant differenting to the one specified in the GAP BAS 152 00 S: An adjuvant differenting to the one specified in the GAP",act. ingr.,,µg/bee,,71.4,,,explicit source fields,924,PPDB,142469-14-5,Tritosulfuron,Contact,,0,True,True,False,not established,no shared trial ID supplied; chemical/route alone insufficient,True,0,0,0,0,1,0
OpenFoodTox,output/external_data_audit/oft_acute_endpoints_aligned.csv,ede2c6499e711854371249c4f69374fe978c0b729dbfadc6e91727048ae83ffc,129,d7ba3e92b387123c57fc5aeb00456fe0140592fcaf8f518dd4b37a2a77d035d4,Ferric phosphate,10045-86-0,WBJZTOZJJYAKHQ-UHFFFAOYSA-K,Contact,c856a754-b7fd-4b40-8087-c274b4cfd6e2,83fb02a8-a9b2-4218-8760-eeaf90ff6de6,ab8eb42c-5c87-4ef6-9488-fb331b883418,3728,,OFT document UUID; underlying trial ID not established,Conclusion on the peer review of the pesticide risk assessment of the active substance ferric phosphate,doi:10.2903/j.efsa.2015.3973,,not reported in aligned source fields,,,,,µg/piece,>,100.0,,,explicit source fields,55,PPDB,10045-86-0,Ferric phosphate,Contact,,1,True,True,False,not established,no shared trial ID supplied; chemical/route alone insufficient,True,0,0,0,0,0,1
OpenFoodTox,output/external_data_audit/oft_acute_endpoints_aligned.csv,ede2c6499e711854371249c4f69374fe978c0b729dbfadc6e91727048ae83ffc,131,67ff83ad7343e84e08880ec3e84ccb058ca3f4da860c9f0dc0f71d946703e209,Propanil,709-98-8,LFULEKSKNZEWOE-UHFFFAOYSA-N,Contact,ede55fea-660b-4532-95c2-bfe69df40583,6f0d63ef-2470-45fc-bbda-7d49e5a1694b,7c73a586-fb9e-4d1a-8fcc-369f433c461b,3731,,OFT document UUID; underlying trial ID not established,Peer review of the pesticide risk assessment of the active substance propanil,"EFSA Journal 2018,16(12):5418, doi:10.2903/j.efsa.2018.5418",,not reported in aligned source fields,168.0,,,,µg/piece,>,100.0,,,explicit source fields,56,ECOTOX,709-98-8,"N-(3,4-Dichlorophenyl)propanamide",Contact,697|698,1,True,True,False,not established,no shared trial ID supplied; chemical/route alone insufficient,True,0,0,0,0,0,1
OpenFoodTox,output/external_data_audit/oft_acute_endpoints_aligned.csv,ede2c6499e711854371249c4f69374fe978c0b729dbfadc6e91727048ae83ffc,134,a6258a91d7038050ab0e7f6426e3856f9b3ca397bc5652fb8af449ac9de44e7b,Isoproturon,34123-59-6,PUIYMUZLKQOUOZ-UHFFFAOYSA-N,Oral,7ed6de2f-1196-4160-be8b-58e074fac728,2bc4c3b6-221f-48c5-8b1c-1dad30c165db,caaad8ce-8e0c-47c6-919d-1a2c2455a7ef,3736,,OFT document UUID; underlying trial ID not established,Conclusion on the peer review of the pesticide risk assessment of the active substance isoproturon,doi:10.2903/j.efsa.2015.4206,,not reported in aligned source fields,,Isoproturon 500 SC,,,µg/piece,>,99.2,,,explicit source fields,524,PPDB,34123-59-6,Isoproturon (Ref: HOE 16410),Oral,,0,True,True,False,not established,no shared trial ID supplied; chemical/route alone insufficient,True,0,0,0,0,-1,0
OpenFoodTox,output/external_data_audit/oft_acute_endpoints_aligned.csv,ede2c6499e711854371249c4f69374fe978c0b729dbfadc6e91727048ae83ffc,136,4efef1990fcf29b45cc13e394c027a2f338fa5dacaf6e713684fffc1e305bb32,Cyprodinil,121552-61-2,HAORKNGNJCEJBX-UHFFFAOYSA-N,Contact,1b2157e9-62fa-479b-b85f-6f091cd54d4c,aaa31522-0e68-47e8-a8ef-19c8f0579825,679a730d-6ac5-4273-a821-4fb979dcb2e6,3740,,OFT document UUID; underlying trial ID not established,Peer review of the pesticide risk assessment of the active substance cyprodinil,EFSA Journal. 2025;23:e9209; doi:10.2903/j.efsa.2025.9209,,not reported in aligned source fields,,UNIX 75 WG,act. ingr.,,µg/bee,>,75.0,,,explicit source fields,786,PPDB,121552-61-2,Cyprodinil (Ref: CGA 219417),Contact,,1,True,True,False,not established,no shared trial ID supplied; chemical/route alone insufficient,True,0,0,0,0,-1,1
OpenFoodTox,output/external_data_audit/oft_acute_endpoints_aligned.csv,ede2c6499e711854371249c4f69374fe978c0b729dbfadc6e91727048ae83ffc,137,1f909946b18bf91b2a911024dfd206e52e90101fdf335d6ac0eebb71968f2b47,Spiromesifen,283594-90-1,GOLXNESZZPUPJE-UHFFFAOYSA-N,Contact,d02cf013-30fb-4f70-b22a-f6d01f3f84c8,f2077a6e-ba51-4fde-a706-ebc44409ed0f,fd53a465-497a-4c23-9b7b-9d8053bb1e4e,3741,,OFT document UUID; underlying trial ID not established,Conclusion on the peer review of the pesticide risk assessment of the active substance spiromesifen,"EFSA Journal 2012,10(10):2879, doi:10.2903/j.efsa.2012.2879",,not reported in aligned source fields,48.0,,,,µg/piece,>,200.0,,,explicit source fields,592,ECOTOX,283594-90-1,"3,3-Dimethylbutanoic acid 2-oxo-3-(2,4,6-trimethylphenyl)-1-oaxspiro[4.4]non-3-en-4-yl ester",Contact,2473|2476,0,True,True,True,not established,no shared trial ID supplied; chemical/route alone insufficient,True,0,0,0,0,0,0
OpenFoodTox,output/external_data_audit/oft_acute_endpoints_aligned.csv,ede2c6499e711854371249c4f69374fe978c0b729dbfadc6e91727048ae83ffc,138,df1c0440187cb6d623d4edf8974611d30da812c35df5c6a339327420de2a8ba6,Tembotrione,335104-84-2,IUQAXCIUEPFPSF-UHFFFAOYSA-N,Oral,d2b1e5c7-8216-48b7-aed4-8f84ecc4d6b6,53bcba3c-5be1-433f-bb39-9e7eaa946c9c,785b6f2d-433d-4d10-9c99-d2f1a98dd6a1,3742,,OFT document UUID; underlying trial ID not established,Conclusion on the peer review of the pesticide risk assessment of the active substance tembotrione,doi:10.2903/j.efsa.2013.3131,,not reported in aligned source fields,,,,,µg/piece,>,92.8,,,explicit source fields,489,PPDB,335104-84-2,Tembotrione (Ref: AE 0172747),Oral,,1,True,True,False,not established,no shared trial ID supplied; chemical/route alone insufficient,True,0,0,0,0,-1,1
OpenFoodTox,output/external_data_audit/oft_acute_endpoints_aligned.csv,ede2c6499e711854371249c4f69374fe978c0b729dbfadc6e91727048ae83ffc,140,97e454e94db389763a4da4a891af61ba625339e543e12de86dc1369c466ea57c,Flutolanil,66332-96-5,PTCGDEVVHUXTMP-UHFFFAOYSA-N,Contact,aa395592-025c-4188-9c54-1817a1f782ba,ec083c64-e690-4019-aec8-d46c681e551f,4dd5f924-8295-44d0-8128-2b422a099fe1|71f0042d-ca65-40eb-b7c5-f40ca4a36de9,3744|3745,,OFT document UUID; underlying trial ID not established,Conclusion regarding the peer review of the pesticide risk assessment of the active substance flutolanil | Peer review of the pesticide risk assessment of the active substance flutolanil,"EFSA Journal 2023,21(6):7997, doi:10.2903/j.efsa.2023.7997|doi:10.2903/j.efsa.2008.126r",,not reported in aligned source fields,48.0,,,,µg/piece,>,200.0,,,explicit source fields,666,PPDB,66332-96-5,Flutolanil (Ref: NNF 136),Contact,,0,True,True,True,not established,no shared trial ID supplied; chemical/route alone insufficient,True,0,0,0,0,0,0
OpenFoodTox,output/external_data_audit/oft_acute_endpoints_aligned.csv,ede2c6499e711854371249c4f69374fe978c0b729dbfadc6e91727048ae83ffc,141,4e85f07fa82164f19ba3f8bfc86a2beab223a5ba959c7c72b4f9155f07c03421,Mesosulfuron-methyl,208465-21-8,NIFKBBMCXCMCAO-UHFFFAOYSA-N,Contact,9c5403ad-efc7-4b3e-9030-409a00ffaa5b,474c3607-e912-4c35-a4f8-9445ae6a989e,538469c1-e659-4908-b004-1ca9ad2ceda5,3746,,OFT document UUID; underlying trial ID not established,Peer review of the pesticide risk assessment of the active substance mesosulfuron (variant evaluated mesosulfuron-methyl),doi:10.2903/j.efsa.2016.4584,,not reported in aligned source fields,,,,,µg/piece,>,100.0,,,explicit source fields,802,PPDB,208465-21-8,Mesosulfuron-methyl (Ref: AE F130060),Contact,,1,True,True,False,not established,no shared trial ID supplied; chemical/route alone insufficient,True,0,0,0,0,0,1
OpenFoodTox,output/external_data_audit/oft_acute_endpoints_aligned.csv,ede2c6499e711854371249c4f69374fe978c0b729dbfadc6e91727048ae83ffc,142,2842cfd57dff8c4ac49a3aa64ed347a5821cb9a3600a0ad21ade608b65715e1c,Metaflumizone (sum of E- and Z- isomers),,MIFOMMKAVSCNKQ-UHFFFAOYSA-N,Oral,40373308-9c02-4c57-91ef-9300ddedb422,d996ef3d-3967-45fc-9248-e78f27c9ec8e,b8c8758f-0524-4e3a-ba65-e4217749213b,3747,,OFT document UUID; underlying trial ID not established,Conclusion on the peer review of the pesticide risk assessment of the active substance metaflumizone.,doi:10.2903/j.efsa.2013.3373,,not reported in aligned source fields,96.0,,,,µg/piece,,2.43,,,explicit source fields,927,ECOTOX,139968-49-3,2-[2-(4-Cyanophenyl)-1-[3-(trifluoromethyl)phenyl]ethylidene]-N-[4-(trifluoromethoxy)phenyl]hydrazinecarboxamide,Oral,2079,2,True,True,False,not established,no shared trial ID supplied; chemical/route alone insufficient,True,0,0,1,1,1,1
OpenFoodTox,output/external_data_audit/oft_acute_endpoints_aligned.csv,ede2c6499e711854371249c4f69374fe978c0b729dbfadc6e91727048ae83ffc,150,6d52d55527479ae8fde2d076c8779cff90e8a435fe403365f67b46aa41f497aa,Bitertanol (sum of isomers),55179-31-2,VGPIBGGRCVEHQZ-UHFFFAOYSA-N,Oral,8193f483-89c2-4baf-b075-c1d2568e47f9,065bb5ec-eb04-45c8-a8ab-c7a0e2bd2f3b,510f89d3-3710-433e-9e1b-4e9c75cec0a1,3756,,OFT document UUID; underlying trial ID not established,Conclusion on the peer review of the pesticide risk assessment of the active substance bitertanol,doi:10.2903/j.efsa.2010.1850,,not reported in aligned source fields,48.0,,,,µg/piece,>,104.4,,,explicit source fields,537,PPDB,55179-31-2,Bitertanol (Ref: KWG 0599),Oral,,0,True,True,True,not established,no shared trial ID supplied; chemical/route alone insufficient,True,0,0,0,0,0,0
OpenFoodTox,output/external_data_audit/oft_acute_endpoints_aligned.csv,ede2c6499e711854371249c4f69374fe978c0b729dbfadc6e91727048ae83ffc,151,de7f389f05e4fc77bdbc62be355089cd5d8c9b6abdbb09dbdaa7ccb1b7c92042,Methiocarb,2032-65-7,YFBPRJGDJKVWAH-UHFFFAOYSA-N,Contact,8cdf4130-ebc0-4296-b097-168a80770d4e,83962961-0f4f-46f3-82ed-bbc9cdf4bbc1,dd243285-c13f-41c5-a3dc-a211d6371492,3757,,OFT document UUID; underlying trial ID not established,Conclusion regarding the peer review of the pesticide risk assessment of the active substance methiocarb,doi:10.2903/j.efsa.2006.79r,,not reported in aligned source fields,48.0,,,,µg/piece,,0.23,,,explicit source fields,130,ECOTOX,2032-65-7,"3,5-Dimethyl-4-(methylthio)phenol, Methylcarbamate",Contact,885,3,True,True,True,not established,no shared trial ID supplied; chemical/route alone insufficient,True,1,1,1,1,1,1
OpenFoodTox,output/external_data_audit/oft_acute_endpoints_aligned.csv,ede2c6499e711854371249c4f69374fe978c0b729dbfadc6e91727048ae83ffc,158,1cbbda4ae91590bbea86d271fd6f9dd886a7dac17efeddcb073078ce12d60f83,Flufenacet,142459-58-3,IANUJLZYFUDJIH-UHFFFAOYSA-N,Contact,37d04790-211a-4811-aab3-da6bd459276a,8346bee3-17f0-435d-a419-e93fc9466ce9,ea117d56-cdb1-4643-80e0-c6a853c5c1fb,3769,,OFT document UUID; underlying trial ID not established,Peer review of the pesticide risk assessment of the active substance flufenacet,"EFSA Journal. 2024;22:e8997, doi:10.2903/j.efsa.2024.8997",,not reported in aligned source fields,,,,,µg/bee,>,100.0,,,explicit source fields,730,ECOTOX,142459-58-3,"N-(4-Fluorophenyl)-N-(1-methylethyl)-2-[[5-(trifluoromethyl)-1,3,4-thiadiazol-2-yl]oxy]acetamide",Contact,2087|2088|2090|2091,0,True,True,False,not established,no shared trial ID supplied; chemical/route alone insufficient,True,0,0,0,0,0,0
OpenFoodTox,output/external_data_audit/oft_acute_endpoints_aligned.csv,ede2c6499e711854371249c4f69374fe978c0b729dbfadc6e91727048ae83ffc,161,c6e11fcc2902f3345024fe1cc3437d3091960f400f37e5ddf69ac6f18bdba9d1,Clopyralid,1702-17-6,HUBANNPOLNYSAD-UHFFFAOYSA-N,Oral,f2597ef8-47d7-46ba-86b9-32974512b092,d961f0ad-ad5d-4616-b622-0c7766ecb365,2f2bf606-cc6d-4c4f-b76b-0910a37c68e7,3774,,OFT document UUID; underlying trial ID not established,Conclusion regarding the peer review of the pesticide risk assessment of the active substance clopyralid,doi:10.2903/j.efsa.2006.50r,,not reported in aligned source fields,,,,,µg/piece,>,100.0,,,explicit source fields,515,ECOTOX,1702-17-6,"3,6-Dichloro-2-pyridinecarboxylic acid",Oral,853,1,True,True,False,not established,no shared trial ID supplied; chemical/route alone insufficient,True,0,0,0,0,0,1
OpenFoodTox,output/external_data_audit/oft_acute_endpoints_aligned.csv,ede2c6499e711854371249c4f69374fe978c0b729dbfadc6e91727048ae83ffc,162,7fb44f2b3e9e8b8267f2d2b0c1ad16be9d9a27e2b8681024760b86e5742d319a,Amidosulfuron,120923-37-7,CTTHWASMBLQOFR-UHFFFAOYSA-N,Contact,48303d33-8fac-4a7e-b6d2-388ab5132d7e,2603902c-fb31-4090-94be-dbc043ad2e57,01002c5d-2525-48bd-a4ff-ab9a650ab754|7fc23f66-c25a-473b-b0b4-6b784d0de953,3778|3779,,OFT document UUID; underlying trial ID not established,Conclusion regarding the peer review of the pesticide risk assessment of the active substance amidosulfuron | Peer review of the pesticide risk assessment of the active substance amidosulfuron,"EFSA Journal. 2024;22:e8984, doi:10.2903/j.efsa.2024.8984|doi:10.2903/j.efsa.2008.116r",,not reported in aligned source fields,48.0,,,,µg/piece,>,100.0,,,explicit source fields,759,PPDB,120923-37-7,Amidosulfuron,Contact,,1,True,True,True,not established,no shared trial ID supplied; chemical/route alone insufficient,True,0,0,0,0,0,1
OpenFoodTox,output/external_data_audit/oft_acute_endpoints_aligned.csv,ede2c6499e711854371249c4f69374fe978c0b729dbfadc6e91727048ae83ffc,166,331029fa44e34ee2287ec59890bdb1174300b4320a9cb8b0d90c073d79ac5346,Florpyrauxifen-benzyl,1390661-72-9,WNZCDFOXYNRBRB-UHFFFAOYSA-N,Contact,ef6ed69b-73a1-4d47-a0c6-516baadb4295,23e783d2-33a9-4278-bed9-c02957099cbb,5838d590-d711-4363-80b8-c131979f2d81,3784,,OFT document UUID; underlying trial ID not established,Peer review of the pesticide risk assessment of the active substance florpyrauxifen (variant assessed florpyrauxifen-benzyl),"EFSA Journal 2018,16(7):5378, doi:10.2903/j.efsa.2018.5378",,not reported in aligned source fields,48.0,,,,µg/piece,>,100.0,,,explicit source fields,1030,ECOTOX,1390661-72-9,Benzyl 4-amino-3-chloro-6-(4-chloro-2-fluoro-3-methoxyphenyl)-5-fluoropyridine-2-carboxylate,Contact,2661,1,True,True,True,not established,no shared trial ID supplied; chemical/route alone insufficient,True,0,0,0,0,0,1
OpenFoodTox,output/external_data_audit/oft_acute_endpoints_aligned.csv,ede2c6499e711854371249c4f69374fe978c0b729dbfadc6e91727048ae83ffc,175,928feabac02d979885aa44b3208f0ecb4652f6665e3f3486af2181924d7e011b,Cyazofamid,120116-88-3,YXKMMRDKEKCERS-UHFFFAOYSA-N,Oral,6fe21626-677d-47f7-9f95-60e4e8fa2019,2eb3430c-c25d-4e4a-9cf0-c28d66b13d94,3714ce9a-6bf2-4d1c-8823-616fb1a72587,3796,,OFT document UUID; underlying trial ID not established,Peer review of the pesticide risk assessment of the active substance cyazofamid,doi:10.2903/j.efsa.2016.4503,,not reported in aligned source fields,,Cyazofamid formulation: IKF-916 160SC-N,,,µg/piece,>,31.8,,,explicit source fields,817,ECOTOX,120116-88-3,"4-Chloro-2-cyano-N,N-dimethyl-5-(4-methylphenyl)-1H-imidazole-1-sulfonamide",Oral,1877|1879|1880,1,True,True,False,not established,no shared trial ID supplied; chemical/route alone insufficient,True,0,0,0,0,-1,1
OpenFoodTox,output/external_data_audit/oft_acute_endpoints_aligned.csv,ede2c6499e711854371249c4f69374fe978c0b729dbfadc6e91727048ae83ffc,177,99b321d24c5f166d7902cd4b333995cff38b2fb7c6cf5a1f249c267595b5c06c,Dimethenamid,87674-68-8,JLYFCTQDENRSOL-UHFFFAOYSA-N,Oral,01171ac6-9019-4960-b15a-5636ace9b8e5,76f78403-69f7-41e3-b465-7eeb5b292cf1,c9e4f9c5-d5ee-4133-995c-191036317b20,3798,,OFT document UUID; underlying trial ID not established,Conclusion regarding the peer review of the pesticide risk assessment of the active substance dimethenamid,doi:10.2903/j.efsa.2006.53r,,not reported in aligned source fields,,,,,µg/piece,,1000.0,,,explicit source fields,840,PPDB,163515-14-8,Dimethenamid-P,Oral,,0,True,True,False,not established,no shared trial ID supplied; chemical/route alone insufficient,True,0,0,0,0,0,0
OpenFoodTox,output/external_data_audit/oft_acute_endpoints_aligned.csv,ede2c6499e711854371249c4f69374fe978c0b729dbfadc6e91727048ae83ffc,181,5306a92b300757990c277544b513e15d51cdeb12cc00b00128c3977adeddb50d,Pinoxaden,243973-20-8,MGOHCFMYLBAPRN-UHFFFAOYSA-N,Contact,b6a7759b-89b4-4c06-b3d3-60723a327826,bc15ea13-94a0-452b-9b44-88a9d0ed7a18,d30da451-d914-4589-855e-a2e3d2db4827,3806,,OFT document UUID; underlying trial ID not established,Conclusion on the peer review of the pesticide risk assessment of the active substance pinoxaden.,doi:10.2903/j.efsa.2013.3269,,not reported in aligned source fields,48.0,,,,µg/piece,>,100.0,,,explicit source fields,813,ECOTOX,243973-20-8,"2,2-Dimethylpropanoic acid  8-(2,6-diethyl-4-methylphenyl)-1,2,4,5- tetrahydro-7-oxo-7H-pyrazolo[1,2-d][1,4,5]oxadiazepin-9-yl ester",Contact,2450|2452|2453,1,True,True,True,not established,no shared trial ID supplied; chemical/route alone insufficient,True,0,0,0,0,0,1
OpenFoodTox,output/external_data_audit/oft_acute_endpoints_aligned.csv,ede2c6499e711854371249c4f69374fe978c0b729dbfadc6e91727048ae83ffc,187,dde38cbc87a5c71921e73b174e8bec36e91761047bb64e589e784461cb0ec746,Halauxifen-methyl,943831-98-9,KDHKOPYYWOHESS-UHFFFAOYSA-N,Contact,f5b811ed-6c50-48c1-8218-1eb4f7e2613a,ce4f6d7d-d5ef-4a48-a2a1-1a09c1800865,149f15df-257b-494d-887c-5f332a9453da,3820,,OFT document UUID; underlying trial ID not established,Conclusion on the peer review of the pesticide risk assessment of the active substance halauxifen-methyl (XDE-729 methyl),"EFSA Journal 2014,12(12):3913, doi:10.2903/j.efsa.2014.3913",,not reported in aligned source fields,,,,,µg/piece,>,98.1,,,explicit source fields,1002,ECOTOX,943831-98-9,4-Amino-3-chloro-6-(4-chloro-2-fluoro-3-methoxyphenyl)-2-pyridinecarboxylic acid methyl ester,Contact,2585,1,True,True,False,not established,no shared trial ID supplied; chemical/route alone insufficient,True,0,0,0,0,-1,1
OpenFoodTox,output/external_data_audit/oft_acute_endpoints_aligned.csv,ede2c6499e711854371249c4f69374fe978c0b729dbfadc6e91727048ae83ffc,197,9ac871f9a88eb0e955b4688857f2da7e22d7080b5317f723c6cae90c1283ffd0,Glyphosate,1071-83-6,XDDAORKBJWWYJS-UHFFFAOYSA-N,Contact,be7b32bd-cf9a-4f53-87b2-251778ea9202,ac07f51a-4817-441b-b5ca-b519e3b7b8c4,6c48ef8e-0596-4fc8-8c79-d7ff04158b43,3835,,OFT document UUID; underlying trial ID not established,Conclusion on the peer review of the pesticide risk assessment of the active substance glyphosate,doi:10.2903/j.efsa.2015.4302,,not reported in aligned source fields,,,,,µg/piece,>,100.0,,,explicit source fields,440,ECOTOX,1071-83-6,N-(Phosphonomethyl)glycine,Contact,739,1,True,True,False,not established,no shared trial ID supplied; chemical/route alone insufficient,True,0,0,0,0,0,1
OpenFoodTox,output/external_data_audit/oft_acute_endpoints_aligned.csv,ede2c6499e711854371249c4f69374fe978c0b729dbfadc6e91727048ae83ffc,203,008e604962601765b08286215ec6c187b0bcdb7e1d3f6c563bc396b72eb44e30,Flutriafol,76674-21-0,JWUCHKBSVLQQCO-UHFFFAOYSA-N,Oral,090ce0a6-f421-4a01-959f-e4a9c559ca3b,12e35de1-49f4-4c58-9014-c2ed99d8b69e,aa40722f-8b89-4611-bd70-38a34b4705f0,3846,,OFT document UUID; underlying trial ID not established,Conclusion on the peer review of the pesticide risk assessment of the active substance flutriafol,doi:10.2903/j.efsa.2010.1868,,not reported in aligned source fields,48.0,,,,µg/piece,>,2.0,,,explicit source fields,522,PPDB,76674-21-0,Flutriafol (Ref: PP 450),Oral,,2,True,True,True,not established,no shared trial ID supplied; chemical/route alone insufficient,True,0,0,-1,1,-1,1
OpenFoodTox,output/external_data_audit/oft_acute_endpoints_aligned.csv,ede2c6499e711854371249c4f69374fe978c0b729dbfadc6e91727048ae83ffc,204,ae6a7df1351cb56915edf825a8719df5bfc37569d4eef29799f629717cedf533,Diflufenican,83164-33-4,WYEHFWKAOXOVJD-UHFFFAOYSA-N,Contact,af825da3-5267-4797-b93f-38e922f60d28,5179a703-ce39-4f72-88c6-81086eee2b7a,a867499d-7c44-409e-8369-f724295a06c3,3847,,OFT document UUID; underlying trial ID not established,Conclusion regarding the peer review of the pesticide risk assessment of the active substance diflufenican,doi:10.2903/j.efsa.2008.122r,,not reported in aligned source fields,48.0,,,,µg/piece,>,100.0,,,explicit source fields,657,PPDB,83164-33-4,Diflufenican (Ref: AE 088657),Contact,,1,True,True,True,not established,no shared trial ID supplied; chemical/route alone insufficient,True,0,0,0,0,0,1
OpenFoodTox,output/external_data_audit/oft_acute_endpoints_aligned.csv,ede2c6499e711854371249c4f69374fe978c0b729dbfadc6e91727048ae83ffc,205,cf82dd03ceb05c144af9647cd15567c34e7788b107f7ccd95ec60b6ee4e612c5,Bupirimate,41483-43-6,DSKJPMWIHSOYEA-UHFFFAOYSA-N,Contact,f597e0de-6c7b-4bf4-8f27-c4bf3aaeb9df,d315cac4-780e-4910-8f61-ca3e0a4c1096,a6b17eec-9563-4624-83ac-0b3c18d89004,3848,,OFT document UUID; underlying trial ID not established,Conclusion on the peer review of the pesticide risk assessment of the active substance bupirimate,doi:10.2903/j.efsa.2010.1786,,not reported in aligned source fields,48.0,,,,µg/piece,>,50.0,,,explicit source fields,311,PPDB,41483-43-6,Bupirimate (Ref: PP 588),Contact,,1,True,True,True,not established,no shared trial ID supplied; chemical/route alone insufficient,True,0,0,0,0,-1,1
OpenFoodTox,output/external_data_audit/oft_acute_endpoints_aligned.csv,ede2c6499e711854371249c4f69374fe978c0b729dbfadc6e91727048ae83ffc,206,1ad6aae46db3185f5dfb73793834192a5aadd756519c64a94c6989b82e17816c,Prosulfocarb,52888-80-9,NQLVQOSNDJXLKG-UHFFFAOYSA-N,Contact,9d4d6e08-4449-48f1-9546-77b5c6d68404,da6393b7-c090-4ca8-b740-69496a715195,b486afa7-83c2-4653-a42a-aa3280026740,3849,,OFT document UUID; underlying trial ID not established,Conclusion regarding the peer review of the pesticide risk assessment of the active substance prosulfocarb,doi:10.2903/j.efsa.2007.111r,,not reported in aligned source fields,48.0,,,,µg/piece,>,80.0,,,explicit source fields,744,PPDB,52888-80-9,Prosulfocarb (Ref: SC 0574),Contact,,1,True,True,True,not established,no shared trial ID supplied; chemical/route alone insufficient,True,0,0,0,0,-1,1
OpenFoodTox,output/external_data_audit/oft_acute_endpoints_aligned.csv,ede2c6499e711854371249c4f69374fe978c0b729dbfadc6e91727048ae83ffc,214,d5036b3deb724059dc8267fca4454a0ce8fb2aff397c71e76061c00bde421451,Oxathiapiprolin,1003318-67-9,IAQLCKZJGNTRDO-UHFFFAOYSA-N,Contact,8c07450a-9db3-47bf-879b-a5bb2639db8b,d2b9bedb-fa14-4a71-9e8e-f8b0e373a0a2,200bf532-8ed2-4bb0-8a96-b49a0d10ebcb,3860,,OFT document UUID; underlying trial ID not established,Peer review of the pesticide risk assessment of the active substance oxathiapiprolin,doi:10.2903/j.efsa.2016.4504,,not reported in aligned source fields,,,,,µg/piece,>,100.0,,,explicit source fields,987,ECOTOX,1003318-67-9,"1-[4-[4-[5-(2,6-Difluorophenyl)-4,5-dihydro-3-isoxazolyl]-2-thiazolyl]-1-piperidinyl]-2-[5-methyl-3-(trifluoromethyl)-1H-pyrazol-1-yl]ethanone",Contact,2619|2620|2622,0,True,True,False,not established,no shared trial ID supplied; chemical/route alone insufficient,True,0,0,0,0,0,0
OpenFoodTox,output/external_data_audit/oft_acute_endpoints_aligned.csv,ede2c6499e711854371249c4f69374fe978c0b729dbfadc6e91727048ae83ffc,216,12bc27508f5169960456d6d41db76769a15065cae982ef6309040b61b865e649,Cadusafos,95465-99-9,KXRPCFINVWWFHQ-UHFFFAOYSA-N,Contact,4e024608-9550-48cb-88da-8f66138d98cf,1121f3e4-70e1-423b-afdb-6043895f7645,a93f3776-dc9f-4b8a-a697-4caf0fe4e0c5,3866,,OFT document UUID; underlying trial ID not established,Peer review of the pesticide risk assessment of the active substance cadusafos,doi:10.2903/j.efsa.2009.262r,,not reported in aligned source fields,,,,,µg/piece,,1.8,,,explicit source fields,754,PPDB,95465-99-9,Cadusafos (Ref: FMC 67825),Contact,,2,True,True,False,not established,no shared trial ID supplied; chemical/route alone insufficient,True,0,0,1,1,1,1
OpenFoodTox,output/external_data_audit/oft_acute_endpoints_aligned.csv,ede2c6499e711854371249c4f69374fe978c0b729dbfadc6e91727048ae83ffc,220,0e187305bfab1fb646b81f0e453be4dd5ba1ea053c2bac79371561bbf614beb4,Cyprodinil,121552-61-2,HAORKNGNJCEJBX-UHFFFAOYSA-N,Contact,c7c54f8c-7162-4941-bfa0-472d59d994c0,6382589f-0433-464c-9495-ddfd92191b9c,b7d3c12f-dc93-42fb-800e-53ed090f0bab,3870,,OFT document UUID; underlying trial ID not established,Conclusion regarding the peer review of the pesticide risk assessment of the active substance cyprodinil,doi:10.2903/j.efsa.2006.51r,,not reported in aligned source fields,48.0,,,,µg/piece,>,784.0,,,explicit source fields,786,PPDB,121552-61-2,Cyprodinil (Ref: CGA 219417),Contact,,1,True,True,True,not established,no shared trial ID supplied; chemical/route alone insufficient,True,0,0,0,0,0,1
OpenFoodTox,output/external_data_audit/oft_acute_endpoints_aligned.csv,ede2c6499e711854371249c4f69374fe978c0b729dbfadc6e91727048ae83ffc,221,de9b41a41c1865cd247af976de01b66e399125fd86736a138e1dd95126aa39b7,Linuron,330-55-2,XKJMBINCVNINCA-UHFFFAOYSA-N,Contact,fda4554f-ec77-4199-95ff-c00203b317dd,f3a30211-0c2f-46dc-89da-3e9fbac1d2f6,b954ab02-e9eb-416b-8ea9-b4324174011b,3872,,OFT document UUID; underlying trial ID not established,Peer review of the pesticide risk assessment of the active substance linuron,doi:10.2903/j.efsa.2016.4518,,not reported in aligned source fields,,,,,µg/piece,>,97.8,,,explicit source fields,40,ECOTOX,330-55-2,"N'-(3,4-Dichlorophenyl)-N-methoxy-N-methylurea",Contact,645,0,True,True,False,not established,no shared trial ID supplied; chemical/route alone insufficient,True,0,0,0,0,-1,0
OpenFoodTox,output/external_data_audit/oft_acute_endpoints_aligned.csv,ede2c6499e711854371249c4f69374fe978c0b729dbfadc6e91727048ae83ffc,226,4be9d4b5ec79dc880308b4ee620e8bce2a3836cf5defc5bebf4a9b5e0101c1f9,Metribuzin,21087-64-9,FOXFZRUHNHCZPX-UHFFFAOYSA-N,Oral,b55047de-8740-40ad-a5c1-84ea7170ebc2,93988962-2fc3-44ac-9c85-36198568ec21,e0483e08-e6c5-4040-a1db-108cf30ac9b3,3879,,OFT document UUID; underlying trial ID not established,Conclusion regarding the peer review of the pesticide risk assessment of the active substance metribuzin,doi:10.2903/j.efsa.2006.88r,,not reported in aligned source fields,48.0,,,,µg/piece,,166.0,,,explicit source fields,420,PPDB,21087-64-9,Metribuzin (Ref: DPX G2504),Oral,,1,True,True,True,not established,no shared trial ID supplied; chemical/route alone insufficient,True,0,0,0,0,0,1
OpenFoodTox,output/external_data_audit/oft_acute_endpoints_aligned.csv,ede2c6499e711854371249c4f69374fe978c0b729dbfadc6e91727048ae83ffc,231,6740da4fde1696d151889adc427177a45ef193097c37086d345f948805d19e20,Bifenazate,149877-41-8,VHLKTXFWDRXILV-UHFFFAOYSA-N,Contact,0872f3b6-87ec-4563-a14e-9fad6b281a8d,a1f61444-a6f2-49ae-aea9-303382a6fef3,1202bb4f-384d-4bf3-abf8-c1ab58e73d11,3885,,OFT document UUID; underlying trial ID not established,Updated peer review of the pesticide risk assessment of the active substance bifenazate,doi:10.2903/j.efsa.2021.6818,,not reported in aligned source fields,,,,,µg/piece,,8.5,,,explicit source fields,847,ECOTOX,149877-41-8,"2-(4-Methoxy[1,1'-biphenyl]-3-yl)hydrazinecarboxylic acid, 1-Methylethyl ester",Contact,2105,2,True,True,False,not established,no shared trial ID supplied; chemical/route alone insufficient,True,0,0,1,1,1,1
OpenFoodTox,output/external_data_audit/oft_acute_endpoints_aligned.csv,ede2c6499e711854371249c4f69374fe978c0b729dbfadc6e91727048ae83ffc,233,2341a85796699cde4d076d845da1a91efb1aa3d7496cfb2b096e842db7fe4072,Metsulfuron-methyl,74223-64-6,RSMUVYRMZCOLBH-UHFFFAOYSA-N,Oral,d637eca4-96c6-4f9c-8404-91c71f3b75a4,e022a7cd-5224-4e3d-8e7f-2d92112ce99e,e57f3dbd-a584-45c3-8fb6-84db9c2a69e9,3892,,OFT document UUID; underlying trial ID not established,Conclusion on the peer review of the pesticide risk assessment of the active substance metsulfuron-methyl,doi:10.2903/j.efsa.2015.3936,,not reported in aligned source fields,,,,,µg/piece,>,44.3,,,explicit source fields,165,PPDB,74223-64-6,Metsulfuron-methyl (Ref: DPX T6376),Oral,,1,True,True,False,not established,no shared trial ID supplied; chemical/route alone insufficient,True,0,0,0,0,-1,1
OpenFoodTox,output/external_data_audit/oft_acute_endpoints_aligned.csv,ede2c6499e711854371249c4f69374fe978c0b729dbfadc6e91727048ae83ffc,235,27b6132727e39847c13fb2512ed52b757e9d4aa1b1159f3807309f56d9f9b268,Triclopyr,55335-06-3,REEQLXCGVXDJSQ-UHFFFAOYSA-N,Oral,d17f04ae-77e9-40cb-be24-b931db4db812,f96bd11e-167f-4d4d-99f9-cc37f8d1c2a9,20a23bb7-d6dc-4700-9c8b-d1b1f41b4983|9f4445d9-404e-412a-a662-c984ef94fe77,3895|3896,,OFT document UUID; underlying trial ID not established,Conclusion regarding the peer review of the pesticide risk assessment of the active substance triclopyr | Peer review of the pesticide risk assessment of the active substance triclopyr (variant triclopyr-butotyl),"EFSA Journal. 2024,22:e8177, doi:10.2903/j.efsa.2024.8177|doi:10.2903/j.efsa.2006.56r",,not reported in aligned source fields,,,,,µg/piece,>,100.0,,,explicit source fields,269,ECOTOX,55335-06-3,"2-[(3,5,6-Trichloro-2-pyridinyl)oxy]acetic acid",Oral,1543|1545,1,True,True,False,not established,no shared trial ID supplied; chemical/route alone insufficient,True,0,0,0,0,0,1
OpenFoodTox,output/external_data_audit/oft_acute_endpoints_aligned.csv,ede2c6499e711854371249c4f69374fe978c0b729dbfadc6e91727048ae83ffc,238,2edbbe7e8b230be965051c5922545a6f42ccac689e5a10a9ee3c28deb4e86277,Tebuconazole,107534-96-3,PXMNMQRDXWABCY-UHFFFAOYSA-N,Oral,aeaba63f-605e-436c-9c2d-0ccfb289ac61,e92b03c2-eb45-4162-95d5-04eb13052f61,4879bb00-3a8d-4824-bdb3-2a619f90def9,3900,,OFT document UUID; underlying trial ID not established,Conclusion on the peer review of the pesticide risk assessment of the active substance tebuconazole.,"EFSA Journal 2014,12(1):3485, doi:10.2903/j.efsa.2014.3485",,not reported in aligned source fields,48.0,,,,µg/piece,>,83.05,,,explicit source fields,647,PPDB,107534-96-3,Tebuconazole (Ref: HWG 1608),Oral,,1,True,True,True,not established,no shared trial ID supplied; chemical/route alone insufficient,True,0,0,0,0,-1,1
OpenFoodTox,output/external_data_audit/oft_acute_endpoints_aligned.csv,ede2c6499e711854371249c4f69374fe978c0b729dbfadc6e91727048ae83ffc,240,0d2dacfbcc60461a65926b0f6055774156443bdf0a89b25b99c12965b0f98d2a,Triazoxide,72459-58-6,IQGKIPDJXCAMSM-UHFFFAOYSA-N,Contact,6661a347-8bb5-4bd9-ad92-9a62067e6bba,01bf3325-17a0-43e1-a7e4-d51ba310d9be,6964100e-eda8-4f1d-8589-358a37520d37,3904,,OFT document UUID; underlying trial ID not established,Conclusion regarding the peer review of the pesticide risk assessment of the active substance triazoxide,doi:10.2903/j.efsa.2009.193r,,not reported in aligned source fields,48.0,,,,µg/piece,>,200.0,,,explicit source fields,604,PPDB,72459-58-6,Triazoxide (Ref: SAS 9244),Contact,,0,True,True,True,not established,no shared trial ID supplied; chemical/route alone insufficient,True,0,0,0,0,0,0
OpenFoodTox,output/external_data_audit/oft_acute_endpoints_aligned.csv,ede2c6499e711854371249c4f69374fe978c0b729dbfadc6e91727048ae83ffc,243,f1542b1c57d83a29d187f8833a53c76ab7d926b72e30aa36ae5b5f0bb7e97734,Trifloxystrobin,141517-21-7,ONCZDRURRATYFI-UHFFFAOYSA-N,Contact,3873f28d-4027-4027-af01-6c313eb64b43,96926153-21c0-42b8-9585-ab8fa418600a,c7386d72-bae3-4f1a-9a32-fe2bcc81977f,3907,,OFT document UUID; underlying trial ID not established,Peer review of the pesticide risk assessment of the active substance trifloxystrobin,doi:10.2903/j.efsa.2017.4989,,not reported in aligned source fields,48.0,,,,µg/piece,>,100.0,,,explicit source fields,726,ECOTOX,141517-21-7,(alphaE)-alpha-(Methoxyimino)-2-[[[(E)-[1-[3-(trifluoromethyl)phenyl]ethylidene]amino]oxy]methyl]benzeneacteic acid methyl ester,Contact,2083,0,True,True,True,not established,no shared trial ID supplied; chemical/route alone insufficient,True,0,0,0,0,0,0
OpenFoodTox,output/external_data_audit/oft_acute_endpoints_aligned.csv,ede2c6499e711854371249c4f69374fe978c0b729dbfadc6e91727048ae83ffc,247,800f46eefb5dbc0078d20747b4f44f771d1e43f670a66dadd032f5f75044cc28,Clomazone,81777-89-1,KIEDNEWSYUYDSN-UHFFFAOYSA-N,Oral,05469629-88ee-4746-a0e2-4184ed0dc18e,340c85f8-9c13-4af2-a945-0c84faf8ae3b,3cc8bf75-8a53-4b0e-8386-4dbbc1d17cc6,3911,,OFT document UUID; underlying trial ID not established,Peer review of the pesticide risk assessment of the active substance clomazone,EFSA Journal. 2025;23:e9206; doi:10.2903/j.efsa.2025.9206,,not reported in aligned source fields,48.0,,,,µg/bee,>,91.0,,,explicit source fields,650,ECOTOX,81777-89-1,"2-[(2-Chlorophenyl)methyl]-4,4-dimethyl-3-isoxazolidinone",Oral,1704,1,True,True,True,not established,no shared trial ID supplied; chemical/route alone insufficient,True,0,0,0,0,-1,1
OpenFoodTox,output/external_data_audit/oft_acute_endpoints_aligned.csv,ede2c6499e711854371249c4f69374fe978c0b729dbfadc6e91727048ae83ffc,248,da8c80a2c159b4215cfca7617089e89ed1173907031b1f82b15c4ccfa5676b16,Pyraflufen-ethyl,129630-19-9,APTZNLHMIGJTEW-UHFFFAOYSA-N,Contact,18143903-1293-486c-98f5-e3d88410b83e,545854e0-3dd3-4e0d-b43f-3e254136372a,ad72a43a-2e72-4499-9510-d2c6faa2e24e,3912,,OFT document UUID; underlying trial ID not established,Conclusion on the peer review of the pesticide risk assessment of the active substance pyraflufen-ethyl,doi:10.2903/j.efsa.2015.4001,,not reported in aligned source fields,48.0,,,,µg/piece,>,100.0,,,explicit source fields,805,ECOTOX,129630-19-9,2-[2-Chloro-5-[4-chloro-5-(difluoromethoxy)-1-methyl-1H-pyrazol-3-yl]-4-fluorophenoxy]acetic acid ethyl ester,Contact,1932,1,True,True,True,not established,no shared trial ID supplied; chemical/route alone insufficient,True,0,0,0,0,0,1
OpenFoodTox,output/external_data_audit/oft_acute_endpoints_aligned.csv,ede2c6499e711854371249c4f69374fe978c0b729dbfadc6e91727048ae83ffc,250,bf5d18c1917091fdf54a58d64033008afaf3c860d8294f255763b670a82c87a2,Azimsulfuron,120162-55-2,MAHPNPYYQAIOJN-UHFFFAOYSA-N,Contact,c2658163-3f1e-465b-93b1-ba2f8f3fcf67,72119dd1-b04e-481f-bda0-3b6359118a71,07cc7ff0-09f5-449e-a5a8-cd481219e31b,3921,,OFT document UUID; underlying trial ID not established,Conclusion on the peer review of the pesticide risk assessment of the active substance azimsulfuron,doi:10.2903/j.efsa.2010.1554,,not reported in aligned source fields,48.0,,,,µg/piece,>,25.0,,,explicit source fields,866,PPDB,120162-55-2,Azimsulfuron,Contact,,1,True,True,True,not established,no shared trial ID supplied; chemical/route alone insufficient,True,0,0,0,0,-1,1
OpenFoodTox,output/external_data_audit/oft_acute_endpoints_aligned.csv,ede2c6499e711854371249c4f69374fe978c0b729dbfadc6e91727048ae83ffc,251,691c3164b7607033150125ec76651aff08be29d57c95316f70033bf99fc566bb,Fluopyram,658066-35-4,KVDJTXBXMWJJEF-UHFFFAOYSA-N,Contact,608a4618-90c2-444a-b810-d87c881b8b37,e94a310a-b89b-42a4-a67a-44708b383810,71243273-0507-40a0-bd86-dc7612348306,3922,,OFT document UUID; underlying trial ID not established,Conclusion on the peer review of the pesticide risk assessment of the active substance fluopyram,doi:10.2903/j.efsa.2013.3052,,not reported in aligned source fields,48.0,,,,µg/piece,>,100.0,,,explicit source fields,508,ECOTOX,658066-35-4,N-[2-[3-Chloro-5-(trifluoromethyl)-2-pyridinyl]ethyl]-2-(trifluoromethyl)benzamide,Contact,2536|2538,1,True,True,True,not established,no shared trial ID supplied; chemical/route alone insufficient,True,0,0,0,0,0,1
OpenFoodTox,output/external_data_audit/oft_acute_endpoints_aligned.csv,ede2c6499e711854371249c4f69374fe978c0b729dbfadc6e91727048ae83ffc,252,be8d020b38a5dcd20876eb35bbe11fcc13c8328cd4e29f234c519e1ae153cb6b,Calcium carbonate,471-34-1,VTYYLEPIZMXCLO-UHFFFAOYSA-L,Oral,0bfab7b0-27e7-49d9-9969-5bece79a8364,ea33831f-4d10-4418-8936-f2133eb4ebe1,2aa5019b-1460-4c1e-90e6-634ce097e750,3923,,OFT document UUID; underlying trial ID not established,Peer review of the pesticide risk assessment of the active substance calcium carbonate,doi:10.2903/j.efsa.2021.6500,,not reported in aligned source fields,,FLU17516,,,µg/piece,,337.0,,,explicit source fields,7,PPDB,471-34-1,Calcium carbonate,Oral,,0,True,True,False,not established,no shared trial ID supplied; chemical/route alone insufficient,True,0,0,0,0,0,0
OpenFoodTox,output/external_data_audit/oft_acute_endpoints_aligned.csv,ede2c6499e711854371249c4f69374fe978c0b729dbfadc6e91727048ae83ffc,253,d43d59dc05f7a59115be2be797757e48573ff00d99117c8c883dc4f4207db94a,Sodium p-nitrophenolate,824-78-2,CURNJKLCYZZBNJ-UHFFFAOYSA-M,Oral,81fd21d1-7b32-49b1-99c3-2bcd51d8ff10,d5b584db-f3cb-46a7-ac61-85fd6903c34d,550b701c-9ee8-435d-99b3-202b35988fa6,3926,,OFT document UUID; underlying trial ID not established,"Conclusion regarding the peer review of the pesticide risk assessment of the active substances sodium 5-nitroguaiacolate, sodium o-nitrophenolate and sodium p-nitrophenolate.",doi:10.2903/j.efsa.2009.191r,,not reported in aligned source fields,,,,,µg/piece,>,61.2,,,explicit source fields,127,PPDB,824-78-2,Sodium p-nitrophenolate,Oral,,1,True,True,False,not established,no shared trial ID supplied; chemical/route alone insufficient,True,0,0,0,0,-1,1
OpenFoodTox,output/external_data_audit/oft_acute_endpoints_aligned.csv,ede2c6499e711854371249c4f69374fe978c0b729dbfadc6e91727048ae83ffc,259,61efc17e8b657e6a2baacf94e410878ddbcf2decbfd034413016c26021bde02b,Buprofezin,69327-76-0,PRLVTUNWOQKEAI-UHFFFAOYSA-N,Oral,a4c5d781-011b-4c78-a0d2-346542b27f29,cb22bcf6-7dd2-4fee-ac79-b6c630e3a4d2,278299cb-020e-4648-988d-dc0a775dcc80,3934,,OFT document UUID; underlying trial ID not established,Conclusion on the peer review of the pesticide risk assessment of the active substance buprofezin,doi:10.2903/j.efsa.2010.1624,,not reported in aligned source fields,48.0,,,,µg/piece,>,163.5,,,explicit source fields,204,ECOTOX,69327-76-0,"2-[(1,1-Dimethylethyl)imino]tetrahydro-3-(1-methylethyl)-5-phenyl-4H-1,3,5-thiadiazin-4-one",Oral,1619,1,True,True,True,not established,no shared trial ID supplied; chemical/route alone insufficient,True,0,0,0,0,0,1
OpenFoodTox,output/external_data_audit/oft_acute_endpoints_aligned.csv,ede2c6499e711854371249c4f69374fe978c0b729dbfadc6e91727048ae83ffc,263,3989798c8e2f497b110f8025e4394f19645e6b905dd69a40b3ac316c15afc74b,Captan,133-06-2,LDVVMCZRFWMZSG-UHFFFAOYSA-N,Oral,e5a5317e-f925-45cc-8e24-cc2b0f0435fc,008c7f98-5b84-4b05-ad3b-98b41b043fc3,229b14b5-e1d1-43a1-b864-5ac17db099b5,3939,,OFT document UUID; underlying trial ID not established,Peer review of the pesticide risk assessment of the active substance captan,doi:10.2903/j.efsa.2020.6230,,not reported in aligned source fields,48.0,,,,µg/piece,>,100.0,,,explicit source fields,149,PPDB,133-06-2,Captan (Ref: SR 406),Oral,,1,True,True,True,not established,no shared trial ID supplied; chemical/route alone insufficient,True,0,0,0,0,0,1
OpenFoodTox,output/external_data_audit/oft_acute_endpoints_aligned.csv,ede2c6499e711854371249c4f69374fe978c0b729dbfadc6e91727048ae83ffc,264,47d078adf9cc797f296fb0ad1a3c81200827c9b94064d729e7ae4a958f11142a,Ethephon,16672-87-0,UDPGUMQDCGORJQ-UHFFFAOYSA-N,Contact,dcc06c2b-b1c0-41cd-ac9c-c69467ea47bd,888d0da7-8872-434b-b32e-7907104f9e74,dbe7b197-9a8b-4353-8be1-ec6a707c0e16,3940,,OFT document UUID; underlying trial ID not established,Peer review of the pesticide risk assessment of the active substance ethephon,"EFSA Journal 2023,21(1):7742, doi:10.2903/j.efsa.2023.7742",,not reported in aligned source fields,,,,,µg/bee,>,100.0,,,explicit source fields,23,ECOTOX,16672-87-0,(2-Chloroethyl)phosphonic acid,Contact,1218|1219,1,True,True,False,not established,no shared trial ID supplied; chemical/route alone insufficient,True,0,0,0,0,0,1
OpenFoodTox,output/external_data_audit/oft_acute_endpoints_aligned.csv,ede2c6499e711854371249c4f69374fe978c0b729dbfadc6e91727048ae83ffc,268,b78bda32fd68f8eb51b5a033d860eefb1b38e2fb6475fd346301babb45687439,Methoxyfenozide,161050-58-4,QCAWEPFNJXQPAN-UHFFFAOYSA-N,Contact,027937f7-4d83-4793-83ba-0da53d070a75,21f4a596-ea3d-4dc8-82c4-81c4e80e8d42,ec4e56ac-9366-47d0-b333-9bfda0f1ad3b,3947,,OFT document UUID; underlying trial ID not established,Peer review of the pesticide risk assessment of the active substance methoxyfenozide,doi:10.2903/j.efsa.2017.4978,,not reported in aligned source fields,48.0,,,,µg/piece,>,100.0,,,explicit source fields,675,PPDB,161050-58-4,Methoxyfenozide (Ref: RH 2485),Contact,,1,True,True,True,not established,no shared trial ID supplied; chemical/route alone insufficient,True,0,0,0,0,0,1
OpenFoodTox,output/external_data_audit/oft_acute_endpoints_aligned.csv,ede2c6499e711854371249c4f69374fe978c0b729dbfadc6e91727048ae83ffc,270,3d99fbe9f2567a8b676b0906e5742770e31ec744bdc399ce3a08db87d32b36d1,Clothianidin,210880-92-5,PGOOBECODWQEAB-UHFFFAOYSA-N,Oral,403f5a45-f11f-416a-a505-758e2f3240bb,ea2c1669-666f-457f-9d4a-e98b582b624f,25b1b096-291b-4b36-8279-741b19c90642,3949,,OFT document UUID; underlying trial ID not established,Conclusion on the peer review of the pesticide risk assessment for bees for the active substance clothianidin,doi:10.2903/j.efsa.2013.3066,,not reported in aligned source fields,,,,,µg/piece,,0.00379,,,explicit source fields,845,PPDB,210880-92-5,Clothianidin (Ref: CGA 322704),Oral,,3,True,True,False,not established,no shared trial ID supplied; chemical/route alone insufficient,True,1,1,1,1,1,1
OpenFoodTox,output/external_data_audit/oft_acute_endpoints_aligned.csv,ede2c6499e711854371249c4f69374fe978c0b729dbfadc6e91727048ae83ffc,272,fcff7c57cccd3fa674c9221a77778943bd53441784785830d745b3b21dc17323,Isoflucypram,1255734-28-1,JEFUQUGZXLEHLD-UHFFFAOYSA-N,Contact,d596b920-5e48-4605-bcb7-21750f1a3817,a5eb092d-8eae-4b7f-b7fc-966953d5b193,025d935c-ff4e-49e7-bb02-8721e28f51fb,3951,,OFT document UUID; underlying trial ID not established,Peer review of the pesticide risk assessment of the active substance isoflucypram,doi:10.2903/j.efsa.2022.7328,,not reported in aligned source fields,,,,,µg/piece,>,100.0,,,explicit source fields,1024,PPDB,1255734-28-1,Isoflucypram (Ref: BCS-CN88460),Contact,,1,True,True,False,not established,no shared trial ID supplied; chemical/route alone insufficient,True,0,0,0,0,0,1
OpenFoodTox,output/external_data_audit/oft_acute_endpoints_aligned.csv,ede2c6499e711854371249c4f69374fe978c0b729dbfadc6e91727048ae83ffc,274,6c38d7b148f64cce719c8eb068b5dc51a7b4eee07d7f7b2fa642a066f625552f,Rimsulfuron,122931-48-0,MEFOUWRMVYJCQC-UHFFFAOYSA-N,Oral,b8e6d7b0-89f4-4810-aba1-e73e8fa09f6b,d4021dfa-30b3-4866-aaf3-b718c6c95d66,33a038ad-4474-4b59-b50b-29531ade6ff6|b1b28112-6504-443c-a329-abc8a99c8a37,3957|3958,,OFT document UUID; underlying trial ID not established,Conclusion regarding the peer reviewof the pesticide risk assessment of the active substance rimsulfuron | Peer review of the pesticide risk assessment of the active substance rimsulfuron,"EFSA Journal 2022;20(9):7447, doi:10.2903/j.efsa.2022.7447|doi:10.2903/j.efsa.2005.45r",,not reported in aligned source fields,48.0,,,,µg/bee,>,100.0,,,explicit source fields,755,ECOTOX,122931-48-0,"N-[[(4,6-Dimethoxy-2-pyrimidinyl)amino]carbonyl]-3-(ethylsulfonyl)-2-pyridine sulfonamide",Oral,1900,1,True,True,True,not established,no shared trial ID supplied; chemical/route alone insufficient,True,0,0,0,0,0,1
OpenFoodTox,output/external_data_audit/oft_acute_endpoints_aligned.csv,ede2c6499e711854371249c4f69374fe978c0b729dbfadc6e91727048ae83ffc,277,6ad02caef0282599c5c95ba2d344ed34745c14bf44578b62bd2695f4b4360cde,Ipconazole,125225-28-7,QTYCMDBMOLSEAM-UHFFFAOYSA-N,Oral,b5e7e59c-ec89-4d81-b68a-4f1a850d25a2,ace52c4d-84cb-4bf0-af80-fe4ef3eb0b31,0d2879e5-b241-46f2-98e5-2e8c8d469842,3966,,OFT document UUID; underlying trial ID not established,Conclusion on the peer review of the pesticide risk assessment of the active substance ipconazole.,doi:10.2903/j.efsa.2013.3181,,not reported in aligned source fields,48.0,,,,µg/piece,>,100.0,,,explicit source fields,828,ECOTOX,125225-28-7,"2-[(4-Chlorophenyl)methyl]-5-(1-methylethyl)-1-(1H-1,2,4-triazol-1-ylmethyl)cyclopentanol",Oral,1914|1915,1,True,True,True,not established,no shared trial ID supplied; chemical/route alone insufficient,True,0,0,0,0,0,1
OpenFoodTox,output/external_data_audit/oft_acute_endpoints_aligned.csv,ede2c6499e711854371249c4f69374fe978c0b729dbfadc6e91727048ae83ffc,279,dbf40344a18f4e6168ec64cea3ba97c98204f212463de360781b8e85c0330e58,Fuberidazole,3878-19-1,UYJUZNLFJAWNEZ-UHFFFAOYSA-N,Oral,e4e7bff9-426f-4ff5-bae0-62ca4682e81b,76b8a6eb-d6d1-42fe-a2be-0be636f2defd,05d7a0af-d659-43e0-ab5a-17353a14198e,3968,,OFT document UUID; underlying trial ID not established,Conclusion regarding the peer review of the pesticide risk assessment of the active substance fuberidazole,doi:10.2903/j.efsa.2008.118r,,not reported in aligned source fields,48.0,,,,µg/piece,>,187.2,,,explicit source fields,384,PPDB,3878-19-1,Fuberidazole,Oral,,0,True,True,True,not established,no shared trial ID supplied; chemical/route alone insufficient,True,0,0,0,0,0,0
OpenFoodTox,output/external_data_audit/oft_acute_endpoints_aligned.csv,ede2c6499e711854371249c4f69374fe978c0b729dbfadc6e91727048ae83ffc,281,3e4f50ce397bbf8e3bc67e2a1b396523f4b74e81c83ba8f1fa30f8dbd1237967,Chlorpropham,101-21-3,CWJSHJJYOPWUGX-UHFFFAOYSA-N,Contact,36454d94-f197-4cbf-b133-90aaffc96994,d9637b4f-f865-4825-a50e-9e76e916952d,8d4ce816-de35-44ce-a88a-4c015df0d39d,3971,,OFT document UUID; underlying trial ID not established,Peer review of the pesticide risk assessment of the active substance chlorpropham,doi:10.2903/j.efsa.2017.4903,,not reported in aligned source fields,,,,,µg/piece,,96.1,,,explicit source fields,241,ECOTOX,101-21-3,"N-(3-Chlorophenyl)carbamic acid, 1-Methylethyl ester",Contact,378,1,True,True,False,not established,no shared trial ID supplied; chemical/route alone insufficient,True,0,0,0,0,1,1
OpenFoodTox,output/external_data_audit/oft_acute_endpoints_aligned.csv,ede2c6499e711854371249c4f69374fe978c0b729dbfadc6e91727048ae83ffc,284,93e23063efb70c74fec3e15f1fe9ac4322b8db47793a8d3449e2ca67b2ba82d7,Quizalofop-P-tefuryl,119738-06-6,BBKDWPHJZANJGB-UHFFFAOYSA-N,Contact,174a85c1-eafa-4e31-a5f3-bd8004b9603f,7520b85c-0de4-43e7-b75d-d0361aedac3c,99a4abe3-97e4-4e9a-9f33-9139b5bda41b,3975,,OFT document UUID; underlying trial ID not established,Conclusion regarding the peer review of the pesticide risk assessment of the active substance quizalofop-P (considered variants quizalofop-P-ethyl and quizalofop-P-tefuryl).,doi:10.2903/j.efsa.2009.205r,,not reported in aligned source fields,,,,,µg/piece,>,100.0,,,explicit source fields,716,PPDB,119738-06-6,Quizalofop-P-tefuryl (Ref: UBI C4874 ),Contact,,1,True,True,False,not established,no shared trial ID supplied; chemical/route alone insufficient,True,0,0,0,0,0,1
OpenFoodTox,output/external_data_audit/oft_acute_endpoints_aligned.csv,ede2c6499e711854371249c4f69374fe978c0b729dbfadc6e91727048ae83ffc,285,df3f6433a531dcb2c1c73a83517a5c8ce2b3fe6b0642e0dc30d4b285a678c873,Ethametsulfuron-Methyl,97780-06-8,ZINJLDJMHCUBIP-UHFFFAOYSA-N,Contact,e26dcf2d-26cd-47bd-8fcb-ee0e9360f956,f28c373a-b0ef-425b-8f0e-c6d81f15deee,b084ae02-5b0f-4ba0-be3a-74a8319eb6f0,3976,,OFT document UUID; underlying trial ID not established,Conclusion on the peer review of the pesticide risk assessment of the active substance ethametsulfuron (evaluated variant ethametsulfuron-methyl).,"EFSA Journal 2014,12(1):3508, doi:10.2903/j.efsa.2014.3508",,not reported in aligned source fields,72.0,,,,µg/piece,,4.62,,,explicit source fields,742,PPDB,97780-06-8,Ethametsulfuron-methyl (Ref: DPX-A7881),Contact,,2,True,True,False,not established,no shared trial ID supplied; chemical/route alone insufficient,True,0,0,1,1,1,1
OpenFoodTox,output/external_data_audit/oft_acute_endpoints_aligned.csv,ede2c6499e711854371249c4f69374fe978c0b729dbfadc6e91727048ae83ffc,286,779d1966a4e4aad21a827e3140bd445439f82c68315f32de0b80d1cf529d3bfe,Trinexapac-Ethyl,95266-40-3,RVKCCVTVZORVGD-UHFFFAOYSA-N,Contact,69c65be0-6c53-4778-ad17-607c6d16a2b4,07eaf7c0-90a1-4a7e-aedc-ef795deb5b28,51a94c22-175c-4440-8c49-79d4107d8f74|baf69ebe-1a1c-4820-bd7e-e6f617f6dc7d,3977|3978,,OFT document UUID; underlying trial ID not established,Peer review of the pesticide risk assessment of the active substance trinexapac (variant evaluated trinexapac-ethyl) | Updated peer review of the pesticide risk assessment of the active substance trinexapac (variant evaluated trinexapac-ethyl),"EFSA Journal 2018,16(3):5229, doi:10.2903/j.efsa.2018.5229|EFSA Journal 2023,21(6):8082, doi:10.2903/j.efsa.2023.8082",,not reported in aligned source fields,,,,,µg/bee,>,100.0,,,explicit source fields,793,ECOTOX,95266-40-3,"4-(Cyclopropylhydroxymethylene)-3,5-dioxocyclohexanecarboxylic acid ethyl ester",Contact,1756|1757,0,True,True,False,not established,no shared trial ID supplied; chemical/route alone insufficient,True,0,0,0,0,0,0
OpenFoodTox,output/external_data_audit/oft_acute_endpoints_aligned.csv,ede2c6499e711854371249c4f69374fe978c0b729dbfadc6e91727048ae83ffc,288,613b87effab568b7a0f485ad370236d5f2d163da8b606cdbdd0b52db8dffc255,Benalaxyl,71626-11-4,CJPQIRJHIZUAQP-UHFFFAOYSA-N,Oral,0446cc26-c4a8-4266-9434-bd72019803a3,6d4cacf1-f26d-4361-938a-6dc866d17719,5a1c325f-22a6-41bf-a3df-64caf9fbae13,3980,,OFT document UUID; underlying trial ID not established,Peer review of the pesticide risk assessment of the active substance benalaxyl,doi:10.2903/j.efsa.2020.5985,,not reported in aligned source fields,,,,,µg/piece,>,22.6,,,explicit source fields,594,PPDB,71626-11-4,Benalaxyl (Ref: M 9834),Oral,,1,True,True,False,not established,no shared trial ID supplied; chemical/route alone insufficient,True,0,0,0,0,-1,1
OpenFoodTox,output/external_data_audit/oft_acute_endpoints_aligned.csv,ede2c6499e711854371249c4f69374fe978c0b729dbfadc6e91727048ae83ffc,291,acdd9b46e83810e81c47882f76b482b59d247868a1c179fe411ceb1224db7c9f,Fipronil,120068-37-3,ZOCSXAVNDGMNBV-UHFFFAOYSA-N,Contact,f2b72dfd-6ed0-4018-b3fb-d13bd32a5153,a090d70c-6ee4-4b48-b371-2bbe67f4ccc4,7fbbda31-e332-44f8-975a-e9ad6751ff8c,3983,,OFT document UUID; underlying trial ID not established,Conclusion regarding the peer review of the pesticide risk assessment of the active substance fipronil,doi:10.2903/j.efsa.2006.65r,,not reported in aligned source fields,,,,,µg/piece,,0.00593,,,explicit source fields,495,ECOTOX,120068-37-3,"5-Amino-1-[2,6-dichloro-4-(trifluoromethyl)phenyl]-4-[(trifluoromethyl)sulfinyl]-1H-pyrazole-3-carbonitrile",Contact,1860|1863|1865|1867|1868|1869|1871|1872|1875,3,True,True,False,not established,no shared trial ID supplied; chemical/route alone insufficient,True,1,1,1,1,1,1
OpenFoodTox,output/external_data_audit/oft_acute_endpoints_aligned.csv,ede2c6499e711854371249c4f69374fe978c0b729dbfadc6e91727048ae83ffc,294,e122693d98d4777b342cbcfa059bd7859b7f378a9868ae9d8c6fadab7b392815,Chromafenozide,143807-66-3,HPNSNYBUADCFDR-UHFFFAOYSA-N,Contact,fb4985fa-29ad-4ac1-81b9-b554548fa645,3f57c9a5-3ced-48d8-a69c-72490479f913,7ba3c03b-4307-4e16-8844-d3c54c3ab7c9,3988,,OFT document UUID; underlying trial ID not established,Conclusion on the peer review of the pesticide risk assessment of the active substance chromafenozide.,doi:10.2903/j.efsa.2013.3461,,not reported in aligned source fields,48.0,,,,µg/piece,>,100.0,,,explicit source fields,836,PPDB,143807-66-3,Chromafenozide (Ref: ANS 118),Contact,,1,True,True,True,not established,no shared trial ID supplied; chemical/route alone insufficient,True,0,0,0,0,0,1
OpenFoodTox,output/external_data_audit/oft_acute_endpoints_aligned.csv,ede2c6499e711854371249c4f69374fe978c0b729dbfadc6e91727048ae83ffc,308,a2326b6aa2e27e41abff33a81eebebc23b1c9a235fd93442638e82cf7d15f63a,Potassium iodide,7681-11-0,NLKNQRATVPKPDG-UHFFFAOYSA-M,Contact,19193d84-dc65-4113-aac2-fb622f91f6ff,7d43df0e-3732-46ff-8575-72e43ecdd441,6080109c-a9d4-4a52-ad49-dd7b5e9cedfe,4016,,OFT document UUID; underlying trial ID not established,Conclusion on the peer review of the pesticide risk assessment of the active substance potassium iodide.,doi:10.2903/j.efsa.2013.2923,,not reported in aligned source fields,,,,,µg/piece,>,0.78,,,explicit source fields,9,PPDB,7681-11-0,Potassium iodide,Contact,,3,True,True,False,not established,no shared trial ID supplied; chemical/route alone insufficient,True,-1,1,-1,1,-1,1
OpenFoodTox,output/external_data_audit/oft_acute_endpoints_aligned.csv,ede2c6499e711854371249c4f69374fe978c0b729dbfadc6e91727048ae83ffc,312,0f4ffcff47058dee9175bfc7d76457cb3741135a3837b8158694d615933ca204,Fenazaquin,120928-09-8,DMYHGDXADUDKCQ-UHFFFAOYSA-N,Contact,8180e083-6148-4f8a-8a9a-233edba635f9,d7a78aa0-d005-4e61-841d-999effc5a114,7afd1882-9405-475f-bc9d-45287fb5b96b,4021,,OFT document UUID; underlying trial ID not established,Conclusion on the peer review of the pesticide risk assessment of the active substance fenazaquin,doi:10.2903/j.efsa.2013.3166,,not reported in aligned source fields,48.0,,,,µg/piece,,1.21,,,explicit source fields,729,ECOTOX,120928-09-8,"4-[2-[4-(1,1-Dimethylethyl)phenyl]ethoxy]quinazoline",Contact,1886|1889,2,True,True,True,not established,no shared trial ID supplied; chemical/route alone insufficient,True,0,0,1,1,1,1
OpenFoodTox,output/external_data_audit/oft_acute_endpoints_aligned.csv,ede2c6499e711854371249c4f69374fe978c0b729dbfadc6e91727048ae83ffc,321,ebc7139d751c23cecb4b885ed730c175064b76a7f148d28f54988e9dcdc29a4f,Phosmet,732-11-6,LMNZTLDVJIUSHT-UHFFFAOYSA-N,Contact,c4fb01d6-b217-4317-b1a4-377d16355b05,83cc7782-b0ed-4be7-b92d-dea1c7748a91,c10081fc-b0af-4047-b966-7de29f38bbae,4036,,OFT document UUID; underlying trial ID not established,Conclusion regarding the peer review of the pesticide risk assessment of the active substance phosmet,doi:10.2903/j.efsa.2006.75r,,not reported in aligned source fields,48.0,,,,µg/piece,,0.22,,,explicit source fields,5,ECOTOX,732-11-6,"S-[(1,3-Dihydro-1,3-dioxo-2H-isoindol-2-yl)methyl]O,O-dimethyl ester, Phosphorodithioic acid",Contact,704|705,2,True,True,True,not established,no shared trial ID supplied; chemical/route alone insufficient,True,1,0,1,1,1,1
OpenFoodTox,output/external_data_audit/oft_acute_endpoints_aligned.csv,ede2c6499e711854371249c4f69374fe978c0b729dbfadc6e91727048ae83ffc,325,796eaa838c3d54afe34828c157316a700c14d0319128465cb32f9095cc864ba5,Mesotrione,104206-82-8,KPUREKXXPHOJQT-UHFFFAOYSA-N,Oral,d1aaf5ad-1416-4a28-8ffe-7724c50796e2,d5af0eb0-f0a6-45e8-a4d9-20475c410101,cd3e62d7-0067-438d-8ffb-9dff2838d2ce,4043,,OFT document UUID; underlying trial ID not established,Peer review of the pesticide risk assessment of the active substance mesotrione,doi:10.2903/j.efsa.2016.4419,,not reported in aligned source fields,,,,,µg/piece,>,11.0,,,explicit source fields,823,PPDB,104206-82-8,Mesotrione (Ref: ZA 1296),Oral,,2,True,True,False,not established,no shared trial ID supplied; chemical/route alone insufficient,True,0,0,0,1,-1,1
OpenFoodTox,output/external_data_audit/oft_acute_endpoints_aligned.csv,ede2c6499e711854371249c4f69374fe978c0b729dbfadc6e91727048ae83ffc,326,88d5fa47b8554e273410776581b60c096abdb4c4c13469bbf364a85b1d4d40ed,Iprodione,36734-19-7,ONUFESLQCSAYKA-UHFFFAOYSA-N,Oral,63f826f9-62f3-4403-a572-e96ce449ebb6,93f57456-c798-4a1d-8797-43bc16feb7cf,0385b1cf-b075-4264-bf84-9f4c574ff75c,4044,,OFT document UUID; underlying trial ID not established,Peer review of the pesticide risk assessment of the active substance iprodione,doi:10.2903/j.efsa.2016.4609,,not reported in aligned source fields,48.0,,,,µg/piece,>,100.0,,,explicit source fields,516,ECOTOX,36734-19-7,"3-(3,5-Dichlorophenyl)-N-(1-methylethyl)-2,4-dioxo-1-imidazolidinecarboxamide",Oral,1415,0,True,True,True,not established,no shared trial ID supplied; chemical/route alone insufficient,True,0,0,0,0,0,0
OpenFoodTox,output/external_data_audit/oft_acute_endpoints_aligned.csv,ede2c6499e711854371249c4f69374fe978c0b729dbfadc6e91727048ae83ffc,327,12ae5b05d11f88af60b9b1e9d517f47ba7ab2131874d4039952d7643c1caa34f,Silthiofam,175217-20-6,MXMXHPPIGKYTAR-UHFFFAOYSA-N,Contact,b3cfae71-31e6-4382-afea-c469c83a9004,2655a8e9-256b-4f2a-92b3-c9bccc3a25bf,b5acb832-a21d-4f48-91a8-a586136a0671,4046,,OFT document UUID; underlying trial ID not established,Peer review of the pesticide risk assessment of the active substance silthiofam,doi:10.2903/j.efsa.2016.4574,,not reported in aligned source fields,48.0,Silthiofam's formulation: MON 65557,,,µg/piece,>,100.0,,,explicit source fields,413,PPDB,175217-20-6,Silthiofam (Ref: MON 65500),Contact,,1,True,True,False,not established,no shared trial ID supplied; chemical/route alone insufficient,True,0,0,0,0,0,1
OpenFoodTox,output/external_data_audit/oft_acute_endpoints_aligned.csv,ede2c6499e711854371249c4f69374fe978c0b729dbfadc6e91727048ae83ffc,330,8771360ef58f64a07da949163e77472390a026c57d0d5879da74b1c638419bca,Trifluralin,1582-09-8,ZSDSQXJSNMTJDA-UHFFFAOYSA-N,Oral,2d32fb37-b4bc-47d8-9a84-7bf97e9906f8,b3d13192-2325-4dd0-b6fc-805e8e313610,e2c6603a-0321-4747-b380-a70f23ceb468,4050,,OFT document UUID; underlying trial ID not established,Peer review of the pesticide risk assessment of the active substance trifluralin,doi:10.2903/j.efsa.2009.327r,,not reported in aligned source fields,,Preparation,,,µg/piece,>,80.0,,,explicit source fields,320,ECOTOX,1582-09-8,"2,6-Dinitro-N,N-dipropyl-4-(trifluoromethyl)benzenamine",Oral,832,1,True,True,False,not established,no shared trial ID supplied; chemical/route alone insufficient,True,0,0,0,0,-1,1
OpenFoodTox,output/external_data_audit/oft_acute_endpoints_aligned.csv,ede2c6499e711854371249c4f69374fe978c0b729dbfadc6e91727048ae83ffc,332,74af3e869942faaf16a7049ccdb664a2d73cd069d9699c751062c9a8768b475b,Clothianidin,210880-92-5,PGOOBECODWQEAB-UHFFFAOYSA-N,Oral,4e355964-f511-438f-83fd-1d560d40638e,11e3bd30-ec44-4fbe-a44f-bd7bf46cb065,cdd573cf-9191-465c-884d-87fe2e427d5c,4052,,OFT document UUID; underlying trial ID not established,Conclusion on the peer review of the pesticide risk assessment for bees for the active substance clothianidin considering all uses other than seed treatments and granules,doi:10.2903/j.efsa.2015.4210,,not reported in aligned source fields,48.0,,,,µg/piece,,0.00379,,,explicit source fields,845,PPDB,210880-92-5,Clothianidin (Ref: CGA 322704),Oral,,3,True,True,True,not established,no shared trial ID supplied; chemical/route alone insufficient,True,1,1,1,1,1,1
OpenFoodTox,output/external_data_audit/oft_acute_endpoints_aligned.csv,ede2c6499e711854371249c4f69374fe978c0b729dbfadc6e91727048ae83ffc,333,3cd700d10853774c5d956588068d514632b553d2bb88aee76fdfaa0e9670d50e,Fluxapyroxad,907204-31-3,SXSGXWCSHSVPGB-UHFFFAOYSA-N,Contact,decfe3de-0ab8-4a63-9bfe-841786a69ad0,02f20695-e254-4a6b-99e6-65c7778342fb,a12e15e9-e554-404e-9550-efd6101c5097,4053,,OFT document UUID; underlying trial ID not established,Conclusion on the peer review of the pesticide risk assessment of the active substance fluxapyroxad (BAS 700 F),"EFSA Journal 2012,10(1):2522, doi:10.2903/j.efsa.2012.2522",,not reported in aligned source fields,,,,,µg/piece,>,100.0,,,explicit source fields,971,PPDB,907204-31-3,Fluxapyroxad (Ref: BAS 700F),Contact,,1,True,True,False,not established,no shared trial ID supplied; chemical/route alone insufficient,True,0,0,0,0,0,1
OpenFoodTox,output/external_data_audit/oft_acute_endpoints_aligned.csv,ede2c6499e711854371249c4f69374fe978c0b729dbfadc6e91727048ae83ffc,336,0acbe2a65734d243c7a21a5dcb7d200d8da8c5297070edb4e950973f91f312d3,Captan,133-06-2,LDVVMCZRFWMZSG-UHFFFAOYSA-N,Oral,8b069493-990a-414d-a90c-1dc4422b5c82,769956b8-b984-4382-a9b0-aef1cd6eff85,30189c1d-2407-477c-9f86-4e5fccce79e7,4058,,OFT document UUID; underlying trial ID not established,Peer review of the pesticide risk assessment of the active substance captan,doi:10.2903/j.efsa.2009.296r,,not reported in aligned source fields,48.0,,,,µg/piece,>,100.0,,,explicit source fields,149,PPDB,133-06-2,Captan (Ref: SR 406),Oral,,1,True,True,True,not established,no shared trial ID supplied; chemical/route alone insufficient,True,0,0,0,0,0,1
OpenFoodTox,output/external_data_audit/oft_acute_endpoints_aligned.csv,ede2c6499e711854371249c4f69374fe978c0b729dbfadc6e91727048ae83ffc,338,ca12625cc7b13dec92df6fd2b077bb287ca3aa780babcfc720084d5cea4fc5c6,Pyriproxyfen,95737-68-1,NHDHVHZZCFYRSB-UHFFFAOYSA-N,Contact,531b4f38-4d0e-4fea-86ce-174e9787266c,2a705490-04cb-4db4-9bae-fb493cf7da61,e3f83667-8cdc-43b1-a4fd-1317e99bf162,4062,,OFT document UUID; underlying trial ID not established,Peer review of the pesticide risk assessment of the active substance pyriproxyfen,doi:10.2903/j.efsa.2019.5732,,not reported in aligned source fields,,Preparation,,,µg/piece,>,100.0,,,explicit source fields,614,ECOTOX,95737-68-1,2-[1-Methyl-2-(4-phenoxyphenoxy)ethoxy]pyridine,Contact,1761,1,True,True,False,not established,no shared trial ID supplied; chemical/route alone insufficient,True,0,0,0,0,0,1
OpenFoodTox,output/external_data_audit/oft_acute_endpoints_aligned.csv,ede2c6499e711854371249c4f69374fe978c0b729dbfadc6e91727048ae83ffc,347,cff7badfc6829e9954d6cb682678650c44ed1ee8c50fe5f06a0ffd50b65952d4,Tralkoxydim,87820-88-0,SOTLWPHEAQOHHC-UHFFFAOYSA-N,Contact,2d745677-e328-4cc8-b3d5-54e443010e9a,792caa2f-955e-436d-a8bc-4ae84618a1ae,686a1aa3-e041-41a8-bdb0-f6b388b7137f,4075,,OFT document UUID; underlying trial ID not established,Conclusion regarding the peer review of the pesticide risk assessment of the active substance tralkoxydim,doi:10.2903/j.efsa.2008.139r,,not reported in aligned source fields,,,,,µg/piece,>,100.0,,,explicit source fields,908,PPDB,87820-88-0,Tralkoxydim (Ref: PP 604),Contact,,1,True,True,False,not established,no shared trial ID supplied; chemical/route alone insufficient,True,0,0,0,0,0,1
OpenFoodTox,output/external_data_audit/oft_acute_endpoints_aligned.csv,ede2c6499e711854371249c4f69374fe978c0b729dbfadc6e91727048ae83ffc,348,9ad627392ce99102a85455cd004208b5c1a94e561bdae767b8bd166c831986c7,Fenhexamid,126833-17-8,VDLGAVXLJYLFDH-UHFFFAOYSA-N,Oral,8ce0381c-8257-46c2-a331-f3a9eaea6448,a19f4f2d-49ad-423d-8340-7c516a5aee56,2188c755-1e58-48ef-8529-bf94aaf4d51f,4078,,OFT document UUID; underlying trial ID not established,Conclusion on the peer review of the pesticide risk assessment of the active substance fenhexamid,"EFSA Journal 2014,12(7):3744, doi:10.2903/j.efsa.2014.3744",,not reported in aligned source fields,48.0,,,,µg/piece,>,102.07,,,explicit source fields,809,PPDB,126833-17-8,Fenhexamid (Ref: KBR 2738),Oral,,0,True,True,True,not established,no shared trial ID supplied; chemical/route alone insufficient,True,0,0,0,0,0,0
OpenFoodTox,output/external_data_audit/oft_acute_endpoints_aligned.csv,ede2c6499e711854371249c4f69374fe978c0b729dbfadc6e91727048ae83ffc,350,c29d9bcd32149698e8435917e618ec490831c5c01a296dcdb9ff651db7d86468,Metaldehyde,108-62-3,GKKDCARASOJPNG-UHFFFAOYSA-N,Oral,5d2018f2-1066-41aa-a4a3-da1ee0adc555,323004f7-dcfd-4af1-af63-99dae617aaca,3d9ad9fb-a910-46c9-b9c7-7e49a0b486a0,4080,,OFT document UUID; underlying trial ID not established,Conclusion on the peer review of the pesticide risk assessment of the active substance metaldehyde,doi:10.2903/j.efsa.2010.1856,,not reported in aligned source fields,48.0,,,,µg/piece,>,87.5,,,explicit source fields,93,PPDB,108-62-3,Metaldehyde,Oral,,1,True,True,True,not established,no shared trial ID supplied; chemical/route alone insufficient,True,0,0,0,0,-1,1
OpenFoodTox,output/external_data_audit/oft_acute_endpoints_aligned.csv,ede2c6499e711854371249c4f69374fe978c0b729dbfadc6e91727048ae83ffc,352,39f41ef22554f7329e5bb657e58e6621dded786ef0d5618f5121f17a062ac9e0,Tetraconazole,112281-77-3,LQDARGUHUSPFNL-UHFFFAOYSA-N,Oral,e3118ee2-49f5-4fdb-b062-f63c42ddca76,9e0efaa1-ef86-4b4e-a3a3-4e0e3e26bcad,da765d33-b97c-4806-856a-0472c1103a77,4084,,OFT document UUID; underlying trial ID not established,Conclusion regarding the peer review of the pesticide risk assessment of the active substance Tetraconazole,doi:10.2903/j.efsa.2008.152r,,not reported in aligned source fields,,,,,µg/piece,>,130.0,,,explicit source fields,180,ECOTOX,112281-77-3,"1-[2-(2,4-Dichlorophenyl)-3-(1,1,2,2-tetrafluoroethoxy)propyl]-1H-1,2,4-triazole",Oral,1816|1817,1,True,True,False,not established,no shared trial ID supplied; chemical/route alone insufficient,True,0,0,0,0,0,1
OpenFoodTox,output/external_data_audit/oft_acute_endpoints_aligned.csv,ede2c6499e711854371249c4f69374fe978c0b729dbfadc6e91727048ae83ffc,353,ae3a7b40760a7768d72288f2e63c316b895a7dadcc22067867e0f9b3f0bc9976,Pyroxsulam,422556-08-9,GLBLPMUBLHYFCW-UHFFFAOYSA-N,Contact,6c14368e-c390-4bdc-88f8-bc735458ae11,f0e468c4-2544-47e2-8a64-2c006d2907e9,2c79d2c5-d359-4365-914e-60ba1638c42f,4085,,OFT document UUID; underlying trial ID not established,Conclusion on the peer review of the pesticide risk assessment of the active substance pyroxsulam.,doi:10.2903/j.efsa.2013.3182,,not reported in aligned source fields,48.0,,,,µg/piece,>,100.0,,,explicit source fields,923,ECOTOX,422556-08-9,"N-(5,7-Dimethoxy[1,2,4]triazolo[1,5-a]pyrimidin-2-yl)-2-methoxy-4-(trifluoromethyl)-3-pyridinesulfonamide",Contact,2518,1,True,True,True,not established,no shared trial ID supplied; chemical/route alone insufficient,True,0,0,0,0,0,1
OpenFoodTox,output/external_data_audit/oft_acute_endpoints_aligned.csv,ede2c6499e711854371249c4f69374fe978c0b729dbfadc6e91727048ae83ffc,354,3bba59969aa36d756045eb40ff09c535dffc4f21d3cd8b89fde00bd26eaa7345,Glyphosate,1071-83-6,XDDAORKBJWWYJS-UHFFFAOYSA-N,Contact,53abe880-4cba-42af-8ce6-4c81a6092b18,09c2b2f7-8bc8-444e-b4c1-b4ec0186652a,03ac36b8-9d0f-4214-b365-09a2b11d5a0f,4086,,OFT document UUID; underlying trial ID not established,Peer review of the pesticide risk assessment of the active substance glyphosate,"EFSA Journal 2023,21(7):8164, doi:10.2903/j.efsa.2023.8164",,not reported in aligned source fields,,,other:,,µg/bee,>,100.0,,,explicit source fields,440,ECOTOX,1071-83-6,N-(Phosphonomethyl)glycine,Contact,739,1,True,True,False,not established,no shared trial ID supplied; chemical/route alone insufficient,True,0,0,0,0,0,1
OpenFoodTox,output/external_data_audit/oft_acute_endpoints_aligned.csv,ede2c6499e711854371249c4f69374fe978c0b729dbfadc6e91727048ae83ffc,360,15a97fbb24689dc5d5c3d8d17ef2eeaf69ce142ee15623ee87c05c451bc77225,Metrafenone,220899-03-6,AMSPWOYQQAWRRM-UHFFFAOYSA-N,Oral,08e5f7ed-96fb-4300-b2a5-fba3bdf8a679,59d6981f-6003-4eb4-83c9-4fcf4da507c8,faebe646-e45a-4a5b-a62c-cc47e33f7ad8,4100,,OFT document UUID; underlying trial ID not established,Conclusion regarding the peer review of the pesticide risk assessment of the active substance metrafenone,doi:10.2903/j.efsa.2006.58r,,not reported in aligned source fields,,,,,µg/piece,>,114.0,,,explicit source fields,912,ECOTOX,220899-03-6,"(3-Bromo-6-methoxy-2-methylphenyl)(2,3,4-trimethoxy-6-methylphenyl)methanone",Oral,2440|2441,1,True,True,False,not established,no shared trial ID supplied; chemical/route alone insufficient,True,0,0,0,0,0,1
OpenFoodTox,output/external_data_audit/oft_acute_endpoints_aligned.csv,ede2c6499e711854371249c4f69374fe978c0b729dbfadc6e91727048ae83ffc,361,992b08a8c80b3b4c57fb2e9e5dd2025e760de820aea3825a9af9ca438b6cb292,Dodemorph acetate,31717-87-0,YLJLLELGHSWIDU-UHFFFAOYSA-N,Contact,d1b29c55-3946-4093-85d8-ea2a1a48fca2,1ade8e0d-4973-428f-b24f-17ed12824e8b,c11867b7-39ed-4654-a744-f490b4fcf2eb,4102,,OFT document UUID; underlying trial ID not established,Conclusion regarding the peer review of the pesticide risk assessment of the active substance dodemorph (considered variant dodemorph acetate),doi:10.2903/j.efsa.2008.170r,,not reported in aligned source fields,,,,,µg/piece,>,76.6,,,explicit source fields,620,PPDB,31717-87-0,Dodemorph acetate (Ref: BAS 238F),Contact,,1,True,True,False,not established,no shared trial ID supplied; chemical/route alone insufficient,True,0,0,0,0,-1,1
OpenFoodTox,output/external_data_audit/oft_acute_endpoints_aligned.csv,ede2c6499e711854371249c4f69374fe978c0b729dbfadc6e91727048ae83ffc,363,56b1f9a8098109d078bfc776aa38fb99cddd417fc42a2b03c6e2f1aec180a965,Trifluralin,1582-09-8,ZSDSQXJSNMTJDA-UHFFFAOYSA-N,Oral,0a0d1665-e471-4aeb-89ad-dfc1ba0caa87,b531efcf-7a0d-4e19-b1ae-688f553b7916,6bf2dfdb-8f20-4dd9-963f-0454a5b8a4f0,4104,,OFT document UUID; underlying trial ID not established,Conclusion regarding the peer reviewof the pesticide risk assessment of the active substance trifluralin,doi:10.2903/j.efsa.2005.28r,,not reported in aligned source fields,,,,,µg/piece,>,100.0,,,explicit source fields,320,ECOTOX,1582-09-8,"2,6-Dinitro-N,N-dipropyl-4-(trifluoromethyl)benzenamine",Oral,832,1,True,True,False,not established,no shared trial ID supplied; chemical/route alone insufficient,True,0,0,0,0,0,1
OpenFoodTox,output/external_data_audit/oft_acute_endpoints_aligned.csv,ede2c6499e711854371249c4f69374fe978c0b729dbfadc6e91727048ae83ffc,366,63af0fca414d43b963e40df110434b42387c7db7fc4334b1fddca36265be9190,Aminopyralid,150114-71-9,NIXXQNOQHKNPEJ-UHFFFAOYSA-N,Oral,45292ce6-32a4-4590-ae62-63def46f8666,22010173-89c3-47f2-94b4-d7e9d6c80714,fd5fca87-f785-49ea-9c9d-da1db973dcf7,4109,,OFT document UUID; underlying trial ID not established,Conclusion on the peer review of the pesticide risk assessment of the active substance aminopyralid.,doi:10.2903/j.efsa.2013.3352,,not reported in aligned source fields,48.0,,,,µg/piece,>,120.0,,,explicit source fields,685,PPDB,150114-71-9,Aminopyralid (Ref: XDE 750),Oral,,2,True,True,True,not established,no shared trial ID supplied; chemical/route alone insufficient,True,0,0,0,1,0,1
OpenFoodTox,output/external_data_audit/oft_acute_endpoints_aligned.csv,ede2c6499e711854371249c4f69374fe978c0b729dbfadc6e91727048ae83ffc,369,7242fc396f27407e6d94eedea42b137df20ceb933fffae2bf9878936e169cb50,Sodium o-nitrophenolate,824-39-5,AXKBOWBNOCUNJL-UHFFFAOYSA-M,Contact,021a839f-b7c2-4e31-8d42-9392f8d232f8,fa6452ac-e603-40fe-9488-21947c541194,550b701c-9ee8-435d-99b3-202b35988fa6,4112,,OFT document UUID; underlying trial ID not established,"Conclusion regarding the peer review of the pesticide risk assessment of the active substances sodium 5-nitroguaiacolate, sodium o-nitrophenolate and sodium p-nitrophenolate.",doi:10.2903/j.efsa.2009.191r,,not reported in aligned source fields,,,,,µg/piece,>,100.0,,,explicit source fields,99,PPDB,824-39-5,Sodium o-nitrophenolate,Contact,,1,True,True,False,not established,no shared trial ID supplied; chemical/route alone insufficient,True,0,0,0,0,0,1
OpenFoodTox,output/external_data_audit/oft_acute_endpoints_aligned.csv,ede2c6499e711854371249c4f69374fe978c0b729dbfadc6e91727048ae83ffc,370,6d0edc44ffc1ae87eac8531f799a5895c264a0aadd86ffc86aa429d2bb5d9119,Bromoxynil octanoate,1689-99-2,DQKWXTIYGWPGOO-UHFFFAOYSA-N,Oral,a50ac365-75ca-4e54-9be9-616d76ff7778,525e5da9-7dd7-470a-a2c6-9a08ea487c8e,66a7a3b3-eca2-4839-bb1b-9b24e965fb0d,4114,,OFT document UUID; underlying trial ID not established,Peer review of the pesticide risk assessment of the active substance bromoxynil (variant evaluated bromoxynil octanoate),doi:10.2903/j.efsa.2017.4790,,not reported in aligned source fields,,Bromoxynil- octanoate EC 327.5 G,,,µg/piece,>,65.5,,,explicit source fields,407,ECOTOX,1689-99-2,"Octanoic acid, 2,6-Dibromo-4-cyanophenyl ester",Oral,851,1,True,True,False,not established,no shared trial ID supplied; chemical/route alone insufficient,True,0,0,0,0,-1,1
OpenFoodTox,output/external_data_audit/oft_acute_endpoints_aligned.csv,ede2c6499e711854371249c4f69374fe978c0b729dbfadc6e91727048ae83ffc,374,3efc200253c30e8352eca911142bceeb215db1fd5130825f097c1f95ccebf67a,Aluminium phosphide,20859-73-8,PPNXXZIBFHTHDM-UHFFFAOYSA-N,Oral,82222fa5-6405-409b-ba3c-42afb3c8dc39,16db148c-e167-4f5c-b643-4bdd0319b3a9,02058005-44cc-4998-be22-f11fb5a625b7,4121,,OFT document UUID; underlying trial ID not established,Conclusion regarding the peer review of the pesticide risk assessment of the active substance aluminium phosphide,doi:10.2903/j.efsa.2009.182r,,not reported in aligned source fields,48.0,,,,µg/piece,,0.24,,,explicit source fields,24,PPDB,20859-73-8,Aluminium phosphide,Oral,,3,True,True,True,not established,no shared trial ID supplied; chemical/route alone insufficient,True,1,1,1,1,1,1
OpenFoodTox,output/external_data_audit/oft_acute_endpoints_aligned.csv,ede2c6499e711854371249c4f69374fe978c0b729dbfadc6e91727048ae83ffc,378,812b9135dfa850b33e5df53341ae6cf696ee97256aa9fb31de13db1f2d32fca8,Tolclofos-methyl,57018-04-9,OBZIQQJJIKNWNO-UHFFFAOYSA-N,Contact,bf488a46-7b00-4d26-bb86-1ae0e5c72c46,1061f7fe-717d-43d2-81fa-7d2dc9faf31f,c1a4569d-c094-4a89-9a05-a7cc068ad844,4126,,OFT document UUID; underlying trial ID not established,Conclusion regarding the peer review of the pesticide risk assessment of the active substance tolclofos-methyl,doi:10.2903/j.efsa.2005.32ar,,not reported in aligned source fields,48.0,,,,µg/piece,>,100.0,,,explicit source fields,582,ECOTOX,57018-04-9,"Phosphorothioic acid O-(2,6-dichloro-4-methylphenyl) O,O-dimethyl ester",Contact,1549,1,True,True,True,not established,no shared trial ID supplied; chemical/route alone insufficient,True,0,0,0,0,0,1
OpenFoodTox,output/external_data_audit/oft_acute_endpoints_aligned.csv,ede2c6499e711854371249c4f69374fe978c0b729dbfadc6e91727048ae83ffc,381,f2d325982b7b6b4563f960af2366d0faf83bf6cc6468a64ea432a8ab2dd8c9c9,Propisochlor,86763-47-5,KZNDFYDURHAESM-UHFFFAOYSA-N,Contact,6e9bd495-d908-4df2-88cf-19a757a56aa9,6a7d4a09-3101-41db-b9ba-9e56e5b840f0,b8eb41a3-793f-4d81-bff2-31883f8b97a9,4130,,OFT document UUID; underlying trial ID not established,Conclusion on the peer review of the pesticide risk assessment of the active substance propisochlor,doi:10.2903/j.efsa.2010.1769,,not reported in aligned source fields,,,,,µg/piece,>,100.0,,,explicit source fields,837,PPDB,86763-47-5,Propisochlor,Contact,,1,True,True,False,not established,no shared trial ID supplied; chemical/route alone insufficient,True,0,0,0,0,0,1
OpenFoodTox,output/external_data_audit/oft_acute_endpoints_aligned.csv,ede2c6499e711854371249c4f69374fe978c0b729dbfadc6e91727048ae83ffc,382,268aa00da4723966aa6a3889fe46a47ea28155f91a3bc36a7c67e31b664e3f99,Zoxamide,156052-68-5,SOUGWDPPRBKJEX-UHFFFAOYSA-N,Oral,e638b880-143a-4290-9b48-062faf86a5a9,361f9925-cb7c-4fcf-89a6-6fec05fd3828,0ce0bdb2-ca90-4e65-9ef4-c24b6b69f393,4131,,OFT document UUID; underlying trial ID not established,Peer review of the pesticide risk assessment of the active substance zoxamide,doi:10.2903/j.efsa.2017.4980,,not reported in aligned source fields,,"RH-117,281 2F a very similar formulation to Zoxium 240 SC.",,,µg/piece,>,33.0,,,explicit source fields,693,ECOTOX,156052-68-5,"3,5-Dichloro-N-(3-chloro-1-ethyl-1-methyl-2-oxopropyl)-4-methylbenzamide",Oral,2222|2225|2226,1,True,True,False,not established,no shared trial ID supplied; chemical/route alone insufficient,True,0,0,0,0,-1,1
OpenFoodTox,output/external_data_audit/oft_acute_endpoints_aligned.csv,ede2c6499e711854371249c4f69374fe978c0b729dbfadc6e91727048ae83ffc,383,67b260b8e76cd93c7af12bc5d956062d0d3c06f812a19eacf8720c3b6cee166b,Iodosulfuron-methyl-sodium,144550-36-7,JUJFQMPKBJPSFZ-UHFFFAOYSA-M,Oral,0d3297d3-55ad-4a5e-a079-8547bf747472,fef74925-61c2-4469-a720-bb8b6dccaa35,ce166716-b1ec-484e-a17b-d89872dc1d5c,4132,,OFT document UUID; underlying trial ID not established,Peer review of the pesticide risk assessment of the active substance iodosulfuron-methyl-sodium (approved as iodosulfuron),doi:10.2903/j.efsa.2016.4453,,not reported in aligned source fields,72.0,,,,µg/piece,>,70.0,,,explicit source fields,864,PPDB,144550-36-7,Iodosulfuron-methyl-sodium (Ref: AE F115008),Oral,,1,True,True,False,not established,no shared trial ID supplied; chemical/route alone insufficient,True,0,0,0,0,-1,1
OpenFoodTox,output/external_data_audit/oft_acute_endpoints_aligned.csv,ede2c6499e711854371249c4f69374fe978c0b729dbfadc6e91727048ae83ffc,384,e5342e64a4a6e06e3857ab3c9cec96a83e2d5171054c377b1c09ddeb3b4ed327,Fosetyl-aluminium,39148-24-8,OIPMQULDKWSNGX-UHFFFAOYSA-N,Contact,3d553d14-a8ca-45ff-86e3-2b59eb9073e5,2aa1acb7-029c-4037-b369-843b59e43aad,80c80f71-4171-47a7-8b5a-ad127d170e74,4133,,OFT document UUID; underlying trial ID not established,Conclusion regarding the peer review of the pesticide risk assessment of the active substance fosetyl,doi:10.2903/j.efsa.2006.54,,not reported in aligned source fields,,,,,µg/piece,>,1000.0,,,explicit source fields,632,PPDB,39148-24-8,Fosetyl-aluminium (Ref: RP 32545),Contact,,1,True,True,False,not established,no shared trial ID supplied; chemical/route alone insufficient,True,0,0,0,0,0,1
OpenFoodTox,output/external_data_audit/oft_acute_endpoints_aligned.csv,ede2c6499e711854371249c4f69374fe978c0b729dbfadc6e91727048ae83ffc,385,eb638c6cfa0faf5d8545d979db77b3d61e19d92c8c11f87acf6dfc85f4b548f7,Cyclaniliprole,1031756-98-5,RAMUASXTSSXCMB-UHFFFAOYSA-N,Oral,866a4cd8-6f0b-4ef0-bd39-052dc0a97736,336b6044-07da-44cd-875b-0a3a97c18483,3f3e31a3-5308-44d7-8810-e7d93e259383,4134,,OFT document UUID; underlying trial ID not established,Peer review of the pesticide risk assessment of the active substance cyclaniliprole,doi:10.2903/j.efsa.2016.4452,,not reported in aligned source fields,,IKI-3106 50SL,,,µg/piece,,0.194,,,explicit source fields,1004,PPDB,1031756-98-5,Cyclaniliprole (Ref: IKI-3106),Oral,,3,True,True,False,not established,no shared trial ID supplied; chemical/route alone insufficient,True,1,1,1,1,1,1
OpenFoodTox,output/external_data_audit/oft_acute_endpoints_aligned.csv,ede2c6499e711854371249c4f69374fe978c0b729dbfadc6e91727048ae83ffc,386,59646c720d8c0146d37feb1702cd6c765c8be65dcb003d507994412252680a5e,Dithianon,3347-22-6,PYZSVQVRHDXQSL-UHFFFAOYSA-N,Oral,31d7cc7a-5d3d-4cd7-b2e6-9a5ef4bb97c4,711ab9cc-79c5-4e55-92b9-0903674a1c14,6d475436-6bf1-4fc4-88b9-9808df67b9d6,4139,,OFT document UUID; underlying trial ID not established,Conclusion on the peer review of the pesticide risk assessment of the active substance dithianon,doi:10.2903/j.efsa.2010.1904,,not reported in aligned source fields,48.0,,,,µg/piece,>,25.4,,,explicit source fields,112,PPDB,3347-22-6,Dithianon (Ref: BAS 216F),Oral,,1,True,True,True,not established,no shared trial ID supplied; chemical/route alone insufficient,True,0,0,0,0,-1,1
OpenFoodTox,output/external_data_audit/oft_acute_endpoints_aligned.csv,ede2c6499e711854371249c4f69374fe978c0b729dbfadc6e91727048ae83ffc,388,0779f058464c40c7d32d253fbf45ce6eb2d010da60c59e11fedbc2fee00bff81,Quinmerac,90717-03-6,ALZOLUNSQWINIR-UHFFFAOYSA-N,Contact,7f75d9c5-f5e9-4ea0-8714-ebed33379ee5,9b0e9506-a210-401f-a7ac-0b446c52bc93,f07121a6-f7f7-42ad-b647-45f83fe169ba,4141,,OFT document UUID; underlying trial ID not established,Conclusion on the peer review of the pesticide risk assessment of the active substance quinmerac,doi:10.2903/j.efsa.2010.1523,,not reported in aligned source fields,48.0,,,,µg/piece,>,100.0,,,explicit source fields,659,PPDB,90717-03-6,Quinmerac (Ref: BAS 518H),Contact,,1,True,True,True,not established,no shared trial ID supplied; chemical/route alone insufficient,True,0,0,0,0,0,1
OpenFoodTox,output/external_data_audit/oft_acute_endpoints_aligned.csv,ede2c6499e711854371249c4f69374fe978c0b729dbfadc6e91727048ae83ffc,389,73d0267db354e5897b948ada830f5f5c8375605381573c668b3b2061880258b2,Bromoxynil,1689-84-5,UPMXNNIRAGDFEH-UHFFFAOYSA-N,Oral,f1b458c2-c9e0-4720-a711-e664911e2888,8a0d3952-2fcc-49be-b05b-6e967cc0e369,66a7a3b3-eca2-4839-bb1b-9b24e965fb0d,4142,,OFT document UUID; underlying trial ID not established,Peer review of the pesticide risk assessment of the active substance bromoxynil (variant evaluated bromoxynil octanoate),doi:10.2903/j.efsa.2017.4790,,not reported in aligned source fields,,,,,µg/piece,,10.9,,,explicit source fields,396,ECOTOX,1689-84-5,"3,5-Dibromo-4-hydroxybenzonitrile",Oral,850,2,True,True,False,not established,no shared trial ID supplied; chemical/route alone insufficient,True,0,0,1,1,1,1
OpenFoodTox,output/external_data_audit/oft_acute_endpoints_aligned.csv,ede2c6499e711854371249c4f69374fe978c0b729dbfadc6e91727048ae83ffc,391,a57f58120faa9341832d6a6e48891afeaf5db75bdf0deabedf0c00bd4ad24882,Carboxin,5234-68-4,GYSSRZJIHXQEHQ-UHFFFAOYSA-N,Oral,591a3771-0313-4c06-bea9-2839b3e11410,cabc1001-0d71-464e-93da-55cf02c291f6,5b8492c1-aec8-4feb-bb63-069277db34c9,4145,,OFT document UUID; underlying trial ID not established,Conclusion on the peer review of the pesticide risk assessment of the active substance carboxin,doi:10.2903/j.efsa.2010.1857,,not reported in aligned source fields,48.0,,,,µg/piece,>,100.0,,,explicit source fields,387,ECOTOX,5234-68-4,"5,6-Dihydro-2-methyl-N-phenyl-1,4-oxathiin-3-carboxamide",Oral,1019|1022,1,True,True,True,not established,no shared trial ID supplied; chemical/route alone insufficient,True,0,0,0,0,0,1
OpenFoodTox,output/external_data_audit/oft_acute_endpoints_aligned.csv,ede2c6499e711854371249c4f69374fe978c0b729dbfadc6e91727048ae83ffc,392,a314f3b77f4ec8cbaf3f95cb817f3847f75ebad0bfc4e8276afe833daf1d13c4,Bixlozone,81777-95-9,FHUKASKVKWSLCY-UHFFFAOYSA-N,Contact,f7600ed8-a033-4046-930f-610a53afc12b,7ac11a1f-18b9-4f5f-9044-de4b67b46b2a,d9042862-199f-4d74-9559-4c23b5c398c2,4146,,OFT document UUID; underlying trial ID not established,Peer review of the pesticide risk assessment of the active substance bixlozone,EFSA Journal. 2024;22:e9054; doi:10.2903/j.efsa.2024.9054,,not reported in aligned source fields,,,,,µg/bee,>,100.0,,,explicit source fields,1033,PPDB,81777-95-9,Bixlozone (Ref: F9600),Contact,,1,True,True,False,not established,no shared trial ID supplied; chemical/route alone insufficient,True,0,0,0,0,0,1
OpenFoodTox,output/external_data_audit/oft_acute_endpoints_aligned.csv,ede2c6499e711854371249c4f69374fe978c0b729dbfadc6e91727048ae83ffc,394,050405ef922f6b8771b46c9d22a22bc53ef8b450738a98a4c94b078074df56ec,Benfluralin,1861-40-1,SMDHCQAYESWHAE-UHFFFAOYSA-N,Contact,c308e24a-9e9a-478a-9732-d6bfe833d2dd,e98afc87-649b-4777-8f4b-4c619c9506c9,b2916965-57b2-4b99-9c4a-0a2b0ae35bd2,4148,,OFT document UUID; underlying trial ID not established,Peer review of the pesticide risk assessment of the active substance benfluralin,doi:10.2903/j.efsa.2019.5842,,not reported in aligned source fields,,,,,µg/piece,>,100.0,,,explicit source fields,47,ECOTOX,1861-40-1,"N-Butyl-N-ethyl-2,6-dinitro-4-(trifluoromethyl)benzenamine",Contact,856,0,True,True,False,not established,no shared trial ID supplied; chemical/route alone insufficient,True,0,0,0,0,0,0
OpenFoodTox,output/external_data_audit/oft_acute_endpoints_aligned.csv,ede2c6499e711854371249c4f69374fe978c0b729dbfadc6e91727048ae83ffc,397,8446b85f6eddbace93ad06088909c52e08c954878c9f2f02880845a0a95e1f3b,Imidacloprid,138261-41-3,YWTYJOPNNQFBPC-UHFFFAOYSA-N,Oral,95530fd5-6530-4e72-8381-443474cd6c78,852a3452-41fc-4ae3-aeaa-f87ddf455e28,d9208219-9dd1-4ead-bfb0-78397aec1a9b,4152,,OFT document UUID; underlying trial ID not established,Conclusion on the peer review of the pesticide risk assessment for bees for the active substance imidacloprid,doi:10.2903/j.efsa.2013.3068,,not reported in aligned source fields,,,,,µg/piece,,0.0037,,,explicit source fields,713,PPDB,138261-41-3,Imidacloprid (Ref: BAY NTN 33893),Oral,,3,True,True,False,not established,no shared trial ID supplied; chemical/route alone insufficient,True,1,1,1,1,1,1
OpenFoodTox,output/external_data_audit/oft_acute_endpoints_aligned.csv,ede2c6499e711854371249c4f69374fe978c0b729dbfadc6e91727048ae83ffc,399,d835469d1f235b9564ee52b724061ae0881b062cfa89e00b19a0625bc02c0ed0,Fenitrothion,122-14-5,ZNOLGFHPUIJIMJ-UHFFFAOYSA-N,Oral,993e1db2-0fec-4b0c-8d0d-caa64850ed92,3073081b-49d0-47bf-8e04-93c7cf232352,ac84074d-5eda-4176-9a36-40e5d3339825,4156,,OFT document UUID; underlying trial ID not established,Conclusion regarding the peer review of the pesticide risk assessment of the active substance fenitrothion,doi:10.2903/j.efsa.2006.59r,,not reported in aligned source fields,,,,,µg/piece,,0.2,,,explicit source fields,183,ECOTOX,122-14-5,"Phosphorothioic acid O,O-dimethyl O-(3-methyl-4-nitrophenyl)ester",Oral,494,3,True,True,False,not established,no shared trial ID supplied; chemical/route alone insufficient,True,1,1,1,1,1,1
OpenFoodTox,output/external_data_audit/oft_acute_endpoints_aligned.csv,ede2c6499e711854371249c4f69374fe978c0b729dbfadc6e91727048ae83ffc,400,500c6e6945920cfb962c2b954108bd5deade6d9e69c6ba089876c4f3debca232,Triadimenol,55219-65-3,BAZVSMNPJJMILC-UHFFFAOYSA-N,Contact,2577aa43-18dc-4790-abe7-118c2494022d,97ae8a5a-f3b4-4df9-8f19-2c9f3eca068e,b36abe2c-1048-496a-b8bb-20e11b802a9d,4160,,OFT document UUID; underlying trial ID not established,Conclusion regarding the peer review of the pesticide risk assessment of the active substance triadimenol,doi:10.2903/j.efsa.2008.177r,,not reported in aligned source fields,48.0,,,,µg/piece,>,200.0,,,explicit source fields,534,ECOTOX,55219-65-3,"beta-(4-Chlorophenoxy)-alpha-(1,1-dimethylethyl)-1H-1,2,4-triazole-1-ethanol",Contact,1537,0,True,True,True,not established,no shared trial ID supplied; chemical/route alone insufficient,True,0,0,0,0,0,0
OpenFoodTox,output/external_data_audit/oft_acute_endpoints_aligned.csv,ede2c6499e711854371249c4f69374fe978c0b729dbfadc6e91727048ae83ffc,405,70358dc32ae820a160108f589be2518c6b187726455f4466cb55f45035ddfb04,Bromoxynil butyrate,3861-41-4,PGMZYNZXIYOOHJ-UHFFFAOYSA-N,Oral,3f73d3f0-5f1a-441c-adcf-81f6d8d4f370,f902131f-f59b-4390-915e-7b01eb10e46a,66a7a3b3-eca2-4839-bb1b-9b24e965fb0d,4168,,OFT document UUID; underlying trial ID not established,Peer review of the pesticide risk assessment of the active substance bromoxynil (variant evaluated bromoxynil octanoate),doi:10.2903/j.efsa.2017.4790,,not reported in aligned source fields,,CA2239,,,µg/piece,,76.4,,,explicit source fields,868,PPDB,3861-41-4,Bromoxynil-butanoate,Oral,,1,True,True,False,not established,no shared trial ID supplied; chemical/route alone insufficient,True,0,0,0,0,1,1
OpenFoodTox,output/external_data_audit/oft_acute_endpoints_aligned.csv,ede2c6499e711854371249c4f69374fe978c0b729dbfadc6e91727048ae83ffc,406,0208b409f288ec70d18198853bc78ed0ea2f702aadfea49ccc4fe85381077a8d,Lenacil,2164-08-1,ZTMKADLOSYKWCA-UHFFFAOYSA-N,Oral,5edc364d-9d19-4d25-aedb-ba6489f5b88c,297ebb59-f1bf-48ed-a1b3-0b74c4bc9933,4a08111c-c4dc-424e-8e9d-f0f217606fca,4170,,OFT document UUID; underlying trial ID not established,Peer review of the pesticide risk assessment of the active substance lenacil,"EFSA Journal. 2024,22:e8860, doi:10.2903/j.efsa.2024.8860",,not reported in aligned source fields,,Lenacil 500 g/L SC,act. ingr.,,µg/bee,>,110.0,,,explicit source fields,152,PPDB,2164-08-1,Lenacil (Ref: DPX B634),Oral,,0,True,True,False,not established,no shared trial ID supplied; chemical/route alone insufficient,True,0,0,0,0,0,0
OpenFoodTox,output/external_data_audit/oft_acute_endpoints_aligned.csv,ede2c6499e711854371249c4f69374fe978c0b729dbfadc6e91727048ae83ffc,407,5e4e6852f7db77a733f2ead0ae9675d660c7ffec039fac4d8a1e9fa7d7434ff4,Prochloraz,67747-09-5,TVLSRXXIMLFWEO-UHFFFAOYSA-N,Oral,3603ac6e-f880-40d0-9436-10af3f4dfe8a,70786139-9458-41da-905a-89fb2c08c3a8,270f7df8-e6a0-4719-b86f-b6c50ac37bd6,4172,,OFT document UUID; underlying trial ID not established,Conclusion on the peer review of the pesticide risk assessment of the active substance prochloraz,"EFSA Journal 2011, 9(7):2323, doi:10.2903/j.efsa.2011.2323",,not reported in aligned source fields,48.0,,,,µg/piece,>,101.06,,,explicit source fields,546,PPDB,67747-09-5,Prochloraz (Ref: BTS 40542),Oral,,0,True,True,True,not established,no shared trial ID supplied; chemical/route alone insufficient,True,0,0,0,0,0,0
OpenFoodTox,output/external_data_audit/oft_acute_endpoints_aligned.csv,ede2c6499e711854371249c4f69374fe978c0b729dbfadc6e91727048ae83ffc,412,af00ceefec7d156755579efe8de0755b18a974194b6378ae5c247249d0182cd7,Flazasulfuron,104040-78-0,HWATZEJQIXKWQS-UHFFFAOYSA-N,Contact,8e6217f7-c6be-4b3a-9755-f615e38e783c,4de1837f-2bc0-4b5d-8750-33a4ed07bedc,24ac8bf5-3311-4e54-85f6-a106da80eae5,4180,,OFT document UUID; underlying trial ID not established,Peer review of the pesticide risk assessment of the active substance flazasulfuron,doi:10.2903/j.efsa.2016.4575,,not reported in aligned source fields,,Flazasulfuron formulation: SL-160 25% WG,,,µg/piece,>,25.9,,,explicit source fields,686,ECOTOX,104040-78-0,"N-[[4,6-Dimethoxy-2-pyrimidinyl)amino]carbonyl]-3-(trifluoromethyl)-2-pyridinesulfonamide",Contact,1783,1,True,True,False,not established,no shared trial ID supplied; chemical/route alone insufficient,True,0,0,0,0,-1,1
OpenFoodTox,output/external_data_audit/oft_acute_endpoints_aligned.csv,ede2c6499e711854371249c4f69374fe978c0b729dbfadc6e91727048ae83ffc,417,c0fac1dc05257b9a277e23cd8e9d6b6566b61d46e82cb73590c0fede390d8659,Pyridaben,96489-71-3,DWFZBUWUXWZWKD-UHFFFAOYSA-N,Contact,723a9b03-f758-45f5-a810-5870cd5253ed,88fea6b8-39cd-4408-94e1-c8558d9104d9,14b64ff3-e8fb-44f3-b3e0-2c8345507a1b,4186,,OFT document UUID; underlying trial ID not established,Conclusion on the peer review of the pesticide risk assessment of the active substance pyridaben,doi:10.2903/j.efsa.2010.1632,,not reported in aligned source fields,48.0,,,,µg/piece,>,0.024,,,explicit source fields,681,ECOTOX,96489-71-3,"4-Chloro-2-(1,1-dimethylethyl)-5-[[[4-(1,1-dimethylethyl)phenyl]methyl]thio]-3(2H)pyridazinene",Contact,1762|1763,3,True,True,True,not established,no shared trial ID supplied; chemical/route alone insufficient,True,-1,1,-1,1,-1,1
OpenFoodTox,output/external_data_audit/oft_acute_endpoints_aligned.csv,ede2c6499e711854371249c4f69374fe978c0b729dbfadc6e91727048ae83ffc,421,8ceb05dc3d70de0cf1ce1b48c88b4d16db655c676ea25b0b0404f7ffb15e97f0,Thiencarbazone-methyl,317815-83-1,XSKZXGDFSCCXQX-UHFFFAOYSA-N,Oral,e59ab0e5-57fc-4397-b9c7-37c106594a2a,ac45536d-ab63-4bfc-96a4-accb24a6e300,f4e32aff-eb4d-4976-a036-0b6c5f8e64da,4194,,OFT document UUID; underlying trial ID not established,Conclusion on the peer review of the pesticide risk assessment of the active substance thiencarbazone-methyl,doi:10.2903/j.efsa.2013.3270,,not reported in aligned source fields,48.0,,,,µg/piece,>,199.0,,,explicit source fields,1008,PPDB,317815-83-1,Thiencarbazone-methyl (Ref: BYH 18636 ),Oral,,0,True,True,True,not established,no shared trial ID supplied; chemical/route alone insufficient,True,0,0,0,0,0,0
OpenFoodTox,output/external_data_audit/oft_acute_endpoints_aligned.csv,ede2c6499e711854371249c4f69374fe978c0b729dbfadc6e91727048ae83ffc,423,1d2cd54906722e53ab8e9af30035e69f3ccd1f144aa827885e9e62dfa1de34aa,"Imazamox (sum of imazamox and its salts, expressed as imazamox)",,NUPJIGQFXCQJBK-UHFFFAOYSA-N,Oral,f3dd0ddd-35ab-4608-9e04-14ef725db26f,e3987f39-70a1-4aff-b025-496156d9992e,f38a908a-a363-4433-897f-2a13768bb046,4197,,OFT document UUID; underlying trial ID not established,Peer review of the pesticide risk assessment of the active substance imazamox,doi:10.2903/j.efsa.2016.4432,,not reported in aligned source fields,,,,,µg/piece,>,40.0,,,explicit source fields,676,PPDB,114311-32-9,Imazamox (Ref: BAS 720H),Oral,,1,True,True,False,not established,no shared trial ID supplied; chemical/route alone insufficient,True,0,0,0,0,-1,1
OpenFoodTox,output/external_data_audit/oft_acute_endpoints_aligned.csv,ede2c6499e711854371249c4f69374fe978c0b729dbfadc6e91727048ae83ffc,425,5b14454ad80fe8a48726d6dbb6e18670c1328872765eb31ca5b5bacbef64c5d9,Carbosulfan,55285-14-8,JLQUFIHWVLZVTJ-UHFFFAOYSA-N,Contact,0a152cf2-6c24-40ab-adce-57834afe6acf,7ebc6140-099d-4d5f-8e29-11ce45872e32,cfb989d5-c466-4c26-ae37-28034346c8e4,4202,,OFT document UUID; underlying trial ID not established,Conclusion on the peer review of the pesticide risk assessment of the active substance carbosulfan,doi:10.2903/j.efsa.2009.1354,,not reported in aligned source fields,48.0,,,,µg/piece,,0.18,,,explicit source fields,134,PPDB,55285-14-8,Carbosulfan (Ref: OMS 3022),Contact,,3,True,True,True,not established,no shared trial ID supplied; chemical/route alone insufficient,True,1,1,1,1,1,1
OpenFoodTox,output/external_data_audit/oft_acute_endpoints_aligned.csv,ede2c6499e711854371249c4f69374fe978c0b729dbfadc6e91727048ae83ffc,426,5e7db00b86950b83e0449d256752fcdbc00f841e02563daf9aed4b7036f4afb6,Formetanate hydrochloride,23422-53-9,MYPKGPZHHQEODQ-UHFFFAOYSA-N,Oral,d87f241d-f4a1-4114-a0ce-cbabce02c4f3,6d8c813a-e656-4dad-a455-0376d64673a7,9f6173de-861d-45d3-a736-94cd746f905a,4204,,OFT document UUID; underlying trial ID not established,Conclusion regarding the peer review of the pesticide risk assessment of the active substance formetanate,doi:10.2903/j.efsa.2006.69r,,not reported in aligned source fields,48.0,,,,µg/piece,,0.16,,,explicit source fields,398,ECOTOX,23422-53-9,"N,N-Dimethyl-N'-[3[[(methylamino)carbonyl]oxy]phenyl]methanimidamide hydrochloride (1:1)",Oral,1300|1301,3,True,True,True,not established,no shared trial ID supplied; chemical/route alone insufficient,True,1,1,1,1,1,1
OpenFoodTox,output/external_data_audit/oft_acute_endpoints_aligned.csv,ede2c6499e711854371249c4f69374fe978c0b729dbfadc6e91727048ae83ffc,427,117d909a547ff68f59f7b5b5b8781d16b94bc83dceda04c1d0e98b1301719997,Fipronil,120068-37-3,ZOCSXAVNDGMNBV-UHFFFAOYSA-N,Contact,bb85178d-fa37-4601-930d-39e5fa742919,ba7f2d4d-a0f1-4c18-94c4-bf41f6cd8459,5ade5306-35f6-498e-bc10-aeb407448e21,4205,,OFT document UUID; underlying trial ID not established,Conclusion on the peer review of the pesticide risk assessment for bees for the active substance fipronil.,doi:10.2903/j.efsa.2013.3158,,not reported in aligned source fields,,,,,µg/piece,,0.00593,,,explicit source fields,495,ECOTOX,120068-37-3,"5-Amino-1-[2,6-dichloro-4-(trifluoromethyl)phenyl]-4-[(trifluoromethyl)sulfinyl]-1H-pyrazole-3-carbonitrile",Contact,1860|1863|1865|1867|1868|1869|1871|1872|1875,3,True,True,False,not established,no shared trial ID supplied; chemical/route alone insufficient,True,1,1,1,1,1,1
OpenFoodTox,output/external_data_audit/oft_acute_endpoints_aligned.csv,ede2c6499e711854371249c4f69374fe978c0b729dbfadc6e91727048ae83ffc,428,0c7c8fe6a134e4bb3fb361eabae4e6a3993dbac33793b7016fc67e3fe3d5c5c6,1-naphthylacetamide,86-86-2,XFNJVKMNNVCYEK-UHFFFAOYSA-N,Contact,0fc25fab-5a28-4ee4-9ebf-8e8fa17b5ca7,49cdcbc2-bc45-4710-a1cd-82df8329d922,3ff9fa7d-1766-42d5-b16d-c33b3dead3e4,4206,,OFT document UUID; underlying trial ID not established,Conclusion on the peer review of the pesticide risk assessment of the active substance 2-(1-naphthyl)acetamide (notified as 1-naphthylacetamide),"EFSA Journal 2011,9(2):2020, doi:10.2903/j.efsa.2011.2020",,not reported in aligned source fields,,,,,µg/piece,>,100.0,,,explicit source fields,156,PPDB,86-86-2,1-naphthylacetamide,Contact,,1,True,True,False,not established,no shared trial ID supplied; chemical/route alone insufficient,True,0,0,0,0,0,1
OpenFoodTox,output/external_data_audit/oft_acute_endpoints_aligned.csv,ede2c6499e711854371249c4f69374fe978c0b729dbfadc6e91727048ae83ffc,431,d5327b13a82d7be1c62cd127320b74366338ee4e3bd118ce4673367b8919b9f1,Sulfur (S),7704-34-9,NINIDFKCEFEMDL-UHFFFAOYSA-N,Contact,b8e95b68-f135-40fa-a031-a7d6a959f3e3,d301862f-5f45-4f2f-8c99-7fc536ba30c3,c8f65176-bc76-4a55-ae74-95ba93c9569f,4210,,OFT document UUID; underlying trial ID not established,Peer review of the pesticide risk assessment of the active substance sulfur,"EFSA Journal 2023,21(3):7805, doi:10.2903/j.efsa.2023.7805",,not reported in aligned source fields,48.0,,,,µg/bee,>,98.5,,,explicit source fields,162,ECOTOX,7704-34-9,Sulfur,Contact,1059,0,True,True,True,not established,no shared trial ID supplied; chemical/route alone insufficient,True,0,0,0,0,-1,0
OpenFoodTox,output/external_data_audit/oft_acute_endpoints_aligned.csv,ede2c6499e711854371249c4f69374fe978c0b729dbfadc6e91727048ae83ffc,434,d9b6802b75bbb1af8751a4097805a199fbf7b9efb8483679a9de86eca2329e89,Aclonifen,74070-46-5,DDBMQDADIHOWIC-UHFFFAOYSA-N,Contact,55965e3f-b943-4025-bb93-60bcd1a26597,6c197906-2768-4f59-97aa-967c2f450b9c,ad4d3629-f841-4ac5-87b5-1075d7a5d435,4214,,OFT document UUID; underlying trial ID not established,Conclusion regarding the peer review of the pesticide risk assessment of the active substance Aclonifen,doi:10.2903/j.efsa.2008.149r,,not reported in aligned source fields,48.0,,,,µg/piece,>,100.0,,,explicit source fields,648,PPDB,74070-46-5,Aclonifen (Ref: AE F068300),Contact,,1,True,True,True,not established,no shared trial ID supplied; chemical/route alone insufficient,True,0,0,0,0,0,1
OpenFoodTox,output/external_data_audit/oft_acute_endpoints_aligned.csv,ede2c6499e711854371249c4f69374fe978c0b729dbfadc6e91727048ae83ffc,441,6536d7773805eb0fbd7e9a1dda27e1fa0ffb59ea03af842b78f474ee03f8be5c,Phenmedipham,13684-63-4,IDOWTHOLJBTAFI-UHFFFAOYSA-N,Contact,736f97f3-e454-4956-a4f3-7ff3be1e6437,5303b724-6067-4cc4-a614-46766a908caa,580be492-4818-4a05-bfec-b5ac87dcea17,4225,,OFT document UUID; underlying trial ID not established,Peer review of the pesticide risk assessment of the active substance phenmedipham,doi:10.2903/j.efsa.2018.5151,,not reported in aligned source fields,,PMP SE 160 (formulation).,,,µg/piece,>,100.0,,,explicit source fields,136,ECOTOX,13684-63-4,(3-Methylphenyl)carbamic acid 3-[(methoxycarbonyl)amino]phenyl ester,Contact,1196|1197|1199|1201|1202,1,True,True,False,not established,no shared trial ID supplied; chemical/route alone insufficient,True,0,0,0,0,0,1
OpenFoodTox,output/external_data_audit/oft_acute_endpoints_aligned.csv,ede2c6499e711854371249c4f69374fe978c0b729dbfadc6e91727048ae83ffc,442,78f2d5670e9b9875df80020b8a836dc3cf6095ac7b04974332e7d7ea2df5baf3,Oxasulfuron,144651-06-9,IOXAXYHXMLCCJJ-UHFFFAOYSA-N,Oral,a5fb4873-6edc-4405-b228-5db31f1a3756,c24cbbed-a04c-41d2-bbe3-80d177b409bf,b416a7b4-b84b-4559-b6a9-c875ca1ae1d9,4226,,OFT document UUID; underlying trial ID not established,Peer review of the pesticide risk assessment of the active substance oxasulfuron,doi:10.2903/j.efsa.2017.4722,,not reported in aligned source fields,,,,,µg/piece,>,100.0,,,explicit source fields,875,PPDB,144651-06-9,Oxasulfuron (Ref: CGA 277476 ),Oral,,1,True,True,False,not established,no shared trial ID supplied; chemical/route alone insufficient,True,0,0,0,0,0,1
OpenFoodTox,output/external_data_audit/oft_acute_endpoints_aligned.csv,ede2c6499e711854371249c4f69374fe978c0b729dbfadc6e91727048ae83ffc,444,3faea332a1f899d68114028b22584581598a1067d79189296bb8dacf67bd0749,Propargite,2312-35-8,ZYHMJXZULPZUED-UHFFFAOYSA-N,Contact,2a7ae15d-4351-49cb-a164-988dc2f61e02,88dc8165-c865-4c1e-96f6-3c299ad2204d,d6b0e254-918f-4d94-bded-293488856853,4232,,OFT document UUID; underlying trial ID not established,Conclusion on the peer review of the pesticide risk assessment of the active substance propargite,"EFSA Journal 2011,9(5):2087, doi:10.2903/j.efsa.2011.2087",,not reported in aligned source fields,96.0,,,,µg/piece,,47.92,,,explicit source fields,187,ECOTOX,2312-35-8,"2-[4-(1,1-Dimethylethyl)phenoxy]cyclohexyl 2-propynyl ester sulfurous acid",Contact,911|913|923,1,True,True,False,not established,no shared trial ID supplied; chemical/route alone insufficient,True,0,0,0,0,1,1
OpenFoodTox,output/external_data_audit/oft_acute_endpoints_aligned.csv,ede2c6499e711854371249c4f69374fe978c0b729dbfadc6e91727048ae83ffc,447,2121ce0f985cb886f8172df268cc417f49782750f4f41730a0a81cb1fbd15b04,Thiram (expressed as thiram),,KUAZQDVKQLNFPE-UHFFFAOYSA-N,Contact,94330254-4cb0-4850-88ba-a6f3d1b9f781,2bc6d26b-0a77-41d5-b41b-2ea8801a5ce0,e550a071-7e63-4c7e-99a7-fa90bfa96abf,4238,,OFT document UUID; underlying trial ID not established,Peer review of the pesticide risk assessment of the active substance thiram,doi:10.2903/j.efsa.2017.4700,,not reported in aligned source fields,,,,,µg/piece,>,100.0,,,explicit source fields,142,ECOTOX,137-26-8,"N,N,N',N'-Tetramethylthioperoxydicarbonic diamide ([(H2N)C(S)]2S2)",Contact,520,1,True,True,False,not established,no shared trial ID supplied; chemical/route alone insufficient,True,0,0,0,0,0,1
OpenFoodTox,output/external_data_audit/oft_acute_endpoints_aligned.csv,ede2c6499e711854371249c4f69374fe978c0b729dbfadc6e91727048ae83ffc,449,dfe60994350bdc5016a53c942b5ba198ba2d3bd3223d310fe13e546d79122676,Benfluralin,1861-40-1,SMDHCQAYESWHAE-UHFFFAOYSA-N,Contact,89056e0a-5f80-4ee5-976c-547f3a274668,4a3cb322-b379-4059-bce0-7c2d5c275017,5205bff2-67e0-46ad-ab55-fc5ab6e27fd3|dcf3e84d-81ad-442d-a7cf-a89c192e4be9,4244|4245,,OFT document UUID; underlying trial ID not established,Conclusion regarding the peer review of the pesticide risk assessment of the active substance benfluralin | Peer review of the pesticide risk assessment of the active substance benfluralin,"EFSA Journal 2022,20(9):e07556, doi:10.2903/j.efsa.2022.7556|doi:10.2903/j.efsa.2008.127r",,not reported in aligned source fields,,,,,µg/piece,>,100.0,,,explicit source fields,47,ECOTOX,1861-40-1,"N-Butyl-N-ethyl-2,6-dinitro-4-(trifluoromethyl)benzenamine",Contact,856,0,True,True,False,not established,no shared trial ID supplied; chemical/route alone insufficient,True,0,0,0,0,0,0
OpenFoodTox,output/external_data_audit/oft_acute_endpoints_aligned.csv,ede2c6499e711854371249c4f69374fe978c0b729dbfadc6e91727048ae83ffc,450,76b6eb03b9c6828790af2cacaa7fc531cf7eaca5f9c1a96847aea441f19c7bb7,Dimethachlor,50563-36-5,SCCDDNKJYDZXMM-UHFFFAOYSA-N,Contact,ed6f3735-6acc-4742-8a98-a3f8c77ce75f,7d1419a2-c580-4fbd-adab-a7cda988af14,3acf5647-9044-43ff-8ccf-c23c9255b396,4246,,OFT document UUID; underlying trial ID not established,Conclusion regarding the peer review of the pesticide risk assessment of the active substance dimethachlor,doi:10.2903/j.efsa.2008.169r,,not reported in aligned source fields,48.0,,,,µg/piece,>,200.0,,,explicit source fields,523,PPDB,50563-36-5,Dimethachlor (Ref: CGA 17020),Contact,,0,True,True,True,not established,no shared trial ID supplied; chemical/route alone insufficient,True,0,0,0,0,0,0
OpenFoodTox,output/external_data_audit/oft_acute_endpoints_aligned.csv,ede2c6499e711854371249c4f69374fe978c0b729dbfadc6e91727048ae83ffc,455,98d517364ccf87a51d3d4e0611bc248a66dda9a55441683ba622b72de98e61ad,Propyzamide,23950-58-5,PHNUZKMIPFFYSO-UHFFFAOYSA-N,Oral,9df8afa5-d770-464e-82ff-b251e086cbff,e5a1dd0f-e934-42de-87a7-e696fe543344,6ab89900-a684-4414-8539-d2f79c9f5a49,4252,,OFT document UUID; underlying trial ID not established,Peer review of the pesticide risk assessment of the active substance propyzamide,doi:10.2903/j.efsa.2016.4554,,not reported in aligned source fields,,Propyzamide formulation: GF-1197,,,µg/piece,>,100.0,,,explicit source fields,447,PPDB,23950-58-5,Propyzamide (Ref: RH 315),Oral,,1,True,True,False,not established,no shared trial ID supplied; chemical/route alone insufficient,True,0,0,0,0,0,1
OpenFoodTox,output/external_data_audit/oft_acute_endpoints_aligned.csv,ede2c6499e711854371249c4f69374fe978c0b729dbfadc6e91727048ae83ffc,456,b0aa8a4c5532be91c7ecfde1c76fd77dc89147e0eb495f0b21a4d5c2c6411c3a,Clothianidin,210880-92-5,PGOOBECODWQEAB-UHFFFAOYSA-N,Oral,86cfe18e-e15d-4035-a0e9-6ed97a9ec328,226f37e6-cbac-46b3-913c-ecc6b9b49149,7bfe09b7-88f5-4ab5-b8d1-39f26f556d5a,4255,,OFT document UUID; underlying trial ID not established,Conclusion on the peer review of the pesticide risk assessment for bees for the active substance thiamethoxam,doi:10.2903/j.efsa.2013.3067,,not reported in aligned source fields,,,,,µg/piece,,0.00379,,,explicit source fields,845,PPDB,210880-92-5,Clothianidin (Ref: CGA 322704),Oral,,3,True,True,False,not established,no shared trial ID supplied; chemical/route alone insufficient,True,1,1,1,1,1,1
OpenFoodTox,output/external_data_audit/oft_acute_endpoints_aligned.csv,ede2c6499e711854371249c4f69374fe978c0b729dbfadc6e91727048ae83ffc,458,d32164a36e3d70de8be31aed2252c46a2e6914b9d6880629ca7a40bdc7e339e2,Carbosulfan,55285-14-8,JLQUFIHWVLZVTJ-UHFFFAOYSA-N,Contact,549103c5-aa01-461c-b20d-9d8bcabd5727,71acb97d-e523-43a4-9463-8fcf60d7fabd,8ac6daf7-3cd8-4bfb-9aa8-18f4d4fe7960,4259,,OFT document UUID; underlying trial ID not established,Conclusion regarding the peer review of the pesticide risk assessment of the active substance carbosulfan,doi:10.2903/j.efsa.2006.91r,,not reported in aligned source fields,48.0,,,,µg/piece,,0.18,,,explicit source fields,134,PPDB,55285-14-8,Carbosulfan (Ref: OMS 3022),Contact,,3,True,True,True,not established,no shared trial ID supplied; chemical/route alone insufficient,True,1,1,1,1,1,1
OpenFoodTox,output/external_data_audit/oft_acute_endpoints_aligned.csv,ede2c6499e711854371249c4f69374fe978c0b729dbfadc6e91727048ae83ffc,460,b131c4689b382bc825b32391f97a52d7a22d6570f1e8aecf931919a10a46d991,Sulfur (S),7704-34-9,NINIDFKCEFEMDL-UHFFFAOYSA-N,Contact,a9bb9125-b56e-4890-aed0-35491eb1643b,d25cb052-b168-41c2-b693-bd5ba4ee34b7,c8f65176-bc76-4a55-ae74-95ba93c9569f,4262,,OFT document UUID; underlying trial ID not established,Peer review of the pesticide risk assessment of the active substance sulfur,"EFSA Journal 2023,21(3):7805, doi:10.2903/j.efsa.2023.7805",,not reported in aligned source fields,48.0,Sulfur 80% WG,act. ingr.,,µg/bee,>,700.1,,,explicit source fields,162,ECOTOX,7704-34-9,Sulfur,Contact,1059,0,True,True,False,not established,no shared trial ID supplied; chemical/route alone insufficient,True,0,0,0,0,0,0
OpenFoodTox,output/external_data_audit/oft_acute_endpoints_aligned.csv,ede2c6499e711854371249c4f69374fe978c0b729dbfadc6e91727048ae83ffc,465,6295d69d1495a6f4b55eaf0f6fb1f68237eebee56fc375bfdd66a8362dc4b774,Mepanipyrim,110235-47-7,CIFWZNRJIBNXRE-UHFFFAOYSA-N,Oral,c842e1c2-4145-4ae0-837a-3c36e3215c49,5cd33d77-4ed3-485a-b24a-18b79907f34b,9eae3a5b-eceb-4fb8-bedb-a37fc3592c22|fbfefd03-773e-475e-b61f-0b97477c699a,4271|4272,,OFT document UUID; underlying trial ID not established,Peer review of the pesticide risk assessment of the active substance mepanipyrim | Updated peer review of the pesticide risk assessment of the active substance mepanipyrim,doi:10.2903/j.efsa.2017.4852|doi:10.2903/j.efsa.2023.8196,,not reported in aligned source fields,,,,,µg/piece,>,50.0,,,explicit source fields,774,PPDB,110235-47-7,Mepanipyrim (Ref: KUF 6201),Oral,,1,True,True,False,not established,no shared trial ID supplied; chemical/route alone insufficient,True,0,0,0,0,-1,1
OpenFoodTox,output/external_data_audit/oft_acute_endpoints_aligned.csv,ede2c6499e711854371249c4f69374fe978c0b729dbfadc6e91727048ae83ffc,466,eee882849852ca46db63d475f2177072a244fac564150423af94401abf7d4021,Cadusafos,95465-99-9,KXRPCFINVWWFHQ-UHFFFAOYSA-N,Contact,60166b16-c3d5-4073-b341-5925fdc15837,8ea9d8d2-58dd-4c09-9e49-00e93b281eee,f878f1bc-9291-41ae-ad1a-a7d8f14569c9,4276,,OFT document UUID; underlying trial ID not established,Conclusion regarding the peer review of the pesticide risk assessment of the active substance cadusafos,doi:10.2903/j.efsa.2006.68r,,not reported in aligned source fields,,,,,µg/piece,,1.8,,,explicit source fields,754,PPDB,95465-99-9,Cadusafos (Ref: FMC 67825),Contact,,2,True,True,False,not established,no shared trial ID supplied; chemical/route alone insufficient,True,0,0,1,1,1,1
OpenFoodTox,output/external_data_audit/oft_acute_endpoints_aligned.csv,ede2c6499e711854371249c4f69374fe978c0b729dbfadc6e91727048ae83ffc,468,26ed72554d5a683112ff72e78d836e05d74d38e2bf9d28486c5f0e3fa7424527,Etoxazole,153233-91-1,IXSZQYVWNJNRAL-UHFFFAOYSA-N,Contact,da434369-f691-469d-aeab-593ebc5f43a1,d8278d12-60b7-48d2-8e11-2e3d38fcf6ed,5ae37bf5-a18c-4d9c-8903-1ba4a211eebd,4281,,OFT document UUID; underlying trial ID not established,Peer review of the pesticide risk assessment of the active substance etoxazole,doi:10.2903/j.efsa.2017.4988,,not reported in aligned source fields,,,,,µg/piece,>,200.0,,,explicit source fields,794,ECOTOX,153233-91-1,"2-(2,6-Difluorophenyl)-4-[4-(1,1-dimethylethyl)-2-ethoxyphenyl]-4,5-dihydrooxazole",Contact,2109,0,True,True,False,not established,no shared trial ID supplied; chemical/route alone insufficient,True,0,0,0,0,0,0
OpenFoodTox,output/external_data_audit/oft_acute_endpoints_aligned.csv,ede2c6499e711854371249c4f69374fe978c0b729dbfadc6e91727048ae83ffc,469,6200097e8f8d66f85312737a47fb0f9a04a8ad76de9510744601c2d43babf08c,Etofenprox,80844-07-1,YREQHYQNNWYQCJ-UHFFFAOYSA-N,Contact,6d4481fa-1045-45e4-b349-ef54753225bf,6082d3ed-ec20-4112-9d11-db3dd4b0a95c,6b885fff-fa52-4d04-b83b-27f3bcc205d3,4282,,OFT document UUID; underlying trial ID not established,Conclusion regarding the peer review of the pesticide risk assessment of the active substance etofenprox,doi:10.2903/j.efsa.2009.213r,,not reported in aligned source fields,48.0,,,,µg/piece,,0.015,,,explicit source fields,626,ECOTOX,80844-07-1,1-[[2-(4-Ethoxyphenyl)-2-methylpropoxy]methyl]-3-phenoxybenzene,Contact,1688,3,True,True,True,not established,no shared trial ID supplied; chemical/route alone insufficient,True,1,1,1,1,1,1
OpenFoodTox,output/external_data_audit/oft_acute_endpoints_aligned.csv,ede2c6499e711854371249c4f69374fe978c0b729dbfadc6e91727048ae83ffc,473,0e6761b5efd98e3531880edf87fc950ece144a3b3b6c193e47f177f8f5e4f9b5,Tolclofos-methyl,57018-04-9,OBZIQQJJIKNWNO-UHFFFAOYSA-N,Contact,4ed2d625-0a8a-4859-89d0-9c7adb251a3e,9ea7d65e-f2cd-4704-90a2-d47b2d19d642,e3843e72-41fe-4ee7-b847-1020d2418407,4289,,OFT document UUID; underlying trial ID not established,Peer review of the pesticide risk assessment of the active substance tolclofos-methyl,doi:10.2903/j.efsa.2018.5130,,not reported in aligned source fields,72.0,Tolclofos-methyl 50 WP,,,µg/piece,,455.9,,,explicit source fields,582,ECOTOX,57018-04-9,"Phosphorothioic acid O-(2,6-dichloro-4-methylphenyl) O,O-dimethyl ester",Contact,1549,1,True,True,False,not established,no shared trial ID supplied; chemical/route alone insufficient,True,0,0,0,0,0,1
OpenFoodTox,output/external_data_audit/oft_acute_endpoints_aligned.csv,ede2c6499e711854371249c4f69374fe978c0b729dbfadc6e91727048ae83ffc,475,d040ee16277f5bc74e0463966986e51a3e06542598638cca4a7e7b023786da7c,Nonanoic acid,112-05-0,FBUKVWPVBMHYJY-UHFFFAOYSA-N,Contact,c8f0e53d-39f8-4736-a115-f47371201ed6,91028562-6637-464c-86f1-92b3da4c7000,5f799b33-7491-4195-8159-cc2d7115d0fd,4294,,OFT document UUID; underlying trial ID not established,Peer review of the pesticide risk assessment of the active substance pelargonic acid (nonanoic acid),doi:10.2903/j.efsa.2021.6813,,not reported in aligned source fields,48.0,,,,µg/piece,>,37.5,,,explicit source fields,82,ECOTOX,112-05-0,Nonanoic acid,Contact,389,1,True,True,True,not established,no shared trial ID supplied; chemical/route alone insufficient,True,0,0,0,0,-1,1
OpenFoodTox,output/external_data_audit/oft_acute_endpoints_aligned.csv,ede2c6499e711854371249c4f69374fe978c0b729dbfadc6e91727048ae83ffc,478,0ead423a5e4781e6062b9b6c44166950e875943e2c8cb6901f962ee701a3a68d,Pyrimethanil,53112-28-0,ZLIBICFPKPWGIZ-UHFFFAOYSA-N,Contact,79b46ad3-2202-4e40-85f7-205f1f760430,71151605-0455-45ee-8e17-f0787a07125a,18adf153-9e6b-4ae8-9983-09612f613099|a0d59f6f-ccff-4716-8de0-538c1799996f,4297|4298,,OFT document UUID; underlying trial ID not established,Conclusion regarding the peer review of the pesticide risk assessment of the active substance pyrimethanil | Peer review of the pesticide risk assessment of the active substance pyrimethanil,EFSA Journal. 2024;22:e8998; doi:10.2903/j.efsa.2024.8998|doi:10.2903/j.efsa.2006.61r,,not reported in aligned source fields,,,,,µg/piece,>,100.0,,,explicit source fields,690,ECOTOX,53112-28-0,"4,6-Dimethyl-N-phenyl-2-pyrimidinamine",Contact,1534,1,True,True,False,not established,no shared trial ID supplied; chemical/route alone insufficient,True,0,0,0,0,0,1
OpenFoodTox,output/external_data_audit/oft_acute_endpoints_aligned.csv,ede2c6499e711854371249c4f69374fe978c0b729dbfadc6e91727048ae83ffc,485,a3ba36333aa1949201895dfa1eccc56b5fc0a41141a93a44433c293e6d647c01,Flurtamone,96525-23-4,NYRMIJKDBAQCHC-UHFFFAOYSA-N,Contact,71c18044-9ecc-4ab7-9511-37197e915138,570a3c85-70cc-40a0-91c9-bd920f50a576,f847ef03-4132-4f82-9069-a1f57e2afccb,4307,,OFT document UUID; underlying trial ID not established,Updated peer review of the pesticide risk assessment of the active substance flurtamone,doi:10.2903/j.efsa.2017.4976,,not reported in aligned source fields,,,,,µg/piece,>,100.0,,,explicit source fields,655,PPDB,96525-23-4,Flurtamone (Ref: RPA 590515),Contact,,1,True,True,False,not established,no shared trial ID supplied; chemical/route alone insufficient,True,0,0,0,0,0,1
OpenFoodTox,output/external_data_audit/oft_acute_endpoints_aligned.csv,ede2c6499e711854371249c4f69374fe978c0b729dbfadc6e91727048ae83ffc,487,298d282844a7afda091ae46b3fa0437e0715eb66ae54fc98e69fa83b9479d320,Sulcotrione,99105-77-8,PQTBTIFWAXVEPB-UHFFFAOYSA-N,Oral,23c3d663-12f5-43f1-98c4-d6052f511511,84fff8d4-022e-49dd-b9bb-2cbb01238927,e0365084-abb3-4690-b32f-a9ebd4478952,4314,,OFT document UUID; underlying trial ID not established,Conclusion regarding the peer review of the pesticide risk assessment of the active substance Sulcotrione,doi:10.2903/j.efsa.2008.150r,,not reported in aligned source fields,48.0,,,,µg/piece,,50.0,,,explicit source fields,732,PPDB,99105-77-8,Sulcotrione (Ref: SC 0051),Oral,,1,True,True,True,not established,no shared trial ID supplied; chemical/route alone insufficient,True,0,0,0,0,1,1
OpenFoodTox,output/external_data_audit/oft_acute_endpoints_aligned.csv,ede2c6499e711854371249c4f69374fe978c0b729dbfadc6e91727048ae83ffc,488,bdf7b6c2d27de755783bf316c0a5027e3920d9e6eea98b24db64dfd37b348f5c,Spiromesifen,283594-90-1,GOLXNESZZPUPJE-UHFFFAOYSA-N,Contact,910abc22-26c2-4d05-8619-c43509ee8c74,d4c0801e-2963-478d-b31c-8ef72283e9c4,96b55374-264c-40af-a868-5fcae865c55e,4315,,OFT document UUID; underlying trial ID not established,Conclusion regarding the peer review of the pesticide risk assessment of the active substance spiromesifen,doi:10.2903/j.efsa.2007.105r,,not reported in aligned source fields,48.0,,,,µg/piece,>,200.0,,,explicit source fields,592,ECOTOX,283594-90-1,"3,3-Dimethylbutanoic acid 2-oxo-3-(2,4,6-trimethylphenyl)-1-oaxspiro[4.4]non-3-en-4-yl ester",Contact,2473|2476,0,True,True,True,not established,no shared trial ID supplied; chemical/route alone insufficient,True,0,0,0,0,0,0
OpenFoodTox,output/external_data_audit/oft_acute_endpoints_aligned.csv,ede2c6499e711854371249c4f69374fe978c0b729dbfadc6e91727048ae83ffc,489,b7ca9767878d12900f08b84bb91c3ea3bf8b3514fc035e58124d3d0cdbaeb5ef,Bensulfuron-Methyl,83055-99-6,XMQFTWRPUQYINF-UHFFFAOYSA-N,Oral,a466b379-f7be-4c08-a653-b10764e1434d,16c707cc-2120-4891-b144-1982304bdb4b,5021c463-9720-4e13-a79d-cfdda8b35c8d|8f041049-8103-4a02-85dc-b410c0398a4a,4319|4320,,OFT document UUID; underlying trial ID not established,Conclusion regarding the peer review of the pesticide risk assessment of the active substance bensulfuron | Peer review of the pesticide risk assessment of the active substance bensulfuron-methyl,EFSA Journal. 2024;22:e8999; doi:10.2903/j.efsa.2024.8999|doi:10.2903/j.efsa.2009.178r,,not reported in aligned source fields,,,,,µg/piece,>,51.41,,,explicit source fields,665,PPDB,83055-99-6,Bensulfuron-methyl (Ref: DPX F5384),Oral,,1,True,True,False,not established,no shared trial ID supplied; chemical/route alone insufficient,True,0,0,0,0,-1,1
OpenFoodTox,output/external_data_audit/oft_acute_endpoints_aligned.csv,ede2c6499e711854371249c4f69374fe978c0b729dbfadc6e91727048ae83ffc,492,8ff077076b4bc5365cdbfab7e5fa0629c7a410cfc16a848d54801b0078556779,"2,4-D",94-75-7,OVSKIKFHRZPJSS-UHFFFAOYSA-N,Oral,45ee634e-ca87-4cf2-a15d-006257469734,b9e10a78-3993-45b2-b285-4f826734ffda,44216c52-d1ac-4f38-bd79-39f576c2652b,4328,,OFT document UUID; underlying trial ID not established,"Peer review of the pesticide risk assessment of the active substance 2,4-DB",doi:10.2903/j.efsa.2016.4500,,not reported in aligned source fields,,,,,µg/piece,,94.0,,,explicit source fields,88,PPDB,94-75-7,"2,4-D (Ref: L 208)",Oral,,1,True,True,False,not established,no shared trial ID supplied; chemical/route alone insufficient,True,0,0,0,0,1,1
OpenFoodTox,output/external_data_audit/oft_acute_endpoints_aligned.csv,ede2c6499e711854371249c4f69374fe978c0b729dbfadc6e91727048ae83ffc,494,fba0e520c8cf5aa846f354893371aafafc7ac5a6b02150f72add3a82981e6088,Forchlorfenuron,68157-60-8,GPXLRLUVLMHHIK-UHFFFAOYSA-N,Contact,88530483-ef6a-4a99-a4eb-38c6cafcc58a,863c63bb-6727-4857-89d5-f0414030c93d,3d5c5abc-2095-4a9e-b1db-0732b13a9173,4330,,OFT document UUID; underlying trial ID not established,Peer review of the pesticide risk assessment of the active substance forchlorfenuron,doi:10.2903/j.efsa.2017.4874,,not reported in aligned source fields,,Sitofex,,,µg/piece,>,30.0,,,explicit source fields,477,ECOTOX,68157-60-8,N-(2-Chloro-4-pyridinyl)-N'-phenylurea  ,Contact,1607,1,True,True,False,not established,no shared trial ID supplied; chemical/route alone insufficient,True,0,0,0,0,-1,1
OpenFoodTox,output/external_data_audit/oft_acute_endpoints_aligned.csv,ede2c6499e711854371249c4f69374fe978c0b729dbfadc6e91727048ae83ffc,495,479475941bf06a04bd155d0dad19c60cd85a52eff6711bb9670aeabe1a31f393,Thiophanate-methyl,23564-05-8,QGHREAKMXXNCOA-UHFFFAOYSA-N,Contact,67e5eb2b-2a72-4b26-b47b-1fb2d7bf019d,a69247fd-0364-437b-9da5-eb7a9b3826a1,38cf1654-054d-4bb8-8866-d6a1aa83bc60,4331,,OFT document UUID; underlying trial ID not established,Peer review of the pesticide risk assessment of the active substance thiophanate-methyl,doi:10.2903/j.efsa.2018.5133,,not reported in aligned source fields,,,,,µg/piece,>,100.0,,,explicit source fields,405,ECOTOX,23564-05-8,"N,N'-[1,2-Phenylenebis(iminocarbonothioyl)]bis-C,C'- dimethyl ester carbamic acid",Contact,1306,1,True,True,False,not established,no shared trial ID supplied; chemical/route alone insufficient,True,0,0,0,0,0,1
OpenFoodTox,output/external_data_audit/oft_acute_endpoints_aligned.csv,ede2c6499e711854371249c4f69374fe978c0b729dbfadc6e91727048ae83ffc,502,f7a683b0817e9f99a408d78d2f17fd41479b2154359563f3208c673c498cd757,Triflumuron,64628-44-0,XAIPTRIXGHTTNT-UHFFFAOYSA-N,Contact,a1dec5ff-76bc-4b97-8662-b410758c6c9f,61b14aef-74c4-4b2d-886e-b7fb9c5852b4,35fb09cf-7f68-48c6-8cf7-a64c7982fc27,4340,,OFT document UUID; underlying trial ID not established,Conclusion on the peer review of the pesticide risk assessment of the active substance triflumuron,"EFSA Journal 2011,9(1):1941, doi:10.2903/j.efsa.2011.1941",,not reported in aligned source fields,48.0,,,,µg/piece,>,200.0,,,explicit source fields,536,PPDB,64628-44-0,Triflumuron (Ref: OMS 2015),Contact,,0,True,True,True,not established,no shared trial ID supplied; chemical/route alone insufficient,True,0,0,0,0,0,0
OpenFoodTox,output/external_data_audit/oft_acute_endpoints_aligned.csv,ede2c6499e711854371249c4f69374fe978c0b729dbfadc6e91727048ae83ffc,508,1cfdea5152aa905d599fd10cf683a92e0f0f1aba498aa0591bf89b1287671c28,Metrafenone,220899-03-6,AMSPWOYQQAWRRM-UHFFFAOYSA-N,Oral,06a8587e-004d-43ec-94d1-34fb9cc2cc11,d6a7ead9-d77a-4732-a2ed-8d02a14aebf4,d376f596-d6fc-496b-a197-e94a5aac80ad,4349,,OFT document UUID; underlying trial ID not established,Peer review of the pesticide risk assessment of the active substance metrafenone,"EFSA Journal 2023,21(5):8012, doi:10.2903/j.efsa.2023.8012",,not reported in aligned source fields,,BAS 560 00 F,act. ingr.,,µg/bee,>,32.7,,,explicit source fields,912,ECOTOX,220899-03-6,"(3-Bromo-6-methoxy-2-methylphenyl)(2,3,4-trimethoxy-6-methylphenyl)methanone",Oral,2440|2441,1,True,True,False,not established,no shared trial ID supplied; chemical/route alone insufficient,True,0,0,0,0,-1,1
OpenFoodTox,output/external_data_audit/oft_acute_endpoints_aligned.csv,ede2c6499e711854371249c4f69374fe978c0b729dbfadc6e91727048ae83ffc,511,23843379aa3adbce0597a8afc070b9cd632fdbbba8ae237ad78f20af31f81a6a,Triflumuron,64628-44-0,XAIPTRIXGHTTNT-UHFFFAOYSA-N,Contact,e67435c3-72a8-4171-b13d-b2fb440dad62,e110e07e-cd45-4fa6-a3a2-dbaddadaedf6,f453f409-d7c4-48c3-8b71-210976a2e990,4354,,OFT document UUID; underlying trial ID not established,Conclusion regarding the peer review of the pesticide risk assessment of the active substance triflumuron,doi:10.2903/j.efsa.2009.194r,,not reported in aligned source fields,48.0,,,,µg/piece,>,200.0,,,explicit source fields,536,PPDB,64628-44-0,Triflumuron (Ref: OMS 2015),Contact,,0,True,True,True,not established,no shared trial ID supplied; chemical/route alone insufficient,True,0,0,0,0,0,0
OpenFoodTox,output/external_data_audit/oft_acute_endpoints_aligned.csv,ede2c6499e711854371249c4f69374fe978c0b729dbfadc6e91727048ae83ffc,512,e8efd05006965f4c58dbd8bff01ffa1483aed46509e3fbe29c7d0e7fdc88f62e,Bifenox,42576-02-3,SUSRORUBZHMPCO-UHFFFAOYSA-N,Contact,09a33b7e-5d67-405b-8e79-ee3764d6f0f3,a6892fe4-1b81-458a-998c-c21580c618f5,4126058e-c306-4a47-b822-aebcd0649b25,4355,,OFT document UUID; underlying trial ID not established,Conclusion regarding the peer review of the pesticide risk assessment of the active substance bifenox,doi:10.2903/j.efsa.2008.119r,,not reported in aligned source fields,48.0,,,,µg/piece,>,200.0,,,explicit source fields,471,PPDB,42576-02-3,Bifenox,Contact,,0,True,True,True,not established,no shared trial ID supplied; chemical/route alone insufficient,True,0,0,0,0,0,0
OpenFoodTox,output/external_data_audit/oft_acute_endpoints_aligned.csv,ede2c6499e711854371249c4f69374fe978c0b729dbfadc6e91727048ae83ffc,513,19174ca84da82c64f838e7ba65660ca454d7c383e0325c92343db0c7f64939d7,Pencycuron,66063-05-6,OGYFATSSENRIKG-UHFFFAOYSA-N,Oral,462b6b96-3eed-4d78-b2b3-65e288b05d16,f11d00f1-7f4e-42dd-8c35-605172f2ee8c,3dca94e8-55d8-4714-81eb-5783d0af3713,4357,,OFT document UUID; underlying trial ID not established,Conclusion on the peer review of the pesticide risk assessment of the active substance pencycuron,doi:10.2903/j.efsa.2010.1828,,not reported in aligned source fields,48.0,,,,µg/piece,>,98.5,,,explicit source fields,574,PPDB,66063-05-6,Pencycuron (Ref: NTN 19701),Oral,,1,True,True,True,not established,no shared trial ID supplied; chemical/route alone insufficient,True,0,0,0,0,-1,1
OpenFoodTox,output/external_data_audit/oft_acute_endpoints_aligned.csv,ede2c6499e711854371249c4f69374fe978c0b729dbfadc6e91727048ae83ffc,514,e4b5d3afd2b4274766e296a11f84b046a957578eea0b9abadf156409fc74afea,Fosetyl-aluminium,39148-24-8,OIPMQULDKWSNGX-UHFFFAOYSA-N,Contact,7573a6b9-4341-4033-a968-d870f1844a29,db5f24c8-6a0d-4114-88c3-46b041658cc6,36654755-c09a-4a9f-9d7b-6e67029a6231,4358,,OFT document UUID; underlying trial ID not established,Peer review of the pesticide risk assessment of the active substance fosetyl,"EFSA Journal 2018,16(6):5307, doi:10.2903/j.efsa.2018.5307",,not reported in aligned source fields,,,,,µg/piece,>,100.0,,,explicit source fields,632,PPDB,39148-24-8,Fosetyl-aluminium (Ref: RP 32545),Contact,,1,True,True,False,not established,no shared trial ID supplied; chemical/route alone insufficient,True,0,0,0,0,0,1
OpenFoodTox,output/external_data_audit/oft_acute_endpoints_aligned.csv,ede2c6499e711854371249c4f69374fe978c0b729dbfadc6e91727048ae83ffc,517,bed0f5017453f584ea86cee1c6177d582ed4648ebf1eb04aca4df00b63703d7b,Chlorothalonil,1897-45-6,CRQQGFGUEAVUIL-UHFFFAOYSA-N,Contact,4a409671-db07-494f-b980-36d3633dcf8e,e6936440-2d6c-4ba5-8d98-da31ff9f9264,cdd2ad0c-4047-408c-8ba2-2cabc2c3345a,4361,,OFT document UUID; underlying trial ID not established,Peer review of the pesticide risk assessment of the active substance chlorothalonil,doi:10.2903/j.efsa.2018.5126,,not reported in aligned source fields,,,,,µg/piece,>,40.0,,,explicit source fields,230,ECOTOX,1897-45-6,"2,4,5,6-Tetrachloro-1,3-benzenedicarbonitrile",Contact,857,0,True,True,False,not established,no shared trial ID supplied; chemical/route alone insufficient,True,0,0,0,0,-1,0
OpenFoodTox,output/external_data_audit/oft_acute_endpoints_aligned.csv,ede2c6499e711854371249c4f69374fe978c0b729dbfadc6e91727048ae83ffc,518,3a1dff7cfb5127012fcf6b890866882909a8569fb165640d96c344fc0baa5e0a,Dicloran,99-30-9,BIXZHMJUSMUDOQ-UHFFFAOYSA-N,Contact,be95a27f-3bc0-4ac4-a30c-92fd51ee711f,ede109b3-53f0-4e7d-afe0-28a07693ca51,e65f4829-a620-4877-8591-0fd4eb99bc56,4362,,OFT document UUID; underlying trial ID not established,Conclusion on the peer review of the pesticide risk assessment of the active substance dicloran,doi:10.2903/j.efsa.2010.1698,,not reported in aligned source fields,48.0,,,,µg/piece,>,100.0,,,explicit source fields,198,ECOTOX,99-30-9,"2,6-Dichloro-4-nitrobenzenamine",Contact,377,0,True,True,True,not established,no shared trial ID supplied; chemical/route alone insufficient,True,0,0,0,0,0,0
OpenFoodTox,output/external_data_audit/oft_acute_endpoints_aligned.csv,ede2c6499e711854371249c4f69374fe978c0b729dbfadc6e91727048ae83ffc,521,5ed376270a952dd375882fdd3cd7b4cf78e72ca3e571c2987e80df8084a5d541,Carbofuran,1563-66-2,DUEPRVBVGDRKAG-UHFFFAOYSA-N,Contact,2592ef37-18e4-4b80-9c15-eea40672a0fc,5a6ad503-d8e7-4803-87a9-d33cbcd85867,98e67670-2aa6-4f98-9ede-5a8679718f44,4368,,OFT document UUID; underlying trial ID not established,Conclusion regarding the peer review of the pesticide risk assessment of the active substance Carbofuran,doi:10.2903/j.efsa.2009.310r,,not reported in aligned source fields,,,,,µg/piece,,0.0357,,,explicit source fields,355,ECOTOX,1563-66-2,"2,3-Dihydro-2,2-dimethyl-7-benzofuranol 7-(N-methylcarbamate)",Contact,831,3,True,True,False,not established,no shared trial ID supplied; chemical/route alone insufficient,True,1,1,1,1,1,1
OpenFoodTox,output/external_data_audit/oft_acute_endpoints_aligned.csv,ede2c6499e711854371249c4f69374fe978c0b729dbfadc6e91727048ae83ffc,522,ea43a127e21dad95f39c17a663ee634dfa004690e92da4d2731895d3ee1e7b25,Methiocarb,2032-65-7,YFBPRJGDJKVWAH-UHFFFAOYSA-N,Contact,43eb7516-bcb4-40ce-a144-19975b2bce54,313e8643-b749-449c-bbdc-551895708be7,78d7f5cb-5e45-4c3e-aa7d-acad607bac48,4369,,OFT document UUID; underlying trial ID not established,Peer review of the pesticide risk assessment of the active substance methiocarb,"EFSA Journal 2018,16(10):5429, doi:10.2903/j.efsa.2018.5429",,not reported in aligned source fields,48.0,,,,µg/piece,,0.23,,,explicit source fields,130,ECOTOX,2032-65-7,"3,5-Dimethyl-4-(methylthio)phenol, Methylcarbamate",Contact,885,3,True,True,True,not established,no shared trial ID supplied; chemical/route alone insufficient,True,1,1,1,1,1,1
OpenFoodTox,output/external_data_audit/oft_acute_endpoints_aligned.csv,ede2c6499e711854371249c4f69374fe978c0b729dbfadc6e91727048ae83ffc,523,5710c1c68302caaefa4de86d6e268a10376cdcc7b89a211c321a2f74664d9065,Imazaquin,81335-37-7,CABMTIJINOIHOD-UHFFFAOYSA-N,Oral,64c120ac-cb22-479b-9ffd-a10431d493b5,94f9df01-d563-441b-8fcb-5e7f9a8962f5,beb0f8ae-c638-468a-8840-cfeb99419d49,4371,,OFT document UUID; underlying trial ID not established,Conclusion on the peer review of the pesticide risk assessment of the active substance imazaquin,"EFSA Journal 2011,9(1):1968, doi:10.2903/j.efsa.2011.1968",,not reported in aligned source fields,,,,,µg/piece,>,6.5,,,explicit source fields,618,PPDB,81335-37-7,Imazaquin (Ref: BAS 725H),Oral,,2,True,True,False,not established,no shared trial ID supplied; chemical/route alone insufficient,True,0,0,-1,1,-1,1
OpenFoodTox,output/external_data_audit/oft_acute_endpoints_aligned.csv,ede2c6499e711854371249c4f69374fe978c0b729dbfadc6e91727048ae83ffc,525,44189e1b6acca714607dfd14b498dd00e29b3bfb96b5d37d39ca2317627cc2d3,Imazosulfuron,122548-33-8,NAGRVUXEKKZNHT-UHFFFAOYSA-N,Oral,93dfd527-4e26-4013-a6ce-bec71c20681a,f9a5c1f2-686f-4333-8fbd-a4618e214751,c8e3de78-431a-48c9-84c0-3db87f9b0e85,4375,,OFT document UUID; underlying trial ID not established,Peer review of the pesticide risk assessment of the active substance imazosulfuron,doi:10.2903/j.efsa.2017.4695,,not reported in aligned source fields,,,,,µg/piece,>,41.6,,,explicit source fields,761,ECOTOX,122548-33-8,"2-Chloro-N-[[(4,6-dimethoxy-2-pyrimidinyl)amino]carbonyl]imidazo[1,2-a]pyridine-3-sulfonamide",Oral,1897|1898,1,True,True,False,not established,no shared trial ID supplied; chemical/route alone insufficient,True,0,0,0,0,-1,1
OpenFoodTox,output/external_data_audit/oft_acute_endpoints_aligned.csv,ede2c6499e711854371249c4f69374fe978c0b729dbfadc6e91727048ae83ffc,526,ec3399466406545a299aa62d63eb627a60d85db4d5413f7d245022efae71db17,Ethametsulfuron-Methyl,97780-06-8,ZINJLDJMHCUBIP-UHFFFAOYSA-N,Contact,c52dcb48-11e2-4352-b475-2d8c3ba78d21,6d001a66-8bdc-4240-93d0-26d91ec7e4b0,0ea68f58-8b1a-4c39-965b-fee8343734c7,4377,,OFT document UUID; underlying trial ID not established,Conclusion on the peer review of the pesticide risk assessment of the active substance ethametsulfuron (evaluated variant ethametsulfuron-methyl),"EFSA Journal 2014,12(7):3787, doi:10.2903/j.efsa.2014.3787",,not reported in aligned source fields,72.0,Formulation: Ethametsulfuron-methyl 75WG + DPX-KG691,,,µg/piece,,4.62,,,explicit source fields,742,PPDB,97780-06-8,Ethametsulfuron-methyl (Ref: DPX-A7881),Contact,,2,True,True,False,not established,no shared trial ID supplied; chemical/route alone insufficient,True,0,0,1,1,1,1
OpenFoodTox,output/external_data_audit/oft_acute_endpoints_aligned.csv,ede2c6499e711854371249c4f69374fe978c0b729dbfadc6e91727048ae83ffc,527,5f8345dab1003473d028853a84ce2dcc70765c3ce15bd4fe7b2965d808071279,Oxyfluorfen,42874-03-3,OQMBBFQZGJFLBU-UHFFFAOYSA-N,Oral,9c90837f-3285-4105-9978-88776b9130f0,d418bdae-20ae-4b7b-ae38-b96b84d25ba4,f8231c82-faa8-419b-8bde-38bdf6846b64,4383,,OFT document UUID; underlying trial ID not established,Conclusion on the peer review of the pesticide risk assessment of the active substance oxyfluorfen,doi:10.2903/j.efsa.2010.1906,,not reported in aligned source fields,48.0,,,,µg/piece,>,100.0,,,explicit source fields,509,ECOTOX,42874-03-3,2-Chloro-1-(3-ethoxy-4-nitrophenoxy)-4-(trifluoromethyl)benzene,Oral,1445|1446,1,True,True,True,not established,no shared trial ID supplied; chemical/route alone insufficient,True,0,0,0,0,0,1
OpenFoodTox,output/external_data_audit/oft_acute_endpoints_aligned.csv,ede2c6499e711854371249c4f69374fe978c0b729dbfadc6e91727048ae83ffc,528,1f70e83954a6f0e620ee76f2c4038a25cd185b918fd7937b0edc919f63679cf9,Teflubenzuron,83121-18-0,CJDWRQLODFKPEL-UHFFFAOYSA-N,Oral,ddddb146-c5f6-43cc-a9ee-92d387f537ed,8a206047-7c76-4ee7-8677-79a4a9938c87,cbaaee7a-d3ab-45a0-9de0-796f4fa11721,4384,,OFT document UUID; underlying trial ID not established,Conclusion regarding the peer review of the pesticide risk assessment of the active substance teflubenzuron,doi:10.2903/j.efsa.2009.184r,,not reported in aligned source fields,48.0,,,,µg/piece,>,72.0,,,explicit source fields,584,PPDB,83121-18-0,Teflubenzuron (Ref: CME 13406),Oral,,1,True,True,True,not established,no shared trial ID supplied; chemical/route alone insufficient,True,0,0,0,0,-1,1
OpenFoodTox,output/external_data_audit/oft_acute_endpoints_aligned.csv,ede2c6499e711854371249c4f69374fe978c0b729dbfadc6e91727048ae83ffc,533,162aeffcb704fdc8376a7252ce553c8b91d479eebd0d0b906feb623c792f3b61,Thiabendazole,148-79-8,WJCNZQLZVWNLKY-UHFFFAOYSA-N,Oral,7f8a31d1-0bba-4b1d-940d-16abd8cea962,b633dce6-55e7-459c-859b-50c9b42ff002,3a0884d3-f0c5-4712-ac88-da8a4bdce891,4389,,OFT document UUID; underlying trial ID not established,Conclusion on the peer review of the pesticide risk assessment of the active substance thiabendazole,"EFSA Journal 2014,12(11):3880, doi:10.2903/j.efsa.2014.3880",,not reported in aligned source fields,,,,,µg/piece,>,4.0,,,explicit source fields,296,ECOTOX,148-79-8,2-(4-Thiazolyl)-1H-benzimidazole,Oral,553|554|555,2,True,True,False,not established,no shared trial ID supplied; chemical/route alone insufficient,True,0,0,-1,1,-1,1
OpenFoodTox,output/external_data_audit/oft_acute_endpoints_aligned.csv,ede2c6499e711854371249c4f69374fe978c0b729dbfadc6e91727048ae83ffc,534,d34610e6b36f44ad4cb2ed12f8128f674d60bb7b6d92de3d23744f81cc565302,Ametoctradin,865318-97-4,GGKQIOFASHYUJZ-UHFFFAOYSA-N,Contact,e125b09e-b561-48c0-8ad0-939b78ff4690,696aef6e-f359-427d-b876-141973070834,fcc2ee54-ba91-4129-a5ea-4cb65f196db4,4396,,OFT document UUID; underlying trial ID not established,Conclusion on the peer review of the pesticide risk assessment of the active substance ametoctradin (BAS 650 F),"EFSA Journal 2012,10(11):2921, doi:10.2903/j.efsa.2012.2921",,not reported in aligned source fields,,,,,µg/piece,>,100.0,,,explicit source fields,996,PPDB,865318-97-4,Ametoctradin (Ref: BAS 650F),Contact,,1,True,True,False,not established,no shared trial ID supplied; chemical/route alone insufficient,True,0,0,0,0,0,1
OpenFoodTox,output/external_data_audit/oft_acute_endpoints_aligned.csv,ede2c6499e711854371249c4f69374fe978c0b729dbfadc6e91727048ae83ffc,535,15998276c41501b9d1f7bfaa6b2b7b4a8048393a651aeb182fcef60117cc17d5,Clothianidin,210880-92-5,PGOOBECODWQEAB-UHFFFAOYSA-N,Oral,5dd7131b-7809-43ef-9287-31705bf82c23,1b7a932b-d00f-41c4-b6f3-9f606ec0e747,2476311a-e658-485c-893a-8ea34c8c6017,4398,,OFT document UUID; underlying trial ID not established,Peer review of the pesticide risk assessment for bees for the active substance clothianidin considering the uses as seed treatments and granules,doi:10.2903/j.efsa.2018.5177,,not reported in aligned source fields,,,,,µg/piece,,0.00379,,,explicit source fields,845,PPDB,210880-92-5,Clothianidin (Ref: CGA 322704),Oral,,3,True,True,False,not established,no shared trial ID supplied; chemical/route alone insufficient,True,1,1,1,1,1,1
OpenFoodTox,output/external_data_audit/oft_acute_endpoints_aligned.csv,ede2c6499e711854371249c4f69374fe978c0b729dbfadc6e91727048ae83ffc,536,5a39c65f578fda17448387968471654c75705b4d7b429141807d641e240cbd17,Phosmet,732-11-6,LMNZTLDVJIUSHT-UHFFFAOYSA-N,Contact,61a38538-071d-44ab-8057-40e332facd4b,685dac33-a4b8-4783-a846-4a917b116187,20ec67b7-10c6-4fc6-bc1c-0767a4f9e778,4399,,OFT document UUID; underlying trial ID not established,Peer review of the pesticide risk assessment of the active substance phosmet,doi:10.2903/j.efsa.2021.6237,,not reported in aligned source fields,,,,,µg/piece,,0.22,,,explicit source fields,5,ECOTOX,732-11-6,"S-[(1,3-Dihydro-1,3-dioxo-2H-isoindol-2-yl)methyl]O,O-dimethyl ester, Phosphorodithioic acid",Contact,704|705,2,True,True,False,not established,no shared trial ID supplied; chemical/route alone insufficient,True,1,0,1,1,1,1
OpenFoodTox,output/external_data_audit/oft_acute_endpoints_aligned.csv,ede2c6499e711854371249c4f69374fe978c0b729dbfadc6e91727048ae83ffc,537,70206763c29bd03d97926f16382f57b59c032e7c362a95b4096f7dbaa048ec76,Fenbuconazole,114369-43-6,RQDJADAKIFFEKQ-UHFFFAOYSA-N,Oral,b5c53eee-2182-41db-a154-cfa32f38c7f4,089e2f2e-fade-4b30-b4ad-b5d8dca6271b,6c2f67b2-0fd0-4772-a100-3d2cbbb09c8e,4401,,OFT document UUID; underlying trial ID not established,Conclusion on the peer review of the pesticide risk assessment of the active substance fenbuconazole,doi:10.2903/j.efsa.2010.1558,,not reported in aligned source fields,48.0,Fenbuconazole (formulation) - Indar 5EC,,,µg/piece,>,5.2,,,explicit source fields,714,ECOTOX,114369-43-6,"alpha-[2-(4-Chlorophenyl)ethyl]-alpha-phenyl-1H-1,2,4-triazole-1-propanenitrile",Oral,1826,2,True,True,False,not established,no shared trial ID supplied; chemical/route alone insufficient,True,0,0,-1,1,-1,1
OpenFoodTox,output/external_data_audit/oft_acute_endpoints_aligned.csv,ede2c6499e711854371249c4f69374fe978c0b729dbfadc6e91727048ae83ffc,539,610ea39b89bcb7fe4b0b6b59d2909c3fceb117fd7e5433860709d1cae40f0f94,Prothioconazole,178928-70-6,MNHVNIJQQRJYDH-UHFFFAOYSA-N,Contact,e4c56318-f38b-482e-b41e-77204054541c,2586ab1e-aedd-406c-92bc-a0dfd62b421e,871dea60-7965-4be5-9609-e36cf529fa79,4407,,OFT document UUID; underlying trial ID not established,Conclusion regarding the peer review of the pesticide risk assessment of the active substance prothioconazole,"EFSA Scientific Report (2007) 106, 1-98, doi:10.2903/j.efsa.2007.106r",,not reported in aligned source fields,,,,,µg/piece,>,200.0,,,explicit source fields,751,ECOTOX,178928-70-6,"2-[2-(1-Chlorocyclopropyl)-3-(2-chlorophenyl)-2-hydroxypropyl]-1,2-dihydro-3H-1,2,4-triazole-3-thione",Contact,2304|2307,0,True,True,False,not established,no shared trial ID supplied; chemical/route alone insufficient,True,0,0,0,0,0,0
OpenFoodTox,output/external_data_audit/oft_acute_endpoints_aligned.csv,ede2c6499e711854371249c4f69374fe978c0b729dbfadc6e91727048ae83ffc,541,8c0e106dba7f654935a932a185d56e97412047ceca328345c79f5419d942d4a9,Fenamiphos,22224-92-6,ZCJPOPBZHLUFHF-UHFFFAOYSA-N,Contact,6c30fc7a-6da1-445b-845d-888457369840,f03ce99c-5e23-4043-8ab5-b37d1ed5d948,9999b9bb-3e86-4026-85e5-f925ee08cf2e,4409,,OFT document UUID; underlying trial ID not established,Conclusion regarding the peer review of the pesticide risk assessment of the active substance fenamiphos,doi:10.2903/j.efsa.2006.62r,,not reported in aligned source fields,48.0,,,,µg/piece,,0.28,,,explicit source fields,379,ECOTOX,22224-92-6,(1-Methylethyl)phosphoramidic acid ethyl-3-methyl-4-(methylthio)phenyl ester,Contact,1263,2,True,True,True,not established,no shared trial ID supplied; chemical/route alone insufficient,True,1,0,1,1,1,1
OpenFoodTox,output/external_data_audit/oft_acute_endpoints_aligned.csv,ede2c6499e711854371249c4f69374fe978c0b729dbfadc6e91727048ae83ffc,545,41a780ed9eebf2cb4ba045b34d0630bee831d979acc5808a28b1ffb3d9d033ff,Benzovindiflupyr,1072957-71-1,CCCGEKHKTPTUHJ-UHFFFAOYSA-N,Contact,c3e6dd03-e686-409d-9262-c312771c7939,2bcb8e38-e907-43eb-bc56-662d24c9e0aa,eb41218e-a064-4b35-b77c-d3f8af9ed2ae,4414,,OFT document UUID; underlying trial ID not established,Conclusion on the peer review of the pesticide risk assessment of the active substance benzovindiflupyr,doi:10.2903/j.efsa.2015.4043,,not reported in aligned source fields,,,,,µg/piece,>,100.0,,,explicit source fields,991,ECOTOX,1072957-71-1,"N-[9-(Dichloromethylene)-1,2,3,4-tetrahydro-1,4-1H-pyrazole-4-carboxamide",Contact,2632,1,True,True,False,not established,no shared trial ID supplied; chemical/route alone insufficient,True,0,0,0,0,0,1
OpenFoodTox,output/external_data_audit/oft_acute_endpoints_aligned.csv,ede2c6499e711854371249c4f69374fe978c0b729dbfadc6e91727048ae83ffc,547,0532106f1257ea0361aeae516e5e93940b11321bb06e8c3d2e12293f0fc3aa34,Carfentrazone-ethyl,128639-02-1,MLKCGVHIFJBRCD-UHFFFAOYSA-N,Contact,e5d6979f-8be7-40db-91b8-d620ab393380,8ec55823-2ca6-4fb0-8545-5f285b94e74a,8b11331d-2cac-471b-83a4-0fabb00b5f86,4418,,OFT document UUID; underlying trial ID not established,Peer review of the pesticide risk assessment of the active substance carfentrazone-ethyl,doi:10.2903/j.efsa.2016.4569,,not reported in aligned source fields,,Carfentrazone-ethyl formulation: Carfentrazone-ethyl 40 WG,,,µg/piece,>,81.0,,,explicit source fields,748,ECOTOX,128639-02-1,"alpha,2-Dichloro-5-[4-(difluoromethyl)-4,5-dihydro-3-methyl-5-oxo-1H-1,2,4-triazol-1-yl]-4-fluorobenzenepropanoic acid, Ethyl ester",Contact,1926,1,True,True,False,not established,no shared trial ID supplied; chemical/route alone insufficient,True,0,0,0,0,-1,1
OpenFoodTox,output/external_data_audit/oft_acute_endpoints_aligned.csv,ede2c6499e711854371249c4f69374fe978c0b729dbfadc6e91727048ae83ffc,552,d9a825f85ab3a20d52b94e1d42542d06de93f9fd7916ce9fcca78eb30e197231,Diclofop-Methyl,51338-27-3,BACHBFVBHLGWSL-UHFFFAOYSA-N,Contact,426b9551-c65a-448d-aabf-d1f01bb0ff97,63bc1e8d-1b8a-4a6b-b867-c4ee8130722e,f9f4d0fa-45db-4bb6-a54c-d432a5714cc8,4430,,OFT document UUID; underlying trial ID not established,Conclusion on the peer review of the pesticide risk assessment of the active substance diclofop (considered variant diclofop-methyl),doi:10.2903/j.efsa.2010.1718,,not reported in aligned source fields,48.0,,,,µg/piece,>,100.0,,,explicit source fields,386,PPDB,51338-27-3,Diclofop-methyl (Ref: HOE 023408),Contact,,1,True,True,True,not established,no shared trial ID supplied; chemical/route alone insufficient,True,0,0,0,0,0,1
OpenFoodTox,output/external_data_audit/oft_acute_endpoints_aligned.csv,ede2c6499e711854371249c4f69374fe978c0b729dbfadc6e91727048ae83ffc,557,c7790f9d1de05ecedb5a92bc16bb13b1095ebadeefaa36952f5a0a7f92af15bd,Acetochlor,34256-82-1,VTNQPKFIQCLBDU-UHFFFAOYSA-N,Oral,956ae015-deff-45a8-8961-3dff28ae53d1,4d840148-9639-4757-bced-62fbaceaf34e,c65f2848-88ac-4738-974b-2dc352c04788,4435,,OFT document UUID; underlying trial ID not established,Conclusion on the peer review of the pesticide risk assessment of the active substance acetochlor,"EFSA Journal 2011,9(5):2143, doi:10.2903/j.efsa.2011.2143",,not reported in aligned source fields,48.0,,,,µg/piece,>,100.0,,,explicit source fields,119,ECOTOX,34256-82-1,2-Chloro-N-(ethoxymethyl)-N-(2-ethyl-6-methylphenyl)acetamide,Oral,1393|1394|1395|1396,1,True,True,True,not established,no shared trial ID supplied; chemical/route alone insufficient,True,0,0,0,0,0,1
OpenFoodTox,output/external_data_audit/oft_acute_endpoints_aligned.csv,ede2c6499e711854371249c4f69374fe978c0b729dbfadc6e91727048ae83ffc,561,0d62b583b9859d9cfbc6dd40c6fda0e8bacfdf10440385ef52a8ff88454fc9ae,Paclobutrazol,76738-62-0,RMOGWMIKYWRTKW-UHFFFAOYSA-N,Oral,aecbaf30-bdf9-4104-8a50-cf0c5d6f733d,5c057d54-bebe-4806-9f76-68f63382fd1c,7a81db53-5f85-49fb-be70-246898c22087,4440,,OFT document UUID; underlying trial ID not established,Conclusion on the peer review of the pesticide risk assessment of the active substance paclobutrazol,doi:10.2903/j.efsa.2010.1876,,not reported in aligned source fields,48.0,,,,µg/piece,>,2.0,,,explicit source fields,629,PPDB,76738-62-0,Paclobutrazol (Ref: PP 333),Oral,,2,True,True,True,not established,no shared trial ID supplied; chemical/route alone insufficient,True,0,0,-1,1,-1,1
OpenFoodTox,output/external_data_audit/oft_acute_endpoints_aligned.csv,ede2c6499e711854371249c4f69374fe978c0b729dbfadc6e91727048ae83ffc,562,1694c891cfacd07899f560b8b8a6cdb0a77182c89d7d80c6d6974ef499e16d9a,Ethoprophos,13194-48-4,VJYFKVYYMZPMAB-UHFFFAOYSA-N,Contact,ce7459e5-d78f-4784-ba2d-93f3ab778803,397f8ef0-f174-4242-af98-df3de62623af,0ee46ddc-c352-411a-84c9-13b59d52e95b,4441,,OFT document UUID; underlying trial ID not established,Conclusion regarding the peer review of the pesticide risk assessment of the active substance ethoprophos,doi:10.2903/j.efsa.2006.66r,,not reported in aligned source fields,,,,,µg/piece,,5.56,,,explicit source fields,240,ECOTOX,13194-48-4,"Phosphorodithioic acid O-ethyl S,S-dipropyl ester",Contact,1184|1185,2,True,True,False,not established,no shared trial ID supplied; chemical/route alone insufficient,True,0,0,1,1,1,1
OpenFoodTox,output/external_data_audit/oft_acute_endpoints_aligned.csv,ede2c6499e711854371249c4f69374fe978c0b729dbfadc6e91727048ae83ffc,563,f7ae23486eda7d73f0b508c04c3fc500a407b6a312d2ade5d8a56dc73f632290,Tolylfluanid,731-27-1,HYVWIQDYBVKITD-UHFFFAOYSA-N,Oral,2a05552c-db7c-4aac-ae41-0ba18f2f5401,90f8481c-d154-46ca-a095-c32302f78a84,f024d55e-0dd3-4989-b838-ee49f0d0d0b0,4443,,OFT document UUID; underlying trial ID not established,Conclusion regarding the peer review of the pesticide risk assessment of the active substance tolylfluanid,doi:10.2903/j.efsa.2005.29r,,not reported in aligned source fields,,,,,µg/piece,>,197.0,,,explicit source fields,552,ECOTOX,731-27-1,"1,1-Dichloro-N-[(dimethylamino)sulfonyl]-1-fluoro-N-(4-methylphenyl)methanesulfenamide",Oral,703,1,True,True,False,not established,no shared trial ID supplied; chemical/route alone insufficient,True,0,0,0,0,0,1
OpenFoodTox,output/external_data_audit/oft_acute_endpoints_aligned.csv,ede2c6499e711854371249c4f69374fe978c0b729dbfadc6e91727048ae83ffc,564,edea40fffdbd65c24afc382e4ce01f69258a0ab4762e3daccc5cf9626498ef35,Benfuracarb,82560-54-1,FYZBOYWSHKHDMT-UHFFFAOYSA-N,Contact,82789248-01c8-4e9d-a717-bd55397a0786,fa2fc617-7732-47f2-9734-ec0a20117a94,3fb127a8-83ee-4cdb-9e16-ae6cc86a8eda,4445,,OFT document UUID; underlying trial ID not established,Peer review of the pesticide risk assessment of the active substance benfuracarb,doi:10.2903/j.efsa.2009.239r,,not reported in aligned source fields,48.0,,,,µg/piece,,0.19,,,explicit source fields,643,PPDB,82560-54-1,Benfuracarb,Contact,,3,True,True,True,not established,no shared trial ID supplied; chemical/route alone insufficient,True,1,1,1,1,1,1
OpenFoodTox,output/external_data_audit/oft_acute_endpoints_aligned.csv,ede2c6499e711854371249c4f69374fe978c0b729dbfadc6e91727048ae83ffc,566,005320ac1dfb9afc10a6ca1ef319f464e9aadcd267d6dd130c5ede9ef8a5de7d,Pydiflumetofen,1228284-64-7,DGOAXBPOVUPPEB-UHFFFAOYSA-N,Contact,a0ed205b-8e24-4018-b83c-254cd296b5ca,8c9d181d-76e1-4356-8287-6c6fe13d40ee,34336a6d-4851-4221-b0e6-e2663561d4a5|a0ce5093-8a7f-4b19-9d75-539ed9f0c57f,4447|4448,,OFT document UUID; underlying trial ID not established,Peer review of the pesticide risk assessment of the active substance pydiflumetofen. | Updated peer review of the pesticide risk assessment of the active substance pydiflumetofen,"EFSA Journal. 2024,22:e8559, doi:10.2903/j.efsa.2024.8559|doi:10.2903/j.efsa.2019.5821",,not reported in aligned source fields,,,,,µg/piece,>,100.0,,,explicit source fields,1018,ECOTOX,1228284-64-7,"3-(Difluoromethyl)-N-methoxy-1-methyl-N-[1-(2,4,6-trichlorophenyl)propan-2-yl]-1H-pyrazole-4-carboxamide",Contact,2639,1,True,True,False,not established,no shared trial ID supplied; chemical/route alone insufficient,True,0,0,0,0,0,1
OpenFoodTox,output/external_data_audit/oft_acute_endpoints_aligned.csv,ede2c6499e711854371249c4f69374fe978c0b729dbfadc6e91727048ae83ffc,570,95cee5903fd49dfcfdc08acdd6970a91103b17421277801ed998ea29997de9d7,Flupyrsulfuron-methyl,144740-54-5,JKPSVOHVUGMYGH-UHFFFAOYSA-M,Contact,ab7cbed8-0c91-4d6a-9617-0873cbeeabc7,47b2edcc-fce2-4d48-9db2-f0dc644b197a,beb97c5a-573e-441c-82fa-355baee27029,4456,,OFT document UUID; underlying trial ID not established,Conclusion on the peer review of the pesticide risk assessment of the active substance flupyrsulfuron (variant evaluated flupyrsulfuron-methyl-sodium),"EFSA Journal 2014,12(11):3881, doi:10.2903/j.efsa.2014.3881",,not reported in aligned source fields,,Formulation: Flupyrsulfuron-methyl 50WG,,,µg/piece,>,250.0,,,explicit source fields,932,PPDB,144740-54-5,Flupyrsulfuron-methyl-sodium,Contact,,1,True,True,False,not established,no shared trial ID supplied; chemical/route alone insufficient,True,0,0,0,0,0,1
OpenFoodTox,output/external_data_audit/oft_acute_endpoints_aligned.csv,ede2c6499e711854371249c4f69374fe978c0b729dbfadc6e91727048ae83ffc,571,694717544250492e359a5aa078e8f04c648db1ed6b445ecb58fb90ac2243c270,Phosalone,2310-17-0,IOUNQDKNJZEDEP-UHFFFAOYSA-N,Contact,e96c8740-c679-4997-8d17-ad7edbbecd51,7b157561-ade6-438b-9944-72613702128c,cdb062e5-f2ea-4fe7-a42c-02e370ab0126,4457,,OFT document UUID; underlying trial ID not established,Conclusion regarding the peer review of the pesticide risk assessment of the active substance phosalone,doi:10.2903/j.efsa.2006.60r,,not reported in aligned source fields,48.0,,,,µg/piece,,4.4,,,explicit source fields,280,ECOTOX,2310-17-0,"S-[(6-Chloro-2-oxo-3(2H)-benzoxazolyl)methyl]O,O-diethyl ester phosphorodithioic acid",Contact,903,2,True,True,True,not established,no shared trial ID supplied; chemical/route alone insufficient,True,0,0,1,1,1,1
OpenFoodTox,output/external_data_audit/oft_acute_endpoints_aligned.csv,ede2c6499e711854371249c4f69374fe978c0b729dbfadc6e91727048ae83ffc,574,522ebfd03911fe7f3d37c5549988054977c1d92e64fcb775a529bb85e7ca034e,Tribenuron-methyl,101200-48-0,VLCQZHSMCYCDJL-UHFFFAOYSA-N,Oral,535085c7-e1e6-44aa-9814-701ad621e0a4,2f9b7895-e227-478d-b58f-78e6ec720c13,e81510f6-0ef7-4c10-91d5-72011ec01edf,4461,,OFT document UUID; underlying trial ID not established,Peer review of the pesticide risk assessment of the active substance tribenuron-methyl,doi:10.2903/j.efsa.2017.4912,,not reported in aligned source fields,48.0,,,,µg/piece,>,9.1,,,explicit source fields,159,PPDB,101200-48-0,Tribenuron-methyl (Ref: DPX L5300),Oral,,2,True,True,True,not established,no shared trial ID supplied; chemical/route alone insufficient,True,0,0,-1,1,-1,1
OpenFoodTox,output/external_data_audit/oft_acute_endpoints_aligned.csv,ede2c6499e711854371249c4f69374fe978c0b729dbfadc6e91727048ae83ffc,581,b95f39e4566a9678f4a6d33f7beb5f2af3281142834613a0eed7e3bb348e3a50,Penthiopyrad,183675-82-3,PFFIDZXUXFLSSR-UHFFFAOYSA-N,Oral,a749c1aa-677e-404b-b645-90e86a041443,67bf01eb-5ca0-4019-9747-494647ec028b,77db218e-0d63-4f04-b4a1-719bad96131c,4471,,OFT document UUID; underlying trial ID not established,Conclusion on the peer review of the pesticide risk assessment of the active substance penthiopyrad.,doi:10.2903/j.efsa.2013.3111,,not reported in aligned source fields,48.0,,,,µg/piece,>,500.0,,,explicit source fields,940,ECOTOX,183675-82-3,"N-[2-(1,3-Dimethylbutyl)-3-thienyl]-1-methyl-3-(trifluoromethyl)-1H-pyrazole-4-carboxamide",Oral,2318|2321|2323,1,True,True,True,not established,no shared trial ID supplied; chemical/route alone insufficient,True,0,0,0,0,0,1
OpenFoodTox,output/external_data_audit/oft_acute_endpoints_aligned.csv,ede2c6499e711854371249c4f69374fe978c0b729dbfadc6e91727048ae83ffc,582,f9802d242824218b6f448d39667998e1a1556bac09eaf4662335ee9d53d113e7,Buprofezin,69327-76-0,PRLVTUNWOQKEAI-UHFFFAOYSA-N,Oral,638091b9-1e02-4da3-b43d-2f96fd0987e6,8e17ec0b-cb3e-409d-846d-110a936e7ca6,f42ac414-75d5-400f-af93-e184576b4b60,4473,,OFT document UUID; underlying trial ID not established,Conclusion regarding the peer review of the pesticide risk assessment of the active substance buprofezin (notified active substance),doi:10.2903/j.efsa.2008.128r,,not reported in aligned source fields,48.0,,,,µg/piece,>,163.5,,,explicit source fields,204,ECOTOX,69327-76-0,"2-[(1,1-Dimethylethyl)imino]tetrahydro-3-(1-methylethyl)-5-phenyl-4H-1,3,5-thiadiazin-4-one",Oral,1619,1,True,True,True,not established,no shared trial ID supplied; chemical/route alone insufficient,True,0,0,0,0,0,1
OpenFoodTox,output/external_data_audit/oft_acute_endpoints_aligned.csv,ede2c6499e711854371249c4f69374fe978c0b729dbfadc6e91727048ae83ffc,586,adf71f5e19b8c4600ae5c9af7e267ce57117f5144b94050953b938043db1c42e,Thiacloprid,111988-49-9,HOKKPVIRMVDYPB-UHFFFAOYSA-N,Oral,66ccde9e-4a22-4639-b36a-ead0f2ff0e2d,fa748436-fb23-4f9a-9467-075f2ac9bdaa,94f377c7-7004-4e70-9522-e505cd25d7e3,4483,,OFT document UUID; underlying trial ID not established,Peer review of the pesticide risk assessment of the active substance thiacloprid,doi:10.2903/j.efsa.2019.5595,,not reported in aligned source fields,48.0,,,,µg/piece,,17.32,,,explicit source fields,831,ECOTOX,111988-49-9,[N(Z)]-N-[3-[(6-Chloro-3-pyridinyl)methyl]-2-thiazolidinylidene]cyanamide,Oral,1801|1803|1807,1,True,True,True,not established,no shared trial ID supplied; chemical/route alone insufficient,True,0,0,0,0,1,1
OpenFoodTox,output/external_data_audit/oft_acute_endpoints_aligned.csv,ede2c6499e711854371249c4f69374fe978c0b729dbfadc6e91727048ae83ffc,590,d41cc8bf7503be162a7defbbd77c3296ceea564c343ca1d5d66bc438d31b1ce1,Orthosulfamuron,213464-77-8,UCDPMNSCCRBWIC-UHFFFAOYSA-N,Contact,4954b034-5f7b-4f09-888e-e7dee905636d,d52cc217-0b83-4dff-befa-b9ae4cd33b1a,87e29090-c1b3-4319-b645-4e196436e2fc,4488,,OFT document UUID; underlying trial ID not established,Conclusion on the peer review of the pesticide risk assessment of the active substance orthosulfamuron,"EFSA Journal 2014,12(3):3353, doi:10.2903/j.efsa.2014.3353",,not reported in aligned source fields,48.0,,,,µg/piece,>,100.0,,,explicit source fields,756,ECOTOX,213464-77-8,"2-[[[[[(4,6-Dimethoxy-2-pyrimidinyl)amino]carbonyl]amino]sulfonyl]amino]-N,N-dimethylbenzamide",Contact,2428,1,True,True,True,not established,no shared trial ID supplied; chemical/route alone insufficient,True,0,0,0,0,0,1
OpenFoodTox,output/external_data_audit/oft_acute_endpoints_aligned.csv,ede2c6499e711854371249c4f69374fe978c0b729dbfadc6e91727048ae83ffc,595,574d6c68384463f7e727f8196d4564912c856d27c526be82e5fad3a3ca03cd63,Oryzalin,19044-88-3,UNAHYJYOSSSJHH-UHFFFAOYSA-N,Oral,bab81dfb-c93f-4116-80fa-8963539ff0da,354322ed-1267-4ea4-9c4d-41bb949dc672,9def720d-336b-4e5e-b745-e8b7639c0683,4495,,OFT document UUID; underlying trial ID not established,Conclusion on the peer review of the pesticide risk assessment of the active substance oryzalin.,doi:10.2903/j.efsa.2010.1707,,not reported in aligned source fields,48.0,Oryzalin (formulation),,,µg/piece,,32.0,,,explicit source fields,427,PPDB,19044-88-3,Oryzalin (Ref: EL 119),Oral,,1,True,True,False,not established,no shared trial ID supplied; chemical/route alone insufficient,True,0,0,0,0,1,1
OpenFoodTox,output/external_data_audit/oft_acute_endpoints_aligned.csv,ede2c6499e711854371249c4f69374fe978c0b729dbfadc6e91727048ae83ffc,596,3704c6302ac325f00957dd8da8d2784397377bdad7499cd21e626a71f44b22c3,Dimethyl disulfide,624-92-0,WQOXQRCZOLPYPM-UHFFFAOYSA-N,Contact,3e3e4c9b-0b67-4799-8b05-f497af43e788,00848235-b227-462b-9266-1032cf9a5b54,38876603-eb18-4c27-8d0e-2e52c791d33e,4496,,OFT document UUID; underlying trial ID not established,Peer review of the pesticide risk assessment of the active substance dimethyl disulfide,doi:10.2903/j.efsa.2019.5905,,not reported in aligned source fields,,,,,µg/piece,>,100.0,,,explicit source fields,61,ECOTOX,624-92-0,Dimethyl disulfide,Contact,691,1,True,True,False,not established,no shared trial ID supplied; chemical/route alone insufficient,True,0,0,0,0,0,1
OpenFoodTox,output/external_data_audit/oft_acute_endpoints_aligned.csv,ede2c6499e711854371249c4f69374fe978c0b729dbfadc6e91727048ae83ffc,601,ebb31d1c3ac60cb665ed9f1c90d3a71f1bb1c171926079dafca6fa5ef7af8284,Sulfosulfuron,141776-32-1,RBSXHDIPCIWOMG-UHFFFAOYSA-N,Contact,76ae17be-cbe3-419a-9b64-c0162e6e5fa2,a960efdc-fd0a-4477-824e-845fbc582948,c5ceefab-bdd3-441f-aa36-079349115589,4507,,OFT document UUID; underlying trial ID not established,Conclusion on the peer review of the pesticide risk assessment of the active substance sulfosulfuron,"EFSA Journal 2014,12(7):3764, doi:10.2903/j.efsa.2014.3764",,not reported in aligned source fields,48.0,,,,µg/piece,>,25.0,,,explicit source fields,717,ECOTOX,141776-32-1,"N-[[(4,6-Dimethoxy-2-pyrimidinyl)amino]carbonyl]-2-(ethylsulfonyl)imidazo[1,2-a]pyridine-3-sulfonamide",Contact,2085,1,True,True,True,not established,no shared trial ID supplied; chemical/route alone insufficient,True,0,0,0,0,-1,1
OpenFoodTox,output/external_data_audit/oft_acute_endpoints_aligned.csv,ede2c6499e711854371249c4f69374fe978c0b729dbfadc6e91727048ae83ffc,605,aa21bec0c559326a5d76e248a671278f43cdd4ee5f86d722401e63ea93b9cea3,Fluopicolide,239110-15-7,GBOYJIHYACSLGN-UHFFFAOYSA-N,Contact,2ac2e671-224c-4c58-8482-2205350000a1,fc51751e-779a-4436-b342-848af58f333f,cda7718b-0d60-437f-b474-95ea17a5eaa8,4514,,OFT document UUID; underlying trial ID not established,Peer review of the pesticide risk assessment of the active substance fluopicolide,doi:10.2903/j.efsa.2009.299r,,not reported in aligned source fields,,,,,µg/piece,>,100.0,,,explicit source fields,931,ECOTOX,239110-15-7,"2,6-Dichloro-N-[[3-chloro-5-(trifluoromethyl)-2-pyridinyl]methyl]benzamide",Contact,2446,1,True,True,False,not established,no shared trial ID supplied; chemical/route alone insufficient,True,0,0,0,0,0,1
OpenFoodTox,output/external_data_audit/oft_acute_endpoints_aligned.csv,ede2c6499e711854371249c4f69374fe978c0b729dbfadc6e91727048ae83ffc,606,40035dc36753d9bdacf72256660ff41a137e6061f52ac022987261b4fc84fd43,Penoxsulam,219714-96-2,SYJGKVOENHZYMQ-UHFFFAOYSA-N,Contact,68416239-373d-40c3-9a62-73ff60d649bc,1becca08-36d4-4c04-b605-42d5c49be6fb,7220e86c-692f-4e90-bf38-72de40d4a72e,4515,,OFT document UUID; underlying trial ID not established,Peer review of the pesticide risk assessment of the active substance penoxsulam,EFSA Journal. 2024;22:e9055; doi:10.2903/j.efsa.2024.9055,,not reported in aligned source fields,,Preparation (GF-1075),act. ingr.,,µg/bee,>,6.5,,,explicit source fields,819,ECOTOX,219714-96-2,"2-(2,2-Difluoroethoxy)-N-(5,8-dimethoxy[1,2,4]triazolo[1,5-c]pyrimidin-2-yl)-6-(trifluoromethyl)benzenesulfonamide",Contact,2434|2435,1,True,True,False,not established,no shared trial ID supplied; chemical/route alone insufficient,True,0,0,-1,0,-1,1
OpenFoodTox,output/external_data_audit/oft_acute_endpoints_aligned.csv,ede2c6499e711854371249c4f69374fe978c0b729dbfadc6e91727048ae83ffc,609,9f9cbd0bed7f2abb5aa61dfcfb34cdf8d3ce5f8ca2b07173bc41094415929de5,Fluroxypyr,69377-81-7,MEFQWPUMEMWTJP-UHFFFAOYSA-N,Oral,c65c7c7b-3dfa-4cb1-a3fb-e60d749d946e,adf12ede-940d-4903-981c-20c533b256e5,71c1537f-f399-44c1-be8c-dd02cb6e6267,4525,,OFT document UUID; underlying trial ID not established,Conclusion on the peer review of the pesticide risk assessment of the active substance fluroxypyr (evaluated variant fluroxypyr-meptyl),"EFSA Journal 2011,9(3):2091, doi:10.2903/j.efsa.2011.2091",,not reported in aligned source fields,,,,,µg/piece,,37.1,,,explicit source fields,606,PPDB,69377-81-7,Fluroxypyr (Ref: DOW 43304-H),Oral,,1,True,True,False,not established,no shared trial ID supplied; chemical/route alone insufficient,True,0,0,0,0,1,1
OpenFoodTox,output/external_data_audit/oft_acute_endpoints_aligned.csv,ede2c6499e711854371249c4f69374fe978c0b729dbfadc6e91727048ae83ffc,615,759dc860b628c97423295d91958eed63cd0811418dfba78804b1acf513067435,Thifensulfuron-methyl,79277-27-3,AHTPATJNIAFOLR-UHFFFAOYSA-N,Oral,f1721911-5ff7-417b-b4a0-d6e7a95f924a,221341f6-8a18-4635-8d8c-f616b9590fce,8afa5afa-f1bf-4382-9b79-5b995923cf2e,4531,,OFT document UUID; underlying trial ID not established,Conclusion on the peer review of the pesticide risk assessment of the active substance thifensulfuron-methyl,doi:10.2903/j.efsa.2015.4201,,not reported in aligned source fields,,,,,µg/piece,>,7.1,,,explicit source fields,664,PPDB,79277-27-3,Thifensulfuron-methyl (Ref: DPX M6316),Oral,,2,True,True,False,not established,no shared trial ID supplied; chemical/route alone insufficient,True,0,0,-1,1,-1,1
OpenFoodTox,output/external_data_audit/oft_acute_endpoints_aligned.csv,ede2c6499e711854371249c4f69374fe978c0b729dbfadc6e91727048ae83ffc,619,f751249be5c640d98acc3d967f4e618ebf6114b7efa812cf6769b8563cc4ac50,Clopyralid,1702-17-6,HUBANNPOLNYSAD-UHFFFAOYSA-N,Oral,666c1fd1-1e54-4b89-9d7c-50f921dd4223,d05a9186-ca01-4a85-9d57-ddb6bd373714,6cf05df4-0708-4f15-86a1-90ceece89270,4537,,OFT document UUID; underlying trial ID not established,Peer review of the pesticide risk assessment of the active substance clopyralid,"EFSA Journal 2018,16(7):5389, doi:10.2903/j.efsa.2018.5389",,not reported in aligned source fields,,,,,µg/piece,>,100.0,,,explicit source fields,515,ECOTOX,1702-17-6,"3,6-Dichloro-2-pyridinecarboxylic acid",Oral,853,1,True,True,False,not established,no shared trial ID supplied; chemical/route alone insufficient,True,0,0,0,0,0,1
OpenFoodTox,output/external_data_audit/oft_acute_endpoints_aligned.csv,ede2c6499e711854371249c4f69374fe978c0b729dbfadc6e91727048ae83ffc,621,16e3db60405b00335b850ac23f62d8f5639ed80af6bbc21af4963f4a04a2e9e6,Thiodicarb,59669-26-0,XDOTVMNBCQVZKG-UHFFFAOYSA-N,Oral,bfb6223e-bef9-46bb-8a2a-f2e51b18ee84,3e760077-1305-4ae8-86c5-6b09c49e33d5,9d7689a9-0849-4294-98e9-690f03e16b37,4539,,OFT document UUID; underlying trial ID not established,Conclusion regarding the peer review of the pesticide risk assessment of the active substance thiodicarb,doi:10.2903/j.efsa.2006.55r,,not reported in aligned source fields,48.0,,,,µg/piece,,0.153,,,explicit source fields,551,ECOTOX,59669-26-0,"N,N'-[Thiobis[(methylimino)carbonyloxy]]bisethanimidothioic acid dimethyl ester",Oral,1563,3,True,True,True,not established,no shared trial ID supplied; chemical/route alone insufficient,True,1,1,1,1,1,1
OpenFoodTox,output/external_data_audit/oft_acute_endpoints_aligned.csv,ede2c6499e711854371249c4f69374fe978c0b729dbfadc6e91727048ae83ffc,622,5510bb657b571843a5ba606c6c812518b24b3f9a6da3ba8afe80456e5408cb93,Tebufenozide,112410-23-8,QYPNKSZPJQQLRK-UHFFFAOYSA-N,Contact,017f583f-160c-4be2-86ee-7236e49c4ea6,98bf6db8-fafc-4412-ac55-837a9f330ef7,a408a98f-aea5-4b11-81dd-43494f5c42ba,4541,,OFT document UUID; underlying trial ID not established,Conclusion on the peer review of the pesticide risk assessment of the active substance tebufenozide,doi:10.2903/j.efsa.2010.1871,,not reported in aligned source fields,48.0,,,,µg/piece,>,234.0,,,explicit source fields,711,ECOTOX,112410-23-8,"1-(1,1-Dimethylethyl)-2-(4-ethylbenzoyl)hydrazide-3,5-dimethylbenzoic acid",Contact,1818|1819,0,True,True,True,not established,no shared trial ID supplied; chemical/route alone insufficient,True,0,0,0,0,0,0
OpenFoodTox,output/external_data_audit/oft_acute_endpoints_aligned.csv,ede2c6499e711854371249c4f69374fe978c0b729dbfadc6e91727048ae83ffc,625,bc65524fae8a8a9b7cdef7cda736ca82919cec328910ed01b6c554a7e9124daa,Tri-allate,2303-17-5,MWBPRDONLNQCFV-UHFFFAOYSA-N,Contact,b4b6bce6-9740-41fe-ad44-b8663f793fb2,c691f3e4-ee62-4199-96c6-1fd69146bd72,016d854c-fa7a-4f4d-aaa8-817c8f39e243,4545,,OFT document UUID; underlying trial ID not established,Conclusion regarding the peer review of the pesticide risk assessment of the active substance tri-allate,doi:10.2903/j.efsa.2009.181r,,not reported in aligned source fields,,,,,µg/piece,>,100.0,,,explicit source fields,221,ECOTOX,2303-17-5,"N,N-Bis(1-methylethyl)carbamothioic acid, S-(2,3,3-trichloro-2-propen-1-yl) ester",Contact,901|902,1,True,True,False,not established,no shared trial ID supplied; chemical/route alone insufficient,True,0,0,0,0,0,1
OpenFoodTox,output/external_data_audit/oft_acute_endpoints_aligned.csv,ede2c6499e711854371249c4f69374fe978c0b729dbfadc6e91727048ae83ffc,630,89db8204793913160dd47bf1de534b54ebfee86fbd0f6b8093025216edce7812,Chlorsulfuron,64902-72-3,VJYIFXVZLXQVHO-UHFFFAOYSA-N,Contact,78f61ef5-f4bb-487c-897e-d53c76f18fcd,9b2d24f3-b245-4cc5-bb5d-1bc81c1a5caa,8a636c03-9845-4f67-ac0a-eed245f93643,4551,,OFT document UUID; underlying trial ID not established,Conclusion regarding the peer review of the pesticide risk assessment of the active substance chlorsulfuron,doi:10.2903/j.efsa.2009.201r,,not reported in aligned source fields,48.0,,,,µg/piece,>,100.0,,,explicit source fields,217,ECOTOX,64902-72-3,"2-Chloro-N-[[(4-methoxy-6-methyl-1,3,5-triazin-2-yl)amino]carbonyl]benzenesulfonamide",Contact,1587,1,True,True,True,not established,no shared trial ID supplied; chemical/route alone insufficient,True,0,0,0,0,0,1
OpenFoodTox,output/external_data_audit/oft_acute_endpoints_aligned.csv,ede2c6499e711854371249c4f69374fe978c0b729dbfadc6e91727048ae83ffc,632,f7f32b9e241b95dea78f6fc4f4a02e40a0bbb7ace3700f83846a674d0ae641e2,Daminozide,1596-84-5,NOQGZXFMHARMLW-UHFFFAOYSA-N,Contact,610e2a4b-16de-4868-b95d-21a50133bfdb,f0662663-a669-4e2e-bd2d-59b24b3f3526,6caa4d13-0038-4b8a-b24d-96c05eb46a1c,4553,,OFT document UUID; underlying trial ID not established,Peer review of the pesticide risk assessment of the active substance daminozide,EFSA Journal. 2025;23:e9210; doi:10.2903/j.efsa.2025.9210,,not reported in aligned source fields,,Alar 85 SG,act. ingr.,,µg/bee,>,250.0,,,explicit source fields,282,PPDB,1596-84-5,Daminozide,Contact,,0,True,True,False,not established,no shared trial ID supplied; chemical/route alone insufficient,True,0,0,0,0,0,0
OpenFoodTox,output/external_data_audit/oft_acute_endpoints_aligned.csv,ede2c6499e711854371249c4f69374fe978c0b729dbfadc6e91727048ae83ffc,634,64d06ce768c145a5697327a308f3efadc5b929882370b70d1bc7d0926d00354f,Oxadiazon,19666-30-9,CHNUNORXWHYHNE-UHFFFAOYSA-N,Contact,0b6b39de-09a5-47c2-8d58-f87296515787,d5f30c8c-d2bb-484c-864e-63a799ed2927,d5280dab-6111-45f2-abc9-538d597ee0fe,4555,,OFT document UUID; underlying trial ID not established,Conclusion on the peer review of the pesticide risk assessment of the active substance oxadiazon,doi:10.2903/j.efsa.2010.1389,,not reported in aligned source fields,48.0,,,,µg/piece,>,100.0,,,explicit source fields,443,ECOTOX,19666-30-9,"3-[2,4-Dichloro-5-(1-methylethoxy)phenyl]-5-(1,1-dimethylethyl)-1,3,4-oxadiazol-2(3H)-one",Contact,1259|1260,1,True,True,True,not established,no shared trial ID supplied; chemical/route alone insufficient,True,0,0,0,0,0,1
OpenFoodTox,output/external_data_audit/oft_acute_endpoints_aligned.csv,ede2c6499e711854371249c4f69374fe978c0b729dbfadc6e91727048ae83ffc,636,c4b84afe2d0da64f0c77490dc1bc933830bf7ae8a92b8eca5f2734e45e6c6b34,Acetochlor,34256-82-1,VTNQPKFIQCLBDU-UHFFFAOYSA-N,Oral,d935ffa2-1039-4a82-b1f8-da9a611edb91,4826d3b0-927c-4038-b9ac-0fa838e497fe,b44ec7d0-9821-4888-9375-009a618c18ac,4558,,OFT document UUID; underlying trial ID not established,Conclusion regarding the peer review of the pesticide risk assessment of the active substance Acetochlor,doi:10.2903/j.efsa.2008.153r,,not reported in aligned source fields,24.0,,,,µg/piece,>,100.0,,,explicit source fields,119,ECOTOX,34256-82-1,2-Chloro-N-(ethoxymethyl)-N-(2-ethyl-6-methylphenyl)acetamide,Oral,1393|1394|1395|1396,1,True,True,False,not established,no shared trial ID supplied; chemical/route alone insufficient,True,0,0,0,0,0,1
OpenFoodTox,output/external_data_audit/oft_acute_endpoints_aligned.csv,ede2c6499e711854371249c4f69374fe978c0b729dbfadc6e91727048ae83ffc,637,6107c711495a7fc67c7d2b67cd317e89cc9c447ac1d2b817ed32eab6bf3a401f,Picloram,1918-02-1,NQQVFXUMIDALNH-UHFFFAOYSA-N,Contact,568f8d1b-c76d-4f3f-9c9d-4bb886c77461,b06c7a33-ee49-4206-9f18-2cf8d000f07f,fa235593-0625-4740-9efd-2d24d77db8b0,4561,,OFT document UUID; underlying trial ID not established,Conclusion on the peer review of the pesticide risk assessment of the active substance picloram,doi:10.2903/j.efsa.2009.1390,,not reported in aligned source fields,,,,,µg/piece,>,100.0,,,explicit source fields,335,ECOTOX,1918-02-1,"4-Amino-3,5,6-trichloro-2-pyridinecarboxylic acid",Contact,869,1,True,True,False,not established,no shared trial ID supplied; chemical/route alone insufficient,True,0,0,0,0,0,1
OpenFoodTox,output/external_data_audit/oft_acute_endpoints_aligned.csv,ede2c6499e711854371249c4f69374fe978c0b729dbfadc6e91727048ae83ffc,638,efde7a9fdb314d4f6427b75c86347e1cbe2621e56a8b100dd219ac3cb419ae7a,Chlorantraniliprole,500008-45-7,PSOVNZZNOMJUBI-UHFFFAOYSA-N,Contact,4a699815-a084-43c3-9259-bb005d77e44b,7a5bd8cf-674b-49d4-b9bb-e8cc3feefa96,f4536139-d447-4533-b8b5-92835c95b2d4,4564,,OFT document UUID; underlying trial ID not established,Conclusion on the peer review of the pesticide risk assessment of the active substance chlorantraniliprole.,doi:10.2903/j.efsa.2013.3143,,not reported in aligned source fields,72.0,,,,µg/piece,>,4.0,,,explicit source fields,687,PPDB,500008-45-7,Chlorantraniliprole (Ref: DPX E2Y45),Contact,,2,True,True,False,not established,no shared trial ID supplied; chemical/route alone insufficient,True,0,0,-1,1,-1,1
OpenFoodTox,output/external_data_audit/oft_acute_endpoints_aligned.csv,ede2c6499e711854371249c4f69374fe978c0b729dbfadc6e91727048ae83ffc,641,1d6f1d1de2005e4e00343b5cfcf572a20ed38d557f04b238e803aefe0e1a65ce,Myclobutanil,88671-89-0,HZJKXKUJVSEEFU-UHFFFAOYSA-N,Oral,b67faf53-240a-4c1f-99c5-86d1b8b37984,547e7a6c-f750-4f00-b332-48bd135a2880,462222fa-5965-4efe-a805-a1bc5120bbfc,4569,,OFT document UUID; underlying trial ID not established,Peer review of the pesticide risk assessment of the active substance myclobutanil,doi:10.2903/j.efsa.2009.298r,,not reported in aligned source fields,,Systhane 20 EW,,,µg/piece,>,33.9,,,explicit source fields,630,ECOTOX,88671-89-0,"alpha-Butyl-alpha-(4-chlorophenyl)-1H-1,2,4-triazole-1-propanenitrile",Oral,1733|1734,0,True,True,False,not established,no shared trial ID supplied; chemical/route alone insufficient,True,0,0,0,0,-1,0
OpenFoodTox,output/external_data_audit/oft_acute_endpoints_aligned.csv,ede2c6499e711854371249c4f69374fe978c0b729dbfadc6e91727048ae83ffc,650,ef959b37a0124d807543420da750d9208e7ba0acc413a27980505f3bc89ec975,Folpet,133-07-3,HKIOYBQGHSTUDB-UHFFFAOYSA-N,Contact,de1f7614-1811-4e92-85dc-7702c18a57ba,178b75d5-899d-46a1-8cdf-910b689d1541,762dc31a-c79c-472e-a291-92de0f146d32,4591,,OFT document UUID; underlying trial ID not established,Peer review of the pesticide risk assessment of the active substance folpet,doi:10.2903/j.efsa.2009.297r,,not reported in aligned source fields,,,,,µg/piece,>,200.0,,,explicit source fields,50,ECOTOX,133-07-3,"2-[(Trichloromethyl)thio]-1H-isoindole-1,3(2H)dione",Contact,518,1,True,True,False,not established,no shared trial ID supplied; chemical/route alone insufficient,True,0,0,0,0,0,1
OpenFoodTox,output/external_data_audit/oft_acute_endpoints_aligned.csv,ede2c6499e711854371249c4f69374fe978c0b729dbfadc6e91727048ae83ffc,651,30ee1143b1431a84834b1bcfc36b704b129db1ceafcc6372f54845aff068b3b1,Mepiquat chloride,24307-26-4,VHOVSQVSAAQANU-UHFFFAOYSA-M,Contact,01201874-c38a-4605-aec2-048050364eb2,d423e2a1-0345-430b-b964-6b2851dbd615,671fa278-7ead-4b87-893f-589ee5358bca|6d243b81-9d8f-4e37-9abe-e5e43d95cd37,4593|4594,,OFT document UUID; underlying trial ID not established,Conclusion regarding the peer review of the pesticide risk assessment of the active substance mepiquat | Peer review of the pesticide risk assessment of the active substance mepiquat (evaluated variant mepiquat chloride),"EFSA Journal. 2024,22:e8923, doi:10.2903/j.efsa.2024.8923|doi:10.2903/j.efsa.2008.146r",,not reported in aligned source fields,,,,,µg/piece,>,100.0,,,explicit source fields,544,PPDB,24307-26-4,Mepiquat chloride (Ref: BAS 083W),Contact,,1,True,True,False,not established,no shared trial ID supplied; chemical/route alone insufficient,True,0,0,0,0,0,1
OpenFoodTox,output/external_data_audit/oft_acute_endpoints_aligned.csv,ede2c6499e711854371249c4f69374fe978c0b729dbfadc6e91727048ae83ffc,653,f24d6a7515a87570e7af28102119c7171380669ee643a075443aeec855e891e0,8-hydroxyquinoline,148-24-3,MCJGNVYPOGVAJF-UHFFFAOYSA-N,Oral,2aae74a0-6cc6-4bf1-a077-7e7621e02c79,da836cd5-af19-466c-ac4c-c75125917876,159280eb-0834-478d-b821-7fd59f064c98|c1d15fd8-e7e9-4ddd-b649-2a78cd293ff1,4596|4597,,OFT document UUID; underlying trial ID not established,Conclusion on the peer review of the pesticide risk assessment of the active substance 8-hydroxyquinoline | Peer review of the pesticide risk assessment of the active substance quinolin-8-ol,"EFSA Journal 2011,9(1):1964, doi:10.2903/j.efsa.2011.1964|EFSA Journal. 2024,22:e8670, doi:10.2903/j.efsa.2024.8670",,not reported in aligned source fields,,Hydroxyquinoline sulphate,,,µg/piece,>,68.64,,,explicit source fields,63,PPDB,148-24-3,8-hydroxyquinoline,Oral,,1,True,True,False,not established,no shared trial ID supplied; chemical/route alone insufficient,True,0,0,0,0,-1,1
OpenFoodTox,output/external_data_audit/oft_acute_endpoints_aligned.csv,ede2c6499e711854371249c4f69374fe978c0b729dbfadc6e91727048ae83ffc,655,4ef82420e65a983bbdee74a9c03e5e979ced91337956beb2131462a7165a36d3,Malathion,121-75-5,JXSJBGJIGXNWCI-UHFFFAOYSA-N,Contact,e72a7218-5972-47a5-b52e-97980e0ac0b8,1d0e521e-8402-40b0-9449-8324b0411a6d,c9b113e9-d7cf-4f86-8d64-fc64af191ae8,4599,,OFT document UUID; underlying trial ID not established,Conclusion regarding the peer review of the pesticide risk assessment of the active substance malathion,doi:10.2903/j.efsa.2006.63r,,not reported in aligned source fields,48.0,FYF 440 EW,,,µg/piece,,0.16,,,explicit source fields,92,ECOTOX,121-75-5,"2-[(Dimethoxyphosphinothioyl)thio]butanedioic acid 1,4-diethyl ester",Contact,462|463|464|466|472|473|482,3,True,True,False,not established,no shared trial ID supplied; chemical/route alone insufficient,True,1,1,1,1,1,1
OpenFoodTox,output/external_data_audit/oft_acute_endpoints_aligned.csv,ede2c6499e711854371249c4f69374fe978c0b729dbfadc6e91727048ae83ffc,656,80ca1ab21743730be7561158b4d76f3f0b335ec6c446d6074ad23e66b582fa1c,Ethofumesate,26225-79-6,IRCMYGHHKLLGHV-UHFFFAOYSA-N,Oral,8944a249-d69c-4e66-bd12-c6255b6ff56b,c6abc02b-ef23-4ed8-a823-a2503cb50868,dedb9043-6b9b-4072-b67f-67f23277850e,4600,,OFT document UUID; underlying trial ID not established,Peer review of the pesticide risk assessment of the active substance ethofumesate,doi:10.2903/j.efsa.2016.4374,,not reported in aligned source fields,48.0,,,,µg/piece,>,50.0,,,explicit source fields,610,ECOTOX,26225-79-6,"2-Ethoxy-2,3-dihydro-3,3-dimethyl-5-benzofuranol 5-methanesulfonate",Oral,1333,1,True,True,True,not established,no shared trial ID supplied; chemical/route alone insufficient,True,0,0,0,0,-1,1
OpenFoodTox,output/external_data_audit/oft_acute_endpoints_aligned.csv,ede2c6499e711854371249c4f69374fe978c0b729dbfadc6e91727048ae83ffc,657,540a43dcfd7234e1e073d483b1a6ab6faa104e814573128fbfe4dbea7489dd74,Flurtamone,96525-23-4,NYRMIJKDBAQCHC-UHFFFAOYSA-N,Contact,427864b4-9907-4127-b268-0b5951b4bd5f,81cbdce7-5fa0-424f-9640-2c82deba146d,31bdc495-c4ba-45d1-9a5f-d08b83743c15,4604,,OFT document UUID; underlying trial ID not established,Peer review of the pesticide risk assessment of the active substance flurtamone,doi:10.2903/j.efsa.2016.4498,,not reported in aligned source fields,,,,,µg/piece,>,100.0,,,explicit source fields,655,PPDB,96525-23-4,Flurtamone (Ref: RPA 590515),Contact,,1,True,True,False,not established,no shared trial ID supplied; chemical/route alone insufficient,True,0,0,0,0,0,1
OpenFoodTox,output/external_data_audit/oft_acute_endpoints_aligned.csv,ede2c6499e711854371249c4f69374fe978c0b729dbfadc6e91727048ae83ffc,658,ff31a0d6b570780b6fc4de514283bd7ab73a18a25d1447ea795019bd70e8e77e,Acetamiprid,135410-20-7,WCXDHFDTOYPNIE-UHFFFAOYSA-N,Contact,41877ed5-17d2-44aa-9b85-0e404adf9afa,61a97171-58e5-44f6-ad75-30f981dde35b,f9e00f8d-b0b2-4cf7-aaf0-2c543e1cb893,4608,,OFT document UUID; underlying trial ID not established,Peer review of the pesticide risk assessment of the active substance acetamiprid,doi:10.2903/j.efsa.2016.4610,,not reported in aligned source fields,,preparation EXP 60707A,,,µg/piece,,9.26,,,explicit source fields,790,PPDB,135410-20-7,Acetamiprid,Contact,,2,True,True,False,not established,no shared trial ID supplied; chemical/route alone insufficient,True,0,0,1,1,1,1
OpenFoodTox,output/external_data_audit/oft_acute_endpoints_aligned.csv,ede2c6499e711854371249c4f69374fe978c0b729dbfadc6e91727048ae83ffc,659,7840b4503cf7dad3078a681763fc4f6b0f43f41ed3e159ed85a19d9f4815b33a,Triflusulfuron-Methyl,126535-15-7,IMEVJVISCHQJRM-UHFFFAOYSA-N,Contact,9d721ecd-e203-440b-a0c5-1b9b15e7495e,3d6fdd91-211a-43c7-a5dc-6532ac0d7c7c,5721503e-a06f-4ceb-b4f8-af6b992c7645,4610,,OFT document UUID; underlying trial ID not established,Peer review of the pesticide risk assessment of the active substance triflusulfuron-methyl,doi:10.2903/j.efsa.2022.7303,,not reported in aligned source fields,,Triflusulfuron methyl 50WG,,,µg/piece,>,100.0,,,explicit source fields,760,PPDB,126535-15-7,Triflusulfuron-methyl (Ref: DPX 66037),Contact,,1,True,True,False,not established,no shared trial ID supplied; chemical/route alone insufficient,True,0,0,0,0,0,1
OpenFoodTox,output/external_data_audit/oft_acute_endpoints_aligned.csv,ede2c6499e711854371249c4f69374fe978c0b729dbfadc6e91727048ae83ffc,661,6c445d995c48a1c8e61c1ddae5ac098e563f9780617093851c1451d8774c331a,Sodium 5-nitroguaiacolate,67233-85-6,KBRKFTKQRMYINW-UHFFFAOYSA-M,Contact,43b815b8-c721-459f-a672-2ba3e163bed3,b0136200-7d62-4b43-b3fe-92d1dfd1f9c1,550b701c-9ee8-435d-99b3-202b35988fa6,4613,,OFT document UUID; underlying trial ID not established,"Conclusion regarding the peer review of the pesticide risk assessment of the active substances sodium 5-nitroguaiacolate, sodium o-nitrophenolate and sodium p-nitrophenolate.",doi:10.2903/j.efsa.2009.191r,,not reported in aligned source fields,,,,,µg/piece,>,100.0,,,explicit source fields,1005,PPDB,67233-85-6,Sodium 5-nitroguaiacolate,Contact,,1,True,True,False,not established,no shared trial ID supplied; chemical/route alone insufficient,True,0,0,0,0,0,1
OpenFoodTox,output/external_data_audit/oft_acute_endpoints_aligned.csv,ede2c6499e711854371249c4f69374fe978c0b729dbfadc6e91727048ae83ffc,664,b94f46bb7c6edc59f70da7401999497fc25174dc45cfe5712c8953a991f8584f,Chlormequat chloride,999-81-5,UHZZMRAGKVHANO-UHFFFAOYSA-M,Contact,58e881fa-4dd7-472a-b957-b5563ddb94cb,b7cce187-6f58-44a3-8eb5-6326572efaf7,62db3230-c8fd-46bb-a836-948b6308ea83,4617,,OFT document UUID; underlying trial ID not established,Conclusion regarding the peer review of the pesticide risk assessment of the active substance chlormequat (considered variant chlormequat chloride),doi:10.2903/j.efsa.2009.179r,,not reported in aligned source fields,48.0,,,,µg/piece,>,65.2,,,explicit source fields,295,ECOTOX,999-81-5,"2-Chloro-N,N,N-trimethylethanaminium chloride (1:1)",Contact,737,1,True,True,True,not established,no shared trial ID supplied; chemical/route alone insufficient,True,0,0,0,0,-1,1
OpenFoodTox,output/external_data_audit/oft_acute_endpoints_aligned.csv,ede2c6499e711854371249c4f69374fe978c0b729dbfadc6e91727048ae83ffc,665,b8aa6ee158e96ef4380505b6a9fca3a98b1263f55a23f67efb6e60099ca84567,Potassium thiocyanate,333-20-0,ZNNZYHKDIALBAK-UHFFFAOYSA-M,Contact,9ac53483-40de-4296-a8ba-808dd19cac23,09d09028-8789-4cc5-b3d4-3d783043c9f7,46d816cd-6c08-4b5b-9723-2cfb7c516980,4618,,OFT document UUID; underlying trial ID not established,Conclusion on the peer review of the pesticide risk assessment of the active substance potassium thiocyanate.,doi:10.2903/j.efsa.2013.2922,,not reported in aligned source fields,,,,,µg/piece,>,0.33,,,explicit source fields,12,PPDB,333-20-0,Potassium thiocyanate,Contact,,3,True,True,False,not established,no shared trial ID supplied; chemical/route alone insufficient,True,-1,1,-1,1,-1,1
OpenFoodTox,output/external_data_audit/oft_acute_endpoints_aligned.csv,ede2c6499e711854371249c4f69374fe978c0b729dbfadc6e91727048ae83ffc,668,97c8593998e25e8425bbd7e07eb93bcdf566d986ab05cc323961d68a86769cd1,Folpet,133-07-3,HKIOYBQGHSTUDB-UHFFFAOYSA-N,Contact,09298681-a83f-4489-8882-c9bff57b77f4,933a8737-7550-4320-878c-ee29af5f85d4,a5856020-c14c-464a-957b-19eb40ace95a,4623,,OFT document UUID; underlying trial ID not established,Peer review of the pesticide risk assessment of the active substance folpet,doi:10.2903/j.efsa.2023.8139,,not reported in aligned source fields,,Folpet 80 WG,act. ingr.,,µg/bee,>,100.0,,,explicit source fields,50,ECOTOX,133-07-3,"2-[(Trichloromethyl)thio]-1H-isoindole-1,3(2H)dione",Contact,518,1,True,True,False,not established,no shared trial ID supplied; chemical/route alone insufficient,True,0,0,0,0,0,1
OpenFoodTox,output/external_data_audit/oft_acute_endpoints_aligned.csv,ede2c6499e711854371249c4f69374fe978c0b729dbfadc6e91727048ae83ffc,669,04bc54412c0c2ba30999a45d1cf647d332f10d688d5e6734faa221f42a5c71e3,Imidacloprid,138261-41-3,YWTYJOPNNQFBPC-UHFFFAOYSA-N,Oral,03edd392-b6df-414d-b55d-a5722f10cb03,34de14dd-aff7-4208-8829-9c9e6fabfb81,646fc95c-a0b8-4a7c-8ec8-a4d58e7dba0d,4624,,OFT document UUID; underlying trial ID not established,Conclusion regarding the peer review of the pesticide risk assessment of the active substance imidacloprid,doi:10.2903/j.efsa.2008.148r,,not reported in aligned source fields,48.0,,,,µg/piece,,0.0037,,,explicit source fields,713,PPDB,138261-41-3,Imidacloprid (Ref: BAY NTN 33893),Oral,,3,True,True,True,not established,no shared trial ID supplied; chemical/route alone insufficient,True,1,1,1,1,1,1
OpenFoodTox,output/external_data_audit/oft_acute_endpoints_aligned.csv,ede2c6499e711854371249c4f69374fe978c0b729dbfadc6e91727048ae83ffc,670,b4a58a65ff4a5e7f4763504ec05dbdc8417382b584c7b2a7e590effa337968a7,Imidacloprid,138261-41-3,YWTYJOPNNQFBPC-UHFFFAOYSA-N,Oral,898bc429-b969-4af5-ac31-d9f108f87d0d,a4c357e0-e84d-4d56-9e9f-6dc8d29db86c,93551520-a60c-45c9-867f-332e56b38581,4625,,OFT document UUID; underlying trial ID not established,Peer review of the pesticide risk assessment for bees for the active substance imidacloprid considering the uses as seed treatments and granules,doi:10.2903/j.efsa.2018.5178,,not reported in aligned source fields,48.0,,,,µg/piece,,0.0037,,,explicit source fields,713,PPDB,138261-41-3,Imidacloprid (Ref: BAY NTN 33893),Oral,,3,True,True,True,not established,no shared trial ID supplied; chemical/route alone insufficient,True,1,1,1,1,1,1
OpenFoodTox,output/external_data_audit/oft_acute_endpoints_aligned.csv,ede2c6499e711854371249c4f69374fe978c0b729dbfadc6e91727048ae83ffc,672,056d6804dd9847e30c538bcf2997d92f3a6bb769f5ee74e9fa692cb1ab2b863c,Foramsulfuron,173159-57-4,PXDNXJSDGQBLKS-UHFFFAOYSA-N,Contact,26add8b3-969c-45cb-9ba2-e827d6478f54,2e20ae01-b896-40b1-bbd0-45ab0a866e48,d331a949-2db5-4bb8-bf4f-be343da48d6e,4629,,OFT document UUID; underlying trial ID not established,Peer review of the pesticide risk assessment of the active substance foramsulfuron,doi:10.2903/j.efsa.2016.4421,,not reported in aligned source fields,,Foramsulfuron + Isoxadifen-ethyl OD 45 (22.5 + 22.5 g/L),,,µg/piece,>,4.66,,,explicit source fields,820,PPDB,173159-57-4,Foramsulfuron (Ref: AE F130360),Contact,,1,True,True,False,not established,no shared trial ID supplied; chemical/route alone insufficient,True,0,0,-1,0,-1,1
OpenFoodTox,output/external_data_audit/oft_acute_endpoints_aligned.csv,ede2c6499e711854371249c4f69374fe978c0b729dbfadc6e91727048ae83ffc,675,47b930f0cb37bda3b1a43f03ebd6e38f8f280aecb1659454c118718c20b5a007,Florasulam,145701-23-1,QZXATCCPQKOEIH-UHFFFAOYSA-N,Contact,df358f1d-399a-4c9d-a115-0a60080fabad,99b23a3d-3af8-435a-9e8d-a110196cc597,e19f544e-208f-43cc-9c0e-b0a0e92ff68d,4632,,OFT document UUID; underlying trial ID not established,Conclusion on the peer review of the pesticide risk assessment of the active substance florasulam,doi:10.2903/j.efsa.2015.3984,,not reported in aligned source fields,48.0,,,,µg/piece,>,100.0,,,explicit source fields,720,PPDB,145701-23-1,Florasulam (Ref: DE 570),Contact,,1,True,True,True,not established,no shared trial ID supplied; chemical/route alone insufficient,True,0,0,0,0,0,1
OpenFoodTox,output/external_data_audit/oft_acute_endpoints_aligned.csv,ede2c6499e711854371249c4f69374fe978c0b729dbfadc6e91727048ae83ffc,686,35d4fbfe73ad48a2523841c1e18159245579128fb082c41c3d6aa9f7e4de8d19,Glufosinate-ammonium,77182-82-2,ZBMRKNMTMPPMMK-UHFFFAOYSA-N,Contact,80dd7fcb-dacf-4b73-8c45-d411631a342e,4ae91da6-a8c7-439f-9109-22f788179cf9,582cb5ce-03ea-46d8-abd4-6ec22662dc74,4647,,OFT document UUID; underlying trial ID not established,Conclusion regarding the peer review of the pesticide risk assessment of the active substance glufosinate,doi:10.2903/j.efsa.2005.27r,,not reported in aligned source fields,48.0,,,,µg/piece,>,345.0,,,explicit source fields,432,PPDB,77182-82-2,Glufosinate-ammonium (Ref: HOE 039866),Contact,,0,True,True,True,not established,no shared trial ID supplied; chemical/route alone insufficient,True,0,0,0,0,0,0
OpenFoodTox,output/external_data_audit/oft_acute_endpoints_aligned.csv,ede2c6499e711854371249c4f69374fe978c0b729dbfadc6e91727048ae83ffc,689,90455d3bfa6c3f18df2a4effe00864c3ac116991bfdde2ecec2a0c4af181954a,Penflufen,494793-67-8,GOFJDXZZHFNFLV-UHFFFAOYSA-N,Contact,8856bb47-5c85-485e-873f-9fb6e39ba502,a222d501-99fb-4e5a-9646-84cb0a5570ee,33e9d88d-cb27-48ef-bfb1-043dbeb2a1fa,4654,,OFT document UUID; underlying trial ID not established,Peer review of the pesticide risk assessment of the active substance penflufen,doi:10.2903/j.efsa.2016.4604,,not reported in aligned source fields,48.0,,,,µg/piece,>,100.0,,,explicit source fields,1003,PPDB,494793-67-8,Penflufen (Ref: BYF-14182),Contact,,1,True,True,True,not established,no shared trial ID supplied; chemical/route alone insufficient,True,0,0,0,0,0,1
OpenFoodTox,output/external_data_audit/oft_acute_endpoints_aligned.csv,ede2c6499e711854371249c4f69374fe978c0b729dbfadc6e91727048ae83ffc,693,efbe936d536f017699327daae57b341c85cefe584b9d6339b9666c2bffaa8ad5,Bifenazate,149877-41-8,VHLKTXFWDRXILV-UHFFFAOYSA-N,Contact,9c91a032-308d-4a44-9bb4-e1fb25c7cbfa,996430ed-3308-48bf-a630-06c5e0ed59c3,839e7251-5fd6-4b8e-bea4-ca09c56be1a4,4661,,OFT document UUID; underlying trial ID not established,Peer review of the pesticide risk assessment of the active substance bifenazate,doi:10.2903/j.efsa.2017.4693,,not reported in aligned source fields,48.0,,,,µg/piece,,8.5,,,explicit source fields,847,ECOTOX,149877-41-8,"2-(4-Methoxy[1,1'-biphenyl]-3-yl)hydrazinecarboxylic acid, 1-Methylethyl ester",Contact,2105,2,True,True,True,not established,no shared trial ID supplied; chemical/route alone insufficient,True,0,0,1,1,1,1
OpenFoodTox,output/external_data_audit/oft_acute_endpoints_aligned.csv,ede2c6499e711854371249c4f69374fe978c0b729dbfadc6e91727048ae83ffc,696,13113e651d5fad65698532d26b3a78aa9d2addae7869a9a0af0c61a9d5e78846,Acibenzolar-S-methyl,135158-54-2,UELITFHSCLAHKR-UHFFFAOYSA-N,Oral,8d29cf72-cbea-4dd3-808a-e766b6626dc3,ff6af4fc-49d4-4831-b7c4-884d0cc3b328,d1c3cecb-25fe-49ae-80b4-92a678ca010a,4664,,OFT document UUID; underlying trial ID not established,Conclusion on the peer review of the pesticide risk assessment of the active substance acibenzolar-S-methyl,"EFSA Journal 2014,12(8):3691, doi:10.2903/j.efsa.2014.3691",,not reported in aligned source fields,48.0,,,,µg/piece,,128.0,,,explicit source fields,747,ECOTOX,135158-54-2,"1,2,3-Benzothiadiazole-7-carbothioic acid S-methyl ester",Oral,1962|1963,1,True,True,True,not established,no shared trial ID supplied; chemical/route alone insufficient,True,0,0,0,0,0,1
OpenFoodTox,output/external_data_audit/oft_acute_endpoints_aligned.csv,ede2c6499e711854371249c4f69374fe978c0b729dbfadc6e91727048ae83ffc,703,847945e4f8181b6a7488dfe4592a4442a991ac15c89bb11a75ae2b717efed6ad,Clothianidin,210880-92-5,PGOOBECODWQEAB-UHFFFAOYSA-N,Oral,461dec9b-a0ab-4570-8977-858d367936ae,4a72ba43-10d2-47dc-a2b4-26ddc9d83412,4b445d3b-de17-445c-9b93-c1c3ee6b364c,4676,,OFT document UUID; underlying trial ID not established,Peer review of the pesticide risk assessment for the active substance clothianidin in light of confirmatory data submitted,doi:10.2903/j.efsa.2016.4606,,not reported in aligned source fields,48.0,Technical,,,µg/piece,,0.00379,,,explicit source fields,845,PPDB,210880-92-5,Clothianidin (Ref: CGA 322704),Oral,,3,True,True,False,not established,no shared trial ID supplied; chemical/route alone insufficient,True,1,1,1,1,1,1
OpenFoodTox,output/external_data_audit/oft_acute_endpoints_aligned.csv,ede2c6499e711854371249c4f69374fe978c0b729dbfadc6e91727048ae83ffc,704,e7b5dd3ebfd83db4b9689b2f550d1ce020f209934cdc5c87ba5281300debed5f,Imidacloprid,138261-41-3,YWTYJOPNNQFBPC-UHFFFAOYSA-N,Oral,3d274041-f9ad-4ab3-824e-9653cfa7ae24,ff9ea6fe-bd2d-49fd-bd2e-919892bb33b6,5fb8900f-c8c4-4d62-8389-8cb19bbb4ae7,4677,,OFT document UUID; underlying trial ID not established,Conclusion on the peer review of the pesticide risk assessment for bees for the active substance imidacloprid considering all uses other than seed treatments and granules,doi:10.2903/j.efsa.2015.4211,,not reported in aligned source fields,48.0,,,,µg/piece,,0.0037,,,explicit source fields,713,PPDB,138261-41-3,Imidacloprid (Ref: BAY NTN 33893),Oral,,3,True,True,True,not established,no shared trial ID supplied; chemical/route alone insufficient,True,1,1,1,1,1,1
OpenFoodTox,output/external_data_audit/oft_acute_endpoints_aligned.csv,ede2c6499e711854371249c4f69374fe978c0b729dbfadc6e91727048ae83ffc,705,c794f1c43c3f02f1abff372a0e14435fa19c33cc0fd178b53caebf05ce3b9943,Thiabendazole,148-79-8,WJCNZQLZVWNLKY-UHFFFAOYSA-N,Oral,e49e5995-501b-42b3-bcfc-5b779a504a76,cee9833c-9b48-4ff9-bb91-671874fbda21,3a0884d3-f0c5-4712-ac88-da8a4bdce891,4678,,OFT document UUID; underlying trial ID not established,Conclusion on the peer review of the pesticide risk assessment of the active substance thiabendazole,"EFSA Journal 2014,12(11):3880, doi:10.2903/j.efsa.2014.3880",,not reported in aligned source fields,,A10466C,,,µg/piece,>,200.0,,,explicit source fields,296,ECOTOX,148-79-8,2-(4-Thiazolyl)-1H-benzimidazole,Oral,553|554|555,2,True,True,False,not established,no shared trial ID supplied; chemical/route alone insufficient,True,0,0,0,1,0,1
OpenFoodTox,output/external_data_audit/oft_acute_endpoints_aligned.csv,ede2c6499e711854371249c4f69374fe978c0b729dbfadc6e91727048ae83ffc,706,84e3685e2ea36b127c4e156288ce0bd3710b0605ee2c99124dc28a31afcb9256,Tebuconazole,107534-96-3,PXMNMQRDXWABCY-UHFFFAOYSA-N,Oral,a7f4212f-6722-4b06-88a9-289ba08ad9b5,21e8f48a-e6ad-4975-b84a-1dc14e970d3a,d269188c-ced6-4bb0-9884-ad9a37cb8ff7,4679,,OFT document UUID; underlying trial ID not established,Conclusion regarding the peer review of the pesticide risk assessment of the active substance tebuconazole,doi:10.2903/j.efsa.2008.176r,,not reported in aligned source fields,48.0,,,,µg/piece,>,83.05,,,explicit source fields,647,PPDB,107534-96-3,Tebuconazole (Ref: HWG 1608),Oral,,1,True,True,True,not established,no shared trial ID supplied; chemical/route alone insufficient,True,0,0,0,0,-1,1
OpenFoodTox,output/external_data_audit/oft_acute_endpoints_aligned.csv,ede2c6499e711854371249c4f69374fe978c0b729dbfadc6e91727048ae83ffc,707,7ac4928d4dea4a9dc4b34a4b0ef34703fc4dc5f914b60d0616913428df744ce6,Fluazinam,79622-59-6,UZCGKGPEKUCDTF-UHFFFAOYSA-N,Oral,08022673-6e47-4668-a021-b08ccf671f32,bc8f9188-dad2-4505-a8ea-13809806ca9b,90f8ec45-f033-48a7-adac-d43eb3510d0f,4680,,OFT document UUID; underlying trial ID not established,Conclusion regarding the peer review of the pesticide risk assessment of the active substance fluazinam,doi:10.2903/j.efsa.2008.137r,,not reported in aligned source fields,48.0,,,,µg/piece,>,100.0,,,explicit source fields,712,PPDB,79622-59-6,Fluazinam (Ref: IKF 1216),Oral,,1,True,True,True,not established,no shared trial ID supplied; chemical/route alone insufficient,True,0,0,0,0,0,1
OpenFoodTox,output/external_data_audit/oft_acute_endpoints_aligned.csv,ede2c6499e711854371249c4f69374fe978c0b729dbfadc6e91727048ae83ffc,717,9ef009e986c1e36c8a78790c49a24f0d20c46ed9bddc9cee8e5e498238f4fddf,Tebufenpyrad,119168-77-3,ZZYSLNWGKKDOML-UHFFFAOYSA-N,Contact,c2a50f74-be26-49fd-8516-94b424046849,268ff720-b1f6-4b19-a565-f824cf4cd2b0,b3b82466-3563-4dbb-80c0-6cd1da1c8412,4694,,OFT document UUID; underlying trial ID not established,Conclusion regarding the peer review of the pesticide risk assessment of the active substance tebufenpyrad,doi:10.2903/j.efsa.2009.192r,,not reported in aligned source fields,48.0,,,,µg/piece,>,6.7,,,explicit source fields,688,PPDB,119168-77-3,Tebufenpyrad (Ref: AC 801757),Contact,,2,True,True,True,not established,no shared trial ID supplied; chemical/route alone insufficient,True,0,0,-1,1,-1,1
OpenFoodTox,output/external_data_audit/oft_acute_endpoints_aligned.csv,ede2c6499e711854371249c4f69374fe978c0b729dbfadc6e91727048ae83ffc,718,77af57cc38a0134ab92c82929f68e5b622d6e7c264305a8a5cd58bbfabee7dc2,Pethoxamid,106700-29-2,CSWIKHNSBZVWNQ-UHFFFAOYSA-N,Oral,54df7da1-c5ea-42df-8b75-2cd2d0aaf86e,552775af-12d7-4f58-9993-20fc2ad58a4a,8067d5c9-daed-4299-8f77-48b984aff1e7,4695,,OFT document UUID; underlying trial ID not established,Peer review of the pesticide risk assessment of the active substance pethoxamid,doi:10.2903/j.efsa.2017.4981,,not reported in aligned source fields,48.0,,,,µg/piece,>,200.0,,,explicit source fields,849,ECOTOX,106700-29-2,2-Chloro-N-(2-ethoxyethyl)-N-(2-methyl-1-phenyl-1-propen-1-yl)acetamide,Oral,1791,1,True,True,True,not established,no shared trial ID supplied; chemical/route alone insufficient,True,0,0,0,0,0,1
OpenFoodTox,output/external_data_audit/oft_acute_endpoints_aligned.csv,ede2c6499e711854371249c4f69374fe978c0b729dbfadc6e91727048ae83ffc,723,894aa0bb681d880203b1ed346f5b3aacd5f71aaf5578f6ae546b76f5a4fde6fb,Desmedipham,13684-56-5,WZJZMXBKUWKXTQ-UHFFFAOYSA-N,Contact,99f7511b-fb6b-4c4d-9eb7-345cfb112f0c,d06aaa41-00d5-45bc-a50d-32376327a735,1b66eea4-2b36-4e17-939f-86f2887cfa1d,4705,,OFT document UUID; underlying trial ID not established,Peer review of the pesticide risk assessment of the active substance desmedipham,doi:10.2903/j.efsa.2018.5150,,not reported in aligned source fields,,,,,µg/piece,>,100.0,,,explicit source fields,429,ECOTOX,13684-56-5,"N-[3-[[(Phenylamino)carbonyl]oxy]phenyl]carbamic acid, Ethyl ester",Contact,1193,1,True,True,False,not established,no shared trial ID supplied; chemical/route alone insufficient,True,0,0,0,0,0,1
OpenFoodTox,output/external_data_audit/oft_acute_endpoints_aligned.csv,ede2c6499e711854371249c4f69374fe978c0b729dbfadc6e91727048ae83ffc,728,04d521c8ea3acdcceb00aeec329edc70f2f8ec9f78babfff62a184e7664f6acc,Pendimethalin,40487-42-1,CHIFOSRWCNZCFN-UHFFFAOYSA-N,Contact,e4d60091-398d-44c0-861d-59376d4c9b61,18aede8e-3fed-4c65-a710-7bc6811cbb3f,e76901cb-c767-4155-9e19-271cd8be8f9c,4712,,OFT document UUID; underlying trial ID not established,Peer review of the pesticide risk assessment of the active substance pendimethalin,doi:10.2903/j.efsa.2016.4420,,not reported in aligned source fields,,,,,µg/piece,>,100.0,,,explicit source fields,90,ECOTOX,40487-42-1,"N-(1-Ethylpropyl)-3,4-dimethyl-2,6-dinitro-benzenamine",Contact,1437,1,True,True,False,not established,no shared trial ID supplied; chemical/route alone insufficient,True,0,0,0,0,0,1
OpenFoodTox,output/external_data_audit/oft_acute_endpoints_aligned.csv,ede2c6499e711854371249c4f69374fe978c0b729dbfadc6e91727048ae83ffc,732,ebd2a09608f7ca15c9fe630536bf555f9876d0a97bb95c74a29a81f8ca7cf45b,Carbendazim,10605-21-7,TWFZGCMQGLPBSX-UHFFFAOYSA-N,Contact,44036cc8-812d-4e74-a548-1476d29cf758,305ce97d-6c5c-4c7d-abed-425bb0e5881d,2e6430ba-64a7-43ee-a776-3d90a51a1550,4719,,OFT document UUID; underlying trial ID not established,Conclusion on the peer review of the pesticide risk assessment of the active substance carbendazim,doi:10.2903/j.efsa.2010.1598,,not reported in aligned source fields,,,,,µg/piece,>,50.0,,,explicit source fields,388,ECOTOX,10605-21-7,N-1H-Benzimidazol-2-yl carbamic acid methyl ester,Contact,1158,1,True,True,False,not established,no shared trial ID supplied; chemical/route alone insufficient,True,0,0,0,0,-1,1
OpenFoodTox,output/external_data_audit/oft_acute_endpoints_aligned.csv,ede2c6499e711854371249c4f69374fe978c0b729dbfadc6e91727048ae83ffc,733,37810211d0816ec4d132dc57149357db357d569ac72d60c76a803363867b036b,"2,4-D",94-75-7,OVSKIKFHRZPJSS-UHFFFAOYSA-N,Oral,4d237477-0b1b-4b5b-8761-3fa48e9f15c4,8f1c4428-b1fb-452d-9ff9-bf1922748eee,8fdd7cfe-8ea8-47bc-9fec-5ac24e3028d5,4725,,OFT document UUID; underlying trial ID not established,"Conclusion on the peer review of the pesticide risk assessment of the active substance 2,4-D","EFSA Journal 2014,12(9):3812, doi:10.2903/j.efsa.2014.3812",,not reported in aligned source fields,,,,,µg/piece,,94.0,,,explicit source fields,88,PPDB,94-75-7,"2,4-D (Ref: L 208)",Oral,,1,True,True,False,not established,no shared trial ID supplied; chemical/route alone insufficient,True,0,0,0,0,1,1
OpenFoodTox,output/external_data_audit/oft_acute_endpoints_aligned.csv,ede2c6499e711854371249c4f69374fe978c0b729dbfadc6e91727048ae83ffc,735,ac9d7bfe45ece80cb7acb6b948d47d5366dab783a75664e33929c3349ac71f51,Tribenuron-methyl,101200-48-0,VLCQZHSMCYCDJL-UHFFFAOYSA-N,Oral,540bc784-f222-490e-a1fe-6387df7a3552,bd721e98-a2d7-47ac-9d14-19aca24e37a3,36b06661-1721-4d79-ae33-f25dcd8398de,4728,,OFT document UUID; underlying trial ID not established,Conclusion regarding the peer review of the pesticide risk assessment of the active substance tribenuron,"EFSA Scientific Report (2004) 15, 1-52, doi:10.2903/j.efsa.2005.15r",,not reported in aligned source fields,48.0,,,,µg/piece,>,9.1,,,explicit source fields,159,PPDB,101200-48-0,Tribenuron-methyl (Ref: DPX L5300),Oral,,2,True,True,True,not established,no shared trial ID supplied; chemical/route alone insufficient,True,0,0,-1,1,-1,1
OpenFoodTox,output/external_data_audit/oft_acute_endpoints_aligned.csv,ede2c6499e711854371249c4f69374fe978c0b729dbfadc6e91727048ae83ffc,736,dbb1b9b396f9752c23049318cc43be86525e2089b7693a4d2ebb591b1bf02381,Clomazone,81777-89-1,KIEDNEWSYUYDSN-UHFFFAOYSA-N,Oral,9b6852ed-921c-4b04-b5fa-3dd77c817f38,ce9b5dec-1203-4a2f-8a75-550b978416a1,e926fafd-6148-445e-b7e6-9fab2a5b2461,4729,,OFT document UUID; underlying trial ID not established,Conclusion regarding the peer review of the pesticide risk assessment of the active substance clomazone,doi:10.2903/j.efsa.2007.109r,,not reported in aligned source fields,48.0,,,,µg/piece,>,85.29,,,explicit source fields,650,ECOTOX,81777-89-1,"2-[(2-Chlorophenyl)methyl]-4,4-dimethyl-3-isoxazolidinone",Oral,1704,1,True,True,True,not established,no shared trial ID supplied; chemical/route alone insufficient,True,0,0,0,0,-1,1
OpenFoodTox,output/external_data_audit/oft_acute_endpoints_aligned.csv,ede2c6499e711854371249c4f69374fe978c0b729dbfadc6e91727048ae83ffc,739,67faf547102aa9a4b1ef897e25c9cbf6d810df9e16ef4b359e016b4a775777e1,Topramezone,210631-68-8,BPPVUXSMLBXYGG-UHFFFAOYSA-N,Oral,fa9cc8fb-7261-49b6-84c9-22ff072d9b3b,4a05b2a7-cd2a-416c-9ac9-a69e78779819,a724d5fc-8acb-48b3-adc0-4f8e273226e3,4733,,OFT document UUID; underlying trial ID not established,Conclusion on the peer review of the pesticide risk assessment of the active substance topramezone,"EFSA Journal 2014,12(2):3540, doi:10.2903/j.efsa.2014.3540",,not reported in aligned source fields,48.0,,,,µg/piece,>,72.05,,,explicit source fields,695,ECOTOX,210631-68-8,"[3-(4,5-Dihydro-3-isoxazolyl)-2-methyl-4-(methylsulfonyl)phenyl](5-hydroxy-1-methyl-1H-pyrazol-4-yl)methanone",Oral,2333|2336,1,True,True,True,not established,no shared trial ID supplied; chemical/route alone insufficient,True,0,0,0,0,-1,1
OpenFoodTox,output/external_data_audit/oft_acute_endpoints_aligned.csv,ede2c6499e711854371249c4f69374fe978c0b729dbfadc6e91727048ae83ffc,746,313ec28a6a2cbb7c470bb66e62a91051ea95b2b80d3c5ff57640db9f70430fc7,Myclobutanil,88671-89-0,HZJKXKUJVSEEFU-UHFFFAOYSA-N,Oral,a1a43c6d-e718-4a4b-87ef-e8ecf0cc7d98,ad82b755-9356-43cb-b0c2-cf83d0f4a4c6,bc7efd25-a5f6-4982-b682-37f8f9064ff6,4742,,OFT document UUID; underlying trial ID not established,Conclusion on the peer review of the pesticide risk assessment of the active substance myclobutanil1,"EFSA Journal 2010,8(10):1682, doi:10.2903/j.efsa.2010.1682",,not reported in aligned source fields,72.0,Systhane 20 EW,,,µg/piece,>,33.9,,,explicit source fields,630,ECOTOX,88671-89-0,"alpha-Butyl-alpha-(4-chlorophenyl)-1H-1,2,4-triazole-1-propanenitrile",Oral,1733|1734,0,True,True,False,not established,no shared trial ID supplied; chemical/route alone insufficient,True,0,0,0,0,-1,0
EPA,output/external_data_audit/plos_adult_acute_endpoints_aligned.csv,af8c38c358f82295da0402381f5d21da899bdba61a2a66eea4a6eb3243436d87,3,4600b51871f6790492f3bbe1d8f394919d81e5fe650e95c7d10476765d26ccff,Acequinocyl,57960-19-7,QDRXWCAVUNHOGA-UHFFFAOYSA-N,Contact,F10,,45435007,F10,45435007,MRID supplied,"Nienstedt, K. (1999) A Laboratory Acute Contact Toxicity Test with the Honeybee, Apis Mellifera: AKD-2023 Technical: Lab Project Number: 1052.003.265. Unpublished study prepared by Springborn Laboratories (Europe) AG. 36 p.",10.1371/journal.pone.0265962,,adult (S1 endpoint category),,,,,ug/bee,>,100.0,,,not supplied by S1/S4 endpoint/citation tables; not inferred from MRID,737,ECOTOX,57960-19-7,"2-(Acetyloxy)-3-dodecyl-1,4-naphthalenedione",Contact,1553|1555,0,True,True,False,not established,no shared trial ID supplied; chemical/route alone insufficient,True,0,0,0,0,0,0
EPA,output/external_data_audit/plos_adult_acute_endpoints_aligned.csv,af8c38c358f82295da0402381f5d21da899bdba61a2a66eea4a6eb3243436d87,4,e2cecac4ddaa45693a6ea566801853451f6e329cb81069eccf5cf354d5b6a31c,Acetamiprid,135410-20-7,WCXDHFDTOYPNIE-UHFFFAOYSA-N,Contact,F11,,44651874,F11,44651874,MRID supplied,"Candolfi, M. (1997) NI-25 (Acetamiprid): Laboratory Oral and Contact Toxicity Test with the Honeybee, Apis mellifera: Lab Project Number: 96-045-1013: 1013.018.265: 3.5.96/BEE NI-25. Springborn Laboratories (Europe) AG. 50 p",10.1371/journal.pone.0265962,,adult (S1 endpoint category),,,,,ug/bee,,8.1,,,not supplied by S1/S4 endpoint/citation tables; not inferred from MRID,790,PPDB,135410-20-7,Acetamiprid,Contact,,2,True,True,False,not established,no shared trial ID supplied; chemical/route alone insufficient,True,0,0,1,1,1,1
EPA,output/external_data_audit/plos_adult_acute_endpoints_aligned.csv,af8c38c358f82295da0402381f5d21da899bdba61a2a66eea4a6eb3243436d87,7,d1e260bffec455d5ca30d6e2082a970d9ff27e2276c40f9262bb9499a820fda1,Acetochlor,34256-82-1,VTNQPKFIQCLBDU-UHFFFAOYSA-N,Oral,G12,,41565142,G12,41565142,MRID supplied,"Gough, H.; Yearsdon, H.; Lewis, G. (1989) Acetochlor: Acute Contact and Oral Toxicity to Honey Bees (Apis mellifera): Lab Project Number: 89JH251. Unpublished study prepared by ICI Agrochemicals . 37 p.",10.1371/journal.pone.0265962,,adult (S1 endpoint category),,,,,ug/bee,>,100.0,,,not supplied by S1/S4 endpoint/citation tables; not inferred from MRID,119,ECOTOX,34256-82-1,2-Chloro-N-(ethoxymethyl)-N-(2-ethyl-6-methylphenyl)acetamide,Oral,1393|1394|1395|1396,1,True,True,False,not established,no shared trial ID supplied; chemical/route alone insufficient,True,0,0,0,0,0,1
EPA,output/external_data_audit/plos_adult_acute_endpoints_aligned.csv,af8c38c358f82295da0402381f5d21da899bdba61a2a66eea4a6eb3243436d87,9,753811ce45621d3f1efd5e9b0571aa873b416b33ee04fbb3b9fdb68608f424d1,Acibenzolar-S-methyl,135158-54-2,UELITFHSCLAHKR-UHFFFAOYSA-N,Oral,G13,,44537033,G13,44537033,MRID supplied,"Petto, R. (1994) Laboratory Testing for Toxicity (Acute Contact and Oral LD50) of CGA-245704 to Honey Bees, Apis mellifera L: Lab Project Number: 417003: 574-93. Unpublished study prepared by RCC Umweltchemie GMBH & Co. 23 p.",10.1371/journal.pone.0265962,,adult (S1 endpoint category),,,,,ug/bee,>,128.3,,,not supplied by S1/S4 endpoint/citation tables; not inferred from MRID,747,ECOTOX,135158-54-2,"1,2,3-Benzothiadiazole-7-carbothioic acid S-methyl ester",Oral,1962|1963,1,True,True,False,not established,no shared trial ID supplied; chemical/route alone insufficient,True,0,0,0,0,0,1
EPA,output/external_data_audit/plos_adult_acute_endpoints_aligned.csv,af8c38c358f82295da0402381f5d21da899bdba61a2a66eea4a6eb3243436d87,12,200912eb4a0b2257f9c3afa2057f6c4b98310a0e97d21e7e574f50e73e6466d1,Ametoctradin,865318-97-4,GGKQIOFASHYUJZ-UHFFFAOYSA-N,Contact,F15,,47700183,F15,47700183,MRID supplied,"Schmitzer, S. (2006) Effects of BAS 650 F (Acute Contact and Oral) on Honey Bees (Apis mellifera L.) in the Laboratory. Project Number: 2006/1012047/US/OCR, 64/62/76//EU/250618, 30641035. Institut fuer Biologische Analytik und Consulting .",10.1371/journal.pone.0265962,,adult (S1 endpoint category),,,,,ug/bee,>,100.0,,,not supplied by S1/S4 endpoint/citation tables; not inferred from MRID,996,PPDB,865318-97-4,Ametoctradin (Ref: BAS 650F),Contact,,1,True,True,False,not established,no shared trial ID supplied; chemical/route alone insufficient,True,0,0,0,0,0,1
EPA,output/external_data_audit/plos_adult_acute_endpoints_aligned.csv,af8c38c358f82295da0402381f5d21da899bdba61a2a66eea4a6eb3243436d87,14,29852737d13e1cff23fc7ad998fa5f3b737a33c1f81ee50557dff1e1340f592b,Amicarbazone,,ORFPWVRKFLOQHK-UHFFFAOYSA-N,Contact,F16,,45121816,F16,45121816,MRID supplied,"Schmitzer, S. (1998) Laboratory Testing for Toxicity (Acute Contact and Oral LD(50)) of MKH 3586 on Honey Bees (Apis mellifera L.) (Hymenoptera, Apidae): Lab Project Number: 109350, Institute for Biological Analysis and Consulting IBACON",10.1371/journal.pone.0265962,,adult (S1 endpoint category),,,,,ug/bee,>,200.0,,,not supplied by S1/S4 endpoint/citation tables; not inferred from MRID,799,ECOTOX,129909-90-6,"4-Amino-N-(1,1-dimethylethyl)-4,5-dihydro-3-(1-methylethyl)-5-oxo-1H-1,2,4-triazole-1-carboxamide",Contact,1938,0,True,True,False,not established,no shared trial ID supplied; chemical/route alone insufficient,True,0,0,0,0,0,0
EPA,output/external_data_audit/plos_adult_acute_endpoints_aligned.csv,af8c38c358f82295da0402381f5d21da899bdba61a2a66eea4a6eb3243436d87,16,1e51f0ef683c5290154eacd54ec12eec95ef079cdc39c4902c37fc8c3fdc122f,Benzobicyclon,,VIXCLRUCUMWJFF-UHFFFAOYSA-N,Contact,F17,,48986171,F17,48986171,MRID supplied,"Engelhard, E. (1998) SB-500 Technical Material: Acute Oral and Contact Toxicity to the Honeybee, Apis mellifera L. Project Number: 1058/000/265/OCR, 98/001/1058. Unpublished study prepared by Springborn Smithers Laboratories (Europe). 47p.",10.1371/journal.pone.0265962,,adult (S1 endpoint category),,,,,ug/bee,>,200.0,,,not supplied by S1/S4 endpoint/citation tables; not inferred from MRID,857,ECOTOX,156963-66-5,3-[2-Chloro-4-(methanesulfonyl)benzoyl]-4-(phenylsulfanyl)bicyclo[3.2.1]oct-3-en-2-one,Contact,2227,0,True,True,False,not established,no shared trial ID supplied; chemical/route alone insufficient,True,0,0,0,0,0,0
EPA,output/external_data_audit/plos_adult_acute_endpoints_aligned.csv,af8c38c358f82295da0402381f5d21da899bdba61a2a66eea4a6eb3243436d87,18,78a7b3d352a988f989ab784385d4c530c190a57b28353fe8f81044e1c7f4b042,Benzovindiflupyr,1072957-71-1,CCCGEKHKTPTUHJ-UHFFFAOYSA-N,Contact,F18,,48604527,F18,48604527,MRID supplied,"Kling, A. (2008) SYN545192 - Acute Oral and Contact Toxicity to the Honeybee Apis mellifera L. in the Laboratory: Final Report. Project Number: T000875/08/OCR, S08/02807, S08/02807/L1/BLEU. Unpublished study prepared by Eurofins",10.1371/journal.pone.0265962,,adult (S1 endpoint category),,,,,ug/bee,>,100.0,,,not supplied by S1/S4 endpoint/citation tables; not inferred from MRID,991,ECOTOX,1072957-71-1,"N-[9-(Dichloromethylene)-1,2,3,4-tetrahydro-1,4-1H-pyrazole-4-carboxamide",Contact,2632,1,True,True,False,not established,no shared trial ID supplied; chemical/route alone insufficient,True,0,0,0,0,0,1
EPA,output/external_data_audit/plos_adult_acute_endpoints_aligned.csv,af8c38c358f82295da0402381f5d21da899bdba61a2a66eea4a6eb3243436d87,22,14f77c4e8f6cf22ebb1f655253cd6c2dd6f1175619bd404eaa5bc564ef9ddaca,Bispyribac-sodium,125401-92-5,FUHMZYWBSHTEDZ-UHFFFAOYSA-M,Contact,F20,,44889224,F20,44889224,MRID supplied,"Collins, M. (1999) Bispyribac-Sodium--Acute Contact Toxicity Test with Honey Bees (Apis mellifera): Lab Project Number: 98-10-7523: 9900203. Unpublished study prepared by Springborn Laboratories, Inc. 54 p.",10.1371/journal.pone.0265962,,adult (S1 endpoint category),,,,,ug/bee,>,25.0,,,not supplied by S1/S4 endpoint/citation tables; not inferred from MRID,950,ECOTOX,125401-92-5,"2,6-Bis[(4,6-dimethoxy-2-pyrimidinyl)oxy]benzoic acid sodium salt",Contact,1918,1,True,True,False,not established,no shared trial ID supplied; chemical/route alone insufficient,True,0,0,0,0,-1,1
EPA,output/external_data_audit/plos_adult_acute_endpoints_aligned.csv,af8c38c358f82295da0402381f5d21da899bdba61a2a66eea4a6eb3243436d87,24,720f85fd9984cd4e7502179a31fcb0d16e17b56a3f7345b3c4cc89f42cab5db7,Bixafen,581809-46-3,LDLMOOXUCMHBMZ-UHFFFAOYSA-N,Contact,F21,,,F21,,MRID missing,,10.1371/journal.pone.0265962,,adult (S1 endpoint category),,,,,ug/bee,>,100.0,,,not supplied by S1/S4 endpoint/citation tables; not inferred from MRID,968,ECOTOX,581809-46-3,"N-(3',4'-Dichloro-5-fluoro[1,1'-biphenyl]-2-yl)-3-(difluoromethyl)-1-methyl-1H-pyrazole-4-carboxamide",Contact,2534,1,True,True,False,not established,no shared trial ID supplied; chemical/route alone insufficient,True,0,0,0,0,0,1
EPA,output/external_data_audit/plos_adult_acute_endpoints_aligned.csv,af8c38c358f82295da0402381f5d21da899bdba61a2a66eea4a6eb3243436d87,27,985f2a5a2bedab21c56fc64726d281ce74e3b53742245d1f5178e767a2f455f2,Boscalid,188425-85-6,WYEMLYFITZORAB-UHFFFAOYSA-N,Oral,G22,,45405019,G22,45405019,MRID supplied,"Sack, D. (1999) Effect of Reg. No. 300 355 (BAS 510 F) on the Honeybee (Apis mellifera L.) in Laboratory Trials: Final Report: Lab Project Number: 44156: 1999/10823. Unpublished study prepared by BASF Aktiengesellschaft. 24 p.",10.1371/journal.pone.0265962,,adult (S1 endpoint category),,,,,ug/bee,>,166.0,,,not supplied by S1/S4 endpoint/citation tables; not inferred from MRID,874,ECOTOX,188425-85-6,"2-Chloro-N-(4'-chloro[1,1'-biphenyl]-2-yl)-3-pyridinecarboxamide",Oral,2324|2326,1,True,True,False,not established,no shared trial ID supplied; chemical/route alone insufficient,True,0,0,0,0,0,1
EPA,output/external_data_audit/plos_adult_acute_endpoints_aligned.csv,af8c38c358f82295da0402381f5d21da899bdba61a2a66eea4a6eb3243436d87,29,a981386f945cb394ee4e5ce40d87f78479db61007931215c106e7989438686f1,Bromoxynil,1689-84-5,UPMXNNIRAGDFEH-UHFFFAOYSA-N,Oral,G23,,50109601,G23,50109601,MRID supplied,"Hamon, N.; Lacy, J. (1988) Bromoxynil: Laboratory Determination of the Toxicity of Bromoxynil to the Adult Honeybee Apis Mellifera L. By Direct Contact and Ingestion According to UK Approved Protocols: Final Report. Project Number: M/160069/01/2, R/AG/416. Unpublished study prepared by Smithers Viscient Laboratories. 11p.",10.1371/journal.pone.0265962,,adult (S1 endpoint category),,,,,ug/bee,,3.3,,,not supplied by S1/S4 endpoint/citation tables; not inferred from MRID,396,ECOTOX,1689-84-5,"3,5-Dibromo-4-hydroxybenzonitrile",Oral,850,2,True,True,False,not established,no shared trial ID supplied; chemical/route alone insufficient,True,0,0,1,1,1,1
EPA,output/external_data_audit/plos_adult_acute_endpoints_aligned.csv,af8c38c358f82295da0402381f5d21da899bdba61a2a66eea4a6eb3243436d87,32,7c6b0b60304f2fd6bf7667944983a3ac17982e4e5b6c80b80624e622341780d9,Captan,133-06-2,LDVVMCZRFWMZSG-UHFFFAOYSA-N,Oral,G26,,50094805,G26,50094805,MRID supplied,"Sloman, T.; Keller, K.; Porch, J. (2015) Captan: An Acute Oral Toxicity Study with the Honey Bee: Final Report. Project Number: 234P/111, R/35549, 234/121541/BEEDIET/SUB234. Unpublished study prepared by Wildlife International Ltd. 56p.",10.1371/journal.pone.0265962,,adult (S1 endpoint category),,,,,ug/bee,,0.055,,,not supplied by S1/S4 endpoint/citation tables; not inferred from MRID,149,PPDB,133-06-2,Captan (Ref: SR 406),Oral,,1,True,True,False,not established,no shared trial ID supplied; chemical/route alone insufficient,True,1,0,1,0,1,1
EPA,output/external_data_audit/plos_adult_acute_endpoints_aligned.csv,af8c38c358f82295da0402381f5d21da899bdba61a2a66eea4a6eb3243436d87,33,568c3950a26cde809280683886bcee36b9a6b73b991f557b464d589c31cfe6cb,Carbaryl,63-25-2,CVXBEEMKQHEXEN-UHFFFAOYSA-N,Contact,F27,,00001999,F27,00001999,MRID supplied,"Atkins, L., Jr.; Anderson, L.D. (1967) Toxicity of Pesticides and Other Agricultural Chemicals to Honey Bees: Laboratory Studies. (Unpublished study received Jan 30, 1969 under 9G0802; prepared by Univ. of California--Riverside, Dept. of Entomology,",10.1371/journal.pone.0265962,,adult (S1 endpoint category),,,,,ug/bee,,1.336,,,not supplied by S1/S4 endpoint/citation tables; not inferred from MRID,33,ECOTOX,63-25-2,1-Naphthalenol methylcarbamate,Contact,222|224|225|226|227|229|230|243|245|257|259|262|264|267|268|269|270|272|274,3,True,True,False,not established,no shared trial ID supplied; chemical/route alone insufficient,True,0,1,1,1,1,1
EPA,output/external_data_audit/plos_adult_acute_endpoints_aligned.csv,af8c38c358f82295da0402381f5d21da899bdba61a2a66eea4a6eb3243436d87,36,9893493b0d66bb6e3fc904474514ab93d53fbd23995fbd5ca8403cd741ac416a,Carboxin,5234-68-4,GYSSRZJIHXQEHQ-UHFFFAOYSA-N,Oral,G28,,49641004,G28,49641004,MRID supplied,"Kimmel, S. (2017) Omite (Propargite) Technical: Toxicity to Honey Bee (Apis mellifera L.) Larvae after Repeated Exposure under In Vitro Laboratory Conditions: Final Report. Project Number: 20160018, 2016/010",10.1371/journal.pone.0265962,,adult (S1 endpoint category),,,,,ug/bee,>,104.44,,,not supplied by S1/S4 endpoint/citation tables; not inferred from MRID,387,ECOTOX,5234-68-4,"5,6-Dihydro-2-methyl-N-phenyl-1,4-oxathiin-3-carboxamide",Oral,1019|1022,1,True,True,False,not established,no shared trial ID supplied; chemical/route alone insufficient,True,0,0,0,0,0,1
EPA,output/external_data_audit/plos_adult_acute_endpoints_aligned.csv,af8c38c358f82295da0402381f5d21da899bdba61a2a66eea4a6eb3243436d87,38,17a8e907ea9bf903f24ca0757905e88c6a812a54ca0b7ad1c1a719dd22921e96,Clomazone,81777-89-1,KIEDNEWSYUYDSN-UHFFFAOYSA-N,Oral,G29,,45178102,G29,45178102,MRID supplied,"Nengel, S. (1998) Clomazone Technical: Acute Oral and Contact Toxicity to the HoneyBee, Apis mellifera L. in the Laboratory. Unpublished study prepared by Arbeitsgemeinschaft GAB Biotechnologie GmbH & IFU Umweltanalytik GmbH. 20 p",10.1371/journal.pone.0265962,,adult (S1 endpoint category),,,,,ug/bee,>,85.29,,,not supplied by S1/S4 endpoint/citation tables; not inferred from MRID,650,ECOTOX,81777-89-1,"2-[(2-Chlorophenyl)methyl]-4,4-dimethyl-3-isoxazolidinone",Oral,1704,1,True,True,False,not established,no shared trial ID supplied; chemical/route alone insufficient,True,0,0,0,0,-1,1
EPA,output/external_data_audit/plos_adult_acute_endpoints_aligned.csv,af8c38c358f82295da0402381f5d21da899bdba61a2a66eea4a6eb3243436d87,40,ca8a13ae4ff93805ba734f068b0c28f71505f1fc9647c95b22c1463e169cf367,Clothianidin,210880-92-5,PGOOBECODWQEAB-UHFFFAOYSA-N,Oral,G31,,45422426,G31,45422426,MRID supplied,"Weyman, G. (1998) TI-435 Technical: Acute Contact and Oral Toxicity to Honey Bees: Lab Project Number: 586/135: 110049. Unpublished study prepared by Covance Laboratories Ltd. 39 p",10.1371/journal.pone.0265962,,adult (S1 endpoint category),,,,,ug/bee,,0.00368,,,not supplied by S1/S4 endpoint/citation tables; not inferred from MRID,845,PPDB,210880-92-5,Clothianidin (Ref: CGA 322704),Oral,,3,True,True,False,not established,no shared trial ID supplied; chemical/route alone insufficient,True,1,1,1,1,1,1
EPA,output/external_data_audit/plos_adult_acute_endpoints_aligned.csv,af8c38c358f82295da0402381f5d21da899bdba61a2a66eea4a6eb3243436d87,42,e437063db1b132c4c91234a11f5eaa57ce73d32932d6ab8930452dbdaf532230,Cyantraniliprole,736994-63-1,DVBUIBGJRQBEDP-UHFFFAOYSA-N,Oral,G32,,48120090,G32,48120090,MRID supplied,"Kling, A. (2005) DPX-HGW86 Technical: Acute Oral and Contact Toxicity to the Honeybee, Apis mellifera L. Project Number: DuPont/17000, 20051145/01/BLEU, 15854. Unpublished study prepared by GAB Biotechnologie Gmbh. 37 p",10.1371/journal.pone.0265962,,adult (S1 endpoint category),,,,,ug/bee,>,0.1055,,,not supplied by S1/S4 endpoint/citation tables; not inferred from MRID,953,ECOTOX,736994-63-1,3-Bromo-1-(3-chloro-2-pyridinyl)-N-[4-cyano-2-methyl-6-[(methylamino)carbonyl]phenyl]-1H-pyrazole-5-carboxamide,Oral,2544|2546|2548|2551|2552|2553|2554,3,True,True,False,not established,no shared trial ID supplied; chemical/route alone insufficient,True,-1,1,-1,1,-1,1
EPA,output/external_data_audit/plos_adult_acute_endpoints_aligned.csv,af8c38c358f82295da0402381f5d21da899bdba61a2a66eea4a6eb3243436d87,44,4c4c873d54194b1b673983f268ffd19dedb0342e036129521f2fe13a7647448d,Cyazofamid,120116-88-3,YXKMMRDKEKCERS-UHFFFAOYSA-N,Oral,G33,,45409144,G33,45409144,MRID supplied,"Schmitzer, S. (1999) Laboratory Testing for Toxicity (Acute Contact and Oral LD50) of IKF-916 Technical on Honey Bees (Apis mellifera L.)(Hymenoptera, Apidae): Lab Project Number: IBACON #2915036. Institut fur Biologische Analytik Und Consulting IBACON",10.1371/journal.pone.0265962,,adult (S1 endpoint category),,,,,ug/bee,>,151.7,,,not supplied by S1/S4 endpoint/citation tables; not inferred from MRID,817,ECOTOX,120116-88-3,"4-Chloro-2-cyano-N,N-dimethyl-5-(4-methylphenyl)-1H-imidazole-1-sulfonamide",Oral,1877|1879|1880,1,True,True,False,not established,no shared trial ID supplied; chemical/route alone insufficient,True,0,0,0,0,0,1
EPA,output/external_data_audit/plos_adult_acute_endpoints_aligned.csv,af8c38c358f82295da0402381f5d21da899bdba61a2a66eea4a6eb3243436d87,46,f7fe64ad33f8f926e6f0e339f7e5c4eb0739a29752d117ea8cabed577d6d85fb,Cyclanilide,113136-77-9,GLWWLNJJJCTFMZ-UHFFFAOYSA-N,Oral,G34,,43868324,G34,43868324,MRID supplied,"Petto, R. (1994) Laboratory Testing for Toxicity (Acute Contact and Oral LD 50) of RPA 090946 to Honey Bees (Apis mellifera L.) (Hymenoptera, Apidae): Lab Project Number: 463700. Unpublished study prepared by RCC Umweltchemie GmbH & Co KG",10.1371/journal.pone.0265962,,adult (S1 endpoint category),,,,,ug/bee,>,89.5,,,not supplied by S1/S4 endpoint/citation tables; not inferred from MRID,821,ECOTOX,113136-77-9,"1-[[(2,4-Dichlorophenyl)amino]carbonyl]cyclopropane carboxylic acid",Oral,1820,1,True,True,False,not established,no shared trial ID supplied; chemical/route alone insufficient,True,0,0,0,0,-1,1
EPA,output/external_data_audit/plos_adult_acute_endpoints_aligned.csv,af8c38c358f82295da0402381f5d21da899bdba61a2a66eea4a6eb3243436d87,48,eb3cf30ffb5a09224bd5ba3b159945af923736a37825ac007cb11d87ac65f8b6,Cyclaniliprole,1031756-98-5,RAMUASXTSSXCMB-UHFFFAOYSA-N,Oral,G35,,49318925,G35,49318925,MRID supplied,"Sekine, T. (2012) Effects of IKI-3106 TGAI (Acute Contact and Oral) on Honey Bees (Apis mellifera L.) in the Laboratory: Final Report. Project Number: 66233035. Unpublished study prepared by Institut fuer Biologische Analytik und Consulting IBACON. 58p.",10.1371/journal.pone.0265962,,adult (S1 endpoint category),,,,,ug/bee,,0.702,,,not supplied by S1/S4 endpoint/citation tables; not inferred from MRID,1004,PPDB,1031756-98-5,Cyclaniliprole (Ref: IKI-3106),Oral,,3,True,True,False,not established,no shared trial ID supplied; chemical/route alone insufficient,True,1,1,1,1,1,1
EPA,output/external_data_audit/plos_adult_acute_endpoints_aligned.csv,af8c38c358f82295da0402381f5d21da899bdba61a2a66eea4a6eb3243436d87,50,1ee213df5fc806357ba4c77d80d8d2af00a2184f5732a7c5db3d5862ff8180bf,Cyflufenamid,,ACMXQHFNODYQAT-UHFFFAOYSA-N,Contact,F37,,47620707,F37,47620707,MRID supplied,"Halsall, N. (1999) NF-149 Acute Toxicity to Honey Bees (Apis mellifera). Project Number: NOD/052. Unpublished study prepared by Huntingdon Life Sciences, Ltd. 26",10.1371/journal.pone.0265962,,adult (S1 endpoint category),,,,,ug/bee,>,100.0,,,not supplied by S1/S4 endpoint/citation tables; not inferred from MRID,914,PPDB,180409-60-3,Cyflufenamid (Ref: NF 149),Contact,,1,True,True,False,not established,no shared trial ID supplied; chemical/route alone insufficient,True,0,0,0,0,0,1
EPA,output/external_data_audit/plos_adult_acute_endpoints_aligned.csv,af8c38c358f82295da0402381f5d21da899bdba61a2a66eea4a6eb3243436d87,52,35538313ba2bb676277ffad8e3acd3b47f5685376672f698b9e0d6f94ed54250,Cyhalofop-butyl,122008-85-9,TYIYMOAHACZAMQ-UHFFFAOYSA-N,Contact,F38,,45000502,F38,45000502,MRID supplied,"Palmer, S.; Beavers, J. (1994) XDE-537 nBu Herbicide: An Acute Contact Toxicity Study with the Honey Bee: Lab Project Number: 103-406A: DECO-ES-2818. Unpublished study prepared by Wildlife International Ltd. 21 p.",10.1371/journal.pone.0265962,,adult (S1 endpoint category),,,,,ug/bee,>,100.0,,,not supplied by S1/S4 endpoint/citation tables; not inferred from MRID,734,ECOTOX,122008-85-9,"(2R)-2-[4-(4-Cyano-2-fluorophenoxy)phenoxy]propanoic acid, Butyl ester",Contact,1892|1893,1,True,True,False,not established,no shared trial ID supplied; chemical/route alone insufficient,True,0,0,0,0,0,1
EPA,output/external_data_audit/plos_adult_acute_endpoints_aligned.csv,af8c38c358f82295da0402381f5d21da899bdba61a2a66eea4a6eb3243436d87,54,46b27424768a6d749b00253fe1d15fc533cd7b0171f6ffd2f59f152a42e26524,Cymoxanil,57966-95-7,XERJKGMBORTKEO-UHFFFAOYSA-N,Contact,F39,,44180735,F39,44180735,MRID supplied,"Hoxter, K.; Bernard, W.; Smith, G. (1993) H #19,062-02: An Acute Contact Toxicity Study with the Honey Bee: Final Report: Lab Project Number: 112-275: HLO 100-93: 100-93. Unpublished study prepared by Wildlife International Ltd. 17 p.",10.1371/journal.pone.0265962,,adult (S1 endpoint category),,,,,ug/bee,>,25.0,,,not supplied by S1/S4 endpoint/citation tables; not inferred from MRID,553,ECOTOX,57966-95-7,2-Cyano-N-[(ethylamino)carbonyl]-2-(methoxyimino)acetamide,Contact,1557,1,True,True,False,not established,no shared trial ID supplied; chemical/route alone insufficient,True,0,0,0,0,-1,1
EPA,output/external_data_audit/plos_adult_acute_endpoints_aligned.csv,af8c38c358f82295da0402381f5d21da899bdba61a2a66eea4a6eb3243436d87,55,0d99b23f4d96e73bab897ca5fd11da8f27242642c522860e0a2f0f189a78575b,Cypermethrin,52315-07-8,KAATUXNTWXVJKI-UHFFFAOYSA-N,Contact,F40,,00155740,F40,00155740,MRID supplied,"Bull, J.; Wilkinson, W. (1980) Cypermethrin: Laboratory Determina- tion of the Acute Toxicity to Honeybees of Technical Material and an Emulsifiable Concentrate (GFU 061): Report Series: RJ 0169B. ICI Plant Protection Div. 35 p.",10.1371/journal.pone.0265962,,adult (S1 endpoint category),,,,,ug/bee,,0.023,,,not supplied by S1/S4 endpoint/citation tables; not inferred from MRID,250,PPDB,65731-84-2,Beta-cypermethrin (Ref: OMS 3068),Contact,,3,True,True,False,not established,no shared trial ID supplied; chemical/route alone insufficient,True,1,1,1,1,1,1
EPA,output/external_data_audit/plos_adult_acute_endpoints_aligned.csv,af8c38c358f82295da0402381f5d21da899bdba61a2a66eea4a6eb3243436d87,59,be6e3658d43a4dd168cd036a6c0b339e04ca18a4e151f5cd11a3aeb7630c707c,Desmedipham,13684-56-5,WZJZMXBKUWKXTQ-UHFFFAOYSA-N,Contact,F43,,41711402,F43,41711402,MRID supplied,"Barrett, K. (1990) Desmedipham (W-91): The Acute Oral and Topical Toxicities of Desmedipham to Worker Honeybees (Apis mellifera L.): Lab Project Number: ENVIR 90/45. Unpublished study prepared by Schering Agrochemicals Ltd",10.1371/journal.pone.0265962,,adult (S1 endpoint category),,,,,ug/bee,>,50.0,,,not supplied by S1/S4 endpoint/citation tables; not inferred from MRID,429,ECOTOX,13684-56-5,"N-[3-[[(Phenylamino)carbonyl]oxy]phenyl]carbamic acid, Ethyl ester",Contact,1193,1,True,True,False,not established,no shared trial ID supplied; chemical/route alone insufficient,True,0,0,0,0,-1,1
EPA,output/external_data_audit/plos_adult_acute_endpoints_aligned.csv,af8c38c358f82295da0402381f5d21da899bdba61a2a66eea4a6eb3243436d87,61,a639e162570348f8823b25c47f13db81625d8b5f99d57b2f48fcd15ec7281a2e,Dicamba,1918-00-9,IWEDIXLBFLAXBO-UHFFFAOYSA-N,Contact,F44,,00036935,F44,00036935,MRID supplied,"Atkins, E.L.; Greywood, E.A.; Macdonald, R.L. (1975) Toxicity of Pesticides and Other Agricultural Chemicals to Honey Bees: Laboratory Studies. By University of California, Dept. of Entomology. U of CA, Cooperative Extension. (Leaflet 2287)",10.1371/journal.pone.0265962,,adult (S1 endpoint category),,,,,ug/bee,,2.58,,,not supplied by S1/S4 endpoint/citation tables; not inferred from MRID,35,ECOTOX,1918-00-9,"3,6-Dichloro-2-methyoxybenzoic acid",Contact,865|867,1,True,True,False,not established,no shared trial ID supplied; chemical/route alone insufficient,True,0,0,1,0,1,1
EPA,output/external_data_audit/plos_adult_acute_endpoints_aligned.csv,af8c38c358f82295da0402381f5d21da899bdba61a2a66eea4a6eb3243436d87,62,4855bb8922d92df5e08233f2f48892cd5715c84f625d719b74003ab1c7dd7164,Diclosulam,,QNXAVFXEJCPCJO-UHFFFAOYSA-N,Contact,F46,,43441019,F46,43441019,MRID supplied,"Hoxter, K.; Bernard, W.; Smith, G. et al. (1994) XDE-564 Herbicide: An Acute Contact Toxicity Study with the Honey Bee: Amended Report: Lab Project Number: 103/371B: 103/371: ES/2593. Unpublished study prepared by Wildlife International",10.1371/journal.pone.0265962,,adult (S1 endpoint category),,,,,ug/bee,>,25.0,,,not supplied by S1/S4 endpoint/citation tables; not inferred from MRID,826,ECOTOX,145701-21-9,"N-(2,6-Dichlorophenyl)-5-ethoxy-7-fluoro-[1,2,4-triazolo[1,5-c]pyrimidine-2-sulfonamide",Contact,2095,1,True,True,False,not established,no shared trial ID supplied; chemical/route alone insufficient,True,0,0,0,0,-1,1
EPA,output/external_data_audit/plos_adult_acute_endpoints_aligned.csv,af8c38c358f82295da0402381f5d21da899bdba61a2a66eea4a6eb3243436d87,64,eb8ac385527c87ac0333cb3bd83f748e048f07532d9a421110489115503575a7,Difenoconazole,119446-68-3,BQYJATMQXGBDHF-UHFFFAOYSA-N,Contact,F47,,42245124,F47,42245124,MRID supplied,"Hoxter, K. (1989) CGA-169374: An Acute Toxicity Study with the Honey Bee: Lab Project Number: 108-302A. Unpublished study prepared by Wildlife International Ltd. 16 p",10.1371/journal.pone.0265962,,adult (S1 endpoint category),,,,,ug/bee,>,100.0,,,not supplied by S1/S4 endpoint/citation tables; not inferred from MRID,710,ECOTOX,119446-68-3,"1-[[2-[2-Chloro-4-(4-chlorophenoxyl)phenyl]-4-methyl-1,3-dioxolan-2-yl]methyl]-1H-1,2,4-triazole",Contact,1856,1,True,True,False,not established,no shared trial ID supplied; chemical/route alone insufficient,True,0,0,0,0,0,1
EPA,output/external_data_audit/plos_adult_acute_endpoints_aligned.csv,af8c38c358f82295da0402381f5d21da899bdba61a2a66eea4a6eb3243436d87,66,d597aac3c5d04d8c16203fe076f313346ccaa16b50e16ab58cf8ffce6eb09f76,Diflubenzuron,35367-38-5,QQQYTWIFVNKMRW-UHFFFAOYSA-N,Oral,G48,,49980901,G48,49980901,MRID supplied,"Fauser, A. (2016) Diflubenzuron Technical: Acute Oral and Contact Toxicity to Honeybee (Apis mellifera L.) Under Laboratory Conditions: Final Report. Project Number: 2015/082, 20150085",10.1371/journal.pone.0265962,,adult (S1 endpoint category),,,,,ug/bee,>,9.1,,,not supplied by S1/S4 endpoint/citation tables; not inferred from MRID,455,PPDB,35367-38-5,Diflubenzuron (Ref: OMS 1804),Oral,,2,True,True,False,not established,no shared trial ID supplied; chemical/route alone insufficient,True,0,0,-1,1,-1,1
EPA,output/external_data_audit/plos_adult_acute_endpoints_aligned.csv,af8c38c358f82295da0402381f5d21da899bdba61a2a66eea4a6eb3243436d87,69,f9d982742dcbf727d55b02df5d164512f64d0878868e7ef2ab90585fabd9d883,Dimethenamid,87674-68-8,JLYFCTQDENRSOL-UHFFFAOYSA-N,Oral,G50,,41662418,G50,41662418,MRID supplied,"Donat, H. (1986) Laboratory Studies on the Acute Contact and Oral Toxicities of SAN 582H (Technical) to Worker Honeybees: Lab Pro- ject Number: BLK-NR/66/583. Unpublished study prepared by Sandoz Ltd., Agro Research. 12 p.",10.1371/journal.pone.0265962,,adult (S1 endpoint category),,,,,ug/bee,,94.0,,,not supplied by S1/S4 endpoint/citation tables; not inferred from MRID,840,PPDB,163515-14-8,Dimethenamid-P,Oral,,0,True,True,False,not established,no shared trial ID supplied; chemical/route alone insufficient,True,0,0,0,0,1,0
EPA,output/external_data_audit/plos_adult_acute_endpoints_aligned.csv,af8c38c358f82295da0402381f5d21da899bdba61a2a66eea4a6eb3243436d87,70,d610c3ec7590fd286201b4b5fe634ffde089d53f312a42fc3cb8db3cb22f85b4,Dinotefuran,,YKBZOVFACRVRJN-UHFFFAOYSA-N,Contact,F51,,45639725,F51,45639725,MRID supplied,"Harnish, W. (2000) Acute Contact and Oral Toxicity of MTI-446, Active to Honey Bees: Lab Project Number: 41421F001. Unpublished study prepared by Landis International, Inc. 68 p",10.1371/journal.pone.0265962,,adult (S1 endpoint category),,,,,ug/bee,,0.047,,,not supplied by S1/S4 endpoint/citation tables; not inferred from MRID,827,PPDB,165252-70-0,Dinotefuran (Ref: MTI 446),Contact,,3,True,True,False,not established,no shared trial ID supplied; chemical/route alone insufficient,True,1,1,1,1,1,1
EPA,output/external_data_audit/plos_adult_acute_endpoints_aligned.csv,af8c38c358f82295da0402381f5d21da899bdba61a2a66eea4a6eb3243436d87,72,c61c73f8cd90d5889dcca50fb9efe4f6ef71e0d0f294404acce3fbc99b4a797f,Dithiopyr,,YUBJPYNSGLJZPQ-UHFFFAOYSA-N,Contact,F52,,40638626,F52,40638626,MRID supplied,"Hoxter, K.; Jaber, M. (1987) MON 7200: An Acute Contact Toxicity Study with the Honey Bee: Laboratory Project No. 139-236/WL-87- 84: R.D. No. 866. Unpublished study prepared by Wildlife International Ltd. 20 p",10.1371/journal.pone.0265962,,adult (S1 endpoint category),,,,,ug/bee,,81.0,,,not supplied by S1/S4 endpoint/citation tables; not inferred from MRID,658,ECOTOX,97886-45-8,"2-(Difluoromethyl)-4-(2-methylpropyl)-6-(trifluoromethyl)-3,5-pyridinedicarbothioic acid, S3,S5-Dimethyl ester",Contact,1765|1766,1,True,True,False,not established,no shared trial ID supplied; chemical/route alone insufficient,True,0,0,0,0,1,1
EPA,output/external_data_audit/plos_adult_acute_endpoints_aligned.csv,af8c38c358f82295da0402381f5d21da899bdba61a2a66eea4a6eb3243436d87,74,c763268440b07ec2d9cab9fe75adb5e08d974adaf6ff732a8a42d2ca165659fa,Dodine,2439-10-3,YIKWKLYQRFRGPM-UHFFFAOYSA-N,Contact,F53,,40315505,F53,40315505,MRID supplied,"Van Beck, L. (1984) Acute Dermal Toxicity and Oral Toxicity Studies with Dodine in Honey Bees: Report No. V 84.449/24749. Unpub- lished study prepared by Netherlands Org. for Apl. Sci. Res. (TNO). 11 p",10.1371/journal.pone.0265962,,adult (S1 endpoint category),,,,,ug/bee,>,200.0,,,not supplied by S1/S4 endpoint/citation tables; not inferred from MRID,34,ECOTOX,2439-10-3,N-Dodecylguanidine acetate (1:1),Contact,927|928,0,True,True,False,not established,no shared trial ID supplied; chemical/route alone insufficient,True,0,0,0,0,0,0
EPA,output/external_data_audit/plos_adult_acute_endpoints_aligned.csv,af8c38c358f82295da0402381f5d21da899bdba61a2a66eea4a6eb3243436d87,77,fcdc7f9bff85e30c31674c7e8b7b42eeb905950af7e30e565516870bad25823e,Ethaboxam,,NQRFDNJEBWAUBL-UHFFFAOYSA-N,Oral,G55,,48535627,G55,48535627,MRID supplied,"Gray, A. (1998) LGC-30473: Acute Toxicity to Honey Bees (Apis mellifera). Project Number: 200900548/OCR, LKF/003/984197. Unpublished study prepared by Huntingdon Life Sciences, Ltd. 26 p",10.1371/journal.pone.0265962,,adult (S1 endpoint category),,,,,ug/bee,>,111.8,,,not supplied by S1/S4 endpoint/citation tables; not inferred from MRID,856,ECOTOX,162650-77-3,N-(Cyano-2-thienylmethyl)-4-ethyl-2-(ethylamino)-5-thiazolecarboxamide,Oral,2254|2255,0,True,True,False,not established,no shared trial ID supplied; chemical/route alone insufficient,True,0,0,0,0,0,0
EPA,output/external_data_audit/plos_adult_acute_endpoints_aligned.csv,af8c38c358f82295da0402381f5d21da899bdba61a2a66eea4a6eb3243436d87,79,6d255ec42c04b7e77a3d3cf2929406ebc05c8bd7a9361cd81e5d0ff108d88eeb,Ethalfluralin,,PTFJIKYUEPWBMS-UHFFFAOYSA-N,Oral,G56,,50104901,G56,50104901,MRID supplied,"Dinius, B. (2016) Ethalfluralin - Acute Oral Toxicity Test with the Honey Bee (Apis mellifera) Following OECD Guideline 213. Project Number: 12791/6275. Unpublished study prepared by Gowan Company. 36p.",10.1371/journal.pone.0265962,,adult (S1 endpoint category),,,,,ug/bee,>,97.0,,,not supplied by S1/S4 endpoint/citation tables; not inferred from MRID,483,ECOTOX,55283-68-6,"N-Ethyl-N-(2-methyl-2-propenyl)-2,6-dinitro-4-(trifluoromethyl)benzenamine",Oral,1539,1,True,True,False,not established,no shared trial ID supplied; chemical/route alone insufficient,True,0,0,0,0,-1,1
EPA,output/external_data_audit/plos_adult_acute_endpoints_aligned.csv,af8c38c358f82295da0402381f5d21da899bdba61a2a66eea4a6eb3243436d87,80,accf5342fd04aa792064911628bef5db237b7606c4c5942191a900a0736da729,Etoxazole,153233-91-1,IXSZQYVWNJNRAL-UHFFFAOYSA-N,Contact,F58,,45621706,F58,45621706,MRID supplied,"Wiles, J. (1996) YI-5301: Acute Toxicity to Honey Bees (Apis mellifera): Lab Project Number: YMA 30/961664: 9700165. Unpublished study prepared by Huntingdon Life Sciences Ltd. 24 p.",10.1371/journal.pone.0265962,,adult (S1 endpoint category),,,,,ug/bee,>,200.0,,,not supplied by S1/S4 endpoint/citation tables; not inferred from MRID,794,ECOTOX,153233-91-1,"2-(2,6-Difluorophenyl)-4-[4-(1,1-dimethylethyl)-2-ethoxyphenyl]-4,5-dihydrooxazole",Contact,2109,0,True,True,False,not established,no shared trial ID supplied; chemical/route alone insufficient,True,0,0,0,0,0,0
EPA,output/external_data_audit/plos_adult_acute_endpoints_aligned.csv,af8c38c358f82295da0402381f5d21da899bdba61a2a66eea4a6eb3243436d87,83,d4a0d5f8aed137540a4f7be399f7f661c562f5e7c7de7ece877f86d5de8cb65e,Famoxadone,131807-57-3,PCCSBWNGDMYFCW-UHFFFAOYSA-N,Oral,G60,,49970603,G60,49970603,MRID supplied,"Vinall, S. (1998) Famoxadone Technical: Acute Oral and Contact Toxicity to the Honeybee, Apis mellifera L.: Final Report. Project Number: DP/98/21, AMR/5165/98, AMR/4609/97. Unpublished study prepared by University of Southampton. 24p.",10.1371/journal.pone.0265962,,adult (S1 endpoint category),,,,,ug/bee,>,0.92,,,not supplied by S1/S4 endpoint/citation tables; not inferred from MRID,791,ECOTOX,131807-57-3,"5-Methyl-5-(4-phenoxyphenyl)-3-(phenylamino)-2,4-oxazolidinedione",Oral,1941|1944,2,True,True,False,not established,no shared trial ID supplied; chemical/route alone insufficient,True,-1,0,-1,1,-1,1
EPA,output/external_data_audit/plos_adult_acute_endpoints_aligned.csv,af8c38c358f82295da0402381f5d21da899bdba61a2a66eea4a6eb3243436d87,84,0a1f18f380fbcd4cf8dcf7f7d919114e47f831999bd3420ed98915067a7d7998,Fenamidone,161326-34-7,LMVPQMGRYSRMIW-UHFFFAOYSA-N,Contact,F61,,45802901,F61,45802901,MRID supplied,"Schmitzer, S. (1998) Laboratory Testing for Toxicity (Acute Contact and Oral LD50) of RPA407213 on Honey Bees (Apis mellifera L.) (Hymenoptera, Apidae): Lab Project Number: 3581036  prepared by Institut fur Biologische Analytik und Consulting IBACON",10.1371/journal.pone.0265962,,adult (S1 endpoint category),,,,,ug/bee,,82.3,,,not supplied by S1/S4 endpoint/citation tables; not inferred from MRID,838,ECOTOX,161326-34-7,"(5S)-3,5-Dihydro-5-methyl-2-(methylthio)-5-phenyl-3-(phenylamino)-4H-imidazol-4-one",Contact,2248|2251,1,True,True,False,not established,no shared trial ID supplied; chemical/route alone insufficient,True,0,0,0,0,1,1
EPA,output/external_data_audit/plos_adult_acute_endpoints_aligned.csv,af8c38c358f82295da0402381f5d21da899bdba61a2a66eea4a6eb3243436d87,87,a237863ffe37e75ec9bd026f261d2d2a178711704c3eee3f49cfb2b26e9e0a36,Fenarimol,60168-88-9,NHOWDZOIZKMVAI-UHFFFAOYSA-N,Oral,G62,,45213602,G62,45213602,MRID supplied,"Bell, G. et al. (1994) Fenarimol: Acute Toxicity Test to Honey Bees (Apis mellifera): Lab Project Number: GHE-P-4001. Unpublished study prepared by Huntingdon Research Centre Ltd. 29 p.",10.1371/journal.pone.0265962,,adult (S1 endpoint category),,,,,ug/bee,>,10.0,,,not supplied by S1/S4 endpoint/citation tables; not inferred from MRID,504,ECOTOX,60168-88-9,alpha-(2-Chlorophenyl)-alpha-(4-chlorophenyl)-5-pyrimidinemethanol,Oral,1568,2,True,True,False,not established,no shared trial ID supplied; chemical/route alone insufficient,True,0,0,-1,1,-1,1
EPA,output/external_data_audit/plos_adult_acute_endpoints_aligned.csv,af8c38c358f82295da0402381f5d21da899bdba61a2a66eea4a6eb3243436d87,88,c620a43864686567d7ad0a4d4bea878ca15eb5b153b983fc69e689f0946688fa,Fenazaquin,120928-09-8,DMYHGDXADUDKCQ-UHFFFAOYSA-N,Contact,F63,,47433205,F63,47433205,MRID supplied,"Hoxter, K.; Jaber, M. (1988) The Acute Contact Toxicity of EL-436 (Compound 193136) to the Honey Bee. Project Number: 151/109A, 10058, 1323. Unpublished study prepared by Wildlife International, Ltd. 29 p.",10.1371/journal.pone.0265962,,adult (S1 endpoint category),,,,,ug/bee,,8.1,,,not supplied by S1/S4 endpoint/citation tables; not inferred from MRID,729,ECOTOX,120928-09-8,"4-[2-[4-(1,1-Dimethylethyl)phenyl]ethoxy]quinazoline",Contact,1886|1889,2,True,True,False,not established,no shared trial ID supplied; chemical/route alone insufficient,True,0,0,1,1,1,1
EPA,output/external_data_audit/plos_adult_acute_endpoints_aligned.csv,af8c38c358f82295da0402381f5d21da899bdba61a2a66eea4a6eb3243436d87,91,76c89635296838d249eaa7d7cb55883d43716b3787ceae4f15d8479999b58e02,Fenhexamid,126833-17-8,VDLGAVXLJYLFDH-UHFFFAOYSA-N,Oral,G65,,49625412,G65,49625412,MRID supplied,"Patnaude, M. (2015) Fenhexamid - Acute Oral Toxicity Test with the Honey Bee (Apis mellifera). Project Number: 14080/6112. Unpublished study prepared by Smithers Viscient Laboratories. 33p.",10.1371/journal.pone.0265962,,adult (S1 endpoint category),,,,,ug/bee,>,100.0,,,not supplied by S1/S4 endpoint/citation tables; not inferred from MRID,809,PPDB,126833-17-8,Fenhexamid (Ref: KBR 2738),Oral,,0,True,True,False,not established,no shared trial ID supplied; chemical/route alone insufficient,True,0,0,0,0,0,0
EPA,output/external_data_audit/plos_adult_acute_endpoints_aligned.csv,af8c38c358f82295da0402381f5d21da899bdba61a2a66eea4a6eb3243436d87,96,73bf11347eccd16c0e7b190ba2ff10ac6db8d5ed2169da928cdbaebc79d1914d,Fenpyrazamine,473798-59-3,UTOHZQYBSYOOGC-UHFFFAOYSA-N,Contact,F68,,48400015,F68,48400015,MRID supplied,"Hoberg, J. (2006) S-2188 Technical Grade - Acute Contact Toxicity Test with the Honey Bee (Apis mellifera). Project Number: 200700500, 13048/6511, QNW/0015. Unpublished study prepared by Springborn Smithers Laboratories. 40 p",10.1371/journal.pone.0265962,,adult (S1 endpoint category),,,,,ug/bee,>,100.0,,,not supplied by S1/S4 endpoint/citation tables; not inferred from MRID,985,ECOTOX,473798-59-3,"S-Prop-2-en-1-yl 5-amino-4-(2-methylphenyl)-3-oxo-2-(propan-2-yl)-2,3-dihydro-1H-pyrazole-1-carbothioate",Contact,2521,1,True,True,False,not established,no shared trial ID supplied; chemical/route alone insufficient,True,0,0,0,0,0,1
EPA,output/external_data_audit/plos_adult_acute_endpoints_aligned.csv,af8c38c358f82295da0402381f5d21da899bdba61a2a66eea4a6eb3243436d87,98,7065943a3cae183aeb7595af00305e1ff3fe16d77d51f23ef801a910d670a35d,Fipronil,120068-37-3,ZOCSXAVNDGMNBV-UHFFFAOYSA-N,Contact,F70,,49339705,F70,49339705,MRID supplied,"Franke, M. (2014) Acute Toxicity of Reg. No. 5033606 (Metabolite of BAS 350 I, Fipronil, MB46513) to the Honeybee Apis mellifera L. under Laboratory Conditions. Project Number: 14/10/48/009/B, 703030, 2014/1000421. Biochem Agrar",10.1371/journal.pone.0265962,,adult (S1 endpoint category),,,,,ug/bee,,0.00277,,,not supplied by S1/S4 endpoint/citation tables; not inferred from MRID,495,ECOTOX,120068-37-3,"5-Amino-1-[2,6-dichloro-4-(trifluoromethyl)phenyl]-4-[(trifluoromethyl)sulfinyl]-1H-pyrazole-3-carbonitrile",Contact,1860|1863|1865|1867|1868|1869|1871|1872|1875,3,True,True,False,not established,no shared trial ID supplied; chemical/route alone insufficient,True,1,1,1,1,1,1
EPA,output/external_data_audit/plos_adult_acute_endpoints_aligned.csv,af8c38c358f82295da0402381f5d21da899bdba61a2a66eea4a6eb3243436d87,100,a788935dd6cb7135f3282f42a1e962a5f1d7d155c35094b1ea4a5510569192c0,Flazasulfuron,104040-78-0,HWATZEJQIXKWQS-UHFFFAOYSA-N,Contact,F71,,46220977,F71,46220977,MRID supplied,"Cole, J. (1988) The Acute Contact and Oral Toxicity to Honey Bees of SL-160 Technical. Project Number: ISK/17/881430. Unpublished study prepared by Huntingdon Life Sciences, Ltd. 13 p.",10.1371/journal.pone.0265962,,adult (S1 endpoint category),,,,,ug/bee,>,100.0,,,not supplied by S1/S4 endpoint/citation tables; not inferred from MRID,686,ECOTOX,104040-78-0,"N-[[4,6-Dimethoxy-2-pyrimidinyl)amino]carbonyl]-3-(trifluoromethyl)-2-pyridinesulfonamide",Contact,1783,1,True,True,False,not established,no shared trial ID supplied; chemical/route alone insufficient,True,0,0,0,0,0,1
EPA,output/external_data_audit/plos_adult_acute_endpoints_aligned.csv,af8c38c358f82295da0402381f5d21da899bdba61a2a66eea4a6eb3243436d87,103,b1f158404cd10eaec191ab72c9dd39c8548dc4436cd9310c0a76c0dd4520c5ca,Flonicamid,158062-67-0,RLQJEEJISHYWON-UHFFFAOYSA-N,Oral,G72,,45656813,G72,45656813,MRID supplied,"Schmitzer, S. (2001) Laboratory Testing for Toxicity (Acute Contact and Oral) of IKI-220 TGAI on Honey Bees (Apis Mellifera L.): Lab Project Number: 10731036. Unpublished study prepared by Institut fur Biologische Analytik und Consulting",10.1371/journal.pone.0265962,,adult (S1 endpoint category),,,,,ug/bee,>,60.5,,,not supplied by S1/S4 endpoint/citation tables; not inferred from MRID,919,ECOTOX,158062-67-0,N-(Cyanomethyl)-4-(trifluoromethyl)-3-pyridinecarboxamide,Oral,2229|2230|2231|2234|2236|2240,1,True,True,False,not established,no shared trial ID supplied; chemical/route alone insufficient,True,0,0,0,0,-1,1
EPA,output/external_data_audit/plos_adult_acute_endpoints_aligned.csv,af8c38c358f82295da0402381f5d21da899bdba61a2a66eea4a6eb3243436d87,104,d299f4f9146528b2a190212a33318838806cca092792b148660d147cde743ab1,Florasulam,145701-23-1,QZXATCCPQKOEIH-UHFFFAOYSA-N,Contact,F73,,46808330,F73,46808330,MRID supplied,"Palmer, S.; Beavers, J. (1994) XDE-570: An Acute Contact Toxicity Study with the Honey Bee. Project Number: DECO/ES/2819, 103/407. Unpublished study prepared by Wildlife International, Ltd. 20 p",10.1371/journal.pone.0265962,,adult (S1 endpoint category),,,,,ug/bee,>,100.0,,,not supplied by S1/S4 endpoint/citation tables; not inferred from MRID,720,PPDB,145701-23-1,Florasulam (Ref: DE 570),Contact,,1,True,True,False,not established,no shared trial ID supplied; chemical/route alone insufficient,True,0,0,0,0,0,1
EPA,output/external_data_audit/plos_adult_acute_endpoints_aligned.csv,af8c38c358f82295da0402381f5d21da899bdba61a2a66eea4a6eb3243436d87,105,abe2d21d48630026fec2b55636058ddb63cd825f2f7f77d92307d78192bf6aaa,Florpyrauxifen-benzyl ester,,WNZCDFOXYNRBRB-UHFFFAOYSA-N,Contact,F74,,49677757,F74,49677757,MRID supplied,"Schmitzer, S.; Haupt, S. (2013) XDE-848 Benzyl Ester: Acute Contact and Oral Effects on Honey Bees Apis mellifera L. in the Laboratory. Project Number: 130241, 130242, 82864035. Published study prepared by Institut fur Biologische Analytik und Consutling IBACON GmbH. 54p.",10.1371/journal.pone.0265962,,adult (S1 endpoint category),,,,,ug/bee,>,100.0,,,not supplied by S1/S4 endpoint/citation tables; not inferred from MRID,1030,ECOTOX,1390661-72-9,Benzyl 4-amino-3-chloro-6-(4-chloro-2-fluoro-3-methoxyphenyl)-5-fluoropyridine-2-carboxylate,Contact,2661,1,True,True,False,not established,no shared trial ID supplied; chemical/route alone insufficient,True,0,0,0,0,0,1
EPA,output/external_data_audit/plos_adult_acute_endpoints_aligned.csv,af8c38c358f82295da0402381f5d21da899bdba61a2a66eea4a6eb3243436d87,109,247e4b4092820699520484773167e643f8dfbf70478ba91b661939628b99d99d,Flubendiamide,272451-65-7,ZGNITFSDLCMLGI-UHFFFAOYSA-N,Contact,F76,,46817003,F76,46817003,MRID supplied,"Barfknecht, R. (2003) Acute Oral Toxicity for Northern Bobwhite Quail (Colinus virginianus): NNI-0001. Project Number: E/204/2295/4, BAR/LD/044. Unpublished study prepared by Bayer CropScienceAG, Institute for Environmental Biology",10.1371/journal.pone.0265962,,adult (S1 endpoint category),,,,,ug/bee,>,200.0,,,not supplied by S1/S4 endpoint/citation tables; not inferred from MRID,736,ECOTOX,272451-65-7,"N2-[1,1-Dimethyl-2-(methylsulfonyl)ethyl]-3-iodo-N1-[2-methyl-4-[1,2,2,2-tetrafluoro-1-(trifluoromethyl)ethyl]phenyl]-1,2-benzenedicarboxamide",Contact,2456|2457,0,True,True,False,not established,no shared trial ID supplied; chemical/route alone insufficient,True,0,0,0,0,0,0
EPA,output/external_data_audit/plos_adult_acute_endpoints_aligned.csv,af8c38c358f82295da0402381f5d21da899bdba61a2a66eea4a6eb3243436d87,114,0fa6369f66f81f2c5ec8f02187961a5b62b7e15a070dc60cca88237e629b0d52,Fluensulfone,,XSNMWAPKHUGZGQ-UHFFFAOYSA-N,Oral,G78,,48574879,G78,48574879,MRID supplied,"Zenker, K. (2009) Acute Toxicity of MCW-2 Tech to the Honeybee Apis mellifera L. Under Laboratory Conditions: Final Report. Project Number: R/23398, 09/10/48/011/B/OCR. Unpublished study prepared by Biochem Agrar,",10.1371/journal.pone.0265962,,adult (S1 endpoint category),,,,,ug/bee,>,190.0,,,not supplied by S1/S4 endpoint/citation tables; not inferred from MRID,475,ECOTOX,318290-98-1,"5-Chloro-2-(3,4,4-trifluorobut-3-ene-1-sulfonyl)-1,3-thiazole",Oral,2481|2482,0,True,True,False,not established,no shared trial ID supplied; chemical/route alone insufficient,True,0,0,0,0,0,0
EPA,output/external_data_audit/plos_adult_acute_endpoints_aligned.csv,af8c38c358f82295da0402381f5d21da899bdba61a2a66eea4a6eb3243436d87,115,7a83990ca38730b5c82fe8c8454b1157c051557a665b75228b631c0bc0897b10,Flufenacet,142459-58-3,IANUJLZYFUDJIH-UHFFFAOYSA-N,Contact,F79,,49728602,F79,49728602,MRID supplied,"Nengal, S. (1995) Assessment of Side Effects of FOE 5043 (Tech.) to the Honey bee, Apis mellifera L. in the Laboratory: Final Report. Project Number: 94137/01/BLUE. Unpublished study prepared by GAB Biotechnologie GmbH",10.1371/journal.pone.0265962,,adult (S1 endpoint category),,,,,ug/bee,>,193.8,,,not supplied by S1/S4 endpoint/citation tables; not inferred from MRID,730,ECOTOX,142459-58-3,"N-(4-Fluorophenyl)-N-(1-methylethyl)-2-[[5-(trifluoromethyl)-1,3,4-thiadiazol-2-yl]oxy]acetamide",Contact,2087|2088|2090|2091,0,True,True,False,not established,no shared trial ID supplied; chemical/route alone insufficient,True,0,0,0,0,0,0
EPA,output/external_data_audit/plos_adult_acute_endpoints_aligned.csv,af8c38c358f82295da0402381f5d21da899bdba61a2a66eea4a6eb3243436d87,117,43a3f5049966ee4af1822d999e83eecb680daf94b09fc848f596bc9504faf60c,Flumetralin,62924-70-3,PWNAWOCHVWERAR-UHFFFAOYSA-N,Contact,F80,,49863802,F80,49863802,MRID supplied,"Thompson, H. (1990) Flumetralin: Acute Contact and Oral Toxicity of CGA41065 to Honeybees: Final Report. Project Number: C90/0277, TK0291932. Unpublished study prepared by ADAS Central Science Laboratory. 18p",10.1371/journal.pone.0265962,,adult (S1 endpoint category),,,,,ug/bee,>,105.3,,,not supplied by S1/S4 endpoint/citation tables; not inferred from MRID,668,ECOTOX,62924-70-3,"2-Chloro-N-[2,6-dinitro-4-(trifluoromethyl)phenyl]-N-ethyl-6-fluorobenzenemethanamine",Contact,1580|1582|1585,1,True,True,False,not established,no shared trial ID supplied; chemical/route alone insufficient,True,0,0,0,0,0,1
EPA,output/external_data_audit/plos_adult_acute_endpoints_aligned.csv,af8c38c358f82295da0402381f5d21da899bdba61a2a66eea4a6eb3243436d87,119,1b1dd005dc2c4290faf30b167836cc7f5ac7c1402f59f9d731fd4a1145bfcdc8,Fluometuron,2164-17-2,RZILCCPWPBTYDO-UHFFFAOYSA-N,Contact,F81,,,F81,,MRID missing,,10.1371/journal.pone.0265962,,adult (S1 endpoint category),,,,,ug/bee,>,100.0,,,not supplied by S1/S4 endpoint/citation tables; not inferred from MRID,371,ECOTOX,2164-17-2,"N,N-Dimethyl-N'-[3-(trifluoromethyl)phenyl]urea",Contact,891|897|899,1,True,True,False,not established,no shared trial ID supplied; chemical/route alone insufficient,True,0,0,0,0,0,1
EPA,output/external_data_audit/plos_adult_acute_endpoints_aligned.csv,af8c38c358f82295da0402381f5d21da899bdba61a2a66eea4a6eb3243436d87,124,d39d8d653ef94a5f1caaf7b4ec6ecb923c164022b81326d636ad7189a07a96c6,Flupyradifurone,951659-40-8,QOIYTRGFOFZNKF-UHFFFAOYSA-N,Oral,G84,,48843722,G84,48843722,MRID supplied,"Sekine, T.; Schmitzer, S. (2012) Effects of BYI 02960 (Acute Contact and Oral) on Honey Bees (Apis mellifera L.) in the Laboratory: Final Report. Project Number: 41121035, M/308904/02/2.Institut fuer Biologische Analytik und Consulting IBACON. 35p.",10.1371/journal.pone.0265962,,adult (S1 endpoint category),,,,,ug/bee,,1.2,,,not supplied by S1/S4 endpoint/citation tables; not inferred from MRID,986,ECOTOX,951659-40-8,"4-[[(6-Chloro-3-pyridinyl)methyl](2,2-difluoroethyl)amino]-2(5H)-furanone",Oral,2605|2606|2608|2609|2610|2611,2,True,True,False,not established,no shared trial ID supplied; chemical/route alone insufficient,True,0,0,1,1,1,1
EPA,output/external_data_audit/plos_adult_acute_endpoints_aligned.csv,af8c38c358f82295da0402381f5d21da899bdba61a2a66eea4a6eb3243436d87,125,c5a524d32f4544350ac6890f92bba334339574f3a43348f9becf4fc7dcf8b366,Fluroxypyr 1-methylheptyl ester,,OLZQTUCTGLHFTQ-UHFFFAOYSA-N,Contact,F85,,42137313,F85,42137313,MRID supplied,"Lynn, S.; Hoxter, K. (1991) Fluroxypyr, 1-MHE: An Acute Contact Toxicity Study with the Honey Bee: Lab Project No: ES-DR-0186- 1887-17. Unpublished study prepared by Wildlife International Lab. 18 p",10.1371/journal.pone.0265962,,adult (S1 endpoint category),,,,,ug/bee,>,100.0,,,not supplied by S1/S4 endpoint/citation tables; not inferred from MRID,715,ECOTOX,81406-37-3,"2-[(4-Amino-3,5-dichloro-6-fluoro-2-pyridinyl)oxy]acetic acid 1-methylheptyl ester",Contact,1696|1697|1698|1701,1,True,True,False,not established,no shared trial ID supplied; chemical/route alone insufficient,True,0,0,0,0,0,1
EPA,output/external_data_audit/plos_adult_acute_endpoints_aligned.csv,af8c38c358f82295da0402381f5d21da899bdba61a2a66eea4a6eb3243436d87,130,2c9d65476e3761a26a87c49d61b2becf4eb3d254b351be55ec4b23a55a1a5127,Flutriafol,76674-21-0,JWUCHKBSVLQQCO-UHFFFAOYSA-N,Oral,G87,,47090326,G87,47090326,MRID supplied,"McIntosh, S.; Wilkinson, W. (1982) PP450 (Flutriafol Technical and End-Use Formulation): Acute Oral and Contact Toxicity to Honey Bees. Project Number: RJ0277B, CHA/DOC/NO/408/FLU. Unpublished study prepared by Imperial Chemical Industries. 22 p.",10.1371/journal.pone.0265962,,adult (S1 endpoint category),,,,,ug/bee,,47.0,,,not supplied by S1/S4 endpoint/citation tables; not inferred from MRID,522,PPDB,76674-21-0,Flutriafol (Ref: PP 450),Oral,,2,True,True,False,not established,no shared trial ID supplied; chemical/route alone insufficient,True,0,0,0,1,1,1
EPA,output/external_data_audit/plos_adult_acute_endpoints_aligned.csv,af8c38c358f82295da0402381f5d21da899bdba61a2a66eea4a6eb3243436d87,131,8c1bb89636154fa244a8182972ec73b19ad1be890981e935e4a6e17f9552cc8f,Forchlorfenuron,68157-60-8,GPXLRLUVLMHHIK-UHFFFAOYSA-N,Contact,F88,,44359525,F88,44359525,MRID supplied,"Hoxter, K.; Bernard, W.; Smith, G. (1993) SKW 20010: An Acute Contact Toxicity Study with the Honey Bee: Final Report: Lab Project Number: 248-106A: 079212. Unpublished study prepared by Wildlife International Ltd. 36 p.",10.1371/journal.pone.0265962,,adult (S1 endpoint category),,,,,ug/bee,>,25.0,,,not supplied by S1/S4 endpoint/citation tables; not inferred from MRID,477,ECOTOX,68157-60-8,N-(2-Chloro-4-pyridinyl)-N'-phenylurea  ,Contact,1607,1,True,True,False,not established,no shared trial ID supplied; chemical/route alone insufficient,True,0,0,0,0,-1,1
EPA,output/external_data_audit/plos_adult_acute_endpoints_aligned.csv,af8c38c358f82295da0402381f5d21da899bdba61a2a66eea4a6eb3243436d87,133,dc693b6db3103d6eddc1d97e80b5b975ad60aaf925bb88081fdbb677e0ca661f,Formetanate hydrochloride,23422-53-9,MYPKGPZHHQEODQ-UHFFFAOYSA-N,Oral,G89,,50303301,G89,50303301,MRID supplied,"Schmitzer, S. (2003) Final Report: Effects of Formetanate Hydrochloride Techn. (Acute Contact and Oral) on Honey Bees (Apis Mellifera L.) in the Laboratory. Project Number: 90000387, 14181036. prepared by Institut fuer Biologische Analytik und Consulting",10.1371/journal.pone.0265962,,adult (S1 endpoint category),,,,,ug/bee,,0.16,,,not supplied by S1/S4 endpoint/citation tables; not inferred from MRID,398,ECOTOX,23422-53-9,"N,N-Dimethyl-N'-[3[[(methylamino)carbonyl]oxy]phenyl]methanimidamide hydrochloride (1:1)",Oral,1300|1301,3,True,True,False,not established,no shared trial ID supplied; chemical/route alone insufficient,True,1,1,1,1,1,1
EPA,output/external_data_audit/plos_adult_acute_endpoints_aligned.csv,af8c38c358f82295da0402381f5d21da899bdba61a2a66eea4a6eb3243436d87,134,e6a37e5ebe7200e16488f3628b5d9abb1070acbf480986ccb8b14765e2a9fb20,Fosetyl-Al,,OIPMQULDKWSNGX-UHFFFAOYSA-N,Contact,F90,,47418003,F90,47418003,MRID supplied,"Schmitzer, S.; Stork, N. (1999) Laboratory Testing on the Acute Contact and Oral Toxicity of Fosetyl-Al to Honey Bees (Apis mellifera L.) (Hymenoptera, Apidae): Final Report. Project Number: 6300036, 604366, R014232 IBACON study",10.1371/journal.pone.0265962,,adult (S1 endpoint category),,,,,ug/bee,>,100.0,,,not supplied by S1/S4 endpoint/citation tables; not inferred from MRID,632,PPDB,39148-24-8,Fosetyl-aluminium (Ref: RP 32545),Contact,,1,True,True,False,not established,no shared trial ID supplied; chemical/route alone insufficient,True,0,0,0,0,0,1
EPA,output/external_data_audit/plos_adult_acute_endpoints_aligned.csv,af8c38c358f82295da0402381f5d21da899bdba61a2a66eea4a6eb3243436d87,136,d6c160116f0610db8dce3a6f1f782c84895b824a30448eb1d0b1b492de0c8276,Furfural,98-01-1,HYBBIBNJHNGZAN-UHFFFAOYSA-N,Contact,F91,,47300201,F91,47300201,MRID supplied,"Sindermann, A.; Porch, J.; Krueger, H. (2007) Furfural: Acute Contact Toxicity Study with the Honey Bee: Final Report. Project Number: 566/102. Unpublished study prepared by Wildlife International, Ltd. 30 p",10.1371/journal.pone.0265962,,adult (S1 endpoint category),,,,,ug/bee,>,100.0,,,not supplied by S1/S4 endpoint/citation tables; not inferred from MRID,75,ECOTOX,98-01-1,2-Furancarboxaldehyde,Contact,373,1,True,True,False,not established,no shared trial ID supplied; chemical/route alone insufficient,True,0,0,0,0,0,1
EPA,output/external_data_audit/plos_adult_acute_endpoints_aligned.csv,af8c38c358f82295da0402381f5d21da899bdba61a2a66eea4a6eb3243436d87,138,0aec0711252f9a2731237c59bff637d9272687f1d4c48dae1997567a5ee5f9e8,Glyphosate,1071-83-6,XDDAORKBJWWYJS-UHFFFAOYSA-N,Contact,F92,,48876603,F92,48876603,MRID supplied,"Thompson, H. (1998) Glyphosate acid - Acute Contact and Oral Toxicity to Honey Bees (Apis mellifera): Final Report. Project Number: FN9700, TK0124270. Unpublished study prepared by Central Science Laboratory. 45p",10.1371/journal.pone.0265962,,adult (S1 endpoint category),,,,,ug/bee,>,103.0,,,not supplied by S1/S4 endpoint/citation tables; not inferred from MRID,440,ECOTOX,1071-83-6,N-(Phosphonomethyl)glycine,Contact,739,1,True,True,False,not established,no shared trial ID supplied; chemical/route alone insufficient,True,0,0,0,0,0,1
EPA,output/external_data_audit/plos_adult_acute_endpoints_aligned.csv,af8c38c358f82295da0402381f5d21da899bdba61a2a66eea4a6eb3243436d87,140,641bfd8efe896d278f2e6074a46b8c76a06994dfa3540f4f95bdb9598a2ae619,"Glyphosate, isopropylamine salt",,ZEKANFGSDXODPD-UHFFFAOYSA-N,Contact,F93,,00026489,F93,00026489,MRID supplied,"Fraser, W.D.; Jenkins, G. (1972) The Acute Contact and Oral Toxicities of CP67573 and Mon2139 to Worker Honey Bees. prepared by Huntingdon Research Centre",10.1371/journal.pone.0265962,,adult (S1 endpoint category),,,,,ug/bee,>,100.0,,,not supplied by S1/S4 endpoint/citation tables; not inferred from MRID,480,ECOTOX,38641-94-0,N-(Phosphonomethyl)glycine compd. with 2-propanamine (1:1),Contact,1419|1420,1,True,True,False,not established,no shared trial ID supplied; chemical/route alone insufficient,True,0,0,0,0,0,1
EPA,output/external_data_audit/plos_adult_acute_endpoints_aligned.csv,af8c38c358f82295da0402381f5d21da899bdba61a2a66eea4a6eb3243436d87,142,d6d943f9b1563cc27f083fd206c26bb822433d1decd89423051381b00d23a8cd,Halauxifen methyl,943831-98-9,KDHKOPYYWOHESS-UHFFFAOYSA-N,Contact,F94,,48557890,F94,48557890,MRID supplied,"Schmitzer, S. (2011) Effects of XDE-729 Methyl (Acute Contact and Oral) on Honey Bees (Apis mellifera L.) in the Laboratory: Final Report. Project Number: 101128, 101129, 49528035. Institut fuer Biologische Analytik und Consulting IBACON. 52p.",10.1371/journal.pone.0265962,,adult (S1 endpoint category),,,,,ug/bee,>,98.1,,,not supplied by S1/S4 endpoint/citation tables; not inferred from MRID,1002,ECOTOX,943831-98-9,4-Amino-3-chloro-6-(4-chloro-2-fluoro-3-methoxyphenyl)-2-pyridinecarboxylic acid methyl ester,Contact,2585,1,True,True,False,not established,no shared trial ID supplied; chemical/route alone insufficient,True,0,0,0,0,-1,1
EPA,output/external_data_audit/plos_adult_acute_endpoints_aligned.csv,af8c38c358f82295da0402381f5d21da899bdba61a2a66eea4a6eb3243436d87,145,41c1d9dc28ace9f0942becc2a4e5f946f7dc28ea74aa9c4d0a55bdf8f475a689,Hexaflumuron,,RGNPBRKPHBKNKX-UHFFFAOYSA-N,Oral,G95,,48323208,G95,48323208,MRID supplied,"Jonathan, C. (1985) The Acute Contact and Oral Toxicity to Honey Bees of XRD 473. Project Number: DWC/452B/85925. Unpublished study prepared by Huntingdon Research Center. 9 p.",10.1371/journal.pone.0265962,,adult (S1 endpoint category),,,,,ug/bee,>,100.0,,,not supplied by S1/S4 endpoint/citation tables; not inferred from MRID,622,PPDB,86479-06-3,Hexaflumuron (Ref: XRD 473),Oral,,1,True,True,False,not established,no shared trial ID supplied; chemical/route alone insufficient,True,0,0,0,0,0,1
EPA,output/external_data_audit/plos_adult_acute_endpoints_aligned.csv,af8c38c358f82295da0402381f5d21da899bdba61a2a66eea4a6eb3243436d87,147,02da5242379c27eae2769ebd72eb346899510e70aed7ff7d62d0f507d470fc23,Hymexazole,,KGVPNLBXJKTABS-UHFFFAOYSA-N,Contact,F97,,49718601,F97,49718601,MRID supplied,"Cole, J. (1986) The Acute Contact and Oral Toxicity to Honey Bees of Hymexazol. Project Number: 33B/851377/2. Unpublished study prepared by Huntingdon Research Centre, Ltd. 12p",10.1371/journal.pone.0265962,,adult (S1 endpoint category),,,,,ug/bee,>,100.0,,,not supplied by S1/S4 endpoint/citation tables; not inferred from MRID,512,ECOTOX,10004-44-1,5-Methyl-3(2H)-isoxazolone,Contact,1131,1,True,True,False,not established,no shared trial ID supplied; chemical/route alone insufficient,True,0,0,0,0,0,1
EPA,output/external_data_audit/plos_adult_acute_endpoints_aligned.csv,af8c38c358f82295da0402381f5d21da899bdba61a2a66eea4a6eb3243436d87,150,01f89729915295832f9e91799fc348c8d688327376c6730600cccbfa5a4a9d99,Imazamox,,NUPJIGQFXCQJBK-UHFFFAOYSA-N,Oral,G98,,50105411,G98,50105411,MRID supplied,"Weyman, G. (1997) An Acute Contact and Oral Toxicity Study with AC 299,263 on the Honey Bee (Apis mellifera). Project Number: 954/96/175, 628/85, ECO/96/175. Unpublished study prepared by Covance Laboratories, Ltd. 63p.",10.1371/journal.pone.0265962,,adult (S1 endpoint category),,,,,ug/bee,>,40.0,,,not supplied by S1/S4 endpoint/citation tables; not inferred from MRID,676,PPDB,114311-32-9,Imazamox (Ref: BAS 720H),Oral,,1,True,True,False,not established,no shared trial ID supplied; chemical/route alone insufficient,True,0,0,0,0,-1,1
EPA,output/external_data_audit/plos_adult_acute_endpoints_aligned.csv,af8c38c358f82295da0402381f5d21da899bdba61a2a66eea4a6eb3243436d87,152,6238efa344f5aff490e7db8a4761b4983d7803f8fd7965c49168ad839bc44198,Imazethapyr,,XVOKUMIPKHGGTN-UHFFFAOYSA-N,Oral,G101,,50012302,G101,50012302,MRID supplied,"Franke, M. (2016) Acute Toxicity of BAS 685 H to the Honeybee Apis mellifera L. Under Laboratory Conditions: Final Report. Project Number: 773451, 2016/1000425, 15/10/4/192/B. Unpublished study prepared by Biochem Agrar",10.1371/journal.pone.0265962,,adult (S1 endpoint category),,,,,ug/bee,>,100.0,,,not supplied by S1/S4 endpoint/citation tables; not inferred from MRID,646,PPDB,81335-77-5,Imazethapyr (Ref: AC 252925),Oral,,1,True,True,False,not established,no shared trial ID supplied; chemical/route alone insufficient,True,0,0,0,0,0,1
EPA,output/external_data_audit/plos_adult_acute_endpoints_aligned.csv,af8c38c358f82295da0402381f5d21da899bdba61a2a66eea4a6eb3243436d87,154,8f18e3c86917f52c002694fd64da1384be206716cbf63e0325679c2521e1b1fb,Imazosulfuron,122548-33-8,NAGRVUXEKKZNHT-UHFFFAOYSA-N,Oral,G102,,47305209,G102,47305209,MRID supplied,"Cole, J. (1992) TH-913 Technical: Acute Oral and Contact Toxicity to Honey Bees Second Study at Higher Levels. Project Number: TDA/162/921330, 200700156. Unpublished study prepared by Huntingdon Life Sciences Ltd. 15 p.",10.1371/journal.pone.0265962,,adult (S1 endpoint category),,,,,ug/bee,,45.9,,,not supplied by S1/S4 endpoint/citation tables; not inferred from MRID,761,ECOTOX,122548-33-8,"2-Chloro-N-[[(4,6-dimethoxy-2-pyrimidinyl)amino]carbonyl]imidazo[1,2-a]pyridine-3-sulfonamide",Oral,1897|1898,1,True,True,False,not established,no shared trial ID supplied; chemical/route alone insufficient,True,0,0,0,0,1,1
EPA,output/external_data_audit/plos_adult_acute_endpoints_aligned.csv,af8c38c358f82295da0402381f5d21da899bdba61a2a66eea4a6eb3243436d87,156,f2034684836f99bf37a7fb814511ed0624a6a9da985db20939e997537439ced0,Imidacloprid,138261-41-3,YWTYJOPNNQFBPC-UHFFFAOYSA-N,Oral,G103,,42273003,G103,42273003,MRID supplied,"Cole, J. (1990) The Acute Oral and Contact Toxicity to Honey Bees of Compound NTN 33893 Technical: Lab Project Number: 101321. Unpublished study prepared by RCC, Research and Consulting Company AG. 13 p.",10.1371/journal.pone.0265962,,adult (S1 endpoint category),,,,,ug/bee,,0.0039,,,not supplied by S1/S4 endpoint/citation tables; not inferred from MRID,713,PPDB,138261-41-3,Imidacloprid (Ref: BAY NTN 33893),Oral,,3,True,True,False,not established,no shared trial ID supplied; chemical/route alone insufficient,True,1,1,1,1,1,1
EPA,output/external_data_audit/plos_adult_acute_endpoints_aligned.csv,af8c38c358f82295da0402381f5d21da899bdba61a2a66eea4a6eb3243436d87,162,5fd995b0ca980f22c560ed334b7368b03c0bbc88f4a6929716e959f9cc4faf1a,Karetazan-potassium,,IUUMSKQPWAMVQI-UHFFFAOYSA-M,Oral,G108,,42132415,G108,42132415,MRID supplied,"Yearsdon, H.; Gough, H.; Lewis, G. (1990) ICIS-0748: Acute Contact and Oral Toxicity to Honey Bees (Apis mellifera): Lab Project Number: 90JH235: RJO892B. Unpublished study prepared by ICI Agrochemicals, Jealott's Hill (UK).",10.1371/journal.pone.0265962,,adult (S1 endpoint category),,,,,ug/bee,>,100.0,,,not supplied by S1/S4 endpoint/citation tables; not inferred from MRID,943,ECOTOX,81052-29-1,"2-(4-Chlorophenyl)-1-ethyl-1,4-dihydro-6-methyl-4-oxo-3-pyridinecarboxylic acid, Potassium salt",Oral,1689,1,True,True,False,not established,no shared trial ID supplied; chemical/route alone insufficient,True,0,0,0,0,0,1
EPA,output/external_data_audit/plos_adult_acute_endpoints_aligned.csv,af8c38c358f82295da0402381f5d21da899bdba61a2a66eea4a6eb3243436d87,165,51f734e16c46343593ec3949073ae8cbd194beedead92f7a91391b6c567b4c75,Malathion,121-75-5,JXSJBGJIGXNWCI-UHFFFAOYSA-N,Contact,F110,,49051205,F110,49051205,MRID supplied,"Szentes, C. (2003) Acute Oral and Contact Toxicity of Fyfanon 440 g/l EW on Honeybees (Apis mellifera): Final Report. Project Number: 2916/03, 459/FYF. Unpublished study prepared by Ecotoxicological Laboratory. 28p",10.1371/journal.pone.0265962,,adult (S1 endpoint category),,,,,ug/bee,,0.709,,,not supplied by S1/S4 endpoint/citation tables; not inferred from MRID,92,ECOTOX,121-75-5,"2-[(Dimethoxyphosphinothioyl)thio]butanedioic acid 1,4-diethyl ester",Contact,462|463|464|466|472|473|482,3,True,True,False,not established,no shared trial ID supplied; chemical/route alone insufficient,True,1,1,1,1,1,1
EPA,output/external_data_audit/plos_adult_acute_endpoints_aligned.csv,af8c38c358f82295da0402381f5d21da899bdba61a2a66eea4a6eb3243436d87,168,fba57b7b675d1e8ec14c95c609189ce5ba6b6eef6ecc3cf7ff92709cc22a289d,Mandipropamid,374726-62-2,KWLVWJPJKJMCSH-UHFFFAOYSA-N,Oral,G112,,46800116,G112,46800116,MRID supplied,"Grimm, C. (2002) Acute Contact and Oral Toxicity of NOA446510 to Honey Bees (Apis mellifera L.): Final Report. Project Number: 2013603, T011807/05. Unpublished study prepared by Syngenta Crop Protection, AG. 63 p.",10.1371/journal.pone.0265962,,adult (S1 endpoint category),,,,,ug/bee,>,160.0,,,not supplied by S1/S4 endpoint/citation tables; not inferred from MRID,804,ECOTOX,374726-62-2,4-Chloro-N-[2-[3-methoxy-4-(2-propynyloxy)phenyl]ethyl]-alpha-(2-propynyloxy)benzeneacetamide,Oral,2508,0,True,True,False,not established,no shared trial ID supplied; chemical/route alone insufficient,True,0,0,0,0,0,0
EPA,output/external_data_audit/plos_adult_acute_endpoints_aligned.csv,af8c38c358f82295da0402381f5d21da899bdba61a2a66eea4a6eb3243436d87,169,401beaa4487118b38930c68697def17cb00bbe1c186760e202d5d45e1f3ea622,MCPA,,WHKUVVPPKQRRBV-UHFFFAOYSA-N,Contact,F113,,45897007,F113,45897007,MRID supplied,"Harwood, R.; Allan, J. (2001) A Laboratory Evaluation of the Acute Toxicity of MCPA to the Honey Bee (Apis mellifera): 48 Hour Contact and Oral LD50: Lab Project Number: 19393B: 398984. Unpublished study prepared by Inveresk Research. 38 p.",10.1371/journal.pone.0265962,,adult (S1 endpoint category),,,,,ug/bee,>,194.0,,,not supplied by S1/S4 endpoint/citation tables; not inferred from MRID,190,ECOTOX,94-74-6,2-(4-Chloro-2-methylphenoxy)acetic acid,Contact,363|365|368,1,True,True,False,not established,no shared trial ID supplied; chemical/route alone insufficient,True,0,0,0,0,0,1
EPA,output/external_data_audit/plos_adult_acute_endpoints_aligned.csv,af8c38c358f82295da0402381f5d21da899bdba61a2a66eea4a6eb3243436d87,174,33ca81e3e696fd1091029754e8881c87e113454c92a785a16d2cc19ee4aca5cf,Mefentrifluconazole,1417782-03-6,JERZEQUMJNCPRJ-UHFFFAOYSA-N,Oral,G116,,49762381,G116,49762381,MRID supplied,"Franke, M. (2015) Acute toxicity of BAS 750 F to the honeybee Apis mellifera L. under laboratory conditions: Final Report. Project Number: 701102, 15/10/48/188/B, 2015/1128674. Unpublished study prepared by Biochem Agrar, Labor fuer Biologische und Chemische. 35p.",10.1371/journal.pone.0265962,,adult (S1 endpoint category),,,,,ug/bee,>,100.0,,,not supplied by S1/S4 endpoint/citation tables; not inferred from MRID,1019,ECOTOX,1417782-03-6,"2-[4-(4-Chlorophenoxy)-2-(trifluoromethyl)phenyl]-1-(1H-1,2,4-triazol-1-yl)propan-2-ol",Oral,2667|2668|2669|2670|2671,1,True,True,False,not established,no shared trial ID supplied; chemical/route alone insufficient,True,0,0,0,0,0,1
EPA,output/external_data_audit/plos_adult_acute_endpoints_aligned.csv,af8c38c358f82295da0402381f5d21da899bdba61a2a66eea4a6eb3243436d87,175,0a6e0f9245a8d559dc2731c73c069513801c48b3710e793d1bc637c14e9de897,Mesosulfuron-methyl,208465-21-8,NIFKBBMCXCMCAO-UHFFFAOYSA-N,Contact,F117,,45386319,F117,45386319,MRID supplied,"Waltersdorfer, A. (1997) Contact Toxicity (LD 50) to Honey Bees (Apis mellifera L.): AE F13006 00 1C96 0002: Lab Project Number: CW97/129: A59434. Unpublished study prepared by Hoechst Schering AgrEvo GmbH. 14 p.",10.1371/journal.pone.0265962,,adult (S1 endpoint category),,,,,ug/bee,>,13.0,,,not supplied by S1/S4 endpoint/citation tables; not inferred from MRID,802,PPDB,208465-21-8,Mesosulfuron-methyl (Ref: AE F130060),Contact,,1,True,True,False,not established,no shared trial ID supplied; chemical/route alone insufficient,True,0,0,0,0,-1,1
EPA,output/external_data_audit/plos_adult_acute_endpoints_aligned.csv,af8c38c358f82295da0402381f5d21da899bdba61a2a66eea4a6eb3243436d87,178,22e269475a3a1200f93b1a78cb4d9bdcef0683f6a8c8c4ec805c3bb7fb12a527,Mesotrione,104206-82-8,KPUREKXXPHOJQT-UHFFFAOYSA-N,Oral,G118,,44373528,G118,44373528,MRID supplied,"Jackson, D.; Gough, H. (1995) ZA1296: Acute Contact and Oral Toxicity to Honey Bees (Apis mellifera) of Technical Material: Lab Project Number: 95JH047: RJ1959B. Unpublished study prepared by Zeneca AgroChemicals. 28 p",10.1371/journal.pone.0265962,,adult (S1 endpoint category),,,,,ug/bee,>,11.0,,,not supplied by S1/S4 endpoint/citation tables; not inferred from MRID,823,PPDB,104206-82-8,Mesotrione (Ref: ZA 1296),Oral,,2,True,True,False,not established,no shared trial ID supplied; chemical/route alone insufficient,True,0,0,0,1,-1,1
EPA,output/external_data_audit/plos_adult_acute_endpoints_aligned.csv,af8c38c358f82295da0402381f5d21da899bdba61a2a66eea4a6eb3243436d87,182,5ed76df193d3a702549da45468a78924ca67f54751a92ac367caae9407915051,Metaldehyde,108-62-3,GKKDCARASOJPNG-UHFFFAOYSA-N,Oral,G120,,50603503,G120,50603503,MRID supplied,"Thompson, H. (1999) LZ1060.00: An Acute Oral Toxicity Study with the Honey Bee: Final Report. Project Number: CQ5702. Unpublished study prepared by Central Science Laboratory. 16p.",10.1371/journal.pone.0265962,,adult (S1 endpoint category),,,,,ug/bee,>,87.0,,,not supplied by S1/S4 endpoint/citation tables; not inferred from MRID,93,PPDB,108-62-3,Metaldehyde,Oral,,1,True,True,False,not established,no shared trial ID supplied; chemical/route alone insufficient,True,0,0,0,0,-1,1
EPA,output/external_data_audit/plos_adult_acute_endpoints_aligned.csv,af8c38c358f82295da0402381f5d21da899bdba61a2a66eea4a6eb3243436d87,183,dae5b3e2b6822e431f4d453a9e589a9c9dd2c5302b22418a616d229aefa95063,Metconazole,,XWPZUHJBOLQNMN-UHFFFAOYSA-N,Oral,G121,,46808426,G121,46808426,MRID supplied,"Harrison, E.; Hillaby, J. (1991) WL148271: KNF-S-474m: Acute Topical and Oral Toxicity to the Honey Bee, Apis mellifera L.. Project Number: 200300450, SBGR/90/230. Unpublished study prepared by Sittingbourne Research Center. 26 p",10.1371/journal.pone.0265962,,adult (S1 endpoint category),,,,,ug/bee,,88.0,,,not supplied by S1/S4 endpoint/citation tables; not inferred from MRID,833,ECOTOX,125116-23-6,"5-[(4-Chlorophenyl)methyl]-2,2-dimethyl-1-(1H-1,2,4-triazol-1-ylmethyl)cyclopentanol",Oral,1910|1911|1912,1,True,True,False,not established,no shared trial ID supplied; chemical/route alone insufficient,True,0,0,0,0,1,1
EPA,output/external_data_audit/plos_adult_acute_endpoints_aligned.csv,af8c38c358f82295da0402381f5d21da899bdba61a2a66eea4a6eb3243436d87,185,a9d8d550a1ee8ee63c549841d74970c99a1ee7018f17884637e1511da15ec4e4,Methiozolin,,OPEJGICLTMWFNQ-UHFFFAOYSA-N,Oral,G122,,50446906,G122,50446906,MRID supplied,"Welch, C. (2012) Amended Final Report: Acute Oral Toxicity Test of MRC-01 to Honeybees (Apis mellifera). Project Number: EG08049. Unpublished study prepared by Korea Institute of Toxicology. 22p.",10.1371/journal.pone.0265962,,adult (S1 endpoint category),,,,,ug/bee,>,100.0,,,not supplied by S1/S4 endpoint/citation tables; not inferred from MRID,888,ECOTOX,403640-27-7,"5-[[(2,6-Difluorophenyl)methoxy]methyl]-4,5-dihydro-5-methyl(3-methyl-2-thienyl)isoxazole",Oral,2512|2514|2515|2516|2517,1,True,True,False,not established,no shared trial ID supplied; chemical/route alone insufficient,True,0,0,0,0,0,1
EPA,output/external_data_audit/plos_adult_acute_endpoints_aligned.csv,af8c38c358f82295da0402381f5d21da899bdba61a2a66eea4a6eb3243436d87,187,8d4422a73c90b4aa55a2db5ef043ff1206055bc559c1454f39dd8c35ddcc0ab8,Methoxyfenozide,161050-58-4,QCAWEPFNJXQPAN-UHFFFAOYSA-N,Contact,F124,,44144429,F124,44144429,MRID supplied,"Kirkland, R. (1995) Acute Contact Toxicity of RH-112,485 Technical to Honey Bees: Final Report: Lab Project Number: BIO 166-95: 95RC-0130: 166-95. Unpublished study prepared by Bio Research. 52 p.",10.1371/journal.pone.0265962,,adult (S1 endpoint category),,,,,ug/bee,>,100.0,,,not supplied by S1/S4 endpoint/citation tables; not inferred from MRID,675,PPDB,161050-58-4,Methoxyfenozide (Ref: RH 2485),Contact,,1,True,True,False,not established,no shared trial ID supplied; chemical/route alone insufficient,True,0,0,0,0,0,1
EPA,output/external_data_audit/plos_adult_acute_endpoints_aligned.csv,af8c38c358f82295da0402381f5d21da899bdba61a2a66eea4a6eb3243436d87,188,a5037cebb0da1252a17a3831dca58a3b59bb27720357c82c4f012ed501c53994,Metolachlor,51218-45-2,WVQBLGZPHOPPFO-UHFFFAOYSA-N,Contact,F125,,44718401,F125,44718401,MRID supplied,"Bew, M. (1992) Acute Contact and Oral Toxicity of CGA-24705 to Honeybees: Metolachlor: Lab Project Number: CC06092: 525-92. Unpublished study prepared by MAFF Central Science Laboratory. 19 p.",10.1371/journal.pone.0265962,,adult (S1 endpoint category),,,,,ug/bee,>,110.0,,,not supplied by S1/S4 endpoint/citation tables; not inferred from MRID,530,ECOTOX,51218-45-2,2-Chloro-N-(2-ethyl-6-methylphenyl)-N-(2-methoxy-1-methylethyl)acetamide,Contact,1453,0,True,True,False,not established,no shared trial ID supplied; chemical/route alone insufficient,True,0,0,0,0,0,0
EPA,output/external_data_audit/plos_adult_acute_endpoints_aligned.csv,af8c38c358f82295da0402381f5d21da899bdba61a2a66eea4a6eb3243436d87,191,14c8fd3abc1cc40838e237a469776f6612dda3562ac17826da36ff7fb57d0ee7,Metrafenone,220899-03-6,AMSPWOYQQAWRRM-UHFFFAOYSA-N,Oral,G126,,47267508,G126,47267508,MRID supplied,"Strnad, S.; Mulligan, E. (2002) Acute Toxicity of AC 375839 Technical to the Honey Bee, Apis mellifera. Project Number: ETX/99/150, 2002/7004414. Unpublished study prepared by BASF Corp. Agro Research. 41 p.",10.1371/journal.pone.0265962,,adult (S1 endpoint category),,,,,ug/bee,>,114.0,,,not supplied by S1/S4 endpoint/citation tables; not inferred from MRID,912,ECOTOX,220899-03-6,"(3-Bromo-6-methoxy-2-methylphenyl)(2,3,4-trimethoxy-6-methylphenyl)methanone",Oral,2440|2441,1,True,True,False,not established,no shared trial ID supplied; chemical/route alone insufficient,True,0,0,0,0,0,1
EPA,output/external_data_audit/plos_adult_acute_endpoints_aligned.csv,af8c38c358f82295da0402381f5d21da899bdba61a2a66eea4a6eb3243436d87,193,23635514354c9d1b8c1b9d4a42b27ea51b4bf5a272c97d3e8487a0e1220275e2,Momfluorothrin,,DPJITPZADZSLBP-UHFFFAOYSA-N,Contact,F128,,49019985,F128,49019985,MRID supplied,"Verge, E. (2010) S-1563 - Acute Oral and Contact Toxicity to the Honeybee, Apis mellifera L. in the Laboratory: Final Report. Project Number: RWW/0006, S10/00775, S10/00775/L1/BLEU. Unpublished study prepared by Eurofins - GAB GmbH. 45p.",10.1371/journal.pone.0265962,,adult (S1 endpoint category),,,,,ug/bee,,0.2,,,not supplied by S1/S4 endpoint/citation tables; not inferred from MRID,1012,PPDB,609346-29-4,Momfluorothrin (Ref: S-1563),Contact,,3,True,True,False,not established,no shared trial ID supplied; chemical/route alone insufficient,True,1,1,1,1,1,1
EPA,output/external_data_audit/plos_adult_acute_endpoints_aligned.csv,af8c38c358f82295da0402381f5d21da899bdba61a2a66eea4a6eb3243436d87,196,de222ad81ba6d42fcd70718ad0fc1642cba28b31e636435060977cf7387c63f0,Myclobutanil,88671-89-0,HZJKXKUJVSEEFU-UHFFFAOYSA-N,Oral,G129,,50088001,G129,50088001,MRID supplied,"Aucejo, S. (2013) Acute Contact and Oral Effects of the Test Item Myclobutanil Technical on Honey Bees (Apis mellifera L.) in the Laboratory: Final Report. Project Number: 14SRES13C1, FAPC13/000133. Unpublished study prepared by SynTech Research",10.1371/journal.pone.0265962,,adult (S1 endpoint category),,,,,ug/bee,>,500.0,,,not supplied by S1/S4 endpoint/citation tables; not inferred from MRID,630,ECOTOX,88671-89-0,"alpha-Butyl-alpha-(4-chlorophenyl)-1H-1,2,4-triazole-1-propanenitrile",Oral,1733|1734,0,True,True,False,not established,no shared trial ID supplied; chemical/route alone insufficient,True,0,0,0,0,0,0
EPA,output/external_data_audit/plos_adult_acute_endpoints_aligned.csv,af8c38c358f82295da0402381f5d21da899bdba61a2a66eea4a6eb3243436d87,197,f75d4b1baa11f0a1e59a1d91afd275ae459caa5645fb79ea9380c31dcacf7bd0,Nitrapyrin,,DCUJJWWUNKIJPH-UHFFFAOYSA-N,Contact,F130,,49313904,F130,49313904,MRID supplied,"Deslandes, L. (2013) Nitapyrin: An Acute Oral and Contact Toxicity Study to Determine the Effects of Nitapyrin Technical on the Honey Bees Apis mellifera L. (Hymenoptera: Apidae): Final Report. Project Number: 14SRFR13C1.SynTech Research France",10.1371/journal.pone.0265962,,adult (S1 endpoint category),,,,,ug/bee,>,100.0,,,not supplied by S1/S4 endpoint/citation tables; not inferred from MRID,343,ECOTOX,1929-82-4,2-Chloro-6-(trichloromethyl)pyridine,Contact,873,1,True,True,False,not established,no shared trial ID supplied; chemical/route alone insufficient,True,0,0,0,0,0,1
EPA,output/external_data_audit/plos_adult_acute_endpoints_aligned.csv,af8c38c358f82295da0402381f5d21da899bdba61a2a66eea4a6eb3243436d87,199,0f4ec3b9d59321a792c05f4b8db9ae0d9f2d586d24a1bb9070796b688823866c,Novaluron,116714-46-6,NJPPVKZQTLUDBO-UHFFFAOYSA-N,Contact,F131,,45638220,F131,45638220,MRID supplied,"Gray, A. (1997) ""Rimon"" Technical: Acute Toxicity to Honey Bees (Apis mellifera): Lab Project Number: MAK433/973447: R-9801: MAK/433. Unpublished study prepared by Huntingdon Life Sciences Ltd. 37 p.",10.1371/journal.pone.0265962,,adult (S1 endpoint category),,,,,ug/bee,>,100.0,,,not supplied by S1/S4 endpoint/citation tables; not inferred from MRID,782,ECOTOX,116714-46-6,"N-[[[3-Chloro-4-[1,1,2-trifluoro-2-(trifluoromethoxy)ethoxy]phenyl]amino]carbonyl]-2,6-difluorobenzamide",Contact,1841|1842,0,True,True,False,not established,no shared trial ID supplied; chemical/route alone insufficient,True,0,0,0,0,0,0
EPA,output/external_data_audit/plos_adult_acute_endpoints_aligned.csv,af8c38c358f82295da0402381f5d21da899bdba61a2a66eea4a6eb3243436d87,201,ad37845706d8ac02f24d4ecfcb2269e786640f847ddd18a5be6fb76620dfd4f2,Orthosulfamuron,213464-77-8,UCDPMNSCCRBWIC-UHFFFAOYSA-N,Contact,F132,,,F132,,MRID missing,,10.1371/journal.pone.0265962,,adult (S1 endpoint category),,,,,ug/bee,>,100.0,,,not supplied by S1/S4 endpoint/citation tables; not inferred from MRID,756,ECOTOX,213464-77-8,"2-[[[[[(4,6-Dimethoxy-2-pyrimidinyl)amino]carbonyl]amino]sulfonyl]amino]-N,N-dimethylbenzamide",Contact,2428,1,True,True,False,not established,no shared trial ID supplied; chemical/route alone insufficient,True,0,0,0,0,0,1
EPA,output/external_data_audit/plos_adult_acute_endpoints_aligned.csv,af8c38c358f82295da0402381f5d21da899bdba61a2a66eea4a6eb3243436d87,203,5502aef5f1d87cb995e38cce76eb5bf9571baa05ab18deac235d0a0d13acf016,Oxadiazon,19666-30-9,CHNUNORXWHYHNE-UHFFFAOYSA-N,Contact,F133,,42468301,F133,42468301,MRID supplied,"Beevers, M. (1992) Acute Contact Toxicity of Oxadiazon Technical to Honey Bees (Apis mellifera L.): Lab Project Number: CAR 160-92. Unpublished study prepared by California Agricultural Research, Inc. 14 p.",10.1371/journal.pone.0265962,,adult (S1 endpoint category),,,,,ug/bee,>,25.0,,,not supplied by S1/S4 endpoint/citation tables; not inferred from MRID,443,ECOTOX,19666-30-9,"3-[2,4-Dichloro-5-(1-methylethoxy)phenyl]-5-(1,1-dimethylethyl)-1,3,4-oxadiazol-2(3H)-one",Contact,1259|1260,1,True,True,False,not established,no shared trial ID supplied; chemical/route alone insufficient,True,0,0,0,0,-1,1
EPA,output/external_data_audit/plos_adult_acute_endpoints_aligned.csv,af8c38c358f82295da0402381f5d21da899bdba61a2a66eea4a6eb3243436d87,206,1fce5e71c3d2c017e7e2898787a23521cda6b48c0eadce7d910e6b692468d2c8,Oxathiapiprolin,1003318-67-9,IAQLCKZJGNTRDO-UHFFFAOYSA-N,Contact,F135,,49011351,F135,49011351,MRID supplied,"Jeyalakshmi, T. (2011) DPX-QGU42 Technical: Acute Oral and Contact Toxicity to the Honey Bee, Apis mellifera L. Project Number: DuPont/32476, 11151. Unpublished study prepared by International Institute of Biotechnology and Toxicology. 41p.",10.1371/journal.pone.0265962,,adult (S1 endpoint category),,,,,ug/bee,>,104.39,,,not supplied by S1/S4 endpoint/citation tables; not inferred from MRID,987,ECOTOX,1003318-67-9,"1-[4-[4-[5-(2,6-Difluorophenyl)-4,5-dihydro-3-isoxazolyl]-2-thiazolyl]-1-piperidinyl]-2-[5-methyl-3-(trifluoromethyl)-1H-pyrazol-1-yl]ethanone",Contact,2619|2620|2622,0,True,True,False,not established,no shared trial ID supplied; chemical/route alone insufficient,True,0,0,0,0,0,0
EPA,output/external_data_audit/plos_adult_acute_endpoints_aligned.csv,af8c38c358f82295da0402381f5d21da899bdba61a2a66eea4a6eb3243436d87,209,cc4a16222c737d35e34d9e1295e7250773da61dcc88278f2ec711ad5314d9a39,Oxyfluorfen,42874-03-3,OQMBBFQZGJFLBU-UHFFFAOYSA-N,Oral,G136,,49893901,G136,49893901,MRID supplied,"Schmitzer, S. (2011) Effects of Oxyfluorfen TGAI (Acute Contact and Oral) on Honey Bees (Apis mellifera L.) in the Laboratory: Final Report. Project Number: 67441035. Unpublished study prepared by Institut fur Biologische Analytik und Consulting IBACON GmbH. 50p.",10.1371/journal.pone.0265962,,adult (S1 endpoint category),,,,,ug/bee,>,109.0,,,not supplied by S1/S4 endpoint/citation tables; not inferred from MRID,509,ECOTOX,42874-03-3,2-Chloro-1-(3-ethoxy-4-nitrophenoxy)-4-(trifluoromethyl)benzene,Oral,1445|1446,1,True,True,False,not established,no shared trial ID supplied; chemical/route alone insufficient,True,0,0,0,0,0,1
EPA,output/external_data_audit/plos_adult_acute_endpoints_aligned.csv,af8c38c358f82295da0402381f5d21da899bdba61a2a66eea4a6eb3243436d87,210,4efbaec4bb079bcdbdeff62ab1f0b50e258411f814a104f2e5d26ea43514dad3,Paraquat dichloride,,FIKAKWIAUPDISJ-UHFFFAOYSA-L,Oral,G137,,43942603,G137,43942603,MRID supplied,"Bull, J.; Wilkinson, W. (1987) Paraquat: Acute 5-Day Contact and Oral Toxicity to Honey Bees (Apis mellifera): Lab Project Number: RJ0578B: PP148CM008. Unpublished study prepared by ICI Plant Protection Division. 27 p.",10.1371/journal.pone.0265962,,adult (S1 endpoint category),,,,,ug/bee,,51.0,,,not supplied by S1/S4 endpoint/citation tables; not inferred from MRID,154,ECOTOX,1910-42-5,"1,1'-Dimethyl-4,4'-bipyridinium chloride (1:2)",Oral,859|860|863,1,True,True,False,not established,no shared trial ID supplied; chemical/route alone insufficient,True,0,0,0,0,1,1
EPA,output/external_data_audit/plos_adult_acute_endpoints_aligned.csv,af8c38c358f82295da0402381f5d21da899bdba61a2a66eea4a6eb3243436d87,211,f1be0e7983df28a1e3ce4722a09643609fe0c335869517b3a3faa705a4e55fcb,Pendimethalin,40487-42-1,CHIFOSRWCNZCFN-UHFFFAOYSA-N,Contact,F138,,49207707,F138,49207707,MRID supplied,"Strnad, S.; Mulligan, E. (1999) Acute Toxicity of Pendimethalin (AC 92553) Technical to the Honey Bee, Apis mellifera. Project Number: ETX/99/227, PN/541/011. Unpublished study prepared by American Cyanamid Co. 40p",10.1371/journal.pone.0265962,,adult (S1 endpoint category),,,,,ug/bee,>,100.0,,,not supplied by S1/S4 endpoint/citation tables; not inferred from MRID,90,ECOTOX,40487-42-1,"N-(1-Ethylpropyl)-3,4-dimethyl-2,6-dinitro-benzenamine",Contact,1437,1,True,True,False,not established,no shared trial ID supplied; chemical/route alone insufficient,True,0,0,0,0,0,1
EPA,output/external_data_audit/plos_adult_acute_endpoints_aligned.csv,af8c38c358f82295da0402381f5d21da899bdba61a2a66eea4a6eb3243436d87,213,28e9029cd94f53ee5de7b6469a1c44f7cca884edc3ae5b0049159c370d4c7934,Penoxsulam,219714-96-2,SYJGKVOENHZYMQ-UHFFFAOYSA-N,Contact,F139,,45831124,F139,45831124,MRID supplied,"Kranzfelder, J. (2000) XDE-638: Acute Contact Toxicity Test with the Honeybee, Apis mellifera: Lab Project Number: 45473: 993090: 990122. Unpublished study prepared by ABC Laboratories, Inc. 17 p",10.1371/journal.pone.0265962,,adult (S1 endpoint category),,,,,ug/bee,>,100.0,,,not supplied by S1/S4 endpoint/citation tables; not inferred from MRID,819,ECOTOX,219714-96-2,"2-(2,2-Difluoroethoxy)-N-(5,8-dimethoxy[1,2,4]triazolo[1,5-c]pyrimidin-2-yl)-6-(trifluoromethyl)benzenesulfonamide",Contact,2434|2435,1,True,True,False,not established,no shared trial ID supplied; chemical/route alone insufficient,True,0,0,0,0,0,1
EPA,output/external_data_audit/plos_adult_acute_endpoints_aligned.csv,af8c38c358f82295da0402381f5d21da899bdba61a2a66eea4a6eb3243436d87,215,d4e854e8490cb0f0486e33403f63aa3ec9007c1bf92b017b0698930a9af1b4a6,Permethrin,,RLLPVAHGXHCWKJ-UHFFFAOYSA-N,Contact,F140,,42674501,F140,42674501,MRID supplied,"Gough, H.; Jackson, D.; Lewis, G. (1993) Permethrin: Acute Contact and Oral Toxicity to Honey Bees (Apis mellifera) of Technical Material: Lab Project Number: 92JH166: RJ1344B. Unpublished study prepared by ICI Agrochemicals. 27 p",10.1371/journal.pone.0265962,,adult (S1 endpoint category),,,,,ug/bee,,0.025,,,not supplied by S1/S4 endpoint/citation tables; not inferred from MRID,219,ECOTOX,52645-53-1,"3-(2,2-Dichloroethenyl)-2,2-dimethylcyclopropanecarboxylic acid, (3-Phenoxyphenyl)methyl ester",Contact,1508|1514|1515,3,True,True,False,not established,no shared trial ID supplied; chemical/route alone insufficient,True,1,1,1,1,1,1
EPA,output/external_data_audit/plos_adult_acute_endpoints_aligned.csv,af8c38c358f82295da0402381f5d21da899bdba61a2a66eea4a6eb3243436d87,217,36a52761bbe2630f4fb48719695a66ec8ddb984699f2670e8f7ee46cd7573116,Phenmedipham,13684-63-4,IDOWTHOLJBTAFI-UHFFFAOYSA-N,Contact,F141,,,F141,,MRID missing,,10.1371/journal.pone.0265962,,adult (S1 endpoint category),,,,,ug/bee,>,100.0,,,not supplied by S1/S4 endpoint/citation tables; not inferred from MRID,136,ECOTOX,13684-63-4,(3-Methylphenyl)carbamic acid 3-[(methoxycarbonyl)amino]phenyl ester,Contact,1196|1197|1199|1201|1202,1,True,True,False,not established,no shared trial ID supplied; chemical/route alone insufficient,True,0,0,0,0,0,1
EPA,output/external_data_audit/plos_adult_acute_endpoints_aligned.csv,af8c38c358f82295da0402381f5d21da899bdba61a2a66eea4a6eb3243436d87,220,a4f1dee0d1bb7d87cf74523a605e31011c312a5561dc7bfb38ed649e0208edb5,Pinoxaden,243973-20-8,MGOHCFMYLBAPRN-UHFFFAOYSA-N,Contact,F143,,46203113,F143,46203113,MRID supplied,"Sindermann, A.; Porch, J.; Krueger, H. (2004) NOA-407855: An Acute Contact Toxicity Study with the Honey Bee: Amended Final Report. Project Number: 528/144, 109/01, 52102/BEECONT/SUB528. Unpublished study prepared by Wildlife International,",10.1371/journal.pone.0265962,,adult (S1 endpoint category),,,,,ug/bee,>,100.0,,,not supplied by S1/S4 endpoint/citation tables; not inferred from MRID,813,ECOTOX,243973-20-8,"2,2-Dimethylpropanoic acid  8-(2,6-diethyl-4-methylphenyl)-1,2,4,5- tetrahydro-7-oxo-7H-pyrazolo[1,2-d][1,4,5]oxadiazepin-9-yl ester",Contact,2450|2452|2453,1,True,True,False,not established,no shared trial ID supplied; chemical/route alone insufficient,True,0,0,0,0,0,1
EPA,output/external_data_audit/plos_adult_acute_endpoints_aligned.csv,af8c38c358f82295da0402381f5d21da899bdba61a2a66eea4a6eb3243436d87,223,12632a1205f7858a254d442beba9912c0d817e2f97a34e9de83983842dcc85fd,Pirimicarb,23103-98-2,YFGYUFNIOHWBOB-UHFFFAOYSA-N,Oral,G144,,44883916,G144,44883916,MRID supplied,"Smailes, J.; Wilkinson, W. (1980) Pirimicarb: Laboratory Determination of the 5-Day Oral and Contact Toxicity to Honeybees: Lab Project Number: RJ0143B. Unpublished study prepared by Zeneca Agrochemicals. 20 p.",10.1371/journal.pone.0265962,,adult (S1 endpoint category),,,,,ug/bee,,3.01,,,not supplied by S1/S4 endpoint/citation tables; not inferred from MRID,437,PPDB,23103-98-2,Pirimicarb (Ref: OMS 1330),Oral,,2,True,True,False,not established,no shared trial ID supplied; chemical/route alone insufficient,True,0,0,1,1,1,1
EPA,output/external_data_audit/plos_adult_acute_endpoints_aligned.csv,af8c38c358f82295da0402381f5d21da899bdba61a2a66eea4a6eb3243436d87,226,3cb62350a0fd2ab6277d147a9ac976c55f03490b87f316804c9923f1a015e32c,Propachlor,1918-16-7,MFOUDYKPLGXPGO-UHFFFAOYSA-N,Contact,F146,,43147705,F146,43147705,MRID supplied,"Hoxter, K.; Bernard, W.; Beavers, J. (1993) Technical Grade Propachlor: A Dietary LC50 Toxicity Study with the Honey Bee: Final Report: Lab Project Number: 139-340: WL-92-266. Unpublished study prepared by Wildlife International Ltd. 14 p.",10.1371/journal.pone.0265962,,adult (S1 endpoint category),,,,,ug/bee,,311.0,,,not supplied by S1/S4 endpoint/citation tables; not inferred from MRID,65,ECOTOX,1918-16-7,2-Chloro-N-(1-methylethyl)-N-phenylacetamide,Contact,870|871,0,True,True,False,not established,no shared trial ID supplied; chemical/route alone insufficient,True,0,0,0,0,0,0
EPA,output/external_data_audit/plos_adult_acute_endpoints_aligned.csv,af8c38c358f82295da0402381f5d21da899bdba61a2a66eea4a6eb3243436d87,228,606c31c583428d215eba58662dab07dcd0a9cc3a51775e90d17747efec1a26b8,Propanil,709-98-8,LFULEKSKNZEWOE-UHFFFAOYSA-N,Contact,F147,,50499402,F147,50499402,MRID supplied,"Colli, M. (2013), Acute Oral and Acute Contact Toxicity of the Product Propanil Tech to Adult Worker Honeybees Apis mellifera L. Laboratory Test., Biotecnologie BT S.r.l., Frazione Pantalla, 06059 Todi (PG), Italy",10.1371/journal.pone.0265962,,adult (S1 endpoint category),,,,,ug/bee,>,99.8,,,not supplied by S1/S4 endpoint/citation tables; not inferred from MRID,56,ECOTOX,709-98-8,"N-(3,4-Dichlorophenyl)propanamide",Contact,697|698,1,True,True,False,not established,no shared trial ID supplied; chemical/route alone insufficient,True,0,0,0,0,-1,1
EPA,output/external_data_audit/plos_adult_acute_endpoints_aligned.csv,af8c38c358f82295da0402381f5d21da899bdba61a2a66eea4a6eb3243436d87,230,384efbd8981b3847302d1c6f4ea6d00c810e8d7fc0e7e7206a596992ea3089ec,Propargite,2312-35-8,ZYHMJXZULPZUED-UHFFFAOYSA-N,Contact,F148,,43185001,F148,43185001,MRID supplied,"Boeri, R.; Kowalski, P.; Ward, T. (1994) Acute Toxicity of Omite Technical to the Honey Bee, Apis mellifera: Lab Project Number: 385-UN. Unpublished study prepared by T.R. Wilbury Labs., Inc. 20 p",10.1371/journal.pone.0265962,,adult (S1 endpoint category),,,,,ug/bee,,15.0,,,not supplied by S1/S4 endpoint/citation tables; not inferred from MRID,187,ECOTOX,2312-35-8,"2-[4-(1,1-Dimethylethyl)phenoxy]cyclohexyl 2-propynyl ester sulfurous acid",Contact,911|913|923,1,True,True,False,not established,no shared trial ID supplied; chemical/route alone insufficient,True,0,0,0,0,1,1
EPA,output/external_data_audit/plos_adult_acute_endpoints_aligned.csv,af8c38c358f82295da0402381f5d21da899bdba61a2a66eea4a6eb3243436d87,232,836d1a36f1d3fa0e35efdcb2e7b08dcda7ec622b946bad6f0672c98c995f9988,Propiconazole,,STJLVHWMYQXCPB-UHFFFAOYSA-N,Contact,F149,,43420702,F149,43420702,MRID supplied,"Palmers, S.; Beavers, J. (1994) Propiconazole Technical: An Acute Contact Toxicity Study with the Honey Bee: Lab Project Number: 108-373. Unpublished study prepared by Wildlife International Ltd. 16 p.",10.1371/journal.pone.0265962,,adult (S1 endpoint category),,,,,ug/bee,>,25.0,,,not supplied by S1/S4 endpoint/citation tables; not inferred from MRID,189,ECOTOX,60207-90-1,"1-[[2-(2,4-Dichlorophenyl)-4-propyl-1,3-dioxolan-2-yl]methyl]-1H-1,2,4-triazole",Contact,1569,1,True,True,False,not established,no shared trial ID supplied; chemical/route alone insufficient,True,0,0,0,0,-1,1
EPA,output/external_data_audit/plos_adult_acute_endpoints_aligned.csv,af8c38c358f82295da0402381f5d21da899bdba61a2a66eea4a6eb3243436d87,233,1121411250508d6ad3d78d65a108d405f8d0aec2603748bfceff5e49f296967b,Propoxycarbazone-sodium,,JRQGDDUXDKCWRF-UHFFFAOYSA-M,Contact,F150,,45012838,F150,45012838,MRID supplied,"Schmitzer, S. (1998) Laboratory Testing for Toxicity (Acute Contact and Oral LD50) of MKH 6561 70 WG on Honey Bees (Apis mellifera L.) (Hymenoptera, Apidae): Lab Project Number: 4160036: 109386.  Institute for Biological Analysis and Consulting IBACON",10.1371/journal.pone.0265962,,adult (S1 endpoint category),,,,,ug/bee,>,200.0,,,not supplied by S1/S4 endpoint/citation tables; not inferred from MRID,678,PPDB,181274-15-7,Propoxycarbazone-sodium (Ref: MKH 6561),Contact,,0,True,True,False,not established,no shared trial ID supplied; chemical/route alone insufficient,True,0,0,0,0,0,0
EPA,output/external_data_audit/plos_adult_acute_endpoints_aligned.csv,af8c38c358f82295da0402381f5d21da899bdba61a2a66eea4a6eb3243436d87,236,b34ac874192e24e257fa7da3e5bdd965062043e1c32ba80a6479d10b26d3ba53,Prothioconazole,178928-70-6,MNHVNIJQQRJYDH-UHFFFAOYSA-N,Contact,F152,,46246048,F152,46246048,MRID supplied,"Wilhelmy, H. (1999) JAU 6476 a.i.: Acute Effects on the Honeybee Apis mellifera. Project Number: IBA64051, 990222BN. Unpublished study prepared by Dr. U. Noack-Laboratorium fuer Angewandte Biologie. 32 p",10.1371/journal.pone.0265962,,adult (S1 endpoint category),,,,,ug/bee,>,200.0,,,not supplied by S1/S4 endpoint/citation tables; not inferred from MRID,751,ECOTOX,178928-70-6,"2-[2-(1-Chlorocyclopropyl)-3-(2-chlorophenyl)-2-hydroxypropyl]-1,2-dihydro-3H-1,2,4-triazole-3-thione",Contact,2304|2307,0,True,True,False,not established,no shared trial ID supplied; chemical/route alone insufficient,True,0,0,0,0,0,0
EPA,output/external_data_audit/plos_adult_acute_endpoints_aligned.csv,af8c38c358f82295da0402381f5d21da899bdba61a2a66eea4a6eb3243436d87,238,3ca1d7c5ea2f0540607106db303667e9f91b43807fce9e67fc9f3f6de5a2e4a4,Pydiflumetofen,1228284-64-7,DGOAXBPOVUPPEB-UHFFFAOYSA-N,Contact,F153,,49558039,F153,49558039,MRID supplied,"Kling, A. (2012) SYN545974 - Acute Oral and Contact Toxicity to the Honeybee Apis mellifera L. in the Laboratory: Final Report. Project Number: TK0058207, S11/03873. Unpublished study prepared by Eurofin Agrosciences Services EcoChem GmbH. 34p.",10.1371/journal.pone.0265962,,adult (S1 endpoint category),,,,,ug/bee,>,100.0,,,not supplied by S1/S4 endpoint/citation tables; not inferred from MRID,1018,ECOTOX,1228284-64-7,"3-(Difluoromethyl)-N-methoxy-1-methyl-N-[1-(2,4,6-trichlorophenyl)propan-2-yl]-1H-pyrazole-4-carboxamide",Contact,2639,1,True,True,False,not established,no shared trial ID supplied; chemical/route alone insufficient,True,0,0,0,0,0,1
EPA,output/external_data_audit/plos_adult_acute_endpoints_aligned.csv,af8c38c358f82295da0402381f5d21da899bdba61a2a66eea4a6eb3243436d87,241,5aa595ef79c6a2e90ffc144fea08a57633ae47a8382e8982bb9aefccd4a118de,Pymetrozine,123312-89-0,QHMTXANCGGJZRX-UHFFFAOYSA-N,Oral,G154,,44024961,G154,44024961,MRID supplied,"Decker, U. (1993) CGA-215944: Laboratory Testing for Oral and Contact Toxicity of CGA-215944 Tech to Honey Bees, Apis Melliferal L: Lab Project Number: RCC 331648: 480-92. Unpublished study prepared by RCC, Research & Consulting Co., Ltd",10.1371/journal.pone.0265962,,adult (S1 endpoint category),,,,,ug/bee,>,117.0,,,not supplied by S1/S4 endpoint/citation tables; not inferred from MRID,752,ECOTOX,123312-89-0,"4,5-Dihydro-6-methyl-4-[(E)-(3-pyridinylmethylene)amino]-1,2,4-triazin-3(2H)-one",Oral,1901|1904,1,True,True,False,not established,no shared trial ID supplied; chemical/route alone insufficient,True,0,0,0,0,0,1
EPA,output/external_data_audit/plos_adult_acute_endpoints_aligned.csv,af8c38c358f82295da0402381f5d21da899bdba61a2a66eea4a6eb3243436d87,242,156aec3694fc546356cd9aaa81ca46ddc37c1fde1c417e69400af38ed74d0029,Pyraclostrobin,175013-18-0,HZRSNVGNWUDEFX-UHFFFAOYSA-N,Contact,F155,,45118711,F155,45118711,MRID supplied,"Palmer, S.; Krueger, H. (1999) BAS 500 F: An Acute Contact Toxicity Study with the Honey Bee: Lab Project Number: 147-178A: 97115: 1999/5142. Unpublished study prepared by Wildlife International, Ltd. 20 p.",10.1371/journal.pone.0265962,,adult (S1 endpoint category),,,,,ug/bee,>,100.0,,,not supplied by S1/S4 endpoint/citation tables; not inferred from MRID,173,ECOTOX,175013-18-0,[2-[[[1-(4-Chlorophenyl)-1H-pyrazol-3-yl]oxy]methyl]phenyl]methoxycarbamic acid methyl ester,Contact,2298|2299,1,True,True,False,not established,no shared trial ID supplied; chemical/route alone insufficient,True,0,0,0,0,0,1
EPA,output/external_data_audit/plos_adult_acute_endpoints_aligned.csv,af8c38c358f82295da0402381f5d21da899bdba61a2a66eea4a6eb3243436d87,244,394c883452cf585ff99e873d656b052cde193e1cf1dfdf0bb3439827fd5b2a74,Pyraflufen-ethyl,129630-19-9,APTZNLHMIGJTEW-UHFFFAOYSA-N,Contact,F156,,45282732,F156,45282732,MRID supplied,"Nengel, S. (1996) Assessment of Side Effects of ET-751 Technical to the Honey Bee, Apis mellifera L. in the Laboratory Following the EPPO Guideline No.170: Lab Project Number: 95180/01-BLEU: N-5010. GAB Biotechnologie GmbH & IFU Umweltanalytik",10.1371/journal.pone.0265962,,adult (S1 endpoint category),,,,,ug/bee,>,100.0,,,not supplied by S1/S4 endpoint/citation tables; not inferred from MRID,805,ECOTOX,129630-19-9,2-[2-Chloro-5-[4-chloro-5-(difluoromethoxy)-1-methyl-1H-pyrazol-3-yl]-4-fluorophenoxy]acetic acid ethyl ester,Contact,1932,1,True,True,False,not established,no shared trial ID supplied; chemical/route alone insufficient,True,0,0,0,0,0,1
EPA,output/external_data_audit/plos_adult_acute_endpoints_aligned.csv,af8c38c358f82295da0402381f5d21da899bdba61a2a66eea4a6eb3243436d87,246,d735c165ee8ecd7343e54b966199f1d2b9ee355079fe9250ab436059d2d4c20b,Pyrasulfotole,,CZRVDACSCJKRFL-UHFFFAOYSA-N,Contact,F157,,46801735,F157,46801735,MRID supplied,"Waltersdorfer, A. (2002) Contact Toxicity (LD50) to Honey Bees (Apis Mellifera L.) Substance Technical. Project Number: AE/0317309/00/1C98/0, CW02/048-Bayer Cropscience Gmbh",10.1371/journal.pone.0265962,,adult (S1 endpoint category),,,,,ug/bee,>,75.0,,,not supplied by S1/S4 endpoint/citation tables; not inferred from MRID,801,ECOTOX,365400-11-9,"(5-Hydroxy-1,3-dimethyl-1H-pyrazol-4-yl)[2-(methylsulfonyl)-4-(trifluoromethyl)phenyl]methanone",Contact,2502,1,True,True,False,not established,no shared trial ID supplied; chemical/route alone insufficient,True,0,0,0,0,-1,1
EPA,output/external_data_audit/plos_adult_acute_endpoints_aligned.csv,af8c38c358f82295da0402381f5d21da899bdba61a2a66eea4a6eb3243436d87,248,26f816fcd76704a82de30a39a79e5d836ded34371ced797db9b6eac8ec9dcdac,Pyridaben,96489-71-3,DWFZBUWUXWZWKD-UHFFFAOYSA-N,Contact,F158,,49564601,F158,49564601,MRID supplied,"Taylor, K. (2014) Pyridaben: Acute Toxicity to Honey Bees. Project Number: ONE0290, NC/129, HLS1071. Unpublished study prepared by Huntingdon Life Sciences, Ltd. 57p",10.1371/journal.pone.0265962,,adult (S1 endpoint category),,,,,ug/bee,,0.024,,,not supplied by S1/S4 endpoint/citation tables; not inferred from MRID,681,ECOTOX,96489-71-3,"4-Chloro-2-(1,1-dimethylethyl)-5-[[[4-(1,1-dimethylethyl)phenyl]methyl]thio]-3(2H)pyridazinene",Contact,1762|1763,3,True,True,False,not established,no shared trial ID supplied; chemical/route alone insufficient,True,1,1,1,1,1,1
EPA,output/external_data_audit/plos_adult_acute_endpoints_aligned.csv,af8c38c358f82295da0402381f5d21da899bdba61a2a66eea4a6eb3243436d87,251,95a8a2c7ed69894b2ec7b90f039bbbafc2f01b4e5233da85d0c2548aa554217d,Pyrimethanil,53112-28-0,ZLIBICFPKPWGIZ-UHFFFAOYSA-N,Contact,F161,,45657023,F161,45657023,MRID supplied,"Barrett, K.; Barber, I. (1992) The Acute Oral and Contact Toxicities of SN 100 309 to Worker Honeybees (Apis Mellifera L.): Lab Project Number: W14: A81877: ENVIR/91/43. Unpublished study prepared by Schering AG. 23 p.",10.1371/journal.pone.0265962,,adult (S1 endpoint category),,,,,ug/bee,>,100.0,,,not supplied by S1/S4 endpoint/citation tables; not inferred from MRID,690,ECOTOX,53112-28-0,"4,6-Dimethyl-N-phenyl-2-pyrimidinamine",Contact,1534,1,True,True,False,not established,no shared trial ID supplied; chemical/route alone insufficient,True,0,0,0,0,0,1
EPA,output/external_data_audit/plos_adult_acute_endpoints_aligned.csv,af8c38c358f82295da0402381f5d21da899bdba61a2a66eea4a6eb3243436d87,253,9a70be5a72076811151708350ac29a31dc201137377b344beadc7d0bfe43a7a2,Pyrimisulfan,,NTBVTCXMRYKRTB-UHFFFAOYSA-N,Contact,F162,,49683183,F162,49683183,MRID supplied,"Patnaude, M. (2016) Pyrimisulfan Technical: Acute Contact Toxicity Test with the Honey Bee (Apis mellifera). Project Number: 13965/6124. Unpublished study prepared by Smithers Viscient Laboratories. 30p.",10.1371/journal.pone.0265962,,adult (S1 endpoint category),,,,,ug/bee,>,25.0,,,not supplied by S1/S4 endpoint/citation tables; not inferred from MRID,983,ECOTOX,221205-90-9,"N-{2-[(4,6-Dimethoxypyrimidin-2-yl)(hydroxy)methyl]-6-(methoxymethyl)phenyl}-1,1-difluoromethanesulfonamide",Contact,2445,1,True,True,False,not established,no shared trial ID supplied; chemical/route alone insufficient,True,0,0,0,0,-1,1
EPA,output/external_data_audit/plos_adult_acute_endpoints_aligned.csv,af8c38c358f82295da0402381f5d21da899bdba61a2a66eea4a6eb3243436d87,256,dbe3d3d50cda69028de876a260f0b4c7efa3cec2e51b0587c7566b6bf3471e7a,Pyriofenone,688046-61-9,NMVCBWZLCXANER-UHFFFAOYSA-N,Oral,G163,,49256161,G163,49256161,MRID supplied,"Taylor, K. (2008) IKF-309 Technical Acute Toxicity to Honey Bees. Project Number: ISK0309. Unpublished study prepared by Huntingdon Life Sciences, Ltd. 46p.",10.1371/journal.pone.0265962,,adult (S1 endpoint category),,,,,ug/bee,>,100.0,,,not supplied by S1/S4 endpoint/citation tables; not inferred from MRID,995,ECOTOX,688046-61-9,"(5-Chloro-2-methoxy-4-methylpyridin-3-yl)(2,3,4-trimethoxy-6-methylphenyl)methanone",Oral,2541|2543,1,True,True,False,not established,no shared trial ID supplied; chemical/route alone insufficient,True,0,0,0,0,0,1
EPA,output/external_data_audit/plos_adult_acute_endpoints_aligned.csv,af8c38c358f82295da0402381f5d21da899bdba61a2a66eea4a6eb3243436d87,257,fd85f1e3d0feaceeac9ef8e82a74f72ba14eb4c4e79ae1c8cae23be22e11fcdd,Pyriproxyfen,95737-68-1,NHDHVHZZCFYRSB-UHFFFAOYSA-N,Contact,F164,,,F164,,MRID missing,,10.1371/journal.pone.0265962,,adult (S1 endpoint category),,,,,ug/bee,>,100.0,,,not supplied by S1/S4 endpoint/citation tables; not inferred from MRID,614,ECOTOX,95737-68-1,2-[1-Methyl-2-(4-phenoxyphenoxy)ethoxy]pyridine,Contact,1761,1,True,True,False,not established,no shared trial ID supplied; chemical/route alone insufficient,True,0,0,0,0,0,1
EPA,output/external_data_audit/plos_adult_acute_endpoints_aligned.csv,af8c38c358f82295da0402381f5d21da899bdba61a2a66eea4a6eb3243436d87,259,b4dbe409b5da0e0913ddcf60b33b41e85b3c7e7446d6b911bb54cd102f196738,Pyroxsulam,422556-08-9,GLBLPMUBLHYFCW-UHFFFAOYSA-N,Contact,F165,,46908508,F165,46908508,MRID supplied,"Schmitzer, S. (2004) Effects of XDE-742 / BAS770H (Acute Contact and Oral) on Honey Bees (Apis mellifera L.) in the Laboratory: Final Report. Project Number: 18361035.Institut fuer Biologische Analytik und Consulting Ibacon. 32 p.",10.1371/journal.pone.0265962,,adult (S1 endpoint category),,,,,ug/bee,>,100.0,,,not supplied by S1/S4 endpoint/citation tables; not inferred from MRID,923,ECOTOX,422556-08-9,"N-(5,7-Dimethoxy[1,2,4]triazolo[1,5-a]pyrimidin-2-yl)-2-methoxy-4-(trifluoromethyl)-3-pyridinesulfonamide",Contact,2518,1,True,True,False,not established,no shared trial ID supplied; chemical/route alone insufficient,True,0,0,0,0,0,1
EPA,output/external_data_audit/plos_adult_acute_endpoints_aligned.csv,af8c38c358f82295da0402381f5d21da899bdba61a2a66eea4a6eb3243436d87,263,671e2c0b6f9bda0df6f40afb41b9f498a56c41123765cf4486b0449c21d0ef33,Sedaxane,874967-67-6,XQJQCBDIXRIYRP-UHFFFAOYSA-N,Oral,G168,,47473492,G168,47473492,MRID supplied,"Halsall, N. (2007) SYN524464 - Acute Contact and Oral Toxicity to the Honeybee (Apis mellifera): Final Report. Project Number: T016871/04, T016871/04/REG, T016871/04/OCR. Unpublished study prepared by Syngenta Jealotts Hill International Research Centre",10.1371/journal.pone.0265962,,adult (S1 endpoint category),,,,,ug/bee,>,4.22,,,not supplied by S1/S4 endpoint/citation tables; not inferred from MRID,973,ECOTOX,874967-67-6,"N-(2-[1,1'-Bicyclopropyl]-2-ylphenyl)-3-(difluoromethyl)-1-methyl-1H-pyrazole-4-carboxamide",Oral,2562,2,True,True,False,not established,no shared trial ID supplied; chemical/route alone insufficient,True,0,0,-1,1,-1,1
EPA,output/external_data_audit/plos_adult_acute_endpoints_aligned.csv,af8c38c358f82295da0402381f5d21da899bdba61a2a66eea4a6eb3243436d87,266,4a3ae7062f89b1054ab12e4d740a37806484766b514a23600981e9315f12df92,S-Metolachlor,,WVQBLGZPHOPPFO-UHFFFAOYSA-N,Contact,F170,,44718402,F170,44718402,MRID supplied,"Candolfi, M. (1997) CGA-77102: Laboratory Oral and Contact Test with the Honeybee, Apis Mellifera: Metolachlor: Lab Project Number: 97-137-1008: 525-96. Unpublished study prepared by Springborn Laboratories (Europe) AG. 42 p",10.1371/journal.pone.0265962,,adult (S1 endpoint category),,,,,ug/bee,>,200.0,,,not supplied by S1/S4 endpoint/citation tables; not inferred from MRID,530,ECOTOX,51218-45-2,2-Chloro-N-(2-ethyl-6-methylphenyl)-N-(2-methoxy-1-methylethyl)acetamide,Contact,1453,0,True,True,False,not established,no shared trial ID supplied; chemical/route alone insufficient,True,0,0,0,0,0,0
EPA,output/external_data_audit/plos_adult_acute_endpoints_aligned.csv,af8c38c358f82295da0402381f5d21da899bdba61a2a66eea4a6eb3243436d87,268,2bf5fc53233d9bbf8e44dd00383e2ca7f55d1a21669c621d01f8fee2c43b2722,Sodium 1-naphthaleneacetate,,CJUUXVFWKYRHAR-UHFFFAOYSA-M,Contact,F171,,,F171,,MRID missing,,10.1371/journal.pone.0265962,,adult (S1 endpoint category),,,,,ug/bee,>,96.7,,,not supplied by S1/S4 endpoint/citation tables; not inferred from MRID,199,ECOTOX,61-31-4,"1-Naphthaleneacetic acid, Sodium salt",Contact,211,1,True,True,False,not established,no shared trial ID supplied; chemical/route alone insufficient,True,0,0,0,0,-1,1
EPA,output/external_data_audit/plos_adult_acute_endpoints_aligned.csv,af8c38c358f82295da0402381f5d21da899bdba61a2a66eea4a6eb3243436d87,271,33bbf8ed5609d5d8c165f81b7303ee0064e2f9ceee8f2de9721e890ffb9eb36c,Sodium chlorate,,GQMRMFTXVUMSAU-UHFFFAOYSA-N,Oral,G172,,47216001,G172,47216001,MRID supplied,"Wilkins, P. (2003) Acute Contact and Oral Toxicity of Sodium Chlorate to Honey Bees (Apis mellifera L.). Project Number: K3AK1001. Unpublished study prepared by Central Science Laboratory. 40 p",10.1371/journal.pone.0265962,,adult (S1 endpoint category),,,,,ug/bee,>,75.0,,,not supplied by S1/S4 endpoint/citation tables; not inferred from MRID,45,ECOTOX,7775-09-9,"Chloric acid, Sodium salt (1:1)",Oral,1065|1066,1,True,True,False,not established,no shared trial ID supplied; chemical/route alone insufficient,True,0,0,0,0,-1,1
EPA,output/external_data_audit/plos_adult_acute_endpoints_aligned.csv,af8c38c358f82295da0402381f5d21da899bdba61a2a66eea4a6eb3243436d87,274,b0f02b50b5a64cf9a04d1ad4d43dfd093c46e672ec7d6e06dc81eedfe24a34e4,Spiromesifen,283594-90-1,GOLXNESZZPUPJE-UHFFFAOYSA-N,Contact,F174,,45819718,F174,45819718,MRID supplied,"Wilhelmy, H. (2000) BSN 2060 a.i. Acute Effects on the Honeybee Apis mellifera (Hymenoptera, Apidae): Lab Project Number: 200196: IBA64031: 980708BN. Unpublished study prepared by Dr. U. Noack Laboratorium. 36 p.",10.1371/journal.pone.0265962,,adult (S1 endpoint category),,,,,ug/bee,>,200.0,,,not supplied by S1/S4 endpoint/citation tables; not inferred from MRID,592,ECOTOX,283594-90-1,"3,3-Dimethylbutanoic acid 2-oxo-3-(2,4,6-trimethylphenyl)-1-oaxspiro[4.4]non-3-en-4-yl ester",Contact,2473|2476,0,True,True,False,not established,no shared trial ID supplied; chemical/route alone insufficient,True,0,0,0,0,0,0
EPA,output/external_data_audit/plos_adult_acute_endpoints_aligned.csv,af8c38c358f82295da0402381f5d21da899bdba61a2a66eea4a6eb3243436d87,276,9b87d309d7de0eae532ff3dac6c7703d4a58371ccc386a5a2cdc09d9e6b7cd3e,Spiroxamine,,PUYXTUJWRLOUCW-UHFFFAOYSA-N,Contact,F175,,45090316,F175,45090316,MRID supplied,"Bell, G. (1994) KWG 4168 Acute Toxicity to Honey Bees (Apis mellifera): Lab Project Number: 108131: BAY 169(A)/932259. Unpublished study prepared by Huntingdon Research Centre Ltd. 33 p.  
86-5 Status: Pass (23-Aug-2010)",10.1371/journal.pone.0265962,,adult (S1 endpoint category),,,,,ug/bee,,4.22,,,not supplied by S1/S4 endpoint/citation tables; not inferred from MRID,787,ECOTOX,118134-30-8,"8-(1,1-Dimethylethyl)-N-ethyl-N-propyl-1,4-dioxaspiro[4.5]decane-2-methanamine",Contact,1852,2,True,True,False,not established,no shared trial ID supplied; chemical/route alone insufficient,True,0,0,1,1,1,1
EPA,output/external_data_audit/plos_adult_acute_endpoints_aligned.csv,af8c38c358f82295da0402381f5d21da899bdba61a2a66eea4a6eb3243436d87,278,b3a141afb39c63d3bfab6f388011e713966a87e2967a288b92fc511ab21b9085,Sulfosulfuron,141776-32-1,RBSXHDIPCIWOMG-UHFFFAOYSA-N,Contact,F176,,44295788,F176,44295788,MRID supplied,"Palmer, S.; Beavers, J. (1994) MON 37500: An Acute Contact Toxicity Study with the Honey Bee: (Final Report): Lab Project Number: WL-94-071: 139-382A: RD 1353. Unpublished study prepared by Wildlife International Ltd. 19 p.",10.1371/journal.pone.0265962,,adult (S1 endpoint category),,,,,ug/bee,>,25.0,,,not supplied by S1/S4 endpoint/citation tables; not inferred from MRID,717,ECOTOX,141776-32-1,"N-[[(4,6-Dimethoxy-2-pyrimidinyl)amino]carbonyl]-2-(ethylsulfonyl)imidazo[1,2-a]pyridine-3-sulfonamide",Contact,2085,1,True,True,False,not established,no shared trial ID supplied; chemical/route alone insufficient,True,0,0,0,0,-1,1
EPA,output/external_data_audit/plos_adult_acute_endpoints_aligned.csv,af8c38c358f82295da0402381f5d21da899bdba61a2a66eea4a6eb3243436d87,284,f96fd83a53d8997544534366eef25dd2de0c26f42dae59961c7445e76b8b7d70,Tetraniliprole,,KNDVJPKNBVIKML-UHFFFAOYSA-N,Oral,G181,,50170135,G181,50170135,MRID supplied,"Schmitzer, S. (2012) Effects of BCS-CL73507 Tech. (Acute Contact and Oral) on Honey Bees (Apis mellifera L.) in the Laboratory: Final Report. Project Number: M/441758/01/1, 73701035. Unpublished study prepared by Institut fuer Biologische Analytik und Consulting IBACON. 36p.",10.1371/journal.pone.0265962,,adult (S1 endpoint category),,,,,ug/bee,,0.0103,,,not supplied by S1/S4 endpoint/citation tables; not inferred from MRID,998,ECOTOX,1229654-66-3,1-(3-Chloropyridin-2-yl)-N-[4-cyano-2-methyl-6-(methylcarbamoyl)phenyl]-3-{[5-(trifluoromethyl)-2H-tetrazol-2-yl]methyl}-1H-pyrazole-5-carboxamide,Oral,2643|2644|2645|2646|2648|2649|2653|2655|2656,3,True,True,False,not established,no shared trial ID supplied; chemical/route alone insufficient,True,1,1,1,1,1,1
EPA,output/external_data_audit/plos_adult_acute_endpoints_aligned.csv,af8c38c358f82295da0402381f5d21da899bdba61a2a66eea4a6eb3243436d87,286,27b8bacb4450839fa2a6a7fc1681afda338530a7ae84bf75ca2bf86a52ea3b00,Thiabendazole,148-79-8,WJCNZQLZVWNLKY-UHFFFAOYSA-N,Oral,G182,,48996305,G182,48996305,MRID supplied,"Kennedy, P.; Hargreaves, N. (2003) MK360 (Thibendazole) - Acute Contact and Oral Toxicity of Technical Material to the Honeybee (Apis mellifera) (Including Minor Report Amendment): Final Report. Project Number: TK0119342/OCR. Jealotts Hill Research Centre",10.1371/journal.pone.0265962,,adult (S1 endpoint category),,,,,ug/bee,>,4.0,,,not supplied by S1/S4 endpoint/citation tables; not inferred from MRID,296,ECOTOX,148-79-8,2-(4-Thiazolyl)-1H-benzimidazole,Oral,553|554|555,2,True,True,False,not established,no shared trial ID supplied; chemical/route alone insufficient,True,0,0,-1,1,-1,1
EPA,output/external_data_audit/plos_adult_acute_endpoints_aligned.csv,af8c38c358f82295da0402381f5d21da899bdba61a2a66eea4a6eb3243436d87,288,e8f265d83e65f0f1ae68dab9ccfc67f80e35eafe66bb6bee2d73029e20d46d26,Thiacloprid,111988-49-9,HOKKPVIRMVDYPB-UHFFFAOYSA-N,Oral,G183,,45159306,G183,45159306,MRID supplied,"Nengel, S. (1995) Assessment of Side Effects of YRC 2894 (Tech.) to the Honey Bee, Apis mellifera L. Rats Treated with Technical Grade YRC 2894 in the Laboratory . by GAB Biotechnologie GmbH",10.1371/journal.pone.0265962,,adult (S1 endpoint category),,,,,ug/bee,,17.94,,,not supplied by S1/S4 endpoint/citation tables; not inferred from MRID,831,ECOTOX,111988-49-9,[N(Z)]-N-[3-[(6-Chloro-3-pyridinyl)methyl]-2-thiazolidinylidene]cyanamide,Oral,1801|1803|1807,1,True,True,False,not established,no shared trial ID supplied; chemical/route alone insufficient,True,0,0,0,0,1,1
EPA,output/external_data_audit/plos_adult_acute_endpoints_aligned.csv,af8c38c358f82295da0402381f5d21da899bdba61a2a66eea4a6eb3243436d87,291,6e2c83e948eae506f34f563977f2d35179ca7f207edc912ae4ee423c76066125,Thidiazuron,51707-55-2,HFCYZXMHUIHAQI-UHFFFAOYSA-N,Contact,F185,,46203501,F185,46203501,MRID supplied,"King, A. (2003) Assessment of Side Effects of AE B049537 00 1D99 0003 (Thidiazuron, techn.) to the Honey Bee, Apis mellifera L. in the Laboratory: (Final Report). Project Number: 20021341/01/BLEU, C029693. Unpublished study prepared by GAB Biotechnologie",10.1371/journal.pone.0265962,,adult (S1 endpoint category),,,,,ug/bee,>,100.0,,,not supplied by S1/S4 endpoint/citation tables; not inferred from MRID,222,ECOTOX,51707-55-2,"N-Phenyl-N'-1,2,3-thiadiazol-5-yl-urea",Contact,1475|1477,1,True,True,False,not established,no shared trial ID supplied; chemical/route alone insufficient,True,0,0,0,0,0,1
EPA,output/external_data_audit/plos_adult_acute_endpoints_aligned.csv,af8c38c358f82295da0402381f5d21da899bdba61a2a66eea4a6eb3243436d87,293,7aafc9d8cea98986ec4a2567e1f16cc14efab98cd41ca33ae3aadf0f405494b6,Thiobencarb,28249-77-6,QHTQREMOGMZHJV-UHFFFAOYSA-N,Contact,F186,,46059804,F186,46059804,MRID supplied,"Wainwright, M. (2002) Thiobencarb Technical Acute Toxicity to Honey Bees (Apis mellifera). Project Number: 200300250, KCI/232/023980. Unpublished study prepared by Huntingdon Life Sciences, Ltd. 50 p.",10.1371/journal.pone.0265962,,adult (S1 endpoint category),,,,,ug/bee,>,100.0,,,not supplied by S1/S4 endpoint/citation tables; not inferred from MRID,454,ECOTOX,28249-77-6,"N,N-Diethylcarbamothioic acid S-[(4-chlorophenyl)methyl] ester",Contact,1339,1,True,True,False,not established,no shared trial ID supplied; chemical/route alone insufficient,True,0,0,0,0,0,1
EPA,output/external_data_audit/plos_adult_acute_endpoints_aligned.csv,af8c38c358f82295da0402381f5d21da899bdba61a2a66eea4a6eb3243436d87,296,759b8c0c441f935eec9ef686351e61cf3741bf5e3dd1e0b58c121205b2d5e3a8,Thiodicarb,59669-26-0,XDOTVMNBCQVZKG-UHFFFAOYSA-N,Oral,G187,,48548503,G187,48548503,MRID supplied,"Schmitzer, S. (1999) Laboratory Testing for Toxicity (Acute Contact and Oral LD50) of Thiodicarb on Honey Bees (Apis mellifera L.) (Hymenoptera, Apidae): Final Report. Project Number: 6192036, M/175820/01/1, IBACON",10.1371/journal.pone.0265962,,adult (S1 endpoint category),,,,,ug/bee,,0.13,,,not supplied by S1/S4 endpoint/citation tables; not inferred from MRID,551,ECOTOX,59669-26-0,"N,N'-[Thiobis[(methylimino)carbonyloxy]]bisethanimidothioic acid dimethyl ester",Oral,1563,3,True,True,False,not established,no shared trial ID supplied; chemical/route alone insufficient,True,1,1,1,1,1,1
EPA,output/external_data_audit/plos_adult_acute_endpoints_aligned.csv,af8c38c358f82295da0402381f5d21da899bdba61a2a66eea4a6eb3243436d87,299,683a2de8c67276739c63b268fed3743133ca865fd1994e65038116310006cce6,Tioxazafen,,IHNSIFFSNUQGQN-UHFFFAOYSA-N,Oral,G190,,49304243,G190,49304243,MRID supplied,"Vinall, S. (2012) Laboratory Bioassay to Determine the Acute Oral Toxicity of MON 102100 to the Honeybee Apis mellifera. Project Number: MON/12/1, MT/2012/0432, BEE/TOX/ORAL/2012. Unpublished study prepared by Mambo-Tox Limited. 28p.",10.1371/journal.pone.0265962,,adult (S1 endpoint category),,,,,ug/bee,>,0.41,,,not supplied by S1/S4 endpoint/citation tables; not inferred from MRID,951,ECOTOX,330459-31-9,"3-Phenyl-5-(2-thienyl)-1,2,4-oxadiazole",Oral,2485,3,True,True,False,not established,no shared trial ID supplied; chemical/route alone insufficient,True,-1,1,-1,1,-1,1
EPA,output/external_data_audit/plos_adult_acute_endpoints_aligned.csv,af8c38c358f82295da0402381f5d21da899bdba61a2a66eea4a6eb3243436d87,301,e48b9c1e2201f556be3c615d8ea5079daac5557b72f8e4bc1259328a5d0b9514,Tolfenpyrad,,WPALTCMYPARVNV-UHFFFAOYSA-N,Oral,G191,,48250432,G191,48250432,MRID supplied,"Schmitzer, S. (2005) Effects of Tolfenpyrad Technical (Acute Contact and Oral) on Honey Bees (Apis mellifera L.) in the Laboratory: Final Report. Project Number: 25741035, N/10002. Institut fuer Biologische Analytik und Consulting IBACON. 40 p.",10.1371/journal.pone.0265962,,adult (S1 endpoint category),,,,,ug/bee,,0.63,,,not supplied by S1/S4 endpoint/citation tables; not inferred from MRID,916,ECOTOX,129558-76-5,4-Chloro-3-ethyl-1-methyl-N-[[4-(4-methylphenoxy)phenyl]methyl]-1H-pyrazole-5-carboxamide,Oral,1928|1929|1931,3,True,True,False,not established,no shared trial ID supplied; chemical/route alone insufficient,True,1,1,1,1,1,1
EPA,output/external_data_audit/plos_adult_acute_endpoints_aligned.csv,af8c38c358f82295da0402381f5d21da899bdba61a2a66eea4a6eb3243436d87,305,4088370bb254ed29465d9fe47abf055ff609346043fcb8bb4660efd5bf04e717,Triadimenol,55219-65-3,BAZVSMNPJJMILC-UHFFFAOYSA-N,Contact,F195,,46736703,F195,46736703,MRID supplied,"Schmitzer, S. (2001) Effects of Triadimenol a.i. (Acute Contact and Oral) on Honey Bees (Apis mellivera L.) in the Laboratory (Limit Test): Final Report. Project Number: 9891036. Institut fuer Biologische Analytik und Consulting IBACON. 29 p.",10.1371/journal.pone.0265962,,adult (S1 endpoint category),,,,,ug/bee,>,200.0,,,not supplied by S1/S4 endpoint/citation tables; not inferred from MRID,534,ECOTOX,55219-65-3,"beta-(4-Chlorophenoxy)-alpha-(1,1-dimethylethyl)-1H-1,2,4-triazole-1-ethanol",Contact,1537,0,True,True,False,not established,no shared trial ID supplied; chemical/route alone insufficient,True,0,0,0,0,0,0
EPA,output/external_data_audit/plos_adult_acute_endpoints_aligned.csv,af8c38c358f82295da0402381f5d21da899bdba61a2a66eea4a6eb3243436d87,308,c413d25c453db40ed93fdcbb4e705cb2f25b5a160794e621d94a12e93e095374,Triclopyr,55335-06-3,REEQLXCGVXDJSQ-UHFFFAOYSA-N,Oral,G196,,49992409,G196,49992409,MRID supplied,"Hahne, R. (2001) Triclopyr Acid: Acute Oral Toxicity Test with the Honeybee (Apis mellifera). Project Number: 46610, 011100. Unpublished study prepared by ABC Laboratories, Inc. 20p",10.1371/journal.pone.0265962,,adult (S1 endpoint category),,,,,ug/bee,>,99.0,,,not supplied by S1/S4 endpoint/citation tables; not inferred from MRID,269,ECOTOX,55335-06-3,"2-[(3,5,6-Trichloro-2-pyridinyl)oxy]acetic acid",Oral,1543|1545,1,True,True,False,not established,no shared trial ID supplied; chemical/route alone insufficient,True,0,0,0,0,-1,1
EPA,output/external_data_audit/plos_adult_acute_endpoints_aligned.csv,af8c38c358f82295da0402381f5d21da899bdba61a2a66eea4a6eb3243436d87,309,b0fb93152fe27d3f7ea4a0f1217632a533d8e9e9ee24190e03c1c6489c04f416,Trifloxystrobin,141517-21-7,ONCZDRURRATYFI-UHFFFAOYSA-N,Contact,F197,,44496726,F197,44496726,MRID supplied,"Kleiner, R. (1995) Testing Toxicity of CGA-279202 to Honey Bee--Apis mellifera L: Lab Project Number: 95 10 48 023: 774-95. Unpublished study prepared by BioChem GmbH Karlsruhe 20 p.",10.1371/journal.pone.0265962,,adult (S1 endpoint category),,,,,ug/bee,>,200.0,,,not supplied by S1/S4 endpoint/citation tables; not inferred from MRID,726,ECOTOX,141517-21-7,(alphaE)-alpha-(Methoxyimino)-2-[[[(E)-[1-[3-(trifluoromethyl)phenyl]ethylidene]amino]oxy]methyl]benzeneacteic acid methyl ester,Contact,2083,0,True,True,False,not established,no shared trial ID supplied; chemical/route alone insufficient,True,0,0,0,0,0,0
EPA,output/external_data_audit/plos_adult_acute_endpoints_aligned.csv,af8c38c358f82295da0402381f5d21da899bdba61a2a66eea4a6eb3243436d87,311,460b9ba989fd67cfdf0fff800f370c4f2c94ab9a67bfe6efcaa286f4eae695f9,Triforine,,RROQIUMZODEXOR-UHFFFAOYSA-N,Contact,F198,,42453101,F198,42453101,MRID supplied,"Gilbert, J.; Harrison, E. (1992) Triforine (Saprol TM): A Laboratory Study to Determine the Oral and Topical Toxicity to the Honey Bee Apis mellifera L: Lab Project Number: 5517: SBTR. 92.008. Unpublished study prepared by Sittingbourne Research Centre",10.1371/journal.pone.0265962,,adult (S1 endpoint category),,,,,ug/bee,>,100.0,,,not supplied by S1/S4 endpoint/citation tables; not inferred from MRID,83,ECOTOX,26644-46-2,"N,N'-[1,4-Piperazinediylbis(2,2,2-trichloroethylidene)]bis-formamide",Contact,1335,1,True,True,False,not established,no shared trial ID supplied; chemical/route alone insufficient,True,0,0,0,0,0,1
EPA,output/external_data_audit/plos_adult_acute_endpoints_aligned.csv,af8c38c358f82295da0402381f5d21da899bdba61a2a66eea4a6eb3243436d87,313,fc51730bc440eeed5faa5811c370c4182e66a4ff2476efa1f278a313fb59db6f,Trinexapac-ethyl,95266-40-3,RVKCCVTVZORVGD-UHFFFAOYSA-N,Contact,F199,,41563928,F199,41563928,MRID supplied,"Hoxter, K. (1990) An Acute Toxicity Study with the Honey Bee: CGA- 163935: Lab Project Number: 108-307. Unpublished study prepared by Wildlife International Ltd. 15 p.",10.1371/journal.pone.0265962,,adult (S1 endpoint category),,,,,ug/bee,,47.0,,,not supplied by S1/S4 endpoint/citation tables; not inferred from MRID,793,ECOTOX,95266-40-3,"4-(Cyclopropylhydroxymethylene)-3,5-dioxocyclohexanecarboxylic acid ethyl ester",Contact,1756|1757,0,True,True,False,not established,no shared trial ID supplied; chemical/route alone insufficient,True,0,0,0,0,1,0
