source_screen,Index,CAS,name,membership,selected_cohort_size,reference_compounds,max_ecfp_tanimoto_to_selected,nearest_selected_Index,nearest_selected_CAS
OpenFoodTox,0,144-62-7,Ethanedioic acid,excluded,149,149,0.4000000059604645,39,298-14-6
OpenFoodTox,1,99-87-6,Para-cymene,excluded,149,149,0.20512820780277252,552,731-27-1
OpenFoodTox,2,61790-53-2,Kieselguhr,excluded,149,149,0.10000000149011612,7,471-34-1
OpenFoodTox,3,65-85-0,Benzoic acid,excluded,149,149,0.3461538553237915,118,86-87-3
OpenFoodTox,4,116-29-0,Tetradifon (Ref: ENT 23737),excluded,149,149,0.25,732,99105-77-8
OpenFoodTox,5,732-11-6,"S-[(1,3-Dihydro-1,3-dioxo-2H-isoindol-2-yl)methyl]O,O-dimethyl ester, Phosphorodithioic acid",included,149,148,0.31707316637039185,50,133-07-3
OpenFoodTox,6,106-24-1,"(2E)-3,7-Dimethyl-2,6-octadien-1-ol",excluded,149,149,0.11428571492433548,282,1596-84-5
OpenFoodTox,7,471-34-1,Calcium carbonate,included,149,148,0.5,39,298-14-6
OpenFoodTox,8,8028-48-6,Orange oil,excluded,149,149,0.1538461595773697,732,99105-77-8
OpenFoodTox,9,7681-11-0,Potassium iodide,excluded,149,149,0.1111111119389534,39,298-14-6
OpenFoodTox,10,2104-96-3,Bromophos,excluded,149,149,0.4722222089767456,582,57018-04-9
OpenFoodTox,11,54-11-5,Nicotine,excluded,149,149,0.1818181872367859,690,53112-28-0
OpenFoodTox,12,333-20-0,Potassium thiocyanate,excluded,149,149,0.1304347813129425,396,1689-84-5
OpenFoodTox,13,10028-22-5,"Sulfuric acid, Iron(3+) salt (3:2)",excluded,149,149,0.27272728085517883,55,10045-86-0
OpenFoodTox,14,7778-39-4,Arsenic acid,excluded,149,149,0.1818181872367859,7,471-34-1
OpenFoodTox,15,58-89-9,"(1alpha,2alpha,3beta,4alpha,5alpha,6beta)-1,2,3,4,5,6-Hexachlorocyclohexane",excluded,149,149,0.125,23,16672-87-0
OpenFoodTox,16,2540-82-1,Formothion (Ref: SAN 6913I),excluded,149,149,0.3636363744735718,5,732-11-6
OpenFoodTox,17,12527-76-3,Copper sulphate,excluded,149,149,0.1666666716337204,7,471-34-1
OpenFoodTox,18,1317-39-1,Copper (I) oxide,excluded,149,149,0.0714285746216774,23,16672-87-0
OpenFoodTox,19,62-73-7,"Phosphoric acid 2,2-dichloroethenyl dimethyl ester",excluded,149,149,0.23076923191547394,23,16672-87-0
OpenFoodTox,20,25311-71-1,2-[[Ethoxy[(1-methylethyl)amino]phosphinothioyl]oxy]benzoic acid 1-methylethyl ester,excluded,149,149,0.31147539615631104,379,22224-92-6
OpenFoodTox,21,7733-02-0,"Sulfuric acid, Zinc salt (1:1)",excluded,149,149,0.1666666716337204,7,471-34-1
OpenFoodTox,22,7786-34-7,"3-[(Dimethoxyphosphinyl)oxy]-2-butenoic acid, Methyl ester",excluded,149,149,0.1818181872367859,130,2032-65-7
OpenFoodTox,23,16672-87-0,(2-Chloroethyl)phosphonic acid,included,149,148,0.2800000011920929,440,1071-83-6
OpenFoodTox,24,20859-73-8,Aluminium phosphide,included,149,148,0.1111111119389534,7,471-34-1
OpenFoodTox,25,555-37-3,Neburon,excluded,149,149,0.550000011920929,56,709-98-8
OpenFoodTox,26,7785-87-7,"Sulfuric acid, Manganese(2+) salt (1:1)",excluded,149,149,0.1666666716337204,7,471-34-1
OpenFoodTox,27,87-86-5,"2,3,4,5,6-Pentachlorophenol",excluded,149,149,0.1785714328289032,335,1918-02-1
OpenFoodTox,28,57-10-3,Hexadecanoic acid,excluded,149,149,0.4137931168079376,34,2439-10-3
OpenFoodTox,29,7447-39-4,Copper II chloride,excluded,149,149,0.06521739065647125,508,658066-35-4
OpenFoodTox,30,420-04-2,"Cyanamide (Ref: LH 21,810A)",excluded,149,149,0.13636364042758942,396,1689-84-5
OpenFoodTox,31,123-31-9,Hydroquinone,excluded,149,149,0.17391304671764374,396,1689-84-5
OpenFoodTox,32,81-81-2,Warfarin,excluded,149,149,0.260869562625885,118,86-87-3
OpenFoodTox,33,63-25-2,1-Naphthalenol methylcarbamate,excluded,149,149,0.4545454680919647,355,1563-66-2
OpenFoodTox,34,2439-10-3,N-Dodecylguanidine acetate (1:1),included,149,148,0.2777777910232544,542,55512-33-9
OpenFoodTox,35,1918-00-9,"3,6-Dichloro-2-methyoxybenzoic acid",excluded,149,149,0.4000000059604645,659,90717-03-6
OpenFoodTox,36,20427-59-2,Copper (II) hydroxide,excluded,149,149,0.027027027681469917,119,34256-82-1
OpenFoodTox,37,22042-59-7,Cartap (Ref: TL 1258),excluded,149,149,0.25,221,2303-17-5
OpenFoodTox,38,470-82-6,"1,8-cineole",excluded,149,149,0.125,1033,81777-95-9
OpenFoodTox,39,298-14-6,Potassium bicarbonate,included,149,148,0.5,7,471-34-1
OpenFoodTox,40,330-55-2,"N'-(3,4-Dichlorophenyl)-N-methoxy-N-methylurea",excluded,149,149,0.5263158082962036,56,709-98-8
OpenFoodTox,41,97-53-0,Eugenol,excluded,149,149,0.2641509473323822,847,149877-41-8
OpenFoodTox,42,10103-46-5,Calcium phosphate,excluded,149,149,0.75,55,10045-86-0
OpenFoodTox,43,89-83-8,5-Methyl-2-(1-methylethyl)phenol,excluded,149,149,0.22033898532390594,1024,1255734-28-1
OpenFoodTox,44,107-27-7,Chloroethylmercury,excluded,149,149,0.15000000596046448,632,39148-24-8
OpenFoodTox,45,7775-09-9,"Chloric acid, Sodium salt (1:1)",excluded,149,149,0.09090909361839294,7,471-34-1
OpenFoodTox,46,57-24-9,Strychnine,excluded,149,149,0.14102564752101898,516,36734-19-7
OpenFoodTox,47,1861-40-1,"N-Butyl-N-ethyl-2,6-dinitro-4-(trifluoromethyl)benzenamine",included,149,148,0.4680851101875305,427,19044-88-3
OpenFoodTox,48,10108-64-2,Cadmium chloride (CdCl2),excluded,149,149,0.07407407462596893,149,133-06-2
OpenFoodTox,49,93-58-3,"Benzoic acid, Methyl ester",excluded,149,149,0.375,405,23564-05-8
OpenFoodTox,50,133-07-3,"2-[(Trichloromethyl)thio]-1H-isoindole-1,3(2H)dione",included,149,148,0.4117647111415863,149,133-06-2
OpenFoodTox,51,99-49-0,Carvone,excluded,149,149,0.20370370149612427,908,87820-88-0
OpenFoodTox,52,76-06-2,Trichloronitromethane,excluded,149,149,0.23076923191547394,198,99-30-9
OpenFoodTox,53,112-30-1,1-decanol,excluded,149,149,0.3214285671710968,34,2439-10-3
OpenFoodTox,54,533-74-4,"Tetrahydro-3,5-dimethyl-2H-1,3,5-thiadiazine-2-thione",excluded,149,149,0.16326530277729034,204,69327-76-0
OpenFoodTox,55,10045-86-0,Ferric phosphate,included,149,148,0.1764705926179886,23,16672-87-0
OpenFoodTox,56,709-98-8,"N-(3,4-Dichlorophenyl)propanamide",included,149,148,0.3181818127632141,241,101-21-3
OpenFoodTox,57,104-55-2,Cinnamaldehyde,excluded,149,149,0.21875,118,86-87-3
OpenFoodTox,58,10058-44-3,Ferric pyrophosphate,excluded,149,149,0.5,55,10045-86-0
OpenFoodTox,59,10101-53-8,"Sulfuric acid, Chromium(3+)salt(3:2)",excluded,149,149,0.1666666716337204,7,471-34-1
OpenFoodTox,60,7632-00-0,"Nitrous acid, Sodium salt",excluded,149,149,0.1666666716337204,7,471-34-1
OpenFoodTox,61,624-92-0,Dimethyl disulfide,included,149,148,0.125,142,137-26-8
OpenFoodTox,62,85-00-7,Diquat dibromide,excluded,149,149,0.1875,99,824-39-5
OpenFoodTox,63,148-24-3,8-hydroxyquinoline,excluded,149,149,0.24242424964904785,118,86-87-3
OpenFoodTox,64,330-54-1,"N'-(3,4-Dichlorophenyl)-N,N-dimethylurea",excluded,149,149,0.5882353186607361,56,709-98-8
OpenFoodTox,65,1918-16-7,2-Chloro-N-(1-methylethyl)-N-phenylacetamide,excluded,149,149,0.3913043439388275,849,106700-29-2
OpenFoodTox,66,4180-23-8,Anethole,excluded,149,149,0.17777778208255768,183,122-14-5
OpenFoodTox,67,30560-19-1,"N-Acetylphosphoramidothioic acid O,S-dimethyl ester",excluded,149,149,0.2142857164144516,92,121-75-5
OpenFoodTox,68,298-00-0,Parathion-methyl (Ref: OMS 213),excluded,149,149,0.6052631735801697,183,122-14-5
OpenFoodTox,69,650-51-1,TCA-sodium,excluded,149,149,0.3571428656578064,7,471-34-1
OpenFoodTox,70,33089-61-1,Amitraz (Ref: ENT 27967),excluded,149,149,0.23999999463558197,398,23422-53-9
OpenFoodTox,71,7778-44-1,Calcium arsenate,excluded,149,149,0.27272728085517883,7,471-34-1
OpenFoodTox,72,124-07-2,Caprylic acid,excluded,149,149,0.4137931168079376,34,2439-10-3
OpenFoodTox,73,107-49-3,Tetraethyl ester diphosphoric acid,excluded,149,149,0.4000000059604645,240,13194-48-4
OpenFoodTox,74,510-15-6,Chlorobenzilate (Ref: ENT 18596),excluded,149,149,0.27906978130340576,88,94-75-7
OpenFoodTox,75,98-01-1,2-Furancarboxaldehyde,excluded,149,149,0.2432432472705841,384,3878-19-1
OpenFoodTox,76,586-62-9,Alpha-terpinoline,excluded,149,149,0.1489361673593521,387,5234-68-4
OpenFoodTox,77,1836-75-5,"2,4-Dichloro-1-(4-nitrophenoxy)benzene",excluded,149,149,0.5531914830207825,471,42576-02-3
OpenFoodTox,78,74-83-9,Bromomethane,excluded,149,149,0.1428571492433548,61,624-92-0
OpenFoodTox,79,98-55-5,Alpha-terpineol,excluded,149,149,0.17241379618644714,795,141112-29-0
OpenFoodTox,80,62-38-4,(Acetato-kappaO)phenylmercury,excluded,149,149,0.28260868787765503,849,106700-29-2
OpenFoodTox,81,78-70-6,Linalool,excluded,149,149,0.1428571492433548,413,175217-20-6
OpenFoodTox,82,112-05-0,Nonanoic acid,excluded,149,149,0.4137931168079376,34,2439-10-3
OpenFoodTox,83,26644-46-2,"N,N'-[1,4-Piperazinediylbis(2,2,2-trichloroethylidene)]bis-formamide",excluded,149,149,0.15789473056793213,50,133-07-3
OpenFoodTox,84,112-72-1,Myristyl alcohol,excluded,149,149,0.3214285671710968,34,2439-10-3
OpenFoodTox,85,96-12-8,Dibromochloropropane (Ref: OS1897),excluded,149,149,0.1304347813129425,23,16672-87-0
OpenFoodTox,86,123-33-1,"1,2-Dihydro-3,6-pyridazinedione",excluded,149,149,0.17241379618644714,50,133-07-3
OpenFoodTox,87,68085-85-8,"3-(2-Chloro-3,3,3-trifluoro-1-propenyl)-2,2-dimethylcyclopropanecarboxylic acid cyano(3-phenoxyphenyl)methyl ester",excluded,149,149,0.2368421107530594,666,66332-96-5
OpenFoodTox,88,94-75-7,"2,4-D (Ref: L 208)",included,149,148,0.45945945382118225,269,55335-06-3
OpenFoodTox,89,93-15-2,Methyleugenol (Ref: Ent 21040),excluded,149,149,0.26829269528388977,1005,67233-85-6
OpenFoodTox,90,40487-42-1,"N-(1-Ethylpropyl)-3,4-dimethyl-2,6-dinitro-benzenamine",included,149,148,0.29411765933036804,427,19044-88-3
OpenFoodTox,91,1929-77-7,Vernolate (Ref: R-106),excluded,149,149,0.2571428716182709,34,2439-10-3
OpenFoodTox,92,121-75-5,"2-[(Dimethoxyphosphinothioyl)thio]butanedioic acid 1,4-diethyl ester",included,149,148,0.27659574151039124,5,732-11-6
OpenFoodTox,93,108-62-3,Metaldehyde,excluded,149,149,0.0833333358168602,61,624-92-0
OpenFoodTox,94,404-86-4,Capsaicin (Ref: NCI-C56564),excluded,149,149,0.25757575035095215,847,149877-41-8
OpenFoodTox,95,872-50-4,1-Methyl-2-pyrrolidinone,excluded,149,149,0.17777778208255768,516,36734-19-7
OpenFoodTox,96,119-64-2,"1,2,3,4-Tetrahydronaphthalene",excluded,149,149,0.19230769574642181,619,74115-24-5
OpenFoodTox,97,90-43-7,2-phenylphenol,excluded,149,149,0.25925925374031067,619,74115-24-5
OpenFoodTox,98,75-60-5,"As,As-Dimethylarsinic acid",excluded,149,149,0.1666666716337204,142,137-26-8
OpenFoodTox,99,824-39-5,Sodium o-nitrophenolate,included,149,148,0.34285715222358704,1005,67233-85-6
OpenFoodTox,100,114-26-1,"2-(1-Methylethoxy)phenol, 1-(N-Methylcarbamate)",excluded,149,149,0.42222222685813904,355,1563-66-2
OpenFoodTox,101,2008-41-5,"N,N-Bis(2-methylpropyl)carbamothioic acid S-ethyl ester",excluded,149,149,0.2857142984867096,221,2303-17-5
OpenFoodTox,102,80-06-8,4-Chloro-alpha-(4-chlorophenyl)-alpha-methylbenzenemethanol,excluded,149,149,0.30434781312942505,503,94361-06-5
OpenFoodTox,103,134-20-3,"2-Aminobenzoic acid, Methyl ester",excluded,149,149,0.3333333432674408,405,23564-05-8
OpenFoodTox,104,629-99-2,Pentacosane,excluded,149,149,0.3333333432674408,34,2439-10-3
OpenFoodTox,105,2163-80-6,"Methylarsonic acid, Monosodium salt",excluded,149,149,0.20000000298023224,7,471-34-1
OpenFoodTox,106,52-68-6,Trichlorfon (Ref: OMS 800),excluded,149,149,0.19512194395065308,92,121-75-5
OpenFoodTox,107,72-43-5,Methoxychlor (Ref: OMS 466),excluded,149,149,0.21568627655506134,537,55179-31-2
OpenFoodTox,108,488-10-8,Jasmone,excluded,149,149,0.16363635659217834,908,87820-88-0
OpenFoodTox,109,7212-44-4,Nerolidol,excluded,149,149,0.12962962687015533,413,175217-20-6
OpenFoodTox,110,81412-43-3,Tridemorph (Ref: BAS 2205-F),excluded,149,149,0.23076923191547394,34,2439-10-3
OpenFoodTox,111,17804-35-2,"N-[1-[(Butylamino)carbonyl]-1H-benzimidazol-2-yl]carbamic acid, Methyl ester",excluded,149,149,0.3076923191547394,405,23564-05-8
OpenFoodTox,112,3347-22-6,Dithianon (Ref: BAS 216F),excluded,149,149,0.21621622145175934,118,86-87-3
OpenFoodTox,113,50-29-3,DDT (Ref: OMS 16),excluded,149,149,0.21739129722118378,534,55219-65-3
OpenFoodTox,114,563-12-2,Ethion (Ref: ENT 24105),excluded,149,149,0.40740740299224854,240,13194-48-4
OpenFoodTox,115,13593-03-8,"Phosphorothioic acid O,O-diethyl O-2-quinoxalinyl ester  ",excluded,149,149,0.2545454502105713,729,120928-09-8
OpenFoodTox,116,2642-71-9,"Phosphorodithioic acid O,O-diethyl S-[(4-oxo-1,2,3-benzotriazin-3(4H)-yl)methyl] ester",excluded,149,149,0.37704917788505554,280,2310-17-0
OpenFoodTox,117,98-50-0,As-(4-Aminophenyl)arsonic acid,excluded,149,149,0.17142857611179352,156,86-86-2
OpenFoodTox,118,86-87-3,1-Naphthaleneacetic acid,included,149,148,0.692307710647583,156,86-86-2
OpenFoodTox,119,34256-82-1,2-Chloro-N-(ethoxymethyl)-N-(2-ethyl-6-methylphenyl)acetamide,included,149,148,0.7441860437393188,837,86763-47-5
OpenFoodTox,120,24934-91-6,Chlormephos (Ref: MC 2188),excluded,149,149,0.3404255211353302,280,2310-17-0
OpenFoodTox,121,115-32-2,4-Chloro-alpha-(4-chlorophenyl)-alpha-(trichloromethyl)benzenemethanol,excluded,149,149,0.27659574151039124,503,94361-06-5
OpenFoodTox,122,66246-88-6,Penconazole (Ref: CGA 71818),excluded,149,149,0.6037735939025879,180,112281-77-3
OpenFoodTox,123,8012-95-1,Paraffin oils,excluded,149,149,0.15000000596046448,396,1689-84-5
OpenFoodTox,124,50-81-7,L-ascorbic acid,excluded,149,149,0.1515151560306549,23,16672-87-0
OpenFoodTox,125,2699-79-8,Sulfuryl fluoride,excluded,149,149,0.11764705926179886,552,731-27-1
OpenFoodTox,126,117-80-6,Dichlone (Ref: USR 604),excluded,149,149,0.36000001430511475,619,74115-24-5
OpenFoodTox,127,824-78-2,Sodium p-nitrophenolate,excluded,149,149,0.4516128897666931,1005,67233-85-6
OpenFoodTox,128,1698-60-8,5-Amino-4-chloro-2-phenyl-3(2H)-pyridazinone,excluded,149,149,0.25581395626068115,685,150114-71-9
OpenFoodTox,129,299-84-3,"Phosphorothioic acid, O,O-Dimethyl O-(2,4,5-trichlorophenyl)ester",excluded,149,149,0.53125,582,57018-04-9
OpenFoodTox,130,2032-65-7,"3,5-Dimethyl-4-(methylthio)phenol, Methylcarbamate",included,149,148,0.38297873735427856,398,23422-53-9
OpenFoodTox,131,80-57-9,Verbenone,excluded,149,149,0.18367347121238708,1033,81777-95-9
OpenFoodTox,132,56-35-9,Tributyltin oxide (Ref: ENT 24979),excluded,149,149,0.1818181872367859,34,2439-10-3
OpenFoodTox,133,60-51-5,"O,O-Dimethyl S-[2-(methylamino)-2-oxoethyl]phosphorodithioic acid ester",excluded,149,149,0.4000000059604645,5,732-11-6
OpenFoodTox,134,55285-14-8,Carbosulfan (Ref: OMS 3022),included,149,148,0.625,643,82560-54-1
OpenFoodTox,135,43121-43-3,"1-(4-Chlorophenoxy)-3,3-dimethyl-1-(1H-1,2,4-triazol-1-yl)-2-butanone",excluded,149,149,0.6041666865348816,534,55219-65-3
OpenFoodTox,136,13684-63-4,(3-Methylphenyl)carbamic acid 3-[(methoxycarbonyl)amino]phenyl ester,included,149,148,0.6190476417541504,429,13684-56-5
OpenFoodTox,137,121-21-1,Pyrethrins (pyrethrin I),excluded,149,149,0.15789473056793213,908,87820-88-0
OpenFoodTox,138,13548-38-4,"Nitric acid, Chromium(3+) salt",excluded,149,149,0.22727273404598236,99,824-39-5
OpenFoodTox,139,83-79-4,Rotenone (Ref: ENT 133),excluded,149,149,0.19117647409439087,1005,67233-85-6
OpenFoodTox,140,8008-99-9,Garlic extract,excluded,149,149,0.125,413,175217-20-6
OpenFoodTox,141,77-73-6,Dicyclopentadiene,excluded,149,149,0.12820513546466827,149,133-06-2
OpenFoodTox,142,137-26-8,"N,N,N',N'-Tetramethylthioperoxydicarbonic diamide ([(H2N)C(S)]2S2)",included,149,148,0.15625,551,59669-26-0
OpenFoodTox,143,56-38-2,"Phosphorothioic acid, O,O-Diethyl-O-(4-nitrophenyl)ester",excluded,149,149,0.42222222685813904,183,122-14-5
OpenFoodTox,144,72-54-8,"1,1'-(2,2-Dichloroethylidene)bis[4-chlorobenzene]",excluded,149,149,0.19565217196941376,534,55219-65-3
OpenFoodTox,145,76-87-9,Hydroxytriphenylstannane,excluded,149,149,0.2142857164144516,118,86-87-3
OpenFoodTox,146,80-56-8,Alpha-pinene,excluded,149,149,0.1458333283662796,809,126833-17-8
OpenFoodTox,147,13952-84-6,2-aminobutane,excluded,149,149,0.23076923191547394,754,95465-99-9
OpenFoodTox,148,13708-85-5 ,Disodium phosphonate (Ref: IKF-916 25 SC),excluded,149,149,0.1666666716337204,7,471-34-1
OpenFoodTox,149,133-06-2,Captan (Ref: SR 406),included,149,148,0.4117647111415863,50,133-07-3
OpenFoodTox,150,534-52-1,DNOC (Ref: ENT 154),excluded,149,149,0.3529411852359772,198,99-30-9
OpenFoodTox,151,82-68-8,"1,2,3,4,5-Pentachloro-6-nitrobenzene",excluded,149,149,0.3333333432674408,198,99-30-9
OpenFoodTox,152,2164-08-1,Lenacil (Ref: DPX B634),included,149,148,0.15789473056793213,732,99105-77-8
OpenFoodTox,153,640-15-3,"S-[2-(Ethylthio)ethyl]O,O-dimethyl ester phosphorodithioc acid",excluded,149,149,0.32499998807907104,5,732-11-6
OpenFoodTox,154,1910-42-5,"1,1'-Dimethyl-4,4'-bipyridinium chloride (1:2)",excluded,149,149,0.13636364042758942,604,72459-58-6
OpenFoodTox,155,13466-78-9,Carene,excluded,149,149,0.14000000059604645,355,1563-66-2
OpenFoodTox,156,86-86-2,1-naphthylacetamide,included,149,148,0.692307710647583,118,86-87-3
OpenFoodTox,157,10043-52-4,Calcium chloride,excluded,149,149,0.125,7,471-34-1
OpenFoodTox,158,15096-52-3,Cryolite (Na3(AlF6)),excluded,149,149,0.043478261679410934,495,120068-37-3
OpenFoodTox,159,101200-48-0,Tribenuron-methyl (Ref: DPX L5300),excluded,149,149,0.49152541160583496,217,64902-72-3
OpenFoodTox,160,3810-74-0,Streptomycin sulphate,excluded,149,149,0.125,643,82560-54-1
OpenFoodTox,161,51-03-6,Piperonyl butoxide (Ref: ENT 14250),excluded,149,149,0.17391304671764374,134,55285-14-8
OpenFoodTox,162,7704-34-9,Sulfur,excluded,149,149,0.043478261679410934,335,1918-02-1
OpenFoodTox,163,7784-40-9,Lead arsenate,excluded,149,149,0.23076923191547394,7,471-34-1
OpenFoodTox,164,120-23-0,2-naphthyloxyacetic acid,excluded,149,149,0.3947368562221527,88,94-75-7
OpenFoodTox,165,74223-64-6,Metsulfuron-methyl (Ref: DPX T6376),excluded,149,149,0.7599999904632568,217,64902-72-3
OpenFoodTox,166,122-88-3,(4-chlorophenoxy)acetic acid,excluded,149,149,0.5625,88,94-75-7
OpenFoodTox,167,8003-34-7,Pyrethrins and Pyrethroids,excluded,149,149,0.15853658318519592,908,87820-88-0
OpenFoodTox,168,121-29-9,Pyrethrins (pyrethrin II) (Ref: ENT 7543 ),excluded,149,149,0.16455696523189545,908,87820-88-0
OpenFoodTox,169,7440-43-9,Cadmium,excluded,149,149,0.03125,659,90717-03-6
OpenFoodTox,170,1344-81-6,Calcium sulfide (Ca(Sx)),excluded,149,149,0.1538461595773697,7,471-34-1
OpenFoodTox,171,13071-79-9,"Phosphorodithioic acid S-[[(1,1-dimethylethyl)thio]O,O-diethylmethyl]ester",excluded,149,149,0.3333333432674408,240,13194-48-4
OpenFoodTox,172,50594-66-6,Acifluorfen (Ref: RH 5781),excluded,149,149,0.6481481194496155,509,42874-03-3
OpenFoodTox,173,175013-18-0,[2-[[[1-(4-Chlorophenyl)-1H-pyrazol-3-yl]oxy]methyl]phenyl]methoxycarbamic acid methyl ester,excluded,149,149,0.2405063360929489,1018,1228284-64-7
OpenFoodTox,174,1303-96-4,Borax,excluded,149,149,0.15789473056793213,1005,67233-85-6
OpenFoodTox,175,1332-58-7,Kaolin,excluded,149,149,0.09756097197532654,868,3861-41-4
OpenFoodTox,176,14484-64-1,"(OC-6-11)-tris(N,N-Dimethylcarbamodithioato-kappaS,kappaS')iron",excluded,149,149,0.3888888955116272,142,137-26-8
OpenFoodTox,177,100-56-1,Phenylmercury chloride,excluded,149,149,0.23076923191547394,619,74115-24-5
OpenFoodTox,178,62476-59-9,"5-[2-Chloro-4-(trifluoromethyl)phenoxy]-2-nitrobenzoic acid, Sodium salt (1:1)",excluded,149,149,0.6363636255264282,509,42874-03-3
OpenFoodTox,179,71751-41-2,Abamectin (Ref: MK 936),excluded,149,149,0.11864406615495682,516,36734-19-7
OpenFoodTox,180,112281-77-3,"1-[2-(2,4-Dichlorophenyl)-3-(1,1,2,2-tetrafluoroethoxy)propyl]-1H-1,2,4-triazole",included,149,148,0.31343284249305725,503,94361-06-5
OpenFoodTox,181,789-02-6,"O,P'-DDT",excluded,149,149,0.2647058963775635,619,74115-24-5
OpenFoodTox,182,7440-38-2,Arsenic,excluded,149,149,0.03999999910593033,238,301-12-2
OpenFoodTox,183,122-14-5,"Phosphorothioic acid O,O-dimethyl O-(3-methyl-4-nitrophenyl)ester",included,149,148,0.380952388048172,582,57018-04-9
OpenFoodTox,184,300-76-5,"Phosphoric acid 1,2-dibromo-2,2-dichloroethyl dimethyl ester",excluded,149,149,0.1860465109348297,92,121-75-5
OpenFoodTox,185,122-42-9,"N-Phenylcarbamic acid, 1-Methylethyl ester",excluded,149,149,0.6470588445663452,241,101-21-3
OpenFoodTox,186,7631-89-2,"Arsenic acid (H3AsO4), Sodium salt (1:?)",excluded,149,149,0.23076923191547394,7,471-34-1
OpenFoodTox,187,2312-35-8,"2-[4-(1,1-Dimethylethyl)phenoxy]cyclohexyl 2-propynyl ester sulfurous acid",included,149,148,0.21875,729,120928-09-8
OpenFoodTox,188,1403-66-3,Gentamicin,excluded,149,149,0.12987013161182404,355,1563-66-2
OpenFoodTox,189,60207-90-1,"1-[[2-(2,4-Dichlorophenyl)-4-propyl-1,3-dioxolan-2-yl]methyl]-1H-1,2,4-triazole",excluded,149,149,0.6190476417541504,710,119446-68-3
OpenFoodTox,190,94-74-6,2-(4-Chloro-2-methylphenoxy)acetic acid,excluded,149,149,0.6969696879386902,88,94-75-7
OpenFoodTox,191,61213-25-0,Flurochloridone (Ref: R 40244),excluded,149,149,0.27419355511665344,931,239110-15-7
OpenFoodTox,192,12789-03-6,Chlordane (Technical Grade),excluded,149,149,0.13461539149284363,1033,81777-95-9
OpenFoodTox,193,66-81-9,"4-[(2R)-2-[(1S,3S,5S)-3,5-Dimethyl-2-oxocyclohexyl]-2-hydroxyethyl]-2,6-piperidinedione",excluded,149,149,0.1388888955116272,828,125225-28-7
OpenFoodTox,194,10453-86-8,"2,2-Dimethyl-3-(2-methyl-1-propen-1-yl)cyclopropanecarboxylic acid [5-(phenylmethyl)-3-furanyl]methyl ester",excluded,149,149,0.2405063360929489,1030,1390661-72-9
OpenFoodTox,195,78-48-8,Tribufos,excluded,149,149,0.42307692766189575,240,13194-48-4
OpenFoodTox,196,521-88-0,Karanjin,excluded,149,149,0.203125,847,149877-41-8
OpenFoodTox,197,15662-33-6,Ryanodine,excluded,149,149,0.1603773534297943,1004,1031756-98-5
OpenFoodTox,198,99-30-9,"2,6-Dichloro-4-nitrobenzenamine",included,149,148,0.31707316637039185,648,74070-46-5
OpenFoodTox,199,61-31-4,"1-Naphthaleneacetic acid, Sodium salt",excluded,149,149,0.6666666865348816,118,86-87-3
OpenFoodTox,200,542-75-6,"1,3-dichloropropene (Ref: D D92)",excluded,149,149,0.07500000298023224,413,175217-20-6
OpenFoodTox,201,136849-15-5,Cyclosulfamuron (Ref: BAS 710H),excluded,149,149,0.7272727489471436,756,213464-77-8
OpenFoodTox,202,3653-48-3,2-(4-Chloro-2-methylphenoxy)acetic acid sodium salt (1:1),excluded,149,149,0.4871794879436493,88,94-75-7
OpenFoodTox,203,131-89-5,"2-Cyclohexyl-4,6-dinitrophenol",excluded,149,149,0.32499998807907104,198,99-30-9
OpenFoodTox,204,69327-76-0,"2-[(1,1-Dimethylethyl)imino]tetrahydro-3-(1-methylethyl)-5-phenyl-4H-1,3,5-thiadiazin-4-one",included,149,148,0.1846153885126114,537,55179-31-2
OpenFoodTox,205,76-44-8,"1,4,5,6,7,8,8-Heptachloro-3a,4,7,7a-tetrahydro-4,7-methano-1H-indene",excluded,149,149,0.1428571492433548,809,126833-17-8
OpenFoodTox,206,93-79-8,"2-(2,4,5-Trichlorophenoxy)acetic acid, Butyl ester",excluded,149,149,0.3650793731212616,805,129630-19-9
OpenFoodTox,207,309-00-2,"(1R,4S,4aS,5S,8R,8aR)-rel-1,2,3,4,10,10-Hexachloro-1,4,4a,5,8,8a-hexahydro-1,4:5,8-dimethanonaphthalene",excluded,149,149,0.16326530277729034,1033,81777-95-9
OpenFoodTox,208,117-18-0,Tecnazene,excluded,149,149,0.4285714328289032,198,99-30-9
OpenFoodTox,209,9008-22-4,Laminarin (Ref: H11),excluded,149,149,0.10000000149011612,536,64628-44-0
OpenFoodTox,210,950-35-6,"Phosphoric acid, Dimethyl 4-nitrophenyl ester",excluded,149,149,0.39534884691238403,183,122-14-5
OpenFoodTox,211,260359-57-7,Bioallethrin,excluded,149,149,0.1666666716337204,908,87820-88-0
OpenFoodTox,212,79-57-2,Oxytetracycline,excluded,149,149,0.15625,643,82560-54-1
OpenFoodTox,213,973-21-7,Dinobuton (Ref: OMS 1056),excluded,149,149,0.27586206793785095,90,40487-42-1
OpenFoodTox,214,60-57-1,"(1aR,2R,2aS,3S,6R,6aR,7S,7aS)-rel-3,4,5,6,9,9-Hexachloro-1a,2,2a,3,6,6a,7,7a-octahydro-2,7:3,6-dimethanonaphth[2,3-b]oxirene ",excluded,149,149,0.1568627506494522,1033,81777-95-9
OpenFoodTox,215,88-85-7,"2-(1-Methylpropyl)-4,6-dinitrophenol",excluded,149,149,0.3265306055545807,90,40487-42-1
OpenFoodTox,216,126-75-0,"O,O-Diethyl S-[2-(ethylsulfanyl)ethyl] phosphorothioate",excluded,149,149,0.48275861144065857,240,13194-48-4
OpenFoodTox,217,64902-72-3,"2-Chloro-N-[[(4-methoxy-6-methyl-1,3,5-triazin-2-yl)amino]carbonyl]benzenesulfonamide",included,149,148,0.5789473652839661,924,142469-14-5
OpenFoodTox,218,9002-93-1,"alpha-(4-(1,1,3,3-Tetramethylbutyl)phenyl)-omega-hydroxypoly(oxy-1,2-ethanediyl)",excluded,149,149,0.3076923191547394,626,80844-07-1
OpenFoodTox,219,52645-53-1,"3-(2,2-Dichloroethenyl)-2,2-dimethylcyclopropanecarboxylic acid, (3-Phenoxyphenyl)methyl ester",excluded,149,149,0.3709677457809448,626,80844-07-1
OpenFoodTox,220,137-30-4,Ziram,excluded,149,149,0.3888888955116272,142,137-26-8
OpenFoodTox,221,2303-17-5,"N,N-Bis(1-methylethyl)carbamothioic acid, S-(2,3,3-trichloro-2-propen-1-yl) ester",included,149,148,0.21568627655506134,840,163515-14-8
OpenFoodTox,222,51707-55-2,"N-Phenyl-N'-1,2,3-thiadiazol-5-yl-urea",excluded,149,149,0.30612245202064514,387,5234-68-4
OpenFoodTox,223,9012-76-4,Chitosan hydrochloride,excluded,149,149,0.14516128599643707,405,23564-05-8
OpenFoodTox,224,3383-96-8,"O,O'-(Thiodi-4,1-phenylene) O,O,O',O'-tetramethyl ester phosphorothioic acid",excluded,149,149,0.42500001192092896,183,122-14-5
OpenFoodTox,225,639-58-7,Chlorotriphenylstannane,excluded,149,149,0.24137930572032928,50,133-07-3
OpenFoodTox,226,333-41-5,"O,O-Diethyl O-[6-methyl-2-(1-methylethyl)-4-pyrimidinyl] ester phosphorothioic acid",excluded,149,149,0.2631579041481018,379,22224-92-6
OpenFoodTox,227,15845-66-6,Fosetyl,excluded,149,149,0.9285714030265808,632,39148-24-8
OpenFoodTox,228,500-28-7,Chlorthion (Ref: BAY 22/190 ),excluded,149,149,0.7179487347602844,183,122-14-5
OpenFoodTox,229,2536-31-4,"2-Chloro-9-hydroxy-9H-fluorene-9-carboxylic acid, Methyl ester",excluded,149,149,0.3265306055545807,241,101-21-3
OpenFoodTox,230,1897-45-6,"2,4,5,6-Tetrachloro-1,3-benzenedicarbonitrile",excluded,149,149,0.1785714328289032,396,1689-84-5
OpenFoodTox,231,867-27-6,Demeton-O-methyl (Ref: ENT 18862),excluded,149,149,0.2647058963775635,240,13194-48-4
OpenFoodTox,232,81334-34-1,Imazapyr,excluded,149,149,0.21666666865348816,614,95737-68-1
OpenFoodTox,233,72-56-0,"1,1'-(2,2-Dichloroethylidene)bis[4-ethylbenzene",excluded,149,149,0.23404255509376526,711,112410-23-8
OpenFoodTox,234,39300-45-3,Dinocap (Ref: ENT 24727),excluded,149,149,0.25,47,1861-40-1
OpenFoodTox,235,3244-90-4,"Thiodiphosphoric acid, Tetrapropyl ester",excluded,149,149,0.24137930572032928,240,13194-48-4
OpenFoodTox,236,103-17-3,Chlorbenside (Ref: ENT 20696),excluded,149,149,0.20512820780277252,88,94-75-7
OpenFoodTox,237,142-59-6,"N,N'-1,2-Ethanediylbiscarbamodithioic acid, Sodium salt (1:2)",excluded,149,149,0.38461539149284363,490,12071-83-9
OpenFoodTox,238,301-12-2,"Phosphorothioic acid, S-[2-(Ethylsulfinyl)ethyl] O,O-dimethyl ester",included,149,148,0.2857142984867096,240,13194-48-4
OpenFoodTox,239,150-68-5,"N'-(4-chlorophenyl)-N,N-dimethylurea",excluded,149,149,0.34210526943206787,56,709-98-8
OpenFoodTox,240,13194-48-4,"Phosphorodithioic acid O-ethyl S,S-dipropyl ester",included,149,148,0.4482758641242981,754,95465-99-9
OpenFoodTox,241,101-21-3,"N-(3-Chlorophenyl)carbamic acid, 1-Methylethyl ester",included,149,148,0.3913043439388275,136,13684-63-4
OpenFoodTox,242,638-59-5,Myristyl acetate,excluded,149,149,0.4193548262119293,34,2439-10-3
OpenFoodTox,243,61-82-5,"1H-1,2,4-Triazol-3-amine",included,149,148,0.15217390656471252,996,865318-97-4
OpenFoodTox,244,29457-72-5,Lithium perfluorooctane sulfonate,excluded,149,149,0.1627907007932663,552,731-27-1
OpenFoodTox,245,8065-48-3,Demeton (Ref: ENT 17295),excluded,149,149,0.34375,240,13194-48-4
OpenFoodTox,246,86-50-0,"O,O-Dimethyl S-[(4-oxo-1,2,3-benzotriazin-3(4H)-yl)methyl] ester, Phosphorodithioic acid",excluded,149,149,0.4893617033958435,5,732-11-6
OpenFoodTox,247,115-26-4,"N,N,N',N'-Tetramethylphosphorodiamidic fluoride",excluded,149,149,0.1875,55,10045-86-0
OpenFoodTox,248,77-06-5,Gibberellic acid,excluded,149,149,0.1780821979045868,355,1563-66-2
OpenFoodTox,249,75-99-0,"2,2-Dichloropropanoic acid",excluded,149,149,0.25,39,298-14-6
OpenFoodTox,250,65731-84-2,Beta-cypermethrin (Ref: OMS 3068),excluded,149,149,0.2535211145877838,626,80844-07-1
OpenFoodTox,251,78-34-2,Delnav,excluded,149,149,0.2830188572406769,280,2310-17-0
OpenFoodTox,252,22059-21-8,ACC,excluded,149,149,0.2222222238779068,39,298-14-6
OpenFoodTox,253,55-38-9,"O,O-Dimethyl O-[3-methyl-4-(methylthio)phenyl]ester phosphorothioic acid",excluded,149,149,0.5365853905677795,183,122-14-5
OpenFoodTox,254,298-04-4,"Phosphorodithioic acid, O,O-Diethyl-S-[2-(ethylthio)ethyl] ester",excluded,149,149,0.3870967626571655,240,13194-48-4
OpenFoodTox,255,93-72-1,"2-(2,4,5-Trichlorophenoxy)propanoic acid",excluded,149,149,0.3695652186870575,386,51338-27-3
OpenFoodTox,256,80-71-7,Maple lactone,excluded,149,149,0.19148936867713928,908,87820-88-0
OpenFoodTox,257,137-42-8,Metam-sodium (Ref: N 869),excluded,149,149,0.3076923191547394,490,12071-83-9
OpenFoodTox,258,900-95-8,Fentin acetate (Ref: OMS 1020),excluded,149,149,0.3142857253551483,405,23564-05-8
OpenFoodTox,259,50864-67-0,Barium polysulphide,excluded,149,149,0.02380952425301075,655,96525-23-4
OpenFoodTox,260,132-66-1,Naptalam (Ref: ACP 322),excluded,149,149,0.4166666567325592,118,86-87-3
OpenFoodTox,261,122-34-9,"6-Chloro-N,N'-diethyl-1,3,5-triazine-2,4-diamine",excluded,149,149,0.21052631735801697,56,709-98-8
OpenFoodTox,262,919-86-8,"S-[2-(Ethylthio)ethyl]O,O-dimethyl ester phosphorothioic acid",excluded,149,149,0.5161290168762207,238,301-12-2
OpenFoodTox,263,2008-39-1,"2,4-D-dimethylammonium",excluded,149,149,0.8709677457809448,88,94-75-7
OpenFoodTox,264,950-37-8,"Phosphorodithioic acid S-[(5-methoxy-2-oxo-1,3,4-thiadiazol-3(2H)yl)methyl] O,O-dimethyl ester",excluded,149,149,0.42222222685813904,5,732-11-6
OpenFoodTox,265,139-40-2,"6-Chloro-N2,N4-bis(1-methylethyl)-1,3,5-triazine-2,4-diamine",excluded,149,149,0.1702127605676651,516,36734-19-7
OpenFoodTox,266,2597-03-7,"alpha-[(Dimethoxyphosphinothioyl)thio] benzeneacetic acid, Ethyl ester",excluded,149,149,0.523809552192688,92,121-75-5
OpenFoodTox,267,50-31-7,"2,3,6-TBA (Ref: HC 1281)",excluded,149,149,0.4285714328289032,515,1702-17-6
OpenFoodTox,268,76578-12-6,2-[4-[(6-Chloro-2-quinoxalinyl)oxy]phenoxy]propanoic acid,excluded,149,149,0.6229507923126221,716,119738-06-6
OpenFoodTox,269,55335-06-3,"2-[(3,5,6-Trichloro-2-pyridinyl)oxy]acetic acid",included,149,148,0.45945945382118225,88,94-75-7
OpenFoodTox,270,56-72-4,"Phosphorothioic acid O-(3-chloro-4-methyl-2-oxo-2H-1-benzopyran-7-yl) O,O-diethyl ester",excluded,149,149,0.328125,280,2310-17-0
OpenFoodTox,271,298-02-2,"O,O-Diethyl S-[(ethylthio)methyl])ester, Phosphorodithioic acid",excluded,149,149,0.36666667461395264,240,13194-48-4
OpenFoodTox,272,20354-26-1,Methazole (Ref: VCS-438),excluded,149,149,0.2954545319080353,56,709-98-8
OpenFoodTox,273,759-94-4,"N,N-dipropylcarbamothioic acid S-ethyl ester",excluded,149,149,0.2647058963775635,34,2439-10-3
OpenFoodTox,274,1184-64-1,Copper II carbonate,excluded,149,149,0.75,7,471-34-1
OpenFoodTox,275,485-31-4,Binapacryl (Ref: FMC 9044),excluded,149,149,0.2666666805744171,90,40487-42-1
OpenFoodTox,276,1194-65-6,Dichlobenil (Ref: H 133),excluded,149,149,0.29629629850387573,619,74115-24-5
OpenFoodTox,277,7085-19-0,Mecoprop (Ref: RD 4593),excluded,149,149,0.42553192377090454,386,51338-27-3
OpenFoodTox,278,10311-84-9,Dialifos (Ref: AC 14503),excluded,149,149,0.40816327929496765,5,732-11-6
OpenFoodTox,279,13171-21-6,"Phosphoric acid, 2-Chloro-3-(diethylamino)-1-methyl-3-oxo-1-propen-1-yl dimethyl ester",excluded,149,149,0.22727273404598236,34,2439-10-3
OpenFoodTox,280,2310-17-0,"S-[(6-Chloro-2-oxo-3(2H)-benzoxazolyl)methyl]O,O-diethyl ester phosphorodithioic acid",included,149,148,0.2982456088066101,5,732-11-6
OpenFoodTox,281,1610-18-0,"6-Methoxy-N2,N4-bis(1-methylethyl)-1,3,5-triazine-2,4-diamine",excluded,149,149,0.25,217,64902-72-3
OpenFoodTox,282,1596-84-5,Daminozide,included,149,148,0.25806450843811035,440,1071-83-6
OpenFoodTox,283,4685-14-7,"1,1'-Dimethyl-4,4'-bipyridinium",excluded,149,149,0.13636364042758942,711,112410-23-8
OpenFoodTox,284,94-81-5,MCPB (Ref: MB 3046),excluded,149,149,0.5128205418586731,88,94-75-7
OpenFoodTox,285,18467-77-1,Dikegulac,excluded,149,149,0.1355932205915451,387,5234-68-4
OpenFoodTox,286,4602-84-0,Farnesol,excluded,149,149,0.1111111119389534,282,1596-84-5
OpenFoodTox,287,644-64-4,Dimetilan,excluded,149,149,0.3636363744735718,437,23103-98-2
OpenFoodTox,288,834-12-8,"N2-Ethyl-N4-(1-methylethyl)-6-(methylthio)-1,3,5-triazine-2,4-diamine",excluded,149,149,0.20000000298023224,379,22224-92-6
OpenFoodTox,289,1912-24-9,"6-Chloro-N-ethyl-N'-(1-methylethyl)-1,3,5-triazine-2,4-diamine",excluded,149,149,0.17777778208255768,56,709-98-8
OpenFoodTox,290,7003-89-6,Chlormequat,excluded,149,149,0.190476194024086,23,16672-87-0
OpenFoodTox,291,7287-19-6,"N2,N4-Bis(1-methylethyl)-6-(methylthio)-1,3,5-triazine-2,4-diamine",excluded,149,149,0.18000000715255737,379,22224-92-6
OpenFoodTox,292,786-19-6,Carbofenthion,excluded,149,149,0.45098039507865906,280,2310-17-0
OpenFoodTox,293,94-82-6,"2,4-DB (Ref: ENT 8538)",excluded,149,149,0.6216216087341309,88,94-75-7
OpenFoodTox,294,5326-23-8,6-Chloro-3-pyridinecarboxylic acid,excluded,149,149,0.4333333373069763,515,1702-17-6
OpenFoodTox,295,999-81-5,"2-Chloro-N,N,N-trimethylethanaminium chloride (1:1)",excluded,149,149,0.1818181872367859,23,16672-87-0
OpenFoodTox,296,148-79-8,2-(4-Thiazolyl)-1H-benzimidazole,excluded,149,149,0.44999998807907104,384,3878-19-1
OpenFoodTox,297,120-36-5,Dichlorprop (Ref: RD 406),excluded,149,149,0.5555555820465088,88,94-75-7
OpenFoodTox,298,1214-39-7,N-(Phenylmethyl)-1H-purin-6-amine,excluded,149,149,0.2321428507566452,729,120928-09-8
OpenFoodTox,299,2104-64-5,P-Phenylphosphonothioic acid O-ethyl O-(4-nitrophenyl) ester ,excluded,149,149,0.3207547068595886,183,122-14-5
OpenFoodTox,300,1912-26-1,Trietazine (Ref: G 27901),excluded,149,149,0.17391304671764374,56,709-98-8
OpenFoodTox,301,2275-23-2,Vamidothion (Ref: ENT 26613),excluded,149,149,0.3658536672592163,238,301-12-2
OpenFoodTox,302,127-20-8,Dalapon-sodium,excluded,149,149,0.3125,7,471-34-1
OpenFoodTox,303,315-18-4,"4-(Dimethylamino)-3,5-dimethylphenol, Methylcarbamate(ester)",excluded,149,149,0.6176470518112183,130,2032-65-7
OpenFoodTox,304,143-50-0,"1,1a,3,3a,4,5,5,5a,5b,6-Decachlorooctahydro-1,3,4-metheno-2H-cyclobuta[cd]pentalen-2-one",excluded,149,149,0.11764705926179886,50,133-07-3
OpenFoodTox,305,2764-72-9,Diquat,excluded,149,149,0.19354838132858276,99,824-39-5
OpenFoodTox,306,15972-60-8,"2-Chloro-N-(2,6-diethylphenyl)-N-(methoxymethyl)acetamide",excluded,149,149,0.6585366129875183,119,34256-82-1
OpenFoodTox,307,78-57-9,"S-[(4,6-Diamino-1,3,5-triazin-2-yl)methyl]O,O-dimethyl ester phosphorodithioic acid",excluded,149,149,0.3181818127632141,5,732-11-6
OpenFoodTox,308,297-97-2,"Phosphorothioic acid, O,O-Diethyl O-2-pyrazinyl ester  ",excluded,149,149,0.23529411852359772,614,95737-68-1
OpenFoodTox,309,21609-90-5,"p-Phenylphosphonothioic acid, O-(4-Bromo-2,5-dichlorophenyl) O-methyl ester",excluded,149,149,0.30434781312942505,582,57018-04-9
OpenFoodTox,310,13356-08-6,"1,1,1,3,3,3-Hexakis(2-methyl-2-phenylpropyl)distannoxane",excluded,149,149,0.2857142984867096,626,80844-07-1
OpenFoodTox,311,41483-43-6,Bupirimate (Ref: PP 588),excluded,149,149,0.21250000596046448,760,126535-15-7
OpenFoodTox,312,314-40-9,"5-Bromo-6-methyl-3-(1-methylpropyl)-2,4(1H,3H)-pyrimidinedione",excluded,149,149,0.2142857164144516,754,95465-99-9
OpenFoodTox,313,140-56-7,Fenaminosulf (Ref: BAY 5027),excluded,149,149,0.2291666716337204,552,731-27-1
OpenFoodTox,314,2032-59-9,"4-(Dimethylamino)-3-methylphenol, Methylcarbamate (ester)",excluded,149,149,0.5128205418586731,130,2032-65-7
OpenFoodTox,315,3100-04-7,1-methylcyclopropene,excluded,149,149,0.1538461595773697,355,1563-66-2
OpenFoodTox,316,13929-18-5,Medlure,excluded,149,149,0.2222222238779068,221,2303-17-5
OpenFoodTox,317,66215-27-8,"N-Cyclopropyl-1,3,5-triazine-2,4,6-triamine",excluded,149,149,0.16129031777381897,243,61-82-5
OpenFoodTox,318,1982-47-4,Chloroxuron (Ref: C 1983),excluded,149,149,0.3469387888908386,386,51338-27-3
OpenFoodTox,319,119-38-0,"N,N-dimethylcarbamic acid 3-methyl-1-(1-methylethyl)-1H-pyrazol-5-yl ester",excluded,149,149,0.3636363744735718,437,23103-98-2
OpenFoodTox,320,1582-09-8,"2,6-Dinitro-N,N-dipropyl-4-(trifluoromethyl)benzenamine",excluded,149,149,0.7435897588729858,47,1861-40-1
OpenFoodTox,321,490-10-8,Nepetalactone,excluded,149,149,0.1607142835855484,908,87820-88-0
OpenFoodTox,322,953-17-3,Methyl trithion,excluded,149,149,0.3636363744735718,5,732-11-6
OpenFoodTox,323,9006-42-2,Metiram (Ref: BAS 222F),excluded,149,149,0.3125,490,12071-83-9
OpenFoodTox,324,2439-01-2,"6-Methyl-1,3-dithiolo[4,5-b]quinoxalin-2-one",excluded,149,149,0.23404255509376526,659,90717-03-6
OpenFoodTox,325,93-75-4,"1,3-Dithiolo[4,5-b]quinoxaline-2-thione",excluded,149,149,0.23076923191547394,384,3878-19-1
OpenFoodTox,326,12427-38-2,"[[2-[(Dithiocarboxy)amino]ethyl]carbamodithioato(2-)-kappaS,kappaS']manganese",excluded,149,149,0.38461539149284363,490,12071-83-9
OpenFoodTox,327,141-66-2,"Phosphoric acid, (1E)-3-(Dimethylamino)-1-methyl-3-oxo-1-propen-1-yl dimethyl ester",excluded,149,149,0.19565217196941376,92,121-75-5
OpenFoodTox,328,12122-67-7,Zineb (Ref: ENT 14874),excluded,149,149,0.4399999976158142,490,12071-83-9
OpenFoodTox,329,144-21-8,"Methylarsonic acid, Disodium salt",excluded,149,149,0.1428571492433548,7,471-34-1
OpenFoodTox,330,8030-53-3,Gibberellins,excluded,149,149,0.1666666716337204,355,1563-66-2
OpenFoodTox,331,124-58-3,Methylarsonic acid,excluded,149,149,0.1666666716337204,142,137-26-8
OpenFoodTox,332,2655-14-3,XMC (Ref: H 69),excluded,149,149,0.59375,130,2032-65-7
OpenFoodTox,333,1746-81-2,Monolinuron (Ref: HOE 002747),excluded,149,149,0.3265306055545807,386,51338-27-3
OpenFoodTox,334,19408-46-9,Kasugamycin hydrochloride hydrate,excluded,149,149,0.16363635659217834,551,59669-26-0
OpenFoodTox,335,1918-02-1,"4-Amino-3,5,6-trichloro-2-pyridinecarboxylic acid",included,149,148,0.5,685,150114-71-9
OpenFoodTox,336,1014-69-3,Desmetryn (Ref: G 34360),excluded,149,149,0.17741934955120087,742,97780-06-8
OpenFoodTox,337,959-98-8,Alpha-endosulfan,excluded,149,149,0.1764705926179886,1033,81777-95-9
OpenFoodTox,338,957-51-7,Diphenamid (Ref: L 34314),excluded,149,149,0.27272728085517883,118,86-87-3
OpenFoodTox,339,52-85-7,"O-[4[(Dimethylamino)sulfonyl]phenyl]O,O-dimethylester phosphorothioic acid",excluded,149,149,0.4318181872367859,183,122-14-5
OpenFoodTox,340,2385-85-5,"1,1a,2,2,3,3a,4,5,5,5a,5b,6-Dodecachlorooctahydro-1,3,4-metheno-1H-cyclobuta[cd]pentalene",excluded,149,149,0.0833333358168602,619,74115-24-5
OpenFoodTox,341,2425-06-1,Captafol (Ref: Ortho-5865),excluded,149,149,0.6875,149,133-06-2
OpenFoodTox,342,133-90-4,Chloramben (Ref: ACP M-629),excluded,149,149,0.4545454680919647,685,150114-71-9
OpenFoodTox,343,1929-82-4,2-Chloro-6-(trichloromethyl)pyridine,excluded,149,149,0.32258063554763794,515,1702-17-6
OpenFoodTox,344,1689-83-4,Ioxynil (Ref: ACP 63-303),excluded,149,149,0.5199999809265137,396,1689-84-5
OpenFoodTox,345,116-06-3,2-Methyl-2-(methylthio)propanol O-[(methylamino)carbonyl]oxime,excluded,149,149,0.27906978130340576,130,2032-65-7
OpenFoodTox,346,470-90-6,"Phosphoric acid, 2-Chloro-1-(2,4-dichlorophenyl)ethenyl diethyl ester",excluded,149,149,0.31147539615631104,280,2310-17-0
OpenFoodTox,347,947-02-4,"1,3-Dithiolan-2-ylidenephosphoramidic acid diethyl ester",excluded,149,149,0.2857142984867096,240,13194-48-4
OpenFoodTox,348,1861-32-1,Chlorthal-dimethyl (Ref: DAC 893),excluded,149,149,0.25531914830207825,471,42576-02-3
OpenFoodTox,349,18181-80-1,Bromopropylate (Ref: GS 19851),excluded,149,149,0.2888889014720917,241,101-21-3
OpenFoodTox,350,122-10-1,"3-[(Dimethoxyphosphinyl)oxy]-2-pentenedioic acid, Dimethyl ester",excluded,149,149,0.21276596188545227,92,121-75-5
OpenFoodTox,351,115-90-2,"Phosphorothioic acid, O,O-Diethyl O(4-methylsulfinyl)phenyl)ester",excluded,149,149,0.2857142984867096,183,122-14-5
OpenFoodTox,352,1918-13-4,Chlorthiamid (Ref: WL 5792.),excluded,149,149,0.3214285671710968,619,74115-24-5
OpenFoodTox,353,5915-41-3,Terbuthylazine,excluded,149,149,0.20930232107639313,56,709-98-8
OpenFoodTox,354,8018-01-7,Mancozeb,excluded,149,149,0.42307692766189575,490,12071-83-9
OpenFoodTox,355,1563-66-2,"2,3-Dihydro-2,2-dimethyl-7-benzofuranol 7-(N-methylcarbamate)",included,149,148,0.5555555820465088,134,55285-14-8
OpenFoodTox,356,2797-51-5,Quinoclamine,excluded,149,149,0.3333333432674408,50,133-07-3
OpenFoodTox,357,841-06-5,Methoprotryne (Ref: G 36393),excluded,149,149,0.19672131538391113,379,22224-92-6
OpenFoodTox,358,23135-22-0,2-(Dimethylamino)-N-[[(methylamino)carbonyl]oxy]-2-oxo-ethanimidothioic acid methyl ester,excluded,149,149,0.3333333432674408,551,59669-26-0
OpenFoodTox,359,327-98-0,"O-Ethyl O-(2,4,5-trichlorophenyl)ester ethylphosphonothioic acid",excluded,149,149,0.2857142984867096,582,57018-04-9
OpenFoodTox,360,6923-22-4,Monocrotophos (Ref: ENT 27129),excluded,149,149,0.25581395626068115,130,2032-65-7
OpenFoodTox,361,2921-88-2,"Phosphorothioic acid, O,O-Diethyl O-(3,5,6-trichloro-2-pyridinyl) ester",excluded,149,149,0.39024388790130615,269,55335-06-3
OpenFoodTox,362,1114-71-2,Pebulate (Ref: R 2061),excluded,149,149,0.29729729890823364,34,2439-10-3
OpenFoodTox,363,51235-04-2,"3-Cyclohexyl-6-(dimethylamino)-1-methyl-1,3,5-triazine-2,4-(1H,3H)dione",excluded,149,149,0.3191489279270172,152,2164-08-1
OpenFoodTox,364,13360-45-7,Chlorbromuron (Ref: C6313),excluded,149,149,0.3863636255264282,56,709-98-8
OpenFoodTox,365,7696-12-0,Tetramethrin (Ref: ENT 27339),excluded,149,149,0.1846153885126114,355,1563-66-2
OpenFoodTox,366,16752-77-5,N-[[(Methylamino)carbonyl]oxy]ethanimidothioic acid methyl ester,excluded,149,149,0.5161290168762207,551,59669-26-0
OpenFoodTox,367,2631-37-0,3-methyl-5-(1-methylethyl)phenol 1-(N-methylcarbamate)  ,excluded,149,149,0.4871794879436493,130,2032-65-7
OpenFoodTox,368,741-58-2,Bensulide (Ref: R 4461),excluded,149,149,0.2777777910232544,5,732-11-6
OpenFoodTox,369,7700-17-6,(2E)-3-[(Dimethoxyphosphinyl)oxy]-2-butenoic acid 1-phenylethyl ester,excluded,149,149,0.24590164422988892,847,149877-41-8
OpenFoodTox,370,1113-02-6,"O,O-Dimethyl S-[2-(methylamino)-2-oxoethyl ester phosphorothioic acid",excluded,149,149,0.3611111044883728,238,301-12-2
OpenFoodTox,371,2164-17-2,"N,N-Dimethyl-N'-[3-(trifluoromethyl)phenyl]urea",excluded,149,149,0.37254902720451355,666,66332-96-5
OpenFoodTox,372,3060-89-7,Metobromuron (Ref: C 3216),excluded,149,149,0.2708333432674408,136,13684-63-4
OpenFoodTox,373,21293-29-8,S-abscisic acid,excluded,149,149,0.16393442451953888,387,5234-68-4
OpenFoodTox,374,1085-98-9,"1,1-Dichloro-N-[(dimethylamino)sulfonyl]-1-fluoro-N-phenylmethanesulfenamide",excluded,149,149,0.75,552,731-27-1
OpenFoodTox,375,6164-98-3,Chlordimeform (Ref: ENT 27335),excluded,149,149,0.2857142984867096,398,23422-53-9
OpenFoodTox,376,2212-67-1,Molinate (Ref: OMS 1373),excluded,149,149,0.2432432472705841,221,2303-17-5
OpenFoodTox,377,14698-29-4,Oxolinic acid,excluded,149,149,0.23880596458911896,813,243973-20-8
OpenFoodTox,378,23184-66-9,Butachlor (Ref: CP 53619),excluded,149,149,0.6590909361839294,119,34256-82-1
OpenFoodTox,379,22224-92-6,(1-Methylethyl)phosphoramidic acid ethyl-3-methyl-4-(methylthio)phenyl ester,included,149,148,0.29411765933036804,130,2032-65-7
OpenFoodTox,380,22248-79-9,"Phosphoric acid (1Z)-2-chloro-1-(2,4,5-trichlorophenyl)ethenyl dimethyl ester",excluded,149,149,0.25,582,57018-04-9
OpenFoodTox,381,13121-70-5,Tricyclohexylhydroxystannane,excluded,149,149,0.1621621549129486,152,2164-08-1
OpenFoodTox,382,4466-14-2,Pyrethrins (jasmolin I),excluded,149,149,0.1780821979045868,908,87820-88-0
OpenFoodTox,383,22259-30-9,Formetanate (Ref: SN 36056),excluded,149,149,0.9729729890823364,398,23422-53-9
OpenFoodTox,384,3878-19-1,Fuberidazole,included,149,148,0.17073170840740204,99,824-39-5
OpenFoodTox,385,1172-63-0,Pyrethrins (jasmolin II),excluded,149,149,0.18421052396297455,908,87820-88-0
OpenFoodTox,386,51338-27-3,Diclofop-methyl (Ref: HOE 023408),included,149,148,0.49056604504585266,471,42576-02-3
OpenFoodTox,387,5234-68-4,"5,6-Dihydro-2-methyl-N-phenyl-1,4-oxathiin-3-carboxamide",included,149,148,0.30188679695129395,429,13684-56-5
OpenFoodTox,388,10605-21-7,N-1H-Benzimidazol-2-yl carbamic acid methyl ester,excluded,149,149,0.3658536672592163,405,23564-05-8
OpenFoodTox,389,18181-70-9,"Phosphorothioic acid, O-(2,5-Dichloro-4-iodophenyl) O,O-dimethyl ester",excluded,149,149,0.4722222089767456,582,57018-04-9
OpenFoodTox,390,944-22-9,"Ethylphosphonodithioic acid, O-Ethyl S-phenyl ester",excluded,149,149,0.2666666805744171,5,732-11-6
OpenFoodTox,391,3813-05-6,Benazolin (Ref: RD 7693),excluded,149,149,0.2857142984867096,118,86-87-3
OpenFoodTox,392,17375-41-6,"Sulfuric acid, Iron(2+) salt(1:1), Monohydrate",excluded,149,149,0.1538461595773697,7,471-34-1
OpenFoodTox,393,1079-33-0,"Benzo[b]thiophene-4-ol, 4-(N-methylcarbamate)",excluded,149,149,0.4166666567325592,355,1563-66-2
OpenFoodTox,394,886-50-0,Terbutryn (Ref: GS 14260),excluded,149,149,0.171875,742,97780-06-8
OpenFoodTox,395,3740-92-9,Fenclorim (Ref: CGA 123407),excluded,149,149,0.3103448152542114,619,74115-24-5
OpenFoodTox,396,1689-84-5,"3,5-Dibromo-4-hydroxybenzonitrile",included,149,148,0.4285714328289032,868,3861-41-4
OpenFoodTox,397,6988-21-2,"2-(1,3-Dioxolan-2-yl)phenol 1-(N-methylcarbamate)",excluded,149,149,0.4375,355,1563-66-2
OpenFoodTox,398,23422-53-9,"N,N-Dimethyl-N'-[3[[(methylamino)carbonyl]oxy]phenyl]methanimidamide hydrochloride (1:1)",included,149,148,0.4000000059604645,136,13684-63-4
OpenFoodTox,399,14959-86-5,Looplure (Ref: ENT 33266),excluded,149,149,0.31578946113586426,34,2439-10-3
OpenFoodTox,400,5902-51-2,"5-Chloro-3-(1,1-dimethylethyl)-6-methyl-2,4(1H,3H)-pyrimidinedione",excluded,149,149,0.1785714328289032,443,19666-30-9
OpenFoodTox,401,3691-35-8,Chlorophacinone (Ref: LM 91),excluded,149,149,0.23529411852359772,241,101-21-3
OpenFoodTox,402,4234-79-1,Kelevan (Ref: GC-9160),excluded,149,149,0.25,92,121-75-5
OpenFoodTox,403,14143-55-6,Picloram-methyl,excluded,149,149,0.6333333253860474,335,1918-02-1
OpenFoodTox,404,101-05-3,Anilazine (Ref: ENT 26 058),excluded,149,149,0.3125,619,74115-24-5
OpenFoodTox,405,23564-05-8,"N,N'-[1,2-Phenylenebis(iminocarbonothioyl)]bis-C,C'- dimethyl ester carbamic acid",included,149,148,0.3181818127632141,136,13684-63-4
OpenFoodTox,406,1646-88-4,Aldoxycarb,excluded,149,149,0.24444444477558136,130,2032-65-7
OpenFoodTox,407,1689-99-2,"Octanoic acid, 2,6-Dibromo-4-cyanophenyl ester",excluded,149,149,0.8108108043670654,868,3861-41-4
OpenFoodTox,408,37248-47-8,Validamycin A,excluded,149,149,0.10447761416435242,149,133-06-2
OpenFoodTox,409,5259-88-1,Oxycarboxin (Ref: F 461),excluded,149,149,0.5333333611488342,387,5234-68-4
OpenFoodTox,410,17040-19-6,"S-[2-(Ethylsulfonyl)ethyl]O,O-dimethyl ester phosphorothioic acid",excluded,149,149,0.5,238,301-12-2
OpenFoodTox,411,3337-71-1,Asulam (Ref: M&B 9057),excluded,149,149,0.3333333432674408,405,23564-05-8
OpenFoodTox,412,23564-06-9,Thiophanate,excluded,149,149,0.71875,405,23564-05-8
OpenFoodTox,413,175217-20-6,Silthiofam (Ref: MON 65500),included,149,148,0.19298245012760162,387,5234-68-4
OpenFoodTox,414,19937-59-8,Metoxuron (Ref: SAN 6915H),excluded,149,149,0.4047619104385376,56,709-98-8
OpenFoodTox,415,17781-31-6,"alpha, alpha-bis(4-Chlorophenyl)-3-pyridinemethanol",excluded,149,149,0.2777777910232544,503,94361-06-5
OpenFoodTox,416,1982-49-6,N-(2-Methylcyclohexyl)-N'-phenylurea,excluded,149,149,0.3469387888908386,387,5234-68-4
OpenFoodTox,417,1928-43-4,"2-(2,4-Dichlorophenoxy)acetic acid, 2-Ethylhexyl ester",excluded,149,149,0.4893617033958435,88,94-75-7
OpenFoodTox,418,14816-18-3,"4-Ethoxy-7-phenyl-3,5-dioxa-6-aza-4-phosphaoct-6-ene-8-nitrile 4-sulfide",excluded,149,149,0.24528302252292633,5,732-11-6
OpenFoodTox,419,7287-36-7,Monalide (Ref: SN 35830),excluded,149,149,0.3658536672592163,56,709-98-8
OpenFoodTox,420,21087-64-9,Metribuzin (Ref: DPX G2504),excluded,149,149,0.17241379618644714,443,19666-30-9
OpenFoodTox,421,1134-23-2,Cyclohexylethylcarbamothioic acid S-ethyl ester,excluded,149,149,0.23076923191547394,221,2303-17-5
OpenFoodTox,422,4824-78-6,Bromophos-ethyl (Ref: SHG-2225),excluded,149,149,0.302325576543808,582,57018-04-9
OpenFoodTox,423,18691-97-9,Methabenzthiazuron (Ref: BAY 74283 ),excluded,149,149,0.2549019753932953,747,135158-54-2
OpenFoodTox,424,2545-60-0,"4-Amino-3,5,6-trichloro-2-pyridinecarboxylic acid, Potassium salt (1:1)",excluded,149,149,0.6551724076271057,335,1918-02-1
OpenFoodTox,425,8065-62-1,"O,O-Dimethyl O-[2-(methylthio)ethyl]ester phosphorothioic acid mixt. with O,O-dimethyl S-[2-(methylthio)ethyl]phosphorothioate",excluded,149,149,0.375,238,301-12-2
OpenFoodTox,426,21725-46-2,Cyanazine,excluded,149,149,0.20408163964748383,447,23950-58-5
OpenFoodTox,427,19044-88-3,Oryzalin (Ref: EL 119),included,149,148,0.4680851101875305,47,1861-40-1
OpenFoodTox,428,51276-47-2,Glufosinate (Ref: HOE 00661),excluded,149,149,0.6551724076271057,432,77182-82-2
OpenFoodTox,429,13684-56-5,"N-[3-[[(Phenylamino)carbonyl]oxy]phenyl]carbamic acid, Ethyl ester",included,149,148,0.6190476417541504,136,13684-63-4
OpenFoodTox,430,25057-89-0,Bentazone,excluded,149,149,0.26829269528388977,50,133-07-3
OpenFoodTox,431,3254-63-5,Dimethyl 4-(methylsulfanyl)phenyl phosphate,excluded,149,149,0.2857142984867096,379,22224-92-6
OpenFoodTox,432,77182-82-2,Glufosinate-ammonium (Ref: HOE 039866),included,149,148,0.22580644488334656,23,16672-87-0
OpenFoodTox,433,16118-49-3,Carbetamide (Ref: RP 11561),excluded,149,149,0.42222222685813904,241,101-21-3
OpenFoodTox,434,13457-18-6,"2-[(Diethoxyphosphinothionyl)oxy]-5-methylpyrazolo[1,5-a]pyrimidine-6-carboxylic acid ethyl ester",excluded,149,149,0.22535210847854614,280,2310-17-0
OpenFoodTox,435,27519-02-4,Muscalure,excluded,149,149,0.2666666805744171,34,2439-10-3
OpenFoodTox,436,4301-50-2,"2-Fluoroethyl ([1,1'-biphenyl]-4-yl)acetate",excluded,149,149,0.2750000059604645,118,86-87-3
OpenFoodTox,437,23103-98-2,Pirimicarb (Ref: OMS 1330),included,149,148,0.22535210847854614,760,126535-15-7
OpenFoodTox,438,11141-17-6,"2aR,3S,4S,4aR,5S,7aS,8S,10R,10aS,10bR)-10-(Acetyloxy)octahydro-3,5-dihydroxy-4-methyl-8-[[(2E)-2-methyl-1-oxo-2-buten-1-yl]oxy]-4-[(1aR,2S,3aS,6aS,7S,7aS)-3a,6a,7,7a-tetrahydro-6a-hydroxy-7a-methyl-2,7-methanofuro[2,3-b]oxireno[e]oxepin-1a(2H)-yl]-1H,7H-naptho[1,8-bc:4,4a-c']difuran-5,10a(8H)-dicarboxylic acid 5-10a-dimethyl ester",excluded,149,149,0.1456310749053955,187,2312-35-8
OpenFoodTox,439,3572-06-3,4-[4-(Acetyloxy)phenyl]-2-butanone,excluded,149,149,0.22727273404598236,130,2032-65-7
OpenFoodTox,440,1071-83-6,N-(Phosphonomethyl)glycine,included,149,148,0.2800000011920929,23,16672-87-0
OpenFoodTox,441,29232-93-7,"O-[2-(Diethylamino)-6-methyl-4-pyrimidinyl]O,O-dimethyl ester, Phosphorothioic acid",excluded,149,149,0.3720930218696594,582,57018-04-9
OpenFoodTox,442,10265-92-6,"Phosphoramidothioic acid, O,S-Dimethyl ester",excluded,149,149,0.24242424964904785,238,301-12-2
OpenFoodTox,443,19666-30-9,"3-[2,4-Dichloro-5-(1-methylethoxy)phenyl]-5-(1,1-dimethylethyl)-1,3,4-oxadiazol-2(3H)-one",included,149,148,0.22077922523021698,805,129630-19-9
OpenFoodTox,444,8001-35-2,Camphechlor (Ref: Hercules 3956),excluded,149,149,0.11764705926179886,828,125225-28-7
OpenFoodTox,445,33820-53-0,Isopropalin (Ref: EL-179),excluded,149,149,0.6000000238418579,427,19044-88-3
OpenFoodTox,446,24017-47-8,Triazophos (Ref: HOE 002960 ),excluded,149,149,0.2222222238779068,5,732-11-6
OpenFoodTox,447,23950-58-5,Propyzamide (Ref: RH 315),included,149,148,0.25,516,36734-19-7
OpenFoodTox,448,22781-23-3,"2,2-Dimethyl-1,3-benzodioxol-4-ol 4-(N-methylcarbamate)",excluded,149,149,0.5909090638160706,355,1563-66-2
OpenFoodTox,449,23505-41-1,"Phosphorothioic acid O-[2-(diethylamino)-6-methyl-4-pyrimidinyl] O,O-diethyl ester",excluded,149,149,0.25,582,57018-04-9
OpenFoodTox,450,15545-48-9,Chlorotoluron (Ref: C 2242),excluded,149,149,0.43589743971824646,56,709-98-8
OpenFoodTox,451,40642-40-8,8-dodecenol,excluded,149,149,0.1944444477558136,34,2439-10-3
OpenFoodTox,452,15299-99-7,Napropamide (Ref: R 7465),excluded,149,149,0.3414634168148041,118,86-87-3
OpenFoodTox,453,1646-87-3,2-Methyl-2-(methylsulfinyl)propanal O-[(methylamino)carbonyl]oxime,excluded,149,149,0.22641509771347046,398,23422-53-9
OpenFoodTox,454,28249-77-6,"N,N-Diethylcarbamothioic acid S-[(4-chlorophenyl)methyl] ester",excluded,149,149,0.25,56,709-98-8
OpenFoodTox,455,35367-38-5,Diflubenzuron (Ref: OMS 1804),excluded,149,149,0.4385964870452881,642,101463-69-8
OpenFoodTox,456,25939-05-3,"Benzoyl chloride, (2,4,6-Trichlorophenyl)hydrazone",excluded,149,149,0.25581395626068115,88,94-75-7
OpenFoodTox,457,2828-42-4,Proximpham,excluded,149,149,0.40909090638160706,429,13684-56-5
OpenFoodTox,458,3478-94-2,Piperalin (Ref: HSDB 7058),excluded,149,149,0.2631579041481018,56,709-98-8
OpenFoodTox,459,5598-13-0,"O,O-Dimethyl O-(3,5,6-trichloro-2-pyridinyl) ester phosphorothioic acid",excluded,149,149,0.48571428656578064,582,57018-04-9
OpenFoodTox,460,1593-77-7,Dodemorph,excluded,149,149,0.24390244483947754,152,2164-08-1
OpenFoodTox,461,33245-39-5,Fluchloralin (Ref: BAS 392H),excluded,149,149,0.6590909361839294,47,1861-40-1
OpenFoodTox,462,33629-47-9,"4-(1,1-Dimethylethyl)-N-(1-methylpropyl)-2,6-dinitrobenzenamine",excluded,149,149,0.4444444477558136,90,40487-42-1
OpenFoodTox,463,132-67-2,2-[(1-Naphthalenylamino)carbonyl]benzoic acid sodium salt (1:1),excluded,149,149,0.3589743673801422,118,86-87-3
OpenFoodTox,464,38363-29-0,(E)-dodec-8-enyl acetate,excluded,149,149,0.28205129504203796,34,2439-10-3
OpenFoodTox,465,33956-49-9,Codlemone (Ref: BAS 2851),excluded,149,149,0.125,34,2439-10-3
OpenFoodTox,466,39196-18-4,"3,3-Dimethyl-1-(methylthio)-2-butanone O-[(methylamino)carbonyl]oxime",excluded,149,149,0.2666666805744171,130,2032-65-7
OpenFoodTox,467,1193-18-6,Methyl cyclohexenone,excluded,149,149,0.20000000298023224,732,99105-77-8
OpenFoodTox,468,41096-46-2,Hydroprene (Ref: OMS 1696),excluded,149,149,0.20370370149612427,92,121-75-5
OpenFoodTox,469,40596-69-8,Methoprene (Ref: OMS 1697),excluded,149,149,0.18333333730697632,241,101-21-3
OpenFoodTox,470,35554-44-0,"1-[2-(2,4-Dichlorophenyl)-2-(2-propenyloxy)ethyl]-1H-imidazole",excluded,149,149,0.3384615480899811,180,112281-77-3
OpenFoodTox,471,42576-02-3,Bifenox,included,149,148,0.49056604504585266,386,51338-27-3
OpenFoodTox,472,4147-51-7,Dipropetryn (Ref: GC 16068),excluded,149,149,0.17499999701976776,690,53112-28-0
OpenFoodTox,473,27314-13-2,Norflurazon (Ref: H 52143),excluded,149,149,0.32258063554763794,655,96525-23-4
OpenFoodTox,474,18854-01-8,Isoxathion (Ref: SL 6711),excluded,149,149,0.2461538463830948,542,55512-33-9
OpenFoodTox,475,318290-98-1,"5-Chloro-2-(3,4,4-trifluorobut-3-ene-1-sulfonyl)-1,3-thiazole",excluded,149,149,0.20338982343673706,845,210880-92-5
OpenFoodTox,476,6894-38-8,Jasmonic acid,excluded,149,149,0.16949152946472168,732,99105-77-8
OpenFoodTox,477,68157-60-8,N-(2-Chloro-4-pyridinyl)-N'-phenylurea  ,excluded,149,149,0.35555556416511536,241,101-21-3
OpenFoodTox,478,121-20-0,Pyrethrins (cinerin II),excluded,149,149,0.18666666746139526,908,87820-88-0
OpenFoodTox,479,25402-06-6,Pyrethrins (cinerin I),excluded,149,149,0.1805555522441864,908,87820-88-0
OpenFoodTox,480,38641-94-0,N-(Phosphonomethyl)glycine compd. with 2-propanamine (1:1),excluded,149,149,0.7599999904632568,440,1071-83-6
OpenFoodTox,481,55720-26-8,Aviglycine-HCl (Ref: ABG 3097),excluded,149,149,0.1794871836900711,282,1596-84-5
OpenFoodTox,482,28401-39-0,Frontalin,excluded,149,149,0.17391304671764374,809,126833-17-8
OpenFoodTox,483,55283-68-6,"N-Ethyl-N-(2-methyl-2-propenyl)-2,6-dinitro-4-(trifluoromethyl)benzenamine",excluded,149,149,0.644444465637207,47,1861-40-1
OpenFoodTox,484,33693-04-8,Terbumeton (Ref: GS 14259),excluded,149,149,0.2586206793785095,924,142469-14-5
OpenFoodTox,485,56717-11-4,Piproctanyl bromide (Ref: ACR-1222),excluded,149,149,0.18918919563293457,544,24307-26-4
OpenFoodTox,486,34014-18-1,"N-[5-(1,1-Dimethylethyl)-1,3,4-thiadiazol-2-yl]-N,N'-dimethylurea",excluded,149,149,0.20967741310596466,730,142459-58-3
OpenFoodTox,487,54815-06-4,Multistriatin,excluded,149,149,0.14705882966518402,710,119446-68-3
OpenFoodTox,488,29973-13-5,2-[(Ethylthio)methyl]phenol 1-(N-methylcarbamate),excluded,149,149,0.40816327929496765,355,1563-66-2
OpenFoodTox,489,335104-84-2,Tembotrione (Ref: AE 0172747),excluded,149,149,0.4655172526836395,732,99105-77-8
OpenFoodTox,490,12071-83-9,Propineb (Ref: BAY 46131),included,149,148,0.13725490868091583,516,36734-19-7
OpenFoodTox,491,11104-05-5,Grandlure (Ref: SHA 112401),excluded,149,149,0.1599999964237213,809,126833-17-8
OpenFoodTox,492,13516-27-3,Guazatine (Ref: EM 379),excluded,149,149,0.46666666865348816,34,2439-10-3
OpenFoodTox,493,39515-41-8,Fenpropathrin (Ref: OMS 1999),excluded,149,149,0.26153847575187683,626,80844-07-1
OpenFoodTox,494,71899-16-6,Lineatin,excluded,149,149,0.09259258955717087,355,1563-66-2
OpenFoodTox,495,120068-37-3,"5-Amino-1-[2,6-dichloro-4-(trifluoromethyl)phenyl]-4-[(trifluoromethyl)sulfinyl]-1H-pyrazole-3-carbonitrile",included,149,148,0.23943662643432617,508,658066-35-4
OpenFoodTox,496,59756-60-4,1-Methyl-3-phenyl-5-[3-(trifluoromethyl)phenyl]-4(1H)pyridinone,excluded,149,149,0.4150943458080292,655,96525-23-4
OpenFoodTox,497,12771-68-5,alpha-Cyclopropyl-alpha-(4-methoxyphenyl)-5-pyrimidinemethanol,excluded,149,149,0.25,503,94361-06-5
OpenFoodTox,498,41394-05-2,Metamitron (Ref: BAY DRW 1139),excluded,149,149,0.28070175647735596,542,55512-33-9
OpenFoodTox,499,42588-37-4,Kinoprene,excluded,149,149,0.15714286267757416,187,2312-35-8
OpenFoodTox,500,103055-07-8,Lufenuron (Ref: CGA 184699),excluded,149,149,0.5230769515037537,642,101463-69-8
OpenFoodTox,501,66841-25-6,"2,2-Dimethyl-3-(1,1,2,2-tetrabromoethyl)cyclopropanecarboxylic acid cyano(3-phenoxyphenyl)methyl ester",excluded,149,149,0.24657534062862396,626,80844-07-1
OpenFoodTox,502,90982-32-4,"2-[[[[(4-Chloro-6-methoxy-2-pyrimidinyl)amino]carbonyl]amino]sulfonyl]benzoic acid, Ethyl ester",excluded,149,149,0.5555555820465088,742,97780-06-8
OpenFoodTox,503,94361-06-5,"alpha-(4-Chlorophenyl)-alpha-(1-cyclopropylethyl)-1H-1,2,4-triazole-1-ethanol",included,149,148,0.4354838728904724,828,125225-28-7
OpenFoodTox,504,60168-88-9,alpha-(2-Chlorophenyl)-alpha-(4-chlorophenyl)-5-pyrimidinemethanol,excluded,149,149,0.27586206793785095,503,94361-06-5
OpenFoodTox,505,6062-26-6,4-(4-Chloro-2-methylphenoxy)butanoic acid sodium salt (1:1),excluded,149,149,0.3863636255264282,88,94-75-7
OpenFoodTox,506,3547-33-9,2-(Octylsulfanyl)ethan-1-ol,excluded,149,149,0.2647058963775635,34,2439-10-3
OpenFoodTox,507,35400-43-2,Sulprofos (Ref: NTN 9306),excluded,149,149,0.3499999940395355,240,13194-48-4
OpenFoodTox,508,658066-35-4,N-[2-[3-Chloro-5-(trifluoromethyl)-2-pyridinyl]ethyl]-2-(trifluoromethyl)benzamide,included,149,148,0.5740740895271301,931,239110-15-7
OpenFoodTox,509,42874-03-3,2-Chloro-1-(3-ethoxy-4-nitrophenoxy)-4-(trifluoromethyl)benzene,included,149,148,0.44999998807907104,471,42576-02-3
OpenFoodTox,510,51630-58-1,4-Chloro-alpha-(1-methylethyl)benzeneacetic acid cyano(3-phenoxyphenyl)methyl ester,excluded,149,149,0.296875,386,51338-27-3
OpenFoodTox,511,122453-73-0,4-Bromo-2-(4-chlorophenyl)-1-(ethoxymethyl)-5-(trifluoromethyl)-1H-pyrrole-3-carbonitrile,excluded,149,149,0.2238806039094925,534,55219-65-3
OpenFoodTox,512,10004-44-1,5-Methyl-3(2H)-isoxazolone,excluded,149,149,0.1794871836900711,130,2032-65-7
OpenFoodTox,513,52508-35-7,"2,3:4,6-bis-O-(1-Methylethylidene)-alpha-L-xylo-2-hexulofuranosonic acid, Sodium salt",excluded,149,149,0.1538461595773697,432,77182-82-2
OpenFoodTox,514,50471-44-8,Vinclozolin (Ref: BAS 352F),excluded,149,149,0.2884615361690521,516,36734-19-7
OpenFoodTox,515,1702-17-6,"3,6-Dichloro-2-pyridinecarboxylic acid",included,149,148,0.4838709533214569,685,150114-71-9
OpenFoodTox,516,36734-19-7,"3-(3,5-Dichlorophenyl)-N-(1-methylethyl)-2,4-dioxo-1-imidazolidinecarboxamide",included,149,148,0.2641509473323822,241,101-21-3
OpenFoodTox,517,32809-16-8,Procymidone (Ref: S 7131),excluded,149,149,0.35555556416511536,516,36734-19-7
OpenFoodTox,518,63284-71-9,Nuarimol (Ref: EL 228),excluded,149,149,0.2542372941970825,931,239110-15-7
OpenFoodTox,519,1757-18-2,Akton,excluded,149,149,0.33898305892944336,280,2310-17-0
OpenFoodTox,520,52918-63-5,"(1R,3R)-3-(2,2-Dibromoethenyl)-2,2-dimethylcyclopropanecarboxylic acid (S)cyano(3-phenoxyphenyl)methyl ester",excluded,149,149,0.22972972691059113,626,80844-07-1
OpenFoodTox,521,41083-11-8,Azocyclotin (Ref: BAY BUE 1452),excluded,149,149,0.24074074625968933,503,94361-06-5
OpenFoodTox,522,76674-21-0,Flutriafol (Ref: PP 450),excluded,149,149,0.3965517282485962,503,94361-06-5
OpenFoodTox,523,50563-36-5,Dimethachlor (Ref: CGA 17020),included,149,148,0.5333333611488342,119,34256-82-1
OpenFoodTox,524,34123-59-6,Isoproturon (Ref: HOE 16410),excluded,149,149,0.2954545319080353,241,101-21-3
OpenFoodTox,525,57646-30-7,Furalaxyl (Ref: IPE 134),excluded,149,149,0.31481480598449707,523,50563-36-5
OpenFoodTox,526,14214-32-5,Difenoxuron (Ref: C3470),excluded,149,149,0.27450981736183167,386,51338-27-3
OpenFoodTox,527,2631-40-5,Isoprocarb (Ref: OMS 32),excluded,149,149,0.42222222685813904,355,1563-66-2
OpenFoodTox,528,53780-34-0,Mefluidide (Ref: MBR 12325),excluded,149,149,0.23529411852359772,90,40487-42-1
OpenFoodTox,529,38421-90-8,(E)-dec-5-enyl acetate,excluded,149,149,0.28947368264198303,34,2439-10-3
OpenFoodTox,530,51218-45-2,2-Chloro-N-(2-ethyl-6-methylphenyl)-N-(2-methoxy-1-methylethyl)acetamide,excluded,149,149,0.6041666865348816,840,163515-14-8
OpenFoodTox,531,41198-08-7,O-(4-bromo-2-chlorophenyl) O-ethyl S-propyl ester phosphorothioic acid,excluded,149,149,0.3720930218696594,240,13194-48-4
OpenFoodTox,532,35367-31-8,"2,6-Difluoro-N-[[[4-(trifluoromethyl)phenyl]amino]carbonyl]benzamide",excluded,149,149,0.5178571343421936,642,101463-69-8
OpenFoodTox,533,41814-78-2,Tricyclazole (Ref: EL 291),included,149,148,0.19607843458652496,747,135158-54-2
OpenFoodTox,534,55219-65-3,"beta-(4-Chlorophenoxy)-alpha-(1,1-dimethylethyl)-1H-1,2,4-triazole-1-ethanol",included,149,148,0.7333333492279053,537,55179-31-2
OpenFoodTox,535,25954-13-6,P-(Aminocarbonyl)phosphonic acid monoethyl ester ammonium salt (1:1),excluded,149,149,0.3125,240,13194-48-4
OpenFoodTox,536,64628-44-0,Triflumuron (Ref: OMS 2015),included,149,148,0.3571428656578064,927,139968-49-3
OpenFoodTox,537,55179-31-2,Bitertanol (Ref: KWG 0599),included,149,148,0.7333333492279053,534,55219-65-3
OpenFoodTox,538,29091-21-2,"2,6-Dinitro-N1,N1-dipropyl-4-(trifluoromethyl)-1,3-benzenediamine",excluded,149,149,0.5,427,19044-88-3
OpenFoodTox,539,2227-17-0,Dienochlor (Ref: SAN 804),excluded,149,149,0.125,582,57018-04-9
OpenFoodTox,540,57837-19-1,"N-(2,6-Dimethylphenyl)-N-(methoxyacetyl)alanine methyl ester",excluded,149,149,0.42553192377090454,523,50563-36-5
OpenFoodTox,541,59682-52-9,Fosamine (Ref: DPX 1108),excluded,149,149,0.3333333432674408,240,13194-48-4
OpenFoodTox,542,55512-33-9,Pyridate (Ref: CL 11344),included,149,148,0.2777777910232544,34,2439-10-3
OpenFoodTox,543,70124-77-5,Flucythrinate (Ref: OMS 2007),excluded,149,149,0.27142858505249023,626,80844-07-1
OpenFoodTox,544,24307-26-4,Mepiquat chloride (Ref: BAS 083W),included,149,148,0.10526315867900848,152,2164-08-1
OpenFoodTox,545,142-71-2,Copper II acetate,excluded,149,149,0.4545454680919647,7,471-34-1
OpenFoodTox,546,67747-09-5,Prochloraz (Ref: BTS 40542),included,149,148,0.30985915660858154,1018,1228284-64-7
OpenFoodTox,547,51596-11-3 (MA4),Milbemectin (Ref: SL 8601),excluded,149,149,0.11650485545396805,592,283594-90-1
OpenFoodTox,548,51596-11-3,Milbemycin A4,excluded,149,149,0.1428571492433548,908,87820-88-0
OpenFoodTox,549,38260-54-7,Etrimfos,excluded,149,149,0.3255814015865326,582,57018-04-9
OpenFoodTox,550,35628-05-8,Ipsenol,excluded,149,149,0.1428571492433548,413,175217-20-6
OpenFoodTox,551,59669-26-0,"N,N'-[Thiobis[(methylimino)carbonyloxy]]bisethanimidothioic acid dimethyl ester",included,149,148,0.22033898532390594,134,55285-14-8
OpenFoodTox,552,731-27-1,"1,1-Dichloro-N-[(dimethylamino)sulfonyl]-1-fluoro-N-(4-methylphenyl)methanesulfenamide",included,149,148,0.19565217196941376,50,133-07-3
OpenFoodTox,553,57966-95-7,2-Cyano-N-[(ethylamino)carbonyl]-2-(methoxyimino)acetamide,excluded,149,149,0.19230769574642181,868,3861-41-4
OpenFoodTox,554,950-10-7,"N-(4-Methyl-1,3-dithiolan-2-ylidene)phosphoramidic acid diethyl ester",excluded,149,149,0.24390244483947754,240,13194-48-4
OpenFoodTox,555,180-84-7,"1,7-dioxaspiro(5.5)undecane",excluded,149,149,0.1428571492433548,809,126833-17-8
OpenFoodTox,556,38083-17-9,Climbazole (Ref: 106162),excluded,149,149,0.4000000059604645,534,55219-65-3
OpenFoodTox,557,78821-43-9,24-epibrassinolide,excluded,149,149,0.1807228922843933,828,125225-28-7
OpenFoodTox,558,43222-48-6,Difenzoquat metilsulfate (Ref: AC 84777),excluded,149,149,0.21568627655506134,1005,67233-85-6
OpenFoodTox,559,67306-00-7,Fenpropidin (Ref: CGA 114900),excluded,149,149,0.2884615361690521,729,120928-09-8
OpenFoodTox,560,24579-73-5,Propamocarb (Ref: SN 39744),excluded,149,149,0.24590164422988892,134,55285-14-8
OpenFoodTox,561,75736-33-3,Diclobutrazol (Ref: PP296),excluded,149,149,0.5490196347236633,534,55219-65-3
OpenFoodTox,562,25606-41-1,N-[3-(Dimethylamino)propyl]carbamic acid propyl ester hydrochloride (1:1),excluded,149,149,0.24193547666072845,134,55285-14-8
OpenFoodTox,563,57213-69-1,Triclopyr-triethylammonium,excluded,149,149,0.7941176295280457,269,55335-06-3
OpenFoodTox,564,2795-39-3,"1,1,2,2,3,3,4,4,5,5,6,6,7,7,8,8,8-Heptadecafluoro-1-octanesulfonic acid potassium salt",excluded,149,149,0.15909090638160706,552,731-27-1
OpenFoodTox,565,15263-52-2,Cartap hydrochloride,excluded,149,149,0.2432432472705841,221,2303-17-5
OpenFoodTox,566,58810-48-3,Ofurace (Ref: AE F057623),excluded,149,149,0.4117647111415863,523,50563-36-5
OpenFoodTox,567,55290-64-7,"2,3-Dihydro-5,6-dimethyl-1,4-dithiin 1,1,4,4-tetraoxide",excluded,149,149,0.1463414579629898,809,126833-17-8
OpenFoodTox,568,31895-22-4,Thiocyclam oxalate (Ref: SAN 1551),excluded,149,149,0.20000000298023224,282,1596-84-5
OpenFoodTox,569,39515-40-7,Cyphenothrin (Ref: S 2703),excluded,149,149,0.232876718044281,626,80844-07-1
OpenFoodTox,570,40843-25-2,Diclofop (Ref: AE F021079),excluded,149,149,0.7560975551605225,386,51338-27-3
OpenFoodTox,571,69806-50-4,Fluazifop-butyl (Ref: SL 236),excluded,149,149,0.3684210479259491,716,119738-06-6
OpenFoodTox,572,3861-47-0,Ioxynil octanoate,excluded,149,149,0.5581395626068115,868,3861-41-4
OpenFoodTox,573,34205-21-5,Dimefuron (Ref: RP 23465),excluded,149,149,0.47457626461982727,443,19666-30-9
OpenFoodTox,574,66063-05-6,Pencycuron (Ref: NTN 19701),excluded,149,149,0.2631579041481018,387,5234-68-4
OpenFoodTox,575,119-12-0,Pyridafenthion (Ref: ENT 23968)),excluded,149,149,0.2545454502105713,5,732-11-6
OpenFoodTox,576,22976-86-9,Polyoxorim,excluded,149,149,0.16483516991138458,813,243973-20-8
OpenFoodTox,577,35575-96-3,Azamethiphos (Ref: GCA 18809),excluded,149,149,0.4166666567325592,280,2310-17-0
OpenFoodTox,578,24353-61-5,2-[(Aminomethoxyphosphinothioyl)oxy]benzoic acid 1-methylethyl ester,excluded,149,149,0.2931034564971924,847,149877-41-8
OpenFoodTox,579,10552-74-6,Nitrothal-isopropyl (Ref: BAS 300 OOF),excluded,149,149,0.3243243098258972,198,99-30-9
OpenFoodTox,580,84332-86-5,Chlozolinate (Ref: M 8164),excluded,149,149,0.3214285671710968,516,36734-19-7
OpenFoodTox,581,23031-36-9,"2,2-Dimethyl-3-(2-methyl-1-propenyl)cyclopropanecarboxylic acid 2-methyl-4-oxo-3-(2-propynyl)-2-cyclopenten-1-yl ester",excluded,149,149,0.1666666716337204,908,87820-88-0
OpenFoodTox,582,57018-04-9,"Phosphorothioic acid O-(2,6-dichloro-4-methylphenyl) O,O-dimethyl ester",included,149,148,0.380952388048172,183,122-14-5
OpenFoodTox,583,34681-10-2,Butocarboxim (Ref: Co 755),excluded,149,149,0.27906978130340576,130,2032-65-7
OpenFoodTox,584,83121-18-0,Teflubenzuron (Ref: CME 13406),excluded,149,149,0.49152541160583496,642,101463-69-8
OpenFoodTox,585,173584-44-6,"(4aS)-7-Chloro-2,5-dihydro-2-[[(methoxycarbonyl)[4-(trifluoromethoxy)phenyl]amino]carbonyl]indeno[1,2-e][1,3,4]oxadiazine-4a(3H)-carboxylic acid methyl ester",excluded,149,149,0.25,386,51338-27-3
OpenFoodTox,586,79538-32-2,"(1R,3R)-rel-3-[(1Z)-2-Chloro-3,3,3-trifluoro-1-propen-1-yl]-2,2-dimethylcyclopropanecarboxylic acid (2,3,5,6-tetrafluoro-4-methylphenyl)methyl ester",excluded,149,149,0.19230769574642181,1030,1390661-72-9
OpenFoodTox,587,79127-80-3,Fenoxycarb (Ref: OMS 3010),excluded,149,149,0.4285714328289032,429,13684-56-5
OpenFoodTox,588,105512-06-9,Clodinafop propargyl (Ref: CGA 184927),excluded,149,149,0.4237288236618042,386,51338-27-3
OpenFoodTox,589,82657-04-3,Bifenthrin (Ref: FMC 54800),excluded,149,149,0.24637681245803833,429,13684-56-5
OpenFoodTox,590,69770-45-2,"3-[2-Chloro-2-(4-chlorophenyl)ethenyl]-2,2-dimethylcyclopropanecarboxylic acid cyano(4-fluoro-3-phenoxyphenyl)methyl ester",excluded,149,149,0.2405063360929489,386,51338-27-3
OpenFoodTox,591,74222-97-2,"2-[[[[(4,6-Dimethyl-2-pyrimidinyl)amino]carbonyl]amino]sulfonyl]benzoic acid, Methyl ester",excluded,149,149,0.7115384340286255,875,144651-06-9
OpenFoodTox,592,283594-90-1,"3,3-Dimethylbutanoic acid 2-oxo-3-(2,4,6-trimethylphenyl)-1-oaxspiro[4.4]non-3-en-4-yl ester",included,149,148,0.26760563254356384,813,243973-20-8
OpenFoodTox,593,67485-29-4,"Tetrahydro-5,5-dimethyl-2(1H)-pyrimidio[3-[4-trifluoromethyl)phenyl]-1-[2-[4-(trifluoromethyl)phenyl]ethenyl]-2-propenylidene]hydrazone",excluded,149,149,0.1875,657,83164-33-4
OpenFoodTox,594,71626-11-4,Benalaxyl (Ref: M 9834),excluded,149,149,0.38181817531585693,837,86763-47-5
OpenFoodTox,595,49669-74-1,Aviglycine,excluded,149,149,0.18421052396297455,282,1596-84-5
OpenFoodTox,596,22936-75-0,Dimethametryn (Ref: C 18898),excluded,149,149,0.17241379618644714,379,22224-92-6
OpenFoodTox,597,74223-56-6,Sulfometuron,excluded,149,149,0.6603773832321167,875,144651-06-9
OpenFoodTox,598,24151-93-7,Piperophos (Ref: C 19 490),excluded,149,149,0.2641509473323822,92,121-75-5
OpenFoodTox,599,76578-14-8,Quizalofop-ethyl (Ref: DPX Y6202),excluded,149,149,0.6774193644523621,716,119738-06-6
OpenFoodTox,600,56578-18-8,5-decenol (Ref: BAS 287 1),excluded,149,149,0.20000000298023224,34,2439-10-3
OpenFoodTox,601,67527-71-3,Mildiomycin (Ref: AR-1F1870),excluded,149,149,0.15094339847564697,991,1072957-71-1
OpenFoodTox,602,69806-34-4,Haloxyfop (Ref: DOWCO 453),excluded,149,149,0.3928571343421936,386,51338-27-3
OpenFoodTox,603,72178-02-0,Fomesafen (Ref: PP 021),excluded,149,149,0.6000000238418579,509,42874-03-3
OpenFoodTox,604,72459-58-6,Triazoxide (Ref: SAS 9244),included,149,148,0.20895522832870483,546,67747-09-5
OpenFoodTox,605,77732-09-3,Oxadixyl (Ref: SAN 371F),excluded,149,149,0.37037035822868347,523,50563-36-5
OpenFoodTox,606,69377-81-7,Fluroxypyr (Ref: DOW 43304-H),included,149,148,0.44999998807907104,269,55335-06-3
OpenFoodTox,607,67129-08-2,Metazachlor (Ref: BAS 47900H),excluded,149,149,0.52173912525177,523,50563-36-5
OpenFoodTox,608,31895-21-3,Thiocyclam,excluded,149,149,0.11538461595773697,142,137-26-8
OpenFoodTox,609,2425-20-9,Siglure,excluded,149,149,0.20000000298023224,221,2303-17-5
OpenFoodTox,610,26225-79-6,"2-Ethoxy-2,3-dihydro-3,3-dimethyl-5-benzofuranol 5-methanesulfonate",excluded,149,149,0.203125,379,22224-92-6
OpenFoodTox,611,1820573-27-0,Beta-cyfluthrin (Ref: OMS 3051),excluded,149,149,0.24657534062862396,386,51338-27-3
OpenFoodTox,612,15302-91-7,Mepiquat,excluded,149,149,0.9166666865348816,544,24307-26-4
OpenFoodTox,613,83657-24-3,Diniconazole (Ref: XE-779),excluded,149,149,0.38596490025520325,534,55219-65-3
OpenFoodTox,614,95737-68-1,2-[1-Methyl-2-(4-phenoxyphenoxy)ethoxy]pyridine,included,149,148,0.2982456088066101,626,80844-07-1
OpenFoodTox,615,71422-67-8,Chlorfluazuron (Ref: CGA 112913),excluded,149,149,0.5223880410194397,642,101463-69-8
OpenFoodTox,616,94593-79-0,Oxabetrinil (Ref: CGA 92194),excluded,149,149,0.18333333730697632,849,106700-29-2
OpenFoodTox,617,67564-91-4,"(2R,6S)-rel-4-[3-[4-(1,1-Dimethylethyl)phenyl]-2-methylpropyl]-2,6-dimethylmorpholine  ",excluded,149,149,0.24561403691768646,729,120928-09-8
OpenFoodTox,618,81335-37-7,Imazaquin (Ref: BAS 725H),excluded,149,149,0.23529411852359772,118,86-87-3
OpenFoodTox,619,74115-24-5,"3,6-Bis(2-chlorophenyl)-1,2,4,5-tetrazine",included,149,148,0.24242424964904785,50,133-07-3
OpenFoodTox,620,31717-87-0,Dodemorph acetate (Ref: BAS 238F),excluded,149,149,0.239130437374115,152,2164-08-1
OpenFoodTox,621,99387-89-0,Triflumizole (Ref: NF 114 ),excluded,149,149,0.3571428656578064,546,67747-09-5
OpenFoodTox,622,86479-06-3,Hexaflumuron (Ref: XRD 473),excluded,149,149,0.4761904776096344,642,101463-69-8
OpenFoodTox,623,17606-31-4,Bensultap (Ref: OMS 3011),excluded,149,149,0.22499999403953552,118,86-87-3
OpenFoodTox,624,69806-86-6,Haloxyfop-sodium,excluded,149,149,0.37288135290145874,386,51338-27-3
OpenFoodTox,625,57369-32-1,Pyroquilon (Ref: CGA 49104),excluded,149,149,0.1764705926179886,355,1563-66-2
OpenFoodTox,626,80844-07-1,1-[[2-(4-Ethoxyphenyl)-2-methylpropoxy]methyl]-3-phenoxybenzene,included,149,148,0.2982456088066101,614,95737-68-1
OpenFoodTox,627,64700-56-7,"[(3,5,6-Trichloro-2-pyridinyl)oxy]acetic acid, 2-Butoxyethyl ester",excluded,149,149,0.5227272510528564,269,55335-06-3
OpenFoodTox,628,79510-48-8,Metsulfuron (Ref: IN F5438),excluded,149,149,0.7450980544090271,217,64902-72-3
OpenFoodTox,629,76738-62-0,Paclobutrazol (Ref: PP 333),excluded,149,149,0.6304348111152649,534,55219-65-3
OpenFoodTox,630,88671-89-0,"alpha-Butyl-alpha-(4-chlorophenyl)-1H-1,2,4-triazole-1-propanenitrile",excluded,149,149,0.45614033937454224,503,94361-06-5
OpenFoodTox,631,56425-91-3,alpha-(1-Methylethyl)-alpha-[4-(trifluoromethoxy)phenyl]-5-pyrimidinemethanol,excluded,149,149,0.2631579041481018,536,64628-44-0
OpenFoodTox,632,39148-24-8,Fosetyl-aluminium (Ref: RP 32545),included,149,148,0.2142857164144516,240,13194-48-4
OpenFoodTox,633,87130-20-9,Diethofencarb (Ref: S 1605),excluded,149,149,0.5116279125213623,241,101-21-3
OpenFoodTox,634,55814-41-0,Mepronil (Ref: B1 2459),excluded,149,149,0.6818181872367859,666,66332-96-5
OpenFoodTox,635,87818-31-3,Cinmethylin (Ref: BAS 684 H),excluded,149,149,0.2153846174478531,837,86763-47-5
OpenFoodTox,636,77501-63-4,"5-[2-Chloro-4-(trifluoromethyl)phenoxy]-2-nitrobenzoic acid, 2-Ethoxy-1-methyl-2-oxoethyl ester",excluded,149,149,0.6190476417541504,509,42874-03-3
OpenFoodTox,637,83657-22-1,Uniconazole (Ref: XE 1019),excluded,149,149,0.4423076808452606,534,55219-65-3
OpenFoodTox,638,78587-05-0,"(4R,5R)-rel-5-(4-Chlorophenyl)-N-cyclohexyl-4-methyl-2-oxo-3-thiazolidinecarboxamide",excluded,149,149,0.25806450843811035,516,36734-19-7
OpenFoodTox,639,82558-50-7,Isoxaben (Ref: EAF 496),excluded,149,149,0.3125,675,161050-58-4
OpenFoodTox,640,13492-26-7,Dipotassium phosphonate,excluded,149,149,0.25,39,298-14-6
OpenFoodTox,641,99675-03-3,Isofenphos-methyl,excluded,149,149,0.30000001192092896,847,149877-41-8
OpenFoodTox,642,101463-69-8,Flufenoxuron (Ref: BAS 3071),included,149,148,0.4027777910232544,657,83164-33-4
OpenFoodTox,643,82560-54-1,Benfuracarb,included,149,148,0.625,134,55285-14-8
OpenFoodTox,644,80060-09-9,Diafenthiuron (Ref: CGA 106630),excluded,149,149,0.2786885201931,626,80844-07-1
OpenFoodTox,645,82097-50-5,"2-(2-Chloroethoxy)-N-[[(4-methoxy-6-methyl-1,3,5-triazin-2-yl)amino]carbonyl]benzenesulfonamide",excluded,149,149,0.6964285969734192,217,64902-72-3
OpenFoodTox,646,81335-77-5,Imazethapyr (Ref: AC 252925),excluded,149,149,0.19696970283985138,711,112410-23-8
OpenFoodTox,647,107534-96-3,Tebuconazole (Ref: HWG 1608),excluded,149,149,0.48148149251937866,503,94361-06-5
OpenFoodTox,648,74070-46-5,Aclonifen (Ref: AE F068300),included,149,148,0.3636363744735718,471,42576-02-3
OpenFoodTox,649,66441-23-4,Fenoxaprop-ethyl,excluded,149,149,0.4583333432674408,716,119738-06-6
OpenFoodTox,650,81777-89-1,"2-[(2-Chlorophenyl)methyl]-4,4-dimethyl-3-isoxazolidinone",excluded,149,149,0.707317054271698,1033,81777-95-9
OpenFoodTox,651,62850-32-2,Fenothiocarb (Ref: KCO 3001),excluded,149,149,0.3103448152542114,542,55512-33-9
OpenFoodTox,652,85509-19-9,Flusilazole (Ref: DPX H6573),excluded,149,149,0.2881355881690979,180,112281-77-3
OpenFoodTox,653,4151-50-2,Sulfluramid (Ref: GX 071),excluded,149,149,0.1764705926179886,47,1861-40-1
OpenFoodTox,654,52304-36-6,"3-(N-butyl-N-acetyl)-aminopropionic acid, ethyl ester (Ref: OMS 3065)",excluded,149,149,0.30000001192092896,34,2439-10-3
OpenFoodTox,655,96525-23-4,Flurtamone (Ref: RPA 590515),included,149,148,0.28169015049934387,726,141517-21-7
OpenFoodTox,656,93697-74-6,Pyrazosulfuron-ethyl (Ref: NC 311),excluded,149,149,0.5087719559669495,759,120923-37-7
OpenFoodTox,657,83164-33-4,Diflufenican (Ref: AE 088657),included,149,148,0.4027777910232544,642,101463-69-8
OpenFoodTox,658,97886-45-8,"2-(Difluoromethyl)-4-(2-methylpropyl)-6-(trifluoromethyl)-3,5-pyridinedicarbothioic acid, S3,S5-Dimethyl ester",excluded,149,149,0.24637681245803833,940,183675-82-3
OpenFoodTox,659,90717-03-6,Quinmerac (Ref: BAS 518H),included,149,148,0.3589743673801422,515,1702-17-6
OpenFoodTox,660,84087-01-4,"3,7-Dichloro-8-quinolinecarboxylic acidZ",excluded,149,149,0.7222222089767456,659,90717-03-6
OpenFoodTox,661,100728-84-5,Imazamethabenz (Ref: AC 263840),excluded,149,149,0.22413793206214905,659,90717-03-6
OpenFoodTox,662,89784-60-1,Pyraclofos (Ref: OMS 3040),excluded,149,149,0.3265306055545807,240,13194-48-4
OpenFoodTox,663,101903-30-4,Pefurazoate (Ref: UR-0003),excluded,149,149,0.3037974536418915,546,67747-09-5
OpenFoodTox,664,79277-27-3,Thifensulfuron-methyl (Ref: DPX M6316),excluded,149,149,0.625,217,64902-72-3
OpenFoodTox,665,83055-99-6,Bensulfuron-methyl (Ref: DPX F5384),excluded,149,149,0.5423728823661804,756,213464-77-8
OpenFoodTox,666,66332-96-5,Flutolanil (Ref: NNF 136),included,149,148,0.42307692766189575,429,13684-56-5
OpenFoodTox,667,105024-66-6,Silafluofen (Ref: HOE 084498),excluded,149,149,0.34375,626,80844-07-1
OpenFoodTox,668,62924-70-3,"2-Chloro-N-[2,6-dinitro-4-(trifluoromethyl)phenyl]-N-ethyl-6-fluorobenzenemethanamine",excluded,149,149,0.5471698045730591,47,1861-40-1
OpenFoodTox,669,99283-01-9,Bensulfuron (Ref: IN R9419),excluded,149,149,0.5333333611488342,756,213464-77-8
OpenFoodTox,670,62865-36-5,Diclomezine (Ref: F-850),excluded,149,149,0.22448979318141937,659,90717-03-6
OpenFoodTox,671,86209-51-0,"2-[[[[[4,6-Bis(difluoromethoxy)-2-pyrimidinyl]amino]carbonyl]amino]sulfonyl]benzoic acid, Methyl ester",excluded,149,149,0.5666666626930237,742,97780-06-8
OpenFoodTox,672,130339-07-0,Diflumetorim (Ref: UBF 002),excluded,149,149,0.23376622796058655,805,129630-19-9
OpenFoodTox,673,51218-49-6,Pretilachlor (Ref: CGA 26423),excluded,149,149,0.5652173757553101,119,34256-82-1
OpenFoodTox,674,81405-85-8,Imazamethabenz-methyl (Ref: AC 222293),excluded,149,149,0.2467532455921173,932,144740-54-5
OpenFoodTox,675,161050-58-4,Methoxyfenozide (Ref: RH 2485),included,149,148,0.5438596606254578,836,143807-66-3
OpenFoodTox,676,114311-32-9,Imazamox (Ref: BAS 720H),excluded,149,149,0.20253165066242218,1030,1390661-72-9
OpenFoodTox,677,83212-30-0,Rhyncolure,excluded,149,149,0.145454540848732,1003,494793-67-8
OpenFoodTox,678,181274-15-7,Propoxycarbazone-sodium (Ref: MKH 6561),excluded,149,149,0.7049180269241333,846,145026-81-9
OpenFoodTox,679,112226-61-6,Halofenozide (Ref: RH 0345),excluded,149,149,0.4893617033958435,711,112410-23-8
OpenFoodTox,680,79983-71-4,Hexaconazole (Ref: PP 523),excluded,149,149,0.4237288236618042,503,94361-06-5
OpenFoodTox,681,96489-71-3,"4-Chloro-2-(1,1-dimethylethyl)-5-[[[4-(1,1-dimethylethyl)phenyl]methyl]thio]-3(2H)pyridazinene",excluded,149,149,0.2295081913471222,729,120928-09-8
OpenFoodTox,682,111872-58-3,Halfenprox (Ref: MTI 732),excluded,149,149,0.739130437374115,626,80844-07-1
OpenFoodTox,683,124495-18-7,"5,7-Dichloro-4-(4-fluorophenoxy)quinoline",excluded,149,149,0.30909091234207153,386,51338-27-3
OpenFoodTox,684,117337-19-6,"[[2-Chloro-4-fluoro-5-[(tetrahydro-3-oxo-1H,3H-[1,3,4]thiadiazolo [3,4-a]pyridazin-1-ylidine)amino]phenyl]thioacetic acid methyl ester",excluded,149,149,0.2235294133424759,805,129630-19-9
OpenFoodTox,685,150114-71-9,Aminopyralid (Ref: XDE 750),included,149,148,0.5,335,1918-02-1
OpenFoodTox,686,104040-78-0,"N-[[4,6-Dimethoxy-2-pyrimidinyl)amino]carbonyl]-3-(trifluoromethyl)-2-pyridinesulfonamide",excluded,149,149,0.6785714030265808,755,122931-48-0
OpenFoodTox,687,500008-45-7,Chlorantraniliprole (Ref: DPX E2Y45),excluded,149,149,0.6338028311729431,1004,1031756-98-5
OpenFoodTox,688,119168-77-3,Tebufenpyrad (Ref: AC 801757),excluded,149,149,0.2950819730758667,711,112410-23-8
OpenFoodTox,689,131983-72-7,Triticonazole (Ref: RPA 400727),excluded,149,149,0.4153846204280853,828,125225-28-7
OpenFoodTox,690,53112-28-0,"4,6-Dimethyl-N-phenyl-2-pyrimidinamine",included,149,148,0.2888889014720917,429,13684-56-5
OpenFoodTox,691,348635-87-0,Amisulbrom,excluded,149,149,0.18918919563293457,720,145701-23-1
OpenFoodTox,692,36756-79-3,Tiocarbazil (Ref: M 3432),excluded,149,149,0.2926829159259796,221,2303-17-5
OpenFoodTox,693,156052-68-5,"3,5-Dichloro-N-(3-chloro-1-ethyl-1-methyl-2-oxopropyl)-4-methylbenzamide",excluded,149,149,0.3617021143436432,447,23950-58-5
OpenFoodTox,694,99129-21-2,Clethodim (Ref: RE 45601),excluded,149,149,0.39344263076782227,908,87820-88-0
OpenFoodTox,695,210631-68-8,"[3-(4,5-Dihydro-3-isoxazolyl)-2-methyl-4-(methylsulfonyl)phenyl](5-hydroxy-1-methyl-1H-pyrazol-4-yl)methanone",excluded,149,149,0.27397260069847107,795,141112-29-0
OpenFoodTox,696,88805-35-0,Prohexadione,excluded,149,149,0.21153846383094788,908,87820-88-0
OpenFoodTox,697,38727-55-8,Diethatyl ethyl (Ref: BAY NNT 6867),excluded,149,149,0.5909090638160706,119,34256-82-1
OpenFoodTox,698,99283-00-8,Chlorimuron,excluded,149,149,0.5254237055778503,217,64902-72-3
OpenFoodTox,699,110488-70-5,"3-(4-Chlorophenyl)-3-(3,4-dimethoxyphenyl)-1-(4-morpholinyl)-2-propen-1-one",excluded,149,149,0.27272728085517883,88,94-75-7
OpenFoodTox,700,54593-83-8,"Phosphorothioic acid O,O-diethyl-O-(1,2,2,2-tetrachloroethyl) ester",excluded,149,149,0.2432432472705841,754,95465-99-9
OpenFoodTox,701,103361-09-7,"2-[7-Fluoro-3,4-dihydro-3-oxo-4-(2-propynyl)-2H-1,4-benzoxazin-6-yl]-4,5,6,7-tetrahydro-1H-isoindole-1,3(2H)-dione",excluded,149,149,0.1599999964237213,986,951659-40-8
OpenFoodTox,702,111479-05-1,Propaquizafop (Ref: CGA 233380),excluded,149,149,0.6000000238418579,716,119738-06-6
OpenFoodTox,703,87546-18-7,"2-[2-Chloro-4-fluoro-5-(1,3,4,5,6,7-hexahydro-1,3-dioxo-2H-isoindol-2-yl)phenoxy]acetic acid pentyl ester",excluded,149,149,0.3684210479259491,805,129630-19-9
OpenFoodTox,704,113036-88-7,Flucycloxuron (Ref: OMS 3041),excluded,149,149,0.3382352888584137,536,64628-44-0
OpenFoodTox,705,63782-90-1,Flamprop-M-isopropyl (Ref: WL 43425),excluded,149,149,0.3333333432674408,241,101-21-3
OpenFoodTox,706,94593-91-6,Cinosulfuron (Ref: CGA 142464),excluded,149,149,0.5892857313156128,217,64902-72-3
OpenFoodTox,707,98967-40-9,"N-(2,6-Difluorophenyl)-5-methyl-[1,2,4]triazolo[1,5-a]pyrimidine-2-sulfonamide",excluded,149,149,0.4642857015132904,720,145701-23-1
OpenFoodTox,708,7784-26-1,Aluminium ammonium sulphate,excluded,149,149,0.1538461595773697,7,471-34-1
OpenFoodTox,709,274671-61-3,Ecolyst (Ref: HSDB 7282),excluded,149,149,0.19298245012760162,626,80844-07-1
OpenFoodTox,710,119446-68-3,"1-[[2-[2-Chloro-4-(4-chlorophenoxyl)phenyl]-4-methyl-1,3-dioxolan-2-yl]methyl]-1H-1,2,4-triazole",included,149,148,0.3561643958091736,828,125225-28-7
OpenFoodTox,711,112410-23-8,"1-(1,1-Dimethylethyl)-2-(4-ethylbenzoyl)hydrazide-3,5-dimethylbenzoic acid",included,149,148,0.5192307829856873,675,161050-58-4
OpenFoodTox,712,79622-59-6,Fluazinam (Ref: IKF 1216),included,149,148,0.34328359365463257,509,42874-03-3
OpenFoodTox,713,138261-41-3,Imidacloprid (Ref: BAY NTN 33893),included,149,148,0.4035087823867798,831,111988-49-9
OpenFoodTox,714,114369-43-6,"alpha-[2-(4-Chlorophenyl)ethyl]-alpha-phenyl-1H-1,2,4-triazole-1-propanenitrile",excluded,149,149,0.3870967626571655,503,94361-06-5
OpenFoodTox,715,81406-37-3,"2-[(4-Amino-3,5-dichloro-6-fluoro-2-pyridinyl)oxy]acetic acid 1-methylheptyl ester",excluded,149,149,0.5400000214576721,606,69377-81-7
OpenFoodTox,716,119738-06-6,Quizalofop-P-tefuryl (Ref: UBI C4874 ),included,149,148,0.37681159377098083,386,51338-27-3
OpenFoodTox,717,141776-32-1,"N-[[(4,6-Dimethoxy-2-pyrimidinyl)amino]carbonyl]-2-(ethylsulfonyl)imidazo[1,2-a]pyridine-3-sulfonamide",excluded,149,149,0.5714285969734192,755,122931-48-0
OpenFoodTox,718,77501-60-1,Fluoroglycofen,excluded,149,149,0.6000000238418579,509,42874-03-3
OpenFoodTox,719,79277-67-1,Thifensulfuron (Ref: IN L9225),excluded,149,149,0.625,217,64902-72-3
OpenFoodTox,720,145701-23-1,Florasulam (Ref: DE 570),included,149,148,0.3382352888584137,763,139528-85-1
OpenFoodTox,721,111991-09-4,Nicosulfuron (Ref: DPX V9360),excluded,149,149,0.6666666865348816,755,122931-48-0
OpenFoodTox,722,103112-35-2,Fenchlorazole-ethyl (Ref: HOE 070542),excluded,149,149,0.25925925374031067,269,55335-06-3
OpenFoodTox,723,72619-32-0,Haloxyfop-P-methyl (Ref: DE 535),excluded,149,149,0.5283018946647644,386,51338-27-3
OpenFoodTox,724,117718-60-2,"2-(Difluoromethyl)-5-(4,5-dihydro-2-thiazolyl)-4-(2-methylpropyl)-6-(trifluoromethyl)-3-pyridinecarboxylic acid methyl ester",excluded,149,149,0.27272728085517883,1018,1228284-64-7
OpenFoodTox,725,110895-43-7,Triazamate (Ref: RH 7988),excluded,149,149,0.2321428507566452,92,121-75-5
OpenFoodTox,726,141517-21-7,(alphaE)-alpha-(Methoxyimino)-2-[[[(E)-[1-[3-(trifluoromethyl)phenyl]ethylidene]amino]oxy]methyl]benzeneacteic acid methyl ester,included,149,148,0.3048780560493469,927,139968-49-3
OpenFoodTox,727,104098-48-8,Imazapic (Ref: AC 263222),excluded,149,149,0.290909081697464,659,90717-03-6
OpenFoodTox,728,74738-17-3,Fenpiclonil (Ref: CGA 142705),excluded,149,149,0.3055555522441864,619,74115-24-5
OpenFoodTox,729,120928-09-8,"4-[2-[4-(1,1-Dimethylethyl)phenyl]ethoxy]quinazoline",included,149,148,0.24590164422988892,626,80844-07-1
OpenFoodTox,730,142459-58-3,"N-(4-Fluorophenyl)-N-(1-methylethyl)-2-[[5-(trifluoromethyl)-1,3,4-thiadiazol-2-yl]oxy]acetamide",included,149,148,0.21739129722118378,666,66332-96-5
OpenFoodTox,731,143390-89-0,(alphaE)-alpha-(Methoxyimino)-2-[(2-methylphenoxy)methyl]benzeneacetic acid methyl ester,excluded,149,149,0.5,726,141517-21-7
OpenFoodTox,732,99105-77-8,Sulcotrione (Ref: SC 0051),included,149,148,0.25,795,141112-29-0
OpenFoodTox,733,131341-86-1,"4-(2,2-Difluoro-1,3-benzodioxol-4-yl)-1H-pyrrole-3-carbonitrile",excluded,149,149,0.1794871836900711,643,82560-54-1
OpenFoodTox,734,122008-85-9,"(2R)-2-[4-(4-Cyano-2-fluorophenoxy)phenoxy]propanoic acid, Butyl ester",excluded,149,149,0.4237288236618042,386,51338-27-3
OpenFoodTox,735,64249-01-0,Anilofos (Ref: HOE 30374),excluded,149,149,0.4000000059604645,5,732-11-6
OpenFoodTox,736,272451-65-7,"N2-[1,1-Dimethyl-2-(methylsulfonyl)ethyl]-3-iodo-N1-[2-methyl-4-[1,2,2,2-tetrafluoro-1-(trifluoromethyl)ethyl]phenyl]-1,2-benzenedicarboxamide",excluded,149,149,0.28947368264198303,795,141112-29-0
OpenFoodTox,737,57960-19-7,"2-(Acetyloxy)-3-dodecyl-1,4-naphthalenedione",excluded,149,149,0.29032257199287415,542,55512-33-9
OpenFoodTox,738,103112-36-3,Fenchlorazole (Ref: HOE 072829),excluded,149,149,0.30612245202064514,88,94-75-7
OpenFoodTox,739,98886-44-3,(2-Oxo-3-thiazolidinyl)phosphonothioic acid O-ethyl S-(1-methylpropyl)ester,excluded,149,149,0.4749999940395355,754,95465-99-9
OpenFoodTox,740,57520-17-9,Iminoctadine triacetate (Ref: DF 125),excluded,149,149,0.6666666865348816,34,2439-10-3
OpenFoodTox,741,134098-61-6,Fenpyroximate (Ref: NNI 850),excluded,149,149,0.23376622796058655,626,80844-07-1
OpenFoodTox,742,97780-06-8,Ethametsulfuron-methyl (Ref: DPX-A7881),included,149,148,0.49295774102211,760,126535-15-7
OpenFoodTox,743,122836-35-5,Sulfentrazone (Ref: FMC 97285),excluded,149,149,0.27272728085517883,443,19666-30-9
OpenFoodTox,744,52888-80-9,Prosulfocarb (Ref: SC 0574),excluded,149,149,0.28070175647735596,542,55512-33-9
OpenFoodTox,745,858956-08-8,Aminocyclopyrachlor (Ref: DPX-MAT28),excluded,149,149,0.4444444477558136,335,1918-02-1
OpenFoodTox,746,129025-54-3,Clofencet (Ref: MON 21250 ),excluded,149,149,0.30188679695129395,659,90717-03-6
OpenFoodTox,747,135158-54-2,"1,2,3-Benzothiadiazole-7-carbothioic acid S-methyl ester",included,149,148,0.20000000298023224,156,86-86-2
OpenFoodTox,748,128639-02-1,"alpha,2-Dichloro-5-[4-(difluoromethyl)-4,5-dihydro-3-methyl-5-oxo-1H-1,2,4-triazol-1-yl]-4-fluorobenzenepropanoic acid, Ethyl ester",excluded,149,149,0.3246753215789795,805,129630-19-9
OpenFoodTox,749,98730-04-2,Benoxacor (Ref: CGA 154281),excluded,149,149,0.21052631735801697,387,5234-68-4
OpenFoodTox,750,35256-85-0,Tebutam (Ref: GPC-5544),excluded,149,149,0.25,118,86-87-3
OpenFoodTox,751,178928-70-6,"2-[2-(1-Chlorocyclopropyl)-3-(2-chlorophenyl)-2-hydroxypropyl]-1,2-dihydro-3H-1,2,4-triazole-3-thione",included,149,148,0.2142857164144516,931,239110-15-7
OpenFoodTox,752,123312-89-0,"4,5-Dihydro-6-methyl-4-[(E)-(3-pyridinylmethylene)amino]-1,2,4-triazin-3(2H)-one",excluded,149,149,0.1515151560306549,204,69327-76-0
OpenFoodTox,753,61676-87-7,Cymiazol (Ref: CGA 50439),excluded,149,149,0.1666666716337204,582,57018-04-9
OpenFoodTox,754,95465-99-9,Cadusafos (Ref: FMC 67825),included,149,148,0.4482758641242981,240,13194-48-4
OpenFoodTox,755,122931-48-0,"N-[[(4,6-Dimethoxy-2-pyrimidinyl)amino]carbonyl]-3-(ethylsulfonyl)-2-pyridine sulfonamide",included,149,148,0.5,759,120923-37-7
OpenFoodTox,756,213464-77-8,"2-[[[[[(4,6-Dimethoxy-2-pyrimidinyl)amino]carbonyl]amino]sulfonyl]amino]-N,N-dimethylbenzamide",included,149,148,0.5272727012634277,759,120923-37-7
OpenFoodTox,757,136426-54-5,Fluquinconazole (Ref: AE C597265),excluded,149,149,0.2702702581882477,180,112281-77-3
OpenFoodTox,758,106040-48-6,Tribenuron (Ref: IN R9803),excluded,149,149,0.4833333194255829,217,64902-72-3
OpenFoodTox,759,120923-37-7,Amidosulfuron,included,149,148,0.5272727012634277,756,213464-77-8
OpenFoodTox,760,126535-15-7,Triflusulfuron-methyl (Ref: DPX 66037),included,149,148,0.49295774102211,742,97780-06-8
OpenFoodTox,761,122548-33-8,"2-Chloro-N-[[(4,6-dimethoxy-2-pyrimidinyl)amino]carbonyl]imidazo[1,2-a]pyridine-3-sulfonamide",excluded,149,149,0.5087719559669495,759,120923-37-7
OpenFoodTox,762,135990-29-3,Triflusulfuron,excluded,149,149,0.8709677457809448,760,126535-15-7
OpenFoodTox,763,139528-85-1,Metosulam (Ref: XDE 511),included,149,148,0.44285714626312256,923,422556-08-9
OpenFoodTox,764,131860-33-8,(alphaE)-2-[[6-(2-Cyanophenoxy)-4-pyrimidinyl]oxy]-alpha-(methoxymethylene)benzeneacetic acid methyl ester,excluded,149,149,0.2405063360929489,726,141517-21-7
OpenFoodTox,765,99607-70-2,Cloquintocet-mexyl (Ref: CGA 185072),excluded,149,149,0.2711864411830902,88,94-75-7
OpenFoodTox,766,121776-33-8,Furilazole (Ref: MON 13900),excluded,149,149,0.20967741310596466,355,1563-66-2
OpenFoodTox,767,111353-84-5,"2-[[[[[4-Ethoxy-6-(methylamino)-1,3,5-triazin-2-yl]amino]carbonyl]amino]sulfonyl]benzoic acid",excluded,149,149,0.8461538553237915,742,97780-06-8
OpenFoodTox,768,123343-16-8,"2-Chloro-6-[(4,6-dimethoxy-2-pyrimidinyl)thio]benzoic acid sodium salt (1:1)",excluded,149,149,0.3333333432674408,759,120923-37-7
OpenFoodTox,769,114420-56-3,Clodinafop (Ref: CGA 193469),excluded,149,149,0.43396225571632385,386,51338-27-3
OpenFoodTox,770,72963-72-5,"2,2-Dimethyl-3-(2-methyl-1-propenyl)cyclopropanecarboxylic acid, [2,5-dioxo-3-(2-propynyl)-1-imidazolidinyl]methyl ester",excluded,149,149,0.15584415197372437,187,2312-35-8
OpenFoodTox,771,106917-52-6,Flusulfamide (Ref: MTF 651),excluded,149,149,0.3191489279270172,198,99-30-9
OpenFoodTox,772,21543-49-7,6-chloro-3-pyridinemethanol,excluded,149,149,0.42500001192092896,790,135410-20-7
OpenFoodTox,773,116255-48-2,Bromuconazole (Ref: LS 860263),excluded,149,149,0.4923076927661896,710,119446-68-3
OpenFoodTox,774,110235-47-7,Mepanipyrim (Ref: KUF 6201),excluded,149,149,0.6666666865348816,690,53112-28-0
OpenFoodTox,775,34622-58-7,Orbencarb (Ref: B-3356),excluded,149,149,0.2750000059604645,118,86-87-3
OpenFoodTox,776,56196-53-3,Oryctalure,excluded,149,149,0.3414634168148041,92,121-75-5
OpenFoodTox,777,83130-01-2,Alanycarb,excluded,149,149,0.4693877696990967,551,59669-26-0
OpenFoodTox,778,211867-47-9,Flumorph (Ref: SYP L190),excluded,149,149,0.2571428716182709,813,243973-20-8
OpenFoodTox,779,113158-40-0,Fenoxaprop-P (Ref: AE-F088406),excluded,149,149,0.4285714328289032,386,51338-27-3
OpenFoodTox,780,63837-33-2,Diofenolan (Ref: CGA 059205),excluded,149,149,0.3207547068595886,614,95737-68-1
OpenFoodTox,781,147150-35-4,"3-Chloro-2-[[(5-ethoxy-7-fluoro[1,2,4]triazolo[1,5-c]pyrimidin-2-yl)sulfonyl]amino]benzoic acid, Methyl ester",excluded,149,149,0.3888888955116272,720,145701-23-1
OpenFoodTox,782,116714-46-6,"N-[[[3-Chloro-4-[1,1,2-trifluoro-2-(trifluoromethoxy)ethoxy]phenyl]amino]carbonyl]-2,6-difluorobenzamide",excluded,149,149,0.47826087474823,642,101463-69-8
OpenFoodTox,783,39807-15-3,Oxadiargyl (Ref: RP 020630 ),excluded,149,149,0.6538461446762085,443,19666-30-9
OpenFoodTox,784,105779-78-0,Pyrimidifen,excluded,149,149,0.23529411852359772,119,34256-82-1
OpenFoodTox,785,135319-73-2,Epoxiconazole (Ref: BAS 480F),excluded,149,149,0.3380281627178192,710,119446-68-3
OpenFoodTox,786,121552-61-2,Cyprodinil (Ref: CGA 219417),excluded,149,149,0.6666666865348816,690,53112-28-0
OpenFoodTox,787,118134-30-8,"8-(1,1-Dimethylethyl)-N-ethyl-N-propyl-1,4-dioxaspiro[4.5]decane-2-methanamine",excluded,149,149,0.14705882966518402,503,94361-06-5
OpenFoodTox,788,94125-34-5,"N-[[(4-Methoxy-6-methyl-1,3,5-triazin-2-yl)amino]carbonyl]-2-(3,3,3-trifluoropropyl)benzenesulfonamide",excluded,149,149,0.6551724076271057,217,64902-72-3
OpenFoodTox,789,90338-20-8,Butathiofos (Ref: Dowco 429),excluded,149,149,0.2142857164144516,379,22224-92-6
OpenFoodTox,790,135410-20-7,Acetamiprid,included,149,148,0.38181817531585693,831,111988-49-9
OpenFoodTox,791,131807-57-3,"5-Methyl-5-(4-phenoxyphenyl)-3-(phenylamino)-2,4-oxazolidinedione",excluded,149,149,0.2586206793785095,614,95737-68-1
OpenFoodTox,792,150824-47-8,"(1E)-N-[(6-Chloro-3-pyridinyl)methyl]-N-ethyl-N'-methyl-2-nitro-1,1-ethenediamine",excluded,149,149,0.4067796468734741,713,138261-41-3
OpenFoodTox,793,95266-40-3,"4-(Cyclopropylhydroxymethylene)-3,5-dioxocyclohexanecarboxylic acid ethyl ester",excluded,149,149,0.37254902720451355,908,87820-88-0
OpenFoodTox,794,153233-91-1,"2-(2,6-Difluorophenyl)-4-[4-(1,1-dimethylethyl)-2-ethoxyphenyl]-4,5-dihydrooxazole",included,149,148,0.25,626,80844-07-1
OpenFoodTox,795,141112-29-0,Isoxaflutole (Ref: RPA 201772),included,149,148,0.25,732,99105-77-8
OpenFoodTox,796,87547-04-4,Flumiclorac,excluded,149,149,0.4375,88,94-75-7
OpenFoodTox,797,361377-29-9,"(1E)-[2-[[6-(2-Chlorophenoxy)-5-fluoro-4-pyrimidinyl]oxy]phenyl](5,6-dihydro-1,4,2-dioxazin-3-yl)-methanone, O-Methyloxime",excluded,149,149,0.21917808055877686,729,120928-09-8
OpenFoodTox,798,119126-15-7,Flupoxam (Ref: MON 18500),excluded,149,149,0.2530120611190796,1030,1390661-72-9
OpenFoodTox,799,129909-90-6,"4-Amino-N-(1,1-dimethylethyl)-4,5-dihydro-3-(1-methylethyl)-5-oxo-1H-1,2,4-triazole-1-carboxamide",excluded,149,149,0.22058823704719543,846,145026-81-9
OpenFoodTox,800,115970-17-7,"1-[(6-Chloro-3-pyridinyl)methyl]-4,5-dihydro-1H-imidazol-2-amine",excluded,149,149,0.5869565010070801,713,138261-41-3
OpenFoodTox,801,365400-11-9,"(5-Hydroxy-1,3-dimethyl-1H-pyrazol-4-yl)[2-(methylsulfonyl)-4-(trifluoromethyl)phenyl]methanone",excluded,149,149,0.48275861144065857,795,141112-29-0
OpenFoodTox,802,208465-21-8,Mesosulfuron-methyl (Ref: AE F130060),included,149,148,0.5,759,120923-37-7
OpenFoodTox,803,150315-10-9,Flupyrsulfuron,excluded,149,149,0.5806451439857483,932,144740-54-5
OpenFoodTox,804,374726-62-2,4-Chloro-N-[2-[3-methoxy-4-(2-propynyloxy)phenyl]ethyl]-alpha-(2-propynyloxy)benzeneacetamide,excluded,149,149,0.2539682686328888,88,94-75-7
OpenFoodTox,805,129630-19-9,2-[2-Chloro-5-[4-chloro-5-(difluoromethoxy)-1-methyl-1H-pyrazol-3-yl]-4-fluorophenoxy]acetic acid ethyl ester,included,149,148,0.2698412835597992,88,94-75-7
OpenFoodTox,806,177406-68-7,Benthiavalicarb-isopropyl (Ref: KIF-230),excluded,149,149,0.27419355511665344,241,101-21-3
OpenFoodTox,807,149253-65-6,Fluthiacet,excluded,149,149,0.2295081913471222,269,55335-06-3
OpenFoodTox,808,68049-83-2,Azafenidin,excluded,149,149,0.2985074520111084,443,19666-30-9
OpenFoodTox,809,126833-17-8,Fenhexamid (Ref: KBR 2738),included,149,148,0.2199999988079071,56,709-98-8
OpenFoodTox,810,81591-81-3,Glyphosate-trimesium,excluded,149,149,0.5714285969734192,440,1071-83-6
OpenFoodTox,811,142891-20-1,Cinidon-ethyl (Ref: BAS 615H),excluded,149,149,0.23333333432674408,56,709-98-8
OpenFoodTox,812,127277-53-6,Prohexadione-calcium (Ref: BAS 125W),excluded,149,149,0.26923078298568726,908,87820-88-0
OpenFoodTox,813,243973-20-8,"2,2-Dimethylpropanoic acid  8-(2,6-diethyl-4-methylphenyl)-1,2,4,5- tetrahydro-7-oxo-7H-pyrazolo[1,2-d][1,4,5]oxadiazepin-9-yl ester",included,149,148,0.26760563254356384,592,283594-90-1
OpenFoodTox,814,101007-06-1,Acrinathrin (Ref: RU 38702),excluded,149,149,0.2278480976819992,666,66332-96-5
OpenFoodTox,815,110956-75-7,Pentoxazone (Ref: KPP-314),excluded,149,149,0.23943662643432617,443,19666-30-9
OpenFoodTox,816,181274-17-9,Flucarbazone-sodium (Ref: BAY MKH 6562),excluded,149,149,0.375,846,145026-81-9
OpenFoodTox,817,120116-88-3,"4-Chloro-2-cyano-N,N-dimethyl-5-(4-methylphenyl)-1H-imidazole-1-sulfonamide",excluded,149,149,0.27272728085517883,552,731-27-1
OpenFoodTox,818,128621-72-7,"alpha,2-Dichloro-5-[4-(difluoromethyl)-4,5-dihydro-3-methyl-5-oxo-1H-1,2,4-triazol-1-yl]-4-fluorobenzenepropanoic acid",excluded,149,149,0.28205129504203796,805,129630-19-9
OpenFoodTox,819,219714-96-2,"2-(2,2-Difluoroethoxy)-N-(5,8-dimethoxy[1,2,4]triazolo[1,5-c]pyrimidin-2-yl)-6-(trifluoromethyl)benzenesulfonamide",excluded,149,149,0.41025641560554504,923,422556-08-9
OpenFoodTox,820,173159-57-4,Foramsulfuron (Ref: AE F130360),excluded,149,149,0.546875,756,213464-77-8
OpenFoodTox,821,113136-77-9,"1-[[(2,4-Dichlorophenyl)amino]carbonyl]cyclopropane carboxylic acid",excluded,149,149,0.3469387888908386,809,126833-17-8
OpenFoodTox,822,162320-67-4,Diflovidazin (Ref: SZ1 121),excluded,149,149,0.6666666865348816,619,74115-24-5
OpenFoodTox,823,104206-82-8,Mesotrione (Ref: ZA 1296),excluded,149,149,0.6666666865348816,732,99105-77-8
OpenFoodTox,824,133408-50-1,Metominostrobin (Ref: SSF 126),excluded,149,149,0.3030303120613098,726,141517-21-7
OpenFoodTox,825,113036-87-6,Primisulfuron,excluded,149,149,0.46875,875,144651-06-9
OpenFoodTox,826,145701-21-9,"N-(2,6-Dichlorophenyl)-5-ethoxy-7-fluoro-[1,2,4-triazolo[1,5-c]pyrimidine-2-sulfonamide",excluded,149,149,0.421875,720,145701-23-1
OpenFoodTox,827,165252-70-0,Dinotefuran (Ref: MTI 446),excluded,149,149,0.3962264060974121,845,210880-92-5
OpenFoodTox,828,125225-28-7,"2-[(4-Chlorophenyl)methyl]-5-(1-methylethyl)-1-(1H-1,2,4-triazol-1-ylmethyl)cyclopentanol",included,149,148,0.4354838728904724,503,94361-06-5
OpenFoodTox,829,179101-81-6,Pyridalyl (Ref: S-1812),excluded,149,149,0.3030303120613098,931,239110-15-7
OpenFoodTox,830,153719-23-4,"3-[(2-Chloro-5-thiazolyl)methyl]tetrahydro-5-methyl-N-nitro-4H-1,3,5-oxadiazin-4-imine",excluded,149,149,0.37931033968925476,845,210880-92-5
OpenFoodTox,831,111988-49-9,[N(Z)]-N-[3-[(6-Chloro-3-pyridinyl)methyl]-2-thiazolidinylidene]cyanamide,included,149,148,0.4035087823867798,713,138261-41-3
OpenFoodTox,832,27355-22-2,Phthalide (Ref: BAY 96610),excluded,149,149,0.16363635659217834,986,951659-40-8
OpenFoodTox,833,125116-23-6,"5-[(4-Chlorophenyl)methyl]-2,2-dimethyl-1-(1H-1,2,4-triazol-1-ylmethyl)cyclopentanol",excluded,149,149,0.6140350699424744,828,125225-28-7
OpenFoodTox,834,185676-84-0,Verbutin (Ref: MB-599),excluded,149,149,0.2291666716337204,1005,67233-85-6
OpenFoodTox,835,102851-06-9,Tau-fluvalinate (Ref: SAN 527l),excluded,149,149,0.375,642,101463-69-8
OpenFoodTox,836,143807-66-3,Chromafenozide (Ref: ANS 118),included,149,148,0.5438596606254578,675,161050-58-4
OpenFoodTox,837,86763-47-5,Propisochlor,included,149,148,0.7441860437393188,119,34256-82-1
OpenFoodTox,838,161326-34-7,"(5S)-3,5-Dihydro-5-methyl-2-(methylthio)-5-phenyl-3-(phenylamino)-4H-imidazol-4-one",excluded,149,149,0.2291666716337204,690,53112-28-0
OpenFoodTox,839,118712-89-3,"(1R,3S)-3-(2,2-Dichloroethenyl)-2,2-dimethyl-(2,3,5,6-tetrafluorophenyl)methyl ester cyclopropanecarboxylic acid",excluded,149,149,0.20270270109176636,1030,1390661-72-9
OpenFoodTox,840,163515-14-8,Dimethenamid-P,included,149,148,0.3921568691730499,523,50563-36-5
OpenFoodTox,841,137641-05-5,Picolinafen (Ref: BAS 700H),excluded,149,149,0.4615384638309479,657,83164-33-4
OpenFoodTox,842,125306-83-4,Cafenstrole (Ref: CH 900),excluded,149,149,0.26153847575187683,546,67747-09-5
OpenFoodTox,843,135186-78-6,Pyriftalid (Ref: CGA 279233),excluded,149,149,0.24285714328289032,755,122931-48-0
OpenFoodTox,844,168088-61-7,Pyribenzoxim (Ref: LGC 40863 ),excluded,149,149,0.27142858505249023,756,213464-77-8
OpenFoodTox,845,210880-92-5,Clothianidin (Ref: CGA 322704),included,149,148,0.2380952388048172,713,138261-41-3
OpenFoodTox,846,145026-81-9,Propoxycarbazone,included,149,148,0.515625,1008,317815-83-1
OpenFoodTox,847,149877-41-8,"2-(4-Methoxy[1,1'-biphenyl]-3-yl)hydrazinecarboxylic acid, 1-Methylethyl ester",included,149,148,0.3461538553237915,241,101-21-3
OpenFoodTox,848,34494-03-6,Glyphosate-sodium,excluded,149,149,0.6399999856948853,440,1071-83-6
OpenFoodTox,849,106700-29-2,2-Chloro-N-(2-ethoxyethyl)-N-(2-methyl-1-phenyl-1-propen-1-yl)acetamide,included,149,148,0.35185185074806213,119,34256-82-1
OpenFoodTox,850,122008-78-0,Cyhalofop,excluded,149,149,0.42592594027519226,386,51338-27-3
OpenFoodTox,851,100784-20-1,"3-Chloro-5-[[[[(4,6-dimethoxy-2-pyrimidinyl)amino]carbonyl]amino]sulfonyl]-1-methyl-1H-pyrazole-4-carboxylic acid, Methyl ester",excluded,149,149,0.5660377144813538,759,120923-37-7
OpenFoodTox,852,158237-07-1,Fentrazamide (Ref: BAY YRC 2388),excluded,149,149,0.2631579041481018,1024,1255734-28-1
OpenFoodTox,853,136191-64-5,Pyriminobac-methyl (Ref: KIH-6127),excluded,149,149,0.30434781312942505,756,213464-77-8
OpenFoodTox,854,98389-04-9,Pyrazosulfuron,excluded,149,149,0.5471698045730591,759,120923-37-7
OpenFoodTox,855,126801-58-9,Ethoxysulfuron (Ref: AE F095404),excluded,149,149,0.5333333611488342,755,122931-48-0
OpenFoodTox,856,162650-77-3,N-(Cyano-2-thienylmethyl)-4-ethyl-2-(ethylamino)-5-thiazolecarboxamide,excluded,149,149,0.20967741310596466,56,709-98-8
OpenFoodTox,857,156963-66-5,3-[2-Chloro-4-(methanesulfonyl)benzoyl]-4-(phenylsulfanyl)bicyclo[3.2.1]oct-3-en-2-one,excluded,149,149,0.4262295067310333,732,99105-77-8
OpenFoodTox,858,2961-68-4,Bromoxynil-potassium,excluded,149,149,0.5600000023841858,396,1689-84-5
OpenFoodTox,859,145026-88-6,Flucarbazone,excluded,149,149,0.5645161271095276,846,145026-81-9
OpenFoodTox,860,413615-35-7,Benthiavalicarb,excluded,149,149,0.27142858505249023,730,142459-58-3
OpenFoodTox,861,115086-54-9,1-[(6-Chloro-3-pyridinyl)methyl]-N-nitro-1H-imidazol-2-amine,excluded,149,149,0.5799999833106995,713,138261-41-3
OpenFoodTox,862,133220-30-1,Indanofan (Ref: MK 243),excluded,149,149,0.2666666805744171,1033,81777-95-9
OpenFoodTox,863,188489-07-8,"2-[2-Chloro-4-fluoro-5-[5-methyl-6-oxo-4-(trifluoromethyl)-1(6H)-pyridazinyl]phenoxy]acetic acid, Ethyl ester",excluded,149,149,0.4324324429035187,805,129630-19-9
OpenFoodTox,864,144550-36-7,Iodosulfuron-methyl-sodium (Ref: AE F115008),excluded,149,149,0.446153849363327,217,64902-72-3
OpenFoodTox,865,113614-08-7,Beflubutamid (Ref: UBH 820),excluded,149,149,0.3333333432674408,666,66332-96-5
OpenFoodTox,866,120162-55-2,Azimsulfuron,excluded,149,149,0.4833333194255829,759,120923-37-7
OpenFoodTox,867,96491-05-3,Thenylchlor (Ref: NSK 850),excluded,149,149,0.5416666865348816,523,50563-36-5
OpenFoodTox,868,3861-41-4,Bromoxynil-butanoate,included,149,148,0.4285714328289032,396,1689-84-5
OpenFoodTox,869,400852-66-6,Mesosulfuron (Ref: AE F154851),excluded,149,149,0.8703703880310059,802,208465-21-8
OpenFoodTox,870,134605-64-4,"2-Chloro-5-[3,6-dihydro-3-methyl-2,6-dioxo-4-(trifluoromethyl)-1(2H)-pyrimidinyl]benzoic acid 1,1-dimethyl-2-oxo-2-(2-propenyloxy)ethyl ester",excluded,149,149,0.2183908075094223,1030,1390661-72-9
OpenFoodTox,871,148477-71-8,"2,2-Dimethylbutanoic acid, 3-(2,4-Dichlorophenyl)-2-oxo-1-oxaspiro[4.5]dec-3-en-4-yl ester",excluded,149,149,0.43939393758773804,592,283594-90-1
OpenFoodTox,872,149979-41-9,Tepraloxydim (Ref: BAS 620H),excluded,149,149,0.38333332538604736,908,87820-88-0
OpenFoodTox,873,135590-91-9,Mefenpyr diethyl (Ref: HOE 107892),excluded,149,149,0.30158731341362,1033,81777-95-9
OpenFoodTox,874,188425-85-6,"2-Chloro-N-(4'-chloro[1,1'-biphenyl]-2-yl)-3-pyridinecarboxamide",excluded,149,149,0.37704917788505554,971,907204-31-3
OpenFoodTox,875,144651-06-9,Oxasulfuron (Ref: CGA 277476 ),included,149,148,0.4923076927661896,742,97780-06-8
OpenFoodTox,876,42922-74-7,Sucrose octanoate,excluded,149,149,0.2181818187236786,34,2439-10-3
OpenFoodTox,877,130000-40-7,Thifluzamide (Ref: MON 24000),excluded,149,149,0.26153847575187683,536,64628-44-0
OpenFoodTox,878,140923-17-7,Iprovalicarb (Ref: SZX 0722),excluded,149,149,0.3214285671710968,847,149877-41-8
OpenFoodTox,879,121451-02-3,Noviflumuron,excluded,149,149,0.4637681245803833,642,101463-69-8
OpenFoodTox,880,84527-51-5,Zarilamid (Ref: ICIA001),excluded,149,149,0.26530611515045166,56,709-98-8
OpenFoodTox,881,101205-02-1,Cycloxydim (Ref: BAS 517H),excluded,149,149,0.38983049988746643,908,87820-88-0
OpenFoodTox,882,201593-84-2,Bistrifluron (Ref: DBI-3204),excluded,149,149,0.550000011920929,642,101463-69-8
OpenFoodTox,883,53780-36-2,"N-[2,4-Dimethyl-5-[[(trifluoromethyl)sulfonyl]amino]phenyl]acetamide compd. with 2,2'-Iminobis[ethanol](1:1)",excluded,149,149,0.22413793206214905,90,40487-42-1
OpenFoodTox,884,34363-01-4,Di-1-p-menthene,excluded,149,149,0.1538461595773697,795,141112-29-0
OpenFoodTox,885,5221-53-4,Dimethirimol (Ref: PP675),excluded,149,149,0.2222222238779068,996,865318-97-4
OpenFoodTox,886,35832-11-2,Picloram-triethylammonium,excluded,149,149,0.7419354915618896,335,1918-02-1
OpenFoodTox,887,51186-88-0,Sumithrin ,excluded,149,149,0.3492063581943512,626,80844-07-1
OpenFoodTox,888,403640-27-7,"5-[[(2,6-Difluorophenyl)methoxy]methyl]-4,5-dihydro-5-methyl(3-methyl-2-thienyl)isoxazole",excluded,149,149,0.21621622145175934,794,153233-91-1
OpenFoodTox,889,55634-91-8,Alloxydim,excluded,149,149,0.2537313401699066,908,87820-88-0
OpenFoodTox,890,139001-49-3,Profoxydim (Ref: BAS 625H),excluded,149,149,0.27272728085517883,908,87820-88-0
OpenFoodTox,891,92704-41-1,Kaolin calcined (Ref: SIK6463.5),excluded,149,149,0.095238097012043,632,39148-24-8
OpenFoodTox,892,6753-47-5,Picloram-tripromine,excluded,149,149,0.6571428775787354,335,1918-02-1
OpenFoodTox,893,2302-17-2,Asulam sodium (Ref: AE F102789),excluded,149,149,0.2950819730758667,932,144740-54-5
OpenFoodTox,894,69309-47-3,Piproctanyl,excluded,149,149,0.1944444477558136,544,24307-26-4
OpenFoodTox,895,69192-23-0,Prochloraz manganese complex (Ref: BTS 46828),excluded,149,149,0.9375,546,67747-09-5
OpenFoodTox,896,23947-60-6,Ethirimol (Ref: PP149),excluded,149,149,0.2181818187236786,996,865318-97-4
OpenFoodTox,897,88283-41-4,Pyrifenox (Ref: CGA 179945),excluded,149,149,0.2641509473323822,88,94-75-7
OpenFoodTox,898,25171-63-5,"N-[[(Methylamino)carbonyl]oxy]ethanimidothioic acid, 2-Cyanoethylester",excluded,149,149,0.27272728085517883,551,59669-26-0
OpenFoodTox,899,71526-69-7,Mecoprop etexyl,excluded,149,149,0.37288135290145874,386,51338-27-3
OpenFoodTox,900,74051-80-2,Sethoxydim (Ref: BAS 9052H),excluded,149,149,0.4035087823867798,908,87820-88-0
OpenFoodTox,901,2669-32-1,"S-[(5-Ethoxy-2-oxo-1,3,4-thiadiazol-3(2H)-yl)methyl] O,O-dimethyl phosphorodithioate",excluded,149,149,0.40425533056259155,5,732-11-6
OpenFoodTox,902,27306-78-1,"alpha-Methyl-omega-[3-[1,3,3,3-tetramethyl-1-[(trimethylsilyl)oxy]-1-disiloxanyl]propoxy]poly(oxy-1,2-ethanediyl)",excluded,149,149,0.1875,523,50563-36-5
OpenFoodTox,903,111578-32-6,"N'-[4-[(3,4-Dihydro-2-methoxy-2,4,4-trimethyl-2H-1-benzopyran-7-yl)oxy]phenyl]-N-methoxy-N-methylurea",excluded,149,149,0.25,386,51338-27-3
OpenFoodTox,904,5902-95-4 ,Calcium acid methanearsonate,excluded,149,149,0.23076923191547394,7,471-34-1
OpenFoodTox,905,145099-21-4,Trifloxysulfuron (Ref: CGA 292230),excluded,149,149,0.6610169410705566,755,122931-48-0
OpenFoodTox,906,116475-12-8,"Cyclopropanecarboxylic acid, 3-(2,2-Dichloroethenyl)-2,2-dimethylcyano(4-fluoro-3-phenoxyphenyl)methyl ester mixt. with 1-[(6-chloro-3-pyridinyl)methyl]-N-nitro-2-imidizolidinimide",excluded,149,149,0.4545454680919647,713,138261-41-3
OpenFoodTox,907,8027-00-7,"1,1'-(2-Nitrobutylidene)bis(4-chlorobenzene), Mixt. with 1,1'-(2-Nitropropylidene)bis(4-chlorobenzene)",excluded,149,149,0.2380952388048172,198,99-30-9
OpenFoodTox,908,87820-88-0,Tralkoxydim (Ref: PP 604),included,149,148,0.23529411852359772,592,283594-90-1
OpenFoodTox,909,19396-06-6,Polyoxin B,excluded,149,149,0.16438356041908264,156,86-86-2
OpenFoodTox,910,8065-36-9,"3-(1-Ethylpropyl)phenol, 1-(N-Methylcarbamate) mixt. with 3-(1-Methylbutyl)phenyl N-methylcarbamate",excluded,149,149,0.3928571343421936,398,23422-53-9
OpenFoodTox,911,1472649-01-6,Metyltetraprole (Ref: S-2367),excluded,149,149,0.2142857164144516,523,50563-36-5
OpenFoodTox,912,220899-03-6,"(3-Bromo-6-methoxy-2-methylphenyl)(2,3,4-trimethoxy-6-methylphenyl)methanone",excluded,149,149,0.24193547666072845,675,161050-58-4
OpenFoodTox,913,86598-92-7,Imibenconazole (Ref: HF 6305),excluded,149,149,0.35820895433425903,180,112281-77-3
OpenFoodTox,914,180409-60-3,Cyflufenamid (Ref: NF 149),excluded,149,149,0.2133333384990692,666,66332-96-5
OpenFoodTox,915,229977-93-9,Fluacrypyrim,excluded,149,149,0.3589743673801422,726,141517-21-7
OpenFoodTox,916,129558-76-5,4-Chloro-3-ethyl-1-methyl-N-[[4-(4-methylphenoxy)phenyl]methyl]-1H-pyrazole-5-carboxamide,excluded,149,149,0.25757575035095215,711,112410-23-8
OpenFoodTox,917,25319-90-8,MCPA-thioethyl,excluded,149,149,0.46341463923454285,88,94-75-7
OpenFoodTox,918,149961-52-4,Dimoxystrobin (Ref: BAS 505F),excluded,149,149,0.3913043439388275,726,141517-21-7
OpenFoodTox,919,158062-67-0,N-(Cyanomethyl)-4-(trifluoromethyl)-3-pyridinecarboxamide,excluded,149,149,0.3499999940395355,508,658066-35-4
OpenFoodTox,920,30043-49-3,Ethidimuron (Ref: MET 1486 ),excluded,149,149,0.2068965584039688,759,120923-37-7
OpenFoodTox,921,130561-48-7,Sintofen (Ref: SC 2053),excluded,149,149,0.25,523,50563-36-5
OpenFoodTox,922,87237-48-7,Haloxyfop-etotyl (Ref: DOWCO 453EE),excluded,149,149,0.38461539149284363,716,119738-06-6
OpenFoodTox,923,422556-08-9,"N-(5,7-Dimethoxy[1,2,4]triazolo[1,5-a]pyrimidin-2-yl)-2-methoxy-4-(trifluoromethyl)-3-pyridinesulfonamide",included,149,148,0.44285714626312256,763,139528-85-1
OpenFoodTox,924,142469-14-5,Tritosulfuron,included,149,148,0.5789473652839661,217,64902-72-3
OpenFoodTox,925,1332-40-7,Copper oxychloride,excluded,149,149,0.0714285746216774,582,57018-04-9
OpenFoodTox,926,560121-52-0,Cyenopyrafen (Ref: NC-512 ),excluded,149,149,0.2133333384990692,813,243973-20-8
OpenFoodTox,927,139968-49-3,2-[2-(4-Cyanophenyl)-1-[3-(trifluoromethyl)phenyl]ethylidene]-N-[4-(trifluoromethoxy)phenyl]hydrazinecarboxamide,included,149,148,0.3571428656578064,536,64628-44-0
OpenFoodTox,928,26952-20-5,"4-Amino-3,5,6-trichloro-2-pyridinecarboxylic acid, Isooctyl ester",excluded,149,149,0.46341463923454285,335,1918-02-1
OpenFoodTox,929,256412-89-2,Metamifop (Ref: DBH-129),excluded,149,149,0.3731343150138855,386,51338-27-3
OpenFoodTox,930,67762-39-4,"C6-12 Fatty acids, Me esters",excluded,149,149,0.3333333432674408,34,2439-10-3
OpenFoodTox,931,239110-15-7,"2,6-Dichloro-N-[[3-chloro-5-(trifluoromethyl)-2-pyridinyl]methyl]benzamide",included,149,148,0.5740740895271301,508,658066-35-4
OpenFoodTox,932,144740-54-5,Flupyrsulfuron-methyl-sodium,included,149,148,0.3888888955116272,802,208465-21-8
OpenFoodTox,933,168316-95-8,Spinosad (Ref: XDE 105),excluded,149,149,0.14159291982650757,187,2312-35-8
OpenFoodTox,934,115136-53-3,"2-[4,5-Dihydro-4-methyl-4-(1-methylethyl)-5-oxo-1H-imidazol-2-yl]-5-methyl-3-pyridinecarboxylic acid ammonium salt (1:1)",excluded,149,149,0.23333333432674408,659,90717-03-6
OpenFoodTox,935,189278-12-4,Proquinazid (Ref: DPX KQ926),included,149,148,0.26760563254356384,846,145026-81-9
OpenFoodTox,936,117428-22-5,(alphaE)-alpha-(Methoxymethylene)-2-[[[6-(trifluoromethyl)-2-pyridinyl]oxy]methyl]benzeneacetic acid methyl ester,excluded,149,149,0.3802816867828369,726,141517-21-7
OpenFoodTox,937,162490-88-2,Sordidin,excluded,149,149,0.13235294818878174,710,119446-68-3
OpenFoodTox,938,2961-62-8,Ioxynil-sodium,excluded,149,149,0.3448275923728943,396,1689-84-5
OpenFoodTox,939,2961-61-7,Ioxynil-lithium,excluded,149,149,0.3448275923728943,396,1689-84-5
OpenFoodTox,940,183675-82-3,"N-[2-(1,3-Dimethylbutyl)-3-thienyl]-1-methyl-3-(trifluoromethyl)-1H-pyrazole-4-carboxamide",included,149,148,0.36764705181121826,1003,494793-67-8
OpenFoodTox,941,13977-65-6,Potassium hydrogen phosphonate,excluded,149,149,0.25,39,298-14-6
OpenFoodTox,942,82697-71-0,"2-(4-Chlorophenyl)-3-ethyl-2,5-dihydro-5-oxo-4-pyridazinecarboxylic acid potassium salt",excluded,149,149,0.24193547666072845,534,55219-65-3
OpenFoodTox,943,81052-29-1,"2-(4-Chlorophenyl)-1-ethyl-1,4-dihydro-6-methyl-4-oxo-3-pyridinecarboxylic acid, Potassium salt",excluded,149,149,0.24242424964904785,280,2310-17-0
OpenFoodTox,944,865363-39-9,"(2R)-2-(2,4-Dichlorophenoxy)propanoic acid 2-ethylhexyl ester",excluded,149,149,0.4545454680919647,386,51338-27-3
OpenFoodTox,945,248593-16-0,Orysastrobin,excluded,149,149,0.4761904776096344,726,141517-21-7
OpenFoodTox,946,203313-25-1,"Carbonic acid, cis-3-(2,5-Dimethylphenyl)-8-methoxy-2-oxo-1-azaspiro[4.5]dec-3-en-4-yl ethyl ester",excluded,149,149,0.25333333015441895,592,283594-90-1
OpenFoodTox,947,95-95-4,"2,4,5-trichlorophenol",excluded,149,149,0.24242424964904785,56,709-98-8
OpenFoodTox,948,7345-69-9,Sodium tetrathiocarbonate (Ref: GY-81),excluded,149,149,0.20000000298023224,142,137-26-8
OpenFoodTox,949,39600-42-5,Glyphosate-monopotassium,excluded,149,149,0.6399999856948853,440,1071-83-6
OpenFoodTox,950,125401-92-5,"2,6-Bis[(4,6-dimethoxy-2-pyrimidinyl)oxy]benzoic acid sodium salt",excluded,149,149,0.3207547068595886,759,120923-37-7
OpenFoodTox,951,330459-31-9,"3-Phenyl-5-(2-thienyl)-1,2,4-oxadiazole",excluded,149,149,0.20930232107639313,690,53112-28-0
OpenFoodTox,952,372137-35-4,"2-Chloro-5-[3,6-dihydro-3-methyl-2,6-dioxo-4-(trifluoromethyl-1(2H)-pyrimidinyl]-4-fluoro-N-[[methyl(1-methylethyl)amino]sulfonyl]benzamide",excluded,149,149,0.2409638613462448,940,183675-82-3
OpenFoodTox,953,736994-63-1,3-Bromo-1-(3-chloro-2-pyridinyl)-N-[4-cyano-2-methyl-6-[(methylamino)carbonyl]phenyl]-1H-pyrazole-5-carboxamide,excluded,149,149,0.5384615659713745,1004,1031756-98-5
OpenFoodTox,954,26087-47-8,Iprobenfos,excluded,149,149,0.28260868787765503,5,732-11-6
OpenFoodTox,955,108189-58-8,Dihydroazadirachtin,excluded,149,149,0.1354166716337204,355,1563-66-2
OpenFoodTox,956,6980-18-3,Kasugamycin,excluded,149,149,0.1666666716337204,551,59669-26-0
OpenFoodTox,957,946578-00-3,N-[Methyloxido[1-[6-(trifluoromethyl)-3-pyridinyl]ethyl]-lambda4-sulfanylidene]cyanamide,excluded,149,149,0.23333333432674408,790,135410-20-7
OpenFoodTox,958,881685-58-1,Isopyrazam (Ref: SYN 520453),excluded,149,149,0.6507936716079712,991,1072957-71-1
OpenFoodTox,959,29450-45-1,"2-(4-Chloro-2-methylphenoxy)acetic acid, 2-Ethylhexyl ester",excluded,149,149,0.36538460850715637,88,94-75-7
OpenFoodTox,960,950782-86-2,"N2-[(1R,2S)-2,3-Dihydro-2,6-dimethyl-1H-inden-1-yl]-6-(1-fluoroethyl)-1,3,5-triazine-2,4-diamine",excluded,149,149,0.19298245012760162,690,53112-28-0
OpenFoodTox,961,155569-91-8,Emamectin benzoate (Ref: MK 244),excluded,149,149,0.14598539471626282,726,141517-21-7
OpenFoodTox,962,447399-55-5,"3-[[[5-(Difluoromethoxy)-1-methyl-3-(trifluoromethyl)-1H-pyrazol-4-yl]methyl]sulfonyl]-4,5-dihydro-5,5-dimethyl-isoxazole",excluded,149,149,0.2469135820865631,805,129630-19-9
OpenFoodTox,963,41495-67-4,Hexylthiofos,excluded,149,149,0.3243243098258972,240,13194-48-4
OpenFoodTox,964,2-58-46-0,Oxytetracycline hydrochloride,excluded,149,149,0.16249999403953552,398,23422-53-9
OpenFoodTox,965,1258836-72-4,Trifludimoxazin,excluded,149,149,0.17142857611179352,1033,81777-95-9
OpenFoodTox,966,109293-97-2,"2-[1-[2-[[(3,5-Difluorophenyl)amino]carbonyl]hydrazinylidene]ethyl]-3-pyridinecarboxylic acid",excluded,149,149,0.2702702581882477,657,83164-33-4
OpenFoodTox,967,107713-58-6,Flufenprox (Ref: ICIA5682),excluded,149,149,0.5263158082962036,626,80844-07-1
OpenFoodTox,968,581809-46-3,"N-(3',4'-Dichloro-5-fluoro[1,1'-biphenyl]-2-yl)-3-(difluoromethyl)-1-methyl-1H-pyrazole-4-carboxamide",excluded,149,149,0.5833333134651184,971,907204-31-3
OpenFoodTox,969,1376342-13-0,Guadipyr,excluded,149,149,0.3492063581943512,790,135410-20-7
OpenFoodTox,970,8077-21-2,"N,N'-[1,2-Phenylenebis(iminocarbonothioyl)]bis-C,C'-dimethyl ester carbamic acid mixt. with 2,4,5,6-tetrachloro-1,3-benzenedicarbonitrile",excluded,149,149,0.6578947305679321,405,23564-05-8
OpenFoodTox,971,907204-31-3,Fluxapyroxad (Ref: BAS 700F),included,149,148,0.5,991,1072957-71-1
OpenFoodTox,972,400882-07-7,Cyflumetofen (Ref: OK-5101),excluded,149,149,0.3333333432674408,666,66332-96-5
OpenFoodTox,973,874967-67-6,"N-(2-[1,1'-Bicyclopropyl]-2-ylphenyl)-3-(difluoromethyl)-1-methyl-1H-pyrazole-4-carboxamide",excluded,149,149,0.609375,991,1072957-71-1
OpenFoodTox,974,70393-85-0,Glyphosate-sesquisodium (Ref: Mon 8000),excluded,149,149,0.5714285969734192,440,1071-83-6
OpenFoodTox,975,75747-77-2,Prochloraz manganese chloride complex,excluded,149,149,0.9375,546,67747-09-5
OpenFoodTox,976,57754-85-5,"3,6-Dichloro-2-pyridinecarboxylic acid compd. with 2-aminoethanol (1:1)",excluded,149,149,0.75,515,1702-17-6
OpenFoodTox,977,337458-27-2,"1-Acetyl-3,4-dihydro-3-[(3-pyridinylmethyl)amino]-6-[1,2,2,2-tetrafluoro-1-(trifluoromethyl)ethyl]-2(1H)-quinazolinone",excluded,149,149,0.2183908075094223,657,83164-33-4
OpenFoodTox,978,11130-12-4,Sodium tetraborate pentahydrate,excluded,149,149,0.125,24,20859-73-8
OpenFoodTox,979,199119-58-9,"N-[[(4,6-Dimethoxy-2-pyrimidinyl)amino]carbonyl]-(2,2,2-trifluoroethoxy)-2-pyridinesulfonamide sodium salt (1:1)",excluded,149,149,0.47058823704719543,755,122931-48-0
OpenFoodTox,980,57764-08-6,Furalaxyl-M,excluded,149,149,0.3333333432674408,837,86763-47-5
OpenFoodTox,981,8051-02-3,Sabadilla (Ref: ENT 123 ),excluded,149,149,0.1538461595773697,847,149877-41-8
OpenFoodTox,982,55635-13-7,Alloxydim sodium,excluded,149,149,0.18292683362960815,134,55285-14-8
OpenFoodTox,983,221205-90-9,"N-{2-[(4,6-Dimethoxypyrimidin-2-yl)(hydroxy)methyl]-6-(methoxymethyl)phenyl}-1,1-difluoromethanesulfonamide",excluded,149,149,0.29729729890823364,756,213464-77-8
OpenFoodTox,984,12002-03-8,Copper acetoarsenite (Ref: ENT 884),excluded,149,149,0.2777777910232544,7,471-34-1
OpenFoodTox,985,473798-59-3,"S-Prop-2-en-1-yl 5-amino-4-(2-methylphenyl)-3-oxo-2-(propan-2-yl)-2,3-dihydro-1H-pyrazole-1-carbothioate",excluded,149,149,0.24193547666072845,5,732-11-6
OpenFoodTox,986,951659-40-8,"4-[[(6-Chloro-3-pyridinyl)methyl](2,2-difluoroethyl)amino]-2(5H)-furanone",included,149,148,0.3166666626930237,790,135410-20-7
OpenFoodTox,987,1003318-67-9,"1-[4-[4-[5-(2,6-Difluorophenyl)-4,5-dihydro-3-isoxazolyl]-2-thiazolyl]-1-piperidinyl]-2-[5-methyl-3-(trifluoromethyl)-1H-pyrazol-1-yl]ethanone",included,149,148,0.21052631735801697,794,153233-91-1
OpenFoodTox,988,185119-76-0,Iodosulfuron,excluded,149,149,0.6034482717514038,217,64902-72-3
OpenFoodTox,989,935545-74-7,Spinetoram,excluded,149,149,0.1320754736661911,908,87820-88-0
OpenFoodTox,990,55870-98-9,Picloram-dimethylammonium,excluded,149,149,0.8518518805503845,335,1918-02-1
OpenFoodTox,991,1072957-71-1,"N-[9-(Dichloromethylene)-1,2,3,4-tetrahydro-1,4-1H-pyrazole-4-carboxamide",included,149,148,0.5,971,907204-31-3
OpenFoodTox,992,352010-68-5,4-Hydroxy-3-[[2-[(2-methoxyethoxy)methyl]-6-(trifluoromethyl)-3-pyridinyl]carbonyl]bicyclo[3.2.1]oct-3-en-2-one,excluded,149,149,0.2857142984867096,932,144740-54-5
OpenFoodTox,993,138164-12-2,Butroxydim (Ref: ICIA0500),excluded,149,149,0.6730769276618958,908,87820-88-0
OpenFoodTox,994,160791-64-0,Brofluthrinate (Ref: ZXI 8901),excluded,149,149,0.2535211145877838,386,51338-27-3
OpenFoodTox,995,688046-61-9,"(5-Chloro-2-methoxy-4-methylpyridin-3-yl)(2,3,4-trimethoxy-6-methylphenyl)methanone",excluded,149,149,0.2631579041481018,659,90717-03-6
OpenFoodTox,996,865318-97-4,Ametoctradin (Ref: BAS 650F),included,149,148,0.17307692766189575,34,2439-10-3
OpenFoodTox,997,173662-97-0,"2-{2-[(2,5-Dimethylphenoxy)methyl]phenyl}-2-methoxy-N-methylacetamide",excluded,149,149,0.2711864411830902,136,13684-63-4
OpenFoodTox,998,1229654-66-3,1-(3-Chloropyridin-2-yl)-N-[4-cyano-2-methyl-6-(methylcarbamoyl)phenyl]-3-{[5-(trifluoromethyl)-2H-tetrazol-2-yl]methyl}-1H-pyrazole-5-carboxamide,excluded,149,149,0.37755101919174194,1004,1031756-98-5
OpenFoodTox,999,1263133-33-0,Triflumezopyrim (Ref: DPX-RAB55),excluded,149,149,0.2916666567325592,655,96525-23-4
OpenFoodTox,1000,99485-76-4,N-[(2-Chlorophenyl)methyl]-N'-(1-methyl-1-phenylethyl)urea,excluded,149,149,0.2931034564971924,931,239110-15-7
OpenFoodTox,1001,1207727-04-5,Broflanilide (Ref: MCI-8007),excluded,149,149,0.3194444477558136,666,66332-96-5
OpenFoodTox,1002,943831-98-9,4-Amino-3-chloro-6-(4-chloro-2-fluoro-3-methoxyphenyl)-2-pyridinecarboxylic acid methyl ester,excluded,149,149,0.5,1030,1390661-72-9
OpenFoodTox,1003,494793-67-8,Penflufen (Ref: BYF-14182),included,149,148,0.36764705181121826,940,183675-82-3
OpenFoodTox,1004,1031756-98-5,Cyclaniliprole (Ref: IKI-3106),included,149,148,0.24175824224948883,1024,1255734-28-1
OpenFoodTox,1005,67233-85-6,Sodium 5-nitroguaiacolate,included,149,148,0.34285715222358704,99,824-39-5
OpenFoodTox,1006,500207-04-5,"N-[6-[[[(Z)-[(1-Methyl-1H-tetrazol-5-yl)phenylmethylene]amino]oxy]methyl]-2-pyridinyl]-1,1-dimethylethyl ester carbamic acid",excluded,149,149,0.24418604373931885,726,141517-21-7
OpenFoodTox,1007,1254304-22-7,Fluazaindolizine (Ref: DPX-Q8U80),excluded,149,149,0.3243243098258972,217,64902-72-3
OpenFoodTox,1008,317815-83-1,Thiencarbazone-methyl (Ref: BYH 18636 ),included,149,148,0.515625,846,145026-81-9
OpenFoodTox,1009,875915-78-9,"N-[1,1-Dimethyl-2-[2-methyl-4-(1-methylethoxy)phenyl]-2-oxoethyl]-3-methyl-2-thiophenecarboxamide",excluded,149,149,0.32258063554763794,666,66332-96-5
OpenFoodTox,1010,1101132-67-5,1-({1-Ethyl-4-[4-(methanesulfonyl)-3-(2-methoxyethoxy)-2-methylbenzoyl]-1H-pyrazol-5-yl}oxy)ethyl methyl carbonate,excluded,149,149,0.2380952388048172,755,122931-48-0
OpenFoodTox,1011,874195-61-6,Triafamone (Ref: AE 1887198),excluded,149,149,0.29411765933036804,720,145701-23-1
OpenFoodTox,1012,609346-29-4,Momfluorothrin (Ref: S-1563),excluded,149,149,0.19354838132858276,868,3861-41-4
OpenFoodTox,1013,958647-10-4,(2Z)-2-[[2-Fluoro-5-(trifluoromethyl)phenyl]thio]-2-[3-(2-methoxyphenyl)-2-thiazolidinylidene]acetonitrile,excluded,149,149,0.20930232107639313,726,141517-21-7
OpenFoodTox,1014,936331-72-5,Thiencarbazone,excluded,149,149,0.843137264251709,1008,317815-83-1
OpenFoodTox,1015,915972-17-7,"Cyclopropanecarboxylic acid, [(3S,4R,4aR,6S,6aS,12R,12aS,12bS)-3-[(Cyclopropylcarbonyl)oxy]-1,3,4,4a,5,6,6a,12,12a,12b-decahydro-6,12-dihydroxy-4,6a,12b-trimethyl-11-oxo-9-(3-pyridinyl)-2H,11H-naphtho[2,1-b]pyrano[3,4-e]pyran-4-yl]methyl ester",excluded,149,149,0.17525772750377655,908,87820-88-0
OpenFoodTox,1016,283159-90-0,Methyl 3-(4-chlorophenyl)-3-[(N-{[(propan-2-yl)oxy]carbonyl}valyl)amino]propanoate,excluded,149,149,0.35185185074806213,241,101-21-3
OpenFoodTox,1017,10361-94-1,Zinc borate,excluded,149,149,0.13636364042758942,99,824-39-5
OpenFoodTox,1018,1228284-64-7,"3-(Difluoromethyl)-N-methoxy-1-methyl-N-[1-(2,4,6-trichlorophenyl)propan-2-yl]-1H-pyrazole-4-carboxamide",included,149,148,0.36231884360313416,971,907204-31-3
OpenFoodTox,1019,1417782-03-6,"2-[4-(4-Chlorophenoxy)-2-(trifluoromethyl)phenyl]-1-(1H-1,2,4-triazol-1-yl)propan-2-ol",excluded,149,149,0.41428571939468384,710,119446-68-3
OpenFoodTox,1020,517875-34-2,Fenpicoxamid (Ref: XDE 777),excluded,149,149,0.21212121844291687,1030,1390661-72-9
OpenFoodTox,1021,1689566-03-7,Flupyrimin,excluded,149,149,0.33870968222618103,713,138261-41-3
OpenFoodTox,1022,1220411-29-9,"Methyl N-[2-({2-chloro-4-fluoro-5-[3-methyl-2,6-dioxo-4-(trifluoromethyl)-3,6-dihydropyrimidin-1(2H)-yl]phenyl}sulfanyl)propanoyl]-beta-alaninate",excluded,149,149,0.23076923191547394,805,129630-19-9
OpenFoodTox,1023,69254-40-6,Glyphosate-diammonium,excluded,149,149,0.6000000238418579,440,1071-83-6
OpenFoodTox,1024,1255734-28-1,Isoflucypram (Ref: BCS-CN88460),included,149,148,0.3378378450870514,1018,1228284-64-7
OpenFoodTox,1025,1383809-87-7,Fluindapyr (Ref: IR9792),excluded,149,149,0.3552631437778473,991,1072957-71-1
OpenFoodTox,1026,9050-36-6,Maltodextrin,excluded,149,149,0.12820513546466827,432,77182-82-2
OpenFoodTox,1027,943832-60-8,Halauxifen (Ref: X11393729),excluded,149,149,0.4838709533214569,1030,1390661-72-9
OpenFoodTox,1028,943012-36-0,"(1R,3R)-rel-3-[(1Z)-2-Chloro-3,3,3-trifluoro-1-propen-1-yl]-2,2-dimethylcyclopropanecarboxylic acid (2-methyl[1,1'-biphenyl]-3-yl)methyl ester mixt. with cyano(3-phenoxyphenyl)methyl 3-(2,2-dichloroethenyl)-2,2-dimethylcyclopropanecarboxylate",excluded,149,149,0.23076923191547394,626,80844-07-1
OpenFoodTox,1029,873330-19-9,"(1S,3S)-rel-3-[(1Z)-2-Chloro-3,3,3-trifluoro-1-propen-1-yl]-2,2-dimethyl-(R)-cyano(3-phenoxyphenyl)methyl ester cyclopropanecarboxylic acid mixt. with 3-bromo-N-[4-chloro-2-methyl-6-[(methylamino)carbonyl]phenyl]-1-(3-chloro-2-pyridinyl)-1H-pyrazole-5-carboxamide",excluded,149,149,0.4324324429035187,1004,1031756-98-5
OpenFoodTox,1030,1390661-72-9,Benzyl 4-amino-3-chloro-6-(4-chloro-2-fluoro-3-methoxyphenyl)-5-fluoropyridine-2-carboxylate,included,149,148,0.28070175647735596,335,1918-02-1
OpenFoodTox,1031,34494-04-7,Glyphosate-dimethylammonium,excluded,149,149,0.8636363744735718,440,1071-83-6
OpenFoodTox,1032,114370-14-8,Glyphosate-monoammonium,excluded,149,149,0.949999988079071,440,1071-83-6
OpenFoodTox,1033,81777-95-9,Bixlozone (Ref: F9600),included,149,148,0.25999999046325684,88,94-75-7
OpenFoodTox,1034,2039-46-5,2-(4-Chloro-2-methylphenoxy)acetic acid compd. with N-methylmethanamine (1:1),excluded,149,149,0.6388888955116272,88,94-75-7
OpenFoodTox_48h_screen,0,144-62-7,Ethanedioic acid,excluded,72,72,0.1538461595773697,34,2439-10-3
OpenFoodTox_48h_screen,1,99-87-6,Para-cymene,excluded,72,72,0.1764705926179886,582,57018-04-9
OpenFoodTox_48h_screen,2,61790-53-2,Kieselguhr,excluded,72,72,0.0625,23,16672-87-0
OpenFoodTox_48h_screen,3,65-85-0,Benzoic acid,excluded,72,72,0.2750000059604645,849,106700-29-2
OpenFoodTox_48h_screen,4,116-29-0,Tetradifon (Ref: ENT 23737),excluded,72,72,0.25,732,99105-77-8
OpenFoodTox_48h_screen,5,732-11-6,"S-[(1,3-Dihydro-1,3-dioxo-2H-isoindol-2-yl)methyl]O,O-dimethyl ester, Phosphorodithioic acid",included,72,71,0.2982456088066101,280,2310-17-0
OpenFoodTox_48h_screen,6,106-24-1,"(2E)-3,7-Dimethyl-2,6-octadien-1-ol",excluded,72,72,0.10256410390138626,34,2439-10-3
OpenFoodTox_48h_screen,7,471-34-1,Calcium carbonate,excluded,72,72,0.18518517911434174,432,77182-82-2
OpenFoodTox_48h_screen,8,8028-48-6,Orange oil,excluded,72,72,0.1538461595773697,732,99105-77-8
OpenFoodTox_48h_screen,9,7681-11-0,Potassium iodide,excluded,72,72,0.03448275849223137,384,3878-19-1
OpenFoodTox_48h_screen,10,2104-96-3,Bromophos,excluded,72,72,0.4722222089767456,582,57018-04-9
OpenFoodTox_48h_screen,11,54-11-5,Nicotine,excluded,72,72,0.19607843458652496,786,121552-61-2
OpenFoodTox_48h_screen,12,333-20-0,Potassium thiocyanate,excluded,72,72,0.06818182021379471,831,111988-49-9
OpenFoodTox_48h_screen,13,10028-22-5,"Sulfuric acid, Iron(3+) salt (3:2)",excluded,72,72,0.10256410390138626,732,99105-77-8
OpenFoodTox_48h_screen,14,7778-39-4,Arsenic acid,excluded,72,72,0.125,24,20859-73-8
OpenFoodTox_48h_screen,15,58-89-9,"(1alpha,2alpha,3beta,4alpha,5alpha,6beta)-1,2,3,4,5,6-Hexachlorocyclohexane",excluded,72,72,0.125,23,16672-87-0
OpenFoodTox_48h_screen,16,2540-82-1,Formothion (Ref: SAN 6913I),excluded,72,72,0.3636363744735718,5,732-11-6
OpenFoodTox_48h_screen,17,12527-76-3,Copper sulphate,excluded,72,72,0.10256410390138626,732,99105-77-8
OpenFoodTox_48h_screen,18,1317-39-1,Copper (I) oxide,excluded,72,72,0.0714285746216774,23,16672-87-0
OpenFoodTox_48h_screen,19,62-73-7,"Phosphoric acid 2,2-dichloroethenyl dimethyl ester",excluded,72,72,0.23076923191547394,23,16672-87-0
OpenFoodTox_48h_screen,20,25311-71-1,2-[[Ethoxy[(1-methylethyl)amino]phosphinothioyl]oxy]benzoic acid 1-methylethyl ester,excluded,72,72,0.31147539615631104,379,22224-92-6
OpenFoodTox_48h_screen,21,7733-02-0,"Sulfuric acid, Zinc salt (1:1)",excluded,72,72,0.10256410390138626,732,99105-77-8
OpenFoodTox_48h_screen,22,7786-34-7,"3-[(Dimethoxyphosphinyl)oxy]-2-butenoic acid, Methyl ester",excluded,72,72,0.1818181872367859,130,2032-65-7
OpenFoodTox_48h_screen,23,16672-87-0,(2-Chloroethyl)phosphonic acid,included,72,71,0.22580644488334656,432,77182-82-2
OpenFoodTox_48h_screen,24,20859-73-8,Aluminium phosphide,included,72,71,0.06666667014360428,23,16672-87-0
OpenFoodTox_48h_screen,25,555-37-3,Neburon,excluded,72,72,0.2698412835597992,546,67747-09-5
OpenFoodTox_48h_screen,26,7785-87-7,"Sulfuric acid, Manganese(2+) salt (1:1)",excluded,72,72,0.10256410390138626,732,99105-77-8
OpenFoodTox_48h_screen,27,87-86-5,"2,3,4,5,6-Pentachlorophenol",excluded,72,72,0.1666666716337204,685,150114-71-9
OpenFoodTox_48h_screen,28,57-10-3,Hexadecanoic acid,excluded,72,72,0.4137931168079376,34,2439-10-3
OpenFoodTox_48h_screen,29,7447-39-4,Copper II chloride,excluded,72,72,0.06521739065647125,508,658066-35-4
OpenFoodTox_48h_screen,30,420-04-2,"Cyanamide (Ref: LH 21,810A)",excluded,72,72,0.06976744532585144,831,111988-49-9
OpenFoodTox_48h_screen,31,123-31-9,Hydroquinone,excluded,72,72,0.14705882966518402,747,135158-54-2
OpenFoodTox_48h_screen,32,81-81-2,Warfarin,excluded,72,72,0.19354838132858276,849,106700-29-2
OpenFoodTox_48h_screen,33,63-25-2,1-Naphthalenol methylcarbamate,excluded,72,72,0.38297873735427856,398,23422-53-9
OpenFoodTox_48h_screen,34,2439-10-3,N-Dodecylguanidine acetate (1:1),included,72,71,0.17073170840740204,551,59669-26-0
OpenFoodTox_48h_screen,35,1918-00-9,"3,6-Dichloro-2-methyoxybenzoic acid",excluded,72,72,0.4000000059604645,659,90717-03-6
OpenFoodTox_48h_screen,36,20427-59-2,Copper (II) hydroxide,excluded,72,72,0.027027027681469917,119,34256-82-1
OpenFoodTox_48h_screen,37,22042-59-7,Cartap (Ref: TL 1258),excluded,72,72,0.21621622145175934,34,2439-10-3
OpenFoodTox_48h_screen,38,470-82-6,"1,8-cineole",excluded,72,72,0.10638298094272614,809,126833-17-8
OpenFoodTox_48h_screen,39,298-14-6,Potassium bicarbonate,excluded,72,72,0.1785714328289032,432,77182-82-2
OpenFoodTox_48h_screen,40,330-55-2,"N'-(3,4-Dichlorophenyl)-N-methoxy-N-methylurea",excluded,72,72,0.3076923191547394,386,51338-27-3
OpenFoodTox_48h_screen,41,97-53-0,Eugenol,excluded,72,72,0.2641509473323822,847,149877-41-8
OpenFoodTox_48h_screen,42,10103-46-5,Calcium phosphate,excluded,72,72,0.1764705926179886,23,16672-87-0
OpenFoodTox_48h_screen,43,89-83-8,5-Methyl-2-(1-methylethyl)phenol,excluded,72,72,0.1785714328289032,1003,494793-67-8
OpenFoodTox_48h_screen,44,107-27-7,Chloroethylmercury,excluded,72,72,0.10000000149011612,23,16672-87-0
OpenFoodTox_48h_screen,45,7775-09-9,"Chloric acid, Sodium salt (1:1)",excluded,72,72,0.0714285746216774,432,77182-82-2
OpenFoodTox_48h_screen,46,57-24-9,Strychnine,excluded,72,72,0.14102564752101898,516,36734-19-7
OpenFoodTox_48h_screen,47,1861-40-1,"N-Butyl-N-ethyl-2,6-dinitro-4-(trifluoromethyl)benzenamine",excluded,72,72,0.32786884903907776,509,42874-03-3
OpenFoodTox_48h_screen,48,10108-64-2,Cadmium chloride (CdCl2),excluded,72,72,0.07407407462596893,149,133-06-2
OpenFoodTox_48h_screen,49,93-58-3,"Benzoic acid, Methyl ester",excluded,72,72,0.302325576543808,849,106700-29-2
OpenFoodTox_48h_screen,50,133-07-3,"2-[(Trichloromethyl)thio]-1H-isoindole-1,3(2H)dione",excluded,72,72,0.4117647111415863,149,133-06-2
OpenFoodTox_48h_screen,51,99-49-0,Carvone,excluded,72,72,0.16981132328510284,732,99105-77-8
OpenFoodTox_48h_screen,52,76-06-2,Trichloronitromethane,excluded,72,72,0.23076923191547394,198,99-30-9
OpenFoodTox_48h_screen,53,112-30-1,1-decanol,excluded,72,72,0.3214285671710968,34,2439-10-3
OpenFoodTox_48h_screen,54,533-74-4,"Tetrahydro-3,5-dimethyl-2H-1,3,5-thiadiazine-2-thione",excluded,72,72,0.16326530277729034,204,69327-76-0
OpenFoodTox_48h_screen,55,10045-86-0,Ferric phosphate,excluded,72,72,0.1764705926179886,23,16672-87-0
OpenFoodTox_48h_screen,56,709-98-8,"N-(3,4-Dichlorophenyl)propanamide",excluded,72,72,0.28260868787765503,659,90717-03-6
OpenFoodTox_48h_screen,57,104-55-2,Cinnamaldehyde,excluded,72,72,0.2142857164144516,648,74070-46-5
OpenFoodTox_48h_screen,58,10058-44-3,Ferric pyrophosphate,excluded,72,72,0.16129031777381897,432,77182-82-2
OpenFoodTox_48h_screen,59,10101-53-8,"Sulfuric acid, Chromium(3+)salt(3:2)",excluded,72,72,0.1315789520740509,732,99105-77-8
OpenFoodTox_48h_screen,60,7632-00-0,"Nitrous acid, Sodium salt",excluded,72,72,0.1034482792019844,432,77182-82-2
OpenFoodTox_48h_screen,61,624-92-0,Dimethyl disulfide,excluded,72,72,0.11538461595773697,551,59669-26-0
OpenFoodTox_48h_screen,62,85-00-7,Diquat dibromide,excluded,72,72,0.13636364042758942,786,121552-61-2
OpenFoodTox_48h_screen,63,148-24-3,8-hydroxyquinoline,excluded,72,72,0.1964285671710968,755,122931-48-0
OpenFoodTox_48h_screen,64,330-54-1,"N'-(3,4-Dichlorophenyl)-N,N-dimethylurea",excluded,72,72,0.28260868787765503,659,90717-03-6
OpenFoodTox_48h_screen,65,1918-16-7,2-Chloro-N-(1-methylethyl)-N-phenylacetamide,excluded,72,72,0.3913043439388275,849,106700-29-2
OpenFoodTox_48h_screen,66,4180-23-8,Anethole,excluded,72,72,0.16326530277729034,386,51338-27-3
OpenFoodTox_48h_screen,67,30560-19-1,"N-Acetylphosphoramidothioic acid O,S-dimethyl ester",excluded,72,72,0.21052631735801697,551,59669-26-0
OpenFoodTox_48h_screen,68,298-00-0,Parathion-methyl (Ref: OMS 213),excluded,72,72,0.32499998807907104,582,57018-04-9
OpenFoodTox_48h_screen,69,650-51-1,TCA-sodium,excluded,72,72,0.19354838132858276,432,77182-82-2
OpenFoodTox_48h_screen,70,33089-61-1,Amitraz (Ref: ENT 27967),excluded,72,72,0.23999999463558197,398,23422-53-9
OpenFoodTox_48h_screen,71,7778-44-1,Calcium arsenate,excluded,72,72,0.07692307978868484,198,99-30-9
OpenFoodTox_48h_screen,72,124-07-2,Caprylic acid,excluded,72,72,0.4137931168079376,34,2439-10-3
OpenFoodTox_48h_screen,73,107-49-3,Tetraethyl ester diphosphoric acid,excluded,72,72,0.23255814611911774,379,22224-92-6
OpenFoodTox_48h_screen,74,510-15-6,Chlorobenzilate (Ref: ENT 18596),excluded,72,72,0.27272728085517883,503,94361-06-5
OpenFoodTox_48h_screen,75,98-01-1,2-Furancarboxaldehyde,excluded,72,72,0.2432432472705841,384,3878-19-1
OpenFoodTox_48h_screen,76,586-62-9,Alpha-terpinoline,excluded,72,72,0.1489361673593521,387,5234-68-4
OpenFoodTox_48h_screen,77,1836-75-5,"2,4-Dichloro-1-(4-nitrophenoxy)benzene",excluded,72,72,0.5531914830207825,471,42576-02-3
OpenFoodTox_48h_screen,78,74-83-9,Bromomethane,excluded,72,72,0.043478261679410934,1003,494793-67-8
OpenFoodTox_48h_screen,79,98-55-5,Alpha-terpineol,excluded,72,72,0.1666666716337204,836,143807-66-3
OpenFoodTox_48h_screen,80,62-38-4,(Acetato-kappaO)phenylmercury,excluded,72,72,0.28260868787765503,849,106700-29-2
OpenFoodTox_48h_screen,81,78-70-6,Linalool,excluded,72,72,0.11320754885673523,711,112410-23-8
OpenFoodTox_48h_screen,82,112-05-0,Nonanoic acid,excluded,72,72,0.4137931168079376,34,2439-10-3
OpenFoodTox_48h_screen,83,26644-46-2,"N,N'-[1,4-Piperazinediylbis(2,2,2-trichloroethylidene)]bis-formamide",excluded,72,72,0.15000000596046448,149,133-06-2
OpenFoodTox_48h_screen,84,112-72-1,Myristyl alcohol,excluded,72,72,0.3214285671710968,34,2439-10-3
OpenFoodTox_48h_screen,85,96-12-8,Dibromochloropropane (Ref: OS1897),excluded,72,72,0.1304347813129425,23,16672-87-0
OpenFoodTox_48h_screen,86,123-33-1,"1,2-Dihydro-3,6-pyridazinedione",excluded,72,72,0.13513512909412384,5,732-11-6
OpenFoodTox_48h_screen,87,68085-85-8,"3-(2-Chloro-3,3,3-trifluoro-1-propenyl)-2,2-dimethylcyclopropanecarboxylic acid cyano(3-phenoxyphenyl)methyl ester",excluded,72,72,0.2368421107530594,666,66332-96-5
OpenFoodTox_48h_screen,88,94-75-7,"2,4-D (Ref: L 208)",excluded,72,72,0.3913043439388275,386,51338-27-3
OpenFoodTox_48h_screen,89,93-15-2,Methyleugenol (Ref: Ent 21040),excluded,72,72,0.2549019753932953,847,149877-41-8
OpenFoodTox_48h_screen,90,40487-42-1,"N-(1-Ethylpropyl)-3,4-dimethyl-2,6-dinitro-benzenamine",excluded,72,72,0.25806450843811035,712,79622-59-6
OpenFoodTox_48h_screen,91,1929-77-7,Vernolate (Ref: R-106),excluded,72,72,0.2571428716182709,34,2439-10-3
OpenFoodTox_48h_screen,92,121-75-5,"2-[(Dimethoxyphosphinothioyl)thio]butanedioic acid 1,4-diethyl ester",excluded,72,72,0.27659574151039124,5,732-11-6
OpenFoodTox_48h_screen,93,108-62-3,Metaldehyde,excluded,72,72,0.0714285746216774,710,119446-68-3
OpenFoodTox_48h_screen,94,404-86-4,Capsaicin (Ref: NCI-C56564),excluded,72,72,0.25757575035095215,847,149877-41-8
OpenFoodTox_48h_screen,95,872-50-4,1-Methyl-2-pyrrolidinone,excluded,72,72,0.17777778208255768,516,36734-19-7
OpenFoodTox_48h_screen,96,119-64-2,"1,2,3,4-Tetrahydronaphthalene",excluded,72,72,0.1666666716337204,729,120928-09-8
OpenFoodTox_48h_screen,97,90-43-7,2-phenylphenol,excluded,72,72,0.2222222238779068,847,149877-41-8
OpenFoodTox_48h_screen,98,75-60-5,"As,As-Dimethylarsinic acid",excluded,72,72,0.10526315867900848,23,16672-87-0
OpenFoodTox_48h_screen,99,824-39-5,Sodium o-nitrophenolate,excluded,72,72,0.32499998807907104,648,74070-46-5
OpenFoodTox_48h_screen,100,114-26-1,"2-(1-Methylethoxy)phenol, 1-(N-Methylcarbamate)",excluded,72,72,0.38297873735427856,398,23422-53-9
OpenFoodTox_48h_screen,101,2008-41-5,"N,N-Bis(2-methylpropyl)carbamothioic acid S-ethyl ester",excluded,72,72,0.21621622145175934,34,2439-10-3
OpenFoodTox_48h_screen,102,80-06-8,4-Chloro-alpha-(4-chlorophenyl)-alpha-methylbenzenemethanol,excluded,72,72,0.30434781312942505,503,94361-06-5
OpenFoodTox_48h_screen,103,134-20-3,"2-Aminobenzoic acid, Methyl ester",excluded,72,72,0.27450981736183167,471,42576-02-3
OpenFoodTox_48h_screen,104,629-99-2,Pentacosane,excluded,72,72,0.3333333432674408,34,2439-10-3
OpenFoodTox_48h_screen,105,2163-80-6,"Methylarsonic acid, Monosodium salt",excluded,72,72,0.16129031777381897,432,77182-82-2
OpenFoodTox_48h_screen,106,52-68-6,Trichlorfon (Ref: OMS 800),excluded,72,72,0.1860465109348297,5,732-11-6
OpenFoodTox_48h_screen,107,72-43-5,Methoxychlor (Ref: OMS 466),excluded,72,72,0.21568627655506134,537,55179-31-2
OpenFoodTox_48h_screen,108,488-10-8,Jasmone,excluded,72,72,0.12903225421905518,813,243973-20-8
OpenFoodTox_48h_screen,109,7212-44-4,Nerolidol,excluded,72,72,0.1034482792019844,711,112410-23-8
OpenFoodTox_48h_screen,110,81412-43-3,Tridemorph (Ref: BAS 2205-F),excluded,72,72,0.23076923191547394,34,2439-10-3
OpenFoodTox_48h_screen,111,17804-35-2,"N-[1-[(Butylamino)carbonyl]-1H-benzimidazol-2-yl]carbamic acid, Methyl ester",excluded,72,72,0.24285714328289032,217,64902-72-3
OpenFoodTox_48h_screen,112,3347-22-6,Dithianon (Ref: BAS 216F),excluded,72,72,0.1702127605676651,5,732-11-6
OpenFoodTox_48h_screen,113,50-29-3,DDT (Ref: OMS 16),excluded,72,72,0.21739129722118378,534,55219-65-3
OpenFoodTox_48h_screen,114,563-12-2,Ethion (Ref: ENT 24105),excluded,72,72,0.32608696818351746,280,2310-17-0
OpenFoodTox_48h_screen,115,13593-03-8,"Phosphorothioic acid O,O-diethyl O-2-quinoxalinyl ester  ",excluded,72,72,0.2545454502105713,729,120928-09-8
OpenFoodTox_48h_screen,116,2642-71-9,"Phosphorodithioic acid O,O-diethyl S-[(4-oxo-1,2,3-benzotriazin-3(4H)-yl)methyl] ester",excluded,72,72,0.37704917788505554,280,2310-17-0
OpenFoodTox_48h_screen,117,98-50-0,As-(4-Aminophenyl)arsonic acid,excluded,72,72,0.1621621549129486,685,150114-71-9
OpenFoodTox_48h_screen,118,86-87-3,1-Naphthaleneacetic acid,excluded,72,72,0.239130437374115,119,34256-82-1
OpenFoodTox_48h_screen,119,34256-82-1,2-Chloro-N-(ethoxymethyl)-N-(2-ethyl-6-methylphenyl)acetamide,included,72,71,0.5333333611488342,523,50563-36-5
OpenFoodTox_48h_screen,120,24934-91-6,Chlormephos (Ref: MC 2188),excluded,72,72,0.3404255211353302,280,2310-17-0
OpenFoodTox_48h_screen,121,115-32-2,4-Chloro-alpha-(4-chlorophenyl)-alpha-(trichloromethyl)benzenemethanol,excluded,72,72,0.27659574151039124,503,94361-06-5
OpenFoodTox_48h_screen,122,66246-88-6,Penconazole (Ref: CGA 71818),excluded,72,72,0.37288135290145874,503,94361-06-5
OpenFoodTox_48h_screen,123,8012-95-1,Paraffin oils,excluded,72,72,0.11864406615495682,847,149877-41-8
OpenFoodTox_48h_screen,124,50-81-7,L-ascorbic acid,excluded,72,72,0.1515151560306549,23,16672-87-0
OpenFoodTox_48h_screen,125,2699-79-8,Sulfuryl fluoride,excluded,72,72,0.08888889104127884,720,145701-23-1
OpenFoodTox_48h_screen,126,117-80-6,Dichlone (Ref: USR 604),excluded,72,72,0.2368421107530594,5,732-11-6
OpenFoodTox_48h_screen,127,824-78-2,Sodium p-nitrophenolate,excluded,72,72,0.3448275923728943,198,99-30-9
OpenFoodTox_48h_screen,128,1698-60-8,5-Amino-4-chloro-2-phenyl-3(2H)-pyridazinone,excluded,72,72,0.25581395626068115,685,150114-71-9
OpenFoodTox_48h_screen,129,299-84-3,"Phosphorothioic acid, O,O-Dimethyl O-(2,4,5-trichlorophenyl)ester",excluded,72,72,0.53125,582,57018-04-9
OpenFoodTox_48h_screen,130,2032-65-7,"3,5-Dimethyl-4-(methylthio)phenol, Methylcarbamate",included,72,71,0.38297873735427856,398,23422-53-9
OpenFoodTox_48h_screen,131,80-57-9,Verbenone,excluded,72,72,0.1489361673593521,786,121552-61-2
OpenFoodTox_48h_screen,132,56-35-9,Tributyltin oxide (Ref: ENT 24979),excluded,72,72,0.1818181872367859,34,2439-10-3
OpenFoodTox_48h_screen,133,60-51-5,"O,O-Dimethyl S-[2-(methylamino)-2-oxoethyl]phosphorodithioic acid ester",excluded,72,72,0.4000000059604645,5,732-11-6
OpenFoodTox_48h_screen,134,55285-14-8,Carbosulfan (Ref: OMS 3022),included,72,71,0.625,643,82560-54-1
OpenFoodTox_48h_screen,135,43121-43-3,"1-(4-Chlorophenoxy)-3,3-dimethyl-1-(1H-1,2,4-triazol-1-yl)-2-butanone",excluded,72,72,0.6041666865348816,534,55219-65-3
OpenFoodTox_48h_screen,136,13684-63-4,(3-Methylphenyl)carbamic acid 3-[(methoxycarbonyl)amino]phenyl ester,excluded,72,72,0.4117647111415863,666,66332-96-5
OpenFoodTox_48h_screen,137,121-21-1,Pyrethrins (pyrethrin I),excluded,72,72,0.1547619104385376,134,55285-14-8
OpenFoodTox_48h_screen,138,13548-38-4,"Nitric acid, Chromium(3+) salt",excluded,72,72,0.21739129722118378,198,99-30-9
OpenFoodTox_48h_screen,139,83-79-4,Rotenone (Ref: ENT 133),excluded,72,72,0.18518517911434174,675,161050-58-4
OpenFoodTox_48h_screen,140,8008-99-9,Garlic extract,excluded,72,72,0.072727270424366,134,55285-14-8
OpenFoodTox_48h_screen,141,77-73-6,Dicyclopentadiene,excluded,72,72,0.12820513546466827,149,133-06-2
OpenFoodTox_48h_screen,142,137-26-8,"N,N,N',N'-Tetramethylthioperoxydicarbonic diamide ([(H2N)C(S)]2S2)",excluded,72,72,0.15625,551,59669-26-0
OpenFoodTox_48h_screen,143,56-38-2,"Phosphorothioic acid, O,O-Diethyl-O-(4-nitrophenyl)ester",excluded,72,72,0.2777777910232544,379,22224-92-6
OpenFoodTox_48h_screen,144,72-54-8,"1,1'-(2,2-Dichloroethylidene)bis[4-chlorobenzene]",excluded,72,72,0.19565217196941376,534,55219-65-3
OpenFoodTox_48h_screen,145,76-87-9,Hydroxytriphenylstannane,excluded,72,72,0.190476194024086,204,69327-76-0
OpenFoodTox_48h_screen,146,80-56-8,Alpha-pinene,excluded,72,72,0.1458333283662796,809,126833-17-8
OpenFoodTox_48h_screen,147,13952-84-6,2-aminobutane,excluded,72,72,0.1666666716337204,432,77182-82-2
OpenFoodTox_48h_screen,148,13708-85-5 ,Disodium phosphonate (Ref: IKF-916 25 SC),excluded,72,72,0.1034482792019844,432,77182-82-2
OpenFoodTox_48h_screen,149,133-06-2,Captan (Ref: SR 406),included,72,71,0.13793103396892548,443,19666-30-9
OpenFoodTox_48h_screen,150,534-52-1,DNOC (Ref: ENT 154),excluded,72,72,0.3529411852359772,198,99-30-9
OpenFoodTox_48h_screen,151,82-68-8,"1,2,3,4,5-Pentachloro-6-nitrobenzene",excluded,72,72,0.3333333432674408,198,99-30-9
OpenFoodTox_48h_screen,152,2164-08-1,Lenacil (Ref: DPX B634),excluded,72,72,0.15789473056793213,732,99105-77-8
OpenFoodTox_48h_screen,153,640-15-3,"S-[2-(Ethylthio)ethyl]O,O-dimethyl ester phosphorodithioc acid",excluded,72,72,0.32499998807907104,5,732-11-6
OpenFoodTox_48h_screen,154,1910-42-5,"1,1'-Dimethyl-4,4'-bipyridinium chloride (1:2)",excluded,72,72,0.13636364042758942,604,72459-58-6
OpenFoodTox_48h_screen,155,13466-78-9,Carene,excluded,72,72,0.12765957415103912,786,121552-61-2
OpenFoodTox_48h_screen,156,86-86-2,1-naphthylacetamide,excluded,72,72,0.2291666716337204,119,34256-82-1
OpenFoodTox_48h_screen,157,10043-52-4,Calcium chloride,excluded,72,72,0.027027027681469917,604,72459-58-6
OpenFoodTox_48h_screen,158,15096-52-3,Cryolite (Na3(AlF6)),excluded,72,72,0.03448275849223137,149,133-06-2
OpenFoodTox_48h_screen,159,101200-48-0,Tribenuron-methyl (Ref: DPX L5300),excluded,72,72,0.49152541160583496,217,64902-72-3
OpenFoodTox_48h_screen,160,3810-74-0,Streptomycin sulphate,excluded,72,72,0.125,643,82560-54-1
OpenFoodTox_48h_screen,161,51-03-6,Piperonyl butoxide (Ref: ENT 14250),excluded,72,72,0.17391304671764374,134,55285-14-8
OpenFoodTox_48h_screen,162,7704-34-9,Sulfur,excluded,72,72,0.03999999910593033,685,150114-71-9
OpenFoodTox_48h_screen,163,7784-40-9,Lead arsenate,excluded,72,72,0.15789473056793213,23,16672-87-0
OpenFoodTox_48h_screen,164,120-23-0,2-naphthyloxyacetic acid,excluded,72,72,0.260869562625885,659,90717-03-6
OpenFoodTox_48h_screen,165,74223-64-6,Metsulfuron-methyl (Ref: DPX T6376),excluded,72,72,0.7599999904632568,217,64902-72-3
OpenFoodTox_48h_screen,166,122-88-3,(4-chlorophenoxy)acetic acid,excluded,72,72,0.27659574151039124,386,51338-27-3
OpenFoodTox_48h_screen,167,8003-34-7,Pyrethrins and Pyrethroids,excluded,72,72,0.15555556118488312,134,55285-14-8
OpenFoodTox_48h_screen,168,121-29-9,Pyrethrins (pyrethrin II) (Ref: ENT 7543 ),excluded,72,72,0.16091954708099365,134,55285-14-8
OpenFoodTox_48h_screen,169,7440-43-9,Cadmium,excluded,72,72,0.03125,659,90717-03-6
OpenFoodTox_48h_screen,170,1344-81-6,Calcium sulfide (Ca(Sx)),excluded,72,72,0.04651162773370743,398,23422-53-9
OpenFoodTox_48h_screen,171,13071-79-9,"Phosphorodithioic acid S-[[(1,1-dimethylethyl)thio]O,O-diethylmethyl]ester",excluded,72,72,0.2884615361690521,280,2310-17-0
OpenFoodTox_48h_screen,172,50594-66-6,Acifluorfen (Ref: RH 5781),excluded,72,72,0.6481481194496155,509,42874-03-3
OpenFoodTox_48h_screen,173,175013-18-0,[2-[[[1-(4-Chlorophenyl)-1H-pyrazol-3-yl]oxy]methyl]phenyl]methoxycarbamic acid methyl ester,excluded,72,72,0.23376622796058655,546,67747-09-5
OpenFoodTox_48h_screen,174,1303-96-4,Borax,excluded,72,72,0.09615384787321091,935,189278-12-4
OpenFoodTox_48h_screen,175,1332-58-7,Kaolin,excluded,72,72,0.08571428805589676,551,59669-26-0
OpenFoodTox_48h_screen,176,14484-64-1,"(OC-6-11)-tris(N,N-Dimethylcarbamodithioato-kappaS,kappaS')iron",excluded,72,72,0.13953489065170288,398,23422-53-9
OpenFoodTox_48h_screen,177,100-56-1,Phenylmercury chloride,excluded,72,72,0.17499999701976776,648,74070-46-5
OpenFoodTox_48h_screen,178,62476-59-9,"5-[2-Chloro-4-(trifluoromethyl)phenoxy]-2-nitrobenzoic acid, Sodium salt (1:1)",excluded,72,72,0.6363636255264282,509,42874-03-3
OpenFoodTox_48h_screen,179,71751-41-2,Abamectin (Ref: MK 936),excluded,72,72,0.11864406615495682,516,36734-19-7
OpenFoodTox_48h_screen,180,112281-77-3,"1-[2-(2,4-Dichlorophenyl)-3-(1,1,2,2-tetrafluoroethoxy)propyl]-1H-1,2,4-triazole",excluded,72,72,0.31343284249305725,503,94361-06-5
OpenFoodTox_48h_screen,181,789-02-6,"O,P'-DDT",excluded,72,72,0.18867924809455872,534,55219-65-3
OpenFoodTox_48h_screen,182,7440-38-2,Arsenic,excluded,72,72,0.019999999552965164,726,141517-21-7
OpenFoodTox_48h_screen,183,122-14-5,"Phosphorothioic acid O,O-dimethyl O-(3-methyl-4-nitrophenyl)ester",excluded,72,72,0.380952388048172,582,57018-04-9
OpenFoodTox_48h_screen,184,300-76-5,"Phosphoric acid 1,2-dibromo-2,2-dichloroethyl dimethyl ester",excluded,72,72,0.17777778208255768,5,732-11-6
OpenFoodTox_48h_screen,185,122-42-9,"N-Phenylcarbamic acid, 1-Methylethyl ester",excluded,72,72,0.42222222685813904,847,149877-41-8
OpenFoodTox_48h_screen,186,7631-89-2,"Arsenic acid (H3AsO4), Sodium salt (1:?)",excluded,72,72,0.13333334028720856,432,77182-82-2
OpenFoodTox_48h_screen,187,2312-35-8,"2-[4-(1,1-Dimethylethyl)phenoxy]cyclohexyl 2-propynyl ester sulfurous acid",excluded,72,72,0.21875,729,120928-09-8
OpenFoodTox_48h_screen,188,1403-66-3,Gentamicin,excluded,72,72,0.12631578743457794,643,82560-54-1
OpenFoodTox_48h_screen,189,60207-90-1,"1-[[2-(2,4-Dichlorophenyl)-4-propyl-1,3-dioxolan-2-yl]methyl]-1H-1,2,4-triazole",excluded,72,72,0.6190476417541504,710,119446-68-3
OpenFoodTox_48h_screen,190,94-74-6,2-(4-Chloro-2-methylphenoxy)acetic acid,excluded,72,72,0.32608696818351746,659,90717-03-6
OpenFoodTox_48h_screen,191,61213-25-0,Flurochloridone (Ref: R 40244),excluded,72,72,0.27272728085517883,508,658066-35-4
OpenFoodTox_48h_screen,192,12789-03-6,Chlordane (Technical Grade),excluded,72,72,0.11764705926179886,809,126833-17-8
OpenFoodTox_48h_screen,193,66-81-9,"4-[(2R)-2-[(1S,3S,5S)-3,5-Dimethyl-2-oxocyclohexyl]-2-hydroxyethyl]-2,6-piperidinedione",excluded,72,72,0.1388888955116272,828,125225-28-7
OpenFoodTox_48h_screen,194,10453-86-8,"2,2-Dimethyl-3-(2-methyl-1-propen-1-yl)cyclopropanecarboxylic acid [5-(phenylmethyl)-3-furanyl]methyl ester",excluded,72,72,0.2405063360929489,1030,1390661-72-9
OpenFoodTox_48h_screen,195,78-48-8,Tribufos,excluded,72,72,0.20588235557079315,34,2439-10-3
OpenFoodTox_48h_screen,196,521-88-0,Karanjin,excluded,72,72,0.203125,847,149877-41-8
OpenFoodTox_48h_screen,197,15662-33-6,Ryanodine,excluded,72,72,0.15841583907604218,643,82560-54-1
OpenFoodTox_48h_screen,198,99-30-9,"2,6-Dichloro-4-nitrobenzenamine",included,72,71,0.31707316637039185,648,74070-46-5
OpenFoodTox_48h_screen,199,61-31-4,"1-Naphthaleneacetic acid, Sodium salt",excluded,72,72,0.22448979318141937,119,34256-82-1
OpenFoodTox_48h_screen,200,542-75-6,"1,3-dichloropropene (Ref: D D92)",excluded,72,72,0.0625,432,77182-82-2
OpenFoodTox_48h_screen,201,136849-15-5,Cyclosulfamuron (Ref: BAS 710H),excluded,72,72,0.7272727489471436,756,213464-77-8
OpenFoodTox_48h_screen,202,3653-48-3,2-(4-Chloro-2-methylphenoxy)acetic acid sodium salt (1:1),excluded,72,72,0.3076923191547394,386,51338-27-3
OpenFoodTox_48h_screen,203,131-89-5,"2-Cyclohexyl-4,6-dinitrophenol",excluded,72,72,0.32499998807907104,198,99-30-9
OpenFoodTox_48h_screen,204,69327-76-0,"2-[(1,1-Dimethylethyl)imino]tetrahydro-3-(1-methylethyl)-5-phenyl-4H-1,3,5-thiadiazin-4-one",included,72,71,0.1846153885126114,537,55179-31-2
OpenFoodTox_48h_screen,205,76-44-8,"1,4,5,6,7,8,8-Heptachloro-3a,4,7,7a-tetrahydro-4,7-methano-1H-indene",excluded,72,72,0.1428571492433548,809,126833-17-8
OpenFoodTox_48h_screen,206,93-79-8,"2-(2,4,5-Trichlorophenoxy)acetic acid, Butyl ester",excluded,72,72,0.3650793731212616,805,129630-19-9
OpenFoodTox_48h_screen,207,309-00-2,"(1R,4S,4aS,5S,8R,8aR)-rel-1,2,3,4,10,10-Hexachloro-1,4,4a,5,8,8a-hexahydro-1,4:5,8-dimethanonaphthalene",excluded,72,72,0.1458333283662796,809,126833-17-8
OpenFoodTox_48h_screen,208,117-18-0,Tecnazene,excluded,72,72,0.4285714328289032,198,99-30-9
OpenFoodTox_48h_screen,209,9008-22-4,Laminarin (Ref: H11),excluded,72,72,0.10000000149011612,536,64628-44-0
OpenFoodTox_48h_screen,210,950-35-6,"Phosphoric acid, Dimethyl 4-nitrophenyl ester",excluded,72,72,0.2631579041481018,198,99-30-9
OpenFoodTox_48h_screen,211,260359-57-7,Bioallethrin,excluded,72,72,0.16249999403953552,134,55285-14-8
OpenFoodTox_48h_screen,212,79-57-2,Oxytetracycline,excluded,72,72,0.15625,643,82560-54-1
OpenFoodTox_48h_screen,213,973-21-7,Dinobuton (Ref: OMS 1056),excluded,72,72,0.23999999463558197,198,99-30-9
OpenFoodTox_48h_screen,214,60-57-1,"(1aR,2R,2aS,3S,6R,6aR,7S,7aS)-rel-3,4,5,6,9,9-Hexachloro-1a,2,2a,3,6,6a,7,7a-octahydro-2,7:3,6-dimethanonaphth[2,3-b]oxirene ",excluded,72,72,0.11940298229455948,710,119446-68-3
OpenFoodTox_48h_screen,215,88-85-7,"2-(1-Methylpropyl)-4,6-dinitrophenol",excluded,72,72,0.2926829159259796,198,99-30-9
OpenFoodTox_48h_screen,216,126-75-0,"O,O-Diethyl S-[2-(ethylsulfanyl)ethyl] phosphorothioate",excluded,72,72,0.2222222238779068,280,2310-17-0
OpenFoodTox_48h_screen,217,64902-72-3,"2-Chloro-N-[[(4-methoxy-6-methyl-1,3,5-triazin-2-yl)amino]carbonyl]benzenesulfonamide",included,72,71,0.421875,755,122931-48-0
OpenFoodTox_48h_screen,218,9002-93-1,"alpha-(4-(1,1,3,3-Tetramethylbutyl)phenyl)-omega-hydroxypoly(oxy-1,2-ethanediyl)",excluded,72,72,0.3076923191547394,626,80844-07-1
OpenFoodTox_48h_screen,219,52645-53-1,"3-(2,2-Dichloroethenyl)-2,2-dimethylcyclopropanecarboxylic acid, (3-Phenoxyphenyl)methyl ester",excluded,72,72,0.3709677457809448,626,80844-07-1
OpenFoodTox_48h_screen,220,137-30-4,Ziram,excluded,72,72,0.13953489065170288,398,23422-53-9
OpenFoodTox_48h_screen,221,2303-17-5,"N,N-Bis(1-methylethyl)carbamothioic acid, S-(2,3,3-trichloro-2-propen-1-yl) ester",excluded,72,72,0.16393442451953888,828,125225-28-7
OpenFoodTox_48h_screen,222,51707-55-2,"N-Phenyl-N'-1,2,3-thiadiazol-5-yl-urea",excluded,72,72,0.30612245202064514,387,5234-68-4
OpenFoodTox_48h_screen,223,9012-76-4,Chitosan hydrochloride,excluded,72,72,0.12903225421905518,551,59669-26-0
OpenFoodTox_48h_screen,224,3383-96-8,"O,O'-(Thiodi-4,1-phenylene) O,O,O',O'-tetramethyl ester phosphorothioic acid",excluded,72,72,0.3611111044883728,582,57018-04-9
OpenFoodTox_48h_screen,225,639-58-7,Chlorotriphenylstannane,excluded,72,72,0.1794871836900711,648,74070-46-5
OpenFoodTox_48h_screen,226,333-41-5,"O,O-Diethyl O-[6-methyl-2-(1-methylethyl)-4-pyrimidinyl] ester phosphorothioic acid",excluded,72,72,0.2631579041481018,379,22224-92-6
OpenFoodTox_48h_screen,227,15845-66-6,Fosetyl,excluded,72,72,0.19148936867713928,280,2310-17-0
OpenFoodTox_48h_screen,228,500-28-7,Chlorthion (Ref: BAY 22/190 ),excluded,72,72,0.4047619104385376,582,57018-04-9
OpenFoodTox_48h_screen,229,2536-31-4,"2-Chloro-9-hydroxy-9H-fluorene-9-carboxylic acid, Methyl ester",excluded,72,72,0.290909081697464,386,51338-27-3
OpenFoodTox_48h_screen,230,1897-45-6,"2,4,5,6-Tetrachloro-1,3-benzenedicarbonitrile",excluded,72,72,0.125,831,111988-49-9
OpenFoodTox_48h_screen,231,867-27-6,Demeton-O-methyl (Ref: ENT 18862),excluded,72,72,0.2631579041481018,582,57018-04-9
OpenFoodTox_48h_screen,232,81334-34-1,Imazapyr,excluded,72,72,0.2112676054239273,755,122931-48-0
OpenFoodTox_48h_screen,233,72-56-0,"1,1'-(2,2-Dichloroethylidene)bis[4-ethylbenzene",excluded,72,72,0.23404255509376526,711,112410-23-8
OpenFoodTox_48h_screen,234,39300-45-3,Dinocap (Ref: ENT 24727),excluded,72,72,0.2068965584039688,198,99-30-9
OpenFoodTox_48h_screen,235,3244-90-4,"Thiodiphosphoric acid, Tetrapropyl ester",excluded,72,72,0.20588235557079315,582,57018-04-9
OpenFoodTox_48h_screen,236,103-17-3,Chlorbenside (Ref: ENT 20696),excluded,72,72,0.1964285671710968,828,125225-28-7
OpenFoodTox_48h_screen,237,142-59-6,"N,N'-1,2-Ethanediylbiscarbamodithioic acid, Sodium salt (1:2)",excluded,72,72,0.09259258955717087,508,658066-35-4
OpenFoodTox_48h_screen,238,301-12-2,"Phosphorothioic acid, S-[2-(Ethylsulfinyl)ethyl] O,O-dimethyl ester",excluded,72,72,0.19148936867713928,5,732-11-6
OpenFoodTox_48h_screen,239,150-68-5,"N'-(4-chlorophenyl)-N,N-dimethylurea",excluded,72,72,0.2708333432674408,386,51338-27-3
OpenFoodTox_48h_screen,240,13194-48-4,"Phosphorodithioic acid O-ethyl S,S-dipropyl ester",excluded,72,72,0.23404255509376526,379,22224-92-6
OpenFoodTox_48h_screen,241,101-21-3,"N-(3-Chlorophenyl)carbamic acid, 1-Methylethyl ester",excluded,72,72,0.37254902720451355,666,66332-96-5
OpenFoodTox_48h_screen,242,638-59-5,Myristyl acetate,excluded,72,72,0.4193548262119293,34,2439-10-3
OpenFoodTox_48h_screen,243,61-82-5,"1H-1,2,4-Triazol-3-amine",excluded,72,72,0.1388888955116272,685,150114-71-9
OpenFoodTox_48h_screen,244,29457-72-5,Lithium perfluorooctane sulfonate,excluded,72,72,0.0923076942563057,923,422556-08-9
OpenFoodTox_48h_screen,245,8065-48-3,Demeton (Ref: ENT 17295),excluded,72,72,0.2222222238779068,280,2310-17-0
OpenFoodTox_48h_screen,246,86-50-0,"O,O-Dimethyl S-[(4-oxo-1,2,3-benzotriazin-3(4H)-yl)methyl] ester, Phosphorodithioic acid",excluded,72,72,0.4893617033958435,5,732-11-6
OpenFoodTox_48h_screen,247,115-26-4,"N,N,N',N'-Tetramethylphosphorodiamidic fluoride",excluded,72,72,0.13636364042758942,23,16672-87-0
OpenFoodTox_48h_screen,248,77-06-5,Gibberellic acid,excluded,72,72,0.15853658318519592,592,283594-90-1
OpenFoodTox_48h_screen,249,75-99-0,"2,2-Dichloropropanoic acid",excluded,72,72,0.16129031777381897,34,2439-10-3
OpenFoodTox_48h_screen,250,65731-84-2,Beta-cypermethrin (Ref: OMS 3068),excluded,72,72,0.2535211145877838,626,80844-07-1
OpenFoodTox_48h_screen,251,78-34-2,Delnav,excluded,72,72,0.2830188572406769,280,2310-17-0
OpenFoodTox_48h_screen,252,22059-21-8,ACC,excluded,72,72,0.17073170840740204,809,126833-17-8
OpenFoodTox_48h_screen,253,55-38-9,"O,O-Dimethyl O-[3-methyl-4-(methylthio)phenyl]ester phosphorothioic acid",excluded,72,72,0.47826087474823,379,22224-92-6
OpenFoodTox_48h_screen,254,298-04-4,"Phosphorodithioic acid, O,O-Diethyl-S-[2-(ethylthio)ethyl] ester",excluded,72,72,0.3199999928474426,280,2310-17-0
OpenFoodTox_48h_screen,255,93-72-1,"2-(2,4,5-Trichlorophenoxy)propanoic acid",excluded,72,72,0.3695652186870575,386,51338-27-3
OpenFoodTox_48h_screen,256,80-71-7,Maple lactone,excluded,72,72,0.1538461595773697,130,2032-65-7
OpenFoodTox_48h_screen,257,137-42-8,Metam-sodium (Ref: N 869),excluded,72,72,0.1428571492433548,130,2032-65-7
OpenFoodTox_48h_screen,258,900-95-8,Fentin acetate (Ref: OMS 1020),excluded,72,72,0.260869562625885,849,106700-29-2
OpenFoodTox_48h_screen,259,50864-67-0,Barium polysulphide,excluded,72,72,0.02222222276031971,217,64902-72-3
OpenFoodTox_48h_screen,260,132-66-1,Naptalam (Ref: ACP 322),excluded,72,72,0.2777777910232544,666,66332-96-5
OpenFoodTox_48h_screen,261,122-34-9,"6-Chloro-N,N'-diethyl-1,3,5-triazine-2,4-diamine",excluded,72,72,0.1666666716337204,217,64902-72-3
OpenFoodTox_48h_screen,262,919-86-8,"S-[2-(Ethylthio)ethyl]O,O-dimethyl ester phosphorothioic acid",excluded,72,72,0.20454545319080353,5,732-11-6
OpenFoodTox_48h_screen,263,2008-39-1,"2,4-D-dimethylammonium",excluded,72,72,0.4166666567325592,386,51338-27-3
OpenFoodTox_48h_screen,264,950-37-8,"Phosphorodithioic acid S-[(5-methoxy-2-oxo-1,3,4-thiadiazol-3(2H)yl)methyl] O,O-dimethyl ester",excluded,72,72,0.42222222685813904,5,732-11-6
OpenFoodTox_48h_screen,265,139-40-2,"6-Chloro-N2,N4-bis(1-methylethyl)-1,3,5-triazine-2,4-diamine",excluded,72,72,0.1702127605676651,516,36734-19-7
OpenFoodTox_48h_screen,266,2597-03-7,"alpha-[(Dimethoxyphosphinothioyl)thio] benzeneacetic acid, Ethyl ester",excluded,72,72,0.375,5,732-11-6
OpenFoodTox_48h_screen,267,50-31-7,"2,3,6-TBA (Ref: HC 1281)",excluded,72,72,0.4166666567325592,659,90717-03-6
OpenFoodTox_48h_screen,268,76578-12-6,2-[4-[(6-Chloro-2-quinoxalinyl)oxy]phenoxy]propanoic acid,excluded,72,72,0.4444444477558136,386,51338-27-3
OpenFoodTox_48h_screen,269,55335-06-3,"2-[(3,5,6-Trichloro-2-pyridinyl)oxy]acetic acid",excluded,72,72,0.31111112236976624,659,90717-03-6
OpenFoodTox_48h_screen,270,56-72-4,"Phosphorothioic acid O-(3-chloro-4-methyl-2-oxo-2H-1-benzopyran-7-yl) O,O-diethyl ester",excluded,72,72,0.328125,280,2310-17-0
OpenFoodTox_48h_screen,271,298-02-2,"O,O-Diethyl S-[(ethylthio)methyl])ester, Phosphorodithioic acid",excluded,72,72,0.3333333432674408,280,2310-17-0
OpenFoodTox_48h_screen,272,20354-26-1,Methazole (Ref: VCS-438),excluded,72,72,0.22413793206214905,443,19666-30-9
OpenFoodTox_48h_screen,273,759-94-4,"N,N-dipropylcarbamothioic acid S-ethyl ester",excluded,72,72,0.2647058963775635,34,2439-10-3
OpenFoodTox_48h_screen,274,1184-64-1,Copper II carbonate,excluded,72,72,0.18518517911434174,432,77182-82-2
OpenFoodTox_48h_screen,275,485-31-4,Binapacryl (Ref: FMC 9044),excluded,72,72,0.23076923191547394,198,99-30-9
OpenFoodTox_48h_screen,276,1194-65-6,Dichlobenil (Ref: H 133),excluded,72,72,0.1875,831,111988-49-9
OpenFoodTox_48h_screen,277,7085-19-0,Mecoprop (Ref: RD 4593),excluded,72,72,0.42553192377090454,386,51338-27-3
OpenFoodTox_48h_screen,278,10311-84-9,Dialifos (Ref: AC 14503),excluded,72,72,0.40816327929496765,5,732-11-6
OpenFoodTox_48h_screen,279,13171-21-6,"Phosphoric acid, 2-Chloro-3-(diethylamino)-1-methyl-3-oxo-1-propen-1-yl dimethyl ester",excluded,72,72,0.22727273404598236,34,2439-10-3
OpenFoodTox_48h_screen,280,2310-17-0,"S-[(6-Chloro-2-oxo-3(2H)-benzoxazolyl)methyl]O,O-diethyl ester phosphorodithioic acid",included,72,71,0.2982456088066101,5,732-11-6
OpenFoodTox_48h_screen,281,1610-18-0,"6-Methoxy-N2,N4-bis(1-methylethyl)-1,3,5-triazine-2,4-diamine",excluded,72,72,0.25,217,64902-72-3
OpenFoodTox_48h_screen,282,1596-84-5,Daminozide,excluded,72,72,0.16326530277729034,711,112410-23-8
OpenFoodTox_48h_screen,283,4685-14-7,"1,1'-Dimethyl-4,4'-bipyridinium",excluded,72,72,0.13636364042758942,711,112410-23-8
OpenFoodTox_48h_screen,284,94-81-5,MCPB (Ref: MB 3046),excluded,72,72,0.32692307233810425,386,51338-27-3
OpenFoodTox_48h_screen,285,18467-77-1,Dikegulac,excluded,72,72,0.1355932205915451,387,5234-68-4
OpenFoodTox_48h_screen,286,4602-84-0,Farnesol,excluded,72,72,0.10000000149011612,34,2439-10-3
OpenFoodTox_48h_screen,287,644-64-4,Dimetilan,excluded,72,72,0.2153846174478531,763,139528-85-1
OpenFoodTox_48h_screen,288,834-12-8,"N2-Ethyl-N4-(1-methylethyl)-6-(methylthio)-1,3,5-triazine-2,4-diamine",excluded,72,72,0.20000000298023224,379,22224-92-6
OpenFoodTox_48h_screen,289,1912-24-9,"6-Chloro-N-ethyl-N'-(1-methylethyl)-1,3,5-triazine-2,4-diamine",excluded,72,72,0.1551724076271057,443,19666-30-9
OpenFoodTox_48h_screen,290,7003-89-6,Chlormequat,excluded,72,72,0.190476194024086,23,16672-87-0
OpenFoodTox_48h_screen,291,7287-19-6,"N2,N4-Bis(1-methylethyl)-6-(methylthio)-1,3,5-triazine-2,4-diamine",excluded,72,72,0.18000000715255737,379,22224-92-6
OpenFoodTox_48h_screen,292,786-19-6,Carbofenthion,excluded,72,72,0.45098039507865906,280,2310-17-0
OpenFoodTox_48h_screen,293,94-82-6,"2,4-DB (Ref: ENT 8538)",excluded,72,72,0.4000000059604645,386,51338-27-3
OpenFoodTox_48h_screen,294,5326-23-8,6-Chloro-3-pyridinecarboxylic acid,excluded,72,72,0.31707316637039185,659,90717-03-6
OpenFoodTox_48h_screen,295,999-81-5,"2-Chloro-N,N,N-trimethylethanaminium chloride (1:1)",excluded,72,72,0.1818181872367859,23,16672-87-0
OpenFoodTox_48h_screen,296,148-79-8,2-(4-Thiazolyl)-1H-benzimidazole,excluded,72,72,0.44999998807907104,384,3878-19-1
OpenFoodTox_48h_screen,297,120-36-5,Dichlorprop (Ref: RD 406),excluded,72,72,0.5348837375640869,386,51338-27-3
OpenFoodTox_48h_screen,298,1214-39-7,N-(Phenylmethyl)-1H-purin-6-amine,excluded,72,72,0.2321428507566452,729,120928-09-8
OpenFoodTox_48h_screen,299,2104-64-5,P-Phenylphosphonothioic acid O-ethyl O-(4-nitrophenyl) ester ,excluded,72,72,0.2931034564971924,379,22224-92-6
OpenFoodTox_48h_screen,300,1912-26-1,Trietazine (Ref: G 27901),excluded,72,72,0.16363635659217834,759,120923-37-7
OpenFoodTox_48h_screen,301,2275-23-2,Vamidothion (Ref: ENT 26613),excluded,72,72,0.19230769574642181,5,732-11-6
OpenFoodTox_48h_screen,302,127-20-8,Dalapon-sodium,excluded,72,72,0.21875,432,77182-82-2
OpenFoodTox_48h_screen,303,315-18-4,"4-(Dimethylamino)-3,5-dimethylphenol, Methylcarbamate(ester)",excluded,72,72,0.6176470518112183,130,2032-65-7
OpenFoodTox_48h_screen,304,143-50-0,"1,1a,3,3a,4,5,5,5a,5b,6-Decachlorooctahydro-1,3,4-metheno-2H-cyclobuta[cd]pentalen-2-one",excluded,72,72,0.1111111119389534,149,133-06-2
OpenFoodTox_48h_screen,305,2764-72-9,Diquat,excluded,72,72,0.13953489065170288,786,121552-61-2
OpenFoodTox_48h_screen,306,15972-60-8,"2-Chloro-N-(2,6-diethylphenyl)-N-(methoxymethyl)acetamide",excluded,72,72,0.6585366129875183,119,34256-82-1
OpenFoodTox_48h_screen,307,78-57-9,"S-[(4,6-Diamino-1,3,5-triazin-2-yl)methyl]O,O-dimethyl ester phosphorodithioic acid",excluded,72,72,0.3181818127632141,5,732-11-6
OpenFoodTox_48h_screen,308,297-97-2,"Phosphorothioic acid, O,O-Diethyl O-2-pyrazinyl ester  ",excluded,72,72,0.2181818187236786,379,22224-92-6
OpenFoodTox_48h_screen,309,21609-90-5,"p-Phenylphosphonothioic acid, O-(4-Bromo-2,5-dichlorophenyl) O-methyl ester",excluded,72,72,0.30434781312942505,582,57018-04-9
OpenFoodTox_48h_screen,310,13356-08-6,"1,1,1,3,3,3-Hexakis(2-methyl-2-phenylpropyl)distannoxane",excluded,72,72,0.2857142984867096,626,80844-07-1
OpenFoodTox_48h_screen,311,41483-43-6,Bupirimate (Ref: PP 588),excluded,72,72,0.21052631735801697,923,422556-08-9
OpenFoodTox_48h_screen,312,314-40-9,"5-Bromo-6-methyl-3-(1-methylpropyl)-2,4(1H,3H)-pyrimidinedione",excluded,72,72,0.1551724076271057,379,22224-92-6
OpenFoodTox_48h_screen,313,140-56-7,Fenaminosulf (Ref: BAY 5027),excluded,72,72,0.18518517911434174,398,23422-53-9
OpenFoodTox_48h_screen,314,2032-59-9,"4-(Dimethylamino)-3-methylphenol, Methylcarbamate (ester)",excluded,72,72,0.5128205418586731,130,2032-65-7
OpenFoodTox_48h_screen,315,3100-04-7,1-methylcyclopropene,excluded,72,72,0.1388888955116272,659,90717-03-6
OpenFoodTox_48h_screen,316,13929-18-5,Medlure,excluded,72,72,0.16417910158634186,828,125225-28-7
OpenFoodTox_48h_screen,317,66215-27-8,"N-Cyclopropyl-1,3,5-triazine-2,4,6-triamine",excluded,72,72,0.1818181872367859,786,121552-61-2
OpenFoodTox_48h_screen,318,1982-47-4,Chloroxuron (Ref: C 1983),excluded,72,72,0.3469387888908386,386,51338-27-3
OpenFoodTox_48h_screen,319,119-38-0,"N,N-dimethylcarbamic acid 3-methyl-1-(1-methylethyl)-1H-pyrazol-5-yl ester",excluded,72,72,0.2181818187236786,516,36734-19-7
OpenFoodTox_48h_screen,320,1582-09-8,"2,6-Dinitro-N,N-dipropyl-4-(trifluoromethyl)benzenamine",excluded,72,72,0.35087719559669495,509,42874-03-3
OpenFoodTox_48h_screen,321,490-10-8,Nepetalactone,excluded,72,72,0.15909090638160706,149,133-06-2
OpenFoodTox_48h_screen,322,953-17-3,Methyl trithion,excluded,72,72,0.3636363744735718,5,732-11-6
OpenFoodTox_48h_screen,323,9006-42-2,Metiram (Ref: BAS 222F),excluded,72,72,0.09615384787321091,711,112410-23-8
OpenFoodTox_48h_screen,324,2439-01-2,"6-Methyl-1,3-dithiolo[4,5-b]quinoxalin-2-one",excluded,72,72,0.23404255509376526,659,90717-03-6
OpenFoodTox_48h_screen,325,93-75-4,"1,3-Dithiolo[4,5-b]quinoxaline-2-thione",excluded,72,72,0.23076923191547394,384,3878-19-1
OpenFoodTox_48h_screen,326,12427-38-2,"[[2-[(Dithiocarboxy)amino]ethyl]carbamodithioato(2-)-kappaS,kappaS']manganese",excluded,72,72,0.09259258955717087,508,658066-35-4
OpenFoodTox_48h_screen,327,141-66-2,"Phosphoric acid, (1E)-3-(Dimethylamino)-1-methyl-3-oxo-1-propen-1-yl dimethyl ester",excluded,72,72,0.190476194024086,551,59669-26-0
OpenFoodTox_48h_screen,328,12122-67-7,Zineb (Ref: ENT 14874),excluded,72,72,0.09259258955717087,508,658066-35-4
OpenFoodTox_48h_screen,329,144-21-8,"Methylarsonic acid, Disodium salt",excluded,72,72,0.13333334028720856,432,77182-82-2
OpenFoodTox_48h_screen,330,8030-53-3,Gibberellins,excluded,72,72,0.16249999403953552,592,283594-90-1
OpenFoodTox_48h_screen,331,124-58-3,Methylarsonic acid,excluded,72,72,0.125,130,2032-65-7
OpenFoodTox_48h_screen,332,2655-14-3,XMC (Ref: H 69),excluded,72,72,0.59375,130,2032-65-7
OpenFoodTox_48h_screen,333,1746-81-2,Monolinuron (Ref: HOE 002747),excluded,72,72,0.3265306055545807,386,51338-27-3
OpenFoodTox_48h_screen,334,19408-46-9,Kasugamycin hydrochloride hydrate,excluded,72,72,0.16363635659217834,551,59669-26-0
OpenFoodTox_48h_screen,335,1918-02-1,"4-Amino-3,5,6-trichloro-2-pyridinecarboxylic acid",excluded,72,72,0.5,685,150114-71-9
OpenFoodTox_48h_screen,336,1014-69-3,Desmetryn (Ref: G 34360),excluded,72,72,0.1666666716337204,379,22224-92-6
OpenFoodTox_48h_screen,337,959-98-8,Alpha-endosulfan,excluded,72,72,0.13953489065170288,149,133-06-2
OpenFoodTox_48h_screen,338,957-51-7,Diphenamid (Ref: L 34314),excluded,72,72,0.25,387,5234-68-4
OpenFoodTox_48h_screen,339,52-85-7,"O-[4[(Dimethylamino)sulfonyl]phenyl]O,O-dimethylester phosphorothioic acid",excluded,72,72,0.3095238208770752,582,57018-04-9
OpenFoodTox_48h_screen,340,2385-85-5,"1,1a,2,2,3,3a,4,5,5,5a,5b,6-Dodecachlorooctahydro-1,3,4-metheno-1H-cyclobuta[cd]pentalene",excluded,72,72,0.05000000074505806,23,16672-87-0
OpenFoodTox_48h_screen,341,2425-06-1,Captafol (Ref: Ortho-5865),excluded,72,72,0.6875,149,133-06-2
OpenFoodTox_48h_screen,342,133-90-4,Chloramben (Ref: ACP M-629),excluded,72,72,0.4545454680919647,685,150114-71-9
OpenFoodTox_48h_screen,343,1929-82-4,2-Chloro-6-(trichloromethyl)pyridine,excluded,72,72,0.21621622145175934,685,150114-71-9
OpenFoodTox_48h_screen,344,1689-83-4,Ioxynil (Ref: ACP 63-303),excluded,72,72,0.1428571492433548,759,120923-37-7
OpenFoodTox_48h_screen,345,116-06-3,2-Methyl-2-(methylthio)propanol O-[(methylamino)carbonyl]oxime,excluded,72,72,0.27906978130340576,130,2032-65-7
OpenFoodTox_48h_screen,346,470-90-6,"Phosphoric acid, 2-Chloro-1-(2,4-dichlorophenyl)ethenyl diethyl ester",excluded,72,72,0.31147539615631104,280,2310-17-0
OpenFoodTox_48h_screen,347,947-02-4,"1,3-Dithiolan-2-ylidenephosphoramidic acid diethyl ester",excluded,72,72,0.21153846383094788,379,22224-92-6
OpenFoodTox_48h_screen,348,1861-32-1,Chlorthal-dimethyl (Ref: DAC 893),excluded,72,72,0.25531914830207825,471,42576-02-3
OpenFoodTox_48h_screen,349,18181-80-1,Bromopropylate (Ref: GS 19851),excluded,72,72,0.24528302252292633,847,149877-41-8
OpenFoodTox_48h_screen,350,122-10-1,"3-[(Dimethoxyphosphinyl)oxy]-2-pentenedioic acid, Dimethyl ester",excluded,72,72,0.1568627506494522,5,732-11-6
OpenFoodTox_48h_screen,351,115-90-2,"Phosphorothioic acid, O,O-Diethyl O(4-methylsulfinyl)phenyl)ester",excluded,72,72,0.2830188572406769,379,22224-92-6
OpenFoodTox_48h_screen,352,1918-13-4,Chlorthiamid (Ref: WL 5792.),excluded,72,72,0.2142857164144516,659,90717-03-6
OpenFoodTox_48h_screen,353,5915-41-3,Terbuthylazine,excluded,72,72,0.1666666716337204,534,55219-65-3
OpenFoodTox_48h_screen,354,8018-01-7,Mancozeb,excluded,72,72,0.09090909361839294,508,658066-35-4
OpenFoodTox_48h_screen,355,1563-66-2,"2,3-Dihydro-2,2-dimethyl-7-benzofuranol 7-(N-methylcarbamate)",excluded,72,72,0.5555555820465088,134,55285-14-8
OpenFoodTox_48h_screen,356,2797-51-5,Quinoclamine,excluded,72,72,0.22727273404598236,648,74070-46-5
OpenFoodTox_48h_screen,357,841-06-5,Methoprotryne (Ref: G 36393),excluded,72,72,0.19672131538391113,379,22224-92-6
OpenFoodTox_48h_screen,358,23135-22-0,2-(Dimethylamino)-N-[[(methylamino)carbonyl]oxy]-2-oxo-ethanimidothioic acid methyl ester,excluded,72,72,0.3333333432674408,551,59669-26-0
OpenFoodTox_48h_screen,359,327-98-0,"O-Ethyl O-(2,4,5-trichlorophenyl)ester ethylphosphonothioic acid",excluded,72,72,0.2857142984867096,582,57018-04-9
OpenFoodTox_48h_screen,360,6923-22-4,Monocrotophos (Ref: ENT 27129),excluded,72,72,0.25581395626068115,130,2032-65-7
OpenFoodTox_48h_screen,361,2921-88-2,"Phosphorothioic acid, O,O-Diethyl O-(3,5,6-trichloro-2-pyridinyl) ester",excluded,72,72,0.3095238208770752,582,57018-04-9
OpenFoodTox_48h_screen,362,1114-71-2,Pebulate (Ref: R 2061),excluded,72,72,0.29729729890823364,34,2439-10-3
OpenFoodTox_48h_screen,363,51235-04-2,"3-Cyclohexyl-6-(dimethylamino)-1-methyl-1,3,5-triazine-2,4-(1H,3H)dione",excluded,72,72,0.14492753148078918,756,213464-77-8
OpenFoodTox_48h_screen,364,13360-45-7,Chlorbromuron (Ref: C6313),excluded,72,72,0.290909081697464,386,51338-27-3
OpenFoodTox_48h_screen,365,7696-12-0,Tetramethrin (Ref: ENT 27339),excluded,72,72,0.171875,809,126833-17-8
OpenFoodTox_48h_screen,366,16752-77-5,N-[[(Methylamino)carbonyl]oxy]ethanimidothioic acid methyl ester,excluded,72,72,0.5161290168762207,551,59669-26-0
OpenFoodTox_48h_screen,367,2631-37-0,3-methyl-5-(1-methylethyl)phenol 1-(N-methylcarbamate)  ,excluded,72,72,0.4871794879436493,130,2032-65-7
OpenFoodTox_48h_screen,368,741-58-2,Bensulide (Ref: R 4461),excluded,72,72,0.2777777910232544,5,732-11-6
OpenFoodTox_48h_screen,369,7700-17-6,(2E)-3-[(Dimethoxyphosphinyl)oxy]-2-butenoic acid 1-phenylethyl ester,excluded,72,72,0.24590164422988892,847,149877-41-8
OpenFoodTox_48h_screen,370,1113-02-6,"O,O-Dimethyl S-[2-(methylamino)-2-oxoethyl ester phosphorothioic acid",excluded,72,72,0.25,5,732-11-6
OpenFoodTox_48h_screen,371,2164-17-2,"N,N-Dimethyl-N'-[3-(trifluoromethyl)phenyl]urea",excluded,72,72,0.37254902720451355,666,66332-96-5
OpenFoodTox_48h_screen,372,3060-89-7,Metobromuron (Ref: C 3216),excluded,72,72,0.22641509771347046,386,51338-27-3
OpenFoodTox_48h_screen,373,21293-29-8,S-abscisic acid,excluded,72,72,0.16393442451953888,387,5234-68-4
OpenFoodTox_48h_screen,374,1085-98-9,"1,1-Dichloro-N-[(dimethylamino)sulfonyl]-1-fluoro-N-phenylmethanesulfenamide",excluded,72,72,0.1746031790971756,720,145701-23-1
OpenFoodTox_48h_screen,375,6164-98-3,Chlordimeform (Ref: ENT 27335),excluded,72,72,0.2857142984867096,398,23422-53-9
OpenFoodTox_48h_screen,376,2212-67-1,Molinate (Ref: OMS 1373),excluded,72,72,0.1794871836900711,34,2439-10-3
OpenFoodTox_48h_screen,377,14698-29-4,Oxolinic acid,excluded,72,72,0.23880596458911896,813,243973-20-8
OpenFoodTox_48h_screen,378,23184-66-9,Butachlor (Ref: CP 53619),excluded,72,72,0.6590909361839294,119,34256-82-1
OpenFoodTox_48h_screen,379,22224-92-6,(1-Methylethyl)phosphoramidic acid ethyl-3-methyl-4-(methylthio)phenyl ester,included,72,71,0.29411765933036804,130,2032-65-7
OpenFoodTox_48h_screen,380,22248-79-9,"Phosphoric acid (1Z)-2-chloro-1-(2,4,5-trichlorophenyl)ethenyl dimethyl ester",excluded,72,72,0.25,582,57018-04-9
OpenFoodTox_48h_screen,381,13121-70-5,Tricyclohexylhydroxystannane,excluded,72,72,0.0714285746216774,786,121552-61-2
OpenFoodTox_48h_screen,382,4466-14-2,Pyrethrins (jasmolin I),excluded,72,72,0.15000000596046448,592,283594-90-1
OpenFoodTox_48h_screen,383,22259-30-9,Formetanate (Ref: SN 36056),excluded,72,72,0.9729729890823364,398,23422-53-9
OpenFoodTox_48h_screen,384,3878-19-1,Fuberidazole,included,72,71,0.16363635659217834,729,120928-09-8
OpenFoodTox_48h_screen,385,1172-63-0,Pyrethrins (jasmolin II),excluded,72,72,0.151162788271904,134,55285-14-8
OpenFoodTox_48h_screen,386,51338-27-3,Diclofop-methyl (Ref: HOE 023408),included,72,71,0.49056604504585266,471,42576-02-3
OpenFoodTox_48h_screen,387,5234-68-4,"5,6-Dihydro-2-methyl-N-phenyl-1,4-oxathiin-3-carboxamide",included,72,71,0.2586206793785095,666,66332-96-5
OpenFoodTox_48h_screen,388,10605-21-7,N-1H-Benzimidazol-2-yl carbamic acid methyl ester,excluded,72,72,0.34090909361839294,384,3878-19-1
OpenFoodTox_48h_screen,389,18181-70-9,"Phosphorothioic acid, O-(2,5-Dichloro-4-iodophenyl) O,O-dimethyl ester",excluded,72,72,0.4722222089767456,582,57018-04-9
OpenFoodTox_48h_screen,390,944-22-9,"Ethylphosphonodithioic acid, O-Ethyl S-phenyl ester",excluded,72,72,0.2666666805744171,5,732-11-6
OpenFoodTox_48h_screen,391,3813-05-6,Benazolin (Ref: RD 7693),excluded,72,72,0.22641509771347046,659,90717-03-6
OpenFoodTox_48h_screen,392,17375-41-6,"Sulfuric acid, Iron(2+) salt(1:1), Monohydrate",excluded,72,72,0.10000000149011612,732,99105-77-8
OpenFoodTox_48h_screen,393,1079-33-0,"Benzo[b]thiophene-4-ol, 4-(N-methylcarbamate)",excluded,72,72,0.3529411852359772,398,23422-53-9
OpenFoodTox_48h_screen,394,886-50-0,Terbutryn (Ref: GS 14260),excluded,72,72,0.17391304671764374,420,21087-64-9
OpenFoodTox_48h_screen,395,3740-92-9,Fenclorim (Ref: CGA 123407),excluded,72,72,0.2857142984867096,685,150114-71-9
OpenFoodTox_48h_screen,396,1689-84-5,"3,5-Dibromo-4-hydroxybenzonitrile",excluded,72,72,0.1190476194024086,130,2032-65-7
OpenFoodTox_48h_screen,397,6988-21-2,"2-(1,3-Dioxolan-2-yl)phenol 1-(N-methylcarbamate)",excluded,72,72,0.3207547068595886,398,23422-53-9
OpenFoodTox_48h_screen,398,23422-53-9,"N,N-Dimethyl-N'-[3[[(methylamino)carbonyl]oxy]phenyl]methanimidamide hydrochloride (1:1)",included,72,71,0.38297873735427856,130,2032-65-7
OpenFoodTox_48h_screen,399,14959-86-5,Looplure (Ref: ENT 33266),excluded,72,72,0.31578946113586426,34,2439-10-3
OpenFoodTox_48h_screen,400,5902-51-2,"5-Chloro-3-(1,1-dimethylethyl)-6-methyl-2,4(1H,3H)-pyrimidinedione",excluded,72,72,0.1818181872367859,420,21087-64-9
OpenFoodTox_48h_screen,401,3691-35-8,Chlorophacinone (Ref: LM 91),excluded,72,72,0.21311475336551666,503,94361-06-5
OpenFoodTox_48h_screen,402,4234-79-1,Kelevan (Ref: GC-9160),excluded,72,72,0.2083333283662796,643,82560-54-1
OpenFoodTox_48h_screen,403,14143-55-6,Picloram-methyl,excluded,72,72,0.3333333432674408,1030,1390661-72-9
OpenFoodTox_48h_screen,404,101-05-3,Anilazine (Ref: ENT 26 058),excluded,72,72,0.24444444477558136,786,121552-61-2
OpenFoodTox_48h_screen,405,23564-05-8,"N,N'-[1,2-Phenylenebis(iminocarbonothioyl)]bis-C,C'- dimethyl ester carbamic acid",excluded,72,72,0.30612245202064514,847,149877-41-8
OpenFoodTox_48h_screen,406,1646-88-4,Aldoxycarb,excluded,72,72,0.24444444477558136,130,2032-65-7
OpenFoodTox_48h_screen,407,1689-99-2,"Octanoic acid, 2,6-Dibromo-4-cyanophenyl ester",excluded,72,72,0.22448979318141937,34,2439-10-3
OpenFoodTox_48h_screen,408,37248-47-8,Validamycin A,excluded,72,72,0.10447761416435242,149,133-06-2
OpenFoodTox_48h_screen,409,5259-88-1,Oxycarboxin (Ref: F 461),excluded,72,72,0.5333333611488342,387,5234-68-4
OpenFoodTox_48h_screen,410,17040-19-6,"S-[2-(Ethylsulfonyl)ethyl]O,O-dimethyl ester phosphorothioic acid",excluded,72,72,0.20000000298023224,5,732-11-6
OpenFoodTox_48h_screen,411,3337-71-1,Asulam (Ref: M&B 9057),excluded,72,72,0.24561403691768646,217,64902-72-3
OpenFoodTox_48h_screen,412,23564-06-9,Thiophanate,excluded,72,72,0.2777777910232544,847,149877-41-8
OpenFoodTox_48h_screen,413,175217-20-6,Silthiofam (Ref: MON 65500),excluded,72,72,0.19298245012760162,387,5234-68-4
OpenFoodTox_48h_screen,414,19937-59-8,Metoxuron (Ref: SAN 6915H),excluded,72,72,0.3529411852359772,386,51338-27-3
OpenFoodTox_48h_screen,415,17781-31-6,"alpha, alpha-bis(4-Chlorophenyl)-3-pyridinemethanol",excluded,72,72,0.2777777910232544,503,94361-06-5
OpenFoodTox_48h_screen,416,1982-49-6,N-(2-Methylcyclohexyl)-N'-phenylurea,excluded,72,72,0.3469387888908386,387,5234-68-4
OpenFoodTox_48h_screen,417,1928-43-4,"2-(2,4-Dichlorophenoxy)acetic acid, 2-Ethylhexyl ester",excluded,72,72,0.35593220591545105,386,51338-27-3
OpenFoodTox_48h_screen,418,14816-18-3,"4-Ethoxy-7-phenyl-3,5-dioxa-6-aza-4-phosphaoct-6-ene-8-nitrile 4-sulfide",excluded,72,72,0.24528302252292633,5,732-11-6
OpenFoodTox_48h_screen,419,7287-36-7,Monalide (Ref: SN 35830),excluded,72,72,0.2884615361690521,536,64628-44-0
OpenFoodTox_48h_screen,420,21087-64-9,Metribuzin (Ref: DPX G2504),included,72,71,0.17241379618644714,443,19666-30-9
OpenFoodTox_48h_screen,421,1134-23-2,Cyclohexylethylcarbamothioic acid S-ethyl ester,excluded,72,72,0.17073170840740204,34,2439-10-3
OpenFoodTox_48h_screen,422,4824-78-6,Bromophos-ethyl (Ref: SHG-2225),excluded,72,72,0.302325576543808,582,57018-04-9
OpenFoodTox_48h_screen,423,18691-97-9,Methabenzthiazuron (Ref: BAY 74283 ),excluded,72,72,0.2549019753932953,747,135158-54-2
OpenFoodTox_48h_screen,424,2545-60-0,"4-Amino-3,5,6-trichloro-2-pyridinecarboxylic acid, Potassium salt (1:1)",excluded,72,72,0.31578946113586426,685,150114-71-9
OpenFoodTox_48h_screen,425,8065-62-1,"O,O-Dimethyl O-[2-(methylthio)ethyl]ester phosphorothioic acid mixt. with O,O-dimethyl S-[2-(methylthio)ethyl]phosphorothioate",excluded,72,72,0.2222222238779068,582,57018-04-9
OpenFoodTox_48h_screen,426,21725-46-2,Cyanazine,excluded,72,72,0.17241379618644714,534,55219-65-3
OpenFoodTox_48h_screen,427,19044-88-3,Oryzalin (Ref: EL 119),excluded,72,72,0.22727273404598236,198,99-30-9
OpenFoodTox_48h_screen,428,51276-47-2,Glufosinate (Ref: HOE 00661),excluded,72,72,0.6551724076271057,432,77182-82-2
OpenFoodTox_48h_screen,429,13684-56-5,"N-[3-[[(Phenylamino)carbonyl]oxy]phenyl]carbamic acid, Ethyl ester",excluded,72,72,0.42307692766189575,666,66332-96-5
OpenFoodTox_48h_screen,430,25057-89-0,Bentazone,excluded,72,72,0.25,5,732-11-6
OpenFoodTox_48h_screen,431,3254-63-5,Dimethyl 4-(methylsulfanyl)phenyl phosphate,excluded,72,72,0.2857142984867096,379,22224-92-6
OpenFoodTox_48h_screen,432,77182-82-2,Glufosinate-ammonium (Ref: HOE 039866),included,72,71,0.22580644488334656,23,16672-87-0
OpenFoodTox_48h_screen,433,16118-49-3,Carbetamide (Ref: RP 11561),excluded,72,72,0.2884615361690521,387,5234-68-4
OpenFoodTox_48h_screen,434,13457-18-6,"2-[(Diethoxyphosphinothionyl)oxy]-5-methylpyrazolo[1,5-a]pyrimidine-6-carboxylic acid ethyl ester",excluded,72,72,0.22535210847854614,280,2310-17-0
OpenFoodTox_48h_screen,435,27519-02-4,Muscalure,excluded,72,72,0.2666666805744171,34,2439-10-3
OpenFoodTox_48h_screen,436,4301-50-2,"2-Fluoroethyl ([1,1'-biphenyl]-4-yl)acetate",excluded,72,72,0.2545454502105713,847,149877-41-8
OpenFoodTox_48h_screen,437,23103-98-2,Pirimicarb (Ref: OMS 1330),excluded,72,72,0.2063492089509964,756,213464-77-8
OpenFoodTox_48h_screen,438,11141-17-6,"2aR,3S,4S,4aR,5S,7aS,8S,10R,10aS,10bR)-10-(Acetyloxy)octahydro-3,5-dihydroxy-4-methyl-8-[[(2E)-2-methyl-1-oxo-2-buten-1-yl]oxy]-4-[(1aR,2S,3aS,6aS,7S,7aS)-3a,6a,7,7a-tetrahydro-6a-hydroxy-7a-methyl-2,7-methanofuro[2,3-b]oxireno[e]oxepin-1a(2H)-yl]-1H,7H-naptho[1,8-bc:4,4a-c']difuran-5,10a(8H)-dicarboxylic acid 5-10a-dimethyl ester",excluded,72,72,0.13131313025951385,732,99105-77-8
OpenFoodTox_48h_screen,439,3572-06-3,4-[4-(Acetyloxy)phenyl]-2-butanone,excluded,72,72,0.22727273404598236,130,2032-65-7
OpenFoodTox_48h_screen,440,1071-83-6,N-(Phosphonomethyl)glycine,excluded,72,72,0.2800000011920929,23,16672-87-0
OpenFoodTox_48h_screen,441,29232-93-7,"O-[2-(Diethylamino)-6-methyl-4-pyrimidinyl]O,O-dimethyl ester, Phosphorothioic acid",excluded,72,72,0.3720930218696594,582,57018-04-9
OpenFoodTox_48h_screen,442,10265-92-6,"Phosphoramidothioic acid, O,S-Dimethyl ester",excluded,72,72,0.17499999701976776,5,732-11-6
OpenFoodTox_48h_screen,443,19666-30-9,"3-[2,4-Dichloro-5-(1-methylethoxy)phenyl]-5-(1,1-dimethylethyl)-1,3,4-oxadiazol-2(3H)-one",included,72,71,0.22077922523021698,805,129630-19-9
OpenFoodTox_48h_screen,444,8001-35-2,Camphechlor (Ref: Hercules 3956),excluded,72,72,0.11764705926179886,828,125225-28-7
OpenFoodTox_48h_screen,445,33820-53-0,Isopropalin (Ref: EL-179),excluded,72,72,0.22580644488334656,509,42874-03-3
OpenFoodTox_48h_screen,446,24017-47-8,Triazophos (Ref: HOE 002960 ),excluded,72,72,0.2222222238779068,5,732-11-6
OpenFoodTox_48h_screen,447,23950-58-5,Propyzamide (Ref: RH 315),excluded,72,72,0.25,516,36734-19-7
OpenFoodTox_48h_screen,448,22781-23-3,"2,2-Dimethyl-1,3-benzodioxol-4-ol 4-(N-methylcarbamate)",excluded,72,72,0.36538460850715637,398,23422-53-9
OpenFoodTox_48h_screen,449,23505-41-1,"Phosphorothioic acid O-[2-(diethylamino)-6-methyl-4-pyrimidinyl] O,O-diethyl ester",excluded,72,72,0.25,582,57018-04-9
OpenFoodTox_48h_screen,450,15545-48-9,Chlorotoluron (Ref: C 2242),excluded,72,72,0.2708333432674408,659,90717-03-6
OpenFoodTox_48h_screen,451,40642-40-8,8-dodecenol,excluded,72,72,0.1944444477558136,34,2439-10-3
OpenFoodTox_48h_screen,452,15299-99-7,Napropamide (Ref: R 7465),excluded,72,72,0.2586206793785095,666,66332-96-5
OpenFoodTox_48h_screen,453,1646-87-3,2-Methyl-2-(methylsulfinyl)propanal O-[(methylamino)carbonyl]oxime,excluded,72,72,0.22641509771347046,398,23422-53-9
OpenFoodTox_48h_screen,454,28249-77-6,"N,N-Diethylcarbamothioic acid S-[(4-chlorophenyl)methyl] ester",excluded,72,72,0.25,828,125225-28-7
OpenFoodTox_48h_screen,455,35367-38-5,Diflubenzuron (Ref: OMS 1804),excluded,72,72,0.4385964870452881,642,101463-69-8
OpenFoodTox_48h_screen,456,25939-05-3,"Benzoyl chloride, (2,4,6-Trichlorophenyl)hydrazone",excluded,72,72,0.2075471729040146,386,51338-27-3
OpenFoodTox_48h_screen,457,2828-42-4,Proximpham,excluded,72,72,0.32608696818351746,387,5234-68-4
OpenFoodTox_48h_screen,458,3478-94-2,Piperalin (Ref: HSDB 7058),excluded,72,72,0.23376622796058655,1030,1390661-72-9
OpenFoodTox_48h_screen,459,5598-13-0,"O,O-Dimethyl O-(3,5,6-trichloro-2-pyridinyl) ester phosphorothioic acid",excluded,72,72,0.48571428656578064,582,57018-04-9
OpenFoodTox_48h_screen,460,1593-77-7,Dodemorph,excluded,72,72,0.12765957415103912,786,121552-61-2
OpenFoodTox_48h_screen,461,33245-39-5,Fluchloralin (Ref: BAS 392H),excluded,72,72,0.3442623019218445,509,42874-03-3
OpenFoodTox_48h_screen,462,33629-47-9,"4-(1,1-Dimethylethyl)-N-(1-methylpropyl)-2,6-dinitrobenzenamine",excluded,72,72,0.26229506731033325,509,42874-03-3
OpenFoodTox_48h_screen,463,132-67-2,2-[(1-Naphthalenylamino)carbonyl]benzoic acid sodium salt (1:1),excluded,72,72,0.2678571343421936,666,66332-96-5
OpenFoodTox_48h_screen,464,38363-29-0,(E)-dodec-8-enyl acetate,excluded,72,72,0.28205129504203796,34,2439-10-3
OpenFoodTox_48h_screen,465,33956-49-9,Codlemone (Ref: BAS 2851),excluded,72,72,0.125,34,2439-10-3
OpenFoodTox_48h_screen,466,39196-18-4,"3,3-Dimethyl-1-(methylthio)-2-butanone O-[(methylamino)carbonyl]oxime",excluded,72,72,0.2666666805744171,130,2032-65-7
OpenFoodTox_48h_screen,467,1193-18-6,Methyl cyclohexenone,excluded,72,72,0.20000000298023224,732,99105-77-8
OpenFoodTox_48h_screen,468,41096-46-2,Hydroprene (Ref: OMS 1696),excluded,72,72,0.1764705926179886,34,2439-10-3
OpenFoodTox_48h_screen,469,40596-69-8,Methoprene (Ref: OMS 1697),excluded,72,72,0.17910447716712952,847,149877-41-8
OpenFoodTox_48h_screen,470,35554-44-0,"1-[2-(2,4-Dichlorophenyl)-2-(2-propenyloxy)ethyl]-1H-imidazole",excluded,72,72,0.28358209133148193,546,67747-09-5
OpenFoodTox_48h_screen,471,42576-02-3,Bifenox,included,72,71,0.49056604504585266,386,51338-27-3
OpenFoodTox_48h_screen,472,4147-51-7,Dipropetryn (Ref: GC 16068),excluded,72,72,0.16981132328510284,379,22224-92-6
OpenFoodTox_48h_screen,473,27314-13-2,Norflurazon (Ref: H 52143),excluded,72,72,0.3030303120613098,508,658066-35-4
OpenFoodTox_48h_screen,474,18854-01-8,Isoxathion (Ref: SL 6711),excluded,72,72,0.234375,280,2310-17-0
OpenFoodTox_48h_screen,475,318290-98-1,"5-Chloro-2-(3,4,4-trifluorobut-3-ene-1-sulfonyl)-1,3-thiazole",excluded,72,72,0.20338982343673706,845,210880-92-5
OpenFoodTox_48h_screen,476,6894-38-8,Jasmonic acid,excluded,72,72,0.16949152946472168,732,99105-77-8
OpenFoodTox_48h_screen,477,68157-60-8,N-(2-Chloro-4-pyridinyl)-N'-phenylurea  ,excluded,72,72,0.3076923191547394,536,64628-44-0
OpenFoodTox_48h_screen,478,121-20-0,Pyrethrins (cinerin II),excluded,72,72,0.16483516991138458,643,82560-54-1
OpenFoodTox_48h_screen,479,25402-06-6,Pyrethrins (cinerin I),excluded,72,72,0.15909090638160706,643,82560-54-1
OpenFoodTox_48h_screen,480,38641-94-0,N-(Phosphonomethyl)glycine compd. with 2-propanamine (1:1),excluded,72,72,0.28205129504203796,432,77182-82-2
OpenFoodTox_48h_screen,481,55720-26-8,Aviglycine-HCl (Ref: ABG 3097),excluded,72,72,0.15909090638160706,432,77182-82-2
OpenFoodTox_48h_screen,482,28401-39-0,Frontalin,excluded,72,72,0.17391304671764374,809,126833-17-8
OpenFoodTox_48h_screen,483,55283-68-6,"N-Ethyl-N-(2-methyl-2-propenyl)-2,6-dinitro-4-(trifluoromethyl)benzenamine",excluded,72,72,0.3174603283405304,509,42874-03-3
OpenFoodTox_48h_screen,484,33693-04-8,Terbumeton (Ref: GS 14259),excluded,72,72,0.24561403691768646,217,64902-72-3
OpenFoodTox_48h_screen,485,56717-11-4,Piproctanyl bromide (Ref: ACR-1222),excluded,72,72,0.11764705926179886,432,77182-82-2
OpenFoodTox_48h_screen,486,34014-18-1,"N-[5-(1,1-Dimethylethyl)-1,3,4-thiadiazol-2-yl]-N,N'-dimethylurea",excluded,72,72,0.1964285671710968,398,23422-53-9
OpenFoodTox_48h_screen,487,54815-06-4,Multistriatin,excluded,72,72,0.14705882966518402,710,119446-68-3
OpenFoodTox_48h_screen,488,29973-13-5,2-[(Ethylthio)methyl]phenol 1-(N-methylcarbamate),excluded,72,72,0.32608696818351746,130,2032-65-7
OpenFoodTox_48h_screen,489,335104-84-2,Tembotrione (Ref: AE 0172747),excluded,72,72,0.4655172526836395,732,99105-77-8
OpenFoodTox_48h_screen,490,12071-83-9,Propineb (Ref: BAY 46131),excluded,72,72,0.13725490868091583,516,36734-19-7
OpenFoodTox_48h_screen,491,11104-05-5,Grandlure (Ref: SHA 112401),excluded,72,72,0.1599999964237213,809,126833-17-8
OpenFoodTox_48h_screen,492,13516-27-3,Guazatine (Ref: EM 379),excluded,72,72,0.46666666865348816,34,2439-10-3
OpenFoodTox_48h_screen,493,39515-41-8,Fenpropathrin (Ref: OMS 1999),excluded,72,72,0.26153847575187683,626,80844-07-1
OpenFoodTox_48h_screen,494,71899-16-6,Lineatin,excluded,72,72,0.08695652335882187,710,119446-68-3
OpenFoodTox_48h_screen,495,120068-37-3,"5-Amino-1-[2,6-dichloro-4-(trifluoromethyl)phenyl]-4-[(trifluoromethyl)sulfinyl]-1H-pyrazole-3-carbonitrile",excluded,72,72,0.23943662643432617,508,658066-35-4
OpenFoodTox_48h_screen,496,59756-60-4,1-Methyl-3-phenyl-5-[3-(trifluoromethyl)phenyl]-4(1H)pyridinone,excluded,72,72,0.2537313401699066,726,141517-21-7
OpenFoodTox_48h_screen,497,12771-68-5,alpha-Cyclopropyl-alpha-(4-methoxyphenyl)-5-pyrimidinemethanol,excluded,72,72,0.25,503,94361-06-5
OpenFoodTox_48h_screen,498,41394-05-2,Metamitron (Ref: BAY DRW 1139),excluded,72,72,0.25,420,21087-64-9
OpenFoodTox_48h_screen,499,42588-37-4,Kinoprene,excluded,72,72,0.145454540848732,34,2439-10-3
OpenFoodTox_48h_screen,500,103055-07-8,Lufenuron (Ref: CGA 184699),excluded,72,72,0.5230769515037537,642,101463-69-8
OpenFoodTox_48h_screen,501,66841-25-6,"2,2-Dimethyl-3-(1,1,2,2-tetrabromoethyl)cyclopropanecarboxylic acid cyano(3-phenoxyphenyl)methyl ester",excluded,72,72,0.24657534062862396,626,80844-07-1
OpenFoodTox_48h_screen,502,90982-32-4,"2-[[[[(4-Chloro-6-methoxy-2-pyrimidinyl)amino]carbonyl]amino]sulfonyl]benzoic acid, Ethyl ester",excluded,72,72,0.5396825671195984,755,122931-48-0
OpenFoodTox_48h_screen,503,94361-06-5,"alpha-(4-Chlorophenyl)-alpha-(1-cyclopropylethyl)-1H-1,2,4-triazole-1-ethanol",included,72,71,0.4354838728904724,828,125225-28-7
OpenFoodTox_48h_screen,504,60168-88-9,alpha-(2-Chlorophenyl)-alpha-(4-chlorophenyl)-5-pyrimidinemethanol,excluded,72,72,0.27586206793785095,503,94361-06-5
OpenFoodTox_48h_screen,505,6062-26-6,4-(4-Chloro-2-methylphenoxy)butanoic acid sodium salt (1:1),excluded,72,72,0.290909081697464,386,51338-27-3
OpenFoodTox_48h_screen,506,3547-33-9,2-(Octylsulfanyl)ethan-1-ol,excluded,72,72,0.2647058963775635,34,2439-10-3
OpenFoodTox_48h_screen,507,35400-43-2,Sulprofos (Ref: NTN 9306),excluded,72,72,0.30909091234207153,379,22224-92-6
OpenFoodTox_48h_screen,508,658066-35-4,N-[2-[3-Chloro-5-(trifluoromethyl)-2-pyridinyl]ethyl]-2-(trifluoromethyl)benzamide,included,72,71,0.35483869910240173,666,66332-96-5
OpenFoodTox_48h_screen,509,42874-03-3,2-Chloro-1-(3-ethoxy-4-nitrophenoxy)-4-(trifluoromethyl)benzene,included,72,71,0.44999998807907104,471,42576-02-3
OpenFoodTox_48h_screen,510,51630-58-1,4-Chloro-alpha-(1-methylethyl)benzeneacetic acid cyano(3-phenoxyphenyl)methyl ester,excluded,72,72,0.296875,386,51338-27-3
OpenFoodTox_48h_screen,511,122453-73-0,4-Bromo-2-(4-chlorophenyl)-1-(ethoxymethyl)-5-(trifluoromethyl)-1H-pyrrole-3-carbonitrile,excluded,72,72,0.2238806039094925,534,55219-65-3
OpenFoodTox_48h_screen,512,10004-44-1,5-Methyl-3(2H)-isoxazolone,excluded,72,72,0.1794871836900711,130,2032-65-7
OpenFoodTox_48h_screen,513,52508-35-7,"2,3:4,6-bis-O-(1-Methylethylidene)-alpha-L-xylo-2-hexulofuranosonic acid, Sodium salt",excluded,72,72,0.1538461595773697,432,77182-82-2
OpenFoodTox_48h_screen,514,50471-44-8,Vinclozolin (Ref: BAS 352F),excluded,72,72,0.2884615361690521,516,36734-19-7
OpenFoodTox_48h_screen,515,1702-17-6,"3,6-Dichloro-2-pyridinecarboxylic acid",excluded,72,72,0.4838709533214569,685,150114-71-9
OpenFoodTox_48h_screen,516,36734-19-7,"3-(3,5-Dichlorophenyl)-N-(1-methylethyl)-2,4-dioxo-1-imidazolidinecarboxamide",included,72,71,0.22033898532390594,732,99105-77-8
OpenFoodTox_48h_screen,517,32809-16-8,Procymidone (Ref: S 7131),excluded,72,72,0.35555556416511536,516,36734-19-7
OpenFoodTox_48h_screen,518,63284-71-9,Nuarimol (Ref: EL 228),excluded,72,72,0.2539682686328888,508,658066-35-4
OpenFoodTox_48h_screen,519,1757-18-2,Akton,excluded,72,72,0.33898305892944336,280,2310-17-0
OpenFoodTox_48h_screen,520,52918-63-5,"(1R,3R)-3-(2,2-Dibromoethenyl)-2,2-dimethylcyclopropanecarboxylic acid (S)cyano(3-phenoxyphenyl)methyl ester",excluded,72,72,0.22972972691059113,626,80844-07-1
OpenFoodTox_48h_screen,521,41083-11-8,Azocyclotin (Ref: BAY BUE 1452),excluded,72,72,0.24074074625968933,503,94361-06-5
OpenFoodTox_48h_screen,522,76674-21-0,Flutriafol (Ref: PP 450),excluded,72,72,0.3965517282485962,503,94361-06-5
OpenFoodTox_48h_screen,523,50563-36-5,Dimethachlor (Ref: CGA 17020),included,72,71,0.5333333611488342,119,34256-82-1
OpenFoodTox_48h_screen,524,34123-59-6,Isoproturon (Ref: HOE 16410),excluded,72,72,0.23529411852359772,386,51338-27-3
OpenFoodTox_48h_screen,525,57646-30-7,Furalaxyl (Ref: IPE 134),excluded,72,72,0.31481480598449707,523,50563-36-5
OpenFoodTox_48h_screen,526,14214-32-5,Difenoxuron (Ref: C3470),excluded,72,72,0.27450981736183167,386,51338-27-3
OpenFoodTox_48h_screen,527,2631-40-5,Isoprocarb (Ref: OMS 32),excluded,72,72,0.3658536672592163,130,2032-65-7
OpenFoodTox_48h_screen,528,53780-34-0,Mefluidide (Ref: MBR 12325),excluded,72,72,0.21052631735801697,666,66332-96-5
OpenFoodTox_48h_screen,529,38421-90-8,(E)-dec-5-enyl acetate,excluded,72,72,0.28947368264198303,34,2439-10-3
OpenFoodTox_48h_screen,530,51218-45-2,2-Chloro-N-(2-ethyl-6-methylphenyl)-N-(2-methoxy-1-methylethyl)acetamide,excluded,72,72,0.5625,119,34256-82-1
OpenFoodTox_48h_screen,531,41198-08-7,O-(4-bromo-2-chlorophenyl) O-ethyl S-propyl ester phosphorothioic acid,excluded,72,72,0.26229506731033325,379,22224-92-6
OpenFoodTox_48h_screen,532,35367-31-8,"2,6-Difluoro-N-[[[4-(trifluoromethyl)phenyl]amino]carbonyl]benzamide",excluded,72,72,0.5178571343421936,642,101463-69-8
OpenFoodTox_48h_screen,533,41814-78-2,Tricyclazole (Ref: EL 291),excluded,72,72,0.19607843458652496,747,135158-54-2
OpenFoodTox_48h_screen,534,55219-65-3,"beta-(4-Chlorophenoxy)-alpha-(1,1-dimethylethyl)-1H-1,2,4-triazole-1-ethanol",included,72,71,0.7333333492279053,537,55179-31-2
OpenFoodTox_48h_screen,535,25954-13-6,P-(Aminocarbonyl)phosphonic acid monoethyl ester ammonium salt (1:1),excluded,72,72,0.2702702581882477,432,77182-82-2
OpenFoodTox_48h_screen,536,64628-44-0,Triflumuron (Ref: OMS 2015),included,72,71,0.3484848439693451,642,101463-69-8
OpenFoodTox_48h_screen,537,55179-31-2,Bitertanol (Ref: KWG 0599),included,72,71,0.7333333492279053,534,55219-65-3
OpenFoodTox_48h_screen,538,29091-21-2,"2,6-Dinitro-N1,N1-dipropyl-4-(trifluoromethyl)-1,3-benzenediamine",excluded,72,72,0.3125,712,79622-59-6
OpenFoodTox_48h_screen,539,2227-17-0,Dienochlor (Ref: SAN 804),excluded,72,72,0.125,582,57018-04-9
OpenFoodTox_48h_screen,540,57837-19-1,"N-(2,6-Dimethylphenyl)-N-(methoxyacetyl)alanine methyl ester",excluded,72,72,0.42553192377090454,523,50563-36-5
OpenFoodTox_48h_screen,541,59682-52-9,Fosamine (Ref: DPX 1108),excluded,72,72,0.25,432,77182-82-2
OpenFoodTox_48h_screen,542,55512-33-9,Pyridate (Ref: CL 11344),excluded,72,72,0.2777777910232544,34,2439-10-3
OpenFoodTox_48h_screen,543,70124-77-5,Flucythrinate (Ref: OMS 2007),excluded,72,72,0.27142858505249023,626,80844-07-1
OpenFoodTox_48h_screen,544,24307-26-4,Mepiquat chloride (Ref: BAS 083W),excluded,72,72,0.095238097012043,809,126833-17-8
OpenFoodTox_48h_screen,545,142-71-2,Copper II acetate,excluded,72,72,0.2142857164144516,432,77182-82-2
OpenFoodTox_48h_screen,546,67747-09-5,Prochloraz (Ref: BTS 40542),included,72,71,0.22499999403953552,805,129630-19-9
OpenFoodTox_48h_screen,547,51596-11-3 (MA4),Milbemectin (Ref: SL 8601),excluded,72,72,0.11650485545396805,592,283594-90-1
OpenFoodTox_48h_screen,548,51596-11-3,Milbemycin A4,excluded,72,72,0.12380952388048172,592,283594-90-1
OpenFoodTox_48h_screen,549,38260-54-7,Etrimfos,excluded,72,72,0.3255814015865326,582,57018-04-9
OpenFoodTox_48h_screen,550,35628-05-8,Ipsenol,excluded,72,72,0.1355932205915451,1003,494793-67-8
OpenFoodTox_48h_screen,551,59669-26-0,"N,N'-[Thiobis[(methylimino)carbonyloxy]]bisethanimidothioic acid dimethyl ester",included,72,71,0.22033898532390594,134,55285-14-8
OpenFoodTox_48h_screen,552,731-27-1,"1,1-Dichloro-N-[(dimethylamino)sulfonyl]-1-fluoro-N-(4-methylphenyl)methanesulfenamide",excluded,72,72,0.16438356041908264,923,422556-08-9
OpenFoodTox_48h_screen,553,57966-95-7,2-Cyano-N-[(ethylamino)carbonyl]-2-(methoxyimino)acetamide,excluded,72,72,0.19117647409439087,726,141517-21-7
OpenFoodTox_48h_screen,554,950-10-7,"N-(4-Methyl-1,3-dithiolan-2-ylidene)phosphoramidic acid diethyl ester",excluded,72,72,0.21052631735801697,379,22224-92-6
OpenFoodTox_48h_screen,555,180-84-7,"1,7-dioxaspiro(5.5)undecane",excluded,72,72,0.1428571492433548,809,126833-17-8
OpenFoodTox_48h_screen,556,38083-17-9,Climbazole (Ref: 106162),excluded,72,72,0.4000000059604645,534,55219-65-3
OpenFoodTox_48h_screen,557,78821-43-9,24-epibrassinolide,excluded,72,72,0.1807228922843933,828,125225-28-7
OpenFoodTox_48h_screen,558,43222-48-6,Difenzoquat metilsulfate (Ref: AC 84777),excluded,72,72,0.21311475336551666,847,149877-41-8
OpenFoodTox_48h_screen,559,67306-00-7,Fenpropidin (Ref: CGA 114900),excluded,72,72,0.2884615361690521,729,120928-09-8
OpenFoodTox_48h_screen,560,24579-73-5,Propamocarb (Ref: SN 39744),excluded,72,72,0.24590164422988892,134,55285-14-8
OpenFoodTox_48h_screen,561,75736-33-3,Diclobutrazol (Ref: PP296),excluded,72,72,0.5490196347236633,534,55219-65-3
OpenFoodTox_48h_screen,562,25606-41-1,N-[3-(Dimethylamino)propyl]carbamic acid propyl ester hydrochloride (1:1),excluded,72,72,0.24193547666072845,134,55285-14-8
OpenFoodTox_48h_screen,563,57213-69-1,Triclopyr-triethylammonium,excluded,72,72,0.29411765933036804,659,90717-03-6
OpenFoodTox_48h_screen,564,2795-39-3,"1,1,2,2,3,3,4,4,5,5,6,6,7,7,8,8,8-Heptadecafluoro-1-octanesulfonic acid potassium salt",excluded,72,72,0.09090909361839294,923,422556-08-9
OpenFoodTox_48h_screen,565,15263-52-2,Cartap hydrochloride,excluded,72,72,0.21052631735801697,34,2439-10-3
OpenFoodTox_48h_screen,566,58810-48-3,Ofurace (Ref: AE F057623),excluded,72,72,0.4117647111415863,523,50563-36-5
OpenFoodTox_48h_screen,567,55290-64-7,"2,3-Dihydro-5,6-dimethyl-1,4-dithiin 1,1,4,4-tetraoxide",excluded,72,72,0.1463414579629898,809,126833-17-8
OpenFoodTox_48h_screen,568,31895-22-4,Thiocyclam oxalate (Ref: SAN 1551),excluded,72,72,0.15000000596046448,551,59669-26-0
OpenFoodTox_48h_screen,569,39515-40-7,Cyphenothrin (Ref: S 2703),excluded,72,72,0.232876718044281,626,80844-07-1
OpenFoodTox_48h_screen,570,40843-25-2,Diclofop (Ref: AE F021079),excluded,72,72,0.7560975551605225,386,51338-27-3
OpenFoodTox_48h_screen,571,69806-50-4,Fluazifop-butyl (Ref: SL 236),excluded,72,72,0.3174603283405304,386,51338-27-3
OpenFoodTox_48h_screen,572,3861-47-0,Ioxynil octanoate,excluded,72,72,0.22448979318141937,34,2439-10-3
OpenFoodTox_48h_screen,573,34205-21-5,Dimefuron (Ref: RP 23465),excluded,72,72,0.47457626461982727,443,19666-30-9
OpenFoodTox_48h_screen,574,66063-05-6,Pencycuron (Ref: NTN 19701),excluded,72,72,0.2631579041481018,387,5234-68-4
OpenFoodTox_48h_screen,575,119-12-0,Pyridafenthion (Ref: ENT 23968)),excluded,72,72,0.2545454502105713,5,732-11-6
OpenFoodTox_48h_screen,576,22976-86-9,Polyoxorim,excluded,72,72,0.16483516991138458,813,243973-20-8
OpenFoodTox_48h_screen,577,35575-96-3,Azamethiphos (Ref: GCA 18809),excluded,72,72,0.4166666567325592,280,2310-17-0
OpenFoodTox_48h_screen,578,24353-61-5,2-[(Aminomethoxyphosphinothioyl)oxy]benzoic acid 1-methylethyl ester,excluded,72,72,0.2931034564971924,847,149877-41-8
OpenFoodTox_48h_screen,579,10552-74-6,Nitrothal-isopropyl (Ref: BAS 300 OOF),excluded,72,72,0.3243243098258972,198,99-30-9
OpenFoodTox_48h_screen,580,84332-86-5,Chlozolinate (Ref: M 8164),excluded,72,72,0.3214285671710968,516,36734-19-7
OpenFoodTox_48h_screen,581,23031-36-9,"2,2-Dimethyl-3-(2-methyl-1-propenyl)cyclopropanecarboxylic acid 2-methyl-4-oxo-3-(2-propynyl)-2-cyclopenten-1-yl ester",excluded,72,72,0.1538461595773697,592,283594-90-1
OpenFoodTox_48h_screen,582,57018-04-9,"Phosphorothioic acid O-(2,6-dichloro-4-methylphenyl) O,O-dimethyl ester",included,72,71,0.19298245012760162,280,2310-17-0
OpenFoodTox_48h_screen,583,34681-10-2,Butocarboxim (Ref: Co 755),excluded,72,72,0.27906978130340576,130,2032-65-7
OpenFoodTox_48h_screen,584,83121-18-0,Teflubenzuron (Ref: CME 13406),excluded,72,72,0.49152541160583496,642,101463-69-8
OpenFoodTox_48h_screen,585,173584-44-6,"(4aS)-7-Chloro-2,5-dihydro-2-[[(methoxycarbonyl)[4-(trifluoromethoxy)phenyl]amino]carbonyl]indeno[1,2-e][1,3,4]oxadiazine-4a(3H)-carboxylic acid methyl ester",excluded,72,72,0.25,386,51338-27-3
OpenFoodTox_48h_screen,586,79538-32-2,"(1R,3R)-rel-3-[(1Z)-2-Chloro-3,3,3-trifluoro-1-propen-1-yl]-2,2-dimethylcyclopropanecarboxylic acid (2,3,5,6-tetrafluoro-4-methylphenyl)methyl ester",excluded,72,72,0.19230769574642181,1030,1390661-72-9
OpenFoodTox_48h_screen,587,79127-80-3,Fenoxycarb (Ref: OMS 3010),excluded,72,72,0.3392857015132904,626,80844-07-1
OpenFoodTox_48h_screen,588,105512-06-9,Clodinafop propargyl (Ref: CGA 184927),excluded,72,72,0.4237288236618042,386,51338-27-3
OpenFoodTox_48h_screen,589,82657-04-3,Bifenthrin (Ref: FMC 54800),excluded,72,72,0.23170731961727142,1030,1390661-72-9
OpenFoodTox_48h_screen,590,69770-45-2,"3-[2-Chloro-2-(4-chlorophenyl)ethenyl]-2,2-dimethylcyclopropanecarboxylic acid cyano(4-fluoro-3-phenoxyphenyl)methyl ester",excluded,72,72,0.2405063360929489,386,51338-27-3
OpenFoodTox_48h_screen,591,74222-97-2,"2-[[[[(4,6-Dimethyl-2-pyrimidinyl)amino]carbonyl]amino]sulfonyl]benzoic acid, Methyl ester",excluded,72,72,0.5272727012634277,217,64902-72-3
OpenFoodTox_48h_screen,592,283594-90-1,"3,3-Dimethylbutanoic acid 2-oxo-3-(2,4,6-trimethylphenyl)-1-oaxspiro[4.4]non-3-en-4-yl ester",included,72,71,0.26760563254356384,813,243973-20-8
OpenFoodTox_48h_screen,593,67485-29-4,"Tetrahydro-5,5-dimethyl-2(1H)-pyrimidio[3-[4-trifluoromethyl)phenyl]-1-[2-[4-(trifluoromethyl)phenyl]ethenyl]-2-propenylidene]hydrazone",excluded,72,72,0.1875,657,83164-33-4
OpenFoodTox_48h_screen,594,71626-11-4,Benalaxyl (Ref: M 9834),excluded,72,72,0.37254902720451355,523,50563-36-5
OpenFoodTox_48h_screen,595,49669-74-1,Aviglycine,excluded,72,72,0.1627907007932663,432,77182-82-2
OpenFoodTox_48h_screen,596,22936-75-0,Dimethametryn (Ref: C 18898),excluded,72,72,0.17241379618644714,379,22224-92-6
OpenFoodTox_48h_screen,597,74223-56-6,Sulfometuron,excluded,72,72,0.4821428656578064,217,64902-72-3
OpenFoodTox_48h_screen,598,24151-93-7,Piperophos (Ref: C 19 490),excluded,72,72,0.2321428507566452,5,732-11-6
OpenFoodTox_48h_screen,599,76578-14-8,Quizalofop-ethyl (Ref: DPX Y6202),excluded,72,72,0.45614033937454224,386,51338-27-3
OpenFoodTox_48h_screen,600,56578-18-8,5-decenol (Ref: BAS 287 1),excluded,72,72,0.20000000298023224,34,2439-10-3
OpenFoodTox_48h_screen,601,67527-71-3,Mildiomycin (Ref: AR-1F1870),excluded,72,72,0.13592232763767242,940,183675-82-3
OpenFoodTox_48h_screen,602,69806-34-4,Haloxyfop (Ref: DOWCO 453),excluded,72,72,0.3928571343421936,386,51338-27-3
OpenFoodTox_48h_screen,603,72178-02-0,Fomesafen (Ref: PP 021),excluded,72,72,0.6000000238418579,509,42874-03-3
OpenFoodTox_48h_screen,604,72459-58-6,Triazoxide (Ref: SAS 9244),included,72,71,0.20895522832870483,546,67747-09-5
OpenFoodTox_48h_screen,605,77732-09-3,Oxadixyl (Ref: SAN 371F),excluded,72,72,0.37037035822868347,523,50563-36-5
OpenFoodTox_48h_screen,606,69377-81-7,Fluroxypyr (Ref: DOW 43304-H),excluded,72,72,0.302325576543808,685,150114-71-9
OpenFoodTox_48h_screen,607,67129-08-2,Metazachlor (Ref: BAS 47900H),excluded,72,72,0.52173912525177,523,50563-36-5
OpenFoodTox_48h_screen,608,31895-21-3,Thiocyclam,excluded,72,72,0.08163265138864517,204,69327-76-0
OpenFoodTox_48h_screen,609,2425-20-9,Siglure,excluded,72,72,0.1551724076271057,386,51338-27-3
OpenFoodTox_48h_screen,610,26225-79-6,"2-Ethoxy-2,3-dihydro-3,3-dimethyl-5-benzofuranol 5-methanesulfonate",excluded,72,72,0.203125,379,22224-92-6
OpenFoodTox_48h_screen,611,1820573-27-0,Beta-cyfluthrin (Ref: OMS 3051),excluded,72,72,0.24657534062862396,386,51338-27-3
OpenFoodTox_48h_screen,612,15302-91-7,Mepiquat,excluded,72,72,0.09756097197532654,809,126833-17-8
OpenFoodTox_48h_screen,613,83657-24-3,Diniconazole (Ref: XE-779),excluded,72,72,0.38596490025520325,534,55219-65-3
OpenFoodTox_48h_screen,614,95737-68-1,2-[1-Methyl-2-(4-phenoxyphenoxy)ethoxy]pyridine,excluded,72,72,0.2982456088066101,626,80844-07-1
OpenFoodTox_48h_screen,615,71422-67-8,Chlorfluazuron (Ref: CGA 112913),excluded,72,72,0.5223880410194397,642,101463-69-8
OpenFoodTox_48h_screen,616,94593-79-0,Oxabetrinil (Ref: CGA 92194),excluded,72,72,0.18333333730697632,849,106700-29-2
OpenFoodTox_48h_screen,617,67564-91-4,"(2R,6S)-rel-4-[3-[4-(1,1-Dimethylethyl)phenyl]-2-methylpropyl]-2,6-dimethylmorpholine  ",excluded,72,72,0.24561403691768646,729,120928-09-8
OpenFoodTox_48h_screen,618,81335-37-7,Imazaquin (Ref: BAS 725H),excluded,72,72,0.20895522832870483,666,66332-96-5
OpenFoodTox_48h_screen,619,74115-24-5,"3,6-Bis(2-chlorophenyl)-1,2,4,5-tetrazine",excluded,72,72,0.19230769574642181,217,64902-72-3
OpenFoodTox_48h_screen,620,31717-87-0,Dodemorph acetate (Ref: BAS 238F),excluded,72,72,0.15909090638160706,34,2439-10-3
OpenFoodTox_48h_screen,621,99387-89-0,Triflumizole (Ref: NF 114 ),excluded,72,72,0.3571428656578064,546,67747-09-5
OpenFoodTox_48h_screen,622,86479-06-3,Hexaflumuron (Ref: XRD 473),excluded,72,72,0.4761904776096344,642,101463-69-8
OpenFoodTox_48h_screen,623,17606-31-4,Bensultap (Ref: OMS 3011),excluded,72,72,0.18309858441352844,643,82560-54-1
OpenFoodTox_48h_screen,624,69806-86-6,Haloxyfop-sodium,excluded,72,72,0.37288135290145874,386,51338-27-3
OpenFoodTox_48h_screen,625,57369-32-1,Pyroquilon (Ref: CGA 49104),excluded,72,72,0.17307692766189575,204,69327-76-0
OpenFoodTox_48h_screen,626,80844-07-1,1-[[2-(4-Ethoxyphenyl)-2-methylpropoxy]methyl]-3-phenoxybenzene,included,72,71,0.26865673065185547,509,42874-03-3
OpenFoodTox_48h_screen,627,64700-56-7,"[(3,5,6-Trichloro-2-pyridinyl)oxy]acetic acid, 2-Butoxyethyl ester",excluded,72,72,0.27397260069847107,805,129630-19-9
OpenFoodTox_48h_screen,628,79510-48-8,Metsulfuron (Ref: IN F5438),excluded,72,72,0.7450980544090271,217,64902-72-3
OpenFoodTox_48h_screen,629,76738-62-0,Paclobutrazol (Ref: PP 333),excluded,72,72,0.6304348111152649,534,55219-65-3
OpenFoodTox_48h_screen,630,88671-89-0,"alpha-Butyl-alpha-(4-chlorophenyl)-1H-1,2,4-triazole-1-propanenitrile",excluded,72,72,0.45614033937454224,503,94361-06-5
OpenFoodTox_48h_screen,631,56425-91-3,alpha-(1-Methylethyl)-alpha-[4-(trifluoromethoxy)phenyl]-5-pyrimidinemethanol,excluded,72,72,0.2631579041481018,536,64628-44-0
OpenFoodTox_48h_screen,632,39148-24-8,Fosetyl-aluminium (Ref: RP 32545),excluded,72,72,0.1875,280,2310-17-0
OpenFoodTox_48h_screen,633,87130-20-9,Diethofencarb (Ref: S 1605),excluded,72,72,0.35185185074806213,847,149877-41-8
OpenFoodTox_48h_screen,634,55814-41-0,Mepronil (Ref: B1 2459),excluded,72,72,0.6818181872367859,666,66332-96-5
OpenFoodTox_48h_screen,635,87818-31-3,Cinmethylin (Ref: BAS 684 H),excluded,72,72,0.1875,119,34256-82-1
OpenFoodTox_48h_screen,636,77501-63-4,"5-[2-Chloro-4-(trifluoromethyl)phenoxy]-2-nitrobenzoic acid, 2-Ethoxy-1-methyl-2-oxoethyl ester",excluded,72,72,0.6190476417541504,509,42874-03-3
OpenFoodTox_48h_screen,637,83657-22-1,Uniconazole (Ref: XE 1019),excluded,72,72,0.4423076808452606,534,55219-65-3
OpenFoodTox_48h_screen,638,78587-05-0,"(4R,5R)-rel-5-(4-Chlorophenyl)-N-cyclohexyl-4-methyl-2-oxo-3-thiazolidinecarboxamide",excluded,72,72,0.25806450843811035,516,36734-19-7
OpenFoodTox_48h_screen,639,82558-50-7,Isoxaben (Ref: EAF 496),excluded,72,72,0.3125,675,161050-58-4
OpenFoodTox_48h_screen,640,13492-26-7,Dipotassium phosphonate,excluded,72,72,0.1111111119389534,24,20859-73-8
OpenFoodTox_48h_screen,641,99675-03-3,Isofenphos-methyl,excluded,72,72,0.30000001192092896,847,149877-41-8
OpenFoodTox_48h_screen,642,101463-69-8,Flufenoxuron (Ref: BAS 3071),included,72,71,0.4027777910232544,657,83164-33-4
OpenFoodTox_48h_screen,643,82560-54-1,Benfuracarb,included,72,71,0.625,134,55285-14-8
OpenFoodTox_48h_screen,644,80060-09-9,Diafenthiuron (Ref: CGA 106630),excluded,72,72,0.2786885201931,626,80844-07-1
OpenFoodTox_48h_screen,645,82097-50-5,"2-(2-Chloroethoxy)-N-[[(4-methoxy-6-methyl-1,3,5-triazin-2-yl)amino]carbonyl]benzenesulfonamide",excluded,72,72,0.6964285969734192,217,64902-72-3
OpenFoodTox_48h_screen,646,81335-77-5,Imazethapyr (Ref: AC 252925),excluded,72,72,0.19696970283985138,711,112410-23-8
OpenFoodTox_48h_screen,647,107534-96-3,Tebuconazole (Ref: HWG 1608),excluded,72,72,0.48148149251937866,503,94361-06-5
OpenFoodTox_48h_screen,648,74070-46-5,Aclonifen (Ref: AE F068300),included,72,71,0.3636363744735718,471,42576-02-3
OpenFoodTox_48h_screen,649,66441-23-4,Fenoxaprop-ethyl,excluded,72,72,0.4482758641242981,386,51338-27-3
OpenFoodTox_48h_screen,650,81777-89-1,"2-[(2-Chlorophenyl)methyl]-4,4-dimethyl-3-isoxazolidinone",excluded,72,72,0.19298245012760162,387,5234-68-4
OpenFoodTox_48h_screen,651,62850-32-2,Fenothiocarb (Ref: KCO 3001),excluded,72,72,0.25925925374031067,849,106700-29-2
OpenFoodTox_48h_screen,652,85509-19-9,Flusilazole (Ref: DPX H6573),excluded,72,72,0.2857142984867096,503,94361-06-5
OpenFoodTox_48h_screen,653,4151-50-2,Sulfluramid (Ref: GX 071),excluded,72,72,0.1492537260055542,923,422556-08-9
OpenFoodTox_48h_screen,654,52304-36-6,"3-(N-butyl-N-acetyl)-aminopropionic acid, ethyl ester (Ref: OMS 3065)",excluded,72,72,0.30000001192092896,34,2439-10-3
OpenFoodTox_48h_screen,655,96525-23-4,Flurtamone (Ref: RPA 590515),excluded,72,72,0.28169015049934387,726,141517-21-7
OpenFoodTox_48h_screen,656,93697-74-6,Pyrazosulfuron-ethyl (Ref: NC 311),excluded,72,72,0.5087719559669495,759,120923-37-7
OpenFoodTox_48h_screen,657,83164-33-4,Diflufenican (Ref: AE 088657),included,72,71,0.4027777910232544,642,101463-69-8
OpenFoodTox_48h_screen,658,97886-45-8,"2-(Difluoromethyl)-4-(2-methylpropyl)-6-(trifluoromethyl)-3,5-pyridinedicarbothioic acid, S3,S5-Dimethyl ester",excluded,72,72,0.24637681245803833,940,183675-82-3
OpenFoodTox_48h_screen,659,90717-03-6,Quinmerac (Ref: BAS 518H),included,72,71,0.2666666805744171,685,150114-71-9
OpenFoodTox_48h_screen,660,84087-01-4,"3,7-Dichloro-8-quinolinecarboxylic acidZ",excluded,72,72,0.7222222089767456,659,90717-03-6
OpenFoodTox_48h_screen,661,100728-84-5,Imazamethabenz (Ref: AC 263840),excluded,72,72,0.22413793206214905,659,90717-03-6
OpenFoodTox_48h_screen,662,89784-60-1,Pyraclofos (Ref: OMS 3040),excluded,72,72,0.2753623127937317,280,2310-17-0
OpenFoodTox_48h_screen,663,101903-30-4,Pefurazoate (Ref: UR-0003),excluded,72,72,0.3037974536418915,546,67747-09-5
OpenFoodTox_48h_screen,664,79277-27-3,Thifensulfuron-methyl (Ref: DPX M6316),excluded,72,72,0.625,217,64902-72-3
OpenFoodTox_48h_screen,665,83055-99-6,Bensulfuron-methyl (Ref: DPX F5384),excluded,72,72,0.5423728823661804,756,213464-77-8
OpenFoodTox_48h_screen,666,66332-96-5,Flutolanil (Ref: NNF 136),included,72,71,0.35483869910240173,508,658066-35-4
OpenFoodTox_48h_screen,667,105024-66-6,Silafluofen (Ref: HOE 084498),excluded,72,72,0.34375,626,80844-07-1
OpenFoodTox_48h_screen,668,62924-70-3,"2-Chloro-N-[2,6-dinitro-4-(trifluoromethyl)phenyl]-N-ethyl-6-fluorobenzenemethanamine",excluded,72,72,0.35820895433425903,509,42874-03-3
OpenFoodTox_48h_screen,669,99283-01-9,Bensulfuron (Ref: IN R9419),excluded,72,72,0.5333333611488342,756,213464-77-8
OpenFoodTox_48h_screen,670,62865-36-5,Diclomezine (Ref: F-850),excluded,72,72,0.22448979318141937,659,90717-03-6
OpenFoodTox_48h_screen,671,86209-51-0,"2-[[[[[4,6-Bis(difluoromethoxy)-2-pyrimidinyl]amino]carbonyl]amino]sulfonyl]benzoic acid, Methyl ester",excluded,72,72,0.4761904776096344,755,122931-48-0
OpenFoodTox_48h_screen,672,130339-07-0,Diflumetorim (Ref: UBF 002),excluded,72,72,0.23376622796058655,805,129630-19-9
OpenFoodTox_48h_screen,673,51218-49-6,Pretilachlor (Ref: CGA 26423),excluded,72,72,0.5652173757553101,119,34256-82-1
OpenFoodTox_48h_screen,674,81405-85-8,Imazamethabenz-methyl (Ref: AC 222293),excluded,72,72,0.23999999463558197,1008,317815-83-1
OpenFoodTox_48h_screen,675,161050-58-4,Methoxyfenozide (Ref: RH 2485),included,72,71,0.5438596606254578,836,143807-66-3
OpenFoodTox_48h_screen,676,114311-32-9,Imazamox (Ref: BAS 720H),excluded,72,72,0.20253165066242218,1030,1390661-72-9
OpenFoodTox_48h_screen,677,83212-30-0,Rhyncolure,excluded,72,72,0.145454540848732,1003,494793-67-8
OpenFoodTox_48h_screen,678,181274-15-7,Propoxycarbazone-sodium (Ref: MKH 6561),excluded,72,72,0.3835616409778595,1008,317815-83-1
OpenFoodTox_48h_screen,679,112226-61-6,Halofenozide (Ref: RH 0345),excluded,72,72,0.4893617033958435,711,112410-23-8
OpenFoodTox_48h_screen,680,79983-71-4,Hexaconazole (Ref: PP 523),excluded,72,72,0.4237288236618042,503,94361-06-5
OpenFoodTox_48h_screen,681,96489-71-3,"4-Chloro-2-(1,1-dimethylethyl)-5-[[[4-(1,1-dimethylethyl)phenyl]methyl]thio]-3(2H)pyridazinene",excluded,72,72,0.2295081913471222,729,120928-09-8
OpenFoodTox_48h_screen,682,111872-58-3,Halfenprox (Ref: MTI 732),excluded,72,72,0.739130437374115,626,80844-07-1
OpenFoodTox_48h_screen,683,124495-18-7,"5,7-Dichloro-4-(4-fluorophenoxy)quinoline",excluded,72,72,0.30909091234207153,386,51338-27-3
OpenFoodTox_48h_screen,684,117337-19-6,"[[2-Chloro-4-fluoro-5-[(tetrahydro-3-oxo-1H,3H-[1,3,4]thiadiazolo [3,4-a]pyridazin-1-ylidine)amino]phenyl]thioacetic acid methyl ester",excluded,72,72,0.2235294133424759,805,129630-19-9
OpenFoodTox_48h_screen,685,150114-71-9,Aminopyralid (Ref: XDE 750),included,72,71,0.2666666805744171,659,90717-03-6
OpenFoodTox_48h_screen,686,104040-78-0,"N-[[4,6-Dimethoxy-2-pyrimidinyl)amino]carbonyl]-3-(trifluoromethyl)-2-pyridinesulfonamide",excluded,72,72,0.6785714030265808,755,122931-48-0
OpenFoodTox_48h_screen,687,500008-45-7,Chlorantraniliprole (Ref: DPX E2Y45),excluded,72,72,0.20987653732299805,217,64902-72-3
OpenFoodTox_48h_screen,688,119168-77-3,Tebufenpyrad (Ref: AC 801757),excluded,72,72,0.2950819730758667,711,112410-23-8
OpenFoodTox_48h_screen,689,131983-72-7,Triticonazole (Ref: RPA 400727),excluded,72,72,0.4153846204280853,828,125225-28-7
OpenFoodTox_48h_screen,690,53112-28-0,"4,6-Dimethyl-N-phenyl-2-pyrimidinamine",excluded,72,72,0.6666666865348816,786,121552-61-2
OpenFoodTox_48h_screen,691,348635-87-0,Amisulbrom,excluded,72,72,0.18918919563293457,720,145701-23-1
OpenFoodTox_48h_screen,692,36756-79-3,Tiocarbazil (Ref: M 3432),excluded,72,72,0.24528302252292633,849,106700-29-2
OpenFoodTox_48h_screen,693,156052-68-5,"3,5-Dichloro-N-(3-chloro-1-ethyl-1-methyl-2-oxopropyl)-4-methylbenzamide",excluded,72,72,0.2830188572406769,523,50563-36-5
OpenFoodTox_48h_screen,694,99129-21-2,Clethodim (Ref: RE 45601),excluded,72,72,0.18309858441352844,379,22224-92-6
OpenFoodTox_48h_screen,695,210631-68-8,"[3-(4,5-Dihydro-3-isoxazolyl)-2-methyl-4-(methylsulfonyl)phenyl](5-hydroxy-1-methyl-1H-pyrazol-4-yl)methanone",excluded,72,72,0.25,732,99105-77-8
OpenFoodTox_48h_screen,696,88805-35-0,Prohexadione,excluded,72,72,0.20000000298023224,732,99105-77-8
OpenFoodTox_48h_screen,697,38727-55-8,Diethatyl ethyl (Ref: BAY NNT 6867),excluded,72,72,0.5909090638160706,119,34256-82-1
OpenFoodTox_48h_screen,698,99283-00-8,Chlorimuron,excluded,72,72,0.5254237055778503,217,64902-72-3
OpenFoodTox_48h_screen,699,110488-70-5,"3-(4-Chlorophenyl)-3-(3,4-dimethoxyphenyl)-1-(4-morpholinyl)-2-propen-1-one",excluded,72,72,0.2698412835597992,386,51338-27-3
OpenFoodTox_48h_screen,700,54593-83-8,"Phosphorothioic acid O,O-diethyl-O-(1,2,2,2-tetrachloroethyl) ester",excluded,72,72,0.1964285671710968,280,2310-17-0
OpenFoodTox_48h_screen,701,103361-09-7,"2-[7-Fluoro-3,4-dihydro-3-oxo-4-(2-propynyl)-2H-1,4-benzoxazin-6-yl]-4,5,6,7-tetrahydro-1H-isoindole-1,3(2H)-dione",excluded,72,72,0.1428571492433548,516,36734-19-7
OpenFoodTox_48h_screen,702,111479-05-1,Propaquizafop (Ref: CGA 233380),excluded,72,72,0.4000000059604645,386,51338-27-3
OpenFoodTox_48h_screen,703,87546-18-7,"2-[2-Chloro-4-fluoro-5-(1,3,4,5,6,7-hexahydro-1,3-dioxo-2H-isoindol-2-yl)phenoxy]acetic acid pentyl ester",excluded,72,72,0.3684210479259491,805,129630-19-9
OpenFoodTox_48h_screen,704,113036-88-7,Flucycloxuron (Ref: OMS 3041),excluded,72,72,0.3382352888584137,536,64628-44-0
OpenFoodTox_48h_screen,705,63782-90-1,Flamprop-M-isopropyl (Ref: WL 43425),excluded,72,72,0.29032257199287415,847,149877-41-8
OpenFoodTox_48h_screen,706,94593-91-6,Cinosulfuron (Ref: CGA 142464),excluded,72,72,0.5892857313156128,217,64902-72-3
OpenFoodTox_48h_screen,707,98967-40-9,"N-(2,6-Difluorophenyl)-5-methyl-[1,2,4]triazolo[1,5-a]pyrimidine-2-sulfonamide",excluded,72,72,0.4642857015132904,720,145701-23-1
OpenFoodTox_48h_screen,708,7784-26-1,Aluminium ammonium sulphate,excluded,72,72,0.10000000149011612,432,77182-82-2
OpenFoodTox_48h_screen,709,274671-61-3,Ecolyst (Ref: HSDB 7282),excluded,72,72,0.19298245012760162,626,80844-07-1
OpenFoodTox_48h_screen,710,119446-68-3,"1-[[2-[2-Chloro-4-(4-chlorophenoxyl)phenyl]-4-methyl-1,3-dioxolan-2-yl]methyl]-1H-1,2,4-triazole",included,72,71,0.3561643958091736,828,125225-28-7
OpenFoodTox_48h_screen,711,112410-23-8,"1-(1,1-Dimethylethyl)-2-(4-ethylbenzoyl)hydrazide-3,5-dimethylbenzoic acid",included,72,71,0.5192307829856873,675,161050-58-4
OpenFoodTox_48h_screen,712,79622-59-6,Fluazinam (Ref: IKF 1216),included,72,71,0.34328359365463257,509,42874-03-3
OpenFoodTox_48h_screen,713,138261-41-3,Imidacloprid (Ref: BAY NTN 33893),included,72,71,0.4035087823867798,831,111988-49-9
OpenFoodTox_48h_screen,714,114369-43-6,"alpha-[2-(4-Chlorophenyl)ethyl]-alpha-phenyl-1H-1,2,4-triazole-1-propanenitrile",excluded,72,72,0.3870967626571655,503,94361-06-5
OpenFoodTox_48h_screen,715,81406-37-3,"2-[(4-Amino-3,5-dichloro-6-fluoro-2-pyridinyl)oxy]acetic acid 1-methylheptyl ester",excluded,72,72,0.2531645596027374,805,129630-19-9
OpenFoodTox_48h_screen,716,119738-06-6,Quizalofop-P-tefuryl (Ref: UBI C4874 ),excluded,72,72,0.37681159377098083,386,51338-27-3
OpenFoodTox_48h_screen,717,141776-32-1,"N-[[(4,6-Dimethoxy-2-pyrimidinyl)amino]carbonyl]-2-(ethylsulfonyl)imidazo[1,2-a]pyridine-3-sulfonamide",excluded,72,72,0.5714285969734192,755,122931-48-0
OpenFoodTox_48h_screen,718,77501-60-1,Fluoroglycofen,excluded,72,72,0.6000000238418579,509,42874-03-3
OpenFoodTox_48h_screen,719,79277-67-1,Thifensulfuron (Ref: IN L9225),excluded,72,72,0.625,217,64902-72-3
OpenFoodTox_48h_screen,720,145701-23-1,Florasulam (Ref: DE 570),included,72,71,0.3382352888584137,763,139528-85-1
OpenFoodTox_48h_screen,721,111991-09-4,Nicosulfuron (Ref: DPX V9360),excluded,72,72,0.6666666865348816,755,122931-48-0
OpenFoodTox_48h_screen,722,103112-35-2,Fenchlorazole-ethyl (Ref: HOE 070542),excluded,72,72,0.2539682686328888,536,64628-44-0
OpenFoodTox_48h_screen,723,72619-32-0,Haloxyfop-P-methyl (Ref: DE 535),excluded,72,72,0.5283018946647644,386,51338-27-3
OpenFoodTox_48h_screen,724,117718-60-2,"2-(Difluoromethyl)-5-(4,5-dihydro-2-thiazolyl)-4-(2-methylpropyl)-6-(trifluoromethyl)-3-pyridinecarboxylic acid methyl ester",excluded,72,72,0.22499999403953552,940,183675-82-3
OpenFoodTox_48h_screen,725,110895-43-7,Triazamate (Ref: RH 7988),excluded,72,72,0.22368420660495758,805,129630-19-9
OpenFoodTox_48h_screen,726,141517-21-7,(alphaE)-alpha-(Methoxyimino)-2-[[[(E)-[1-[3-(trifluoromethyl)phenyl]ethylidene]amino]oxy]methyl]benzeneacteic acid methyl ester,included,72,71,0.28985506296157837,666,66332-96-5
OpenFoodTox_48h_screen,727,104098-48-8,Imazapic (Ref: AC 263222),excluded,72,72,0.290909081697464,659,90717-03-6
OpenFoodTox_48h_screen,728,74738-17-3,Fenpiclonil (Ref: CGA 142705),excluded,72,72,0.1617647111415863,1030,1390661-72-9
OpenFoodTox_48h_screen,729,120928-09-8,"4-[2-[4-(1,1-Dimethylethyl)phenyl]ethoxy]quinazoline",included,72,71,0.24590164422988892,626,80844-07-1
OpenFoodTox_48h_screen,730,142459-58-3,"N-(4-Fluorophenyl)-N-(1-methylethyl)-2-[[5-(trifluoromethyl)-1,3,4-thiadiazol-2-yl]oxy]acetamide",excluded,72,72,0.21739129722118378,666,66332-96-5
OpenFoodTox_48h_screen,731,143390-89-0,(alphaE)-alpha-(Methoxyimino)-2-[(2-methylphenoxy)methyl]benzeneacetic acid methyl ester,excluded,72,72,0.5,726,141517-21-7
OpenFoodTox_48h_screen,732,99105-77-8,Sulcotrione (Ref: SC 0051),included,72,71,0.22033898532390594,516,36734-19-7
OpenFoodTox_48h_screen,733,131341-86-1,"4-(2,2-Difluoro-1,3-benzodioxol-4-yl)-1H-pyrrole-3-carbonitrile",excluded,72,72,0.1794871836900711,643,82560-54-1
OpenFoodTox_48h_screen,734,122008-85-9,"(2R)-2-[4-(4-Cyano-2-fluorophenoxy)phenoxy]propanoic acid, Butyl ester",excluded,72,72,0.4237288236618042,386,51338-27-3
OpenFoodTox_48h_screen,735,64249-01-0,Anilofos (Ref: HOE 30374),excluded,72,72,0.4000000059604645,5,732-11-6
OpenFoodTox_48h_screen,736,272451-65-7,"N2-[1,1-Dimethyl-2-(methylsulfonyl)ethyl]-3-iodo-N1-[2-methyl-4-[1,2,2,2-tetrafluoro-1-(trifluoromethyl)ethyl]phenyl]-1,2-benzenedicarboxamide",excluded,72,72,0.27397260069847107,666,66332-96-5
OpenFoodTox_48h_screen,737,57960-19-7,"2-(Acetyloxy)-3-dodecyl-1,4-naphthalenedione",excluded,72,72,0.26923078298568726,5,732-11-6
OpenFoodTox_48h_screen,738,103112-36-3,Fenchlorazole (Ref: HOE 072829),excluded,72,72,0.26530611515045166,685,150114-71-9
OpenFoodTox_48h_screen,739,98886-44-3,(2-Oxo-3-thiazolidinyl)phosphonothioic acid O-ethyl S-(1-methylpropyl)ester,excluded,72,72,0.2295081913471222,379,22224-92-6
OpenFoodTox_48h_screen,740,57520-17-9,Iminoctadine triacetate (Ref: DF 125),excluded,72,72,0.6666666865348816,34,2439-10-3
OpenFoodTox_48h_screen,741,134098-61-6,Fenpyroximate (Ref: NNI 850),excluded,72,72,0.23376622796058655,626,80844-07-1
OpenFoodTox_48h_screen,742,97780-06-8,Ethametsulfuron-methyl (Ref: DPX-A7881),excluded,72,72,0.4838709533214569,217,64902-72-3
OpenFoodTox_48h_screen,743,122836-35-5,Sulfentrazone (Ref: FMC 97285),excluded,72,72,0.27272728085517883,443,19666-30-9
OpenFoodTox_48h_screen,744,52888-80-9,Prosulfocarb (Ref: SC 0574),excluded,72,72,0.27450981736183167,849,106700-29-2
OpenFoodTox_48h_screen,745,858956-08-8,Aminocyclopyrachlor (Ref: DPX-MAT28),excluded,72,72,0.42105263471603394,685,150114-71-9
OpenFoodTox_48h_screen,746,129025-54-3,Clofencet (Ref: MON 21250 ),excluded,72,72,0.30188679695129395,659,90717-03-6
OpenFoodTox_48h_screen,747,135158-54-2,"1,2,3-Benzothiadiazole-7-carbothioic acid S-methyl ester",included,72,71,0.1964285671710968,729,120928-09-8
OpenFoodTox_48h_screen,748,128639-02-1,"alpha,2-Dichloro-5-[4-(difluoromethyl)-4,5-dihydro-3-methyl-5-oxo-1H-1,2,4-triazol-1-yl]-4-fluorobenzenepropanoic acid, Ethyl ester",excluded,72,72,0.3246753215789795,805,129630-19-9
OpenFoodTox_48h_screen,749,98730-04-2,Benoxacor (Ref: CGA 154281),excluded,72,72,0.21052631735801697,387,5234-68-4
OpenFoodTox_48h_screen,750,35256-85-0,Tebutam (Ref: GPC-5544),excluded,72,72,0.24528302252292633,711,112410-23-8
OpenFoodTox_48h_screen,751,178928-70-6,"2-[2-(1-Chlorocyclopropyl)-3-(2-chlorophenyl)-2-hydroxypropyl]-1,2-dihydro-3H-1,2,4-triazole-3-thione",excluded,72,72,0.20000000298023224,508,658066-35-4
OpenFoodTox_48h_screen,752,123312-89-0,"4,5-Dihydro-6-methyl-4-[(E)-(3-pyridinylmethylene)amino]-1,2,4-triazin-3(2H)-one",excluded,72,72,0.1515151560306549,204,69327-76-0
OpenFoodTox_48h_screen,753,61676-87-7,Cymiazol (Ref: CGA 50439),excluded,72,72,0.1666666716337204,582,57018-04-9
OpenFoodTox_48h_screen,754,95465-99-9,Cadusafos (Ref: FMC 67825),excluded,72,72,0.27659574151039124,379,22224-92-6
OpenFoodTox_48h_screen,755,122931-48-0,"N-[[(4,6-Dimethoxy-2-pyrimidinyl)amino]carbonyl]-3-(ethylsulfonyl)-2-pyridine sulfonamide",included,72,71,0.5,759,120923-37-7
OpenFoodTox_48h_screen,756,213464-77-8,"2-[[[[[(4,6-Dimethoxy-2-pyrimidinyl)amino]carbonyl]amino]sulfonyl]amino]-N,N-dimethylbenzamide",included,72,71,0.5272727012634277,759,120923-37-7
OpenFoodTox_48h_screen,757,136426-54-5,Fluquinconazole (Ref: AE C597265),excluded,72,72,0.2537313401699066,604,72459-58-6
OpenFoodTox_48h_screen,758,106040-48-6,Tribenuron (Ref: IN R9803),excluded,72,72,0.4833333194255829,217,64902-72-3
OpenFoodTox_48h_screen,759,120923-37-7,Amidosulfuron,included,72,71,0.5272727012634277,756,213464-77-8
OpenFoodTox_48h_screen,760,126535-15-7,Triflusulfuron-methyl (Ref: DPX 66037),excluded,72,72,0.36000001430511475,217,64902-72-3
OpenFoodTox_48h_screen,761,122548-33-8,"2-Chloro-N-[[(4,6-dimethoxy-2-pyrimidinyl)amino]carbonyl]imidazo[1,2-a]pyridine-3-sulfonamide",excluded,72,72,0.5087719559669495,759,120923-37-7
OpenFoodTox_48h_screen,762,135990-29-3,Triflusulfuron,excluded,72,72,0.36000001430511475,217,64902-72-3
OpenFoodTox_48h_screen,763,139528-85-1,Metosulam (Ref: XDE 511),included,72,71,0.44285714626312256,923,422556-08-9
OpenFoodTox_48h_screen,764,131860-33-8,(alphaE)-2-[[6-(2-Cyanophenoxy)-4-pyrimidinyl]oxy]-alpha-(methoxymethylene)benzeneacetic acid methyl ester,excluded,72,72,0.2405063360929489,726,141517-21-7
OpenFoodTox_48h_screen,765,99607-70-2,Cloquintocet-mexyl (Ref: CGA 185072),excluded,72,72,0.2469135820865631,805,129630-19-9
OpenFoodTox_48h_screen,766,121776-33-8,Furilazole (Ref: MON 13900),excluded,72,72,0.20895522832870483,503,94361-06-5
OpenFoodTox_48h_screen,767,111353-84-5,"2-[[[[[4-Ethoxy-6-(methylamino)-1,3,5-triazin-2-yl]amino]carbonyl]amino]sulfonyl]benzoic acid",excluded,72,72,0.460317462682724,217,64902-72-3
OpenFoodTox_48h_screen,768,123343-16-8,"2-Chloro-6-[(4,6-dimethoxy-2-pyrimidinyl)thio]benzoic acid sodium salt (1:1)",excluded,72,72,0.3333333432674408,759,120923-37-7
OpenFoodTox_48h_screen,769,114420-56-3,Clodinafop (Ref: CGA 193469),excluded,72,72,0.43396225571632385,386,51338-27-3
OpenFoodTox_48h_screen,770,72963-72-5,"2,2-Dimethyl-3-(2-methyl-1-propenyl)cyclopropanecarboxylic acid, [2,5-dioxo-3-(2-propynyl)-1-imidazolidinyl]methyl ester",excluded,72,72,0.1527777761220932,516,36734-19-7
OpenFoodTox_48h_screen,771,106917-52-6,Flusulfamide (Ref: MTF 651),excluded,72,72,0.3191489279270172,198,99-30-9
OpenFoodTox_48h_screen,772,21543-49-7,6-chloro-3-pyridinemethanol,excluded,72,72,0.35555556416511536,713,138261-41-3
OpenFoodTox_48h_screen,773,116255-48-2,Bromuconazole (Ref: LS 860263),excluded,72,72,0.4923076927661896,710,119446-68-3
OpenFoodTox_48h_screen,774,110235-47-7,Mepanipyrim (Ref: KUF 6201),excluded,72,72,0.523809552192688,786,121552-61-2
OpenFoodTox_48h_screen,775,34622-58-7,Orbencarb (Ref: B-3356),excluded,72,72,0.26923078298568726,119,34256-82-1
OpenFoodTox_48h_screen,776,56196-53-3,Oryctalure,excluded,72,72,0.25,34,2439-10-3
OpenFoodTox_48h_screen,777,83130-01-2,Alanycarb,excluded,72,72,0.4693877696990967,551,59669-26-0
OpenFoodTox_48h_screen,778,211867-47-9,Flumorph (Ref: SYP L190),excluded,72,72,0.2571428716182709,813,243973-20-8
OpenFoodTox_48h_screen,779,113158-40-0,Fenoxaprop-P (Ref: AE-F088406),excluded,72,72,0.4285714328289032,386,51338-27-3
OpenFoodTox_48h_screen,780,63837-33-2,Diofenolan (Ref: CGA 059205),excluded,72,72,0.3103448152542114,626,80844-07-1
OpenFoodTox_48h_screen,781,147150-35-4,"3-Chloro-2-[[(5-ethoxy-7-fluoro[1,2,4]triazolo[1,5-c]pyrimidin-2-yl)sulfonyl]amino]benzoic acid, Methyl ester",excluded,72,72,0.3888888955116272,720,145701-23-1
OpenFoodTox_48h_screen,782,116714-46-6,"N-[[[3-Chloro-4-[1,1,2-trifluoro-2-(trifluoromethoxy)ethoxy]phenyl]amino]carbonyl]-2,6-difluorobenzamide",excluded,72,72,0.47826087474823,642,101463-69-8
OpenFoodTox_48h_screen,783,39807-15-3,Oxadiargyl (Ref: RP 020630 ),excluded,72,72,0.6538461446762085,443,19666-30-9
OpenFoodTox_48h_screen,784,105779-78-0,Pyrimidifen,excluded,72,72,0.23529411852359772,119,34256-82-1
OpenFoodTox_48h_screen,785,135319-73-2,Epoxiconazole (Ref: BAS 480F),excluded,72,72,0.3380281627178192,710,119446-68-3
OpenFoodTox_48h_screen,786,121552-61-2,Cyprodinil (Ref: CGA 219417),included,72,71,0.2222222238779068,387,5234-68-4
OpenFoodTox_48h_screen,787,118134-30-8,"8-(1,1-Dimethylethyl)-N-ethyl-N-propyl-1,4-dioxaspiro[4.5]decane-2-methanamine",excluded,72,72,0.14705882966518402,503,94361-06-5
OpenFoodTox_48h_screen,788,94125-34-5,"N-[[(4-Methoxy-6-methyl-1,3,5-triazin-2-yl)amino]carbonyl]-2-(3,3,3-trifluoropropyl)benzenesulfonamide",excluded,72,72,0.6551724076271057,217,64902-72-3
OpenFoodTox_48h_screen,789,90338-20-8,Butathiofos (Ref: Dowco 429),excluded,72,72,0.2142857164144516,379,22224-92-6
OpenFoodTox_48h_screen,790,135410-20-7,Acetamiprid,excluded,72,72,0.38181817531585693,831,111988-49-9
OpenFoodTox_48h_screen,791,131807-57-3,"5-Methyl-5-(4-phenoxyphenyl)-3-(phenylamino)-2,4-oxazolidinedione",excluded,72,72,0.234375,626,80844-07-1
OpenFoodTox_48h_screen,792,150824-47-8,"(1E)-N-[(6-Chloro-3-pyridinyl)methyl]-N-ethyl-N'-methyl-2-nitro-1,1-ethenediamine",excluded,72,72,0.4067796468734741,713,138261-41-3
OpenFoodTox_48h_screen,793,95266-40-3,"4-(Cyclopropylhydroxymethylene)-3,5-dioxocyclohexanecarboxylic acid ethyl ester",excluded,72,72,0.1964285671710968,119,34256-82-1
OpenFoodTox_48h_screen,794,153233-91-1,"2-(2,6-Difluorophenyl)-4-[4-(1,1-dimethylethyl)-2-ethoxyphenyl]-4,5-dihydrooxazole",excluded,72,72,0.25,626,80844-07-1
OpenFoodTox_48h_screen,795,141112-29-0,Isoxaflutole (Ref: RPA 201772),excluded,72,72,0.25,732,99105-77-8
OpenFoodTox_48h_screen,796,87547-04-4,Flumiclorac,excluded,72,72,0.30136987566947937,805,129630-19-9
OpenFoodTox_48h_screen,797,361377-29-9,"(1E)-[2-[[6-(2-Chlorophenoxy)-5-fluoro-4-pyrimidinyl]oxy]phenyl](5,6-dihydro-1,4,2-dioxazin-3-yl)-methanone, O-Methyloxime",excluded,72,72,0.21917808055877686,729,120928-09-8
OpenFoodTox_48h_screen,798,119126-15-7,Flupoxam (Ref: MON 18500),excluded,72,72,0.2530120611190796,1030,1390661-72-9
OpenFoodTox_48h_screen,799,129909-90-6,"4-Amino-N-(1,1-dimethylethyl)-4,5-dihydro-3-(1-methylethyl)-5-oxo-1H-1,2,4-triazole-1-carboxamide",excluded,72,72,0.22448979318141937,420,21087-64-9
OpenFoodTox_48h_screen,800,115970-17-7,"1-[(6-Chloro-3-pyridinyl)methyl]-4,5-dihydro-1H-imidazol-2-amine",excluded,72,72,0.5869565010070801,713,138261-41-3
OpenFoodTox_48h_screen,801,365400-11-9,"(5-Hydroxy-1,3-dimethyl-1H-pyrazol-4-yl)[2-(methylsulfonyl)-4-(trifluoromethyl)phenyl]methanone",excluded,72,72,0.25806450843811035,732,99105-77-8
OpenFoodTox_48h_screen,802,208465-21-8,Mesosulfuron-methyl (Ref: AE F130060),excluded,72,72,0.5,759,120923-37-7
OpenFoodTox_48h_screen,803,150315-10-9,Flupyrsulfuron,excluded,72,72,0.5178571343421936,759,120923-37-7
OpenFoodTox_48h_screen,804,374726-62-2,4-Chloro-N-[2-[3-methoxy-4-(2-propynyloxy)phenyl]ethyl]-alpha-(2-propynyloxy)benzeneacetamide,excluded,72,72,0.2535211145877838,386,51338-27-3
OpenFoodTox_48h_screen,805,129630-19-9,2-[2-Chloro-5-[4-chloro-5-(difluoromethoxy)-1-methyl-1H-pyrazol-3-yl]-4-fluorophenoxy]acetic acid ethyl ester,included,72,71,0.25,386,51338-27-3
OpenFoodTox_48h_screen,806,177406-68-7,Benthiavalicarb-isopropyl (Ref: KIF-230),excluded,72,72,0.260869562625885,847,149877-41-8
OpenFoodTox_48h_screen,807,149253-65-6,Fluthiacet,excluded,72,72,0.1882352977991104,805,129630-19-9
OpenFoodTox_48h_screen,808,68049-83-2,Azafenidin,excluded,72,72,0.2985074520111084,443,19666-30-9
OpenFoodTox_48h_screen,809,126833-17-8,Fenhexamid (Ref: KBR 2738),included,72,71,0.18644067645072937,516,36734-19-7
OpenFoodTox_48h_screen,810,81591-81-3,Glyphosate-trimesium,excluded,72,72,0.2195121943950653,432,77182-82-2
OpenFoodTox_48h_screen,811,142891-20-1,Cinidon-ethyl (Ref: BAS 615H),excluded,72,72,0.22058823704719543,516,36734-19-7
OpenFoodTox_48h_screen,812,127277-53-6,Prohexadione-calcium (Ref: BAS 125W),excluded,72,72,0.1666666716337204,732,99105-77-8
OpenFoodTox_48h_screen,813,243973-20-8,"2,2-Dimethylpropanoic acid  8-(2,6-diethyl-4-methylphenyl)-1,2,4,5- tetrahydro-7-oxo-7H-pyrazolo[1,2-d][1,4,5]oxadiazepin-9-yl ester",included,72,71,0.26760563254356384,592,283594-90-1
OpenFoodTox_48h_screen,814,101007-06-1,Acrinathrin (Ref: RU 38702),excluded,72,72,0.2278480976819992,666,66332-96-5
OpenFoodTox_48h_screen,815,110956-75-7,Pentoxazone (Ref: KPP-314),excluded,72,72,0.23943662643432617,443,19666-30-9
OpenFoodTox_48h_screen,816,181274-17-9,Flucarbazone-sodium (Ref: BAY MKH 6562),excluded,72,72,0.35211268067359924,1008,317815-83-1
OpenFoodTox_48h_screen,817,120116-88-3,"4-Chloro-2-cyano-N,N-dimethyl-5-(4-methylphenyl)-1H-imidazole-1-sulfonamide",excluded,72,72,0.22857142984867096,763,139528-85-1
OpenFoodTox_48h_screen,818,128621-72-7,"alpha,2-Dichloro-5-[4-(difluoromethyl)-4,5-dihydro-3-methyl-5-oxo-1H-1,2,4-triazol-1-yl]-4-fluorobenzenepropanoic acid",excluded,72,72,0.28205129504203796,805,129630-19-9
OpenFoodTox_48h_screen,819,219714-96-2,"2-(2,2-Difluoroethoxy)-N-(5,8-dimethoxy[1,2,4]triazolo[1,5-c]pyrimidin-2-yl)-6-(trifluoromethyl)benzenesulfonamide",excluded,72,72,0.41025641560554504,923,422556-08-9
OpenFoodTox_48h_screen,820,173159-57-4,Foramsulfuron (Ref: AE F130360),excluded,72,72,0.546875,756,213464-77-8
OpenFoodTox_48h_screen,821,113136-77-9,"1-[[(2,4-Dichlorophenyl)amino]carbonyl]cyclopropane carboxylic acid",excluded,72,72,0.3469387888908386,809,126833-17-8
OpenFoodTox_48h_screen,822,162320-67-4,Diflovidazin (Ref: SZ1 121),excluded,72,72,0.18644067645072937,720,145701-23-1
OpenFoodTox_48h_screen,823,104206-82-8,Mesotrione (Ref: ZA 1296),excluded,72,72,0.6666666865348816,732,99105-77-8
OpenFoodTox_48h_screen,824,133408-50-1,Metominostrobin (Ref: SSF 126),excluded,72,72,0.3030303120613098,726,141517-21-7
OpenFoodTox_48h_screen,825,113036-87-6,Primisulfuron,excluded,72,72,0.4375,755,122931-48-0
OpenFoodTox_48h_screen,826,145701-21-9,"N-(2,6-Dichlorophenyl)-5-ethoxy-7-fluoro-[1,2,4-triazolo[1,5-c]pyrimidine-2-sulfonamide",excluded,72,72,0.421875,720,145701-23-1
OpenFoodTox_48h_screen,827,165252-70-0,Dinotefuran (Ref: MTI 446),excluded,72,72,0.3962264060974121,845,210880-92-5
OpenFoodTox_48h_screen,828,125225-28-7,"2-[(4-Chlorophenyl)methyl]-5-(1-methylethyl)-1-(1H-1,2,4-triazol-1-ylmethyl)cyclopentanol",included,72,71,0.4354838728904724,503,94361-06-5
OpenFoodTox_48h_screen,829,179101-81-6,Pyridalyl (Ref: S-1812),excluded,72,72,0.28169015049934387,508,658066-35-4
OpenFoodTox_48h_screen,830,153719-23-4,"3-[(2-Chloro-5-thiazolyl)methyl]tetrahydro-5-methyl-N-nitro-4H-1,3,5-oxadiazin-4-imine",excluded,72,72,0.37931033968925476,845,210880-92-5
OpenFoodTox_48h_screen,831,111988-49-9,[N(Z)]-N-[3-[(6-Chloro-3-pyridinyl)methyl]-2-thiazolidinylidene]cyanamide,included,72,71,0.4035087823867798,713,138261-41-3
OpenFoodTox_48h_screen,832,27355-22-2,Phthalide (Ref: BAY 96610),excluded,72,72,0.14035087823867798,217,64902-72-3
OpenFoodTox_48h_screen,833,125116-23-6,"5-[(4-Chlorophenyl)methyl]-2,2-dimethyl-1-(1H-1,2,4-triazol-1-ylmethyl)cyclopentanol",excluded,72,72,0.6140350699424744,828,125225-28-7
OpenFoodTox_48h_screen,834,185676-84-0,Verbutin (Ref: MB-599),excluded,72,72,0.22413793206214905,847,149877-41-8
OpenFoodTox_48h_screen,835,102851-06-9,Tau-fluvalinate (Ref: SAN 527l),excluded,72,72,0.375,642,101463-69-8
OpenFoodTox_48h_screen,836,143807-66-3,Chromafenozide (Ref: ANS 118),included,72,71,0.5438596606254578,675,161050-58-4
OpenFoodTox_48h_screen,837,86763-47-5,Propisochlor,excluded,72,72,0.7441860437393188,119,34256-82-1
OpenFoodTox_48h_screen,838,161326-34-7,"(5S)-3,5-Dihydro-5-methyl-2-(methylthio)-5-phenyl-3-(phenylamino)-4H-imidazol-4-one",excluded,72,72,0.2068965584039688,387,5234-68-4
OpenFoodTox_48h_screen,839,118712-89-3,"(1R,3S)-3-(2,2-Dichloroethenyl)-2,2-dimethyl-(2,3,5,6-tetrafluorophenyl)methyl ester cyclopropanecarboxylic acid",excluded,72,72,0.20270270109176636,1030,1390661-72-9
OpenFoodTox_48h_screen,840,163515-14-8,Dimethenamid-P,excluded,72,72,0.3921568691730499,523,50563-36-5
OpenFoodTox_48h_screen,841,137641-05-5,Picolinafen (Ref: BAS 700H),excluded,72,72,0.4615384638309479,657,83164-33-4
OpenFoodTox_48h_screen,842,125306-83-4,Cafenstrole (Ref: CH 900),excluded,72,72,0.26153847575187683,546,67747-09-5
OpenFoodTox_48h_screen,843,135186-78-6,Pyriftalid (Ref: CGA 279233),excluded,72,72,0.24285714328289032,755,122931-48-0
OpenFoodTox_48h_screen,844,168088-61-7,Pyribenzoxim (Ref: LGC 40863 ),excluded,72,72,0.27142858505249023,756,213464-77-8
OpenFoodTox_48h_screen,845,210880-92-5,Clothianidin (Ref: CGA 322704),included,72,71,0.2380952388048172,713,138261-41-3
OpenFoodTox_48h_screen,846,145026-81-9,Propoxycarbazone,excluded,72,72,0.515625,1008,317815-83-1
OpenFoodTox_48h_screen,847,149877-41-8,"2-(4-Methoxy[1,1'-biphenyl]-3-yl)hydrazinecarboxylic acid, 1-Methylethyl ester",included,72,71,0.2461538463830948,675,161050-58-4
OpenFoodTox_48h_screen,848,34494-03-6,Glyphosate-sodium,excluded,72,72,0.2368421107530594,432,77182-82-2
OpenFoodTox_48h_screen,849,106700-29-2,2-Chloro-N-(2-ethoxyethyl)-N-(2-methyl-1-phenyl-1-propen-1-yl)acetamide,included,72,71,0.35185185074806213,119,34256-82-1
OpenFoodTox_48h_screen,850,122008-78-0,Cyhalofop,excluded,72,72,0.42592594027519226,386,51338-27-3
OpenFoodTox_48h_screen,851,100784-20-1,"3-Chloro-5-[[[[(4,6-dimethoxy-2-pyrimidinyl)amino]carbonyl]amino]sulfonyl]-1-methyl-1H-pyrazole-4-carboxylic acid, Methyl ester",excluded,72,72,0.5660377144813538,759,120923-37-7
OpenFoodTox_48h_screen,852,158237-07-1,Fentrazamide (Ref: BAY YRC 2388),excluded,72,72,0.2266666740179062,828,125225-28-7
OpenFoodTox_48h_screen,853,136191-64-5,Pyriminobac-methyl (Ref: KIH-6127),excluded,72,72,0.30434781312942505,756,213464-77-8
OpenFoodTox_48h_screen,854,98389-04-9,Pyrazosulfuron,excluded,72,72,0.5471698045730591,759,120923-37-7
OpenFoodTox_48h_screen,855,126801-58-9,Ethoxysulfuron (Ref: AE F095404),excluded,72,72,0.5333333611488342,755,122931-48-0
OpenFoodTox_48h_screen,856,162650-77-3,N-(Cyano-2-thienylmethyl)-4-ethyl-2-(ethylamino)-5-thiazolecarboxamide,excluded,72,72,0.20000000298023224,940,183675-82-3
OpenFoodTox_48h_screen,857,156963-66-5,3-[2-Chloro-4-(methanesulfonyl)benzoyl]-4-(phenylsulfanyl)bicyclo[3.2.1]oct-3-en-2-one,excluded,72,72,0.4262295067310333,732,99105-77-8
OpenFoodTox_48h_screen,858,2961-68-4,Bromoxynil-potassium,excluded,72,72,0.10810811072587967,198,99-30-9
OpenFoodTox_48h_screen,859,145026-88-6,Flucarbazone,excluded,72,72,0.4920634925365448,1008,317815-83-1
OpenFoodTox_48h_screen,860,413615-35-7,Benthiavalicarb,excluded,72,72,0.22058823704719543,666,66332-96-5
OpenFoodTox_48h_screen,861,115086-54-9,1-[(6-Chloro-3-pyridinyl)methyl]-N-nitro-1H-imidazol-2-amine,excluded,72,72,0.5799999833106995,713,138261-41-3
OpenFoodTox_48h_screen,862,133220-30-1,Indanofan (Ref: MK 243),excluded,72,72,0.2028985470533371,280,2310-17-0
OpenFoodTox_48h_screen,863,188489-07-8,"2-[2-Chloro-4-fluoro-5-[5-methyl-6-oxo-4-(trifluoromethyl)-1(6H)-pyridazinyl]phenoxy]acetic acid, Ethyl ester",excluded,72,72,0.4324324429035187,805,129630-19-9
OpenFoodTox_48h_screen,864,144550-36-7,Iodosulfuron-methyl-sodium (Ref: AE F115008),excluded,72,72,0.446153849363327,217,64902-72-3
OpenFoodTox_48h_screen,865,113614-08-7,Beflubutamid (Ref: UBH 820),excluded,72,72,0.3333333432674408,666,66332-96-5
OpenFoodTox_48h_screen,866,120162-55-2,Azimsulfuron,excluded,72,72,0.4833333194255829,759,120923-37-7
OpenFoodTox_48h_screen,867,96491-05-3,Thenylchlor (Ref: NSK 850),excluded,72,72,0.5416666865348816,523,50563-36-5
OpenFoodTox_48h_screen,868,3861-41-4,Bromoxynil-butanoate,excluded,72,72,0.2063492089509964,546,67747-09-5
OpenFoodTox_48h_screen,869,400852-66-6,Mesosulfuron (Ref: AE F154851),excluded,72,72,0.49152541160583496,759,120923-37-7
OpenFoodTox_48h_screen,870,134605-64-4,"2-Chloro-5-[3,6-dihydro-3-methyl-2,6-dioxo-4-(trifluoromethyl)-1(2H)-pyrimidinyl]benzoic acid 1,1-dimethyl-2-oxo-2-(2-propenyloxy)ethyl ester",excluded,72,72,0.2183908075094223,1030,1390661-72-9
OpenFoodTox_48h_screen,871,148477-71-8,"2,2-Dimethylbutanoic acid, 3-(2,4-Dichlorophenyl)-2-oxo-1-oxaspiro[4.5]dec-3-en-4-yl ester",excluded,72,72,0.43939393758773804,592,283594-90-1
OpenFoodTox_48h_screen,872,149979-41-9,Tepraloxydim (Ref: BAS 620H),excluded,72,72,0.20270270109176636,813,243973-20-8
OpenFoodTox_48h_screen,873,135590-91-9,Mefenpyr diethyl (Ref: HOE 107892),excluded,72,72,0.25757575035095215,386,51338-27-3
OpenFoodTox_48h_screen,874,188425-85-6,"2-Chloro-N-(4'-chloro[1,1'-biphenyl]-2-yl)-3-pyridinecarboxamide",excluded,72,72,0.31343284249305725,657,83164-33-4
OpenFoodTox_48h_screen,875,144651-06-9,Oxasulfuron (Ref: CGA 277476 ),excluded,72,72,0.453125,217,64902-72-3
OpenFoodTox_48h_screen,876,42922-74-7,Sucrose octanoate,excluded,72,72,0.2181818187236786,34,2439-10-3
OpenFoodTox_48h_screen,877,130000-40-7,Thifluzamide (Ref: MON 24000),excluded,72,72,0.26153847575187683,536,64628-44-0
OpenFoodTox_48h_screen,878,140923-17-7,Iprovalicarb (Ref: SZX 0722),excluded,72,72,0.3214285671710968,847,149877-41-8
OpenFoodTox_48h_screen,879,121451-02-3,Noviflumuron,excluded,72,72,0.4637681245803833,642,101463-69-8
OpenFoodTox_48h_screen,880,84527-51-5,Zarilamid (Ref: ICIA001),excluded,72,72,0.24561403691768646,516,36734-19-7
OpenFoodTox_48h_screen,881,101205-02-1,Cycloxydim (Ref: BAS 517H),excluded,72,72,0.16470588743686676,643,82560-54-1
OpenFoodTox_48h_screen,882,201593-84-2,Bistrifluron (Ref: DBI-3204),excluded,72,72,0.550000011920929,642,101463-69-8
OpenFoodTox_48h_screen,883,53780-36-2,"N-[2,4-Dimethyl-5-[[(trifluoromethyl)sulfonyl]amino]phenyl]acetamide compd. with 2,2'-Iminobis[ethanol](1:1)",excluded,72,72,0.1846153885126114,666,66332-96-5
OpenFoodTox_48h_screen,884,34363-01-4,Di-1-p-menthene,excluded,72,72,0.145454540848732,786,121552-61-2
OpenFoodTox_48h_screen,885,5221-53-4,Dimethirimol (Ref: PP675),excluded,72,72,0.16949152946472168,935,189278-12-4
OpenFoodTox_48h_screen,886,35832-11-2,Picloram-triethylammonium,excluded,72,72,0.4000000059604645,685,150114-71-9
OpenFoodTox_48h_screen,887,51186-88-0,Sumithrin ,excluded,72,72,0.3492063581943512,626,80844-07-1
OpenFoodTox_48h_screen,888,403640-27-7,"5-[[(2,6-Difluorophenyl)methoxy]methyl]-4,5-dihydro-5-methyl(3-methyl-2-thienyl)isoxazole",excluded,72,72,0.2023809552192688,643,82560-54-1
OpenFoodTox_48h_screen,889,55634-91-8,Alloxydim,excluded,72,72,0.20779220759868622,134,55285-14-8
OpenFoodTox_48h_screen,890,139001-49-3,Profoxydim (Ref: BAS 625H),excluded,72,72,0.2467532455921173,386,51338-27-3
OpenFoodTox_48h_screen,891,92704-41-1,Kaolin calcined (Ref: SIK6463.5),excluded,72,72,0.0714285746216774,729,120928-09-8
OpenFoodTox_48h_screen,892,6753-47-5,Picloram-tripromine,excluded,72,72,0.3636363744735718,685,150114-71-9
OpenFoodTox_48h_screen,893,2302-17-2,Asulam sodium (Ref: AE F102789),excluded,72,72,0.2222222238779068,759,120923-37-7
OpenFoodTox_48h_screen,894,69309-47-3,Piproctanyl,excluded,72,72,0.11999999731779099,432,77182-82-2
OpenFoodTox_48h_screen,895,69192-23-0,Prochloraz manganese complex (Ref: BTS 46828),excluded,72,72,0.9375,546,67747-09-5
OpenFoodTox_48h_screen,896,23947-60-6,Ethirimol (Ref: PP149),excluded,72,72,0.1666666716337204,935,189278-12-4
OpenFoodTox_48h_screen,897,88283-41-4,Pyrifenox (Ref: CGA 179945),excluded,72,72,0.24242424964904785,471,42576-02-3
OpenFoodTox_48h_screen,898,25171-63-5,"N-[[(Methylamino)carbonyl]oxy]ethanimidothioic acid, 2-Cyanoethylester",excluded,72,72,0.27272728085517883,551,59669-26-0
OpenFoodTox_48h_screen,899,71526-69-7,Mecoprop etexyl,excluded,72,72,0.37288135290145874,386,51338-27-3
OpenFoodTox_48h_screen,900,74051-80-2,Sethoxydim (Ref: BAS 9052H),excluded,72,72,0.1975308656692505,643,82560-54-1
OpenFoodTox_48h_screen,901,2669-32-1,"S-[(5-Ethoxy-2-oxo-1,3,4-thiadiazol-3(2H)-yl)methyl] O,O-dimethyl phosphorodithioate",excluded,72,72,0.40425533056259155,5,732-11-6
OpenFoodTox_48h_screen,902,27306-78-1,"alpha-Methyl-omega-[3-[1,3,3,3-tetramethyl-1-[(trimethylsilyl)oxy]-1-disiloxanyl]propoxy]poly(oxy-1,2-ethanediyl)",excluded,72,72,0.1875,523,50563-36-5
OpenFoodTox_48h_screen,903,111578-32-6,"N'-[4-[(3,4-Dihydro-2-methoxy-2,4,4-trimethyl-2H-1-benzopyran-7-yl)oxy]phenyl]-N-methoxy-N-methylurea",excluded,72,72,0.25,386,51338-27-3
OpenFoodTox_48h_screen,904,5902-95-4 ,Calcium acid methanearsonate,excluded,72,72,0.09677419066429138,432,77182-82-2
OpenFoodTox_48h_screen,905,145099-21-4,Trifloxysulfuron (Ref: CGA 292230),excluded,72,72,0.6610169410705566,755,122931-48-0
OpenFoodTox_48h_screen,906,116475-12-8,"Cyclopropanecarboxylic acid, 3-(2,2-Dichloroethenyl)-2,2-dimethylcyano(4-fluoro-3-phenoxyphenyl)methyl ester mixt. with 1-[(6-chloro-3-pyridinyl)methyl]-N-nitro-2-imidizolidinimide",excluded,72,72,0.4545454680919647,713,138261-41-3
OpenFoodTox_48h_screen,907,8027-00-7,"1,1'-(2-Nitrobutylidene)bis(4-chlorobenzene), Mixt. with 1,1'-(2-Nitropropylidene)bis(4-chlorobenzene)",excluded,72,72,0.2380952388048172,198,99-30-9
OpenFoodTox_48h_screen,908,87820-88-0,Tralkoxydim (Ref: PP 604),excluded,72,72,0.23529411852359772,592,283594-90-1
OpenFoodTox_48h_screen,909,19396-06-6,Polyoxin B,excluded,72,72,0.16304348409175873,813,243973-20-8
OpenFoodTox_48h_screen,910,8065-36-9,"3-(1-Ethylpropyl)phenol, 1-(N-Methylcarbamate) mixt. with 3-(1-Methylbutyl)phenyl N-methylcarbamate",excluded,72,72,0.3928571343421936,398,23422-53-9
OpenFoodTox_48h_screen,911,1472649-01-6,Metyltetraprole (Ref: S-2367),excluded,72,72,0.2142857164144516,523,50563-36-5
OpenFoodTox_48h_screen,912,220899-03-6,"(3-Bromo-6-methoxy-2-methylphenyl)(2,3,4-trimethoxy-6-methylphenyl)methanone",excluded,72,72,0.24193547666072845,675,161050-58-4
OpenFoodTox_48h_screen,913,86598-92-7,Imibenconazole (Ref: HF 6305),excluded,72,72,0.3333333432674408,828,125225-28-7
OpenFoodTox_48h_screen,914,180409-60-3,Cyflufenamid (Ref: NF 149),excluded,72,72,0.2133333384990692,666,66332-96-5
OpenFoodTox_48h_screen,915,229977-93-9,Fluacrypyrim,excluded,72,72,0.3589743673801422,726,141517-21-7
OpenFoodTox_48h_screen,916,129558-76-5,4-Chloro-3-ethyl-1-methyl-N-[[4-(4-methylphenoxy)phenyl]methyl]-1H-pyrazole-5-carboxamide,excluded,72,72,0.25757575035095215,711,112410-23-8
OpenFoodTox_48h_screen,917,25319-90-8,MCPA-thioethyl,excluded,72,72,0.29629629850387573,386,51338-27-3
OpenFoodTox_48h_screen,918,149961-52-4,Dimoxystrobin (Ref: BAS 505F),excluded,72,72,0.3913043439388275,726,141517-21-7
OpenFoodTox_48h_screen,919,158062-67-0,N-(Cyanomethyl)-4-(trifluoromethyl)-3-pyridinecarboxamide,excluded,72,72,0.3499999940395355,508,658066-35-4
OpenFoodTox_48h_screen,920,30043-49-3,Ethidimuron (Ref: MET 1486 ),excluded,72,72,0.2068965584039688,759,120923-37-7
OpenFoodTox_48h_screen,921,130561-48-7,Sintofen (Ref: SC 2053),excluded,72,72,0.25,523,50563-36-5
OpenFoodTox_48h_screen,922,87237-48-7,Haloxyfop-etotyl (Ref: DOWCO 453EE),excluded,72,72,0.380952388048172,386,51338-27-3
OpenFoodTox_48h_screen,923,422556-08-9,"N-(5,7-Dimethoxy[1,2,4]triazolo[1,5-a]pyrimidin-2-yl)-2-methoxy-4-(trifluoromethyl)-3-pyridinesulfonamide",included,72,71,0.44285714626312256,763,139528-85-1
OpenFoodTox_48h_screen,924,142469-14-5,Tritosulfuron,excluded,72,72,0.5789473652839661,217,64902-72-3
OpenFoodTox_48h_screen,925,1332-40-7,Copper oxychloride,excluded,72,72,0.0714285746216774,582,57018-04-9
OpenFoodTox_48h_screen,926,560121-52-0,Cyenopyrafen (Ref: NC-512 ),excluded,72,72,0.2133333384990692,813,243973-20-8
OpenFoodTox_48h_screen,927,139968-49-3,2-[2-(4-Cyanophenyl)-1-[3-(trifluoromethyl)phenyl]ethylidene]-N-[4-(trifluoromethoxy)phenyl]hydrazinecarboxamide,excluded,72,72,0.3571428656578064,536,64628-44-0
OpenFoodTox_48h_screen,928,26952-20-5,"4-Amino-3,5,6-trichloro-2-pyridinecarboxylic acid, Isooctyl ester",excluded,72,72,0.2985074520111084,1030,1390661-72-9
OpenFoodTox_48h_screen,929,256412-89-2,Metamifop (Ref: DBH-129),excluded,72,72,0.3731343150138855,386,51338-27-3
OpenFoodTox_48h_screen,930,67762-39-4,"C6-12 Fatty acids, Me esters",excluded,72,72,0.3333333432674408,34,2439-10-3
OpenFoodTox_48h_screen,931,239110-15-7,"2,6-Dichloro-N-[[3-chloro-5-(trifluoromethyl)-2-pyridinyl]methyl]benzamide",excluded,72,72,0.5740740895271301,508,658066-35-4
OpenFoodTox_48h_screen,932,144740-54-5,Flupyrsulfuron-methyl-sodium,excluded,72,72,0.3287671208381653,755,122931-48-0
OpenFoodTox_48h_screen,933,168316-95-8,Spinosad (Ref: XDE 105),excluded,72,72,0.10833333432674408,836,143807-66-3
OpenFoodTox_48h_screen,934,115136-53-3,"2-[4,5-Dihydro-4-methyl-4-(1-methylethyl)-5-oxo-1H-imidazol-2-yl]-5-methyl-3-pyridinecarboxylic acid ammonium salt (1:1)",excluded,72,72,0.23333333432674408,659,90717-03-6
OpenFoodTox_48h_screen,935,189278-12-4,Proquinazid (Ref: DPX KQ926),included,72,71,0.19718310236930847,546,67747-09-5
OpenFoodTox_48h_screen,936,117428-22-5,(alphaE)-alpha-(Methoxymethylene)-2-[[[6-(trifluoromethyl)-2-pyridinyl]oxy]methyl]benzeneacetic acid methyl ester,excluded,72,72,0.3802816867828369,726,141517-21-7
OpenFoodTox_48h_screen,937,162490-88-2,Sordidin,excluded,72,72,0.13235294818878174,710,119446-68-3
OpenFoodTox_48h_screen,938,2961-62-8,Ioxynil-sodium,excluded,72,72,0.10810811072587967,198,99-30-9
OpenFoodTox_48h_screen,939,2961-61-7,Ioxynil-lithium,excluded,72,72,0.10810811072587967,198,99-30-9
OpenFoodTox_48h_screen,940,183675-82-3,"N-[2-(1,3-Dimethylbutyl)-3-thienyl]-1-methyl-3-(trifluoromethyl)-1H-pyrazole-4-carboxamide",included,72,71,0.36764705181121826,1003,494793-67-8
OpenFoodTox_48h_screen,941,13977-65-6,Potassium hydrogen phosphonate,excluded,72,72,0.1111111119389534,24,20859-73-8
OpenFoodTox_48h_screen,942,82697-71-0,"2-(4-Chlorophenyl)-3-ethyl-2,5-dihydro-5-oxo-4-pyridazinecarboxylic acid potassium salt",excluded,72,72,0.24193547666072845,534,55219-65-3
OpenFoodTox_48h_screen,943,81052-29-1,"2-(4-Chlorophenyl)-1-ethyl-1,4-dihydro-6-methyl-4-oxo-3-pyridinecarboxylic acid, Potassium salt",excluded,72,72,0.24242424964904785,280,2310-17-0
OpenFoodTox_48h_screen,944,865363-39-9,"(2R)-2-(2,4-Dichlorophenoxy)propanoic acid 2-ethylhexyl ester",excluded,72,72,0.4545454680919647,386,51338-27-3
OpenFoodTox_48h_screen,945,248593-16-0,Orysastrobin,excluded,72,72,0.4761904776096344,726,141517-21-7
OpenFoodTox_48h_screen,946,203313-25-1,"Carbonic acid, cis-3-(2,5-Dimethylphenyl)-8-methoxy-2-oxo-1-azaspiro[4.5]dec-3-en-4-yl ethyl ester",excluded,72,72,0.25333333015441895,592,283594-90-1
OpenFoodTox_48h_screen,947,95-95-4,"2,4,5-trichlorophenol",excluded,72,72,0.2068965584039688,198,99-30-9
OpenFoodTox_48h_screen,948,7345-69-9,Sodium tetrathiocarbonate (Ref: GY-81),excluded,72,72,0.07692307978868484,5,732-11-6
OpenFoodTox_48h_screen,949,39600-42-5,Glyphosate-monopotassium,excluded,72,72,0.2068965584039688,23,16672-87-0
OpenFoodTox_48h_screen,950,125401-92-5,"2,6-Bis[(4,6-dimethoxy-2-pyrimidinyl)oxy]benzoic acid sodium salt",excluded,72,72,0.3207547068595886,759,120923-37-7
OpenFoodTox_48h_screen,951,330459-31-9,"3-Phenyl-5-(2-thienyl)-1,2,4-oxadiazole",excluded,72,72,0.17307692766189575,786,121552-61-2
OpenFoodTox_48h_screen,952,372137-35-4,"2-Chloro-5-[3,6-dihydro-3-methyl-2,6-dioxo-4-(trifluoromethyl-1(2H)-pyrimidinyl]-4-fluoro-N-[[methyl(1-methylethyl)amino]sulfonyl]benzamide",excluded,72,72,0.2409638613462448,940,183675-82-3
OpenFoodTox_48h_screen,953,736994-63-1,3-Bromo-1-(3-chloro-2-pyridinyl)-N-[4-cyano-2-methyl-6-[(methylamino)carbonyl]phenyl]-1H-pyrazole-5-carboxamide,excluded,72,72,0.20000000298023224,217,64902-72-3
OpenFoodTox_48h_screen,954,26087-47-8,Iprobenfos,excluded,72,72,0.28260868787765503,5,732-11-6
OpenFoodTox_48h_screen,955,108189-58-8,Dihydroazadirachtin,excluded,72,72,0.12631578743457794,809,126833-17-8
OpenFoodTox_48h_screen,956,6980-18-3,Kasugamycin,excluded,72,72,0.1666666716337204,551,59669-26-0
OpenFoodTox_48h_screen,957,946578-00-3,N-[Methyloxido[1-[6-(trifluoromethyl)-3-pyridinyl]ethyl]-lambda4-sulfanylidene]cyanamide,excluded,72,72,0.1818181872367859,831,111988-49-9
OpenFoodTox_48h_screen,958,881685-58-1,Isopyrazam (Ref: SYN 520453),excluded,72,72,0.3561643958091736,940,183675-82-3
OpenFoodTox_48h_screen,959,29450-45-1,"2-(4-Chloro-2-methylphenoxy)acetic acid, 2-Ethylhexyl ester",excluded,72,72,0.31081080436706543,805,129630-19-9
OpenFoodTox_48h_screen,960,950782-86-2,"N2-[(1R,2S)-2,3-Dihydro-2,6-dimethyl-1H-inden-1-yl]-6-(1-fluoroethyl)-1,3,5-triazine-2,4-diamine",excluded,72,72,0.1846153885126114,786,121552-61-2
OpenFoodTox_48h_screen,961,155569-91-8,Emamectin benzoate (Ref: MK 244),excluded,72,72,0.14598539471626282,726,141517-21-7
OpenFoodTox_48h_screen,962,447399-55-5,"3-[[[5-(Difluoromethoxy)-1-methyl-3-(trifluoromethyl)-1H-pyrazol-4-yl]methyl]sulfonyl]-4,5-dihydro-5,5-dimethyl-isoxazole",excluded,72,72,0.2469135820865631,805,129630-19-9
OpenFoodTox_48h_screen,963,41495-67-4,Hexylthiofos,excluded,72,72,0.2181818187236786,379,22224-92-6
OpenFoodTox_48h_screen,964,2-58-46-0,Oxytetracycline hydrochloride,excluded,72,72,0.16249999403953552,398,23422-53-9
OpenFoodTox_48h_screen,965,1258836-72-4,Trifludimoxazin,excluded,72,72,0.14102564752101898,280,2310-17-0
OpenFoodTox_48h_screen,966,109293-97-2,"2-[1-[2-[[(3,5-Difluorophenyl)amino]carbonyl]hydrazinylidene]ethyl]-3-pyridinecarboxylic acid",excluded,72,72,0.2702702581882477,657,83164-33-4
OpenFoodTox_48h_screen,967,107713-58-6,Flufenprox (Ref: ICIA5682),excluded,72,72,0.5263158082962036,626,80844-07-1
OpenFoodTox_48h_screen,968,581809-46-3,"N-(3',4'-Dichloro-5-fluoro[1,1'-biphenyl]-2-yl)-3-(difluoromethyl)-1-methyl-1H-pyrazole-4-carboxamide",excluded,72,72,0.3472222089767456,940,183675-82-3
OpenFoodTox_48h_screen,969,1376342-13-0,Guadipyr,excluded,72,72,0.3484848439693451,713,138261-41-3
OpenFoodTox_48h_screen,970,8077-21-2,"N,N'-[1,2-Phenylenebis(iminocarbonothioyl)]bis-C,C'-dimethyl ester carbamic acid mixt. with 2,4,5,6-tetrachloro-1,3-benzenedicarbonitrile",excluded,72,72,0.24590164422988892,536,64628-44-0
OpenFoodTox_48h_screen,971,907204-31-3,Fluxapyroxad (Ref: BAS 700F),excluded,72,72,0.34285715222358704,940,183675-82-3
OpenFoodTox_48h_screen,972,400882-07-7,Cyflumetofen (Ref: OK-5101),excluded,72,72,0.3333333432674408,666,66332-96-5
OpenFoodTox_48h_screen,973,874967-67-6,"N-(2-[1,1'-Bicyclopropyl]-2-ylphenyl)-3-(difluoromethyl)-1-methyl-1H-pyrazole-4-carboxamide",excluded,72,72,0.3380281627178192,1003,494793-67-8
OpenFoodTox_48h_screen,974,70393-85-0,Glyphosate-sesquisodium (Ref: Mon 8000),excluded,72,72,0.25,432,77182-82-2
OpenFoodTox_48h_screen,975,75747-77-2,Prochloraz manganese chloride complex,excluded,72,72,0.9375,546,67747-09-5
OpenFoodTox_48h_screen,976,57754-85-5,"3,6-Dichloro-2-pyridinecarboxylic acid compd. with 2-aminoethanol (1:1)",excluded,72,72,0.4324324429035187,685,150114-71-9
OpenFoodTox_48h_screen,977,337458-27-2,"1-Acetyl-3,4-dihydro-3-[(3-pyridinylmethyl)amino]-6-[1,2,2,2-tetrafluoro-1-(trifluoromethyl)ethyl]-2(1H)-quinazolinone",excluded,72,72,0.2183908075094223,657,83164-33-4
OpenFoodTox_48h_screen,978,11130-12-4,Sodium tetraborate pentahydrate,excluded,72,72,0.125,24,20859-73-8
OpenFoodTox_48h_screen,979,199119-58-9,"N-[[(4,6-Dimethoxy-2-pyrimidinyl)amino]carbonyl]-(2,2,2-trifluoroethoxy)-2-pyridinesulfonamide sodium salt (1:1)",excluded,72,72,0.47058823704719543,755,122931-48-0
OpenFoodTox_48h_screen,980,57764-08-6,Furalaxyl-M,excluded,72,72,0.3207547068595886,523,50563-36-5
OpenFoodTox_48h_screen,981,8051-02-3,Sabadilla (Ref: ENT 123 ),excluded,72,72,0.1538461595773697,847,149877-41-8
OpenFoodTox_48h_screen,982,55635-13-7,Alloxydim sodium,excluded,72,72,0.18292683362960815,134,55285-14-8
OpenFoodTox_48h_screen,983,221205-90-9,"N-{2-[(4,6-Dimethoxypyrimidin-2-yl)(hydroxy)methyl]-6-(methoxymethyl)phenyl}-1,1-difluoromethanesulfonamide",excluded,72,72,0.29729729890823364,756,213464-77-8
OpenFoodTox_48h_screen,984,12002-03-8,Copper acetoarsenite (Ref: ENT 884),excluded,72,72,0.17142857611179352,432,77182-82-2
OpenFoodTox_48h_screen,985,473798-59-3,"S-Prop-2-en-1-yl 5-amino-4-(2-methylphenyl)-3-oxo-2-(propan-2-yl)-2,3-dihydro-1H-pyrazole-1-carbothioate",excluded,72,72,0.24193547666072845,5,732-11-6
OpenFoodTox_48h_screen,986,951659-40-8,"4-[[(6-Chloro-3-pyridinyl)methyl](2,2-difluoroethyl)amino]-2(5H)-furanone",excluded,72,72,0.296875,713,138261-41-3
OpenFoodTox_48h_screen,987,1003318-67-9,"1-[4-[4-[5-(2,6-Difluorophenyl)-4,5-dihydro-3-isoxazolyl]-2-thiazolyl]-1-piperidinyl]-2-[5-methyl-3-(trifluoromethyl)-1H-pyrazol-1-yl]ethanone",excluded,72,72,0.19417475163936615,805,129630-19-9
OpenFoodTox_48h_screen,988,185119-76-0,Iodosulfuron,excluded,72,72,0.6034482717514038,217,64902-72-3
OpenFoodTox_48h_screen,989,935545-74-7,Spinetoram,excluded,72,72,0.11428571492433548,119,34256-82-1
OpenFoodTox_48h_screen,990,55870-98-9,Picloram-dimethylammonium,excluded,72,72,0.4444444477558136,685,150114-71-9
OpenFoodTox_48h_screen,991,1072957-71-1,"N-[9-(Dichloromethylene)-1,2,3,4-tetrahydro-1,4-1H-pyrazole-4-carboxamide",excluded,72,72,0.31168830394744873,940,183675-82-3
OpenFoodTox_48h_screen,992,352010-68-5,4-Hydroxy-3-[[2-[(2-methoxyethoxy)methyl]-6-(trifluoromethyl)-3-pyridinyl]carbonyl]bicyclo[3.2.1]oct-3-en-2-one,excluded,72,72,0.2222222238779068,726,141517-21-7
OpenFoodTox_48h_screen,993,138164-12-2,Butroxydim (Ref: ICIA0500),excluded,72,72,0.20779220759868622,813,243973-20-8
OpenFoodTox_48h_screen,994,160791-64-0,Brofluthrinate (Ref: ZXI 8901),excluded,72,72,0.2535211145877838,386,51338-27-3
OpenFoodTox_48h_screen,995,688046-61-9,"(5-Chloro-2-methoxy-4-methylpyridin-3-yl)(2,3,4-trimethoxy-6-methylphenyl)methanone",excluded,72,72,0.2631579041481018,659,90717-03-6
OpenFoodTox_48h_screen,996,865318-97-4,Ametoctradin (Ref: BAS 650F),excluded,72,72,0.17307692766189575,34,2439-10-3
OpenFoodTox_48h_screen,997,173662-97-0,"2-{2-[(2,5-Dimethylphenoxy)methyl]phenyl}-2-methoxy-N-methylacetamide",excluded,72,72,0.25,130,2032-65-7
OpenFoodTox_48h_screen,998,1229654-66-3,1-(3-Chloropyridin-2-yl)-N-[4-cyano-2-methyl-6-(methylcarbamoyl)phenyl]-3-{[5-(trifluoromethyl)-2H-tetrazol-2-yl]methyl}-1H-pyrazole-5-carboxamide,excluded,72,72,0.2291666716337204,508,658066-35-4
OpenFoodTox_48h_screen,999,1263133-33-0,Triflumezopyrim (Ref: DPX-RAB55),excluded,72,72,0.22891566157341003,726,141517-21-7
OpenFoodTox_48h_screen,1000,99485-76-4,N-[(2-Chlorophenyl)methyl]-N'-(1-methyl-1-phenylethyl)urea,excluded,72,72,0.28070175647735596,536,64628-44-0
OpenFoodTox_48h_screen,1001,1207727-04-5,Broflanilide (Ref: MCI-8007),excluded,72,72,0.3194444477558136,666,66332-96-5
OpenFoodTox_48h_screen,1002,943831-98-9,4-Amino-3-chloro-6-(4-chloro-2-fluoro-3-methoxyphenyl)-2-pyridinecarboxylic acid methyl ester,excluded,72,72,0.5,1030,1390661-72-9
OpenFoodTox_48h_screen,1003,494793-67-8,Penflufen (Ref: BYF-14182),included,72,71,0.36764705181121826,940,183675-82-3
OpenFoodTox_48h_screen,1004,1031756-98-5,Cyclaniliprole (Ref: IKI-3106),excluded,72,72,0.22499999403953552,516,36734-19-7
OpenFoodTox_48h_screen,1005,67233-85-6,Sodium 5-nitroguaiacolate,excluded,72,72,0.29729729890823364,198,99-30-9
OpenFoodTox_48h_screen,1006,500207-04-5,"N-[6-[[[(Z)-[(1-Methyl-1H-tetrazol-5-yl)phenylmethylene]amino]oxy]methyl]-2-pyridinyl]-1,1-dimethylethyl ester carbamic acid",excluded,72,72,0.24418604373931885,726,141517-21-7
OpenFoodTox_48h_screen,1007,1254304-22-7,Fluazaindolizine (Ref: DPX-Q8U80),excluded,72,72,0.3243243098258972,217,64902-72-3
OpenFoodTox_48h_screen,1008,317815-83-1,Thiencarbazone-methyl (Ref: BYH 18636 ),included,72,71,0.21739129722118378,759,120923-37-7
OpenFoodTox_48h_screen,1009,875915-78-9,"N-[1,1-Dimethyl-2-[2-methyl-4-(1-methylethoxy)phenyl]-2-oxoethyl]-3-methyl-2-thiophenecarboxamide",excluded,72,72,0.32258063554763794,666,66332-96-5
OpenFoodTox_48h_screen,1010,1101132-67-5,1-({1-Ethyl-4-[4-(methanesulfonyl)-3-(2-methoxyethoxy)-2-methylbenzoyl]-1H-pyrazol-5-yl}oxy)ethyl methyl carbonate,excluded,72,72,0.2380952388048172,755,122931-48-0
OpenFoodTox_48h_screen,1011,874195-61-6,Triafamone (Ref: AE 1887198),excluded,72,72,0.29411765933036804,720,145701-23-1
OpenFoodTox_48h_screen,1012,609346-29-4,Momfluorothrin (Ref: S-1563),excluded,72,72,0.17721518874168396,1030,1390661-72-9
OpenFoodTox_48h_screen,1013,958647-10-4,(2Z)-2-[[2-Fluoro-5-(trifluoromethyl)phenyl]thio]-2-[3-(2-methoxyphenyl)-2-thiazolidinylidene]acetonitrile,excluded,72,72,0.20930232107639313,726,141517-21-7
OpenFoodTox_48h_screen,1014,936331-72-5,Thiencarbazone,excluded,72,72,0.843137264251709,1008,317815-83-1
OpenFoodTox_48h_screen,1015,915972-17-7,"Cyclopropanecarboxylic acid, [(3S,4R,4aR,6S,6aS,12R,12aS,12bS)-3-[(Cyclopropylcarbonyl)oxy]-1,3,4,4a,5,6,6a,12,12a,12b-decahydro-6,12-dihydroxy-4,6a,12b-trimethyl-11-oxo-9-(3-pyridinyl)-2H,11H-naphtho[2,1-b]pyrano[3,4-e]pyran-4-yl]methyl ester",excluded,72,72,0.1650485396385193,592,283594-90-1
OpenFoodTox_48h_screen,1016,283159-90-0,Methyl 3-(4-chlorophenyl)-3-[(N-{[(propan-2-yl)oxy]carbonyl}valyl)amino]propanoate,excluded,72,72,0.2857142984867096,847,149877-41-8
OpenFoodTox_48h_screen,1017,10361-94-1,Zinc borate,excluded,72,72,0.08571428805589676,648,74070-46-5
OpenFoodTox_48h_screen,1018,1228284-64-7,"3-(Difluoromethyl)-N-methoxy-1-methyl-N-[1-(2,4,6-trichlorophenyl)propan-2-yl]-1H-pyrazole-4-carboxamide",excluded,72,72,0.30985915660858154,546,67747-09-5
OpenFoodTox_48h_screen,1019,1417782-03-6,"2-[4-(4-Chlorophenoxy)-2-(trifluoromethyl)phenyl]-1-(1H-1,2,4-triazol-1-yl)propan-2-ol",excluded,72,72,0.41428571939468384,710,119446-68-3
OpenFoodTox_48h_screen,1020,517875-34-2,Fenpicoxamid (Ref: XDE 777),excluded,72,72,0.21212121844291687,1030,1390661-72-9
OpenFoodTox_48h_screen,1021,1689566-03-7,Flupyrimin,excluded,72,72,0.33870968222618103,713,138261-41-3
OpenFoodTox_48h_screen,1022,1220411-29-9,"Methyl N-[2-({2-chloro-4-fluoro-5-[3-methyl-2,6-dioxo-4-(trifluoromethyl)-3,6-dihydropyrimidin-1(2H)-yl]phenyl}sulfanyl)propanoyl]-beta-alaninate",excluded,72,72,0.23076923191547394,805,129630-19-9
OpenFoodTox_48h_screen,1023,69254-40-6,Glyphosate-diammonium,excluded,72,72,0.2432432472705841,432,77182-82-2
OpenFoodTox_48h_screen,1024,1255734-28-1,Isoflucypram (Ref: BCS-CN88460),excluded,72,72,0.29729729890823364,1003,494793-67-8
OpenFoodTox_48h_screen,1025,1383809-87-7,Fluindapyr (Ref: IR9792),excluded,72,72,0.19512194395065308,940,183675-82-3
OpenFoodTox_48h_screen,1026,9050-36-6,Maltodextrin,excluded,72,72,0.12820513546466827,432,77182-82-2
OpenFoodTox_48h_screen,1027,943832-60-8,Halauxifen (Ref: X11393729),excluded,72,72,0.4838709533214569,1030,1390661-72-9
OpenFoodTox_48h_screen,1028,943012-36-0,"(1R,3R)-rel-3-[(1Z)-2-Chloro-3,3,3-trifluoro-1-propen-1-yl]-2,2-dimethylcyclopropanecarboxylic acid (2-methyl[1,1'-biphenyl]-3-yl)methyl ester mixt. with cyano(3-phenoxyphenyl)methyl 3-(2,2-dichloroethenyl)-2,2-dimethylcyclopropanecarboxylate",excluded,72,72,0.23076923191547394,626,80844-07-1
OpenFoodTox_48h_screen,1029,873330-19-9,"(1S,3S)-rel-3-[(1Z)-2-Chloro-3,3,3-trifluoro-1-propen-1-yl]-2,2-dimethyl-(R)-cyano(3-phenoxyphenyl)methyl ester cyclopropanecarboxylic acid mixt. with 3-bromo-N-[4-chloro-2-methyl-6-[(methylamino)carbonyl]phenyl]-1-(3-chloro-2-pyridinyl)-1H-pyrazole-5-carboxamide",excluded,72,72,0.23529411852359772,657,83164-33-4
OpenFoodTox_48h_screen,1030,1390661-72-9,Benzyl 4-amino-3-chloro-6-(4-chloro-2-fluoro-3-methoxyphenyl)-5-fluoropyridine-2-carboxylate,included,72,71,0.25,685,150114-71-9
OpenFoodTox_48h_screen,1031,34494-04-7,Glyphosate-dimethylammonium,excluded,72,72,0.29629629850387573,23,16672-87-0
OpenFoodTox_48h_screen,1032,114370-14-8,Glyphosate-monoammonium,excluded,72,72,0.26923078298568726,23,16672-87-0
OpenFoodTox_48h_screen,1033,81777-95-9,Bixlozone (Ref: F9600),excluded,72,72,0.234375,280,2310-17-0
OpenFoodTox_48h_screen,1034,2039-46-5,2-(4-Chloro-2-methylphenoxy)acetic acid compd. with N-methylmethanamine (1:1),excluded,72,72,0.32692307233810425,386,51338-27-3
EPA,0,144-62-7,Ethanedioic acid,excluded,103,103,0.190476194024086,440,1071-83-6
EPA,1,99-87-6,Para-cymene,excluded,103,103,0.20454545319080353,817,120116-88-3
EPA,2,61790-53-2,Kieselguhr,excluded,103,103,0.07692307978868484,35,1918-00-9
EPA,3,65-85-0,Benzoic acid,excluded,103,103,0.32258063554763794,65,1918-16-7
EPA,4,116-29-0,Tetradifon (Ref: ENT 23737),excluded,103,103,0.2222222238779068,343,1929-82-4
EPA,5,732-11-6,"S-[(1,3-Dihydro-1,3-dioxo-2H-isoindol-2-yl)methyl]O,O-dimethyl ester, Phosphorodithioic acid",excluded,103,103,0.27659574151039124,92,121-75-5
EPA,6,106-24-1,"(2E)-3,7-Dimethyl-2,6-octadien-1-ol",excluded,103,103,0.1071428582072258,1012,609346-29-4
EPA,7,471-34-1,Calcium carbonate,excluded,103,103,0.1304347813129425,440,1071-83-6
EPA,8,8028-48-6,Orange oil,excluded,103,103,0.1702127605676651,793,95266-40-3
EPA,9,7681-11-0,Potassium iodide,excluded,103,103,0.05263157933950424,75,98-01-1
EPA,10,2104-96-3,Bromophos,excluded,103,103,0.18867924809455872,912,220899-03-6
EPA,11,54-11-5,Nicotine,excluded,103,103,0.25925925374031067,752,123312-89-0
EPA,12,333-20-0,Potassium thiocyanate,excluded,103,103,0.1304347813129425,396,1689-84-5
EPA,13,10028-22-5,"Sulfuric acid, Iron(3+) salt (3:2)",excluded,103,103,0.0810810774564743,90,40487-42-1
EPA,14,7778-39-4,Arsenic acid,excluded,103,103,0.08695652335882187,440,1071-83-6
EPA,15,58-89-9,"(1alpha,2alpha,3beta,4alpha,5alpha,6beta)-1,2,3,4,5,6-Hexachlorocyclohexane",excluded,103,103,0.0714285746216774,149,133-06-2
EPA,16,2540-82-1,Formothion (Ref: SAN 6913I),excluded,103,103,0.3488371968269348,92,121-75-5
EPA,17,12527-76-3,Copper sulphate,excluded,103,103,0.0810810774564743,90,40487-42-1
EPA,18,1317-39-1,Copper (I) oxide,excluded,103,103,0.05000000074505806,396,1689-84-5
EPA,19,62-73-7,"Phosphoric acid 2,2-dichloroethenyl dimethyl ester",excluded,103,103,0.20000000298023224,92,121-75-5
EPA,20,25311-71-1,2-[[Ethoxy[(1-methylethyl)amino]phosphinothioyl]oxy]benzoic acid 1-methylethyl ester,excluded,103,103,0.27272728085517883,33,63-25-2
EPA,21,7733-02-0,"Sulfuric acid, Zinc salt (1:1)",excluded,103,103,0.0810810774564743,90,40487-42-1
EPA,22,7786-34-7,"3-[(Dimethoxyphosphinyl)oxy]-2-butenoic acid, Methyl ester",excluded,103,103,0.17777778208255768,92,121-75-5
EPA,23,16672-87-0,(2-Chloroethyl)phosphonic acid,excluded,103,103,0.2800000011920929,440,1071-83-6
EPA,24,20859-73-8,Aluminium phosphide,excluded,103,103,0.06451612710952759,222,51707-55-2
EPA,25,555-37-3,Neburon,excluded,103,103,0.3199999928474426,371,2164-17-2
EPA,26,7785-87-7,"Sulfuric acid, Manganese(2+) salt (1:1)",excluded,103,103,0.0810810774564743,90,40487-42-1
EPA,27,87-86-5,"2,3,4,5,6-Pentachlorophenol",excluded,103,103,0.1599999964237213,396,1689-84-5
EPA,28,57-10-3,Hexadecanoic acid,excluded,103,103,0.4137931168079376,34,2439-10-3
EPA,29,7447-39-4,Copper II chloride,excluded,103,103,0.05000000074505806,874,188425-85-6
EPA,30,420-04-2,"Cyanamide (Ref: LH 21,810A)",excluded,103,103,0.13636364042758942,396,1689-84-5
EPA,31,123-31-9,Hydroquinone,excluded,103,103,0.17391304671764374,396,1689-84-5
EPA,32,81-81-2,Warfarin,excluded,103,103,0.24137930572032928,737,57960-19-7
EPA,33,63-25-2,1-Naphthalenol methylcarbamate,included,103,102,0.38297873735427856,398,23422-53-9
EPA,34,2439-10-3,N-Dodecylguanidine acetate (1:1),included,103,102,0.25531914830207825,737,57960-19-7
EPA,35,1918-00-9,"3,6-Dichloro-2-methyoxybenzoic acid",included,103,102,0.3214285671710968,1030,1390661-72-9
EPA,36,20427-59-2,Copper (II) hydroxide,excluded,103,103,0.04545454680919647,83,26644-46-2
EPA,37,22042-59-7,Cartap (Ref: TL 1258),excluded,103,103,0.2195121943950653,92,121-75-5
EPA,38,470-82-6,"1,8-cineole",excluded,103,103,0.1489361673593521,787,118134-30-8
EPA,39,298-14-6,Potassium bicarbonate,excluded,103,103,0.17391304671764374,440,1071-83-6
EPA,40,330-55-2,"N'-(3,4-Dichlorophenyl)-N-methoxy-N-methylurea",excluded,103,103,0.3478260934352875,371,2164-17-2
EPA,41,97-53-0,Eugenol,excluded,103,103,0.25,804,374726-62-2
EPA,42,10103-46-5,Calcium phosphate,excluded,103,103,0.1304347813129425,440,1071-83-6
EPA,43,89-83-8,5-Methyl-2-(1-methylethyl)phenol,excluded,103,103,0.20000000298023224,136,13684-63-4
EPA,44,107-27-7,Chloroethylmercury,excluded,103,103,0.15000000596046448,632,39148-24-8
EPA,45,7775-09-9,"Chloric acid, Sodium salt (1:1)",excluded,103,103,0.05000000074505806,996,865318-97-4
EPA,46,57-24-9,Strychnine,excluded,103,103,0.1428571492433548,857,156963-66-5
EPA,47,1861-40-1,"N-Butyl-N-ethyl-2,6-dinitro-4-(trifluoromethyl)benzenamine",excluded,103,103,0.5471698045730591,668,62924-70-3
EPA,48,10108-64-2,Cadmium chloride (CdCl2),excluded,103,103,0.07407407462596893,149,133-06-2
EPA,49,93-58-3,"Benzoic acid, Methyl ester",excluded,103,103,0.3142857253551483,65,1918-16-7
EPA,50,133-07-3,"2-[(Trichloromethyl)thio]-1H-isoindole-1,3(2H)dione",excluded,103,103,0.4117647111415863,149,133-06-2
EPA,51,99-49-0,Carvone,excluded,103,103,0.2666666805744171,793,95266-40-3
EPA,52,76-06-2,Trichloronitromethane,excluded,103,103,0.1666666716337204,845,210880-92-5
EPA,53,112-30-1,1-decanol,excluded,103,103,0.3214285671710968,34,2439-10-3
EPA,54,533-74-4,"Tetrahydro-3,5-dimethyl-2H-1,3,5-thiadiazine-2-thione",excluded,103,103,0.125,149,133-06-2
EPA,55,10045-86-0,Ferric phosphate,excluded,103,103,0.1304347813129425,440,1071-83-6
EPA,56,709-98-8,"N-(3,4-Dichlorophenyl)propanamide",excluded,103,103,0.2881355881690979,968,581809-46-3
EPA,57,104-55-2,Cinnamaldehyde,excluded,103,103,0.24137930572032928,75,98-01-1
EPA,58,10058-44-3,Ferric pyrophosphate,excluded,103,103,0.1111111119389534,440,1071-83-6
EPA,59,10101-53-8,"Sulfuric acid, Chromium(3+)salt(3:2)",excluded,103,103,0.0810810774564743,90,40487-42-1
EPA,60,7632-00-0,"Nitrous acid, Sodium salt",excluded,103,103,0.0892857164144516,678,181274-15-7
EPA,61,624-92-0,Dimethyl disulfide,excluded,103,103,0.11538461595773697,551,59669-26-0
EPA,62,85-00-7,Diquat dibromide,excluded,103,103,0.18518517911434174,154,1910-42-5
EPA,63,148-24-3,8-hydroxyquinoline,excluded,103,103,0.2181818187236786,686,104040-78-0
EPA,64,330-54-1,"N'-(3,4-Dichlorophenyl)-N,N-dimethylurea",excluded,103,103,0.4871794879436493,371,2164-17-2
EPA,65,1918-16-7,2-Chloro-N-(1-methylethyl)-N-phenylacetamide,included,103,102,0.40425533056259155,530,51218-45-2
EPA,66,4180-23-8,Anethole,excluded,103,103,0.18918919563293457,35,1918-00-9
EPA,67,30560-19-1,"N-Acetylphosphoramidothioic acid O,S-dimethyl ester",excluded,103,103,0.2142857164144516,92,121-75-5
EPA,68,298-00-0,Parathion-methyl (Ref: OMS 213),excluded,103,103,0.21666666865348816,509,42874-03-3
EPA,69,650-51-1,TCA-sodium,excluded,103,103,0.15625,149,133-06-2
EPA,70,33089-61-1,Amitraz (Ref: ENT 27967),excluded,103,103,0.23999999463558197,398,23422-53-9
EPA,71,7778-44-1,Calcium arsenate,excluded,103,103,0.08695652335882187,495,120068-37-3
EPA,72,124-07-2,Caprylic acid,excluded,103,103,0.4137931168079376,34,2439-10-3
EPA,73,107-49-3,Tetraethyl ester diphosphoric acid,excluded,103,103,0.260869562625885,632,39148-24-8
EPA,74,510-15-6,Chlorobenzilate (Ref: ENT 18596),excluded,103,103,0.3333333432674408,454,28249-77-6
EPA,75,98-01-1,2-Furancarboxaldehyde,included,103,102,0.22580644488334656,343,1929-82-4
EPA,76,586-62-9,Alpha-terpinoline,excluded,103,103,0.1515151560306549,512,10004-44-1
EPA,77,1836-75-5,"2,4-Dichloro-1-(4-nitrophenoxy)benzene",excluded,103,103,0.40740740299224854,509,42874-03-3
EPA,78,74-83-9,Bromomethane,excluded,103,103,0.0625,154,1910-42-5
EPA,79,98-55-5,Alpha-terpineol,excluded,103,103,0.15000000596046448,813,243973-20-8
EPA,80,62-38-4,(Acetato-kappaO)phenylmercury,excluded,103,103,0.28947368264198303,65,1918-16-7
EPA,81,78-70-6,Linalool,excluded,103,103,0.13333334028720856,985,473798-59-3
EPA,82,112-05-0,Nonanoic acid,excluded,103,103,0.4137931168079376,34,2439-10-3
EPA,83,26644-46-2,"N,N'-[1,4-Piperazinediylbis(2,2,2-trichloroethylidene)]bis-formamide",included,103,102,0.15000000596046448,149,133-06-2
EPA,84,112-72-1,Myristyl alcohol,excluded,103,103,0.3214285671710968,34,2439-10-3
EPA,85,96-12-8,Dibromochloropropane (Ref: OS1897),excluded,103,103,0.1111111119389534,65,1918-16-7
EPA,86,123-33-1,"1,2-Dihydro-3,6-pyridazinedione",excluded,103,103,0.260869562625885,512,10004-44-1
EPA,87,68085-85-8,"3-(2-Chloro-3,3,3-trifluoro-1-propenyl)-2,2-dimethylcyclopropanecarboxylic acid cyano(3-phenoxyphenyl)methyl ester",excluded,103,103,0.8571428656578064,250,65731-84-2
EPA,88,94-75-7,"2,4-D (Ref: L 208)",excluded,103,103,0.6969696879386902,190,94-74-6
EPA,89,93-15-2,Methyleugenol (Ref: Ent 21040),excluded,103,103,0.26229506731033325,804,374726-62-2
EPA,90,40487-42-1,"N-(1-Ethylpropyl)-3,4-dimethyl-2,6-dinitro-benzenamine",included,103,102,0.21875,509,42874-03-3
EPA,91,1929-77-7,Vernolate (Ref: R-106),excluded,103,103,0.29729729890823364,454,28249-77-6
EPA,92,121-75-5,"2-[(Dimethoxyphosphinothioyl)thio]butanedioic acid 1,4-diethyl ester",included,103,102,0.22448979318141937,793,95266-40-3
EPA,93,108-62-3,Metaldehyde,excluded,103,103,0.0833333358168602,512,10004-44-1
EPA,94,404-86-4,Capsaicin (Ref: NCI-C56564),excluded,103,103,0.2800000011920929,804,374726-62-2
EPA,95,872-50-4,1-Methyl-2-pyrrolidinone,excluded,103,103,0.1666666716337204,149,133-06-2
EPA,96,119-64-2,"1,2,3,4-Tetrahydronaphthalene",excluded,103,103,0.1666666716337204,729,120928-09-8
EPA,97,90-43-7,2-phenylphenol,excluded,103,103,0.22727273404598236,874,188425-85-6
EPA,98,75-60-5,"As,As-Dimethylarsinic acid",excluded,103,103,0.10810811072587967,799,129909-90-6
EPA,99,824-39-5,Sodium o-nitrophenolate,excluded,103,103,0.23255814611911774,90,40487-42-1
EPA,100,114-26-1,"2-(1-Methylethoxy)phenol, 1-(N-Methylcarbamate)",excluded,103,103,0.5555555820465088,33,63-25-2
EPA,101,2008-41-5,"N,N-Bis(2-methylpropyl)carbamothioic acid S-ethyl ester",excluded,103,103,0.28947368264198303,454,28249-77-6
EPA,102,80-06-8,4-Chloro-alpha-(4-chlorophenyl)-alpha-methylbenzenemethanol,excluded,103,103,0.2777777910232544,454,28249-77-6
EPA,103,134-20-3,"2-Aminobenzoic acid, Methyl ester",excluded,103,103,0.28333333134651184,678,181274-15-7
EPA,104,629-99-2,Pentacosane,excluded,103,103,0.3333333432674408,34,2439-10-3
EPA,105,2163-80-6,"Methylarsonic acid, Monosodium salt",excluded,103,103,0.13513512909412384,371,2164-17-2
EPA,106,52-68-6,Trichlorfon (Ref: OMS 800),excluded,103,103,0.19512194395065308,92,121-75-5
EPA,107,72-43-5,Methoxychlor (Ref: OMS 466),excluded,103,103,0.21052631735801697,35,1918-00-9
EPA,108,488-10-8,Jasmone,excluded,103,103,0.19148936867713928,793,95266-40-3
EPA,109,7212-44-4,Nerolidol,excluded,103,103,0.1230769231915474,985,473798-59-3
EPA,110,81412-43-3,Tridemorph (Ref: BAS 2205-F),excluded,103,103,0.23076923191547394,34,2439-10-3
EPA,111,17804-35-2,"N-[1-[(Butylamino)carbonyl]-1H-benzimidazol-2-yl]carbamic acid, Methyl ester",excluded,103,103,0.24590164422988892,136,13684-63-4
EPA,112,3347-22-6,Dithianon (Ref: BAS 216F),excluded,103,103,0.20930232107639313,33,63-25-2
EPA,113,50-29-3,DDT (Ref: OMS 16),excluded,103,103,0.22580644488334656,343,1929-82-4
EPA,114,563-12-2,Ethion (Ref: ENT 24105),excluded,103,103,0.2800000011920929,632,39148-24-8
EPA,115,13593-03-8,"Phosphorothioic acid O,O-diethyl O-2-quinoxalinyl ester  ",excluded,103,103,0.2545454502105713,729,120928-09-8
EPA,116,2642-71-9,"Phosphorodithioic acid O,O-diethyl S-[(4-oxo-1,2,3-benzotriazin-3(4H)-yl)methyl] ester",excluded,103,103,0.2321428507566452,33,63-25-2
EPA,117,98-50-0,As-(4-Aminophenyl)arsonic acid,excluded,103,103,0.15000000596046448,454,28249-77-6
EPA,118,86-87-3,1-Naphthaleneacetic acid,excluded,103,103,0.4000000059604645,33,63-25-2
EPA,119,34256-82-1,2-Chloro-N-(ethoxymethyl)-N-(2-ethyl-6-methylphenyl)acetamide,included,103,102,0.5625,530,51218-45-2
EPA,120,24934-91-6,Chlormephos (Ref: MC 2188),excluded,103,103,0.25925925374031067,632,39148-24-8
EPA,121,115-32-2,4-Chloro-alpha-(4-chlorophenyl)-alpha-(trichloromethyl)benzenemethanol,excluded,103,103,0.2432432472705841,454,28249-77-6
EPA,122,66246-88-6,Penconazole (Ref: CGA 71818),excluded,103,103,0.37931033968925476,630,88671-89-0
EPA,123,8012-95-1,Paraffin oils,excluded,103,103,0.17142857611179352,154,1910-42-5
EPA,124,50-81-7,L-ascorbic acid,excluded,103,103,0.1764705926179886,737,57960-19-7
EPA,125,2699-79-8,Sulfuryl fluoride,excluded,103,103,0.11428571492433548,475,318290-98-1
EPA,126,117-80-6,Dichlone (Ref: USR 604),excluded,103,103,0.2750000059604645,737,57960-19-7
EPA,127,824-78-2,Sodium p-nitrophenolate,excluded,103,103,0.1860465109348297,90,40487-42-1
EPA,128,1698-60-8,5-Amino-4-chloro-2-phenyl-3(2H)-pyridazinone,excluded,103,103,0.25925925374031067,681,96489-71-3
EPA,129,299-84-3,"Phosphorothioic acid, O,O-Dimethyl O-(2,4,5-trichlorophenyl)ester",excluded,103,103,0.20000000298023224,35,1918-00-9
EPA,130,2032-65-7,"3,5-Dimethyl-4-(methylthio)phenol, Methylcarbamate",excluded,103,103,0.38297873735427856,398,23422-53-9
EPA,131,80-57-9,Verbenone,excluded,103,103,0.1764705926179886,512,10004-44-1
EPA,132,56-35-9,Tributyltin oxide (Ref: ENT 24979),excluded,103,103,0.1818181872367859,34,2439-10-3
EPA,133,60-51-5,"O,O-Dimethyl S-[2-(methylamino)-2-oxoethyl]phosphorodithioic acid ester",excluded,103,103,0.3499999940395355,92,121-75-5
EPA,134,55285-14-8,Carbosulfan (Ref: OMS 3022),excluded,103,103,0.24590164422988892,33,63-25-2
EPA,135,43121-43-3,"1-(4-Chlorophenoxy)-3,3-dimethyl-1-(1H-1,2,4-triazol-1-yl)-2-butanone",excluded,103,103,0.6041666865348816,534,55219-65-3
EPA,136,13684-63-4,(3-Methylphenyl)carbamic acid 3-[(methoxycarbonyl)amino]phenyl ester,included,103,102,0.4000000059604645,398,23422-53-9
EPA,137,121-21-1,Pyrethrins (pyrethrin I),excluded,103,103,0.2957746386528015,1012,609346-29-4
EPA,138,13548-38-4,"Nitric acid, Chromium(3+) salt",excluded,103,103,0.1428571492433548,90,40487-42-1
EPA,139,83-79-4,Rotenone (Ref: ENT 133),excluded,103,103,0.18518517911434174,675,161050-58-4
EPA,140,8008-99-9,Garlic extract,excluded,103,103,0.16326530277729034,985,473798-59-3
EPA,141,77-73-6,Dicyclopentadiene,excluded,103,103,0.12820513546466827,149,133-06-2
EPA,142,137-26-8,"N,N,N',N'-Tetramethylthioperoxydicarbonic diamide ([(H2N)C(S)]2S2)",excluded,103,103,0.15625,551,59669-26-0
EPA,143,56-38-2,"Phosphorothioic acid, O,O-Diethyl-O-(4-nitrophenyl)ester",excluded,103,103,0.2666666805744171,509,42874-03-3
EPA,144,72-54-8,"1,1'-(2,2-Dichloroethylidene)bis[4-chlorobenzene]",excluded,103,103,0.25,454,28249-77-6
EPA,145,76-87-9,Hydroxytriphenylstannane,excluded,103,103,0.20000000298023224,690,53112-28-0
EPA,146,80-56-8,Alpha-pinene,excluded,103,103,0.1458333283662796,809,126833-17-8
EPA,147,13952-84-6,2-aminobutane,excluded,103,103,0.2068965584039688,480,38641-94-0
EPA,148,13708-85-5 ,Disodium phosphonate (Ref: IKF-916 25 SC),excluded,103,103,0.06666667014360428,149,133-06-2
EPA,149,133-06-2,Captan (Ref: SR 406),included,103,102,0.1538461595773697,343,1929-82-4
EPA,150,534-52-1,DNOC (Ref: ENT 154),excluded,103,103,0.3181818127632141,90,40487-42-1
EPA,151,82-68-8,"1,2,3,4,5-Pentachloro-6-nitrobenzene",excluded,103,103,0.23076923191547394,90,40487-42-1
EPA,152,2164-08-1,Lenacil (Ref: DPX B634),excluded,103,103,0.12244898080825806,149,133-06-2
EPA,153,640-15-3,"S-[2-(Ethylthio)ethyl]O,O-dimethyl ester phosphorodithioc acid",excluded,103,103,0.3076923191547394,92,121-75-5
EPA,154,1910-42-5,"1,1'-Dimethyl-4,4'-bipyridinium chloride (1:2)",included,103,102,0.1568627506494522,888,403640-27-7
EPA,155,13466-78-9,Carene,excluded,103,103,0.13793103396892548,219,52645-53-1
EPA,156,86-86-2,1-naphthylacetamide,excluded,103,103,0.37837839126586914,33,63-25-2
EPA,157,10043-52-4,Calcium chloride,excluded,103,103,0.06666667014360428,154,1910-42-5
EPA,158,15096-52-3,Cryolite (Na3(AlF6)),excluded,103,103,0.043478261679410934,495,120068-37-3
EPA,159,101200-48-0,Tribenuron-methyl (Ref: DPX L5300),excluded,103,103,0.3188405930995941,756,213464-77-8
EPA,160,3810-74-0,Streptomycin sulphate,excluded,103,103,0.1304347813129425,1012,609346-29-4
EPA,161,51-03-6,Piperonyl butoxide (Ref: ENT 14250),excluded,103,103,0.19402985274791718,734,122008-85-9
EPA,162,7704-34-9,Sulfur,excluded,103,103,0.0,33,63-25-2
EPA,163,7784-40-9,Lead arsenate,excluded,103,103,0.09090909361839294,65,1918-16-7
EPA,164,120-23-0,2-naphthyloxyacetic acid,excluded,103,103,0.375,190,94-74-6
EPA,165,74223-64-6,Metsulfuron-methyl (Ref: DPX T6376),excluded,103,103,0.421875,756,213464-77-8
EPA,166,122-88-3,(4-chlorophenoxy)acetic acid,excluded,103,103,0.529411792755127,190,94-74-6
EPA,167,8003-34-7,Pyrethrins and Pyrethroids,excluded,103,103,0.26923078298568726,1012,609346-29-4
EPA,168,121-29-9,Pyrethrins (pyrethrin II) (Ref: ENT 7543 ),excluded,103,103,0.2800000011920929,1012,609346-29-4
EPA,169,7440-43-9,Cadmium,excluded,103,103,0.03333333507180214,222,51707-55-2
EPA,170,1344-81-6,Calcium sulfide (Ca(Sx)),excluded,103,103,0.04838709533214569,819,219714-96-2
EPA,171,13071-79-9,"Phosphorodithioic acid S-[[(1,1-dimethylethyl)thio]O,O-diethylmethyl]ester",excluded,103,103,0.23255814611911774,92,121-75-5
EPA,172,50594-66-6,Acifluorfen (Ref: RH 5781),excluded,103,103,0.6481481194496155,509,42874-03-3
EPA,173,175013-18-0,[2-[[[1-(4-Chlorophenyl)-1H-pyrazol-3-yl]oxy]methyl]phenyl]methoxycarbamic acid methyl ester,included,103,102,0.2531645596027374,761,122548-33-8
EPA,174,1303-96-4,Borax,excluded,103,103,0.07575757801532745,678,181274-15-7
EPA,175,1332-58-7,Kaolin,excluded,103,103,0.09756097197532654,793,95266-40-3
EPA,176,14484-64-1,"(OC-6-11)-tris(N,N-Dimethylcarbamodithioato-kappaS,kappaS')iron",excluded,103,103,0.1621621549129486,371,2164-17-2
EPA,177,100-56-1,Phenylmercury chloride,excluded,103,103,0.20588235557079315,65,1918-16-7
EPA,178,62476-59-9,"5-[2-Chloro-4-(trifluoromethyl)phenoxy]-2-nitrobenzoic acid, Sodium salt (1:1)",excluded,103,103,0.6363636255264282,509,42874-03-3
EPA,179,71751-41-2,Abamectin (Ref: MK 936),excluded,103,103,0.11450381577014923,173,175013-18-0
EPA,180,112281-77-3,"1-[2-(2,4-Dichlorophenyl)-3-(1,1,2,2-tetrafluoroethoxy)propyl]-1H-1,2,4-triazole",excluded,103,103,0.36764705181121826,1019,1417782-03-6
EPA,181,789-02-6,"O,P'-DDT",excluded,103,103,0.25,343,1929-82-4
EPA,182,7440-38-2,Arsenic,excluded,103,103,0.02380952425301075,187,2312-35-8
EPA,183,122-14-5,"Phosphorothioic acid O,O-dimethyl O-(3-methyl-4-nitrophenyl)ester",excluded,103,103,0.2786885201931,509,42874-03-3
EPA,184,300-76-5,"Phosphoric acid 1,2-dibromo-2,2-dichloroethyl dimethyl ester",excluded,103,103,0.1860465109348297,92,121-75-5
EPA,185,122-42-9,"N-Phenylcarbamic acid, 1-Methylethyl ester",excluded,103,103,0.3720930218696594,387,5234-68-4
EPA,186,7631-89-2,"Arsenic acid (H3AsO4), Sodium salt (1:?)",excluded,103,103,0.0833333358168602,495,120068-37-3
EPA,187,2312-35-8,"2-[4-(1,1-Dimethylethyl)phenoxy]cyclohexyl 2-propynyl ester sulfurous acid",included,103,102,0.21875,729,120928-09-8
EPA,188,1403-66-3,Gentamicin,excluded,103,103,0.11881188303232193,1004,1031756-98-5
EPA,189,60207-90-1,"1-[[2-(2,4-Dichlorophenyl)-4-propyl-1,3-dioxolan-2-yl]methyl]-1H-1,2,4-triazole",excluded,103,103,0.6190476417541504,710,119446-68-3
EPA,190,94-74-6,2-(4-Chloro-2-methylphenoxy)acetic acid,included,103,102,0.2830188572406769,943,81052-29-1
EPA,191,61213-25-0,Flurochloridone (Ref: R 40244),excluded,103,103,0.27272728085517883,371,2164-17-2
EPA,192,12789-03-6,Chlordane (Technical Grade),excluded,103,103,0.11764705926179886,809,126833-17-8
EPA,193,66-81-9,"4-[(2R)-2-[(1S,3S,5S)-3,5-Dimethyl-2-oxocyclohexyl]-2-hydroxyethyl]-2,6-piperidinedione",excluded,103,103,0.1666666716337204,646,81335-77-5
EPA,194,10453-86-8,"2,2-Dimethyl-3-(2-methyl-1-propen-1-yl)cyclopropanecarboxylic acid [5-(phenylmethyl)-3-furanyl]methyl ester",excluded,103,103,0.5245901346206665,219,52645-53-1
EPA,195,78-48-8,Tribufos,excluded,103,103,0.21052631735801697,92,121-75-5
EPA,196,521-88-0,Karanjin,excluded,103,103,0.21568627655506134,35,1918-00-9
EPA,197,15662-33-6,Ryanodine,excluded,103,103,0.1603773534297943,1004,1031756-98-5
EPA,198,99-30-9,"2,6-Dichloro-4-nitrobenzenamine",excluded,103,103,0.2222222238779068,509,42874-03-3
EPA,199,61-31-4,"1-Naphthaleneacetic acid, Sodium salt",excluded,103,103,0.3684210479259491,33,63-25-2
EPA,200,542-75-6,"1,3-dichloropropene (Ref: D D92)",excluded,103,103,0.1111111119389534,83,26644-46-2
EPA,201,136849-15-5,Cyclosulfamuron (Ref: BAS 710H),excluded,103,103,0.7272727489471436,756,213464-77-8
EPA,202,3653-48-3,2-(4-Chloro-2-methylphenoxy)acetic acid sodium salt (1:1),excluded,103,103,0.7142857313156128,190,94-74-6
EPA,203,131-89-5,"2-Cyclohexyl-4,6-dinitrophenol",excluded,103,103,0.22641509771347046,90,40487-42-1
EPA,204,69327-76-0,"2-[(1,1-Dimethylethyl)imino]tetrahydro-3-(1-methylethyl)-5-phenyl-4H-1,3,5-thiadiazin-4-one",excluded,103,103,0.18571428954601288,985,473798-59-3
EPA,205,76-44-8,"1,4,5,6,7,8,8-Heptachloro-3a,4,7,7a-tetrahydro-4,7-methano-1H-indene",excluded,103,103,0.1428571492433548,809,126833-17-8
EPA,206,93-79-8,"2-(2,4,5-Trichlorophenoxy)acetic acid, Butyl ester",excluded,103,103,0.3650793731212616,805,129630-19-9
EPA,207,309-00-2,"(1R,4S,4aS,5S,8R,8aR)-rel-1,2,3,4,10,10-Hexachloro-1,4,4a,5,8,8a-hexahydro-1,4:5,8-dimethanonaphthalene",excluded,103,103,0.1458333283662796,809,126833-17-8
EPA,208,117-18-0,Tecnazene,excluded,103,103,0.26829269528388977,90,40487-42-1
EPA,209,9008-22-4,Laminarin (Ref: H11),excluded,103,103,0.11320754885673523,793,95266-40-3
EPA,210,950-35-6,"Phosphoric acid, Dimethyl 4-nitrophenyl ester",excluded,103,103,0.22033898532390594,509,42874-03-3
EPA,211,260359-57-7,Bioallethrin,excluded,103,103,0.31343284249305725,1012,609346-29-4
EPA,212,79-57-2,Oxytetracycline,excluded,103,103,0.1627907007932663,219,52645-53-1
EPA,213,973-21-7,Dinobuton (Ref: OMS 1056),excluded,103,103,0.27586206793785095,90,40487-42-1
EPA,214,60-57-1,"(1aR,2R,2aS,3S,6R,6aR,7S,7aS)-rel-3,4,5,6,9,9-Hexachloro-1a,2,2a,3,6,6a,7,7a-octahydro-2,7:3,6-dimethanonaphth[2,3-b]oxirene ",excluded,103,103,0.13333334028720856,833,125116-23-6
EPA,215,88-85-7,"2-(1-Methylpropyl)-4,6-dinitrophenol",excluded,103,103,0.3265306055545807,90,40487-42-1
EPA,216,126-75-0,"O,O-Diethyl S-[2-(ethylsulfanyl)ethyl] phosphorothioate",excluded,103,103,0.19354838132858276,632,39148-24-8
EPA,217,64902-72-3,"2-Chloro-N-[[(4-methoxy-6-methyl-1,3,5-triazin-2-yl)amino]carbonyl]benzenesulfonamide",excluded,103,103,0.4307692348957062,761,122548-33-8
EPA,218,9002-93-1,"alpha-(4-(1,1,3,3-Tetramethylbutyl)phenyl)-omega-hydroxypoly(oxy-1,2-ethanediyl)",excluded,103,103,0.23076923191547394,729,120928-09-8
EPA,219,52645-53-1,"3-(2,2-Dichloroethenyl)-2,2-dimethylcyclopropanecarboxylic acid, (3-Phenoxyphenyl)methyl ester",included,103,102,0.5932203531265259,250,65731-84-2
EPA,220,137-30-4,Ziram,excluded,103,103,0.1621621549129486,371,2164-17-2
EPA,221,2303-17-5,"N,N-Bis(1-methylethyl)carbamothioic acid, S-(2,3,3-trichloro-2-propen-1-yl) ester",excluded,103,103,0.24390244483947754,65,1918-16-7
EPA,222,51707-55-2,"N-Phenyl-N'-1,2,3-thiadiazol-5-yl-urea",included,103,102,0.30612245202064514,387,5234-68-4
EPA,223,9012-76-4,Chitosan hydrochloride,excluded,103,103,0.14516128599643707,480,38641-94-0
EPA,224,3383-96-8,"O,O'-(Thiodi-4,1-phenylene) O,O,O',O'-tetramethyl ester phosphorothioic acid",excluded,103,103,0.17777778208255768,92,121-75-5
EPA,225,639-58-7,Chlorotriphenylstannane,excluded,103,103,0.21212121844291687,65,1918-16-7
EPA,226,333-41-5,"O,O-Diethyl O-[6-methyl-2-(1-methylethyl)-4-pyrimidinyl] ester phosphorothioic acid",excluded,103,103,0.21153846383094788,92,121-75-5
EPA,227,15845-66-6,Fosetyl,excluded,103,103,0.9285714030265808,632,39148-24-8
EPA,228,500-28-7,Chlorthion (Ref: BAY 22/190 ),excluded,103,103,0.33898305892944336,509,42874-03-3
EPA,229,2536-31-4,"2-Chloro-9-hydroxy-9H-fluorene-9-carboxylic acid, Methyl ester",excluded,103,103,0.2857142984867096,190,94-74-6
EPA,230,1897-45-6,"2,4,5,6-Tetrachloro-1,3-benzenedicarbonitrile",excluded,103,103,0.1785714328289032,396,1689-84-5
EPA,231,867-27-6,Demeton-O-methyl (Ref: ENT 18862),excluded,103,103,0.2380952388048172,92,121-75-5
EPA,232,81334-34-1,Imazapyr,excluded,103,103,0.6200000047683716,646,81335-77-5
EPA,233,72-56-0,"1,1'-(2,2-Dichloroethylidene)bis[4-ethylbenzene",excluded,103,103,0.25641027092933655,454,28249-77-6
EPA,234,39300-45-3,Dinocap (Ref: ENT 24727),excluded,103,103,0.24242424964904785,90,40487-42-1
EPA,235,3244-90-4,"Thiodiphosphoric acid, Tetrapropyl ester",excluded,103,103,0.21621622145175934,92,121-75-5
EPA,236,103-17-3,Chlorbenside (Ref: ENT 20696),excluded,103,103,0.4117647111415863,454,28249-77-6
EPA,237,142-59-6,"N,N'-1,2-Ethanediylbiscarbamodithioic acid, Sodium salt (1:2)",excluded,103,103,0.10000000149011612,440,1071-83-6
EPA,238,301-12-2,"Phosphorothioic acid, S-[2-(Ethylsulfinyl)ethyl] O,O-dimethyl ester",excluded,103,103,0.20000000298023224,92,121-75-5
EPA,239,150-68-5,"N'-(4-chlorophenyl)-N,N-dimethylurea",excluded,103,103,0.44736841320991516,371,2164-17-2
EPA,240,13194-48-4,"Phosphorodithioic acid O-ethyl S,S-dipropyl ester",excluded,103,103,0.22499999403953552,92,121-75-5
EPA,241,101-21-3,"N-(3-Chlorophenyl)carbamic acid, 1-Methylethyl ester",excluded,103,103,0.3913043439388275,136,13684-63-4
EPA,242,638-59-5,Myristyl acetate,excluded,103,103,0.4193548262119293,34,2439-10-3
EPA,243,61-82-5,"1H-1,2,4-Triazol-3-amine",excluded,103,103,0.15217390656471252,996,865318-97-4
EPA,244,29457-72-5,Lithium perfluorooctane sulfonate,excluded,103,103,0.125,736,272451-65-7
EPA,245,8065-48-3,Demeton (Ref: ENT 17295),excluded,103,103,0.20930232107639313,92,121-75-5
EPA,246,86-50-0,"O,O-Dimethyl S-[(4-oxo-1,2,3-benzotriazin-3(4H)-yl)methyl] ester, Phosphorodithioic acid",excluded,103,103,0.24074074625968933,33,63-25-2
EPA,247,115-26-4,"N,N,N',N'-Tetramethylphosphorodiamidic fluoride",excluded,103,103,0.1315789520740509,371,2164-17-2
EPA,248,77-06-5,Gibberellic acid,excluded,103,103,0.17241379618644714,512,10004-44-1
EPA,249,75-99-0,"2,2-Dichloropropanoic acid",excluded,103,103,0.20000000298023224,35,1918-00-9
EPA,250,65731-84-2,Beta-cypermethrin (Ref: OMS 3068),included,103,102,0.5932203531265259,219,52645-53-1
EPA,251,78-34-2,Delnav,excluded,103,103,0.22727273404598236,92,121-75-5
EPA,252,22059-21-8,ACC,excluded,103,103,0.17073170840740204,809,126833-17-8
EPA,253,55-38-9,"O,O-Dimethyl O-[3-methyl-4-(methylthio)phenyl]ester phosphorothioic acid",excluded,103,103,0.20408163964748383,92,121-75-5
EPA,254,298-04-4,"Phosphorodithioic acid, O,O-Diethyl-S-[2-(ethylthio)ethyl] ester",excluded,103,103,0.2380952388048172,92,121-75-5
EPA,255,93-72-1,"2-(2,4,5-Trichlorophenoxy)propanoic acid",excluded,103,103,0.3095238208770752,190,94-74-6
EPA,256,80-71-7,Maple lactone,excluded,103,103,0.23076923191547394,793,95266-40-3
EPA,257,137-42-8,Metam-sodium (Ref: N 869),excluded,103,103,0.1428571492433548,33,63-25-2
EPA,258,900-95-8,Fentin acetate (Ref: OMS 1020),excluded,103,103,0.28947368264198303,33,63-25-2
EPA,259,50864-67-0,Barium polysulphide,excluded,103,103,0.01923076994717121,857,156963-66-5
EPA,260,132-66-1,Naptalam (Ref: ACP 322),excluded,103,103,0.3488371968269348,33,63-25-2
EPA,261,122-34-9,"6-Chloro-N,N'-diethyl-1,3,5-triazine-2,4-diamine",excluded,103,103,0.17543859779834747,856,162650-77-3
EPA,262,919-86-8,"S-[2-(Ethylthio)ethyl]O,O-dimethyl ester phosphorothioic acid",excluded,103,103,0.2142857164144516,92,121-75-5
EPA,263,2008-39-1,"2,4-D-dimethylammonium",excluded,103,103,0.6666666865348816,190,94-74-6
EPA,264,950-37-8,"Phosphorodithioic acid S-[(5-methoxy-2-oxo-1,3,4-thiadiazol-3(2H)yl)methyl] O,O-dimethyl ester",excluded,103,103,0.26530611515045166,92,121-75-5
EPA,265,139-40-2,"6-Chloro-N2,N4-bis(1-methylethyl)-1,3,5-triazine-2,4-diamine",excluded,103,103,0.1666666716337204,690,53112-28-0
EPA,266,2597-03-7,"alpha-[(Dimethoxyphosphinothioyl)thio] benzeneacetic acid, Ethyl ester",excluded,103,103,0.523809552192688,92,121-75-5
EPA,267,50-31-7,"2,3,6-TBA (Ref: HC 1281)",excluded,103,103,0.5357142686843872,35,1918-00-9
EPA,268,76578-12-6,2-[4-[(6-Chloro-2-quinoxalinyl)oxy]phenoxy]propanoic acid,excluded,103,103,0.29629629850387573,190,94-74-6
EPA,269,55335-06-3,"2-[(3,5,6-Trichloro-2-pyridinyl)oxy]acetic acid",excluded,103,103,0.4000000059604645,190,94-74-6
EPA,270,56-72-4,"Phosphorothioic acid O-(3-chloro-4-methyl-2-oxo-2H-1-benzopyran-7-yl) O,O-diethyl ester",excluded,103,103,0.21917808055877686,734,122008-85-9
EPA,271,298-02-2,"O,O-Diethyl S-[(ethylthio)methyl])ester, Phosphorodithioic acid",excluded,103,103,0.25,92,121-75-5
EPA,272,20354-26-1,Methazole (Ref: VCS-438),excluded,103,103,0.2153846174478531,968,581809-46-3
EPA,273,759-94-4,"N,N-dipropylcarbamothioic acid S-ethyl ester",excluded,103,103,0.3055555522441864,454,28249-77-6
EPA,274,1184-64-1,Copper II carbonate,excluded,103,103,0.1304347813129425,440,1071-83-6
EPA,275,485-31-4,Binapacryl (Ref: FMC 9044),excluded,103,103,0.2666666805744171,90,40487-42-1
EPA,276,1194-65-6,Dichlobenil (Ref: H 133),excluded,103,103,0.27586206793785095,343,1929-82-4
EPA,277,7085-19-0,Mecoprop (Ref: RD 4593),excluded,103,103,0.5945945978164673,190,94-74-6
EPA,278,10311-84-9,Dialifos (Ref: AC 14503),excluded,103,103,0.2586206793785095,737,57960-19-7
EPA,279,13171-21-6,"Phosphoric acid, 2-Chloro-3-(diethylamino)-1-methyl-3-oxo-1-propen-1-yl dimethyl ester",excluded,103,103,0.23404255509376526,454,28249-77-6
EPA,280,2310-17-0,"S-[(6-Chloro-2-oxo-3(2H)-benzoxazolyl)methyl]O,O-diethyl ester phosphorodithioic acid",excluded,103,103,0.24242424964904785,943,81052-29-1
EPA,281,1610-18-0,"6-Methoxy-N2,N4-bis(1-methylethyl)-1,3,5-triazine-2,4-diamine",excluded,103,103,0.18518517911434174,720,145701-23-1
EPA,282,1596-84-5,Daminozide,excluded,103,103,0.25806450843811035,440,1071-83-6
EPA,283,4685-14-7,"1,1'-Dimethyl-4,4'-bipyridinium",excluded,103,103,0.9285714030265808,154,1910-42-5
EPA,284,94-81-5,MCPB (Ref: MB 3046),excluded,103,103,0.6944444179534912,190,94-74-6
EPA,285,18467-77-1,Dikegulac,excluded,103,103,0.1355932205915451,387,5234-68-4
EPA,286,4602-84-0,Farnesol,excluded,103,103,0.10526315867900848,1012,609346-29-4
EPA,287,644-64-4,Dimetilan,excluded,103,103,0.3636363744735718,437,23103-98-2
EPA,288,834-12-8,"N2-Ethyl-N4-(1-methylethyl)-6-(methylthio)-1,3,5-triazine-2,4-diamine",excluded,103,103,0.1875,856,162650-77-3
EPA,289,1912-24-9,"6-Chloro-N-ethyl-N'-(1-methylethyl)-1,3,5-triazine-2,4-diamine",excluded,103,103,0.1746031790971756,856,162650-77-3
EPA,290,7003-89-6,Chlormequat,excluded,103,103,0.11428571492433548,65,1918-16-7
EPA,291,7287-19-6,"N2,N4-Bis(1-methylethyl)-6-(methylthio)-1,3,5-triazine-2,4-diamine",excluded,103,103,0.15789473056793213,690,53112-28-0
EPA,292,786-19-6,Carbofenthion,excluded,103,103,0.25531914830207825,454,28249-77-6
EPA,293,94-82-6,"2,4-DB (Ref: ENT 8538)",excluded,103,103,0.4761904776096344,190,94-74-6
EPA,294,5326-23-8,6-Chloro-3-pyridinecarboxylic acid,excluded,103,103,0.2916666567325592,713,138261-41-3
EPA,295,999-81-5,"2-Chloro-N,N,N-trimethylethanaminium chloride (1:1)",excluded,103,103,0.1111111119389534,65,1918-16-7
EPA,296,148-79-8,2-(4-Thiazolyl)-1H-benzimidazole,excluded,103,103,0.1785714328289032,729,120928-09-8
EPA,297,120-36-5,Dichlorprop (Ref: RD 406),excluded,103,103,0.44999998807907104,190,94-74-6
EPA,298,1214-39-7,N-(Phenylmethyl)-1H-purin-6-amine,excluded,103,103,0.2321428507566452,729,120928-09-8
EPA,299,2104-64-5,P-Phenylphosphonothioic acid O-ethyl O-(4-nitrophenyl) ester ,excluded,103,103,0.24242424964904785,509,42874-03-3
EPA,300,1912-26-1,Trietazine (Ref: G 27901),excluded,103,103,0.1702127605676651,454,28249-77-6
EPA,301,2275-23-2,Vamidothion (Ref: ENT 26613),excluded,103,103,0.22448979318141937,92,121-75-5
EPA,302,127-20-8,Dalapon-sodium,excluded,103,103,0.15217390656471252,943,81052-29-1
EPA,303,315-18-4,"4-(Dimethylamino)-3,5-dimethylphenol, Methylcarbamate(ester)",excluded,103,103,0.4545454680919647,398,23422-53-9
EPA,304,143-50-0,"1,1a,3,3a,4,5,5,5a,5b,6-Decachlorooctahydro-1,3,4-metheno-2H-cyclobuta[cd]pentalen-2-one",excluded,103,103,0.1111111119389534,149,133-06-2
EPA,305,2764-72-9,Diquat,excluded,103,103,0.19230769574642181,154,1910-42-5
EPA,306,15972-60-8,"2-Chloro-N-(2,6-diethylphenyl)-N-(methoxymethyl)acetamide",excluded,103,103,0.6585366129875183,119,34256-82-1
EPA,307,78-57-9,"S-[(4,6-Diamino-1,3,5-triazin-2-yl)methyl]O,O-dimethyl ester phosphorodithioic acid",excluded,103,103,0.27272728085517883,92,121-75-5
EPA,308,297-97-2,"Phosphorothioic acid, O,O-Diethyl O-2-pyrazinyl ester  ",excluded,103,103,0.23529411852359772,614,95737-68-1
EPA,309,21609-90-5,"p-Phenylphosphonothioic acid, O-(4-Bromo-2,5-dichlorophenyl) O-methyl ester",excluded,103,103,0.20408163964748383,35,1918-00-9
EPA,310,13356-08-6,"1,1,1,3,3,3-Hexakis(2-methyl-2-phenylpropyl)distannoxane",excluded,103,103,0.2291666716337204,729,120928-09-8
EPA,311,41483-43-6,Bupirimate (Ref: PP 588),excluded,103,103,0.21052631735801697,923,422556-08-9
EPA,312,314-40-9,"5-Bromo-6-methyl-3-(1-methylpropyl)-2,4(1H,3H)-pyrimidinedione",excluded,103,103,0.1538461595773697,985,473798-59-3
EPA,313,140-56-7,Fenaminosulf (Ref: BAY 5027),excluded,103,103,0.18518517911434174,398,23422-53-9
EPA,314,2032-59-9,"4-(Dimethylamino)-3-methylphenol, Methylcarbamate (ester)",excluded,103,103,0.47826087474823,398,23422-53-9
EPA,315,3100-04-7,1-methylcyclopropene,excluded,103,103,0.17391304671764374,512,10004-44-1
EPA,316,13929-18-5,Medlure,excluded,103,103,0.21568627655506134,793,95266-40-3
EPA,317,66215-27-8,"N-Cyclopropyl-1,3,5-triazine-2,4,6-triamine",excluded,103,103,0.1315789520740509,690,53112-28-0
EPA,318,1982-47-4,Chloroxuron (Ref: C 1983),excluded,103,103,0.39534884691238403,371,2164-17-2
EPA,319,119-38-0,"N,N-dimethylcarbamic acid 3-methyl-1-(1-methylethyl)-1H-pyrazol-5-yl ester",excluded,103,103,0.3636363744735718,437,23103-98-2
EPA,320,1582-09-8,"2,6-Dinitro-N,N-dipropyl-4-(trifluoromethyl)benzenamine",excluded,103,103,0.529411792755127,668,62924-70-3
EPA,321,490-10-8,Nepetalactone,excluded,103,103,0.18918919563293457,512,10004-44-1
EPA,322,953-17-3,Methyl trithion,excluded,103,103,0.239130437374115,454,28249-77-6
EPA,323,9006-42-2,Metiram (Ref: BAS 222F),excluded,103,103,0.09090909361839294,804,374726-62-2
EPA,324,2439-01-2,"6-Methyl-1,3-dithiolo[4,5-b]quinoxalin-2-one",excluded,103,103,0.2222222238779068,512,10004-44-1
EPA,325,93-75-4,"1,3-Dithiolo[4,5-b]quinoxaline-2-thione",excluded,103,103,0.21739129722118378,729,120928-09-8
EPA,326,12427-38-2,"[[2-[(Dithiocarboxy)amino]ethyl]carbamodithioato(2-)-kappaS,kappaS']manganese",excluded,103,103,0.10000000149011612,440,1071-83-6
EPA,327,141-66-2,"Phosphoric acid, (1E)-3-(Dimethylamino)-1-methyl-3-oxo-1-propen-1-yl dimethyl ester",excluded,103,103,0.19565217196941376,92,121-75-5
EPA,328,12122-67-7,Zineb (Ref: ENT 14874),excluded,103,103,0.10000000149011612,440,1071-83-6
EPA,329,144-21-8,"Methylarsonic acid, Disodium salt",excluded,103,103,0.095238097012043,632,39148-24-8
EPA,330,8030-53-3,Gibberellins,excluded,103,103,0.16249999403953552,592,283594-90-1
EPA,331,124-58-3,Methylarsonic acid,excluded,103,103,0.10810811072587967,799,129909-90-6
EPA,332,2655-14-3,XMC (Ref: H 69),excluded,103,103,0.4285714328289032,398,23422-53-9
EPA,333,1746-81-2,Monolinuron (Ref: HOE 002747),excluded,103,103,0.31111112236976624,371,2164-17-2
EPA,334,19408-46-9,Kasugamycin hydrochloride hydrate,excluded,103,103,0.16393442451953888,793,95266-40-3
EPA,335,1918-02-1,"4-Amino-3,5,6-trichloro-2-pyridinecarboxylic acid",excluded,103,103,0.28070175647735596,1030,1390661-72-9
EPA,336,1014-69-3,Desmetryn (Ref: G 34360),excluded,103,103,0.1666666716337204,658,97886-45-8
EPA,337,959-98-8,Alpha-endosulfan,excluded,103,103,0.13953489065170288,149,133-06-2
EPA,338,957-51-7,Diphenamid (Ref: L 34314),excluded,103,103,0.3333333432674408,65,1918-16-7
EPA,339,52-85-7,"O-[4[(Dimethylamino)sulfonyl]phenyl]O,O-dimethylester phosphorothioic acid",excluded,103,103,0.19298245012760162,817,120116-88-3
EPA,340,2385-85-5,"1,1a,2,2,3,3a,4,5,5,5a,5b,6-Dodecachlorooctahydro-1,3,4-metheno-1H-cyclobuta[cd]pentalene",excluded,103,103,0.06060606241226196,65,1918-16-7
EPA,341,2425-06-1,Captafol (Ref: Ortho-5865),excluded,103,103,0.6875,149,133-06-2
EPA,342,133-90-4,Chloramben (Ref: ACP M-629),excluded,103,103,0.2380952388048172,190,94-74-6
EPA,343,1929-82-4,2-Chloro-6-(trichloromethyl)pyridine,included,103,102,0.22580644488334656,75,98-01-1
EPA,344,1689-83-4,Ioxynil (Ref: ACP 63-303),excluded,103,103,0.5199999809265137,396,1689-84-5
EPA,345,116-06-3,2-Methyl-2-(methylthio)propanol O-[(methylamino)carbonyl]oxime,excluded,103,103,0.23076923191547394,398,23422-53-9
EPA,346,470-90-6,"Phosphoric acid, 2-Chloro-1-(2,4-dichlorophenyl)ethenyl diethyl ester",excluded,103,103,0.26923078298568726,190,94-74-6
EPA,347,947-02-4,"1,3-Dithiolan-2-ylidenephosphoramidic acid diethyl ester",excluded,103,103,0.19148936867713928,793,95266-40-3
EPA,348,1861-32-1,Chlorthal-dimethyl (Ref: DAC 893),excluded,103,103,0.32258063554763794,35,1918-00-9
EPA,349,18181-80-1,Bromopropylate (Ref: GS 19851),excluded,103,103,0.22448979318141937,799,129909-90-6
EPA,350,122-10-1,"3-[(Dimethoxyphosphinyl)oxy]-2-pentenedioic acid, Dimethyl ester",excluded,103,103,0.21276596188545227,92,121-75-5
EPA,351,115-90-2,"Phosphorothioic acid, O,O-Diethyl O(4-methylsulfinyl)phenyl)ester",excluded,103,103,0.1875,916,129558-76-5
EPA,352,1918-13-4,Chlorthiamid (Ref: WL 5792.),excluded,103,103,0.2647058963775635,35,1918-00-9
EPA,353,5915-41-3,Terbuthylazine,excluded,103,103,0.1666666716337204,534,55219-65-3
EPA,354,8018-01-7,Mancozeb,excluded,103,103,0.09677419066429138,440,1071-83-6
EPA,355,1563-66-2,"2,3-Dihydro-2,2-dimethyl-7-benzofuranol 7-(N-methylcarbamate)",excluded,103,103,0.4545454680919647,33,63-25-2
EPA,356,2797-51-5,Quinoclamine,excluded,103,103,0.24444444477558136,737,57960-19-7
EPA,357,841-06-5,Methoprotryne (Ref: G 36393),excluded,103,103,0.17741934955120087,840,163515-14-8
EPA,358,23135-22-0,2-(Dimethylamino)-N-[[(methylamino)carbonyl]oxy]-2-oxo-ethanimidothioic acid methyl ester,excluded,103,103,0.3333333432674408,551,59669-26-0
EPA,359,327-98-0,"O-Ethyl O-(2,4,5-trichlorophenyl)ester ethylphosphonothioic acid",excluded,103,103,0.23333333432674408,509,42874-03-3
EPA,360,6923-22-4,Monocrotophos (Ref: ENT 27129),excluded,103,103,0.18867924809455872,398,23422-53-9
EPA,361,2921-88-2,"Phosphorothioic acid, O,O-Diethyl O-(3,5,6-trichloro-2-pyridinyl) ester",excluded,103,103,0.190476194024086,509,42874-03-3
EPA,362,1114-71-2,Pebulate (Ref: R 2061),excluded,103,103,0.3333333432674408,454,28249-77-6
EPA,363,51235-04-2,"3-Cyclohexyl-6-(dimethylamino)-1-methyl-1,3,5-triazine-2,4-(1H,3H)dione",excluded,103,103,0.15094339847564697,437,23103-98-2
EPA,364,13360-45-7,Chlorbromuron (Ref: C6313),excluded,103,103,0.3265306055545807,371,2164-17-2
EPA,365,7696-12-0,Tetramethrin (Ref: ENT 27339),excluded,103,103,0.35483869910240173,1012,609346-29-4
EPA,366,16752-77-5,N-[[(Methylamino)carbonyl]oxy]ethanimidothioic acid methyl ester,excluded,103,103,0.5161290168762207,551,59669-26-0
EPA,367,2631-37-0,3-methyl-5-(1-methylethyl)phenol 1-(N-methylcarbamate)  ,excluded,103,103,0.36734694242477417,398,23422-53-9
EPA,368,741-58-2,Bensulide (Ref: R 4461),excluded,103,103,0.27450981736183167,65,1918-16-7
EPA,369,7700-17-6,(2E)-3-[(Dimethoxyphosphinyl)oxy]-2-butenoic acid 1-phenylethyl ester,excluded,103,103,0.24637681245803833,250,65731-84-2
EPA,370,1113-02-6,"O,O-Dimethyl S-[2-(methylamino)-2-oxoethyl ester phosphorothioic acid",excluded,103,103,0.23255814611911774,92,121-75-5
EPA,371,2164-17-2,"N,N-Dimethyl-N'-[3-(trifluoromethyl)phenyl]urea",included,103,102,0.3333333432674408,136,13684-63-4
EPA,372,3060-89-7,Metobromuron (Ref: C 3216),excluded,103,103,0.31111112236976624,371,2164-17-2
EPA,373,21293-29-8,S-abscisic acid,excluded,103,103,0.17241379618644714,793,95266-40-3
EPA,374,1085-98-9,"1,1-Dichloro-N-[(dimethylamino)sulfonyl]-1-fluoro-N-phenylmethanesulfenamide",excluded,103,103,0.2888889014720917,65,1918-16-7
EPA,375,6164-98-3,Chlordimeform (Ref: ENT 27335),excluded,103,103,0.3095238208770752,190,94-74-6
EPA,376,2212-67-1,Molinate (Ref: OMS 1373),excluded,103,103,0.190476194024086,454,28249-77-6
EPA,377,14698-29-4,Oxolinic acid,excluded,103,103,0.23880596458911896,813,243973-20-8
EPA,378,23184-66-9,Butachlor (Ref: CP 53619),excluded,103,103,0.6590909361839294,119,34256-82-1
EPA,379,22224-92-6,(1-Methylethyl)phosphoramidic acid ethyl-3-methyl-4-(methylthio)phenyl ester,excluded,103,103,0.2142857164144516,734,122008-85-9
EPA,380,22248-79-9,"Phosphoric acid (1Z)-2-chloro-1-(2,4,5-trichlorophenyl)ethenyl dimethyl ester",excluded,103,103,0.22727273404598236,35,1918-00-9
EPA,381,13121-70-5,Tricyclohexylhydroxystannane,excluded,103,103,0.10000000149011612,187,2312-35-8
EPA,382,4466-14-2,Pyrethrins (jasmolin I),excluded,103,103,0.30434781312942505,1012,609346-29-4
EPA,383,22259-30-9,Formetanate (Ref: SN 36056),excluded,103,103,0.9729729890823364,398,23422-53-9
EPA,384,3878-19-1,Fuberidazole,excluded,103,103,0.2432432472705841,75,98-01-1
EPA,385,1172-63-0,Pyrethrins (jasmolin II),excluded,103,103,0.2876712381839752,1012,609346-29-4
EPA,386,51338-27-3,Diclofop-methyl (Ref: HOE 023408),excluded,103,103,0.4237288236618042,734,122008-85-9
EPA,387,5234-68-4,"5,6-Dihydro-2-methyl-N-phenyl-1,4-oxathiin-3-carboxamide",included,103,102,0.30612245202064514,222,51707-55-2
EPA,388,10605-21-7,N-1H-Benzimidazol-2-yl carbamic acid methyl ester,excluded,103,103,0.30612245202064514,136,13684-63-4
EPA,389,18181-70-9,"Phosphorothioic acid, O-(2,5-Dichloro-4-iodophenyl) O,O-dimethyl ester",excluded,103,103,0.1818181872367859,35,1918-00-9
EPA,390,944-22-9,"Ethylphosphonodithioic acid, O-Ethyl S-phenyl ester",excluded,103,103,0.20454545319080353,65,1918-16-7
EPA,391,3813-05-6,Benazolin (Ref: RD 7693),excluded,103,103,0.23999999463558197,190,94-74-6
EPA,392,17375-41-6,"Sulfuric acid, Iron(2+) salt(1:1), Monohydrate",excluded,103,103,0.095238097012043,817,120116-88-3
EPA,393,1079-33-0,"Benzo[b]thiophene-4-ol, 4-(N-methylcarbamate)",excluded,103,103,0.5789473652839661,33,63-25-2
EPA,394,886-50-0,Terbutryn (Ref: GS 14260),excluded,103,103,0.171875,856,162650-77-3
EPA,395,3740-92-9,Fenclorim (Ref: CGA 123407),excluded,103,103,0.29032257199287415,343,1929-82-4
EPA,396,1689-84-5,"3,5-Dibromo-4-hydroxybenzonitrile",included,103,102,0.20000000298023224,734,122008-85-9
EPA,397,6988-21-2,"2-(1,3-Dioxolan-2-yl)phenol 1-(N-methylcarbamate)",excluded,103,103,0.4878048896789551,33,63-25-2
EPA,398,23422-53-9,"N,N-Dimethyl-N'-[3[[(methylamino)carbonyl]oxy]phenyl]methanimidamide hydrochloride (1:1)",included,103,102,0.4000000059604645,136,13684-63-4
EPA,399,14959-86-5,Looplure (Ref: ENT 33266),excluded,103,103,0.31578946113586426,34,2439-10-3
EPA,400,5902-51-2,"5-Chloro-3-(1,1-dimethylethyl)-6-methyl-2,4(1H,3H)-pyrimidinedione",excluded,103,103,0.23076923191547394,681,96489-71-3
EPA,401,3691-35-8,Chlorophacinone (Ref: LM 91),excluded,103,103,0.27272728085517883,874,188425-85-6
EPA,402,4234-79-1,Kelevan (Ref: GC-9160),excluded,103,103,0.25,92,121-75-5
EPA,403,14143-55-6,Picloram-methyl,excluded,103,103,0.3333333432674408,1030,1390661-72-9
EPA,404,101-05-3,Anilazine (Ref: ENT 26 058),excluded,103,103,0.3055555522441864,690,53112-28-0
EPA,405,23564-05-8,"N,N'-[1,2-Phenylenebis(iminocarbonothioyl)]bis-C,C'- dimethyl ester carbamic acid",excluded,103,103,0.3181818127632141,136,13684-63-4
EPA,406,1646-88-4,Aldoxycarb,excluded,103,103,0.22641509771347046,398,23422-53-9
EPA,407,1689-99-2,"Octanoic acid, 2,6-Dibromo-4-cyanophenyl ester",excluded,103,103,0.375,396,1689-84-5
EPA,408,37248-47-8,Validamycin A,excluded,103,103,0.10447761416435242,149,133-06-2
EPA,409,5259-88-1,Oxycarboxin (Ref: F 461),excluded,103,103,0.5333333611488342,387,5234-68-4
EPA,410,17040-19-6,"S-[2-(Ethylsulfonyl)ethyl]O,O-dimethyl ester phosphorothioic acid",excluded,103,103,0.20930232107639313,92,121-75-5
EPA,411,3337-71-1,Asulam (Ref: M&B 9057),excluded,103,103,0.25,136,13684-63-4
EPA,412,23564-06-9,Thiophanate,excluded,103,103,0.2888889014720917,33,63-25-2
EPA,413,175217-20-6,Silthiofam (Ref: MON 65500),excluded,103,103,0.19298245012760162,387,5234-68-4
EPA,414,19937-59-8,Metoxuron (Ref: SAN 6915H),excluded,103,103,0.4318181872367859,371,2164-17-2
EPA,415,17781-31-6,"alpha, alpha-bis(4-Chlorophenyl)-3-pyridinemethanol",excluded,103,103,0.25925925374031067,630,88671-89-0
EPA,416,1982-49-6,N-(2-Methylcyclohexyl)-N'-phenylurea,excluded,103,103,0.3478260934352875,222,51707-55-2
EPA,417,1928-43-4,"2-(2,4-Dichlorophenoxy)acetic acid, 2-Ethylhexyl ester",excluded,103,103,0.38461539149284363,190,94-74-6
EPA,418,14816-18-3,"4-Ethoxy-7-phenyl-3,5-dioxa-6-aza-4-phosphaoct-6-ene-8-nitrile 4-sulfide",excluded,103,103,0.21568627655506134,65,1918-16-7
EPA,419,7287-36-7,Monalide (Ref: SN 35830),excluded,103,103,0.3571428656578064,454,28249-77-6
EPA,420,21087-64-9,Metribuzin (Ref: DPX G2504),excluded,103,103,0.22448979318141937,799,129909-90-6
EPA,421,1134-23-2,Cyclohexylethylcarbamothioic acid S-ethyl ester,excluded,103,103,0.2380952388048172,454,28249-77-6
EPA,422,4824-78-6,Bromophos-ethyl (Ref: SHG-2225),excluded,103,103,0.2063492089509964,509,42874-03-3
EPA,423,18691-97-9,Methabenzthiazuron (Ref: BAY 74283 ),excluded,103,103,0.2708333432674408,33,63-25-2
EPA,424,2545-60-0,"4-Amino-3,5,6-trichloro-2-pyridinecarboxylic acid, Potassium salt (1:1)",excluded,103,103,0.25,1030,1390661-72-9
EPA,425,8065-62-1,"O,O-Dimethyl O-[2-(methylthio)ethyl]ester phosphorothioic acid mixt. with O,O-dimethyl S-[2-(methylthio)ethyl]phosphorothioate",excluded,103,103,0.20408163964748383,92,121-75-5
EPA,426,21725-46-2,Cyanazine,excluded,103,103,0.22413793206214905,630,88671-89-0
EPA,427,19044-88-3,Oryzalin (Ref: EL 119),excluded,103,103,0.3166666626930237,668,62924-70-3
EPA,428,51276-47-2,Glufosinate (Ref: HOE 00661),excluded,103,103,0.3333333432674408,480,38641-94-0
EPA,429,13684-56-5,"N-[3-[[(Phenylamino)carbonyl]oxy]phenyl]carbamic acid, Ethyl ester",excluded,103,103,0.6190476417541504,136,13684-63-4
EPA,430,25057-89-0,Bentazone,excluded,103,103,0.2295081913471222,985,473798-59-3
EPA,431,3254-63-5,Dimethyl 4-(methylsulfanyl)phenyl phosphate,excluded,103,103,0.18367347121238708,136,13684-63-4
EPA,432,77182-82-2,Glufosinate-ammonium (Ref: HOE 039866),excluded,103,103,0.28205129504203796,480,38641-94-0
EPA,433,16118-49-3,Carbetamide (Ref: RP 11561),excluded,103,103,0.3125,222,51707-55-2
EPA,434,13457-18-6,"2-[(Diethoxyphosphinothionyl)oxy]-5-methylpyrazolo[1,5-a]pyrimidine-6-carboxylic acid ethyl ester",excluded,103,103,0.21666666865348816,92,121-75-5
EPA,435,27519-02-4,Muscalure,excluded,103,103,0.2666666805744171,34,2439-10-3
EPA,436,4301-50-2,"2-Fluoroethyl ([1,1'-biphenyl]-4-yl)acetate",excluded,103,103,0.26153847575187683,914,180409-60-3
EPA,437,23103-98-2,Pirimicarb (Ref: OMS 1330),included,103,102,0.2063492089509964,756,213464-77-8
EPA,438,11141-17-6,"2aR,3S,4S,4aR,5S,7aS,8S,10R,10aS,10bR)-10-(Acetyloxy)octahydro-3,5-dihydroxy-4-methyl-8-[[(2E)-2-methyl-1-oxo-2-buten-1-yl]oxy]-4-[(1aR,2S,3aS,6aS,7S,7aS)-3a,6a,7,7a-tetrahydro-6a-hydroxy-7a-methyl-2,7-methanofuro[2,3-b]oxireno[e]oxepin-1a(2H)-yl]-1H,7H-naptho[1,8-bc:4,4a-c']difuran-5,10a(8H)-dicarboxylic acid 5-10a-dimethyl ester",excluded,103,103,0.1456310749053955,187,2312-35-8
EPA,439,3572-06-3,4-[4-(Acetyloxy)phenyl]-2-butanone,excluded,103,103,0.2978723347187042,737,57960-19-7
EPA,440,1071-83-6,N-(Phosphonomethyl)glycine,included,103,102,0.7599999904632568,480,38641-94-0
EPA,441,29232-93-7,"O-[2-(Diethylamino)-6-methyl-4-pyrimidinyl]O,O-dimethyl ester, Phosphorothioic acid",excluded,103,103,0.18867924809455872,92,121-75-5
EPA,442,10265-92-6,"Phosphoramidothioic acid, O,S-Dimethyl ester",excluded,103,103,0.21621622145175934,92,121-75-5
EPA,443,19666-30-9,"3-[2,4-Dichloro-5-(1-methylethoxy)phenyl]-5-(1,1-dimethylethyl)-1,3,4-oxadiazol-2(3H)-one",excluded,103,103,0.22077922523021698,805,129630-19-9
EPA,444,8001-35-2,Camphechlor (Ref: Hercules 3956),excluded,103,103,0.09638553857803345,1004,1031756-98-5
EPA,445,33820-53-0,Isopropalin (Ref: EL-179),excluded,103,103,0.32758620381355286,668,62924-70-3
EPA,446,24017-47-8,Triazophos (Ref: HOE 002960 ),excluded,103,103,0.2142857164144516,173,175013-18-0
EPA,447,23950-58-5,Propyzamide (Ref: RH 315),excluded,103,103,0.20895522832870483,804,374726-62-2
EPA,448,22781-23-3,"2,2-Dimethyl-1,3-benzodioxol-4-ol 4-(N-methylcarbamate)",excluded,103,103,0.4761904776096344,33,63-25-2
EPA,449,23505-41-1,"Phosphorothioic acid O-[2-(diethylamino)-6-methyl-4-pyrimidinyl] O,O-diethyl ester",excluded,103,103,0.18367347121238708,690,53112-28-0
EPA,450,15545-48-9,Chlorotoluron (Ref: C 2242),excluded,103,103,0.46341463923454285,371,2164-17-2
EPA,451,40642-40-8,8-dodecenol,excluded,103,103,0.1944444477558136,34,2439-10-3
EPA,452,15299-99-7,Napropamide (Ref: R 7465),excluded,103,103,0.44186046719551086,33,63-25-2
EPA,453,1646-87-3,2-Methyl-2-(methylsulfinyl)propanal O-[(methylamino)carbonyl]oxime,excluded,103,103,0.22641509771347046,398,23422-53-9
EPA,454,28249-77-6,"N,N-Diethylcarbamothioic acid S-[(4-chlorophenyl)methyl] ester",included,103,102,0.2666666805744171,190,94-74-6
EPA,455,35367-38-5,Diflubenzuron (Ref: OMS 1804),excluded,103,103,0.5869565010070801,622,86479-06-3
EPA,456,25939-05-3,"Benzoyl chloride, (2,4,6-Trichlorophenyl)hydrazone",excluded,103,103,0.24444444477558136,190,94-74-6
EPA,457,2828-42-4,Proximpham,excluded,103,103,0.3333333432674408,136,13684-63-4
EPA,458,3478-94-2,Piperalin (Ref: HSDB 7058),excluded,103,103,0.23376622796058655,1030,1390661-72-9
EPA,459,5598-13-0,"O,O-Dimethyl O-(3,5,6-trichloro-2-pyridinyl) ester phosphorothioic acid",excluded,103,103,0.1964285671710968,995,688046-61-9
EPA,460,1593-77-7,Dodemorph,excluded,103,103,0.125,187,2312-35-8
EPA,461,33245-39-5,Fluchloralin (Ref: BAS 392H),excluded,103,103,0.5090909004211426,668,62924-70-3
EPA,462,33629-47-9,"4-(1,1-Dimethylethyl)-N-(1-methylpropyl)-2,6-dinitrobenzenamine",excluded,103,103,0.4444444477558136,90,40487-42-1
EPA,463,132-67-2,2-[(1-Naphthalenylamino)carbonyl]benzoic acid sodium salt (1:1),excluded,103,103,0.3333333432674408,33,63-25-2
EPA,464,38363-29-0,(E)-dodec-8-enyl acetate,excluded,103,103,0.28205129504203796,34,2439-10-3
EPA,465,33956-49-9,Codlemone (Ref: BAS 2851),excluded,103,103,0.125,34,2439-10-3
EPA,466,39196-18-4,"3,3-Dimethyl-1-(methylthio)-2-butanone O-[(methylamino)carbonyl]oxime",excluded,103,103,0.239130437374115,33,63-25-2
EPA,467,1193-18-6,Methyl cyclohexenone,excluded,103,103,0.20000000298023224,512,10004-44-1
EPA,468,41096-46-2,Hydroprene (Ref: OMS 1696),excluded,103,103,0.20370370149612427,92,121-75-5
EPA,469,40596-69-8,Methoprene (Ref: OMS 1697),excluded,103,103,0.17741934955120087,799,129909-90-6
EPA,470,35554-44-0,"1-[2-(2,4-Dichlorophenyl)-2-(2-propenyloxy)ethyl]-1H-imidazole",excluded,103,103,0.2153846174478531,534,55219-65-3
EPA,471,42576-02-3,Bifenox,excluded,103,103,0.44999998807907104,509,42874-03-3
EPA,472,4147-51-7,Dipropetryn (Ref: GC 16068),excluded,103,103,0.17499999701976776,690,53112-28-0
EPA,473,27314-13-2,Norflurazon (Ref: H 52143),excluded,103,103,0.30909091234207153,371,2164-17-2
EPA,474,18854-01-8,Isoxathion (Ref: SL 6711),excluded,103,103,0.2068965584039688,614,95737-68-1
EPA,475,318290-98-1,"5-Chloro-2-(3,4,4-trifluorobut-3-ene-1-sulfonyl)-1,3-thiazole",included,103,102,0.20338982343673706,845,210880-92-5
EPA,476,6894-38-8,Jasmonic acid,excluded,103,103,0.2549019753932953,793,95266-40-3
EPA,477,68157-60-8,N-(2-Chloro-4-pyridinyl)-N'-phenylurea  ,excluded,103,103,0.4285714328289032,222,51707-55-2
EPA,478,121-20-0,Pyrethrins (cinerin II),excluded,103,103,0.30985915660858154,1012,609346-29-4
EPA,479,25402-06-6,Pyrethrins (cinerin I),excluded,103,103,0.3283582031726837,1012,609346-29-4
EPA,480,38641-94-0,N-(Phosphonomethyl)glycine compd. with 2-propanamine (1:1),included,103,102,0.7599999904632568,440,1071-83-6
EPA,481,55720-26-8,Aviglycine-HCl (Ref: ABG 3097),excluded,103,103,0.2142857164144516,480,38641-94-0
EPA,482,28401-39-0,Frontalin,excluded,103,103,0.17391304671764374,809,126833-17-8
EPA,483,55283-68-6,"N-Ethyl-N-(2-methyl-2-propenyl)-2,6-dinitro-4-(trifluoromethyl)benzenamine",excluded,103,103,0.5272727012634277,668,62924-70-3
EPA,484,33693-04-8,Terbumeton (Ref: GS 14259),excluded,103,103,0.19402985274791718,923,422556-08-9
EPA,485,56717-11-4,Piproctanyl bromide (Ref: ACR-1222),excluded,103,103,0.11428571492433548,985,473798-59-3
EPA,486,34014-18-1,"N-[5-(1,1-Dimethylethyl)-1,3,4-thiadiazol-2-yl]-N,N'-dimethylurea",excluded,103,103,0.20967741310596466,730,142459-58-3
EPA,487,54815-06-4,Multistriatin,excluded,103,103,0.19230769574642181,787,118134-30-8
EPA,488,29973-13-5,2-[(Ethylthio)methyl]phenol 1-(N-methylcarbamate),excluded,103,103,0.5249999761581421,33,63-25-2
EPA,489,335104-84-2,Tembotrione (Ref: AE 0172747),excluded,103,103,0.2195121943950653,857,156963-66-5
EPA,490,12071-83-9,Propineb (Ref: BAY 46131),excluded,103,103,0.1463414579629898,480,38641-94-0
EPA,491,11104-05-5,Grandlure (Ref: SHA 112401),excluded,103,103,0.1599999964237213,809,126833-17-8
EPA,492,13516-27-3,Guazatine (Ref: EM 379),excluded,103,103,0.46666666865348816,34,2439-10-3
EPA,493,39515-41-8,Fenpropathrin (Ref: OMS 1999),excluded,103,103,0.6851851940155029,250,65731-84-2
EPA,494,71899-16-6,Lineatin,excluded,103,103,0.13333334028720856,833,125116-23-6
EPA,495,120068-37-3,"5-Amino-1-[2,6-dichloro-4-(trifluoromethyl)phenyl]-4-[(trifluoromethyl)sulfinyl]-1H-pyrazole-3-carbonitrile",included,103,102,0.2361111044883728,668,62924-70-3
EPA,496,59756-60-4,1-Methyl-3-phenyl-5-[3-(trifluoromethyl)phenyl]-4(1H)pyridinone,excluded,103,103,0.3265306055545807,371,2164-17-2
EPA,497,12771-68-5,alpha-Cyclopropyl-alpha-(4-methoxyphenyl)-5-pyrimidinemethanol,excluded,103,103,0.20967741310596466,187,2312-35-8
EPA,498,41394-05-2,Metamitron (Ref: BAY DRW 1139),excluded,103,103,0.23076923191547394,838,161326-34-7
EPA,499,42588-37-4,Kinoprene,excluded,103,103,0.1944444477558136,734,122008-85-9
EPA,500,103055-07-8,Lufenuron (Ref: CGA 184699),excluded,103,103,0.6071428656578064,622,86479-06-3
EPA,501,66841-25-6,"2,2-Dimethyl-3-(1,1,2,2-tetrabromoethyl)cyclopropanecarboxylic acid cyano(3-phenoxyphenyl)methyl ester",excluded,103,103,0.6666666865348816,250,65731-84-2
EPA,502,90982-32-4,"2-[[[[(4-Chloro-6-methoxy-2-pyrimidinyl)amino]carbonyl]amino]sulfonyl]benzoic acid, Ethyl ester",excluded,103,103,0.5230769515037537,761,122548-33-8
EPA,503,94361-06-5,"alpha-(4-Chlorophenyl)-alpha-(1-cyclopropylethyl)-1H-1,2,4-triazole-1-ethanol",excluded,103,103,0.45614033937454224,630,88671-89-0
EPA,504,60168-88-9,alpha-(2-Chlorophenyl)-alpha-(4-chlorophenyl)-5-pyrimidinemethanol,excluded,103,103,0.290909081697464,522,76674-21-0
EPA,505,6062-26-6,4-(4-Chloro-2-methylphenoxy)butanoic acid sodium salt (1:1),excluded,103,103,0.574999988079071,190,94-74-6
EPA,506,3547-33-9,2-(Octylsulfanyl)ethan-1-ol,excluded,103,103,0.2647058963775635,34,2439-10-3
EPA,507,35400-43-2,Sulprofos (Ref: NTN 9306),excluded,103,103,0.21153846383094788,92,121-75-5
EPA,508,658066-35-4,N-[2-[3-Chloro-5-(trifluoromethyl)-2-pyridinyl]ethyl]-2-(trifluoromethyl)benzamide,excluded,103,103,0.2666666805744171,371,2164-17-2
EPA,509,42874-03-3,2-Chloro-1-(3-ethoxy-4-nitrophenoxy)-4-(trifluoromethyl)benzene,included,103,102,0.35820895433425903,668,62924-70-3
EPA,510,51630-58-1,4-Chloro-alpha-(1-methylethyl)benzeneacetic acid cyano(3-phenoxyphenyl)methyl ester,excluded,103,103,0.5322580933570862,250,65731-84-2
EPA,511,122453-73-0,4-Bromo-2-(4-chlorophenyl)-1-(ethoxymethyl)-5-(trifluoromethyl)-1H-pyrrole-3-carbonitrile,excluded,103,103,0.25757575035095215,943,81052-29-1
EPA,512,10004-44-1,5-Methyl-3(2H)-isoxazolone,included,103,102,0.17499999701976776,190,94-74-6
EPA,513,52508-35-7,"2,3:4,6-bis-O-(1-Methylethylidene)-alpha-L-xylo-2-hexulofuranosonic acid, Sodium salt",excluded,103,103,0.1315789520740509,857,156963-66-5
EPA,514,50471-44-8,Vinclozolin (Ref: BAS 352F),excluded,103,103,0.19512194395065308,512,10004-44-1
EPA,515,1702-17-6,"3,6-Dichloro-2-pyridinecarboxylic acid",excluded,103,103,0.3636363744735718,35,1918-00-9
EPA,516,36734-19-7,"3-(3,5-Dichlorophenyl)-N-(1-methylethyl)-2,4-dioxo-1-imidazolidinecarboxamide",excluded,103,103,0.22499999403953552,1004,1031756-98-5
EPA,517,32809-16-8,Procymidone (Ref: S 7131),excluded,103,103,0.19607843458652496,838,161326-34-7
EPA,518,63284-71-9,Nuarimol (Ref: EL 228),excluded,103,103,0.37735849618911743,522,76674-21-0
EPA,519,1757-18-2,Akton,excluded,103,103,0.25,190,94-74-6
EPA,520,52918-63-5,"(1R,3R)-3-(2,2-Dibromoethenyl)-2,2-dimethylcyclopropanecarboxylic acid (S)cyano(3-phenoxyphenyl)methyl ester",excluded,103,103,0.8518518805503845,250,65731-84-2
EPA,521,41083-11-8,Azocyclotin (Ref: BAY BUE 1452),excluded,103,103,0.2068965584039688,833,125116-23-6
EPA,522,76674-21-0,Flutriafol (Ref: PP 450),included,103,102,0.37931033968925476,630,88671-89-0
EPA,523,50563-36-5,Dimethachlor (Ref: CGA 17020),excluded,103,103,0.5333333611488342,119,34256-82-1
EPA,524,34123-59-6,Isoproturon (Ref: HOE 16410),excluded,103,103,0.42500001192092896,371,2164-17-2
EPA,525,57646-30-7,Furalaxyl (Ref: IPE 134),excluded,103,103,0.35087719559669495,530,51218-45-2
EPA,526,14214-32-5,Difenoxuron (Ref: C3470),excluded,103,103,0.4047619104385376,371,2164-17-2
EPA,527,2631-40-5,Isoprocarb (Ref: OMS 32),excluded,103,103,0.5555555820465088,33,63-25-2
EPA,528,53780-34-0,Mefluidide (Ref: MBR 12325),excluded,103,103,0.29230770468711853,736,272451-65-7
EPA,529,38421-90-8,(E)-dec-5-enyl acetate,excluded,103,103,0.28947368264198303,34,2439-10-3
EPA,530,51218-45-2,2-Chloro-N-(2-ethyl-6-methylphenyl)-N-(2-methoxy-1-methylethyl)acetamide,included,103,102,0.6041666865348816,840,163515-14-8
EPA,531,41198-08-7,O-(4-bromo-2-chlorophenyl) O-ethyl S-propyl ester phosphorothioic acid,excluded,103,103,0.23529411852359772,509,42874-03-3
EPA,532,35367-31-8,"2,6-Difluoro-N-[[[4-(trifluoromethyl)phenyl]amino]carbonyl]benzamide",excluded,103,103,0.5510203838348389,622,86479-06-3
EPA,533,41814-78-2,Tricyclazole (Ref: EL 291),excluded,103,103,0.19607843458652496,747,135158-54-2
EPA,534,55219-65-3,"beta-(4-Chlorophenoxy)-alpha-(1,1-dimethylethyl)-1H-1,2,4-triazole-1-ethanol",included,103,102,0.39344263076782227,1019,1417782-03-6
EPA,535,25954-13-6,P-(Aminocarbonyl)phosphonic acid monoethyl ester ammonium salt (1:1),excluded,103,103,0.24390244483947754,92,121-75-5
EPA,536,64628-44-0,Triflumuron (Ref: OMS 2015),excluded,103,103,0.4285714328289032,622,86479-06-3
EPA,537,55179-31-2,Bitertanol (Ref: KWG 0599),excluded,103,103,0.7333333492279053,534,55219-65-3
EPA,538,29091-21-2,"2,6-Dinitro-N1,N1-dipropyl-4-(trifluoromethyl)-1,3-benzenediamine",excluded,103,103,0.3492063581943512,668,62924-70-3
EPA,539,2227-17-0,Dienochlor (Ref: SAN 804),excluded,103,103,0.11999999731779099,751,178928-70-6
EPA,540,57837-19-1,"N-(2,6-Dimethylphenyl)-N-(methoxyacetyl)alanine methyl ester",excluded,103,103,0.46000000834465027,530,51218-45-2
EPA,541,59682-52-9,Fosamine (Ref: DPX 1108),excluded,103,103,0.25641027092933655,92,121-75-5
EPA,542,55512-33-9,Pyridate (Ref: CL 11344),excluded,103,103,0.29032257199287415,737,57960-19-7
EPA,543,70124-77-5,Flucythrinate (Ref: OMS 2007),excluded,103,103,0.4848484992980957,250,65731-84-2
EPA,544,24307-26-4,Mepiquat chloride (Ref: BAS 083W),excluded,103,103,0.095238097012043,809,126833-17-8
EPA,545,142-71-2,Copper II acetate,excluded,103,103,0.1785714328289032,34,2439-10-3
EPA,546,67747-09-5,Prochloraz (Ref: BTS 40542),excluded,103,103,0.30985915660858154,1018,1228284-64-7
EPA,547,51596-11-3 (MA4),Milbemectin (Ref: SL 8601),excluded,103,103,0.12765957415103912,787,118134-30-8
EPA,548,51596-11-3,Milbemycin A4,excluded,103,103,0.1473684161901474,787,118134-30-8
EPA,549,38260-54-7,Etrimfos,excluded,103,103,0.19607843458652496,92,121-75-5
EPA,550,35628-05-8,Ipsenol,excluded,103,103,0.1525423675775528,985,473798-59-3
EPA,551,59669-26-0,"N,N'-[Thiobis[(methylimino)carbonyloxy]]bisethanimidothioic acid dimethyl ester",included,103,102,0.17777778208255768,437,23103-98-2
EPA,552,731-27-1,"1,1-Dichloro-N-[(dimethylamino)sulfonyl]-1-fluoro-N-(4-methylphenyl)methanesulfenamide",excluded,103,103,0.27272728085517883,817,120116-88-3
EPA,553,57966-95-7,2-Cyano-N-[(ethylamino)carbonyl]-2-(methoxyimino)acetamide,excluded,103,103,0.19117647409439087,726,141517-21-7
EPA,554,950-10-7,"N-(4-Methyl-1,3-dithiolan-2-ylidene)phosphoramidic acid diethyl ester",excluded,103,103,0.19230769574642181,793,95266-40-3
EPA,555,180-84-7,"1,7-dioxaspiro(5.5)undecane",excluded,103,103,0.1428571492433548,809,126833-17-8
EPA,556,38083-17-9,Climbazole (Ref: 106162),excluded,103,103,0.4000000059604645,534,55219-65-3
EPA,557,78821-43-9,24-epibrassinolide,excluded,103,103,0.15662650763988495,833,125116-23-6
EPA,558,43222-48-6,Difenzoquat metilsulfate (Ref: AC 84777),excluded,103,103,0.20338982343673706,838,161326-34-7
EPA,559,67306-00-7,Fenpropidin (Ref: CGA 114900),excluded,103,103,0.2884615361690521,729,120928-09-8
EPA,560,24579-73-5,Propamocarb (Ref: SN 39744),excluded,103,103,0.20930232107639313,34,2439-10-3
EPA,561,75736-33-3,Diclobutrazol (Ref: PP296),excluded,103,103,0.5490196347236633,534,55219-65-3
EPA,562,25606-41-1,N-[3-(Dimethylamino)propyl]carbamic acid propyl ester hydrochloride (1:1),excluded,103,103,0.20454545319080353,34,2439-10-3
EPA,563,57213-69-1,Triclopyr-triethylammonium,excluded,103,103,0.3695652186870575,190,94-74-6
EPA,564,2795-39-3,"1,1,2,2,3,3,4,4,5,5,6,6,7,7,8,8,8-Heptadecafluoro-1-octanesulfonic acid potassium salt",excluded,103,103,0.1230769231915474,736,272451-65-7
EPA,565,15263-52-2,Cartap hydrochloride,excluded,103,103,0.2142857164144516,92,121-75-5
EPA,566,58810-48-3,Ofurace (Ref: AE F057623),excluded,103,103,0.3888888955116272,119,34256-82-1
EPA,567,55290-64-7,"2,3-Dihydro-5,6-dimethyl-1,4-dithiin 1,1,4,4-tetraoxide",excluded,103,103,0.14814814925193787,512,10004-44-1
EPA,568,31895-22-4,Thiocyclam oxalate (Ref: SAN 1551),excluded,103,103,0.17777778208255768,793,95266-40-3
EPA,569,39515-40-7,Cyphenothrin (Ref: S 2703),excluded,103,103,0.8679245114326477,250,65731-84-2
EPA,570,40843-25-2,Diclofop (Ref: AE F021079),excluded,103,103,0.3913043439388275,190,94-74-6
EPA,571,69806-50-4,Fluazifop-butyl (Ref: SL 236),excluded,103,103,0.4761904776096344,734,122008-85-9
EPA,572,3861-47-0,Ioxynil octanoate,excluded,103,103,0.296875,734,122008-85-9
EPA,573,34205-21-5,Dimefuron (Ref: RP 23465),excluded,103,103,0.35087719559669495,371,2164-17-2
EPA,574,66063-05-6,Pencycuron (Ref: NTN 19701),excluded,103,103,0.29411765933036804,454,28249-77-6
EPA,575,119-12-0,Pyridafenthion (Ref: ENT 23968)),excluded,103,103,0.21666666865348816,737,57960-19-7
EPA,576,22976-86-9,Polyoxorim,excluded,103,103,0.16483516991138458,813,243973-20-8
EPA,577,35575-96-3,Azamethiphos (Ref: GCA 18809),excluded,103,103,0.22413793206214905,190,94-74-6
EPA,578,24353-61-5,2-[(Aminomethoxyphosphinothioyl)oxy]benzoic acid 1-methylethyl ester,excluded,103,103,0.2549019753932953,33,63-25-2
EPA,579,10552-74-6,Nitrothal-isopropyl (Ref: BAS 300 OOF),excluded,103,103,0.2199999988079071,90,40487-42-1
EPA,580,84332-86-5,Chlozolinate (Ref: M 8164),excluded,103,103,0.24193547666072845,943,81052-29-1
EPA,581,23031-36-9,"2,2-Dimethyl-3-(2-methyl-1-propenyl)cyclopropanecarboxylic acid 2-methyl-4-oxo-3-(2-propynyl)-2-cyclopenten-1-yl ester",excluded,103,103,0.3333333432674408,1012,609346-29-4
EPA,582,57018-04-9,"Phosphorothioic acid O-(2,6-dichloro-4-methylphenyl) O,O-dimethyl ester",excluded,103,103,0.22499999403953552,35,1918-00-9
EPA,583,34681-10-2,Butocarboxim (Ref: Co 755),excluded,103,103,0.2750000059604645,551,59669-26-0
EPA,584,83121-18-0,Teflubenzuron (Ref: CME 13406),excluded,103,103,0.5192307829856873,622,86479-06-3
EPA,585,173584-44-6,"(4aS)-7-Chloro-2,5-dihydro-2-[[(methoxycarbonyl)[4-(trifluoromethoxy)phenyl]amino]carbonyl]indeno[1,2-e][1,3,4]oxadiazine-4a(3H)-carboxylic acid methyl ester",excluded,103,103,0.22340425848960876,710,119446-68-3
EPA,586,79538-32-2,"(1R,3R)-rel-3-[(1Z)-2-Chloro-3,3,3-trifluoro-1-propen-1-yl]-2,2-dimethylcyclopropanecarboxylic acid (2,3,5,6-tetrafluoro-4-methylphenyl)methyl ester",excluded,103,103,0.5357142686843872,1012,609346-29-4
EPA,587,79127-80-3,Fenoxycarb (Ref: OMS 3010),excluded,103,103,0.32692307233810425,614,95737-68-1
EPA,588,105512-06-9,Clodinafop propargyl (Ref: CGA 184927),excluded,103,103,0.42424243688583374,734,122008-85-9
EPA,589,82657-04-3,Bifenthrin (Ref: FMC 54800),excluded,103,103,0.5,219,52645-53-1
EPA,590,69770-45-2,"3-[2-Chloro-2-(4-chlorophenyl)ethenyl]-2,2-dimethylcyclopropanecarboxylic acid cyano(4-fluoro-3-phenoxyphenyl)methyl ester",excluded,103,103,0.641791045665741,250,65731-84-2
EPA,591,74222-97-2,"2-[[[[(4,6-Dimethyl-2-pyrimidinyl)amino]carbonyl]amino]sulfonyl]benzoic acid, Methyl ester",excluded,103,103,0.4262295067310333,756,213464-77-8
EPA,592,283594-90-1,"3,3-Dimethylbutanoic acid 2-oxo-3-(2,4,6-trimethylphenyl)-1-oaxspiro[4.4]non-3-en-4-yl ester",included,103,102,0.26760563254356384,813,243973-20-8
EPA,593,67485-29-4,"Tetrahydro-5,5-dimethyl-2(1H)-pyrimidio[3-[4-trifluoromethyl)phenyl]-1-[2-[4-(trifluoromethyl)phenyl]ethenyl]-2-propenylidene]hydrazone",excluded,103,103,0.2063492089509964,371,2164-17-2
EPA,594,71626-11-4,Benalaxyl (Ref: M 9834),excluded,103,103,0.43396225571632385,530,51218-45-2
EPA,595,49669-74-1,Aviglycine,excluded,103,103,0.2195121943950653,480,38641-94-0
EPA,596,22936-75-0,Dimethametryn (Ref: C 18898),excluded,103,103,0.1818181872367859,856,162650-77-3
EPA,597,74223-56-6,Sulfometuron,excluded,103,103,0.3870967626571655,756,213464-77-8
EPA,598,24151-93-7,Piperophos (Ref: C 19 490),excluded,103,103,0.2641509473323822,92,121-75-5
EPA,599,76578-14-8,Quizalofop-ethyl (Ref: DPX Y6202),excluded,103,103,0.38805970549583435,734,122008-85-9
EPA,600,56578-18-8,5-decenol (Ref: BAS 287 1),excluded,103,103,0.20000000298023224,34,2439-10-3
EPA,601,67527-71-3,Mildiomycin (Ref: AR-1F1870),excluded,103,103,0.17241379618644714,799,129909-90-6
EPA,602,69806-34-4,Haloxyfop (Ref: DOWCO 453),excluded,103,103,0.32307693362236023,509,42874-03-3
EPA,603,72178-02-0,Fomesafen (Ref: PP 021),excluded,103,103,0.6000000238418579,509,42874-03-3
EPA,604,72459-58-6,Triazoxide (Ref: SAS 9244),excluded,103,103,0.19354838132858276,534,55219-65-3
EPA,605,77732-09-3,Oxadixyl (Ref: SAN 371F),excluded,103,103,0.3333333432674408,530,51218-45-2
EPA,606,69377-81-7,Fluroxypyr (Ref: DOW 43304-H),excluded,103,103,0.5400000214576721,715,81406-37-3
EPA,607,67129-08-2,Metazachlor (Ref: BAS 47900H),excluded,103,103,0.4897959232330322,119,34256-82-1
EPA,608,31895-21-3,Thiocyclam,excluded,103,103,0.09756097197532654,437,23103-98-2
EPA,609,2425-20-9,Siglure,excluded,103,103,0.19607843458652496,793,95266-40-3
EPA,610,26225-79-6,"2-Ethoxy-2,3-dihydro-3,3-dimethyl-5-benzofuranol 5-methanesulfonate",excluded,103,103,0.18309858441352844,509,42874-03-3
EPA,611,1820573-27-0,Beta-cyfluthrin (Ref: OMS 3051),excluded,103,103,0.7457627058029175,250,65731-84-2
EPA,612,15302-91-7,Mepiquat,excluded,103,103,0.09756097197532654,809,126833-17-8
EPA,613,83657-24-3,Diniconazole (Ref: XE-779),excluded,103,103,0.38596490025520325,534,55219-65-3
EPA,614,95737-68-1,2-[1-Methyl-2-(4-phenoxyphenoxy)ethoxy]pyridine,included,103,102,0.2153846174478531,219,52645-53-1
EPA,615,71422-67-8,Chlorfluazuron (Ref: CGA 112913),excluded,103,103,0.6315789222717285,622,86479-06-3
EPA,616,94593-79-0,Oxabetrinil (Ref: CGA 92194),excluded,103,103,0.18309858441352844,726,141517-21-7
EPA,617,67564-91-4,"(2R,6S)-rel-4-[3-[4-(1,1-Dimethylethyl)phenyl]-2-methylpropyl]-2,6-dimethylmorpholine  ",excluded,103,103,0.2542372941970825,681,96489-71-3
EPA,618,81335-37-7,Imazaquin (Ref: BAS 725H),excluded,103,103,0.5555555820465088,646,81335-77-5
EPA,619,74115-24-5,"3,6-Bis(2-chlorophenyl)-1,2,4,5-tetrazine",excluded,103,103,0.2666666805744171,343,1929-82-4
EPA,620,31717-87-0,Dodemorph acetate (Ref: BAS 238F),excluded,103,103,0.1599999964237213,793,95266-40-3
EPA,621,99387-89-0,Triflumizole (Ref: NF 114 ),excluded,103,103,0.31081080436706543,1019,1417782-03-6
EPA,622,86479-06-3,Hexaflumuron (Ref: XRD 473),included,103,102,0.6607142686843872,782,116714-46-6
EPA,623,17606-31-4,Bensultap (Ref: OMS 3011),excluded,103,103,0.27906978130340576,65,1918-16-7
EPA,624,69806-86-6,Haloxyfop-sodium,excluded,103,103,0.3283582031726837,509,42874-03-3
EPA,625,57369-32-1,Pyroquilon (Ref: CGA 49104),excluded,103,103,0.1666666716337204,752,123312-89-0
EPA,626,80844-07-1,1-[[2-(4-Ethoxyphenyl)-2-methylpropoxy]methyl]-3-phenoxybenzene,excluded,103,103,0.3709677457809448,219,52645-53-1
EPA,627,64700-56-7,"[(3,5,6-Trichloro-2-pyridinyl)oxy]acetic acid, 2-Butoxyethyl ester",excluded,103,103,0.34375,715,81406-37-3
EPA,628,79510-48-8,Metsulfuron (Ref: IN F5438),excluded,103,103,0.4153846204280853,756,213464-77-8
EPA,629,76738-62-0,Paclobutrazol (Ref: PP 333),excluded,103,103,0.6304348111152649,534,55219-65-3
EPA,630,88671-89-0,"alpha-Butyl-alpha-(4-chlorophenyl)-1H-1,2,4-triazole-1-propanenitrile",included,103,102,0.37931033968925476,522,76674-21-0
EPA,631,56425-91-3,alpha-(1-Methylethyl)-alpha-[4-(trifluoromethoxy)phenyl]-5-pyrimidinemethanol,excluded,103,103,0.2461538463830948,1019,1417782-03-6
EPA,632,39148-24-8,Fosetyl-aluminium (Ref: RP 32545),included,103,102,0.1944444477558136,92,121-75-5
EPA,633,87130-20-9,Diethofencarb (Ref: S 1605),excluded,103,103,0.2884615361690521,136,13684-63-4
EPA,634,55814-41-0,Mepronil (Ref: B1 2459),excluded,103,103,0.44680851697921753,136,13684-63-4
EPA,635,87818-31-3,Cinmethylin (Ref: BAS 684 H),excluded,103,103,0.2153846174478531,530,51218-45-2
EPA,636,77501-63-4,"5-[2-Chloro-4-(trifluoromethyl)phenoxy]-2-nitrobenzoic acid, 2-Ethoxy-1-methyl-2-oxoethyl ester",excluded,103,103,0.6190476417541504,509,42874-03-3
EPA,637,83657-22-1,Uniconazole (Ref: XE 1019),excluded,103,103,0.4423076808452606,534,55219-65-3
EPA,638,78587-05-0,"(4R,5R)-rel-5-(4-Chlorophenyl)-N-cyclohexyl-4-methyl-2-oxo-3-thiazolidinecarboxamide",excluded,103,103,0.22727273404598236,943,81052-29-1
EPA,639,82558-50-7,Isoxaben (Ref: EAF 496),excluded,103,103,0.3125,675,161050-58-4
EPA,640,13492-26-7,Dipotassium phosphonate,excluded,103,103,0.0810810774564743,136,13684-63-4
EPA,641,99675-03-3,Isofenphos-methyl,excluded,103,103,0.2641509473323822,33,63-25-2
EPA,642,101463-69-8,Flufenoxuron (Ref: BAS 3071),excluded,103,103,0.47826087474823,782,116714-46-6
EPA,643,82560-54-1,Benfuracarb,excluded,103,103,0.21794871985912323,530,51218-45-2
EPA,644,80060-09-9,Diafenthiuron (Ref: CGA 106630),excluded,103,103,0.2631579041481018,614,95737-68-1
EPA,645,82097-50-5,"2-(2-Chloroethoxy)-N-[[(4-methoxy-6-methyl-1,3,5-triazin-2-yl)amino]carbonyl]benzenesulfonamide",excluded,103,103,0.3888888955116272,761,122548-33-8
EPA,646,81335-77-5,Imazethapyr (Ref: AC 252925),included,103,102,0.190476194024086,475,318290-98-1
EPA,647,107534-96-3,Tebuconazole (Ref: HWG 1608),excluded,103,103,0.49056604504585266,630,88671-89-0
EPA,648,74070-46-5,Aclonifen (Ref: AE F068300),excluded,103,103,0.3448275923728943,509,42874-03-3
EPA,649,66441-23-4,Fenoxaprop-ethyl,excluded,103,103,0.38235294818878174,734,122008-85-9
EPA,650,81777-89-1,"2-[(2-Chlorophenyl)methyl]-4,4-dimethyl-3-isoxazolidinone",excluded,103,103,0.2539682686328888,751,178928-70-6
EPA,651,62850-32-2,Fenothiocarb (Ref: KCO 3001),excluded,103,103,0.260869562625885,65,1918-16-7
EPA,652,85509-19-9,Flusilazole (Ref: DPX H6573),excluded,103,103,0.40816327929496765,522,76674-21-0
EPA,653,4151-50-2,Sulfluramid (Ref: GX 071),excluded,103,103,0.15714286267757416,819,219714-96-2
EPA,654,52304-36-6,"3-(N-butyl-N-acetyl)-aminopropionic acid, ethyl ester (Ref: OMS 3065)",excluded,103,103,0.30000001192092896,34,2439-10-3
EPA,655,96525-23-4,Flurtamone (Ref: RPA 590515),excluded,103,103,0.30909091234207153,371,2164-17-2
EPA,656,93697-74-6,Pyrazosulfuron-ethyl (Ref: NC 311),excluded,103,103,0.4848484992980957,761,122548-33-8
EPA,657,83164-33-4,Diflufenican (Ref: AE 088657),excluded,103,103,0.31343284249305725,874,188425-85-6
EPA,658,97886-45-8,"2-(Difluoromethyl)-4-(2-methylpropyl)-6-(trifluoromethyl)-3,5-pyridinedicarbothioic acid, S3,S5-Dimethyl ester",included,103,102,0.24637681245803833,1018,1228284-64-7
EPA,659,90717-03-6,Quinmerac (Ref: BAS 518H),excluded,103,103,0.4000000059604645,35,1918-00-9
EPA,660,84087-01-4,"3,7-Dichloro-8-quinolinecarboxylic acidZ",excluded,103,103,0.38461539149284363,35,1918-00-9
EPA,661,100728-84-5,Imazamethabenz (Ref: AC 263840),excluded,103,103,0.5283018946647644,646,81335-77-5
EPA,662,89784-60-1,Pyraclofos (Ref: OMS 3040),excluded,103,103,0.2666666805744171,173,175013-18-0
EPA,663,101903-30-4,Pefurazoate (Ref: UR-0003),excluded,103,103,0.2151898741722107,840,163515-14-8
EPA,664,79277-27-3,Thifensulfuron-methyl (Ref: DPX M6316),excluded,103,103,0.34285715222358704,686,104040-78-0
EPA,665,83055-99-6,Bensulfuron-methyl (Ref: DPX F5384),excluded,103,103,0.5423728823661804,756,213464-77-8
EPA,666,66332-96-5,Flutolanil (Ref: NNF 136),excluded,103,103,0.4117647111415863,136,13684-63-4
EPA,667,105024-66-6,Silafluofen (Ref: HOE 084498),excluded,103,103,0.2698412835597992,614,95737-68-1
EPA,668,62924-70-3,"2-Chloro-N-[2,6-dinitro-4-(trifluoromethyl)phenyl]-N-ethyl-6-fluorobenzenemethanamine",included,103,102,0.35820895433425903,509,42874-03-3
EPA,669,99283-01-9,Bensulfuron (Ref: IN R9419),excluded,103,103,0.5333333611488342,756,213464-77-8
EPA,670,62865-36-5,Diclomezine (Ref: F-850),excluded,103,103,0.2432432472705841,512,10004-44-1
EPA,671,86209-51-0,"2-[[[[[4,6-Bis(difluoromethoxy)-2-pyrimidinyl]amino]carbonyl]amino]sulfonyl]benzoic acid, Methyl ester",excluded,103,103,0.453125,686,104040-78-0
EPA,672,130339-07-0,Diflumetorim (Ref: UBF 002),excluded,103,103,0.23376622796058655,805,129630-19-9
EPA,673,51218-49-6,Pretilachlor (Ref: CGA 26423),excluded,103,103,0.5652173757553101,119,34256-82-1
EPA,674,81405-85-8,Imazamethabenz-methyl (Ref: AC 222293),excluded,103,103,0.4193548262119293,646,81335-77-5
EPA,675,161050-58-4,Methoxyfenozide (Ref: RH 2485),included,103,102,0.2711864411830902,136,13684-63-4
EPA,676,114311-32-9,Imazamox (Ref: BAS 720H),excluded,103,103,0.7755101919174194,646,81335-77-5
EPA,677,83212-30-0,Rhyncolure,excluded,103,103,0.1538461595773697,65,1918-16-7
EPA,678,181274-15-7,Propoxycarbazone-sodium (Ref: MKH 6561),included,103,102,0.2361111044883728,737,57960-19-7
EPA,679,112226-61-6,Halofenozide (Ref: RH 0345),excluded,103,103,0.3888888955116272,675,161050-58-4
EPA,680,79983-71-4,Hexaconazole (Ref: PP 523),excluded,103,103,0.5090909004211426,630,88671-89-0
EPA,681,96489-71-3,"4-Chloro-2-(1,1-dimethylethyl)-5-[[[4-(1,1-dimethylethyl)phenyl]methyl]thio]-3(2H)pyridazinene",included,103,102,0.24074074625968933,454,28249-77-6
EPA,682,111872-58-3,Halfenprox (Ref: MTI 732),excluded,103,103,0.3709677457809448,219,52645-53-1
EPA,683,124495-18-7,"5,7-Dichloro-4-(4-fluorophenoxy)quinoline",excluded,103,103,0.23076923191547394,509,42874-03-3
EPA,684,117337-19-6,"[[2-Chloro-4-fluoro-5-[(tetrahydro-3-oxo-1H,3H-[1,3,4]thiadiazolo [3,4-a]pyridazin-1-ylidine)amino]phenyl]thioacetic acid methyl ester",excluded,103,103,0.2235294133424759,805,129630-19-9
EPA,685,150114-71-9,Aminopyralid (Ref: XDE 750),excluded,103,103,0.25,1030,1390661-72-9
EPA,686,104040-78-0,"N-[[4,6-Dimethoxy-2-pyrimidinyl)amino]carbonyl]-3-(trifluoromethyl)-2-pyridinesulfonamide",included,103,102,0.4769230782985687,761,122548-33-8
EPA,687,500008-45-7,Chlorantraniliprole (Ref: DPX E2Y45),excluded,103,103,0.6338028311729431,1004,1031756-98-5
EPA,688,119168-77-3,Tebufenpyrad (Ref: AC 801757),excluded,103,103,0.692307710647583,916,129558-76-5
EPA,689,131983-72-7,Triticonazole (Ref: RPA 400727),excluded,103,103,0.5,833,125116-23-6
EPA,690,53112-28-0,"4,6-Dimethyl-N-phenyl-2-pyrimidinamine",included,103,102,0.24444444477558136,136,13684-63-4
EPA,691,348635-87-0,Amisulbrom,excluded,103,103,0.23880596458911896,817,120116-88-3
EPA,692,36756-79-3,Tiocarbazil (Ref: M 3432),excluded,103,103,0.42500001192092896,454,28249-77-6
EPA,693,156052-68-5,"3,5-Dichloro-N-(3-chloro-1-ethyl-1-methyl-2-oxopropyl)-4-methylbenzamide",excluded,103,103,0.24193547666072845,675,161050-58-4
EPA,694,99129-21-2,Clethodim (Ref: RE 45601),excluded,103,103,0.3050847351551056,793,95266-40-3
EPA,695,210631-68-8,"[3-(4,5-Dihydro-3-isoxazolyl)-2-methyl-4-(methylsulfonyl)phenyl](5-hydroxy-1-methyl-1H-pyrazol-4-yl)methanone",excluded,103,103,0.190476194024086,857,156963-66-5
EPA,696,88805-35-0,Prohexadione,excluded,103,103,0.3414634168148041,793,95266-40-3
EPA,697,38727-55-8,Diethatyl ethyl (Ref: BAY NNT 6867),excluded,103,103,0.5909090638160706,119,34256-82-1
EPA,698,99283-00-8,Chlorimuron,excluded,103,103,0.5573770403862,761,122548-33-8
EPA,699,110488-70-5,"3-(4-Chlorophenyl)-3-(3,4-dimethoxyphenyl)-1-(4-morpholinyl)-2-propen-1-one",excluded,103,103,0.30136987566947937,804,374726-62-2
EPA,700,54593-83-8,"Phosphorothioic acid O,O-diethyl-O-(1,2,2,2-tetrachloroethyl) ester",excluded,103,103,0.20454545319080353,92,121-75-5
EPA,701,103361-09-7,"2-[7-Fluoro-3,4-dihydro-3-oxo-4-(2-propynyl)-2H-1,4-benzoxazin-6-yl]-4,5,6,7-tetrahydro-1H-isoindole-1,3(2H)-dione",excluded,103,103,0.1599999964237213,986,951659-40-8
EPA,702,111479-05-1,Propaquizafop (Ref: CGA 233380),excluded,103,103,0.3466666638851166,734,122008-85-9
EPA,703,87546-18-7,"2-[2-Chloro-4-fluoro-5-(1,3,4,5,6,7-hexahydro-1,3-dioxo-2H-isoindol-2-yl)phenoxy]acetic acid pentyl ester",excluded,103,103,0.3684210479259491,805,129630-19-9
EPA,704,113036-88-7,Flucycloxuron (Ref: OMS 3041),excluded,103,103,0.41791045665740967,622,86479-06-3
EPA,705,63782-90-1,Flamprop-M-isopropyl (Ref: WL 43425),excluded,103,103,0.3076923191547394,65,1918-16-7
EPA,706,94593-91-6,Cinosulfuron (Ref: CGA 142464),excluded,103,103,0.39393940567970276,686,104040-78-0
EPA,707,98967-40-9,"N-(2,6-Difluorophenyl)-5-methyl-[1,2,4]triazolo[1,5-a]pyrimidine-2-sulfonamide",excluded,103,103,0.4642857015132904,720,145701-23-1
EPA,708,7784-26-1,Aluminium ammonium sulphate,excluded,103,103,0.10000000149011612,632,39148-24-8
EPA,709,274671-61-3,Ecolyst (Ref: HSDB 7282),excluded,103,103,0.21311475336551666,916,129558-76-5
EPA,710,119446-68-3,"1-[[2-[2-Chloro-4-(4-chlorophenoxyl)phenyl]-4-methyl-1,3-dioxolan-2-yl]methyl]-1H-1,2,4-triazole",included,103,102,0.41428571939468384,1019,1417782-03-6
EPA,711,112410-23-8,"1-(1,1-Dimethylethyl)-2-(4-ethylbenzoyl)hydrazide-3,5-dimethylbenzoic acid",excluded,103,103,0.5192307829856873,675,161050-58-4
EPA,712,79622-59-6,Fluazinam (Ref: IKF 1216),excluded,103,103,0.34328359365463257,509,42874-03-3
EPA,713,138261-41-3,Imidacloprid (Ref: BAY NTN 33893),included,103,102,0.4035087823867798,831,111988-49-9
EPA,714,114369-43-6,"alpha-[2-(4-Chlorophenyl)ethyl]-alpha-phenyl-1H-1,2,4-triazole-1-propanenitrile",excluded,103,103,0.6666666865348816,630,88671-89-0
EPA,715,81406-37-3,"2-[(4-Amino-3,5-dichloro-6-fluoro-2-pyridinyl)oxy]acetic acid 1-methylheptyl ester",included,103,102,0.2531645596027374,805,129630-19-9
EPA,716,119738-06-6,Quizalofop-P-tefuryl (Ref: UBI C4874 ),excluded,103,103,0.3125,734,122008-85-9
EPA,717,141776-32-1,"N-[[(4,6-Dimethoxy-2-pyrimidinyl)amino]carbonyl]-2-(ethylsulfonyl)imidazo[1,2-a]pyridine-3-sulfonamide",excluded,103,103,0.7413793206214905,761,122548-33-8
EPA,718,77501-60-1,Fluoroglycofen,excluded,103,103,0.6000000238418579,509,42874-03-3
EPA,719,79277-67-1,Thifensulfuron (Ref: IN L9225),excluded,103,103,0.34285715222358704,686,104040-78-0
EPA,720,145701-23-1,Florasulam (Ref: DE 570),included,103,102,0.4084506928920746,819,219714-96-2
EPA,721,111991-09-4,Nicosulfuron (Ref: DPX V9360),excluded,103,103,0.6666666865348816,686,104040-78-0
EPA,722,103112-35-2,Fenchlorazole-ethyl (Ref: HOE 070542),excluded,103,103,0.23880596458911896,622,86479-06-3
EPA,723,72619-32-0,Haloxyfop-P-methyl (Ref: DE 535),excluded,103,103,0.3188405930995941,734,122008-85-9
EPA,724,117718-60-2,"2-(Difluoromethyl)-5-(4,5-dihydro-2-thiazolyl)-4-(2-methylpropyl)-6-(trifluoromethyl)-3-pyridinecarboxylic acid methyl ester",excluded,103,103,0.46666666865348816,658,97886-45-8
EPA,725,110895-43-7,Triazamate (Ref: RH 7988),excluded,103,103,0.2321428507566452,92,121-75-5
EPA,726,141517-21-7,(alphaE)-alpha-(Methoxyimino)-2-[[[(E)-[1-[3-(trifluoromethyl)phenyl]ethylidene]amino]oxy]methyl]benzeneacteic acid methyl ester,included,103,102,0.30645161867141724,371,2164-17-2
EPA,727,104098-48-8,Imazapic (Ref: AC 263222),excluded,103,103,0.7234042286872864,646,81335-77-5
EPA,728,74738-17-3,Fenpiclonil (Ref: CGA 142705),excluded,103,103,0.19512194395065308,343,1929-82-4
EPA,729,120928-09-8,"4-[2-[4-(1,1-Dimethylethyl)phenyl]ethoxy]quinazoline",included,103,102,0.2295081913471222,681,96489-71-3
EPA,730,142459-58-3,"N-(4-Fluorophenyl)-N-(1-methylethyl)-2-[[5-(trifluoromethyl)-1,3,4-thiadiazol-2-yl]oxy]acetamide",included,103,102,0.35849055647850037,65,1918-16-7
EPA,731,143390-89-0,(alphaE)-alpha-(Methoxyimino)-2-[(2-methylphenoxy)methyl]benzeneacetic acid methyl ester,excluded,103,103,0.5,726,141517-21-7
EPA,732,99105-77-8,Sulcotrione (Ref: SC 0051),excluded,103,103,0.4262295067310333,857,156963-66-5
EPA,733,131341-86-1,"4-(2,2-Difluoro-1,3-benzodioxol-4-yl)-1H-pyrrole-3-carbonitrile",excluded,103,103,0.15068493783473969,856,162650-77-3
EPA,734,122008-85-9,"(2R)-2-[4-(4-Cyano-2-fluorophenoxy)phenoxy]propanoic acid, Butyl ester",included,103,102,0.2238806039094925,737,57960-19-7
EPA,735,64249-01-0,Anilofos (Ref: HOE 30374),excluded,103,103,0.40425533056259155,65,1918-16-7
EPA,736,272451-65-7,"N2-[1,1-Dimethyl-2-(methylsulfonyl)ethyl]-3-iodo-N1-[2-methyl-4-[1,2,2,2-tetrafluoro-1-(trifluoromethyl)ethyl]phenyl]-1,2-benzenedicarboxamide",included,103,102,0.2380952388048172,726,141517-21-7
EPA,737,57960-19-7,"2-(Acetyloxy)-3-dodecyl-1,4-naphthalenedione",included,103,102,0.25531914830207825,34,2439-10-3
EPA,738,103112-36-3,Fenchlorazole (Ref: HOE 072829),excluded,103,103,0.25,1018,1228284-64-7
EPA,739,98886-44-3,(2-Oxo-3-thiazolidinyl)phosphonothioic acid O-ethyl S-(1-methylpropyl)ester,excluded,103,103,0.20967741310596466,840,163515-14-8
EPA,740,57520-17-9,Iminoctadine triacetate (Ref: DF 125),excluded,103,103,0.6666666865348816,34,2439-10-3
EPA,741,134098-61-6,Fenpyroximate (Ref: NNI 850),excluded,103,103,0.26582279801368713,219,52645-53-1
EPA,742,97780-06-8,Ethametsulfuron-methyl (Ref: DPX-A7881),excluded,103,103,0.37681159377098083,686,104040-78-0
EPA,743,122836-35-5,Sulfentrazone (Ref: FMC 97285),excluded,103,103,0.2266666740179062,968,581809-46-3
EPA,744,52888-80-9,Prosulfocarb (Ref: SC 0574),excluded,103,103,0.5135135054588318,454,28249-77-6
EPA,745,858956-08-8,Aminocyclopyrachlor (Ref: DPX-MAT28),excluded,103,103,0.19696970283985138,1030,1390661-72-9
EPA,746,129025-54-3,Clofencet (Ref: MON 21250 ),excluded,103,103,0.3103448152542114,943,81052-29-1
EPA,747,135158-54-2,"1,2,3-Benzothiadiazole-7-carbothioic acid S-methyl ester",included,103,102,0.2448979616165161,222,51707-55-2
EPA,748,128639-02-1,"alpha,2-Dichloro-5-[4-(difluoromethyl)-4,5-dihydro-3-methyl-5-oxo-1H-1,2,4-triazol-1-yl]-4-fluorobenzenepropanoic acid, Ethyl ester",excluded,103,103,0.3246753215789795,805,129630-19-9
EPA,749,98730-04-2,Benoxacor (Ref: CGA 154281),excluded,103,103,0.23999999463558197,65,1918-16-7
EPA,750,35256-85-0,Tebutam (Ref: GPC-5544),excluded,103,103,0.4000000059604645,65,1918-16-7
EPA,751,178928-70-6,"2-[2-(1-Chlorocyclopropyl)-3-(2-chlorophenyl)-2-hydroxypropyl]-1,2-dihydro-3H-1,2,4-triazole-3-thione",included,103,102,0.18309858441352844,522,76674-21-0
EPA,752,123312-89-0,"4,5-Dihydro-6-methyl-4-[(E)-(3-pyridinylmethylene)amino]-1,2,4-triazin-3(2H)-one",included,103,102,0.16326530277729034,512,10004-44-1
EPA,753,61676-87-7,Cymiazol (Ref: CGA 50439),excluded,103,103,0.1492537260055542,916,129558-76-5
EPA,754,95465-99-9,Cadusafos (Ref: FMC 67825),excluded,103,103,0.24390244483947754,92,121-75-5
EPA,755,122931-48-0,"N-[[(4,6-Dimethoxy-2-pyrimidinyl)amino]carbonyl]-3-(ethylsulfonyl)-2-pyridine sulfonamide",excluded,103,103,0.6785714030265808,686,104040-78-0
EPA,756,213464-77-8,"2-[[[[[(4,6-Dimethoxy-2-pyrimidinyl)amino]carbonyl]amino]sulfonyl]amino]-N,N-dimethylbenzamide",included,103,102,0.46875,686,104040-78-0
EPA,757,136426-54-5,Fluquinconazole (Ref: AE C597265),excluded,103,103,0.23376622796058655,1019,1417782-03-6
EPA,758,106040-48-6,Tribenuron (Ref: IN R9803),excluded,103,103,0.3142857253551483,756,213464-77-8
EPA,759,120923-37-7,Amidosulfuron,excluded,103,103,0.5272727012634277,756,213464-77-8
EPA,760,126535-15-7,Triflusulfuron-methyl (Ref: DPX 66037),excluded,103,103,0.4000000059604645,686,104040-78-0
EPA,761,122548-33-8,"2-Chloro-N-[[(4,6-dimethoxy-2-pyrimidinyl)amino]carbonyl]imidazo[1,2-a]pyridine-3-sulfonamide",included,103,102,0.4769230782985687,686,104040-78-0
EPA,762,135990-29-3,Triflusulfuron,excluded,103,103,0.4000000059604645,686,104040-78-0
EPA,763,139528-85-1,Metosulam (Ref: XDE 511),excluded,103,103,0.44285714626312256,923,422556-08-9
EPA,764,131860-33-8,(alphaE)-2-[[6-(2-Cyanophenoxy)-4-pyrimidinyl]oxy]-alpha-(methoxymethylene)benzeneacetic acid methyl ester,excluded,103,103,0.2405063360929489,726,141517-21-7
EPA,765,99607-70-2,Cloquintocet-mexyl (Ref: CGA 185072),excluded,103,103,0.446153849363327,715,81406-37-3
EPA,766,121776-33-8,Furilazole (Ref: MON 13900),excluded,103,103,0.21276596188545227,75,98-01-1
EPA,767,111353-84-5,"2-[[[[[4-Ethoxy-6-(methylamino)-1,3,5-triazin-2-yl]amino]carbonyl]amino]sulfonyl]benzoic acid",excluded,103,103,0.3571428656578064,686,104040-78-0
EPA,768,123343-16-8,"2-Chloro-6-[(4,6-dimethoxy-2-pyrimidinyl)thio]benzoic acid sodium salt (1:1)",excluded,103,103,0.31343284249305725,761,122548-33-8
EPA,769,114420-56-3,Clodinafop (Ref: CGA 193469),excluded,103,103,0.34375,734,122008-85-9
EPA,770,72963-72-5,"2,2-Dimethyl-3-(2-methyl-1-propenyl)cyclopropanecarboxylic acid, [2,5-dioxo-3-(2-propynyl)-1-imidazolidinyl]methyl ester",excluded,103,103,0.34328359365463257,1012,609346-29-4
EPA,771,106917-52-6,Flusulfamide (Ref: MTF 651),excluded,103,103,0.2647058963775635,509,42874-03-3
EPA,772,21543-49-7,6-chloro-3-pyridinemethanol,excluded,103,103,0.42500001192092896,790,135410-20-7
EPA,773,116255-48-2,Bromuconazole (Ref: LS 860263),excluded,103,103,0.4923076927661896,710,119446-68-3
EPA,774,110235-47-7,Mepanipyrim (Ref: KUF 6201),excluded,103,103,0.6666666865348816,690,53112-28-0
EPA,775,34622-58-7,Orbencarb (Ref: B-3356),excluded,103,103,0.5675675868988037,454,28249-77-6
EPA,776,56196-53-3,Oryctalure,excluded,103,103,0.3414634168148041,92,121-75-5
EPA,777,83130-01-2,Alanycarb,excluded,103,103,0.4693877696990967,551,59669-26-0
EPA,778,211867-47-9,Flumorph (Ref: SYP L190),excluded,103,103,0.2571428716182709,813,243973-20-8
EPA,779,113158-40-0,Fenoxaprop-P (Ref: AE-F088406),excluded,103,103,0.2857142984867096,190,94-74-6
EPA,780,63837-33-2,Diofenolan (Ref: CGA 059205),excluded,103,103,0.3207547068595886,614,95737-68-1
EPA,781,147150-35-4,"3-Chloro-2-[[(5-ethoxy-7-fluoro[1,2,4]triazolo[1,5-c]pyrimidin-2-yl)sulfonyl]amino]benzoic acid, Methyl ester",excluded,103,103,0.3888888955116272,720,145701-23-1
EPA,782,116714-46-6,"N-[[[3-Chloro-4-[1,1,2-trifluoro-2-(trifluoromethoxy)ethoxy]phenyl]amino]carbonyl]-2,6-difluorobenzamide",included,103,102,0.6607142686843872,622,86479-06-3
EPA,783,39807-15-3,Oxadiargyl (Ref: RP 020630 ),excluded,103,103,0.25974026322364807,804,374726-62-2
EPA,784,105779-78-0,Pyrimidifen,excluded,103,103,0.23529411852359772,119,34256-82-1
EPA,785,135319-73-2,Epoxiconazole (Ref: BAS 480F),excluded,103,103,0.36666667461395264,522,76674-21-0
EPA,786,121552-61-2,Cyprodinil (Ref: CGA 219417),excluded,103,103,0.6666666865348816,690,53112-28-0
EPA,787,118134-30-8,"8-(1,1-Dimethylethyl)-N-ethyl-N-propyl-1,4-dioxaspiro[4.5]decane-2-methanamine",included,103,102,0.12820513546466827,710,119446-68-3
EPA,788,94125-34-5,"N-[[(4-Methoxy-6-methyl-1,3,5-triazin-2-yl)amino]carbonyl]-2-(3,3,3-trifluoropropyl)benzenesulfonamide",excluded,103,103,0.39436620473861694,686,104040-78-0
EPA,789,90338-20-8,Butathiofos (Ref: Dowco 429),excluded,103,103,0.190476194024086,794,153233-91-1
EPA,790,135410-20-7,Acetamiprid,included,103,102,0.38181817531585693,831,111988-49-9
EPA,791,131807-57-3,"5-Methyl-5-(4-phenoxyphenyl)-3-(phenylamino)-2,4-oxazolidinedione",excluded,103,103,0.3888888955116272,838,161326-34-7
EPA,792,150824-47-8,"(1E)-N-[(6-Chloro-3-pyridinyl)methyl]-N-ethyl-N'-methyl-2-nitro-1,1-ethenediamine",excluded,103,103,0.4067796468734741,713,138261-41-3
EPA,793,95266-40-3,"4-(Cyclopropylhydroxymethylene)-3,5-dioxocyclohexanecarboxylic acid ethyl ester",included,103,102,0.22448979318141937,92,121-75-5
EPA,794,153233-91-1,"2-(2,6-Difluorophenyl)-4-[4-(1,1-dimethylethyl)-2-ethoxyphenyl]-4,5-dihydrooxazole",included,103,102,0.232876718044281,509,42874-03-3
EPA,795,141112-29-0,Isoxaflutole (Ref: RPA 201772),excluded,103,103,0.28947368264198303,736,272451-65-7
EPA,796,87547-04-4,Flumiclorac,excluded,103,103,0.36538460850715637,190,94-74-6
EPA,797,361377-29-9,"(1E)-[2-[[6-(2-Chlorophenoxy)-5-fluoro-4-pyrimidinyl]oxy]phenyl](5,6-dihydro-1,4,2-dioxazin-3-yl)-methanone, O-Methyloxime",excluded,103,103,0.21917808055877686,729,120928-09-8
EPA,798,119126-15-7,Flupoxam (Ref: MON 18500),excluded,103,103,0.2530120611190796,1030,1390661-72-9
EPA,799,129909-90-6,"4-Amino-N-(1,1-dimethylethyl)-4,5-dihydro-3-(1-methylethyl)-5-oxo-1H-1,2,4-triazole-1-carboxamide",included,103,102,0.1803278625011444,681,96489-71-3
EPA,800,115970-17-7,"1-[(6-Chloro-3-pyridinyl)methyl]-4,5-dihydro-1H-imidazol-2-amine",excluded,103,103,0.5869565010070801,713,138261-41-3
EPA,801,365400-11-9,"(5-Hydroxy-1,3-dimethyl-1H-pyrazol-4-yl)[2-(methylsulfonyl)-4-(trifluoromethyl)phenyl]methanone",excluded,103,103,0.29729729890823364,736,272451-65-7
EPA,802,208465-21-8,Mesosulfuron-methyl (Ref: AE F130060),excluded,103,103,0.447761207818985,686,104040-78-0
EPA,803,150315-10-9,Flupyrsulfuron,excluded,103,103,0.6101694703102112,686,104040-78-0
EPA,804,374726-62-2,4-Chloro-N-[2-[3-methoxy-4-(2-propynyloxy)phenyl]ethyl]-alpha-(2-propynyloxy)benzeneacetamide,included,103,102,0.265625,190,94-74-6
EPA,805,129630-19-9,2-[2-Chloro-5-[4-chloro-5-(difluoromethoxy)-1-methyl-1H-pyrazol-3-yl]-4-fluorophenoxy]acetic acid ethyl ester,included,103,102,0.26249998807907104,1018,1228284-64-7
EPA,806,177406-68-7,Benthiavalicarb-isopropyl (Ref: KIF-230),excluded,103,103,0.2567567527294159,730,142459-58-3
EPA,807,149253-65-6,Fluthiacet,excluded,103,103,0.1882352977991104,805,129630-19-9
EPA,808,68049-83-2,Azafenidin,excluded,103,103,0.25641027092933655,804,374726-62-2
EPA,809,126833-17-8,Fenhexamid (Ref: KBR 2738),included,103,102,0.19696970283985138,833,125116-23-6
EPA,810,81591-81-3,Glyphosate-trimesium,excluded,103,103,0.5714285969734192,440,1071-83-6
EPA,811,142891-20-1,Cinidon-ethyl (Ref: BAS 615H),excluded,103,103,0.24637681245803833,943,81052-29-1
EPA,812,127277-53-6,Prohexadione-calcium (Ref: BAS 125W),excluded,103,103,0.4146341383457184,793,95266-40-3
EPA,813,243973-20-8,"2,2-Dimethylpropanoic acid  8-(2,6-diethyl-4-methylphenyl)-1,2,4,5- tetrahydro-7-oxo-7H-pyrazolo[1,2-d][1,4,5]oxadiazepin-9-yl ester",included,103,102,0.26760563254356384,592,283594-90-1
EPA,814,101007-06-1,Acrinathrin (Ref: RU 38702),excluded,103,103,0.6984127163887024,250,65731-84-2
EPA,815,110956-75-7,Pentoxazone (Ref: KPP-314),excluded,103,103,0.22499999403953552,782,116714-46-6
EPA,816,181274-17-9,Flucarbazone-sodium (Ref: BAY MKH 6562),excluded,103,103,0.560606062412262,678,181274-15-7
EPA,817,120116-88-3,"4-Chloro-2-cyano-N,N-dimethyl-5-(4-methylphenyl)-1H-imidazole-1-sulfonamide",included,103,102,0.23529411852359772,916,129558-76-5
EPA,818,128621-72-7,"alpha,2-Dichloro-5-[4-(difluoromethyl)-4,5-dihydro-3-methyl-5-oxo-1H-1,2,4-triazol-1-yl]-4-fluorobenzenepropanoic acid",excluded,103,103,0.28205129504203796,805,129630-19-9
EPA,819,219714-96-2,"2-(2,2-Difluoroethoxy)-N-(5,8-dimethoxy[1,2,4]triazolo[1,5-c]pyrimidin-2-yl)-6-(trifluoromethyl)benzenesulfonamide",included,103,102,0.41025641560554504,923,422556-08-9
EPA,820,173159-57-4,Foramsulfuron (Ref: AE F130360),excluded,103,103,0.546875,756,213464-77-8
EPA,821,113136-77-9,"1-[[(2,4-Dichlorophenyl)amino]carbonyl]cyclopropane carboxylic acid",excluded,103,103,0.3469387888908386,809,126833-17-8
EPA,822,162320-67-4,Diflovidazin (Ref: SZ1 121),excluded,103,103,0.2368421107530594,343,1929-82-4
EPA,823,104206-82-8,Mesotrione (Ref: ZA 1296),excluded,103,103,0.30434781312942505,857,156963-66-5
EPA,824,133408-50-1,Metominostrobin (Ref: SSF 126),excluded,103,103,0.30612245202064514,33,63-25-2
EPA,825,113036-87-6,Primisulfuron,excluded,103,103,0.4153846204280853,686,104040-78-0
EPA,826,145701-21-9,"N-(2,6-Dichlorophenyl)-5-ethoxy-7-fluoro-[1,2,4-triazolo[1,5-c]pyrimidine-2-sulfonamide",excluded,103,103,0.421875,720,145701-23-1
EPA,827,165252-70-0,Dinotefuran (Ref: MTI 446),included,103,102,0.3962264060974121,845,210880-92-5
EPA,828,125225-28-7,"2-[(4-Chlorophenyl)methyl]-5-(1-methylethyl)-1-(1H-1,2,4-triazol-1-ylmethyl)cyclopentanol",excluded,103,103,0.6140350699424744,833,125116-23-6
EPA,829,179101-81-6,Pyridalyl (Ref: S-1812),excluded,103,103,0.24657534062862396,509,42874-03-3
EPA,830,153719-23-4,"3-[(2-Chloro-5-thiazolyl)methyl]tetrahydro-5-methyl-N-nitro-4H-1,3,5-oxadiazin-4-imine",excluded,103,103,0.37931033968925476,845,210880-92-5
EPA,831,111988-49-9,[N(Z)]-N-[3-[(6-Chloro-3-pyridinyl)methyl]-2-thiazolidinylidene]cyanamide,included,103,102,0.4035087823867798,713,138261-41-3
EPA,832,27355-22-2,Phthalide (Ref: BAY 96610),excluded,103,103,0.17142857611179352,343,1929-82-4
EPA,833,125116-23-6,"5-[(4-Chlorophenyl)methyl]-2,2-dimethyl-1-(1H-1,2,4-triazol-1-ylmethyl)cyclopentanol",included,103,102,0.3661971688270569,710,119446-68-3
EPA,834,185676-84-0,Verbutin (Ref: MB-599),excluded,103,103,0.3125,804,374726-62-2
EPA,835,102851-06-9,Tau-fluvalinate (Ref: SAN 527l),excluded,103,103,0.4399999976158142,250,65731-84-2
EPA,836,143807-66-3,Chromafenozide (Ref: ANS 118),excluded,103,103,0.5438596606254578,675,161050-58-4
EPA,837,86763-47-5,Propisochlor,excluded,103,103,0.7441860437393188,119,34256-82-1
EPA,838,161326-34-7,"(5S)-3,5-Dihydro-5-methyl-2-(methylthio)-5-phenyl-3-(phenylamino)-4H-imidazol-4-one",included,103,102,0.2291666716337204,690,53112-28-0
EPA,839,118712-89-3,"(1R,3S)-3-(2,2-Dichloroethenyl)-2,2-dimethyl-(2,3,5,6-tetrafluorophenyl)methyl ester cyclopropanecarboxylic acid",excluded,103,103,0.5471698045730591,1012,609346-29-4
EPA,840,163515-14-8,Dimethenamid-P,included,103,102,0.6041666865348816,530,51218-45-2
EPA,841,137641-05-5,Picolinafen (Ref: BAS 700H),excluded,103,103,0.3571428656578064,371,2164-17-2
EPA,842,125306-83-4,Cafenstrole (Ref: CH 900),excluded,103,103,0.22641509771347046,454,28249-77-6
EPA,843,135186-78-6,Pyriftalid (Ref: CGA 279233),excluded,103,103,0.2535211145877838,761,122548-33-8
EPA,844,168088-61-7,Pyribenzoxim (Ref: LGC 40863 ),excluded,103,103,0.27142858505249023,756,213464-77-8
EPA,845,210880-92-5,Clothianidin (Ref: CGA 322704),included,103,102,0.3962264060974121,827,165252-70-0
EPA,846,145026-81-9,Propoxycarbazone,excluded,103,103,0.7049180269241333,678,181274-15-7
EPA,847,149877-41-8,"2-(4-Methoxy[1,1'-biphenyl]-3-yl)hydrazinecarboxylic acid, 1-Methylethyl ester",excluded,103,103,0.2461538463830948,675,161050-58-4
EPA,848,34494-03-6,Glyphosate-sodium,excluded,103,103,0.6399999856948853,440,1071-83-6
EPA,849,106700-29-2,2-Chloro-N-(2-ethoxyethyl)-N-(2-methyl-1-phenyl-1-propen-1-yl)acetamide,excluded,103,103,0.3913043439388275,65,1918-16-7
EPA,850,122008-78-0,Cyhalofop,excluded,103,103,0.7058823704719543,734,122008-85-9
EPA,851,100784-20-1,"3-Chloro-5-[[[[(4,6-dimethoxy-2-pyrimidinyl)amino]carbonyl]amino]sulfonyl]-1-methyl-1H-pyrazole-4-carboxylic acid, Methyl ester",excluded,103,103,0.6101694703102112,761,122548-33-8
EPA,852,158237-07-1,Fentrazamide (Ref: BAY YRC 2388),excluded,103,103,0.24418604373931885,1004,1031756-98-5
EPA,853,136191-64-5,Pyriminobac-methyl (Ref: KIH-6127),excluded,103,103,0.30434781312942505,756,213464-77-8
EPA,854,98389-04-9,Pyrazosulfuron,excluded,103,103,0.5161290168762207,761,122548-33-8
EPA,855,126801-58-9,Ethoxysulfuron (Ref: AE F095404),excluded,103,103,0.5081967115402222,756,213464-77-8
EPA,856,162650-77-3,N-(Cyano-2-thienylmethyl)-4-ethyl-2-(ethylamino)-5-thiazolecarboxamide,included,103,102,0.20512820780277252,916,129558-76-5
EPA,857,156963-66-5,3-[2-Chloro-4-(methanesulfonyl)benzoyl]-4-(phenylsulfanyl)bicyclo[3.2.1]oct-3-en-2-one,included,103,102,0.18518517911434174,219,52645-53-1
EPA,858,2961-68-4,Bromoxynil-potassium,excluded,103,103,0.5600000023841858,396,1689-84-5
EPA,859,145026-88-6,Flucarbazone,excluded,103,103,0.4027777910232544,678,181274-15-7
EPA,860,413615-35-7,Benthiavalicarb,excluded,103,103,0.27142858505249023,730,142459-58-3
EPA,861,115086-54-9,1-[(6-Chloro-3-pyridinyl)methyl]-N-nitro-1H-imidazol-2-amine,excluded,103,103,0.5799999833106995,713,138261-41-3
EPA,862,133220-30-1,Indanofan (Ref: MK 243),excluded,103,103,0.20967741310596466,737,57960-19-7
EPA,863,188489-07-8,"2-[2-Chloro-4-fluoro-5-[5-methyl-6-oxo-4-(trifluoromethyl)-1(6H)-pyridazinyl]phenoxy]acetic acid, Ethyl ester",excluded,103,103,0.4324324429035187,805,129630-19-9
EPA,864,144550-36-7,Iodosulfuron-methyl-sodium (Ref: AE F115008),excluded,103,103,0.2763157784938812,756,213464-77-8
EPA,865,113614-08-7,Beflubutamid (Ref: UBH 820),excluded,103,103,0.31081080436706543,914,180409-60-3
EPA,866,120162-55-2,Azimsulfuron,excluded,103,103,0.4637681245803833,761,122548-33-8
EPA,867,96491-05-3,Thenylchlor (Ref: NSK 850),excluded,103,103,0.4528301954269409,119,34256-82-1
EPA,868,3861-41-4,Bromoxynil-butanoate,excluded,103,103,0.4285714328289032,396,1689-84-5
EPA,869,400852-66-6,Mesosulfuron (Ref: AE F154851),excluded,103,103,0.44117647409439087,686,104040-78-0
EPA,870,134605-64-4,"2-Chloro-5-[3,6-dihydro-3-methyl-2,6-dioxo-4-(trifluoromethyl)-1(2H)-pyrimidinyl]benzoic acid 1,1-dimethyl-2-oxo-2-(2-propenyloxy)ethyl ester",excluded,103,103,0.2183908075094223,1030,1390661-72-9
EPA,871,148477-71-8,"2,2-Dimethylbutanoic acid, 3-(2,4-Dichlorophenyl)-2-oxo-1-oxaspiro[4.5]dec-3-en-4-yl ester",excluded,103,103,0.43939393758773804,592,283594-90-1
EPA,872,149979-41-9,Tepraloxydim (Ref: BAS 620H),excluded,103,103,0.31578946113586426,793,95266-40-3
EPA,873,135590-91-9,Mefenpyr diethyl (Ref: HOE 107892),excluded,103,103,0.2711864411830902,190,94-74-6
EPA,874,188425-85-6,"2-Chloro-N-(4'-chloro[1,1'-biphenyl]-2-yl)-3-pyridinecarboxamide",included,103,102,0.2985074520111084,968,581809-46-3
EPA,875,144651-06-9,Oxasulfuron (Ref: CGA 277476 ),excluded,103,103,0.35211268067359924,756,213464-77-8
EPA,876,42922-74-7,Sucrose octanoate,excluded,103,103,0.2181818187236786,34,2439-10-3
EPA,877,130000-40-7,Thifluzamide (Ref: MON 24000),excluded,103,103,0.24657534062862396,686,104040-78-0
EPA,878,140923-17-7,Iprovalicarb (Ref: SZX 0722),excluded,103,103,0.2142857164144516,136,13684-63-4
EPA,879,121451-02-3,Noviflumuron,excluded,103,103,0.6727272868156433,622,86479-06-3
EPA,880,84527-51-5,Zarilamid (Ref: ICIA001),excluded,103,103,0.2857142984867096,454,28249-77-6
EPA,881,101205-02-1,Cycloxydim (Ref: BAS 517H),excluded,103,103,0.3214285671710968,793,95266-40-3
EPA,882,201593-84-2,Bistrifluron (Ref: DBI-3204),excluded,103,103,0.5,622,86479-06-3
EPA,883,53780-36-2,"N-[2,4-Dimethyl-5-[[(trifluoromethyl)sulfonyl]amino]phenyl]acetamide compd. with 2,2'-Iminobis[ethanol](1:1)",excluded,103,103,0.2777777910232544,736,272451-65-7
EPA,884,34363-01-4,Di-1-p-menthene,excluded,103,103,0.1551724076271057,787,118134-30-8
EPA,885,5221-53-4,Dimethirimol (Ref: PP675),excluded,103,103,0.2222222238779068,996,865318-97-4
EPA,886,35832-11-2,Picloram-triethylammonium,excluded,103,103,0.2857142984867096,1030,1390661-72-9
EPA,887,51186-88-0,Sumithrin ,excluded,103,103,0.8367347121238708,219,52645-53-1
EPA,888,403640-27-7,"5-[[(2,6-Difluorophenyl)methoxy]methyl]-4,5-dihydro-5-methyl(3-methyl-2-thienyl)isoxazole",included,103,102,0.21621622145175934,794,153233-91-1
EPA,889,55634-91-8,Alloxydim,excluded,103,103,0.24590164422988892,793,95266-40-3
EPA,890,139001-49-3,Profoxydim (Ref: BAS 625H),excluded,103,103,0.232876718044281,793,95266-40-3
EPA,891,92704-41-1,Kaolin calcined (Ref: SIK6463.5),excluded,103,103,0.095238097012043,632,39148-24-8
EPA,892,6753-47-5,Picloram-tripromine,excluded,103,103,0.28787878155708313,1030,1390661-72-9
EPA,893,2302-17-2,Asulam sodium (Ref: AE F102789),excluded,103,103,0.2063492089509964,686,104040-78-0
EPA,894,69309-47-3,Piproctanyl,excluded,103,103,0.11594203114509583,985,473798-59-3
EPA,895,69192-23-0,Prochloraz manganese complex (Ref: BTS 46828),excluded,103,103,0.29729729890823364,1018,1228284-64-7
EPA,896,23947-60-6,Ethirimol (Ref: PP149),excluded,103,103,0.2181818187236786,996,865318-97-4
EPA,897,88283-41-4,Pyrifenox (Ref: CGA 179945),excluded,103,103,0.2571428716182709,1018,1228284-64-7
EPA,898,25171-63-5,"N-[[(Methylamino)carbonyl]oxy]ethanimidothioic acid, 2-Cyanoethylester",excluded,103,103,0.27272728085517883,551,59669-26-0
EPA,899,71526-69-7,Mecoprop etexyl,excluded,103,103,0.4038461446762085,190,94-74-6
EPA,900,74051-80-2,Sethoxydim (Ref: BAS 9052H),excluded,103,103,0.30909091234207153,793,95266-40-3
EPA,901,2669-32-1,"S-[(5-Ethoxy-2-oxo-1,3,4-thiadiazol-3(2H)-yl)methyl] O,O-dimethyl phosphorodithioate",excluded,103,103,0.30612245202064514,92,121-75-5
EPA,902,27306-78-1,"alpha-Methyl-omega-[3-[1,3,3,3-tetramethyl-1-[(trimethylsilyl)oxy]-1-disiloxanyl]propoxy]poly(oxy-1,2-ethanediyl)",excluded,103,103,0.15000000596046448,888,403640-27-7
EPA,903,111578-32-6,"N'-[4-[(3,4-Dihydro-2-methoxy-2,4,4-trimethyl-2H-1-benzopyran-7-yl)oxy]phenyl]-N-methoxy-N-methylurea",excluded,103,103,0.234375,371,2164-17-2
EPA,904,5902-95-4 ,Calcium acid methanearsonate,excluded,103,103,0.095238097012043,632,39148-24-8
EPA,905,145099-21-4,Trifloxysulfuron (Ref: CGA 292230),excluded,103,103,0.75,686,104040-78-0
EPA,906,116475-12-8,"Cyclopropanecarboxylic acid, 3-(2,2-Dichloroethenyl)-2,2-dimethylcyano(4-fluoro-3-phenoxyphenyl)methyl ester mixt. with 1-[(6-chloro-3-pyridinyl)methyl]-N-nitro-2-imidizolidinimide",excluded,103,103,0.47311827540397644,250,65731-84-2
EPA,907,8027-00-7,"1,1'-(2-Nitrobutylidene)bis(4-chlorobenzene), Mixt. with 1,1'-(2-Nitropropylidene)bis(4-chlorobenzene)",excluded,103,103,0.31111112236976624,454,28249-77-6
EPA,908,87820-88-0,Tralkoxydim (Ref: PP 604),excluded,103,103,0.37254902720451355,793,95266-40-3
EPA,909,19396-06-6,Polyoxin B,excluded,103,103,0.16304348409175873,813,243973-20-8
EPA,910,8065-36-9,"3-(1-Ethylpropyl)phenol, 1-(N-Methylcarbamate) mixt. with 3-(1-Methylbutyl)phenyl N-methylcarbamate",excluded,103,103,0.3928571343421936,398,23422-53-9
EPA,911,1472649-01-6,Metyltetraprole (Ref: S-2367),excluded,103,103,0.43661972880363464,173,175013-18-0
EPA,912,220899-03-6,"(3-Bromo-6-methoxy-2-methylphenyl)(2,3,4-trimethoxy-6-methylphenyl)methanone",included,103,102,0.5306122303009033,995,688046-61-9
EPA,913,86598-92-7,Imibenconazole (Ref: HF 6305),excluded,103,103,0.34328359365463257,833,125116-23-6
EPA,914,180409-60-3,Cyflufenamid (Ref: NF 149),included,103,102,0.20512820780277252,622,86479-06-3
EPA,915,229977-93-9,Fluacrypyrim,excluded,103,103,0.3589743673801422,726,141517-21-7
EPA,916,129558-76-5,4-Chloro-3-ethyl-1-methyl-N-[[4-(4-methylphenoxy)phenyl]methyl]-1H-pyrazole-5-carboxamide,included,103,102,0.23999999463558197,1019,1417782-03-6
EPA,917,25319-90-8,MCPA-thioethyl,excluded,103,103,0.6756756901741028,190,94-74-6
EPA,918,149961-52-4,Dimoxystrobin (Ref: BAS 505F),excluded,103,103,0.3913043439388275,726,141517-21-7
EPA,919,158062-67-0,N-(Cyanomethyl)-4-(trifluoromethyl)-3-pyridinecarboxamide,excluded,103,103,0.25757575035095215,686,104040-78-0
EPA,920,30043-49-3,Ethidimuron (Ref: MET 1486 ),excluded,103,103,0.20000000298023224,475,318290-98-1
EPA,921,130561-48-7,Sintofen (Ref: SC 2053),excluded,103,103,0.23999999463558197,916,129558-76-5
EPA,922,87237-48-7,Haloxyfop-etotyl (Ref: DOWCO 453EE),excluded,103,103,0.3857142925262451,734,122008-85-9
EPA,923,422556-08-9,"N-(5,7-Dimethoxy[1,2,4]triazolo[1,5-a]pyrimidin-2-yl)-2-methoxy-4-(trifluoromethyl)-3-pyridinesulfonamide",included,103,102,0.41025641560554504,819,219714-96-2
EPA,924,142469-14-5,Tritosulfuron,excluded,103,103,0.5245901346206665,686,104040-78-0
EPA,925,1332-40-7,Copper oxychloride,excluded,103,103,0.0833333358168602,83,26644-46-2
EPA,926,560121-52-0,Cyenopyrafen (Ref: NC-512 ),excluded,103,103,0.2133333384990692,813,243973-20-8
EPA,927,139968-49-3,2-[2-(4-Cyanophenyl)-1-[3-(trifluoromethyl)phenyl]ethylidene]-N-[4-(trifluoromethoxy)phenyl]hydrazinecarboxamide,excluded,103,103,0.3048780560493469,726,141517-21-7
EPA,928,26952-20-5,"4-Amino-3,5,6-trichloro-2-pyridinecarboxylic acid, Isooctyl ester",excluded,103,103,0.3606557250022888,715,81406-37-3
EPA,929,256412-89-2,Metamifop (Ref: DBH-129),excluded,103,103,0.2750000059604645,734,122008-85-9
EPA,930,67762-39-4,"C6-12 Fatty acids, Me esters",excluded,103,103,0.3333333432674408,34,2439-10-3
EPA,931,239110-15-7,"2,6-Dichloro-N-[[3-chloro-5-(trifluoromethyl)-2-pyridinyl]methyl]benzamide",excluded,103,103,0.31481480598449707,371,2164-17-2
EPA,932,144740-54-5,Flupyrsulfuron-methyl-sodium,excluded,103,103,0.4057970941066742,686,104040-78-0
EPA,933,168316-95-8,Spinosad (Ref: XDE 105),excluded,103,103,0.14159291982650757,187,2312-35-8
EPA,934,115136-53-3,"2-[4,5-Dihydro-4-methyl-4-(1-methylethyl)-5-oxo-1H-imidazol-2-yl]-5-methyl-3-pyridinecarboxylic acid ammonium salt (1:1)",excluded,103,103,0.5849056839942932,646,81335-77-5
EPA,935,189278-12-4,Proquinazid (Ref: DPX KQ926),excluded,103,103,0.2702702581882477,678,181274-15-7
EPA,936,117428-22-5,(alphaE)-alpha-(Methoxymethylene)-2-[[[6-(trifluoromethyl)-2-pyridinyl]oxy]methyl]benzeneacetic acid methyl ester,excluded,103,103,0.3802816867828369,726,141517-21-7
EPA,937,162490-88-2,Sordidin,excluded,103,103,0.15094339847564697,787,118134-30-8
EPA,938,2961-62-8,Ioxynil-sodium,excluded,103,103,0.3448275923728943,396,1689-84-5
EPA,939,2961-61-7,Ioxynil-lithium,excluded,103,103,0.3448275923728943,396,1689-84-5
EPA,940,183675-82-3,"N-[2-(1,3-Dimethylbutyl)-3-thienyl]-1-methyl-3-(trifluoromethyl)-1H-pyrazole-4-carboxamide",excluded,103,103,0.3472222089767456,968,581809-46-3
EPA,941,13977-65-6,Potassium hydrogen phosphonate,excluded,103,103,0.0810810774564743,136,13684-63-4
EPA,942,82697-71-0,"2-(4-Chlorophenyl)-3-ethyl-2,5-dihydro-5-oxo-4-pyridazinecarboxylic acid potassium salt",excluded,103,103,0.41818180680274963,943,81052-29-1
EPA,943,81052-29-1,"2-(4-Chlorophenyl)-1-ethyl-1,4-dihydro-6-methyl-4-oxo-3-pyridinecarboxylic acid, Potassium salt",included,103,102,0.2830188572406769,190,94-74-6
EPA,944,865363-39-9,"(2R)-2-(2,4-Dichlorophenoxy)propanoic acid 2-ethylhexyl ester",excluded,103,103,0.3636363744735718,734,122008-85-9
EPA,945,248593-16-0,Orysastrobin,excluded,103,103,0.4761904776096344,726,141517-21-7
EPA,946,203313-25-1,"Carbonic acid, cis-3-(2,5-Dimethylphenyl)-8-methoxy-2-oxo-1-azaspiro[4.5]dec-3-en-4-yl ethyl ester",excluded,103,103,0.25333333015441895,592,283594-90-1
EPA,947,95-95-4,"2,4,5-trichlorophenol",excluded,103,103,0.1944444477558136,190,94-74-6
EPA,948,7345-69-9,Sodium tetrathiocarbonate (Ref: GY-81),excluded,103,103,0.0810810774564743,92,121-75-5
EPA,949,39600-42-5,Glyphosate-monopotassium,excluded,103,103,0.6399999856948853,440,1071-83-6
EPA,950,125401-92-5,"2,6-Bis[(4,6-dimethoxy-2-pyrimidinyl)oxy]benzoic acid sodium salt",excluded,103,103,0.29032257199287415,686,104040-78-0
EPA,951,330459-31-9,"3-Phenyl-5-(2-thienyl)-1,2,4-oxadiazole",excluded,103,103,0.20930232107639313,690,53112-28-0
EPA,952,372137-35-4,"2-Chloro-5-[3,6-dihydro-3-methyl-2,6-dioxo-4-(trifluoromethyl-1(2H)-pyrimidinyl]-4-fluoro-N-[[methyl(1-methylethyl)amino]sulfonyl]benzamide",excluded,103,103,0.2278480976819992,622,86479-06-3
EPA,953,736994-63-1,3-Bromo-1-(3-chloro-2-pyridinyl)-N-[4-cyano-2-methyl-6-[(methylamino)carbonyl]phenyl]-1H-pyrazole-5-carboxamide,excluded,103,103,0.6794871687889099,998,1229654-66-3
EPA,954,26087-47-8,Iprobenfos,excluded,103,103,0.27906978130340576,65,1918-16-7
EPA,955,108189-58-8,Dihydroazadirachtin,excluded,103,103,0.1376146823167801,857,156963-66-5
EPA,956,6980-18-3,Kasugamycin,excluded,103,103,0.1666666716337204,551,59669-26-0
EPA,957,946578-00-3,N-[Methyloxido[1-[6-(trifluoromethyl)-3-pyridinyl]ethyl]-lambda4-sulfanylidene]cyanamide,excluded,103,103,0.23333333432674408,790,135410-20-7
EPA,958,881685-58-1,Isopyrazam (Ref: SYN 520453),excluded,103,103,0.6507936716079712,991,1072957-71-1
EPA,959,29450-45-1,"2-(4-Chloro-2-methylphenoxy)acetic acid, 2-Ethylhexyl ester",excluded,103,103,0.5208333134651184,190,94-74-6
EPA,960,950782-86-2,"N2-[(1R,2S)-2,3-Dihydro-2,6-dimethyl-1H-inden-1-yl]-6-(1-fluoroethyl)-1,3,5-triazine-2,4-diamine",excluded,103,103,0.19298245012760162,690,53112-28-0
EPA,961,155569-91-8,Emamectin benzoate (Ref: MK 244),excluded,103,103,0.14598539471626282,726,141517-21-7
EPA,962,447399-55-5,"3-[[[5-(Difluoromethoxy)-1-methyl-3-(trifluoromethyl)-1H-pyrazol-4-yl]methyl]sulfonyl]-4,5-dihydro-5,5-dimethyl-isoxazole",excluded,103,103,0.2469135820865631,805,129630-19-9
EPA,963,41495-67-4,Hexylthiofos,excluded,103,103,0.1764705926179886,793,95266-40-3
EPA,964,2-58-46-0,Oxytetracycline hydrochloride,excluded,103,103,0.16249999403953552,398,23422-53-9
EPA,965,1258836-72-4,Trifludimoxazin,excluded,103,103,0.15000000596046448,668,62924-70-3
EPA,966,109293-97-2,"2-[1-[2-[[(3,5-Difluorophenyl)amino]carbonyl]hydrazinylidene]ethyl]-3-pyridinecarboxylic acid",excluded,103,103,0.2638888955116272,686,104040-78-0
EPA,967,107713-58-6,Flufenprox (Ref: ICIA5682),excluded,103,103,0.2957746386528015,219,52645-53-1
EPA,968,581809-46-3,"N-(3',4'-Dichloro-5-fluoro[1,1'-biphenyl]-2-yl)-3-(difluoromethyl)-1-methyl-1H-pyrazole-4-carboxamide",included,103,102,0.4571428596973419,991,1072957-71-1
EPA,969,1376342-13-0,Guadipyr,excluded,103,103,0.3492063581943512,790,135410-20-7
EPA,970,8077-21-2,"N,N'-[1,2-Phenylenebis(iminocarbonothioyl)]bis-C,C'-dimethyl ester carbamic acid mixt. with 2,4,5,6-tetrachloro-1,3-benzenedicarbonitrile",excluded,103,103,0.24561403691768646,136,13684-63-4
EPA,971,907204-31-3,Fluxapyroxad (Ref: BAS 700F),excluded,103,103,0.5833333134651184,968,581809-46-3
EPA,972,400882-07-7,Cyflumetofen (Ref: OK-5101),excluded,103,103,0.2857142984867096,729,120928-09-8
EPA,973,874967-67-6,"N-(2-[1,1'-Bicyclopropyl]-2-ylphenyl)-3-(difluoromethyl)-1-methyl-1H-pyrazole-4-carboxamide",excluded,103,103,0.609375,991,1072957-71-1
EPA,974,70393-85-0,Glyphosate-sesquisodium (Ref: Mon 8000),excluded,103,103,0.5714285969734192,440,1071-83-6
EPA,975,75747-77-2,Prochloraz manganese chloride complex,excluded,103,103,0.29729729890823364,1018,1228284-64-7
EPA,976,57754-85-5,"3,6-Dichloro-2-pyridinecarboxylic acid compd. with 2-aminoethanol (1:1)",excluded,103,103,0.30000001192092896,35,1918-00-9
EPA,977,337458-27-2,"1-Acetyl-3,4-dihydro-3-[(3-pyridinylmethyl)amino]-6-[1,2,2,2-tetrafluoro-1-(trifluoromethyl)ethyl]-2(1H)-quinazolinone",excluded,103,103,0.25,736,272451-65-7
EPA,978,11130-12-4,Sodium tetraborate pentahydrate,excluded,103,103,0.08695652335882187,396,1689-84-5
EPA,979,199119-58-9,"N-[[(4,6-Dimethoxy-2-pyrimidinyl)amino]carbonyl]-(2,2,2-trifluoroethoxy)-2-pyridinesulfonamide sodium salt (1:1)",excluded,103,103,0.5384615659713745,686,104040-78-0
EPA,980,57764-08-6,Furalaxyl-M,excluded,103,103,0.38181817531585693,530,51218-45-2
EPA,981,8051-02-3,Sabadilla (Ref: ENT 123 ),excluded,103,103,0.1599999964237213,912,220899-03-6
EPA,982,55635-13-7,Alloxydim sodium,excluded,103,103,0.19402985274791718,793,95266-40-3
EPA,983,221205-90-9,"N-{2-[(4,6-Dimethoxypyrimidin-2-yl)(hydroxy)methyl]-6-(methoxymethyl)phenyl}-1,1-difluoromethanesulfonamide",excluded,103,103,0.29729729890823364,686,104040-78-0
EPA,984,12002-03-8,Copper acetoarsenite (Ref: ENT 884),excluded,103,103,0.1489361673593521,845,210880-92-5
EPA,985,473798-59-3,"S-Prop-2-en-1-yl 5-amino-4-(2-methylphenyl)-3-oxo-2-(propan-2-yl)-2,3-dihydro-1H-pyrazole-1-carbothioate",included,103,102,0.22727273404598236,737,57960-19-7
EPA,986,951659-40-8,"4-[[(6-Chloro-3-pyridinyl)methyl](2,2-difluoroethyl)amino]-2(5H)-furanone",included,103,102,0.3166666626930237,790,135410-20-7
EPA,987,1003318-67-9,"1-[4-[4-[5-(2,6-Difluorophenyl)-4,5-dihydro-3-isoxazolyl]-2-thiazolyl]-1-piperidinyl]-2-[5-methyl-3-(trifluoromethyl)-1H-pyrazol-1-yl]ethanone",included,103,102,0.21052631735801697,794,153233-91-1
EPA,988,185119-76-0,Iodosulfuron,excluded,103,103,0.35211268067359924,686,104040-78-0
EPA,989,935545-74-7,Spinetoram,excluded,103,103,0.13131313025951385,793,95266-40-3
EPA,990,55870-98-9,Picloram-dimethylammonium,excluded,103,103,0.28333333134651184,1030,1390661-72-9
EPA,991,1072957-71-1,"N-[9-(Dichloromethylene)-1,2,3,4-tetrahydro-1,4-1H-pyrazole-4-carboxamide",included,103,102,0.4571428596973419,968,581809-46-3
EPA,992,352010-68-5,4-Hydroxy-3-[[2-[(2-methoxyethoxy)methyl]-6-(trifluoromethyl)-3-pyridinyl]carbonyl]bicyclo[3.2.1]oct-3-en-2-one,excluded,103,103,0.29870128631591797,857,156963-66-5
EPA,993,138164-12-2,Butroxydim (Ref: ICIA0500),excluded,103,103,0.33898305892944336,793,95266-40-3
EPA,994,160791-64-0,Brofluthrinate (Ref: ZXI 8901),excluded,103,103,0.4225352108478546,250,65731-84-2
EPA,995,688046-61-9,"(5-Chloro-2-methoxy-4-methylpyridin-3-yl)(2,3,4-trimethoxy-6-methylphenyl)methanone",included,103,102,0.5306122303009033,912,220899-03-6
EPA,996,865318-97-4,Ametoctradin (Ref: BAS 650F),included,103,102,0.22058823704719543,715,81406-37-3
EPA,997,173662-97-0,"2-{2-[(2,5-Dimethylphenoxy)methyl]phenyl}-2-methoxy-N-methylacetamide",excluded,103,103,0.27272728085517883,33,63-25-2
EPA,998,1229654-66-3,1-(3-Chloropyridin-2-yl)-N-[4-cyano-2-methyl-6-(methylcarbamoyl)phenyl]-3-{[5-(trifluoromethyl)-2H-tetrazol-2-yl]methyl}-1H-pyrazole-5-carboxamide,included,103,102,0.37755101919174194,1004,1031756-98-5
EPA,999,1263133-33-0,Triflumezopyrim (Ref: DPX-RAB55),excluded,103,103,0.22891566157341003,726,141517-21-7
EPA,1000,99485-76-4,N-[(2-Chlorophenyl)methyl]-N'-(1-methyl-1-phenylethyl)urea,excluded,103,103,0.25,751,178928-70-6
EPA,1001,1207727-04-5,Broflanilide (Ref: MCI-8007),excluded,103,103,0.27941176295280457,371,2164-17-2
EPA,1002,943831-98-9,4-Amino-3-chloro-6-(4-chloro-2-fluoro-3-methoxyphenyl)-2-pyridinecarboxylic acid methyl ester,excluded,103,103,0.5,1030,1390661-72-9
EPA,1003,494793-67-8,Penflufen (Ref: BYF-14182),excluded,103,103,0.30666667222976685,991,1072957-71-1
EPA,1004,1031756-98-5,Cyclaniliprole (Ref: IKI-3106),included,103,102,0.37755101919174194,998,1229654-66-3
EPA,1005,67233-85-6,Sodium 5-nitroguaiacolate,excluded,103,103,0.2631579041481018,509,42874-03-3
EPA,1006,500207-04-5,"N-[6-[[[(Z)-[(1-Methyl-1H-tetrazol-5-yl)phenylmethylene]amino]oxy]methyl]-2-pyridinyl]-1,1-dimethylethyl ester carbamic acid",excluded,103,103,0.24418604373931885,726,141517-21-7
EPA,1007,1254304-22-7,Fluazaindolizine (Ref: DPX-Q8U80),excluded,103,103,0.29487180709838867,686,104040-78-0
EPA,1008,317815-83-1,Thiencarbazone-methyl (Ref: BYH 18636 ),excluded,103,103,0.3835616409778595,678,181274-15-7
EPA,1009,875915-78-9,"N-[1,1-Dimethyl-2-[2-methyl-4-(1-methylethoxy)phenyl]-2-oxoethyl]-3-methyl-2-thiophenecarboxamide",excluded,103,103,0.26865673065185547,675,161050-58-4
EPA,1010,1101132-67-5,1-({1-Ethyl-4-[4-(methanesulfonyl)-3-(2-methoxyethoxy)-2-methylbenzoyl]-1H-pyrazol-5-yl}oxy)ethyl methyl carbonate,excluded,103,103,0.21978022158145905,678,181274-15-7
EPA,1011,874195-61-6,Triafamone (Ref: AE 1887198),excluded,103,103,0.29411765933036804,720,145701-23-1
EPA,1012,609346-29-4,Momfluorothrin (Ref: S-1563),included,103,102,0.35384616255760193,219,52645-53-1
EPA,1013,958647-10-4,(2Z)-2-[[2-Fluoro-5-(trifluoromethyl)phenyl]thio]-2-[3-(2-methoxyphenyl)-2-thiazolidinylidene]acetonitrile,excluded,103,103,0.21978022158145905,819,219714-96-2
EPA,1014,936331-72-5,Thiencarbazone,excluded,103,103,0.32894736528396606,678,181274-15-7
EPA,1015,915972-17-7,"Cyclopropanecarboxylic acid, [(3S,4R,4aR,6S,6aS,12R,12aS,12bS)-3-[(Cyclopropylcarbonyl)oxy]-1,3,4,4a,5,6,6a,12,12a,12b-decahydro-6,12-dihydroxy-4,6a,12b-trimethyl-11-oxo-9-(3-pyridinyl)-2H,11H-naphtho[2,1-b]pyrano[3,4-e]pyran-4-yl]methyl ester",excluded,103,103,0.20454545319080353,793,95266-40-3
EPA,1016,283159-90-0,Methyl 3-(4-chlorophenyl)-3-[(N-{[(propan-2-yl)oxy]carbonyl}valyl)amino]propanoate,excluded,103,103,0.2876712381839752,804,374726-62-2
EPA,1017,10361-94-1,Zinc borate,excluded,103,103,0.0555555559694767,90,40487-42-1
EPA,1018,1228284-64-7,"3-(Difluoromethyl)-N-methoxy-1-methyl-N-[1-(2,4,6-trichlorophenyl)propan-2-yl]-1H-pyrazole-4-carboxamide",included,103,102,0.3857142925262451,968,581809-46-3
EPA,1019,1417782-03-6,"2-[4-(4-Chlorophenoxy)-2-(trifluoromethyl)phenyl]-1-(1H-1,2,4-triazol-1-yl)propan-2-ol",included,103,102,0.41428571939468384,710,119446-68-3
EPA,1020,517875-34-2,Fenpicoxamid (Ref: XDE 777),excluded,103,103,0.21212121844291687,1030,1390661-72-9
EPA,1021,1689566-03-7,Flupyrimin,excluded,103,103,0.33870968222618103,713,138261-41-3
EPA,1022,1220411-29-9,"Methyl N-[2-({2-chloro-4-fluoro-5-[3-methyl-2,6-dioxo-4-(trifluoromethyl)-3,6-dihydropyrimidin-1(2H)-yl]phenyl}sulfanyl)propanoyl]-beta-alaninate",excluded,103,103,0.23076923191547394,805,129630-19-9
EPA,1023,69254-40-6,Glyphosate-diammonium,excluded,103,103,0.6000000238418579,440,1071-83-6
EPA,1024,1255734-28-1,Isoflucypram (Ref: BCS-CN88460),excluded,103,103,0.3378378450870514,1018,1228284-64-7
EPA,1025,1383809-87-7,Fluindapyr (Ref: IR9792),excluded,103,103,0.3552631437778473,991,1072957-71-1
EPA,1026,9050-36-6,Maltodextrin,excluded,103,103,0.12820513546466827,480,38641-94-0
EPA,1027,943832-60-8,Halauxifen (Ref: X11393729),excluded,103,103,0.4838709533214569,1030,1390661-72-9
EPA,1028,943012-36-0,"(1R,3R)-rel-3-[(1Z)-2-Chloro-3,3,3-trifluoro-1-propen-1-yl]-2,2-dimethylcyclopropanecarboxylic acid (2-methyl[1,1'-biphenyl]-3-yl)methyl ester mixt. with cyano(3-phenoxyphenyl)methyl 3-(2,2-dichloroethenyl)-2,2-dimethylcyclopropanecarboxylate",excluded,103,103,0.6805555820465088,250,65731-84-2
EPA,1029,873330-19-9,"(1S,3S)-rel-3-[(1Z)-2-Chloro-3,3,3-trifluoro-1-propen-1-yl]-2,2-dimethyl-(R)-cyano(3-phenoxyphenyl)methyl ester cyclopropanecarboxylic acid mixt. with 3-bromo-N-[4-chloro-2-methyl-6-[(methylamino)carbonyl]phenyl]-1-(3-chloro-2-pyridinyl)-1H-pyrazole-5-carboxamide",excluded,103,103,0.5051546096801758,250,65731-84-2
EPA,1030,1390661-72-9,Benzyl 4-amino-3-chloro-6-(4-chloro-2-fluoro-3-methoxyphenyl)-5-fluoropyridine-2-carboxylate,included,103,102,0.3214285671710968,35,1918-00-9
EPA,1031,34494-04-7,Glyphosate-dimethylammonium,excluded,103,103,0.8636363744735718,440,1071-83-6
EPA,1032,114370-14-8,Glyphosate-monoammonium,excluded,103,103,0.949999988079071,440,1071-83-6
EPA,1033,81777-95-9,Bixlozone (Ref: F9600),excluded,103,103,0.2295081913471222,943,81052-29-1
EPA,1034,2039-46-5,2-(4-Chloro-2-methylphenoxy)acetic acid compd. with N-methylmethanamine (1:1),excluded,103,103,0.90625,190,94-74-6
