Index,name,CAS,Tier,route,exposure,op,value_raw,unit,value,lower,upper,stage,duration,duration_op,duration_unit,daily_unit,conc_type,adult48,adult48ai,range_min_op,range_max_op,reference,author,year,title
339,"O-[4[(Dimethylamino)sulfonyl]phenyl]O,O-dimethylester phosphorothioic acid",52-85-7,3,Contact,Dermal,,0.417,ug/bee,0.417,0.417,0.417,Adult,2,,Day(s),False,Formulation,True,False,,,184644,U.S.Environmental Protection Agency,2020,Pesticide Ecotoxicity Database: Bee Studies
253,"O,O-Dimethyl O-[3-methyl-4-(methylthio)phenyl]ester phosphorothioic acid",55-38-9,3,Contact,Dermal,,0.308,ug/bee,0.308,0.308,0.308,Adult,2,,Day(s),False,Formulation,True,False,,,184644,U.S.Environmental Protection Agency,2020,Pesticide Ecotoxicity Database: Bee Studies
143,"Phosphorothioic acid, O,O-Diethyl-O-(4-nitrophenyl)ester",56-38-2,3,Contact,Dermal,,0.175,ug/bee,0.175,0.175,0.175,Adult,2,,Day(s),False,Formulation,True,False,,,184644,U.S.Environmental Protection Agency,2020,Pesticide Ecotoxicity Database: Bee Studies
143,"Phosphorothioic acid, O,O-Diethyl-O-(4-nitrophenyl)ester",56-38-2,3,Contact,Dermal,,0.10,ug/org,0.1,0.1,0.1,Adult,1,,Day(s),False,Active ingredient,False,False,,,38074,"Murray,A.",1985,"Acute and Residual Toxicity of a New Pyrethroid Insecticide, WL85871, to Honey-Bees"
143,"Phosphorothioic acid, O,O-Diethyl-O-(4-nitrophenyl)ester",56-38-2,3,Contact,Dermal,,0.09,ug/org,0.09,0.09,0.09,Adult,1,,Day(s),False,Active ingredient,False,False,,,38074,"Murray,A.",1985,"Acute and Residual Toxicity of a New Pyrethroid Insecticide, WL85871, to Honey-Bees"
143,"Phosphorothioic acid, O,O-Diethyl-O-(4-nitrophenyl)ester",56-38-2,3,Contact,Dermal,,0.07,ug/org,0.07,0.07,0.07,Adult,1,,Day(s),False,Active ingredient,False,False,,,38074,"Murray,A.",1985,"Acute and Residual Toxicity of a New Pyrethroid Insecticide, WL85871, to Honey-Bees"
143,"Phosphorothioic acid, O,O-Diethyl-O-(4-nitrophenyl)ester",56-38-2,3,Contact,Dermal,,0.0030,ug/org,0.003,0.003,0.003,Adult,2,,Day(s),False,Active ingredient,True,True,,,39126,"Torchio,P.F.",1973,"Relative Toxicity of Insecticides to the Honey Bee, Alkali Bee, and Alfalfa Leafcutting Bee (Hymenoptera: Apidae, Halictidae, Megachilidae)"
270,"Phosphorothioic acid O-(3-chloro-4-methyl-2-oxo-2H-1-benzopyran-7-yl) O,O-diethyl ester",56-72-4,2,Oral,"Diet, unspecified",,3.10,ug/org,3.1,3.1,3.1,Not reported,1,,Day(s),False,Formulation,False,False,,,101175,"Van Buren,N.W.M., A.G.H. Marien, R.C.H.M. Oudejans, and H.H.W. Velthuis",1992,"Perizin, an Acaricide to Combat the Mite Varroa jacobsoni:  Its Distribution in and Influence on the Honeybee Apis mellifera"
270,"Phosphorothioic acid O-(3-chloro-4-methyl-2-oxo-2H-1-benzopyran-7-yl) O,O-diethyl ester",56-72-4,2,Oral,"Diet, unspecified",,6.3,ug/org,6.3,6.3,6.3,Not reported,1,,Day(s),False,Formulation,False,False,,,101175,"Van Buren,N.W.M., A.G.H. Marien, R.C.H.M. Oudejans, and H.H.W. Velthuis",1992,"Perizin, an Acaricide to Combat the Mite Varroa jacobsoni:  Its Distribution in and Influence on the Honeybee Apis mellifera"
270,"Phosphorothioic acid O-(3-chloro-4-methyl-2-oxo-2H-1-benzopyran-7-yl) O,O-diethyl ester",56-72-4,2,Oral,"Diet, unspecified",,6.04,ug/org,6.04,6.04,6.04,Not reported,1,,Day(s),False,Formulation,False,False,,,101175,"Van Buren,N.W.M., A.G.H. Marien, R.C.H.M. Oudejans, and H.H.W. Velthuis",1992,"Perizin, an Acaricide to Combat the Mite Varroa jacobsoni:  Its Distribution in and Influence on the Honeybee Apis mellifera"
270,"Phosphorothioic acid O-(3-chloro-4-methyl-2-oxo-2H-1-benzopyran-7-yl) O,O-diethyl ester",56-72-4,2,Oral,"Diet, unspecified",,2.99,ug/org,2.99,2.99,2.99,Not reported,1,,Day(s),False,Formulation,False,False,,,101175,"Van Buren,N.W.M., A.G.H. Marien, R.C.H.M. Oudejans, and H.H.W. Velthuis",1992,"Perizin, an Acaricide to Combat the Mite Varroa jacobsoni:  Its Distribution in and Influence on the Honeybee Apis mellifera"
270,"Phosphorothioic acid O-(3-chloro-4-methyl-2-oxo-2H-1-benzopyran-7-yl) O,O-diethyl ester",56-72-4,2,Oral,Food,,2.70,ug/org,2.7,2.7,2.7,Larva,3,,Day(s),False,Active ingredient,False,False,,,175349,"Dai,P., C.J. Jack, A.N. Mortensen, and J.D. Ellis",2017,Acute Toxicity of Five Pesticides to Apis mellifera Larvae Reared In Vitro
15,"(1alpha,2alpha,3beta,4alpha,5alpha,6beta)-1,2,3,4,5,6-Hexachlorocyclohexane",58-89-9,3,Contact,Dermal,,0.20,ug/bee,0.2,0.2,0.2,Not reported,1,>=,Day(s),False,Formulation,False,False,,,35461,"Stevenson,J.H., P.H. Needham, and J. Walker",1978,Poisoning of Honeybees by Pesticides: Investigations of the Changing Pattern in Britain Over 20 Years
15,"(1alpha,2alpha,3beta,4alpha,5alpha,6beta)-1,2,3,4,5,6-Hexachlorocyclohexane",58-89-9,3,Contact,Dermal,,0.46,ug/bee,0.46,0.46,0.46,Not reported,1,>=,Day(s),False,Formulation,False,False,,,35461,"Stevenson,J.H., P.H. Needham, and J. Walker",1978,Poisoning of Honeybees by Pesticides: Investigations of the Changing Pattern in Britain Over 20 Years
15,"(1alpha,2alpha,3beta,4alpha,5alpha,6beta)-1,2,3,4,5,6-Hexachlorocyclohexane",58-89-9,3,Contact,Dermal,,0.035,ug/org,0.035,0.035,0.035,Adult,1,,Day(s),False,Active ingredient,False,False,,,191065,"Abdelwahab,A.M., F.M. Khalil, and M.H. Hussein",1973,Toxicity of Insecticides to Honey Bees in Laboratory and Field
15,"(1alpha,2alpha,3beta,4alpha,5alpha,6beta)-1,2,3,4,5,6-Hexachlorocyclohexane",58-89-9,3,Contact,Dermal,,0.562,ug/bee,0.562,0.562,0.562,Adult,2,,Day(s),False,Formulation,True,False,,,184644,U.S.Environmental Protection Agency,2020,Pesticide Ecotoxicity Database: Bee Studies
133,"O,O-Dimethyl S-[2-(methylamino)-2-oxoethyl]phosphorodithioic acid ester",60-51-5,3,Contact,"Topical, general",,0.31,ug/org,0.31,0.31,0.31,Adult,2,,Day(s),False,Formulation,True,False,,,168903,"Biddinger,D.J., J.L. Robertson, C. Mullin, J. Frazier, S.A. Ashcraft, E.G. Rajotte, N.K. Joshi, and M. Vaughn",2013,Comparative Toxicities and Synergism of Apple Orchard Pesticides to Apis mellifera (L.) and Osmia cornifrons (Radoszkowski)
133,"O,O-Dimethyl S-[2-(methylamino)-2-oxoethyl]phosphorodithioic acid ester",60-51-5,3,Contact,"Topical, general",,0.0224,ug/org,0.0224,0.0224,0.0224,Adult,1,,Day(s),False,Formulation,False,False,,,183290,"Abrol,D.P., and R.S. Andotra",2003,Relative Toxicity of Some Insecticides to Apis mellifera L
133,"O,O-Dimethyl S-[2-(methylamino)-2-oxoethyl]phosphorodithioic acid ester",60-51-5,3,Contact,Dermal,,0.188,ug/bee,0.188,0.188,0.188,Adult,2,,Day(s),False,Formulation,True,False,,,184644,U.S.Environmental Protection Agency,2020,Pesticide Ecotoxicity Database: Bee Studies
133,"O,O-Dimethyl S-[2-(methylamino)-2-oxoethyl]phosphorodithioic acid ester",60-51-5,3,Contact,Dermal,,0.16,AI ug/org,0.16,0.16,0.16,Adult,2,,Day(s),False,Active ingredient,True,True,,,191052,"Ladurner,E., J. Bosch, W.P. Kemp, and S. Maini",2005,Assessing Chronic and Acute Toxicity of Five Fungicides to Osmia lignaria and Apis mellifera
133,"O,O-Dimethyl S-[2-(methylamino)-2-oxoethyl]phosphorodithioic acid ester",60-51-5,3,Contact,Dermal,,0.16,AI ug/org,0.16,0.16,0.16,Adult,3,,Day(s),False,Active ingredient,False,False,,,191052,"Ladurner,E., J. Bosch, W.P. Kemp, and S. Maini",2005,Assessing Chronic and Acute Toxicity of Five Fungicides to Osmia lignaria and Apis mellifera
133,"O,O-Dimethyl S-[2-(methylamino)-2-oxoethyl]phosphorodithioic acid ester",60-51-5,3,Contact,Dermal,,0.19,AI ug/org,0.19,0.19,0.19,Adult,1,,Day(s),False,Active ingredient,False,False,,,191052,"Ladurner,E., J. Bosch, W.P. Kemp, and S. Maini",2005,Assessing Chronic and Acute Toxicity of Five Fungicides to Osmia lignaria and Apis mellifera
133,"O,O-Dimethyl S-[2-(methylamino)-2-oxoethyl]phosphorodithioic acid ester",60-51-5,3,Contact,Dermal,,0.12,ug/bee,0.12,0.12,0.12,Not reported,1,>=,Day(s),False,Formulation,False,False,,,35461,"Stevenson,J.H., P.H. Needham, and J. Walker",1978,Poisoning of Honeybees by Pesticides: Investigations of the Changing Pattern in Britain Over 20 Years
133,"O,O-Dimethyl S-[2-(methylamino)-2-oxoethyl]phosphorodithioic acid ester",60-51-5,3,Contact,"Topical, general",,0.19,AI ug/org,0.19,0.19,0.19,Adult,1,,Day(s),False,Active ingredient,False,False,,,180646,"Wilkins,P.",2001,"Perfluorooctanesulfonate, Potassium Salt (PFOS): An Acute Contact Toxicity Study with the Honey Bee"
133,"O,O-Dimethyl S-[2-(methylamino)-2-oxoethyl]phosphorodithioic acid ester",60-51-5,3,Contact,"Topical, general",,0.19,AI ug/org,0.19,0.19,0.19,Adult,4,,Day(s),False,Active ingredient,False,False,,,180646,"Wilkins,P.",2001,"Perfluorooctanesulfonate, Potassium Salt (PFOS): An Acute Contact Toxicity Study with the Honey Bee"
133,"O,O-Dimethyl S-[2-(methylamino)-2-oxoethyl]phosphorodithioic acid ester",60-51-5,3,Contact,"Topical, general",,0.19,AI ug/org,0.19,0.19,0.19,Adult,2,,Day(s),False,Active ingredient,True,True,,,180646,"Wilkins,P.",2001,"Perfluorooctanesulfonate, Potassium Salt (PFOS): An Acute Contact Toxicity Study with the Honey Bee"
133,"O,O-Dimethyl S-[2-(methylamino)-2-oxoethyl]phosphorodithioic acid ester",60-51-5,3,Contact,"Topical, general",,0.20,AI ug/org,0.2,0.2,0.2,Adult,3,,Day(s),False,Active ingredient,False,False,,,180646,"Wilkins,P.",2001,"Perfluorooctanesulfonate, Potassium Salt (PFOS): An Acute Contact Toxicity Study with the Honey Bee"
133,"O,O-Dimethyl S-[2-(methylamino)-2-oxoethyl]phosphorodithioic acid ester",60-51-5,3,Contact,Dermal,,0.16,ug/org,0.16,0.16,0.16,Adult,1,,Day(s),False,Active ingredient,False,False,,,38074,"Murray,A.",1985,"Acute and Residual Toxicity of a New Pyrethroid Insecticide, WL85871, to Honey-Bees"
133,"O,O-Dimethyl S-[2-(methylamino)-2-oxoethyl]phosphorodithioic acid ester",60-51-5,3,Contact,"Topical, general",,0.16,AI ug/org,0.16,0.16,0.16,Not reported,3,,Day(s),False,Active ingredient,False,False,,,87252,"Ladurner,E., J. Bosch, W.P. Kemp, and S. Maini",2005,Assessing Delayed and Acute Toxicity of Five Formulated Fungicides to Osmia lignaria Say and Apis mellifera
133,"O,O-Dimethyl S-[2-(methylamino)-2-oxoethyl]phosphorodithioic acid ester",60-51-5,3,Contact,"Topical, general",,0.16,AI ug/org,0.16,0.16,0.16,Not reported,2,,Day(s),False,Active ingredient,False,False,,,87252,"Ladurner,E., J. Bosch, W.P. Kemp, and S. Maini",2005,Assessing Delayed and Acute Toxicity of Five Formulated Fungicides to Osmia lignaria Say and Apis mellifera
133,"O,O-Dimethyl S-[2-(methylamino)-2-oxoethyl]phosphorodithioic acid ester",60-51-5,3,Contact,"Topical, general",,0.19,AI ug/org,0.19,0.19,0.19,Not reported,1,,Day(s),False,Active ingredient,False,False,,,87252,"Ladurner,E., J. Bosch, W.P. Kemp, and S. Maini",2005,Assessing Delayed and Acute Toxicity of Five Formulated Fungicides to Osmia lignaria Say and Apis mellifera
133,"O,O-Dimethyl S-[2-(methylamino)-2-oxoethyl]phosphorodithioic acid ester",60-51-5,3,Contact,Dermal,,0.0014,ug/org,0.0014,0.0014,0.0014,Adult,2,,Day(s),False,Formulation,True,False,,,39126,"Torchio,P.F.",1973,"Relative Toxicity of Insecticides to the Honey Bee, Alkali Bee, and Alfalfa Leafcutting Bee (Hymenoptera: Apidae, Halictidae, Megachilidae)"
214,"(1aR,2R,2aS,3S,6R,6aR,7S,7aS)-rel-3,4,5,6,9,9-Hexachloro-1a,2,2a,3,6,6a,7,7a-octahydro-2,7:3,6-dimethanonaphth[2,3-b]oxirene ",60-57-1,3,Contact,Dermal,,0.16,ug/bee,0.16,0.16,0.16,Not reported,1,>=,Day(s),False,Formulation,False,False,,,35461,"Stevenson,J.H., P.H. Needham, and J. Walker",1978,Poisoning of Honeybees by Pesticides: Investigations of the Changing Pattern in Britain Over 20 Years
214,"(1aR,2R,2aS,3S,6R,6aR,7S,7aS)-rel-3,4,5,6,9,9-Hexachloro-1a,2,2a,3,6,6a,7,7a-octahydro-2,7:3,6-dimethanonaphth[2,3-b]oxirene ",60-57-1,3,Contact,"Topical, general",,37.2,ng/org,0.037200000000000004,0.037200000000000004,0.037200000000000004,Adult,1,,Day(s),False,Formulation,False,False,,,157762,"Johnson,R.M., W. Mao, H.S. Pollock, G. Niu, M.A. Schuler, and M.R. Berenbaum",2012,Ecologically Appropriate Xenobiotics Induce Cytochrome P450s in Apis mellifera
214,"(1aR,2R,2aS,3S,6R,6aR,7S,7aS)-rel-3,4,5,6,9,9-Hexachloro-1a,2,2a,3,6,6a,7,7a-octahydro-2,7:3,6-dimethanonaphth[2,3-b]oxirene ",60-57-1,3,Contact,Dermal,,0.139,ug/bee,0.139,0.139,0.139,Adult,2,,Day(s),False,Formulation,True,False,,,184644,U.S.Environmental Protection Agency,2020,Pesticide Ecotoxicity Database: Bee Studies
214,"(1aR,2R,2aS,3S,6R,6aR,7S,7aS)-rel-3,4,5,6,9,9-Hexachloro-1a,2,2a,3,6,6a,7,7a-octahydro-2,7:3,6-dimethanonaphth[2,3-b]oxirene ",60-57-1,3,Contact,Dermal,,0.0006,ug/org,0.0006,0.0006,0.0006,Adult,2,,Day(s),False,Formulation,True,False,,,39126,"Torchio,P.F.",1973,"Relative Toxicity of Insecticides to the Honey Bee, Alkali Bee, and Alfalfa Leafcutting Bee (Hymenoptera: Apidae, Halictidae, Megachilidae)"
199,"1-Naphthaleneacetic acid, Sodium salt",61-31-4,1,Contact,Dermal,>,96.7,AI ug/org,96.7,96.70000009670001,inf,Adult,2,,Day(s),False,Active ingredient,True,True,,,184644,U.S.Environmental Protection Agency,2020,Pesticide Ecotoxicity Database: Bee Studies
243,"1H-1,2,4-Triazol-3-amine",61-82-5,0,Contact,Dermal,>,200,AI ug/org,200.0,200.00000020000002,inf,Adult,3,,Day(s),False,Formulation,False,False,,,184644,U.S.Environmental Protection Agency,2020,Pesticide Ecotoxicity Database: Bee Studies
243,"1H-1,2,4-Triazol-3-amine",61-82-5,0,Contact,Dermal,>,12.09,ug/bee,12.09,12.09000001209,inf,Adult,2,,Day(s),False,Formulation,True,False,,,184644,U.S.Environmental Protection Agency,2020,Pesticide Ecotoxicity Database: Bee Studies
80,(Acetato-kappaO)phenylmercury,62-38-4,2,Oral,"Diet, unspecified",,10,ug/bee,10.0,10.0,10.0,Not reported,1,>=,Day(s),False,Total,False,False,,,35461,"Stevenson,J.H., P.H. Needham, and J. Walker",1978,Poisoning of Honeybees by Pesticides: Investigations of the Changing Pattern in Britain Over 20 Years
19,"Phosphoric acid 2,2-dichloroethenyl dimethyl ester",62-73-7,3,Contact,Dermal,,0.495,ug/bee,0.495,0.495,0.495,Adult,2,,Day(s),False,Formulation,True,False,,,184644,U.S.Environmental Protection Agency,2020,Pesticide Ecotoxicity Database: Bee Studies
33,1-Naphthalenol methylcarbamate,63-25-2,3,Contact,Dermal,,1.34,ug/bee,1.34,1.34,1.34,Adult,2,,Day(s),False,Formulation,True,False,,,184644,U.S.Environmental Protection Agency,2020,Pesticide Ecotoxicity Database: Bee Studies
33,1-Naphthalenol methylcarbamate,63-25-2,3,Contact,Dermal,,1.02,ug/bee,1.02,1.02,1.02,Adult,2,,Day(s),False,Formulation,True,False,,,184644,U.S.Environmental Protection Agency,2020,Pesticide Ecotoxicity Database: Bee Studies
33,1-Naphthalenol methylcarbamate,63-25-2,3,Contact,Dermal,,1.88,ug/bee,1.88,1.88,1.88,Adult,2,,Day(s),False,Formulation,True,False,,,184644,U.S.Environmental Protection Agency,2020,Pesticide Ecotoxicity Database: Bee Studies
33,1-Naphthalenol methylcarbamate,63-25-2,3,Contact,"Topical, general",,0.212,ug/org,0.212,0.212,0.212,Not reported,1,,Day(s),False,Formulation,False,False,,,67983,"Mansour,S.A., and M.K. Al-Jalili",1985,Determination of Residues of Some Insecticides in Clover Flowers:  A Bioassay Method Using Honeybee Adults
33,1-Naphthalenol methylcarbamate,63-25-2,3,Contact,"Topical, general",,0.75,ug/org,0.75,0.75,0.75,Not reported,1,,Day(s),False,Formulation,False,False,,,104007,"Reay,R.C., and D.K. Lewis",1966,Evidence for Differences in Mode of Action Between Two Related Carbamate Insecticides
33,1-Naphthalenol methylcarbamate,63-25-2,3,Contact,"Topical, general",~,0.18,ug/org,0.18,0.18,0.18,Adult,21,,Day(s),False,Active ingredient,False,False,,,110800,"Smirlei,M.J.",1990,The Influence of Detoxifying Enzymes on Insecticide Tolerance in Honey Bee Colonies (Hymenoptera: Apidae)
33,1-Naphthalenol methylcarbamate,63-25-2,3,Contact,"Topical, general",~,0.14,ug/org,0.14,0.14,0.14,Adult,21,,Day(s),False,Active ingredient,False,False,,,110800,"Smirlei,M.J.",1990,The Influence of Detoxifying Enzymes on Insecticide Tolerance in Honey Bee Colonies (Hymenoptera: Apidae)
33,1-Naphthalenol methylcarbamate,63-25-2,3,Contact,Dermal,,1.809,AI ug/org,1.809,1.809,1.809,Adult,1,,Day(s),False,Active ingredient,False,False,,,191066,"Sihag,R.C., S. Kumar, and S. Gahlawat",1998,"Acute Contact Toxicity of Endosulfan and Carbaryl Insecticides to Two Honeybee Species, Apis mellifera L. and Apis dorsata F"
33,1-Naphthalenol methylcarbamate,63-25-2,3,Contact,Dermal,,0.123,ug/org,0.123,0.123,0.123,Adult,1,,Day(s),False,Active ingredient,False,False,,,191065,"Abdelwahab,A.M., F.M. Khalil, and M.H. Hussein",1973,Toxicity of Insecticides to Honey Bees in Laboratory and Field
33,1-Naphthalenol methylcarbamate,63-25-2,3,Contact,"Topical, general",,1.1,ug/org,1.1,1.1,1.1,Adult,1,,Day(s),False,Formulation,False,False,,,96420,"Stevenson,J.H.",1968,Laboratory Studies on the Acute Contact and Oral Toxicities of Insecticides to Honeybees
33,1-Naphthalenol methylcarbamate,63-25-2,3,Contact,"Topical, general",,1.3,ug/org,1.3,1.3,1.3,Adult,1,,Day(s),False,Formulation,False,False,,,96420,"Stevenson,J.H.",1968,Laboratory Studies on the Acute Contact and Oral Toxicities of Insecticides to Honeybees
33,1-Naphthalenol methylcarbamate,63-25-2,3,Contact,"Topical, general",,0.385,AI ug/org,0.385,0.385,0.385,Adult,2,,Day(s),False,Active ingredient,True,True,,,39551,"Helson,B.V., K.N. Barber, and P.D. Kingsbury",1994,Laboratory Toxicology of Six Forestry Insecticides to Four Species of Bee (Hymenoptera: Apoidea)
33,1-Naphthalenol methylcarbamate,63-25-2,3,Contact,Dermal,,1.3,ug/bee,1.3,1.3,1.3,Not reported,1,>=,Day(s),False,Formulation,False,False,,,35461,"Stevenson,J.H., P.H. Needham, and J. Walker",1978,Poisoning of Honeybees by Pesticides: Investigations of the Changing Pattern in Britain Over 20 Years
33,1-Naphthalenol methylcarbamate,63-25-2,3,Contact,"Topical, general",,0.142,ug/org,0.142,0.142,0.142,Not reported,1,,Day(s),False,Formulation,False,False,,,70542,"MacKenzie,K.E., and M.L. Winston",1989,"The Effects of Sublethal Exposure to Diazinon, Carbaryl and Resmethrin on Longevity and Foraging in Apis mellifera L."
33,1-Naphthalenol methylcarbamate,63-25-2,3,Contact,"Topical, general",,0.055,ug/org,0.055,0.055,0.055,"New, newly or recent hatch",1,,Day(s),False,Formulation,False,False,,,70542,"MacKenzie,K.E., and M.L. Winston",1989,"The Effects of Sublethal Exposure to Diazinon, Carbaryl and Resmethrin on Longevity and Foraging in Apis mellifera L."
33,1-Naphthalenol methylcarbamate,63-25-2,3,Contact,"Topical, general",,0.96,ug/org,0.96,0.96,0.96,Adult,1,,Day(s),False,Formulation,False,False,,,101387,"Graves,J.B., and O. Mackensen",1965,Topical Application and Insecticide Resistance Studies on the Honey Bee
33,1-Naphthalenol methylcarbamate,63-25-2,3,Contact,"Topical, general",,0.78,ug/org,0.78,0.78,0.78,Adult,1,,Day(s),False,Formulation,False,False,,,101387,"Graves,J.B., and O. Mackensen",1965,Topical Application and Insecticide Resistance Studies on the Honey Bee
33,1-Naphthalenol methylcarbamate,63-25-2,3,Contact,"Topical, general",,0.0428,ug/org,0.0428,0.0428,0.0428,Adult,1,,Day(s),False,Formulation,False,False,,,183290,"Abrol,D.P., and R.S. Andotra",2003,Relative Toxicity of Some Insecticides to Apis mellifera L
33,1-Naphthalenol methylcarbamate,63-25-2,3,Contact,Dermal,,1.34,ug/bee,1.34,1.34,1.34,Adult,2,,Day(s),False,Formulation,True,False,,,184644,U.S.Environmental Protection Agency,2020,Pesticide Ecotoxicity Database: Bee Studies
3,Benzoic acid,65-85-0,1,Contact,Dermal,>,12.5,AI ug/org,12.5,12.500000012500001,inf,Adult,2,,Day(s),False,Active ingredient,True,True,,,184644,U.S.Environmental Protection Agency,2020,Pesticide Ecotoxicity Database: Bee Studies
193,"4-[(2R)-2-[(1S,3S,5S)-3,5-Dimethyl-2-oxocyclohexyl]-2-hydroxyethyl]-2,6-piperidinedione",66-81-9,0,Contact,Dermal,>,241.72,ug/bee,241.72,241.72000024172002,inf,Adult,2,,Day(s),False,Formulation,True,False,,,184644,U.S.Environmental Protection Agency,2020,Pesticide Ecotoxicity Database: Bee Studies
144,"1,1'-(2,2-Dichloroethylidene)bis[4-chlorobenzene]",72-54-8,0,Contact,Dermal,,161,ug/bee,161.0,161.0,161.0,Adult,2,,Day(s),False,Formulation,True,False,,,184644,U.S.Environmental Protection Agency,2020,Pesticide Ecotoxicity Database: Bee Studies
233,"1,1'-(2,2-Dichloroethylidene)bis[4-ethylbenzene",72-56-0,2,Contact,Dermal,,4.47,ug/bee,4.47,4.47,4.47,Adult,2,,Day(s),False,Formulation,True,False,,,184644,U.S.Environmental Protection Agency,2020,Pesticide Ecotoxicity Database: Bee Studies
98,"As,As-Dimethylarsinic acid",75-60-5,0,Contact,Dermal,>,157.12,ug/bee,157.12,157.12000015712002,inf,Adult,2,,Day(s),False,Formulation,True,False,,,184644,U.S.Environmental Protection Agency,2020,Pesticide Ecotoxicity Database: Bee Studies
249,"2,2-Dichloropropanoic acid",75-99-0,1,Contact,Dermal,>,24.17,ug/bee,24.17,24.170000024170005,inf,Adult,2,,Day(s),False,Formulation,True,False,,,184644,U.S.Environmental Protection Agency,2020,Pesticide Ecotoxicity Database: Bee Studies
52,Trichloronitromethane,76-06-2,1,Contact,Dermal,>,100,AI ug/org,100.0,100.00000010000001,inf,Adult,2,,Day(s),False,Active ingredient,True,True,,,184644,U.S.Environmental Protection Agency,2020,Pesticide Ecotoxicity Database: Bee Studies
205,"1,4,5,6,7,8,8-Heptachloro-3a,4,7,7a-tetrahydro-4,7-methano-1H-indene",76-44-8,3,Contact,Dermal,,0.526,ug/bee,0.526,0.526,0.526,Adult,2,,Day(s),False,Formulation,True,False,,,184644,U.S.Environmental Protection Agency,2020,Pesticide Ecotoxicity Database: Bee Studies
145,Hydroxytriphenylstannane,76-87-9,0,Contact,Dermal,>,114.82,ug/bee,114.82,114.82000011482,inf,Adult,2,,Day(s),False,Formulation,True,False,,,184644,U.S.Environmental Protection Agency,2020,Pesticide Ecotoxicity Database: Bee Studies
251,Delnav,78-34-2,1,Contact,Dermal,,21.27,ug/bee,21.27,21.27,21.27,Adult,2,,Day(s),False,Formulation,True,False,,,184644,U.S.Environmental Protection Agency,2020,Pesticide Ecotoxicity Database: Bee Studies
307,"S-[(4,6-Diamino-1,3,5-triazin-2-yl)methyl]O,O-dimethyl ester phosphorodithioic acid",78-57-9,3,Oral,"Diet, unspecified",,0.46,ug/bee,0.46,0.46,0.46,Not reported,1,>=,Day(s),False,Formulation,False,False,,,35461,"Stevenson,J.H., P.H. Needham, and J. Walker",1978,Poisoning of Honeybees by Pesticides: Investigations of the Changing Pattern in Britain Over 20 Years
102,4-Chloro-alpha-(4-chlorophenyl)-alpha-methylbenzenemethanol,80-06-8,1,Contact,Dermal,>,50,ug/bee,50.0,50.000000050000004,inf,Not reported,1,>=,Day(s),False,Formulation,False,False,,,35461,"Stevenson,J.H., P.H. Needham, and J. Walker",1978,Poisoning of Honeybees by Pesticides: Investigations of the Changing Pattern in Britain Over 20 Years
151,"1,2,3,4,5-Pentachloro-6-nitrobenzene",82-68-8,1,Contact,Dermal,>,100,AI ug/org,100.0,100.00000010000001,inf,Adult,2,,Day(s),False,Active ingredient,True,True,,,184644,U.S.Environmental Protection Agency,2020,Pesticide Ecotoxicity Database: Bee Studies
151,"1,2,3,4,5-Pentachloro-6-nitrobenzene",82-68-8,1,Contact,Dermal,>,100,AI ug/org,100.0,100.00000010000001,inf,Adult,2,,Day(s),False,Active ingredient,True,True,,,184644,U.S.Environmental Protection Agency,2020,Pesticide Ecotoxicity Database: Bee Studies
246,"O,O-Dimethyl S-[(4-oxo-1,2,3-benzotriazin-3(4H)-yl)methyl] ester, Phosphorodithioic acid",86-50-0,3,Oral,"Diet, unspecified",,0.15,ug/bee,0.15,0.15,0.15,Not reported,1,>=,Day(s),False,Formulation,False,False,,,35461,"Stevenson,J.H., P.H. Needham, and J. Walker",1978,Poisoning of Honeybees by Pesticides: Investigations of the Changing Pattern in Britain Over 20 Years
118,1-Naphthaleneacetic acid,86-87-3,1,Oral,Food,>,25,AI ug/org/d,25.0,25.000000025000002,inf,Larva,8,,Day(s),True,Active ingredient,False,False,,,184644,U.S.Environmental Protection Agency,2020,Pesticide Ecotoxicity Database: Bee Studies
27,"2,3,4,5,6-Pentachlorophenol",87-86-5,1,Contact,Dermal,>,48.34,ug/bee,48.34,48.34000004834001,inf,Adult,2,,Day(s),False,Formulation,True,False,,,184644,U.S.Environmental Protection Agency,2020,Pesticide Ecotoxicity Database: Bee Studies
215,"2-(1-Methylpropyl)-4,6-dinitrophenol",88-85-7,1,Contact,Dermal,,36.26,AI ug/org,36.26,36.26,36.26,Adult,2,,Day(s),False,Formulation,True,False,,,184644,U.S.Environmental Protection Agency,2020,Pesticide Ecotoxicity Database: Bee Studies
43,5-Methyl-2-(1-methylethyl)phenol,89-83-8,1,Contact,"Topical, general",,55.1,ug/org,55.1,55.1,55.1,Adult,1,,Day(s),False,Active ingredient,False,False,,,167739,"Johnson,R.M., L. Dahlgren, B.D. Siegfried, and M.D. Ellis",2013,"Acaricide, Fungicide and Drug Interactions in Honey Bees (Apis mellifera)"
49,"Benzoic acid, Methyl ester",93-58-3,0,Other,"Spray, unspecified",,0.37,AI mg/org,370.0,370.0,370.0,Adult,2,,Day(s),False,Active ingredient,True,True,,,184316,"Zhu,Y.C., Y.H. Wang, M. Portilla, K. Parys, and W.H. Li",2019,"Risk and Toxicity Assessment of a Potential Natural Insecticide, Methyl Benzoate, in Honey Bees (Apis mellifera L.)"
255,"2-(2,4,5-Trichlorophenoxy)propanoic acid",93-72-1,0,Contact,Dermal,>,241.72,ug/bee,241.72,241.72000024172002,inf,Adult,2,,Day(s),False,Formulation,True,False,,,184644,U.S.Environmental Protection Agency,2020,Pesticide Ecotoxicity Database: Bee Studies
325,"1,3-Dithiolo[4,5-b]quinoxaline-2-thione",93-75-4,0,Contact,Dermal,,121,AI ug/org,121.0,121.0,121.0,Adult,2,,Day(s),False,Formulation,True,False,,,184644,U.S.Environmental Protection Agency,2020,Pesticide Ecotoxicity Database: Bee Studies
206,"2-(2,4,5-Trichlorophenoxy)acetic acid, Butyl ester",93-79-8,0,Oral,Food,,482.3,ug/bee,482.3,482.3,482.3,Not reported,1,,Day(s),False,Formulation,False,False,,,39264,"Wahl,O., and K. Ulm",1983,Influence of Pollen Feeding and Physiological Condition on Pesticide Sensitivity of the Honey Bee Apis mellifera carnica
206,"2-(2,4,5-Trichlorophenoxy)acetic acid, Butyl ester",93-79-8,0,Oral,Food,,421.5,ug/bee,421.5,421.5,421.5,Not reported,1,,Day(s),False,Formulation,False,False,,,39264,"Wahl,O., and K. Ulm",1983,Influence of Pollen Feeding and Physiological Condition on Pesticide Sensitivity of the Honey Bee Apis mellifera carnica
206,"2-(2,4,5-Trichlorophenoxy)acetic acid, Butyl ester",93-79-8,0,Oral,Food,,709.3,ug/bee,709.3,709.3,709.3,Not reported,1,,Day(s),False,Formulation,False,False,,,39264,"Wahl,O., and K. Ulm",1983,Influence of Pollen Feeding and Physiological Condition on Pesticide Sensitivity of the Honey Bee Apis mellifera carnica
206,"2-(2,4,5-Trichlorophenoxy)acetic acid, Butyl ester",93-79-8,0,Oral,Food,,585.8,ug/bee,585.8,585.8,585.8,Not reported,1,,Day(s),False,Formulation,False,False,,,39264,"Wahl,O., and K. Ulm",1983,Influence of Pollen Feeding and Physiological Condition on Pesticide Sensitivity of the Honey Bee Apis mellifera carnica
190,2-(4-Chloro-2-methylphenoxy)acetic acid,94-74-6,1,Contact,Dermal,>,194,AI ug/org,194.0,194.00000019400002,inf,Adult,2,,Day(s),False,Active ingredient,True,True,,,184644,U.S.Environmental Protection Agency,2020,Pesticide Ecotoxicity Database: Bee Studies
190,2-(4-Chloro-2-methylphenoxy)acetic acid,94-74-6,1,Contact,Dermal,>,24.17,ug/bee,24.17,24.170000024170005,inf,Adult,2,,Day(s),False,Formulation,True,False,,,184644,U.S.Environmental Protection Agency,2020,Pesticide Ecotoxicity Database: Bee Studies
190,2-(4-Chloro-2-methylphenoxy)acetic acid,94-74-6,1,Contact,Dermal,>,100,ug/bee,100.0,100.00000010000001,inf,Not reported,1,>=,Day(s),False,Formulation,False,False,,,35461,"Stevenson,J.H., P.H. Needham, and J. Walker",1978,Poisoning of Honeybees by Pesticides: Investigations of the Changing Pattern in Britain Over 20 Years
75,2-Furancarboxaldehyde,98-01-1,1,Contact,Dermal,>,100,AI ug/org,100.0,100.00000010000001,inf,Adult,2,,Day(s),False,Active ingredient,True,True,,,184644,U.S.Environmental Protection Agency,2020,Pesticide Ecotoxicity Database: Bee Studies
117,As-(4-Aminophenyl)arsonic acid,98-50-0,1,Contact,Dermal,>,100,AI ug/org,100.0,100.00000010000001,inf,Adult,4,,Day(s),False,Active ingredient,False,False,,,184644,U.S.Environmental Protection Agency,2020,Pesticide Ecotoxicity Database: Bee Studies
117,As-(4-Aminophenyl)arsonic acid,98-50-0,1,Contact,Dermal,>,100,AI ug/org,100.0,100.00000010000001,inf,Adult,2,,Day(s),False,Active ingredient,True,True,,,184644,U.S.Environmental Protection Agency,2020,Pesticide Ecotoxicity Database: Bee Studies
198,"2,6-Dichloro-4-nitrobenzenamine",99-30-9,0,Contact,Dermal,>,181.29,ug/bee,181.29,181.29000018129,inf,Adult,2,,Day(s),False,Formulation,True,False,,,184644,U.S.Environmental Protection Agency,2020,Pesticide Ecotoxicity Database: Bee Studies
241,"N-(3-Chlorophenyl)carbamic acid, 1-Methylethyl ester",101-21-3,1,Contact,Dermal,>,36.26,ug/bee,36.26,36.26000003626,inf,Adult,2,,Day(s),False,Formulation,True,False,,,184644,U.S.Environmental Protection Agency,2020,Pesticide Ecotoxicity Database: Bee Studies
6,"(2E)-3,7-Dimethyl-2,6-octadien-1-ol",106-24-1,1,Oral,"Diet, unspecified",,43,ug/org,43.0,43.0,43.0,Not reported,1,,Day(s),False,Active ingredient,False,False,,,184478,"Santos,A.C.C., P.F. Cristaldo, A.P.A. Araujo, C.R. Melo, A.P.S. Lima, E.D.R. Santana, B.M.S. De Oliveira, J.W.S. Olivei",2018,Apis mellifera (Insecta: Hymenoptera) in the Target of Neonicotinoids: A One-Way Ticket? Bioinsecticides can be an Alternative
44,Chloroethylmercury,107-27-7,1,Oral,"Diet, unspecified",,13,ug/bee,13.0,13.0,13.0,Not reported,1,>=,Day(s),False,Total,False,False,,,35461,"Stevenson,J.H., P.H. Needham, and J. Walker",1978,Poisoning of Honeybees by Pesticides: Investigations of the Changing Pattern in Britain Over 20 Years
73,Tetraethyl ester diphosphoric acid,107-49-3,3,Contact,Dermal,,0.001,ug/bee,0.001,0.001,0.001,Adult,2,,Day(s),False,Formulation,True,False,,,184644,U.S.Environmental Protection Agency,2020,Pesticide Ecotoxicity Database: Bee Studies
73,Tetraethyl ester diphosphoric acid,107-49-3,3,Contact,Dermal,,0.0020,ug/org,0.002,0.002,0.002,Adult,2,,Day(s),False,Active ingredient,True,True,,,39126,"Torchio,P.F.",1973,"Relative Toxicity of Insecticides to the Honey Bee, Alkali Bee, and Alfalfa Leafcutting Bee (Hymenoptera: Apidae, Halictidae, Megachilidae)"
82,Nonanoic acid,112-05-0,1,Contact,Dermal,>,25,AI ug/org,25.0,25.000000025000002,inf,Adult,2,,Day(s),False,Active ingredient,True,True,,,184644,U.S.Environmental Protection Agency,2020,Pesticide Ecotoxicity Database: Bee Studies
100,"2-(1-Methylethoxy)phenol, 1-(N-Methylcarbamate)",114-26-1,3,Contact,"Topical, general",,0.112,ug/org,0.112,0.112,0.112,Not reported,1,,Day(s),False,Formulation,False,False,,,67983,"Mansour,S.A., and M.K. Al-Jalili",1985,Determination of Residues of Some Insecticides in Clover Flowers:  A Bioassay Method Using Honeybee Adults
100,"2-(1-Methylethoxy)phenol, 1-(N-Methylcarbamate)",114-26-1,3,Contact,"Topical, general",~,0.07,ug/org,0.07,0.07,0.07,Adult,21,,Day(s),False,Active ingredient,False,False,,,110800,"Smirlei,M.J.",1990,The Influence of Detoxifying Enzymes on Insecticide Tolerance in Honey Bee Colonies (Hymenoptera: Apidae)
100,"2-(1-Methylethoxy)phenol, 1-(N-Methylcarbamate)",114-26-1,3,Contact,Dermal,,1.35,ug/bee,1.35,1.35,1.35,Adult,2,,Day(s),False,Formulation,True,False,,,184644,U.S.Environmental Protection Agency,2020,Pesticide Ecotoxicity Database: Bee Studies
247,"N,N,N',N'-Tetramethylphosphorodiamidic fluoride",115-26-4,2,Oral,Food,,0.001905,mg/org,1.905,1.905,1.905,Adult,1,,Day(s),False,Formulation,False,False,,,64839,"Jones,G.D.G., and J.U. Connell",1954,Studies of the Toxicity to Worker Honey-Bees (Apis mellifera L.) of Certain Chemicals Used in Plant Protection
121,4-Chloro-alpha-(4-chlorophenyl)-alpha-(trichloromethyl)benzenemethanol,115-32-2,2,Oral,"Diet, unspecified",>,10,ug/bee,10.0,10.00000001,inf,Not reported,1,>=,Day(s),False,Formulation,False,False,,,35461,"Stevenson,J.H., P.H. Needham, and J. Walker",1978,Poisoning of Honeybees by Pesticides: Investigations of the Changing Pattern in Britain Over 20 Years
351,"Phosphorothioic acid, O,O-Diethyl O(4-methylsulfinyl)phenyl)ester",115-90-2,3,Contact,Dermal,,0.35,ug/bee,0.35,0.35,0.35,Adult,2,,Day(s),False,Formulation,True,False,,,184644,U.S.Environmental Protection Agency,2020,Pesticide Ecotoxicity Database: Bee Studies
345,2-Methyl-2-(methylthio)propanol O-[(methylamino)carbonyl]oxime,116-06-3,3,Contact,Dermal,,0.285,ug/bee,0.285,0.285,0.285,Adult,2,,Day(s),False,Formulation,True,False,,,184644,U.S.Environmental Protection Agency,2020,Pesticide Ecotoxicity Database: Bee Studies
319,"N,N-dimethylcarbamic acid 3-methyl-1-(1-methylethyl)-1H-pyrazol-5-yl ester",119-38-0,3,Contact,Dermal,,0.471,ug/bee,0.471,0.471,0.471,Adult,2,,Day(s),False,Formulation,True,False,,,184644,U.S.Environmental Protection Agency,2020,Pesticide Ecotoxicity Database: Bee Studies
96,"1,2,3,4-Tetrahydronaphthalene",119-64-2,3,Contact,Dermal,>,0.336,ug/bee,0.336,0.336000000336,inf,Adult,2,,Day(s),False,Formulation,True,False,,,184644,U.S.Environmental Protection Agency,2020,Pesticide Ecotoxicity Database: Bee Studies
92,"2-[(Dimethoxyphosphinothioyl)thio]butanedioic acid 1,4-diethyl ester",121-75-5,3,Contact,Dermal,,0.709,ug/bee,0.709,0.709,0.709,Adult,2,,Day(s),False,Formulation,True,False,,,184644,U.S.Environmental Protection Agency,2020,Pesticide Ecotoxicity Database: Bee Studies
92,"2-[(Dimethoxyphosphinothioyl)thio]butanedioic acid 1,4-diethyl ester",121-75-5,3,Contact,Dermal,,0.156,AI ug/org,0.156,0.156,0.156,Adult,4,,Day(s),False,Active ingredient,False,False,,,184644,U.S.Environmental Protection Agency,2020,Pesticide Ecotoxicity Database: Bee Studies
92,"2-[(Dimethoxyphosphinothioyl)thio]butanedioic acid 1,4-diethyl ester",121-75-5,3,Contact,Dermal,,0.19,AI ug/org,0.19,0.19,0.19,Adult,4,,Day(s),False,Formulation,False,False,,,184644,U.S.Environmental Protection Agency,2020,Pesticide Ecotoxicity Database: Bee Studies
92,"2-[(Dimethoxyphosphinothioyl)thio]butanedioic acid 1,4-diethyl ester",121-75-5,3,Contact,"Topical, general",,0.0273,ug/org,0.0273,0.0273,0.0273,Adult,1,,Day(s),False,Formulation,False,False,,,183290,"Abrol,D.P., and R.S. Andotra",2003,Relative Toxicity of Some Insecticides to Apis mellifera L
92,"2-[(Dimethoxyphosphinothioyl)thio]butanedioic acid 1,4-diethyl ester",121-75-5,3,Contact,"Topical, general",,0.231,AI ug/org,0.231,0.231,0.231,Adult,1,,Day(s),False,Active ingredient,False,False,,,88070,"Mayer,D.F.",1999,"Bee Poisoning Toxicity, 1995-1998"
92,"2-[(Dimethoxyphosphinothioyl)thio]butanedioic acid 1,4-diethyl ester",121-75-5,3,Contact,Dermal,,0.27,ug/bee,0.27,0.27,0.27,Not reported,1,>=,Day(s),False,Formulation,False,False,,,35461,"Stevenson,J.H., P.H. Needham, and J. Walker",1978,Poisoning of Honeybees by Pesticides: Investigations of the Changing Pattern in Britain Over 20 Years
92,"2-[(Dimethoxyphosphinothioyl)thio]butanedioic acid 1,4-diethyl ester",121-75-5,3,Contact,Dermal,,0.0020,ug/org,0.002,0.002,0.002,Adult,2,,Day(s),False,Formulation,True,False,,,39126,"Torchio,P.F.",1973,"Relative Toxicity of Insecticides to the Honey Bee, Alkali Bee, and Alfalfa Leafcutting Bee (Hymenoptera: Apidae, Halictidae, Megachilidae)"
350,"3-[(Dimethoxyphosphinyl)oxy]-2-pentenedioic acid, Dimethyl ester",122-10-1,3,Contact,Dermal,,0.743,ug/bee,0.743,0.743,0.743,Adult,2,,Day(s),False,Formulation,True,False,,,184644,U.S.Environmental Protection Agency,2020,Pesticide Ecotoxicity Database: Bee Studies
183,"Phosphorothioic acid O,O-dimethyl O-(3-methyl-4-nitrophenyl)ester",122-14-5,3,Oral,"Diet, unspecified",,0.019,ug/bee,0.019,0.019,0.019,Not reported,1,>=,Day(s),False,Formulation,False,False,,,35461,"Stevenson,J.H., P.H. Needham, and J. Walker",1978,Poisoning of Honeybees by Pesticides: Investigations of the Changing Pattern in Britain Over 20 Years
261,"6-Chloro-N,N'-diethyl-1,3,5-triazine-2,4-diamine",122-34-9,1,Contact,Dermal,>,96.69,ug/bee,96.69,96.69000009669,inf,Adult,2,,Day(s),False,Formulation,True,False,,,184644,U.S.Environmental Protection Agency,2020,Pesticide Ecotoxicity Database: Bee Studies
185,"N-Phenylcarbamic acid, 1-Methylethyl ester",122-42-9,0,Contact,Dermal,,604,AI ug/org,604.0,604.0,604.0,Adult,2,,Day(s),False,Formulation,True,False,,,184644,U.S.Environmental Protection Agency,2020,Pesticide Ecotoxicity Database: Bee Studies
86,"1,2-Dihydro-3,6-pyridazinedione",123-33-1,1,Contact,Dermal,>,36.26,ug/bee,36.26,36.26000003626,inf,Adult,2,,Day(s),False,Formulation,True,False,,,184644,U.S.Environmental Protection Agency,2020,Pesticide Ecotoxicity Database: Bee Studies
216,"O,O-Diethyl S-[2-(ethylsulfanyl)ethyl] phosphorothioate",126-75-0,2,Contact,Dermal,,1.49,ug/bee,1.49,1.49,1.49,Adult,2,,Day(s),False,Formulation,True,False,,,184644,U.S.Environmental Protection Agency,2020,Pesticide Ecotoxicity Database: Bee Studies
203,"2-Cyclohexyl-4,6-dinitrophenol",131-89-5,0,Contact,Dermal,,2175,AI ug/org,2175.0,2175.0,2175.0,Adult,2,,Day(s),False,Formulation,True,False,,,184644,U.S.Environmental Protection Agency,2020,Pesticide Ecotoxicity Database: Bee Studies
463,2-[(1-Naphthalenylamino)carbonyl]benzoic acid sodium salt (1:1),132-67-2,0,Contact,Dermal,>,113.2,ug/bee,113.2,113.20000011320002,inf,Adult,2,,Day(s),False,Formulation,True,False,,,184644,U.S.Environmental Protection Agency,2020,Pesticide Ecotoxicity Database: Bee Studies
50,"2-[(Trichloromethyl)thio]-1H-isoindole-1,3(2H)dione",133-07-3,1,Contact,Dermal,>,12.09,ug/bee,12.09,12.09000001209,inf,Adult,2,,Day(s),False,Formulation,True,False,,,184644,U.S.Environmental Protection Agency,2020,Pesticide Ecotoxicity Database: Bee Studies
103,"2-Aminobenzoic acid, Methyl ester",134-20-3,1,Contact,Dermal,>,25,AI ug/org,25.0,25.000000025000002,inf,Adult,2,,Day(s),False,Active ingredient,True,True,,,184644,U.S.Environmental Protection Agency,2020,Pesticide Ecotoxicity Database: Bee Studies
142,"N,N,N',N'-Tetramethylthioperoxydicarbonic diamide ([(H2N)C(S)]2S2)",137-26-8,1,Contact,Dermal,,73.72,ug/bee,73.72,73.72,73.72,Adult,2,,Day(s),False,Formulation,True,False,,,184644,U.S.Environmental Protection Agency,2020,Pesticide Ecotoxicity Database: Bee Studies
265,"6-Chloro-N2,N4-bis(1-methylethyl)-1,3,5-triazine-2,4-diamine",139-40-2,1,Contact,Dermal,>,96.69,ug/bee,96.69,96.69000009669,inf,Adult,2,,Day(s),False,Formulation,True,False,,,184644,U.S.Environmental Protection Agency,2020,Pesticide Ecotoxicity Database: Bee Studies
327,"Phosphoric acid, (1E)-3-(Dimethylamino)-1-methyl-3-oxo-1-propen-1-yl dimethyl ester",141-66-2,3,Other,"Spray, unspecified",,0.03,AI ug/org,0.03,0.03,0.03,Not reported,2,,Day(s),False,Active ingredient,False,False,,,180995,"Zhu,Y.C., J. Adamczyk, T. Rinderer, J. Yao, R. Danka, R. Luttrell, and J. Gore",2015,Spray Toxicity and Risk Potential of 42 Commonly Used Formulations of Row Crop Pesticides to Adult Honey Bees (Hymenoptera: Apidae)
327,"Phosphoric acid, (1E)-3-(Dimethylamino)-1-methyl-3-oxo-1-propen-1-yl dimethyl ester",141-66-2,3,Other,"Spray, unspecified",,0.04,ug/bee,0.04,0.04,0.04,Not reported,2,,Day(s),False,Formulation,False,False,,,180995,"Zhu,Y.C., J. Adamczyk, T. Rinderer, J. Yao, R. Danka, R. Luttrell, and J. Gore",2015,Spray Toxicity and Risk Potential of 42 Commonly Used Formulations of Row Crop Pesticides to Adult Honey Bees (Hymenoptera: Apidae)
237,"N,N'-1,2-Ethanediylbiscarbamodithioic acid, Sodium salt (1:2)",142-59-6,1,Contact,Dermal,>,12.09,ug/bee,12.09,12.09000001209,inf,Adult,2,,Day(s),False,Formulation,True,False,,,184644,U.S.Environmental Protection Agency,2020,Pesticide Ecotoxicity Database: Bee Studies
304,"1,1a,3,3a,4,5,5,5a,5b,6-Decachlorooctahydro-1,3,4-metheno-2H-cyclobuta[cd]pentalen-2-one",143-50-0,2,Contact,Dermal,,10.39,ug/bee,10.39,10.39,10.39,Adult,2,,Day(s),False,Formulation,True,False,,,184644,U.S.Environmental Protection Agency,2020,Pesticide Ecotoxicity Database: Bee Studies
329,"Methylarsonic acid, Disodium salt",144-21-8,1,Contact,Dermal,>,20.7,AI ug/org,20.7,20.7000000207,inf,Adult,2,,Day(s),False,Formulation,True,False,,,184644,U.S.Environmental Protection Agency,2020,Pesticide Ecotoxicity Database: Bee Studies
0,Ethanedioic acid,144-62-7,0,Contact,"Topical, general",,194.89,ug/org,194.89,194.89,194.89,Adult,3,,Day(s),False,Active ingredient,False,False,,,88041,"Aliano,N.P., M.D. Ellis, and B.D. Siegfried",2006,Acute Contact Toxicity of Oxalic Acid to Varroa destructor (Acari:  Varroidae) and Their Apis mellifera (Hymenoptera:  Apidae) Hosts in Laboratory Bioassays
0,Ethanedioic acid,144-62-7,0,Contact,"Topical, general",,1575.85,ug/org,1575.85,1575.85,1575.85,Adult,1,,Day(s),False,Active ingredient,False,False,,,88041,"Aliano,N.P., M.D. Ellis, and B.D. Siegfried",2006,Acute Contact Toxicity of Oxalic Acid to Varroa destructor (Acari:  Varroidae) and Their Apis mellifera (Hymenoptera:  Apidae) Hosts in Laboratory Bioassays
0,Ethanedioic acid,144-62-7,0,Contact,"Topical, general",,372.01,ug/org,372.01,372.01,372.01,Adult,2,,Day(s),False,Active ingredient,True,True,,,88041,"Aliano,N.P., M.D. Ellis, and B.D. Siegfried",2006,Acute Contact Toxicity of Oxalic Acid to Varroa destructor (Acari:  Varroidae) and Their Apis mellifera (Hymenoptera:  Apidae) Hosts in Laboratory Bioassays
296,2-(4-Thiazolyl)-1H-benzimidazole,148-79-8,2,Oral,Food,>,0.98,AI ug/org/d,0.98,0.9800000009800001,inf,Larva,8,,Day(s),True,Active ingredient,False,False,,,184644,U.S.Environmental Protection Agency,2020,Pesticide Ecotoxicity Database: Bee Studies
296,2-(4-Thiazolyl)-1H-benzimidazole,148-79-8,2,Oral,Food,>,7.26,AI ug/org,7.26,7.26000000726,inf,Larva,3,,Day(s),False,Active ingredient,False,False,,,184644,U.S.Environmental Protection Agency,2020,Pesticide Ecotoxicity Database: Bee Studies
296,2-(4-Thiazolyl)-1H-benzimidazole,148-79-8,2,Oral,Food,>,4,AI ug/org,4.0,4.000000004,inf,Adult,2,,Day(s),False,Active ingredient,True,True,,,184644,U.S.Environmental Protection Agency,2020,Pesticide Ecotoxicity Database: Bee Studies
239,"N'-(4-chlorophenyl)-N,N-dimethylurea",150-68-5,0,Contact,Dermal,,110,ug/bee,110.0,110.0,110.0,Adult,2,,Day(s),False,Formulation,True,False,,,184644,U.S.Environmental Protection Agency,2020,Pesticide Ecotoxicity Database: Bee Studies
308,"Phosphorothioic acid, O,O-Diethyl O-2-pyrazinyl ester  ",297-97-2,3,Contact,Dermal,,0.042,ug/bee,0.042,0.042,0.042,Adult,2,,Day(s),False,Formulation,True,False,,,184644,U.S.Environmental Protection Agency,2020,Pesticide Ecotoxicity Database: Bee Studies
271,"O,O-Diethyl S-[(ethylthio)methyl])ester, Phosphorodithioic acid",298-02-2,3,Oral,"Diet, unspecified",,0.44,ug/bee,0.44,0.44,0.44,Not reported,1,>=,Day(s),False,Formulation,False,False,,,35461,"Stevenson,J.H., P.H. Needham, and J. Walker",1978,Poisoning of Honeybees by Pesticides: Investigations of the Changing Pattern in Britain Over 20 Years
254,"Phosphorodithioic acid, O,O-Diethyl-S-[2-(ethylthio)ethyl] ester",298-04-4,2,Contact,Dermal,,1.11,AI ug/org,1.11,1.11,1.11,Adult,2,,Day(s),False,Active ingredient,True,True,,,184644,U.S.Environmental Protection Agency,2020,Pesticide Ecotoxicity Database: Bee Studies
254,"Phosphorodithioic acid, O,O-Diethyl-S-[2-(ethylthio)ethyl] ester",298-04-4,2,Contact,Dermal,,4.3,ug/bee,4.3,4.3,4.3,Not reported,1,>=,Day(s),False,Formulation,False,False,,,35461,"Stevenson,J.H., P.H. Needham, and J. Walker",1978,Poisoning of Honeybees by Pesticides: Investigations of the Changing Pattern in Britain Over 20 Years
254,"Phosphorodithioic acid, O,O-Diethyl-S-[2-(ethylthio)ethyl] ester",298-04-4,2,Contact,Dermal,,5.14,ug/bee,5.14,5.14,5.14,Adult,2,,Day(s),False,Formulation,True,False,,,184644,U.S.Environmental Protection Agency,2020,Pesticide Ecotoxicity Database: Bee Studies
254,"Phosphorodithioic acid, O,O-Diethyl-S-[2-(ethylthio)ethyl] ester",298-04-4,2,Contact,Dermal,,0.96,AI ug/org,0.96,0.96,0.96,Adult,2,,Day(s),False,Active ingredient,True,True,,,184644,U.S.Environmental Protection Agency,2020,Pesticide Ecotoxicity Database: Bee Studies
129,"Phosphorothioic acid, O,O-Dimethyl O-(2,4,5-trichlorophenyl)ester",299-84-3,2,Contact,Dermal,,5.74,ug/bee,5.74,5.74,5.74,Adult,2,,Day(s),False,Formulation,True,False,,,184644,U.S.Environmental Protection Agency,2020,Pesticide Ecotoxicity Database: Bee Studies
129,"Phosphorothioic acid, O,O-Dimethyl O-(2,4,5-trichlorophenyl)ester",299-84-3,2,Contact,Dermal,,5.62,ug/bee,5.62,5.62,5.62,Adult,2,,Day(s),False,Formulation,True,False,,,184644,U.S.Environmental Protection Agency,2020,Pesticide Ecotoxicity Database: Bee Studies
184,"Phosphoric acid 1,2-dibromo-2,2-dichloroethyl dimethyl ester",300-76-5,3,Contact,Dermal,,0.48,ug/bee,0.48,0.48,0.48,Adult,2,,Day(s),False,Formulation,True,False,,,184644,U.S.Environmental Protection Agency,2020,Pesticide Ecotoxicity Database: Bee Studies
184,"Phosphoric acid 1,2-dibromo-2,2-dichloroethyl dimethyl ester",300-76-5,3,Contact,Dermal,,0.0008,ug/org,0.0008,0.0008,0.0008,Adult,2,,Day(s),False,Formulation,True,False,,,39126,"Torchio,P.F.",1973,"Relative Toxicity of Insecticides to the Honey Bee, Alkali Bee, and Alfalfa Leafcutting Bee (Hymenoptera: Apidae, Halictidae, Megachilidae)"
238,"Phosphorothioic acid, S-[2-(Ethylsulfinyl)ethyl] O,O-dimethyl ester",301-12-2,3,Oral,"Diet, unspecified",,0.31,ug/bee,0.31,0.31,0.31,Not reported,1,>=,Day(s),False,Formulation,False,False,,,35461,"Stevenson,J.H., P.H. Needham, and J. Walker",1978,Poisoning of Honeybees by Pesticides: Investigations of the Changing Pattern in Britain Over 20 Years
207,"(1R,4S,4aS,5S,8R,8aR)-rel-1,2,3,4,10,10-Hexachloro-1,4,4a,5,8,8a-hexahydro-1,4:5,8-dimethanonaphthalene",309-00-2,3,Contact,"Topical, general",~,0.16,ug/org,0.16,0.16,0.16,Adult,21,,Day(s),False,Active ingredient,False,False,,,110800,"Smirlei,M.J.",1990,The Influence of Detoxifying Enzymes on Insecticide Tolerance in Honey Bee Colonies (Hymenoptera: Apidae)
207,"(1R,4S,4aS,5S,8R,8aR)-rel-1,2,3,4,10,10-Hexachloro-1,4,4a,5,8,8a-hexahydro-1,4:5,8-dimethanonaphthalene",309-00-2,3,Contact,"Topical, general",~,0.18,ug/org,0.18,0.18,0.18,Adult,21,,Day(s),False,Active ingredient,False,False,,,110800,"Smirlei,M.J.",1990,The Influence of Detoxifying Enzymes on Insecticide Tolerance in Honey Bee Colonies (Hymenoptera: Apidae)
207,"(1R,4S,4aS,5S,8R,8aR)-rel-1,2,3,4,10,10-Hexachloro-1,4,4a,5,8,8a-hexahydro-1,4:5,8-dimethanonaphthalene",309-00-2,3,Contact,"Topical, general",~,0.20,ug/org,0.2,0.2,0.2,Adult,21,,Day(s),False,Active ingredient,False,False,,,110800,"Smirlei,M.J.",1990,The Influence of Detoxifying Enzymes on Insecticide Tolerance in Honey Bee Colonies (Hymenoptera: Apidae)
207,"(1R,4S,4aS,5S,8R,8aR)-rel-1,2,3,4,10,10-Hexachloro-1,4,4a,5,8,8a-hexahydro-1,4:5,8-dimethanonaphthalene",309-00-2,3,Contact,"Topical, general",,60.5,ng/org,0.0605,0.0605,0.0605,Adult,1,,Day(s),False,Formulation,False,False,,,157762,"Johnson,R.M., W. Mao, H.S. Pollock, G. Niu, M.A. Schuler, and M.R. Berenbaum",2012,Ecologically Appropriate Xenobiotics Induce Cytochrome P450s in Apis mellifera
207,"(1R,4S,4aS,5S,8R,8aR)-rel-1,2,3,4,10,10-Hexachloro-1,4,4a,5,8,8a-hexahydro-1,4:5,8-dimethanonaphthalene",309-00-2,3,Contact,Dermal,,0.353,ug/bee,0.353,0.353,0.353,Adult,2,,Day(s),False,Formulation,True,False,,,184644,U.S.Environmental Protection Agency,2020,Pesticide Ecotoxicity Database: Bee Studies
207,"(1R,4S,4aS,5S,8R,8aR)-rel-1,2,3,4,10,10-Hexachloro-1,4,4a,5,8,8a-hexahydro-1,4:5,8-dimethanonaphthalene",309-00-2,3,Contact,"Topical, general",~,0.18,ug/org,0.18,0.18,0.18,Adult,21,,Day(s),False,Active ingredient,False,False,,,110800,"Smirlei,M.J.",1990,The Influence of Detoxifying Enzymes on Insecticide Tolerance in Honey Bee Colonies (Hymenoptera: Apidae)
312,"5-Bromo-6-methyl-3-(1-methylpropyl)-2,4(1H,3H)-pyrimidinedione",314-40-9,0,Contact,Dermal,>,193.38,ug/bee,193.38,193.38000019338,inf,Adult,2,,Day(s),False,Formulation,True,False,,,184644,U.S.Environmental Protection Agency,2020,Pesticide Ecotoxicity Database: Bee Studies
303,"4-(Dimethylamino)-3,5-dimethylphenol, Methylcarbamate(ester)",315-18-4,3,Contact,"Topical, general",,0.061,AI ug/org,0.061,0.061,0.061,Adult,2,,Day(s),False,Active ingredient,True,True,,,39551,"Helson,B.V., K.N. Barber, and P.D. Kingsbury",1994,Laboratory Toxicology of Six Forestry Insecticides to Four Species of Bee (Hymenoptera: Apoidea)
303,"4-(Dimethylamino)-3,5-dimethylphenol, Methylcarbamate(ester)",315-18-4,3,Contact,Dermal,,0.308,ug/bee,0.308,0.308,0.308,Adult,2,,Day(s),False,Formulation,True,False,,,184644,U.S.Environmental Protection Agency,2020,Pesticide Ecotoxicity Database: Bee Studies
359,"O-Ethyl O-(2,4,5-trichlorophenyl)ester ethylphosphonothioic acid",327-98-0,2,Contact,Dermal,,2.33,ug/bee,2.33,2.33,2.33,Adult,2,,Day(s),False,Formulation,True,False,,,184644,U.S.Environmental Protection Agency,2020,Pesticide Ecotoxicity Database: Bee Studies
64,"N'-(3,4-Dichlorophenyl)-N,N-dimethylurea",330-54-1,0,Contact,Dermal,>,145.03,ug/bee,145.03,145.03000014503002,inf,Adult,2,,Day(s),False,Formulation,True,False,,,184644,U.S.Environmental Protection Agency,2020,Pesticide Ecotoxicity Database: Bee Studies
64,"N'-(3,4-Dichlorophenyl)-N,N-dimethylurea",330-54-1,0,Contact,Dermal,>,145.03,ug/bee,145.03,145.03000014503002,inf,Adult,2,,Day(s),False,Formulation,True,False,,,184644,U.S.Environmental Protection Agency,2020,Pesticide Ecotoxicity Database: Bee Studies
40,"N'-(3,4-Dichlorophenyl)-N-methoxy-N-methylurea",330-55-2,0,Contact,Dermal,>,120.86,ug/bee,120.86,120.86000012086001,inf,Adult,2,,Day(s),False,Formulation,True,False,,,184644,U.S.Environmental Protection Agency,2020,Pesticide Ecotoxicity Database: Bee Studies
226,"O,O-Diethyl O-[6-methyl-2-(1-methylethyl)-4-pyrimidinyl] ester phosphorothioic acid",333-41-5,3,Other,Multiple routes between application groups,,0.0000129,ug/org,1.29e-05,1.29e-05,1.29e-05,Larva,NR,,Emergence,False,Active ingredient,False,False,,,70351,"Atkins,E.L., and D. Kellum",1986,Comparative Morphogenic and Toxicity Studies on the Effect of Pesticides on Honeybee Brood
226,"O,O-Diethyl O-[6-methyl-2-(1-methylethyl)-4-pyrimidinyl] ester phosphorothioic acid",333-41-5,3,Other,Multiple routes between application groups,,0.000407,ug/org,0.000407,0.000407,0.000407,Larva,NR,,Emergence,False,Active ingredient,False,False,,,70351,"Atkins,E.L., and D. Kellum",1986,Comparative Morphogenic and Toxicity Studies on the Effect of Pesticides on Honeybee Brood
226,"O,O-Diethyl O-[6-methyl-2-(1-methylethyl)-4-pyrimidinyl] ester phosphorothioic acid",333-41-5,3,Other,Multiple routes between application groups,,0.372,ug/org,0.372,0.372,0.372,Adult,NR,,Emergence,False,Active ingredient,False,False,,,70351,"Atkins,E.L., and D. Kellum",1986,Comparative Morphogenic and Toxicity Studies on the Effect of Pesticides on Honeybee Brood
226,"O,O-Diethyl O-[6-methyl-2-(1-methylethyl)-4-pyrimidinyl] ester phosphorothioic acid",333-41-5,3,Other,Multiple routes between application groups,,0.000121,ug/org,0.000121,0.000121,0.000121,Larva,NR,,Emergence,False,Active ingredient,False,False,,,70351,"Atkins,E.L., and D. Kellum",1986,Comparative Morphogenic and Toxicity Studies on the Effect of Pesticides on Honeybee Brood
226,"O,O-Diethyl O-[6-methyl-2-(1-methylethyl)-4-pyrimidinyl] ester phosphorothioic acid",333-41-5,3,Other,Multiple routes between application groups,,0.0000545,ug/org,5.45e-05,5.45e-05,5.45e-05,Larva,NR,,Emergence,False,Active ingredient,False,False,,,70351,"Atkins,E.L., and D. Kellum",1986,Comparative Morphogenic and Toxicity Studies on the Effect of Pesticides on Honeybee Brood
346,"Phosphoric acid, 2-Chloro-1-(2,4-dichlorophenyl)ethenyl diethyl ester",470-90-6,3,Oral,"Diet, unspecified",,0.55,ug/bee,0.55,0.55,0.55,Not reported,1,>=,Day(s),False,Formulation,False,False,,,35461,"Stevenson,J.H., P.H. Needham, and J. Walker",1978,Poisoning of Honeybees by Pesticides: Investigations of the Changing Pattern in Britain Over 20 Years
54,"Tetrahydro-3,5-dimethyl-2H-1,3,5-thiadiazine-2-thione",533-74-4,2,Oral,"Diet, unspecified",>,10,ug/bee,10.0,10.00000001,inf,Not reported,1,>=,Day(s),False,Formulation,False,False,,,35461,"Stevenson,J.H., P.H. Needham, and J. Walker",1978,Poisoning of Honeybees by Pesticides: Investigations of the Changing Pattern in Britain Over 20 Years
61,Dimethyl disulfide,624-92-0,1,Contact,Dermal,>,100,AI ug/org,100.0,100.00000010000001,inf,Adult,2,,Day(s),False,Active ingredient,True,True,,,184644,U.S.Environmental Protection Agency,2020,Pesticide Ecotoxicity Database: Bee Studies
225,Chlorotriphenylstannane,639-58-7,1,Contact,Dermal,,96.69,AI ug/org,96.69,96.69,96.69,Adult,2,,Day(s),False,Formulation,True,False,,,184644,U.S.Environmental Protection Agency,2020,Pesticide Ecotoxicity Database: Bee Studies
153,"S-[2-(Ethylthio)ethyl]O,O-dimethyl ester phosphorodithioc acid",640-15-3,3,Contact,Dermal,,0.55,ug/bee,0.55,0.55,0.55,Not reported,1,>=,Day(s),False,Formulation,False,False,,,35461,"Stevenson,J.H., P.H. Needham, and J. Walker",1978,Poisoning of Honeybees by Pesticides: Investigations of the Changing Pattern in Britain Over 20 Years
287,Dimetilan,644-64-4,2,Contact,Dermal,,5.84,ug/bee,5.84,5.84,5.84,Adult,2,,Day(s),False,Formulation,True,False,,,184644,U.S.Environmental Protection Agency,2020,Pesticide Ecotoxicity Database: Bee Studies
56,"N-(3,4-Dichlorophenyl)propanamide",709-98-8,1,Contact,Dermal,>,24.17,ug/bee,24.17,24.170000024170005,inf,Adult,2,,Day(s),False,Formulation,True,False,,,184644,U.S.Environmental Protection Agency,2020,Pesticide Ecotoxicity Database: Bee Studies
56,"N-(3,4-Dichlorophenyl)propanamide",709-98-8,1,Contact,Dermal,>,99.8,AI ug/org,99.8,99.8000000998,inf,Adult,2,,Day(s),False,Active ingredient,True,True,,,184644,U.S.Environmental Protection Agency,2020,Pesticide Ecotoxicity Database: Bee Studies
552,"1,1-Dichloro-N-[(dimethylamino)sulfonyl]-1-fluoro-N-(4-methylphenyl)methanesulfenamide",731-27-1,1,Oral,"Diet, unspecified",,43,ug/bee,43.0,43.0,43.0,Not reported,1,>=,Day(s),False,Formulation,False,False,,,35461,"Stevenson,J.H., P.H. Needham, and J. Walker",1978,Poisoning of Honeybees by Pesticides: Investigations of the Changing Pattern in Britain Over 20 Years
5,"S-[(1,3-Dihydro-1,3-dioxo-2H-isoindol-2-yl)methyl]O,O-dimethyl ester, Phosphorodithioic acid",732-11-6,2,Contact,"Topical, general",,1.9,ug/org,1.9,1.9,1.9,Adult,2,,Day(s),False,Formulation,True,False,,,168903,"Biddinger,D.J., J.L. Robertson, C. Mullin, J. Frazier, S.A. Ashcraft, E.G. Rajotte, N.K. Joshi, and M. Vaughn",2013,Comparative Toxicities and Synergism of Apple Orchard Pesticides to Apis mellifera (L.) and Osmia cornifrons (Radoszkowski)
5,"S-[(1,3-Dihydro-1,3-dioxo-2H-isoindol-2-yl)methyl]O,O-dimethyl ester, Phosphorodithioic acid",732-11-6,2,Contact,Dermal,,1.064,ug/bee,1.064,1.064,1.064,Adult,2,,Day(s),False,Formulation,True,False,,,184644,U.S.Environmental Protection Agency,2020,Pesticide Ecotoxicity Database: Bee Studies
273,"N,N-dipropylcarbamothioic acid S-ethyl ester",759-94-4,2,Oral,Food,,11,AI ug/org,11.0,11.0,11.0,Larva,3,,Day(s),False,Active ingredient,False,False,,,184644,U.S.Environmental Protection Agency,2020,Pesticide Ecotoxicity Database: Bee Studies
292,Carbofenthion,786-19-6,2,Contact,Dermal,,4.47,ug/bee,4.47,4.47,4.47,Adult,2,,Day(s),False,Formulation,True,False,,,184644,U.S.Environmental Protection Agency,2020,Pesticide Ecotoxicity Database: Bee Studies
292,Carbofenthion,786-19-6,2,Contact,Dermal,,1.4,ug/bee,1.4,1.4,1.4,Not reported,1,>=,Day(s),False,Formulation,False,False,,,35461,"Stevenson,J.H., P.H. Needham, and J. Walker",1978,Poisoning of Honeybees by Pesticides: Investigations of the Changing Pattern in Britain Over 20 Years
288,"N2-Ethyl-N4-(1-methylethyl)-6-(methylthio)-1,3,5-triazine-2,4-diamine",834-12-8,1,Contact,Dermal,>,96.69,ug/bee,96.69,96.69000009669,inf,Adult,2,,Day(s),False,Formulation,True,False,,,184644,U.S.Environmental Protection Agency,2020,Pesticide Ecotoxicity Database: Bee Studies
288,"N2-Ethyl-N4-(1-methylethyl)-6-(methylthio)-1,3,5-triazine-2,4-diamine",834-12-8,1,Contact,Dermal,>,100,AI ug/org,100.0,100.00000010000001,inf,Adult,2,,Day(s),False,Active ingredient,True,True,,,184644,U.S.Environmental Protection Agency,2020,Pesticide Ecotoxicity Database: Bee Studies
95,1-Methyl-2-pyrrolidinone,872-50-4,0,Contact,Dermal,>,2000,AI ug/org,2000.0,2000.0000020000002,inf,Adult,2,,Day(s),False,Active ingredient,True,True,,,187153,"Chen,L., Q. Yan, J. Zhang, S. Yuan, and X. Liu",2019,Joint Toxicity of Acetamiprid and the Co-Applied Pesticide Adjuvants on Honeybees under Semi-Field and Laboratory Conditions
262,"S-[2-(Ethylthio)ethyl]O,O-dimethyl ester phosphorothioic acid",919-86-8,3,Oral,"Diet, unspecified",,0.21,ug/bee,0.21,0.21,0.21,Not reported,1,>=,Day(s),False,Formulation,False,False,,,35461,"Stevenson,J.H., P.H. Needham, and J. Walker",1978,Poisoning of Honeybees by Pesticides: Investigations of the Changing Pattern in Britain Over 20 Years
390,"Ethylphosphonodithioic acid, O-Ethyl S-phenyl ester",944-22-9,2,Contact,Dermal,,3.3,ug/bee,3.3,3.3,3.3,Not reported,1,>=,Day(s),False,Formulation,False,False,,,35461,"Stevenson,J.H., P.H. Needham, and J. Walker",1978,Poisoning of Honeybees by Pesticides: Investigations of the Changing Pattern in Britain Over 20 Years
347,"1,3-Dithiolan-2-ylidenephosphoramidic acid diethyl ester",947-02-4,2,Contact,Dermal,,4.23,ug/bee,4.23,4.23,4.23,Adult,2,,Day(s),False,Formulation,True,False,,,184644,U.S.Environmental Protection Agency,2020,Pesticide Ecotoxicity Database: Bee Studies
554,"N-(4-Methyl-1,3-dithiolan-2-ylidene)phosphoramidic acid diethyl ester",950-10-7,2,Contact,Dermal,,3.51,ug/bee,3.51,3.51,3.51,Adult,2,,Day(s),False,Formulation,True,False,,,184644,U.S.Environmental Protection Agency,2020,Pesticide Ecotoxicity Database: Bee Studies
210,"Phosphoric acid, Dimethyl 4-nitrophenyl ester",950-35-6,3,Oral,Drinking water,,30,ng/org,0.03,0.03,0.03,Not reported,1,,Day(s),False,Active ingredient,False,False,,,79198,"Fiedler,L.",1987,Assessment of Chronic Toxicity of Selected Insecticides to Honeybees
264,"Phosphorodithioic acid S-[(5-methoxy-2-oxo-1,3,4-thiadiazol-3(2H)yl)methyl] O,O-dimethyl ester",950-37-8,3,Contact,Dermal,,0.236,AI ug/org,0.236,0.236,0.236,Adult,2,,Day(s),False,Formulation,True,False,,,184644,U.S.Environmental Protection Agency,2020,Pesticide Ecotoxicity Database: Bee Studies
264,"Phosphorodithioic acid S-[(5-methoxy-2-oxo-1,3,4-thiadiazol-3(2H)yl)methyl] O,O-dimethyl ester",950-37-8,3,Contact,Dermal,,0.236,ug/bee,0.236,0.236,0.236,Adult,2,,Day(s),False,Formulation,True,False,,,184644,U.S.Environmental Protection Agency,2020,Pesticide Ecotoxicity Database: Bee Studies
322,Methyl trithion,953-17-3,2,Contact,Dermal,,1.46,ug/bee,1.46,1.46,1.46,Adult,2,,Day(s),False,Formulation,True,False,,,184644,U.S.Environmental Protection Agency,2020,Pesticide Ecotoxicity Database: Bee Studies
295,"2-Chloro-N,N,N-trimethylethanaminium chloride (1:1)",999-81-5,1,Contact,Dermal,>,100,ug/bee,100.0,100.00000010000001,inf,Adult,2,,Day(s),False,Formulation,True,False,,,184644,U.S.Environmental Protection Agency,2020,Pesticide Ecotoxicity Database: Bee Studies
440,N-(Phosphonomethyl)glycine,1071-83-6,1,Contact,Dermal,>,100,ug/bee,100.0,100.00000010000001,inf,Adult,2,,Day(s),False,Formulation,True,False,,,184644,U.S.Environmental Protection Agency,2020,Pesticide Ecotoxicity Database: Bee Studies
393,"Benzo[b]thiophene-4-ol, 4-(N-methylcarbamate)",1079-33-0,3,Contact,Dermal,,0.423,ug/bee,0.423,0.423,0.423,Adult,2,,Day(s),False,Formulation,True,False,,,184644,U.S.Environmental Protection Agency,2020,Pesticide Ecotoxicity Database: Bee Studies
374,"1,1-Dichloro-N-[(dimethylamino)sulfonyl]-1-fluoro-N-phenylmethanesulfenamide",1085-98-9,0,Oral,"Diet, unspecified",>,70,ug/bee,70.0,70.00000007,inf,Not reported,1,>=,Day(s),False,Formulation,False,False,,,35461,"Stevenson,J.H., P.H. Needham, and J. Walker",1978,Poisoning of Honeybees by Pesticides: Investigations of the Changing Pattern in Britain Over 20 Years
374,"1,1-Dichloro-N-[(dimethylamino)sulfonyl]-1-fluoro-N-phenylmethanesulfenamide",1085-98-9,0,Oral,Food,>,1000,ug/bee,1000.0,1000.0000010000001,inf,Not reported,1,,Day(s),False,Formulation,False,False,,,39264,"Wahl,O., and K. Ulm",1983,Influence of Pollen Feeding and Physiological Condition on Pesticide Sensitivity of the Honey Bee Apis mellifera carnica
370,"O,O-Dimethyl S-[2-(methylamino)-2-oxoethyl ester phosphorothioic acid",1113-02-6,3,Oral,"Diet, unspecified",,0.048,ug/bee,0.048,0.048,0.048,Not reported,1,>=,Day(s),False,Formulation,False,False,,,35461,"Stevenson,J.H., P.H. Needham, and J. Walker",1978,Poisoning of Honeybees by Pesticides: Investigations of the Changing Pattern in Britain Over 20 Years
370,"O,O-Dimethyl S-[2-(methylamino)-2-oxoethyl ester phosphorothioic acid",1113-02-6,3,Oral,Drinking water,<=,50,ng/org,0.05,0.0,0.05,Not reported,1,,Day(s),False,Active ingredient,False,False,,,79198,"Fiedler,L.",1987,Assessment of Chronic Toxicity of Selected Insecticides to Honeybees
421,Cyclohexylethylcarbamothioic acid S-ethyl ester,1134-23-2,2,Oral,Food,,8.4,AI ug/org/d,8.4,8.4,8.4,Larva,8,,Day(s),True,Active ingredient,False,False,,,184644,U.S.Environmental Protection Agency,2020,Pesticide Ecotoxicity Database: Bee Studies
421,Cyclohexylethylcarbamothioic acid S-ethyl ester,1134-23-2,2,Oral,Food,,10,AI ug/org,10.0,10.0,10.0,Larva,3,,Day(s),False,Active ingredient,False,False,,,184644,U.S.Environmental Protection Agency,2020,Pesticide Ecotoxicity Database: Bee Studies
298,N-(Phenylmethyl)-1H-purin-6-amine,1214-39-7,1,Contact,Dermal,>,25,AI ug/org,25.0,25.000000025000002,inf,Adult,4,,Day(s),False,Active ingredient,False,False,,,184644,U.S.Environmental Protection Agency,2020,Pesticide Ecotoxicity Database: Bee Studies
170,Calcium sulfide (Ca(Sx)),1344-81-6,1,Contact,Dermal,>,25,AI ug/org,25.0,25.000000025000002,inf,Adult,2,,Day(s),False,Formulation,True,False,,,184644,U.S.Environmental Protection Agency,2020,Pesticide Ecotoxicity Database: Bee Studies
188,Gentamicin,1403-66-3,1,Contact,Dermal,>,25.4,AI ug/org,25.4,25.4000000254,inf,Adult,2,,Day(s),False,Formulation,True,False,,,184644,U.S.Environmental Protection Agency,2020,Pesticide Ecotoxicity Database: Bee Studies
355,"2,3-Dihydro-2,2-dimethyl-7-benzofuranol 7-(N-methylcarbamate)",1563-66-2,3,Contact,Dermal,,0.16,ug/bee,0.16,0.16,0.16,Adult,2,,Day(s),False,Formulation,True,False,,,184644,U.S.Environmental Protection Agency,2020,Pesticide Ecotoxicity Database: Bee Studies
320,"2,6-Dinitro-N,N-dipropyl-4-(trifluoromethyl)benzenamine",1582-09-8,1,Oral,"Diet, unspecified",>,50,ug/bee,50.0,50.000000050000004,inf,Not reported,1,>=,Day(s),False,Formulation,False,False,,,35461,"Stevenson,J.H., P.H. Needham, and J. Walker",1978,Poisoning of Honeybees by Pesticides: Investigations of the Changing Pattern in Britain Over 20 Years
281,"6-Methoxy-N2,N4-bis(1-methylethyl)-1,3,5-triazine-2,4-diamine",1610-18-0,1,Contact,Dermal,,36,AI ug/org,36.0,36.0,36.0,Adult,2,,Day(s),False,Active ingredient,True,True,,,184644,U.S.Environmental Protection Agency,2020,Pesticide Ecotoxicity Database: Bee Studies
453,2-Methyl-2-(methylsulfinyl)propanal O-[(methylamino)carbonyl]oxime,1646-87-3,3,Other,Multiple routes between application groups,,2.211,ug/org,2.211,2.211,2.211,Adult,NR,,Emergence,False,Active ingredient,False,False,,,70351,"Atkins,E.L., and D. Kellum",1986,Comparative Morphogenic and Toxicity Studies on the Effect of Pesticides on Honeybee Brood
453,2-Methyl-2-(methylsulfinyl)propanal O-[(methylamino)carbonyl]oxime,1646-87-3,3,Other,Multiple routes between application groups,,0.848,ug/org,0.848,0.848,0.848,Larva,NR,,Emergence,False,Active ingredient,False,False,,,70351,"Atkins,E.L., and D. Kellum",1986,Comparative Morphogenic and Toxicity Studies on the Effect of Pesticides on Honeybee Brood
453,2-Methyl-2-(methylsulfinyl)propanal O-[(methylamino)carbonyl]oxime,1646-87-3,3,Other,Multiple routes between application groups,,1.788,ug/org,1.788,1.788,1.788,Larva,NR,,Emergence,False,Active ingredient,False,False,,,70351,"Atkins,E.L., and D. Kellum",1986,Comparative Morphogenic and Toxicity Studies on the Effect of Pesticides on Honeybee Brood
453,2-Methyl-2-(methylsulfinyl)propanal O-[(methylamino)carbonyl]oxime,1646-87-3,3,Other,Multiple routes between application groups,,0.846,ug/org,0.846,0.846,0.846,Larva,NR,,Emergence,False,Active ingredient,False,False,,,70351,"Atkins,E.L., and D. Kellum",1986,Comparative Morphogenic and Toxicity Studies on the Effect of Pesticides on Honeybee Brood
453,2-Methyl-2-(methylsulfinyl)propanal O-[(methylamino)carbonyl]oxime,1646-87-3,3,Other,Multiple routes between application groups,,0.854,ug/org,0.854,0.854,0.854,Larva,NR,,Emergence,False,Active ingredient,False,False,,,70351,"Atkins,E.L., and D. Kellum",1986,Comparative Morphogenic and Toxicity Studies on the Effect of Pesticides on Honeybee Brood
396,"3,5-Dibromo-4-hydroxybenzonitrile",1689-84-5,2,Oral,Food,,3.3,AI ug/org,3.3,3.3,3.3,Adult,2,,Day(s),False,Active ingredient,True,True,,,184644,U.S.Environmental Protection Agency,2020,Pesticide Ecotoxicity Database: Bee Studies
407,"Octanoic acid, 2,6-Dibromo-4-cyanophenyl ester",1689-99-2,1,Oral,Food,,60,AI ug/org,60.0,60.0,60.0,Larva,4,,Day(s),False,Active ingredient,False,False,,,184644,U.S.Environmental Protection Agency,2020,Pesticide Ecotoxicity Database: Bee Studies
128,5-Amino-4-chloro-2-phenyl-3(2H)-pyridazinone,1698-60-8,0,Contact,Dermal,>,193.38,ug/bee,193.38,193.38000019338,inf,Adult,2,,Day(s),False,Formulation,True,False,,,184644,U.S.Environmental Protection Agency,2020,Pesticide Ecotoxicity Database: Bee Studies
515,"3,6-Dichloro-2-pyridinecarboxylic acid",1702-17-6,1,Oral,Food,>,25.8,AI ug/org/d,25.8,25.800000025800003,inf,Larva,8,,Day(s),True,Active ingredient,False,False,,,184644,U.S.Environmental Protection Agency,2020,Pesticide Ecotoxicity Database: Bee Studies
519,Akton,1757-18-2,2,Contact,Dermal,,2.66,ug/bee,2.66,2.66,2.66,Adult,2,,Day(s),False,Formulation,True,False,,,184644,U.S.Environmental Protection Agency,2020,Pesticide Ecotoxicity Database: Bee Studies
77,"2,4-Dichloro-1-(4-nitrophenoxy)benzene",1836-75-5,0,Contact,Dermal,,275,AI ug/org,275.0,275.0,275.0,Adult,2,,Day(s),False,Formulation,True,False,,,184644,U.S.Environmental Protection Agency,2020,Pesticide Ecotoxicity Database: Bee Studies
47,"N-Butyl-N-ethyl-2,6-dinitro-4-(trifluoromethyl)benzenamine",1861-40-1,0,Contact,Dermal,>,101,AI ug/org,101.0,101.00000010100001,inf,Adult,2,,Day(s),False,Active ingredient,True,True,,,184644,U.S.Environmental Protection Agency,2020,Pesticide Ecotoxicity Database: Bee Studies
230,"2,4,5,6-Tetrachloro-1,3-benzenedicarbonitrile",1897-45-6,0,Contact,Dermal,>,181.29,ug/bee,181.29,181.29000018129,inf,Adult,2,,Day(s),False,Formulation,True,False,,,184644,U.S.Environmental Protection Agency,2020,Pesticide Ecotoxicity Database: Bee Studies
154,"1,1'-Dimethyl-4,4'-bipyridinium chloride (1:2)",1910-42-5,1,Oral,Food,,43,AI ug/org,43.0,43.0,43.0,Adult,2,,Day(s),False,Formulation,True,False,,,184644,U.S.Environmental Protection Agency,2020,Pesticide Ecotoxicity Database: Bee Studies
154,"1,1'-Dimethyl-4,4'-bipyridinium chloride (1:2)",1910-42-5,1,Oral,Food,,70,AI ug/org,70.0,70.0,70.0,Adult,2,,Day(s),False,Active ingredient,True,True,,,184644,U.S.Environmental Protection Agency,2020,Pesticide Ecotoxicity Database: Bee Studies
154,"1,1'-Dimethyl-4,4'-bipyridinium chloride (1:2)",1910-42-5,1,Oral,"Diet, unspecified",>,25,ug/bee,25.0,25.000000025000002,inf,Not reported,1,>=,Day(s),False,Formulation,False,False,,,35461,"Stevenson,J.H., P.H. Needham, and J. Walker",1978,Poisoning of Honeybees by Pesticides: Investigations of the Changing Pattern in Britain Over 20 Years
289,"6-Chloro-N-ethyl-N'-(1-methylethyl)-1,3,5-triazine-2,4-diamine",1912-24-9,1,Contact,Dermal,>,96.69,ug/bee,96.69,96.69000009669,inf,Adult,2,,Day(s),False,Formulation,True,False,,,184644,U.S.Environmental Protection Agency,2020,Pesticide Ecotoxicity Database: Bee Studies
35,"3,6-Dichloro-2-methyoxybenzoic acid",1918-00-9,1,Contact,Dermal,>,90.65,ug/bee,90.65,90.65000009065001,inf,Adult,2,,Day(s),False,Formulation,True,False,,,184644,U.S.Environmental Protection Agency,2020,Pesticide Ecotoxicity Database: Bee Studies
35,"3,6-Dichloro-2-methyoxybenzoic acid",1918-00-9,1,Contact,Dermal,>,100,ug/bee,100.0,100.00000010000001,inf,Not reported,1,>=,Day(s),False,Formulation,False,False,,,35461,"Stevenson,J.H., P.H. Needham, and J. Walker",1978,Poisoning of Honeybees by Pesticides: Investigations of the Changing Pattern in Britain Over 20 Years
335,"4-Amino-3,5,6-trichloro-2-pyridinecarboxylic acid",1918-02-1,1,Contact,Dermal,>,14.5,ug/bee,14.5,14.500000014500001,inf,Adult,2,,Day(s),False,Formulation,True,False,,,184644,U.S.Environmental Protection Agency,2020,Pesticide Ecotoxicity Database: Bee Studies
65,2-Chloro-N-(1-methylethyl)-N-phenylacetamide,1918-16-7,0,Contact,Dermal,>,25,AI ug/org,25.0,25.000000025000002,inf,Adult,2,,Day(s),False,Active ingredient,True,True,,,184644,U.S.Environmental Protection Agency,2020,Pesticide Ecotoxicity Database: Bee Studies
65,2-Chloro-N-(1-methylethyl)-N-phenylacetamide,1918-16-7,0,Contact,Dermal,,311,AI ug/org,311.0,311.0,311.0,Adult,2,,Day(s),False,Formulation,True,False,,,184644,U.S.Environmental Protection Agency,2020,Pesticide Ecotoxicity Database: Bee Studies
417,"2-(2,4-Dichlorophenoxy)acetic acid, 2-Ethylhexyl ester",1928-43-4,1,Contact,Dermal,>,100,AI ug/org,100.0,100.00000010000001,inf,Adult,3,,Day(s),False,Active ingredient,False,False,,,184644,U.S.Environmental Protection Agency,2020,Pesticide Ecotoxicity Database: Bee Studies
343,2-Chloro-6-(trichloromethyl)pyridine,1929-82-4,1,Contact,Dermal,>,100,AI ug/org,100.0,100.00000010000001,inf,Adult,2,,Day(s),False,Active ingredient,True,True,,,184644,U.S.Environmental Protection Agency,2020,Pesticide Ecotoxicity Database: Bee Studies
416,N-(2-Methylcyclohexyl)-N'-phenylurea,1982-49-6,0,Contact,Dermal,>,120.86,ug/bee,120.86,120.86000012086001,inf,Adult,2,,Day(s),False,Formulation,True,False,,,184644,U.S.Environmental Protection Agency,2020,Pesticide Ecotoxicity Database: Bee Studies
416,N-(2-Methylcyclohexyl)-N'-phenylurea,1982-49-6,0,Contact,Dermal,>,100,AI ug/org,100.0,100.00000010000001,inf,Adult,2,,Day(s),False,Active ingredient,True,True,,,184644,U.S.Environmental Protection Agency,2020,Pesticide Ecotoxicity Database: Bee Studies
101,"N,N-Bis(2-methylpropyl)carbamothioic acid S-ethyl ester",2008-41-5,1,Contact,Dermal,>,26.01,ug/bee,26.01,26.010000026010005,inf,Adult,2,,Day(s),False,Formulation,True,False,,,184644,U.S.Environmental Protection Agency,2020,Pesticide Ecotoxicity Database: Bee Studies
314,"4-(Dimethylamino)-3-methylphenol, Methylcarbamate (ester)",2032-59-9,3,Contact,Dermal,,1.16,ug/bee,1.16,1.16,1.16,Adult,2,,Day(s),False,Formulation,True,False,,,184644,U.S.Environmental Protection Agency,2020,Pesticide Ecotoxicity Database: Bee Studies
314,"4-(Dimethylamino)-3-methylphenol, Methylcarbamate (ester)",2032-59-9,3,Contact,Dermal,,1.12,ug/bee,1.12,1.12,1.12,Adult,2,,Day(s),False,Formulation,True,False,,,184644,U.S.Environmental Protection Agency,2020,Pesticide Ecotoxicity Database: Bee Studies
314,"4-(Dimethylamino)-3-methylphenol, Methylcarbamate (ester)",2032-59-9,3,Contact,Dermal,,0.115,ug/org,0.115,0.115,0.115,Adult,1,,Day(s),False,Active ingredient,False,False,,,191065,"Abdelwahab,A.M., F.M. Khalil, and M.H. Hussein",1973,Toxicity of Insecticides to Honey Bees in Laboratory and Field
314,"4-(Dimethylamino)-3-methylphenol, Methylcarbamate (ester)",2032-59-9,3,Contact,"Topical, general",,0.121,AI ug/org,0.121,0.121,0.121,Adult,2,,Day(s),False,Active ingredient,True,True,,,39551,"Helson,B.V., K.N. Barber, and P.D. Kingsbury",1994,Laboratory Toxicology of Six Forestry Insecticides to Four Species of Bee (Hymenoptera: Apoidea)
130,"3,5-Dimethyl-4-(methylthio)phenol, Methylcarbamate",2032-65-7,3,Contact,Dermal,,0.375,AI ug/org,0.375,0.375,0.375,Adult,2,,Day(s),False,Formulation,True,False,,,184644,U.S.Environmental Protection Agency,2020,Pesticide Ecotoxicity Database: Bee Studies
1034,2-(4-Chloro-2-methylphenoxy)acetic acid compd. with N-methylmethanamine (1:1),2039-46-5,1,Contact,Dermal,>,25,ug/bee,25.0,25.000000025000002,inf,Adult,2,,Day(s),False,Formulation,True,False,,,184644,U.S.Environmental Protection Agency,2020,Pesticide Ecotoxicity Database: Bee Studies
299,P-Phenylphosphonothioic acid O-ethyl O-(4-nitrophenyl) ester ,2104-64-5,3,Contact,Dermal,,0.245,ug/bee,0.245,0.245,0.245,Adult,2,,Day(s),False,Formulation,True,False,,,184644,U.S.Environmental Protection Agency,2020,Pesticide Ecotoxicity Database: Bee Studies
105,"Methylarsonic acid, Monosodium salt",2163-80-6,1,Contact,Dermal,,68,AI ug/org,68.0,68.0,68.0,Adult,2,,Day(s),False,Formulation,True,False,,,184644,U.S.Environmental Protection Agency,2020,Pesticide Ecotoxicity Database: Bee Studies
105,"Methylarsonic acid, Monosodium salt",2163-80-6,1,Contact,Dermal,>,24.17,ug/bee,24.17,24.170000024170005,inf,Adult,2,,Day(s),False,Formulation,True,False,,,184644,U.S.Environmental Protection Agency,2020,Pesticide Ecotoxicity Database: Bee Studies
371,"N,N-Dimethyl-N'-[3-(trifluoromethyl)phenyl]urea",2164-17-2,1,Contact,Dermal,>,100,AI ug/org,100.0,100.00000010000001,inf,Adult,2,,Day(s),False,Active ingredient,True,True,,,184644,U.S.Environmental Protection Agency,2020,Pesticide Ecotoxicity Database: Bee Studies
371,"N,N-Dimethyl-N'-[3-(trifluoromethyl)phenyl]urea",2164-17-2,1,Contact,Dermal,>,100,AI ug/org,100.0,100.00000010000001,inf,Adult,2,,Day(s),False,Formulation,True,False,,,184644,U.S.Environmental Protection Agency,2020,Pesticide Ecotoxicity Database: Bee Studies
371,"N,N-Dimethyl-N'-[3-(trifluoromethyl)phenyl]urea",2164-17-2,1,Contact,Dermal,>,193.38,ug/bee,193.38,193.38000019338,inf,Adult,2,,Day(s),False,Formulation,True,False,,,184644,U.S.Environmental Protection Agency,2020,Pesticide Ecotoxicity Database: Bee Studies
221,"N,N-Bis(1-methylethyl)carbamothioic acid, S-(2,3,3-trichloro-2-propen-1-yl) ester",2303-17-5,1,Contact,Dermal,>,25,AI ug/org,25.0,25.000000025000002,inf,Adult,2,,Day(s),False,Active ingredient,True,True,,,184644,U.S.Environmental Protection Agency,2020,Pesticide Ecotoxicity Database: Bee Studies
221,"N,N-Bis(1-methylethyl)carbamothioic acid, S-(2,3,3-trichloro-2-propen-1-yl) ester",2303-17-5,1,Contact,Dermal,>,36.26,ug/bee,36.26,36.26000003626,inf,Adult,2,,Day(s),False,Formulation,True,False,,,184644,U.S.Environmental Protection Agency,2020,Pesticide Ecotoxicity Database: Bee Studies
280,"S-[(6-Chloro-2-oxo-3(2H)-benzoxazolyl)methyl]O,O-diethyl ester phosphorodithioic acid",2310-17-0,2,Contact,Dermal,,8.94,ug/bee,8.94,8.94,8.94,Adult,2,,Day(s),False,Formulation,True,False,,,184644,U.S.Environmental Protection Agency,2020,Pesticide Ecotoxicity Database: Bee Studies
187,"2-[4-(1,1-Dimethylethyl)phenoxy]cyclohexyl 2-propynyl ester sulfurous acid",2312-35-8,1,Contact,Dermal,,15,ug/bee,15.0,15.0,15.0,Adult,2,,Day(s),False,Active ingredient,True,True,,,184644,U.S.Environmental Protection Agency,2020,Pesticide Ecotoxicity Database: Bee Studies
187,"2-[4-(1,1-Dimethylethyl)phenoxy]cyclohexyl 2-propynyl ester sulfurous acid",2312-35-8,1,Contact,Dermal,,62.19,AI ug/org,62.19,62.19,62.19,Adult,4,,Day(s),False,Formulation,False,False,,,184644,U.S.Environmental Protection Agency,2020,Pesticide Ecotoxicity Database: Bee Studies
187,"2-[4-(1,1-Dimethylethyl)phenoxy]cyclohexyl 2-propynyl ester sulfurous acid",2312-35-8,1,Contact,Dermal,,51.33,AI ug/org,51.33,51.33,51.33,Adult,4,,Day(s),False,Active ingredient,False,False,,,184644,U.S.Environmental Protection Agency,2020,Pesticide Ecotoxicity Database: Bee Studies
340,"1,1a,2,2,3,3a,4,5,5,5a,5b,6-Dodecachlorooctahydro-1,3,4-metheno-1H-cyclobuta[cd]pentalene",2385-85-5,2,Contact,Dermal,,7.15,ug/bee,7.15,7.15,7.15,Adult,2,,Day(s),False,Formulation,True,False,,,184644,U.S.Environmental Protection Agency,2020,Pesticide Ecotoxicity Database: Bee Studies
324,"6-Methyl-1,3-dithiolo[4,5-b]quinoxalin-2-one",2439-01-2,1,Contact,Dermal,,66.47,ug/bee,66.47,66.47,66.47,Adult,2,,Day(s),False,Formulation,True,False,,,184644,U.S.Environmental Protection Agency,2020,Pesticide Ecotoxicity Database: Bee Studies
34,N-Dodecylguanidine acetate (1:1),2439-10-3,0,Contact,Dermal,>,200,AI ug/org,200.0,200.00000020000002,inf,Adult,1,,Day(s),False,Active ingredient,False,False,,,184644,U.S.Environmental Protection Agency,2020,Pesticide Ecotoxicity Database: Bee Studies
34,N-Dodecylguanidine acetate (1:1),2439-10-3,0,Contact,Dermal,>,12.09,ug/bee,12.09,12.09000001209,inf,Adult,2,,Day(s),False,Formulation,True,False,,,184644,U.S.Environmental Protection Agency,2020,Pesticide Ecotoxicity Database: Bee Studies
229,"2-Chloro-9-hydroxy-9H-fluorene-9-carboxylic acid, Methyl ester",2536-31-4,1,Contact,Dermal,>,25,ug/bee,25.0,25.000000025000002,inf,Adult,2,,Day(s),False,Formulation,True,False,,,184644,U.S.Environmental Protection Agency,2020,Pesticide Ecotoxicity Database: Bee Studies
424,"4-Amino-3,5,6-trichloro-2-pyridinecarboxylic acid, Potassium salt (1:1)",2545-60-0,1,Contact,Dermal,>,100,AI ug/org,100.0,100.00000010000001,inf,Adult,2,,Day(s),False,Formulation,True,False,,,184644,U.S.Environmental Protection Agency,2020,Pesticide Ecotoxicity Database: Bee Studies
266,"alpha-[(Dimethoxyphosphinothioyl)thio] benzeneacetic acid, Ethyl ester",2597-03-7,3,Contact,Dermal,,0.306,ug/bee,0.306,0.306,0.306,Adult,2,,Day(s),False,Formulation,True,False,,,184644,U.S.Environmental Protection Agency,2020,Pesticide Ecotoxicity Database: Bee Studies
367,3-methyl-5-(1-methylethyl)phenol 1-(N-methylcarbamate)  ,2631-37-0,2,Contact,Dermal,,1.13,ug/bee,1.13,1.13,1.13,Adult,2,,Day(s),False,Formulation,True,False,,,184644,U.S.Environmental Protection Agency,2020,Pesticide Ecotoxicity Database: Bee Studies
116,"Phosphorodithioic acid O,O-diethyl S-[(4-oxo-1,2,3-benzotriazin-3(4H)-yl)methyl] ester",2642-71-9,3,Contact,Dermal,,0.981,ug/bee,0.981,0.981,0.981,Adult,2,,Day(s),False,Formulation,True,False,,,184644,U.S.Environmental Protection Agency,2020,Pesticide Ecotoxicity Database: Bee Studies
901,"S-[(5-Ethoxy-2-oxo-1,3,4-thiadiazol-3(2H)-yl)methyl] O,O-dimethyl phosphorodithioate",2669-32-1,3,Contact,Dermal,,0.55,ug/bee,0.55,0.55,0.55,Adult,2,,Day(s),False,Formulation,True,False,,,184644,U.S.Environmental Protection Agency,2020,Pesticide Ecotoxicity Database: Bee Studies
564,"1,1,2,2,3,3,4,4,5,5,6,6,7,7,8,8,8-Heptadecafluoro-1-octanesulfonic acid potassium salt",2795-39-3,3,Oral,"Diet, unspecified",,0.72,AI ug/org,0.72,0.72,0.72,Adult,1.1667,,Day(s),False,Active ingredient,False,False,,,180375,"Wilkins,P.",2001,"Perfluorooctanesulfonate, Potassium Salt (PFOS): An Acute Oral Toxicity Study with the Honey Bee"
564,"1,1,2,2,3,3,4,4,5,5,6,6,7,7,8,8,8-Heptadecafluoro-1-octanesulfonic acid potassium salt",2795-39-3,3,Oral,"Diet, unspecified",,0.40,AI ug/org,0.4,0.4,0.4,Adult,3.1667,,Day(s),False,Active ingredient,False,False,,,180375,"Wilkins,P.",2001,"Perfluorooctanesulfonate, Potassium Salt (PFOS): An Acute Oral Toxicity Study with the Honey Bee"
564,"1,1,2,2,3,3,4,4,5,5,6,6,7,7,8,8,8-Heptadecafluoro-1-octanesulfonic acid potassium salt",2795-39-3,3,Oral,"Diet, unspecified",,0.46,AI ug/org,0.46,0.46,0.46,Adult,2.1667,,Day(s),False,Active ingredient,False,False,,,180375,"Wilkins,P.",2001,"Perfluorooctanesulfonate, Potassium Salt (PFOS): An Acute Oral Toxicity Study with the Honey Bee"
564,"1,1,2,2,3,3,4,4,5,5,6,6,7,7,8,8,8-Heptadecafluoro-1-octanesulfonic acid potassium salt",2795-39-3,3,Oral,Food,,0.40,AI ug/org,0.4,0.4,0.4,Adult,3.1667,,Day(s),False,Active ingredient,False,False,,,181617,3M Co.,2001,"Support: Ltr Fr 3M to USEPA Submitting 2 Acute Toxicity Studies in Honeybees with Perfluorooctanesulfonate, Potassium Salt (Nos. AR226_1017 & AR226_1018), W/Attchmnt & Dtd 050101"
361,"Phosphorothioic acid, O,O-Diethyl O-(3,5,6-trichloro-2-pyridinyl) ester",2921-88-2,3,Contact,"Topical, general",,0.068,ug/org,0.068,0.068,0.068,Not reported,1,,Day(s),False,Active ingredient,False,False,,,67983,"Mansour,S.A., and M.K. Al-Jalili",1985,Determination of Residues of Some Insecticides in Clover Flowers:  A Bioassay Method Using Honeybee Adults
361,"Phosphorothioic acid, O,O-Diethyl O-(3,5,6-trichloro-2-pyridinyl) ester",2921-88-2,3,Contact,Dermal,,0.114,AI ug/org,0.114,0.114,0.114,Adult,2,,Day(s),False,Formulation,True,False,,,184644,U.S.Environmental Protection Agency,2020,Pesticide Ecotoxicity Database: Bee Studies
361,"Phosphorothioic acid, O,O-Diethyl O-(3,5,6-trichloro-2-pyridinyl) ester",2921-88-2,3,Contact,Dermal,,0.059,ug/bee,0.059,0.059,0.059,Not reported,1,>=,Day(s),False,Formulation,False,False,,,35461,"Stevenson,J.H., P.H. Needham, and J. Walker",1978,Poisoning of Honeybees by Pesticides: Investigations of the Changing Pattern in Britain Over 20 Years
361,"Phosphorothioic acid, O,O-Diethyl O-(3,5,6-trichloro-2-pyridinyl) ester",2921-88-2,3,Contact,"Topical, general",,0.0354,ug/org,0.0354,0.0354,0.0354,Adult,1,,Day(s),False,Formulation,False,False,,,183290,"Abrol,D.P., and R.S. Andotra",2003,Relative Toxicity of Some Insecticides to Apis mellifera L
361,"Phosphorothioic acid, O,O-Diethyl O-(3,5,6-trichloro-2-pyridinyl) ester",2921-88-2,3,Contact,"Topical, general",,320.093,ng/org,0.320093,0.320093,0.320093,Adult,1,,Day(s),False,Formulation,False,False,,,167678,"Di Prisco,G., V. Cavaliere, D. Annoscia, P. Varricchio, E. Caprio, F. Nazzi, G. Gargiulo, and F. Pennacchio",2013,Neonicotinoid Clothianidin Adversely Affects Insect Immunity and Promotes Replication of a Viral Pathogen in Honey Bees
235,"Thiodiphosphoric acid, Tetrapropyl ester",3244-90-4,1,Contact,Dermal,,17.43,AI ug/org,17.43,17.43,17.43,Adult,2,,Day(s),False,Formulation,True,False,,,184644,U.S.Environmental Protection Agency,2020,Pesticide Ecotoxicity Database: Bee Studies
431,Dimethyl 4-(methylsulfanyl)phenyl phosphate,3254-63-5,3,Contact,Dermal,,0.178,ug/bee,0.178,0.178,0.178,Adult,2,,Day(s),False,Formulation,True,False,,,184644,U.S.Environmental Protection Agency,2020,Pesticide Ecotoxicity Database: Bee Studies
224,"O,O'-(Thiodi-4,1-phenylene) O,O,O',O'-tetramethyl ester phosphorothioic acid",3383-96-8,2,Contact,Dermal,,1.55,ug/bee,1.55,1.55,1.55,Adult,2,,Day(s),False,Formulation,True,False,,,184644,U.S.Environmental Protection Agency,2020,Pesticide Ecotoxicity Database: Bee Studies
506,2-(Octylsulfanyl)ethan-1-ol,3547-33-9,1,Contact,Dermal,,56.9,AI ug/org,56.9,56.9,56.9,Adult,2,,Day(s),False,Active ingredient,True,True,,,184644,U.S.Environmental Protection Agency,2020,Pesticide Ecotoxicity Database: Bee Studies
439,4-[4-(Acetyloxy)phenyl]-2-butanone,3572-06-3,1,Contact,Dermal,>,100,AI ug/org,100.0,100.00000010000001,inf,Adult,2,,Day(s),False,Formulation,True,False,,,184644,U.S.Environmental Protection Agency,2020,Pesticide Ecotoxicity Database: Bee Studies
202,2-(4-Chloro-2-methylphenoxy)acetic acid sodium salt (1:1),3653-48-3,0,Oral,Food,,0.10470,mg/org,104.7,104.7,104.7,Adult,1,,Day(s),False,Formulation,False,False,,,64839,"Jones,G.D.G., and J.U. Connell",1954,Studies of the Toxicity to Worker Honey-Bees (Apis mellifera L.) of Certain Chemicals Used in Plant Protection
436,"2-Fluoroethyl ([1,1'-biphenyl]-4-yl)acetate",4301-50-2,1,Contact,Dermal,,16.62,AI ug/org,16.62,16.62,16.62,Adult,2,,Day(s),False,Formulation,True,False,,,184644,U.S.Environmental Protection Agency,2020,Pesticide Ecotoxicity Database: Bee Studies
283,"1,1'-Dimethyl-4,4'-bipyridinium",4685-14-7,2,Contact,Dermal,>,6.04,ug/bee,6.04,6.0400000060400005,inf,Adult,2,,Day(s),False,Formulation,True,False,,,184644,U.S.Environmental Protection Agency,2020,Pesticide Ecotoxicity Database: Bee Studies
387,"5,6-Dihydro-2-methyl-N-phenyl-1,4-oxathiin-3-carboxamide",5234-68-4,1,Oral,Food,>,104.44,AI ug/org,104.44,104.44000010444,inf,Adult,2,,Day(s),False,Active ingredient,True,True,,,184644,U.S.Environmental Protection Agency,2020,Pesticide Ecotoxicity Database: Bee Studies
387,"5,6-Dihydro-2-methyl-N-phenyl-1,4-oxathiin-3-carboxamide",5234-68-4,1,Oral,Food,,75,AI ug/org/d,75.0,75.0,75.0,Larva,3,,Day(s),True,Active ingredient,False,False,,,184644,U.S.Environmental Protection Agency,2020,Pesticide Ecotoxicity Database: Bee Studies
294,6-Chloro-3-pyridinecarboxylic acid,5326-23-8,1,Contact,"Topical, general",>,50,AI ug/org,50.0,50.000000050000004,inf,Not reported,1,,Day(s),False,Active ingredient,False,False,,,95986,"Iwasa,T., N. Motoyama, J.T. Ambrose, and R.M. Roe",2004,"Mechanism for the Differential Toxicity of Neonicotinoid Insecticides in the Honey Bee, Apis mellifera"
459,"O,O-Dimethyl O-(3,5,6-trichloro-2-pyridinyl) ester phosphorothioic acid",5598-13-0,3,Oral,Food,,0.15,AI ug/org,0.15,0.15,0.15,Adult,2,,Day(s),False,Active ingredient,True,True,,,184753,Department for Environment Food and Rural Affairs,2007,Assessment of the Risk Posed to Honeybees by Systemic Pesticides
400,"5-Chloro-3-(1,1-dimethylethyl)-6-methyl-2,4(1H,3H)-pyrimidinedione",5902-51-2,0,Contact,Dermal,>,193.38,ug/bee,193.38,193.38000019338,inf,Adult,2,,Day(s),False,Formulation,True,False,,,184644,U.S.Environmental Protection Agency,2020,Pesticide Ecotoxicity Database: Bee Studies
505,4-(4-Chloro-2-methylphenoxy)butanoic acid sodium salt (1:1),6062-26-6,0,Contact,Dermal,>,237.37,ug/bee,237.37,237.37000023737002,inf,Adult,2,,Day(s),False,Formulation,True,False,,,184644,U.S.Environmental Protection Agency,2020,Pesticide Ecotoxicity Database: Bee Studies
505,4-(4-Chloro-2-methylphenoxy)butanoic acid sodium salt (1:1),6062-26-6,0,Contact,Dermal,>,25,ug/bee,25.0,25.000000025000002,inf,Adult,2,,Day(s),False,Formulation,True,False,,,184644,U.S.Environmental Protection Agency,2020,Pesticide Ecotoxicity Database: Bee Studies
397,"2-(1,3-Dioxolan-2-yl)phenol 1-(N-methylcarbamate)",6988-21-2,2,Contact,Dermal,,2.21,ug/bee,2.21,2.21,2.21,Adult,2,,Day(s),False,Formulation,True,False,,,184644,U.S.Environmental Protection Agency,2020,Pesticide Ecotoxicity Database: Bee Studies
291,"N2,N4-Bis(1-methylethyl)-6-(methylthio)-1,3,5-triazine-2,4-diamine",7287-19-6,1,Contact,Dermal,>,96.69,ug/bee,96.69,96.69000009669,inf,Adult,2,,Day(s),False,Formulation,True,False,,,184644,U.S.Environmental Protection Agency,2020,Pesticide Ecotoxicity Database: Bee Studies
182,Arsenic,7440-38-2,0,Oral,Food,,3.81,mg/org,3810.0,3810.0,3810.0,Adult,4,,Day(s),False,Total,False,False,,,191060,"Spurgeon,D., H. Hesketh, E. Lahive, C. Svendsen, J. Baas, A. Robinson, A. Horton, and M. Heard",2016,"Chronic Oral Lethal and Sub-Lethal Toxicities of Different Binary Mixtures of Pesticides and Contaminants in Bees (Apis mellifera, Osmia bicornis and Bombus terrestris)"
182,Arsenic,7440-38-2,0,Oral,Food,,3.60,mg/org,3600.0,3600.0,3600.0,Adult,2,,Day(s),False,Total,True,False,,,191060,"Spurgeon,D., H. Hesketh, E. Lahive, C. Svendsen, J. Baas, A. Robinson, A. Horton, and M. Heard",2016,"Chronic Oral Lethal and Sub-Lethal Toxicities of Different Binary Mixtures of Pesticides and Contaminants in Bees (Apis mellifera, Osmia bicornis and Bombus terrestris)"
182,Arsenic,7440-38-2,0,Oral,Food,,2.82,mg/org,2820.0,2820.0,2820.0,Adult,10,,Day(s),False,Total,False,False,,,191060,"Spurgeon,D., H. Hesketh, E. Lahive, C. Svendsen, J. Baas, A. Robinson, A. Horton, and M. Heard",2016,"Chronic Oral Lethal and Sub-Lethal Toxicities of Different Binary Mixtures of Pesticides and Contaminants in Bees (Apis mellifera, Osmia bicornis and Bombus terrestris)"
169,Cadmium,7440-43-9,0,Oral,Food,,1.03,mg/org,1030.0,1030.0,1030.0,Adult,4,,Day(s),False,Total,False,False,,,191060,"Spurgeon,D., H. Hesketh, E. Lahive, C. Svendsen, J. Baas, A. Robinson, A. Horton, and M. Heard",2016,"Chronic Oral Lethal and Sub-Lethal Toxicities of Different Binary Mixtures of Pesticides and Contaminants in Bees (Apis mellifera, Osmia bicornis and Bombus terrestris)"
169,Cadmium,7440-43-9,0,Oral,Food,,2.58,mg/org,2580.0,2580.0,2580.0,Adult,2,,Day(s),False,Total,True,False,,,191060,"Spurgeon,D., H. Hesketh, E. Lahive, C. Svendsen, J. Baas, A. Robinson, A. Horton, and M. Heard",2016,"Chronic Oral Lethal and Sub-Lethal Toxicities of Different Binary Mixtures of Pesticides and Contaminants in Bees (Apis mellifera, Osmia bicornis and Bombus terrestris)"
186,"Arsenic acid (H3AsO4), Sodium salt (1:?)",7631-89-2,2,Oral,Food,,0.003584,mg/bee,3.584,3.584,3.584,Adult,2,,Day(s),False,Total,True,False,,,180881,"Hesketh,H., E. Lahive, A.A. Horton, A.G. Robinson, C. Svendsen, A. Rortais, J.L. Dorne, J. Baas, D.J. Spurgeon, and M.S",2016,Extending Standard Testing Period in Honeybees to Predict Lifespan Impacts of Pesticides and Heavy Metals Using Dynamic Energy Budget Modelling
186,"Arsenic acid (H3AsO4), Sodium salt (1:?)",7631-89-2,2,Oral,Food,,0.002821,mg/bee,2.821,2.821,2.821,Adult,10,,Day(s),False,Total,False,False,,,180881,"Hesketh,H., E. Lahive, A.A. Horton, A.G. Robinson, C. Svendsen, A. Rortais, J.L. Dorne, J. Baas, D.J. Spurgeon, and M.S",2016,Extending Standard Testing Period in Honeybees to Predict Lifespan Impacts of Pesticides and Heavy Metals Using Dynamic Energy Budget Modelling
186,"Arsenic acid (H3AsO4), Sodium salt (1:?)",7631-89-2,2,Oral,Food,,0.003796,mg/bee,3.796,3.796,3.796,Adult,4,,Day(s),False,Total,False,False,,,180881,"Hesketh,H., E. Lahive, A.A. Horton, A.G. Robinson, C. Svendsen, A. Rortais, J.L. Dorne, J. Baas, D.J. Spurgeon, and M.S",2016,Extending Standard Testing Period in Honeybees to Predict Lifespan Impacts of Pesticides and Heavy Metals Using Dynamic Energy Budget Modelling
60,"Nitrous acid, Sodium salt",7632-00-0,0,Contact,Dermal,,182,AI ug/org,182.0,182.0,182.0,Adult,2,,Day(s),False,Active ingredient,True,True,,,184644,U.S.Environmental Protection Agency,2020,Pesticide Ecotoxicity Database: Bee Studies
369,(2E)-3-[(Dimethoxyphosphinyl)oxy]-2-butenoic acid 1-phenylethyl ester,7700-17-6,2,Contact,Dermal,,2.26,ug/bee,2.26,2.26,2.26,Adult,2,,Day(s),False,Formulation,True,False,,,184644,U.S.Environmental Protection Agency,2020,Pesticide Ecotoxicity Database: Bee Studies
162,Sulfur,7704-34-9,0,Contact,Dermal,,1051,ug/bee,1051.0,1051.0,1051.0,Adult,2,,Day(s),False,Formulation,True,False,,,184644,U.S.Environmental Protection Agency,2020,Pesticide Ecotoxicity Database: Bee Studies
21,"Sulfuric acid, Zinc salt (1:1)",7733-02-0,0,Oral,Food,,125.3,ug/bee,125.3,125.3,125.3,Not reported,1,,Day(s),False,Total,False,False,,,39264,"Wahl,O., and K. Ulm",1983,Influence of Pollen Feeding and Physiological Condition on Pesticide Sensitivity of the Honey Bee Apis mellifera carnica
21,"Sulfuric acid, Zinc salt (1:1)",7733-02-0,0,Oral,Food,,225.1,ug/bee,225.1,225.1,225.1,Not reported,1,,Day(s),False,Total,False,False,,,39264,"Wahl,O., and K. Ulm",1983,Influence of Pollen Feeding and Physiological Condition on Pesticide Sensitivity of the Honey Bee Apis mellifera carnica
21,"Sulfuric acid, Zinc salt (1:1)",7733-02-0,0,Oral,Food,,149.6,ug/bee,149.6,149.6,149.6,Not reported,1,,Day(s),False,Total,False,False,,,39264,"Wahl,O., and K. Ulm",1983,Influence of Pollen Feeding and Physiological Condition on Pesticide Sensitivity of the Honey Bee Apis mellifera carnica
21,"Sulfuric acid, Zinc salt (1:1)",7733-02-0,0,Oral,Food,,326.3,ug/bee,326.3,326.3,326.3,Not reported,1,,Day(s),False,Total,False,False,,,39264,"Wahl,O., and K. Ulm",1983,Influence of Pollen Feeding and Physiological Condition on Pesticide Sensitivity of the Honey Bee Apis mellifera carnica
45,"Chloric acid, Sodium salt (1:1)",7775-09-9,1,Oral,Food,>,75,AI ug/org,75.0,75.000000075,inf,Adult,2,,Day(s),False,Active ingredient,True,True,,,184644,U.S.Environmental Protection Agency,2020,Pesticide Ecotoxicity Database: Bee Studies
45,"Chloric acid, Sodium salt (1:1)",7775-09-9,1,Oral,Food,>,20.8,AI ug/org/d,20.8,20.800000020800002,inf,Larva,8,,Day(s),True,Active ingredient,False,False,,,184644,U.S.Environmental Protection Agency,2020,Pesticide Ecotoxicity Database: Bee Studies
26,"Sulfuric acid, Manganese(2+) salt (1:1)",7785-87-7,1,Oral,Food,,72.1,ug/bee,72.1,72.1,72.1,Not reported,1,,Day(s),False,Total,False,False,,,39264,"Wahl,O., and K. Ulm",1983,Influence of Pollen Feeding and Physiological Condition on Pesticide Sensitivity of the Honey Bee Apis mellifera carnica
26,"Sulfuric acid, Manganese(2+) salt (1:1)",7785-87-7,1,Oral,Food,,82.4,ug/bee,82.4,82.4,82.4,Not reported,1,,Day(s),False,Total,False,False,,,39264,"Wahl,O., and K. Ulm",1983,Influence of Pollen Feeding and Physiological Condition on Pesticide Sensitivity of the Honey Bee Apis mellifera carnica
26,"Sulfuric acid, Manganese(2+) salt (1:1)",7785-87-7,1,Oral,Food,,82.9,ug/bee,82.9,82.9,82.9,Not reported,1,,Day(s),False,Total,False,False,,,39264,"Wahl,O., and K. Ulm",1983,Influence of Pollen Feeding and Physiological Condition on Pesticide Sensitivity of the Honey Bee Apis mellifera carnica
26,"Sulfuric acid, Manganese(2+) salt (1:1)",7785-87-7,1,Oral,Food,,61.1,ug/bee,61.1,61.1,61.1,Not reported,1,,Day(s),False,Total,False,False,,,39264,"Wahl,O., and K. Ulm",1983,Influence of Pollen Feeding and Physiological Condition on Pesticide Sensitivity of the Honey Bee Apis mellifera carnica
22,"3-[(Dimethoxyphosphinyl)oxy]-2-butenoic acid, Methyl ester",7786-34-7,3,Oral,"Diet, unspecified",,0.027,ug/bee,0.027,0.027,0.027,Not reported,1,>=,Day(s),False,Formulation,False,False,,,35461,"Stevenson,J.H., P.H. Needham, and J. Walker",1978,Poisoning of Honeybees by Pesticides: Investigations of the Changing Pattern in Britain Over 20 Years
167,Pyrethrins and Pyrethroids,8003-34-7,3,Oral,"Diet, unspecified",,0.15,ug/bee,0.15,0.15,0.15,Not reported,1,>=,Day(s),False,Formulation,False,False,,,35461,"Stevenson,J.H., P.H. Needham, and J. Walker",1978,Poisoning of Honeybees by Pesticides: Investigations of the Changing Pattern in Britain Over 20 Years
123,Paraffin oils,8012-95-1,0,Contact,Dermal,>,100,AI ug/org,100.0,100.00000010000001,inf,Adult,2,,Day(s),False,Active ingredient,True,True,,,184644,U.S.Environmental Protection Agency,2020,Pesticide Ecotoxicity Database: Bee Studies
123,Paraffin oils,8012-95-1,0,Contact,Dermal,>,1830,AI ug/org,1830.0,1830.0000018300002,inf,Adult,2,,Day(s),False,Active ingredient,True,True,,,184644,U.S.Environmental Protection Agency,2020,Pesticide Ecotoxicity Database: Bee Studies
907,"1,1'-(2-Nitrobutylidene)bis(4-chlorobenzene), Mixt. with 1,1'-(2-Nitropropylidene)bis(4-chlorobenzene)",8027-00-7,1,Contact,Dermal,,40.49,ug/bee,40.49,40.49,40.49,Adult,2,,Day(s),False,Formulation,True,False,,,184644,U.S.Environmental Protection Agency,2020,Pesticide Ecotoxicity Database: Bee Studies
910,"3-(1-Ethylpropyl)phenol, 1-(N-Methylcarbamate) mixt. with 3-(1-Methylbutyl)phenyl N-methylcarbamate",8065-36-9,2,Contact,Dermal,,1.66,ug/bee,1.66,1.66,1.66,Adult,2,,Day(s),False,Formulation,True,False,,,184644,U.S.Environmental Protection Agency,2020,Pesticide Ecotoxicity Database: Bee Studies
425,"O,O-Dimethyl O-[2-(methylthio)ethyl]ester phosphorothioic acid mixt. with O,O-dimethyl S-[2-(methylthio)ethyl]phosphorothioate",8065-62-1,3,Oral,"Diet, unspecified",,0.22,ug/bee,0.22,0.22,0.22,Not reported,1,>=,Day(s),False,Formulation,False,False,,,35461,"Stevenson,J.H., P.H. Needham, and J. Walker",1978,Poisoning of Honeybees by Pesticides: Investigations of the Changing Pattern in Britain Over 20 Years
970,"N,N'-[1,2-Phenylenebis(iminocarbonothioyl)]bis-C,C'-dimethyl ester carbamic acid mixt. with 2,4,5,6-tetrachloro-1,3-benzenedicarbonitrile",8077-21-2,3,Oral,"Diet, unspecified",,0.039,AI ng/org,3.9e-05,3.9e-05,3.9e-05,Not reported,1.2083,,Day(s),False,Active ingredient,False,False,,,177575,"Tome,H.V.V., G.S. Ramos, M.F. Araujo, W.C. Santana, G.R. Santos, R.N.C. Guedes, C.D. Maciel, P.L. Newland, and E.E. Oli",2017,Agrochemical Synergism Imposes Higher Risk to Neotropical Bees than to Honeybees
218,"alpha-(4-(1,1,3,3-Tetramethylbutyl)phenyl)-omega-hydroxypoly(oxy-1,2-ethanediyl)",9002-93-1,0,Contact,Dermal,,1436,AI ug/org,1436.0,1436.0,1436.0,Adult,2,,Day(s),False,Active ingredient,True,True,,,187153,"Chen,L., Q. Yan, J. Zhang, S. Yuan, and X. Liu",2019,Joint Toxicity of Acetamiprid and the Co-Applied Pesticide Adjuvants on Honeybees under Semi-Field and Laboratory Conditions
512,5-Methyl-3(2H)-isoxazolone,10004-44-1,1,Contact,Dermal,>,100,AI ug/org,100.0,100.00000010000001,inf,Adult,2,,Day(s),False,Active ingredient,True,True,,,184644,U.S.Environmental Protection Agency,2020,Pesticide Ecotoxicity Database: Bee Studies
13,"Sulfuric acid, Iron(3+) salt (3:2)",10028-22-5,1,Contact,Dermal,>,100,AI ug/org,100.0,100.00000010000001,inf,Adult,4,,Day(s),False,Formulation,False,False,,,184644,U.S.Environmental Protection Agency,2020,Pesticide Ecotoxicity Database: Bee Studies
59,"Sulfuric acid, Chromium(3+)salt(3:2)",10101-53-8,1,Oral,Food,,34.6,ug/org,34.6,34.6,34.6,Not reported,2,,Day(s),False,Total,False,False,,,180757,"Sgolastra,F., S. Blasioli, T. Renzi, S. Tosi, P. Medrzycki, R. Molowny-Horas, C. Porrini, and I. Braschi",2018,Lethal Effects of Cr(III) Alone and in Combination with Propiconazole and Clothianidin in Honey Bees
48,Cadmium chloride (CdCl2),10108-64-2,2,Oral,Food,,0.001035,mg/bee,1.035,1.035,1.035,Adult,4,,Day(s),False,Total,False,False,,,180881,"Hesketh,H., E. Lahive, A.A. Horton, A.G. Robinson, C. Svendsen, A. Rortais, J.L. Dorne, J. Baas, D.J. Spurgeon, and M.S",2016,Extending Standard Testing Period in Honeybees to Predict Lifespan Impacts of Pesticides and Heavy Metals Using Dynamic Energy Budget Modelling
48,Cadmium chloride (CdCl2),10108-64-2,2,Oral,Food,,0.002570,mg/bee,2.57,2.57,2.57,Adult,2,,Day(s),False,Total,True,False,,,180881,"Hesketh,H., E. Lahive, A.A. Horton, A.G. Robinson, C. Svendsen, A. Rortais, J.L. Dorne, J. Baas, D.J. Spurgeon, and M.S",2016,Extending Standard Testing Period in Honeybees to Predict Lifespan Impacts of Pesticides and Heavy Metals Using Dynamic Energy Budget Modelling
442,"Phosphoramidothioic acid, O,S-Dimethyl ester",10265-92-6,3,Other,Multiple routes between application groups,,0.766,ug/org,0.766,0.766,0.766,Larva,NR,,Emergence,False,Formulation,False,False,,,70351,"Atkins,E.L., and D. Kellum",1986,Comparative Morphogenic and Toxicity Studies on the Effect of Pesticides on Honeybee Brood
442,"Phosphoramidothioic acid, O,S-Dimethyl ester",10265-92-6,3,Other,Multiple routes between application groups,,0.698,ug/org,0.698,0.698,0.698,Larva,NR,,Emergence,False,Formulation,False,False,,,70351,"Atkins,E.L., and D. Kellum",1986,Comparative Morphogenic and Toxicity Studies on the Effect of Pesticides on Honeybee Brood
442,"Phosphoramidothioic acid, O,S-Dimethyl ester",10265-92-6,3,Other,Multiple routes between application groups,,1.37,ug/org,1.37,1.37,1.37,Adult,NR,,Emergence,False,Formulation,False,False,,,70351,"Atkins,E.L., and D. Kellum",1986,Comparative Morphogenic and Toxicity Studies on the Effect of Pesticides on Honeybee Brood
442,"Phosphoramidothioic acid, O,S-Dimethyl ester",10265-92-6,3,Other,Multiple routes between application groups,,0.871,ug/org,0.871,0.871,0.871,Larva,NR,,Emergence,False,Formulation,False,False,,,70351,"Atkins,E.L., and D. Kellum",1986,Comparative Morphogenic and Toxicity Studies on the Effect of Pesticides on Honeybee Brood
442,"Phosphoramidothioic acid, O,S-Dimethyl ester",10265-92-6,3,Other,Multiple routes between application groups,,0.730,ug/org,0.73,0.73,0.73,Larva,NR,,Emergence,False,Formulation,False,False,,,70351,"Atkins,E.L., and D. Kellum",1986,Comparative Morphogenic and Toxicity Studies on the Effect of Pesticides on Honeybee Brood
194,"2,2-Dimethyl-3-(2-methyl-1-propen-1-yl)cyclopropanecarboxylic acid [5-(phenylmethyl)-3-furanyl]methyl ester",10453-86-8,3,Contact,Dermal,,0.015,ug/bee,0.015,0.015,0.015,Not reported,1,>=,Day(s),False,Formulation,False,False,,,35461,"Stevenson,J.H., P.H. Needham, and J. Walker",1978,Poisoning of Honeybees by Pesticides: Investigations of the Changing Pattern in Britain Over 20 Years
194,"2,2-Dimethyl-3-(2-methyl-1-propen-1-yl)cyclopropanecarboxylic acid [5-(phenylmethyl)-3-furanyl]methyl ester",10453-86-8,3,Contact,Dermal,,0.063,ug/bee,0.063,0.063,0.063,Adult,2,,Day(s),False,Formulation,True,False,,,184644,U.S.Environmental Protection Agency,2020,Pesticide Ecotoxicity Database: Bee Studies
194,"2,2-Dimethyl-3-(2-methyl-1-propen-1-yl)cyclopropanecarboxylic acid [5-(phenylmethyl)-3-furanyl]methyl ester",10453-86-8,3,Contact,"Topical, general",,0.076,ug/org,0.076,0.076,0.076,Not reported,1,,Day(s),False,Formulation,False,False,,,70542,"MacKenzie,K.E., and M.L. Winston",1989,"The Effects of Sublethal Exposure to Diazinon, Carbaryl and Resmethrin on Longevity and Foraging in Apis mellifera L."
194,"2,2-Dimethyl-3-(2-methyl-1-propen-1-yl)cyclopropanecarboxylic acid [5-(phenylmethyl)-3-furanyl]methyl ester",10453-86-8,3,Contact,"Topical, general",,0.045,ug/org,0.045,0.045,0.045,"New, newly or recent hatch",1,,Day(s),False,Formulation,False,False,,,70542,"MacKenzie,K.E., and M.L. Winston",1989,"The Effects of Sublethal Exposure to Diazinon, Carbaryl and Resmethrin on Longevity and Foraging in Apis mellifera L."
388,N-1H-Benzimidazol-2-yl carbamic acid methyl ester,10605-21-7,1,Contact,Dermal,>,50,AI ug/org,50.0,50.000000050000004,inf,Adult,2,,Day(s),False,Active ingredient,True,True,,,184644,U.S.Environmental Protection Agency,2020,Pesticide Ecotoxicity Database: Bee Studies
438,"2aR,3S,4S,4aR,5S,7aS,8S,10R,10aS,10bR)-10-(Acetyloxy)octahydro-3,5-dihydroxy-4-methyl-8-[[(2E)-2-methyl-1-oxo-2-buten-1-yl]oxy]-4-[(1aR,2S,3aS,6aS,7S,7aS)-3a,6a,7,7a-tetrahydro-6a-hydroxy-7a-methyl-2,7-methanofuro[2,3-b]oxireno[e]oxepin-1a(2H)-yl]-1H,7H-naptho[1,8-bc:4,4a-c']difuran-5,10a(8H)-dicarboxylic acid 5-10a-dimethyl ester",11141-17-6,2,Contact,Dermal,>,2.5,AI ug/org,2.5,2.5000000025,inf,Adult,2,,Day(s),False,Formulation,True,False,,,184644,U.S.Environmental Protection Agency,2020,Pesticide Ecotoxicity Database: Bee Studies
326,"[[2-[(Dithiocarboxy)amino]ethyl]carbamodithioato(2-)-kappaS,kappaS']manganese",12427-38-2,1,Contact,Dermal,>,12.09,ug/bee,12.09,12.09000001209,inf,Adult,2,,Day(s),False,Formulation,True,False,,,184644,U.S.Environmental Protection Agency,2020,Pesticide Ecotoxicity Database: Bee Studies
497,alpha-Cyclopropyl-alpha-(4-methoxyphenyl)-5-pyrimidinemethanol,12771-68-5,1,Contact,Dermal,>,100,AI ug/org,100.0,100.00000010000001,inf,Adult,2,,Day(s),False,Active ingredient,True,True,,,184644,U.S.Environmental Protection Agency,2020,Pesticide Ecotoxicity Database: Bee Studies
192,Chlordane (Technical Grade),12789-03-6,2,Oral,Food,,0.001122,mg/org,1.1219999999999999,1.1219999999999999,1.1219999999999999,Adult,1,,Day(s),False,Active ingredient,False,False,,,64839,"Jones,G.D.G., and J.U. Connell",1954,Studies of the Toxicity to Worker Honey-Bees (Apis mellifera L.) of Certain Chemicals Used in Plant Protection
171,"Phosphorodithioic acid S-[[(1,1-dimethylethyl)thio]O,O-diethylmethyl]ester",13071-79-9,2,Contact,Dermal,,4.09,ug/bee,4.09,4.09,4.09,Adult,2,,Day(s),False,Formulation,True,False,,,184644,U.S.Environmental Protection Agency,2020,Pesticide Ecotoxicity Database: Bee Studies
381,Tricyclohexylhydroxystannane,13121-70-5,1,Contact,Dermal,,38.19,AI ug/org,38.19,38.19,38.19,Adult,2,,Day(s),False,Formulation,True,False,,,184644,U.S.Environmental Protection Agency,2020,Pesticide Ecotoxicity Database: Bee Studies
381,Tricyclohexylhydroxystannane,13121-70-5,1,Contact,Dermal,,40.49,ug/bee,40.49,40.49,40.49,Adult,2,,Day(s),False,Formulation,True,False,,,184644,U.S.Environmental Protection Agency,2020,Pesticide Ecotoxicity Database: Bee Studies
279,"Phosphoric acid, 2-Chloro-3-(diethylamino)-1-methyl-3-oxo-1-propen-1-yl dimethyl ester",13171-21-6,3,Contact,Dermal,,0.015,ug/org,0.015,0.015,0.015,Adult,1,,Day(s),False,Active ingredient,False,False,,,191065,"Abdelwahab,A.M., F.M. Khalil, and M.H. Hussein",1973,Toxicity of Insecticides to Honey Bees in Laboratory and Field
279,"Phosphoric acid, 2-Chloro-3-(diethylamino)-1-methyl-3-oxo-1-propen-1-yl dimethyl ester",13171-21-6,3,Contact,Dermal,,1.46,ug/bee,1.46,1.46,1.46,Adult,2,,Day(s),False,Formulation,True,False,,,184644,U.S.Environmental Protection Agency,2020,Pesticide Ecotoxicity Database: Bee Studies
279,"Phosphoric acid, 2-Chloro-3-(diethylamino)-1-methyl-3-oxo-1-propen-1-yl dimethyl ester",13171-21-6,3,Contact,Dermal,,0.0020,ug/org,0.002,0.002,0.002,Adult,2,,Day(s),False,Formulation,True,False,,,39126,"Torchio,P.F.",1973,"Relative Toxicity of Insecticides to the Honey Bee, Alkali Bee, and Alfalfa Leafcutting Bee (Hymenoptera: Apidae, Halictidae, Megachilidae)"
240,"Phosphorodithioic acid O-ethyl S,S-dipropyl ester",13194-48-4,2,Contact,Dermal,,2.58,ug/bee,2.58,2.58,2.58,Adult,2,,Day(s),False,Formulation,True,False,,,184644,U.S.Environmental Protection Agency,2020,Pesticide Ecotoxicity Database: Bee Studies
240,"Phosphorodithioic acid O-ethyl S,S-dipropyl ester",13194-48-4,2,Contact,Dermal,,2.58,AI ug/org,2.58,2.58,2.58,Adult,2,,Day(s),False,Active ingredient,True,True,,,184644,U.S.Environmental Protection Agency,2020,Pesticide Ecotoxicity Database: Bee Studies
310,"1,1,1,3,3,3-Hexakis(2-methyl-2-phenylpropyl)distannoxane",13356-08-6,0,Contact,Dermal,,3982,AI ug/org,3982.0,3982.0,3982.0,Adult,2,,Day(s),False,Formulation,True,False,,,184644,U.S.Environmental Protection Agency,2020,Pesticide Ecotoxicity Database: Bee Studies
434,"2-[(Diethoxyphosphinothionyl)oxy]-5-methylpyrazolo[1,5-a]pyrimidine-6-carboxylic acid ethyl ester",13457-18-6,2,Contact,Dermal,,1.85,ug/bee,1.85,1.85,1.85,Adult,2,,Day(s),False,Formulation,True,False,,,184644,U.S.Environmental Protection Agency,2020,Pesticide Ecotoxicity Database: Bee Studies
138,"Nitric acid, Chromium(3+) salt",13548-38-4,1,Oral,Food,,20.5/,ug/org,20.5,20.5,20.5,Not reported,2,,Day(s),False,Total,False,False,,,180757,"Sgolastra,F., S. Blasioli, T. Renzi, S. Tosi, P. Medrzycki, R. Molowny-Horas, C. Porrini, and I. Braschi",2018,Lethal Effects of Cr(III) Alone and in Combination with Propiconazole and Clothianidin in Honey Bees
115,"Phosphorothioic acid O,O-diethyl O-2-quinoxalinyl ester  ",13593-03-8,3,Contact,"Topical, general",,0.0292,ug/org,0.0292,0.0292,0.0292,Adult,1,,Day(s),False,Formulation,False,False,,,183290,"Abrol,D.P., and R.S. Andotra",2003,Relative Toxicity of Some Insecticides to Apis mellifera L
429,"N-[3-[[(Phenylamino)carbonyl]oxy]phenyl]carbamic acid, Ethyl ester",13684-56-5,1,Contact,Dermal,>,50,AI ug/org,50.0,50.000000050000004,inf,Adult,2,,Day(s),False,Active ingredient,True,True,,,184644,U.S.Environmental Protection Agency,2020,Pesticide Ecotoxicity Database: Bee Studies
136,(3-Methylphenyl)carbamic acid 3-[(methoxycarbonyl)amino]phenyl ester,13684-63-4,1,Contact,Dermal,>,100,AI ug/org,100.0,100.00000010000001,inf,Adult,2,,Day(s),False,Formulation,True,False,,,184644,U.S.Environmental Protection Agency,2020,Pesticide Ecotoxicity Database: Bee Studies
136,(3-Methylphenyl)carbamic acid 3-[(methoxycarbonyl)amino]phenyl ester,13684-63-4,1,Contact,Dermal,>,100,AI ug/org,100.0,100.00000010000001,inf,Adult,2,,Day(s),False,Active ingredient,True,True,,,184644,U.S.Environmental Protection Agency,2020,Pesticide Ecotoxicity Database: Bee Studies
136,(3-Methylphenyl)carbamic acid 3-[(methoxycarbonyl)amino]phenyl ester,13684-63-4,1,Contact,Dermal,>,100,AI ug/org,100.0,100.00000010000001,inf,Adult,3,,Day(s),False,Formulation,False,False,,,184644,U.S.Environmental Protection Agency,2020,Pesticide Ecotoxicity Database: Bee Studies
136,(3-Methylphenyl)carbamic acid 3-[(methoxycarbonyl)amino]phenyl ester,13684-63-4,1,Contact,Dermal,>,241.72,ug/bee,241.72,241.72000024172002,inf,Adult,2,,Day(s),False,Formulation,True,False,,,184644,U.S.Environmental Protection Agency,2020,Pesticide Ecotoxicity Database: Bee Studies
136,(3-Methylphenyl)carbamic acid 3-[(methoxycarbonyl)amino]phenyl ester,13684-63-4,1,Contact,Dermal,>,200,AI ug/org,200.0,200.00000020000002,inf,Adult,2,,Day(s),False,Formulation,True,False,,,184644,U.S.Environmental Protection Agency,2020,Pesticide Ecotoxicity Database: Bee Studies
176,"(OC-6-11)-tris(N,N-Dimethylcarbamodithioato-kappaS,kappaS')iron",14484-64-1,0,Oral,Food,>,1000,ug/bee,1000.0,1000.0000010000001,inf,Not reported,1,,Day(s),False,Formulation,False,False,,,39264,"Wahl,O., and K. Ulm",1983,Influence of Pollen Feeding and Physiological Condition on Pesticide Sensitivity of the Honey Bee Apis mellifera carnica
418,"4-Ethoxy-7-phenyl-3,5-dioxa-6-aza-4-phosphaoct-6-ene-8-nitrile 4-sulfide",14816-18-3,3,Contact,Dermal,,0.305,ug/bee,0.305,0.305,0.305,Adult,2,,Day(s),False,Formulation,True,False,,,184644,U.S.Environmental Protection Agency,2020,Pesticide Ecotoxicity Database: Bee Studies
158,Cryolite (Na3(AlF6)),15096-52-3,0,Contact,Dermal,>,217.55,ug/bee,217.55,217.55000021755004,inf,Adult,2,,Day(s),False,Formulation,True,False,,,184644,U.S.Environmental Protection Agency,2020,Pesticide Ecotoxicity Database: Bee Studies
158,Cryolite (Na3(AlF6)),15096-52-3,0,Contact,Dermal,,2245,ug/org,2245.0,2245.0,2245.0,Larva,NR,,Emergence,False,Total,False,False,,,70351,"Atkins,E.L., and D. Kellum",1986,Comparative Morphogenic and Toxicity Studies on the Effect of Pesticides on Honeybee Brood
158,Cryolite (Na3(AlF6)),15096-52-3,0,Contact,Dermal,,8739,ug/org,8739.0,8739.0,8739.0,Larva,NR,,Emergence,False,Total,False,False,,,70351,"Atkins,E.L., and D. Kellum",1986,Comparative Morphogenic and Toxicity Studies on the Effect of Pesticides on Honeybee Brood
158,Cryolite (Na3(AlF6)),15096-52-3,0,Contact,Dermal,,4366,ug/org,4366.0,4366.0,4366.0,Larva,NR,,Emergence,False,Total,False,False,,,70351,"Atkins,E.L., and D. Kellum",1986,Comparative Morphogenic and Toxicity Studies on the Effect of Pesticides on Honeybee Brood
158,Cryolite (Na3(AlF6)),15096-52-3,0,Contact,Dermal,,2212,ug/org,2212.0,2212.0,2212.0,Larva,NR,,Emergence,False,Total,False,False,,,70351,"Atkins,E.L., and D. Kellum",1986,Comparative Morphogenic and Toxicity Studies on the Effect of Pesticides on Honeybee Brood
158,Cryolite (Na3(AlF6)),15096-52-3,0,Contact,Dermal,,189.6,ug/org,189.6,189.6,189.6,Larva,NR,,Emergence,False,Total,False,False,,,70351,"Atkins,E.L., and D. Kellum",1986,Comparative Morphogenic and Toxicity Studies on the Effect of Pesticides on Honeybee Brood
306,"2-Chloro-N-(2,6-diethylphenyl)-N-(methoxymethyl)acetamide",15972-60-8,1,Contact,Dermal,>,36.26,ug/bee,36.26,36.26000003626,inf,Adult,2,,Day(s),False,Formulation,True,False,,,184644,U.S.Environmental Protection Agency,2020,Pesticide Ecotoxicity Database: Bee Studies
23,(2-Chloroethyl)phosphonic acid,16672-87-0,1,Contact,Dermal,>,100,AI ug/org,100.0,100.00000010000001,inf,Adult,2,,Day(s),False,Formulation,True,False,,,184644,U.S.Environmental Protection Agency,2020,Pesticide Ecotoxicity Database: Bee Studies
23,(2-Chloroethyl)phosphonic acid,16672-87-0,1,Contact,Dermal,>,12.09,ug/bee,12.09,12.09000001209,inf,Adult,2,,Day(s),False,Formulation,True,False,,,184644,U.S.Environmental Protection Agency,2020,Pesticide Ecotoxicity Database: Bee Studies
366,N-[[(Methylamino)carbonyl]oxy]ethanimidothioic acid methyl ester,16752-77-5,3,Oral,Food,,3.48,AI ug/org/d,3.48,3.48,3.48,Larva,3,,Day(s),True,Active ingredient,False,False,,,184644,U.S.Environmental Protection Agency,2020,Pesticide Ecotoxicity Database: Bee Studies
366,N-[[(Methylamino)carbonyl]oxy]ethanimidothioic acid methyl ester,16752-77-5,3,Oral,Food,,0.17,ug/org,0.17,0.17,0.17,Not reported,1,,Day(s),False,Formulation,False,False,,,36201,"Clinch,P.G.",1981,"Rapid Methods for Orally Dosing Adult Honey Bees, Individually or in Groups, Without Anaesthetic"
366,N-[[(Methylamino)carbonyl]oxy]ethanimidothioic acid methyl ester,16752-77-5,3,Oral,Food,,0.33,ug/org,0.33,0.33,0.33,Not reported,1,,Day(s),False,Formulation,False,False,,,36201,"Clinch,P.G.",1981,"Rapid Methods for Orally Dosing Adult Honey Bees, Individually or in Groups, Without Anaesthetic"
366,N-[[(Methylamino)carbonyl]oxy]ethanimidothioic acid methyl ester,16752-77-5,3,Oral,Food,,0.23,ug/org,0.23,0.23,0.23,Not reported,1,,Day(s),False,Formulation,False,False,,,36201,"Clinch,P.G.",1981,"Rapid Methods for Orally Dosing Adult Honey Bees, Individually or in Groups, Without Anaesthetic"
366,N-[[(Methylamino)carbonyl]oxy]ethanimidothioic acid methyl ester,16752-77-5,3,Oral,Food,,0.24,ug/org,0.24,0.24,0.24,Not reported,1,,Day(s),False,Formulation,False,False,,,36201,"Clinch,P.G.",1981,"Rapid Methods for Orally Dosing Adult Honey Bees, Individually or in Groups, Without Anaesthetic"
366,N-[[(Methylamino)carbonyl]oxy]ethanimidothioic acid methyl ester,16752-77-5,3,Oral,Food,,0.36,ug/org,0.36,0.36,0.36,Not reported,1,,Day(s),False,Formulation,False,False,,,36201,"Clinch,P.G.",1981,"Rapid Methods for Orally Dosing Adult Honey Bees, Individually or in Groups, Without Anaesthetic"
366,N-[[(Methylamino)carbonyl]oxy]ethanimidothioic acid methyl ester,16752-77-5,3,Oral,Food,,0.17,ug/org,0.17,0.17,0.17,Not reported,1,,Day(s),False,Formulation,False,False,,,36201,"Clinch,P.G.",1981,"Rapid Methods for Orally Dosing Adult Honey Bees, Individually or in Groups, Without Anaesthetic"
366,N-[[(Methylamino)carbonyl]oxy]ethanimidothioic acid methyl ester,16752-77-5,3,Oral,Food,,0.21,ug/org,0.21,0.21,0.21,Not reported,1,,Day(s),False,Formulation,False,False,,,36201,"Clinch,P.G.",1981,"Rapid Methods for Orally Dosing Adult Honey Bees, Individually or in Groups, Without Anaesthetic"
366,N-[[(Methylamino)carbonyl]oxy]ethanimidothioic acid methyl ester,16752-77-5,3,Oral,Food,,0.19,ug/org,0.19,0.19,0.19,Not reported,1,,Day(s),False,Formulation,False,False,,,36201,"Clinch,P.G.",1981,"Rapid Methods for Orally Dosing Adult Honey Bees, Individually or in Groups, Without Anaesthetic"
366,N-[[(Methylamino)carbonyl]oxy]ethanimidothioic acid methyl ester,16752-77-5,3,Oral,Food,,0.26,ug/org,0.26,0.26,0.26,Not reported,1,,Day(s),False,Formulation,False,False,,,36201,"Clinch,P.G.",1981,"Rapid Methods for Orally Dosing Adult Honey Bees, Individually or in Groups, Without Anaesthetic"
366,N-[[(Methylamino)carbonyl]oxy]ethanimidothioic acid methyl ester,16752-77-5,3,Oral,Food,,0.17,ug/org,0.17,0.17,0.17,Not reported,1,,Day(s),False,Formulation,False,False,,,36201,"Clinch,P.G.",1981,"Rapid Methods for Orally Dosing Adult Honey Bees, Individually or in Groups, Without Anaesthetic"
366,N-[[(Methylamino)carbonyl]oxy]ethanimidothioic acid methyl ester,16752-77-5,3,Oral,Food,,0.27,ug/org,0.27,0.27,0.27,Not reported,1,,Day(s),False,Formulation,False,False,,,36201,"Clinch,P.G.",1981,"Rapid Methods for Orally Dosing Adult Honey Bees, Individually or in Groups, Without Anaesthetic"
366,N-[[(Methylamino)carbonyl]oxy]ethanimidothioic acid methyl ester,16752-77-5,3,Oral,Food,,0.23,ug/org,0.23,0.23,0.23,Not reported,1,,Day(s),False,Formulation,False,False,,,36201,"Clinch,P.G.",1981,"Rapid Methods for Orally Dosing Adult Honey Bees, Individually or in Groups, Without Anaesthetic"
410,"S-[2-(Ethylsulfonyl)ethyl]O,O-dimethyl ester phosphorothioic acid",17040-19-6,3,Oral,"Diet, unspecified",,0.19,ug/bee,0.19,0.19,0.19,Not reported,1,>=,Day(s),False,Formulation,False,False,,,35461,"Stevenson,J.H., P.H. Needham, and J. Walker",1978,Poisoning of Honeybees by Pesticides: Investigations of the Changing Pattern in Britain Over 20 Years
392,"Sulfuric acid, Iron(2+) salt(1:1), Monohydrate",17375-41-6,1,Contact,Dermal,>,100,AI ug/org,100.0,100.00000010000001,inf,Adult,2,,Day(s),False,Active ingredient,True,True,,,184644,U.S.Environmental Protection Agency,2020,Pesticide Ecotoxicity Database: Bee Studies
415,"alpha, alpha-bis(4-Chlorophenyl)-3-pyridinemethanol",17781-31-6,2,Contact,Dermal,>,2.42,ug/bee,2.42,2.42000000242,inf,Adult,2,,Day(s),False,Formulation,True,False,,,184644,U.S.Environmental Protection Agency,2020,Pesticide Ecotoxicity Database: Bee Studies
111,"N-[1-[(Butylamino)carbonyl]-1H-benzimidazol-2-yl]carbamic acid, Methyl ester",17804-35-2,2,Oral,"Diet, unspecified",<,10,ug/bee,10.0,0.0,9.999999990000001,Not reported,1,>=,Day(s),False,Formulation,False,False,,,35461,"Stevenson,J.H., P.H. Needham, and J. Walker",1978,Poisoning of Honeybees by Pesticides: Investigations of the Changing Pattern in Britain Over 20 Years
389,"Phosphorothioic acid, O-(2,5-Dichloro-4-iodophenyl) O,O-dimethyl ester",18181-70-9,2,Contact,Dermal,,3.99,ug/bee,3.99,3.99,3.99,Adult,2,,Day(s),False,Formulation,True,False,,,184644,U.S.Environmental Protection Agency,2020,Pesticide Ecotoxicity Database: Bee Studies
443,"3-[2,4-Dichloro-5-(1-methylethoxy)phenyl]-5-(1,1-dimethylethyl)-1,3,4-oxadiazol-2(3H)-one",19666-30-9,1,Contact,Dermal,>,21.7,ug/bee,21.7,21.7000000217,inf,Adult,2,,Day(s),False,Formulation,True,False,,,184644,U.S.Environmental Protection Agency,2020,Pesticide Ecotoxicity Database: Bee Studies
443,"3-[2,4-Dichloro-5-(1-methylethoxy)phenyl]-5-(1,1-dimethylethyl)-1,3,4-oxadiazol-2(3H)-one",19666-30-9,1,Contact,Dermal,>,25,AI ug/org,25.0,25.000000025000002,inf,Adult,2,,Day(s),False,Active ingredient,True,True,,,184644,U.S.Environmental Protection Agency,2020,Pesticide Ecotoxicity Database: Bee Studies
772,6-chloro-3-pyridinemethanol,21543-49-7,1,Contact,"Topical, general",>,50,AI ug/org,50.0,50.000000050000004,inf,Not reported,1,,Day(s),False,Active ingredient,False,False,,,95986,"Iwasa,T., N. Motoyama, J.T. Ambrose, and R.M. Roe",2004,"Mechanism for the Differential Toxicity of Neonicotinoid Insecticides in the Honey Bee, Apis mellifera"
309,"p-Phenylphosphonothioic acid, O-(4-Bromo-2,5-dichlorophenyl) O-methyl ester",21609-90-5,2,Contact,Dermal,,2.19,ug/bee,2.19,2.19,2.19,Adult,2,,Day(s),False,Formulation,True,False,,,184644,U.S.Environmental Protection Agency,2020,Pesticide Ecotoxicity Database: Bee Studies
379,(1-Methylethyl)phosphoramidic acid ethyl-3-methyl-4-(methylthio)phenyl ester,22224-92-6,2,Contact,Dermal,,1.87,ug/bee,1.87,1.87,1.87,Adult,2,,Day(s),False,Formulation,True,False,,,184644,U.S.Environmental Protection Agency,2020,Pesticide Ecotoxicity Database: Bee Studies
380,"Phosphoric acid (1Z)-2-chloro-1-(2,4,5-trichlorophenyl)ethenyl dimethyl ester",22248-79-9,2,Contact,Dermal,,1.37,ug/bee,1.37,1.37,1.37,Adult,2,,Day(s),False,Formulation,True,False,,,184644,U.S.Environmental Protection Agency,2020,Pesticide Ecotoxicity Database: Bee Studies
448,"2,2-Dimethyl-1,3-benzodioxol-4-ol 4-(N-methylcarbamate)",22781-23-3,3,Contact,Dermal,,0.428,ug/bee,0.428,0.428,0.428,Adult,2,,Day(s),False,Formulation,True,False,,,184644,U.S.Environmental Protection Agency,2020,Pesticide Ecotoxicity Database: Bee Studies
581,"2,2-Dimethyl-3-(2-methyl-1-propenyl)cyclopropanecarboxylic acid 2-methyl-4-oxo-3-(2-propynyl)-2-cyclopenten-1-yl ester",23031-36-9,3,Contact,Dermal,,0.185,AI ug/org,0.185,0.185,0.185,Adult,2,,Day(s),False,Formulation,True,False,,,184644,U.S.Environmental Protection Agency,2020,Pesticide Ecotoxicity Database: Bee Studies
581,"2,2-Dimethyl-3-(2-methyl-1-propenyl)cyclopropanecarboxylic acid 2-methyl-4-oxo-3-(2-propynyl)-2-cyclopenten-1-yl ester",23031-36-9,3,Contact,Dermal,,0.028,AI ug/org,0.028,0.028,0.028,Adult,2,,Day(s),False,Active ingredient,True,True,,,184644,U.S.Environmental Protection Agency,2020,Pesticide Ecotoxicity Database: Bee Studies
358,2-(Dimethylamino)-N-[[(methylamino)carbonyl]oxy]-2-oxo-ethanimidothioic acid methyl ester,23135-22-0,3,Other,"Spray, unspecified",,0.34,ug/bee,0.34,0.34,0.34,Not reported,2,,Day(s),False,Formulation,False,False,,,180995,"Zhu,Y.C., J. Adamczyk, T. Rinderer, J. Yao, R. Danka, R. Luttrell, and J. Gore",2015,Spray Toxicity and Risk Potential of 42 Commonly Used Formulations of Row Crop Pesticides to Adult Honey Bees (Hymenoptera: Apidae)
358,2-(Dimethylamino)-N-[[(methylamino)carbonyl]oxy]-2-oxo-ethanimidothioic acid methyl ester,23135-22-0,3,Other,Multiple routes between application groups,,0.0226,ug/org,0.0226,0.0226,0.0226,Larva,NR,,Emergence,False,Formulation,False,False,,,70351,"Atkins,E.L., and D. Kellum",1986,Comparative Morphogenic and Toxicity Studies on the Effect of Pesticides on Honeybee Brood
358,2-(Dimethylamino)-N-[[(methylamino)carbonyl]oxy]-2-oxo-ethanimidothioic acid methyl ester,23135-22-0,3,Other,Multiple routes between application groups,,0.00013,ug/org,0.00013,0.00013,0.00013,Larva,NR,,Emergence,False,Formulation,False,False,,,70351,"Atkins,E.L., and D. Kellum",1986,Comparative Morphogenic and Toxicity Studies on the Effect of Pesticides on Honeybee Brood
358,2-(Dimethylamino)-N-[[(methylamino)carbonyl]oxy]-2-oxo-ethanimidothioic acid methyl ester,23135-22-0,3,Other,Multiple routes between application groups,,0.057,ug/org,0.057,0.057,0.057,Larva,NR,,Emergence,False,Formulation,False,False,,,70351,"Atkins,E.L., and D. Kellum",1986,Comparative Morphogenic and Toxicity Studies on the Effect of Pesticides on Honeybee Brood
358,2-(Dimethylamino)-N-[[(methylamino)carbonyl]oxy]-2-oxo-ethanimidothioic acid methyl ester,23135-22-0,3,Other,Multiple routes between application groups,,0.367,ug/org,0.367,0.367,0.367,Larva,NR,,Emergence,False,Formulation,False,False,,,70351,"Atkins,E.L., and D. Kellum",1986,Comparative Morphogenic and Toxicity Studies on the Effect of Pesticides on Honeybee Brood
358,2-(Dimethylamino)-N-[[(methylamino)carbonyl]oxy]-2-oxo-ethanimidothioic acid methyl ester,23135-22-0,3,Other,Multiple routes between application groups,,10.26,ug/org,10.26,10.26,10.26,Adult,NR,,Emergence,False,Formulation,False,False,,,70351,"Atkins,E.L., and D. Kellum",1986,Comparative Morphogenic and Toxicity Studies on the Effect of Pesticides on Honeybee Brood
358,2-(Dimethylamino)-N-[[(methylamino)carbonyl]oxy]-2-oxo-ethanimidothioic acid methyl ester,23135-22-0,3,Other,"Spray, unspecified",,0.14,AI ug/org,0.14,0.14,0.14,Not reported,2,,Day(s),False,Active ingredient,False,False,,,180995,"Zhu,Y.C., J. Adamczyk, T. Rinderer, J. Yao, R. Danka, R. Luttrell, and J. Gore",2015,Spray Toxicity and Risk Potential of 42 Commonly Used Formulations of Row Crop Pesticides to Adult Honey Bees (Hymenoptera: Apidae)
398,"N,N-Dimethyl-N'-[3[[(methylamino)carbonyl]oxy]phenyl]methanimidamide hydrochloride (1:1)",23422-53-9,3,Oral,Food,,0.16,AI ug/org,0.16,0.16,0.16,Adult,2,,Day(s),False,Active ingredient,True,True,,,184644,U.S.Environmental Protection Agency,2020,Pesticide Ecotoxicity Database: Bee Studies
398,"N,N-Dimethyl-N'-[3[[(methylamino)carbonyl]oxy]phenyl]methanimidamide hydrochloride (1:1)",23422-53-9,3,Oral,Food,,0.11,AI ug/org/d,0.11,0.11,0.11,Larva,8,,Day(s),True,Active ingredient,False,False,,,184644,U.S.Environmental Protection Agency,2020,Pesticide Ecotoxicity Database: Bee Studies
449,"Phosphorothioic acid O-[2-(diethylamino)-6-methyl-4-pyrimidinyl] O,O-diethyl ester",23505-41-1,3,Oral,"Diet, unspecified",,0.39,ug/bee,0.39,0.39,0.39,Not reported,1,>=,Day(s),False,Formulation,False,False,,,35461,"Stevenson,J.H., P.H. Needham, and J. Walker",1978,Poisoning of Honeybees by Pesticides: Investigations of the Changing Pattern in Britain Over 20 Years
405,"N,N'-[1,2-Phenylenebis(iminocarbonothioyl)]bis-C,C'- dimethyl ester carbamic acid",23564-05-8,1,Contact,Dermal,>,100,AI ug/org,100.0,100.00000010000001,inf,Adult,2,,Day(s),False,Formulation,True,False,,,184644,U.S.Environmental Protection Agency,2020,Pesticide Ecotoxicity Database: Bee Studies
578,2-[(Aminomethoxyphosphinothioyl)oxy]benzoic acid 1-methylethyl ester,24353-61-5,3,Contact,Dermal,,0.519,ug/bee,0.519,0.519,0.519,Adult,2,,Day(s),False,Formulation,True,False,,,184644,U.S.Environmental Protection Agency,2020,Pesticide Ecotoxicity Database: Bee Studies
898,"N-[[(Methylamino)carbonyl]oxy]ethanimidothioic acid, 2-Cyanoethylester",25171-63-5,1,Contact,Dermal,,12,AI ug/org,12.0,12.0,12.0,Adult,2,,Day(s),False,Formulation,True,False,,,184644,U.S.Environmental Protection Agency,2020,Pesticide Ecotoxicity Database: Bee Studies
20,2-[[Ethoxy[(1-methylethyl)amino]phosphinothioyl]oxy]benzoic acid 1-methylethyl ester,25311-71-1,3,Contact,Dermal,,0.05,AI ug/org,0.05,0.05,0.05,Adult,2,,Day(s),False,Active ingredient,True,True,,,184644,U.S.Environmental Protection Agency,2020,Pesticide Ecotoxicity Database: Bee Studies
562,N-[3-(Dimethylamino)propyl]carbamic acid propyl ester hydrochloride (1:1),25606-41-1,1,Contact,Dermal,>,100,ug/bee,100.0,100.00000010000001,inf,Adult,2,,Day(s),False,Formulation,True,False,,,184644,U.S.Environmental Protection Agency,2020,Pesticide Ecotoxicity Database: Bee Studies
456,"Benzoyl chloride, (2,4,6-Trichlorophenyl)hydrazone",25939-05-3,2,Contact,Dermal,,5.75,ug/bee,5.75,5.75,5.75,Adult,2,,Day(s),False,Formulation,True,False,,,184644,U.S.Environmental Protection Agency,2020,Pesticide Ecotoxicity Database: Bee Studies
535,P-(Aminocarbonyl)phosphonic acid monoethyl ester ammonium salt (1:1),25954-13-6,0,Contact,Dermal,>,200,AI ug/org,200.0,200.00000020000002,inf,Adult,2,,Day(s),False,Active ingredient,True,True,,,184644,U.S.Environmental Protection Agency,2020,Pesticide Ecotoxicity Database: Bee Studies
610,"2-Ethoxy-2,3-dihydro-3,3-dimethyl-5-benzofuranol 5-methanesulfonate",26225-79-6,1,Oral,Food,>,22,AI ug/org/d,22.0,22.000000022000002,inf,Larva,8,,Day(s),True,Active ingredient,False,False,,,184644,U.S.Environmental Protection Agency,2020,Pesticide Ecotoxicity Database: Bee Studies
83,"N,N'-[1,4-Piperazinediylbis(2,2,2-trichloroethylidene)]bis-formamide",26644-46-2,1,Contact,Dermal,>,100,AI ug/org,100.0,100.00000010000001,inf,Adult,2,,Day(s),False,Active ingredient,True,True,,,184644,U.S.Environmental Protection Agency,2020,Pesticide Ecotoxicity Database: Bee Studies
928,"4-Amino-3,5,6-trichloro-2-pyridinecarboxylic acid, Isooctyl ester",26952-20-5,1,Contact,Dermal,>,25,AI ug/org,25.0,25.000000025000002,inf,Adult,2,,Day(s),False,Active ingredient,True,True,,,184644,U.S.Environmental Protection Agency,2020,Pesticide Ecotoxicity Database: Bee Studies
902,"alpha-Methyl-omega-[3-[1,3,3,3-tetramethyl-1-[(trimethylsilyl)oxy]-1-disiloxanyl]propoxy]poly(oxy-1,2-ethanediyl)",27306-78-1,0,Contact,Dermal,,357,AI ug/org,357.0,357.0,357.0,Adult,2,,Day(s),False,Active ingredient,True,True,,,187153,"Chen,L., Q. Yan, J. Zhang, S. Yuan, and X. Liu",2019,Joint Toxicity of Acetamiprid and the Co-Applied Pesticide Adjuvants on Honeybees under Semi-Field and Laboratory Conditions
454,"N,N-Diethylcarbamothioic acid S-[(4-chlorophenyl)methyl] ester",28249-77-6,1,Contact,Dermal,>,100,AI ug/org,100.0,100.00000010000001,inf,Adult,2,,Day(s),False,Active ingredient,True,True,,,184644,U.S.Environmental Protection Agency,2020,Pesticide Ecotoxicity Database: Bee Studies
538,"2,6-Dinitro-N1,N1-dipropyl-4-(trifluoromethyl)-1,3-benzenediamine",29091-21-2,1,Contact,Dermal,>,100,AI ug/org,100.0,100.00000010000001,inf,Adult,2,,Day(s),False,Active ingredient,True,True,,,184644,U.S.Environmental Protection Agency,2020,Pesticide Ecotoxicity Database: Bee Studies
441,"O-[2-(Diethylamino)-6-methyl-4-pyrimidinyl]O,O-dimethyl ester, Phosphorothioic acid",29232-93-7,3,Oral,"Diet, unspecified",,0.36,ug/bee,0.36,0.36,0.36,Not reported,1,>=,Day(s),False,Formulation,False,False,,,35461,"Stevenson,J.H., P.H. Needham, and J. Walker",1978,Poisoning of Honeybees by Pesticides: Investigations of the Changing Pattern in Britain Over 20 Years
959,"2-(4-Chloro-2-methylphenoxy)acetic acid, 2-Ethylhexyl ester",29450-45-1,1,Contact,Dermal,>,100,AI ug/org,100.0,100.00000010000001,inf,Adult,2,,Day(s),False,Formulation,True,False,,,184644,U.S.Environmental Protection Agency,2020,Pesticide Ecotoxicity Database: Bee Studies
488,2-[(Ethylthio)methyl]phenol 1-(N-methylcarbamate),29973-13-5,2,Oral,"Diet, unspecified",,1.5,ug/bee,1.5,1.5,1.5,Not reported,1,>=,Day(s),False,Formulation,False,False,,,35461,"Stevenson,J.H., P.H. Needham, and J. Walker",1978,Poisoning of Honeybees by Pesticides: Investigations of the Changing Pattern in Britain Over 20 Years
67,"N-Acetylphosphoramidothioic acid O,S-dimethyl ester",30560-19-1,2,Contact,Dermal,,1.2,ug/bee,1.2,1.2,1.2,Adult,2,,Day(s),False,Formulation,True,False,,,184644,U.S.Environmental Protection Agency,2020,Pesticide Ecotoxicity Database: Bee Studies
462,"4-(1,1-Dimethylethyl)-N-(1-methylpropyl)-2,6-dinitrobenzenamine",33629-47-9,1,Oral,Food,,92.8,AI ug/org,92.8,92.8,92.8,Adult,2,,Day(s),False,Formulation,True,False,,,184644,U.S.Environmental Protection Agency,2020,Pesticide Ecotoxicity Database: Bee Studies
486,"N-[5-(1,1-Dimethylethyl)-1,3,4-thiadiazol-2-yl]-N,N'-dimethylurea",34014-18-1,1,Contact,Dermal,>,100,AI ug/org,100.0,100.00000010000001,inf,Adult,2,,Day(s),False,Active ingredient,True,True,,,184644,U.S.Environmental Protection Agency,2020,Pesticide Ecotoxicity Database: Bee Studies
119,2-Chloro-N-(ethoxymethyl)-N-(2-ethyl-6-methylphenyl)acetamide,34256-82-1,1,Oral,Food,,21.8,AI ug/org/d,21.8,21.8,21.8,Larva,8,,Day(s),True,Active ingredient,False,False,,,184644,U.S.Environmental Protection Agency,2020,Pesticide Ecotoxicity Database: Bee Studies
119,2-Chloro-N-(ethoxymethyl)-N-(2-ethyl-6-methylphenyl)acetamide,34256-82-1,1,Oral,Food,,26.5,AI ug/org,26.5,26.5,26.5,Larva,3,,Day(s),False,Active ingredient,False,False,,,184644,U.S.Environmental Protection Agency,2020,Pesticide Ecotoxicity Database: Bee Studies
119,2-Chloro-N-(ethoxymethyl)-N-(2-ethyl-6-methylphenyl)acetamide,34256-82-1,1,Oral,Food,>,100,AI ug/org,100.0,100.00000010000001,inf,Adult,2,,Day(s),False,Active ingredient,True,True,,,184644,U.S.Environmental Protection Agency,2020,Pesticide Ecotoxicity Database: Bee Studies
119,2-Chloro-N-(ethoxymethyl)-N-(2-ethyl-6-methylphenyl)acetamide,34256-82-1,1,Oral,Food,,11.8,AI ug/org/d,11.8,11.8,11.8,Larva,8,,Day(s),True,Active ingredient,False,False,,,184644,U.S.Environmental Protection Agency,2020,Pesticide Ecotoxicity Database: Bee Studies
532,"2,6-Difluoro-N-[[[4-(trifluoromethyl)phenyl]amino]carbonyl]benzamide",35367-31-8,2,Contact,"Topical, general",,6.15,ug/org,6.15,6.15,6.15,Larva,5,,Day(s),False,Formulation,False,False,,,174957,"Chandel,R.S., and P.R. Gupta",1992,Toxicity of Diflubenzuron and Penfluron to Immature Stages of Apis cerana indica F and Apis mellifera L
532,"2,6-Difluoro-N-[[[4-(trifluoromethyl)phenyl]amino]carbonyl]benzamide",35367-31-8,2,Contact,"Topical, general",,2.58,ug/org,2.58,2.58,2.58,Larva,5,,Day(s),False,Formulation,False,False,,,174957,"Chandel,R.S., and P.R. Gupta",1992,Toxicity of Diflubenzuron and Penfluron to Immature Stages of Apis cerana indica F and Apis mellifera L
532,"2,6-Difluoro-N-[[[4-(trifluoromethyl)phenyl]amino]carbonyl]benzamide",35367-31-8,2,Contact,"Topical, general",,3.09,ug/org,3.09,3.09,3.09,Pupa,5,,Day(s),False,Formulation,False,False,,,174957,"Chandel,R.S., and P.R. Gupta",1992,Toxicity of Diflubenzuron and Penfluron to Immature Stages of Apis cerana indica F and Apis mellifera L
470,"1-[2-(2,4-Dichlorophenyl)-2-(2-propenyloxy)ethyl]-1H-imidazole",35554-44-0,1,Oral,Food,,90,AI ug/org,90.0,90.0,90.0,Adult,2,,Day(s),False,Active ingredient,True,True,,,184753,Department for Environment Food and Rural Affairs,2007,Assessment of the Risk Posed to Honeybees by Systemic Pesticides
516,"3-(3,5-Dichlorophenyl)-N-(1-methylethyl)-2,4-dioxo-1-imidazolidinecarboxamide",36734-19-7,0,Oral,Food,>,150,AI ug/org,150.0,150.00000015,inf,Larva,8,,Day(s),False,Active ingredient,False,False,,,184644,U.S.Environmental Protection Agency,2020,Pesticide Ecotoxicity Database: Bee Studies
480,N-(Phosphonomethyl)glycine compd. with 2-propanamine (1:1),38641-94-0,1,Contact,Dermal,>,100,ug/bee,100.0,100.00000010000001,inf,Adult,2,,Day(s),False,Formulation,True,False,,,184644,U.S.Environmental Protection Agency,2020,Pesticide Ecotoxicity Database: Bee Studies
480,N-(Phosphonomethyl)glycine compd. with 2-propanamine (1:1),38641-94-0,1,Contact,Dermal,>,100,AI ug/org,100.0,100.00000010000001,inf,Adult,2,,Day(s),False,Formulation,True,False,,,184644,U.S.Environmental Protection Agency,2020,Pesticide Ecotoxicity Database: Bee Studies
466,"3,3-Dimethyl-1-(methylthio)-2-butanone O-[(methylamino)carbonyl]oxime",39196-18-4,3,Contact,Dermal,,0.058,ug/bee,0.058,0.058,0.058,Not reported,1,>=,Day(s),False,Formulation,False,False,,,35461,"Stevenson,J.H., P.H. Needham, and J. Walker",1978,Poisoning of Honeybees by Pesticides: Investigations of the Changing Pattern in Britain Over 20 Years
90,"N-(1-Ethylpropyl)-3,4-dimethyl-2,6-dinitro-benzenamine",40487-42-1,1,Contact,Dermal,>,100,AI ug/org,100.0,100.00000010000001,inf,Adult,2,,Day(s),False,Active ingredient,True,True,,,184644,U.S.Environmental Protection Agency,2020,Pesticide Ecotoxicity Database: Bee Studies
531,O-(4-bromo-2-chlorophenyl) O-ethyl S-propyl ester phosphorothioic acid,41198-08-7,3,Other,Multiple routes between application groups,,0.004,ug/org,0.004,0.004,0.004,Larva,NR,,Emergence,False,Active ingredient,False,False,,,70351,"Atkins,E.L., and D. Kellum",1986,Comparative Morphogenic and Toxicity Studies on the Effect of Pesticides on Honeybee Brood
531,O-(4-bromo-2-chlorophenyl) O-ethyl S-propyl ester phosphorothioic acid,41198-08-7,3,Other,Multiple routes between application groups,,0.01,ug/org,0.01,0.01,0.01,Larva,NR,,Emergence,False,Active ingredient,False,False,,,70351,"Atkins,E.L., and D. Kellum",1986,Comparative Morphogenic and Toxicity Studies on the Effect of Pesticides on Honeybee Brood
531,O-(4-bromo-2-chlorophenyl) O-ethyl S-propyl ester phosphorothioic acid,41198-08-7,3,Other,Multiple routes between application groups,,0.012,ug/org,0.012,0.012,0.012,Larva,NR,,Emergence,False,Active ingredient,False,False,,,70351,"Atkins,E.L., and D. Kellum",1986,Comparative Morphogenic and Toxicity Studies on the Effect of Pesticides on Honeybee Brood
531,O-(4-bromo-2-chlorophenyl) O-ethyl S-propyl ester phosphorothioic acid,41198-08-7,3,Other,Multiple routes between application groups,,3.46,ug/org,3.46,3.46,3.46,Adult,NR,,Emergence,False,Active ingredient,False,False,,,70351,"Atkins,E.L., and D. Kellum",1986,Comparative Morphogenic and Toxicity Studies on the Effect of Pesticides on Honeybee Brood
531,O-(4-bromo-2-chlorophenyl) O-ethyl S-propyl ester phosphorothioic acid,41198-08-7,3,Other,Multiple routes between application groups,,0.008,ug/org,0.008,0.008,0.008,Larva,NR,,Emergence,False,Active ingredient,False,False,,,70351,"Atkins,E.L., and D. Kellum",1986,Comparative Morphogenic and Toxicity Studies on the Effect of Pesticides on Honeybee Brood
509,2-Chloro-1-(3-ethoxy-4-nitrophenoxy)-4-(trifluoromethyl)benzene,42874-03-3,1,Oral,Food,>,109,AI ug/org,109.0,109.00000010900001,inf,Adult,2,,Day(s),False,Active ingredient,True,True,,,184644,U.S.Environmental Protection Agency,2020,Pesticide Ecotoxicity Database: Bee Studies
509,2-Chloro-1-(3-ethoxy-4-nitrophenoxy)-4-(trifluoromethyl)benzene,42874-03-3,1,Oral,Food,>,23,AI ug/org/d,23.0,23.000000023000002,inf,Larva,8,,Day(s),True,Active ingredient,False,False,,,184644,U.S.Environmental Protection Agency,2020,Pesticide Ecotoxicity Database: Bee Studies
135,"1-(4-Chlorophenoxy)-3,3-dimethyl-1-(1H-1,2,4-triazol-1-yl)-2-butanone",43121-43-3,1,Contact,Dermal,>,25,ug/bee,25.0,25.000000025000002,inf,Not reported,1,>=,Day(s),False,Formulation,False,False,,,35461,"Stevenson,J.H., P.H. Needham, and J. Walker",1978,Poisoning of Honeybees by Pesticides: Investigations of the Changing Pattern in Britain Over 20 Years
135,"1-(4-Chlorophenoxy)-3,3-dimethyl-1-(1H-1,2,4-triazol-1-yl)-2-butanone",43121-43-3,1,Contact,Dermal,>,25,AI ug/org,25.0,25.000000025000002,inf,Adult,2,,Day(s),False,Active ingredient,True,True,,,184644,U.S.Environmental Protection Agency,2020,Pesticide Ecotoxicity Database: Bee Studies
530,2-Chloro-N-(2-ethyl-6-methylphenyl)-N-(2-methoxy-1-methylethyl)acetamide,51218-45-2,0,Contact,Dermal,>,110,AI ug/org,110.0,110.00000011,inf,Adult,2,,Day(s),False,Active ingredient,True,True,,,184644,U.S.Environmental Protection Agency,2020,Pesticide Ecotoxicity Database: Bee Studies
363,"3-Cyclohexyl-6-(dimethylamino)-1-methyl-1,3,5-triazine-2,4-(1H,3H)dione",51235-04-2,1,Contact,Dermal,>,100,AI ug/org,100.0,100.00000010000001,inf,Adult,2,,Day(s),False,Active ingredient,True,True,,,184644,U.S.Environmental Protection Agency,2020,Pesticide Ecotoxicity Database: Bee Studies
510,4-Chloro-alpha-(1-methylethyl)benzeneacetic acid cyano(3-phenoxyphenyl)methyl ester,51630-58-1,3,Other,Multiple routes between application groups,,0.413,ug/org,0.413,0.413,0.413,Not reported,NR,,Emergence,False,Active ingredient,False,False,,,70351,"Atkins,E.L., and D. Kellum",1986,Comparative Morphogenic and Toxicity Studies on the Effect of Pesticides on Honeybee Brood
510,4-Chloro-alpha-(1-methylethyl)benzeneacetic acid cyano(3-phenoxyphenyl)methyl ester,51630-58-1,3,Other,Multiple routes between application groups,,2.352,ug/org,2.352,2.352,2.352,Not reported,NR,,Emergence,False,Active ingredient,False,False,,,70351,"Atkins,E.L., and D. Kellum",1986,Comparative Morphogenic and Toxicity Studies on the Effect of Pesticides on Honeybee Brood
510,4-Chloro-alpha-(1-methylethyl)benzeneacetic acid cyano(3-phenoxyphenyl)methyl ester,51630-58-1,3,Other,Multiple routes between application groups,,0.440,ug/org,0.44,0.44,0.44,Not reported,NR,,Emergence,False,Active ingredient,False,False,,,70351,"Atkins,E.L., and D. Kellum",1986,Comparative Morphogenic and Toxicity Studies on the Effect of Pesticides on Honeybee Brood
510,4-Chloro-alpha-(1-methylethyl)benzeneacetic acid cyano(3-phenoxyphenyl)methyl ester,51630-58-1,3,Other,Multiple routes between application groups,,0.408,ug/org,0.408,0.408,0.408,Adult,NR,,Emergence,False,Active ingredient,False,False,,,70351,"Atkins,E.L., and D. Kellum",1986,Comparative Morphogenic and Toxicity Studies on the Effect of Pesticides on Honeybee Brood
222,"N-Phenyl-N'-1,2,3-thiadiazol-5-yl-urea",51707-55-2,1,Contact,Dermal,>,100,AI ug/org,100.0,100.00000010000001,inf,Adult,2,,Day(s),False,Active ingredient,True,True,,,184644,U.S.Environmental Protection Agency,2020,Pesticide Ecotoxicity Database: Bee Studies
222,"N-Phenyl-N'-1,2,3-thiadiazol-5-yl-urea",51707-55-2,1,Contact,Dermal,>,98.1,AI ug/org,98.1,98.1000000981,inf,Adult,3,,Day(s),False,Formulation,False,False,,,184644,U.S.Environmental Protection Agency,2020,Pesticide Ecotoxicity Database: Bee Studies
513,"2,3:4,6-bis-O-(1-Methylethylidene)-alpha-L-xylo-2-hexulofuranosonic acid, Sodium salt",52508-35-7,1,Contact,Dermal,>,81,AI ug/org,81.0,81.00000008100001,inf,Adult,2,,Day(s),False,Formulation,True,False,,,184644,U.S.Environmental Protection Agency,2020,Pesticide Ecotoxicity Database: Bee Studies
219,"3-(2,2-Dichloroethenyl)-2,2-dimethylcyclopropanecarboxylic acid, (3-Phenoxyphenyl)methyl ester",52645-53-1,3,Contact,Dermal,,0.025,AI ug/org,0.025,0.025,0.025,Adult,2,,Day(s),False,Active ingredient,True,True,,,184644,U.S.Environmental Protection Agency,2020,Pesticide Ecotoxicity Database: Bee Studies
219,"3-(2,2-Dichloroethenyl)-2,2-dimethylcyclopropanecarboxylic acid, (3-Phenoxyphenyl)methyl ester",52645-53-1,3,Contact,Dermal,,0.11,ug/bee,0.11,0.11,0.11,Not reported,1,>=,Day(s),False,Formulation,False,False,,,35461,"Stevenson,J.H., P.H. Needham, and J. Walker",1978,Poisoning of Honeybees by Pesticides: Investigations of the Changing Pattern in Britain Over 20 Years
219,"3-(2,2-Dichloroethenyl)-2,2-dimethylcyclopropanecarboxylic acid, (3-Phenoxyphenyl)methyl ester",52645-53-1,3,Contact,"Topical, general",,0.024,AI ug/org,0.024,0.024,0.024,Adult,2,,Day(s),False,Active ingredient,True,True,,,39551,"Helson,B.V., K.N. Barber, and P.D. Kingsbury",1994,Laboratory Toxicology of Six Forestry Insecticides to Four Species of Bee (Hymenoptera: Apoidea)
520,"(1R,3R)-3-(2,2-Dibromoethenyl)-2,2-dimethylcyclopropanecarboxylic acid (S)cyano(3-phenoxyphenyl)methyl ester",52918-63-5,3,Other,"Spray, unspecified",,19.0,AI ng/org,0.019,0.019,0.019,Adult,2,,Day(s),False,Active ingredient,True,True,,,183870,"Shah,R., A.S.A. Al Maawali, and A. Al-Raeesi",2020,"Comparative Toxicity of Two Neonicotinoids and a Pyrethroid to Forager Honeybees (Apis mellifera L, 1758) (Hymenoptera: Apidae) by Different Exposure Methods"
690,"4,6-Dimethyl-N-phenyl-2-pyrimidinamine",53112-28-0,1,Contact,Dermal,>,100,AI ug/org,100.0,100.00000010000001,inf,Adult,2,,Day(s),False,Active ingredient,True,True,,,184644,U.S.Environmental Protection Agency,2020,Pesticide Ecotoxicity Database: Bee Studies
883,"N-[2,4-Dimethyl-5-[[(trifluoromethyl)sulfonyl]amino]phenyl]acetamide compd. with 2,2'-Iminobis[ethanol](1:1)",53780-36-2,1,Contact,Dermal,>,25,AI ug/org,25.0,25.000000025000002,inf,Adult,2,,Day(s),False,Formulation,True,False,,,184644,U.S.Environmental Protection Agency,2020,Pesticide Ecotoxicity Database: Bee Studies
700,"Phosphorothioic acid O,O-diethyl-O-(1,2,2,2-tetrachloroethyl) ester",54593-83-8,3,Contact,Dermal,,0.09,ug/bee,0.09,0.09,0.09,Adult,2,,Day(s),False,Active ingredient,True,True,,,184644,U.S.Environmental Protection Agency,2020,Pesticide Ecotoxicity Database: Bee Studies
534,"beta-(4-Chlorophenoxy)-alpha-(1,1-dimethylethyl)-1H-1,2,4-triazole-1-ethanol",55219-65-3,0,Contact,Dermal,>,200,AI ug/org,200.0,200.00000020000002,inf,Adult,2,,Day(s),False,Active ingredient,True,True,,,184644,U.S.Environmental Protection Agency,2020,Pesticide Ecotoxicity Database: Bee Studies
483,"N-Ethyl-N-(2-methyl-2-propenyl)-2,6-dinitro-4-(trifluoromethyl)benzenamine",55283-68-6,1,Oral,Food,>,97,AI ug/org,97.0,97.00000009700001,inf,Adult,2,,Day(s),False,Active ingredient,True,True,,,184644,U.S.Environmental Protection Agency,2020,Pesticide Ecotoxicity Database: Bee Studies
567,"2,3-Dihydro-5,6-dimethyl-1,4-dithiin 1,1,4,4-tetraoxide",55290-64-7,1,Contact,Dermal,>,100,ug/bee,100.0,100.00000010000001,inf,Adult,2,,Day(s),False,Formulation,True,False,,,184644,U.S.Environmental Protection Agency,2020,Pesticide Ecotoxicity Database: Bee Studies
269,"2-[(3,5,6-Trichloro-2-pyridinyl)oxy]acetic acid",55335-06-3,1,Oral,Food,,22,AI ug/org/d,22.0,22.0,22.0,Larva,8,,Day(s),True,Active ingredient,False,False,,,184644,U.S.Environmental Protection Agency,2020,Pesticide Ecotoxicity Database: Bee Studies
269,"2-[(3,5,6-Trichloro-2-pyridinyl)oxy]acetic acid",55335-06-3,1,Oral,Food,>,99,AI ug/org,99.0,99.000000099,inf,Adult,2,,Day(s),False,Active ingredient,True,True,,,184644,U.S.Environmental Protection Agency,2020,Pesticide Ecotoxicity Database: Bee Studies
631,alpha-(1-Methylethyl)-alpha-[4-(trifluoromethoxy)phenyl]-5-pyrimidinemethanol,56425-91-3,1,Contact,Dermal,>,100,AI ug/org,100.0,100.00000010000001,inf,Adult,2,,Day(s),False,Active ingredient,True,True,,,184644,U.S.Environmental Protection Agency,2020,Pesticide Ecotoxicity Database: Bee Studies
582,"Phosphorothioic acid O-(2,6-dichloro-4-methylphenyl) O,O-dimethyl ester",57018-04-9,1,Contact,Dermal,>,100,AI ug/org,100.0,100.00000010000001,inf,Adult,2,,Day(s),False,Active ingredient,True,True,,,184644,U.S.Environmental Protection Agency,2020,Pesticide Ecotoxicity Database: Bee Studies
976,"3,6-Dichloro-2-pyridinecarboxylic acid compd. with 2-aminoethanol (1:1)",57754-85-5,1,Contact,Dermal,>,100,AI ug/org,100.0,100.00000010000001,inf,Adult,2,,Day(s),False,Formulation,True,False,,,184644,U.S.Environmental Protection Agency,2020,Pesticide Ecotoxicity Database: Bee Studies
540,"N-(2,6-Dimethylphenyl)-N-(methoxyacetyl)alanine methyl ester",57837-19-1,1,Contact,Dermal,>,100,ug/bee,100.0,100.00000010000001,inf,Adult,2,,Day(s),False,Formulation,True,False,,,184644,U.S.Environmental Protection Agency,2020,Pesticide Ecotoxicity Database: Bee Studies
737,"2-(Acetyloxy)-3-dodecyl-1,4-naphthalenedione",57960-19-7,0,Contact,Dermal,>,100,AI ug/org,100.0,100.00000010000001,inf,Adult,2,,Day(s),False,Active ingredient,True,True,,,184644,U.S.Environmental Protection Agency,2020,Pesticide Ecotoxicity Database: Bee Studies
737,"2-(Acetyloxy)-3-dodecyl-1,4-naphthalenedione",57960-19-7,0,Contact,Dermal,>,350,AI ug/org,350.0,350.00000035000005,inf,Adult,3,,Day(s),False,Formulation,False,False,,,184644,U.S.Environmental Protection Agency,2020,Pesticide Ecotoxicity Database: Bee Studies
553,2-Cyano-N-[(ethylamino)carbonyl]-2-(methoxyimino)acetamide,57966-95-7,1,Contact,Dermal,>,25,AI ug/org,25.0,25.000000025000002,inf,Adult,2,,Day(s),False,Active ingredient,True,True,,,184644,U.S.Environmental Protection Agency,2020,Pesticide Ecotoxicity Database: Bee Studies
551,"N,N'-[Thiobis[(methylimino)carbonyloxy]]bisethanimidothioic acid dimethyl ester",59669-26-0,3,Oral,Food,,0.13,AI ug/org,0.13,0.13,0.13,Adult,2,,Day(s),False,Active ingredient,True,True,,,184644,U.S.Environmental Protection Agency,2020,Pesticide Ecotoxicity Database: Bee Studies
496,1-Methyl-3-phenyl-5-[3-(trifluoromethyl)phenyl]-4(1H)pyridinone,59756-60-4,1,Contact,Dermal,>,100,AI ug/org,100.0,100.00000010000001,inf,Adult,2,,Day(s),False,Active ingredient,True,True,,,184644,U.S.Environmental Protection Agency,2020,Pesticide Ecotoxicity Database: Bee Studies
504,alpha-(2-Chlorophenyl)-alpha-(4-chlorophenyl)-5-pyrimidinemethanol,60168-88-9,2,Oral,Food,>,10,AI ug/org,10.0,10.00000001,inf,Adult,2,,Day(s),False,Active ingredient,True,True,,,184644,U.S.Environmental Protection Agency,2020,Pesticide Ecotoxicity Database: Bee Studies
189,"1-[[2-(2,4-Dichlorophenyl)-4-propyl-1,3-dioxolan-2-yl]methyl]-1H-1,2,4-triazole",60207-90-1,1,Contact,Dermal,>,25,AI ug/org,25.0,25.000000025000002,inf,Adult,2,,Day(s),False,Active ingredient,True,True,,,184644,U.S.Environmental Protection Agency,2020,Pesticide Ecotoxicity Database: Bee Studies
2,Kieselguhr,61790-53-2,0,Contact,Dermal,>,241.72,ug/bee,241.72,241.72000024172002,inf,Adult,2,,Day(s),False,Formulation,True,False,,,184644,U.S.Environmental Protection Agency,2020,Pesticide Ecotoxicity Database: Bee Studies
178,"5-[2-Chloro-4-(trifluoromethyl)phenoxy]-2-nitrobenzoic acid, Sodium salt (1:1)",62476-59-9,1,Contact,Dermal,>,100,AI ug/org,100.0,100.00000010000001,inf,Adult,2,,Day(s),False,Active ingredient,True,True,,,184644,U.S.Environmental Protection Agency,2020,Pesticide Ecotoxicity Database: Bee Studies
668,"2-Chloro-N-[2,6-dinitro-4-(trifluoromethyl)phenyl]-N-ethyl-6-fluorobenzenemethanamine",62924-70-3,1,Contact,Dermal,>,11,AI ug/org,11.0,11.000000011000001,inf,Adult,2,,Day(s),False,Active ingredient,True,True,,,184644,U.S.Environmental Protection Agency,2020,Pesticide Ecotoxicity Database: Bee Studies
668,"2-Chloro-N-[2,6-dinitro-4-(trifluoromethyl)phenyl]-N-ethyl-6-fluorobenzenemethanamine",62924-70-3,1,Contact,Dermal,>,105.3,AI ug/org,105.3,105.3000001053,inf,Adult,2,,Day(s),False,Active ingredient,True,True,,,184644,U.S.Environmental Protection Agency,2020,Pesticide Ecotoxicity Database: Bee Studies
668,"2-Chloro-N-[2,6-dinitro-4-(trifluoromethyl)phenyl]-N-ethyl-6-fluorobenzenemethanamine",62924-70-3,1,Contact,Dermal,>,17.1,AI ug/org,17.1,17.100000017100005,inf,Adult,2,,Day(s),False,Formulation,True,False,,,184644,U.S.Environmental Protection Agency,2020,Pesticide Ecotoxicity Database: Bee Studies
627,"[(3,5,6-Trichloro-2-pyridinyl)oxy]acetic acid, 2-Butoxyethyl ester",64700-56-7,1,Contact,Dermal,>,100,AI ug/org,100.0,100.00000010000001,inf,Adult,2,,Day(s),False,Active ingredient,True,True,,,184644,U.S.Environmental Protection Agency,2020,Pesticide Ecotoxicity Database: Bee Studies
217,"2-Chloro-N-[[(4-methoxy-6-methyl-1,3,5-triazin-2-yl)amino]carbonyl]benzenesulfonamide",64902-72-3,1,Contact,Dermal,>,25,AI ug/org,25.0,25.000000025000002,inf,Adult,2,,Day(s),False,Active ingredient,True,True,,,184644,U.S.Environmental Protection Agency,2020,Pesticide Ecotoxicity Database: Bee Studies
317,"N-Cyclopropyl-1,3,5-triazine-2,4,6-triamine",66215-27-8,1,Contact,Dermal,>,25,AI ug/org,25.0,25.000000025000002,inf,Adult,2,,Day(s),False,Active ingredient,True,True,,,184644,U.S.Environmental Protection Agency,2020,Pesticide Ecotoxicity Database: Bee Studies
501,"2,2-Dimethyl-3-(1,1,2,2-tetrabromoethyl)cyclopropanecarboxylic acid cyano(3-phenoxyphenyl)methyl ester",66841-25-6,3,Contact,Dermal,,0.126,AI ug/org,0.126,0.126,0.126,Adult,2,,Day(s),False,Active ingredient,True,True,,,184644,U.S.Environmental Protection Agency,2020,Pesticide Ecotoxicity Database: Bee Studies
501,"2,2-Dimethyl-3-(1,1,2,2-tetrabromoethyl)cyclopropanecarboxylic acid cyano(3-phenoxyphenyl)methyl ester",66841-25-6,3,Contact,"Topical, general",,0.055,AI ug/org,0.055,0.055,0.055,Not reported,1,,Day(s),False,Active ingredient,False,False,,,109609,"Mayer,D.F., J.D. Lunden, and R.E. Williams",1991,Tralomethrin Insecticide and Domesticated Pollinators
593,"Tetrahydro-5,5-dimethyl-2(1H)-pyrimidio[3-[4-trifluoromethyl)phenyl]-1-[2-[4-(trifluoromethyl)phenyl]ethenyl]-2-propenylidene]hydrazone",67485-29-4,1,Contact,Dermal,,68,AI ug/org,68.0,68.0,68.0,Adult,2,,Day(s),False,Active ingredient,True,True,,,184644,U.S.Environmental Protection Agency,2020,Pesticide Ecotoxicity Database: Bee Studies
617,"(2R,6S)-rel-4-[3-[4-(1,1-Dimethylethyl)phenyl]-2-methylpropyl]-2,6-dimethylmorpholine  ",67564-91-4,1,Oral,Food,>,95.6,AI ug/org,95.6,95.6000000956,inf,Adult,2,,Day(s),False,Active ingredient,True,True,,,184644,U.S.Environmental Protection Agency,2020,Pesticide Ecotoxicity Database: Bee Studies
930,"C6-12 Fatty acids, Me esters",67762-39-4,1,Contact,Dermal,>,25,AI ug/org,25.0,25.000000025000002,inf,Adult,2,,Day(s),False,Active ingredient,True,True,,,184644,U.S.Environmental Protection Agency,2020,Pesticide Ecotoxicity Database: Bee Studies
87,"3-(2-Chloro-3,3,3-trifluoro-1-propenyl)-2,2-dimethylcyclopropanecarboxylic acid cyano(3-phenoxyphenyl)methyl ester",68085-85-8,3,Contact,Dermal,,0.022,AI ug/org,0.022,0.022,0.022,Adult,1,,Day(s),False,Active ingredient,False,False,,,62631,"Mayer,D.F., G. Kovacs, and J.D. Lunden",1998,"Field and Laboratory Tests on the Effects of Cyhalothrin on Adults of Apis mellifera, Megachile rotundata and Nomia melanderi"
477,N-(2-Chloro-4-pyridinyl)-N'-phenylurea  ,68157-60-8,1,Contact,Dermal,>,25,AI ug/org,25.0,25.000000025000002,inf,Adult,2,,Day(s),False,Active ingredient,True,True,,,184644,U.S.Environmental Protection Agency,2020,Pesticide Ecotoxicity Database: Bee Studies
204,"2-[(1,1-Dimethylethyl)imino]tetrahydro-3-(1-methylethyl)-5-phenyl-4H-1,3,5-thiadiazin-4-one",69327-76-0,1,Oral,Food,>,14.51,AI ug/org/d,14.51,14.51000001451,inf,Larva,8,,Day(s),True,Active ingredient,False,False,,,184644,U.S.Environmental Protection Agency,2020,Pesticide Ecotoxicity Database: Bee Studies
590,"3-[2-Chloro-2-(4-chlorophenyl)ethenyl]-2,2-dimethylcyclopropanecarboxylic acid cyano(4-fluoro-3-phenoxyphenyl)methyl ester",69770-45-2,3,Contact,"Topical, general",,0.05,ug/org,0.05,0.05,0.05,Adult,1,,Day(s),False,Formulation,False,False,,,64900,"Santiago,G.P., G. Otero-Colina, D.M. Sanchez, M.E.R. Guzman, and R. Vandame",2000,Comparing Effects of Three Acaricides on Varroa jacobsoni (Acari:  Varroidae) and Apis mellifera (Hymenoptera:  Apidae) Using Two Application Techniques
770,"2,2-Dimethyl-3-(2-methyl-1-propenyl)cyclopropanecarboxylic acid, [2,5-dioxo-3-(2-propynyl)-1-imidazolidinyl]methyl ester",72963-72-5,3,Contact,Dermal,,0.52,AI ug/org,0.52,0.52,0.52,Adult,2,,Day(s),False,Active ingredient,True,True,,,184644,U.S.Environmental Protection Agency,2020,Pesticide Ecotoxicity Database: Bee Studies
619,"3,6-Bis(2-chlorophenyl)-1,2,4,5-tetrazine",74115-24-5,1,Oral,Food,>,25,AI ug/org/d,25.0,25.000000025000002,inf,Larva,8,,Day(s),True,Formulation,False,False,,,184644,U.S.Environmental Protection Agency,2020,Pesticide Ecotoxicity Database: Bee Studies
591,"2-[[[[(4,6-Dimethyl-2-pyrimidinyl)amino]carbonyl]amino]sulfonyl]benzoic acid, Methyl ester",74222-97-2,1,Contact,Dermal,>,100,AI ug/org,100.0,100.00000010000001,inf,Adult,2,,Day(s),False,Active ingredient,True,True,,,184644,U.S.Environmental Protection Agency,2020,Pesticide Ecotoxicity Database: Bee Studies
268,2-[4-[(6-Chloro-2-quinoxalinyl)oxy]phenoxy]propanoic acid,76578-12-6,1,Contact,Dermal,>,50,AI ug/org,50.0,50.000000050000004,inf,Adult,2,,Day(s),False,Active ingredient,True,True,,,184644,U.S.Environmental Protection Agency,2020,Pesticide Ecotoxicity Database: Bee Studies
636,"5-[2-Chloro-4-(trifluoromethyl)phenoxy]-2-nitrobenzoic acid, 2-Ethoxy-1-methyl-2-oxoethyl ester",77501-63-4,0,Contact,Dermal,>,124,AI ug/org,124.0,124.00000012400001,inf,Adult,2,,Day(s),False,Formulation,True,False,,,184644,U.S.Environmental Protection Agency,2020,Pesticide Ecotoxicity Database: Bee Studies
638,"(4R,5R)-rel-5-(4-Chlorophenyl)-N-cyclohexyl-4-methyl-2-oxo-3-thiazolidinecarboxamide",78587-05-0,1,Oral,Food,,71,AI ug/org,71.0,71.0,71.0,Larva,3,,Day(s),False,Active ingredient,False,False,,,184644,U.S.Environmental Protection Agency,2020,Pesticide Ecotoxicity Database: Bee Studies
586,"(1R,3R)-rel-3-[(1Z)-2-Chloro-3,3,3-trifluoro-1-propen-1-yl]-2,2-dimethylcyclopropanecarboxylic acid (2,3,5,6-tetrafluoro-4-methylphenyl)methyl ester",79538-32-2,3,Contact,Dermal,,0.17,AI ug/org,0.17,0.17,0.17,Adult,2,,Day(s),False,Active ingredient,True,True,,,184644,U.S.Environmental Protection Agency,2020,Pesticide Ecotoxicity Database: Bee Studies
626,1-[[2-(4-Ethoxyphenyl)-2-methylpropoxy]methyl]-3-phenoxybenzene,80844-07-1,3,Contact,Dermal,,0.0145,AI ug/org,0.0145,0.0145,0.0145,Adult,3,,Day(s),False,Active ingredient,False,False,,,184644,U.S.Environmental Protection Agency,2020,Pesticide Ecotoxicity Database: Bee Studies
943,"2-(4-Chlorophenyl)-1-ethyl-1,4-dihydro-6-methyl-4-oxo-3-pyridinecarboxylic acid, Potassium salt",81052-29-1,1,Oral,Food,>,100,AI ug/org,100.0,100.00000010000001,inf,Adult,2,,Day(s),False,Active ingredient,True,True,,,184644,U.S.Environmental Protection Agency,2020,Pesticide Ecotoxicity Database: Bee Studies
715,"2-[(4-Amino-3,5-dichloro-6-fluoro-2-pyridinyl)oxy]acetic acid 1-methylheptyl ester",81406-37-3,1,Contact,Dermal,>,100,AI ug/org,100.0,100.00000010000001,inf,Adult,2,,Day(s),False,Active ingredient,True,True,,,184644,U.S.Environmental Protection Agency,2020,Pesticide Ecotoxicity Database: Bee Studies
715,"2-[(4-Amino-3,5-dichloro-6-fluoro-2-pyridinyl)oxy]acetic acid 1-methylheptyl ester",81406-37-3,1,Contact,Dermal,>,100,AI ug/org,100.0,100.00000010000001,inf,Adult,2,,Day(s),False,Active ingredient,True,True,,,184644,U.S.Environmental Protection Agency,2020,Pesticide Ecotoxicity Database: Bee Studies
715,"2-[(4-Amino-3,5-dichloro-6-fluoro-2-pyridinyl)oxy]acetic acid 1-methylheptyl ester",81406-37-3,1,Contact,Dermal,>,25,AI ug/org,25.0,25.000000025000002,inf,Adult,2,,Day(s),False,Active ingredient,True,True,,,184644,U.S.Environmental Protection Agency,2020,Pesticide Ecotoxicity Database: Bee Studies
715,"2-[(4-Amino-3,5-dichloro-6-fluoro-2-pyridinyl)oxy]acetic acid 1-methylheptyl ester",81406-37-3,1,Contact,Dermal,>,25,AI ug/org,25.0,25.000000025000002,inf,Adult,2,,Day(s),False,Active ingredient,True,True,,,184644,U.S.Environmental Protection Agency,2020,Pesticide Ecotoxicity Database: Bee Studies
650,"2-[(2-Chlorophenyl)methyl]-4,4-dimethyl-3-isoxazolidinone",81777-89-1,1,Oral,Food,>,85.29,AI ug/org,85.29,85.29000008529002,inf,Adult,2,,Day(s),False,Active ingredient,True,True,,,184644,U.S.Environmental Protection Agency,2020,Pesticide Ecotoxicity Database: Bee Studies
645,"2-(2-Chloroethoxy)-N-[[(4-methoxy-6-methyl-1,3,5-triazin-2-yl)amino]carbonyl]benzenesulfonamide",82097-50-5,1,Contact,Dermal,>,100,ug/bee,100.0,100.00000010000001,inf,Adult,2,,Day(s),False,Active ingredient,True,True,,,184644,U.S.Environmental Protection Agency,2020,Pesticide Ecotoxicity Database: Bee Studies
942,"2-(4-Chlorophenyl)-3-ethyl-2,5-dihydro-5-oxo-4-pyridazinecarboxylic acid potassium salt",82697-71-0,1,Contact,Dermal,>,100,AI ug/org,100.0,100.00000010000001,inf,Adult,2,,Day(s),False,Formulation,True,False,,,184644,U.S.Environmental Protection Agency,2020,Pesticide Ecotoxicity Database: Bee Studies
660,"3,7-Dichloro-8-quinolinecarboxylic acidZ",84087-01-4,0,Contact,Dermal,>,181.29,ug/bee,181.29,181.29000018129,inf,Adult,4,,Day(s),False,Formulation,False,False,,,184644,U.S.Environmental Protection Agency,2020,Pesticide Ecotoxicity Database: Bee Studies
660,"3,7-Dichloro-8-quinolinecarboxylic acidZ",84087-01-4,0,Contact,Dermal,>,357,AI ug/org,357.0,357.00000035700003,inf,Adult,4,,Day(s),False,Active ingredient,False,False,,,184644,U.S.Environmental Protection Agency,2020,Pesticide Ecotoxicity Database: Bee Studies
671,"2-[[[[[4,6-Bis(difluoromethoxy)-2-pyrimidinyl]amino]carbonyl]amino]sulfonyl]benzoic acid, Methyl ester",86209-51-0,1,Contact,Dermal,>,100,AI ug/org,100.0,100.00000010000001,inf,Adult,2,,Day(s),False,Active ingredient,True,True,,,184644,U.S.Environmental Protection Agency,2020,Pesticide Ecotoxicity Database: Bee Studies
703,"2-[2-Chloro-4-fluoro-5-(1,3,4,5,6,7-hexahydro-1,3-dioxo-2H-isoindol-2-yl)phenoxy]acetic acid pentyl ester",87546-18-7,0,Contact,Dermal,>,106,ug/bee,106.0,106.00000010600002,inf,Adult,2,,Day(s),False,Active ingredient,True,True,,,184644,U.S.Environmental Protection Agency,2020,Pesticide Ecotoxicity Database: Bee Studies
630,"alpha-Butyl-alpha-(4-chlorophenyl)-1H-1,2,4-triazole-1-propanenitrile",88671-89-0,0,Oral,Food,>,500,AI ug/org,500.0,500.00000050000006,inf,Adult,2,,Day(s),False,Active ingredient,True,True,,,184644,U.S.Environmental Protection Agency,2020,Pesticide Ecotoxicity Database: Bee Studies
630,"alpha-Butyl-alpha-(4-chlorophenyl)-1H-1,2,4-triazole-1-propanenitrile",88671-89-0,0,Oral,Food,>,14.2,AI ug/org/d,14.2,14.2000000142,inf,Larva,8,,Day(s),True,Active ingredient,False,False,,,184644,U.S.Environmental Protection Agency,2020,Pesticide Ecotoxicity Database: Bee Studies
502,"2-[[[[(4-Chloro-6-methoxy-2-pyrimidinyl)amino]carbonyl]amino]sulfonyl]benzoic acid, Ethyl ester",90982-32-4,1,Contact,Dermal,>,12.5,ug/bee,12.5,12.500000012500001,inf,Adult,2,,Day(s),False,Active ingredient,True,True,,,184644,U.S.Environmental Protection Agency,2020,Pesticide Ecotoxicity Database: Bee Studies
788,"N-[[(4-Methoxy-6-methyl-1,3,5-triazin-2-yl)amino]carbonyl]-2-(3,3,3-trifluoropropyl)benzenesulfonamide",94125-34-5,1,Oral,Food,,21,AI ug/org/d,21.0,21.0,21.0,Larva,8,,Day(s),True,Active ingredient,False,False,,,184644,U.S.Environmental Protection Agency,2020,Pesticide Ecotoxicity Database: Bee Studies
788,"N-[[(4-Methoxy-6-methyl-1,3,5-triazin-2-yl)amino]carbonyl]-2-(3,3,3-trifluoropropyl)benzenesulfonamide",94125-34-5,1,Oral,Food,,26,AI ug/org/d,26.0,26.0,26.0,Larva,3,,Day(s),True,Active ingredient,False,False,,,184644,U.S.Environmental Protection Agency,2020,Pesticide Ecotoxicity Database: Bee Studies
503,"alpha-(4-Chlorophenyl)-alpha-(1-cyclopropylethyl)-1H-1,2,4-triazole-1-ethanol",94361-06-5,1,Oral,Food,,14.8,AI ug/org/d,14.8,14.8,14.8,Larva,8,,Day(s),True,Active ingredient,False,False,,,184644,U.S.Environmental Protection Agency,2020,Pesticide Ecotoxicity Database: Bee Studies
503,"alpha-(4-Chlorophenyl)-alpha-(1-cyclopropylethyl)-1H-1,2,4-triazole-1-ethanol",94361-06-5,1,Oral,Food,,11.2,AI ug/org/d,11.2,11.2,11.2,Larva,8,,Day(s),True,Formulation,False,False,,,184644,U.S.Environmental Protection Agency,2020,Pesticide Ecotoxicity Database: Bee Studies
503,"alpha-(4-Chlorophenyl)-alpha-(1-cyclopropylethyl)-1H-1,2,4-triazole-1-ethanol",94361-06-5,1,Oral,Food,>,100,AI ug/org,100.0,100.00000010000001,inf,Adult,1,,Day(s),False,Active ingredient,False,False,,,184644,U.S.Environmental Protection Agency,2020,Pesticide Ecotoxicity Database: Bee Studies
793,"4-(Cyclopropylhydroxymethylene)-3,5-dioxocyclohexanecarboxylic acid ethyl ester",95266-40-3,0,Contact,Dermal,,47,AI ug/org,47.0,47.0,47.0,Adult,2,,Day(s),False,Active ingredient,True,True,,,184644,U.S.Environmental Protection Agency,2020,Pesticide Ecotoxicity Database: Bee Studies
793,"4-(Cyclopropylhydroxymethylene)-3,5-dioxocyclohexanecarboxylic acid ethyl ester",95266-40-3,0,Contact,Dermal,>,193.6,AI ug/org,193.6,193.6000001936,inf,Adult,2,,Day(s),False,Active ingredient,True,True,,,184644,U.S.Environmental Protection Agency,2020,Pesticide Ecotoxicity Database: Bee Studies
614,2-[1-Methyl-2-(4-phenoxyphenoxy)ethoxy]pyridine,95737-68-1,1,Contact,Dermal,>,100,AI ug/org,100.0,100.00000010000001,inf,Adult,2,,Day(s),False,Active ingredient,True,True,,,184644,U.S.Environmental Protection Agency,2020,Pesticide Ecotoxicity Database: Bee Studies
681,"4-Chloro-2-(1,1-dimethylethyl)-5-[[[4-(1,1-dimethylethyl)phenyl]methyl]thio]-3(2H)pyridazinene",96489-71-3,3,Contact,Dermal,,1.81,AI ug/org,1.81,1.81,1.81,Adult,2,,Day(s),False,Active ingredient,True,True,,,184644,U.S.Environmental Protection Agency,2020,Pesticide Ecotoxicity Database: Bee Studies
681,"4-Chloro-2-(1,1-dimethylethyl)-5-[[[4-(1,1-dimethylethyl)phenyl]methyl]thio]-3(2H)pyridazinene",96489-71-3,3,Contact,Dermal,,0.024,AI ug/org,0.024,0.024,0.024,Adult,1.8333,,Day(s),False,Active ingredient,False,False,,,184644,U.S.Environmental Protection Agency,2020,Pesticide Ecotoxicity Database: Bee Studies
658,"2-(Difluoromethyl)-4-(2-methylpropyl)-6-(trifluoromethyl)-3,5-pyridinedicarbothioic acid, S3,S5-Dimethyl ester",97886-45-8,1,Contact,Dermal,,81,AI ug/org,81.0,81.0,81.0,Adult,2,,Day(s),False,Active ingredient,True,True,,,184644,U.S.Environmental Protection Agency,2020,Pesticide Ecotoxicity Database: Bee Studies
658,"2-(Difluoromethyl)-4-(2-methylpropyl)-6-(trifluoromethyl)-3,5-pyridinedicarbothioic acid, S3,S5-Dimethyl ester",97886-45-8,1,Contact,Dermal,>,100,AI ug/org,100.0,100.00000010000001,inf,Adult,2,,Day(s),False,Active ingredient,True,True,,,184644,U.S.Environmental Protection Agency,2020,Pesticide Ecotoxicity Database: Bee Studies
739,(2-Oxo-3-thiazolidinyl)phosphonothioic acid O-ethyl S-(1-methylpropyl)ester,98886-44-3,3,Contact,Dermal,,0.247,AI ug/org,0.247,0.247,0.247,Adult,2,,Day(s),False,Active ingredient,True,True,,,184644,U.S.Environmental Protection Agency,2020,Pesticide Ecotoxicity Database: Bee Studies
707,"N-(2,6-Difluorophenyl)-5-methyl-[1,2,4]triazolo[1,5-a]pyrimidine-2-sulfonamide",98967-40-9,1,Contact,Dermal,>,100,AI ug/org,100.0,100.00000010000001,inf,Adult,2,,Day(s),False,Active ingredient,True,True,,,184644,U.S.Environmental Protection Agency,2020,Pesticide Ecotoxicity Database: Bee Studies
1000,N-[(2-Chlorophenyl)methyl]-N'-(1-methyl-1-phenylethyl)urea,99485-76-4,1,Contact,Dermal,>,25,AI ug/org,25.0,25.000000025000002,inf,Adult,2,,Day(s),False,Active ingredient,True,True,,,184644,U.S.Environmental Protection Agency,2020,Pesticide Ecotoxicity Database: Bee Studies
851,"3-Chloro-5-[[[[(4,6-dimethoxy-2-pyrimidinyl)amino]carbonyl]amino]sulfonyl]-1-methyl-1H-pyrazole-4-carboxylic acid, Methyl ester",100784-20-1,1,Contact,Dermal,>,100,AI ug/org,100.0,100.00000010000001,inf,Adult,2,,Day(s),False,Active ingredient,True,True,,,184644,U.S.Environmental Protection Agency,2020,Pesticide Ecotoxicity Database: Bee Studies
701,"2-[7-Fluoro-3,4-dihydro-3-oxo-4-(2-propynyl)-2H-1,4-benzoxazin-6-yl]-4,5,6,7-tetrahydro-1H-isoindole-1,3(2H)-dione",103361-09-7,0,Contact,Dermal,>,105,ug/bee,105.0,105.00000010500001,inf,Adult,2,,Day(s),False,Active ingredient,True,True,,,184644,U.S.Environmental Protection Agency,2020,Pesticide Ecotoxicity Database: Bee Studies
686,"N-[[4,6-Dimethoxy-2-pyrimidinyl)amino]carbonyl]-3-(trifluoromethyl)-2-pyridinesulfonamide",104040-78-0,1,Contact,Dermal,>,100,AI ug/org,100.0,100.00000010000001,inf,Adult,2,,Day(s),False,Active ingredient,True,True,,,184644,U.S.Environmental Protection Agency,2020,Pesticide Ecotoxicity Database: Bee Studies
849,2-Chloro-N-(2-ethoxyethyl)-N-(2-methyl-1-phenyl-1-propen-1-yl)acetamide,106700-29-2,1,Oral,Food,,31.1,AI ug/org/d,31.1,31.1,31.1,Larva,8,,Day(s),True,Formulation,False,False,,,184644,U.S.Environmental Protection Agency,2020,Pesticide Ecotoxicity Database: Bee Studies
966,"2-[1-[2-[[(3,5-Difluorophenyl)amino]carbonyl]hydrazinylidene]ethyl]-3-pyridinecarboxylic acid",109293-97-2,1,Contact,Dermal,>,25,AI ug/org,25.0,25.000000025000002,inf,Adult,2,,Day(s),False,Active ingredient,True,True,,,184644,U.S.Environmental Protection Agency,2020,Pesticide Ecotoxicity Database: Bee Studies
699,"3-(4-Chlorophenyl)-3-(3,4-dimethoxyphenyl)-1-(4-morpholinyl)-2-propen-1-one",110488-70-5,1,Contact,Dermal,>,50,AI ug/org,50.0,50.000000050000004,inf,Adult,4,,Day(s),False,Formulation,False,False,,,184644,U.S.Environmental Protection Agency,2020,Pesticide Ecotoxicity Database: Bee Studies
699,"3-(4-Chlorophenyl)-3-(3,4-dimethoxyphenyl)-1-(4-morpholinyl)-2-propen-1-one",110488-70-5,1,Contact,Dermal,>,50,AI ug/org,50.0,50.000000050000004,inf,Adult,2,,Day(s),False,Formulation,True,False,,,184644,U.S.Environmental Protection Agency,2020,Pesticide Ecotoxicity Database: Bee Studies
767,"2-[[[[[4-Ethoxy-6-(methylamino)-1,3,5-triazin-2-yl]amino]carbonyl]amino]sulfonyl]benzoic acid",111353-84-5,1,Contact,Dermal,>,12.5,AI ug/org,12.5,12.500000012500001,inf,Adult,2,,Day(s),False,Active ingredient,True,True,,,184644,U.S.Environmental Protection Agency,2020,Pesticide Ecotoxicity Database: Bee Studies
903,"N'-[4-[(3,4-Dihydro-2-methoxy-2,4,4-trimethyl-2H-1-benzopyran-7-yl)oxy]phenyl]-N-methoxy-N-methylurea",111578-32-6,1,Contact,Dermal,>,100,AI ug/org,100.0,100.00000010000001,inf,Adult,2,,Day(s),False,Active ingredient,True,True,,,184644,U.S.Environmental Protection Agency,2020,Pesticide Ecotoxicity Database: Bee Studies
831,[N(Z)]-N-[3-[(6-Chloro-3-pyridinyl)methyl]-2-thiazolidinylidene]cyanamide,111988-49-9,1,Oral,Food,,17.94,AI ug/org,17.94,17.94,17.94,Adult,2,,Day(s),False,Active ingredient,True,True,,,184644,U.S.Environmental Protection Agency,2020,Pesticide Ecotoxicity Database: Bee Studies
831,[N(Z)]-N-[3-[(6-Chloro-3-pyridinyl)methyl]-2-thiazolidinylidene]cyanamide,111988-49-9,1,Oral,Food,,22.59,ug/org,22.59,22.59,22.59,Adult,2,,Day(s),False,Active ingredient,True,True,,,169012,"Thompson,H.M., S.L. Fryday, S. Harkin, and S. Milner",2014,Potential Impacts of Synergism in Honeybees (Apis mellifera) of Exposure to Neonicotinoids and Sprayed Fungicides in Crops
831,[N(Z)]-N-[3-[(6-Chloro-3-pyridinyl)methyl]-2-thiazolidinylidene]cyanamide,111988-49-9,1,Oral,Food,,12.8,ug/bee,12.8,12.8,12.8,Adult,2,,Day(s),False,Formulation,True,False,,,184644,U.S.Environmental Protection Agency,2020,Pesticide Ecotoxicity Database: Bee Studies
180,"1-[2-(2,4-Dichlorophenyl)-3-(1,1,2,2-tetrafluoroethoxy)propyl]-1H-1,2,4-triazole",112281-77-3,1,Oral,Food,,76,AI ug/org/d,76.0,76.0,76.0,Larva,8,,Day(s),True,Active ingredient,False,False,,,184644,U.S.Environmental Protection Agency,2020,Pesticide Ecotoxicity Database: Bee Studies
180,"1-[2-(2,4-Dichlorophenyl)-3-(1,1,2,2-tetrafluoroethoxy)propyl]-1H-1,2,4-triazole",112281-77-3,1,Oral,Food,>,28.3,AI ug/org/d,28.3,28.300000028300005,inf,Larva,8,,Day(s),True,Active ingredient,False,False,,,184644,U.S.Environmental Protection Agency,2020,Pesticide Ecotoxicity Database: Bee Studies
711,"1-(1,1-Dimethylethyl)-2-(4-ethylbenzoyl)hydrazide-3,5-dimethylbenzoic acid",112410-23-8,0,Contact,Dermal,>,234,AI ug/org,234.0,234.00000023400003,inf,Adult,4,,Day(s),False,Active ingredient,False,False,,,184644,U.S.Environmental Protection Agency,2020,Pesticide Ecotoxicity Database: Bee Studies
711,"1-(1,1-Dimethylethyl)-2-(4-ethylbenzoyl)hydrazide-3,5-dimethylbenzoic acid",112410-23-8,0,Contact,Dermal,>,234,AI ug/org,234.0,234.00000023400003,inf,Adult,2,,Day(s),False,Active ingredient,True,True,,,184644,U.S.Environmental Protection Agency,2020,Pesticide Ecotoxicity Database: Bee Studies
821,"1-[[(2,4-Dichlorophenyl)amino]carbonyl]cyclopropane carboxylic acid",113136-77-9,1,Oral,Food,>,89.5,AI ug/org,89.5,89.5000000895,inf,Adult,2,,Day(s),False,Active ingredient,True,True,,,184644,U.S.Environmental Protection Agency,2020,Pesticide Ecotoxicity Database: Bee Studies
714,"alpha-[2-(4-Chlorophenyl)ethyl]-alpha-phenyl-1H-1,2,4-triazole-1-propanenitrile",114369-43-6,2,Oral,Food,>,3.04,AI ug/org/d,3.04,3.0400000030400003,inf,Larva,8,,Day(s),True,Active ingredient,False,False,,,184644,U.S.Environmental Protection Agency,2020,Pesticide Ecotoxicity Database: Bee Studies
861,1-[(6-Chloro-3-pyridinyl)methyl]-N-nitro-1H-imidazol-2-amine,115086-54-9,3,Oral,Food,,23,ng/org,0.023,0.023,0.023,Not reported,4,,Day(s),False,Active ingredient,False,False,,,63505,"Suchail,S., D. Guez, and L.P. Belzunces",2001,Discrepancy Between Acute and Chronic Toxicity Induced by Imidacloprid and Its Metabolites in Apis mellifera
861,1-[(6-Chloro-3-pyridinyl)methyl]-N-nitro-1H-imidazol-2-amine,115086-54-9,3,Oral,Food,,29,ng/org,0.029,0.029,0.029,Not reported,3,,Day(s),False,Active ingredient,False,False,,,63505,"Suchail,S., D. Guez, and L.P. Belzunces",2001,Discrepancy Between Acute and Chronic Toxicity Induced by Imidacloprid and Its Metabolites in Apis mellifera
861,1-[(6-Chloro-3-pyridinyl)methyl]-N-nitro-1H-imidazol-2-amine,115086-54-9,3,Oral,Food,,28,ng/org,0.028,0.028,0.028,Not reported,2,,Day(s),False,Active ingredient,False,False,,,63505,"Suchail,S., D. Guez, and L.P. Belzunces",2001,Discrepancy Between Acute and Chronic Toxicity Induced by Imidacloprid and Its Metabolites in Apis mellifera
861,1-[(6-Chloro-3-pyridinyl)methyl]-N-nitro-1H-imidazol-2-amine,115086-54-9,3,Oral,Food,>,36,AI ng/org,0.036000000000000004,0.036000000036000006,inf,Adult,2,,Day(s),False,Active ingredient,True,True,,,62997,"Nauen,R., U. Ebbinghaus-Kintscher, and R. Schmuck",2001,Toxicity and Nicotinic Acetylcholine Receptor Interaction of Imidacloprid and Its Metabolites in Apis mellifera (Hymenoptera: Apidae)
934,"2-[4,5-Dihydro-4-methyl-4-(1-methylethyl)-5-oxo-1H-imidazol-2-yl]-5-methyl-3-pyridinecarboxylic acid ammonium salt (1:1)",115136-53-3,1,Contact,Dermal,>,100,AI ug/org,100.0,100.00000010000001,inf,Adult,2,,Day(s),False,Active ingredient,True,True,,,184644,U.S.Environmental Protection Agency,2020,Pesticide Ecotoxicity Database: Bee Studies
800,"1-[(6-Chloro-3-pyridinyl)methyl]-4,5-dihydro-1H-imidazol-2-amine",115970-17-7,3,Oral,Food,>,1000,ng/org,1.0,1.000000001,inf,Not reported,3,,Day(s),False,Active ingredient,False,False,,,63505,"Suchail,S., D. Guez, and L.P. Belzunces",2001,Discrepancy Between Acute and Chronic Toxicity Induced by Imidacloprid and Its Metabolites in Apis mellifera
800,"1-[(6-Chloro-3-pyridinyl)methyl]-4,5-dihydro-1H-imidazol-2-amine",115970-17-7,3,Oral,Food,>,1000,ng/org,1.0,1.000000001,inf,Not reported,2,,Day(s),False,Active ingredient,False,False,,,63505,"Suchail,S., D. Guez, and L.P. Belzunces",2001,Discrepancy Between Acute and Chronic Toxicity Induced by Imidacloprid and Its Metabolites in Apis mellifera
800,"1-[(6-Chloro-3-pyridinyl)methyl]-4,5-dihydro-1H-imidazol-2-amine",115970-17-7,3,Oral,Food,>,1000,ng/org,1.0,1.000000001,inf,Not reported,4,,Day(s),False,Active ingredient,False,False,,,63505,"Suchail,S., D. Guez, and L.P. Belzunces",2001,Discrepancy Between Acute and Chronic Toxicity Induced by Imidacloprid and Its Metabolites in Apis mellifera
906,"Cyclopropanecarboxylic acid, 3-(2,2-Dichloroethenyl)-2,2-dimethylcyano(4-fluoro-3-phenoxyphenyl)methyl ester mixt. with 1-[(6-chloro-3-pyridinyl)methyl]-N-nitro-2-imidizolidinimide",116475-12-8,3,Other,"Spray, unspecified",,0.34,ug/bee,0.34,0.34,0.34,Not reported,2,,Day(s),False,Formulation,False,False,,,180995,"Zhu,Y.C., J. Adamczyk, T. Rinderer, J. Yao, R. Danka, R. Luttrell, and J. Gore",2015,Spray Toxicity and Risk Potential of 42 Commonly Used Formulations of Row Crop Pesticides to Adult Honey Bees (Hymenoptera: Apidae)
906,"Cyclopropanecarboxylic acid, 3-(2,2-Dichloroethenyl)-2,2-dimethylcyano(4-fluoro-3-phenoxyphenyl)methyl ester mixt. with 1-[(6-chloro-3-pyridinyl)methyl]-N-nitro-2-imidizolidinimide",116475-12-8,3,Other,"Spray, unspecified",,0.07,AI ug/org,0.07,0.07,0.07,Not reported,2,,Day(s),False,Active ingredient,False,False,,,180995,"Zhu,Y.C., J. Adamczyk, T. Rinderer, J. Yao, R. Danka, R. Luttrell, and J. Gore",2015,Spray Toxicity and Risk Potential of 42 Commonly Used Formulations of Row Crop Pesticides to Adult Honey Bees (Hymenoptera: Apidae)
782,"N-[[[3-Chloro-4-[1,1,2-trifluoro-2-(trifluoromethoxy)ethoxy]phenyl]amino]carbonyl]-2,6-difluorobenzamide",116714-46-6,0,Contact,Dermal,>,200,ug/bee,200.0,200.00000020000002,inf,Adult,2,,Day(s),False,Formulation,True,False,,,184644,U.S.Environmental Protection Agency,2020,Pesticide Ecotoxicity Database: Bee Studies
782,"N-[[[3-Chloro-4-[1,1,2-trifluoro-2-(trifluoromethoxy)ethoxy]phenyl]amino]carbonyl]-2,6-difluorobenzamide",116714-46-6,0,Contact,Dermal,>,100,AI ug/org,100.0,100.00000010000001,inf,Adult,2,,Day(s),False,Active ingredient,True,True,,,184644,U.S.Environmental Protection Agency,2020,Pesticide Ecotoxicity Database: Bee Studies
684,"[[2-Chloro-4-fluoro-5-[(tetrahydro-3-oxo-1H,3H-[1,3,4]thiadiazolo [3,4-a]pyridazin-1-ylidine)amino]phenyl]thioacetic acid methyl ester",117337-19-6,1,Contact,Dermal,>,100,AI ug/org,100.0,100.00000010000001,inf,Adult,2,,Day(s),False,Active ingredient,True,True,,,184644,U.S.Environmental Protection Agency,2020,Pesticide Ecotoxicity Database: Bee Studies
936,(alphaE)-alpha-(Methoxymethylene)-2-[[[6-(trifluoromethyl)-2-pyridinyl]oxy]methyl]benzeneacetic acid methyl ester,117428-22-5,0,Contact,Dermal,>,200,AI ug/org,200.0,200.00000020000002,inf,Adult,2,,Day(s),False,Active ingredient,True,True,,,184644,U.S.Environmental Protection Agency,2020,Pesticide Ecotoxicity Database: Bee Studies
936,(alphaE)-alpha-(Methoxymethylene)-2-[[[6-(trifluoromethyl)-2-pyridinyl]oxy]methyl]benzeneacetic acid methyl ester,117428-22-5,0,Contact,Dermal,>,200,AI ug/org,200.0,200.00000020000002,inf,Adult,2,,Day(s),False,Formulation,True,False,,,184644,U.S.Environmental Protection Agency,2020,Pesticide Ecotoxicity Database: Bee Studies
724,"2-(Difluoromethyl)-5-(4,5-dihydro-2-thiazolyl)-4-(2-methylpropyl)-6-(trifluoromethyl)-3-pyridinecarboxylic acid methyl ester",117718-60-2,1,Contact,Dermal,>,100,AI ug/org,100.0,100.00000010000001,inf,Adult,2,,Day(s),False,Active ingredient,True,True,,,184644,U.S.Environmental Protection Agency,2020,Pesticide Ecotoxicity Database: Bee Studies
787,"8-(1,1-Dimethylethyl)-N-ethyl-N-propyl-1,4-dioxaspiro[4.5]decane-2-methanamine",118134-30-8,2,Contact,Dermal,,4.22,AI ug/org,4.22,4.22,4.22,Adult,2,,Day(s),False,Active ingredient,True,True,,,184644,U.S.Environmental Protection Agency,2020,Pesticide Ecotoxicity Database: Bee Studies
839,"(1R,3S)-3-(2,2-Dichloroethenyl)-2,2-dimethyl-(2,3,5,6-tetrafluorophenyl)methyl ester cyclopropanecarboxylic acid",118712-89-3,3,Contact,Dermal,,0.0239,AI ug/org,0.0239,0.0239,0.0239,Adult,2,,Day(s),False,Active ingredient,True,True,,,184644,U.S.Environmental Protection Agency,2020,Pesticide Ecotoxicity Database: Bee Studies
710,"1-[[2-[2-Chloro-4-(4-chlorophenoxyl)phenyl]-4-methyl-1,3-dioxolan-2-yl]methyl]-1H-1,2,4-triazole",119446-68-3,1,Contact,Dermal,>,100,AI ug/org,100.0,100.00000010000001,inf,Adult,2,,Day(s),False,Active ingredient,True,True,,,184644,U.S.Environmental Protection Agency,2020,Pesticide Ecotoxicity Database: Bee Studies
495,"5-Amino-1-[2,6-dichloro-4-(trifluoromethyl)phenyl]-4-[(trifluoromethyl)sulfinyl]-1H-pyrazole-3-carbonitrile",120068-37-3,3,Contact,Dermal,,0.0054,AI ug/org,0.0054,0.0054,0.0054,Adult,1,,Day(s),False,Active ingredient,False,False,,,184345,"Lunardi,J.S., R. Zaluski, and R.O. Orsi",2017,Evaluation of Motor Changes and Toxicity of Insecticides Fipronil and Imidacloprid in Africanized Honey Bees (Hymenoptera: Apidae)
495,"5-Amino-1-[2,6-dichloro-4-(trifluoromethyl)phenyl]-4-[(trifluoromethyl)sulfinyl]-1H-pyrazole-3-carbonitrile",120068-37-3,3,Contact,Dermal,,1.06,AI ng/org,0.0010600000000000002,0.0010600000000000002,0.0010600000000000002,Adult,1,,Day(s),False,Active ingredient,False,False,,,171933,"Roat,T.C., S.M. Carvalho, R.C.F. Nocelli, E.C.M. Silva-Zacarin, M.S. Palma, and O. Malaspina",2013,Effects of Sublethal Dose of Fipronil on Neuron Metabolic Activity of Africanized Honeybees
495,"5-Amino-1-[2,6-dichloro-4-(trifluoromethyl)phenyl]-4-[(trifluoromethyl)sulfinyl]-1H-pyrazole-3-carbonitrile",120068-37-3,3,Contact,Dermal,,0.0080,AI ug/org,0.008,0.008,0.008,Adult,1,,Day(s),False,Active ingredient,False,False,,,184185,"Bovi,T.S., R. Zaluski, and R.O. Orsi",2018,Toxicity and Motor Changes in Africanized Honey Bees (Apis mellifera L.) Exposed to Fipronil and Imidacloprid
495,"5-Amino-1-[2,6-dichloro-4-(trifluoromethyl)phenyl]-4-[(trifluoromethyl)sulfinyl]-1H-pyrazole-3-carbonitrile",120068-37-3,3,Contact,"Topical, general",,0.009,AI ug/org,0.009,0.009,0.009,Adult,1,,Day(s),False,Active ingredient,False,False,,,171929,"Zaluski,R., S.M. Kadri, D.P. Alonso, P.E.M. Ribolla, and R.D.O. Orsi",2015,Fipronil Promotes Motor and Behavioral Changes in Honey Bees (Apis mellifera) and Affects the Development of Colonies Exposed to Sublethal Doses
495,"5-Amino-1-[2,6-dichloro-4-(trifluoromethyl)phenyl]-4-[(trifluoromethyl)sulfinyl]-1H-pyrazole-3-carbonitrile",120068-37-3,3,Contact,"Topical, general",,5.83,ng/org,0.00583,0.00583,0.00583,Not reported,2,,Day(s),False,Active ingredient,False,False,,,168418,"Carvalho,S.M., L.P. Belzunces, G.A. Carvalho, J.L. Brunet, and A. Badiou-Beneteau",2013,Enzymatic Biomarkers as Tools to Assess Environmental Quality:  A Case Study of Exposure of the Honeybee Apis mellifera to Insecticides
495,"5-Amino-1-[2,6-dichloro-4-(trifluoromethyl)phenyl]-4-[(trifluoromethyl)sulfinyl]-1H-pyrazole-3-carbonitrile",120068-37-3,3,Contact,Dermal,,0.013,ug/org,0.013,0.013,0.013,Adult,1,,Day(s),False,Active ingredient,False,False,,,62630,"Mayer,D.F., and J.D. Lunden",1999,"Field and Laboratory Tests of the Effects of Fipronil on Adult Female Bees of Apis mellifera, Megachile rotundata and Nomia melanderi"
495,"5-Amino-1-[2,6-dichloro-4-(trifluoromethyl)phenyl]-4-[(trifluoromethyl)sulfinyl]-1H-pyrazole-3-carbonitrile",120068-37-3,3,Contact,"Topical, general",,3.86,ng/org,0.00386,0.00386,0.00386,Not reported,2,,Day(s),False,Active ingredient,False,False,,,157983,"Xiqing,L., B. Chen, Y. Daibin, Z. Mingqi, L. Xuefeng, and T. Shu",2010,Toxicities of Fipronil Enantiomers to the Honeybee Apis mellifera L. and Enantiomeric Compositions of Fipronil in Honey Plant Flowers
495,"5-Amino-1-[2,6-dichloro-4-(trifluoromethyl)phenyl]-4-[(trifluoromethyl)sulfinyl]-1H-pyrazole-3-carbonitrile",120068-37-3,3,Contact,"Topical, general",,12.1,ng/org,0.0121,0.0121,0.0121,Not reported,1,,Day(s),False,Active ingredient,False,False,,,157983,"Xiqing,L., B. Chen, Y. Daibin, Z. Mingqi, L. Xuefeng, and T. Shu",2010,Toxicities of Fipronil Enantiomers to the Honeybee Apis mellifera L. and Enantiomeric Compositions of Fipronil in Honey Plant Flowers
495,"5-Amino-1-[2,6-dichloro-4-(trifluoromethyl)phenyl]-4-[(trifluoromethyl)sulfinyl]-1H-pyrazole-3-carbonitrile",120068-37-3,3,Contact,Dermal,,0.006,AI ug/org,0.006,0.006,0.006,Adult,2,,Day(s),False,Active ingredient,True,True,,,184644,U.S.Environmental Protection Agency,2020,Pesticide Ecotoxicity Database: Bee Studies
817,"4-Chloro-2-cyano-N,N-dimethyl-5-(4-methylphenyl)-1H-imidazole-1-sulfonamide",120116-88-3,1,Oral,Food,,66,AI ug/org/d,66.0,66.0,66.0,Larva,3,,Day(s),True,Formulation,False,False,,,184644,U.S.Environmental Protection Agency,2020,Pesticide Ecotoxicity Database: Bee Studies
817,"4-Chloro-2-cyano-N,N-dimethyl-5-(4-methylphenyl)-1H-imidazole-1-sulfonamide",120116-88-3,1,Oral,Food,>,151.7,AI ug/org,151.7,151.7000001517,inf,Adult,2,,Day(s),False,Active ingredient,True,True,,,184644,U.S.Environmental Protection Agency,2020,Pesticide Ecotoxicity Database: Bee Studies
817,"4-Chloro-2-cyano-N,N-dimethyl-5-(4-methylphenyl)-1H-imidazole-1-sulfonamide",120116-88-3,1,Oral,Food,>,28,AI ug/org/d,28.0,28.000000028000002,inf,Larva,8,,Day(s),True,Formulation,False,False,,,184644,U.S.Environmental Protection Agency,2020,Pesticide Ecotoxicity Database: Bee Studies
729,"4-[2-[4-(1,1-Dimethylethyl)phenyl]ethoxy]quinazoline",120928-09-8,2,Contact,Dermal,,8.1,AI ug/org,8.1,8.1,8.1,Adult,2,,Day(s),False,Active ingredient,True,True,,,184644,U.S.Environmental Protection Agency,2020,Pesticide Ecotoxicity Database: Bee Studies
729,"4-[2-[4-(1,1-Dimethylethyl)phenyl]ethoxy]quinazoline",120928-09-8,2,Contact,Dermal,,1.1,AI ug/org,1.1,1.1,1.1,Adult,2,,Day(s),False,Active ingredient,True,True,,,184644,U.S.Environmental Protection Agency,2020,Pesticide Ecotoxicity Database: Bee Studies
734,"(2R)-2-[4-(4-Cyano-2-fluorophenoxy)phenoxy]propanoic acid, Butyl ester",122008-85-9,1,Contact,Dermal,>,100,AI ug/org,100.0,100.00000010000001,inf,Adult,2,,Day(s),False,Active ingredient,True,True,,,184644,U.S.Environmental Protection Agency,2020,Pesticide Ecotoxicity Database: Bee Studies
734,"(2R)-2-[4-(4-Cyano-2-fluorophenoxy)phenoxy]propanoic acid, Butyl ester",122008-85-9,1,Contact,Dermal,>,100,AI ug/org,100.0,100.00000010000001,inf,Adult,1,,Day(s),False,Active ingredient,False,False,,,184644,U.S.Environmental Protection Agency,2020,Pesticide Ecotoxicity Database: Bee Studies
511,4-Bromo-2-(4-chlorophenyl)-1-(ethoxymethyl)-5-(trifluoromethyl)-1H-pyrrole-3-carbonitrile,122453-73-0,3,Contact,Dermal,,0.11,AI ug/org,0.11,0.11,0.11,Adult,2,,Day(s),False,Active ingredient,True,True,,,184644,U.S.Environmental Protection Agency,2020,Pesticide Ecotoxicity Database: Bee Studies
761,"2-Chloro-N-[[(4,6-dimethoxy-2-pyrimidinyl)amino]carbonyl]imidazo[1,2-a]pyridine-3-sulfonamide",122548-33-8,1,Oral,Food,,45.9,AI ug/org,45.9,45.9,45.9,Adult,2,,Day(s),False,Active ingredient,True,True,,,184644,U.S.Environmental Protection Agency,2020,Pesticide Ecotoxicity Database: Bee Studies
761,"2-Chloro-N-[[(4,6-dimethoxy-2-pyrimidinyl)amino]carbonyl]imidazo[1,2-a]pyridine-3-sulfonamide",122548-33-8,1,Oral,Food,>,20,AI ug/org,20.0,20.00000002,inf,Adult,2,,Day(s),False,Active ingredient,True,True,,,184644,U.S.Environmental Protection Agency,2020,Pesticide Ecotoxicity Database: Bee Studies
755,"N-[[(4,6-Dimethoxy-2-pyrimidinyl)amino]carbonyl]-3-(ethylsulfonyl)-2-pyridine sulfonamide",122931-48-0,1,Oral,Food,>,27.3,AI ug/org,27.3,27.300000027300005,inf,Larva,3,,Day(s),False,Active ingredient,False,False,,,184644,U.S.Environmental Protection Agency,2020,Pesticide Ecotoxicity Database: Bee Studies
752,"4,5-Dihydro-6-methyl-4-[(E)-(3-pyridinylmethylene)amino]-1,2,4-triazin-3(2H)-one",123312-89-0,1,Oral,Food,>,117,AI ug/org,117.0,117.00000011700001,inf,Adult,2,,Day(s),False,Active ingredient,True,True,,,184644,U.S.Environmental Protection Agency,2020,Pesticide Ecotoxicity Database: Bee Studies
752,"4,5-Dihydro-6-methyl-4-[(E)-(3-pyridinylmethylene)amino]-1,2,4-triazin-3(2H)-one",123312-89-0,1,Oral,Food,>,62.71,AI ug/org,62.71,62.71000006271001,inf,Adult,4,,Day(s),False,Active ingredient,False,False,,,184644,U.S.Environmental Protection Agency,2020,Pesticide Ecotoxicity Database: Bee Studies
768,"2-Chloro-6-[(4,6-dimethoxy-2-pyrimidinyl)thio]benzoic acid sodium salt (1:1)",123343-16-8,1,Contact,Dermal,>,25,AI ug/org,25.0,25.000000025000002,inf,Adult,2,,Day(s),False,Active ingredient,True,True,,,184644,U.S.Environmental Protection Agency,2020,Pesticide Ecotoxicity Database: Bee Studies
683,"5,7-Dichloro-4-(4-fluorophenoxy)quinoline",124495-18-7,1,Oral,Food,>,19.38,AI ug/org/d,19.38,19.38000001938,inf,Larva,8,,Day(s),True,Active ingredient,False,False,,,184644,U.S.Environmental Protection Agency,2020,Pesticide Ecotoxicity Database: Bee Studies
833,"5-[(4-Chlorophenyl)methyl]-2,2-dimethyl-1-(1H-1,2,4-triazol-1-ylmethyl)cyclopentanol",125116-23-6,1,Oral,Food,,88,AI ug/org,88.0,88.0,88.0,Adult,4,,Day(s),False,Active ingredient,False,False,,,184644,U.S.Environmental Protection Agency,2020,Pesticide Ecotoxicity Database: Bee Studies
833,"5-[(4-Chlorophenyl)methyl]-2,2-dimethyl-1-(1H-1,2,4-triazol-1-ylmethyl)cyclopentanol",125116-23-6,1,Oral,Food,>,101,AI ug/org/d,101.0,101.00000010100001,inf,Larva,3,,Day(s),True,Active ingredient,False,False,,,184644,U.S.Environmental Protection Agency,2020,Pesticide Ecotoxicity Database: Bee Studies
833,"5-[(4-Chlorophenyl)methyl]-2,2-dimethyl-1-(1H-1,2,4-triazol-1-ylmethyl)cyclopentanol",125116-23-6,1,Oral,Food,>,21,AI ug/org/d,21.0,21.000000021,inf,Larva,8,,Day(s),True,Active ingredient,False,False,,,184644,U.S.Environmental Protection Agency,2020,Pesticide Ecotoxicity Database: Bee Studies
828,"2-[(4-Chlorophenyl)methyl]-5-(1-methylethyl)-1-(1H-1,2,4-triazol-1-ylmethyl)cyclopentanol",125225-28-7,1,Oral,Food,,22,AI ug/org,22.0,22.0,22.0,Larva,8,,Day(s),False,Active ingredient,False,False,,,184644,U.S.Environmental Protection Agency,2020,Pesticide Ecotoxicity Database: Bee Studies
828,"2-[(4-Chlorophenyl)methyl]-5-(1-methylethyl)-1-(1H-1,2,4-triazol-1-ylmethyl)cyclopentanol",125225-28-7,1,Oral,Food,,14,AI ug/org/d,14.0,14.0,14.0,Larva,8,,Day(s),True,Active ingredient,False,False,,,184644,U.S.Environmental Protection Agency,2020,Pesticide Ecotoxicity Database: Bee Studies
950,"2,6-Bis[(4,6-dimethoxy-2-pyrimidinyl)oxy]benzoic acid sodium salt",125401-92-5,1,Contact,Dermal,>,25,AI ug/org,25.0,25.000000025000002,inf,Adult,2,,Day(s),False,Active ingredient,True,True,,,184644,U.S.Environmental Protection Agency,2020,Pesticide Ecotoxicity Database: Bee Studies
818,"alpha,2-Dichloro-5-[4-(difluoromethyl)-4,5-dihydro-3-methyl-5-oxo-1H-1,2,4-triazol-1-yl]-4-fluorobenzenepropanoic acid",128621-72-7,0,Contact,Dermal,>,200,AI ug/org,200.0,200.00000020000002,inf,Adult,1,,Day(s),False,Active ingredient,False,False,,,184644,U.S.Environmental Protection Agency,2020,Pesticide Ecotoxicity Database: Bee Studies
748,"alpha,2-Dichloro-5-[4-(difluoromethyl)-4,5-dihydro-3-methyl-5-oxo-1H-1,2,4-triazol-1-yl]-4-fluorobenzenepropanoic acid, Ethyl ester",128639-02-1,1,Contact,Dermal,>,27.9,AI ug/org,27.9,27.9000000279,inf,Adult,2,,Day(s),False,Active ingredient,True,True,,,184644,U.S.Environmental Protection Agency,2020,Pesticide Ecotoxicity Database: Bee Studies
916,4-Chloro-3-ethyl-1-methyl-N-[[4-(4-methylphenoxy)phenyl]methyl]-1H-pyrazole-5-carboxamide,129558-76-5,3,Oral,Food,,0.044,AI ug/org,0.044,0.044,0.044,Larva,3,,Day(s),False,Active ingredient,False,False,,,184644,U.S.Environmental Protection Agency,2020,Pesticide Ecotoxicity Database: Bee Studies
916,4-Chloro-3-ethyl-1-methyl-N-[[4-(4-methylphenoxy)phenyl]methyl]-1H-pyrazole-5-carboxamide,129558-76-5,3,Oral,Food,,0.014,AI ug/org/d,0.014,0.014,0.014,Larva,8,,Day(s),True,Active ingredient,False,False,,,184644,U.S.Environmental Protection Agency,2020,Pesticide Ecotoxicity Database: Bee Studies
916,4-Chloro-3-ethyl-1-methyl-N-[[4-(4-methylphenoxy)phenyl]methyl]-1H-pyrazole-5-carboxamide,129558-76-5,3,Oral,Food,,0.63,AI ug/org,0.63,0.63,0.63,Adult,2,,Day(s),False,Active ingredient,True,True,,,184644,U.S.Environmental Protection Agency,2020,Pesticide Ecotoxicity Database: Bee Studies
805,2-[2-Chloro-5-[4-chloro-5-(difluoromethoxy)-1-methyl-1H-pyrazol-3-yl]-4-fluorophenoxy]acetic acid ethyl ester,129630-19-9,1,Contact,Dermal,>,100,AI ug/org,100.0,100.00000010000001,inf,Adult,2,,Day(s),False,Active ingredient,True,True,,,184644,U.S.Environmental Protection Agency,2020,Pesticide Ecotoxicity Database: Bee Studies
799,"4-Amino-N-(1,1-dimethylethyl)-4,5-dihydro-3-(1-methylethyl)-5-oxo-1H-1,2,4-triazole-1-carboxamide",129909-90-6,0,Contact,Dermal,>,200,AI ug/org,200.0,200.00000020000002,inf,Adult,2,,Day(s),False,Active ingredient,True,True,,,184644,U.S.Environmental Protection Agency,2020,Pesticide Ecotoxicity Database: Bee Studies
733,"4-(2,2-Difluoro-1,3-benzodioxol-4-yl)-1H-pyrrole-3-carbonitrile",131341-86-1,1,Contact,Dermal,>,25,AI ug/org,25.0,25.000000025000002,inf,Adult,2,,Day(s),False,Active ingredient,True,True,,,184644,U.S.Environmental Protection Agency,2020,Pesticide Ecotoxicity Database: Bee Studies
791,"5-Methyl-5-(4-phenoxyphenyl)-3-(phenylamino)-2,4-oxazolidinedione",131807-57-3,2,Oral,Food,>,0.92,AI ug/org,0.92,0.9200000009200001,inf,Adult,2,,Day(s),False,Active ingredient,True,True,,,184644,U.S.Environmental Protection Agency,2020,Pesticide Ecotoxicity Database: Bee Studies
791,"5-Methyl-5-(4-phenoxyphenyl)-3-(phenylamino)-2,4-oxazolidinedione",131807-57-3,2,Oral,Food,>,7.51,AI ug/org/d,7.51,7.51000000751,inf,Larva,8,,Day(s),True,Active ingredient,False,False,,,184644,U.S.Environmental Protection Agency,2020,Pesticide Ecotoxicity Database: Bee Studies
764,(alphaE)-2-[[6-(2-Cyanophenoxy)-4-pyrimidinyl]oxy]-alpha-(methoxymethylene)benzeneacetic acid methyl ester,131860-33-8,0,Contact,Dermal,>,200,AI ug/org,200.0,200.00000020000002,inf,Adult,2,,Day(s),False,Formulation,True,False,,,184644,U.S.Environmental Protection Agency,2020,Pesticide Ecotoxicity Database: Bee Studies
870,"2-Chloro-5-[3,6-dihydro-3-methyl-2,6-dioxo-4-(trifluoromethyl)-1(2H)-pyrimidinyl]benzoic acid 1,1-dimethyl-2-oxo-2-(2-propenyloxy)ethyl ester",134605-64-4,1,Contact,Dermal,>,100,AI ug/org,100.0,100.00000010000001,inf,Adult,2,,Day(s),False,Active ingredient,True,True,,,184644,U.S.Environmental Protection Agency,2020,Pesticide Ecotoxicity Database: Bee Studies
747,"1,2,3-Benzothiadiazole-7-carbothioic acid S-methyl ester",135158-54-2,1,Oral,Food,>,21,AI ug/org,21.0,21.000000021,inf,Larva,8,,Day(s),False,Active ingredient,False,False,,,184644,U.S.Environmental Protection Agency,2020,Pesticide Ecotoxicity Database: Bee Studies
747,"1,2,3-Benzothiadiazole-7-carbothioic acid S-methyl ester",135158-54-2,1,Oral,Food,>,128.3,AI ug/org,128.3,128.3000001283,inf,Adult,2,,Day(s),False,Active ingredient,True,True,,,184644,U.S.Environmental Protection Agency,2020,Pesticide Ecotoxicity Database: Bee Studies
927,2-[2-(4-Cyanophenyl)-1-[3-(trifluoromethyl)phenyl]ethylidene]-N-[4-(trifluoromethoxy)phenyl]hydrazinecarboxamide,139968-49-3,2,Oral,Food,,2.43,AI ug/org,2.43,2.43,2.43,Adult,4,,Day(s),False,Active ingredient,False,False,,,184644,U.S.Environmental Protection Agency,2020,Pesticide Ecotoxicity Database: Bee Studies
726,(alphaE)-alpha-(Methoxyimino)-2-[[[(E)-[1-[3-(trifluoromethyl)phenyl]ethylidene]amino]oxy]methyl]benzeneacteic acid methyl ester,141517-21-7,0,Contact,Dermal,>,200,AI ug/org,200.0,200.00000020000002,inf,Adult,2,,Day(s),False,Active ingredient,True,True,,,184644,U.S.Environmental Protection Agency,2020,Pesticide Ecotoxicity Database: Bee Studies
717,"N-[[(4,6-Dimethoxy-2-pyrimidinyl)amino]carbonyl]-2-(ethylsulfonyl)imidazo[1,2-a]pyridine-3-sulfonamide",141776-32-1,1,Contact,Dermal,>,25,AI ug/org,25.0,25.000000025000002,inf,Adult,2,,Day(s),False,Active ingredient,True,True,,,184644,U.S.Environmental Protection Agency,2020,Pesticide Ecotoxicity Database: Bee Studies
730,"N-(4-Fluorophenyl)-N-(1-methylethyl)-2-[[5-(trifluoromethyl)-1,3,4-thiadiazol-2-yl]oxy]acetamide",142459-58-3,0,Contact,Dermal,>,25,AI ug/org,25.0,25.000000025000002,inf,Adult,2,,Day(s),False,Active ingredient,True,True,,,184644,U.S.Environmental Protection Agency,2020,Pesticide Ecotoxicity Database: Bee Studies
730,"N-(4-Fluorophenyl)-N-(1-methylethyl)-2-[[5-(trifluoromethyl)-1,3,4-thiadiazol-2-yl]oxy]acetamide",142459-58-3,0,Contact,Dermal,>,100,AI ug/org,100.0,100.00000010000001,inf,Adult,2,,Day(s),False,Active ingredient,True,True,,,184644,U.S.Environmental Protection Agency,2020,Pesticide Ecotoxicity Database: Bee Studies
730,"N-(4-Fluorophenyl)-N-(1-methylethyl)-2-[[5-(trifluoromethyl)-1,3,4-thiadiazol-2-yl]oxy]acetamide",142459-58-3,0,Contact,Dermal,>,400,AI ug/org,400.0,400.00000040000003,inf,Adult,2,,Day(s),False,Formulation,True,False,,,184644,U.S.Environmental Protection Agency,2020,Pesticide Ecotoxicity Database: Bee Studies
730,"N-(4-Fluorophenyl)-N-(1-methylethyl)-2-[[5-(trifluoromethyl)-1,3,4-thiadiazol-2-yl]oxy]acetamide",142459-58-3,0,Contact,Dermal,>,193.8,AI ug/org,193.8,193.80000019380003,inf,Adult,2,,Day(s),False,Active ingredient,True,True,,,184644,U.S.Environmental Protection Agency,2020,Pesticide Ecotoxicity Database: Bee Studies
731,(alphaE)-alpha-(Methoxyimino)-2-[(2-methylphenoxy)methyl]benzeneacetic acid methyl ester,143390-89-0,1,Contact,Dermal,>,25,ug/bee,25.0,25.000000025000002,inf,Adult,2,,Day(s),False,Active ingredient,True,True,,,184644,U.S.Environmental Protection Agency,2020,Pesticide Ecotoxicity Database: Bee Studies
826,"N-(2,6-Dichlorophenyl)-5-ethoxy-7-fluoro-[1,2,4-triazolo[1,5-c]pyrimidine-2-sulfonamide",145701-21-9,1,Contact,Dermal,>,25,AI ug/org,25.0,25.000000025000002,inf,Adult,2,,Day(s),False,Active ingredient,True,True,,,184644,U.S.Environmental Protection Agency,2020,Pesticide Ecotoxicity Database: Bee Studies
781,"3-Chloro-2-[[(5-ethoxy-7-fluoro[1,2,4]triazolo[1,5-c]pyrimidin-2-yl)sulfonyl]amino]benzoic acid, Methyl ester",147150-35-4,1,Contact,Dermal,>,25,AI ug/org,25.0,25.000000025000002,inf,Adult,2,,Day(s),False,Active ingredient,True,True,,,184644,U.S.Environmental Protection Agency,2020,Pesticide Ecotoxicity Database: Bee Studies
871,"2,2-Dimethylbutanoic acid, 3-(2,4-Dichlorophenyl)-2-oxo-1-oxaspiro[4.5]dec-3-en-4-yl ester",148477-71-8,0,Oral,Food,>,196,AI ug/org,196.0,196.00000019600003,inf,Adult,2,,Day(s),False,Active ingredient,True,True,,,184644,U.S.Environmental Protection Agency,2020,Pesticide Ecotoxicity Database: Bee Studies
871,"2,2-Dimethylbutanoic acid, 3-(2,4-Dichlorophenyl)-2-oxo-1-oxaspiro[4.5]dec-3-en-4-yl ester",148477-71-8,0,Oral,Food,>,100,AI ug/org,100.0,100.00000010000001,inf,Adult,2,,Day(s),False,Formulation,True,False,,,184644,U.S.Environmental Protection Agency,2020,Pesticide Ecotoxicity Database: Bee Studies
847,"2-(4-Methoxy[1,1'-biphenyl]-3-yl)hydrazinecarboxylic acid, 1-Methylethyl ester",149877-41-8,2,Contact,Dermal,,7.8,AI ug/org,7.8,7.8,7.8,Adult,2,,Day(s),False,Active ingredient,True,True,,,184644,U.S.Environmental Protection Agency,2020,Pesticide Ecotoxicity Database: Bee Studies
792,"(1E)-N-[(6-Chloro-3-pyridinyl)methyl]-N-ethyl-N'-methyl-2-nitro-1,1-ethenediamine",150824-47-8,3,Contact,"Topical, general",,0.138,AI ug/org,0.138,0.138,0.138,Not reported,1,,Day(s),False,Active ingredient,False,False,,,95986,"Iwasa,T., N. Motoyama, J.T. Ambrose, and R.M. Roe",2004,"Mechanism for the Differential Toxicity of Neonicotinoid Insecticides in the Honey Bee, Apis mellifera"
794,"2-(2,6-Difluorophenyl)-4-[4-(1,1-dimethylethyl)-2-ethoxyphenyl]-4,5-dihydrooxazole",153233-91-1,0,Contact,Dermal,>,200,AI ug/org,200.0,200.00000020000002,inf,Adult,2,,Day(s),False,Active ingredient,True,True,,,184644,U.S.Environmental Protection Agency,2020,Pesticide Ecotoxicity Database: Bee Studies
830,"3-[(2-Chloro-5-thiazolyl)methyl]tetrahydro-5-methyl-N-nitro-4H-1,3,5-oxadiazin-4-imine",153719-23-4,3,Oral,Food,,4.411,AI ng/org,0.004411,0.004411,0.004411,Not reported,2,,Day(s),False,Active ingredient,False,False,,,152655,"Laurino,D., M. Porporato, A. Patetta, and A. Manino",2011,Toxicity of Neonicotinoid Insecticides to Honey Bees: Laboratory Tests
830,"3-[(2-Chloro-5-thiazolyl)methyl]tetrahydro-5-methyl-N-nitro-4H-1,3,5-oxadiazin-4-imine",153719-23-4,3,Oral,Food,,4.679,AI ng/org,0.004679,0.004679,0.004679,Not reported,1,,Day(s),False,Active ingredient,False,False,,,152655,"Laurino,D., M. Porporato, A. Patetta, and A. Manino",2011,Toxicity of Neonicotinoid Insecticides to Honey Bees: Laboratory Tests
830,"3-[(2-Chloro-5-thiazolyl)methyl]tetrahydro-5-methyl-N-nitro-4H-1,3,5-oxadiazin-4-imine",153719-23-4,3,Oral,Food,,4.316,AI ng/org,0.0043159999999999995,0.0043159999999999995,0.0043159999999999995,Not reported,3,,Day(s),False,Active ingredient,False,False,,,152655,"Laurino,D., M. Porporato, A. Patetta, and A. Manino",2011,Toxicity of Neonicotinoid Insecticides to Honey Bees: Laboratory Tests
830,"3-[(2-Chloro-5-thiazolyl)methyl]tetrahydro-5-methyl-N-nitro-4H-1,3,5-oxadiazin-4-imine",153719-23-4,3,Oral,Food,,2.48,AI ng/org,0.00248,0.00248,0.00248,Adult,1,,Day(s),False,Active ingredient,False,False,,,183961,"Menail,A.H., W.F. Boutefnouchet-Bouchema, N. Haddad, C.N.T. Taning, G. Smagghe, and W. Loucif-Ayad",2020,Effects of Thiamethoxam and Spinosad on the Survival and Hypopharyngeal Glands of the African Honey Bee (Apis mellifera Intermissa)
830,"3-[(2-Chloro-5-thiazolyl)methyl]tetrahydro-5-methyl-N-nitro-4H-1,3,5-oxadiazin-4-imine",153719-23-4,3,Oral,Food,,2.9,ng/org,0.0029,0.0029,0.0029,Not reported,27,,Day(s),False,Active ingredient,False,False,,,183552,"Baines,D., E. Wilton, A. Pawluk, M. De Gorter, and N. Chomistek",2017,Neonicotinoids Act Like Endocrine Disrupting Chemicals in Newly-Emerged Bees and Winter Bees
830,"3-[(2-Chloro-5-thiazolyl)methyl]tetrahydro-5-methyl-N-nitro-4H-1,3,5-oxadiazin-4-imine",153719-23-4,3,Oral,Food,,0.02,pg/org,2e-08,2e-08,2e-08,Not reported,27,,Day(s),False,Active ingredient,False,False,,,183552,"Baines,D., E. Wilton, A. Pawluk, M. De Gorter, and N. Chomistek",2017,Neonicotinoids Act Like Endocrine Disrupting Chemicals in Newly-Emerged Bees and Winter Bees
830,"3-[(2-Chloro-5-thiazolyl)methyl]tetrahydro-5-methyl-N-nitro-4H-1,3,5-oxadiazin-4-imine",153719-23-4,3,Oral,Food,,51.4,pg/org,5.1399999999999996e-05,5.1399999999999996e-05,5.1399999999999996e-05,Not reported,14,,Day(s),False,Active ingredient,False,False,,,183552,"Baines,D., E. Wilton, A. Pawluk, M. De Gorter, and N. Chomistek",2017,Neonicotinoids Act Like Endocrine Disrupting Chemicals in Newly-Emerged Bees and Winter Bees
830,"3-[(2-Chloro-5-thiazolyl)methyl]tetrahydro-5-methyl-N-nitro-4H-1,3,5-oxadiazin-4-imine",153719-23-4,3,Oral,Food,,34.7,pg/org,3.47e-05,3.47e-05,3.47e-05,Not reported,14,,Day(s),False,Active ingredient,False,False,,,183552,"Baines,D., E. Wilton, A. Pawluk, M. De Gorter, and N. Chomistek",2017,Neonicotinoids Act Like Endocrine Disrupting Chemicals in Newly-Emerged Bees and Winter Bees
830,"3-[(2-Chloro-5-thiazolyl)methyl]tetrahydro-5-methyl-N-nitro-4H-1,3,5-oxadiazin-4-imine",153719-23-4,3,Oral,Food,,2.66,AI ng/org,0.00266,0.00266,0.00266,Adult,2,,Day(s),False,Active ingredient,True,True,,,183870,"Shah,R., A.S.A. Al Maawali, and A. Al-Raeesi",2020,"Comparative Toxicity of Two Neonicotinoids and a Pyrethroid to Forager Honeybees (Apis mellifera L, 1758) (Hymenoptera: Apidae) by Different Exposure Methods"
830,"3-[(2-Chloro-5-thiazolyl)methyl]tetrahydro-5-methyl-N-nitro-4H-1,3,5-oxadiazin-4-imine",153719-23-4,3,Oral,Food,,0.0112,ug/org,0.0112,0.0112,0.0112,Adult,2,,Day(s),False,Active ingredient,True,True,,,169012,"Thompson,H.M., S.L. Fryday, S. Harkin, and S. Milner",2014,Potential Impacts of Synergism in Honeybees (Apis mellifera) of Exposure to Neonicotinoids and Sprayed Fungicides in Crops
830,"3-[(2-Chloro-5-thiazolyl)methyl]tetrahydro-5-methyl-N-nitro-4H-1,3,5-oxadiazin-4-imine",153719-23-4,3,Oral,Food,,0.0641,ug/org,0.0641,0.0641,0.0641,Adult,2,,Day(s),False,Active ingredient,True,True,,,169012,"Thompson,H.M., S.L. Fryday, S. Harkin, and S. Milner",2014,Potential Impacts of Synergism in Honeybees (Apis mellifera) of Exposure to Neonicotinoids and Sprayed Fungicides in Crops
830,"3-[(2-Chloro-5-thiazolyl)methyl]tetrahydro-5-methyl-N-nitro-4H-1,3,5-oxadiazin-4-imine",153719-23-4,3,Oral,Food,,0.78,AI ug/org/d,0.78,0.78,0.78,Larva,8,,Day(s),True,Active ingredient,False,False,,,184644,U.S.Environmental Protection Agency,2020,Pesticide Ecotoxicity Database: Bee Studies
830,"3-[(2-Chloro-5-thiazolyl)methyl]tetrahydro-5-methyl-N-nitro-4H-1,3,5-oxadiazin-4-imine",153719-23-4,3,Oral,Food,,0.005,AI ug/org,0.005,0.005,0.005,Adult,2,,Day(s),False,Active ingredient,True,True,,,184644,U.S.Environmental Protection Agency,2020,Pesticide Ecotoxicity Database: Bee Studies
830,"3-[(2-Chloro-5-thiazolyl)methyl]tetrahydro-5-methyl-N-nitro-4H-1,3,5-oxadiazin-4-imine",153719-23-4,3,Oral,Food,,4.4,AI ng/org,0.0044,0.0044,0.0044,Adult,4,,Day(s),False,Active ingredient,False,False,,,184644,U.S.Environmental Protection Agency,2020,Pesticide Ecotoxicity Database: Bee Studies
830,"3-[(2-Chloro-5-thiazolyl)methyl]tetrahydro-5-methyl-N-nitro-4H-1,3,5-oxadiazin-4-imine",153719-23-4,3,Oral,Food,,0.00309,AI ug/org,0.00309,0.00309,0.00309,Adult,2,,Day(s),False,Formulation,True,False,,,184644,U.S.Environmental Protection Agency,2020,Pesticide Ecotoxicity Database: Bee Studies
830,"3-[(2-Chloro-5-thiazolyl)methyl]tetrahydro-5-methyl-N-nitro-4H-1,3,5-oxadiazin-4-imine",153719-23-4,3,Oral,Food,>,0.12,AI ug/org/d,0.12,0.12000000012,inf,Larva,8,,Day(s),True,Active ingredient,False,False,,,184644,U.S.Environmental Protection Agency,2020,Pesticide Ecotoxicity Database: Bee Studies
830,"3-[(2-Chloro-5-thiazolyl)methyl]tetrahydro-5-methyl-N-nitro-4H-1,3,5-oxadiazin-4-imine",153719-23-4,3,Oral,Food,,0.00411,AI ug/org,0.00411,0.00411,0.00411,Adult,2,<=,Day(s),False,Active ingredient,False,False,,,183532,"Liu,Y., S. Liu, H. Zhang, Y. Gu, X. Li, M. He, and H. Tan",2017,"Application of the Combination Index (Ci)-Isobologram Equation to Research the Toxicological Interactions of Clothianidin, Thiamethoxam, and Dinotefuran in Honeybee, Apis mellifera"
830,"3-[(2-Chloro-5-thiazolyl)methyl]tetrahydro-5-methyl-N-nitro-4H-1,3,5-oxadiazin-4-imine",153719-23-4,3,Oral,Food,,4.546,AI ng/org,0.0045460000000000006,0.0045460000000000006,0.0045460000000000006,Not reported,1,,Day(s),False,Active ingredient,False,False,,,168700,"Laurino,D., A. Manino, A. Patetta, M. Ansaldi, and M. Porporato",2010,Acute Oral Toxicity of Neonicotinoids on Different Honey Bee Strains
830,"3-[(2-Chloro-5-thiazolyl)methyl]tetrahydro-5-methyl-N-nitro-4H-1,3,5-oxadiazin-4-imine",153719-23-4,3,Oral,Food,,2.48,AI ng/org,0.00248,0.00248,0.00248,Not reported,1,,Day(s),False,Active ingredient,False,False,,,165106,"Laurino,D., A. Manino, A. Patetta, and M. Porporato",2013,Toxicity of Neonicotinoid Insecticides on Different Honey Bee Genotypes
830,"3-[(2-Chloro-5-thiazolyl)methyl]tetrahydro-5-methyl-N-nitro-4H-1,3,5-oxadiazin-4-imine",153719-23-4,3,Oral,Food,,2.44,AI ng/org,0.00244,0.00244,0.00244,Not reported,3,,Day(s),False,Active ingredient,False,False,,,165106,"Laurino,D., A. Manino, A. Patetta, and M. Porporato",2013,Toxicity of Neonicotinoid Insecticides on Different Honey Bee Genotypes
830,"3-[(2-Chloro-5-thiazolyl)methyl]tetrahydro-5-methyl-N-nitro-4H-1,3,5-oxadiazin-4-imine",153719-23-4,3,Oral,Food,,2.44,AI ng/org,0.00244,0.00244,0.00244,Not reported,2,,Day(s),False,Active ingredient,False,False,,,165106,"Laurino,D., A. Manino, A. Patetta, and M. Porporato",2013,Toxicity of Neonicotinoid Insecticides on Different Honey Bee Genotypes
830,"3-[(2-Chloro-5-thiazolyl)methyl]tetrahydro-5-methyl-N-nitro-4H-1,3,5-oxadiazin-4-imine",153719-23-4,3,Oral,Food,,2.31,AI ng/org,0.00231,0.00231,0.00231,Not reported,2,,Day(s),False,Active ingredient,False,False,,,165106,"Laurino,D., A. Manino, A. Patetta, and M. Porporato",2013,Toxicity of Neonicotinoid Insecticides on Different Honey Bee Genotypes
830,"3-[(2-Chloro-5-thiazolyl)methyl]tetrahydro-5-methyl-N-nitro-4H-1,3,5-oxadiazin-4-imine",153719-23-4,3,Oral,Food,,2.26,AI ng/org,0.00226,0.00226,0.00226,Not reported,1,,Day(s),False,Active ingredient,False,False,,,165106,"Laurino,D., A. Manino, A. Patetta, and M. Porporato",2013,Toxicity of Neonicotinoid Insecticides on Different Honey Bee Genotypes
830,"3-[(2-Chloro-5-thiazolyl)methyl]tetrahydro-5-methyl-N-nitro-4H-1,3,5-oxadiazin-4-imine",153719-23-4,3,Oral,Food,,2.15,AI ng/org,0.00215,0.00215,0.00215,Not reported,3,,Day(s),False,Active ingredient,False,False,,,165106,"Laurino,D., A. Manino, A. Patetta, and M. Porporato",2013,Toxicity of Neonicotinoid Insecticides on Different Honey Bee Genotypes
830,"3-[(2-Chloro-5-thiazolyl)methyl]tetrahydro-5-methyl-N-nitro-4H-1,3,5-oxadiazin-4-imine",153719-23-4,3,Oral,Food,,1.65,AI ng/org,0.00165,0.00165,0.00165,Not reported,2,,Day(s),False,Active ingredient,False,False,,,165106,"Laurino,D., A. Manino, A. Patetta, and M. Porporato",2013,Toxicity of Neonicotinoid Insecticides on Different Honey Bee Genotypes
830,"3-[(2-Chloro-5-thiazolyl)methyl]tetrahydro-5-methyl-N-nitro-4H-1,3,5-oxadiazin-4-imine",153719-23-4,3,Oral,Food,,1.64,AI ng/org,0.00164,0.00164,0.00164,Not reported,3,,Day(s),False,Active ingredient,False,False,,,165106,"Laurino,D., A. Manino, A. Patetta, and M. Porporato",2013,Toxicity of Neonicotinoid Insecticides on Different Honey Bee Genotypes
830,"3-[(2-Chloro-5-thiazolyl)methyl]tetrahydro-5-methyl-N-nitro-4H-1,3,5-oxadiazin-4-imine",153719-23-4,3,Oral,Food,,1.99,AI ng/org,0.00199,0.00199,0.00199,Not reported,1,,Day(s),False,Active ingredient,False,False,,,165106,"Laurino,D., A. Manino, A. Patetta, and M. Porporato",2013,Toxicity of Neonicotinoid Insecticides on Different Honey Bee Genotypes
830,"3-[(2-Chloro-5-thiazolyl)methyl]tetrahydro-5-methyl-N-nitro-4H-1,3,5-oxadiazin-4-imine",153719-23-4,3,Oral,Food,,9.02,ng/org,0.00902,0.00902,0.00902,Post-emergence,2.1667,,Day(s),False,Formulation,False,False,,,183570,"Wang,Y., W. Zhang, T. Shi, S. Xu, B. Lu, H. Qin, and L. Yu",2020,Synergistic Toxicity and Physiological Impact of Thiamethoxam Alone or in Binary Mixtures with Three Commonly Used Insecticides on Honeybee
830,"3-[(2-Chloro-5-thiazolyl)methyl]tetrahydro-5-methyl-N-nitro-4H-1,3,5-oxadiazin-4-imine",153719-23-4,3,Oral,Food,,229,ng/org,0.229,0.229,0.229,Larva,14,,Day(s),False,Formulation,False,False,,,183795,"Grillone,G., D. Laurino, A. Manino, and M. Porporato",2017,Toxicity of Thiametoxam on In Vitro Reared Honey Bee Brood
830,"3-[(2-Chloro-5-thiazolyl)methyl]tetrahydro-5-methyl-N-nitro-4H-1,3,5-oxadiazin-4-imine",153719-23-4,3,Oral,Food,,118,ng/org,0.11800000000000001,0.11800000000000001,0.11800000000000001,Larva,19,,Day(s),False,Formulation,False,False,,,183795,"Grillone,G., D. Laurino, A. Manino, and M. Porporato",2017,Toxicity of Thiametoxam on In Vitro Reared Honey Bee Brood
830,"3-[(2-Chloro-5-thiazolyl)methyl]tetrahydro-5-methyl-N-nitro-4H-1,3,5-oxadiazin-4-imine",153719-23-4,3,Oral,Food,,5.01,AI ng/org,0.00501,0.00501,0.00501,Not reported,1,,Day(s),False,Active ingredient,False,False,,,165106,"Laurino,D., A. Manino, A. Patetta, and M. Porporato",2013,Toxicity of Neonicotinoid Insecticides on Different Honey Bee Genotypes
830,"3-[(2-Chloro-5-thiazolyl)methyl]tetrahydro-5-methyl-N-nitro-4H-1,3,5-oxadiazin-4-imine",153719-23-4,3,Oral,Food,,4.52,AI ng/org,0.00452,0.00452,0.00452,Not reported,3,,Day(s),False,Active ingredient,False,False,,,165106,"Laurino,D., A. Manino, A. Patetta, and M. Porporato",2013,Toxicity of Neonicotinoid Insecticides on Different Honey Bee Genotypes
830,"3-[(2-Chloro-5-thiazolyl)methyl]tetrahydro-5-methyl-N-nitro-4H-1,3,5-oxadiazin-4-imine",153719-23-4,3,Oral,Food,,5.08,AI ng/org,0.00508,0.00508,0.00508,Not reported,2,,Day(s),False,Active ingredient,False,False,,,165106,"Laurino,D., A. Manino, A. Patetta, and M. Porporato",2013,Toxicity of Neonicotinoid Insecticides on Different Honey Bee Genotypes
830,"3-[(2-Chloro-5-thiazolyl)methyl]tetrahydro-5-methyl-N-nitro-4H-1,3,5-oxadiazin-4-imine",153719-23-4,3,Oral,Food,,3.68,AI ng/org,0.00368,0.00368,0.00368,Not reported,2,,Day(s),False,Active ingredient,False,False,,,165106,"Laurino,D., A. Manino, A. Patetta, and M. Porporato",2013,Toxicity of Neonicotinoid Insecticides on Different Honey Bee Genotypes
830,"3-[(2-Chloro-5-thiazolyl)methyl]tetrahydro-5-methyl-N-nitro-4H-1,3,5-oxadiazin-4-imine",153719-23-4,3,Oral,Food,,4.27,AI ng/org,0.0042699999999999995,0.0042699999999999995,0.0042699999999999995,Not reported,3,,Day(s),False,Active ingredient,False,False,,,165106,"Laurino,D., A. Manino, A. Patetta, and M. Porporato",2013,Toxicity of Neonicotinoid Insecticides on Different Honey Bee Genotypes
830,"3-[(2-Chloro-5-thiazolyl)methyl]tetrahydro-5-methyl-N-nitro-4H-1,3,5-oxadiazin-4-imine",153719-23-4,3,Oral,Food,,4.13,AI ng/org,0.00413,0.00413,0.00413,Not reported,1,,Day(s),False,Active ingredient,False,False,,,165106,"Laurino,D., A. Manino, A. Patetta, and M. Porporato",2013,Toxicity of Neonicotinoid Insecticides on Different Honey Bee Genotypes
830,"3-[(2-Chloro-5-thiazolyl)methyl]tetrahydro-5-methyl-N-nitro-4H-1,3,5-oxadiazin-4-imine",153719-23-4,3,Oral,Food,,3.59,AI ng/org,0.00359,0.00359,0.00359,Not reported,3,,Day(s),False,Active ingredient,False,False,,,165106,"Laurino,D., A. Manino, A. Patetta, and M. Porporato",2013,Toxicity of Neonicotinoid Insecticides on Different Honey Bee Genotypes
830,"3-[(2-Chloro-5-thiazolyl)methyl]tetrahydro-5-methyl-N-nitro-4H-1,3,5-oxadiazin-4-imine",153719-23-4,3,Oral,Food,,3.90,AI ng/org,0.0039,0.0039,0.0039,Not reported,2,,Day(s),False,Active ingredient,False,False,,,165106,"Laurino,D., A. Manino, A. Patetta, and M. Porporato",2013,Toxicity of Neonicotinoid Insecticides on Different Honey Bee Genotypes
830,"3-[(2-Chloro-5-thiazolyl)methyl]tetrahydro-5-methyl-N-nitro-4H-1,3,5-oxadiazin-4-imine",153719-23-4,3,Oral,Food,,4.32,AI ng/org,0.00432,0.00432,0.00432,Not reported,1,,Day(s),False,Active ingredient,False,False,,,165106,"Laurino,D., A. Manino, A. Patetta, and M. Porporato",2013,Toxicity of Neonicotinoid Insecticides on Different Honey Bee Genotypes
830,"3-[(2-Chloro-5-thiazolyl)methyl]tetrahydro-5-methyl-N-nitro-4H-1,3,5-oxadiazin-4-imine",153719-23-4,3,Oral,Food,,3.018,AI ng/org,0.003018,0.003018,0.003018,Not reported,2,,Day(s),False,Active ingredient,False,False,,,168700,"Laurino,D., A. Manino, A. Patetta, M. Ansaldi, and M. Porporato",2010,Acute Oral Toxicity of Neonicotinoids on Different Honey Bee Strains
830,"3-[(2-Chloro-5-thiazolyl)methyl]tetrahydro-5-methyl-N-nitro-4H-1,3,5-oxadiazin-4-imine",153719-23-4,3,Oral,Food,,2.936,AI ng/org,0.002936,0.002936,0.002936,Not reported,3,,Day(s),False,Active ingredient,False,False,,,168700,"Laurino,D., A. Manino, A. Patetta, M. Ansaldi, and M. Porporato",2010,Acute Oral Toxicity of Neonicotinoids on Different Honey Bee Strains
830,"3-[(2-Chloro-5-thiazolyl)methyl]tetrahydro-5-methyl-N-nitro-4H-1,3,5-oxadiazin-4-imine",153719-23-4,3,Oral,Food,,3.336,AI ng/org,0.003336,0.003336,0.003336,Not reported,1,,Day(s),False,Active ingredient,False,False,,,168700,"Laurino,D., A. Manino, A. Patetta, M. Ansaldi, and M. Porporato",2010,Acute Oral Toxicity of Neonicotinoids on Different Honey Bee Strains
830,"3-[(2-Chloro-5-thiazolyl)methyl]tetrahydro-5-methyl-N-nitro-4H-1,3,5-oxadiazin-4-imine",153719-23-4,3,Oral,Food,,2.644,AI ng/org,0.002644,0.002644,0.002644,Not reported,2,,Day(s),False,Active ingredient,False,False,,,168700,"Laurino,D., A. Manino, A. Patetta, M. Ansaldi, and M. Porporato",2010,Acute Oral Toxicity of Neonicotinoids on Different Honey Bee Strains
830,"3-[(2-Chloro-5-thiazolyl)methyl]tetrahydro-5-methyl-N-nitro-4H-1,3,5-oxadiazin-4-imine",153719-23-4,3,Oral,Food,,2.556,AI ng/org,0.002556,0.002556,0.002556,Not reported,3,,Day(s),False,Active ingredient,False,False,,,168700,"Laurino,D., A. Manino, A. Patetta, M. Ansaldi, and M. Porporato",2010,Acute Oral Toxicity of Neonicotinoids on Different Honey Bee Strains
830,"3-[(2-Chloro-5-thiazolyl)methyl]tetrahydro-5-methyl-N-nitro-4H-1,3,5-oxadiazin-4-imine",153719-23-4,3,Oral,Food,,2.761,AI ng/org,0.002761,0.002761,0.002761,Not reported,1,,Day(s),False,Active ingredient,False,False,,,168700,"Laurino,D., A. Manino, A. Patetta, M. Ansaldi, and M. Porporato",2010,Acute Oral Toxicity of Neonicotinoids on Different Honey Bee Strains
830,"3-[(2-Chloro-5-thiazolyl)methyl]tetrahydro-5-methyl-N-nitro-4H-1,3,5-oxadiazin-4-imine",153719-23-4,3,Oral,Food,,4.383,AI ng/org,0.004383,0.004383,0.004383,Not reported,2,,Day(s),False,Active ingredient,False,False,,,168700,"Laurino,D., A. Manino, A. Patetta, M. Ansaldi, and M. Porporato",2010,Acute Oral Toxicity of Neonicotinoids on Different Honey Bee Strains
830,"3-[(2-Chloro-5-thiazolyl)methyl]tetrahydro-5-methyl-N-nitro-4H-1,3,5-oxadiazin-4-imine",153719-23-4,3,Oral,Food,,3.151,AI ng/org,0.0031509999999999997,0.0031509999999999997,0.0031509999999999997,Not reported,3,,Day(s),False,Active ingredient,False,False,,,168700,"Laurino,D., A. Manino, A. Patetta, M. Ansaldi, and M. Porporato",2010,Acute Oral Toxicity of Neonicotinoids on Different Honey Bee Strains
830,"3-[(2-Chloro-5-thiazolyl)methyl]tetrahydro-5-methyl-N-nitro-4H-1,3,5-oxadiazin-4-imine",153719-23-4,3,Oral,Food,,8.86,AI ng/org,0.00886,0.00886,0.00886,Not reported,3,,Day(s),False,Active ingredient,False,False,,,165106,"Laurino,D., A. Manino, A. Patetta, and M. Porporato",2013,Toxicity of Neonicotinoid Insecticides on Different Honey Bee Genotypes
830,"3-[(2-Chloro-5-thiazolyl)methyl]tetrahydro-5-methyl-N-nitro-4H-1,3,5-oxadiazin-4-imine",153719-23-4,3,Oral,Food,,9.00,AI ng/org,0.009000000000000001,0.009000000000000001,0.009000000000000001,Not reported,1,,Day(s),False,Active ingredient,False,False,,,165106,"Laurino,D., A. Manino, A. Patetta, and M. Porporato",2013,Toxicity of Neonicotinoid Insecticides on Different Honey Bee Genotypes
830,"3-[(2-Chloro-5-thiazolyl)methyl]tetrahydro-5-methyl-N-nitro-4H-1,3,5-oxadiazin-4-imine",153719-23-4,3,Oral,Food,,5.46,AI ng/org,0.0054600000000000004,0.0054600000000000004,0.0054600000000000004,Not reported,3,,Day(s),False,Active ingredient,False,False,,,165106,"Laurino,D., A. Manino, A. Patetta, and M. Porporato",2013,Toxicity of Neonicotinoid Insecticides on Different Honey Bee Genotypes
830,"3-[(2-Chloro-5-thiazolyl)methyl]tetrahydro-5-methyl-N-nitro-4H-1,3,5-oxadiazin-4-imine",153719-23-4,3,Oral,Food,,5.73,AI ng/org,0.005730000000000001,0.005730000000000001,0.005730000000000001,Not reported,1,,Day(s),False,Active ingredient,False,False,,,165106,"Laurino,D., A. Manino, A. Patetta, and M. Porporato",2013,Toxicity of Neonicotinoid Insecticides on Different Honey Bee Genotypes
830,"3-[(2-Chloro-5-thiazolyl)methyl]tetrahydro-5-methyl-N-nitro-4H-1,3,5-oxadiazin-4-imine",153719-23-4,3,Oral,Food,,5.56,AI ng/org,0.00556,0.00556,0.00556,Not reported,2,,Day(s),False,Active ingredient,False,False,,,165106,"Laurino,D., A. Manino, A. Patetta, and M. Porporato",2013,Toxicity of Neonicotinoid Insecticides on Different Honey Bee Genotypes
830,"3-[(2-Chloro-5-thiazolyl)methyl]tetrahydro-5-methyl-N-nitro-4H-1,3,5-oxadiazin-4-imine",153719-23-4,3,Oral,Food,,5.71,AI ng/org,0.00571,0.00571,0.00571,Not reported,1,,Day(s),False,Active ingredient,False,False,,,165106,"Laurino,D., A. Manino, A. Patetta, and M. Porporato",2013,Toxicity of Neonicotinoid Insecticides on Different Honey Bee Genotypes
830,"3-[(2-Chloro-5-thiazolyl)methyl]tetrahydro-5-methyl-N-nitro-4H-1,3,5-oxadiazin-4-imine",153719-23-4,3,Oral,Food,,0.00433,ug/org/d,0.00433,0.00433,0.00433,Adult,10,,Day(s),True,Active ingredient,False,False,,,183522,"Overmyer,J., M. Feken, N. Ruddle, S. Bocksch, M. Hill, and H. Thompson",2018,Thiamethoxam Honey Bee Colony Feeding Study: Linking Effects at the Level of the Individual to Those at the Colony Level
830,"3-[(2-Chloro-5-thiazolyl)methyl]tetrahydro-5-methyl-N-nitro-4H-1,3,5-oxadiazin-4-imine",153719-23-4,3,Oral,Food,,5.36,AI ng/org,0.00536,0.00536,0.00536,Not reported,3,,Day(s),False,Active ingredient,False,False,,,165106,"Laurino,D., A. Manino, A. Patetta, and M. Porporato",2013,Toxicity of Neonicotinoid Insecticides on Different Honey Bee Genotypes
830,"3-[(2-Chloro-5-thiazolyl)methyl]tetrahydro-5-methyl-N-nitro-4H-1,3,5-oxadiazin-4-imine",153719-23-4,3,Oral,Food,,5.64,AI ng/org,0.00564,0.00564,0.00564,Not reported,2,,Day(s),False,Active ingredient,False,False,,,165106,"Laurino,D., A. Manino, A. Patetta, and M. Porporato",2013,Toxicity of Neonicotinoid Insecticides on Different Honey Bee Genotypes
830,"3-[(2-Chloro-5-thiazolyl)methyl]tetrahydro-5-methyl-N-nitro-4H-1,3,5-oxadiazin-4-imine",153719-23-4,3,Oral,Food,,9.07,AI ng/org,0.00907,0.00907,0.00907,Not reported,2,,Day(s),False,Active ingredient,False,False,,,165106,"Laurino,D., A. Manino, A. Patetta, and M. Porporato",2013,Toxicity of Neonicotinoid Insecticides on Different Honey Bee Genotypes
830,"3-[(2-Chloro-5-thiazolyl)methyl]tetrahydro-5-methyl-N-nitro-4H-1,3,5-oxadiazin-4-imine",153719-23-4,3,Oral,Food,,3.40,AI ng/org,0.0034,0.0034,0.0034,Not reported,2,,Day(s),False,Active ingredient,False,False,,,165106,"Laurino,D., A. Manino, A. Patetta, and M. Porporato",2013,Toxicity of Neonicotinoid Insecticides on Different Honey Bee Genotypes
830,"3-[(2-Chloro-5-thiazolyl)methyl]tetrahydro-5-methyl-N-nitro-4H-1,3,5-oxadiazin-4-imine",153719-23-4,3,Oral,Food,,3.36,AI ng/org,0.00336,0.00336,0.00336,Not reported,3,,Day(s),False,Active ingredient,False,False,,,165106,"Laurino,D., A. Manino, A. Patetta, and M. Porporato",2013,Toxicity of Neonicotinoid Insecticides on Different Honey Bee Genotypes
830,"3-[(2-Chloro-5-thiazolyl)methyl]tetrahydro-5-methyl-N-nitro-4H-1,3,5-oxadiazin-4-imine",153719-23-4,3,Oral,Food,,3.40,AI ng/org,0.0034,0.0034,0.0034,Not reported,1,,Day(s),False,Active ingredient,False,False,,,165106,"Laurino,D., A. Manino, A. Patetta, and M. Porporato",2013,Toxicity of Neonicotinoid Insecticides on Different Honey Bee Genotypes
693,"3,5-Dichloro-N-(3-chloro-1-ethyl-1-methyl-2-oxopropyl)-4-methylbenzamide",156052-68-5,1,Oral,Food,>,28,AI ug/org/d,28.0,28.000000028000002,inf,Larva,8,,Day(s),True,Active ingredient,False,False,,,184644,U.S.Environmental Protection Agency,2020,Pesticide Ecotoxicity Database: Bee Studies
693,"3,5-Dichloro-N-(3-chloro-1-ethyl-1-methyl-2-oxopropyl)-4-methylbenzamide",156052-68-5,1,Oral,Food,>,32.9,AI ug/org,32.9,32.9000000329,inf,Adult,3,,Day(s),False,Formulation,False,False,,,184644,U.S.Environmental Protection Agency,2020,Pesticide Ecotoxicity Database: Bee Studies
693,"3,5-Dichloro-N-(3-chloro-1-ethyl-1-methyl-2-oxopropyl)-4-methylbenzamide",156052-68-5,1,Oral,Food,>,97.1,AI ug/org/d,97.1,97.10000009710001,inf,Larva,3,,Day(s),True,Active ingredient,False,False,,,184644,U.S.Environmental Protection Agency,2020,Pesticide Ecotoxicity Database: Bee Studies
857,3-[2-Chloro-4-(methanesulfonyl)benzoyl]-4-(phenylsulfanyl)bicyclo[3.2.1]oct-3-en-2-one,156963-66-5,0,Contact,Dermal,>,200,AI ug/org,200.0,200.00000020000002,inf,Adult,3,,Day(s),False,Active ingredient,False,False,,,184644,U.S.Environmental Protection Agency,2020,Pesticide Ecotoxicity Database: Bee Studies
919,N-(Cyanomethyl)-4-(trifluoromethyl)-3-pyridinecarboxamide,158062-67-0,1,Oral,Food,>,57,AI ug/org,57.0,57.00000005700001,inf,Adult,4,,Day(s),False,Formulation,False,False,,,184644,U.S.Environmental Protection Agency,2020,Pesticide Ecotoxicity Database: Bee Studies
919,N-(Cyanomethyl)-4-(trifluoromethyl)-3-pyridinecarboxamide,158062-67-0,1,Oral,Food,,63,AI ug/org,63.0,63.0,63.0,Larva,3,,Day(s),False,Active ingredient,False,False,,,184644,U.S.Environmental Protection Agency,2020,Pesticide Ecotoxicity Database: Bee Studies
919,N-(Cyanomethyl)-4-(trifluoromethyl)-3-pyridinecarboxamide,158062-67-0,1,Oral,Food,,13.6,AI ug/org,13.6,13.6,13.6,Adult,4,,Day(s),False,Formulation,False,False,,,184644,U.S.Environmental Protection Agency,2020,Pesticide Ecotoxicity Database: Bee Studies
919,N-(Cyanomethyl)-4-(trifluoromethyl)-3-pyridinecarboxamide,158062-67-0,1,Oral,Food,>,60,AI ug/org,60.0,60.000000060000005,inf,Adult,4,,Day(s),False,Formulation,False,False,,,184644,U.S.Environmental Protection Agency,2020,Pesticide Ecotoxicity Database: Bee Studies
919,N-(Cyanomethyl)-4-(trifluoromethyl)-3-pyridinecarboxamide,158062-67-0,1,Oral,Food,>,42,AI ug/org,42.0,42.000000042,inf,Adult,4,,Day(s),False,Active ingredient,False,False,,,184644,U.S.Environmental Protection Agency,2020,Pesticide Ecotoxicity Database: Bee Studies
919,N-(Cyanomethyl)-4-(trifluoromethyl)-3-pyridinecarboxamide,158062-67-0,1,Oral,Food,>,25,AI ug/org/d,25.0,25.000000025000002,inf,Larva,8,,Day(s),True,Active ingredient,False,False,,,184644,U.S.Environmental Protection Agency,2020,Pesticide Ecotoxicity Database: Bee Studies
838,"(5S)-3,5-Dihydro-5-methyl-2-(methylthio)-5-phenyl-3-(phenylamino)-4H-imidazol-4-one",161326-34-7,1,Contact,Dermal,,47.1,AI ug/org,47.1,47.1,47.1,Adult,4,,Day(s),False,Active ingredient,False,False,,,184644,U.S.Environmental Protection Agency,2020,Pesticide Ecotoxicity Database: Bee Studies
838,"(5S)-3,5-Dihydro-5-methyl-2-(methylthio)-5-phenyl-3-(phenylamino)-4H-imidazol-4-one",161326-34-7,1,Contact,Dermal,,82.3,AI ug/org,82.3,82.3,82.3,Adult,3,,Day(s),False,Active ingredient,False,False,,,184644,U.S.Environmental Protection Agency,2020,Pesticide Ecotoxicity Database: Bee Studies
856,N-(Cyano-2-thienylmethyl)-4-ethyl-2-(ethylamino)-5-thiazolecarboxamide,162650-77-3,0,Oral,Food,>,111.8,AI ug/org,111.8,111.8000001118,inf,Adult,2,,Day(s),False,Active ingredient,True,True,,,184644,U.S.Environmental Protection Agency,2020,Pesticide Ecotoxicity Database: Bee Studies
856,N-(Cyano-2-thienylmethyl)-4-ethyl-2-(ethylamino)-5-thiazolecarboxamide,162650-77-3,0,Oral,Food,>,100,AI ug/org,100.0,100.00000010000001,inf,Larva,3,,Day(s),False,Active ingredient,False,False,,,184644,U.S.Environmental Protection Agency,2020,Pesticide Ecotoxicity Database: Bee Studies
585,"(4aS)-7-Chloro-2,5-dihydro-2-[[(methoxycarbonyl)[4-(trifluoromethoxy)phenyl]amino]carbonyl]indeno[1,2-e][1,3,4]oxadiazine-4a(3H)-carboxylic acid methyl ester",173584-44-6,3,Contact,Dermal,,0.0682,AI ug/org,0.0682,0.0682,0.0682,Adult,2,,Day(s),False,Active ingredient,True,True,,,184644,U.S.Environmental Protection Agency,2020,Pesticide Ecotoxicity Database: Bee Studies
585,"(4aS)-7-Chloro-2,5-dihydro-2-[[(methoxycarbonyl)[4-(trifluoromethoxy)phenyl]amino]carbonyl]indeno[1,2-e][1,3,4]oxadiazine-4a(3H)-carboxylic acid methyl ester",173584-44-6,3,Contact,Dermal,,0.566,AI ug/org,0.566,0.566,0.566,Adult,3,,Day(s),False,Formulation,False,False,,,184644,U.S.Environmental Protection Agency,2020,Pesticide Ecotoxicity Database: Bee Studies
585,"(4aS)-7-Chloro-2,5-dihydro-2-[[(methoxycarbonyl)[4-(trifluoromethoxy)phenyl]amino]carbonyl]indeno[1,2-e][1,3,4]oxadiazine-4a(3H)-carboxylic acid methyl ester",173584-44-6,3,Contact,Dermal,,1.5,AI ug/org,1.5,1.5,1.5,Adult,3,,Day(s),False,Formulation,False,False,,,184644,U.S.Environmental Protection Agency,2020,Pesticide Ecotoxicity Database: Bee Studies
585,"(4aS)-7-Chloro-2,5-dihydro-2-[[(methoxycarbonyl)[4-(trifluoromethoxy)phenyl]amino]carbonyl]indeno[1,2-e][1,3,4]oxadiazine-4a(3H)-carboxylic acid methyl ester",173584-44-6,3,Contact,Dermal,,0.18,AI ug/org,0.18,0.18,0.18,Adult,2,,Day(s),False,Active ingredient,True,True,,,184644,U.S.Environmental Protection Agency,2020,Pesticide Ecotoxicity Database: Bee Studies
997,"2-{2-[(2,5-Dimethylphenoxy)methyl]phenyl}-2-methoxy-N-methylacetamide",173662-97-0,1,Oral,Food,>,28,AI ug/org/d,28.0,28.000000028000002,inf,Larva,8,,Day(s),True,Active ingredient,False,False,,,184644,U.S.Environmental Protection Agency,2020,Pesticide Ecotoxicity Database: Bee Studies
173,[2-[[[1-(4-Chlorophenyl)-1H-pyrazol-3-yl]oxy]methyl]phenyl]methoxycarbamic acid methyl ester,175013-18-0,1,Contact,Dermal,>,100,AI ug/org,100.0,100.00000010000001,inf,Adult,2,,Day(s),False,Active ingredient,True,True,,,184644,U.S.Environmental Protection Agency,2020,Pesticide Ecotoxicity Database: Bee Studies
173,[2-[[[1-(4-Chlorophenyl)-1H-pyrazol-3-yl]oxy]methyl]phenyl]methoxycarbamic acid methyl ester,175013-18-0,1,Contact,Dermal,>,100,AI ug/org,100.0,100.00000010000001,inf,Adult,2,,Day(s),False,Active ingredient,True,True,,,184644,U.S.Environmental Protection Agency,2020,Pesticide Ecotoxicity Database: Bee Studies
751,"2-[2-(1-Chlorocyclopropyl)-3-(2-chlorophenyl)-2-hydroxypropyl]-1,2-dihydro-3H-1,2,4-triazole-3-thione",178928-70-6,0,Contact,Dermal,>,200,AI ug/org,200.0,200.00000020000002,inf,Adult,2,,Day(s),False,Active ingredient,True,True,,,184644,U.S.Environmental Protection Agency,2020,Pesticide Ecotoxicity Database: Bee Studies
751,"2-[2-(1-Chlorocyclopropyl)-3-(2-chlorophenyl)-2-hydroxypropyl]-1,2-dihydro-3H-1,2,4-triazole-3-thione",178928-70-6,0,Contact,Dermal,>,200,ug/bee,200.0,200.00000020000002,inf,Adult,2,,Day(s),False,Formulation,True,False,,,184644,U.S.Environmental Protection Agency,2020,Pesticide Ecotoxicity Database: Bee Studies
940,"N-[2-(1,3-Dimethylbutyl)-3-thienyl]-1-methyl-3-(trifluoromethyl)-1H-pyrazole-4-carboxamide",183675-82-3,1,Oral,Food,>,107.21,AI ug/org,107.21,107.21000010721,inf,Adult,2,,Day(s),False,Formulation,True,False,,,184644,U.S.Environmental Protection Agency,2020,Pesticide Ecotoxicity Database: Bee Studies
940,"N-[2-(1,3-Dimethylbutyl)-3-thienyl]-1-methyl-3-(trifluoromethyl)-1H-pyrazole-4-carboxamide",183675-82-3,1,Oral,Food,,56.7,AI ug/org,56.7,56.7,56.7,Adult,2,,Day(s),False,Formulation,True,False,,,184644,U.S.Environmental Protection Agency,2020,Pesticide Ecotoxicity Database: Bee Studies
940,"N-[2-(1,3-Dimethylbutyl)-3-thienyl]-1-methyl-3-(trifluoromethyl)-1H-pyrazole-4-carboxamide",183675-82-3,1,Oral,Food,,50.68,AI ug/org,50.68,50.68,50.68,Adult,4,,Day(s),False,Formulation,False,False,,,184644,U.S.Environmental Protection Agency,2020,Pesticide Ecotoxicity Database: Bee Studies
874,"2-Chloro-N-(4'-chloro[1,1'-biphenyl]-2-yl)-3-pyridinecarboxamide",188425-85-6,1,Oral,Food,>,166,AI ug/org,166.0,166.000000166,inf,Adult,2,,Day(s),False,Active ingredient,True,True,,,184644,U.S.Environmental Protection Agency,2020,Pesticide Ecotoxicity Database: Bee Studies
874,"2-Chloro-N-(4'-chloro[1,1'-biphenyl]-2-yl)-3-pyridinecarboxamide",188425-85-6,1,Oral,Food,>,11,AI ug/org/d,11.0,11.000000011000001,inf,Larva,8,,Day(s),True,Active ingredient,False,False,,,184644,U.S.Environmental Protection Agency,2020,Pesticide Ecotoxicity Database: Bee Studies
863,"2-[2-Chloro-4-fluoro-5-[5-methyl-6-oxo-4-(trifluoromethyl)-1(6H)-pyridazinyl]phenoxy]acetic acid, Ethyl ester",188489-07-8,1,Contact,Dermal,>,25,AI ug/org,25.0,25.000000025000002,inf,Adult,2,,Day(s),False,Active ingredient,True,True,,,184644,U.S.Environmental Protection Agency,2020,Pesticide Ecotoxicity Database: Bee Studies
979,"N-[[(4,6-Dimethoxy-2-pyrimidinyl)amino]carbonyl]-(2,2,2-trifluoroethoxy)-2-pyridinesulfonamide sodium salt (1:1)",199119-58-9,1,Contact,Dermal,>,25,AI ug/org,25.0,25.000000025000002,inf,Adult,2,,Day(s),False,Active ingredient,True,True,,,184644,U.S.Environmental Protection Agency,2020,Pesticide Ecotoxicity Database: Bee Studies
946,"Carbonic acid, cis-3-(2,5-Dimethylphenyl)-8-methoxy-2-oxo-1-azaspiro[4.5]dec-3-en-4-yl ethyl ester",203313-25-1,1,Contact,Dermal,>,100,AI ug/org,100.0,100.00000010000001,inf,Adult,2,,Day(s),False,Formulation,True,False,,,184644,U.S.Environmental Protection Agency,2020,Pesticide Ecotoxicity Database: Bee Studies
695,"[3-(4,5-Dihydro-3-isoxazolyl)-2-methyl-4-(methylsulfonyl)phenyl](5-hydroxy-1-methyl-1H-pyrazol-4-yl)methanone",210631-68-8,1,Oral,Food,>,108.3,ug/bee,108.3,108.30000010830001,inf,Adult,2,,Day(s),False,Formulation,True,False,,,184644,U.S.Environmental Protection Agency,2020,Pesticide Ecotoxicity Database: Bee Studies
695,"[3-(4,5-Dihydro-3-isoxazolyl)-2-methyl-4-(methylsulfonyl)phenyl](5-hydroxy-1-methyl-1H-pyrazol-4-yl)methanone",210631-68-8,1,Oral,Food,,62.8,AI ug/org/d,62.8,62.8,62.8,Larva,8,,Day(s),True,Active ingredient,False,False,,,184644,U.S.Environmental Protection Agency,2020,Pesticide Ecotoxicity Database: Bee Studies
756,"2-[[[[[(4,6-Dimethoxy-2-pyrimidinyl)amino]carbonyl]amino]sulfonyl]amino]-N,N-dimethylbenzamide",213464-77-8,1,Contact,Dermal,>,100,AI ug/org,100.0,100.00000010000001,inf,Adult,2,,Day(s),False,Active ingredient,True,True,,,184644,U.S.Environmental Protection Agency,2020,Pesticide Ecotoxicity Database: Bee Studies
819,"2-(2,2-Difluoroethoxy)-N-(5,8-dimethoxy[1,2,4]triazolo[1,5-c]pyrimidin-2-yl)-6-(trifluoromethyl)benzenesulfonamide",219714-96-2,1,Contact,Dermal,>,21.9,AI ug/org,21.9,21.9000000219,inf,Adult,2,,Day(s),False,Formulation,True,False,,,184644,U.S.Environmental Protection Agency,2020,Pesticide Ecotoxicity Database: Bee Studies
819,"2-(2,2-Difluoroethoxy)-N-(5,8-dimethoxy[1,2,4]triazolo[1,5-c]pyrimidin-2-yl)-6-(trifluoromethyl)benzenesulfonamide",219714-96-2,1,Contact,Dermal,>,100,AI ug/org,100.0,100.00000010000001,inf,Adult,2,,Day(s),False,Active ingredient,True,True,,,184644,U.S.Environmental Protection Agency,2020,Pesticide Ecotoxicity Database: Bee Studies
912,"(3-Bromo-6-methoxy-2-methylphenyl)(2,3,4-trimethoxy-6-methylphenyl)methanone",220899-03-6,1,Oral,Food,>,27.7,AI ug/org,27.7,27.7000000277,inf,Adult,2,,Day(s),False,Formulation,True,False,,,184644,U.S.Environmental Protection Agency,2020,Pesticide Ecotoxicity Database: Bee Studies
912,"(3-Bromo-6-methoxy-2-methylphenyl)(2,3,4-trimethoxy-6-methylphenyl)methanone",220899-03-6,1,Oral,Food,>,109,AI ug/org,109.0,109.00000010900001,inf,Adult,2,,Day(s),False,Active ingredient,True,True,,,184644,U.S.Environmental Protection Agency,2020,Pesticide Ecotoxicity Database: Bee Studies
983,"N-{2-[(4,6-Dimethoxypyrimidin-2-yl)(hydroxy)methyl]-6-(methoxymethyl)phenyl}-1,1-difluoromethanesulfonamide",221205-90-9,1,Contact,Dermal,>,25,AI ug/org,25.0,25.000000025000002,inf,Adult,2,,Day(s),False,Active ingredient,True,True,,,184644,U.S.Environmental Protection Agency,2020,Pesticide Ecotoxicity Database: Bee Studies
931,"2,6-Dichloro-N-[[3-chloro-5-(trifluoromethyl)-2-pyridinyl]methyl]benzamide",239110-15-7,1,Contact,Dermal,>,100,AI ug/org,100.0,100.00000010000001,inf,Adult,3,,Day(s),False,Active ingredient,False,False,,,184644,U.S.Environmental Protection Agency,2020,Pesticide Ecotoxicity Database: Bee Studies
813,"2,2-Dimethylpropanoic acid  8-(2,6-diethyl-4-methylphenyl)-1,2,4,5- tetrahydro-7-oxo-7H-pyrazolo[1,2-d][1,4,5]oxadiazepin-9-yl ester",243973-20-8,1,Contact,Dermal,>,200,AI ug/org,200.0,200.00000020000002,inf,Adult,2,,Day(s),False,Formulation,True,False,,,184644,U.S.Environmental Protection Agency,2020,Pesticide Ecotoxicity Database: Bee Studies
813,"2,2-Dimethylpropanoic acid  8-(2,6-diethyl-4-methylphenyl)-1,2,4,5- tetrahydro-7-oxo-7H-pyrazolo[1,2-d][1,4,5]oxadiazepin-9-yl ester",243973-20-8,1,Contact,Dermal,,84,AI ug/org,84.0,84.0,84.0,Adult,2,,Day(s),False,Formulation,True,False,,,184644,U.S.Environmental Protection Agency,2020,Pesticide Ecotoxicity Database: Bee Studies
813,"2,2-Dimethylpropanoic acid  8-(2,6-diethyl-4-methylphenyl)-1,2,4,5- tetrahydro-7-oxo-7H-pyrazolo[1,2-d][1,4,5]oxadiazepin-9-yl ester",243973-20-8,1,Contact,Dermal,>,100,AI ug/org,100.0,100.00000010000001,inf,Adult,2,,Day(s),False,Active ingredient,True,True,,,184644,U.S.Environmental Protection Agency,2020,Pesticide Ecotoxicity Database: Bee Studies
736,"N2-[1,1-Dimethyl-2-(methylsulfonyl)ethyl]-3-iodo-N1-[2-methyl-4-[1,2,2,2-tetrafluoro-1-(trifluoromethyl)ethyl]phenyl]-1,2-benzenedicarboxamide",272451-65-7,0,Contact,Dermal,>,200,AI ug/org,200.0,200.00000020000002,inf,Adult,2,,Day(s),False,Formulation,True,False,,,184644,U.S.Environmental Protection Agency,2020,Pesticide Ecotoxicity Database: Bee Studies
736,"N2-[1,1-Dimethyl-2-(methylsulfonyl)ethyl]-3-iodo-N1-[2-methyl-4-[1,2,2,2-tetrafluoro-1-(trifluoromethyl)ethyl]phenyl]-1,2-benzenedicarboxamide",272451-65-7,0,Contact,Dermal,>,200,AI ug/org,200.0,200.00000020000002,inf,Adult,2,,Day(s),False,Active ingredient,True,True,,,184644,U.S.Environmental Protection Agency,2020,Pesticide Ecotoxicity Database: Bee Studies
1016,Methyl 3-(4-chlorophenyl)-3-[(N-{[(propan-2-yl)oxy]carbonyl}valyl)amino]propanoate,283159-90-0,1,Oral,Food,>,19.5,AI ug/org/d,19.5,19.5000000195,inf,Larva,8,,Day(s),True,Active ingredient,False,False,,,184644,U.S.Environmental Protection Agency,2020,Pesticide Ecotoxicity Database: Bee Studies
1016,Methyl 3-(4-chlorophenyl)-3-[(N-{[(propan-2-yl)oxy]carbonyl}valyl)amino]propanoate,283159-90-0,1,Oral,Food,>,106.6,AI ug/org,106.6,106.6000001066,inf,Adult,2,,Day(s),False,Active ingredient,True,True,,,184644,U.S.Environmental Protection Agency,2020,Pesticide Ecotoxicity Database: Bee Studies
1016,Methyl 3-(4-chlorophenyl)-3-[(N-{[(propan-2-yl)oxy]carbonyl}valyl)amino]propanoate,283159-90-0,1,Oral,Food,,19.5,AI ug/org/d,19.5,19.5,19.5,Larva,8,,Day(s),True,Active ingredient,False,False,,,184644,U.S.Environmental Protection Agency,2020,Pesticide Ecotoxicity Database: Bee Studies
592,"3,3-Dimethylbutanoic acid 2-oxo-3-(2,4,6-trimethylphenyl)-1-oaxspiro[4.4]non-3-en-4-yl ester",283594-90-1,0,Contact,Dermal,>,200,AI ug/org,200.0,200.00000020000002,inf,Adult,2,,Day(s),False,Active ingredient,True,True,,,184644,U.S.Environmental Protection Agency,2020,Pesticide Ecotoxicity Database: Bee Studies
592,"3,3-Dimethylbutanoic acid 2-oxo-3-(2,4,6-trimethylphenyl)-1-oaxspiro[4.4]non-3-en-4-yl ester",283594-90-1,0,Contact,Dermal,>,200,AI ug/org,200.0,200.00000020000002,inf,Adult,2,,Day(s),False,Formulation,True,False,,,184644,U.S.Environmental Protection Agency,2020,Pesticide Ecotoxicity Database: Bee Studies
475,"5-Chloro-2-(3,4,4-trifluorobut-3-ene-1-sulfonyl)-1,3-thiazole",318290-98-1,0,Oral,Food,>,190,AI ug/org,190.0,190.00000019,inf,Adult,2,,Day(s),False,Active ingredient,True,True,,,184644,U.S.Environmental Protection Agency,2020,Pesticide Ecotoxicity Database: Bee Studies
475,"5-Chloro-2-(3,4,4-trifluorobut-3-ene-1-sulfonyl)-1,3-thiazole",318290-98-1,0,Oral,Food,,83.7,AI ug/org,83.7,83.7,83.7,Adult,2,,Day(s),False,Formulation,True,False,,,184644,U.S.Environmental Protection Agency,2020,Pesticide Ecotoxicity Database: Bee Studies
951,"3-Phenyl-5-(2-thienyl)-1,2,4-oxadiazole",330459-31-9,3,Oral,Food,>,0.41,AI ug/org,0.41,0.41000000041,inf,Adult,2,,Day(s),False,Active ingredient,True,True,,,184644,U.S.Environmental Protection Agency,2020,Pesticide Ecotoxicity Database: Bee Studies
977,"1-Acetyl-3,4-dihydro-3-[(3-pyridinylmethyl)amino]-6-[1,2,2,2-tetrafluoro-1-(trifluoromethyl)ethyl]-2(1H)-quinazolinone",337458-27-2,2,Oral,Food,,5.4,AI ug/org/d,5.4,5.4,5.4,Larva,8,,Day(s),True,Active ingredient,False,False,,,184644,U.S.Environmental Protection Agency,2020,Pesticide Ecotoxicity Database: Bee Studies
977,"1-Acetyl-3,4-dihydro-3-[(3-pyridinylmethyl)amino]-6-[1,2,2,2-tetrafluoro-1-(trifluoromethyl)ethyl]-2(1H)-quinazolinone",337458-27-2,2,Oral,Food,,4.7,AI ug/org,4.7,4.7,4.7,Adult,4,,Day(s),False,Formulation,False,False,,,184644,U.S.Environmental Protection Agency,2020,Pesticide Ecotoxicity Database: Bee Studies
992,4-Hydroxy-3-[[2-[(2-methoxyethoxy)methyl]-6-(trifluoromethyl)-3-pyridinyl]carbonyl]bicyclo[3.2.1]oct-3-en-2-one,352010-68-5,0,Oral,Food,>,212.2,AI ug/org,212.2,212.2000002122,inf,Adult,2,,Day(s),False,Active ingredient,True,True,,,184644,U.S.Environmental Protection Agency,2020,Pesticide Ecotoxicity Database: Bee Studies
992,4-Hydroxy-3-[[2-[(2-methoxyethoxy)methyl]-6-(trifluoromethyl)-3-pyridinyl]carbonyl]bicyclo[3.2.1]oct-3-en-2-one,352010-68-5,0,Oral,Food,,11.4,AI ug/org/d,11.4,11.4,11.4,Larva,8,,Day(s),True,Active ingredient,False,False,,,184644,U.S.Environmental Protection Agency,2020,Pesticide Ecotoxicity Database: Bee Studies
992,4-Hydroxy-3-[[2-[(2-methoxyethoxy)methyl]-6-(trifluoromethyl)-3-pyridinyl]carbonyl]bicyclo[3.2.1]oct-3-en-2-one,352010-68-5,0,Oral,Food,>,100,AI ug/org,100.0,100.00000010000001,inf,Larva,3,,Day(s),False,Active ingredient,False,False,,,184644,U.S.Environmental Protection Agency,2020,Pesticide Ecotoxicity Database: Bee Studies
992,4-Hydroxy-3-[[2-[(2-methoxyethoxy)methyl]-6-(trifluoromethyl)-3-pyridinyl]carbonyl]bicyclo[3.2.1]oct-3-en-2-one,352010-68-5,0,Oral,Food,>,195.2,AI ug/org,195.2,195.2000001952,inf,Adult,2,,Day(s),False,Formulation,True,False,,,184644,U.S.Environmental Protection Agency,2020,Pesticide Ecotoxicity Database: Bee Studies
797,"(1E)-[2-[[6-(2-Chlorophenoxy)-5-fluoro-4-pyrimidinyl]oxy]phenyl](5,6-dihydro-1,4,2-dioxazin-3-yl)-methanone, O-Methyloxime",361377-29-9,1,Oral,Food,>,843.3,AI ug/org,843.3,843.3000008433,inf,Adult,2,,Day(s),False,Active ingredient,True,True,,,184644,U.S.Environmental Protection Agency,2020,Pesticide Ecotoxicity Database: Bee Studies
797,"(1E)-[2-[[6-(2-Chlorophenoxy)-5-fluoro-4-pyrimidinyl]oxy]phenyl](5,6-dihydro-1,4,2-dioxazin-3-yl)-methanone, O-Methyloxime",361377-29-9,1,Oral,Food,>,25,AI ug/org/d,25.0,25.000000025000002,inf,Larva,8,,Day(s),True,Active ingredient,False,False,,,184644,U.S.Environmental Protection Agency,2020,Pesticide Ecotoxicity Database: Bee Studies
797,"(1E)-[2-[[6-(2-Chlorophenoxy)-5-fluoro-4-pyrimidinyl]oxy]phenyl](5,6-dihydro-1,4,2-dioxazin-3-yl)-methanone, O-Methyloxime",361377-29-9,1,Oral,Food,>,80,AI ug/org,80.0,80.00000008,inf,Larva,3,,Day(s),False,Active ingredient,False,False,,,184644,U.S.Environmental Protection Agency,2020,Pesticide Ecotoxicity Database: Bee Studies
801,"(5-Hydroxy-1,3-dimethyl-1H-pyrazol-4-yl)[2-(methylsulfonyl)-4-(trifluoromethyl)phenyl]methanone",365400-11-9,1,Contact,Dermal,>,75,AI ug/org,75.0,75.000000075,inf,Adult,3,,Day(s),False,Active ingredient,False,False,,,184644,U.S.Environmental Protection Agency,2020,Pesticide Ecotoxicity Database: Bee Studies
952,"2-Chloro-5-[3,6-dihydro-3-methyl-2,6-dioxo-4-(trifluoromethyl-1(2H)-pyrimidinyl]-4-fluoro-N-[[methyl(1-methylethyl)amino]sulfonyl]benzamide",372137-35-4,1,Contact,Dermal,>,100,AI ug/org,100.0,100.00000010000001,inf,Adult,2,,Day(s),False,Active ingredient,True,True,,,184644,U.S.Environmental Protection Agency,2020,Pesticide Ecotoxicity Database: Bee Studies
952,"2-Chloro-5-[3,6-dihydro-3-methyl-2,6-dioxo-4-(trifluoromethyl-1(2H)-pyrimidinyl]-4-fluoro-N-[[methyl(1-methylethyl)amino]sulfonyl]benzamide",372137-35-4,1,Contact,Dermal,>,100,AI ug/org,100.0,100.00000010000001,inf,Adult,2,,Day(s),False,Formulation,True,False,,,184644,U.S.Environmental Protection Agency,2020,Pesticide Ecotoxicity Database: Bee Studies
804,4-Chloro-N-[2-[3-methoxy-4-(2-propynyloxy)phenyl]ethyl]-alpha-(2-propynyloxy)benzeneacetamide,374726-62-2,0,Oral,Food,>,160,AI ug/org,160.0,160.00000016,inf,Adult,4,,Day(s),False,Active ingredient,False,False,,,184644,U.S.Environmental Protection Agency,2020,Pesticide Ecotoxicity Database: Bee Studies
888,"5-[[(2,6-Difluorophenyl)methoxy]methyl]-4,5-dihydro-5-methyl(3-methyl-2-thienyl)isoxazole",403640-27-7,1,Oral,Food,>,42.6,AI ug/org/d,42.6,42.60000004260001,inf,Larva,8,,Day(s),True,Active ingredient,False,False,,,184644,U.S.Environmental Protection Agency,2020,Pesticide Ecotoxicity Database: Bee Studies
888,"5-[[(2,6-Difluorophenyl)methoxy]methyl]-4,5-dihydro-5-methyl(3-methyl-2-thienyl)isoxazole",403640-27-7,1,Oral,Food,>,100,AI ug/org,100.0,100.00000010000001,inf,Adult,2,,Day(s),False,Active ingredient,True,True,,,184644,U.S.Environmental Protection Agency,2020,Pesticide Ecotoxicity Database: Bee Studies
888,"5-[[(2,6-Difluorophenyl)methoxy]methyl]-4,5-dihydro-5-methyl(3-methyl-2-thienyl)isoxazole",403640-27-7,1,Oral,Food,>,87,AI ug/org/d,87.0,87.000000087,inf,Larva,7,,Day(s),True,Active ingredient,False,False,,,184644,U.S.Environmental Protection Agency,2020,Pesticide Ecotoxicity Database: Bee Studies
888,"5-[[(2,6-Difluorophenyl)methoxy]methyl]-4,5-dihydro-5-methyl(3-methyl-2-thienyl)isoxazole",403640-27-7,1,Oral,Food,,76.23,AI ug/org/d,76.23,76.23,76.23,Larva,7,,Day(s),True,Active ingredient,False,False,,,184644,U.S.Environmental Protection Agency,2020,Pesticide Ecotoxicity Database: Bee Studies
888,"5-[[(2,6-Difluorophenyl)methoxy]methyl]-4,5-dihydro-5-methyl(3-methyl-2-thienyl)isoxazole",403640-27-7,1,Oral,Food,>,87,AI ug/org/d,87.0,87.000000087,inf,Larva,7,,Day(s),True,Active ingredient,False,False,,,184644,U.S.Environmental Protection Agency,2020,Pesticide Ecotoxicity Database: Bee Studies
923,"N-(5,7-Dimethoxy[1,2,4]triazolo[1,5-a]pyrimidin-2-yl)-2-methoxy-4-(trifluoromethyl)-3-pyridinesulfonamide",422556-08-9,1,Contact,Dermal,>,100,AI ug/org,100.0,100.00000010000001,inf,Adult,2,,Day(s),False,Active ingredient,True,True,,,184644,U.S.Environmental Protection Agency,2020,Pesticide Ecotoxicity Database: Bee Studies
962,"3-[[[5-(Difluoromethoxy)-1-methyl-3-(trifluoromethyl)-1H-pyrazol-4-yl]methyl]sulfonyl]-4,5-dihydro-5,5-dimethyl-isoxazole",447399-55-5,1,Contact,Dermal,>,100,AI ug/org,100.0,100.00000010000001,inf,Adult,2,,Day(s),False,Active ingredient,True,True,,,184644,U.S.Environmental Protection Agency,2020,Pesticide Ecotoxicity Database: Bee Studies
985,"S-Prop-2-en-1-yl 5-amino-4-(2-methylphenyl)-3-oxo-2-(propan-2-yl)-2,3-dihydro-1H-pyrazole-1-carbothioate",473798-59-3,1,Contact,Dermal,>,100,AI ug/org,100.0,100.00000010000001,inf,Adult,3,,Day(s),False,Active ingredient,False,False,,,184644,U.S.Environmental Protection Agency,2020,Pesticide Ecotoxicity Database: Bee Studies
1006,"N-[6-[[[(Z)-[(1-Methyl-1H-tetrazol-5-yl)phenylmethylene]amino]oxy]methyl]-2-pyridinyl]-1,1-dimethylethyl ester carbamic acid",500207-04-5,1,Oral,Food,>,12.2,AI ug/org/d,12.2,12.2000000122,inf,Larva,8,,Day(s),True,Active ingredient,False,False,,,184644,U.S.Environmental Protection Agency,2020,Pesticide Ecotoxicity Database: Bee Studies
1006,"N-[6-[[[(Z)-[(1-Methyl-1H-tetrazol-5-yl)phenylmethylene]amino]oxy]methyl]-2-pyridinyl]-1,1-dimethylethyl ester carbamic acid",500207-04-5,1,Oral,Food,>,96.8,AI ug/org,96.8,96.8000000968,inf,Adult,2,,Day(s),False,Active ingredient,True,True,,,184644,U.S.Environmental Protection Agency,2020,Pesticide Ecotoxicity Database: Bee Studies
1006,"N-[6-[[[(Z)-[(1-Methyl-1H-tetrazol-5-yl)phenylmethylene]amino]oxy]methyl]-2-pyridinyl]-1,1-dimethylethyl ester carbamic acid",500207-04-5,1,Oral,Food,>,100,AI ug/org,100.0,100.00000010000001,inf,Larva,8,,Day(s),False,Active ingredient,False,False,,,184644,U.S.Environmental Protection Agency,2020,Pesticide Ecotoxicity Database: Bee Studies
968,"N-(3',4'-Dichloro-5-fluoro[1,1'-biphenyl]-2-yl)-3-(difluoromethyl)-1-methyl-1H-pyrazole-4-carboxamide",581809-46-3,1,Contact,Dermal,>,100,AI ug/org,100.0,100.00000010000001,inf,Adult,2,,Day(s),False,Active ingredient,True,True,,,184644,U.S.Environmental Protection Agency,2020,Pesticide Ecotoxicity Database: Bee Studies
508,N-[2-[3-Chloro-5-(trifluoromethyl)-2-pyridinyl]ethyl]-2-(trifluoromethyl)benzamide,658066-35-4,1,Contact,Dermal,>,100,AI ug/org,100.0,100.00000010000001,inf,Adult,2,,Day(s),False,Formulation,True,False,,,184644,U.S.Environmental Protection Agency,2020,Pesticide Ecotoxicity Database: Bee Studies
508,N-[2-[3-Chloro-5-(trifluoromethyl)-2-pyridinyl]ethyl]-2-(trifluoromethyl)benzamide,658066-35-4,1,Contact,Dermal,>,100,AI ug/org,100.0,100.00000010000001,inf,Adult,2,,Day(s),False,Formulation,True,False,,,184644,U.S.Environmental Protection Agency,2020,Pesticide Ecotoxicity Database: Bee Studies
995,"(5-Chloro-2-methoxy-4-methylpyridin-3-yl)(2,3,4-trimethoxy-6-methylphenyl)methanone",688046-61-9,1,Oral,Food,>,100,AI ug/org,100.0,100.00000010000001,inf,Adult,2,,Day(s),False,Active ingredient,True,True,,,184644,U.S.Environmental Protection Agency,2020,Pesticide Ecotoxicity Database: Bee Studies
995,"(5-Chloro-2-methoxy-4-methylpyridin-3-yl)(2,3,4-trimethoxy-6-methylphenyl)methanone",688046-61-9,1,Oral,Food,>,27.5,AI ug/org/d,27.5,27.5000000275,inf,Larva,8,,Day(s),True,Active ingredient,False,False,,,184644,U.S.Environmental Protection Agency,2020,Pesticide Ecotoxicity Database: Bee Studies
953,3-Bromo-1-(3-chloro-2-pyridinyl)-N-[4-cyano-2-methyl-6-[(methylamino)carbonyl]phenyl]-1H-pyrazole-5-carboxamide,736994-63-1,3,Oral,Food,,0.116,AI ug/org,0.116,0.116,0.116,Adult,2,,Day(s),False,Formulation,True,False,,,184644,U.S.Environmental Protection Agency,2020,Pesticide Ecotoxicity Database: Bee Studies
953,3-Bromo-1-(3-chloro-2-pyridinyl)-N-[4-cyano-2-methyl-6-[(methylamino)carbonyl]phenyl]-1H-pyrazole-5-carboxamide,736994-63-1,3,Oral,Food,,0.404,AI ug/org,0.404,0.404,0.404,Adult,4,,Day(s),False,Formulation,False,False,,,184644,U.S.Environmental Protection Agency,2020,Pesticide Ecotoxicity Database: Bee Studies
953,3-Bromo-1-(3-chloro-2-pyridinyl)-N-[4-cyano-2-methyl-6-[(methylamino)carbonyl]phenyl]-1H-pyrazole-5-carboxamide,736994-63-1,3,Oral,Food,,0.491,AI ug/org,0.491,0.491,0.491,Adult,3,,Day(s),False,Formulation,False,False,,,184644,U.S.Environmental Protection Agency,2020,Pesticide Ecotoxicity Database: Bee Studies
953,3-Bromo-1-(3-chloro-2-pyridinyl)-N-[4-cyano-2-methyl-6-[(methylamino)carbonyl]phenyl]-1H-pyrazole-5-carboxamide,736994-63-1,3,Oral,Food,,0.39,AI ug/org,0.39,0.39,0.39,Adult,3,,Day(s),False,Formulation,False,False,,,184644,U.S.Environmental Protection Agency,2020,Pesticide Ecotoxicity Database: Bee Studies
953,3-Bromo-1-(3-chloro-2-pyridinyl)-N-[4-cyano-2-methyl-6-[(methylamino)carbonyl]phenyl]-1H-pyrazole-5-carboxamide,736994-63-1,3,Oral,Food,>,0.1055,AI ug/org,0.1055,0.10550000010550001,inf,Adult,2,,Day(s),False,Active ingredient,True,True,,,184644,U.S.Environmental Protection Agency,2020,Pesticide Ecotoxicity Database: Bee Studies
953,3-Bromo-1-(3-chloro-2-pyridinyl)-N-[4-cyano-2-methyl-6-[(methylamino)carbonyl]phenyl]-1H-pyrazole-5-carboxamide,736994-63-1,3,Oral,Food,,0.0374,AI ug/org,0.0374,0.0374,0.0374,Larva,3,,Day(s),False,Formulation,False,False,,,184644,U.S.Environmental Protection Agency,2020,Pesticide Ecotoxicity Database: Bee Studies
953,3-Bromo-1-(3-chloro-2-pyridinyl)-N-[4-cyano-2-methyl-6-[(methylamino)carbonyl]phenyl]-1H-pyrazole-5-carboxamide,736994-63-1,3,Oral,Food,,0.92,AI ug/org,0.92,0.92,0.92,Adult,4,,Day(s),False,Formulation,False,False,,,184644,U.S.Environmental Protection Agency,2020,Pesticide Ecotoxicity Database: Bee Studies
944,"(2R)-2-(2,4-Dichlorophenoxy)propanoic acid 2-ethylhexyl ester",865363-39-9,1,Contact,Dermal,>,25,AI ug/org,25.0,25.000000025000002,inf,Adult,2,,Day(s),False,Active ingredient,True,True,,,184644,U.S.Environmental Protection Agency,2020,Pesticide Ecotoxicity Database: Bee Studies
1029,"(1S,3S)-rel-3-[(1Z)-2-Chloro-3,3,3-trifluoro-1-propen-1-yl]-2,2-dimethyl-(R)-cyano(3-phenoxyphenyl)methyl ester cyclopropanecarboxylic acid mixt. with 3-bromo-N-[4-chloro-2-methyl-6-[(methylamino)carbonyl]phenyl]-1-(3-chloro-2-pyridinyl)-1H-pyrazole-5-carboxamide",873330-19-9,2,Other,"Spray, unspecified",,3.24,ug/bee,3.24,3.24,3.24,Not reported,2,,Day(s),False,Formulation,False,False,,,180995,"Zhu,Y.C., J. Adamczyk, T. Rinderer, J. Yao, R. Danka, R. Luttrell, and J. Gore",2015,Spray Toxicity and Risk Potential of 42 Commonly Used Formulations of Row Crop Pesticides to Adult Honey Bees (Hymenoptera: Apidae)
1029,"(1S,3S)-rel-3-[(1Z)-2-Chloro-3,3,3-trifluoro-1-propen-1-yl]-2,2-dimethyl-(R)-cyano(3-phenoxyphenyl)methyl ester cyclopropanecarboxylic acid mixt. with 3-bromo-N-[4-chloro-2-methyl-6-[(methylamino)carbonyl]phenyl]-1-(3-chloro-2-pyridinyl)-1H-pyrazole-5-carboxamide",873330-19-9,2,Other,"Spray, unspecified",,0.30,AI ug/org,0.3,0.3,0.3,Not reported,2,,Day(s),False,Active ingredient,False,False,,,180995,"Zhu,Y.C., J. Adamczyk, T. Rinderer, J. Yao, R. Danka, R. Luttrell, and J. Gore",2015,Spray Toxicity and Risk Potential of 42 Commonly Used Formulations of Row Crop Pesticides to Adult Honey Bees (Hymenoptera: Apidae)
973,"N-(2-[1,1'-Bicyclopropyl]-2-ylphenyl)-3-(difluoromethyl)-1-methyl-1H-pyrazole-4-carboxamide",874967-67-6,2,Oral,Food,>,4.22,AI ug/org,4.22,4.22000000422,inf,Adult,2,,Day(s),False,Active ingredient,True,True,,,184644,U.S.Environmental Protection Agency,2020,Pesticide Ecotoxicity Database: Bee Studies
1009,"N-[1,1-Dimethyl-2-[2-methyl-4-(1-methylethoxy)phenyl]-2-oxoethyl]-3-methyl-2-thiophenecarboxamide",875915-78-9,1,Oral,Food,,75.5,AI ug/org,75.5,75.5,75.5,Larva,3,,Day(s),False,Formulation,False,False,,,184644,U.S.Environmental Protection Agency,2020,Pesticide Ecotoxicity Database: Bee Studies
1015,"Cyclopropanecarboxylic acid, [(3S,4R,4aR,6S,6aS,12R,12aS,12bS)-3-[(Cyclopropylcarbonyl)oxy]-1,3,4,4a,5,6,6a,12,12a,12b-decahydro-6,12-dihydroxy-4,6a,12b-trimethyl-11-oxo-9-(3-pyridinyl)-2H,11H-naphtho[2,1-b]pyrano[3,4-e]pyran-4-yl]methyl ester",915972-17-7,1,Oral,Food,>,49.8,AI ug/org,49.8,49.8000000498,inf,Adult,4,,Day(s),False,Formulation,False,False,,,184644,U.S.Environmental Protection Agency,2020,Pesticide Ecotoxicity Database: Bee Studies
1015,"Cyclopropanecarboxylic acid, [(3S,4R,4aR,6S,6aS,12R,12aS,12bS)-3-[(Cyclopropylcarbonyl)oxy]-1,3,4,4a,5,6,6a,12,12a,12b-decahydro-6,12-dihydroxy-4,6a,12b-trimethyl-11-oxo-9-(3-pyridinyl)-2H,11H-naphtho[2,1-b]pyrano[3,4-e]pyran-4-yl]methyl ester",915972-17-7,1,Oral,Food,>,100,AI ug/org,100.0,100.00000010000001,inf,Adult,2,,Day(s),False,Active ingredient,True,True,,,184644,U.S.Environmental Protection Agency,2020,Pesticide Ecotoxicity Database: Bee Studies
1015,"Cyclopropanecarboxylic acid, [(3S,4R,4aR,6S,6aS,12R,12aS,12bS)-3-[(Cyclopropylcarbonyl)oxy]-1,3,4,4a,5,6,6a,12,12a,12b-decahydro-6,12-dihydroxy-4,6a,12b-trimethyl-11-oxo-9-(3-pyridinyl)-2H,11H-naphtho[2,1-b]pyrano[3,4-e]pyran-4-yl]methyl ester",915972-17-7,1,Oral,Food,,37.57,AI ug/org,37.57,37.57,37.57,Larva,4,,Day(s),False,Formulation,False,False,,,184644,U.S.Environmental Protection Agency,2020,Pesticide Ecotoxicity Database: Bee Studies
1015,"Cyclopropanecarboxylic acid, [(3S,4R,4aR,6S,6aS,12R,12aS,12bS)-3-[(Cyclopropylcarbonyl)oxy]-1,3,4,4a,5,6,6a,12,12a,12b-decahydro-6,12-dihydroxy-4,6a,12b-trimethyl-11-oxo-9-(3-pyridinyl)-2H,11H-naphtho[2,1-b]pyrano[3,4-e]pyran-4-yl]methyl ester",915972-17-7,1,Oral,Food,,21.95,AI ug/org,21.95,21.95,21.95,Larva,8,,Day(s),False,Formulation,False,False,,,184644,U.S.Environmental Protection Agency,2020,Pesticide Ecotoxicity Database: Bee Studies
1015,"Cyclopropanecarboxylic acid, [(3S,4R,4aR,6S,6aS,12R,12aS,12bS)-3-[(Cyclopropylcarbonyl)oxy]-1,3,4,4a,5,6,6a,12,12a,12b-decahydro-6,12-dihydroxy-4,6a,12b-trimethyl-11-oxo-9-(3-pyridinyl)-2H,11H-naphtho[2,1-b]pyrano[3,4-e]pyran-4-yl]methyl ester",915972-17-7,1,Oral,Food,,20.8,AI ug/org,20.8,20.8,20.8,Adult,2,,Day(s),False,Formulation,True,False,,,184644,U.S.Environmental Protection Agency,2020,Pesticide Ecotoxicity Database: Bee Studies
989,Spinetoram,935545-74-7,3,Contact,Dermal,,0.024,AI ug/org,0.024,0.024,0.024,Adult,2,,Day(s),False,Formulation,True,False,,,184644,U.S.Environmental Protection Agency,2020,Pesticide Ecotoxicity Database: Bee Studies
989,Spinetoram,935545-74-7,3,Contact,"Topical, general",,0.0023,AI ug/org,0.0023,0.0023,0.0023,Adult,1,,Day(s),False,Active ingredient,False,False,,,182774,"Abdu-Allah,G.A.M., and B.R. Pittendrigh",2018,Lethal and Sub-Lethal Effects of Select Macrocyclic Lactones Insecticides on Forager Worker Honey Bees Under Laboratory Experimental Conditions
1028,"(1R,3R)-rel-3-[(1Z)-2-Chloro-3,3,3-trifluoro-1-propen-1-yl]-2,2-dimethylcyclopropanecarboxylic acid (2-methyl[1,1'-biphenyl]-3-yl)methyl ester mixt. with cyano(3-phenoxyphenyl)methyl 3-(2,2-dichloroethenyl)-2,2-dimethylcyclopropanecarboxylate",943012-36-0,3,Other,"Spray, unspecified",,0.78,ug/bee,0.78,0.78,0.78,Not reported,2,,Day(s),False,Formulation,False,False,,,180995,"Zhu,Y.C., J. Adamczyk, T. Rinderer, J. Yao, R. Danka, R. Luttrell, and J. Gore",2015,Spray Toxicity and Risk Potential of 42 Commonly Used Formulations of Row Crop Pesticides to Adult Honey Bees (Hymenoptera: Apidae)
1028,"(1R,3R)-rel-3-[(1Z)-2-Chloro-3,3,3-trifluoro-1-propen-1-yl]-2,2-dimethylcyclopropanecarboxylic acid (2-methyl[1,1'-biphenyl]-3-yl)methyl ester mixt. with cyano(3-phenoxyphenyl)methyl 3-(2,2-dichloroethenyl)-2,2-dimethylcyclopropanecarboxylate",943012-36-0,3,Other,"Spray, unspecified",,0.09,AI ug/org,0.09,0.09,0.09,Not reported,2,,Day(s),False,Active ingredient,False,False,,,180995,"Zhu,Y.C., J. Adamczyk, T. Rinderer, J. Yao, R. Danka, R. Luttrell, and J. Gore",2015,Spray Toxicity and Risk Potential of 42 Commonly Used Formulations of Row Crop Pesticides to Adult Honey Bees (Hymenoptera: Apidae)
1002,4-Amino-3-chloro-6-(4-chloro-2-fluoro-3-methoxyphenyl)-2-pyridinecarboxylic acid methyl ester,943831-98-9,1,Contact,Dermal,>,98.1,AI ug/org,98.1,98.1000000981,inf,Adult,2,,Day(s),False,Active ingredient,True,True,,,184644,U.S.Environmental Protection Agency,2020,Pesticide Ecotoxicity Database: Bee Studies
957,N-[Methyloxido[1-[6-(trifluoromethyl)-3-pyridinyl]ethyl]-lambda4-sulfanylidene]cyanamide,946578-00-3,3,Contact,Dermal,,0.13,AI ug/org,0.13,0.13,0.13,Adult,2,,Day(s),False,Formulation,True,False,,,184644,U.S.Environmental Protection Agency,2020,Pesticide Ecotoxicity Database: Bee Studies
957,N-[Methyloxido[1-[6-(trifluoromethyl)-3-pyridinyl]ethyl]-lambda4-sulfanylidene]cyanamide,946578-00-3,3,Contact,Dermal,,0.224,AI ug/org,0.224,0.224,0.224,Adult,2,,Day(s),False,Formulation,True,False,,,184644,U.S.Environmental Protection Agency,2020,Pesticide Ecotoxicity Database: Bee Studies
957,N-[Methyloxido[1-[6-(trifluoromethyl)-3-pyridinyl]ethyl]-lambda4-sulfanylidene]cyanamide,946578-00-3,3,Contact,Dermal,,0.379,AI ug/org,0.379,0.379,0.379,Adult,3,,Day(s),False,Active ingredient,False,False,,,184644,U.S.Environmental Protection Agency,2020,Pesticide Ecotoxicity Database: Bee Studies
960,"N2-[(1R,2S)-2,3-Dihydro-2,6-dimethyl-1H-inden-1-yl]-6-(1-fluoroethyl)-1,3,5-triazine-2,4-diamine",950782-86-2,1,Contact,Dermal,>,100,AI ug/org,100.0,100.00000010000001,inf,Adult,2,,Day(s),False,Active ingredient,True,True,,,184644,U.S.Environmental Protection Agency,2020,Pesticide Ecotoxicity Database: Bee Studies
960,"N2-[(1R,2S)-2,3-Dihydro-2,6-dimethyl-1H-inden-1-yl]-6-(1-fluoroethyl)-1,3,5-triazine-2,4-diamine",950782-86-2,1,Contact,Dermal,>,100,AI ug/org,100.0,100.00000010000001,inf,Adult,2,,Day(s),False,Formulation,True,False,,,184644,U.S.Environmental Protection Agency,2020,Pesticide Ecotoxicity Database: Bee Studies
986,"4-[[(6-Chloro-3-pyridinyl)methyl](2,2-difluoroethyl)amino]-2(5H)-furanone",951659-40-8,2,Oral,Food,,1.49,AI ug/org,1.49,1.49,1.49,Adult,2,,Day(s),False,Formulation,True,False,,,184644,U.S.Environmental Protection Agency,2020,Pesticide Ecotoxicity Database: Bee Studies
986,"4-[[(6-Chloro-3-pyridinyl)methyl](2,2-difluoroethyl)amino]-2(5H)-furanone",951659-40-8,2,Oral,Food,,3.4,AI ug/org,3.4,3.4,3.4,Adult,2,,Day(s),False,Formulation,True,False,,,184644,U.S.Environmental Protection Agency,2020,Pesticide Ecotoxicity Database: Bee Studies
986,"4-[[(6-Chloro-3-pyridinyl)methyl](2,2-difluoroethyl)amino]-2(5H)-furanone",951659-40-8,2,Oral,Food,,2907,AI ng/org,2.907,2.907,2.907,Not reported,2,,Day(s),False,Active ingredient,False,False,,,181939,"Tosi,S., and J.C. Nieh",2019,"Lethal and Sublethal Synergistic Effects of a New Systemic Pesticide, Flupyradifurone (Sivanto), on Honeybees"
986,"4-[[(6-Chloro-3-pyridinyl)methyl](2,2-difluoroethyl)amino]-2(5H)-furanone",951659-40-8,2,Oral,Food,,6823,AI ng/org,6.823,6.823,6.823,Not reported,2,,Day(s),False,Active ingredient,False,False,,,181939,"Tosi,S., and J.C. Nieh",2019,"Lethal and Sublethal Synergistic Effects of a New Systemic Pesticide, Flupyradifurone (Sivanto), on Honeybees"
986,"4-[[(6-Chloro-3-pyridinyl)methyl](2,2-difluoroethyl)amino]-2(5H)-furanone",951659-40-8,2,Oral,Food,,1869,AI ng/org,1.869,1.869,1.869,Not reported,1,,Day(s),False,Active ingredient,False,False,,,181939,"Tosi,S., and J.C. Nieh",2019,"Lethal and Sublethal Synergistic Effects of a New Systemic Pesticide, Flupyradifurone (Sivanto), on Honeybees"
986,"4-[[(6-Chloro-3-pyridinyl)methyl](2,2-difluoroethyl)amino]-2(5H)-furanone",951659-40-8,2,Oral,Food,,2995,AI ng/org,2.995,2.995,2.995,Not reported,2,,Day(s),False,Active ingredient,False,False,,,181939,"Tosi,S., and J.C. Nieh",2019,"Lethal and Sublethal Synergistic Effects of a New Systemic Pesticide, Flupyradifurone (Sivanto), on Honeybees"
1013,(2Z)-2-[[2-Fluoro-5-(trifluoromethyl)phenyl]thio]-2-[3-(2-methoxyphenyl)-2-thiazolidinylidene]acetonitrile,958647-10-4,1,Contact,Dermal,>,100,AI ug/org,100.0,100.00000010000001,inf,Adult,2,,Day(s),False,Active ingredient,True,True,,,184644,U.S.Environmental Protection Agency,2020,Pesticide Ecotoxicity Database: Bee Studies
1013,(2Z)-2-[[2-Fluoro-5-(trifluoromethyl)phenyl]thio]-2-[3-(2-methoxyphenyl)-2-thiazolidinylidene]acetonitrile,958647-10-4,1,Contact,Dermal,>,50,AI ug/org,50.0,50.000000050000004,inf,Adult,2,,Day(s),False,Formulation,True,False,,,184644,U.S.Environmental Protection Agency,2020,Pesticide Ecotoxicity Database: Bee Studies
987,"1-[4-[4-[5-(2,6-Difluorophenyl)-4,5-dihydro-3-isoxazolyl]-2-thiazolyl]-1-piperidinyl]-2-[5-methyl-3-(trifluoromethyl)-1H-pyrazol-1-yl]ethanone",1003318-67-9,0,Contact,Dermal,>,100,AI ug/org,100.0,100.00000010000001,inf,Adult,2,,Day(s),False,Formulation,True,False,,,184644,U.S.Environmental Protection Agency,2020,Pesticide Ecotoxicity Database: Bee Studies
987,"1-[4-[4-[5-(2,6-Difluorophenyl)-4,5-dihydro-3-isoxazolyl]-2-thiazolyl]-1-piperidinyl]-2-[5-methyl-3-(trifluoromethyl)-1H-pyrazol-1-yl]ethanone",1003318-67-9,0,Contact,Dermal,>,1075.3,AI ug/org,1075.3,1075.3000010753,inf,Adult,2,,Day(s),False,Active ingredient,True,True,,,184644,U.S.Environmental Protection Agency,2020,Pesticide Ecotoxicity Database: Bee Studies
987,"1-[4-[4-[5-(2,6-Difluorophenyl)-4,5-dihydro-3-isoxazolyl]-2-thiazolyl]-1-piperidinyl]-2-[5-methyl-3-(trifluoromethyl)-1H-pyrazol-1-yl]ethanone",1003318-67-9,0,Contact,Dermal,>,104.39,AI ug/org,104.39,104.39000010439001,inf,Adult,2,,Day(s),False,Active ingredient,True,True,,,184644,U.S.Environmental Protection Agency,2020,Pesticide Ecotoxicity Database: Bee Studies
991,"N-[9-(Dichloromethylene)-1,2,3,4-tetrahydro-1,4-1H-pyrazole-4-carboxamide",1072957-71-1,1,Contact,Dermal,>,100,AI ug/org,100.0,100.00000010000001,inf,Adult,2,,Day(s),False,Active ingredient,True,True,,,184644,U.S.Environmental Protection Agency,2020,Pesticide Ecotoxicity Database: Bee Studies
1010,1-({1-Ethyl-4-[4-(methanesulfonyl)-3-(2-methoxyethoxy)-2-methylbenzoyl]-1H-pyrazol-5-yl}oxy)ethyl methyl carbonate,1101132-67-5,1,Oral,Food,,15.5,AI ug/org/d,15.5,15.5,15.5,Larva,8,,Day(s),True,Active ingredient,False,False,,,184644,U.S.Environmental Protection Agency,2020,Pesticide Ecotoxicity Database: Bee Studies
1022,"Methyl N-[2-({2-chloro-4-fluoro-5-[3-methyl-2,6-dioxo-4-(trifluoromethyl)-3,6-dihydropyrimidin-1(2H)-yl]phenyl}sulfanyl)propanoyl]-beta-alaninate",1220411-29-9,2,Oral,Food,>,4.6,AI ug/org,4.6,4.6000000046,inf,Larva,3,,Day(s),False,Active ingredient,False,False,,,184644,U.S.Environmental Protection Agency,2020,Pesticide Ecotoxicity Database: Bee Studies
1022,"Methyl N-[2-({2-chloro-4-fluoro-5-[3-methyl-2,6-dioxo-4-(trifluoromethyl)-3,6-dihydropyrimidin-1(2H)-yl]phenyl}sulfanyl)propanoyl]-beta-alaninate",1220411-29-9,2,Oral,Food,>,5.63,AI ug/org/d,5.63,5.63000000563,inf,Larva,8,,Day(s),True,Active ingredient,False,False,,,184644,U.S.Environmental Protection Agency,2020,Pesticide Ecotoxicity Database: Bee Studies
1018,"3-(Difluoromethyl)-N-methoxy-1-methyl-N-[1-(2,4,6-trichlorophenyl)propan-2-yl]-1H-pyrazole-4-carboxamide",1228284-64-7,1,Contact,Dermal,>,100,AI ug/org,100.0,100.00000010000001,inf,Adult,2,,Day(s),False,Active ingredient,True,True,,,184644,U.S.Environmental Protection Agency,2020,Pesticide Ecotoxicity Database: Bee Studies
998,1-(3-Chloropyridin-2-yl)-N-[4-cyano-2-methyl-6-(methylcarbamoyl)phenyl]-3-{[5-(trifluoromethyl)-2H-tetrazol-2-yl]methyl}-1H-pyrazole-5-carboxamide,1229654-66-3,3,Oral,Food,,0.0123,AI ug/org,0.0123,0.0123,0.0123,Adult,1,,Day(s),False,Active ingredient,False,False,,,184644,U.S.Environmental Protection Agency,2020,Pesticide Ecotoxicity Database: Bee Studies
998,1-(3-Chloropyridin-2-yl)-N-[4-cyano-2-methyl-6-(methylcarbamoyl)phenyl]-3-{[5-(trifluoromethyl)-2H-tetrazol-2-yl]methyl}-1H-pyrazole-5-carboxamide,1229654-66-3,3,Oral,Food,,0.0479,AI ug/org,0.0479,0.0479,0.0479,Adult,4,,Day(s),False,Formulation,False,False,,,184644,U.S.Environmental Protection Agency,2020,Pesticide Ecotoxicity Database: Bee Studies
998,1-(3-Chloropyridin-2-yl)-N-[4-cyano-2-methyl-6-(methylcarbamoyl)phenyl]-3-{[5-(trifluoromethyl)-2H-tetrazol-2-yl]methyl}-1H-pyrazole-5-carboxamide,1229654-66-3,3,Oral,Food,,0.0103,AI ug/org,0.0103,0.0103,0.0103,Adult,3,,Day(s),False,Active ingredient,False,False,,,184644,U.S.Environmental Protection Agency,2020,Pesticide Ecotoxicity Database: Bee Studies
998,1-(3-Chloropyridin-2-yl)-N-[4-cyano-2-methyl-6-(methylcarbamoyl)phenyl]-3-{[5-(trifluoromethyl)-2H-tetrazol-2-yl]methyl}-1H-pyrazole-5-carboxamide,1229654-66-3,3,Oral,Food,,0.045,AI ug/org,0.045,0.045,0.045,Adult,4,,Day(s),False,Formulation,False,False,,,184644,U.S.Environmental Protection Agency,2020,Pesticide Ecotoxicity Database: Bee Studies
998,1-(3-Chloropyridin-2-yl)-N-[4-cyano-2-methyl-6-(methylcarbamoyl)phenyl]-3-{[5-(trifluoromethyl)-2H-tetrazol-2-yl]methyl}-1H-pyrazole-5-carboxamide,1229654-66-3,3,Oral,Food,,0.106,AI ug/org,0.106,0.106,0.106,Adult,2,,Day(s),False,Formulation,True,False,,,184644,U.S.Environmental Protection Agency,2020,Pesticide Ecotoxicity Database: Bee Studies
998,1-(3-Chloropyridin-2-yl)-N-[4-cyano-2-methyl-6-(methylcarbamoyl)phenyl]-3-{[5-(trifluoromethyl)-2H-tetrazol-2-yl]methyl}-1H-pyrazole-5-carboxamide,1229654-66-3,3,Oral,Food,,0.0557,AI ug/org,0.0557,0.0557,0.0557,Adult,4,,Day(s),False,Formulation,False,False,,,184644,U.S.Environmental Protection Agency,2020,Pesticide Ecotoxicity Database: Bee Studies
998,1-(3-Chloropyridin-2-yl)-N-[4-cyano-2-methyl-6-(methylcarbamoyl)phenyl]-3-{[5-(trifluoromethyl)-2H-tetrazol-2-yl]methyl}-1H-pyrazole-5-carboxamide,1229654-66-3,3,Oral,Food,,0.0103,AI ug/org,0.0103,0.0103,0.0103,Adult,2,,Day(s),False,Active ingredient,True,True,,,184644,U.S.Environmental Protection Agency,2020,Pesticide Ecotoxicity Database: Bee Studies
998,1-(3-Chloropyridin-2-yl)-N-[4-cyano-2-methyl-6-(methylcarbamoyl)phenyl]-3-{[5-(trifluoromethyl)-2H-tetrazol-2-yl]methyl}-1H-pyrazole-5-carboxamide,1229654-66-3,3,Oral,Food,,0.0046,AI ug/org/d,0.0046,0.0046,0.0046,Larva,8,,Day(s),True,Active ingredient,False,False,,,184644,U.S.Environmental Protection Agency,2020,Pesticide Ecotoxicity Database: Bee Studies
998,1-(3-Chloropyridin-2-yl)-N-[4-cyano-2-methyl-6-(methylcarbamoyl)phenyl]-3-{[5-(trifluoromethyl)-2H-tetrazol-2-yl]methyl}-1H-pyrazole-5-carboxamide,1229654-66-3,3,Oral,Food,,0.013,AI ug/org,0.013,0.013,0.013,Larva,4,,Day(s),False,Active ingredient,False,False,,,184644,U.S.Environmental Protection Agency,2020,Pesticide Ecotoxicity Database: Bee Studies
1030,Benzyl 4-amino-3-chloro-6-(4-chloro-2-fluoro-3-methoxyphenyl)-5-fluoropyridine-2-carboxylate,1390661-72-9,1,Contact,Dermal,>,100,AI ug/org,100.0,100.00000010000001,inf,Adult,2,,Day(s),False,Active ingredient,True,True,,,184644,U.S.Environmental Protection Agency,2020,Pesticide Ecotoxicity Database: Bee Studies
1019,"2-[4-(4-Chlorophenoxy)-2-(trifluoromethyl)phenyl]-1-(1H-1,2,4-triazol-1-yl)propan-2-ol",1417782-03-6,1,Oral,Food,>,11,AI ug/org/d,11.0,11.000000011000001,inf,Larva,8,,Day(s),True,Active ingredient,False,False,,,184644,U.S.Environmental Protection Agency,2020,Pesticide Ecotoxicity Database: Bee Studies
1019,"2-[4-(4-Chlorophenoxy)-2-(trifluoromethyl)phenyl]-1-(1H-1,2,4-triazol-1-yl)propan-2-ol",1417782-03-6,1,Oral,Food,,52,AI ug/org,52.0,52.0,52.0,Adult,2,,Day(s),False,Formulation,True,False,,,184644,U.S.Environmental Protection Agency,2020,Pesticide Ecotoxicity Database: Bee Studies
1019,"2-[4-(4-Chlorophenoxy)-2-(trifluoromethyl)phenyl]-1-(1H-1,2,4-triazol-1-yl)propan-2-ol",1417782-03-6,1,Oral,Food,>,100,AI ug/org,100.0,100.00000010000001,inf,Adult,2,,Day(s),False,Formulation,True,False,,,184644,U.S.Environmental Protection Agency,2020,Pesticide Ecotoxicity Database: Bee Studies
1019,"2-[4-(4-Chlorophenoxy)-2-(trifluoromethyl)phenyl]-1-(1H-1,2,4-triazol-1-yl)propan-2-ol",1417782-03-6,1,Oral,Food,,47.6,AI ug/org,47.6,47.6,47.6,Larva,3,,Day(s),False,Active ingredient,False,False,,,184644,U.S.Environmental Protection Agency,2020,Pesticide Ecotoxicity Database: Bee Studies
1019,"2-[4-(4-Chlorophenoxy)-2-(trifluoromethyl)phenyl]-1-(1H-1,2,4-triazol-1-yl)propan-2-ol",1417782-03-6,1,Oral,Food,>,100,AI ug/org,100.0,100.00000010000001,inf,Adult,2,,Day(s),False,Active ingredient,True,True,,,184644,U.S.Environmental Protection Agency,2020,Pesticide Ecotoxicity Database: Bee Studies
